{"type":"Topology","bbox":[-81.73562055563167,-4.229406466336059,-66.84721542666188,13.394727762020977],"transform":{"scale":[0.000003385120954067422,0.0000034456095261769775],"translate":[-81.73562055563167,-4.229406466336059]},"objects":{"MGN_ADM_DPTO_POLITICO":{"type":"GeometryCollection","geometries":[{"type":"Polygon","arcs":[[0,1,2,3,4,5,6,7,8,9,10,11,12,13,14,15,16,17,18,19,20,21,22,23,24,25,26,27,28,29,30,31,32,33,34,35,36,37,38,39,40,41,42,43,44,45,46,47,48,49,50,51,52,53,54,55,56,57,58,59,60,61,62,63,64,65,66,67,68,69,70,71,72,73,74,75,76,77,78,79,80,81,82,83,84,85,86]],"bbox":[-77.12783114928558,5.418558627673942,-73.88128350659387,8.87397435856242],"properties":{"dpto_ccdgo":"05","dpto_cnmbr":"ANTIOQUIA"}},{"type":"Polygon","arcs":[[87,88,89,90,91,92,93,94,95,96,97,98,99,100,101,102,103,104,105,106,107,108,109,110,111,112,113,114,115]],"bbox":[-75.27122771081777,10.253286307986325,-74.71832913514802,11.105371761371787],"properties":{"dpto_ccdgo":"08","dpto_cnmbr":"ATLÁNTICO"}},{"type":"Polygon","arcs":[[116,117,118,119,120,121,122,123,124,125,126,127,128,129,130,131,132,133,134,135,136,137,138,139,140,141,142,143,144,145,146,147,148,149,150,151,152,153,154,155,156,157,158,159,160,161,162,163,164,165,166,167,168,169,170,171,172,173,174,175,176,177,178,179,180,181,182,183,184,185,186,187,188,189,190,191,192,193,194,195,196,197,198,199,200,201,202,203,204,205,206,207,208,209,210,211,212,213,214,215,216,217,218,219,220,221,222,223,224,225,226,227,228,229,230,231,232,233,234,235,236,237,238,239,240,241,242,243,244,245,246,247,248,249,250,251,252,253,254,255,256,257,258,259,260,261,262,263,264,265,266,267,268,269,270,271,272,273,274,275,276,277,278,279,280,281,282,283,284,285,286,287,288,289,290,291,292,293,294,295,296,297,298,299,300,301,302,303,304,305,306,307,308,309,310,311,312,313,314,315,316,317,318,319,320,321,322,323,324,325,326,327,328,329,330,331,332,333,334,335,336,337,338,339,340,341,342,343,344,345,346,347,348,349,350,351,352,353,354,355,356,357,358,359,360,361,362,363,364,365,366,367,368,369,370,371,372,373,374,375,376,377,378,379,380,381,382,383,384,385,386,387,388,389,390,391,392,393,394,395,396,397,398,399,400,401,402,403,404,405,406,407,408,409,410,411,412,413,414,415,416,417,418,419,420,421,422,423,424,425,426,427,428,429,430,431,432,433,434,435,436,437,438,439,440,441,442,443,444,445,446,447,448,449,450,451,452,453,454,455,456,457,458,459,460,461,462,463,464,465,466,467,468,469,470,471,472,473,474,475,476,477,478,479,480,481,482,483,484,485,486,487,488,489,490,491,492,493,494,495,496,497,498,499,500,501,502,503,504,505,506,507,508,509,510,511,512,513,514,515,516,517,518,519,520,521,522,523,524,525,526,527,528,529,530,531,532,533,534,535,536,537,538,539,540,541,542,543,544,545,546,547,548,549,550,551,552,553,554,555,556,557,558,559,560,561,562,563,564,565,566,567,568,569,570,571,572,573,574,575,576,577,578,579,580,581,582,583,584,585,586,587,588,589,590,591,592,593,594,595,596,597,598,599,600,601,602,603,604,605,606,607,608,609,610,611,612,613,614,615,616,617,618,619,620,621,622,623,624,625,626,627,628,629,630,631,632,633,634,635,636,637,638,639,640,641,642,643,644,645,646,647,648,649,650,651,652,653,654,655,656,657,658,659,660,661,662,663,664,665,666,667,668,669,670,671,672,673,674,675,676,677,678,679,680,681,682,683,684,685,686,687,688,689,690,691,692,693,694,695,696,697,698,699,700,701,702,703,704,705,706,707,708,709,710,711,712,713,714,715,716,717,718,719,720,721,722,723,724,725,726,727,728,729,730,731,732,733,734,735,736,737,738,739,740,741,742,743,744,745,746,747,748,749,750,751,752,753,754,755,756,757,758,759,760,761,762,763,764,765,766,767,768,769,770,771,772,773,774,775,776,777,778,779,780,781,782,783,784,785,786,787,788,789,790,791,792,793,794,795,796,797,798,799,800,801,802,803,804,805,806,807,808,809,810,811,812,813,814,815,816,817,818,819,820,821,822,823,824,825,826,827,828,829,830,831,832,833,834,835,836,837,838,839,840,841,842,843,844,845,846,847,848,849,850,851,852,853,854,855,856,857,858,859,860,861,862,863,864,865,866,867,868,869,870,871,872,873,874,875,876,877,878,879,880,881,882,883,884,885,886,887,888,889,890,891,892,893,894,895,896,897,898,899,900,901,902,903,904,905,906,907,908,909,910,911,912,913,914,915,916,917,918,919,920,921,922,923,924,925,926,927,928,929,930,931,932,933,934,935,936,937,938,939,940,941,942,943,944,945,946,947,948,949,950,951,952,953,954,955,956,957,958,959,960,961,962,963,964,965,966,967,968,969,970,971,972,973,974,975,976,977,978,979,980,981,982,983,984,985,986,987,988,989,990,991,992,993,994,995,996,997,998,999,1000,1001,1002,1003,1004,1005,1006,1007,1008,1009,1010,1011,1012,1013,1014,1015,1016,1017,1018,1019,1020,1021,1022,1023,1024,1025,1026,1027,1028,1029,1030,1031,1032,1033,1034,1035,1036,1037,1038,1039,1040,1041,1042,1043,1044,1045,1046,1047,1048,1049,1050,1051,1052,1053,1054,1055,1056,1057,1058,1059,1060,1061,1062,1063,1064,1065,1066,1067,1068,1069,1070,1071,1072,1073,1074,1075,1076,1077,1078,1079,1080,1081,1082,1083,1084,1085,1086,1087,1088,1089,1090,1091,1092,1093,1094,1095,1096,1097,1098,1099,1100]],"bbox":[-74.45085041784144,3.730633769818942,-73.98612747278325,4.836970750141003],"properties":{"dpto_ccdgo":"11","dpto_cnmbr":"BOGOTÁ, D.C."}},{"type":"MultiPolygon","arcs":[[[1101]],[[1102]],[[1103]],[[1104]],[[1105]],[[1106]],[[1107]],[[1108]],[[1109]],[[1110]],[[1111]],[[1112]],[[1113]],[[1114]],[[1115]],[[1116]],[[1117]],[[1118]],[[1119]],[[1120]],[[1121]],[[1122]],[[1123]],[[1124]],[[1125]],[[1126]],[[1127]],[[1128]],[[1129]],[[1130]],[[1131]],[[1132]],[[1133]],[[1134]],[[1135]],[[1136]],[[1137]],[[1138]],[[1139]],[[1140]],[[1141]],[[1142]],[[1143]],[[1144]],[[1145]],[[1146]],[[1147]],[[1148]],[[1149]],[[1150,1151,1152,1153,1154,1155,1156,1157,1158,1159,1160,1161,1162,1163,1164,1165,1166,1167,1168,1169,1170,1171,1172,1173,1174,1175,1176,1177,1178,1179,1180,1181,1182,1183,1184,1185,1186,1187,1188,-9,-8,-7,-6,-5,-4,-3,-2,-1,1189,1190,1191,1192,1193,1194,1195,1196,1197,1198,1199,1200,1201,1202,1203,1204,1205,1206,1207,1208,1209,-98,-97,-96,-95,-94,-93,-92,-91,-90,-89,-88]]],"bbox":[-76.19048100174146,6.99915964000758,-73.74578049992351,10.781877265397135],"properties":{"dpto_ccdgo":"13","dpto_cnmbr":"BOLÍVAR"}},{"type":"Polygon","arcs":[[1210,1211,1212,1213,1214,1215,1216,1217,1218,1219,1220,1221,1222,1223,1224,1225,1226,1227,1228,1229,1230,1231,1232,1233,1234,1235,1236,1237,1238,1239,1240,1241,1242,1243,1244,1245,1246,1247,1248,1249,1250,1251,1252,1253,1254,1255,1256,1257,1258,1259,1260,1261,1262,1263,1264,1265,1266,1267,1268,1269,1270,1271,1272,-19,-18,-17,-16,1273,1274,1275,1276,1277,1278,1279,1280,1281,1282,1283,1284,1285,1286,1287,1288,1289,1290,1291,1292,1293,1294,1295,1296,1297,1298,1299,1300,1301,1302,1303,1304,1305,1306,1307,1308,1309,1310,1311,1312,1313,1314,1315,1316,1317,1318,1319,1320,1321,1322,1323,1324,1325]],"bbox":[-74.6649593181862,4.6551941739780105,-71.94885335875495,7.047473976783634],"properties":{"dpto_ccdgo":"15","dpto_cnmbr":"BOYACÁ"}},{"type":"Polygon","arcs":[[-1273,1326,1327,1328,1329,1330,1331,1332,1333,1334,1335,1336,1337,1338,1339,1340,1341,1342,1343,1344,1345,1346,1347,1348,1349,1350,1351,1352,1353,1354,1355,1356,1357,-38,-37,-36,-35,-34,-33,-32,-31,-30,-29,-28,-27,-26,-25,-24,-23,-22,-21,-20]],"bbox":[-75.92251144189653,4.799699591896347,-74.6274555631361,5.779183011902676],"properties":{"dpto_ccdgo":"17","dpto_cnmbr":"CALDAS"}},{"type":"Polygon","arcs":[[1358,1359,1360,1361,1362,1363,1364,1365,1366,1367,1368,1369,1370,1371,1372,1373,1374,1375,1376,1377,1378,1379,1380,1381,1382,1383,1384,1385,1386,1387,1388,1389]],"bbox":[-76.30622167228198,-0.7058400246293268,-71.25384740543345,2.938333087322177],"properties":{"dpto_ccdgo":"18","dpto_cnmbr":"CAQUETÁ"}},{"type":"Polygon","arcs":[[1390,1391,1392,1393,1394,1395,1396,1397,1398,1399,1400,1401,1402,1403,1404,1405,1406,1407,1408,1409,1410,1411,1412,1413,1414,1415,1416,1417,1418,1419,1420,1421,1422,1423,-1374,1424,-1372,-1371,1425,1426,1427,1428,1429,1430,1431,1432,1433,1434,1435,1436,1437,1438,1439,1440,1441,1442,1443,1444,1445,1446,1447,1448,1449]],"bbox":[-77.92833778226155,0.9580275875139046,-75.74782566018283,3.328941165647704],"properties":{"dpto_ccdgo":"19","dpto_cnmbr":"CAUCA"}},{"type":"Polygon","arcs":[[1450,1451,1452,1453,1454,1455,1456,1457,1458,1459,1460,1461,1462,1463,1464,1465,1466,1467,1468,1469,1470,1471,1472,-1185,-1184,-1183,-1182,-1181,-1180,-1179,1473,1474,1475,1476,1477,1478,1479,1480,1481,1482,1483,1484,1485,1486,1487,1488,1489,1490,1491,1492,1493,1494,1495,1496,1497,1498,1499,1500,1501,1502,1503,1504,1505]],"bbox":[-74.13915863575377,7.6743509459286425,-72.88574990009123,10.867786647713306],"properties":{"dpto_ccdgo":"20","dpto_cnmbr":"CESAR"}},{"type":"Polygon","arcs":[[1506,1507,1508,1509,1510,1511,1512,1513,1514,1515,1516,1517,1518,1519,1520,1521,1522,1523,1524,1525,-1190,-87,-86,-85,-84,-83,-82,-81,-80,-79,-78,-77,-76,-75,-74,-73,-72,-71,-70,-69,-68,-67,-66,1526,1527,1528,1529,1530]],"bbox":[-76.51452847531147,7.347086953132353,-74.78094371743542,9.447747593689988],"properties":{"dpto_ccdgo":"23","dpto_cnmbr":"CÓRDOBA"}},{"type":"Polygon","arcs":[[-1328,-1327,-1272,-1271,-1270,-1269,-1268,-1267,-1266,-1265,-1264,-1263,-1262,-1261,-1260,-1259,-1258,-1257,-1256,-1255,-1254,-1253,-1252,-1251,-1250,-1249,-1248,-1247,-1246,-1245,-1244,-1243,-1242,-1241,-1240,-1239,-1238,-1237,-1236,-1235,1531,1532,1533,1534,1535,1536,1537,1538,1539,1540,1541,1542,1543,1544,1545,1546,-853,-852,-851,-850,-849,1547,-846,1548,-844,1549,1550,-841,1551,-839,1552,-837,1553,-835,1554,-833,1555,-831,1556,-829,1557,-827,1558,-825,1559,-823,1560,-821,1561,-819,1562,1563,-816,1564,-814,1565,-812,1566,-810,1567,-808,1568,1569,-805,1570,-803,1571,-801,1572,1573,-798,1574,-796,1575,-794,1576,-792,1577,-790,1578,-788,1579,-786,1580,-784,1581,-782,1582,-780,1583,1584,1585,-776,1586,-774,1587,-772,1588,-770,1589,-768,1590,-766,1591,-764,1592,-762,1593,-760,1594,-758,1595,-756,1596,-754,1597,-752,1598,1599,-749,1600,1601,-746,1602,1603,-743,1604,-741,1605,-739,1606,-737,1607,-735,1608,-733,1609,-731,1610,-729,1611,-727,1612,-725,1613,1614,-722,1615,-720,1616,1617,-717,1618,-715,1619,-713,1620,-711,1621,1622,-708,1623,1624,-705,1625,-703,1626,-701,1627,1628,-698,1629,-696,1630,-694,1631,-692,1632,-690,1633,-688,1634,1635,-685,1636,1637,1638,-681,1639,1640,-678,1641,-676,1642,-674,1643,-672,1644,-670,1645,1646,-667,1647,-665,1648,-663,1649,-661,1650,-659,1651,-657,1652,1653,-654,1654,-652,1655,-650,1656,-648,1657,-646,1658,1659,-643,1660,-641,1661,-639,1662,-637,1663,-635,1664,-633,1665,1666,1667,-629,1668,-627,1669,-625,1670,1671,-622,1672,1673,-619,1674,-617,1675,-615,1676,-613,1677,1678,-610,1679,-608,1680,1681,-605,1682,-603,1683,-601,1684,1685,1686,-597,1687,-595,1688,-593,1689,-591,1690,-589,1691,-587,1692,-585,1693,-583,1694,-581,1695,-579,1696,-577,1697,-575,1698,1699,-572,1700,-570,1701,-568,1702,-566,1703,-564,1704,-562,1705,-560,1706,-558,1707,-556,1708,-554,1709,-552,-551,1710,1711,-548,1712,1713,-545,1714,-543,1715,1716,-540,1717,-538,1718,-536,1719,-534,1720,-532,1721,-530,1722,-528,1723,-526,1724,-524,1725,1726,-521,1727,1728,-518,1729,-516,1730,1731,-513,1732,1733,-510,1734,-508,1735,-506,1736,-504,1737,-502,1738,-500,1739,-498,1740,-496,1741,-494,1742,1743,1744,1745,-489,1746,-487,1747,-485,1748,-483,1749,-481,1750,-479,1751,-477,1752,-475,1753,-473,1754,-471,1755,1756,-468,1757,-466,1758,-464,1759,-462,1760,1761,-459,1762,-457,1763,-455,1764,1765,-452,1766,-450,1767,-448,1768,1769,1770,-444,1771,1772,-441,1773,-439,1774,-437,1775,-435,1776,1777,-432,1778,-430,1779,-428,1780,-426,1781,1782,-423,1783,-421,1784,1785,1786,-417,1787,-415,1788,-413,1789,-411,1790,1791,1792,-407,1793,1794,-404,1795,-402,1796,-400,1797,1798,-397,1799,-395,1800,-393,1801,-391,1802,-389,1803,-387,1804,-385,1805,-383,1806,-381,1807,-379,1808,-377,1809,-375,1810,1811,-372,1812,-370,1813,-368,1814,1815,-365,1816,-363,1817,-361,1818,1819,-358,1820,-356,1821,-354,1822,-352,1823,-350,1824,-348,1825,-346,1826,-344,1827,-342,1828,-340,1829,-338,1830,-336,1831,-334,1832,-332,1833,-330,1834,-328,1835,-326,1836,1837,1838,1839,1840,-320,1841,-318,1842,-316,1843,-314,1844,-312,1845,1846,1847,-308,1848,1849,-305,1850,-303,1851,-301,1852,-299,1853,-297,1854,1855,-294,1856,-292,1857,-290,1858,-288,1859,-286,1860,-284,1861,1862,-281,1863,-279,1864,-277,1865,-275,1866,-273,1867,-271,1868,-269,1869,-267,1870,1871,-264,1872,-262,1873,-260,1874,-258,1875,1876,-255,1877,-253,1878,-251,1879,-249,1880,-247,1881,-245,1882,-243,1883,-241,1884,-239,1885,-237,1886,-235,1887,-233,1888,-231,1889,1890,-228,1891,-226,1892,-224,1893,-222,1894,-220,1895,-218,1896,-216,1897,-214,1898,-212,1899,-210,1900,-208,1901,-206,1902,-204,1903,-202,1904,-200,1905,-198,1906,-196,1907,-194,1908,1909,-191,1910,-189,1911,-187,1912,-185,1913,-183,1914,-181,1915,-179,1916,1917,1918,-175,1919,-173,1920,-171,1921,-169,1922,1923,1924,-165,1925,-163,1926,1927,-160,1928,-158,1929,-156,1930,-154,1931,1932,-151,1933,-149,1934,-147,1935,-145,1936,1937,-142,1938,-140,1939,1940,-137,1941,-135,1942,-133,1943,-131,1944,-129,1945,-127,1946,1947,-124,1948,-122,1949,-120,1950,-118,1951,-1101,1952,-1099,1953,-1097,1954,-1095,1955,-1093,1956,-1091,1957,-1089,1958,-1087,1959,-1085,1960,-1083,1961,-1081,1962,-1079,1963,-1077,1964,-1075,1965,1966,1967,-1071,1968,1969,1970,-1067,1971,-1065,1972,1973,1974,-1061,1975,-1059,1976,-1057,1977,-1055,1978,-1053,1979,-1051,1980,-1049,1981,-1047,1982,-1045,1983,-1043,1984,1985,-1040,1986,-1038,1987,-1036,1988,-1034,1989,1990,-1031,1991,-1029,1992,1993,-1026,1994,1995,1996,-1022,1997,-1020,1998,-1018,1999,-1016,2000,-1014,2001,-1012,2002,-1010,2003,-1008,2004,-1006,2005,-1004,2006,2007,2008,-1000,2009,-998,2010,-996,2011,-994,2012,2013,2014,-990,2015,-988,2016,2017,-985,2018,-983,2019,-981,2020,-979,2021,-977,2022,-975,2023,-973,2024,-971,2025,2026,-968,2027,2028,-965,2029,2030,-962,2031,-960,2032,-958,2033,-956,2034,-954,2035,-952,2036,2037,2038,-948,2039,-946,2040,-944,2041,-942,2042,-940,2043,-938,2044,2045,2046,-934,2047,-932,2048,-930,2049,-928,2050,-926,2051,-924,2052,2053,2054,-920,2055,-918,2056,-916,2057,-914,2058,-912,2059,-910,2060,-908,2061,2062,-905,2063,2064,-902,2065,2066,-899,2067,-897,2068,-895,2069,-893,2070,2071,2072,-889,2073,-887,2074,2075,-884,2076,-882,2077,-880,2078,-878,2079,-876,2080,-874,2081,-872,2082,-870,2083,-867,2084,-865,-864,-863,-862,-861,-860,-859,-858,2085,2086,2087,2088,2089,2090,2091,2092,2093,2094,2095,2096,2097,2098,2099,2100,2101,2102,2103,2104,2105,2106,2107,2108,2109,2110,2111,2112,2113,2114,2115,2116,2117,2118]],"bbox":[-74.89062840658912,3.7301307108281208,-73.0525585053448,5.837258760466389],"properties":{"dpto_ccdgo":"25","dpto_cnmbr":"CUNDINAMARCA"}},{"type":"Polygon","arcs":[[-59,-58,-57,-56,-55,-54,-53,-52,-51,-50,-49,-48,-47,-46,-45,-44,-43,-42,-41,2119,2120,2121,2122,2123,2124,2125,2126,2127,2128,2129,2130,2131,2132,2133,2134,2135,2136,2137,2138,2139,2140,2141,2142,2143,2144]],"bbox":[-77.8837760500222,3.964883533456085,-76.00184513657605,8.677729667999008],"properties":{"dpto_ccdgo":"27","dpto_cnmbr":"CHOCÓ"}},{"type":"Polygon","arcs":[[-857,2145,2146,2147,-1388,-1387,-1386,-1385,-1384,-1383,-1382,-1381,-1380,-1379,-1378,-1377,-1376,-1375,-1424,-1423,-1422,-1421,-1420,-1419,-1418,-1417,-1416,-1415,-1414,-1413,-1412,-1411,-1410,-1409,-1408,2148,2149,2150,2151,2152,2153,2154,2155,2156,2157,2158,2159,-2086]],"bbox":[-76.62466338555205,1.5521264732363917,-74.4130318465426,3.843208724258197],"properties":{"dpto_ccdgo":"41","dpto_cnmbr":"HUILA"}},{"type":"Polygon","arcs":[[-1499,-1498,-1497,-1496,-1495,-1494,-1493,-1492,-1491,2160,2161,2162,2163,2164,2165,2166,2167,2168,2169,2170,2171,2172,2173,2174,2175,2176,2177,2178,2179,2180,2181,2182,2183,2184,2185,2186,2187,2188,2189,2190,2191,2192,2193,2194,2195,2196,2197,2198,2199,2200,2201,2202,2203,2204,2205,2206,2207,2208,2209,2210,2211,2212,2213,2214,2215,2216,2217,2218,2219,2220,2221,2222,2223,2224,2225,2226,2227,2228,2229,2230,2231,2232,2233,2234,2235,2236,2237,2238,2239,2240,2241,2242,2243,2244,2245,2246,2247,2248]],"bbox":[-73.66494042641942,10.396758043046807,-71.11295867132516,12.459444621016445],"properties":{"dpto_ccdgo":"44","dpto_cnmbr":"LA GUAJIRA"}},{"type":"Polygon","arcs":[[-1490,-1489,-1488,-1487,-1486,-1485,-1484,-1483,-1482,-1481,-1480,-1479,-1478,-1477,-1476,-1475,-1474,-1178,-1177,-1176,2249,-1174,2250,-1172,2251,-1170,-1169,-1168,-1167,-1166,-1165,-1164,-1163,-1162,-1161,-1160,-1159,-1158,-1157,-1156,-1155,-1154,-1153,-1152,-1151,-116,-115,-114,-113,-112,-111,-110,-109,-108,-107,-106,-105,-104,2252,2253,2254,2255,2256,2257,2258,2259,2260,2261,2262,2263,2264,2265,2266,-2161]],"bbox":[-74.94659799644366,8.936488052195848,-73.54183711780381,11.3489108882915],"properties":{"dpto_ccdgo":"47","dpto_cnmbr":"MAGDALENA"}},{"type":"Polygon","arcs":[[2267,2268,2269,2270,2271,2272,2273,2274,2275,-1390,-1389,-2148,-2147,-2146,-856,-855,-854,-1547,-1546,-1545,-1544,-1543,-1542,-1541,-1540,-1539,-1538,-1537,-1536,-1535,-1534,-1533,-1532,2276,2277,2278,2279,2280,2281,2282,2283]],"bbox":[-74.93334524790849,1.6177308786148012,-71.07752661029895,4.8991019811170275],"properties":{"dpto_ccdgo":"50","dpto_cnmbr":"META"}},{"type":"MultiPolygon","arcs":[[[2284]],[[-1444,-1443,-1442,-1441,-1440,-1439,-1438,-1437,-1436,-1435,-1434,-1433,-1432,-1431,-1430,-1429,2285,2286,2287,2288,2289,2290,2291,2292,2293,2294,2295,2296,2297,2298,2299,2300,2301,2302,2303,2304,2305,2306,2307,2308,2309,2310,2311]]],"bbox":[-79.01021228381863,0.36134794025631134,-76.8336810639819,2.683898943080691],"properties":{"dpto_ccdgo":"52","dpto_cnmbr":"NARIÑO"}},{"type":"Polygon","arcs":[[-1326,-1325,2312,2313,2314,2315,2316,2317,2318,2319,2320,2321,2322,2323,2324,2325,-1470,-1469,-1468,-1467,-1466,-1465,-1464,-1463,-1462,-1461,-1460,-1459,-1458,-1457,-1456,-1455,-1454,2326,-1452,2327,2328,2329,2330,2331,2332,2333,2334,2335,2336,2337,2338]],"bbox":[-73.6337905434001,6.872202711406063,-72.047604107227,9.290848318305994],"properties":{"dpto_ccdgo":"54","dpto_cnmbr":"NORTE DE SANTANDER"}},{"type":"Polygon","arcs":[[2339,2340,2341,2342,2343,2344,2345,2346,2347,2348,2349,2350,2351,2352,2353,2354,2355,2356,2357,2358,2359,2360,2361,2362,2363,2364,2365,2366,2367,2368,2369,2370,2371,2372,2373,2374,2375,2376,2377,2378,2379,2380]],"bbox":[-75.89579606732703,4.07531187316053,-75.38317027564783,4.721360213709188],"properties":{"dpto_ccdgo":"63","dpto_cnmbr":"QUINDÍO"}},{"type":"Polygon","arcs":[[-1358,-1357,-1356,-1355,-1354,-1353,-1352,-1351,-1350,-1349,-1348,-1347,-1346,-1345,-1344,-1343,-1342,2381,-2341,-2340,2382,2383,2384,2385,2386,2387,2388,2389,-2124,-2123,-2122,-2121,-2120,-40,-39]],"bbox":[-76.21142813020522,4.663174205640637,-75.37549959156591,5.567753520157405],"properties":{"dpto_ccdgo":"66","dpto_cnmbr":"RISARALDA"}},{"type":"Polygon","arcs":[[-2326,-2325,-2324,-2323,-2322,-2321,-2320,-2319,-2318,-2317,-2316,-2315,-2314,-2313,-1324,-1323,-1322,-1321,-1320,-1319,-1318,-1317,-1316,-1315,-1314,-1313,-1312,-1311,-1310,-1309,-1308,-1307,-1306,-1305,-1304,-1303,-1302,-1301,-1300,-1299,-1298,-1297,-1296,-1295,-1294,-1293,-1292,-1291,-1290,-1289,-1288,-1287,-1286,-1285,-1284,-1283,-1282,-1281,-1280,-1279,-1278,-1277,-1276,-1275,-1274,-15,-14,-13,-12,-11,-10,-1189,-1188,-1187,-1186,-1473,-1472,-1471]],"bbox":[-74.52895531361463,5.707535007415352,-72.47705747706476,8.145010870375838],"properties":{"dpto_ccdgo":"68","dpto_cnmbr":"SANTANDER"}},{"type":"Polygon","arcs":[[-1526,-1525,-1524,-1523,-1522,-1521,-1520,-1519,-1518,-1517,-1516,-1515,-1514,-1513,-1512,-1511,-1510,-1509,-1508,-1507,2390,2391,2392,-1207,-1206,-1205,-1204,-1203,-1202,-1201,-1200,-1199,-1198,-1197,-1196,-1195,-1194,-1193,-1192,-1191]],"bbox":[-75.7062699153507,8.277880464924275,-74.5327094127527,10.145483522740825],"properties":{"dpto_ccdgo":"70","dpto_cnmbr":"SUCRE"}},{"type":"Polygon","arcs":[[-2160,-2159,-2158,-2157,-2156,-2155,-2154,-2153,-2152,-2151,-2150,-2149,-1407,-1406,-1405,-1404,-1403,2393,2394,2395,2396,2397,2398,2399,2400,2401,-2355,-2354,-2353,-2352,-2351,-2350,-2349,-2348,-2347,-2346,-2345,-2344,-2343,-2342,-2382,-1341,-1340,-1339,-1338,-1337,-1336,-1335,-1334,-1333,-1332,-1331,-1330,-1329,-2119,-2118,-2117,-2116,-2115,-2114,-2113,-2112,-2111,-2110,-2109,-2108,-2107,-2106,-2105,-2104,-2103,-2102,-2101,-2100,-2099,-2098,-2097,-2096,-2095,-2094,-2093,-2092,-2091,-2090,-2089,-2088,-2087]],"bbox":[-76.10574126889829,2.8710816805902555,-74.47482384443815,5.319342301367676],"properties":{"dpto_ccdgo":"73","dpto_cnmbr":"TOLIMA"}},{"type":"MultiPolygon","arcs":[[[2402]],[[2403]],[[2404]],[[2405]],[[2406]],[[2407]],[[2408]],[[2409]],[[2410]],[[2411]],[[2412]],[[2413]],[[2414]],[[2415]],[[2416]],[[2417]],[[2418]],[[2419]],[[2420]],[[2421]],[[2422]],[[2423]],[[2424]],[[2425]],[[2426]],[[2427]],[[2428]],[[2429]],[[2430]],[[2431]],[[2432,-2136,-2135,-2134,-2133,-2132,-2131,-2130,-2129,-2128,-2127,-2126,-2125,-2390,-2389,-2388,-2387,-2386,2433,-2384,-2383,-2381,-2380,-2379,-2378,-2377,-2376,-2375,-2374,-2373,-2372,-2371,-2370,-2369,-2368,-2367,-2366,-2365,-2364,-2363,-2362,-2361,-2360,-2359,-2358,-2357,-2356,-2402,-2401,-2400,-2399,-2398,-2397,-2396,-2395,-2394,-1402,-1401,-1400,-1399,-1398,-1397,-1396,-1395,-1394,-1393,2434,-1450,-1449,-1448]]],"bbox":[-77.54977293572628,3.091238901265333,-75.70723467482262,5.047394123904631],"properties":{"dpto_ccdgo":"76","dpto_cnmbr":"VALLE DEL CAUCA"}},{"type":"Polygon","arcs":[[2435,2436,2437,2438,2439,2440,2441,-1215,-1214,-1213,-1212,2442,2443,2444,2445]],"bbox":[-72.36662467618022,6.036228928165006,-69.42884745619281,7.104381663717973],"properties":{"dpto_ccdgo":"81","dpto_cnmbr":"ARAUCA"}},{"type":"Polygon","arcs":[[2446,2447,2448,2449,2450,-2284,-2283,-2282,-2281,-2280,-2279,-2278,-2277,-1234,-1233,-1232,-1231,-1230,-1229,-1228,-1227,-1226,-1225,-1224,-1223,-1222,-1221,-1220,-1219,-1218,-1217,-1216,-2442,-2441,-2440,-2439,-2438,-2437]],"bbox":[-73.07776750108975,4.287475279734878,-69.83590825091942,6.346109820901731],"properties":{"dpto_ccdgo":"85","dpto_cnmbr":"CASANARE"}},{"type":"Polygon","arcs":[[-1370,-1369,-1368,-1367,2451,2452,2453,2454,2455,-2297,-2296,-2295,-2294,-2293,-2292,-2291,-2290,-2289,-2288,-2287,-2286,-1428,-1427,-1426]],"bbox":[-77.18680672654735,-0.5622787037211632,-73.84131876861015,1.4673162403590716],"properties":{"dpto_ccdgo":"86","dpto_cnmbr":"PUTUMAYO"}},{"type":"MultiPolygon","arcs":[[[2456]],[[2457]],[[2458]],[[2459]],[[2460]],[[2461]]],"bbox":[-81.73562055563167,12.480297449868868,-81.34909390461243,13.394727762020977],"properties":{"dpto_ccdgo":"88","dpto_cnmbr":"ARCHIPIÉLAGO DE SAN ANDRÉS, PROVIDENCIA Y SANTA CATALINA"}},{"type":"Polygon","arcs":[[2462,2463,2464,2465,2466,2467,2468,2469,-2452,-1366,-1365,-1364,-1363,2470,2471,2472,2473]],"bbox":[-74.39634320023904,-4.229406466336059,-69.39549724455334,0.09725575251295027],"properties":{"dpto_ccdgo":"91","dpto_cnmbr":"AMAZONAS"}},{"type":"Polygon","arcs":[[2474,2475,2476,2477,2478,2479,2480,2481,2482,2483,2484,2485,2486,2487,2488,2489]],"bbox":[-70.94249075032025,1.16563245268512,-66.84721542666188,4.045024965425435],"properties":{"dpto_ccdgo":"94","dpto_cnmbr":"GUAINÍA"}},{"type":"Polygon","arcs":[[2490,-2480,-2479,-2478,2491,2492,2493,2494,-1361,-1360,-1359,-2276,-2275,-2274,-2273,-2272,-2271]],"bbox":[-73.66390796452843,0.6554134852678857,-69.99510710426826,2.924988241627294],"properties":{"dpto_ccdgo":"95","dpto_cnmbr":"GUAVIARE"}},{"type":"Polygon","arcs":[[-2477,-2476,-2475,2495,2496,2497,2498,2499,-2474,-2473,-2472,-2471,-1362,-2495,-2494,-2493,-2492]],"bbox":[-72.03319364732553,-1.2278843239404007,-69.11564252503868,2.0804004345707936],"properties":{"dpto_ccdgo":"97","dpto_cnmbr":"VAUPÉS"}},{"type":"Polygon","arcs":[[-2482,-2481,-2491,-2270,-2269,-2268,-2451,-2450,-2449,-2448,-2447,-2436,2500,2501,2502]],"bbox":[-71.07792943969247,2.7371094909934417,-67.40980221850215,6.324316340648663],"properties":{"dpto_ccdgo":"99","dpto_cnmbr":"VICHADA"}}]}},"arcs":[[[2039820,3607301],[1921,-484],[578,-1337],[788,-719],[-74,-422],[962,90],[138,-1186],[1147,-697],[379,-868],[-457,-3786],[1526,-505],[2531,-1820],[576,-1140],[349,-2268],[1881,-1803],[480,-2189],[2586,-1681],[1534,-1871],[664,-60],[1226,983],[1455,-72],[455,1668],[1594,-944],[1433,-257],[3602,-2843],[2476,587],[1146,-460],[810,-1709],[156,-1808],[1372,-1947],[800,-250],[1233,608],[777,-994],[283,-1365],[1187,-761],[1492,-150],[497,821],[1695,-196],[742,-412],[432,-895],[1662,-960],[525,-1071],[1714,-249],[467,-1573],[1237,-1615],[-245,-1034],[391,-961],[1921,-528],[628,-649],[717,115],[1881,-1411],[2175,1667],[1904,-702],[1634,-56],[834,-1312],[713,-4153],[2203,-501],[1062,-658]],[[2103615,3558508],[1655,428],[1138,1131],[769,53],[-381,-1500],[1829,-2158],[164,-2091],[1452,-2025],[304,-1818],[1932,-1092],[1615,-1578],[92,-1899],[1117,-1128],[285,-1539],[1605,-796],[944,-1614],[1296,-1032]],[[2119431,3539850],[728,-2096],[1331,-713],[1638,-2254],[2224,-282],[630,-637],[678,-4094],[1,-4857],[976,-765],[2225,-740],[1767,-2931],[-722,-1115],[-451,-3887],[487,-3635],[-188,-2216],[-607,-1102],[-113,-1278],[-694,-978],[214,-4107],[2165,-4060],[705,-2712],[-35,-3658],[-2123,-3162],[-263,-2402],[968,-575],[1463,638],[1031,-511],[610,-6194],[-260,-2762],[1030,-5984],[-185,-545],[812,-1541],[1036,-214],[460,-1644],[1129,-1285],[3096,606],[543,-1659],[2182,40],[979,-1087],[-905,-2080],[380,-4431],[-1756,-417],[-2021,-1480],[-1984,767],[-3505,128],[-2742,-563],[-1025,-1313],[-2904,-215],[-3237,-2535],[-828,-2058],[-2202,-1603],[-2736,-987],[-900,-1800],[-584,-6554],[938,-1646],[147,-1275],[-1239,-2758],[-232,-1684],[339,-2163],[-1182,-1729],[-107,-1007],[121,-6205],[977,-3342],[-59,-1340],[-869,-1317],[21,-2586],[472,-1844],[-942,-870],[-4464,-276],[-908,-662],[-125,-1932],[-795,-1764],[21,-2483],[578,-1010],[872,-403],[-6,-1000],[-2377,-2739],[-753,-2083],[249,-1622],[618,-314],[2029,-3920],[1631,919],[197,-1402],[-740,-969],[1377,-1162],[361,-834],[2685,-929],[2012,714]],[[2118796,3384674],[582,-1333]],[[2119378,3383341],[665,-4002],[3221,-848],[1147,-1684],[2942,-1537],[2104,-3156],[2670,-1364],[721,-1350],[1739,-1452],[551,-789],[660,-3074],[3394,-5067],[953,-290],[3728,274],[2774,1290],[547,3720],[4384,1312],[1226,3346],[2823,860],[3009,-122],[1637,1034],[1013,1383],[1863,3816],[-843,4062],[1204,6923],[-352,402],[-2518,-136],[-209,494],[2910,5267],[3361,54],[6280,1575],[1426,1281],[1070,2801],[3055,-886],[988,-1181]],[[2179521,3396297],[405,-1814],[898,-1236],[689,-271],[684,404],[1906,-392],[1060,-703],[1054,65],[622,-1058],[1453,-717],[352,-1190],[1110,-613],[1085,-2050],[-1505,-1898],[-1180,-207],[-231,-1938],[-2754,-2228],[-465,-1675],[-979,-57],[-1349,-2940],[-1049,-708],[-1007,-15],[-1853,-1620],[152,-1740],[-3792,-3942],[-81,-2999],[-953,173],[-1741,-1143],[-1176,90],[-585,-503],[119,-597],[-663,-1256],[-2057,-1499],[115,-1344],[-1122,-1733],[26,-1821],[-550,-232],[496,-454],[-1,-1060],[-391,-357],[425,-1020],[-666,-226],[635,-210],[217,-571],[-312,-173],[278,-600],[-309,-70],[958,-160],[-201,-747],[1261,-327],[-72,-1144],[991,-1444],[1235,87],[362,-513],[-600,-877],[431,-543],[-581,-281],[348,-420],[-424,-385],[355,-490],[-492,-439],[532,-539],[-312,-1372],[536,-506],[-120,-725],[-378,-111],[308,-390],[-662,-532],[172,-1800]],[[2170178,3336491],[161,-606],[-747,-363],[339,-773],[-592,-25],[-1018,-908],[-115,-1409],[-643,-949],[331,-1541],[-615,-2636],[-598,-339],[237,-446],[-791,-820],[-516,-382],[-232,333],[558,-983],[-372,-806],[484,-369],[-1584,-805],[494,-46],[-295,-924],[1243,-1709],[-329,-883],[-529,79],[-916,-1331],[649,-785],[-451,-1677],[1130,-1517],[1689,-2],[185,-2919],[723,-704],[-49,-1343],[515,-5],[604,645],[283,-330],[-257,-991],[1273,-1430],[-298,-1064],[658,-60],[288,370],[1205,-4088],[1493,-1362],[122,-3306],[1981,-1896],[280,-971],[-922,-1104],[801,-1039],[-116,-869],[-550,-340],[816,-1345],[-1031,-378],[133,-1827],[1611,-2396],[926,533],[234,-1934],[370,780],[1170,-48],[771,478],[402,-1553],[591,-646],[-151,-4205],[-456,-618],[881,-2761],[-907,-5616],[137,-1026],[-522,-680],[634,-2044],[-918,-1124],[430,-599],[-326,-208],[-57,-1925],[1932,746],[1523,-365],[2750,350],[1538,-495],[466,1086],[1434,1203],[715,9],[596,-518],[125,-890],[1096,-923],[175,-1303],[1719,34],[-491,-1201],[1157,-850],[1237,1092],[1719,202],[862,621],[424,-691],[1391,-494],[454,660],[-126,811],[506,537]],[[2201309,3261542],[1983,1047],[1164,-52],[552,-579],[3260,-437],[602,-1411],[2145,45],[968,-546],[1074,650]],[[2213057,3260259],[89519,78018],[-752,-1415],[295,-723],[864,2556],[7058,6139]],[[2310041,3344834],[-482,-2684],[-1321,-2541],[-766,-2907],[91,-3433],[527,-933],[791,-3815],[-181,-1621],[-563,-1022],[-354,-4879]],[[2307783,3320999],[-435,-1754],[-1743,-2431],[-2334,-4861],[254,-3094],[1518,-2293],[635,-3374],[-749,-7914],[1147,-2768],[3138,-3033],[1873,-2818],[5701,-4436],[-358,-329],[1787,-2469],[113,-4209],[1247,-6371],[-104,-2225],[780,-1824],[-42,-2009],[-822,-2217],[-4070,-5614],[-5209,-4869],[-2446,-539],[-2994,-3314],[-3384,-703],[-5173,-2707],[-3329,-2327],[-4387,-2176],[-3084,-3158],[-1990,-326],[-1285,-958],[-1783,-2545],[-809,-2363],[-1046,-1467],[-4748,-4325],[-2228,-1667],[-1307,-435],[-2194,-1927],[-1567,-1702],[-1177,-2037],[-2812,-2251],[-478,-719],[-151,-3741],[-554,-1459],[-3781,-5060]],[[2257403,3202181],[-668,-1934],[-3919,-5990]],[[2252816,3194257],[-1388,-1425],[-260,-1820],[-5264,-2998],[-2851,390],[-4446,-5554],[-3746,-1377],[-2058,-2253],[-4578,-1376],[-2287,663],[-2225,-197],[-3068,-1191],[-3701,-2144],[-3617,-3839],[-2297,-4349],[-1620,-2039],[-3172,-1325],[-2798,-2026],[-2249,-346],[-2621,-1336],[-5621,-994],[-1546,-1623],[-818,-1986],[-2954,-3571],[-3007,1303],[-4668,-24],[-1027,-426]],[[2178929,3152394],[-2340,-2823],[-3353,-1554],[-2509,-4040],[-5107,-2802],[-1244,-2466],[379,-2755],[1410,-2566],[-1017,-4427],[-119,-2652],[764,-1584],[576,-3383],[2235,-5609],[248,-1664],[-506,-2856],[-2700,-4102],[-10,-1623],[1434,-2735],[815,-2803],[2530,-3073],[4265,-3511],[1539,-3250],[-190,-1657],[-1033,-1782],[-1606,-1458],[-3492,-2022],[-3906,-379],[-3652,235],[-2273,-1048],[-4981,-5493],[-337,-2237],[-996,-1989],[-523,-4690],[-1096,-2453],[-4803,-4894],[-1745,-1285],[-3628,-1425],[-3662,-3029],[-1033,-1751],[-2312,-1069]],[[2134951,3051690],[-1438,-545],[-2420,-2125],[-1465,-779]],[[2129628,3048241],[-2276,-1249]],[[2127352,3046992],[-1542,-1476],[-1848,-5171],[-1949,-2505],[-3259,-2686],[-2964,-3740],[-216,-1142],[894,-1377],[-258,-2024],[-866,-2293],[-1292,-1454],[-2843,-6072],[-2366,-1819],[-656,-964],[-958,-3336],[-1796,-1879],[-824,-2391],[-132,-1084],[708,-2015],[7327,-9140],[2448,-1624],[2799,-409],[1478,-844],[89,-1387],[-1726,-4644]],[[2117600,2985516],[-1197,-4246],[-86,-2428],[2631,-9470],[-944,-3447],[-903,-889],[-2844,-1230],[-2181,20],[-2400,924],[-1431,-1158],[-1323,-256],[-2642,-3254],[135,-2189],[1302,-2101],[-218,-2797],[486,-866],[1301,-1148],[1611,-2578],[2490,-323],[773,-1018],[509,-3381],[-415,-2991],[-1474,-2429],[-1851,-652],[-3414,-372],[-4691,-2558],[-2898,-2740],[-1227,-1899],[-716,-2089]],[[2095983,2927951],[-3097,-7590],[-244,-1391],[1370,-5731],[-979,-4487],[-834,-1888],[-2580,-2916],[-872,-2301]],[[2088747,2901647],[-1553,-43],[-598,1182],[-2458,1945],[-1630,-144],[-2374,-1834],[-1214,-342],[-2491,-161],[-1268,678],[-881,-224],[285,-4751],[-578,-406],[-1143,1032],[-460,-100],[-569,-2465],[-1434,-1550],[-131,-1462],[713,-2462],[-68,-1955],[-2243,-2578],[1092,-944],[-46,-1430],[-557,-480],[-725,617],[-1223,21],[-844,-974],[489,-1264]],[[2066838,2881553],[-4043,-835],[-1185,676],[-1765,-318],[-759,624],[-1240,-1732],[-175,-925],[-672,-271],[-1375,470],[-1540,1298],[-2366,69],[-2078,1821],[-2361,-1119],[-1697,3135],[-2715,-257],[-2596,1359],[-1438,1924],[172,1569],[-434,907],[-633,358],[13,1197],[-1235,1407],[-1281,0],[-2872,1723],[-2946,824],[-2434,146],[-2008,-507]],[[2025175,2895096],[-161,-184]],[[2025014,2894912],[-1849,-1869],[-2402,48],[-1722,-798],[-3331,-391],[-685,233],[-1095,-547],[-3945,-105],[-2318,-2052],[-1968,-250],[-1730,-1601],[-2605,-215],[-2890,-1229],[-3272,736],[-3451,-666],[-146,-687],[670,-2003],[-2565,-1282],[-419,-2353],[-2165,-3339],[-2042,-1110],[-3404,-742],[-1167,-1579],[-2825,-943],[-2074,-1767],[-766,260],[-902,1172],[-1975,66],[-584,-344],[-696,328],[-1433,-1092]],[[1969258,2870791],[-1182,-1188],[-1005,-428],[-1298,917],[-1590,338],[-1303,-1519],[-774,-108],[-38,-982],[-704,-500],[3,-1052],[-888,-1365],[542,-561],[-106,-802],[526,-286],[-83,-857],[769,-516],[587,-1125],[-189,-1527],[952,-2136],[-628,-1235],[-1489,-636],[368,-718],[-290,-779],[930,171],[968,-423],[624,-1256],[-216,-928],[-708,-270],[-439,-930],[213,-1439],[-1161,-1417],[-1562,-413],[-841,-1531],[-842,-12],[-28,-781],[-743,480],[-1117,-490],[-413,-1686],[-1454,-50],[-562,-1776],[-1498,-613],[-1173,-1200],[-931,-1886],[-140,-1167],[321,-537]],[[1950666,2835572],[161,-1160],[-772,-570],[-440,-1717],[-548,-537],[-3635,910],[-1453,-125],[-1320,-674],[-1948,68],[-3671,-1304],[-857,59],[-2316,-1313],[-1775,92],[-1242,-434],[-2608,-3368],[-1220,247],[-2455,-1183],[-333,-1180],[-954,-448],[-1538,-2097],[-1005,-2830],[-894,-630],[-2113,-4218],[-1957,-1143],[-238,-1014],[-892,-1010],[-112,-1165],[-1503,-2235],[-527,34],[145,-626],[-795,-1341],[-3591,-4585],[-1003,143],[-534,1498],[585,3892],[-1292,1390],[-790,2263],[225,1624],[-438,1028],[1029,2016],[253,2727]],[[1906295,2816656],[-1679,-1141],[-885,822],[-1424,21],[-2380,-2638],[-966,526],[-1817,-766],[-816,-1620]],[[1896328,2811860],[-669,2322],[1260,2352],[-360,430],[11,1145],[651,539],[-523,693],[-580,-142],[-104,586],[505,307],[256,4328],[1177,1806],[-1044,701],[-369,1765],[-1877,169],[-850,1543],[-1185,439],[268,1226],[-795,1153],[334,469],[-60,1188],[696,373],[123,584],[-1699,697],[-346,1705],[289,715],[1421,659],[82,880],[-672,1415],[-2487,1718],[-708,4319],[-1461,1049],[111,708],[629,590],[-79,641],[978,553],[20,2122],[-706,701],[-526,-551],[-2205,-619],[-756,486],[-3216,-435],[-625,428],[-921,1679],[-924,-11],[-795,608],[-826,1864],[-1173,1219],[-127,1592],[1339,629],[576,880],[1048,338],[516,1126],[914,774],[-291,2282],[520,2072],[-652,1818],[-1423,1777],[-382,1707],[-1375,892],[-4569,328],[-1446,1290],[-1596,-173],[-1799,3790],[-1041,597],[-2209,-88]],[[1864601,2880607],[-1849,54],[-1175,-1267],[-1288,-39],[-866,-1651],[-945,66],[-258,-542],[-1498,-37],[-1264,-603],[-2193,-3012],[-1644,-1181],[-1680,-1],[-1422,-1003],[-1232,1294],[-1052,340],[-979,2205],[-3321,1373],[-778,814],[-835,-335],[41,-1024],[-1043,289],[-2726,2690],[-404,1303],[-1369,-596],[-454,387],[-709,-90],[-974,-1327],[-1101,423],[-5,1335],[-1408,1114],[-1151,2747],[601,990],[450,22],[-642,2046],[-1906,418],[-764,729],[-1214,307]],[[1825544,2888845],[-1761,124],[-1046,-531],[-1062,544]],[[1821675,2888982],[-1050,-520],[-1722,1872],[-1469,414],[-1054,1084],[-3636,753],[-167,-5669],[1285,-1888],[-1261,-4227],[558,-3628],[-485,-873]],[[1812674,2876300],[688,-892],[2480,-1247],[4006,-932],[755,-1193],[-29,-904],[-941,-1031],[-2514,-1235],[135,-597],[-949,-567],[-721,-2089],[464,-2246],[612,-302],[987,-2797],[-494,-2014],[1147,-2734],[89,-1150]],[[1818389,2854370],[-384,-943],[257,-2838],[1276,-2617],[-257,-1031],[603,-1538],[-587,-2846],[296,-4409],[1416,-1717]],[[1821009,2836431],[638,-1130],[-53,-4972],[-2636,-2063]],[[1818958,2828266],[-1310,898],[-2227,-206],[-504,479],[-1338,-472],[-319,570],[-1280,369],[-1040,1312],[-2032,632],[-1293,1240],[-3167,-1868],[-2242,135],[-383,607],[-1276,508]],[[1800547,2832470],[-3250,48],[-1578,-1463],[-995,179],[-734,696],[-506,-315],[-2294,551],[-4751,-2895],[-776,667],[-544,1574],[-2302,1119],[-1093,1975]],[[1781724,2834606],[-158,506],[-998,123],[-251,1204],[-1068,406],[-502,775]],[[1778747,2837620],[-1871,991],[-616,1090],[-1125,636],[-1091,1977]],[[1774044,2842314],[-4285,-3430],[-2885,-50],[-3019,-1100],[-399,-1629],[-1590,-1571],[-659,-8],[-1028,751],[-2504,34],[-3744,-4342],[-1976,-1243],[-536,-1838],[-2997,-665],[-2572,-4718],[-2005,-2033],[-5859,1371],[-1331,2687],[-1450,1019],[-529,-240],[-552,-1055],[-775,-3375]],[[1733349,2820879],[-2086,30],[-2507,-2015],[-2242,32],[-4010,-1053],[-409,364]],[[1722095,2818237],[-909,1664],[-1993,425],[-856,1029],[-1144,333],[-1114,2414],[-1362,1334],[88,851],[-1711,329],[-5031,-241],[-1668,-1189],[-1289,2022],[-1725,143],[-3955,1838],[-1531,2793],[4,2562],[-1185,156],[-2049,1060],[-980,3244],[-61,2179],[-1521,792],[-424,1370]],[[1691679,2843345],[-42,797],[791,1565],[52,1565],[-378,1582],[-1339,1664],[1580,1591],[1453,660],[-1597,3385],[703,1758],[-61,1183],[-1465,1160],[-399,1349],[-3139,1491],[-1131,2045],[-2893,2547],[-2318,622],[-3068,2266],[-3568,1573],[-122,1539],[-1514,666],[-576,861]],[[1672648,2875214],[-612,785],[-1857,838],[-1504,1623]],[[1668675,2878460],[1005,2853],[1066,1690],[-37,1252],[2573,2095],[294,1517],[2157,1848],[-980,2805],[-1348,1669],[1556,2162],[754,299],[396,1051],[172,925],[-765,478],[-427,1168]],[[1675091,2900272],[-85,428],[-391,4],[-2069,-1116],[-2143,1619],[128,558],[1465,1116],[1408,2282],[-2397,1599],[-2015,1994],[19,774],[1282,1098],[146,2249],[-714,1612],[586,846],[-1319,1044],[-513,1079],[-2729,1433],[-714,917],[55,5105],[1615,2436],[336,1168],[1489,1387],[1260,2206],[474,2691],[2180,1397],[1758,-252],[1026,270],[1264,-378],[238,1457],[970,1116],[-402,2316],[448,2425],[-632,850],[-787,2802],[2122,2157]],[[1678450,2948961],[-620,3847],[1428,1890],[-1447,1331],[-3324,1584],[147,4860],[-1136,774],[-256,1134],[-2400,1061],[-1841,-270],[-622,1224],[-275,2424],[-1099,774],[-1287,250]],[[1665718,2969844],[-2184,4176],[-1414,80],[-1297,892],[-2500,-342],[-513,-540],[-201,-1781],[-1319,-1476],[-879,-2087],[-2656,-108],[-1026,-504],[-1703,1655],[-2985,216]],[[1647041,2970025],[-1557,1003],[-825,1835],[-1300,1008],[733,2717],[-660,972],[-42,2228],[-648,1683],[-2510,1344],[-396,1008],[-2106,2284],[-97,1974],[-1454,4011],[-178,5140],[484,2196],[-1813,4752],[-372,3870],[831,1452],[-1561,2085],[1331,2783],[22,977],[-690,895],[-2891,1069],[11,1356],[-404,652],[537,815],[775,110],[222,2140],[-1403,1006],[-2972,69],[-509,1809],[-1912,1748],[-1530,2271],[-2489,-1104]],[[1621668,3028183],[-1713,37],[-629,253],[-428,961],[-1502,180],[-4224,-2381],[-1128,-1420],[-1929,-858],[-3083,2112],[-4169,-259],[-2246,636],[-2678,177],[-1886,-1866],[-1779,286],[-3678,-289],[-3362,-1045],[-3937,302],[-3499,-502],[-5129,-1822],[-987,-1579],[-31,-2024],[-2645,-1984],[-3949,71],[-2068,865],[-2158,-325]],[[1562831,3017709],[-1494,112],[-5427,2249],[-1332,-646],[-711,-944],[244,-3079],[-2221,18],[-342,913],[-1798,1648],[-2788,1393],[-2727,-78],[-3312,1763],[-2360,-682],[-4532,417],[-2991,-161],[-3051,836],[-2342,1480],[-2668,213],[-718,557],[282,923],[-557,327],[-1621,-1622],[-728,410],[-1619,-658],[-1473,1614],[-3120,-1447],[-1636,-199],[-856,-1237],[-1677,175],[-821,-1118],[-1027,-147],[-830,-1141],[-1169,-62],[-1258,-1860],[-2159,602],[-1191,826],[-2442,-766],[-966,337],[-571,-603],[-1139,1352],[-259,-1124],[-1082,804],[-1246,-625],[-873,35],[981,-595],[-1754,-2222],[-670,210],[-144,1085],[-1406,-790],[-2693,1637],[-3587,594]],[[1482950,3018433],[-1270,1544],[-67,1099],[263,1050],[1387,1478],[241,774],[-543,830],[-1325,731],[-420,1291],[1192,4242],[-431,852],[-2148,1214],[-239,677],[1170,3386],[-2384,-99],[-3875,1784],[-2204,1470],[-1929,2011],[-416,1392],[208,834],[2997,3972],[-50,1006],[-911,1011],[-1637,668],[-5741,83],[-1676,1265],[-618,2431],[511,3144],[-1981,2796],[-156,986],[874,1143],[2344,-85],[515,829],[-1112,1840],[-2764,1028],[-15,1085]],[[1460740,3068195],[1015,2952],[1007,753],[2756,968],[969,1377],[-701,1726],[-2621,539],[-1207,744],[-61,1534],[649,761],[1289,302],[2457,-867],[848,64],[986,1325],[225,1433],[-558,1542],[-852,829],[-6558,3416],[-944,1481],[-6,1635],[709,1011],[1411,359],[3188,-1055],[1890,-83],[1704,1133],[990,2171],[-973,1851],[-1091,475],[-1322,-332],[-3121,-1801],[-1647,56],[-1828,1298],[-79,1790],[765,2210],[2514,2060],[877,1243],[-152,3459],[720,193],[574,-398],[466,-2215],[1699,-398],[1051,1597],[-287,2215],[-2727,3171],[-4363,2104],[-1683,2947],[-792,476],[-1415,-534],[-2877,-4980],[-871,-555],[-634,58],[-420,835],[55,1869],[-621,3131],[143,1542],[956,2186],[74,1532],[-2396,-12],[-3271,-1704],[-757,547],[-1542,3544],[-819,6009],[-647,1844],[-3734,3128],[-1450,260],[-1234,-327],[-2948,-3279],[-1093,398],[-2313,2558],[-1152,2507],[-150,2287],[2723,5397],[2266,1188],[1794,55],[2407,-547],[1400,398],[1131,1121],[371,1608],[-298,1138],[-923,1000],[-3520,1293],[-1569,-39],[-4420,-1348],[-2159,-155],[-1215,387],[-972,900],[-962,1680],[-23,1359],[872,1652],[2913,2425],[1018,1514],[292,1287],[-877,1354],[-1462,1176],[-1867,-613],[-2418,-2944],[-962,-3210],[-1197,-597],[-2722,1061],[-1012,1171],[-771,6215],[333,3001],[-464,-60],[-1535,-2215],[-1935,-981],[-2103,258],[-968,710],[-516,1020],[522,1870],[3355,976],[1406,1654],[1045,2218],[2606,1290],[159,392],[-749,2405],[-1180,1149],[-1410,414],[-2952,-348],[-703,403],[-1226,3271],[-1681,2055],[112,1558],[1384,4149],[-936,5108],[2191,3518],[-608,698],[-2376,122],[-979,464],[-530,1143],[222,2363],[592,1078],[3650,1163],[3750,-238],[2592,-1205],[1026,102],[556,648],[574,2726],[2168,4704],[1203,1338],[1251,672]],[[1424494,3214609],[-564,-1423],[821,308],[2880,-1921],[761,65],[-169,-452],[450,-352],[-807,-471],[660,-931]],[[1428526,3209432],[1133,1473],[199,1001],[1398,291],[1574,2437],[2250,1508],[838,-223],[2473,-1923],[1050,-202],[1008,742],[1316,-137],[873,-903],[544,-2212],[4428,-1956],[-297,2015],[581,826],[1704,138],[2414,-1056],[722,688],[-348,2470],[-1833,1627],[-1833,725],[-130,551],[417,695],[853,297],[2257,-367],[2711,500],[1700,777],[2083,-323],[1662,1334],[1904,2969],[137,1047],[-762,3083],[-1746,1365],[-798,1801],[194,1748],[-703,5229],[453,2536],[-734,1622],[-212,2495],[-1500,-49],[-929,537],[-456,961],[-122,1987],[-919,903],[-1603,-313],[-1722,-1984],[-1129,-21],[-9,881],[1525,1618],[1235,2432],[1,1005],[-510,498],[-886,-84],[-1896,-1453],[-153,489],[606,1526],[-911,2841],[-1883,-532],[-1272,297],[2329,3177],[2913,1796],[34892,5647],[6689,-1038],[848,344],[1648,2127],[845,-460],[750,-1487],[3248,-1081],[1660,-1375],[505,-1158],[1878,-677],[530,179],[635,1024],[1102,473],[2347,156],[498,437],[1907,-789],[1808,967],[1285,-829],[750,-1434],[834,-219],[801,-2249],[1522,1564],[472,1450],[446,418],[587,-200],[665,-1055],[348,-2628],[1339,-2316],[266,-2260],[2041,-592],[1136,94],[390,-512],[540,172],[742,1248],[904,374],[262,943],[990,167],[2048,1368],[1764,2481]],[[1532637,3259906],[506,2052],[-1094,1941],[1227,936],[821,1979],[1108,1301],[174,1264],[823,828],[-240,3296],[1162,1235],[490,1752],[-1440,1534],[-676,177],[-290,797],[749,1401],[1819,1757],[-408,1458],[85,2591],[767,1162],[1688,346],[-470,512],[-183,1525],[1689,1151],[1504,334],[1586,4308],[-156,2581]],[[1543878,3298124],[394,1343],[435,164],[1159,-740],[1506,-56],[260,-882],[886,-517],[2199,161],[269,655]],[[1550986,3298252],[-1746,2665],[-1287,726],[-862,1699],[-95,681],[637,735],[-713,860],[-199,2237],[-774,516],[-48,736],[-755,383],[182,1411],[-1119,1493],[251,1223],[603,435],[-372,319],[70,748],[613,483],[-439,652],[-841,181],[296,777],[-1769,1587],[434,473],[-1349,2514],[-240,2483],[-1861,1321],[-70,364],[374,-13],[-103,1547],[-646,931],[-116,1411],[-1301,3264],[-660,361],[-1000,1679],[307,-1686],[-491,-470],[-1362,1530],[-736,-773],[-944,397],[-350,1090],[-711,120],[-1203,1526],[-548,-81],[-2180,1931],[-991,1577],[-722,3025],[-1411,2358],[-1197,945],[-137,870],[-713,-26],[-951,-1027],[171,-385],[848,71],[-168,-389],[-1449,-342],[-412,408],[449,542],[-321,583],[-1132,-439],[-323,1201],[-1140,-767],[-1149,1511],[-1630,41],[-171,561],[1024,342],[-385,625],[-755,62],[-842,-593],[-1970,290],[-2,707],[-555,62],[-12644,38577],[-6605,5726]],[[1492580,3394834],[-34889,30249],[-5771,1866],[-1342,935],[-21805,11],[-10872,705],[-2098,1349],[-769,1254],[-1130,4657],[-2729,6926],[86,956],[-603,1258],[-12663,8945],[-10581,9657],[-21853,22258]],[[1365561,3485860],[-912,928],[-1358,495],[-593,865],[-266,5267],[-1168,4622],[112,1419],[787,988],[844,268],[4754,-2541],[2339,-11],[2433,1903],[2393,4077],[1953,855]],[[1376879,3504995],[3214,330],[1613,862],[2763,3611],[3592,3011],[2453,3059],[1905,7003],[2045,4178],[851,3018],[-274,1602],[-2299,2037],[-119,705],[970,545],[3810,442],[1012,780],[513,1029],[-148,1147],[-1504,2783],[105,3922],[612,3522],[2580,7486],[2481,2334],[4794,180],[2945,1402],[3690,3736],[2601,4302],[28,1450],[-766,2155],[-253,3812],[-815,1409],[-1821,752],[-9,2675],[-1380,4619],[548,8024],[1303,6372],[-1837,2610],[-3237,3035],[-3480,10420],[-424,2368],[-137,5639]],[[1404804,3623361],[5289,246],[4097,-981],[1958,-1229],[-1193,-1145],[767,1280],[-822,-202],[-979,1134],[-338,-67],[-1587,-4779],[-808,1208],[-1543,-354],[-340,1854],[-1054,-437],[333,-2852],[-844,-449],[1510,-1823],[-569,-3617],[321,-2107],[427,-342],[2119,-5803],[2012,-485],[554,670],[711,-103],[738,-1522],[710,42],[625,359],[258,952],[1076,1269],[-86,1797],[430,22],[-21,528],[-1679,1058],[-22,676],[-882,1036],[-387,1206],[2023,-1036],[560,-846],[1269,-43],[840,-740],[-22,867],[431,-423],[-215,635],[-904,21],[-625,634],[1701,106],[473,-846],[-215,-909],[-1270,-1946],[1120,-782],[1958,1121],[2067,-825],[688,-740],[-365,-360],[-840,381],[452,465],[-516,233],[-259,-275],[-129,465],[-495,-402],[-1270,191],[-904,-318],[1507,-972],[-151,-719],[-495,190],[-194,613],[-1270,233],[-344,-2474],[581,951],[1162,148],[904,-1015],[2454,-232],[409,-931],[-2518,-402],[-1722,254],[603,-1649],[-1055,0],[-840,867],[-1035,-225],[20,-532],[-589,-516],[1186,-671],[1000,-1419],[-1054,0],[-790,-1263],[-923,361],[-78,1780],[-764,-232],[-659,516],[-764,-51],[-132,-619],[527,-1032],[-843,310],[342,-2038],[-1990,-2973],[247,-2292],[-745,-1388],[-213,-1597],[673,-1354],[2766,-1563],[1772,-1632],[106,-521],[-567,-139],[496,-1562],[-1773,-416],[850,-591],[1029,104],[-355,-764],[1169,-1736],[1727,-211],[6869,2991],[908,723],[888,1770],[2382,1359],[278,1174],[-389,1875],[-425,1146],[-1134,764],[213,243],[3297,-765],[1702,33],[2357,744],[7757,1245],[3860,1302],[-1457,-980],[-489,-785],[4096,940],[2018,-904],[744,-1017],[-686,269],[-1744,-229],[-1648,-1362],[-529,116],[-882,-729],[-1157,423],[-717,-1153],[-1635,463],[-1667,-997],[-941,270],[-608,-461],[451,-1151],[-1373,-1055],[1506,-1349],[-635,-750],[2047,-1725],[-736,-532],[-144,533],[-656,-141],[-881,-1269],[239,-893],[1616,-879],[3522,1221],[-433,-909],[417,15],[544,517],[-751,1192],[176,517],[1488,-1035],[1848,440],[1350,-178],[-1016,-172],[-745,-1152],[-910,-271],[-1154,-2240],[-528,-141],[-1024,659],[-624,-344],[-545,-1066],[-4434,-890],[-576,-784],[-1681,503],[-416,-940],[-928,172],[-657,-971],[128,-392],[848,-235],[801,893],[271,-706],[-256,-783],[640,-815],[1040,548],[1376,-408],[913,203],[639,-737],[3530,-47],[2827,-2650],[149,-778],[-398,-267],[-49,753],[-1042,463],[-124,-559],[769,-778],[-919,-437],[-199,-729],[-397,24],[-644,2212],[-397,98],[173,-972],[-347,-122],[-1538,876],[298,777],[-2258,1314],[-4442,-435],[-944,-632],[471,-1798],[521,170],[323,1433],[547,243],[197,-2479],[967,-531],[1043,166],[-200,-1483],[-893,268],[545,-1191],[1291,-73],[2382,-1022],[-51,-1191],[2010,-730],[1431,25],[479,-1484],[-2755,-1068],[-1017,559],[75,681],[-1489,730],[-2012,-107],[-1686,-693],[-149,364],[596,972],[-1141,438],[-1415,-1312],[-918,-121],[75,2236],[-1562,2723],[-1215,1410],[-2016,631],[-4179,-109],[-2169,-981],[-1837,-2793],[173,-1459],[-968,438],[-1167,-1142],[-571,-2284],[570,-1555],[-1217,-1652],[1415,-511],[1091,-1458],[-487,-889],[-1226,-909],[-521,-1166],[-102,-6076],[-1293,-6998],[421,-3086],[2682,-4484],[3088,-1613],[7720,-1835],[5506,-580],[1341,-916],[467,856],[1057,238],[12398,-330],[8346,957],[5589,1108],[3415,1350],[1789,1317],[797,1178],[1,2209],[-582,837],[-3120,2065],[-637,834],[1506,-678],[709,572],[1506,-904],[1382,398],[1295,1076],[391,1093],[-1570,2060],[94,1576],[4057,3115],[1164,1873],[257,1264],[-1462,4215],[-1377,668],[-157,1443],[-1045,233],[-634,-278],[-260,703],[-1305,-638],[1249,1707],[-154,1291],[-1162,1473],[1418,-612],[1362,832],[694,-306],[1136,1023],[1139,1392],[1,557],[-2315,1652],[1,389],[908,166],[-355,375],[-723,376],[-539,-194],[-28,389],[596,305],[1801,-488],[921,-806],[1617,151],[964,1106],[898,3024],[139,2539],[-1925,2777],[320,1084],[-489,1335],[-1842,2265],[-481,-2],[-152,-738],[-786,1214],[1438,458],[-251,258],[-1353,-493],[-767,801],[9,-771],[-1182,-526],[1234,388],[-335,-722],[986,-2968],[-1574,-744],[1354,321],[390,-980],[-240,-396],[-531,135],[396,-442],[-359,-998],[-822,286],[-202,-500],[-794,-50],[-403,-572],[-131,1165],[719,2131],[-659,1003],[548,971],[-406,1338],[569,2916]],[[1475493,3577107],[4,12]],[[1475497,3577119],[651,874],[-340,3560],[-442,1113],[-859,282],[-331,-256],[-105,-1056],[-602,-731],[-2090,2189],[-1305,-38],[37,-846],[-616,583],[-392,1283],[2644,1998],[2488,3405],[1234,3638],[562,5182],[-1456,3569],[-294,2446],[-948,1663],[23,1924],[-488,847],[-267,3222],[-915,945],[-200,5315],[-1292,2107],[-496,2240],[-3167,1700],[-912,2349]],[[1465619,3626626],[4807,11652],[1218,4867],[-35,4497],[-785,1951],[-1280,1184],[990,10821],[-332,3087],[-857,2162],[-1245,1295],[-723,1721],[-1580,1485],[-4236,153],[-370,1869],[-1485,2102],[-1009,6001],[-1769,4172],[-1863,3012],[-4439,4746],[-3577,2512],[-3204,1533],[-13553,4391],[-2661,1584],[-3173,1147],[-96,448],[-948,490],[427,2281],[-670,52],[-1343,-1228],[-745,479],[-948,-531],[-1959,1667],[10,-781],[1022,-2093],[1522,-1886],[628,-198],[447,-917],[2173,2072],[1001,-199],[-21,271],[1384,-750],[-2279,-260],[-1949,-1186],[-1683,-270],[-2863,4333],[-378,3510],[529,854],[2663,2030],[7457,5065],[3187,3290],[1567,3030],[-404,1333],[662,4634],[11483,561],[14157,1907],[15129,3509],[10838,1954],[9767,2625],[6716,2678],[2842,1653],[1429,2813],[1800,1818],[301,1506],[-1322,3725],[-969,633],[2199,1036],[1511,1823]],[[1508732,3758351],[330,2374],[-1395,470],[64,323],[6197,1613],[978,1306],[6919,1390],[687,537],[6399,2184],[4647,1991],[5993,3241],[3158,2401],[-220,2781],[555,780],[281,2572],[6698,3749],[646,793]],[[1550669,3786856],[1190,912],[855,1446],[11622,5741],[879,538],[82,472],[276,-166],[-106,298],[1123,263],[762,475],[65,480],[331,-219],[-73,391],[1580,724],[1540,1617],[1384,3093]],[[1572179,3802921],[9582,-23150],[-2442,-3040],[-3007,-1194],[-2417,-2990],[-2228,-1935],[-1108,-1368],[-141,-854],[1516,-2033],[1597,-529],[2768,-12],[4981,-4140],[3052,-1912],[1352,-1334],[95,-1791],[1194,-1458]],[[1586973,3755181],[687,-2306],[1625,-2483],[43,-3006],[1313,-2237],[548,-2498],[-426,-3108],[1160,-1720],[559,-2009],[-222,-850],[1856,466],[3764,3315],[3722,1057],[422,-746],[2562,-466],[1487,-850],[285,860],[590,238],[2155,-1074],[2111,-175],[-222,-1366],[1706,-379],[970,-770],[2098,-404],[-1105,-3622],[365,-1123],[1123,-1400],[2313,-277],[1732,-1559]],[[1620194,3726689],[-60,-1230],[-835,-1261],[-212,-2390]],[[1619087,3721808],[-380,-984],[-1203,-294],[-434,-953],[-1122,-758],[3447,-2434],[2868,-1079],[5891,512],[601,-601],[-523,-2905],[-2393,-602],[-1364,98],[-193,-1075],[946,-1958],[1464,-908],[285,-1358],[2585,-2668],[985,-480],[252,-1069],[1528,-1255],[384,-6443],[-291,-6948],[-838,-1561],[-288,-2815],[-979,-2129],[-550,-3137],[1743,-1832],[-130,-1306],[395,-789],[1939,-931],[605,-949],[1032,361],[835,-395],[2433,-4693],[2310,-2116]],[[1640927,3665354],[134,-1134],[-1004,-963],[-3092,-401],[-1649,-1152],[-3718,-377],[-1638,-501],[-545,-658],[-1816,-252],[-3321,-3223],[-1664,-42],[-1628,-1201],[-526,-1006],[-4146,-2180],[-1185,-998],[-842,-1637],[-1856,-1570],[-2442,-3220],[-712,-306],[-1986,-3815],[-2565,-1134],[-62,-951],[1148,-2614],[-985,-1459],[-56,-2712],[-1664,-453],[-1384,-2271],[-157,-1127],[-1940,-917],[-1012,-972],[-293,-1752],[265,-1442],[-743,-740],[-489,-1381],[101,-1260],[-1782,-1453],[253,-2016],[-1857,-2821],[-1050,-2753],[-1334,-550],[-965,-1338],[-743,-2957],[105,-3672],[1010,-2744],[5040,-4780],[406,-1219],[-1237,-1078],[-4115,2152],[-604,-606],[-480,-1558],[-1300,-425],[-3196,1946],[-877,-909],[-265,-983],[37,-2781],[-874,-7343],[-741,-744],[-1881,-677],[-2553,-305],[-2750,-1001]],[[1575702,3578918],[-206,-457],[-1817,-248],[217,-2399],[451,-859],[-810,-2043],[84,-2185],[-1632,-848],[-955,400],[-372,693],[-1675,-72],[-137,-442]],[[1568850,3570458],[460,-783],[-402,-1868],[286,-1062],[-343,-498],[-1317,-245],[463,-2657],[-448,-1374],[636,-1133],[-488,-1223],[1177,-860],[679,-1437],[-1523,-2301],[4425,-2742],[311,-937]],[[1572766,3551338],[-740,-1860],[-822,-5335],[-4,-5591],[421,-2478],[-496,-615],[-1702,-554],[1101,-6869],[-293,-1384],[-689,-770],[437,-755],[-19,-1445],[-1305,-1196],[-2100,316],[-1631,-1165],[-2931,-5024],[-13,-2257],[-4004,-1294],[-806,-1506]],[[1557170,3511556],[-198,-2068],[431,-1549],[-626,-1211],[169,-1357],[-2491,-2879],[-2266,-4961],[630,-2552],[-1293,-2784],[286,-592],[-191,-2464],[821,-4298],[-910,-5793],[-1299,-347],[-2581,-2067],[280,-2978],[1387,-2670],[47,-3044]],[[1549366,3467942],[-143,-743],[979,-981],[-398,-2821],[395,-705],[230,-2788],[493,-799],[-702,-1759],[-743,-6024],[-1509,-2763],[260,-1463],[738,-1080],[-34,-1088],[-2521,-2965],[-869,-3308],[-1835,-888],[-365,-695],[-194,-965],[1050,-1125],[15,-1178],[-1657,-3270],[-191,-1222],[1601,-2052],[2071,-6950]],[[1546037,3420310],[2903,-1868],[-112,-1320],[-506,-824],[1715,-1165],[1158,342],[1277,-337],[1186,-1618],[-123,-851],[703,-2227],[1124,-1049],[2373,-365],[400,-2282],[2175,-1685],[439,-712],[-337,-2575],[445,-849],[-1122,-1446],[3161,-1245],[1038,-2322],[791,-535],[358,-3624],[3044,-2226],[1280,-2494],[-339,-2257],[1496,-2085],[1352,-2897],[3381,-952],[4473,-5144],[2063,-966]],[[1581833,3372732],[96269,-7859]],[[1678102,3364873],[26275,-2157]],[[1704377,3362716],[35627,-2935],[-36,2087],[1208,1190],[787,1773],[1516,1989],[-440,1343],[-148,3903],[1068,3673],[871,1755],[2054,763],[1344,1473],[-1062,1998],[-1836,966],[0,1840],[1136,1343],[-431,1505],[3101,757],[979,685],[1962,-367],[1105,191],[1934,1961],[989,393],[949,1502],[84,4776],[1768,2395],[-408,1866],[2294,3019],[-1852,1000],[-1731,2148],[2234,1940],[819,1237],[2105,265],[890,1451],[-548,1280],[-1065,424],[-191,1549],[-1037,1341],[925,1122],[-179,4673],[1710,559],[2124,3049],[-368,2470],[336,835],[-1342,2800],[87,1044],[1003,198],[360,580],[1653,918],[863,818],[121,873],[2638,-439],[1110,-906],[436,-1205],[1519,-981],[2563,-3018],[3504,-2833],[1630,238],[2716,-323],[867,676],[2016,576],[1361,-541],[633,468],[1006,2939],[1471,667]],[[1791179,3432452],[518,88],[783,-971],[732,-250],[1898,-423],[1630,166],[732,-417],[72,-830],[1272,-741],[1760,168],[2148,-958],[4076,-129],[2488,931],[1515,-175],[1217,1277]],[[1812020,3430188],[142,1020],[-537,1851],[475,748],[1996,88],[685,412],[1669,1807],[1509,623],[1639,1334],[1525,2345],[1999,334],[2099,-598],[532,85],[664,881],[382,1545],[-952,2005],[-948,935],[2893,782],[-1026,2419],[623,1867],[-396,2363],[1617,2019],[1573,735],[165,1319],[1222,753],[457,1106],[-39,760],[-1119,958],[142,963],[954,1262],[-1103,3311],[1239,2665],[895,561],[3139,188],[4335,-1850],[1747,-35],[3213,3026],[1002,1917]],[[1846432,3472692],[461,2000],[1015,1063],[350,1000],[-160,4523],[679,2203],[807,1123],[3922,2479],[1284,1593],[764,1836],[140,1652],[-526,1689],[-3464,3372],[162,1529],[2414,2296]],[[1854280,3501050],[3592,-1298],[4000,-2942],[1486,-360],[1622,405],[1382,2002],[477,3706],[2087,220],[1094,586],[-601,3323],[905,1231],[3911,1550],[4366,116],[3362,1436],[3081,175],[2294,1785],[971,1843],[-270,2978],[692,1410],[-25,791],[1302,1072],[655,1272],[-16,3865],[1355,1394]],[[1892002,3527610],[537,457],[160,2303],[-374,680],[-1690,90],[-518,366],[-238,1651],[424,1053]],[[1890303,3534210],[235,-459],[2045,-8],[650,-864],[1660,1349],[967,76],[813,-1044],[1734,757],[135,770],[1721,1062],[451,1212],[2861,651],[1026,1372],[-481,862],[858,1885],[2376,1933],[676,2216],[574,307],[160,698],[1737,57],[563,2146],[3300,692],[1096,-249],[2224,1848],[847,4157],[1441,1018],[138,1073],[-319,648],[-2017,592],[-532,920],[-684,339],[231,1266],[640,710],[1561,540],[536,780],[1372,384],[167,527],[615,216],[102,1321],[891,1476],[1177,887],[834,116],[89,598],[806,-615],[127,-1017],[552,-678],[1000,-78],[767,-863],[1950,-415],[2015,206],[343,-1765],[537,-284],[-236,-426],[1436,-923],[976,11],[1823,1547],[1507,29],[923,735],[721,66]],[[1940020,3564577],[1566,28],[1252,787],[1007,-672],[138,-624],[1592,-136],[4747,963],[902,-816],[-152,-2155],[917,-933],[883,-65],[1220,564],[1636,1942],[2698,885],[1584,1093],[1251,1845],[328,2319],[711,159],[649,-379],[657,-1648],[1955,0],[315,-3016],[3466,-355],[1845,-990],[1434,10],[3147,-1804],[1433,2367],[867,-178],[1234,693],[2310,187],[1109,612],[1147,1128],[1935,3381],[3090,1320],[3859,-98],[1421,1128],[2516,917],[2430,2524],[603,-132],[3511,-3343],[2764,167],[631,-669],[4435,-661],[793,752],[1005,3379],[2488,3139]],[[2015349,3578192],[655,1256],[2409,595],[1266,1912],[1425,868],[352,2524],[1994,1779],[748,2380],[2270,3390],[234,1441],[1621,494],[706,633],[464,1207],[-801,550],[265,253],[-837,92],[0,490],[887,1443],[218,2077],[-666,2279],[244,2321],[809,1078],[5480,660],[3760,-36],[968,-577]],[[2016124,4203491],[-7821,10269]],[[2008303,4213760],[-8078,10517],[-1898,1253],[-3317,3579],[-1991,1163],[-4586,4004],[-5775,995]],[[1982658,4235271],[-2736,1537]],[[1979922,4236808],[-3126,1696],[-2954,2325],[-4414,6204],[-1543,1408]],[[1967885,4248441],[-2667,837],[-1850,-443]],[[1963368,4248835],[-5377,-1912],[-3685,-528],[-1917,-1009]],[[1952389,4245386],[-2020,1795],[356,549],[-1732,1196],[-480,-34],[-80,607],[-685,1],[-276,1404],[-2383,1903],[-569,3071],[-1045,701],[-481,1712],[-2187,1278],[-764,1256],[-2498,1092],[-538,-984],[-4084,-611]],[[1932923,4260322],[-829,-331],[-2945,2665],[1462,3597],[-1980,282],[-36,799],[-433,326],[-1731,-114],[-2226,1659],[-739,-20],[-555,-602],[10,-697],[-698,-83],[-286,723],[-1163,295],[0,1581],[-548,1361],[-816,1345],[-730,446],[-75,1245],[-367,374],[155,869]],[[1918393,4276042],[1488,2169],[-597,485],[-172,1082],[855,3368],[1780,2456],[778,292],[698,1033],[-820,2154],[1419,1118],[-29,579],[-459,474],[119,573],[-595,346]],[[1922858,4292171],[-2190,-383],[-895,2716],[712,1975],[1730,2077],[488,2185],[-175,1011],[510,385],[176,989],[-521,503],[481,1201],[-662,927],[381,857],[-164,709],[-608,729],[1297,1023],[-171,830],[594,532],[-483,1717],[355,657],[-1252,2096],[-238,1822],[-3898,2840],[860,1295],[-488,2773],[-700,-199],[-1128,3004],[1219,1818],[-117,1660],[-1387,1769]],[[1916584,4331689],[260,1651],[-480,474],[758,2242],[-157,762],[558,904],[-1233,646],[196,862],[-426,313],[1365,2271],[266,-170],[-364,-657],[1045,1238],[-834,456],[457,1873],[871,1076],[-343,1029],[986,588],[1798,2048],[412,-20],[189,1131],[483,82],[249,3241],[-812,1081],[-1507,579],[-1747,-251],[-852,345],[-1668,-249],[-374,-528],[-1066,595],[446,1036],[-3314,304],[-478,-1599],[-1503,613]],[[1909765,4355655],[1937,2666],[744,3780],[387,225],[3633,-1132],[5218,-767],[2821,595],[1139,1193],[131,1047]],[[1925775,4363262],[-34,580],[1205,2069],[1474,1228],[4504,218],[3500,3165],[5134,91],[1781,426],[1872,1190],[1992,4545],[2904,1121],[1086,824],[241,857],[-303,546],[2095,-270],[927,486],[4927,842],[1014,833],[-83,1179],[4265,1030],[767,835],[735,1986],[2029,45]],[[1967807,4387088],[4012,802],[371,593],[2322,1047],[1831,1497],[1873,3039],[1447,3462],[80,1540],[894,687],[767,3058],[667,648],[-516,1898],[-834,629],[-754,-28],[-680,-457],[-180,-997],[-1107,-655],[-1306,64],[-595,-1385],[-879,-308],[-134,-622],[-1292,-30],[-322,-995],[-941,-583],[116,1498],[2135,2860],[1269,983],[2500,757],[2333,3046],[6289,4247],[8127,705]],[[1995300,4414088],[2908,573],[2997,1679],[1579,1753],[-598,287],[575,135],[385,1044],[83,1415],[461,716],[-356,196],[368,-58],[863,981],[1038,188],[1165,2311],[3360,840],[2594,1919],[676,2046],[-727,1473],[353,1566],[8160,-665],[3164,425],[2734,1044]],[[2027082,4433956],[4158,1147],[3787,1799],[634,1032],[-2583,10304],[-344,2289],[800,-1]],[[2033534,4450526],[1025,-3412],[972,-6640],[2380,-4274],[2624,-2493],[7517,-4320],[2846,-2748],[2418,-1434],[3479,-3165],[2940,-3757],[1155,-2621],[986,-4476],[-406,-7096]],[[2061470,4404090],[1018,-2682],[2497,-1751],[1944,-2182],[5149,-2757],[886,-1114],[-600,-1256],[-4169,-3371],[-923,-2656],[-133,-2363]],[[2067139,4383958],[212,-3958],[-1162,-4873],[176,-3228]],[[2066365,4371899],[1326,-9950],[2620,-5527],[666,-2727]],[[2070977,4353695],[-685,-3319],[-93,-3161]],[[2070199,4347215],[528,-6278]],[[2070727,4340937],[228,-11363],[685,-3355],[-228,-2920],[-3750,-2023],[-2978,-2577]],[[2064684,4318699],[-51,-1808],[2004,-3031],[2310,-932],[2001,-3158],[296,-3388],[-573,-2168]],[[2070671,4304214],[-968,-598],[-861,-1221],[-1017,-3082],[-717,-659],[718,-8134],[-137,-1546],[-791,-1866],[-1634,-1185],[-6680,-2924],[-4014,-3281],[-5242,-5995],[-1058,-2321],[-1345,-1521]],[[2046925,4269881],[-1016,-2224],[-594,-7068]],[[2045315,4260589],[-73,-2523],[-782,-3051],[-3634,-5954],[-1514,22],[-1752,-640],[-3211,-2187],[-3142,-3212],[-1104,-2171],[-670,-2569],[659,-2144]],[[2030092,4236160],[675,-4090],[-2124,-3492]],[[2028643,4228578],[-3479,-6421],[-4467,-6691],[-2299,-5863],[-1484,-6372],[-790,260]],[[2269484,2630197],[32,-4]],[[2269516,2630193],[84,-21]],[[2269600,2630172],[88,-43]],[[2269688,2630129],[139,-108]],[[2269827,2630021],[61,-57]],[[2269888,2629964],[150,-186]],[[2270038,2629778],[60,-78]],[[2270098,2629700],[525,-272]],[[2270623,2629428],[31,6]],[[2270654,2629434],[39,9]],[[2270693,2629443],[8,4]],[[2270701,2629447],[6,4]],[[2270707,2629451],[23,103]],[[2270730,2629554],[-4,50]],[[2270726,2629604],[-16,64]],[[2270710,2629668],[-23,45]],[[2270687,2629713],[-37,57]],[[2270650,2629770],[-30,40]],[[2270620,2629810],[-60,136]],[[2270560,2629946],[-9,34]],[[2270551,2629980],[-18,71]],[[2270533,2630051],[-5,44]],[[2270528,2630095],[-10,62]],[[2270518,2630157],[-80,241]],[[2270438,2630398],[-27,46]],[[2270411,2630444],[-5,21]],[[2270406,2630465],[4,41]],[[2270410,2630506],[7,38]],[[2270417,2630544],[-13,115]],[[2270404,2630659],[28,37]],[[2270432,2630696],[518,-772]],[[2270950,2629924],[67,-135]],[[2271017,2629789],[155,-315]],[[2271172,2629474],[-7,-40]],[[2271165,2629434],[218,-122]],[[2271383,2629312],[55,-14]],[[2271438,2629298],[27,-3]],[[2271465,2629295],[721,831]],[[2272186,2630126],[14,-7]],[[2272200,2630119],[931,-1770],[1843,-379],[-161,-1038],[589,-351],[826,834],[2138,-551]],[[2278366,2626864],[-6,35]],[[2278360,2626899],[31,20]],[[2278391,2626919],[29,26]],[[2278420,2626945],[8,11]],[[2278428,2626956],[6,9]],[[2278434,2626965],[29,34]],[[2278463,2626999],[96,47]],[[2278559,2627046],[29,13]],[[2278588,2627059],[25,9]],[[2278613,2627068],[10,5]],[[2278623,2627073],[18,7]],[[2278641,2627080],[30,9]],[[2278671,2627089],[47,8]],[[2278718,2627097],[10,2]],[[2278728,2627099],[152,-8]],[[2278880,2627091],[18,-7]],[[2278898,2627084],[10,-3]],[[2278908,2627081],[16,-9]],[[2278924,2627072],[16,-9]],[[2278940,2627063],[15,-9]],[[2278955,2627054],[38,-19]],[[2278993,2627035],[26,-11]],[[2279019,2627024],[119,-13]],[[2279138,2627011],[35,-8]],[[2279173,2627003],[113,-24]],[[2279286,2626979],[18,-6]],[[2279304,2626973],[38,-12]],[[2279342,2626961],[18,-6]],[[2279360,2626955],[26,-8]],[[2279386,2626947],[16,-7]],[[2279402,2626940],[79,-23]],[[2279481,2626917],[43,-12]],[[2279524,2626905],[93,-27]],[[2279617,2626878],[7,-3]],[[2279624,2626875],[20,-6]],[[2279644,2626869],[1,-1]],[[2279645,2626868],[5,-1]],[[2279650,2626867],[70,-13]],[[2279720,2626854],[2,0]],[[2279722,2626854],[18,-1]],[[2279740,2626853],[20,-1]],[[2279760,2626852],[2,0]],[[2279762,2626852],[3,-1]],[[2279765,2626851],[3,0]],[[2279768,2626851],[16,0]],[[2279784,2626851],[37,4]],[[2279821,2626855],[10,3]],[[2279831,2626858],[113,-13]],[[2279944,2626845],[3,-3]],[[2279947,2626842],[17,-16]],[[2279964,2626826],[22,-29]],[[2279986,2626797],[57,-61]],[[2280043,2626736],[21,-16]],[[2280064,2626720],[11,-7]],[[2280075,2626713],[5,-3]],[[2280080,2626710],[34,-17]],[[2280114,2626693],[2,-1]],[[2280116,2626692],[67,-22]],[[2280183,2626670],[15,-4]],[[2280198,2626666],[3,0]],[[2280201,2626666],[7,-1]],[[2280208,2626665],[2,-1]],[[2280210,2626664],[16,-2]],[[2280226,2626662],[29,4]],[[2280255,2626666],[9,1]],[[2280264,2626667],[5,2]],[[2280269,2626669],[16,3]],[[2280285,2626672],[2,0]],[[2280287,2626672],[16,4]],[[2280303,2626676],[33,6]],[[2280336,2626682],[20,-1]],[[2280356,2626681],[22,-3]],[[2280378,2626678],[7,-1]],[[2280385,2626677],[8,0]],[[2280393,2626677],[10,1]],[[2280403,2626678],[5,0]],[[2280408,2626678],[13,2]],[[2280421,2626680],[61,11]],[[2280482,2626691],[87,24]],[[2280569,2626715],[18,5]],[[2280587,2626720],[28,7]],[[2280615,2626727],[12,3]],[[2280627,2626730],[52,14]],[[2280679,2626744],[17,3]],[[2280696,2626747],[120,35]],[[2280816,2626782],[18,9]],[[2280834,2626791],[45,26]],[[2280879,2626817],[17,7]],[[2280896,2626824],[26,3]],[[2280922,2626827],[7,-2]],[[2280929,2626825],[3,-1]],[[2280932,2626824],[5,-2]],[[2280937,2626822],[5,-3]],[[2280942,2626819],[6,-5]],[[2280948,2626814],[12,-10]],[[2280960,2626804],[2,-2]],[[2280962,2626802],[13,-12]],[[2280975,2626790],[9,-8]],[[2280984,2626782],[14,-10]],[[2280998,2626772],[5,-2]],[[2281003,2626770],[25,-8]],[[2281028,2626762],[2,0]],[[2281030,2626762],[1,0]],[[2281031,2626762],[42,-12]],[[2281073,2626750],[10,-13]],[[2281083,2626737],[18,-12]],[[2281101,2626725],[8,1]],[[2281109,2626726],[16,7]],[[2281125,2626733],[13,3]],[[2281138,2626736],[8,1]],[[2281146,2626737],[16,8]],[[2281162,2626745],[6,5]],[[2281168,2626750],[7,6]],[[2281175,2626756],[2,3]],[[2281177,2626759],[4,3]],[[2281181,2626762],[0,1]],[[2281181,2626763],[11,18]],[[2281192,2626781],[1,3]],[[2281193,2626784],[7,10]],[[2281200,2626794],[2,1]],[[2281202,2626795],[1,1]],[[2281203,2626796],[1,1]],[[2281204,2626797],[11,8]],[[2281215,2626805],[10,6]],[[2281225,2626811],[13,9]],[[2281238,2626820],[5,3]],[[2281243,2626823],[4,2]],[[2281247,2626825],[5,1]],[[2281252,2626826],[8,0]],[[2281260,2626826],[56,8]],[[2281316,2626834],[14,-4]],[[2281330,2626830],[3,-1]],[[2281333,2626829],[10,0]],[[2281343,2626829],[60,-13]],[[2281403,2626816],[2,0]],[[2281405,2626816],[10,-3]],[[2281415,2626813],[5,-2]],[[2281420,2626811],[4,-2]],[[2281424,2626809],[8,-4]],[[2281432,2626805],[11,-4]],[[2281443,2626801],[26,-5]],[[2281469,2626796],[10,-2]],[[2281479,2626794],[14,-4]],[[2281493,2626790],[9,-3]],[[2281502,2626787],[7,-3]],[[2281509,2626784],[3,-2]],[[2281512,2626782],[35,-16]],[[2281547,2626766],[25,-7]],[[2281572,2626759],[28,6]],[[2281600,2626765],[10,4]],[[2281610,2626769],[21,1]],[[2281631,2626770],[18,-5]],[[2281649,2626765],[18,-6]],[[2281667,2626759],[20,-4]],[[2281687,2626755],[46,-6]],[[2281733,2626749],[43,7]],[[2281776,2626756],[35,2]],[[2281811,2626758],[26,4]],[[2281837,2626762],[13,2]],[[2281850,2626764],[54,-16]],[[2281904,2626748],[7,-4]],[[2281911,2626744],[20,-9]],[[2281931,2626735],[29,-6]],[[2281960,2626729],[5,-1]],[[2281965,2626728],[15,4]],[[2281980,2626732],[5,5]],[[2281985,2626737],[3,3]],[[2281988,2626740],[7,6]],[[2281995,2626746],[4,1]],[[2281999,2626747],[8,-2]],[[2282007,2626745],[14,-4]],[[2282021,2626741],[14,-3]],[[2282035,2626738],[13,-3]],[[2282048,2626735],[12,-3]],[[2282060,2626732],[14,-6]],[[2282074,2626726],[34,-21]],[[2282108,2626705],[26,-14]],[[2282134,2626691],[97,-20]],[[2282231,2626671],[1,-3]],[[2282232,2626668],[1,-3]],[[2282233,2626665],[12,-14]],[[2282245,2626651],[8,-3]],[[2282253,2626648],[26,-8]],[[2282279,2626640],[11,-9]],[[2282290,2626631],[5,-13]],[[2282295,2626618],[24,-35]],[[2282319,2626583],[16,-4]],[[2282335,2626579],[2,-1]],[[2282337,2626578],[5,-3]],[[2282342,2626575],[3,-2]],[[2282345,2626573],[7,-8]],[[2282352,2626565],[2,-1]],[[2282354,2626564],[2,-4]],[[2282356,2626560],[36,-31]],[[2282392,2626529],[10,-1]],[[2282402,2626528],[11,-6]],[[2282413,2626522],[15,-5]],[[2282428,2626517],[6,1]],[[2282434,2626518],[5,-3]],[[2282439,2626515],[66,-7]],[[2282505,2626508],[22,-4]],[[2282527,2626504],[64,-5]],[[2282591,2626499],[6,-6]],[[2282597,2626493],[3,-16]],[[2282600,2626477],[4,-26]],[[2282604,2626451],[36,-58]],[[2282640,2626393],[68,-125]],[[2282708,2626268],[30,-44]],[[2282738,2626224],[19,-22]],[[2282757,2626202],[6,-10]],[[2282763,2626192],[54,-49]],[[2282817,2626143],[62,-5]],[[2282879,2626138],[32,-19]],[[2282911,2626119],[15,-12]],[[2282926,2626107],[34,-36]],[[2282960,2626071],[137,-54]],[[2283097,2626017],[15,-8]],[[2283112,2626009],[10,-24]],[[2283122,2625985],[24,-9]],[[2283146,2625976],[34,-18]],[[2283180,2625958],[58,-75]],[[2283238,2625883],[8,-22]],[[2283246,2625861],[69,-76]],[[2283315,2625785],[7,-23]],[[2283322,2625762],[28,-36]],[[2283350,2625726],[21,1]],[[2283371,2625727],[30,-35]],[[2283401,2625692],[5,-35]],[[2283406,2625657],[224,-87]],[[2283630,2625570],[125,-23]],[[2283755,2625547],[62,-7]],[[2283817,2625540],[47,-10]],[[2283864,2625530],[84,-28]],[[2283948,2625502],[26,-1]],[[2283974,2625501],[-94,-51]],[[2283880,2625450],[-180,-167]],[[2283700,2625283],[198,-458]],[[2283898,2624825],[-24,-40]],[[2283874,2624785],[-73,-120]],[[2283801,2624665],[9,-20]],[[2283810,2624645],[16,-84]],[[2283826,2624561],[-182,-97]],[[2283644,2624464],[-156,-81]],[[2283488,2624383],[-105,-54]],[[2283383,2624329],[-273,-366]],[[2283110,2623963],[-85,-192]],[[2283025,2623771],[95,-102]],[[2283120,2623669],[274,-49]],[[2283394,2623620],[157,-39]],[[2283551,2623581],[188,-67]],[[2283739,2623514],[584,-610]],[[2284323,2622904],[89,-135]],[[2284412,2622769],[35,-25]],[[2284447,2622744],[47,-34]],[[2284494,2622710],[27,-10]],[[2284521,2622700],[22,-27]],[[2284543,2622673],[277,-331]],[[2284820,2622342],[143,-108]],[[2284963,2622234],[70,-150]],[[2285033,2622084],[-17,-22]],[[2285016,2622062],[-4,-5]],[[2285012,2622057],[-14,-18]],[[2284998,2622039],[-81,-121]],[[2284917,2621918],[-16,-143]],[[2284901,2621775],[-174,-464]],[[2284727,2621311],[-61,-50]],[[2284666,2621261],[-61,-49]],[[2284605,2621212],[-191,-138]],[[2284414,2621074],[-100,-156]],[[2284314,2620918],[-221,-238]],[[2284093,2620680],[-185,-138]],[[2283908,2620542],[-91,-63]],[[2283817,2620479],[-99,-87]],[[2283718,2620392],[-338,-343]],[[2283380,2620049],[-90,-39]],[[2283290,2620010],[-87,-12]],[[2283203,2619998],[-147,-4]],[[2283056,2619994],[-90,-36]],[[2282966,2619958],[-202,-34]],[[2282764,2619924],[-122,-74]],[[2282642,2619850],[-1238,95]],[[2281404,2619945],[-52,-43]],[[2281352,2619902],[-132,-367]],[[2281220,2619535],[-25,-48]],[[2281195,2619487],[-90,-64]],[[2281105,2619423],[-25,-24]],[[2281080,2619399],[-37,-39]],[[2281043,2619360],[-111,-214]],[[2280932,2619146],[25,-31]],[[2280957,2619115],[36,-48]],[[2280993,2619067],[-51,-65]],[[2280942,2619002],[6,-17]],[[2280948,2618985],[-2,-68]],[[2280946,2618917],[-11,-25]],[[2280935,2618892],[-27,-34]],[[2280908,2618858],[-18,-118]],[[2280890,2618740],[-19,-137]],[[2280871,2618603],[-35,-70]],[[2280836,2618533],[-226,-329]],[[2280610,2618204],[-16,-42]],[[2280594,2618162],[-13,-105]],[[2280581,2618057],[3,-87]],[[2280584,2617970],[-66,-634]],[[2280518,2617336],[-37,-66]],[[2280481,2617270],[-13,-60]],[[2280468,2617210],[10,-14]],[[2280478,2617196],[51,28]],[[2280529,2617224],[-21,-124]],[[2280508,2617100],[-58,-17]],[[2280450,2617083],[-39,6]],[[2280411,2617089],[-22,-23]],[[2280389,2617066],[32,-573]],[[2280421,2616493],[-6,-90]],[[2280415,2616403],[-12,-198]],[[2280403,2616205],[2,-101]],[[2280405,2616104],[15,-82]],[[2280420,2616022],[18,-92]],[[2280438,2615930],[2,-48]],[[2280440,2615882],[38,-525]],[[2280478,2615357],[1,-33]],[[2280479,2615324],[-50,-763]],[[2280429,2614561],[30,-57]],[[2280459,2614504],[-2,-216]],[[2280457,2614288],[9,-69]],[[2280466,2614219],[-13,-710]],[[2280453,2613509],[23,-56]],[[2280476,2613453],[23,-12]],[[2280499,2613441],[38,6]],[[2280537,2613447],[28,-10]],[[2280565,2613437],[-31,-40]],[[2280534,2613397],[-214,-154]],[[2280320,2613243],[-44,-177]],[[2280276,2613066],[-18,-85]],[[2280258,2612981],[-142,-299]],[[2280116,2612682],[-98,-228]],[[2280018,2612454],[-121,-231]],[[2279897,2612223],[-98,-197]],[[2279799,2612026],[-27,-300]],[[2279772,2611726],[-34,-403]],[[2279738,2611323],[-8,-63]],[[2279730,2611260],[-60,-511]],[[2279670,2610749],[134,-782]],[[2279804,2609967],[9,-3]],[[2279813,2609964],[79,-19]],[[2279892,2609945],[4,0]],[[2279896,2609945],[196,-604],[536,-395],[450,207],[329,-623]],[[2281407,2608530],[75,-77]],[[2281482,2608453],[74,-35]],[[2281556,2608418],[38,-1]],[[2281594,2608417],[112,9]],[[2281706,2608426],[73,-11]],[[2281779,2608415],[402,-459]],[[2282181,2607956],[42,-32]],[[2282223,2607924],[-58,-115]],[[2282165,2607809],[-9,-48]],[[2282156,2607761],[7,-26]],[[2282163,2607735],[27,-20]],[[2282190,2607715],[29,-5]],[[2282219,2607710],[37,17]],[[2282256,2607727],[25,10]],[[2282281,2607737],[22,-20]],[[2282303,2607717],[10,-779]],[[2282313,2606938],[30,-138]],[[2282343,2606800],[43,-125]],[[2282386,2606675],[156,-83]],[[2282542,2606592],[43,-116]],[[2282585,2606476],[1,-118]],[[2282586,2606358],[-3,-296]],[[2282583,2606062],[-3,-82]],[[2282580,2605980],[20,-525]],[[2282600,2605455],[6,-110]],[[2282606,2605345],[27,-56]],[[2282633,2605289],[59,-57]],[[2282692,2605232],[75,-546]],[[2282767,2604686],[55,-210]],[[2282822,2604476],[27,-94]],[[2282849,2604382],[66,-209]],[[2282915,2604173],[45,-229]],[[2282960,2603944],[15,-143]],[[2282975,2603801],[140,-448]],[[2283115,2603353],[38,-81]],[[2283153,2603272],[-131,-342]],[[2283022,2602930],[-33,-116]],[[2282989,2602814],[-118,-244]],[[2282871,2602570],[-10,-25]],[[2282861,2602545],[-22,-145]],[[2282839,2602400],[-5,-284]],[[2282834,2602116],[-4,-99]],[[2282830,2602017],[-97,-219]],[[2282733,2601798],[1,-89]],[[2282734,2601709],[7,-235]],[[2282741,2601474],[-5,-70]],[[2282736,2601404],[-42,-356]],[[2282694,2601048],[11,-103]],[[2282705,2600945],[162,-141]],[[2282867,2600804],[158,-1546]],[[2283025,2599258],[-49,-152]],[[2282976,2599106],[-135,-228]],[[2282841,2598878],[-86,-187]],[[2282755,2598691],[-50,-426]],[[2282705,2598265],[-21,-139]],[[2282684,2598126],[53,-303]],[[2282737,2597823],[-4,-66]],[[2282733,2597757],[-8,-41]],[[2282725,2597716],[-8,-26]],[[2282717,2597690],[-25,-56]],[[2282692,2597634],[-45,-103]],[[2282647,2597531],[-31,-271]],[[2282616,2597260],[-66,-82]],[[2282550,2597178],[-23,-110]],[[2282527,2597068],[7,-47]],[[2282534,2597021],[18,-29]],[[2282552,2596992],[41,-74]],[[2282593,2596918],[63,-79]],[[2282656,2596839],[-21,-81]],[[2282635,2596758],[362,-240]],[[2282997,2596518],[29,-36]],[[2283026,2596482],[59,-55]],[[2283085,2596427],[48,-135]],[[2283133,2596292],[-149,-102]],[[2282984,2596190],[-896,-841]],[[2282088,2595349],[-25,-123]],[[2282063,2595226],[38,-34]],[[2282101,2595192],[-12,-43]],[[2282089,2595149],[-93,-419]],[[2281996,2594730],[-32,-173]],[[2281964,2594557],[-109,-596]],[[2281855,2593961],[-50,-269]],[[2281805,2593692],[-413,-1186]],[[2281392,2592506],[-6,-64]],[[2281386,2592442],[-43,-253]],[[2281343,2592189],[-65,-54]],[[2281278,2592135],[-4,-7]],[[2281274,2592128],[3,-36]],[[2281277,2592092],[73,-104]],[[2281350,2591988],[80,-120]],[[2281430,2591868],[-31,-113]],[[2281399,2591755],[-14,-30]],[[2281385,2591725],[-26,-76]],[[2281359,2591649],[0,-20]],[[2281359,2591629],[-44,-92]],[[2281315,2591537],[-50,-106]],[[2281265,2591431],[7,-31]],[[2281272,2591400],[-37,-81]],[[2281235,2591319],[-198,-243]],[[2281037,2591076],[-73,-83]],[[2280964,2590993],[175,-744]],[[2281139,2590249],[118,-83]],[[2281257,2590166],[63,-56]],[[2281320,2590110],[125,-98]],[[2281445,2590012],[34,-26]],[[2281479,2589986],[36,-27]],[[2281515,2589959],[35,-27]],[[2281550,2589932],[53,-69]],[[2281603,2589863],[12,-33]],[[2281615,2589830],[31,-79]],[[2281646,2589751],[51,-69]],[[2281697,2589682],[-6,-49]],[[2281691,2589633],[-69,-161]],[[2281622,2589472],[-9,-85]],[[2281613,2589387],[-2,-16]],[[2281611,2589371],[10,-38]],[[2281621,2589333],[8,-67]],[[2281629,2589266],[-39,-60]],[[2281590,2589206],[-17,-48]],[[2281573,2589158],[5,-48]],[[2281578,2589110],[55,-83]],[[2281633,2589027],[59,-83]],[[2281692,2588944],[38,-238]],[[2281730,2588706],[12,-107]],[[2281742,2588599],[69,-145]],[[2281811,2588454],[87,-144]],[[2281898,2588310],[-21,-227]],[[2281877,2588083],[-18,-69]],[[2281859,2588014],[-21,-71]],[[2281838,2587943],[4,-68]],[[2281842,2587875],[-71,-249]],[[2281771,2587626],[-15,-57]],[[2281756,2587569],[-18,-68]],[[2281738,2587501],[-26,-139]],[[2281712,2587362],[13,-24]],[[2281725,2587338],[30,-61]],[[2281755,2587277],[107,-118]],[[2281862,2587159],[-1,-22]],[[2281861,2587137],[108,-133]],[[2281969,2587004],[34,-15]],[[2282003,2586989],[-45,-256]],[[2281958,2586733],[3,-72]],[[2281961,2586661],[122,-66]],[[2282083,2586595],[142,-97]],[[2282225,2586498],[51,-18]],[[2282276,2586480],[155,-112]],[[2282431,2586368],[164,-61]],[[2282595,2586307],[88,-39]],[[2282683,2586268],[216,-85]],[[2282899,2586183],[55,-19]],[[2282954,2586164],[80,-43]],[[2283034,2586121],[30,-28]],[[2283064,2586093],[118,-65]],[[2283182,2586028],[90,32]],[[2283272,2586060],[467,-342]],[[2283739,2585718],[126,-2]],[[2283865,2585716],[157,-82]],[[2284022,2585634],[116,4]],[[2284138,2585638],[91,4]],[[2284229,2585642],[67,-328]],[[2284296,2585314],[34,-167]],[[2284330,2585147],[-119,-157]],[[2284211,2584990],[101,-42]],[[2284312,2584948],[103,-13]],[[2284415,2584935],[63,-122]],[[2284478,2584813],[14,-77]],[[2284492,2584736],[18,-68]],[[2284510,2584668],[22,-159]],[[2284532,2584509],[-9,-233]],[[2284523,2584276],[-69,-268]],[[2284454,2584008],[-32,-52]],[[2284422,2583956],[-135,-271]],[[2284287,2583685],[-5,-32]],[[2284282,2583653],[-4,-196]],[[2284278,2583457],[-13,-77]],[[2284265,2583380],[-37,-71]],[[2284228,2583309],[-8,-12]],[[2284220,2583297],[-72,-88]],[[2284148,2583209],[-75,-117]],[[2284073,2583092],[-43,-44]],[[2284030,2583048],[-25,-32]],[[2284005,2583016],[-61,-49]],[[2283944,2582967],[-61,-62]],[[2283883,2582905],[-40,-41]],[[2283843,2582864],[-68,-142]],[[2283775,2582722],[-60,-47]],[[2283715,2582675],[-110,-94]],[[2283605,2582581],[-131,-121]],[[2283474,2582460],[-67,-95]],[[2283407,2582365],[-124,-155]],[[2283283,2582210],[-35,-60]],[[2283248,2582150],[-141,-925],[-995,-180],[461,-643],[-1445,645],[-1015,-558],[-1452,237]],[[2278661,2580726],[-45,-129]],[[2278616,2580597],[-782,3]],[[2277834,2580600],[11,-20]],[[2277845,2580580],[-148,-163]],[[2277697,2580417],[-26,-64]],[[2277671,2580353],[0,-1]],[[2277671,2580352],[-63,-177]],[[2277608,2580175],[-53,-59]],[[2277555,2580116],[-37,-65]],[[2277518,2580051],[-18,-47]],[[2277500,2580004],[12,-153]],[[2277512,2579851],[46,-481]],[[2277558,2579370],[22,-229]],[[2277580,2579141],[38,-164]],[[2277618,2578977],[-10,-16]],[[2277608,2578961],[-121,-77]],[[2277487,2578884],[-621,-367]],[[2276866,2578517],[-140,-185]],[[2276726,2578332],[-147,-281]],[[2276579,2578051],[-75,-183]],[[2276504,2577868],[-49,-284]],[[2276455,2577584],[45,-119]],[[2276500,2577465],[215,-334]],[[2276715,2577131],[23,-116]],[[2276738,2577015],[-7,-189]],[[2276731,2576826],[-3,-58]],[[2276728,2576768],[33,-80]],[[2276761,2576688],[-699,-640]],[[2276062,2576048],[-150,-182]],[[2275912,2575866],[-52,-68]],[[2275860,2575798],[166,-204]],[[2276026,2575594],[39,-73]],[[2276065,2575521],[37,-60]],[[2276102,2575461],[42,-14]],[[2276144,2575447],[503,-422]],[[2276647,2575025],[143,-23]],[[2276790,2575002],[350,-57]],[[2277140,2574945],[74,-17]],[[2277214,2574928],[24,-11]],[[2277238,2574917],[79,-38]],[[2277317,2574879],[118,-9]],[[2277435,2574870],[48,-17]],[[2277483,2574853],[261,17]],[[2277744,2574870],[223,-23]],[[2277967,2574847],[112,65]],[[2278079,2574912],[58,-2]],[[2278137,2574910],[1124,-356]],[[2279261,2574554],[62,-24]],[[2279323,2574530],[157,-178]],[[2279480,2574352],[66,7]],[[2279546,2574359],[94,-22]],[[2279640,2574337],[85,38]],[[2279725,2574375],[163,117]],[[2279888,2574492],[60,-4]],[[2279948,2574488],[53,-49]],[[2280001,2574439],[124,-123]],[[2280125,2574316],[240,-222]],[[2280365,2574094],[295,-137]],[[2280660,2573957],[41,-28]],[[2280701,2573929],[79,24]],[[2280780,2573953],[87,59]],[[2280867,2574012],[26,16]],[[2280893,2574028],[60,17]],[[2280953,2574045],[37,-14]],[[2280990,2574031],[90,-36]],[[2281080,2573995],[174,1]],[[2281254,2573996],[16,-3]],[[2281270,2573993],[403,-111]],[[2281673,2573882],[90,-74]],[[2281763,2573808],[163,-55]],[[2281926,2573753],[43,5]],[[2281969,2573758],[69,-8]],[[2282038,2573750],[31,16]],[[2282069,2573766],[6,13]],[[2282075,2573779],[14,21]],[[2282089,2573800],[13,0]],[[2282102,2573800],[14,-17]],[[2282116,2573783],[17,-13]],[[2282133,2573770],[9,-11]],[[2282142,2573759],[231,-39]],[[2282373,2573720],[9,-45]],[[2282382,2573675],[-12,-175]],[[2282370,2573500],[-8,-28]],[[2282362,2573472],[-56,-93]],[[2282306,2573379],[-29,-70]],[[2282277,2573309],[14,-57]],[[2282291,2573252],[-32,-36]],[[2282259,2573216],[-49,-259]],[[2282210,2572957],[7,-48]],[[2282217,2572909],[1,-2]],[[2282218,2572907],[3,-4]],[[2282221,2572903],[11,-15]],[[2282232,2572888],[19,-47]],[[2282251,2572841],[-140,-345]],[[2282111,2572496],[-30,-106]],[[2282081,2572390],[-20,-69]],[[2282061,2572321],[0,-91]],[[2282061,2572230],[-9,-121]],[[2282052,2572109],[-61,-133]],[[2281991,2571976],[-10,-25]],[[2281981,2571951],[24,-85]],[[2282005,2571866],[162,-172]],[[2282167,2571694],[27,-29]],[[2282194,2571665],[46,-407]],[[2282240,2571258],[48,-1]],[[2282288,2571257],[38,35]],[[2282326,2571292],[13,8]],[[2282339,2571300],[28,-5]],[[2282367,2571295],[22,-37]],[[2282389,2571258],[7,-30]],[[2282396,2571228],[-65,-208]],[[2282331,2571020],[-92,-39]],[[2282239,2570981],[-68,-133]],[[2282171,2570848],[113,-82]],[[2282284,2570766],[76,-41]],[[2282360,2570725],[72,-137]],[[2282432,2570588],[-75,-42]],[[2282357,2570546],[-131,-23]],[[2282226,2570523],[1,-43]],[[2282227,2570480],[55,-96]],[[2282282,2570384],[-23,-103]],[[2282259,2570281],[-7,-76]],[[2282252,2570205],[66,-39]],[[2282318,2570166],[80,-38]],[[2282398,2570128],[68,-24]],[[2282466,2570104],[138,-44]],[[2282604,2570060],[396,-155]],[[2283000,2569905],[41,-1]],[[2283041,2569904],[158,29]],[[2283199,2569933],[173,59]],[[2283372,2569992],[555,313]],[[2283927,2570305],[154,47]],[[2284081,2570352],[399,42]],[[2284480,2570394],[55,-23]],[[2284535,2570371],[231,4]],[[2284766,2570375],[91,-13]],[[2284857,2570362],[319,-20]],[[2285176,2570342],[68,-17]],[[2285244,2570325],[464,304]],[[2285708,2570629],[258,110]],[[2285966,2570739],[232,74]],[[2286198,2570813],[87,67]],[[2286285,2570880],[105,14]],[[2286390,2570894],[74,0]],[[2286464,2570894],[86,-3]],[[2286550,2570891],[99,26]],[[2286649,2570917],[249,17]],[[2286898,2570934],[49,9]],[[2286947,2570943],[63,47]],[[2287010,2570990],[324,282],[1139,-199]],[[2288473,2571073],[299,251]],[[2288772,2571324],[97,161]],[[2288869,2571485],[35,52]],[[2288904,2571537],[75,-99]],[[2288979,2571438],[302,-490],[-280,-590],[-1539,-1526],[288,-1385],[-1183,-812],[112,-1335],[-634,-953],[802,-1411],[-220,-941],[-333,-82],[-226,-1082],[-1412,-93],[435,-1016],[-926,-1278],[-124,-4818],[-774,-789],[337,-1765]],[[2283604,2551072],[-2367,-259],[-354,543],[-1014,-84],[-3341,-891],[-37,-3101],[-649,-938],[-84,-1416],[-1098,-1096],[-509,-1268],[-1458,-5476],[-1770,102]],[[2270923,2537188],[-1062,-104],[-1194,-979],[-4916,1191],[-329,-1406],[276,-1801],[-728,-4379],[160,-4617],[-369,-2299],[-1182,-571],[-444,-971],[-1012,-417],[-2095,732],[-2699,-1839],[-1741,-1695],[-720,-1256],[-1116,-4849],[182,-2575],[-595,-2274],[-703,-916],[914,-3171],[-175,-2690],[964,33],[745,-1059],[1752,-1095],[1885,379],[-110,-1530],[698,-3123],[-982,-2057],[155,-953],[-682,-3105],[-1822,-1775],[438,-807],[-383,-1303],[-226,-386],[-1451,-182],[-376,-548],[-66,-1620],[-665,-643],[401,-393],[-130,-698],[-1532,-845]],[[2249988,2478592],[-723,-696],[-1083,-2495],[-1170,-4542],[-2034,-3228],[-3019,-2333],[-1888,-3066],[1052,-1946],[1148,-810],[-58,-1486],[1064,-1977],[1709,-931],[-733,-4334],[782,-1217],[-238,-533],[286,-1066],[385,-436],[479,242],[-88,-937],[585,-850],[1038,-779],[1106,-89],[-474,-709],[-103,-1462],[738,-806],[4,-1174],[804,-369],[1569,786],[1540,-142]],[[2252666,2441207],[-387,-988],[545,-1025],[100,-1673],[-1023,-1478],[194,-597],[-797,-2696],[1511,-5923],[-2813,-1939],[-2781,-19],[-610,-2832],[-276,-3820],[1100,-782],[2279,-743],[-2095,-833],[-782,-910],[-838,-3248],[1929,-3479],[477,-3117],[-749,-1393],[39,-1268],[-558,-386],[-1160,-2195],[-191,-1212],[-678,-1027],[-801,-205],[-317,-1468],[-1301,-1629],[-672,25],[-471,-439],[266,-698],[-1134,-3428]],[[2240672,2389782],[-768,461],[-340,1970],[-1723,1342],[-1738,-83],[-1408,-557],[-1384,691],[-1254,-1761],[-1200,-923],[-2881,1465],[-550,781],[-2036,-710]],[[2225390,2392458],[-1137,91],[-1672,-878],[-1615,-134],[-158,-1035],[-3486,-4053],[-204,-1584],[-878,-1836],[143,-989],[-1941,-2632],[-1419,-4258],[-2036,-1954],[-1846,530],[-707,-209],[983,-3894],[15,-2183],[-2602,271],[-2468,-1131],[-1346,-5131],[-1171,-1985],[-4553,-4963],[-2039,-93],[-1742,1578],[-1987,-2220],[-141,-516],[1627,-4149],[2337,-3926],[-878,-3137],[2378,-509],[1409,-1989],[91,-1110],[-788,-2614],[-2170,-370],[-840,344],[-2942,-1060],[-457,2462],[-2352,892],[-414,-166],[-542,-1276],[-1867,-64],[149,-1288],[-479,-1779],[-412,-198],[-1538,638],[-1535,-1377],[-1433,-186],[379,-601],[-37,-1558],[-1689,-1123],[-1329,-1794],[-194,-1003],[-1533,437],[-2396,-1145],[-303,-1869],[-4802,-2134],[1981,-2671],[8,-2325],[-1015,-703],[-1116,966],[-886,35],[-432,-682],[265,-1834]],[[2167628,2314384],[-1071,-2216],[-1548,-72],[-1727,1033],[-968,27]],[[2162314,2313156],[-552,330],[-2038,-158],[-1279,-1241],[-3121,-1889]],[[2155324,2310198],[-2395,2117],[-660,1498],[-220,1966],[1819,2161],[1183,166],[634,1287],[1390,670],[-177,2003],[486,1070],[-308,1096],[579,1417],[1621,464],[396,-278],[438,380],[955,1869],[1047,386],[1085,1409],[245,1592],[1843,1814],[1060,1946],[2071,2007],[948,4625],[586,543],[167,2320],[1097,1538],[-335,576],[717,1381],[-592,314],[234,799],[494,849],[678,110],[20,915],[2420,2101],[1529,4534],[1337,2037],[-12,1581],[687,403],[575,1477],[-336,1204],[587,1053],[1140,5600],[45,1104],[-574,617],[301,1684],[-353,537],[-65,1963],[289,9],[45,759],[-292,2081],[-2071,2793],[-563,395],[-759,-113],[-1832,1248],[341,828],[758,451],[115,1217],[1166,2280],[783,657],[389,1433],[-44,2939],[-350,316],[291,843],[-791,3216]],[[2177186,2398455],[-165,445],[1086,2910],[2230,1632],[1273,1564],[-178,3024],[528,1252],[-316,578],[247,1158],[763,851],[-83,510],[824,1512],[-1,1788],[919,1331],[-365,799],[1095,480],[-19,619],[1230,1530],[144,1128],[396,-7],[847,1736],[-84,821],[467,574],[-175,1721],[1471,-1080],[1604,-333],[1589,-2185],[1574,-1072],[795,-1443],[1668,-855],[103,-416],[2110,-637],[3804,-415],[2060,-877],[2079,-2120],[1661,-109],[1359,1077],[624,1441],[2268,953],[229,1172],[-467,1539],[896,6143],[-293,2980],[559,2712],[-190,1819],[464,2584],[556,848],[-516,2722],[412,1712]],[[2214268,2442571],[686,2540]],[[2214954,2445111],[873,1759],[892,4393],[1060,1613],[1145,-23],[1290,1000],[849,3162],[2501,1388],[1276,-460],[-1065,1186],[-164,723],[1221,1887],[-604,1474],[79,1160],[-346,229],[538,855],[-32,957],[-1505,950],[-1870,255],[-22,1221],[-1434,1395],[1551,1398],[379,1513],[-65,2499],[542,1915],[-634,9950],[-479,1579],[672,2661],[-806,1083],[1271,4212],[-141,1955]],[[2221926,2499000],[508,-210],[496,587],[-458,3171],[1311,3443],[-171,607],[1320,2104],[-4,1079],[1509,2334],[1308,91],[-143,2250],[1160,2348],[360,1931],[1066,972],[-230,1144],[1125,2894],[132,3815],[1364,1963],[-382,969],[150,1891],[-791,2228],[2056,945],[-1987,1860],[-551,2563],[-1350,1974],[1180,1116],[-483,621],[217,271],[1389,175],[1863,1207],[-1111,1720],[937,621],[4,708],[-152,512],[-802,222],[200,1797],[-902,2809],[1222,550],[119,1085],[-768,716],[-462,-220],[-1283,5617],[-5983,1294],[-71,-357],[-4109,4764],[-55,549],[-416,-183],[-57,424],[-534,-16],[305,307],[-542,357],[452,59],[146,518],[-885,601],[291,1245]],[[2219434,2571042],[1866,139],[-356,1248],[2249,591],[-674,53],[555,323],[-361,920],[1702,281],[-370,1390],[1873,-644],[-622,730],[1838,1205],[676,1221],[664,-35],[1509,-996],[919,347],[-629,-1449],[207,-227],[2311,2158],[659,57],[913,776],[1299,-254],[341,972],[924,-251],[254,1223],[1179,-71],[-748,518],[102,678],[-2731,616],[-482,1505],[-970,686],[384,1737],[1770,1567],[-850,715],[-560,1654]],[[2234275,2590425],[784,712],[126,677],[-1550,-74],[-732,638],[1786,612],[86,1130],[-479,710],[849,1109],[2577,1386],[300,1167],[848,410]],[[2238870,2598902],[-25,-499],[1649,-272],[693,842],[3350,1500],[556,-758],[1494,824],[558,-1256],[798,795],[-676,1841],[501,381],[-757,76],[-822,928],[554,1553],[1419,432],[-152,579],[-521,22],[114,335],[906,-178],[498,-778],[-877,1890],[1520,115],[-313,1653],[1390,607],[356,1600],[-656,-271],[-144,246],[1022,1010],[15,358],[-556,89],[790,1698],[-990,-247],[859,684],[-162,350],[-708,-92],[854,346],[-148,1081],[846,-261],[-696,569],[408,997],[922,11],[-699,-157],[197,-712],[1017,411],[825,2381],[812,151],[-391,-569],[237,-153],[710,1269],[1467,-34],[97,-1470],[617,-938],[1819,1606],[-1271,100],[871,385],[-160,975],[643,206],[-517,322],[2643,1679],[-1517,977],[594,514],[-1271,656],[251,1410],[922,298],[377,-1703],[851,1410],[-700,1525],[-1619,1607],[1306,793]],[[2260850,2630641],[73,59]],[[2260923,2630700],[27,23]],[[2260950,2630723],[1,0]],[[2260951,2630723],[11,7]],[[2260962,2630730],[7,3]],[[2260969,2630733],[28,16]],[[2260997,2630749],[59,32]],[[2261056,2630781],[17,9]],[[2261073,2630790],[325,114]],[[2261398,2630904],[27,9]],[[2261425,2630913],[243,81]],[[2261668,2630994],[34,11]],[[2261702,2631005],[53,19]],[[2261755,2631024],[40,15]],[[2261795,2631039],[44,15]],[[2261839,2631054],[50,17]],[[2261889,2631071],[48,15]],[[2261937,2631086],[33,8]],[[2261970,2631094],[298,92]],[[2262268,2631186],[68,23]],[[2262336,2631209],[68,19]],[[2262404,2631228],[108,31]],[[2262512,2631259],[48,9]],[[2262560,2631268],[73,9]],[[2262633,2631277],[41,5]],[[2262674,2631282],[33,2]],[[2262707,2631284],[49,0]],[[2262756,2631284],[72,0]],[[2262828,2631284],[43,-2]],[[2262871,2631282],[299,-41]],[[2263170,2631241],[49,-21]],[[2263219,2631220],[279,-148]],[[2263498,2631072],[33,-24]],[[2263531,2631048],[9,-7]],[[2263540,2631041],[56,-51]],[[2263596,2630990],[51,-47]],[[2263647,2630943],[30,-35]],[[2263677,2630908],[73,-74]],[[2263750,2630834],[36,-35]],[[2263786,2630799],[14,-15]],[[2263800,2630784],[32,-33]],[[2263832,2630751],[30,-31]],[[2263862,2630720],[95,-115]],[[2263957,2630605],[20,-35]],[[2263977,2630570],[22,-43]],[[2263999,2630527],[17,-46]],[[2264016,2630481],[47,-144]],[[2264063,2630337],[17,-70]],[[2264080,2630267],[45,-147]],[[2264125,2630120],[27,-77]],[[2264152,2630043],[16,-42]],[[2264168,2630001],[27,-87]],[[2264195,2629914],[46,-269]],[[2264241,2629645],[-1,-72]],[[2264240,2629573],[0,-155]],[[2264240,2629418],[4,-71]],[[2264244,2629347],[-1,-68]],[[2264243,2629279],[-1,-35]],[[2264242,2629244],[1,-233]],[[2264243,2629011],[-2,-23]],[[2264241,2628988],[0,-25]],[[2264241,2628963],[-2,-28]],[[2264239,2628935],[7,-43]],[[2264246,2628892],[6,-9]],[[2264252,2628883],[61,-35]],[[2264313,2628848],[33,-2]],[[2264346,2628846],[246,44]],[[2264592,2628890],[40,8]],[[2264632,2628898],[278,30]],[[2264910,2628928],[31,-6]],[[2264941,2628922],[38,-11]],[[2264979,2628911],[38,-12]],[[2265017,2628899],[11,-4]],[[2265028,2628895],[35,-15]],[[2265063,2628880],[124,-82]],[[2265187,2628798],[24,-21]],[[2265211,2628777],[11,-8]],[[2265222,2628769],[25,-23]],[[2265247,2628746],[11,-10]],[[2265258,2628736],[25,-17]],[[2265283,2628719],[17,-9]],[[2265300,2628710],[16,-4]],[[2265316,2628706],[54,-3]],[[2265370,2628703],[10,4]],[[2265380,2628707],[19,14]],[[2265399,2628721],[5,15]],[[2265404,2628736],[7,19]],[[2265411,2628755],[3,26]],[[2265414,2628781],[0,4]],[[2265414,2628785],[1,20]],[[2265415,2628805],[-40,235]],[[2265375,2629040],[-13,43]],[[2265362,2629083],[-17,61]],[[2265345,2629144],[-19,72]],[[2265326,2629216],[-30,135]],[[2265296,2629351],[-16,74]],[[2265280,2629425],[-6,33]],[[2265274,2629458],[-6,77]],[[2265268,2629535],[-7,68]],[[2265261,2629603],[9,463]],[[2265270,2630066],[6,49]],[[2265276,2630115],[12,42]],[[2265288,2630157],[18,44]],[[2265306,2630201],[15,43]],[[2265321,2630244],[20,44]],[[2265341,2630288],[40,105]],[[2265381,2630393],[11,28]],[[2265392,2630421],[17,31]],[[2265409,2630452],[16,27]],[[2265425,2630479],[11,17]],[[2265436,2630496],[35,54]],[[2265471,2630550],[68,168]],[[2265539,2630718],[46,72]],[[2265585,2630790],[191,102]],[[2265776,2630892],[31,2]],[[2265807,2630894],[25,-10]],[[2265832,2630884],[26,-14]],[[2265858,2630870],[167,-317]],[[2266025,2630553],[8,-48]],[[2266033,2630505],[-17,-187]],[[2266016,2630318],[-22,-111]],[[2265994,2630207],[-22,-97]],[[2265972,2630110],[-21,-151]],[[2265951,2629959],[5,-36]],[[2265956,2629923],[12,-46]],[[2265968,2629877],[15,-52]],[[2265983,2629825],[9,-31]],[[2265992,2629794],[7,-32]],[[2265999,2629762],[64,-336]],[[2266063,2629426],[13,-13]],[[2266076,2629413],[12,-7]],[[2266088,2629406],[28,-11]],[[2266116,2629395],[72,4]],[[2266188,2629399],[18,15]],[[2266206,2629414],[3,3]],[[2266209,2629417],[35,45]],[[2266244,2629462],[13,23]],[[2266257,2629485],[14,24]],[[2266271,2629509],[5,11]],[[2266276,2629520],[10,33]],[[2266286,2629553],[13,47]],[[2266299,2629600],[8,34]],[[2266307,2629634],[5,24]],[[2266312,2629658],[2,54]],[[2266314,2629712],[0,15]],[[2266314,2629727],[-1,70]],[[2266313,2629797],[-3,20]],[[2266310,2629817],[-7,36]],[[2266303,2629853],[-18,97]],[[2266285,2629950],[-8,48]],[[2266277,2629998],[-58,256]],[[2266219,2630254],[-4,34]],[[2266215,2630288],[-5,81]],[[2266210,2630369],[3,19]],[[2266213,2630388],[30,74]],[[2266243,2630462],[17,31]],[[2266260,2630493],[49,65]],[[2266309,2630558],[34,49]],[[2266343,2630607],[20,53]],[[2266363,2630660],[17,46]],[[2266380,2630706],[13,46]],[[2266393,2630752],[23,41]],[[2266416,2630793],[27,50]],[[2266443,2630843],[107,80]],[[2266550,2630923],[0,-2]],[[2266550,2630921],[79,-46]],[[2266629,2630875],[19,-34]],[[2266648,2630841],[6,-29]],[[2266654,2630812],[6,-58]],[[2266660,2630754],[-1,-48]],[[2266659,2630706],[-39,-284]],[[2266620,2630422],[-10,-53]],[[2266610,2630369],[-8,-206]],[[2266602,2630163],[4,-34]],[[2266606,2630129],[0,-34]],[[2266606,2630095],[3,-25]],[[2266609,2630070],[2,-24]],[[2266611,2630046],[52,-166]],[[2266663,2629880],[35,-61]],[[2266698,2629819],[86,-146]],[[2266784,2629673],[25,-42]],[[2266809,2629631],[23,-46]],[[2266832,2629585],[20,-32]],[[2266852,2629553],[55,-148]],[[2266907,2629405],[27,-118]],[[2266934,2629287],[116,-255]],[[2267050,2629032],[13,-26]],[[2267063,2629006],[10,-28]],[[2267073,2628978],[24,-60]],[[2267097,2628918],[15,-29]],[[2267112,2628889],[27,-62]],[[2267139,2628827],[9,-18]],[[2267148,2628809],[29,-84]],[[2267177,2628725],[2,-6]],[[2267179,2628719],[5,-20]],[[2267184,2628699],[3,-22]],[[2267187,2628677],[6,-17]],[[2267193,2628660],[7,-22]],[[2267200,2628638],[0,-1]],[[2267200,2628637],[66,-47]],[[2267266,2628590],[28,-2]],[[2267294,2628588],[67,26]],[[2267361,2628614],[20,33]],[[2267381,2628647],[5,30]],[[2267386,2628677],[-20,46]],[[2267366,2628723],[-9,12]],[[2267357,2628735],[-23,40]],[[2267334,2628775],[-9,23]],[[2267325,2628798],[-4,18]],[[2267321,2628816],[53,102]],[[2267374,2628918],[45,37]],[[2267419,2628955],[14,7]],[[2267433,2628962],[95,29]],[[2267528,2628991],[25,8]],[[2267553,2628999],[92,13]],[[2267645,2629012],[528,28]],[[2268173,2629040],[62,-8]],[[2268235,2629032],[115,-16]],[[2268350,2629016],[39,-6]],[[2268389,2629010],[83,-17]],[[2268472,2628993],[55,-12]],[[2268527,2628981],[52,-6]],[[2268579,2628975],[31,4]],[[2268610,2628979],[143,166]],[[2268753,2629145],[31,23]],[[2268784,2629168],[104,77]],[[2268888,2629245],[49,43]],[[2268937,2629288],[345,377]],[[2269282,2629665],[18,58]],[[2269300,2629723],[11,32]],[[2269311,2629755],[7,34]],[[2269318,2629789],[16,168]],[[2269334,2629957],[-2,45]],[[2269332,2630002],[0,33]],[[2269332,2630035],[4,46]],[[2269336,2630081],[148,116]],[[1642754,3955172],[560,-355],[-556,-1042],[534,-1739],[-985,-245],[18,-1775],[-776,-768],[-2021,545],[-701,998],[-701,119],[429,2635],[2330,1356],[1869,271]],[[1767465,4053939],[1792,-623],[2005,252],[-2369,-935],[-605,145],[-1282,1316],[459,-155]],[[1732240,4067001],[666,1],[213,-947],[-2090,-238],[37,882],[1174,302]],[[1735882,4067759],[343,-228],[-299,-123],[-44,351]],[[1737630,4069802],[7,-314],[-262,238],[255,76]],[[1737527,4070227],[-5,-20],[-4,-13],[-5,-11],[-2,-7],[1,-15],[-5,-8],[-3,-13],[1,-3],[1,-4],[2,-11],[1,-2],[5,-15],[1,-25],[1,-16],[-1,-12],[-3,-6],[-3,-7],[-16,-20],[-22,-29],[-14,-16],[-26,-19],[-11,-4],[-15,-1],[-12,2],[-1,0],[-15,3],[-8,2],[-6,3],[-6,3],[-13,9],[-8,8],[-5,7],[-8,13],[-4,8],[-8,27],[-4,16],[-4,18],[-6,6],[-5,3],[-6,3],[-6,4],[-7,10],[-2,6],[0,30],[0,22],[-1,24],[3,11],[9,14],[10,9],[8,6],[15,9],[8,2],[11,-2],[17,1],[15,2],[15,3],[10,2],[7,4],[2,5],[2,6],[0,7],[0,8],[0,5],[-1,7],[2,16],[3,17],[4,26],[3,14],[5,7],[7,11],[10,9],[3,3],[6,4],[8,2],[10,2],[10,1],[7,-2],[8,-4],[3,-1],[3,-5],[2,-5],[4,-8],[2,-6],[5,-7],[5,-1],[4,-2],[5,-5],[3,-7],[5,-32],[-4,-30],[3,-46]],[[1736613,4070463],[2,-9],[3,-11],[7,-13],[3,-5],[6,-2],[8,-4],[5,1],[15,-19],[8,5],[-3,5],[9,4],[0,0],[8,-11],[10,-13],[-5,-9],[0,-5],[1,-3],[4,-6],[3,-5],[3,-5],[3,-10],[-2,-10],[-16,-17],[-25,-14],[-15,-6],[-7,-2],[-18,-4],[-6,-2],[-23,-9],[-11,-8],[-2,-9],[-2,-10],[-2,-15],[0,-2],[-2,-11],[-3,-8],[-4,-4],[-1,-1],[-9,-4],[-6,0],[-6,3],[-5,9],[-2,4],[-1,10],[-1,7],[-3,23],[-3,12],[-6,19],[-7,42],[-3,9],[-5,12],[-2,9],[0,11],[0,10],[-2,7],[-12,10],[-8,9],[-6,8],[-15,13],[-12,10],[4,5],[9,-9],[20,-17],[8,-3],[11,5],[6,11],[3,-1],[7,16],[-7,15],[-6,12],[5,1],[7,-14],[4,-7],[14,6],[13,2],[10,0],[11,-3],[10,-5],[6,-1],[7,3],[3,6],[5,13],[4,8],[2,3],[5,2],[4,0],[3,0],[2,-1],[1,-2],[0,-6],[-1,-7],[-2,-6],[-4,-7],[-1,-5]],[[1737004,4070606],[320,-140],[-375,-124],[55,264]],[[1737695,4070777],[-14,-28],[-18,-25],[-16,-18],[-14,-14],[-17,-25],[-18,-16],[-7,-7],[-16,-6],[-11,0],[-5,2],[-4,4],[-3,6],[-14,8],[-5,5],[-3,6],[-1,3],[0,6],[0,3],[1,4],[3,5],[24,19],[0,4],[-2,6],[-3,9],[-5,7],[-10,16],[-10,12],[-34,-22],[-6,-3],[-5,5],[-9,10],[-14,-8],[5,-9],[-15,-9],[-11,20],[15,9],[2,5],[2,13],[0,1],[-1,4],[-12,14],[-6,30],[8,39],[0,8],[-2,36],[1,7],[4,8],[9,16],[4,7],[4,7],[4,6],[6,8],[8,9],[10,9],[10,5],[9,0],[5,0],[7,-2],[10,-9],[13,-16],[14,-18],[19,-33],[6,-18],[11,-26],[9,-15],[6,-9],[5,-4],[9,-4],[8,-3],[20,-3],[17,-1],[10,-4],[7,-4],[6,-9],[1,-9],[-1,-24]],[[1738267,4073004],[301,-1139],[925,-481],[770,127],[-225,-1068],[-211,363],[-287,-585],[-176,659],[-701,-445],[778,-719],[586,508],[134,-669],[132,948],[915,-48],[12,375],[-898,-185],[93,648],[1217,-56],[2766,-891],[770,157],[431,-552],[-337,-996],[-3960,-415],[-2823,200],[-1625,-412],[-384,579],[360,99],[-287,285],[379,360],[-283,584],[326,-203],[116,-1415],[163,869],[373,-277],[372,788],[183,-774],[5,1438],[489,119],[-412,1281],[-277,-1698],[-128,1215],[-459,122],[208,-515],[-598,125],[129,-339],[-291,535],[1429,1498]],[[1774917,4172191],[37,-97],[17,6],[3,-5],[-18,-7],[27,-73],[9,-20],[3,-3],[4,-5],[2,-2],[5,-5],[10,-35],[6,-21],[15,-37],[6,-15],[4,-8],[15,-23],[6,-16],[6,-12],[3,-7],[3,-12],[3,-18],[0,-8],[0,-6],[-1,-7],[6,-12],[-35,-19],[-2,-6],[-1,-3],[0,-2],[-1,-2],[-1,-5],[-2,-3],[0,-2],[-1,-4],[0,-4],[0,-3],[-1,-7],[0,-5],[-1,-1],[0,-3],[-1,-2],[0,-2],[0,-2],[0,-4],[1,-4],[3,-4],[2,-3],[1,-2],[1,-2],[-1,-2],[-1,-3],[-1,-2],[-3,-6],[-2,-2],[-3,-3],[-8,-7],[-4,-2],[-5,-2],[-3,-1],[-7,0],[-4,0],[-2,0],[-2,1],[-3,0],[-7,2],[-3,1],[-2,1],[-7,5],[-6,5],[-7,6],[-8,7],[-5,4],[-8,4],[-6,5],[-7,9],[-5,8],[-6,8],[-4,3],[-6,6],[-2,3],[-5,3],[-4,4],[-2,2],[-3,0],[-2,1],[-5,0],[-3,-1],[-5,-1],[-5,-2],[-5,-1],[-5,-1],[-4,0],[-4,2],[-3,1],[-4,4],[-8,14],[-14,28],[-15,23],[-5,9],[-3,5],[-4,6],[-8,18],[-2,7],[-2,7],[-1,8],[-2,6],[-4,18],[-2,6],[0,4],[-2,4],[-2,2],[-4,1],[-12,-1],[-12,2],[-4,3],[-5,6],[-2,6],[-1,6],[1,7],[-1,7],[4,23],[7,37],[8,36],[12,4],[4,4],[4,1],[4,1],[4,2],[4,2],[4,4],[6,5],[5,7],[4,7],[1,4],[1,2],[0,7],[1,11],[1,4],[1,10],[1,3],[7,10],[75,101],[4,4],[4,1],[5,0],[4,-2],[3,-7]],[[1785240,4173145],[-2,-18],[-6,-17],[-3,-17],[-5,-28],[-2,-20],[-2,-19],[-5,-18],[-9,-17],[-19,-15],[-28,-15],[-29,-8],[-24,-5],[-14,2],[-10,6],[-4,5],[-1,7],[-3,1],[-4,1],[-6,-3],[-6,-7],[-3,-6],[-6,-6],[-23,1],[-6,-36],[39,-1],[-1,-6],[-39,0],[-3,-20],[-3,0],[-17,1],[-8,25],[23,2],[10,38],[-25,1],[0,10],[-23,6],[-19,12],[-11,8],[-5,13],[-3,13],[2,12],[4,18],[6,18],[6,10],[7,3],[9,3],[19,7],[6,8],[9,9],[5,2],[4,2],[8,2],[6,4],[5,4],[12,7],[5,2],[2,12],[3,8],[3,4],[7,2],[6,0],[4,0],[4,-1],[4,0],[4,-1],[3,2],[3,5],[3,4],[3,2],[4,2],[3,0],[5,-3],[3,-3],[4,-7],[4,-5],[2,-4],[4,-1],[6,1],[4,-2],[3,-1],[2,-3],[4,-2],[6,2],[8,5],[6,3],[4,3],[1,3],[19,8],[7,9],[4,5],[3,6],[1,5],[4,3],[8,0],[6,-4],[3,-2],[5,-2],[4,-1],[1,-4],[5,-14],[0,-15]],[[1790192,4176493],[451,-34],[-1038,-119],[587,153]],[[1760592,4177301],[-22,-28],[-3,4],[-13,-9],[2,-6],[-15,-8],[-12,1],[-6,3],[-4,3],[-3,6],[-4,9],[-4,7],[-3,12],[-10,-2],[1,-13],[2,-16],[-4,-2],[2,-24],[1,-15],[-8,-1],[-2,19],[-5,42],[-5,1],[-5,4],[0,7],[0,4],[2,3],[0,1],[2,3],[2,34],[0,5],[3,3],[1,1],[7,6],[7,7],[17,12],[12,11],[8,5],[9,2],[-18,49],[8,2],[19,-50],[16,-3],[5,-14],[1,-5],[-1,-38],[11,-18],[9,-14]],[[1794907,4177389],[-6,-6],[-3,1],[1,-8],[1,-5],[-2,-3],[-2,-2],[-4,-1],[-1,0],[0,0],[-4,1],[-1,1],[-2,0],[-2,-1],[-3,-1],[-2,-2],[-1,-1],[0,-2],[-1,-1],[0,-1],[0,-2],[0,-1],[1,-3],[2,-10],[1,-2],[-1,-2],[-1,-2],[-3,-6],[-2,-3],[-2,-3],[-2,-3],[-4,-3],[-3,-2],[-6,-1],[-3,-1],[-4,0],[-3,0],[-3,1],[-2,-17],[-6,0],[4,17],[-5,2],[-6,4],[-2,1],[-2,1],[-3,-1],[-2,0],[-2,-2],[-1,-1],[-1,0],[-2,1],[-2,0],[-13,-6],[-5,10],[-1,0],[-3,1],[-1,0],[-2,0],[-7,-2],[-3,-2],[-5,14],[4,1],[-5,16],[-8,4],[-4,-3],[-15,7],[9,12],[3,-2],[3,8],[-5,6],[9,10],[7,-5],[10,12],[8,9],[6,7],[4,2],[-5,8],[13,9],[9,1],[-3,8],[13,6],[8,-13],[22,-3],[17,-5],[7,-2],[7,-3],[3,-1],[3,-1],[3,-1],[2,-2],[2,-2],[1,-3],[1,-3],[1,-3],[2,-2],[2,-4],[0,-4],[0,-2],[0,-2],[0,-3],[3,-3]],[[1791484,4177500],[221,-185],[-508,-821],[-121,774],[408,232]],[[1796325,4177690],[17,-11],[11,-6],[9,-6],[11,-12],[22,-19],[12,-19],[7,-12],[3,-9],[3,-8],[3,-10],[3,-14],[1,-5],[3,-15],[1,-14],[2,-12],[-1,-9],[-1,-10],[-2,-7],[-3,-9],[-2,-8],[-4,-8],[-3,-5],[-3,-3],[-4,-5],[-9,-5],[-20,-8],[-10,-3],[-15,-4],[-9,-1],[-10,-2],[-11,0],[-10,2],[-9,3],[-18,8],[-24,12],[-10,4],[-11,4],[-6,3],[-6,5],[-6,6],[-3,9],[-7,15],[-15,1],[-4,17],[-2,13],[13,1],[-1,13],[-1,9],[-3,7],[-4,6],[-6,6],[-1,3],[-1,3],[-1,3],[-2,2],[-2,2],[-4,3],[-2,1],[-2,1],[-3,2],[-2,5],[-6,33],[-2,13],[0,3],[1,4],[2,6],[1,3],[0,6],[1,5],[2,5],[3,3],[6,0],[5,-1],[7,3],[14,8],[9,5],[4,2],[15,3],[9,1],[11,1],[7,0],[6,5],[20,-5],[15,-5],[11,-3],[9,-4],[2,-1]],[[1794351,4177779],[6,-6],[7,6],[-2,3],[2,3],[9,-12],[-3,-3],[-2,4],[-8,-5],[2,-3],[2,-4],[2,-5],[1,-3],[0,-3],[-1,-4],[0,-2],[-1,-3],[0,-1],[-2,-3],[-2,-2],[-4,-3],[2,-2],[2,-3],[1,-3],[1,-3],[0,0],[0,-3],[0,-3],[-1,-3],[-1,-4],[-7,-11],[-1,-1],[-3,-2],[-69,-25],[-12,-4],[-2,0],[-1,0],[-2,0],[-2,1],[-5,3],[-4,4],[-3,3],[-1,3],[0,3],[0,3],[4,18],[3,10],[1,8],[0,5],[0,2],[0,3],[0,4],[-1,5],[0,1],[0,2],[17,27],[3,3],[3,2],[4,3],[9,4],[12,5],[7,2],[5,0],[7,0],[8,0],[7,-3],[6,-4],[7,-4]],[[1756581,4178224],[765,-132],[-144,-563],[-599,-46],[1797,-1457],[-669,-582],[-1428,-279],[-905,839],[-923,2195],[1144,-347],[962,372]],[[1793976,4178256],[0,-4],[1,-5],[1,-3],[3,-3],[3,-3],[3,-3],[1,-3],[0,-3],[-2,-5],[0,-2],[1,-4],[3,-6],[1,-4],[1,-3],[-1,-4],[-1,-7],[-1,-4],[-1,-1],[-4,0],[-4,2],[-3,2],[-2,4],[0,2],[0,4],[-1,4],[0,5],[-2,4],[-2,6],[-1,5],[-3,4],[-2,4],[-4,4],[-3,3],[-4,4],[-4,1],[-4,1],[-3,0],[-4,0],[-4,-1],[-6,-1],[-7,-5],[-9,-6],[-2,-4],[-1,-1],[-1,-3],[-1,-5],[-3,-10],[-2,-3],[-2,-3],[-2,-2],[-5,-2],[-2,-2],[-2,-2],[0,-2],[1,-1],[0,-1],[1,-2],[11,-11],[4,-3],[12,-12],[5,-2],[11,-3],[15,-3],[8,-2],[6,-2],[22,-12],[4,-4],[2,-4],[2,-7],[3,-12],[1,-9],[1,-3],[1,-9],[0,-8],[0,-6],[-2,-13],[-2,-7],[-2,-8],[-8,-16],[-5,-8],[-6,-6],[-4,-5],[-4,-3],[-21,-10],[-4,0],[-6,-1],[-8,1],[-4,1],[-6,1],[-5,2],[-4,0],[-6,0],[-5,0],[-7,0],[-12,2],[-10,1],[-16,3],[-10,3],[-10,4],[-3,1],[-8,6],[-6,5],[-10,8],[-6,5],[-3,4],[-3,2],[-1,3],[-2,4],[0,3],[-1,6],[1,5],[0,3],[0,5],[-1,2],[-1,5],[-2,4],[-2,4],[-6,7],[-2,4],[-1,6],[0,6],[0,3],[-2,6],[-1,3],[-1,3],[-1,3],[-2,4],[0,7],[0,6],[1,4],[5,10],[4,6],[3,3],[3,1],[4,2],[3,1],[0,1],[3,2],[3,4],[2,5],[1,4],[2,3],[1,2],[2,2],[5,5],[5,3],[8,4],[7,4],[7,4],[-3,6],[9,7],[14,10],[2,1],[2,2],[2,1],[3,1],[2,1],[2,1],[4,0],[3,0],[2,0],[4,0],[5,0],[6,1],[3,1],[2,1],[9,5],[6,4],[5,3],[3,1],[5,1],[6,2],[7,1],[3,0],[6,0],[9,-2],[3,-1],[4,-1],[5,-2],[1,-1],[2,-3],[2,-2],[0,-2],[1,-2],[0,-2]],[[1792667,4178155],[364,31],[-365,-290],[1,259]],[[1754301,4178491],[-1,-1],[2,-2],[1,-2],[3,-1],[6,-1],[8,-6],[4,-6],[2,-5],[1,-2],[2,-3],[2,-2],[1,-4],[-1,-4],[-1,-5],[1,-3],[3,-2],[2,-2],[2,-3],[1,-2],[2,0],[0,-3],[0,-3],[0,-1],[-3,0],[-1,-1],[-1,-2],[1,-3],[9,-10],[9,-21],[8,-16],[6,-7],[3,-8],[3,-3],[5,0],[1,2],[2,0],[8,-8],[3,-4],[4,-1],[5,1],[6,-2],[4,-2],[4,-3],[10,-12],[3,-3],[6,-3],[3,-3],[11,-5],[7,-8],[4,-5],[0,-4],[0,-3],[-4,-11],[-2,-7],[0,-7],[2,-7],[1,-6],[1,-4],[1,-4],[0,-5],[-2,-4],[-5,-3],[-2,-1],[-2,-1],[-5,2],[-8,10],[-3,7],[-3,10],[-6,10],[-9,7],[-14,6],[-20,7],[-17,4],[-13,-1],[-14,0],[-9,-4],[-6,-7],[-6,-7],[-4,-4],[-4,-2],[-6,-2],[-6,1],[-5,5],[-7,14],[-12,16],[-5,8],[-3,1],[-5,-1],[-7,-2],[-9,-2],[-4,2],[-4,2],[-1,4],[1,5],[4,4],[5,17],[0,10],[-5,25],[-3,21],[0,10],[0,6],[-3,9],[-2,10],[-8,13],[0,7],[3,5],[6,3],[6,2],[10,0],[5,0],[4,-1],[3,2],[1,5],[-2,7],[-2,4],[0,3],[0,3],[2,3],[3,0],[2,0],[2,0],[1,4],[3,7],[2,2],[1,3],[0,2],[2,3],[3,0],[3,0],[4,0],[3,-3],[3,-2],[3,-1],[3,-2],[2,-3],[1,-4],[1,-6]],[[1796451,4179822],[514,-966],[-250,-613],[-1141,-320],[-227,958],[-533,-733],[-154,715],[-754,16],[-649,-659],[-874,235],[59,-1183],[-386,-34],[-29,777],[493,676],[2947,274],[984,857]],[[1762794,4180530],[420,-403],[-456,-8],[36,411]],[[1765551,4180799],[9,-6],[27,2],[13,-5],[1,-1],[8,-2],[9,-4],[15,-7],[12,-1],[12,-6],[24,23],[6,6],[11,-10],[4,-4],[-14,-13],[-11,8],[-12,-13],[20,-14],[0,-1],[2,-8],[12,-10],[10,-8],[7,7],[15,-12],[-15,-23],[-16,13],[5,7],[-6,5],[-16,15],[-5,-7],[-3,-20],[-3,-13],[-9,-8],[-12,15],[2,10],[-18,2],[-2,-13],[-29,8],[3,12],[-45,18],[-6,4],[-10,0],[-12,-2],[-11,10],[-6,9],[-3,9],[1,7],[3,10],[5,7],[8,4],[7,1],[5,0],[2,0],[6,-1]],[[1761729,4181227],[7,-6],[10,3],[3,-6],[-10,-6],[2,-4],[5,-21],[2,-6],[1,-2],[3,-12],[0,-2],[3,-14],[-1,-27],[2,-10],[4,-6],[0,-7],[-2,-5],[-2,-2],[-5,-3],[-6,1],[-1,0],[-4,2],[0,0],[0,1],[-3,9],[-2,9],[-3,11],[-7,9],[-15,8],[-3,1],[-6,2],[-33,6],[-32,5],[-22,-1],[-14,9],[-4,8],[-6,11],[-5,11],[12,19],[6,2],[4,0],[2,0],[1,0],[0,0],[1,0],[0,2],[0,0],[-1,5],[-1,3],[0,1],[1,1],[1,2],[3,2],[7,-1],[4,-4],[4,-4],[26,1],[7,0],[5,2],[5,6],[2,3],[3,6],[-3,8],[5,0],[10,-2],[3,-2],[8,-5],[7,-4],[12,-3],[10,-4]],[[1762013,4181274],[13,-16],[-5,-11],[-7,-19],[0,0],[-10,-26],[3,-2],[-1,-2],[19,-9],[19,-9],[-2,-8],[-24,9],[-33,14],[-15,-32],[-17,-33],[-6,-14],[-1,-1],[-1,-7],[1,-8],[1,-7],[1,-2],[1,-6],[-1,-8],[-4,-7],[-1,-5],[2,-8],[0,-6],[-6,-8],[-9,-10],[-2,-7],[-4,-10],[-4,-5],[-4,-8],[-2,-5],[0,-13],[5,-11],[4,-17],[4,-8],[5,-5],[8,-9],[7,-8],[4,-7],[0,-2],[1,-6],[0,-10],[-1,-7],[-10,-22],[-29,-15],[-24,-2],[-7,3],[-6,5],[-4,13],[-14,61],[-4,3],[-11,3],[-4,0],[-6,-28],[-5,1],[-23,-81],[-98,26],[-4,-5],[-11,3],[2,5],[-74,24],[-8,-20],[-13,0],[-10,6],[-2,4],[1,6],[-3,30],[5,7],[8,2],[6,-1],[5,-4],[10,-2],[-3,-19],[129,-39],[11,37],[6,0],[8,26],[-40,11],[20,52],[7,21],[14,78],[-1,21],[-3,17],[-4,15],[-1,15],[-1,45],[6,47],[14,9],[25,5],[3,-18],[2,-14],[7,-13],[4,-2],[8,1],[13,4],[1,0],[10,5],[8,9],[1,5],[11,46],[15,2],[3,10],[21,-3],[2,-1],[3,-6],[3,-4],[2,-5],[1,-1],[2,-5],[5,-1],[6,0],[3,5],[2,0],[4,0],[3,0],[1,1],[10,40],[-2,6],[11,14],[5,-1],[11,-25],[11,-6],[2,-9],[-2,-9],[18,-9]],[[1765699,4181294],[-5,-15],[-3,-11],[-3,-19],[-1,-8],[-3,-11],[0,-3],[0,-4],[8,-7],[8,6],[2,2],[11,-8],[-4,-10],[-3,-8],[3,-5],[1,-5],[1,-4],[0,-5],[0,0],[0,-9],[2,-10],[4,-10],[1,-4],[8,-19],[0,-3],[0,-8],[-1,-6],[-1,-3],[-4,-4],[-8,-5],[-8,-1],[-5,1],[-2,1],[-5,6],[-6,3],[-3,1],[0,0],[-4,0],[-2,-4],[-1,-8],[0,0],[-3,-10],[-9,-7],[-9,-9],[-1,0],[-8,-1],[-17,-3],[0,0],[-8,-2],[-4,-8],[-3,-7],[-5,-5],[-12,-3],[-9,2],[-13,-6],[-22,-5],[-10,-8],[-12,-7],[-21,-6],[-20,5],[-3,-11],[5,-3],[-1,-5],[-12,3],[4,18],[2,5],[-2,5],[-5,11],[-2,6],[-1,7],[-1,9],[-2,17],[-3,16],[-2,4],[-4,7],[0,4],[0,8],[1,5],[0,8],[-1,6],[-2,4],[-1,1],[-2,3],[-2,6],[0,8],[2,12],[3,19],[2,5],[5,9],[3,5],[1,4],[0,2],[-1,7],[-1,4],[0,5],[0,5],[2,18],[2,6],[4,7],[6,10],[20,13],[17,10],[5,2],[10,3],[9,1],[2,-2],[4,-6],[5,-4],[6,-1],[11,3],[7,6],[2,6],[2,8],[4,3],[12,4],[20,7],[32,10],[14,7],[13,10],[7,8],[7,9],[5,7],[5,10],[3,10],[8,12],[7,8],[4,6],[11,10],[6,8],[2,3],[2,4],[4,9],[3,7],[2,2],[0,0],[1,3],[0,1],[1,3],[0,3],[1,2],[0,4],[2,5],[1,2],[2,2],[2,2],[3,3],[1,1],[1,0],[2,0],[2,-1],[1,-1],[2,-1],[1,-3],[2,-9],[1,-15],[-1,-8],[-1,-9],[-3,-4],[-7,-12],[-3,-8],[-2,-5],[0,-4],[1,-4],[1,-3],[1,-3],[2,-7],[-1,-16],[-1,-4],[-5,-3],[-3,-2],[-2,0],[-3,-1],[-2,0],[-3,-2],[-11,-9],[-6,-8],[-11,-17],[-10,-18],[-4,-7],[-8,-23]],[[1763547,4181575],[11,-18],[-10,-8],[-5,-8],[-4,-7],[-2,-4],[-10,-17],[-1,-7],[0,-10],[0,-6],[0,-4],[0,-3],[-1,-4],[-2,-2],[-3,-1],[-2,-1],[-4,1],[-4,-28],[-23,3],[3,37],[-1,15],[-2,14],[-19,31],[5,14],[-25,14],[-7,-2],[-4,1],[-3,2],[-3,3],[-1,3],[2,4],[3,4],[5,1],[4,0],[4,-3],[2,-3],[0,-4],[26,-15],[9,16],[11,8],[9,6],[17,11],[2,-1],[23,-32]],[[1760356,4181616],[17,-13],[25,-21],[23,-21],[7,-8],[14,-15],[15,-22],[11,-30],[2,-26],[13,0],[1,-8],[0,-6],[-2,-3],[-1,-4],[-1,-5],[0,-40],[-1,-23],[0,-7],[-2,-6],[-2,-2],[-3,-2],[-5,-2],[-6,1],[-5,3],[-1,3],[0,8],[0,8],[0,4],[-1,4],[-2,4],[-3,3],[-2,2],[-7,2],[-5,3],[-7,5],[-3,4],[-1,4],[0,3],[1,4],[0,6],[0,3],[-2,5],[-4,3],[-6,4],[-4,6],[0,2],[-1,4],[0,0],[0,3],[-1,3],[0,4],[-2,5],[-2,3],[-4,4],[-3,2],[-3,2],[-5,1],[-5,0],[-6,-2],[-4,-3],[0,0],[-2,-2],[-3,-1],[-6,0],[-2,1],[0,1],[-3,1],[-4,1],[-3,-1],[-9,-3],[-7,-4],[0,-4],[2,-4],[1,-4],[-2,-3],[-7,-1],[-5,-1],[-3,1],[-2,3],[-4,4],[-6,13],[-1,18],[4,18],[3,1],[4,4],[3,6],[2,11],[5,23],[4,18],[0,11],[-1,11],[-1,8],[-6,11],[-2,0],[-3,9],[24,7],[5,-1],[2,0],[1,-2],[5,-6]],[[1766865,4181673],[235,-923],[738,953],[38,-881],[-1074,-781],[-886,501],[713,-24],[236,1155]],[[1791738,4181807],[278,-567],[-517,265],[239,302]],[[1759836,4181785],[29,-39],[8,6],[15,-18],[-10,-6],[2,-5],[6,-14],[4,-8],[10,-2],[34,-6],[49,-10],[3,-1],[6,-7],[9,-2],[8,-1],[6,1],[7,3],[4,2],[4,3],[4,1],[3,2],[2,2],[4,5],[6,4],[2,2],[1,5],[1,5],[1,8],[1,8],[1,15],[0,6],[0,5],[0,6],[1,7],[0,10],[0,5],[1,4],[0,2],[2,2],[5,2],[3,0],[2,0],[4,-2],[3,-2],[7,-7],[12,-16],[8,-11],[5,-10],[5,-8],[4,-11],[0,-7],[-1,-9],[1,-5],[0,-4],[2,-6],[0,-7],[-1,-5],[-2,-6],[-1,-3],[-2,-7],[-6,-19],[-3,-12],[-1,-6],[-3,-11],[-4,-4],[-9,-3],[-7,0],[-5,-1],[-6,-3],[-10,-5],[-13,-8],[0,-7],[-12,-7],[0,-3],[-1,-20],[-3,-14],[-1,-4],[-3,-4],[-5,-5],[-10,-4],[-14,-1],[-7,2],[-8,3],[-4,3],[-5,5],[-1,5],[-1,6],[-3,5],[-11,4],[-11,0],[-11,-4],[-15,-12],[-9,-4],[-5,9],[10,3],[-4,2],[-7,3],[-7,4],[-7,2],[-11,2],[-5,2],[-6,4],[-8,6],[-9,3],[-1,-1],[-14,-11],[-4,3],[16,13],[5,3],[-2,4],[-3,3],[-3,3],[-1,5],[-2,11],[-4,7],[-2,4],[-5,4],[-5,3],[-3,3],[-5,5],[-4,4],[-6,6],[-4,2],[-4,2],[-4,2],[-3,2],[-2,1],[-3,3],[-2,2],[-2,4],[-3,4],[-2,4],[-9,6],[-8,5],[-10,7],[-5,4],[-6,3],[-6,2],[-5,0],[-4,-3],[0,0],[-3,0],[-6,9],[-13,20],[-6,26],[0,2],[2,3],[4,4],[7,3],[7,4],[9,5],[7,5],[6,0],[4,1],[8,4],[9,6],[3,2],[21,13],[7,6],[11,10],[4,5],[4,0],[0,-1],[2,-1],[10,-17],[5,-7],[6,-9]],[[1760292,4181765],[-10,-7],[-8,2],[-1,-7],[4,-13],[7,-17],[9,-23],[0,-8],[-3,-1],[-3,-1],[-2,2],[-3,2],[-11,8],[-3,7],[-1,4],[0,8],[-10,20],[-5,4],[-5,7],[-2,9],[0,7],[0,12],[-2,12],[-1,5],[0,12],[-10,31],[-7,17],[-4,11],[-4,23],[-8,26],[-7,16],[22,12],[26,-38],[16,-23],[3,-8],[6,-19],[8,-16],[5,-18],[3,-11],[3,-15],[-2,-32]],[[1768263,4181983],[345,119],[-290,-1626],[-366,1176],[311,331]],[[1760651,4182156],[6,-5],[15,-14],[-10,-16],[-8,-12],[-8,-12],[-4,-3],[-4,1],[-4,2],[-5,3],[-7,6],[-15,6],[-3,-5],[-6,-2],[-22,6],[-20,6],[12,40],[1,1],[9,-1],[7,-1],[21,-3],[5,18],[26,-3],[14,-12]],[[1760150,4182188],[-17,-19],[-10,-10],[2,-18],[3,-10],[6,2],[33,-117],[-2,-2],[-40,-6],[-31,88],[-9,25],[-14,35],[-1,4],[1,1],[32,28],[22,-19],[6,6],[17,15],[2,-3]],[[1761836,4182289],[1,-5],[1,-1],[17,-1],[11,-4],[4,-2],[1,-2],[1,-1],[2,-8],[0,-9],[0,-4],[0,-5],[0,-9],[1,-14],[5,-14],[0,-1],[1,-7],[0,-2],[-1,-6],[-1,-10],[-3,-13],[-1,-2],[-2,-1],[-2,1],[0,0],[-7,7],[-2,3],[-2,2],[-2,4],[-3,6],[-3,2],[-1,2],[-10,3],[-5,2],[-5,4],[-3,3],[-2,1],[-2,1],[-2,1],[-6,0],[-8,-1],[-4,-1],[-5,-2],[-2,-16],[-28,18],[-6,4],[-21,28],[-11,1],[7,37],[1,5],[5,0],[11,-2],[3,-2],[5,-1],[2,1],[9,3],[3,0],[3,1],[3,2],[9,1],[9,-1],[0,5],[12,0],[0,1],[0,7],[23,-1],[0,-8]],[[1768609,4182400],[-4,-2],[-3,1],[-4,6],[-3,13],[-4,9],[-4,10],[-7,12],[-3,6],[-3,7],[-3,6],[-8,11],[-4,2],[-5,2],[-6,6],[-4,8],[-6,12],[-1,9],[0,11],[1,8],[4,9],[-1,6],[-4,7],[-9,16],[-8,26],[-3,11],[0,5],[2,5],[4,3],[6,2],[1,-1],[4,-1],[2,-1],[4,-5],[2,-4],[5,-11],[7,-15],[6,-17],[6,-17],[12,-31],[23,-47],[9,-40],[0,-7],[0,-6],[1,-5],[2,-11],[-2,-5],[-2,-3]],[[1777708,4182871],[1,0],[1,3],[-2,12],[2,3],[-7,2],[2,6],[20,-4],[12,-3],[3,-3],[5,-6],[5,-2],[14,-1],[11,-1],[11,2],[5,-2],[11,-4],[7,-6],[64,-26],[3,-2],[1,-4],[-2,-7],[-1,-5],[-1,-2],[-3,-2],[-5,0],[-13,0],[-9,1],[-8,1],[-10,2],[-5,1],[-6,1],[-12,3],[-23,2],[-25,3],[-7,-11],[-1,-1],[-3,-4],[-6,-7],[-3,-2],[-3,-1],[-4,-1],[-3,0],[-1,2],[-1,4],[0,1],[-10,-4],[-6,-7],[-1,-1],[-8,-11],[-20,2],[2,12],[2,7],[-22,11],[-13,5],[-6,3],[-3,4],[-6,9],[-3,8],[-1,10],[1,4],[2,7],[1,3],[1,3],[2,5],[3,4],[13,13],[9,5],[9,3],[6,-1],[4,-2],[10,-10],[0,-7],[1,-5],[2,-2],[3,-1],[2,-3],[3,-5],[2,-1],[7,0]],[[1776622,4183105],[-1,-7],[0,-5],[11,-16],[61,-40],[4,-4],[0,-4],[2,-4],[33,-17],[5,-9],[3,-9],[3,-7],[2,-8],[1,-9],[-3,-10],[-3,-7],[-2,-6],[-11,4],[-11,-12],[-1,-3],[-1,-4],[-1,-2],[2,-4],[1,0],[2,-3],[2,-4],[1,-4],[-1,-3],[-1,-2],[2,-3],[3,-2],[0,-3],[-10,-15],[-8,-11],[-21,-18],[-5,-6],[-3,-6],[-3,-6],[43,-10],[7,-1],[2,6],[8,-2],[-4,-15],[-8,2],[1,5],[-11,2],[-39,9],[-10,-30],[1,-9],[5,-10],[1,-6],[-3,-10],[-3,-20],[-1,-10],[-2,-8],[-3,-7],[-8,-10],[-26,-23],[-24,-18],[-13,-9],[-5,0],[-6,-1],[0,0],[-3,-1],[-4,-4],[-1,-3],[-1,-5],[-50,-37],[-19,-15],[-14,-11],[-18,-11],[-7,-1],[-6,0],[-7,4],[-4,3],[-3,3],[-11,15],[-8,8],[-3,4],[-1,3],[0,4],[0,1],[0,5],[-2,5],[-2,7],[0,2],[2,9],[5,3],[6,3],[4,1],[10,-1],[4,2],[3,4],[3,5],[1,5],[0,5],[0,5],[-1,6],[-1,3],[-6,8],[-3,5],[0,9],[-26,4],[1,9],[34,-5],[2,1],[0,5],[0,5],[-2,4],[-4,6],[-2,7],[0,5],[2,7],[2,3],[2,4],[0,4],[-1,6],[-4,13],[-5,5],[-2,4],[-1,3],[1,4],[3,4],[0,3],[-2,3],[-68,-12],[-4,13],[61,14],[-2,5],[-1,4],[-1,4],[-1,5],[-1,2],[-4,5],[-3,2],[-5,2],[-6,-1],[-5,6],[-21,-13],[-4,5],[6,4],[-1,2],[3,3],[-10,17],[13,7],[-3,6],[-6,6],[-3,4],[-1,5],[-1,3],[-5,3],[-4,0],[-5,-1],[-3,1],[-2,1],[-3,3],[-4,6],[-1,6],[3,11],[5,8],[11,10],[18,17],[6,6],[8,5],[4,3],[1,1],[2,-1],[2,0],[12,-12],[0,-3],[2,-7],[2,-2],[3,-2],[3,-1],[12,7],[3,6],[3,4],[3,7],[-1,5],[0,4],[-3,5],[-2,5],[1,4],[29,34],[4,-2],[29,19],[5,4],[3,4],[2,6],[3,11],[4,14],[4,-1],[10,26],[-3,3],[4,17],[7,1],[2,1],[1,3],[1,5],[0,4],[5,10],[15,3],[11,-3],[18,-15],[10,-15],[6,-16],[6,-11],[6,-7]],[[1771986,4183147],[403,-540],[1648,-322],[1040,317],[301,485],[-72,-471],[756,-333],[-643,-952],[-501,5],[-24,615],[-749,-865],[-1308,-251],[-834,-1141],[-1733,-25],[-337,-360],[-904,411],[-432,2955],[842,468],[163,-1040],[338,381],[1511,-488],[624,415],[-89,736]],[[1775257,4183350],[4,-4],[3,0],[3,-1],[2,-2],[0,-2],[-1,-1],[-2,-1],[3,-8],[4,-13],[-36,5],[-5,-2],[-1,-5],[-2,-4],[-1,-2],[-4,-2],[-3,-1],[-7,1],[-3,3],[-4,3],[-1,1],[-1,-1],[-6,-2],[-3,-4],[-1,-2],[-1,-1],[-2,0],[-2,-1],[-4,0],[-2,1],[-3,1],[-2,9],[8,2],[-3,15],[-8,1],[-5,0],[-3,2],[-1,3],[0,4],[1,9],[1,6],[0,5],[-2,3],[-3,3],[-2,1],[-2,2],[0,3],[0,4],[-2,8],[0,3],[0,4],[1,2],[3,1],[1,0],[2,0],[1,0],[1,0],[2,-1],[27,-11],[4,-4],[3,-1],[9,-4],[6,-2],[3,-1],[7,-7],[0,-8],[7,-6],[22,-1]],[[1774763,4183375],[5,-1],[12,3],[4,-12],[11,-6],[2,2],[8,9],[7,3],[3,-2],[4,-5],[0,-1],[2,-2],[28,-4],[46,-7],[-5,-30],[-8,-4],[-6,-8],[-4,-2],[-2,-6],[1,-5],[3,-6],[1,-3],[0,-7],[0,-2],[-1,-1],[-11,-13],[-1,-1],[-4,-1],[-8,4],[-2,2],[-1,1],[-2,2],[-5,4],[-1,1],[-4,1],[-3,0],[-5,0],[-2,0],[-4,0],[-3,1],[-4,4],[-2,1],[-1,1],[-2,-1],[-3,-3],[-1,0],[-3,-1],[-3,2],[-4,4],[-3,5],[-1,4],[-1,4],[-1,4],[0,3],[0,2],[-1,1],[0,0],[-1,2],[-2,1],[-1,0],[-6,4],[-6,3],[-6,0],[-5,0],[-5,1],[-7,1],[-4,3],[-2,2],[-3,4],[-4,3],[-4,2],[-5,1],[-7,1],[-5,0],[-8,0],[-6,0],[-6,0],[-4,2],[-5,4],[-3,6],[-5,11],[-10,19],[20,21],[29,0],[3,0],[29,-15],[4,-3],[3,-2],[7,-5]],[[1777805,4183416],[0,-6],[7,1],[2,-7],[-5,-2],[0,-10],[3,-9],[1,-6],[1,-6],[2,-16],[2,-4],[5,-18],[-1,-6],[-1,-3],[-2,-4],[-34,-21],[3,-5],[-22,-15],[-4,6],[-1,-1],[-3,-5],[-1,-4],[0,-5],[-2,-5],[-3,-2],[-7,-3],[-8,-1],[-4,0],[-5,1],[-6,1],[-4,2],[-4,3],[-1,2],[-1,3],[1,11],[2,6],[3,8],[4,4],[0,0],[0,1],[-3,2],[-1,1],[-1,2],[0,2],[11,24],[7,17],[9,25],[1,5],[0,3],[-1,0],[-1,2],[-1,3],[10,28],[4,4],[4,5],[4,3],[1,5],[1,15],[1,7],[4,7],[4,4],[5,2],[5,0],[5,0],[6,-3],[5,-4],[7,-14],[-3,-3],[-1,-6],[0,-5],[1,-6],[0,-10]],[[1772017,4183481],[-6,-1],[-4,1],[-1,4],[1,4],[0,5],[-1,10],[-2,5],[-7,8],[8,8],[13,2],[21,-14],[2,-21],[-10,-8],[-3,-1],[-6,-2],[-5,0]],[[1771748,4183538],[18,-9],[12,-5],[2,-1],[1,-2],[2,-3],[0,-3],[0,-3],[3,-4],[4,-1],[3,-2],[5,-7],[2,-1],[3,0],[6,3],[3,0],[2,0],[3,0],[3,-2],[3,-3],[1,-2],[28,-3],[0,-3],[-27,2],[-4,-3],[-4,-3],[-29,4],[-1,-4],[-8,-2],[-10,-13],[-16,-7],[-8,4],[-10,6],[-7,10],[-2,1],[-7,3],[-9,10],[-7,6],[-18,24],[18,11],[6,2],[8,-1],[6,1],[5,3],[5,-1],[3,-1],[12,-1]],[[1819137,4220768],[473,-175],[-151,-340],[-682,505],[162,356],[198,-346]],[[1819801,4240400],[1529,-2267],[3331,-1700],[246,-509],[2780,-91],[2385,-801],[931,-1694],[-237,-221],[-343,995],[-442,-1254],[-800,994],[-1899,-950],[-472,99],[447,-186],[-320,-1086],[539,-510],[1380,-431],[-1029,1040],[-216,-252],[-343,247],[291,1042],[806,207],[401,-228],[-536,-370],[344,-721],[2179,-696],[-1610,-1580],[196,-540],[-1166,-75],[-566,-1593],[-596,82],[-531,779],[-771,-342],[371,602],[-558,791],[-218,-385],[-399,1323],[-953,-459],[446,-2095],[-696,915],[-510,-390],[108,1037],[-843,768],[-889,-1061],[-1496,11],[-106,-1027],[-658,-619],[-551,249],[-546,-581],[934,-779],[139,-986],[651,-275],[-593,-836],[-1679,-1093],[632,-166],[-489,-718],[-138,520],[-2613,1052],[210,699],[-754,1676],[689,2301],[-727,2362],[904,1352],[-470,960],[143,688],[1404,1091],[319,1198],[1702,949],[977,2330],[-173,725],[-246,-91],[768,574]],[[2016124,4203491],[-1442,-4598]],[[2014682,4198893],[-531,-1359],[305,-165],[-2575,-2599],[-944,-2532],[-1030,-5054],[69,-5099],[-1687,-3768],[-249,-1655],[-1600,-2632],[-719,-2231],[173,-4765]],[[2005894,4167034],[2539,-4094],[2995,-1840],[2066,-396],[6964,127],[1043,-276],[4053,-2377],[4192,-1323],[4788,-2456],[2581,-1849],[4319,-5640]],[[2041434,4146910],[1392,-3786],[1101,-1665],[4343,-3363],[3665,-4362]],[[2051935,4133734],[458,-2192],[-3326,-4757],[-3839,-3322],[-2398,-3223],[-5192,-2710],[-1874,17],[-1727,-608],[-2346,-1668],[-1327,-1807]],[[2030364,4113464],[-927,-1199],[-1771,-587],[-464,-627],[-40,-1987],[859,-4493],[-390,-470],[36,-2840],[-1436,-1596],[-932,-1968],[-771,-5024]],[[2024528,4092673],[536,-2430],[2140,-4490],[1378,-162],[1405,-898],[1285,-1862],[1171,-3174],[4782,-4983]],[[2037225,4074674],[4494,-4377],[2528,-1554],[202,-1552],[2860,-6598],[-2613,-6535],[-433,-2067],[2496,-2681],[2208,-3830],[3537,-3736],[35,-1082],[-651,-1052],[-882,-839],[-2700,-950],[-1046,-1395],[-105,-874],[1131,-3268],[3303,-3375]],[[2051589,4028909],[1482,-1958],[1277,-2637],[1309,-3080],[1148,-4237],[281,-2077],[-427,-4984],[-254,-1088],[-1907,-2871],[-5546,-4875],[-1731,-920],[-447,-1854],[556,-1261],[2665,-1934],[1982,-2126],[3468,-6197]],[[2055445,3986810],[583,-1741],[-411,-1665],[-4080,-5335],[-2476,-2219],[-1738,-805],[-936,-1492],[100,-2912],[2135,-2840]],[[2048622,3967801],[2813,2920],[3699,2793],[1695,613],[2856,-38],[2946,-1267],[3235,-3692],[1013,-2306],[-44,-3690]],[[2066835,3963134],[851,-1306],[1281,-802],[2731,-418],[2738,647],[1639,1109],[2761,990],[2268,-2222],[5600,-1879],[662,-3027],[1505,-3145],[1288,-1567],[1259,-594]],[[2091418,3950920],[7778,-1368],[2701,-1598],[1515,-2018],[543,-1787],[-659,-5556],[6780,-5117],[4392,-960],[3573,-1746],[993,-2415],[-298,-197],[737,-3574],[1487,-1287],[2492,-4145],[3555,-3000],[1010,-2435]],[[2128017,3913717],[420,-3947]],[[2128437,3909770],[1885,93],[2017,-2208],[1929,-231],[7110,4747],[2824,2810],[621,1184],[1941,1342],[1706,845],[4391,-796],[2441,1453],[1208,94],[1284,-1013],[-59,-3113],[1963,-4370],[2043,-2567]],[[2161741,3908040],[634,-449],[1498,-3251],[1970,-2598],[1567,-341],[2018,551]],[[2169428,3901952],[9406,4705],[3280,544],[2050,-735],[4082,-3295],[8400,-4451]],[[2196646,3898720],[1261,-668],[1310,-2656],[-1909,-4561]],[[2197308,3890835],[-713,-3820],[461,-1106],[644,-309],[2428,-453],[1666,195],[1281,750],[1232,1379],[2161,1243],[1349,-540],[2566,-141],[1170,-539],[2375,-2486],[1563,-2615],[1893,-1734],[2791,-1664],[-5,-659],[-2244,-1044],[-465,-891],[239,-903],[1420,-821],[2932,-302],[606,-1122],[795,-493],[2442,-4112],[3300,-1823],[3570,-1239],[505,-544]],[[2233270,3865042],[70,-687],[-792,-1373],[515,-1455],[1359,-619],[3382,-308]],[[2237804,3860600],[30,-13]],[[2237834,3860587],[805,-524]],[[2238639,3860063],[36,-47]],[[2238675,3860016],[30,-60]],[[2238705,3859956],[12,-35]],[[2238717,3859921],[-392,-2557],[507,-1300],[2066,-120],[3119,1831],[1402,410],[1011,-2563],[3970,-2029],[16,-870],[-746,-691],[-3694,298],[-2063,-738],[-802,-1322],[490,-1807],[1764,-894],[2097,82],[1593,1277],[918,2132],[1954,295],[2383,-5404],[1239,-1027]],[[2255549,3844924],[685,-836],[1738,-170],[1203,639],[1524,1823],[1587,745],[942,-143],[2514,-1633],[2723,-449],[2748,1375],[1221,5008],[777,732],[1457,365],[444,-921],[75,-2063],[882,-1458],[1162,-854],[2406,-247],[2008,1735],[1040,310],[1552,-781],[1342,-2600],[4112,-3195],[-106,-441],[-549,-100],[-2605,935],[-1746,-259],[-947,-1449],[324,-1873],[650,-965],[2045,462],[1436,-359],[1763,-2108],[1825,-1317]],[[2291781,3834832],[478,788],[2013,1224],[632,1041],[2350,429],[1257,-711],[1892,-309],[3121,-2276],[3068,-743],[2000,-1078],[1940,-200],[4175,904],[1857,-851],[3068,-3318],[1653,-274],[2187,-1445],[1360,-2954],[-553,-3995]],[[2324279,3821064],[160,-1490],[-574,-1157],[-202,-2575],[-596,-1925],[-475,-14],[934,-4725],[1077,-2462],[1928,-2411],[3175,-2708],[9138,-9929]],[[2338844,3791668],[1656,-192],[1437,-818],[1661,-2859],[1387,-589],[675,-891],[239,-4504],[748,-3187],[-845,-4729],[-1,-2059],[1667,-4465]],[[2347468,3767375],[-167,-894],[-1339,-1567],[-4727,-2858],[-1600,-3352],[55,-870],[1118,-2213],[833,-4321],[-349,-1462],[-1812,-3313],[-673,-4252],[-536,-901]],[[2338271,3741372],[691,-6738],[1018,-3762],[2910,-3159],[399,-899],[295,253],[1164,-1159],[1072,-4849],[1385,-3226],[2157,-4172],[2316,-1703],[-97,-1521],[-826,-2016],[-541,-10596],[2277,-5270],[2161,-2717],[2913,-2211],[2394,-3131],[323,-2519],[-282,-2330]],[[2360000,3679647],[-856,-2136],[372,-3478],[-341,-7093]],[[2359175,3666940],[149,-4902],[-433,-2224],[595,-5282],[-1856,-4773],[-831,-4283],[812,-1639],[1935,-1309],[450,-1298],[-739,-1352],[-2296,-1346],[-783,-1144],[-193,-1085],[470,-2627],[2245,-3997],[257,-1501],[-647,-1078],[-2875,-2275],[-764,-2939],[50,-2824],[-337,-901],[-2482,-2864],[-1597,-5621],[1260,-2982],[-287,-2831],[1297,-5252],[194,-4467]],[[2352769,3594144],[-1196,-2786]],[[2351573,3591358],[-880,-1853],[-1694,-978],[-5266,-656],[-1468,-755],[-1077,-1441],[-492,-1693],[-3395,-4052],[-2041,-842],[-4789,-4169],[-2772,-1356],[-1594,-1508],[-1421,-2426],[-375,-1894]],[[2324309,3567735],[321,-3052],[-1084,-5440],[34,-3196],[-490,-1327],[1291,-10703],[490,-1443],[1244,-1636],[6563,-6077],[2255,-4200],[131,-1122],[-787,-1411],[357,-4297],[-885,-2633],[68,-2043],[413,-3247],[3769,-5849],[116,-1026],[-457,-1523],[745,-2393],[-527,-7206],[3572,-4687],[955,-4402],[2412,-4854],[35,-944],[-1826,-2568],[-259,-967],[-3366,-4327],[-3339,-1682],[-1155,-2116],[314,-1278],[2968,-2335],[2845,-3754],[-1,-1178],[-1351,-3006]],[[2339680,3459813],[-43,-1045],[1158,-2101],[837,-3217],[3165,-3754],[130,-1753],[-568,-1239],[-1091,-598],[-2553,684],[-886,-222],[-1007,-960],[-29,-1848],[1937,-2815],[489,-2953],[-1211,-1858],[-4225,-2243],[206,-2544],[-798,-3528],[53,-1688],[-3003,-2769],[-2261,-8776],[-1647,-1054],[-3736,245],[-600,-882],[-395,-1756],[-2279,-2014],[-590,-2597],[-556,-545],[-2421,-801],[-4187,-672],[-1789,-946],[-920,-1262],[-148,-1588],[-861,-1970],[-253,-2527],[2344,-2304],[369,-1144],[-205,-2139],[1729,-1516],[483,-2039],[1573,-2243],[186,-968]],[[2316077,3383864],[-162,-6177],[-835,-1684],[-173,-3415],[-442,-1467],[-1962,-1370],[1028,-3945],[24,-2526],[-1903,-8949],[-971,-2835],[-100,-4690],[-540,-1972]],[[2039820,3607301],[-877,4369],[170,2321],[969,620],[955,-2],[186,1428],[1775,-516],[813,-1036],[731,898],[1476,825],[87,1087],[943,1837],[2671,844],[636,853],[-605,1752],[-2331,1056],[-712,786],[-480,2195],[36,2258],[952,153],[1230,-1188],[1848,-520],[4191,2599]],[[2054484,3629920],[3057,489],[598,1183],[-237,909],[1484,2254],[4878,1310],[1778,-1661],[2087,1408],[-145,-2603],[1060,-1013],[438,-1142],[798,-222],[169,1058],[748,666],[0,1892],[-528,792],[372,720],[2231,1461],[1237,103],[2205,-750],[1067,-880],[3362,-529],[1965,-1346],[4729,965],[1946,-1639],[-97,-1372],[446,-1365],[702,-455],[1302,91],[1151,1345],[-687,4195],[607,762],[-540,594],[425,390],[-278,650],[573,2067],[1432,995],[1234,1658],[706,-276],[1741,1295],[2515,3975],[735,-300],[711,1602],[1336,785],[-1464,3015],[1159,1384],[1225,3923],[-749,1924],[-776,899],[850,1918],[360,107],[447,2446],[-1206,1664],[2015,83],[608,-480],[2623,-558],[-127,-431],[1107,-1121],[-551,-1073],[306,-311],[497,254],[367,-982],[1423,-1409],[-108,-479],[795,466],[2009,-34],[3185,1203],[1647,92],[164,2928],[1437,3322],[2938,2220],[1974,2544]],[[2125952,3673495],[403,1713],[39,3687],[1172,1641],[249,1242],[-797,6987],[-3142,4335],[-2506,2093],[-534,1676],[-1352,-95],[-776,-670],[-1384,332],[-377,852]],[[2116947,3697288],[876,501],[45,879],[-1719,3087],[-30,1133],[-521,151],[37,2904],[-771,1304],[1243,935],[1085,-113],[1396,584],[-241,3002],[643,2771],[-465,911],[-3689,3401],[-2978,1655],[-2160,407],[-199,371],[-181,2358],[697,1427],[1568,1443],[-673,1890],[953,4051],[-627,2018],[-911,1435],[-1374,1199],[-594,1432],[-140,1307],[2125,2692],[354,1208],[-1910,2395],[773,3042],[-70,1720],[-1825,5106],[-988,1287],[-567,-135],[-283,520],[231,126],[-831,2327],[249,1244]],[[2105475,3761263],[2155,2360],[373,1314],[-794,1449],[-2342,1828],[-57,984],[567,971],[609,510],[2966,201],[2219,-674],[510,371],[-199,1303],[693,1163],[771,-27],[2006,1121],[922,-760],[589,353],[-3,1000],[-1523,275],[333,2253],[3237,2883],[2406,629],[125,522],[1588,576],[1341,-426],[1499,-72],[390,300],[-29,1152],[-704,1072],[-1852,1349],[-2198,3283],[-1721,633],[-974,3018]],[[2118378,3792177],[-6309,1224],[28,618],[1152,1218],[837,3721],[-393,510],[316,3102],[-928,47],[-576,-1131],[-1477,811],[101,1600],[-694,1044],[-114,1767],[-1375,1863],[552,2191],[-1264,682],[-1962,2682],[-867,1998],[66,1594],[1008,1123],[-323,633],[-5120,-148],[-20,2470],[-1022,1762],[-254,1505],[-988,1159],[-850,3166],[-1076,1064],[-517,2502],[-3733,3283],[-2512,313],[-1760,1100],[-1059,1304],[278,1937],[-316,263],[-2517,319],[-1516,1363],[-6239,-1062],[-3391,720],[-2924,1478],[-3112,119],[-1750,2691],[-1579,924],[135,1158],[583,373],[-485,296],[24,537],[506,357],[-1462,1363],[-1422,603],[-4095,-1990],[-1898,41]],[[2056065,3850444],[-2439,146],[-529,2494],[-1705,7],[-1341,412],[-732,661],[-510,-451],[-2298,434],[-1112,-224],[-1441,1584],[-1851,473],[-1471,1236],[-160,3381],[-1061,1887],[844,2110],[-2778,2279],[-181,547],[590,88],[-47,461],[-324,-29],[15,736],[-1531,1947]],[[2036003,3870623],[-719,847],[313,907],[-371,527],[-115,1938],[-778,351],[85,593],[-821,1531],[-1669,647],[-386,1178],[-494,78],[-880,3369],[-2158,855],[-641,1011],[-507,106],[20,616],[-1837,834],[-1101,193],[-558,-367],[-385,298],[-863,-821],[-837,795],[-6,536],[-1475,-420],[-433,778],[-968,-60],[-120,1452],[-902,2167],[1259,5014],[-1308,1130],[-507,1051],[21,1225]],[[2016862,3898982],[-471,1389],[1209,1678],[-53,2023],[329,777],[-440,801],[498,486],[-1497,2743],[-148,1616],[-2191,1582],[-2873,103],[-1069,1278],[123,2163],[1936,1797],[-733,1159],[233,1881],[-1318,1266],[207,1090],[-519,1334],[-2896,36],[-24,876],[-1001,285],[703,832],[-132,1413],[1566,1560],[-349,1213],[1323,1274],[328,3171],[-3411,2160],[-1465,1870],[-317,1360],[103,519],[2374,767],[566,2214],[1139,679],[1037,1398],[765,1506],[198,1856],[1248,1106],[979,1511],[-99,489]],[[2012720,3952243],[-621,911],[1102,3180],[1449,1497],[200,1802],[5366,2019],[1603,62],[1483,1163],[-319,584],[-751,303],[-245,844],[-874,-511],[-2216,1236],[-984,-371],[-1194,111],[-1511,2244],[-3386,1044],[-943,920],[-1733,-100],[-362,384],[-1007,-413],[-221,-769],[-1762,-2039],[-2622,-916],[-562,315],[-993,-348]],[[2001617,3965395],[-2866,441],[-3345,2942],[-1397,-347],[-405,681],[-1374,354],[-1394,-355],[-2372,1110],[-2763,1804],[-876,1630],[-1522,-824],[-1247,1303],[-1804,772],[-1057,2032]],[[1979195,3976938],[-179,1019],[688,679],[-291,198],[975,699],[801,2652],[552,212],[394,907],[-771,1566],[300,225],[-475,1046],[319,806],[-280,538],[617,476],[3,671],[1664,1151],[-94,1369],[432,886],[2261,782]],[[1986111,3992820],[-714,549],[-3603,-346],[-45,667],[-2152,882],[-1607,1770],[-718,-11],[-2963,-1920],[-1194,-360],[-2198,897],[-1442,54],[-2547,-903],[-411,164],[-645,849],[-1208,611],[-275,880],[340,1143],[-412,603],[-2078,1309],[-280,1093],[-941,75],[-980,902],[-806,1034],[-27,957],[-2499,427],[-336,710],[-1024,253],[-613,994],[-1022,-138],[-318,1061],[-1077,157],[-896,728],[-633,-87],[166,1769],[-589,1228],[5,1773],[-3201,960],[-2943,206],[-2637,1702],[304,1335],[-1140,684],[-801,-103],[-2821,-3019],[-844,-172],[-467,502],[-892,2050],[973,1865],[-1510,1796],[-548,1725],[1771,-601],[595,148],[731,1064],[2393,1311],[960,1002],[884,2068],[-967,-46],[-838,-440],[-588,-897],[-648,55],[-410,-510],[-1178,-341],[-2328,1734],[-2831,125],[-760,1934],[-3017,13],[-941,-1258],[-815,650],[-3888,353],[-419,-1209],[-510,-103],[-261,905],[-1196,547],[-188,862],[-1657,1180],[-1142,624],[-988,-561],[-405,460],[-1407,350],[-958,1161],[-597,-20],[-738,1605],[-1655,-342],[-248,2112],[1239,1793],[-634,380],[-2099,433],[-1404,-541],[-5488,-4191],[-667,-2084],[435,-479],[-45,-1147],[-781,-518],[-943,53],[-1870,-917],[-543,103],[-164,-1418],[-2562,-5552],[-974,-3506]],[[1893098,4018469],[-1454,63],[-636,885],[807,1022],[185,2440],[-1543,95],[-2313,3227],[-965,-245],[-970,707],[-1226,68],[-449,631],[-783,-437],[-1183,349],[-278,-861],[392,-247],[-100,-802],[634,-1010],[-1029,-467],[485,-1349],[-665,524],[-100,-485],[-658,159],[-154,-411],[-351,426],[-1224,-589]],[[1879520,4022162],[-343,400],[64,1899],[-822,1845],[742,434],[-2680,1579],[718,1988],[1824,162],[-200,1139],[352,744],[-304,586],[1178,2353],[-2199,510],[-320,378],[564,762],[-799,550],[564,761],[798,-307],[241,1865],[1099,-168],[-126,345],[565,468],[-363,2174],[-1330,531],[-339,551],[845,1402],[-4,898],[674,-67],[84,1036],[-1613,236],[-271,1346],[1380,471],[277,1642],[764,-412],[1115,91],[353,553],[219,2868],[1205,-238],[1396,5583],[967,1954],[601,400],[859,2472],[-146,1053],[523,2160],[1021,1593],[1978,6378],[-1550,2343],[641,2458]],[[1889722,4079931],[-2941,1782],[-1104,1116],[-1898,139],[-908,2089],[-1098,-199],[-3302,1156],[-662,3113],[-498,-246],[-602,679],[-411,2822],[-548,-440],[-1704,1259],[364,715],[-906,1215],[-4649,1156],[-3681,-100],[276,605],[-355,223],[405,450],[533,-101],[50,570],[6328,24],[336,278],[-163,673],[-6911,-269],[-1846,493],[-372,-18],[2,-484],[-1618,1237],[655,4526],[-1027,-384],[-2662,784],[-814,-262],[-101,-1278],[-655,-227],[-1514,-2493],[1580,-598],[-386,-761],[-3473,-290],[-279,-1055],[-906,480],[-1000,1775],[1496,2319],[-2421,2511],[-1279,738],[879,1557],[-2131,1045],[-431,1120],[2183,-526],[981,-1395],[636,417],[-2530,3011],[757,1195],[567,37],[309,2315],[1782,1906],[-447,914],[1041,1264],[-1551,1893],[-58,1243],[-959,428],[-1312,-23],[-822,1413],[1005,1402],[-148,1416],[369,726],[-393,603],[1213,2474],[761,348],[122,450],[-2396,525],[-939,-159],[-871,463],[702,1660],[1753,1733],[-3371,4450],[71,830]],[[1845825,4140388],[-1312,472],[-2954,-907],[-1172,-1030],[-1075,-1704],[-2373,-151],[-945,151],[-2694,1776],[-1414,2008],[-1169,-296],[-1231,376],[-689,1518],[14015,29343]],[[1842812,4171944],[-22494,-17139]],[[1820318,4154805],[-699,3968],[-1437,4627],[33,2742],[498,445],[909,-85],[1715,-1378],[1787,465],[2258,3106],[200,1939],[2614,1465],[-83,490],[1186,2228],[2809,1513],[1249,1697],[-125,409],[-541,-327],[83,-675],[-749,-409],[-666,1125],[-833,20],[-582,-490],[-187,-982],[-874,-633],[187,1758],[749,1145],[-458,1124],[-1248,572],[-1707,-920],[-437,1718],[833,-62],[1415,716],[1394,-409],[-21,695],[1207,1799],[583,-388],[-354,-246],[42,-633],[624,-287],[-1602,-1165],[291,-756],[1113,-164],[-103,-683],[589,-185],[92,962]],[[1832072,4180656],[3836,-624],[-768,337],[625,4592],[-1178,4274],[200,4661],[-422,459],[-611,-610],[-461,1853],[-2255,66],[-980,-308],[-304,-503],[-441,-1196],[214,-1057],[-1115,36],[464,2145],[-621,1530],[1075,-239],[471,572],[1143,5],[-128,528],[334,205],[1241,-143],[973,709],[852,-308],[1112,710],[-865,-31],[25,432],[-4921,1915],[-1569,-953],[-1009,-1738],[-1843,-1878],[-2636,-327],[-3030,-1079],[-1094,-1043],[-1476,-600],[-537,-1198],[-1276,-856],[-33,-439],[-972,-278],[-2540,-2552],[-3115,-191],[-2161,-615],[-940,-1769],[-4116,-3984],[1066,1475],[-28,431],[-125,-256],[-446,390],[-126,1254],[-1229,-2051],[487,-1933],[-2731,-2873],[-366,-1288],[-1492,-2370],[-1732,-1379],[-2395,-2788],[-1018,-57],[-1576,563],[-1185,-475],[-82,439],[1203,259],[-220,685],[-327,-4],[-296,-755],[-533,297],[-1060,-473],[-119,-474],[1370,-43],[-803,-1801],[-1658,-391],[-3287,1424],[-863,1791],[368,763],[1722,558],[1015,1139],[-141,-755],[342,-561],[-750,136],[-456,-537],[789,-9],[-283,-423],[1374,26],[-67,1694],[447,756],[458,-319],[21,544],[701,548],[-524,558],[1794,1421],[179,-701],[691,-185],[912,691],[784,-400],[2893,397],[2620,1161],[1330,2089],[-229,413],[-1382,315],[77,1184],[2043,0],[392,280],[-122,720],[2328,2300],[2613,790],[-131,509],[-413,-16],[110,347],[3079,3267],[625,1186],[-261,554],[305,593],[1790,1114],[1508,1887],[777,1867],[90,1713],[1551,-865],[83,-954],[557,21],[442,610],[2467,-788],[-1430,-979],[980,-402],[890,344],[163,561],[-774,2211],[-1809,404],[358,363],[-696,92],[-154,511],[-615,-358],[219,461],[-2225,-90],[-95,-379],[-1723,1663],[-2055,342],[-1024,801],[-214,740],[1039,444],[765,882],[-33,635],[706,22],[293,565],[1048,-605],[2648,148],[1459,966],[77,509],[1114,-104],[256,-590],[1937,77],[-2011,681],[-1230,1157],[542,1482],[-832,1655],[1257,3960],[1426,1632],[1067,-196],[1286,722],[72,-705],[-783,-122],[-95,-534],[823,185],[71,-2325],[-242,-396],[-590,495],[163,-531],[-626,-578],[645,-846],[-276,-4],[211,-876],[2531,-2449],[1044,-278],[1327,626],[-583,-423],[989,-215],[-314,-509],[757,-1106],[246,1253],[-375,550],[1624,1561],[2934,1446],[491,-1065],[1392,-146],[1613,201],[820,924],[-906,1730],[-2807,-1195],[4799,2862],[124,898],[-946,2069],[154,778],[1314,-2923],[232,532],[1272,-500],[1090,584],[21,1471],[1972,146],[-768,-81],[-257,-483],[-509,140],[213,-1217],[866,1257],[807,-600],[214,466],[590,-313],[1023,622],[-225,2011],[695,1173],[-872,-452],[-715,1746],[-836,60],[381,1023],[-441,3235],[644,357],[-587,184],[-486,1467],[1192,942],[904,-131],[82,460],[-1719,1285],[-8,461],[506,166],[-516,1623],[-104,-502],[-459,577],[920,1556],[-474,104],[-219,914],[836,1864],[-480,940],[251,150],[-1131,2471],[-1242,615],[92,443],[-233,-360],[-635,385],[-1971,-151],[527,1793],[-776,-738],[-84,-1176],[621,-778],[636,46],[-311,-521],[-1823,1092],[-671,1423],[-1408,1166],[224,183],[933,-617],[1414,1087],[1054,-587],[149,-555],[-461,813],[477,263],[-1684,549],[991,633],[544,-610],[-147,-376],[455,2],[162,924],[-445,543],[402,91],[-102,854],[-436,262],[-631,-345],[-1077,96],[-282,-452],[165,469],[-648,-414],[161,468],[-1874,203],[650,673],[-337,13],[-320,843],[-1465,845],[172,846],[-1174,478],[-528,596],[217,463],[-782,-973],[1351,-1504],[-490,-132],[845,-395],[-331,-501],[16,259],[-394,-145],[-1831,-3670],[2718,-1675],[155,-525],[-1074,126],[-2173,1131],[-528,-78],[-416,-663],[-1080,567],[-563,830],[-542,-100],[577,301],[-300,381],[866,43],[1575,1128],[1508,1760],[230,1655],[-924,2047],[126,1066],[2131,1891],[4589,2132],[478,397],[-216,332],[270,-296],[421,434],[-203,238],[540,21],[83,463],[548,63],[14,403],[197,-191],[425,693],[193,-179],[1073,879],[-164,200],[867,224],[1597,1264],[-255,255],[4026,4893],[1675,3656],[162,663],[-500,1149],[-904,866],[-1422,534],[94,602],[-473,477],[696,1674],[-588,913],[1583,3995],[646,3142],[-2471,4487],[-3675,2917],[784,3071],[3085,1422],[3935,406],[3733,1024],[4376,2552],[965,1733],[1966,9268],[3493,2121],[2107,593],[3336,1914],[1007,971],[498,1580],[2719,1235],[2465,1798],[967,3721],[-96,1764],[375,251],[1022,-106],[7429,1336],[2509,1110],[4629,21],[6488,894],[6034,1695],[1627,1038]],[[1902993,4333804],[3058,1508],[2050,1640],[582,1591],[-41,2222],[2605,2806],[194,913],[-771,2473],[96,1708],[-792,797],[-212,-797],[502,-1518],[-367,-1974],[-560,1082],[428,9400]],[[2861921,3270164],[254,252],[1762,-320],[1607,-784],[1740,-194],[2542,334],[1072,-655],[2274,-61],[1876,-1244],[4819,-1107],[6294,-2812],[4484,-780],[468,-459]],[[2891113,3262334],[-991,-1363],[-2347,-1457],[173,-1287],[-680,-2183],[-1005,-934],[-150,-820],[-2671,-3474],[-1474,-4384],[-2392,-4826],[46,-597],[-1532,-2445],[-1074,-5945],[-2372,-5131],[-1031,-1211],[-394,-1647],[-893,-804],[-1012,-1907],[-479,-1075],[-170,-2177],[-4866,-9043],[-1028,-3145],[192,-751],[-405,-471],[441,-1012],[-493,-750],[558,-1751],[-454,-721],[276,-1099],[-1942,-2450],[-174,-1484],[-850,-739],[55,-1362],[-586,-174],[-390,-828],[56,-911],[-1437,-549],[-1310,150],[-3448,-2650],[-1582,-2174],[-2440,845],[-2115,19],[-544,-1328],[-1417,-281],[-338,-540]],[[2846424,3185468],[1529,-4883],[-416,-895],[-1081,-832],[-209,-1281],[448,-1155],[-31,-5342],[615,-384],[-113,-1375],[776,-1300],[-19,-688],[-1016,-1168],[373,-718],[-231,-1187],[937,-2040],[-167,-927],[555,-1759],[339,-207],[282,-3030],[-1095,-3543],[-1810,-1482],[-833,-1679],[-1312,-1335],[-421,-1251],[-911,-731],[307,-5747],[-975,-2609],[-1063,-1344],[-205,-3239],[-1219,-4928],[-79,-2845],[-533,-800],[-955,-3660]],[[2837891,3121104],[-1422,-2218],[-1423,-822],[-3030,-261],[-682,652],[-1224,-1036],[-1873,-635],[244,-834],[-468,-105],[-1308,-1696],[-1854,33],[-1396,-1187],[603,-1471],[-130,-847],[-567,-437],[1572,-2040],[-159,-1509],[-834,-1278],[-10,-1319],[452,-895],[-2038,-1040],[-2207,713],[-1379,1078],[-2456,979],[-3444,-1010],[29,-2038],[-525,-163],[-454,-811],[-95,-1715],[589,-831],[-1063,-2235],[-4781,-4839],[-1990,9],[-1227,-437],[-890,786],[245,1925],[-2265,1554],[-1225,1929],[-1437,365],[-897,-437],[-1071,-1451],[-209,-1295],[1002,-3758],[-1065,27],[-1185,946],[-910,-431],[-928,-1566],[225,-1822],[-662,-1239],[-748,-490],[330,-810],[-339,-1317],[1625,-708],[343,-1478],[-794,-2658],[-2568,-651],[-1099,-741],[-111,-1319],[-807,-1471],[-1383,-946],[240,-711],[-3786,-373]],[[2782972,3072719],[-482,-812],[368,-3174],[-910,-1288],[415,-1439],[-986,-270],[-392,-604],[-1158,1108],[-2477,621],[-1354,2250]],[[2775996,3069111],[-3951,-261],[-1027,-794],[-551,-1714],[-1717,-2752],[-2448,-2141],[-633,-1591],[335,-676],[-237,-975],[-883,-1430],[-816,-2883],[-3410,-3188],[-1786,-2864]],[[2758872,3047842],[1390,-2412],[975,-228],[371,-628],[-974,-1854],[-932,-3153],[-1242,-1872],[-237,-5414],[-1133,-3206],[-1138,-1226],[-207,-1119],[-1536,-2320],[-1902,-992],[52,-789],[412,-382],[1152,1012],[1143,-9],[1867,785],[1760,-724],[1354,169],[-225,-1567],[409,-2961],[-354,-3237],[1905,55],[1144,-995],[259,-806],[2185,-1593],[176,-687],[-93,-1618],[-548,-186],[-475,-945],[413,-538],[-167,-625],[-979,-546],[-1331,93],[-1085,-1393],[-245,-1196],[1558,-2941],[2415,-1089],[3441,-3055],[-1594,-223],[-1178,-829],[-565,-928],[1251,-2805],[1434,-1844],[2236,-264],[11083,3666]],[[2781117,2994423],[-120,-1921],[1058,-1168],[-742,-978],[-295,-1844],[-9398,-7094],[-2604,91],[-986,-2033],[243,-1945],[934,-1343],[1775,-851],[1821,-2759],[804,-2414],[1122,-991]],[[2774729,2969173],[710,-380],[225,-600],[-612,-2259],[619,-918],[82,-1853],[-470,-9],[-325,-574],[-228,-1977],[81,-1769],[1223,-1641],[-650,-1947],[1414,-2699],[1204,-263],[604,-1175],[1371,-1139],[-313,-1962],[240,-925],[-1075,-2815],[175,-1288],[551,-583],[-127,-1073],[-1731,-3813],[-961,-736],[-1115,536],[-5653,827],[-1900,814],[-949,64],[-1822,-669],[-2617,1541],[-2470,556],[-4829,-634],[-2135,1155]],[[2753246,2940965],[-962,-1301],[-2391,-1011],[-2002,-1562],[-493,-1019],[-1375,-447],[-920,-982],[-986,95],[-1312,-1214],[-519,-2142],[-2546,-3294],[-531,-3059],[365,-596]],[[2739574,2924433],[948,1123],[3677,-166],[1814,-654],[1577,116],[1595,-1639],[2347,148],[4712,-1855],[1182,-84],[2112,-2935],[686,-2209],[2446,-328],[3053,-1614],[1997,-487],[4545,248],[921,-1758],[4871,-718],[689,-2058],[1230,-718],[2390,787],[1068,-628],[1328,-82],[1627,-1266],[-720,-574],[326,-1202],[-739,-1044],[652,-122],[2314,-2315],[-144,-753],[404,-326],[-1029,-1128],[133,-525],[-447,-545],[1079,-1546]],[[2788218,2897576],[1492,-297],[591,-865],[1065,-139],[138,-442],[371,368],[1300,-64],[-236,-330],[1372,-1607],[-157,-1527],[851,-596],[-715,-643],[-98,-727],[771,-811],[241,339],[1272,-171],[86,-1225],[997,-1295],[-48,-747],[1019,-517],[34,-725],[412,-260],[-223,-361],[728,-1035],[575,-158],[246,-1098],[2343,-2085]],[[2802645,2880558],[252,-1443],[-829,-1010],[227,-687],[1501,28],[534,608],[1480,-432],[563,477],[1134,-665],[199,-748],[961,-308],[413,-714],[865,157],[-325,-585],[454,-539],[518,105],[-141,-1003],[-1161,-1434],[-759,-236],[-4621,-132],[-3925,-1153],[-3425,386],[-949,-440],[-348,-2031],[2262,-3646],[878,-2646],[-652,-1361],[-1751,-1995],[-4918,-4740],[-502,-3124],[1053,-2413],[129,-3464],[-3136,-6178],[-242,-1782],[575,-8406],[-188,-953],[-1655,-2606]],[[2787116,2825445],[-3096,-1007],[-1836,-1299],[-3197,-240],[-2861,1045],[-403,741],[-1897,1025],[-456,1585],[-1362,1127],[-1435,482],[-243,1090],[-928,649],[-353,1211],[-1305,201],[-816,1578],[-1862,1094],[-304,634],[273,1254],[-2228,3036],[-220,1414],[-3811,3057],[-817,-547],[-1200,451],[-767,-1076],[-837,462],[-261,-1047],[-1358,462],[-1872,-763],[-544,-1041],[479,-456],[-1278,-693],[8,-2666],[-611,407],[-143,-777],[-2278,-2261],[-535,-1273],[-890,-389],[-1160,-3204]],[[2744712,2829711],[674,-323],[-3346,-1653],[-807,-979],[-1134,-486],[-3130,-3797],[-1814,-818],[-3860,-3217],[-648,-3941],[-810,-2304],[-2117,-4471],[-1589,-1801],[-2938,-930],[-3423,-2320],[-1603,-2059],[-771,-1740],[-2826,-1962],[-3239,-1297],[-1584,-1544],[-1959,-1384],[-478,49],[-249,-871],[-3570,-2402]],[[2703491,2789461],[2905,-1764],[949,304],[1091,-1040]],[[2708436,2786961],[-1084,-2770],[-2613,-3916],[-2568,1138],[-971,1095],[-1152,-1646],[-1597,465],[-2463,-1613],[-1493,-36],[-1555,947],[-2193,-2464],[-1845,-278],[-1281,-1711],[220,-2262],[-3440,-1929],[-1549,-4761],[-1418,-1058],[-2380,-230],[-236,-1965],[-4138,-1076],[-2041,-2488],[-750,151],[-1207,-665],[-1695,-239],[409,-1185],[-347,-554]],[[2669049,2757911],[-782,1154],[-342,-506],[-1268,557],[234,259],[-801,727],[-1315,-39],[-931,1345],[95,661],[-707,276],[-62,1065],[537,769],[-260,1006],[405,865],[-904,1219],[-215,2094],[-1089,910],[15,623],[-957,273],[-1078,-233],[-1754,587],[-1322,634],[-1469,1743],[-2668,872],[-4264,5298],[-70,1203],[-1118,763],[103,613],[-818,1193],[-153,944],[-3067,2271],[-1521,433],[-1332,1436],[-1976,228],[-1345,769],[-805,-936],[64,-633]],[[2636109,2788354],[-2719,-2429],[-1206,-244],[-1096,-744],[-1517,125],[-2233,-939],[-1144,-2777],[-1503,-1165],[-1324,-2301],[-1282,-491],[-2164,74],[360,2014],[-231,1450],[-2736,1406],[-2072,1684],[-881,-1286],[-16,-2076],[336,-513],[1833,12],[-1043,-725],[-2244,-4608],[362,-1676],[-290,-1537],[446,-1261],[-2339,-2671],[-1472,-3361],[162,-699],[1892,-1171],[602,-977],[-69,-1389],[-1018,-2224],[-14,-2625],[-778,-1491],[-3907,-4286],[-2010,-4615],[-1382,-1471],[-150,-2270],[-875,-1431],[-891,-931],[-2390,-895]],[[2599106,2737840],[-726,-1320],[-1855,-1217],[-89,-924],[-798,-553],[-160,-1803],[350,-512],[-573,-1762],[-1163,-513],[-1152,-2715],[-1156,-459],[466,-832],[-831,-1334],[-2340,-655],[-773,-1003],[115,-1123],[1262,-1323],[380,-1365],[701,-156],[199,-1137],[647,269],[1629,-712],[196,-594],[2035,-1832],[2147,-846],[1495,-1684],[446,-1947],[2130,-2261],[1744,-219],[1852,898],[2101,419]],[[2607385,2708625],[1030,-2422],[-16,-4659],[607,-3229]],[[2609006,2698315],[-7282,-6007],[-587,-1677],[1304,-2411],[-7,-1022],[-1092,-921],[-2775,-998],[-4040,-3880],[-1176,-1785],[-85,-1916],[-3133,-2108],[-679,-1090],[-133,-1823],[-1426,-1404]],[[2587895,2671273],[-1223,1678],[-850,235],[-1909,1528],[-745,-147],[-1733,523],[-2204,2653],[-1806,126],[-1718,1503],[-976,-310],[401,-449],[-21,-844],[-851,-700],[-610,-1857],[-2071,-1748]],[[2571579,2673464],[338,-3604],[-689,-511],[-530,-1330],[-604,-123],[48,-1165],[-941,-1536],[-164,-2330],[-554,-412],[568,-1654],[-1074,-436],[-1897,-4327],[500,-3264],[-192,-2036],[1786,-3972],[-145,-2492],[310,-985],[-1220,-1649],[-1383,-309],[-524,-492],[427,-1516],[-355,-1055],[-2172,-973],[-704,-743],[234,-1655],[-1659,-1894],[-549,-1356],[-217,-3147],[-812,-487],[-1771,-4339],[178,-805],[2087,-1676],[-521,-2003],[1022,-875],[1188,-332],[1119,-2214],[130,-1367],[1672,-1472],[224,-1479],[904,-832],[601,-1563],[848,-695],[-121,-1252],[363,-732],[-367,-1400],[-1894,-2901]],[[2565067,2602074],[-970,143],[-1851,-1442],[-862,14],[-496,701],[47,1636],[-648,205],[-918,-426],[-2037,-3883],[1972,-1707],[-7,-366],[-2469,-2829],[98,-1872],[-1624,-1213],[-1518,-1981],[-215,-768],[468,-2065],[-448,-1592],[-2436,-1714],[-1085,-2626],[-699,-427],[-2080,418],[-2643,2998],[-1386,-1616],[-2037,-290],[-2879,-2125],[-1774,-704],[-1537,592],[-1828,1602],[-6322,1542],[-2219,1192],[-1236,-26],[-4248,2454]],[[2519180,2585899],[-2334,-1086],[-1412,-53]],[[2515434,2584760],[-703,341],[-1136,2394],[-2321,2630],[1342,2967],[556,2784],[2512,2886],[-237,1518],[-741,913],[-2670,340],[-1262,661],[-1344,-700],[-1071,89],[-350,-567],[-734,152],[-954,893],[-973,-705],[-333,227],[151,1261],[-2147,-653],[-1747,1162],[-2498,-2436],[-262,-1118],[-990,-440],[-590,-1362],[-2350,428],[-1577,1284],[-1928,216],[-2006,2164],[1210,2958],[-1159,1124],[-70,2317],[-1055,1863],[138,1392],[-2255,1701],[-69,1101],[-1035,91]],[[2484776,2614636],[-272,841],[-1337,181],[-1187,1559],[-927,80],[-1187,738]],[[2479866,2618035],[-3474,1304],[-1482,-242],[-1602,500],[-451,719],[-2108,477]],[[2470749,2620793],[279,1585],[-414,1496],[1725,2623],[381,1246],[-1692,477],[-288,938],[-1108,707],[447,1489],[-168,743],[-1763,1908],[-866,576],[-2350,234],[-95,1152],[-783,54],[1073,718],[-776,838],[86,1976],[-1457,1455],[-1143,2745],[-2838,443],[-820,-482],[-3092,-187],[-2578,944],[-1091,1363],[-2701,783]],[[2448717,2646617],[-1503,-1968],[-5350,2815],[-804,-696],[-834,-148],[-2707,496],[-918,-350],[-2232,-1963],[-2241,-22],[-2158,-1183],[-3155,-128]],[[2426815,2643470],[-1299,3976],[-829,235],[-1306,-703],[-1919,1603],[-610,1544],[-130,2830],[-346,666]],[[2420376,2653621],[-1303,2802],[-598,452],[1276,5693],[1085,1473],[2377,1458],[716,2036],[701,789],[-119,962],[769,455],[494,1168],[1585,1717],[431,3164],[1789,525],[602,1004],[641,223]],[[2430822,2677542],[-876,365],[-200,579],[-1509,1221],[-792,219],[441,2356],[-1480,1409],[-136,3389]],[[2426270,2687080],[1927,1817],[991,443],[1215,-38],[1740,823],[1853,-118],[3071,3582],[-510,2102],[1182,131],[1021,906]],[[2438760,2696728],[-494,6422],[-513,403],[-208,882],[-1594,1146],[-292,1820],[-1157,2064],[786,1986],[48,4566]],[[2435336,2716017],[855,664],[435,2432],[1610,1732],[1386,735]],[[2439622,2721580],[-1540,1793],[-3115,-61],[-3563,-622],[-2043,3012],[595,2186],[-600,2344],[768,904],[307,1214],[-575,797],[-3575,1456],[-327,2151],[528,2789],[-844,1170],[321,1867],[1509,1559],[1051,1994]],[[2428519,2746133],[-3006,1768],[-950,2335],[515,3097],[-2140,4019],[540,1927],[-1349,2072],[-1041,357],[-1598,1363],[-792,2490]],[[2418698,2765561],[-513,-540],[-1356,-293],[-697,818],[-1587,466],[-1521,1006],[-3064,-882],[-3021,1313],[-585,1125],[-2820,2552],[177,1331],[1686,2128],[-174,2064],[876,1786],[-757,854],[-833,5138]],[[2404509,2784427],[-964,1383],[169,2592]],[[2403714,2788402],[1018,923],[-165,591],[1745,1927],[-768,2393]],[[2405544,2794236],[-741,681],[-2883,875],[-926,-88],[-1187,533],[-1926,-169]],[[2397881,2796068],[-2555,2332],[-1389,205],[-1848,1155],[-1053,101],[-1853,-868],[-769,85],[-945,759],[-469,2462],[-956,81],[-1898,1077],[-1033,-446],[-973,1353],[-1962,286],[-407,478],[372,419],[543,-63],[508,1482],[-1231,2778],[19,619],[786,921],[-84,660],[-3814,-3407],[-1492,-404],[-584,131],[-1878,1962],[-965,141],[-151,556],[-3764,835]],[[2368036,2811758],[682,3172],[-141,1720],[-752,697],[-2398,316],[-1941,-1949],[-1427,-416],[-755,-681],[-285,3],[-56,661]],[[2360963,2815281],[-1064,5420],[-3546,-1406],[-2880,526],[-3948,3641],[-1399,3327]],[[2348126,2826789],[-789,5172],[-622,1111],[897,3741],[-235,2278]],[[2347377,2839091],[-3111,3029],[-1381,2313],[-2308,-2996],[-1402,-927],[-247,-1062],[-510,-389],[-1111,404],[-2245,-371],[-2474,-1821],[-2463,-310]],[[2330125,2836961],[-1713,-2110],[-1066,-2165],[-3897,564],[196,-663],[-1400,-1142],[-737,-1283],[-1081,930],[-755,-927],[-418,75],[-743,-676],[664,-370],[-1318,-1155],[-141,-724],[-1444,2217],[151,744],[-1200,344],[180,1323],[-2129,276],[-1692,-1617]],[[2311582,2830602],[-311,-670],[216,-1937],[1423,-2407],[-267,-1213],[-767,-530],[464,-676],[-353,-786],[1318,-805],[550,-938],[-409,-2065],[587,-1901],[348,-68],[-251,-2431]],[[2314130,2814175],[-433,-2043],[269,-1526],[-353,-516],[784,-1490],[-1574,-891],[-678,-2193],[-868,-493],[-251,-980],[-2343,1696],[-2358,554],[-4061,-1713],[-1449,-2904]],[[2300815,2801676],[-263,-1892],[-2637,1143],[-1983,270],[-2764,-891],[-2590,-4777],[-20,-1483],[-651,-577],[386,-241],[3,-1235],[-235,-506],[-493,116],[-452,-865],[-195,-2067],[-1194,-1340],[-2153,-1142],[-379,-581],[254,-354]],[[2285449,2785254],[-3138,260],[-3027,-651],[-671,198],[-393,1048],[-74,3203],[456,1572],[-2364,3],[-1177,921],[-1633,562],[-654,2331],[-939,1304],[-2743,-964],[-2200,1199],[-1797,-89],[-617,680],[-1030,228],[-1311,1551],[-33,542],[-717,457],[-1918,3260],[-1642,160],[640,1645],[-623,782],[-693,-209]],[[2257151,2805247],[-794,1011],[1039,2911],[-347,1965],[-509,782],[640,1933],[-632,1340]],[[2256548,2815189],[-378,-232],[-3666,1083],[-1710,151],[-262,-323],[1235,-1871],[-2302,-6087],[13,-1910],[-747,-2903],[-2295,782],[-209,1401],[-807,109],[-618,573],[-588,2175],[-2300,650],[-507,-114],[-810,-1122],[-884,463],[-158,571],[-1824,-36],[-3114,3594],[-798,-85],[-433,684]],[[2233386,2812742],[-284,-778],[-380,21]],[[2232722,2811985],[-1574,1385],[-1076,2669],[-4080,6361],[-987,668],[-3460,-27]],[[2221545,2823041],[-1710,-842],[-1371,-1281],[-1966,-2947],[-3383,-1125],[-2929,3271],[290,1582],[-416,448],[-50,966],[-576,551],[1602,671],[-86,1409],[520,542],[1141,3956],[-580,504],[484,2295],[930,673],[753,1373]],[[2214198,2835087],[-426,270],[-347,1330],[-2004,783],[-403,1208],[-2531,2378],[-3815,222],[-3341,1823],[-2133,531],[-678,1119],[-1303,718],[-43,653],[-844,1142],[161,569],[-559,649],[-105,1707],[-726,629],[43,1483],[-693,630],[408,210],[-237,947],[265,452],[-427,219],[-261,1749],[-626,261],[-15,1441],[-1137,835],[-280,-359],[478,1833],[1284,765],[835,2607]],[[2194738,2863891],[23,1241],[-501,294],[-113,1295],[1005,276],[-206,748],[400,421],[404,-485],[675,111],[-47,1108],[1067,130],[1452,1341],[-404,382],[279,474],[629,-233],[400,275],[508,-515],[637,470],[291,1127],[-657,729],[742,-267],[174,856],[-574,263],[58,589],[733,-34],[-353,1172],[795,677],[-64,769],[681,278],[-602,634],[846,352],[-62,580],[702,539],[-780,489],[438,722],[-629,317],[86,470],[-773,-428],[-796,1065],[-2562,60],[-229,520],[-742,65],[369,428],[-501,450],[-862,19],[-695,-558],[194,902],[-843,553],[12,657],[919,1261],[-214,1303],[412,428],[-548,707],[1122,848],[880,1884],[1110,333],[77,1478],[1231,1498],[-490,1310],[-462,-4],[-1596,1329],[535,1498],[-852,1261]],[[2197467,2900353],[-764,797],[-657,-46],[-925,779],[307,889],[-1085,-88],[42,1619],[-1682,1425],[1185,1405],[810,205],[160,1576],[429,-646],[814,-117],[-443,1091],[599,857],[-638,689],[-1099,-497],[-329,370],[-899,-202],[-457,482],[-795,-1007],[-457,-24],[461,1377],[-885,927],[599,150],[547,1021],[-1118,-131],[18,1096],[854,831],[-2627,986],[126,643],[-507,-81],[-159,355],[177,900],[-533,-313],[-1961,911],[-141,2360],[349,587],[-292,63],[-2088,-1300],[-1415,-350],[-49,-2517],[-1440,-1562],[-768,-281],[-196,-880],[-1548,-494],[-286,-662],[-812,-194],[-1934,-2062],[-724,-300],[-3101,-3349],[-590,-1392],[-1198,-844],[-1619,805],[-3014,-1507],[-1999,-1615],[-310,-1078],[472,-866],[-357,-445],[-794,98],[85,857],[-367,515],[-1009,-249],[334,-913],[-266,-609],[-529,852],[-1057,374],[282,-1334],[-1257,-263],[-1050,-1434],[-1053,1067],[-1027,-637],[-995,154],[-224,393],[456,1157],[-500,416],[-1266,-562],[-1545,81],[-279,-912],[-879,1375],[-1062,-446],[-584,179],[-338,750],[87,1594],[-1290,589],[-857,-301],[-731,495],[-838,-485],[18,743],[-807,-733],[-1144,297],[-1300,-1503]],[[2141729,2902304],[-1095,1513],[-434,1508],[-1185,1021],[-509,-165],[112,-1200],[-982,-323],[-879,534],[-914,1426],[-1833,-447],[-377,1591],[-649,452],[-593,0],[-1999,-1470],[-1973,1323],[-1275,-1407],[-1317,-166],[-911,-2326],[-1679,-639],[-962,-824],[-250,-857],[364,-1228],[-710,-1187],[-1255,301],[-1121,-961],[-1687,-111],[-3107,-1944],[-1011,623],[-1093,1539],[-758,10],[-1300,-1441],[-265,-2001],[-1369,-1097],[-1224,1243],[-2599,908],[-582,2181],[-674,-109],[-647,-1435],[-575,-130],[-493,2006],[-460,20],[-595,-854],[-471,-62],[-456,1763],[-3356,-2188],[-349,-3942],[-974,-1720],[-2036,776],[-651,703],[388,2003],[-978,1837],[-2072,-393]],[[2089909,2896958],[-1162,4689]],[[2129628,3048241],[63,-940],[-737,-2193],[927,-515],[1231,-1704],[349,-2587],[-649,-614],[679,-370],[-455,-322],[947,-622],[987,-1778],[1185,-895],[90,-580],[-663,-1277],[957,-842],[452,-1353],[873,-818],[1808,-125],[1150,-506],[531,-477],[-84,-517],[1056,-895],[907,-4],[218,-950],[1091,-545],[1060,264],[1030,1004],[1264,-851],[555,44],[-74,-1276],[-941,-479],[-439,-1807],[497,-2406],[-147,-1696],[-629,-1291],[-152,-1598],[-896,-556],[-128,-1009],[496,-886],[555,-24],[367,-496],[530,258],[1249,-554],[367,-1067],[4368,-4186],[-1222,-2330],[595,-866],[517,-3020],[714,-584],[218,-926],[-547,-2835],[1283,-906],[738,-58],[769,-969],[1511,-179],[689,-974],[832,537],[536,-1106],[574,49],[495,585],[318,-954],[649,356],[694,-584],[395,633],[2061,464],[1367,-618],[229,-808],[1065,-399],[813,-920],[412,-1588],[-475,-458],[-257,-1671],[600,-312],[665,-1427],[2199,-929],[412,-882],[783,-189],[-30,-697],[387,-63],[198,-740],[719,253],[302,-297],[-203,-828],[-653,-448],[198,-999],[1254,-199],[267,526],[1164,464],[103,536],[575,-214],[1391,799],[511,-228],[124,-1116],[610,-691],[2185,-637],[68,867],[540,224],[1697,-841],[125,714],[661,449],[560,2351],[-317,494],[700,188],[250,962],[852,604],[-27,1163],[588,202],[-371,552],[2319,-155],[1241,1228],[1262,-454],[494,1052],[1176,-870],[1967,2651],[622,-396],[-7,-909],[713,338],[521,2235],[733,149],[555,683],[2814,-1324],[475,851],[1857,-1214],[1512,618],[-620,-1962],[1453,-26],[502,-370],[-19,-838],[1063,397],[799,-903],[1249,-103],[541,-520],[80,-1747],[-567,-974],[-1367,-521],[-172,-532],[198,-455],[945,371],[317,-461],[-858,-2066],[377,-1708],[-567,-1553],[740,-2007],[998,-727],[-568,-689],[350,-915],[-515,-553],[205,-857],[1520,-1916],[-139,-1072],[786,-6],[780,-539],[667,-1532],[1724,-1007],[971,-1019],[674,-1520],[938,-240],[1301,-1253],[133,-637],[792,-383],[1037,-1812],[-1498,-2696],[-2338,-2135],[-277,-1505],[-812,-692],[481,-2474],[763,-872],[585,234],[574,-541],[1035,-58],[486,-916],[-233,-740],[565,-570],[-326,-1169],[-798,-595],[-98,-1997],[-565,-98],[-420,-716],[243,-716],[-813,-190],[-1227,-1053],[-347,-1086],[-1267,160],[-857,-858],[-1614,-482],[-1287,-2066],[139,-731],[-733,-20],[-2020,-1199],[-2331,-2032],[-594,-1043],[488,-727],[-283,-501],[1312,-1048],[-123,-1793],[397,-623],[-35,-1542],[793,-2130],[80,-1472]],[[2206580,2920818],[5376,-383],[4744,737],[528,797],[1289,153],[-324,864],[878,910],[-284,480],[1584,-344],[-502,955],[621,461],[614,-188],[224,643],[436,-136],[-20,636],[1876,31],[639,672],[882,-1431],[1756,469],[869,1622],[47,1836],[-1431,1447],[-80,1032],[-406,307],[535,258],[-352,380],[1926,668],[1159,1525],[-144,1851],[936,1433],[-110,940],[426,745],[500,-92],[-10,770],[372,326],[-1095,716],[599,838],[1248,273]],[[2231886,2943019],[1894,-1205],[352,-1174],[1263,-468],[678,-984],[3631,-1860],[1842,-448],[2095,-1607],[589,-1296],[1565,-1164],[1466,229],[1337,-619],[3218,307],[1219,249],[995,702],[1609,-1949],[-104,-1247],[1419,-1177],[375,-1173],[780,-390],[19,-1085],[687,-1442],[66,-2390],[1512,643],[-429,-1799],[1056,13],[792,-1377]],[[2261812,2920308],[-670,-2673],[627,-1487]],[[2261769,2916148],[2028,202],[427,-492],[911,198],[-20,-821],[778,-143],[888,1420],[1915,-20],[5181,-2234],[1298,-115],[2318,-1384],[-617,-925],[512,-591],[214,-1185],[645,-505],[-378,-2006],[511,-287],[-682,-1039],[339,-766],[-258,-262],[339,-226],[1201,623],[883,-1662],[1721,-485],[-896,-3022],[746,-539],[1116,97],[1624,-2014],[270,-1357],[871,-877],[323,-2339],[1723,-1806],[-20,-1383],[1373,-585],[33,-526],[1590,-1319]],[[2290676,2887773],[1492,1279],[535,1390],[2179,1474],[323,728],[1221,590]],[[2296426,2893234],[2247,86],[3092,-1090],[2134,1148],[1374,256],[763,-413],[1231,1034],[543,-253],[454,-1153],[908,-366],[935,-73],[3297,988],[685,-849],[688,84]],[[2314777,2892633],[2069,76],[2045,-631],[-580,-1863],[1097,-1850],[2047,64],[554,1499],[553,-455],[-508,-2779],[-794,220],[-1532,-2430],[3,-530],[835,-5]],[[2320566,2883949],[5637,1147],[1251,1681],[134,2596],[728,48],[3274,2950],[1924,954],[1884,-177],[1657,379],[1534,-894],[218,-3010],[-566,-3059],[406,-513],[1985,83],[2498,2735],[2817,1426],[1390,3262],[2467,2080],[4528,6544],[949,815]],[[2355281,2902996],[354,-541],[2554,-123],[901,-762],[607,692],[1773,175],[387,381],[1060,51],[1523,-763],[1472,94],[1551,670],[335,-195],[716,851],[460,1848],[583,94],[-35,-431],[547,-147],[586,-988],[1440,-558],[-30,-451],[1382,-1069],[2320,-3459],[1402,-956],[227,214],[1048,-1073],[1116,177],[2421,-1131],[2435,-5550],[1507,-1405],[278,-869],[1655,-1393],[200,-1026]],[[2388056,2885353],[2290,816],[1545,2581],[717,3872],[1442,990],[435,1022],[-114,3270],[1274,3705],[-46,2949]],[[2395599,2904558],[-891,3180],[1033,3728],[408,391],[315,1810],[-303,680],[555,1316],[644,478],[394,2546],[2225,3732],[3321,8506],[-3281,5145],[-5979,2350],[-289,433],[550,1110],[-423,695],[173,783],[-1342,1143],[33,457]],[[2392742,2943041],[897,92],[657,1208],[1100,104],[1515,2382],[2089,433],[2163,1437],[1301,1983],[62,891],[2818,5478]],[[2405344,2957049],[807,2696],[-429,3366],[535,1118],[-404,761],[868,744],[120,2422]],[[2406841,2968156],[645,2503],[1248,1041],[-66,602],[2005,785],[926,-32],[1935,1082],[1797,2175],[49,1053],[3386,710],[2410,1610],[126,826],[639,502]],[[2421941,2981013],[787,2385],[737,-299]],[[2423465,2983099],[691,1967],[606,32],[19,674],[909,291],[-372,1855],[-664,591],[357,642],[5,1982],[1197,140],[1409,2302],[1163,575],[258,2221],[-646,1208],[2440,934],[725,978],[2090,686]],[[2433652,3000177],[517,-559],[718,-7],[1011,-1277],[3323,-1245],[628,-883],[1454,219],[3507,-2582],[1657,-2064]],[[2446467,2991779],[1971,-373],[2654,-1826],[2767,-909],[1525,817],[1577,102],[981,531],[69,-839],[-1174,-27],[-45,-588],[2163,-2389],[1482,-291],[948,-1009]],[[2461385,2984978],[129,-486],[-962,-1009],[600,-217],[489,-927],[1031,-298],[1256,-2266],[1293,-1348],[859,-2906],[1564,-596],[-75,-968],[1335,-1286],[723,-2084],[455,-190],[318,455],[682,-510],[-84,-1300],[-515,-586],[968,-772],[-753,28],[187,-1305],[-876,-955],[297,-903],[-582,-732],[345,-776],[-582,-1037],[136,-533],[440,7],[-500,-1307],[584,-224],[-728,-1967],[-946,-184],[-400,-512],[489,-691],[-557,-1615],[-403,-487],[-525,61],[13,-618],[-775,-458],[125,-549],[-502,-20],[-308,-713],[835,-1907],[-272,-977],[-2320,-1996],[-791,-1862],[577,-774],[-787,-1167],[11,-1281],[-939,-2040],[-1543,-842],[-394,-1403],[475,-572],[-241,-607],[-1155,480],[-2714,-532],[-3931,2605]],[[2452441,2939319],[-1628,39],[-1525,1024],[-3669,-3380],[2371,-3073],[-635,-1440],[-60,-2366],[-1335,-1634],[-1347,-3157],[-1012,-505]],[[2443601,2924827],[460,-1719],[-1410,-3841],[-1362,-2221]],[[2441289,2917046],[-566,-1383],[4082,-1043],[2914,-2698],[3428,-1213],[1989,-1962],[443,-1487],[-608,-1563],[1445,-1778],[-221,-656],[-1236,-957],[598,-1250],[1058,-199],[2756,821],[2119,-1830],[3740,-1149],[2011,-2122],[1333,904],[1252,1842]],[[2467826,2899323],[798,834],[67,1560],[1264,2351],[498,2146],[942,1082]],[[2471395,2907296],[1137,465],[322,1042],[1598,1493],[679,2249],[241,3559],[1494,1390],[-680,2394],[1248,616],[31,2195],[990,341],[-1392,2740],[224,3541],[-522,2520],[1015,-480],[1612,-2668],[1842,-519],[2098,-2437],[3071,69],[706,915],[837,-12],[293,376],[570,-571],[1733,-465],[677,321],[2305,-891],[1380,-85],[1862,1054],[87,1810],[2521,-1731],[1317,-208],[1932,-2403],[-625,-1943],[229,-1055],[1921,-1043],[405,-1456],[1675,-2276],[1431,-733],[3164,932],[2136,1673],[3622,-252],[1695,692],[1772,38],[885,771],[498,1274],[1611,502],[1337,2405],[1136,739],[728,1236]],[[2526243,2925420],[-2145,3629],[-1414,1300],[-499,1621],[-1703,1026],[-891,1827],[232,1152],[-454,587],[-679,500],[-3377,41],[-255,1905],[518,2868],[-490,695],[1852,2065],[2120,1406],[-2675,4228],[-2180,1471],[1482,5318],[1011,818],[-1260,2699],[534,2610],[1388,1588],[1099,585],[3257,4374],[7031,-2495]],[[2528745,2967238],[2699,-2593],[3302,-2019],[134,-2594],[568,-860],[3008,-1645],[1824,-495],[1834,-32],[1970,863],[2491,-390],[1120,1107],[2863,-738],[1650,1155],[1863,-457],[2553,1626],[-420,918],[110,1119]],[[2556314,2962203],[1407,68],[2839,1341],[-289,1769],[1055,1051],[115,2486],[915,2006],[-136,1107],[917,650],[1418,116],[2128,1695],[2242,957],[1606,176],[733,-154],[104,-505]],[[2571368,2974966],[1061,-1890],[-276,-3234],[416,-1417],[-282,-575],[1884,-1360],[448,-2218],[-130,-1799],[790,-2237],[1993,-2120]],[[2577272,2958116],[2151,2389],[2193,4093],[1860,1135],[214,1758],[1934,4240],[806,497],[745,-245],[490,1754],[1229,123],[573,621]],[[2589467,2974481],[-123,771],[2419,1791],[259,1678],[718,1243],[-587,677],[63,595],[2072,1375],[110,955],[-498,908],[739,1667],[-438,1583],[355,675],[1581,971],[837,1658],[2777,119],[-175,638],[925,1686],[2287,294],[619,578],[-177,3024]],[[2603230,2997367],[812,429],[1623,2393],[1923,-354],[2505,1627],[774,1939],[-106,785],[850,587],[1787,-368],[2688,751],[2167,-19],[923,2498],[-634,2437],[917,695]],[[2619459,3010767],[2808,-500],[1192,708],[1818,-639],[1567,221],[3499,1385],[904,1252]],[[2631247,3013194],[921,1500]],[[2632168,3014694],[-231,2161],[452,1299],[1493,1855],[12,1688],[2455,2828],[441,2871],[1793,2272],[-12,1835],[3064,862],[2919,-1465],[1140,-1009],[1362,20],[1247,1127],[902,1616],[1039,21],[691,-738],[2048,390],[1320,1396],[320,898],[1395,717],[44,1784],[-1248,1093],[245,2255],[-593,1346],[1815,2271],[-594,881],[288,1152],[-305,2480]],[[2655670,3048600],[-2596,1383],[185,3677],[-1254,3941],[430,1076],[-228,2148],[1091,533],[1255,1609],[-328,3198],[434,683],[265,2866],[2761,1909],[1774,314],[469,476],[47,2843],[1629,1423]],[[2661604,3076679],[-128,845],[-952,1009],[-83,1491],[-957,611],[168,3324],[-554,1689],[-231,3892],[-40,4484],[485,1224],[-1314,1352]],[[2657998,3096600],[1315,1124],[760,1602],[1793,2043],[-1173,2422],[-2355,2317],[-423,3033],[690,2092],[-3924,1196],[-2049,-276],[-1371,1248],[-1358,285],[-2113,2709],[-396,3537],[-1352,2329],[-2889,901],[-875,-513],[-1736,8],[-2060,2007],[-1341,535],[-700,1035]],[[2636441,3126234],[1057,349],[500,1466],[-35,1553],[-860,838],[38,772],[1291,297],[2620,2394],[1009,-73],[2594,1589],[377,1662],[831,181],[1278,-514],[326,393],[1084,21]],[[2648551,3137162],[955,803],[1936,-336],[949,-1437],[1155,-486],[1232,-1334],[1813,-438],[-166,-904]],[[2656425,3133030],[-367,-1504],[329,-489],[3977,-2165],[1311,137],[448,628],[985,-125],[2566,-3082],[2485,-1109],[113,-2029],[680,-1221],[1732,-1037],[-328,-1066],[646,-669],[-29,-1327],[2039,-1478],[1147,-2314],[129,-1316],[994,-1507],[-17,-2424]],[[2675265,3108933],[490,-782],[44,-1233],[1193,-1491],[845,-2323],[1136,-867],[177,-1290],[1699,-3497]],[[2680849,3097450],[1539,-336],[1874,-1636]],[[2684262,3095478],[4739,397],[1202,787],[1632,63]],[[2691835,3096725],[1141,368],[797,879],[905,-10],[2521,1195],[1108,1624],[0,1245],[1774,1153],[990,208],[1202,2443],[731,112],[790,1148],[3198,701],[1190,1399],[2191,864],[575,-388],[724,423],[2350,101]],[[2714022,3110190],[1808,504],[877,-249]],[[2716707,3110445],[1434,2344]],[[2718141,3112789],[-3025,2011],[-55,3447],[-553,1219],[-823,700],[635,1659],[1231,1187],[200,1118],[1817,1536],[-275,3972],[-969,1706],[-1215,1076],[-372,1005],[994,2577],[97,2157]],[[2715828,3138159],[1341,1533],[3139,837],[457,1678],[1490,1987],[140,3788],[339,809],[1569,2115],[1093,802],[3781,1086],[-416,1656],[2033,1742],[-265,1439],[1844,1139],[-123,4359],[339,771],[-1664,2807],[1847,3905],[44,2114],[-788,1174],[-195,2768],[-2730,2355],[-478,1159]],[[2728625,3180182],[155,2035],[1816,509],[1380,1922],[-976,4641],[-1270,1149],[-1013,226],[916,5370],[-363,964],[280,1212],[-747,664],[-65,1664],[1916,1170],[945,1330],[1415,329],[450,1197],[-542,1813],[1880,4582],[274,2292]],[[2735076,3213251],[-1914,1506],[21,1063],[-1512,971],[-601,3225],[-2270,650],[-686,1011],[-567,3095],[1758,1127],[-222,1816],[278,1284],[-1931,3394]],[[2727430,3232393],[910,432],[-219,753],[1038,1104],[-218,738],[360,853],[1283,812],[1320,58],[4225,-3587],[2628,-3041],[3300,-1152],[316,-625],[1857,-394],[710,-648],[933,1],[584,-1609],[1565,-463],[279,-564],[2164,-623],[733,260],[4872,-2558],[579,408],[923,-483],[2534,-104],[1491,492],[1805,1756],[133,919],[2124,896],[882,1057],[434,-240],[2586,1494],[2093,-730],[943,358],[262,2093],[3401,2341],[1568,1921],[666,182],[1123,1705],[1441,586],[742,1525],[1615,1062],[2215,4993],[-46,1311],[550,445],[385,2077],[432,511],[-47,1742],[2074,4103],[261,1543],[1196,1973]],[[2790435,3258076],[832,841],[1600,3052],[1449,792],[1480,11],[1094,-899],[2341,88],[2427,-917],[224,-695],[-585,-1106],[-746,-4845],[3102,-1992],[1581,697],[1613,-73],[678,1100],[3240,782],[130,1347],[670,455],[1544,2666],[1138,826],[1237,46],[1229,875],[-137,1090],[-950,295],[-400,3274],[2005,2786],[-209,2431],[1117,1226],[1546,597],[2162,-2582],[-900,-195],[-426,-1087],[451,-1343],[569,-173],[3518,1692],[971,1290],[462,1815],[1662,428],[322,-1437],[1176,-497],[463,-1550],[2635,-440],[644,-2176],[-775,-246],[-247,-825],[-143,-1542],[306,-468],[1371,-617],[901,-1267],[1357,-480],[1054,197],[121,-940],[482,-407],[902,34],[260,712],[3488,-2517],[517,1265],[1187,1283],[415,2067],[1413,614],[845,1488],[1204,406],[206,1259],[1985,2860],[-169,569],[572,1179],[1234,989],[2155,-452],[2159,722],[966,-1038],[1959,-85],[1468,-1117],[1334,-50]],[[2089909,2896958],[977,-3426],[-660,-1678],[77,-787],[590,-2541],[1195,-1748],[499,-2258],[795,-359],[3392,259],[1202,-327],[1138,-1365],[712,-2122],[-404,-2157],[193,-3021],[-2154,-4809],[-467,-3005],[588,-2107],[1854,-2361],[78,-1202],[-935,-1194],[-1231,-832],[-1818,-527],[-765,-1014],[-101,-5145],[-1253,-2657],[84,-2255],[-1230,-2923],[418,-2781],[1771,-3335],[1379,-1467],[-12,-2430],[-1696,-2570],[-1745,-1741],[-1986,-979],[-3143,-598],[-917,-632],[-427,-901],[236,-1506],[1332,-2805],[2603,-14091],[571,-828],[2651,-836],[-100,-929]],[[2093200,2806968],[-1376,-689],[-3717,1020],[-1164,-337],[-1576,-1220],[-139,-1775],[2688,-3370],[555,-2321],[-236,-1871],[-1398,-723],[-3277,-137],[-686,-788],[-42,-1232],[717,-2694],[1392,-2579],[-590,-1398],[-1550,-1689],[-1086,-777],[-1666,-238],[-907,404],[-1906,2210],[-793,-501],[1,-1179],[1537,-2694],[96,-1289],[-2383,-3308],[-1641,-7770],[-3268,-2227],[-1151,-1243],[-1099,-2313],[-265,-2386]],[[2068270,2761854],[-798,221],[-1676,-556],[270,1299],[-397,265],[-3363,-2726],[-314,1124],[-1386,183],[325,1147],[-1182,122],[-967,-686],[-2382,3176],[-1651,-479],[-703,670],[-677,-777],[-822,501],[-715,-88]],[[2051832,2765250],[-623,-125],[-1236,634],[-622,1229],[-1843,-522],[-2265,982],[-3092,3478],[-1175,352],[-508,-19],[-720,-745],[-1142,397],[-316,-495],[-619,-76],[-647,375],[-613,-677],[-1147,-278],[-615,748],[-1009,-807],[-744,335],[-478,-1039],[-1664,-1514]],[[2030754,2767483],[-2324,-480],[378,-735],[-737,-337],[-183,-1271],[-784,-475],[-1024,718],[-2558,65],[-1074,885],[-1029,-786],[-520,387],[-1085,-104],[-3190,2790],[-1484,547],[-730,-455],[-698,364],[-640,-406],[-1915,450],[-964,762],[-2507,47],[-1836,-1809],[-1269,129],[-1468,-1683],[-1899,312],[-1872,-576]],[[1999342,2765822],[-568,-1138],[-2831,-461],[-300,-717],[-1208,-338],[-661,-794],[-1965,526],[-743,-259],[-1490,581]],[[1989576,2763222],[-2254,41],[-550,479],[-1103,-956],[-1637,-616],[-518,181],[-593,-640],[-1432,718],[-701,-1236],[289,-631],[-850,-1242],[-1280,-488],[-2686,251],[-1203,-528],[-1998,17],[-964,-1488]],[[1972096,2757084],[-364,-1371],[-551,-391],[201,-678],[-446,-333],[705,-1182],[-640,-684],[236,-652],[-1106,-1350],[-1322,240],[-425,-1123],[-776,-119],[-1633,-3672],[-1384,-1432],[73,-916],[-1727,-672],[-234,-1470],[-1041,-299],[-916,-1088],[-1442,-2521],[-189,-1032],[-483,-140],[60,-1073],[-630,-779],[342,-1917],[-914,-165],[-1186,-923],[-188,-397],[413,-381],[-883,-1314],[-87,-982],[356,-364],[-389,-1113],[887,-3],[-30,-927],[-1904,-962],[-1506,370],[-1753,-1437],[-1261,756],[-1528,-70],[-1280,1761],[-1446,146]],[[1945705,2726425],[-1719,1934],[-462,-303],[-667,201],[-773,-589],[-617,199],[-671,-620],[-403,524]],[[1940393,2727771],[-1307,446],[-913,-1156],[-1330,-789],[-2305,2],[-626,-497],[-1666,300],[-1034,-408],[-284,-851],[-781,-150],[100,-592],[-1247,-717],[454,-860],[-568,-565],[-255,-1463],[-632,-435],[-1139,253],[506,-1395],[-1875,-1415],[-1305,657],[-2130,-953],[-1710,-2016],[-1090,427],[-605,-418],[-956,801],[-2368,317],[-3682,1952],[-3353,1218],[-2140,26],[-1431,-751],[-602,-1155],[-2454,-2125],[-395,-806],[304,-726],[-687,125],[-1306,-965],[-7,-848],[-883,-1446],[-3071,-2416],[-1864,-821],[-507,-1254],[-1983,-1313],[-390,-787],[-1724,-715],[-1223,-1442],[675,-796],[-48,-1315],[-1821,-4707],[2005,-1421],[1089,-2154]],[[1889829,2691652],[3090,-890]],[[1892919,2690762],[900,-1582],[1596,-1022],[457,-1049],[-570,-2307],[485,-2009],[-2093,-3582],[-114,-2268],[-1202,-2714],[-1321,-1236],[-415,-1754],[-1694,-1153],[-2973,-773],[-633,-1561],[647,-3315],[-464,-2003],[218,-1747],[1546,-2458],[1673,-6084],[1917,-2670]],[[1890879,2649475],[4540,-1911]],[[1895419,2647564],[149,-1724]],[[1895568,2645840],[-1748,-6914],[-1635,-1848],[-2407,-1320],[-2025,-2968],[-2069,-9],[-1256,-2530],[-106,-1899],[-2530,-2512],[-2946,-4507]],[[1878846,2621333],[-3044,-850],[-1591,663],[-1118,1281],[-1369,376],[-1751,-1071],[-1564,1445],[-1515,396],[-3222,1738],[-990,2233],[16,3094],[-427,532],[-1794,710],[-77,929],[-620,843],[747,916],[-365,2016],[-1540,1199],[-532,1202],[-1822,1748],[-977,2647],[249,1685],[-578,709],[-780,423],[-2654,-69],[-1469,776],[-641,2023],[249,1795],[-1420,301],[-994,727],[-473,925],[1170,1680],[-1394,43],[-2553,1014],[-1613,88],[-548,618],[-601,-328],[-2698,835],[-2674,-354],[-2617,-1663],[-2250,-233],[-1336,1148],[-414,2313],[-1396,-462],[-581,-608],[-2071,-227],[-932,1432],[-302,1514],[-938,1042],[-929,-559],[-698,370],[-690,-241]],[[1820715,2660097],[-767,-944],[-3219,88],[-532,367],[-805,-475],[-1381,-1954],[-705,960],[-2118,487],[-1418,799],[-2114,-389],[-170,-345],[-375,815],[658,1985],[-13,2572],[-374,1632],[-534,117],[-201,587],[118,1307],[-1171,377],[-466,1001],[581,1087],[-3919,97],[-934,1075],[-507,-207],[220,-471],[-429,-443],[717,-273],[102,-415],[-1894,-675],[-200,-1374],[-2339,-1067],[445,-2088],[-514,-147],[197,-360],[-471,-904],[-1338,325],[-1809,-1270],[-3433,895],[-1387,-847],[-3039,689],[-1653,-408],[-1305,543],[-22,301],[289,-125],[-303,724],[-977,1245],[-1998,575],[-426,785]],[[1778782,2666351],[105,2642],[-878,2119],[619,728],[-506,559],[-106,1051],[-954,302],[-215,2282],[257,452],[-789,814],[-207,1214],[-954,668],[30,1219],[-672,426],[371,504],[-425,166],[-193,989],[-426,-26],[-411,876],[-606,309],[14,611],[-348,176],[731,753],[-812,659],[-416,1110],[-470,-143],[-485,763],[-305,1759],[-686,549],[-26,1154],[-863,1151]],[[1769156,2692187],[-3442,-2596],[-331,-2612],[-738,-1175],[-1769,-444],[-1286,-934],[-452,-1538],[1059,-1417],[-73,-701],[-1915,-337],[-601,1208],[-667,-28],[353,-2096],[-1363,-1296],[-236,-769],[743,-725],[1347,-111],[-359,-474],[-1643,-425],[-433,-642],[64,-1129],[-1975,-1117],[724,-1517],[-1608,-2481],[716,-1306],[289,-2037],[1321,-1579],[-1129,-3371],[-850,-430],[-2269,58],[-934,-1861],[-2096,-2012],[-533,-1075]],[[1749070,2655218],[-1931,244],[-2086,1458],[-1043,-123],[-1987,1268],[-2046,-231],[-2158,950],[-902,-425],[-1377,1306],[-1943,-378]],[[1733597,2659287],[816,553],[-628,1496],[886,-754],[855,736],[-21,486]],[[1735505,2661804],[-888,-117],[-129,488],[-1201,502],[-301,621],[-460,-208],[-651,1413],[-290,-376],[-1757,336],[-259,1205],[251,789],[-2023,71],[-183,507],[-778,-110],[-617,509],[213,294],[-373,219],[397,150],[-428,195],[28,763],[291,356],[-1558,1452],[-51,2719],[-587,143],[-501,765],[88,499],[-883,1226],[-259,1145],[330,730],[-434,2520],[736,1689],[-467,3154],[-2605,1395],[-1144,2460],[-1314,656],[209,387],[-513,452]],[[1717394,2690803],[-139,953],[724,1481],[102,1364],[369,207],[227,1411],[1011,1150],[596,2610],[-1507,1457],[557,2143],[1970,1364],[2918,4611],[-1043,1278],[365,843],[687,-215],[-291,1513],[3396,-545],[-761,1741],[386,182],[-668,917],[-23,1325],[1363,337],[1061,-443]],[[1728694,2716487],[530,-171],[1501,813],[713,-254],[1413,-1816],[1374,-697],[998,-1620],[1929,-1189],[561,-812],[1402,-386],[785,-1114],[1392,1953],[709,-6],[640,724]],[[1742641,2711912],[310,941],[-424,791],[438,854],[-807,1047],[1159,1387],[516,1449],[-87,1951],[632,555],[-925,1270],[1805,1127],[685,1657],[-285,543],[1095,1071],[-336,597],[533,1494],[727,58],[236,557],[684,267],[-272,777],[864,578],[-375,1071],[635,738],[-260,445],[1677,178],[1259,1763],[617,1670],[-404,991],[-1350,1054],[1423,4889],[-438,3143],[-891,465],[-1576,-318],[-902,1505],[-1212,801],[-350,2735],[-571,1740],[-485,130],[468,3111]],[[1746454,2756994],[769,306],[902,-370],[1182,399],[1092,1374],[648,140],[19,570],[496,-127],[957,920],[1350,-309],[1109,864],[677,-449],[1645,948],[2113,-2228],[1647,-882],[3272,-213],[2471,2750],[1927,433]],[[1768730,2761120],[645,-2722],[716,-634],[753,-2],[272,-551],[909,-23],[127,-1216],[449,-123],[27,-486],[541,-163],[954,510],[3156,-1252],[1431,430],[1320,-869],[1161,46],[197,473],[1973,-82],[1395,-596],[105,-1181]],[[1784861,2752679],[7578,3279],[944,1329],[-597,1297]],[[1792786,2758584],[218,894],[977,850],[327,2740],[1872,1801],[1067,2621],[1036,185]],[[1798283,2767675],[-880,2124],[-2572,1349],[140,740],[-923,1358],[249,1449],[-580,254],[-865,1886],[-175,2946],[302,1558],[-3524,124],[-664,534],[-1304,2491],[-887,675],[-606,1179],[-2354,1513],[665,1973],[-837,1304],[-1925,-310],[-307,542],[-959,-86],[-970,-580],[-2516,2604],[-1258,557],[-864,-44],[-611,-528],[-2672,732],[-1279,-1603],[-143,-864],[582,-1555],[-1519,-14],[-12,581],[-1147,90]],[[1767868,2790654],[-881,-530],[-623,662],[-971,280],[-471,-458],[-520,281],[-637,-248],[-492,-351],[-31,-582],[-1122,-121],[-1599,-1802],[-1975,-742],[-12,-775],[-787,131],[-1159,-1028],[267,-312],[-1043,-343],[-934,699],[-4557,-1732],[-900,884],[-1333,-732],[-2142,497],[-875,898],[-1116,-881],[-298,-956]],[[1743657,2783393],[-1716,2542],[-2449,-75],[-1922,1363],[-2051,-745],[783,1683],[128,1669],[-483,605],[1630,1127],[-450,1471],[1049,2407],[-721,887],[382,287],[-210,717],[857,979],[-762,553],[253,1321],[-538,831],[-66,1082],[-550,242],[59,397],[-604,-286],[-239,291],[-133,1822],[478,1211],[-2014,1869],[72,6404],[-1058,4900],[-33,1932]],[[2386607,1696982],[-1046,-1465],[640,-1109],[-353,-1568],[-1380,-2380],[147,-813],[880,-349],[470,-958],[-177,-2119],[323,-1248],[2642,-2265],[1996,-3049],[-499,-1248],[264,-610],[822,-436],[793,-1306],[1703,-1075],[411,-726],[1203,-87],[1732,-1975],[294,-958],[910,-87],[440,-494],[499,-958],[558,-3309],[1174,-1917],[234,-1161],[2070,-997],[1943,-2423],[2619,-864],[760,-1170],[112,-2283],[1070,-1838],[5153,-4317],[1633,-1699],[591,-1894],[1689,-1003],[282,-1392],[-254,-1727],[788,-1169],[-282,-1977],[-789,-1727],[141,-1253],[1180,-1358],[1683,-592],[-34,-1372],[733,-635],[164,-778],[661,-152],[424,558],[456,-612],[2554,681],[58,-515],[-581,-10],[425,-231],[-396,-114],[218,-315],[1324,255],[-12,-315],[1327,-10],[88,-323],[898,276],[-48,401],[616,-466],[-182,-729],[1188,-20],[-693,-781],[698,3],[-525,-926],[441,397],[769,-839],[-643,-42],[597,-690],[-278,-1213],[1461,-150],[420,826],[294,-342],[615,226],[-145,-691],[607,-129],[-53,-428],[885,-96],[256,627],[-302,790],[1039,-605],[-281,-389],[1160,447],[277,-907],[-339,-308],[-430,293],[31,-1061],[1454,88],[84,-458],[1690,-594],[-470,-417],[951,-100],[-378,-748],[255,-416],[-585,98],[-65,-627],[604,287],[145,-771],[642,255],[371,-1154],[-558,-203],[493,-827],[-647,157],[-14,-321],[1344,41],[15,-476],[-635,74],[-377,-582],[1808,-1010],[-425,-127],[-246,-1142],[1217,-29],[256,-860],[836,-620],[-228,-404],[508,-107],[24,-821],[-631,79],[-12,-284],[1291,-327],[-784,-257],[-315,-1055],[738,-599],[-954,-774],[-514,146],[995,-1378],[552,-221],[-52,524],[416,61],[378,-484],[-151,-539],[769,-283],[-633,-620],[-193,-1201],[-609,-264],[85,-731],[1044,-20],[1710,-1072],[655,235],[71,1049],[477,-648],[855,241],[894,-682],[178,1090],[853,-447],[-171,1328],[713,-524],[262,461],[236,-885],[443,271],[209,-2106],[627,-446],[-231,-1049],[1165,-922],[-914,-1080],[234,-1886],[-306,-530],[-790,-125],[896,-852],[-1090,-300],[-294,-702],[-581,468],[6,-1215],[1436,-890],[394,-932],[222,1091],[472,-191],[221,-779],[726,516],[-72,-1157],[1003,269],[-497,-999],[428,-1319],[898,536],[365,-752],[-323,-570],[830,406],[730,-303],[-182,-670],[-1003,115],[-332,-1194],[-422,-44],[79,-718],[1218,129],[-871,-401],[-685,-1326],[271,-437],[-1492,124],[-493,-900],[-645,127],[1027,-1093],[-710,-331],[701,-40],[1476,-992],[-433,-423],[680,-665],[-652,-501],[96,-705],[1166,-244],[56,510],[-777,214],[972,188],[478,-288],[-10,-690],[921,-103],[-712,-1866],[-304,90],[9,1132],[-759,-177],[86,-1066],[-1457,-83],[188,-1962],[-858,142],[-278,-470],[317,-582],[399,600],[538,-84],[-212,-1823],[1370,-573],[-22,-712],[522,210],[79,-1985],[1676,-931],[1183,702],[673,-80],[901,-816],[530,648],[351,-125],[-508,-1380],[393,-2499],[-437,-335],[-740,335],[-41,-1592],[545,559],[1101,-30],[115,-855],[-801,-507],[454,-914],[1957,-223],[3337,-1342],[301,-660],[-995,-458],[1269,-2002],[3021,-595],[592,-616],[975,473],[45,-874],[-927,-13],[-127,-386],[580,-354],[924,402],[-4,-1135],[1789,579],[444,-476],[1353,796],[-207,-1713],[2381,-1619],[458,667],[263,-282],[-502,-1487],[153,-835],[-630,113],[-500,949],[-442,-630],[802,-457],[-54,-306],[-1208,135],[364,-1551],[1494,980],[769,-423],[-32,-995],[-572,-139],[456,-638],[-310,-314],[1066,-914],[1800,-187],[1613,-956],[-713,-356],[-1006,302],[582,-1631],[1938,54],[1921,-1610],[473,161],[161,960],[574,-901],[1609,-489],[-211,-629],[-702,4],[441,-690],[3309,-1377],[1077,-252],[1553,642],[-283,-1608],[801,-668],[-193,-2027],[795,-447],[-185,-910],[552,-214],[3529,507],[353,-501],[-138,-727],[953,455],[1005,-384],[1762,1318],[-52,-1465],[-590,-558],[435,-607],[1306,-196],[12,862],[438,94],[1033,-1062],[-566,-625],[444,-934],[628,272],[567,-496]],[[2509890,1527166],[-636,-1013],[-1161,-267],[521,-1003],[-1234,-819],[3820,-3838],[946,285],[474,-772],[1500,-315],[462,-757],[928,333],[-11,-1098],[1072,549],[138,-476],[-626,-527],[499,-607],[2503,1160],[514,1650],[1159,-1811],[1121,-542],[2357,974],[783,-198],[465,490],[1132,-80],[-670,-1204],[1896,468],[-82,-1599],[909,410],[1218,-1237],[-19,-431],[-458,-172],[-618,523],[-455,-128],[1438,-1131],[-302,-501],[-808,-18],[845,-1127],[-2192,-1214],[-1854,-1769],[-672,-111],[-180,-1123],[539,-206],[1547,1425],[523,-66],[373,-1190],[-284,-1174],[-553,-551],[793,-338],[366,749],[530,66],[299,-492],[-941,-1439],[1719,-896],[1390,698],[837,-529],[799,-1028],[-515,-1329],[37,-1424],[2227,1160],[658,-764],[1136,793],[-150,-844],[419,-374],[822,888],[-149,-1439],[470,-1454],[-1031,-213],[-732,955],[-882,-713],[2586,-1431],[523,-1080],[52,-1490],[912,1410],[1024,-272],[172,-507],[-785,-433],[-8,-521],[1353,-1072],[1487,-66],[2265,2122],[2481,-713],[516,889],[874,418],[-284,-1659],[1241,-947],[687,51],[247,-829],[2466,102],[366,-1255],[2467,595],[119,-544],[-799,-624],[530,-492],[2055,558],[-224,-594],[-1263,-823],[606,-1292],[1165,-822],[1129,323],[2728,2760],[814,235],[524,-492],[508,147],[433,1080],[1525,998],[695,-272],[-396,-1299],[246,-301],[1226,227],[957,1425],[411,37],[448,-1036],[-299,-1461],[650,-59],[367,1146],[680,587],[-150,1417],[2399,1146],[-441,815],[598,426],[501,-22],[643,-1080],[1203,-323],[-359,-1101],[1293,426],[695,-801],[1002,-279],[1113,2614],[934,617],[-755,433],[172,749],[1495,-198],[-568,1094],[-1390,-184],[37,1476],[2534,-573],[1136,683],[628,-95],[-45,-588],[-1398,-1226],[-30,-1270],[1488,1388],[1240,301],[90,1116],[-2877,5227],[142,470],[1659,-837],[1337,764],[-112,1248],[-747,727],[1009,911],[366,-228],[307,-1659],[1636,396],[1106,-250],[404,1263],[1211,-139],[1076,1175],[665,36],[269,-866],[419,22],[1210,1946],[180,1688],[919,1616],[-464,1351],[2310,-177],[556,-1299],[1611,925],[-672,1094],[1367,-397],[1480,4098],[825,1064],[-1267,2090],[208,1764],[1567,224],[1308,-999],[1525,1071],[436,-469],[11,-1193],[2428,-510],[2335,2722],[1017,-347],[-72,-1509],[498,0],[3030,3600],[924,142],[1702,-999],[498,367],[41,1050],[2045,-448],[-270,1111],[-716,1132],[-1100,642],[-83,581],[778,775],[1609,153],[384,612],[-2107,1346],[-965,-1326],[-560,-132],[-561,1407],[177,765],[1473,989],[4089,-3039],[561,143],[176,958],[-1204,3416],[478,744],[-281,3498],[-1681,611],[-2387,143],[-1432,-469],[-654,-969],[-498,133],[-208,2223],[1235,428],[2284,-683],[892,2824],[-1858,958],[-871,1560],[-1422,398],[-156,591],[675,969],[1816,-347],[1308,429],[851,642],[197,969],[477,275],[1495,-1030],[394,-846],[2283,-61],[446,754],[229,1244],[-5656,3620],[-467,1162],[72,1478],[-685,1418],[73,1814],[810,1448],[1048,-41],[2874,-1101],[1402,-183],[373,295],[-311,4375],[-519,611],[-2086,459],[124,846],[727,41],[1920,-1111],[2439,-184],[1567,-1335],[1837,224],[1069,-2243],[643,775],[135,2100],[955,1071],[1152,285],[259,1336],[-737,1519],[-1888,561],[363,866],[6216,1285],[1547,-1907],[2750,490],[1183,-714],[2522,1927],[1328,92],[613,-1499],[-1225,-1346],[-1225,-2294],[-394,-3415],[239,-1428],[4006,-4435],[4742,-1040],[1619,979],[1100,1998],[52,714],[-1027,1601],[1110,1121],[1412,632],[2615,-1335],[695,265],[32,387],[-1495,1336],[-851,1448],[1204,2375],[-685,2682],[770,2283]],[[2661466,1571630],[2146,592],[5843,-1641],[872,-653],[768,-1427],[-426,-2631],[208,-642],[6216,132],[1225,-295],[799,-735],[613,-2304],[653,-561],[1308,286],[1059,2243],[861,3956],[-778,2192],[560,408],[1370,-377],[841,-2019],[259,-2478],[2356,-2222],[-395,-1622],[4266,-4588],[986,-622],[4016,-520],[4712,-2151],[643,-765],[260,-1906],[1235,-541],[809,255],[1598,-326],[976,-1723],[1640,-1224],[2486,-2850],[5114,-2445],[5652,-1211],[2088,-2046],[254,-1297],[515,-432],[1698,97],[1983,1589],[1760,-170],[1196,-597],[1270,122],[1500,2216],[2287,67],[818,1321],[3805,-1205],[198,-2898],[756,-1254],[2249,-1717],[831,-1614],[1270,-560],[1419,-1327],[1978,-2983],[758,-4248],[3054,-2960],[4095,-2476],[-879,-3030],[-2376,-1937],[1639,-2521],[1319,-3126],[1515,-1046],[1187,-54],[1491,-705],[2015,135],[717,-407],[-1849,-6156],[-2678,-4556],[221,-1221],[1463,-406],[3727,-82],[5797,5126],[1076,-54],[3203,-2387],[-138,-1600],[-718,-2197],[-1077,-1573],[-138,-1518],[442,-1384],[3865,-5451],[-470,-1057],[-2733,-1465],[-110,-597],[956,-1928],[2716,-3255],[386,-2275],[663,-868],[1573,407],[1021,949],[635,2441],[-2567,4204],[414,2278],[1380,515],[2733,-379],[1546,1329],[1380,488],[1463,-271],[1022,-977],[1242,-2224],[138,-2278],[-1049,-1871],[-1767,-543],[-496,-542],[-773,-1763],[-138,-1410],[1739,-2766],[2208,-2278],[359,-1465],[-745,-570],[-4141,190],[-1905,-1193],[-110,-1166],[3101,-3986],[2061,-4082],[3587,-3238],[3203,-2098],[1687,76],[660,572],[213,2325],[-233,1391],[-2438,2805],[-92,1826],[911,223],[3578,-771],[1905,-1066],[1783,-4251],[1342,-1852],[3281,-2559],[1525,-3312],[-621,-3431],[-1571,-2763],[-369,-2249],[426,-1060],[2843,-2739],[2775,-1456],[1599,-62],[1261,610],[892,1734],[1261,4688],[679,839],[1187,-16],[2561,-1083],[2833,-3231],[1353,366],[854,1048],[-20,1067],[-1658,2763],[356,769],[632,308],[1211,-279],[3857,-3907],[1751,-397],[1397,1601],[582,3487],[1397,1220],[640,95],[2134,-1658],[252,-1143],[-757,-1239],[-58,-1315],[3414,-4860],[2270,-1219],[2405,-553],[1261,438],[1610,1334],[932,0],[3181,-3544],[1009,-2211],[-699,-4002],[-950,-1487],[-3861,-934],[-291,-724],[679,-781],[6324,-115],[3317,-552],[5451,2554]],[[2866198,1420267],[1978,36],[753,-370],[1944,-2435],[1098,-431],[973,154],[2227,1418],[1035,30],[847,-1017],[659,-3112],[-220,-3329],[314,-277],[3137,246],[533,-277],[-1003,-2866],[-2981,-4500],[-1035,-894],[-3795,-1325],[-157,-370],[219,-708],[1224,-771],[3840,-347],[970,-703],[459,-802],[51,-1254],[-765,-1605],[525,-3880],[1158,-823],[2792,179],[3698,-1385],[1284,-1399],[1228,-2824],[670,-425],[1019,384],[1856,2687],[195,1645],[-767,2523],[153,919],[1005,850],[810,-315],[963,-2496],[1800,-2303],[405,-3620],[2819,-4018],[1549,-3647],[-614,-1193],[-1759,-1097],[-2358,-2742],[42,-3071],[851,-1481],[1242,-864],[4871,28],[1172,-1933],[-530,-1152],[-5178,-2304],[-321,-1536],[740,-1096],[1716,-1344],[2764,-1042],[1814,260],[2428,1125],[1410,2358],[14,1056],[-921,2482],[307,438],[865,-151],[1019,-905],[3685,-1851],[2735,-685],[1116,-1275],[2345,-4223],[461,-2866],[-684,-2578],[335,-1659],[2763,-1878],[4173,-398],[-126,-644],[-1521,-1495],[-1758,-439],[-391,-507],[335,-4017],[656,-2249],[-531,-1714],[-1632,-2015],[-852,-508],[-3140,-644],[182,-1262],[5470,-3551],[838,-343],[2456,124],[4508,1960],[1354,1262],[516,1398],[-223,2085],[-3643,1316],[-377,1261],[419,645],[7662,-2825],[2945,220],[2498,1357],[1033,96],[293,-699],[-1912,-2660],[-307,-2797],[-684,-576],[-2791,-302],[-991,-1330],[-140,-1481],[1312,-1014],[2359,-247],[2163,-1124],[4620,1439],[-84,-4319],[781,-5896],[1801,-2276],[2358,-1069],[1019,329],[715,4461],[1245,1846],[1394,788],[2364,518],[1942,1618],[845,-62],[1625,-3526],[106,-726],[-507,-1223],[-1562,-1411],[-3336,-746],[-2047,-1162],[-655,-1410],[85,-664],[8381,-12631],[1562,-933],[3546,-1016],[3969,-2137],[2935,-933],[2005,-2053],[1942,-1016],[2280,269],[2703,1556],[865,0],[64,-975],[-1056,-2240],[674,-974],[2190,-1323],[193,-1144],[-1079,-633],[-2313,77],[-1025,-353],[-1494,-1257],[290,-727],[3359,391],[3574,-789],[2038,494],[3941,4048],[4558,3109],[1732,2132],[955,352],[2110,-78],[239,-998],[-517,-1369],[-2707,-1056],[-1872,-1877],[-199,-5280],[-497,-782],[-3085,-2190],[19,-959],[757,-684],[1533,-196],[1413,450],[2568,1760],[3801,78],[2230,802],[1353,-371],[3623,-2132],[1354,-1545],[219,-2151],[-1732,-3227],[-3145,-1682],[-697,-1329],[418,-822],[2130,-1897],[1971,-508],[2428,1584],[1513,1995],[1612,215],[2329,-1017],[2309,1545],[99,3129],[2807,860],[677,587],[99,4380],[1712,1878],[378,3148],[637,587],[1235,-20],[1472,-821],[1533,-1017],[1055,-1310],[-318,-3188],[-1334,-782],[-2249,-372],[-418,-528],[-40,-1349],[1075,-880],[1652,98],[1831,-2503],[1573,-665],[3025,919],[2608,-704],[2568,645],[3841,2523],[1354,1330],[736,1408],[-617,2777],[339,4263],[915,430],[2508,-2190],[4240,-998],[1075,-801],[756,-1095],[478,-1741],[-398,-3461],[1433,-1702],[1553,-391],[2468,372],[1891,-1702],[1055,-97],[796,606],[60,723],[-1433,1760],[20,1017],[975,763],[1533,-19],[1512,-2875],[2110,-1310],[598,-1232],[-20,-2738],[-697,-1467],[-1752,-1642],[239,-959],[1911,-547],[4319,-2640],[4380,-1115],[676,-626],[40,-3090],[-2030,-2992],[119,-1271],[2070,-899],[2907,-489],[3483,1271],[1075,-20],[1333,-860],[1773,-2211]],[[3096425,1244751],[-2176,-1505],[-303,-594],[121,-2142],[-454,-863],[-2362,-1963],[-4232,785],[-2304,-1335],[-3014,-232],[-3386,-3464],[-3757,-521],[-4248,40],[-3063,1404],[-1482,1708],[-2245,725],[-6115,-1791],[-449,-1043],[490,-2247],[-694,-522],[-2165,-481],[-1470,-1605],[-5863,-551],[-3204,935],[-1798,-147]],[[3042252,1229342],[-3294,-893],[-606,-1489],[-143,-2190],[-838,-841],[-3583,1232],[-1302,-935],[-1351,-295],[-3204,1033],[-4405,2852],[-4206,1279],[-9411,4574],[-5057,-49],[-3955,-1574],[-750,-688],[-701,-1181],[1151,-3000],[-851,-1229],[-3654,-2656],[-4856,-2656],[-4756,-3197],[-6358,-1131],[-7159,-6197],[-4305,-1181],[-4906,-246],[-551,-737],[-50,-1918],[1202,-3935],[0,-2902],[-751,-1229],[-3204,-2115],[-801,-1082],[0,-1033],[-501,-935],[-2002,-590],[-501,-688],[-757,-3079],[216,-927],[-1145,-1670],[-1050,-3217],[62,-2670],[370,-910],[1050,-729],[2533,-3823],[741,-3095],[1733,-3020],[-167,-1936],[735,-1509],[33,-2691],[534,-2199],[-200,-590],[-2572,-263],[-835,164],[-1269,1182],[-601,-197],[-368,-460],[334,-1443],[-567,-558],[-2006,-706],[-45,-1447],[-1427,-1490],[-892,-306],[-3033,87],[-4149,-789],[-669,-262],[-223,-570],[45,-1403],[-2766,-701],[-2096,-1314],[-803,87],[-1740,1359],[-3078,701],[-803,-175],[-602,-1680],[-942,-850],[-1124,-642],[-3083,-492],[-881,358],[-835,-418],[-1669,1000],[-898,-985],[-820,-90],[-1078,791],[-1641,418],[-3731,-106],[-615,872],[-513,101],[-2903,-571],[-2221,34],[-2698,-671],[-2870,134],[-1025,1477],[-4235,863],[-7432,-703],[-2478,-758],[-2147,325],[-1872,-433],[-1596,-865],[-110,-1244],[-716,-433],[-3823,883]],[[2877160,1147266],[-3775,1822],[-1211,1406],[-1046,270],[-1761,54],[-1102,-541],[-4129,-649],[-1541,-1784],[-220,-2380],[-3854,-3029],[-661,-920],[1377,-3840],[-551,-3137],[-1211,-1298],[-2367,0],[-551,-324],[-1376,-2543],[-1652,-1081],[-991,432],[-991,1731],[-1211,487],[-5450,-1082],[-2533,-1731],[-826,-54],[-825,541],[-496,-270],[110,-757],[-4734,-1894],[-165,-703],[550,-1622],[-495,-271],[-1918,568],[-879,-314],[-1120,-2279],[-480,-5579],[640,-1335],[2559,-1729],[0,-707],[-2129,-2999],[-2287,-1648],[-1373,-6743],[-1525,-2697],[-3050,-4944],[-1373,-1349],[-2135,-599],[-1830,-1948],[0,-1498],[-1830,-1199],[-5338,-1798],[-1525,-899],[152,-3146],[-1067,-1199],[-305,-1198],[610,-1649],[-153,-1648],[-1220,-1947],[-457,-2398],[152,-2547],[-457,-4345],[-1525,-3596],[-458,-3146],[1118,-5769],[-1844,-2455],[-1634,-550],[-2601,-2057],[-4458,-1175],[-2133,-1153],[-1931,-3838],[-1875,-1180],[-2930,-1114],[-2926,41],[-4778,2598],[-5430,1209],[-1974,1187],[-3351,3270],[-2637,1218],[-79,-404],[-2037,677],[55,432],[-2325,816],[-4168,4647],[30,1337],[1475,3003],[-1174,4314],[-2295,1611],[-2786,38],[-2526,-1285],[-10588,-10173],[-1821,-2865],[-7081,-6688],[-4251,-6460],[-4161,-2386],[-2207,-2135],[-5559,-9104],[-623,-566],[-1901,44],[-8646,3600],[-2476,1532],[-8872,7403],[-12799,7929],[-928,1062],[-205,4516],[-1872,264],[-3120,1278],[-1449,1542],[-914,308],[-3489,4464],[-1963,262],[-2061,1333],[-2570,-23],[-1164,976],[-873,1286],[-703,5074],[-1115,929],[-1309,-24],[-2629,-1607],[-3988,-4960],[-4658,726],[-2697,-1213],[-1782,-1808],[-1069,-3328],[-1404,-618],[-4903,219],[-6396,-3880],[-5349,-1434],[-1627,-243],[-11685,607],[-3738,1351],[-2140,1455],[-1496,2607],[-1581,5504],[-3345,5356],[-5884,4672],[-3143,1895],[-2207,815]],[[2581496,1072496],[-4503,1873],[-4190,198],[-5259,-2316],[-803,-683],[-2740,-4409],[-1426,-6768],[-2785,-4872],[-623,-5159],[268,-1741],[-936,-1455],[-2987,-442],[-2229,1455],[-2006,2270],[-3879,1564],[-2675,132],[-4569,-882],[-3053,-1059],[-2073,-1036],[-1270,-1257],[-2162,-860],[-4257,-376],[-4904,-1059],[-1805,44],[-1115,242],[-1337,1036],[-2721,4695],[-3277,2711],[-2296,2800],[-3923,1278],[-1003,859],[-1093,4277],[-1561,2623],[-4324,2932],[-5796,1079],[-4793,3196],[-2318,2094],[-1539,4100],[-980,1014],[-1115,-22],[-2585,-1433],[-2920,-728],[-2786,-1609],[-803,-794],[-1537,-3329],[-803,-728],[-1226,-110],[-3789,969],[-1249,684],[-3566,3504],[-3433,1499],[-3277,705],[-5506,-838],[-4547,-1962],[-2920,-464],[-1984,-1190],[-2295,-552],[-5440,882],[-2942,1168],[-1538,1697],[-1918,3990],[-267,3219],[-1026,772],[-869,66],[-936,-1301],[-803,-2668],[-1560,-3086],[-2296,-1345],[-2674,-397],[-1249,286],[-1003,860],[1025,3461],[-312,2139],[-2965,4276],[156,6041],[-378,1308],[-1336,1569],[-3945,2936],[-2999,-45],[-3057,-873],[-1864,-1462],[-2146,-1043],[-2764,-679],[-1853,-1187],[-1090,15],[-595,904],[295,893],[1141,1321],[2205,1541],[1427,2639],[86,1691],[-974,2130],[-1129,859],[-1095,119],[-2177,-478],[-2921,-1276],[-1814,-110],[-2220,237],[-2357,993],[-2220,1754],[-2520,4892],[-1798,2416],[-1581,1042],[-2608,687],[-3785,-314],[-1398,-1046],[-1605,-2348],[-2715,-2879],[-3517,-1387],[-7550,-280],[-4208,-793],[-3106,18],[-3690,1427],[-3676,2527]],[[2332059,1111974],[-6353,4984],[-5641,3211],[-6160,487],[-12612,3879],[-15481,2918],[-2765,1178],[-2721,1895],[-2419,4896],[-3143,2144],[-925,1085],[-738,2889],[215,4078],[-1215,2003],[-1031,726],[-1420,187],[-5089,-2530],[-2595,-179],[-937,441],[-668,507],[-2921,5512],[-3432,5137],[-1784,1830],[-1493,551],[-3656,221],[-1694,-331],[-2452,-1279],[-1583,-1807],[-2898,-5490],[-1137,-662],[-1894,-330],[-3099,441],[-1538,705],[-1226,1169],[45,2689],[-758,6416],[-1137,3285],[-736,1147],[-958,617],[-2385,595],[-1895,-154],[-825,-529],[-579,-1543],[-379,-3881],[-714,-1543],[-691,-551],[-735,-419],[-1761,-44],[-1895,838],[-4414,2579],[-7044,5733],[-2095,683],[-914,970],[112,4961],[535,1874],[5349,4167],[1516,2028],[45,1433],[-869,2315],[-625,595],[-2719,309],[-4191,-1896],[-1984,-617],[-1203,176],[-2341,1742],[-1850,2359],[-1761,3153],[-2140,1896],[-3366,1830],[-2725,916],[-1375,29],[-4460,-1430],[-9161,-860],[-4113,-1869],[-1036,-1240],[-2868,-2123],[-3396,-1845],[-1709,-268],[-743,996],[468,2050],[1694,1499],[1717,860],[2697,2447],[965,1783],[-29,2450],[-1270,2888],[-2497,2844],[-2942,1963],[-2452,198],[-936,-573],[-848,-1279],[-490,-1411],[-379,-7253],[-3388,-6769],[-1627,-1675],[-1004,-485],[-3967,110],[-2118,1080],[-1181,1963],[-134,2050],[647,2690],[0,2094],[-1427,2425],[-2229,1852],[-1471,287],[-1939,-331],[-1226,-1852],[0,-2006],[2451,-2624],[691,-1477],[0,-1411],[-423,-705],[-1404,-728],[-625,88],[-3455,1808],[-10164,2337],[-5996,3793],[-2942,1058],[-2519,220],[-4302,1588],[-669,749],[90,463],[3521,2183],[1137,1565],[580,2668],[-250,1825],[-1721,1857],[-2569,1576],[-3832,1566],[-1250,-83],[-4671,-3864],[-1793,-2092],[-1190,-428],[-847,128],[-1220,1437],[-5,1709],[936,1038],[3451,1168],[1611,1268],[1405,3335],[-23,4396],[-1001,1409],[-4910,4660],[-3978,2615],[-1362,1325],[-2645,3705],[-302,1533],[929,956],[5114,-638],[2826,958],[4464,3237],[843,2372],[124,2352],[-858,1095],[-3426,1629],[-2066,-50],[-4126,-1159],[-2130,204],[-3155,2105],[-1179,2551],[576,683],[1417,-34],[2856,-2256],[1891,-556],[3081,1225],[1401,2091],[573,1796],[233,3458],[-880,4321],[9,5180],[-643,3082],[-685,1238],[-3465,3320],[-3441,2384],[-1204,2619],[-2546,2146],[-5978,2485],[-9177,883],[-2436,-1089],[-1685,-93],[-10124,2373],[-3434,-325],[-1508,-901],[-2454,149],[-3752,1317],[-2352,1320],[-1122,883],[-1109,1658],[-3329,2845],[-3730,2470],[-4038,858],[-2702,66],[-3791,-489],[-4206,-2142],[-3141,-413],[-1738,173],[-2421,1136],[-5870,5887],[-4857,1891],[-1912,2331],[-64,2965],[1379,1498],[4549,798],[1570,759],[1195,1835],[373,1834],[-1355,2100],[-4606,3353],[-2089,2573],[-1395,3165],[-297,4387],[-1117,4238],[311,1057],[1591,1544],[5636,976],[1914,1375],[512,2730],[-969,2653],[-5791,5807],[-2086,6930],[-1700,3027],[-2051,2046],[-2453,1274],[-1080,0],[-2329,-1268],[-3898,-46],[-3816,-1113],[-4351,175],[-4335,-1152],[-1459,356],[-322,527],[190,820],[2910,2612],[715,3092],[-429,2448],[-728,1054],[-953,527],[-3219,270],[-2242,-797],[-1526,-937],[-5353,-5634],[-3636,-1909],[-1653,-77],[-4409,1707],[-1886,42],[-4147,-2159],[-1693,70],[-2325,762],[-2325,1557],[-345,926],[715,1288],[4471,1066],[834,761],[0,961],[-1216,2296],[-3147,2284],[-1216,1347],[-704,1511],[-1502,1487],[-1848,4322],[-1252,4264],[-59,1967],[1013,2378],[5735,2296],[1645,2132],[-48,1803],[-1424,1598],[-2587,7955],[-3056,3389],[-1577,985],[-6455,2518],[-3746,1049],[-1511,1646],[-16,2130],[3679,3809],[1939,4325],[-313,3002],[-2168,3631]],[[1911311,1438075],[-1436,621],[-2475,27],[-2234,504],[-2351,-362],[-928,328],[-1070,800],[-156,2199],[-1068,1566],[-1180,721],[-3508,-690],[-973,267],[-1977,1692],[-777,2669],[-1479,2073],[-712,304],[-1869,-938],[-2406,-3790],[-1237,-806],[-5471,1255],[-1357,-40],[-2702,-1730],[-3253,-2881],[-1757,-264],[-4122,246],[-1452,652],[-1989,1638],[-2169,475],[-8191,3293],[-806,1144],[-323,3082],[-1219,1620],[-1887,1005]],[[1846777,1454755],[-1537,-430],[-1946,-2461],[-2423,-1850],[-4980,2599],[-1117,1915],[-3204,1000],[-1006,1208],[0,3245],[447,915],[-409,3806],[918,1659],[-409,866],[-2993,1916],[-6455,201],[-2291,458],[-1807,1193],[-5241,-709],[-2094,475],[-1403,1356],[-460,4770],[-1519,2419],[-2715,1831],[-2347,791],[-4234,-226],[-2853,-769],[-4291,-3794],[-2084,-966],[-3378,190],[-5552,1399],[-2045,-127],[-3508,-941],[-3378,-1513],[-4375,-4616],[-1294,-25],[-776,470],[-712,1373],[569,1628],[-77,1183],[-1864,3229],[-1476,1196],[-388,1233],[-2071,1163],[-2260,2493],[-1502,2441],[-1191,543],[-2232,-114]],[[1750814,1487378],[-1908,-1109],[-2167,-4039],[-1403,-1065],[-1386,-93],[-4577,1547],[-2648,1708],[-797,1304],[-1629,3999],[-416,4576],[-1127,1863],[-2826,1343],[-4019,1079],[-1091,1987],[-1195,801],[-632,1976],[-380,4494],[-1422,2134],[-2329,1177],[-4433,200],[-4026,907],[-421,1283],[343,675],[2897,866],[1228,936],[468,1635],[-153,2212],[2727,3805],[350,2033],[-1379,2032],[-3231,-1354],[-3398,320],[-1161,749],[-6898,8071],[-2740,1774],[-610,839],[-2351,725],[-1732,-865],[-191,-1275],[1200,-1582],[2283,-1215],[952,-2169],[-1009,-4338],[-742,-1327],[-704,-393],[-1313,411],[-647,692],[-327,1833],[278,2965],[-482,1441],[-738,621],[-2131,-221],[-2292,-1783],[-2648,430],[-2845,1028],[-1981,-1744],[-1191,-160],[-1830,404],[-1375,1426],[-1170,596],[-4164,297],[-2008,564]],[[1669267,1534404],[367,797],[934,573],[-225,984],[-1750,361],[-1385,1234],[-1922,-983],[-705,100],[-404,530],[-229,2551],[-3182,1995],[-786,-380],[-2272,961],[197,3784],[-1412,567],[-820,-610],[-537,244]],[[1655136,1547112],[-1572,-405],[-318,-705],[-1131,606],[2,877],[-454,302],[-504,-1088],[-495,-90],[53,1277],[-1526,143],[224,1365],[-1236,250],[-14,1208],[-986,577],[-1008,-613],[156,-1645],[-660,-512],[-885,1231],[-995,36],[-1020,-338],[-1052,-1175],[-1650,-291],[-1971,1119],[-1238,-443],[-698,1002],[-687,89],[-1296,1433],[-2923,150],[-273,-660],[432,-1318],[-509,-348],[-1055,1413],[-821,92],[-2101,1494],[-1069,-319],[-504,1475],[-1406,183],[17,-1121],[-1674,589],[-1405,-773],[-1099,252],[-537,657],[-1795,198],[-367,858],[-3729,1931],[-1846,1652],[-1086,3233],[155,1992],[-1044,634],[221,2289],[-397,765],[786,756],[-1026,-91],[136,550],[-955,723],[-397,1070],[-597,-9],[-1564,-1046],[-803,371],[2312,2338],[-1053,650],[-458,1095],[149,862],[2336,1719]],[[1608226,1575628],[117,43]],[[1608343,1575671],[487,1016],[-1,1499],[-206,553],[-805,425],[-2,1215],[-1749,1418],[-793,1580],[-1371,679],[219,297],[577,-197],[321,679],[-248,1368],[1186,1041],[1406,248],[579,814],[-186,594],[2317,1407],[554,1834],[1963,2371],[2451,574],[2676,2693],[1001,-503],[700,503],[95,1628],[1232,1675],[-948,507],[2444,1159],[-837,833],[469,971],[-295,602],[853,-163],[991,586],[384,793],[1902,716],[684,908],[279,1435],[1367,1053],[-38,1022],[666,-465],[2376,-431],[-22,841],[-847,223],[539,308],[-22,776],[505,758],[-1642,474],[-42,1020],[-1006,826],[667,1260],[637,-288],[1148,939],[845,-49],[1308,2259],[1151,525],[473,2459],[-216,1604],[1014,2353],[-835,2484],[846,1443],[-412,3835],[1259,889],[180,1115],[-1259,720],[149,920],[-777,650],[467,710],[-216,592],[487,73],[289,-792],[1043,787],[673,-394],[954,1390],[-127,899],[1641,3255],[-387,591],[1274,558],[1638,1988],[-590,705],[-196,1842],[-1347,-24],[-447,-437],[-565,384],[704,3004],[-98,1662],[807,1346],[-668,1031],[467,451],[-418,817],[1751,2590],[591,306],[1338,2984],[433,403],[639,-326],[1185,394],[-649,1191],[1481,1681],[156,1475],[3233,3154],[32,612],[-746,580],[1122,1331],[-308,1297],[-742,249],[-188,495],[-1089,181],[-106,513],[447,418],[-344,764],[166,728],[993,354],[-304,697],[-1178,885],[265,1081],[-706,2217],[-847,840],[76,419],[-2553,1445]],[[1644217,1688348],[4955,-1425],[2326,-2243],[2305,-188],[3816,-2504],[316,-2516],[976,-1525],[1828,1409],[4366,2126]],[[1665105,1681482],[2637,1175],[787,2548],[1915,113],[1409,948],[478,1168],[2786,260],[818,-969],[1998,-594],[2736,1160],[1838,-791],[1700,335],[1140,1315],[2067,1029],[998,1768],[1075,926],[282,1029],[877,493],[459,1280],[1477,1442],[1811,312],[1723,-312],[1449,1398],[1692,513],[763,877],[-127,2071],[373,1834],[734,1319],[-278,1714],[-1006,1276],[556,1431],[2222,1026],[2860,-572],[2995,1348],[234,1879],[2692,1481],[1201,2032],[116,1260],[725,369],[630,1444],[855,571],[1073,-79],[1083,489],[686,902],[159,1381],[2485,2248],[2534,1395],[1095,99],[2457,-55],[2450,-1051],[2954,277],[838,696],[2482,809],[1146,1174],[1398,630],[1821,-1009],[977,138],[982,770],[-279,825],[1288,3506]],[[1742431,1732533],[2056,2082],[3943,1784],[1132,-585],[1922,94],[1361,-599],[853,88],[2147,2814],[1835,998]],[[1757680,1739209],[1758,-612],[1791,302],[1019,1312],[2709,784],[1175,2000],[3656,707],[2223,1090],[847,1175],[78,2893],[689,1041],[-510,2381],[810,4375],[1569,1749],[2083,737],[3071,2255],[1324,3182],[430,4516],[1223,1409],[1794,816],[1068,1986]],[[1786487,1773307],[3962,1424],[1982,1376],[2463,199],[1046,1873],[1296,1030],[611,1779],[1982,2113],[506,2345],[8,1044],[-1813,2796],[1712,3975],[161,2484],[2808,1958],[2247,2910],[2275,3811],[26,2633],[4432,2530],[2072,343],[925,938],[810,223],[101,777]],[[1816099,1811868],[-417,830],[42,1765],[1578,1346],[-156,1162],[1433,1891],[2860,1075],[-529,2425],[1961,2966],[858,991],[1244,572],[725,1133],[-69,1979],[445,1236],[852,772],[1963,298],[942,1416],[229,4360],[1432,1452],[241,2537],[2581,1519],[2362,-306],[995,461],[3991,-128],[2385,1379],[354,925],[1617,1252],[1094,337],[1950,-268],[2359,1908],[2110,626],[2437,489],[2524,-390],[1010,1889],[-331,804],[886,2710],[939,1245],[204,1430],[2179,2068],[467,4506]],[[1863846,1864530],[-363,674],[-1809,437],[-650,633],[-1304,3615],[173,2093],[988,2362],[842,1034],[4412,1737],[2400,2104],[-285,787],[-616,214],[39,456],[1664,3054],[-274,997],[977,916],[840,2536],[1221,1692],[492,1546],[1810,1752],[-1161,2483]],[[1873242,1895652],[431,1191],[1987,2380]],[[1875660,1899223],[2931,1287],[946,1705],[995,492],[1274,-38],[1061,-1403],[919,-463],[2974,1010]],[[1886760,1901813],[1563,2086],[3006,8373],[1069,1675],[1205,-111],[2707,-1766],[1842,805],[1853,2792],[657,2214],[2152,937],[1342,2055],[1046,2101],[-478,1899],[228,1966],[1819,2480],[421,1288],[1005,576],[1657,-648],[538,783],[212,1546],[1495,1036],[1007,2052],[2640,965],[71,692],[-885,1778],[1613,1428],[609,1268],[2618,2765],[1732,2651],[219,1591],[1118,2675],[-209,1338],[468,668],[-652,1178],[119,1361],[3969,-144],[2474,-650],[1332,806],[1984,182],[2987,-1619],[1121,390],[1570,3758],[771,922],[-2519,1295],[118,1200],[1333,1151],[1545,2813],[165,1337],[2361,1635],[142,1476],[1309,644],[330,2099],[655,829],[-209,1062],[376,1337],[3224,1656],[2969,2164],[-497,1133]],[[1950077,1981786],[104,1682],[-4580,4612],[155,2092],[-341,1644],[-798,1118],[-810,2455],[614,3190],[3911,3448],[2101,7209],[-1531,443],[-1457,1162],[-1659,294],[-653,822],[-881,323],[422,1371]],[[1944674,2013651],[1177,2996],[1002,1230]],[[1946853,2017877],[1525,763],[5430,1014],[2174,-1398],[1966,2073],[3382,1657],[1307,-884],[668,-1181],[513,-34],[1135,815],[2747,3574],[730,168],[562,-1129],[181,868],[3496,3827],[844,1771],[2081,1674],[526,1258],[1141,720],[367,1762],[1548,1536],[2772,1388],[286,1922],[1304,1121],[-408,1722],[653,1562],[1752,2683],[734,80],[693,801],[1182,2162],[1386,881],[1263,2443],[1427,1401],[815,2043],[1264,881],[2731,520],[1223,2123],[2119,841],[448,1441],[2012,493],[353,1790],[2941,3165]],[[2006126,2068194],[2235,3122],[1102,547]],[[2009463,2071863],[537,127],[945,-1048],[1722,-242],[615,-605],[739,-3386],[2154,-2358],[923,1391],[493,0],[246,967],[1476,242],[370,1209],[985,968],[369,1451],[4186,2056],[491,846],[2094,484],[3567,-484],[740,242],[1476,-726],[1848,968],[2522,-2358],[1170,665],[124,1209],[982,1330],[1479,968],[1970,242],[737,1330],[1539,423],[185,544],[985,363],[491,847],[1231,725],[3078,-3144],[0,-726],[-1354,-2902],[1106,-1209],[124,-967],[2709,-847],[-247,-726],[984,-3144],[-121,-1572],[1230,-1934],[1107,-726],[432,-1028],[2277,-181],[1970,1451],[1600,-484],[3937,1451],[3079,-967],[246,1693],[3692,1088],[1230,968],[1970,362],[985,-242],[1846,726],[5540,-1330],[121,-3507],[1848,-1814],[-431,-2842],[1047,-1149],[-124,-967],[985,-3265],[-124,-605],[-1907,-1148],[-924,-1270],[1724,-2298],[-494,-1572],[740,-1572],[-492,-2298],[492,1],[0,-484],[2461,121],[-246,-605],[1109,-5079],[1476,-1451],[616,-1935],[615,-242],[370,-967],[0,-3628],[4800,0],[2831,-604],[-615,-1331],[-1231,-1209],[-246,-967],[-1478,-1452],[739,-4353],[-985,-725],[-491,-1693],[-863,-363],[-861,-1088],[124,-2177],[2706,-484],[1477,242],[2215,-1088],[494,-484],[-739,-2056],[245,-1209],[2709,-121],[2955,-1693],[491,-1088],[1479,0],[1230,-2298],[-2093,-2539],[-1231,-3386],[-246,-1935],[-615,-605]],[[2107937,1992581],[-1724,121],[-122,-484],[-863,-483],[-861,-2903],[-370,-241],[-491,725],[-1848,484],[-861,-242],[-246,-2177],[-2461,-1088],[-739,-968],[-1724,-725],[-1846,-2056],[-370,-1209],[985,-2902],[-2461,-2056],[-1724,-484],[-2707,-2056],[-246,-967],[-1108,-726],[-1353,-1813],[-985,-363],[122,-1451],[739,-968],[246,-1451],[615,-242],[246,-1330],[-1231,-1935],[740,-2297],[-246,-363],[1231,-1209],[4431,-1693],[1106,-2782],[985,-725],[1109,-2298],[-494,-846],[-3446,0],[0,-484],[-615,-242],[246,-4837],[-1968,-5804],[-1354,-1693],[491,-1935],[-246,-726],[494,-846],[-618,-2540],[-3568,0],[-1478,-604],[-861,-847],[-1724,-3144],[-1231,-4112],[-491,-483],[-615,-2056],[121,-1330],[-737,-1693],[-1969,-2419],[-1109,-2176],[-2337,-242],[-1970,-3628],[-985,-3386],[-739,-1209],[-492,-3386],[-369,-484],[491,-1330],[-367,-1572],[-616,-726],[246,-483],[-370,-2661],[-1354,-4595],[-492,-121],[737,-1088],[2094,-726],[1846,1088],[-246,605],[492,0],[0,967],[1230,-241],[985,-1935],[-245,-726],[-492,0],[122,-483],[2094,-1210],[491,242],[1231,-725],[493,121],[-369,2055],[1845,3749],[3325,363],[1352,-242],[-367,-1209],[-1724,-968],[-246,-1451],[1352,-484],[1109,242],[370,-846],[2215,-1089],[0,-1209],[1970,-1088],[1722,-121],[0,-484],[1724,-725],[1970,121],[1476,-1210],[-124,-1572],[1355,-725],[-246,-3628],[-2709,-242],[-983,-3386],[-1233,-121],[740,-967],[615,121],[2955,-1210],[2585,968],[246,-2419],[2461,-1088],[248,-967],[1230,-121],[246,-605],[615,-121],[615,0],[246,967],[2463,1089],[246,846],[1107,484],[124,1209],[985,-121],[1230,-1088],[1724,242],[-2,-968],[1724,0],[616,-967],[124,-1693],[-1231,-726],[246,-725],[739,-363],[-370,-846],[-124,-3024],[740,-362],[0,-484],[-616,-242],[-369,-1572],[-1231,-121],[-370,726],[-1108,-605],[-246,-605],[-491,0],[0,-1451],[615,-242],[1230,-2418],[616,-242],[0,-967],[739,0],[0,-2540],[1968,-484],[1969,-2418],[2340,363],[1106,-121],[616,-605],[2016,1144],[401,-537],[722,142],[805,-498],[611,1200],[0,968],[1354,-726],[861,-3265],[-246,-242],[1601,-2055],[861,604],[1724,242],[-246,242],[491,484],[2709,2176],[737,0],[740,-604],[985,241],[121,1693],[740,1452],[985,-484],[984,725],[861,-241],[740,1088],[1722,121],[247,846],[-493,968],[0,1330],[1846,484],[617,-726],[-248,-967],[616,-3386],[369,-363],[-245,-242],[861,-605],[369,-1934],[-491,-1935],[-1231,0],[-248,-1209],[985,-1089],[0,-1209],[616,121],[1354,-726],[0,-483],[1476,-363],[248,-847],[1231,-242],[615,-1209],[615,242],[246,605],[2461,846],[739,-846],[616,-121],[615,121],[370,604],[861,-846],[2463,-121],[-1478,-2660],[2215,362],[863,605],[368,-1209],[2215,-726],[1479,484],[615,-242],[1106,726],[494,-242],[861,483],[246,726],[985,-484],[1600,242],[124,-1451],[369,363],[1968,121],[1214,-1768],[2601,-2426],[-188,-578],[655,77],[326,-791],[1958,-702],[11258,761],[5559,-761],[15410,-276],[3236,-622],[1689,-484],[1407,-1521],[985,-6360],[1408,-2489],[5769,-6843],[1759,-1338],[98,484],[985,0],[493,-1451],[492,0],[245,-605],[1231,-362],[1109,483],[2091,-967],[615,-726],[2834,968],[615,-1210],[2337,121],[739,1814],[492,0],[0,726],[-861,484],[-370,1209],[248,967],[861,0],[1600,-242],[246,-1088],[3200,0],[861,363],[1355,-363],[0,-967],[491,-484],[2955,-726],[1600,-1088],[246,-1935],[615,-725],[3448,1451],[861,-726],[2461,1209],[2340,-483],[2339,484],[1352,-1331],[2216,-846],[1354,484],[1355,-847],[1293,-302],[183,423],[113241,-102479]],[[1420426,2138795],[2,1]],[[1420428,2138796],[20,14]],[[1420448,2138810],[382,753],[1001,289],[1137,1469],[991,325],[644,2257],[-483,1558],[1017,2616],[-536,1923],[1274,4228],[-217,1358],[457,1007],[3279,842],[1533,-589],[2713,1918],[2302,499],[1313,-391],[1909,991],[1365,-81],[810,-777],[1218,71],[466,-753],[811,354],[791,-254],[582,765],[2380,-387],[1347,704],[1824,-92],[762,-410],[1248,227],[2254,-881],[4917,3500],[1504,-373]],[[1461443,2161476],[1159,1731],[417,1911]],[[1463019,2165118],[1825,96],[1191,763],[1204,-794],[1186,-2417],[2002,-1812],[-445,-519],[156,-388],[1823,-970],[-851,-746],[826,-844],[-1639,-569],[-25,-564],[2734,-874],[1400,-1327],[-393,-620],[-579,77],[110,-597],[869,-615],[1580,-226],[-151,-936],[-1396,-286],[1109,-1051],[-307,-1591],[422,-396],[-16,-724],[-702,-379],[-156,-1046],[-1456,-1233],[63,-1012],[-649,-659],[348,-528],[-238,-1745],[970,-914],[749,-2225],[2532,-1780],[590,-1271],[3153,-2101],[913,-199],[1051,523],[1118,-27],[230,466],[867,-500],[1779,680],[853,-203],[453,-537],[-176,-370],[900,175],[-209,-827],[358,-509],[1070,-426],[765,265],[821,-1106],[634,-158],[648,-1624],[1675,-884],[233,401],[2036,575],[645,-1424],[1432,1262],[468,-884],[1505,437],[310,666],[460,-451],[449,163],[1142,998],[556,1296],[1209,350],[51,931],[-833,257],[170,965],[442,-245],[627,392],[110,795],[712,-294],[1006,1873],[976,322],[1089,-1274],[292,-1966],[945,-382],[-846,-1012],[100,-628],[-628,-47],[853,-483],[-368,-1007],[263,-937],[830,-145],[-87,-477],[359,168],[1228,-745],[241,-973],[861,-775],[2113,275],[447,1299],[1674,-1433],[1511,428],[373,911],[-2090,1567],[-10,870],[1178,301],[1198,-1115],[973,1411],[-1136,1703],[376,986],[1491,10],[1273,901],[691,-308],[428,-1009],[698,85],[-33,991],[-1082,1056],[-100,790],[1848,1082],[956,-1123],[-246,-1536],[1716,-824],[-449,-1335],[666,-1373],[461,-275],[1573,186],[-347,-1395]],[[1529597,2127862],[151,-628],[598,-184],[339,1567],[555,705],[1791,-437],[1486,1516],[419,-729],[499,24],[749,1193],[-227,1404],[1584,1718],[894,-253],[-155,-1233],[371,-784],[1330,394],[454,872],[1536,-542],[666,612],[60,460],[-680,726],[-1292,-477],[-577,235],[-69,1886],[-1394,1259],[-1109,-969],[-509,317],[-90,922],[476,475],[2585,-254],[897,-656],[475,180],[119,1061],[-1029,1534],[619,316],[1195,-131],[183,411],[-1018,517],[-1094,-53],[-115,508],[951,337],[1161,-537],[1926,595],[606,-339],[828,-1434]],[[1545742,2139966],[731,68],[-9,1485],[-1823,1389],[-290,889],[1590,611],[147,2088],[1879,-176],[-494,1528],[265,1217],[1142,205],[792,-1804],[791,1136],[-1860,2309],[968,1730],[-386,1191],[129,1641],[-695,387],[-1393,-457],[-46,1388],[278,592],[1362,686],[532,3171],[627,8],[386,-1030],[698,-212],[1315,954],[-324,1313],[661,397],[686,-312],[495,-1411],[646,-88],[583,3018],[1742,300],[-453,804],[-1705,-424],[-1358,1093],[1649,1482],[-1012,1232],[37,800],[711,21],[1055,-1341],[726,-116],[531,790],[-106,577],[-1638,558],[-109,591],[1135,210],[1409,-975],[293,267],[-166,733],[-242,400],[-1784,602],[-544,671],[-1295,242],[-147,432],[324,299],[1997,-66],[1415,-1703],[875,781],[-221,1235]],[[1558244,2173372],[-907,910],[906,1150],[-1411,975],[-1853,322],[232,1301],[-931,1574],[-705,77],[-1178,-779],[-731,26],[-1225,1197],[602,870],[1110,325],[1798,-636],[41,951],[-1063,581],[-2989,-318],[-1125,280]],[[1548815,2182178],[-440,964],[1155,1330],[-265,1382],[488,786],[1338,-561],[872,-2753],[1359,159],[40,1951],[1203,1224],[-1514,4145],[647,394],[803,-287],[318,-1657],[1152,-935],[249,2875],[397,-4],[736,-1147],[827,109],[-173,1395],[828,973],[-486,1096]],[[1558349,2193617],[988,-103],[257,-425],[-264,-447],[976,-455],[1774,-2002],[4530,-1229],[3274,-151],[1258,-639],[882,-1500],[1930,-921],[541,-1014],[3576,-965],[1418,-875],[2568,-307],[2097,-830],[2694,-228],[1390,639],[2373,-939]],[[1590611,2181226],[1637,-581],[651,-799]],[[1592899,2179846],[283,-243],[1168,573],[942,-590],[1493,605],[1081,-26],[323,-532],[297,269],[546,-442],[711,494],[684,-177],[1041,378],[818,-603],[576,739],[851,309],[-164,511],[1002,-169],[320,386],[397,-429],[1272,448],[920,-491],[405,559],[271,-453],[1084,-236],[537,-795],[535,539],[656,-429],[105,346],[548,-41],[543,-1046],[421,-19],[129,-844],[64,289],[982,-382],[342,455],[948,-157],[1713,1397],[1035,-569],[132,294],[13,-453],[676,-182],[665,230],[884,-392],[86,271],[1355,-885],[1619,355],[839,-612],[1357,567],[1233,-170],[3651,-2494],[1164,-1659],[1176,-463],[783,-818],[1143,-3445],[-46,-1163],[1116,-1031],[2214,-3363],[777,-14],[828,628],[647,-254],[321,973],[848,513],[-57,-642],[3675,-357],[446,1377],[640,222],[947,-643],[1261,793],[1260,-535],[293,-2356],[912,2],[636,-1002],[812,422],[1002,-294],[781,596],[1253,-803],[569,682],[674,134],[611,-120],[352,-553],[701,346],[1642,-441],[1456,1202],[1040,283],[1385,-1175],[4832,-1213],[5949,-2581],[1899,831],[1761,2894]],[[1677991,2162972],[104,-900],[910,-550],[-1021,-2355],[-1418,-2124],[-1952,-1350],[-506,-815],[-1941,1705],[-2616,681],[-2201,-1509]],[[1667350,2155755],[345,-1657],[-648,-1536],[433,-658],[-445,-1622],[187,-1056],[2612,-1016],[1527,-2267],[-1887,-2084]],[[1669474,2143859],[-493,-856],[441,-517],[1912,-563],[519,-1594],[1039,-1465],[-440,-1413],[-701,-644],[847,-1978],[-15,-1131],[-1264,-1409],[-1524,-154],[-488,-1172],[-1532,290],[-552,-768],[-1552,198],[-2546,-1542],[97,-1807],[720,-1288]],[[1663942,2126046],[1630,424],[1498,-191],[1405,-1487],[1583,-393],[918,-1925],[1767,-1898],[-58,-1170],[904,-1756],[44,-906],[-175,-1458],[-628,-579],[-28,-2164],[1698,-1076]],[[1674500,2111467],[1638,184],[1043,-1253],[664,573],[1051,-528],[1598,445],[605,-222],[83,-3097],[1320,-1054],[291,-1132],[-786,-1923],[153,-701],[1609,-684],[625,-1223],[3824,-1572],[-258,-1178],[420,-1384],[-1795,-2167],[-794,-2766],[-46,-1784],[905,-1085],[311,-2207],[-1087,-1707],[-77,-4123]],[[1685797,2080879],[39512,-24699],[450,-972],[697,-220],[1762,-2987],[874,-354],[962,-1742],[1501,-238],[1482,360],[4303,2235],[2633,319],[1276,-800],[1211,233],[2787,-1123],[141,354],[543,-42],[997,-843],[529,-1257],[1139,-426],[-260,-1191],[984,-1063],[2151,-209],[333,-556],[-512,-2377],[50,-474],[682,-383],[-925,-1856],[-203,-3609],[-538,-702]],[[1750358,2036257],[-400,-2234],[1613,-2184],[371,-1180],[642,327],[482,-903],[1051,-105],[1236,-1034],[662,46],[439,-945],[1034,474],[750,938],[1060,-433],[1010,-2229],[1547,194],[1487,-755],[756,55],[3814,-2964],[-907,-1731],[1851,-4939],[-1009,-578],[-234,-1003],[-601,-269],[313,-1388],[-582,-685],[-163,-1064],[548,-298],[366,-1033],[-753,334],[-617,-791],[-47,-3965],[-319,-506],[-808,-56]],[[1764950,2005353],[-1828,-1005],[-1329,53],[-820,-1588],[-22,-1322],[-2382,-2635],[-843,358],[-1059,-263],[110,-1671],[-726,-450],[471,-610],[-392,-530],[-186,-1875],[731,-1567],[-620,-297],[42,-1069],[-1720,-472],[650,-698],[-741,-293],[-255,-546],[-761,-108],[-819,-2055],[191,-489],[-1581,-1938],[478,-779],[-802,-186],[-236,-1201],[-1632,-1526],[-1252,303],[31,-477],[-1433,-1028],[242,-672],[-573,-520],[-80,-1088],[468,-532],[-801,-1672],[-1651,-1422],[-987,-41],[205,-482],[-689,-442],[-109,-1625],[-587,-594],[565,-1044],[504,143],[99,-956],[729,-298],[-318,-849],[197,-1432],[-1065,-906],[240,-553],[1903,-1369],[215,-754],[668,-52],[761,-827],[-304,-679],[655,-1389],[1233,-572],[115,-2279],[-946,-2233],[-161,-2739],[237,-771],[932,-474],[1369,-1868]],[[1749281,1948398],[-1235,-480],[-630,521],[-840,-275],[-518,-2106],[-388,134],[-12,1031],[-757,-64],[-61,-1673],[-839,-5],[-381,-784],[-1936,-687],[-1022,-813],[361,-1028],[1734,438],[-210,-1166],[-1299,-263]],[[1741248,1941178],[-1283,331],[-982,-567],[-68,-649],[1150,-1035],[-531,-574],[-1271,271],[103,1254],[-737,-413],[-57,-609],[697,-1212],[-2685,-2214],[1382,-606],[-98,-1286],[-2175,-2205],[-1259,433],[-1922,-493],[-81,449],[719,952],[-212,219],[-2016,-551],[-458,-641],[-954,510],[-913,-1240],[-323,806],[407,601],[-1349,453],[840,218],[103,568],[-1782,-273],[98,953],[-1431,859],[-514,841],[-495,267],[-941,-366],[-394,1045],[-928,150],[-584,2589],[-1610,553],[8,2841],[553,1262],[-438,831],[-1421,189],[-581,1901],[-1077,-438],[-531,585],[-601,-1005],[-1749,1775],[33,1076],[-1199,55],[-1782,-628],[-1571,284],[-463,848],[-1208,111],[-1186,2291]],[[1705481,1952544],[-1755,312],[-111,519],[-1275,-3],[-848,808],[-1097,-147],[-519,-1586],[-1320,-1429],[-498,-3117],[-642,-514],[134,-503],[-1611,-514],[-789,-1562],[-587,-321],[377,-321],[-166,-706],[-1654,-1033],[264,-450],[-657,-1030],[-3283,-2325],[-1588,-2020],[346,-687],[-131,-2143],[-787,-2567],[-1003,-758],[-167,-1703],[-1363,-3965],[-2443,-573],[-1559,1121],[-3198,588],[-1792,1173],[-5311,1454],[-2451,93],[-1215,-1701],[-1293,-10],[-316,-1256],[-1419,43],[-1562,-2796],[-3343,-1647],[-648,-2260],[-1103,-793]],[[1657098,1918215],[-5999,-24958],[7478,-20086],[-4441,-1107],[-1248,-3618],[-2198,-2093],[-1709,-738],[-2779,24],[-1227,-456],[-3368,200],[-5279,-734],[-1768,797],[-1707,-57]],[[1632853,1865389],[-795,817],[-530,1343],[-1394,168],[-616,465],[-513,1630],[-1381,1804],[-1965,1864],[-1819,580],[-873,969],[-2154,3100],[-234,1443],[-1769,927],[-3028,3140],[-1246,363],[-1741,2587],[-2596,1014],[-1160,-79],[-1836,1060],[-1188,1326],[-1133,345],[-1593,-689],[-4427,-53],[-2942,-982],[-3116,-1631],[-4930,-409]],[[1587874,1886491],[-883,1927],[-1472,506],[-1572,0],[-1996,-2280],[-1349,-790],[-1817,-6149],[602,-757],[1,-752],[-2435,-3211],[-1694,-7980],[-1243,-1644],[-3572,-1767]],[[1570444,1863594],[-4193,-1075],[-675,-1889],[202,-564],[-435,-503],[1466,-1616],[-1656,-2082],[369,-2921],[986,-1713],[989,-3155],[1423,-1689],[-31,-1056],[-1824,-2466],[-3469,-352],[-1666,-818],[-1782,-1140],[-2794,-3149],[-770,-383],[-1718,528],[-707,2062],[-1771,487],[-1065,4143],[-949,1139],[-4671,-828],[-1255,1906],[-1750,735],[-1961,-321],[-1392,425],[-5039,-482],[-2984,1561],[-679,-56]],[[1530643,1848322],[-1439,-1628],[-3350,-2017],[-1477,-2501],[-4491,-3201],[359,-1201],[-177,-2391],[2244,-2307],[-443,-1297],[1950,-7343],[-1862,-2708],[-799,-2246],[299,-1966],[1465,-1139]],[[1522922,1816377],[1920,222],[383,-2564],[-192,-856],[-1810,-2475],[168,-2132],[-1112,-502],[-1436,-25],[-522,632],[-63,865],[-882,-15],[-2270,-2358],[-3145,-691],[-472,-1492],[-1052,-1237],[-1366,-2713],[-769,-417]],[[1510302,1800619],[-472,-895],[781,-3794],[2061,-2527],[1352,-938],[-1088,-1920],[0,-820],[-1450,-1666],[-67,-1453],[2270,-214],[619,-663],[1891,-843],[2383,-186],[893,-1847],[1700,-1385],[127,-1271],[621,-995],[1478,-666],[-1209,-1683],[-422,-1920],[-2307,-1425],[516,-3846]],[[1519979,1769662],[613,-636],[2435,-1028],[655,-934],[2511,-988],[175,-1761],[2699,-1682],[823,-1495],[1093,-107],[1498,707],[1107,-494],[3220,-2926],[854,-1606],[2678,404],[-274,943],[1761,1243],[1497,300],[1508,-1450],[1202,307],[751,-891],[882,-356],[2305,159],[2878,-1602],[1259,-1139],[1710,-374],[1907,-1709],[2985,-1781],[991,-1595],[4119,-1670],[2159,-4546],[719,-2901],[1313,-2900],[-793,-2757],[-1782,-1067],[-198,-907],[971,-1780],[107,-1957],[2429,-2865],[1205,53],[2161,3860],[7218,4694],[522,107],[2645,-1336],[216,-498],[-685,-1832],[1098,-570],[-1549,-4465],[358,-2882],[-1116,-2259],[629,-1299],[17,-3113],[-1242,-978],[395,-1495],[-1188,-1903],[953,-1085],[990,-534],[1458,230],[666,1245],[1494,374],[2788,-962],[1681,-1398],[2062,845],[4655,-473],[762,1467],[-72,979],[2092,3731]],[[1600959,1716324],[2625,1462],[1674,217],[2974,-1281],[1427,-196],[492,-1572],[1061,-890],[2699,-605],[2340,764],[3122,-894],[1290,845],[947,1438],[1162,347],[363,-488],[-95,-898],[1378,-1469],[531,-1446],[904,-641],[1112,316],[513,-727]],[[1627478,1710606],[-447,-793],[815,-2002],[3033,-2712],[988,-1445],[-64,-799],[-952,-698],[1897,-2821],[-277,-1643],[377,-1927],[-1093,-2029],[542,-734],[125,-1137],[2661,-2345],[302,-1538],[-904,-2110],[1123,-1256]],[[1635604,1684617],[891,-24],[1345,-913],[1166,853],[1260,-310],[2701,2393],[796,1554],[454,178]],[[1608343,1575671],[-117,-43]],[[1669267,1534404],[-1883,-119],[-760,-1194],[463,-1143],[2521,-594],[714,-512],[1839,-3179],[73,-1721],[-1636,-2092],[-3384,-651],[-1679,375],[-1038,1173],[-850,276],[-2379,-3500],[-1899,-1211],[-2270,-686],[-1739,438],[-3051,2204],[-883,741],[-390,1145],[-753,-1030],[-572,-11],[-4641,3326],[-1208,50],[-3767,-1205],[-446,-1170],[912,-1474],[-283,-1102],[-2866,-1008],[-1859,2043],[-1245,287],[-865,-851],[-767,-2752],[329,-1245],[1002,-283],[1925,1849],[1505,-43],[894,-752],[282,-808],[61,-913],[-615,-1266],[-1795,-973],[-1669,-2540],[-789,-454],[-4323,-153],[-2866,230],[-1415,816],[-680,-233],[-576,-661],[98,-824],[1015,-1178],[420,-1324],[-32,-711],[-712,-383],[-1333,77],[-1371,1171],[-957,1529],[-524,2125],[-848,-262],[-1288,-2073],[-2834,-1148],[-988,559],[-447,2371],[-1321,1211],[-1150,-701],[-851,-2908],[-2421,-1519],[-1145,-1328],[-1349,-173],[-1971,1152],[-1755,282],[-3186,-1100],[-961,-992],[-795,-161],[-946,759],[149,627],[941,831],[31,789],[-1415,1264],[-640,2279],[-1193,167],[-1612,-1673],[-1570,1452],[-6118,1015],[-827,-209],[-1692,-1793],[-1262,-551],[-1339,38],[-2832,1357],[-1224,6],[-654,-765],[-337,-1373],[-1263,-1277],[-65,-1713],[-958,-457],[-1556,779],[-1273,-853],[-734,-58],[-3322,2366],[-2595,255],[-268,3589],[-1647,315],[-870,1701],[-3728,2997],[-3115,587],[-1753,1078],[-621,941]],[[1550932,1519990],[-249,2447],[-1754,2220],[-339,1223],[-2234,868],[-1845,-443],[-4389,129],[-2323,1411],[-2045,-188],[-2382,977],[-1322,4570],[-1950,2389],[410,1066],[-296,1186],[-2405,1148],[827,1819],[11,1528],[-1947,-813]],[[1526700,1541527],[-190,2089],[1679,976],[343,890],[-984,721],[-960,1615],[498,475],[2052,546],[206,1353],[1530,227],[-120,1913],[1457,1179],[-450,2122],[1162,633],[-888,1152],[-414,1477],[429,2786],[706,1586],[1024,1015],[-304,1292],[447,2020],[-440,1703],[817,1105],[-66,2923],[718,2510],[-262,984],[967,1597],[-1836,3894],[-1321,436],[-1786,1509],[-2387,1267],[-1081,1411],[688,2711],[-1820,731],[-405,1160],[-877,732],[624,2022],[-88,2354],[-730,1004],[227,2105],[-590,1047],[-751,423],[-2277,3730],[480,2171],[2700,3162],[84,1317],[1181,1293],[-304,783],[-1670,779],[-430,796],[-1307,708],[-229,1447],[86,742],[1455,190],[506,567],[-906,904],[600,729],[520,3035],[-863,2698],[1712,2418],[-71,967],[-2112,1366],[-3158,220],[271,1639],[-907,236],[-521,1070],[-1773,977],[-132,745],[663,980],[-378,792],[-3066,2110],[-487,771],[-1952,-412],[-1323,206],[-409,296],[-149,1439],[-1959,429],[-893,1330],[430,1977],[-1489,708],[-602,1556],[-1184,512],[-58,1266],[-1052,40],[-1262,891],[-1076,-163],[-1157,379],[-700,1519],[-860,561],[-1894,230],[-1120,-329],[-1763,-2374],[-828,-6],[-1344,-798],[-138,-784],[-1502,-1087],[-511,-1393],[-2839,-249],[-3420,-1164],[-1516,-1592],[-981,-162],[-457,-502],[-2300,-24],[-735,-605],[-642,160],[-1597,-1868],[-964,-236],[-450,-685],[-4503,-724],[-850,-1051],[-2760,-734],[-318,-449],[-3109,715],[-684,-818],[-2375,-372],[-1851,-2034],[-1569,-539],[-1543,253],[-305,-618],[-2933,-1928],[-2009,-326],[-2883,-1038],[-935,-711],[-1769,-260],[-1167,-862],[-383,-1059],[-682,-514],[-1963,28],[-1269,-1248],[-827,216],[-246,-575],[-1167,911],[-1958,-250],[-2567,-2918],[88,-698],[-909,-128],[-694,-933],[-860,-388],[-2725,-3261],[-984,-310],[-1373,995]],[[1422413,1618002],[136,1223],[-1452,1924],[-546,2593],[195,3125],[-1048,987],[-600,1816],[-40,3920],[1271,703],[1168,2429],[1129,2965],[474,2713],[-909,1350],[-694,2094],[466,2982],[-1108,4124],[350,2113],[-1170,2810],[620,3293],[-708,1789]],[[1419947,1662955],[3261,-329],[1519,337],[964,1013],[833,1797],[3141,1540],[2479,2182],[1267,143],[2980,-952],[1812,355],[1849,-167],[668,460],[567,1543],[1561,1957],[-511,1868],[-1007,643],[-293,6054],[1621,1548],[1635,2847],[1076,819],[557,1358],[326,3153],[1832,3539],[-252,1650],[-1805,1307],[-1196,1991],[-2013,992],[-441,1659]],[[1442377,1702262],[-986,671],[-1259,-487],[-1007,234],[-3970,2514],[-1988,2083],[-1629,904],[-256,899],[-1161,1163],[-1726,-508]],[[1428395,1709735],[-740,467],[-257,1377],[-1854,2702],[-1982,7080],[-2476,1722],[-192,3136],[-3061,3057],[-3066,-628],[-1802,-1354],[-2381,-24],[-2292,-2832],[-3910,136],[-2008,581],[-1939,-786],[-794,-1330],[-1167,-118],[-2381,746],[-1867,1495],[-1981,-579],[-1139,287]],[[1391106,1724870],[-815,-921],[-1292,-89],[-1710,-929],[-1102,-2116],[-713,-596],[-1435,882],[-1248,-67],[-635,-451],[-669,-1177],[5,-1054],[-2613,-3590],[-597,-1543]],[[1378282,1713219],[-699,-1370],[-2213,-796],[-2187,-2],[-1085,-1168],[-3914,-608],[-1883,385],[-1069,-427],[-4683,-238],[-2234,-1217],[21,537],[-639,107],[-1326,2315],[-135,1435],[786,1252],[-518,999]],[[1356504,1714423],[-1528,591],[-41,1020],[-559,658],[-703,-669],[-1287,-351],[41,-652],[-897,-193],[-466,-980],[-989,291],[-1779,-272],[-280,501],[-1693,-845],[-1627,-7],[-761,801],[-1113,-297],[-486,310],[-324,-644],[-714,104],[-159,-620],[-1569,-629],[-1085,110],[-1266,-423],[-552,342],[-293,-565],[-1202,-480],[-753,379],[-529,-561],[-496,29],[-432,-847],[-996,-401],[-162,-792],[-756,-184],[-164,467],[-507,0],[-1581,-895]],[[1328796,1708719],[-574,-225],[-627,530],[-477,-542],[-636,224],[-1003,1673],[-774,132],[-248,858],[-1008,-394],[-260,1434],[-1751,-223],[-507,-1166],[-604,305],[-1049,-599],[-30,-613]],[[1319248,1710113],[-1130,238],[-455,-469],[-1242,457],[-65,1710],[-939,-58],[511,764],[-192,472],[-1127,-536],[-156,-1035],[-2383,607],[-478,1059],[-179,-1088],[-348,-167],[-400,974],[-676,-236],[-239,444],[-1639,326],[-1784,1035],[-759,-212],[-440,384],[-610,-313],[-1185,627],[-1131,-42],[-397,583],[-436,-138]],[[1301369,1715499],[1594,4558],[1010,1225],[1686,3543],[-210,564],[2459,3422],[-10,1728],[932,2304],[1568,1467],[-178,898],[668,1296],[-736,356],[-23,469],[1767,2683],[-1760,4217],[-745,507],[-504,1240],[-982,166],[1340,3013],[-448,818],[-1112,39],[-332,1089],[1530,617],[86,1306],[1010,1474],[1723,794],[145,3798]],[[1311847,1759090],[2215,4201],[-539,825],[609,455],[1491,-194],[601,371],[-111,2724],[817,559],[6417,2025],[978,1146],[84,1057],[1449,874],[288,1158],[904,1088],[-385,2547],[441,1281],[-794,1498],[80,1396],[429,627],[1025,797],[3011,341],[1252,951],[1386,-279],[757,-757],[972,910],[23,1172],[-1052,1196],[-188,1712],[820,764],[1940,-261],[2169,4732]],[[1338936,1794006],[-1262,1935],[-366,1774],[-581,370],[300,1601],[-719,1367],[-938,361],[-1577,3084],[-2028,749],[-2605,33],[-425,563],[-886,-79],[-312,320],[-1424,-583],[-3765,712],[-2175,2142],[-490,1075],[-1631,508],[-1417,2497],[-251,1516],[-4728,1745],[-2219,76],[-595,822],[202,934],[-542,887],[-3214,2142],[-2334,855],[-614,819],[-494,242],[-699,-271],[-723,630],[-422,1283],[199,1166],[941,1058],[1493,725],[651,1161],[1316,727],[4,2062],[1187,2473],[-83,1880],[1501,780],[866,3170],[-232,2244],[278,2564],[-381,167]],[[1307742,1844292],[-867,1052],[782,2435],[-597,1347],[863,994],[826,64]],[[1308749,1850184],[-433,528],[-269,1970],[-1884,3299],[-1140,4718],[1001,996],[810,2267],[1203,498],[-433,1220],[-345,15],[59,573],[-1920,-99],[-670,2805],[-1263,1620],[46,1761],[-1634,1096],[-887,1500],[-2442,1631],[-770,1496],[-1685,1401],[-559,2070],[-1020,1389],[-1569,1131],[-4711,536]],[[1288234,1884605],[-1874,-2220],[-1341,-178],[-4768,2270],[-2119,2144],[-2529,591],[-2081,1541],[-2270,972],[-1988,215],[-1415,821],[-4880,133],[-2130,-3040],[-2666,-46],[-730,-451],[-303,-2154],[403,-687],[1116,-30],[385,-394],[513,-1789],[-376,-1586],[256,-2754],[-1893,-1493],[-96,-1929],[-2579,-3903],[3,-551],[876,-1064],[10,-2480],[-949,-1950],[-3796,-576],[-1905,1146],[-4132,809],[-2452,-1251],[-2789,470],[-1323,-281],[-3771,1792],[-1057,-1434],[-1425,-832],[-1175,-2192],[-1646,-1884],[-2141,-474],[-1789,-1178],[-1688,-369],[-1783,-1708]],[[1221937,1856631],[-1302,-902],[-12406,1113],[-1719,-570],[-3884,-2521],[-4340,35],[-1898,-967],[-3775,-311],[-1827,-1312],[-5079,-2210],[-2639,-1795],[-2531,-501],[-1370,432],[-2109,1692],[-8716,2175],[-1466,2080],[-3796,2417],[-791,1813],[-1827,1070],[-4175,1295],[-2724,-604],[-1476,121],[-1599,1053],[-914,1177],[-1353,2003],[-1318,4126],[70,2659],[1669,4960],[-966,3132],[791,5266],[-369,621],[-3427,1595],[-562,691],[-879,1951],[-176,1807],[-2091,3142],[-316,2003],[-1195,915],[-211,2495],[-1283,1864],[53,1606],[738,1150],[140,1657],[-963,3995],[106,1243],[-2127,1917],[-1071,1823],[-369,2797],[-1125,2227],[-369,3114],[-4224,3522],[-1217,3170],[360,4211],[-443,2116],[487,4661],[-1670,4191],[-626,3776],[-131,8226],[508,2317],[1381,1378],[342,859],[1013,5147],[-252,14482],[-542,3853],[-2104,4103],[-97,1799],[-525,854],[-520,2952]],[[1124711,1993787],[3644,-121],[2828,1679],[-315,2147],[-1988,3181],[2103,4912],[2405,1225],[3341,192],[4296,3367],[2119,-270],[1317,350],[1040,-606],[663,-1093],[2974,-130],[461,445],[-636,1689],[403,1165],[2412,410],[992,-417],[721,-1170],[1794,-351],[2222,-1598],[1970,-334],[518,-1069],[-435,-418],[381,-242],[6126,1733]],[[1166067,2008463],[561,516],[-488,829],[-1539,1119],[-621,1734],[32,933],[1010,2048],[-176,1292],[807,2005],[-188,836],[-2072,-1104],[-552,79],[-393,665],[906,5395],[1002,2549],[1357,1345],[1340,496],[524,-98],[-400,-1159],[1167,133],[281,-355],[2941,1189],[1498,1037],[2482,-1268],[1663,1007],[298,1820],[2170,1981],[176,790],[1502,1675],[212,358],[-302,423],[-1653,173],[-1919,813],[-2125,309],[-1396,-554],[-953,1547],[1723,2338],[6062,5328],[4977,643],[691,756],[97,919],[664,164],[-61,730],[639,353],[1277,3248],[855,3286],[-7,1552],[1321,-60],[2441,7236],[-849,215],[-463,576],[24,2224],[704,962],[2775,759],[-1151,513],[-30,1445],[-526,711],[3926,6120],[1147,145],[221,-358],[809,851],[440,3320]],[[1200925,2082997],[968,3558],[-423,551],[369,454],[-1093,532],[1152,2330],[152,3055],[-369,382],[-1338,532],[-1963,-329],[-69,1296],[-704,357],[-2316,-1523],[-1537,-2556],[-1673,-1876],[-521,561],[1934,4548],[3119,1741],[-254,207],[-735,-584],[-600,237],[-340,846],[197,1053],[7056,12916],[1613,932],[1361,1443],[10,948],[1048,2398],[2884,1169],[3638,2292],[1499,213],[-123,541],[1766,1760],[6180,8116],[1033,778],[4586,6536],[2190,1658],[3072,5312],[1587,3797],[1536,6911],[2578,3867],[964,281],[-59,-928],[1747,-977],[-207,-542],[881,-560],[182,-860],[1126,-63],[1811,-1068],[1398,-1397],[501,-1306],[3047,-51],[770,851],[1505,180],[691,3034],[-1365,662],[-752,2028],[1326,1324],[-38,405]],[[1251923,2160969],[2151,36],[2853,-2192],[2589,728],[1805,1764],[-122,683],[-1011,914],[142,532],[1821,76],[302,434],[-327,852],[-1400,248],[-935,745],[107,1134],[1929,362],[1538,-1113],[1101,-268],[94,1097],[946,1729],[1313,287],[893,1150],[1475,-295],[738,979],[990,246],[613,750],[672,-64],[723,-1114],[3119,-1996],[115,-2711],[2539,-2515],[1062,-3412],[1159,-322],[2108,489],[3056,-3024],[328,-1454],[-677,-1229],[213,-3300],[-396,-1551],[2193,-1791],[2246,-476],[1017,-1063],[284,-732],[-851,-3642],[441,-1268],[3277,-463],[2523,-1383],[1565,2760],[1839,366],[1201,1458],[-81,2187],[1466,-546],[1686,847],[-437,1958],[570,850],[766,7],[3061,-1476],[1271,-1606],[3425,-1890],[1698,-194],[978,969],[589,-112],[531,-2964],[-1030,-418],[-1481,244],[-569,-424],[-627,-1374],[679,-1086],[1188,-331],[1630,598],[-7,-1859],[488,-658],[578,357],[351,1874],[629,696],[510,-328],[588,-1835],[1942,476],[828,-1838],[1511,-1785],[397,-2177],[888,563],[360,2299],[1004,375],[357,-1028],[-534,-1382],[272,-765],[2919,-2116],[618,840],[-963,795],[276,594],[1408,56],[673,-1282],[2391,2322],[989,250],[-100,708],[-909,57],[-126,329],[355,1097],[936,962],[-408,1375],[1378,-347],[1050,258],[621,-618],[1225,148],[699,969],[104,1953],[770,-1061],[1387,-50],[-81,1510],[681,1246],[1473,-307],[1073,684],[1115,1691],[1512,518],[117,1921],[676,103],[661,-623],[1466,856],[1285,-399],[234,1325],[-872,430],[501,912],[1331,-97],[-114,388],[369,245],[323,-1729],[1847,54],[417,-571],[823,1074],[1095,-144],[866,-498],[318,-1592],[1352,-974],[3737,2264],[1969,2151],[276,1016],[1462,273],[999,1199],[923,325],[840,-644],[1356,-233],[1274,825],[176,-663],[-505,-547],[145,-332],[1097,426],[543,-622],[538,129],[3217,-2565],[1507,-638],[3021,192],[4966,-1717],[1932,874],[3976,-3451],[3628,-649],[2313,571],[1805,-1948],[-46,-985],[869,-1767],[3127,-1155],[-522,-2122],[1270,-936],[925,-1573],[3290,12],[1978,-898],[4561,-471],[572,823],[782,243],[-51,590],[1296,748],[512,1378],[483,236],[-93,652],[392,36],[-706,2784]],[[1420354,2138727],[6,20]],[[1420360,2138747],[66,48]],[[2471738,3888340],[-49,-442]],[[2471689,3887898],[-900,-2516],[-1536,-451],[-1267,-1094],[-3664,1077],[-891,796]],[[2463431,3885710],[-93,53]],[[2463338,3885763],[-625,784],[-1201,297],[-1047,-694],[-1478,-1849],[-1032,-2817],[-79,-3558],[-2233,-1958],[-501,-1004]],[[2455142,3874964],[-1419,-5745],[701,-1116],[1694,-982],[1010,-1845],[769,-5170],[-295,-3656],[1314,-1536],[-1387,-1535],[-580,-1449],[613,-3109],[-678,-710],[-1055,-186],[-289,-535],[392,-533],[-230,-3450],[-3290,-3621],[-743,-307]],[[2451669,3839479],[-848,-3186],[767,-1052],[-419,-514],[-457,-2396],[733,-953],[-174,-1900],[942,-1909],[226,-3514],[845,-3069],[-390,-2870],[604,-2182],[-1754,-1367],[-362,-1181],[3460,-3037],[-1447,-6494],[-1053,-1698],[-1518,-382],[-2362,259]],[[2448462,3802034],[-285,-2516],[467,-1481],[359,-811],[1128,-785],[48,-996],[3132,-3378],[379,-1607],[-681,-1691],[928,-434]],[[2453937,3788335],[315,-1643],[-310,-1526],[1105,-1354],[130,-2278],[2201,-3990],[1533,-926],[45,-640],[-1197,-1903],[400,-1728],[-497,-1765],[-2652,130],[-4478,-658],[-1156,-1543],[-1475,-283],[-1214,-1276],[-1060,223],[-1714,-1586],[-2558,-5289],[-755,-3372],[629,-2335],[-1857,-1540],[-353,344],[-807,-154],[-184,-598],[-958,-669],[-362,807],[-741,-152],[8,-899],[-982,-792],[236,-449],[-335,-631],[-383,36],[119,-365],[-786,-480],[-717,421],[-808,-531],[-212,394],[-702,-247],[84,-501],[-874,-905],[251,-1204],[-820,-521],[-1249,-1921],[-23,-1730],[-460,-1008],[-1792,-1014],[-352,-3502],[827,-377],[-486,-1894],[-1363,-1986],[-2564,-1915],[-2164,-178],[-2947,-4891],[424,-471],[-89,-1821],[581,-629],[-242,-487],[2342,-2143],[-1596,-1710],[430,-3165],[-378,-2063],[2458,-1020],[826,-2285],[2171,-1053],[819,-827],[973,-2248],[1352,-81],[325,-872],[-310,-524],[900,-1348],[-732,-742],[-597,-68],[-2508,660],[-1141,-152],[-821,-1103],[-1446,-793],[-5,-414],[-2055,-758],[-304,-1405],[-1273,-642],[-823,-953],[-1020,246],[-1826,-531],[-966,501],[-202,-402],[-1281,203],[-1193,-401]],[[2410266,3696040],[946,-217],[1356,-2116],[-1748,-718],[-893,179],[444,-1151],[2565,-502],[763,443],[1062,-110],[743,-1509],[-141,-1916],[1967,228],[391,-1954],[1076,-611],[582,613],[1119,31],[990,709],[2695,644],[1978,1347],[808,-555],[2121,176],[2623,-778],[1831,89],[1196,-498],[929,-1277],[1076,-650],[1536,370],[954,-329],[1636,-3063],[129,-3521],[-623,-815],[-1813,-771],[-2104,-1958],[-121,-1670],[-1023,-712],[-269,-1722]],[[2435047,3671746],[-1311,-2921],[-3105,-2995],[-1290,-575],[-1412,-1272],[-113,-1331],[-664,-1070],[-1372,-250],[-1754,-1545],[551,-16],[762,652],[3137,590],[7891,-283],[2452,-1990],[1803,-889],[778,-2206],[612,218],[1466,-1100],[2241,-590]],[[2445719,3654173],[-1333,-2013],[479,-1843],[832,-753],[4049,-972],[333,-400],[820,1632],[839,4591],[576,899],[1600,191],[886,-1560],[1077,1571],[3570,745]],[[2459447,3656261],[-475,247],[240,488],[1217,-38],[1653,1314],[1034,78],[968,747],[365,1078],[-1281,1746],[-903,211],[-362,523],[931,153],[429,657],[-2014,3561],[485,478],[-390,933],[976,695],[408,1370],[-618,558],[-247,946],[-1976,658],[-583,1480]],[[2459304,3674144],[-173,1016],[-607,637],[-357,2295],[-341,3059],[350,1409]],[[2458176,3682560],[3589,-1233],[1167,329],[1012,906],[3558,-75],[1193,481],[2492,-461],[3442,-2243],[3124,-3321],[1209,-470],[721,-1172],[-550,-1561],[1231,-2744],[-2407,-3330],[-773,-533],[-152,-2451],[753,-1661]],[[2477785,3663021],[47,-1041],[-462,-474],[364,-1178],[-854,-2621],[181,-526],[-1006,-1892],[536,-2802],[-356,-1718],[766,-5409],[-2257,-405],[-405,-574]],[[2474339,3644381],[108,-1885],[-717,130],[-1861,-968],[-719,-1],[-328,-978],[-1478,-1286],[390,-750],[-664,-1479],[539,-683],[-166,-2039],[1163,-679],[-367,-1983],[775,-1400],[-149,-1079],[-954,-1634],[113,-1234],[-741,-278],[-1747,576],[-764,-255],[-887,779],[-1033,-15],[-654,-1384],[-1171,2],[-2442,-2447],[-703,1527],[-2558,1305],[-2933,-108],[-2371,-1863],[-1594,-341],[-403,-1932],[-36,-334],[2125,-672],[1098,113],[938,-872],[-820,-1218],[505,-971],[-224,-773],[295,-32],[-746,-1441],[629,-1013],[-895,-1609],[5,-1963],[-389,-91],[-175,-958],[-555,-72],[300,-701],[-425,-1021],[-3671,-3225],[989,255],[1556,-1173],[1643,-2375],[1963,-189],[-1116,-2698],[367,367],[270,-588],[-163,-385],[439,-546],[-406,-131],[66,-389],[1007,-283],[-1009,-745],[274,-463],[-476,-379],[-122,-1045],[-921,-12],[-1038,-772],[109,-485],[405,0],[-319,-740],[333,-128],[-111,-528],[956,-1438],[-742,-555],[1622,-71],[1257,-1327],[997,165],[-61,-773],[-674,-595],[-1990,-695],[430,-452],[-169,-419],[743,-721],[1406,-54],[2393,-2261],[1701,767],[1192,-1197],[2664,2563],[323,-1916],[-293,-2534]],[[2463477,3580201],[883,607],[20,1189],[1058,-643],[1539,372],[538,-901],[1539,-922],[1023,-3024],[-295,-1533],[242,-1730],[924,-843],[-297,-2582],[1000,-1121],[-560,-2141],[-1116,-1071],[-115,-1625],[964,-2315],[470,-3559],[1263,-2605],[-387,-2816],[813,-24],[2942,1359],[3209,56],[414,-439],[2862,1660],[881,-282],[1737,-1904],[4120,455]],[[2489148,3553819],[1843,-2140],[640,-1944],[-676,-1022],[1252,-1260],[415,-2656]],[[2492622,3544797],[2663,2278],[814,-144],[1206,418],[795,-1588],[1216,-8746],[-308,-3547],[-1061,-689],[777,-892],[-437,-1128],[-2703,-1231],[-541,-1243],[-1314,-242],[-579,-821],[-1943,-391],[69,-2119],[-689,-221],[481,-690],[-483,-354],[363,-1309],[-1490,589],[-1771,-1202],[-483,1214],[-321,-555],[-680,346],[-2490,-290],[-636,-907],[-974,1029],[-437,-446],[296,-678],[-1323,91],[-444,-546],[-2369,-957],[317,-662],[-1502,-1244],[664,-2861],[-125,-1005],[-776,-960],[831,-812],[-58,-578],[-934,-483],[74,-2085],[-757,-321],[637,-1119],[664,-402],[373,223],[375,-1873],[528,-348],[-387,-399],[553,-659],[-505,-1314],[647,-1581],[-838,-1717]],[[2477607,3499626],[130,-2038],[988,-1067],[-18,-1151],[548,-544],[-1667,-377],[290,-945],[-594,-763],[313,-1328],[-765,-377],[-361,-1978],[-760,-1035],[-1004,104],[-1623,-1301],[-974,-2098],[-1187,-198],[-1083,-746],[-636,-1301],[-1577,-1538],[-194,-881],[-706,-496],[98,-802],[-1742,-644],[55,-738],[-533,-411],[455,-533],[-1426,-2000],[-1016,-527],[23,-1228],[-1988,-1841],[-21,-810],[782,-840],[-458,-211],[-971,579],[-578,-89],[-154,-689],[981,-411],[-94,-617],[-826,353],[-1117,-1847],[-4584,-2291],[-687,-1053],[-2109,-1715],[-1340,132],[-1184,-745],[-4399,-629],[-1198,-2225],[-2985,-1445],[-1135,267],[-80,-1233],[-1637,-64],[-514,-420],[-366,737],[-383,-812],[-1216,1534],[-599,-357],[-16,537],[-429,-309],[-882,471],[-569,-170],[-767,643],[-610,-127],[-389,988],[-1697,1717],[-87,591],[-705,-123],[-753,3191],[-639,265],[205,744],[-618,-141],[-719,445],[-1195,-1281],[-555,613],[-1384,-104],[-1714,1533],[-973,-381],[-1564,617],[-1729,2501],[-505,2261],[-828,-407],[-764,796],[-4664,2497],[-984,-94],[-1421,983],[-1471,-352],[-3165,896],[-1310,-558],[-1677,120],[-4366,1066],[-1251,1112]],[[2393586,3476483],[-35318,446]],[[2358268,3476929],[-1700,87],[482,2009],[-402,375],[-840,-168],[-272,692],[315,333],[1046,-76],[304,761],[-735,702],[-1333,-84],[1425,636],[-1055,678],[789,789],[995,262],[1785,-439],[549,912],[1106,570],[1092,-488],[942,2403],[-178,483],[-821,92],[-578,617],[344,2016],[-1267,452],[-223,1360],[-1261,207],[51,999],[-578,1198],[562,1122],[-121,1528],[884,726],[1347,2486],[2194,783],[1466,6],[94,1265],[1809,-946],[11,809],[1197,997],[-1122,775],[664,746],[-830,779],[1360,156],[539,-551],[43,1762],[2043,1219],[488,1562],[2616,674],[573,1211],[641,-76],[-129,930],[1322,-269],[-117,1308],[1030,2329],[1823,1068],[2344,189],[1510,1301],[-1024,2625],[259,432],[702,-78],[-326,1125],[-1744,1946],[81,1653],[1469,2265],[-1086,2407],[535,1773],[-695,292],[-2096,-868],[-548,1921],[848,674],[88,874],[-1165,-281],[-449,545],[-834,-737],[-1836,170],[-142,1647],[-1601,857],[-180,1871],[-1421,1205],[-2172,-1064],[-2381,613],[6,616],[727,877],[-299,1531],[817,1451],[-773,378],[-1369,-126],[-303,403],[1123,874],[1424,182],[-739,817],[-1314,-499],[-326,209],[1930,1762],[25,1143],[-1474,1640],[235,477],[1181,143]],[[2367644,3551941],[-354,710],[-1402,1015],[-623,1195],[-2417,1300],[22,1090],[1391,943],[-403,1271],[-369,300],[-1672,-103],[-1313,1811],[-1418,647],[-10,635],[534,423],[1666,0],[-19,950],[-735,619],[-1158,-563],[133,1554],[-726,900],[-1594,-34],[-654,775],[-1241,-97],[-523,436],[2,1583],[-1433,1426],[1296,780],[-1454,888],[-233,1473],[-1361,776],[-44,654],[621,729],[-824,608],[-992,3],[-388,1384],[-994,-754],[-728,-70],[-110,860],[-1318,1051],[154,839],[847,604],[853,-243],[801,-983],[2076,-41],[422,797],[-294,1756],[1584,1249],[-1158,1790],[337,1504],[-928,2216],[80,2761]],[[2324279,3821064],[1337,2922],[2657,1474],[1266,1196],[358,1258],[-541,1320],[3001,630],[647,778],[373,1509],[1379,1324],[-64,468],[-1177,923],[1429,1376],[333,2406],[670,151],[683,902],[440,2633],[-551,2273],[107,1443],[1868,1653],[1480,-659],[1854,602],[38,949],[-1134,60],[271,1626],[1217,-110],[866,-645],[384,571],[-791,1199],[-1316,964],[98,341],[1798,567],[792,-535],[1288,198],[-444,1004],[47,2308],[-369,554]],[[2344573,3856697],[-3035,3323],[-4106,2510],[-1726,1687],[-9480,6962],[-1120,1200],[-3093,5004],[-51,4482],[3366,4949],[642,2188],[1,1251],[-623,1699],[-764,647],[-2295,887],[-1334,-52],[-1995,-1450],[-1695,-2126],[-423,18],[-3123,1359],[-897,-217],[-16423,2947],[1799,2486],[-1157,798],[-155,1757],[-1079,445],[-499,3262],[673,1711],[2775,2007],[1359,1961],[222,2823],[-673,2754],[1720,1883],[231,1359],[352,173],[-868,3611],[984,2540],[-3510,2480],[-939,1642],[-5046,86],[-1160,552],[-527,1218],[-1456,364],[215,230],[-1248,1308],[-868,2489],[332,733],[-252,297],[370,12],[-391,672],[389,176],[390,-718],[325,597],[-481,5727]],[[2288226,3941400],[1519,4039],[121,4879],[635,1395]],[[2290501,3951713],[1153,792]],[[2291654,3952505],[-1479,347],[62,634],[-2280,1427],[-1172,184],[-1568,-1019],[-1239,737],[-256,823],[-1005,-376],[-881,1365],[144,456],[-1658,1779],[-1640,689],[-481,1220],[-2660,656],[-405,1135],[-551,75],[-758,-648],[-1259,-8],[-1936,699],[-2698,2373],[-803,1261],[-825,6],[-1236,2010],[6,961],[-416,584],[-1267,598],[-150,642],[-935,114],[-709,889],[-3520,2443],[-1672,3287],[-2007,-1],[-221,-342],[-1888,1386],[-869,-44],[-360,-485],[-1561,481],[-669,823],[35,707],[-2727,251],[-786,1706],[-1280,474]],[[2244074,3982804],[489,737],[1519,260],[520,646],[1785,371],[204,558],[1317,394],[785,2182],[1007,143],[767,712],[-150,1087],[2263,-75],[1094,1265],[-212,294],[916,2819],[671,896],[3045,2383],[564,903],[897,338],[802,2076],[1015,243],[628,1477],[1453,1063],[258,712],[596,247],[1103,-1081],[1012,556],[906,-21],[1651,3383],[3351,3741],[6690,151],[1122,-653],[-21,1755],[1891,-81],[2826,-1409],[-810,-2205],[769,-653],[1558,-245],[1164,612],[-457,1021],[686,327],[8741,805],[1822,494],[794,1081],[1589,895],[3009,442],[321,561],[803,-455],[2371,1704],[1040,-107],[1593,-1011],[1349,1463],[1241,328],[440,923],[699,215],[106,527],[1008,802],[3288,-696],[-208,-2021],[1060,-1801],[1054,-349],[1263,1240],[1078,-853],[19092,10280]],[[2343301,4024200],[-707,665],[581,-200],[32,822],[-1379,395],[1450,237],[-981,334],[785,434],[-1101,280],[920,262],[-386,495],[-555,-197],[304,607],[-512,91],[-170,651],[894,664],[-590,424],[519,411],[-578,316],[151,614],[-887,38],[21,719],[726,-65],[585,793],[-904,30],[666,326],[-806,349],[697,838],[-1362,28],[395,423]],[[2341109,4034984],[240,867],[-1086,997],[940,800],[-970,220],[901,550],[-317,219],[-553,-336],[-323,396],[1074,37],[484,765],[-1547,-81],[-155,339],[1076,67],[699,498],[-1229,265],[850,1039],[-476,108],[109,526],[-488,-203],[161,704],[-632,-223],[-25,1348],[-921,-30],[766,603],[-960,143],[32,430],[481,35],[-242,734],[-469,-531],[-369,684],[-496,-502],[-825,244],[916,841],[-940,-272],[435,1207],[-924,-766],[-698,679],[1223,1008],[-1309,267],[55,1203],[-525,-601],[-688,24],[328,364],[-709,440],[674,146],[-154,721],[-338,163],[90,-384],[-564,-150],[-22,584],[-951,488],[1234,91],[-198,861],[-1298,555]],[[2332476,4053165],[971,-155],[-444,355],[638,636],[-90,940],[496,-141],[82,584],[504,-31],[-440,634],[687,-305],[69,578],[432,110],[-261,600],[835,47],[-383,330],[583,560],[-583,676],[216,399],[-449,879],[-753,432],[210,1736],[-360,1063],[-365,-56],[-422,1279],[-323,61],[-14,1723]],[[2333312,4066099],[-426,1755],[-396,108],[152,479],[-540,258],[679,430],[-563,533],[-420,-397],[-176,1093],[297,547],[-1120,609],[-1566,20],[268,554],[-432,-302],[-657,577],[597,403],[-590,513],[270,612],[-482,-503],[-253,512],[-496,32],[-35,552],[-551,73],[88,-586],[-470,-214],[-446,724],[-677,-217],[-26,451],[-923,201],[482,910],[-1122,703],[-633,-513],[27,-501],[-323,408],[-564,-552],[-415,1189],[-718,22],[-624,646],[407,211],[-755,1110],[203,403],[-1230,993],[516,479],[-953,125],[328,400],[-238,400],[-546,71],[-586,-584],[-516,193],[17,-343],[-963,304],[65,1074],[-909,44],[-17,1037],[320,251],[-529,1211],[-458,-281],[192,484],[-637,-100],[195,1042],[-541,455],[100,346],[-539,142],[18,607],[-568,246],[284,350],[-404,319],[311,61],[-99,540],[478,-355],[238,240],[-280,751],[-495,-73],[231,461],[-665,-188],[-297,465],[-1004,35],[294,324],[-629,537],[217,1094],[-413,-242],[-725,603],[174,928],[-554,-71],[-83,857],[-1509,-180],[261,419],[-377,408],[616,591],[-586,520],[253,579],[-423,793],[-484,15],[-438,1170],[-435,-130],[-93,419],[-542,-13],[-595,673],[452,232],[94,650],[-1888,1427],[10,895],[-650,75],[-1042,896],[-595,-72],[-1121,1415],[-478,-342],[-410,1300],[374,399],[-711,2193],[-1086,33],[275,558],[-379,-42],[112,366],[-861,459],[-451,47],[-234,-554],[-1440,97],[-308,1006],[-1130,-126],[102,588],[-506,-160],[-457,553],[-473,-529],[-77,473],[-455,-511],[-104,360],[-1401,-115],[-30,-584],[-855,-308],[-126,533],[-589,124],[773,321],[-1484,-408],[-140,614],[-687,-159],[-78,530],[-1389,191],[-321,629],[-725,-137],[-299,763],[307,1192],[-501,116],[268,323],[-831,1905],[60,1347],[-719,146],[261,407],[-645,670],[102,903],[-502,344],[-434,2302],[-1055,513],[-442,-173],[-145,433],[-464,-200],[-17,739],[-1049,73],[-693,534],[-364,1399],[-586,142],[205,344],[-1366,564],[383,373],[-1038,772],[-107,956]],[[2274971,4129252],[-149,1265],[-470,-71],[164,621]],[[2274516,4131067],[-290,507],[-1214,-6],[-231,859],[-988,434],[-1066,322],[-638,-486],[-1019,1712],[59,757],[-442,178],[266,250],[-721,1633],[160,628],[-760,1295],[122,666],[-932,1195],[110,784],[-1531,939],[-29,650],[-442,113],[-469,987],[-1126,252]],[[2263335,4144736],[35,1949],[-568,-191],[-355,337],[311,274],[-1645,1455],[-854,2364],[2462,3479],[225,574],[-274,383],[487,150],[364,835],[760,406],[-129,300],[576,185],[-141,483],[712,462],[-364,179],[-80,836],[536,1035],[-391,2218],[-1229,600],[292,1053],[-865,488],[375,1315],[796,55],[285,551],[1020,-376],[366,993],[556,-24],[92,812],[-554,477],[587,183],[-151,556],[530,323],[-146,741],[380,264],[-829,536],[587,436],[147,1217],[-570,1483],[56,1730],[-921,542],[166,707],[461,226],[-609,254],[-52,479],[1622,1695],[-121,533],[647,691],[-360,1057],[545,776],[854,320],[539,-343],[10,574],[496,-159],[1113,1662],[-332,635],[486,343],[-2,516],[1812,711],[13,691],[588,439],[259,913],[-455,548],[569,1946],[-344,520],[-1101,214],[546,1228],[637,-57],[69,477],[1163,710],[87,592],[893,516],[590,-142],[169,517],[1067,-404],[596,1002],[1643,1216],[967,-232],[365,523],[717,-11],[706,1519],[-819,1115],[332,632],[-771,1414],[1332,524],[-1,952],[1515,884],[-196,443],[624,255],[227,867],[2597,464],[1167,1546],[633,-35],[2190,1303]],[[2291655,4210170],[1309,948],[1076,1540],[2,813],[1378,-205],[520,712],[186,1361],[-313,850],[671,1028],[-515,1279],[104,799],[1586,235],[-18,726],[-1613,932],[879,455],[-360,834],[1775,1879],[-823,999],[190,502],[-817,137],[-263,1468],[919,843],[464,-312],[980,308],[209,723],[-741,325],[150,260],[1944,-219],[-171,1020],[761,63],[692,1416],[3194,927],[370,1548],[691,455],[-1056,1072],[800,196],[422,723],[1337,101],[720,1683],[1036,-418],[372,1386],[2077,360],[872,1161],[1868,-760],[912,1417],[1311,-192],[-169,1545],[1688,-235],[1210,1113],[-271,-1530],[247,-251],[1151,757],[2395,-331],[520,1313],[839,305],[881,-969],[1011,370],[809,-1241],[516,-83],[288,775],[2153,1114],[1508,1340],[100,544],[1007,-901],[502,1014],[1082,-424],[1040,805],[485,-437],[-470,-1391],[1035,472],[1091,-668],[54,-1396],[849,258],[1094,-877],[-918,-456],[396,-579],[1414,870],[-22,592],[639,185],[1454,1603],[417,-459],[945,47],[829,-743],[327,150],[-133,701],[384,151],[315,-870],[436,332],[458,-593],[380,115]],[[2346708,4243585],[514,1353],[620,-308],[563,698],[330,-389],[1725,-239],[836,2213],[1635,24],[1649,2139],[-65,669],[1087,-476],[515,284],[-181,831],[2050,131],[-259,748],[1312,1236],[1110,1725],[-14,663],[1684,-496],[-394,1216],[427,611],[693,-847],[448,782],[1486,-19],[497,-672],[197,892],[521,-650],[1052,651],[318,-476],[1084,14],[643,-540],[1195,436],[675,-1411],[1132,688],[647,-44],[133,-473],[254,1690],[855,185],[290,814],[-606,793],[-354,-205],[-563,476],[172,1135],[847,1135],[584,142],[-1490,2562],[327,1024],[1910,-277],[1661,759],[591,-449],[1033,184],[845,-943],[3717,-518],[39,-468],[746,-406],[780,118],[932,-578],[729,191],[1281,1340],[470,-85],[522,487],[-62,1253],[475,-110],[1815,889],[-942,763],[131,710],[-800,483],[-437,-552],[-314,453],[522,268],[-895,21],[-11,282],[441,716],[551,34],[-105,451],[738,-350],[100,780],[759,200],[-361,1022],[-460,-166],[25,784],[599,365],[-237,268],[-366,-300],[-160,383],[2428,2754],[650,112],[1134,-1401],[1312,-499],[1088,368],[500,-227],[-50,805],[1038,351],[409,-256],[1138,795],[1473,-608],[927,543],[979,-422],[736,396],[409,-861],[2283,-1107],[692,1396],[1063,291],[586,642],[1253,-715],[461,260],[1179,-414],[2278,554],[1132,881],[711,1687],[-1182,804],[-486,1133],[-58,2695],[370,1426],[-1035,1731],[-853,366],[505,408],[-152,768],[-2155,695],[-227,576],[-1375,-86],[-368,526],[-1778,412],[-139,457],[-735,199],[44,518],[-752,192],[-76,691],[536,704],[-1057,1072],[-3170,638],[-1437,-79],[375,830],[1709,624],[798,755],[-39,402],[1073,437],[1249,3016],[-318,1055],[455,1228],[-143,1545],[494,1069],[-1476,1688],[116,649],[-681,1136],[558,444],[-362,1121],[386,201],[1144,3165],[-926,2503],[-4765,952],[-624,568]],[[2398403,4316861],[1283,2708],[-200,3372],[417,2025],[2519,716],[1904,3076],[-198,1528],[809,1212],[381,1520],[-135,1388],[2443,1112],[-159,1513],[927,699],[505,-116],[522,-931],[1210,-297],[1698,40],[265,573],[1708,584],[170,662],[-515,682],[-194,1486],[1183,668],[735,1079],[-680,793],[127,785],[-649,997]],[[2414479,4344735],[1195,300],[328,670],[1270,576],[629,1101],[1932,189],[675,1188],[-1883,1387],[-4162,153],[-1729,1778],[-1629,103],[-3333,2619],[-1174,1793],[-1880,-132],[-1481,347],[-1223,392],[-770,1044],[-1609,365],[-1737,-655],[-2724,667],[-828,-377],[-2420,115],[1434,2884],[-1456,1282],[1040,1659],[1328,861],[881,1434],[2120,1975],[6489,3883]],[[2403762,4372336],[4143,1785],[3141,7],[3564,1435],[5188,-597],[1748,207],[1585,781],[3910,-218],[1291,867],[2063,660],[340,800],[1950,1058],[1839,-544],[4448,2819],[3196,143],[465,-359]],[[2442633,4381180],[3849,394],[916,-654],[639,462],[2106,-526],[7579,631],[4650,-534],[2078,534],[2668,-2158],[1834,376],[1278,-944],[2555,672],[1889,-562],[1285,721],[2790,-209],[2129,675],[1781,-1262],[1879,7],[3793,-3508],[2004,839],[1830,1853],[1167,-49],[1611,2035],[1534,-1519],[1418,-12],[824,-2730],[738,64],[303,-525],[1709,-453],[841,158],[176,-938],[-699,-699],[675,-1394],[15,-961],[620,-637],[1112,112],[917,-648],[-103,-1111],[1074,-3070],[-662,-176],[-410,-1002],[799,-418],[463,-866],[-137,-1547],[-1238,-963],[-923,-3063],[690,-895],[187,-1205],[1194,-564],[-39,-1504],[-2394,-3742],[-875,-131],[-460,-1132],[-909,-64],[227,-562],[-288,-893],[-813,-359],[318,-723],[-1489,-890],[-156,-849],[477,-1046],[-1138,-2468],[1865,188],[476,922],[580,-267],[1067,816],[4731,-182],[1232,1188],[929,-108],[485,1330],[601,189],[1097,-636],[614,-1453],[595,-377],[573,-196],[1683,654],[2001,-883],[713,-4308],[1495,-2381],[1109,427],[2334,-429],[2046,799],[2050,20],[1291,672],[1065,-238],[3438,1167],[1579,-106],[-953,-877],[914,-2536],[3290,-3529],[3646,-2188],[2205,-698],[1170,184],[1189,-745],[3483,-735],[1599,-2354],[-64,-1420],[1452,-1325],[-553,-2414],[1917,-1408],[124,-1187],[1125,-1190],[1534,-2936]],[[2556248,4311998],[-286,-52],[288,-468],[-396,-639],[-730,-145],[165,-524],[-934,-1908],[563,-754],[-734,-1263],[1302,-1364],[-574,-1158],[597,-1086],[-293,-1037],[245,-347],[-478,-1115],[-715,327],[277,-782],[-585,-1454],[-600,-193],[31,-352],[-607,106],[236,-580],[-1958,104],[-403,-1547],[-5,-1929],[754,-1776],[1014,-296],[-750,-579],[85,-389],[-505,163],[67,-928]],[[2551319,4290033],[-333,-165],[415,-591],[-765,-101],[13,-651],[-494,359],[-745,-1276],[235,-543],[-334,-544],[-526,-371],[-845,567],[-356,-475],[-915,215],[-313,-287],[417,-144],[-169,-578],[-712,-976],[-590,210],[-397,-696],[-748,32],[-348,-812],[337,-496],[-855,69],[-300,-503],[-483,943],[-724,-12],[-250,876],[-890,-583],[-685,137],[296,-770],[-834,-922],[523,-750],[-659,-737],[99,-1514],[-1114,-71],[-42,-1366],[-1794,-327],[558,-1032],[1047,87],[-243,-1550],[-512,-297],[-645,340],[-1246,-808],[-900,236],[104,-547],[-546,-501],[193,-641],[-655,-235],[-583,443],[251,-1228],[-722,318]],[[2532535,4271765],[-492,657],[-1083,148],[36,-1314],[1154,-928],[-3283,-1011],[245,-1250],[967,-200],[131,-753],[-517,-474],[-732,668],[-468,-157],[-17,-903],[-704,-1008],[-832,-137],[523,-522],[-92,-1439],[742,-944]],[[2528113,4262198],[337,1073],[477,183],[168,-456],[822,775],[844,-7],[1261,-1194]],[[2532022,4262572],[15,-61]],[[2532037,4262511],[460,-23],[-137,-574],[359,-214],[310,183],[394,-475],[1585,-396],[-96,-774],[742,-369],[-305,-411],[815,-178],[-225,-599],[1485,-845],[-24,-505],[339,235],[808,-1082],[133,-605],[-624,-852],[312,-741],[-642,-1805],[407,-809],[-12,-2247],[-609,-1544],[246,-468],[-275,-1531],[1180,-1012],[851,345],[1329,-177],[1503,647],[324,-209]],[[2542670,4245476],[1558,1493],[1733,245],[275,1275],[965,-80],[1082,1065],[2859,913],[320,748],[4179,2319],[916,-38],[978,-665],[2069,6],[1654,-1303],[206,-588],[1118,-136],[487,-557],[496,202],[1718,-469],[1048,-1147],[2665,-1171],[709,-772],[3582,2297],[1439,-215],[1088,344],[836,-343],[48,-737],[808,-1048],[1033,272],[959,-558],[1236,266],[1771,-1001],[2003,-139],[1578,827],[961,-252],[581,293],[998,1685],[796,407],[3683,701],[814,1192],[1748,827],[1909,2008],[2030,-145],[2633,1554],[2616,677],[4734,9],[324,554]],[[2609913,4256291],[1298,-1550],[422,-1368],[-36,-914],[-527,-676],[239,-1941],[541,-711],[-274,-711],[-998,-442],[-359,-2480],[3578,-1393],[-31,-2318],[578,-455],[-1979,-2908],[-296,-2682],[307,-451],[-2004,-226],[-2136,-2829]],[[2608236,4232236],[-426,-2697],[475,-2047],[458,-420],[-518,-3557],[888,-1496],[2174,-2019],[-655,-750],[-632,-1844],[128,-3057],[-719,-205],[-1058,-1464],[720,-1922],[-720,-1260],[-281,-2005]],[[2608070,4207493],[163,-1818],[816,-895],[129,-1945],[748,-1049],[-703,-1492],[-141,-1376],[467,-2033],[-298,-839],[1711,-3078],[-730,-2685],[-2240,-544],[-598,-483],[-26,-2685],[641,-2028],[-386,-958],[88,-2910],[-1345,-2270],[-615,-371],[-652,-1599],[-868,-4081],[229,-751],[-824,-1843],[3070,-6642],[33,-764],[-513,-746],[-1061,325],[-1525,-774],[-746,-1933],[-365,-2749],[-2046,-1367],[-35,-939],[-794,-725],[-1371,214],[-1356,-3225],[-1245,-418],[-571,-1096],[-1133,-43],[-97,-2512],[-1171,-1213],[1350,-2210],[-186,-1525],[523,-856],[108,-3066],[-993,-1303],[-2047,-1407],[596,-3054],[-1734,-3203],[-947,-9],[-1564,-929],[-62,-1326],[-1519,-2166],[-208,-1082],[-770,-691],[332,-2072],[827,-1081],[-69,-1299],[-1782,-1089],[-691,-4010],[-1596,-1657],[42,-1181],[-1441,-2548],[162,-560]],[[2581041,4106829],[1146,-393],[365,-1160],[2025,511],[1469,-366],[70,-297],[-1314,-546],[-113,-621],[738,-1188],[-668,-573],[14,-732],[-843,-1174],[1462,-1692],[1729,-636],[204,-455],[-295,-725],[-3508,-1395],[-850,-1547],[555,-656],[2192,-374],[1090,-950],[2328,-431],[339,-3887],[1779,-32],[1843,-1172],[2479,-391],[1046,-1200],[905,61],[45,-615],[-633,-1637],[-1550,-590],[180,-1253],[-970,-177],[-802,-932],[201,-1025],[-443,-757],[-1012,0],[-401,-797],[-1234,-197],[-316,-798],[-854,-518],[-1318,-2890],[-495,-93],[-1318,-1616],[-1202,-124],[-928,-829],[-897,-2113],[-1033,-994],[-74,-1057],[-854,-1150],[-1623,-4185],[811,-694],[-1360,-1947],[137,-1875],[-421,-1326],[-1666,-1802],[-802,310],[-833,-549],[-927,-1212],[116,-859],[-2474,-2428],[91,-1301],[-1150,-197],[-727,-922],[74,-1336],[-570,-1451],[-717,-476],[-442,166],[-1487,-1834],[-295,-1460],[-1867,-1326],[-864,-1596],[-907,-4112],[-886,-1260],[886,-2528],[-717,-248],[-1687,-3812],[-1135,-1317]],[[2559878,4023069],[-1606,-2123],[-802,-3812],[3121,-1533],[-1898,-1616],[-1265,-3356],[-843,-1160],[-380,-3108],[-843,-1740],[379,-3356],[-464,-373],[-4681,290],[-2657,-994],[-1308,414],[-3520,39],[-1317,-1282],[-1441,-155],[-1397,-1640],[-1221,-510],[-448,-1579],[-1187,-795],[-2221,-4368],[-1038,-707],[-844,-44],[-713,-1960],[-2887,-2687],[54,-1229],[1242,-2966],[-488,-2010],[-394,-421],[-2319,-55],[-1055,-767],[-3100,338],[-1733,-2130],[765,-2193],[1977,-803],[773,-2192],[1292,-915],[-4537,-3417],[-157,-1464],[-732,-658],[-669,-1563]],[[2519316,3962469],[-2238,-420],[-1839,613],[-731,-2160],[-5049,-3906],[-450,-1806],[344,-1454],[-1247,-2446],[-1269,-1732],[-2622,-1270],[-780,-1091],[-485,-3391],[1033,-3639],[-1518,-5049],[-1673,-1345]],[[2500792,3933373],[-1027,-1210],[-1497,1299],[-1174,-159],[-667,-1381],[-1132,-1050],[253,-1538],[-738,-727],[183,-1533],[-872,-1609],[417,-1316],[-1471,-1398],[196,-1317],[-633,-494],[648,-795],[-926,-2138],[96,-1115],[-1483,-181],[-696,-648],[-1645,-3384],[-1533,-1229],[0,-1257],[-688,-885],[-751,-2228],[-1462,-1003],[-1001,-2702],[-773,-527],[-282,-1597],[-5305,1479],[-1464,-665],[-651,-2951],[-945,-1464],[-956,-558],[-6,-1155],[731,-530],[113,-680],[-1305,-1525],[-8,-2672],[-784,-824],[184,-1366]],[[1782970,3958996],[-123,-637],[-1714,-791],[381,-380],[-235,-1709],[1263,-978],[-858,-6980]],[[1781684,3947521],[1807,-154],[1274,-1292],[1410,-761],[473,-2503],[565,-367],[988,273],[88,-1641],[996,-573],[-162,-1092],[422,934],[1859,-1276],[678,1387],[2420,2896],[1,958],[2501,-532],[1126,873]],[[1798130,3944651],[871,-2663],[1425,-1239],[1118,-74],[689,1078],[1105,314],[877,-338]],[[1804215,3941729],[667,242],[263,-1759],[1602,-1909],[1370,-791],[371,-1867],[565,11],[1254,-1246],[933,174],[1369,-639],[638,-2112],[-448,-330],[1022,-1332],[16,-648],[2333,-2226],[-936,-1746],[-1451,176],[312,405],[-1073,1142],[-336,-558],[-1049,-324],[-414,-1016],[153,-974],[-1197,-2540],[-590,-239],[170,-577],[5946,-670],[969,-1015],[218,329],[291,-973]],[[1817183,3918717],[1607,208],[572,722],[2225,1021],[3269,-2396],[557,-1806],[2375,-1574],[1273,-355],[120,614],[1569,-640],[239,497],[1796,27],[554,-391],[319,381],[1674,192],[896,747],[871,-18],[75,321],[384,-134],[-258,-557],[1132,-1172],[743,658],[57,1097],[959,843],[-352,299],[-70,1566],[1671,1651],[87,849],[873,977],[642,-243]],[[1843042,3922101],[285,-626],[-701,-1239],[1124,-175],[351,-323],[-420,-441],[1123,-378],[-942,-279],[-1727,-3825],[670,-245],[454,1060],[1960,-1002],[611,-1367],[60,404],[1710,-192],[-254,-542],[652,-524],[-226,-826],[877,-327]],[[1848649,3911254],[781,458],[521,-941],[-46,-792],[155,456],[285,-178],[858,568],[1461,-1749],[1956,-567]],[[1854620,3908509],[-523,-1419],[227,-633],[-361,-1732],[-721,-165],[-1184,-3149],[-7,-1400],[222,-1097],[917,-906],[-432,-198],[382,-556],[-429,-919],[1160,-303],[-279,-500],[499,-301],[-481,-816],[473,-554],[134,-1746],[545,90],[792,-852],[-21,-774],[-1099,-329],[93,-928],[-686,-1514],[-314,189],[-533,-745],[-1297,59],[401,-2047],[569,-291],[733,303],[544,-846],[602,129],[889,-2048],[2113,-1091],[-372,-1268]],[[1857176,3880152],[4461,214],[818,2310],[506,116],[291,661],[352,-1118],[1371,1036],[1776,-1950],[968,1899],[781,-1793],[2308,1505],[1297,1791],[2202,1478],[1204,-1681],[2369,-2025],[-230,-832],[-954,-438],[-215,-751],[537,-1005],[686,-360],[4212,710],[328,-678],[2495,-72],[-115,-2319],[2795,-1439],[1060,533],[716,-127],[612,1173],[958,625],[2068,-13],[13,-1405],[2101,-3143],[3225,561],[-553,-2924],[1559,-1223],[-659,-1507],[-911,-517],[1166,-1018],[-571,-1159],[2131,430],[1600,1818],[1116,-98],[-499,-2781],[-1144,-1192],[2219,-761],[1290,433],[1821,-2465],[2869,1124],[1234,-720],[1595,-147],[1446,-671],[1546,-184],[938,784],[199,-456],[812,-24],[1004,-844],[440,368],[1180,-905],[3560,1739]],[[1923560,3860715],[2326,-2869],[60,-1388],[876,-640],[282,-1113],[972,-859],[480,-1598],[-836,-464],[-544,-2049],[1048,-211]],[[1928224,3849524],[-478,-2555],[588,-853],[-49,-2161],[1306,-292],[-1139,-2231],[2075,-1322],[-513,-654],[3377,-2249],[-403,-701],[1343,-287],[385,-665],[-367,-929],[483,-2060],[-548,-2506],[2204,-71],[1257,-1290],[532,-1276],[1752,-1731],[3130,-1852],[497,-712],[-3412,252],[-1208,-4698],[-4793,4614],[-1198,-2367],[3399,-1838],[-1720,-4480]],[[1934724,3814610],[-1759,1689],[-2310,486],[-39,-825],[-986,-1018]],[[1929630,3814942],[-1954,647],[-2654,-929],[-1862,-1957],[-631,-1938],[-1228,-1657],[-1645,-587],[-1395,-2030],[300,-426],[-1060,-738],[-1983,2411],[-560,-132],[-1539,1602]],[[1913419,3809208],[-575,396],[-925,-608],[-879,618],[-120,2181],[-1703,2639],[-1504,-2930],[-1183,-34],[144,432],[-614,418],[-1219,-710],[526,-1131],[-208,-487],[-850,-398],[-1146,110],[1772,-2120],[-2668,-5164],[-1663,-2204],[1078,-811],[-462,-1122],[-1242,-310],[-1531,819],[-2922,-443],[-3720,2124],[-619,-2807],[-385,262],[-207,-984],[-4462,-854],[690,-2256],[-1485,-567],[-584,-1278],[-2298,-2065],[-2460,-774],[260,-3402],[623,-441],[-65,-864],[468,-77],[-563,-3616],[485,-98],[-391,-1747],[2105,-1922],[5177,-2168],[1088,-1348],[1465,-264],[-1104,-1642],[1975,-621],[-223,-1723],[2709,-671],[135,-2334],[-2280,-474],[1016,-2716],[-293,-1033],[-1055,-189],[783,-552],[73,-1378],[-1919,-1151],[-188,-1901],[-877,243],[386,554],[-8,593],[-289,23],[-1078,-1333],[130,-645],[2014,-533]],[[1890554,3755720],[-632,-1874],[-667,232],[-14,-1123],[1053,-1634],[-1321,-419],[-723,1060],[-1608,685],[-394,-518],[271,-64],[-1456,-1224],[1824,-1100],[-1095,-3101],[-506,163],[-176,-391],[-1444,490],[-128,-365],[1427,-703],[-703,-2032],[980,207],[705,-3773],[1801,186],[-199,-2704],[2089,-956],[-614,-2302],[1152,-2083],[-103,-1124],[2080,-3720],[110,-1053],[1701,-1756],[209,-1436],[1642,-3317]],[[1895815,3719971],[88,-4045],[-817,-656],[-434,-1830],[-1092,-1103],[-771,159],[-596,-2793],[2307,-1632],[-344,-1631],[-812,-623],[142,-293],[362,219],[89,-407],[-588,-964],[2405,950],[761,-210],[720,-2523],[1942,-1065],[-463,-907],[1162,-1081],[-2226,-2267],[-744,-2196],[2205,-1684],[2504,831],[1230,-309],[2234,315],[2174,-1197],[-90,-1107],[1858,-966],[4945,115],[1269,-109],[658,-502],[854,502],[1713,-269],[1662,-1046],[55,-1663],[-1926,-1034],[171,-872],[2241,-323],[592,-679],[376,309],[-157,641],[2106,2983],[1296,396],[-46,1023],[1047,-290],[837,-3290],[1918,-3474],[1524,-2607],[2764,-2805],[-2112,-1753],[-2397,-940],[-918,-1408],[-169,-1146],[1609,-1423],[2802,268],[104,-3576],[2074,-1697],[1167,-1900]],[[1935080,3664387],[703,672],[1610,234],[2398,2504],[-638,563],[1773,1592],[746,-246],[1193,400],[657,769],[8,4158],[3474,-911],[2532,-74],[41,562],[-1122,673],[3000,4784],[-1515,1703],[-3,985],[2009,2424],[12639,-709],[6761,-3649],[1494,1795],[288,1902],[1395,-648],[576,768],[823,86],[138,-1844],[1133,-652],[505,105],[2386,3607],[-637,5587],[433,2544],[2773,-550],[1008,1482],[3862,2569],[-384,885],[117,1354],[826,1191],[804,-68]],[[1988886,3700934],[1302,-1722],[297,-1074],[1088,-992],[20062,-2875],[-431,-13427],[8100,334],[-166,-1798],[540,-488]],[[2019678,3678892],[1087,-365],[414,-1418],[861,-1003],[1528,-56],[842,-548],[-48,-556],[-990,-55],[19,-538],[921,-1470],[287,-1472],[1242,-1546],[404,-2487],[691,-1134],[4699,-1924],[-536,-692],[2313,-2703],[1274,333],[-480,1471],[2741,889]],[[2036947,3663618],[494,-468],[-990,-1599],[778,-630],[2725,1685],[1210,-1504],[3177,537],[2097,-163],[1293,-1943],[-695,-682],[715,-2541],[-2774,-1238],[-153,1258],[-672,745],[-1011,-10],[69,-859],[-2634,-2526],[542,-1124],[1200,-1051],[2898,-1032],[469,-1843],[1730,-387],[818,-663],[797,-1425],[-7,-971],[1144,-659],[-1401,-2554],[580,-803],[2401,457],[410,-1544],[-2733,-1420],[641,-1339],[-1538,-203],[163,-1878],[627,-1010],[1065,-350],[39,-2793],[1125,408],[3,-898],[626,589],[2309,-1267]],[[1572179,3802921],[-850,4204],[2389,1363],[12713,4153],[6742,2861],[3288,2409],[2019,3190]],[[1598480,3821101],[579,1106],[636,3300],[-700,1501],[6072,3195],[4688,3624],[322,843],[6246,4416],[101,2714],[-358,436],[352,525],[-462,632],[1143,2148],[-218,598],[519,1477],[-790,1921],[993,905],[1296,2327],[161,1817],[659,525],[450,1186],[5542,4085],[743,1909],[4880,3019],[312,1124],[3665,2782],[119,812],[1823,1711]],[[1637253,3871739],[1920,2341],[-70,1875],[1532,2756],[-361,500],[46,1354],[1493,2928],[-544,1224],[527,1655],[-210,1323],[902,2413],[-722,1460],[-841,616],[2101,3754],[49,1335],[-919,750],[196,1405],[1359,1455],[768,1500],[156,1132],[-404,584],[-155,2062],[1101,830],[6118,2057],[3506,1688],[4968,3330],[2899,2689],[1693,2849],[274,2404],[-1273,2482],[-2132,995],[1196,3158],[2507,1809]],[[1664933,3930452],[2321,3238],[1060,482],[1019,1754],[-177,787],[3151,965],[98,353],[8559,1869],[8232,2610],[8496,4269],[5508,3902],[2421,2563],[1542,3813],[-508,1968],[-977,1513],[-330,251],[-268,-426],[502,-159],[163,-540],[-1046,779],[397,-956],[-1091,1071],[-117,-468],[520,-685],[-587,-126],[1319,-576],[-1149,126],[1129,-1164],[-728,196],[260,-600],[-887,541],[1491,-1904],[-933,192],[585,-485],[-421,-32],[577,-901],[-697,896],[-716,174],[-406,1440],[622,3930],[6210,6866],[2388,831],[4643,635],[1469,-917],[1076,-2750],[3671,-1670],[4605,-1522],[3106,-176],[4176,372]],[[1735211,3962781],[3433,673],[-203,-775],[-889,-106],[849,-159],[431,-834],[175,384],[512,-13],[176,1178],[1051,199],[0,-927],[256,728],[1429,424],[-728,185],[2210,530],[54,-265],[1415,0],[148,-1179],[1416,-675],[876,437],[822,1549],[-679,271],[590,213],[4732,495],[1954,-1011],[795,-3278],[-83,-2375],[-239,361],[-225,-187],[-46,1373],[-1342,-1506],[-574,851],[-942,499],[-1173,32],[82,749],[-2126,314],[-822,-495],[-2185,-86],[-949,-506],[36,-745],[-512,143],[-1641,-1272],[671,-673],[-1358,-389],[1716,-316],[-2015,-1391],[1379,-335],[-335,-621],[1408,611],[370,-382],[-474,-260],[439,-456],[493,347],[401,-444],[723,340],[-228,369],[362,1077],[511,67],[834,-788],[1425,7],[884,602],[511,-83],[918,1150],[-73,-767],[953,-1312],[519,441],[842,-421],[787,240],[-42,-885],[1126,277],[2069,-425],[731,776],[1225,234],[373,1265],[-909,192],[-98,536],[920,241],[139,384],[96,-1034],[982,-231],[2448,840],[1312,772],[1201,1767],[2004,1200],[934,1269],[2240,-712],[1853,656],[1004,-186],[942,-1528],[890,-295],[-69,-275],[2180,-137],[1276,460],[2912,-229],[273,-524]],[[2565067,2602074],[-11586,-75781]],[[2553481,2526293],[-9788,-63329]],[[2543693,2462964],[-3570,-12818],[-589,-121],[-344,397],[356,893],[-339,650],[-1431,-800],[-1141,460],[78,479],[1199,970],[-771,1484],[-430,-197],[-214,-1683],[-411,-40],[-1480,2685],[-1373,336],[-2780,1606],[113,1923],[-398,787],[-889,323],[-616,-1088],[-464,-22],[-2098,3740],[-617,382],[-751,-526],[-591,179],[-345,2059],[-2117,768],[-1005,1751],[-1031,89],[-258,438],[-1530,-172],[-309,521],[-1787,501],[-1152,1178],[-1942,379],[-1432,1065],[-3223,202],[-2800,783],[-1580,1131],[-1208,-834],[-919,-110],[-4308,2176],[-5587,465],[-6304,1473],[-1051,411],[-1011,1045],[-1789,392],[-3971,2561],[-1360,358],[-8011,-963],[-1625,247],[-1319,-539],[-1043,46],[-999,-760],[-1252,409],[-1760,-812],[-2179,-369],[-1714,-1606],[-1319,-205],[-635,310]],[[2454267,2477351],[-1012,-207],[-933,-1917],[-988,-192],[-109,-982],[-806,-404],[-340,-806],[-1661,-851],[-2198,-6],[-1705,-2336],[-3261,-1103],[-1602,1473],[-1296,202],[-728,1046],[-2517,422],[-1511,-950],[-3263,1911],[-3682,576],[-2795,1201],[-5999,3469],[-133,1189],[-475,527],[-85,1685],[446,248],[66,1787],[567,581],[-311,992],[-1029,593],[-264,2085],[480,1708],[-867,1938],[-4498,5524]],[[2411758,2496754],[-387,1159],[201,3268],[-389,160],[-25,1147],[-941,816],[-59,787],[60,956],[658,383],[-531,1234],[1105,3579],[-2945,2962],[-1877,1233],[-791,3056],[-2272,2282],[-998,515],[-250,1063],[317,1122]],[[2402634,2522476],[955,206],[-607,1787],[965,1732],[-26,1861],[534,1631],[2454,1972],[1320,543],[1128,-98],[1150,935],[-443,3259],[461,2012],[1137,1757],[1108,709]],[[2412770,2540782],[-3242,5133],[-2301,784],[-1716,-210],[-2696,1197],[-1680,2071],[-2074,-125],[-699,1330],[-1280,615],[-1681,-925],[-1469,-302],[-1144,-1842],[-1837,-1425]],[[2390951,2547083],[-2652,-612],[-3023,649],[-2245,-2039]],[[2383031,2545081],[-1737,-1896],[-3292,-1052],[-616,-538],[-309,-1074],[738,-1419],[-1432,-569],[-3456,199],[-2764,-613],[-2922,-3708],[-892,195],[-715,-337],[-1100,-2126],[-530,-2044],[-1474,-541],[-277,-495],[90,-602],[1377,-444],[148,-2792],[-1385,-3182],[-2069,-1532]],[[2360414,2520511],[-1573,629],[-1504,1372],[-203,-902],[-1198,-677],[-264,-1197],[-831,-830],[-659,-78],[-961,698],[-3227,-711],[-791,-337],[-771,-1133],[-1958,-948],[-1832,-2919],[-2432,-2584],[-1363,-5920],[818,-1700]],[[2341665,2503274],[1243,-440],[914,-3008],[2605,-844],[79,-1003],[-1018,-2401],[108,-1908],[1139,-710],[-276,-2292]],[[2346459,2490668],[938,-2532],[845,-504],[1265,-5794],[-618,-5904],[210,-394],[3158,-994],[2600,-4574]],[[2354857,2469972],[3245,-2804],[2076,-840],[611,-703],[-2181,-2091],[-1892,-3567],[-733,-2984],[331,-1285],[1256,-1149],[122,-4144],[1124,-2782],[580,-684],[1828,-900]],[[2361224,2446039],[-979,-335],[-654,-1016],[-1849,-344],[-2487,630],[-4341,383],[-3718,1261],[-4285,-928],[-1151,836],[-260,1032],[-1316,-699],[-367,-599],[-342,-900],[187,-1412],[-960,-1710],[-116,-1622],[-1970,-3386],[-4330,2613],[-658,-478],[-1505,181],[-1537,-1390],[-2309,89],[-1489,-1217],[-1540,55],[-2204,-2560],[-230,-1253],[-3663,-1719],[-1194,-1778],[-1833,283],[-3426,1507],[-1398,-94],[-707,-1325],[-1262,-186],[-996,398],[-223,1373],[-1254,-161]],[[2304858,2431568],[-1256,-2347],[-602,-3058],[-1468,-676],[-98,-2753],[-1700,-1552],[-1050,-2008],[-350,-1794],[-1357,-1283],[-1413,-538],[-608,-856],[-1966,684],[1,2256],[-1826,2463],[-895,-13],[-958,-821],[-731,-98],[-882,-974],[-528,282],[-2373,-164],[-501,1575],[-636,442],[-3281,-3574],[-1203,600],[-1133,-210],[-448,-2149],[-740,-642],[-594,-1533],[-867,35],[-813,-578],[-364,-3140],[1085,-1051]],[[2275303,2408093],[229,-503],[-784,-1606],[-3104,427],[-543,886],[-2339,-1045],[-1614,-1659],[-618,95],[-293,1517],[-1939,-1083],[-2501,-3953],[308,-811],[-962,-1779],[-1189,-499],[-545,-1134],[-1565,-870],[-1080,-1887],[-773,-279],[-273,-1721],[-7134,-1163],[-412,-489],[555,-1750],[-1407,-377],[-1833,514],[-867,-445],[-3948,1303]],[[2288979,2571438],[-110,47]],[[2288772,2571324],[-299,-251]],[[2287010,2570990],[-63,-47]],[[2286947,2570943],[-49,-9]],[[2286649,2570917],[-99,-26]],[[2286464,2570894],[-74,0]],[[2286285,2570880],[-87,-67]],[[2285966,2570739],[-258,-110]],[[2285244,2570325],[-68,17]],[[2284857,2570362],[-91,13]],[[2284535,2570371],[-55,23]],[[2284081,2570352],[-154,-47]],[[2283372,2569992],[-173,-59]],[[2283041,2569904],[-41,1]],[[2282604,2570060],[-138,44]],[[2282398,2570128],[-80,38]],[[2282318,2570166],[-66,39]],[[2282259,2570281],[23,103]],[[2282227,2570480],[-1,43]],[[2282357,2570546],[75,42]],[[2282360,2570725],[-76,41]],[[2282171,2570848],[68,133]],[[2282239,2570981],[92,39]],[[2282396,2571228],[-7,30]],[[2282367,2571295],[-28,5]],[[2282326,2571292],[-38,-35]],[[2282288,2571257],[-48,1]],[[2282194,2571665],[-27,29]],[[2282005,2571866],[-24,85]],[[2281991,2571976],[61,133]],[[2282061,2572230],[0,91]],[[2282081,2572390],[30,106]],[[2282251,2572841],[-19,47]],[[2282221,2572903],[-3,4]],[[2282217,2572909],[-7,48]],[[2282259,2573216],[32,36]],[[2282277,2573309],[29,70]],[[2282306,2573379],[56,93]],[[2282362,2573472],[8,28]],[[2282382,2573675],[-9,45]],[[2282142,2573759],[-9,11]],[[2282116,2573783],[-14,17]],[[2282089,2573800],[-14,-21]],[[2282069,2573766],[-31,-16]],[[2281969,2573758],[-43,-5]],[[2281763,2573808],[-90,74]],[[2281270,2573993],[-16,3]],[[2281080,2573995],[-90,36]],[[2280953,2574045],[-60,-17]],[[2280867,2574012],[-87,-59]],[[2280701,2573929],[-41,28]],[[2280365,2574094],[-240,222]],[[2280125,2574316],[-124,123]],[[2279948,2574488],[-60,4]],[[2279888,2574492],[-163,-117]],[[2279640,2574337],[-94,22]],[[2279546,2574359],[-66,-7]],[[2279323,2574530],[-62,24]],[[2278137,2574910],[-58,2]],[[2277967,2574847],[-223,23]],[[2277483,2574853],[-48,17]],[[2277317,2574879],[-79,38]],[[2277214,2574928],[-74,17]],[[2276790,2575002],[-143,23]],[[2276144,2575447],[-42,14]],[[2276065,2575521],[-39,73]],[[2275860,2575798],[52,68]],[[2275912,2575866],[150,182]],[[2276761,2576688],[-33,80]],[[2276731,2576826],[7,189]],[[2276738,2577015],[-23,116]],[[2276500,2577465],[-45,119]],[[2276504,2577868],[75,183]],[[2276726,2578332],[140,185]],[[2277487,2578884],[121,77]],[[2277608,2578961],[10,16]],[[2277580,2579141],[-22,229]],[[2277558,2579370],[-46,481]],[[2277500,2580004],[18,47]],[[2277555,2580116],[53,59]],[[2277671,2580352],[0,1]],[[2277671,2580353],[26,64]],[[2277845,2580580],[-11,20]],[[2278616,2580597],[45,129]],[[2283248,2582150],[35,60]],[[2283407,2582365],[67,95]],[[2283605,2582581],[110,94]],[[2283775,2582722],[68,142]],[[2283843,2582864],[40,41]],[[2283944,2582967],[61,49]],[[2284005,2583016],[25,32]],[[2284030,2583048],[43,44]],[[2284148,2583209],[72,88]],[[2284220,2583297],[8,12]],[[2284265,2583380],[13,77]],[[2284282,2583653],[5,32]],[[2284422,2583956],[32,52]],[[2284523,2584276],[9,233]],[[2284510,2584668],[-18,68]],[[2284492,2584736],[-14,77]],[[2284415,2584935],[-103,13]],[[2284211,2584990],[119,157]],[[2284296,2585314],[-67,328]],[[2284138,2585638],[-116,-4]],[[2283865,2585716],[-126,2]],[[2283272,2586060],[-90,-32]],[[2283182,2586028],[-118,65]],[[2283034,2586121],[-80,43]],[[2282899,2586183],[-216,85]],[[2282595,2586307],[-164,61]],[[2282276,2586480],[-51,18]],[[2282083,2586595],[-122,66]],[[2281961,2586661],[-3,72]],[[2282003,2586989],[-34,15]],[[2281861,2587137],[1,22]],[[2281755,2587277],[-30,61]],[[2281712,2587362],[26,139]],[[2281756,2587569],[15,57]],[[2281842,2587875],[-4,68]],[[2281838,2587943],[21,71]],[[2281859,2588014],[18,69]],[[2281898,2588310],[-87,144]],[[2281742,2588599],[-12,107]],[[2281692,2588944],[-59,83]],[[2281633,2589027],[-55,83]],[[2281573,2589158],[17,48]],[[2281590,2589206],[39,60]],[[2281621,2589333],[-10,38]],[[2281613,2589387],[9,85]],[[2281691,2589633],[6,49]],[[2281646,2589751],[-31,79]],[[2281615,2589830],[-12,33]],[[2281550,2589932],[-35,27]],[[2281479,2589986],[-34,26]],[[2281445,2590012],[-125,98]],[[2281257,2590166],[-118,83]],[[2280964,2590993],[73,83]],[[2281235,2591319],[37,81]],[[2281272,2591400],[-7,31]],[[2281265,2591431],[50,106]],[[2281359,2591629],[0,20]],[[2281385,2591725],[14,30]],[[2281430,2591868],[-80,120]],[[2281277,2592092],[-3,36]],[[2281278,2592135],[65,54]],[[2281386,2592442],[6,64]],[[2281805,2593692],[50,269]],[[2281964,2594557],[32,173]],[[2282089,2595149],[12,43]],[[2282063,2595226],[25,123]],[[2282984,2596190],[149,102]],[[2283085,2596427],[-59,55]],[[2283026,2596482],[-29,36]],[[2282635,2596758],[21,81]],[[2282593,2596918],[-41,74]],[[2282534,2597021],[-7,47]],[[2282550,2597178],[66,82]],[[2282647,2597531],[45,103]],[[2282717,2597690],[8,26]],[[2282733,2597757],[4,66]],[[2282684,2598126],[21,139]],[[2282755,2598691],[86,187]],[[2282976,2599106],[49,152]],[[2282705,2600945],[-11,103]],[[2282694,2601048],[42,356]],[[2282741,2601474],[-7,235]],[[2282734,2601709],[-1,89]],[[2282830,2602017],[4,99]],[[2282839,2602400],[22,145]],[[2282861,2602545],[10,25]],[[2282989,2602814],[33,116]],[[2283153,2603272],[-38,81]],[[2282975,2603801],[-15,143]],[[2282915,2604173],[-66,209]],[[2282822,2604476],[-55,210]],[[2282692,2605232],[-59,57]],[[2282606,2605345],[-6,110]],[[2282580,2605980],[3,82]],[[2282586,2606358],[-1,118]],[[2282585,2606476],[-43,116]],[[2282386,2606675],[-43,125]],[[2282343,2606800],[-30,138]],[[2282303,2607717],[-22,20]],[[2282256,2607727],[-37,-17]],[[2282219,2607710],[-29,5]],[[2282163,2607735],[-7,26]],[[2282156,2607761],[9,48]],[[2282223,2607924],[-42,32]],[[2281779,2608415],[-73,11]],[[2281594,2608417],[-38,1]],[[2281482,2608453],[-75,77]],[[2279896,2609945],[-4,0]],[[2279813,2609964],[-9,3]],[[2279670,2610749],[60,511]],[[2279738,2611323],[34,403]],[[2279799,2612026],[98,197]],[[2279897,2612223],[121,231]],[[2280018,2612454],[98,228]],[[2280116,2612682],[142,299]],[[2280276,2613066],[44,177]],[[2280534,2613397],[31,40]],[[2280537,2613447],[-38,-6]],[[2280476,2613453],[-23,56]],[[2280466,2614219],[-9,69]],[[2280459,2614504],[-30,57]],[[2280479,2615324],[-1,33]],[[2280440,2615882],[-2,48]],[[2280420,2616022],[-15,82]],[[2280403,2616205],[12,198]],[[2280415,2616403],[6,90]],[[2280389,2617066],[22,23]],[[2280450,2617083],[58,17]],[[2280529,2617224],[-51,-28]],[[2280468,2617210],[13,60]],[[2280481,2617270],[37,66]],[[2280584,2617970],[-3,87]],[[2280594,2618162],[16,42]],[[2280836,2618533],[35,70]],[[2280871,2618603],[19,137]],[[2280908,2618858],[27,34]],[[2280946,2618917],[2,68]],[[2280942,2619002],[51,65]],[[2280993,2619067],[-36,48]],[[2280957,2619115],[-25,31]],[[2281043,2619360],[37,39]],[[2281080,2619399],[25,24]],[[2281195,2619487],[25,48]],[[2281352,2619902],[52,43]],[[2282642,2619850],[122,74]],[[2282966,2619958],[90,36]],[[2283056,2619994],[147,4]],[[2283290,2620010],[90,39]],[[2283718,2620392],[99,87]],[[2283908,2620542],[185,138]],[[2284314,2620918],[100,156]],[[2284414,2621074],[191,138]],[[2284666,2621261],[61,50]],[[2284901,2621775],[16,143]],[[2284917,2621918],[81,121]],[[2284998,2622039],[14,18]],[[2285016,2622062],[17,22]],[[2284963,2622234],[-143,108]],[[2284543,2622673],[-22,27]],[[2284494,2622710],[-47,34]],[[2284447,2622744],[-35,25]],[[2284412,2622769],[-89,135]],[[2283739,2623514],[-188,67]],[[2283551,2623581],[-157,39]],[[2283120,2623669],[-95,102]],[[2283110,2623963],[273,366]],[[2283488,2624383],[156,81]],[[2283644,2624464],[182,97]],[[2283810,2624645],[-9,20]],[[2283874,2624785],[24,40]],[[2283700,2625283],[180,167]],[[2283974,2625501],[-26,1]],[[2283864,2625530],[-47,10]],[[2283755,2625547],[-125,23]],[[2283406,2625657],[-5,35]],[[2283371,2625727],[-21,-1]],[[2283322,2625762],[-7,23]],[[2283246,2625861],[-8,22]],[[2283180,2625958],[-34,18]],[[2283122,2625985],[-10,24]],[[2283112,2626009],[-15,8]],[[2282960,2626071],[-34,36]],[[2282911,2626119],[-32,19]],[[2282817,2626143],[-54,49]],[[2282763,2626192],[-6,10]],[[2282738,2626224],[-30,44]],[[2282640,2626393],[-36,58]],[[2282600,2626477],[-3,16]],[[2282597,2626493],[-6,6]],[[2282527,2626504],[-22,4]],[[2282439,2626515],[-5,3]],[[2282428,2626517],[-15,5]],[[2282402,2626528],[-10,1]],[[2282356,2626560],[-2,4]],[[2282352,2626565],[-7,8]],[[2282342,2626575],[-5,3]],[[2282335,2626579],[-16,4]],[[2282295,2626618],[-5,13]],[[2282279,2626640],[-26,8]],[[2282245,2626651],[-12,14]],[[2282232,2626668],[-1,3]],[[2282134,2626691],[-26,14]],[[2282074,2626726],[-14,6]],[[2282048,2626735],[-13,3]],[[2282021,2626741],[-14,4]],[[2281999,2626747],[-4,-1]],[[2281995,2626746],[-7,-6]],[[2281988,2626740],[-3,-3]],[[2281985,2626737],[-5,-5]],[[2281980,2626732],[-15,-4]],[[2281960,2626729],[-29,6]],[[2281911,2626744],[-7,4]],[[2281850,2626764],[-13,-2]],[[2281811,2626758],[-35,-2]],[[2281733,2626749],[-46,6]],[[2281687,2626755],[-20,4]],[[2281667,2626759],[-18,6]],[[2281631,2626770],[-21,-1]],[[2281610,2626769],[-10,-4]],[[2281572,2626759],[-25,7]],[[2281512,2626782],[-3,2]],[[2281502,2626787],[-9,3]],[[2281479,2626794],[-10,2]],[[2281443,2626801],[-11,4]],[[2281432,2626805],[-8,4]],[[2281420,2626811],[-5,2]],[[2281405,2626816],[-2,0]],[[2281343,2626829],[-10,0]],[[2281330,2626830],[-14,4]],[[2281260,2626826],[-8,0]],[[2281247,2626825],[-4,-2]],[[2281243,2626823],[-5,-3]],[[2281225,2626811],[-10,-6]],[[2281204,2626797],[-1,-1]],[[2281202,2626795],[-2,-1]],[[2281193,2626784],[-1,-3]],[[2281181,2626763],[0,-1]],[[2281177,2626759],[-2,-3]],[[2281168,2626750],[-6,-5]],[[2281146,2626737],[-8,-1]],[[2281138,2626736],[-13,-3]],[[2281109,2626726],[-8,-1]],[[2281083,2626737],[-10,13]],[[2281031,2626762],[-1,0]],[[2281028,2626762],[-25,8]],[[2281003,2626770],[-5,2]],[[2280984,2626782],[-9,8]],[[2280962,2626802],[-2,2]],[[2280948,2626814],[-6,5]],[[2280937,2626822],[-5,2]],[[2280929,2626825],[-7,2]],[[2280896,2626824],[-17,-7]],[[2280834,2626791],[-18,-9]],[[2280696,2626747],[-17,-3]],[[2280627,2626730],[-12,-3]],[[2280587,2626720],[-18,-5]],[[2280482,2626691],[-61,-11]],[[2280408,2626678],[-5,0]],[[2280393,2626677],[-8,0]],[[2280385,2626677],[-7,1]],[[2280356,2626681],[-20,1]],[[2280303,2626676],[-16,-4]],[[2280285,2626672],[-16,-3]],[[2280264,2626667],[-9,-1]],[[2280226,2626662],[-16,2]],[[2280208,2626665],[-7,1]],[[2280198,2626666],[-15,4]],[[2280116,2626692],[-2,1]],[[2280080,2626710],[-5,3]],[[2280064,2626720],[-21,16]],[[2279986,2626797],[-22,29]],[[2279947,2626842],[-3,3]],[[2279831,2626858],[-10,-3]],[[2279784,2626851],[-16,0]],[[2279765,2626851],[-3,1]],[[2279760,2626852],[-20,1]],[[2279722,2626854],[-2,0]],[[2279650,2626867],[-5,1]],[[2279645,2626868],[-1,1]],[[2279624,2626875],[-7,3]],[[2279524,2626905],[-43,12]],[[2279402,2626940],[-16,7]],[[2279360,2626955],[-18,6]],[[2279304,2626973],[-18,6]],[[2279173,2627003],[-35,8]],[[2279019,2627024],[-26,11]],[[2278993,2627035],[-38,19]],[[2278955,2627054],[-15,9]],[[2278924,2627072],[-16,9]],[[2278898,2627084],[-18,7]],[[2278728,2627099],[-10,-2]],[[2278671,2627089],[-30,-9]],[[2278641,2627080],[-18,-7]],[[2278623,2627073],[-10,-5]],[[2278588,2627059],[-29,-13]],[[2278463,2626999],[-29,-34]],[[2278434,2626965],[-6,-9]],[[2278420,2626945],[-29,-26]],[[2278360,2626899],[6,-35]],[[2272200,2630119],[-14,7]],[[2271465,2629295],[-27,3]],[[2271438,2629298],[-55,14]],[[2271165,2629434],[7,40]],[[2271017,2629789],[-67,135]],[[2270432,2630696],[-28,-37]],[[2270417,2630544],[-7,-38]],[[2270410,2630506],[-4,-41]],[[2270411,2630444],[27,-46]],[[2270518,2630157],[10,-62]],[[2270528,2630095],[5,-44]],[[2270551,2629980],[9,-34]],[[2270620,2629810],[30,-40]],[[2270687,2629713],[23,-45]],[[2270726,2629604],[4,-50]],[[2270707,2629451],[-6,-4]],[[2270693,2629443],[-39,-9]],[[2270654,2629434],[-31,-6]],[[2270098,2629700],[-60,78]],[[2269888,2629964],[-61,57]],[[2269688,2630129],[-88,43]],[[2269516,2630193],[-32,4]],[[2269336,2630081],[-4,-46]],[[2269332,2630002],[2,-45]],[[2269318,2629789],[-7,-34]],[[2269300,2629723],[-18,-58]],[[2268937,2629288],[-49,-43]],[[2268784,2629168],[-31,-23]],[[2268610,2628979],[-31,-4]],[[2268527,2628981],[-55,12]],[[2268389,2629010],[-39,6]],[[2268235,2629032],[-62,8]],[[2267645,2629012],[-92,-13]],[[2267528,2628991],[-95,-29]],[[2267419,2628955],[-45,-37]],[[2267321,2628816],[4,-18]],[[2267325,2628798],[9,-23]],[[2267334,2628775],[23,-40]],[[2267366,2628723],[20,-46]],[[2267386,2628677],[-5,-30]],[[2267381,2628647],[-20,-33]],[[2267294,2628588],[-28,2]],[[2267200,2628637],[0,1]],[[2267200,2628638],[-7,22]],[[2267193,2628660],[-6,17]],[[2267184,2628699],[-5,20]],[[2267177,2628725],[-29,84]],[[2267139,2628827],[-27,62]],[[2267097,2628918],[-24,60]],[[2267063,2629006],[-13,26]],[[2266934,2629287],[-27,118]],[[2266852,2629553],[-20,32]],[[2266809,2629631],[-25,42]],[[2266698,2629819],[-35,61]],[[2266611,2630046],[-2,24]],[[2266609,2630070],[-3,25]],[[2266606,2630129],[-4,34]],[[2266610,2630369],[10,53]],[[2266659,2630706],[1,48]],[[2266654,2630812],[-6,29]],[[2266648,2630841],[-19,34]],[[2266550,2630921],[0,2]],[[2266443,2630843],[-27,-50]],[[2266416,2630793],[-23,-41]],[[2266380,2630706],[-17,-46]],[[2266363,2630660],[-20,-53]],[[2266343,2630607],[-34,-49]],[[2266260,2630493],[-17,-31]],[[2266213,2630388],[-3,-19]],[[2266215,2630288],[4,-34]],[[2266277,2629998],[8,-48]],[[2266303,2629853],[7,-36]],[[2266313,2629797],[1,-70]],[[2266314,2629712],[-2,-54]],[[2266307,2629634],[-8,-34]],[[2266286,2629553],[-10,-33]],[[2266271,2629509],[-14,-24]],[[2266257,2629485],[-13,-23]],[[2266244,2629462],[-35,-45]],[[2266206,2629414],[-18,-15]],[[2266116,2629395],[-28,11]],[[2266076,2629413],[-13,13]],[[2265999,2629762],[-7,32]],[[2265992,2629794],[-9,31]],[[2265983,2629825],[-15,52]],[[2265956,2629923],[-5,36]],[[2265972,2630110],[22,97]],[[2265994,2630207],[22,111]],[[2266033,2630505],[-8,48]],[[2265858,2630870],[-26,14]],[[2265807,2630894],[-31,-2]],[[2265585,2630790],[-46,-72]],[[2265471,2630550],[-35,-54]],[[2265425,2630479],[-16,-27]],[[2265392,2630421],[-11,-28]],[[2265341,2630288],[-20,-44]],[[2265321,2630244],[-15,-43]],[[2265288,2630157],[-12,-42]],[[2265276,2630115],[-6,-49]],[[2265261,2629603],[7,-68]],[[2265268,2629535],[6,-77]],[[2265280,2629425],[16,-74]],[[2265326,2629216],[19,-72]],[[2265362,2629083],[13,-43]],[[2265415,2628805],[-1,-20]],[[2265414,2628781],[-3,-26]],[[2265404,2628736],[-5,-15]],[[2265399,2628721],[-19,-14]],[[2265380,2628707],[-10,-4]],[[2265316,2628706],[-16,4]],[[2265283,2628719],[-25,17]],[[2265247,2628746],[-25,23]],[[2265211,2628777],[-24,21]],[[2265063,2628880],[-35,15]],[[2265017,2628899],[-38,12]],[[2264979,2628911],[-38,11]],[[2264941,2628922],[-31,6]],[[2264632,2628898],[-40,-8]],[[2264346,2628846],[-33,2]],[[2264252,2628883],[-6,9]],[[2264239,2628935],[2,28]],[[2264241,2628988],[2,23]],[[2264242,2629244],[1,35]],[[2264243,2629279],[1,68]],[[2264244,2629347],[-4,71]],[[2264240,2629573],[1,72]],[[2264195,2629914],[-27,87]],[[2264152,2630043],[-27,77]],[[2264080,2630267],[-17,70]],[[2264016,2630481],[-17,46]],[[2263977,2630570],[-20,35]],[[2263862,2630720],[-30,31]],[[2263832,2630751],[-32,33]],[[2263786,2630799],[-36,35]],[[2263750,2630834],[-73,74]],[[2263647,2630943],[-51,47]],[[2263596,2630990],[-56,51]],[[2263531,2631048],[-33,24]],[[2263219,2631220],[-49,21]],[[2262871,2631282],[-43,2]],[[2262756,2631284],[-49,0]],[[2262707,2631284],[-33,-2]],[[2262674,2631282],[-41,-5]],[[2262560,2631268],[-48,-9]],[[2262404,2631228],[-68,-19]],[[2262336,2631209],[-68,-23]],[[2261970,2631094],[-33,-8]],[[2261889,2631071],[-50,-17]],[[2261795,2631039],[-40,-15]],[[2261702,2631005],[-34,-11]],[[2261425,2630913],[-27,-9]],[[2261073,2630790],[-17,-9]],[[2260997,2630749],[-28,-16]],[[2260962,2630730],[-12,-7]],[[2260923,2630700],[-73,-59]],[[2155324,2310198],[-3860,-38],[-2262,1718],[-926,1300],[320,1415],[1338,2398],[-516,3071],[411,2324],[2396,5417],[-101,957],[1513,1803],[-1457,5279],[-969,361],[-2641,-314],[-4304,1504],[-678,-233],[-1243,-1470],[-1974,-249],[-4989,1998],[-631,2185],[-858,666],[-2971,832],[-3708,1747]],[[2127214,2342869],[-1057,34],[-336,422]],[[2125821,2343325],[936,3912],[1706,3579],[146,1424],[2004,2848],[-780,2946],[742,5490],[1406,2665],[1071,1062],[1100,5473],[-904,2640],[-1418,1127],[-2463,1079],[-1081,1402],[-141,2291]],[[2128145,2381263],[-605,5171],[500,1223],[625,483],[311,1613],[629,985],[772,4095]],[[2130377,2394833],[-836,375],[-1340,2953],[1090,2024],[-554,1341],[1238,1043],[21,1082],[2193,1483],[-242,1362],[688,1555],[1004,1382],[1412,637],[8,1390],[6517,4945],[93,393],[-399,198],[176,844],[938,1580],[1347,510],[701,805],[25,2505]],[[2144457,2423240],[449,2260],[-188,1720],[-1072,490],[-1357,3045],[874,1342],[-693,227],[-443,1546],[413,5682],[-1254,1616],[-1151,-56],[-2739,1436],[-261,624],[325,1415],[-2269,1288],[-1605,4896],[511,1012],[-652,504],[307,598],[-1016,2102],[-729,3185]],[[2131907,2458172],[-510,396],[-1128,-97],[-498,800],[-2733,548],[-1007,1695],[-717,-121]],[[2125314,2461393],[-660,789],[-61,1196]],[[2124593,2463378],[8,55]],[[2124601,2463433],[-590,164]],[[2124011,2463597],[-38,-19]],[[2123973,2463578],[-102,-56]],[[2123871,2463522],[-45,-23]],[[2123826,2463499],[-951,402]],[[2122875,2463901],[63,851],[-799,550]],[[2122139,2465302],[-1084,592]],[[2121055,2465894],[-2049,1459],[-1614,72],[-1027,-879],[-2562,-784],[-2174,251],[-922,-261],[-864,-765],[-833,-1777],[-937,1241],[-498,43],[-995,-1509],[-4326,-1383],[-266,-302],[443,-1324],[-707,-1101],[618,-1500],[-1662,-3752],[-698,-598],[-1698,280],[-1330,-1858],[-1075,-802],[162,-1247],[-928,-840],[-1200,-208],[-1278,-1951],[-1130,-452],[-339,81],[761,1751],[-384,592],[232,1063],[-778,1444],[-1431,-32],[-235,-1596],[-1133,219],[-2728,-944],[-980,-1781],[-693,-14],[-532,954],[26,897],[-1697,106],[-604,985],[-3089,246],[-675,852],[52,529],[984,453],[132,459],[-1122,986],[-1651,646],[1260,387],[-262,743],[-1262,814],[-1342,52],[-239,737],[-1849,-1147],[-354,1537],[-549,-139],[-1718,2585]],[[2069306,2459412],[-1227,832],[-1596,-1510],[-1347,-303],[-58,-1461]],[[2065078,2456970],[-532,600],[626,2711]],[[2065172,2460281],[-1266,1742],[316,855],[-956,659],[-3757,-1467],[-198,-633],[-536,-251],[-295,444],[509,2122],[-782,72],[-457,-434],[-444,385],[889,1233],[-85,411],[-1245,210],[-1920,-602],[-618,275]],[[2054327,2465302],[1360,2514],[-40,2463],[-5838,1752]],[[2049809,2472031],[-2133,-778],[-849,92],[-569,504],[-646,1697],[-515,235],[-3893,-2860],[-2291,-2527],[-6233,-2092],[-2306,231],[-2270,-992],[-2025,-146],[-548,197],[-1215,2240],[-635,2432],[-1076,901],[-507,1071]],[[2022098,2472236],[2208,3269],[2521,1168],[436,690],[-348,891],[-1707,-307],[-1245,499],[-262,684],[492,1244],[1707,569],[1291,1863],[2486,1953],[2688,767]],[[2032365,2485526],[78,2114],[1079,4506],[-731,2557],[1364,1491],[1441,711],[1218,1176],[494,1333],[404,4273],[1496,2346],[-77,943],[-647,957],[1315,3460],[-953,2892],[224,2767],[410,632],[647,171],[2236,-236]],[[2042363,2517619],[2296,322],[1420,1209],[1067,1617],[633,1671],[643,5758],[2022,5286]],[[2050444,2533482],[2021,1036],[492,1070],[-1675,1728],[-1315,3168],[-2498,2963],[-133,483],[691,1018],[385,1815],[-319,874],[-1142,745],[-731,1044],[-40,1397],[1156,2115],[173,1188],[-293,522],[-1780,874],[-997,2690],[811,1005],[1767,509],[3428,-679],[248,1164]],[[2050693,2560211],[-1884,2382],[-3998,1579],[-757,1557]],[[2044054,2565729],[823,2050],[2075,1164],[1942,1914],[1263,4103],[2557,1009],[331,1847],[-716,1589],[-1837,1652],[-2042,411],[-1723,1197],[-220,2313],[1328,2691],[598,4361],[-798,1217],[-1394,578],[-2049,1646]],[[2044192,2595471],[-820,1912],[-161,1690],[1359,2833],[3303,1574],[2608,1869],[1753,474],[1441,-323],[1639,733],[527,1122],[-212,1423],[1968,4088],[3288,2135],[3349,1174],[1230,971],[161,2351],[-813,4069],[618,1889],[-143,1892],[-1405,1827],[-2264,396],[-2744,1317],[-919,1892]],[[2057955,2632779],[112,872],[2670,1973],[2281,4041],[137,2269],[-985,3562],[1365,919],[3635,-1723],[1871,3140],[-662,1810],[-1433,115],[-341,412],[-87,1356],[153,1175],[1815,3434],[360,2509],[-360,977],[-4560,5008]],[[2063926,2664628],[63,1695],[1173,2200],[2164,1688],[1414,1684],[1455,52]],[[2070195,2671947],[4123,-1423],[860,445],[1471,2487],[-3694,3222],[-2253,864],[-1495,119]],[[2069207,2677661],[-2890,1557],[-685,1592],[1494,4852],[2112,2979],[795,2271],[712,4643],[-1070,1669],[-58,1145]],[[2069617,2698369],[-9,1803],[1611,2777],[2211,2442],[86,2436],[-975,5451],[-3254,5596],[-318,1898],[630,1808],[3463,4113],[1087,4640],[-322,2116],[-1510,3025],[-1041,535],[-2050,160],[-1041,861],[265,1404],[1417,1336],[-677,1029],[-143,1078],[376,3104],[2073,2229],[-1171,3790],[119,1475],[701,1411],[-2875,6968]],[[1691679,2843345],[-3370,-1249],[-1355,14],[-846,630],[-2689,466],[-2442,-2661],[-1694,-653],[-803,-968],[-5903,-1386],[-1846,-2485],[-1605,-1382],[427,-1637],[1352,-1186],[1133,-7255],[-1094,-1762],[-330,-2505],[770,-3822],[-1902,-3818],[-329,-2558],[-814,-941]],[[1668339,2808187],[-1264,-335],[-1670,1009],[-1307,-400],[-688,-1208],[-1445,-371],[-1305,-3641],[-1448,-2308],[-939,-389],[-1443,429],[-3450,-1364],[-1426,56],[-1825,-1401],[-810,-1379],[-1464,1400],[-3159,-511],[-2911,-2715],[-1152,1744],[-625,2095],[-310,305],[-1823,-281]],[[1637875,2798922],[195,-4887],[-1265,-1643],[-191,-2791],[-1143,-2073],[686,-1474],[-2093,-1367],[910,-1593],[-489,-527],[-116,-1316],[-942,-1319],[-1523,-156],[1248,-1355],[861,345],[866,-2268],[-575,-1916],[441,-393],[1099,-24],[-119,-1056],[-835,-1213],[1204,-634],[482,-1305],[786,-480],[608,-2612],[3951,-4574],[142,-3746],[1229,-1406],[-219,-3009],[980,-689],[1440,-250],[673,-1149],[280,-1815],[1781,-1293],[1616,-183],[1232,-1799],[1332,-621],[-276,-1418],[565,-1412],[79,-1590],[-507,-3513],[1338,-1241],[-56,-862],[1118,-2264],[556,-2190]],[[1655224,2731841],[1761,-1800],[548,-1223],[1279,-520],[763,-879],[1875,369],[2337,-1795],[1134,-19],[987,538],[1766,-1214],[1447,-268],[549,-1419],[1932,-683],[-14,-1869],[1366,-715],[1314,-1357],[1359,66],[598,-386],[269,-1762]],[[1676494,2716905],[-218,-1062],[663,-1501],[15,-1953],[-968,-1814],[68,-2546],[-2308,-1860],[-281,-3880],[503,-2037],[-1047,-841],[109,-2682],[-1367,-2295],[-48,-2128]],[[1671615,2692306],[-4188,-1259],[-554,-1743],[-1112,-1485],[357,-1347],[-159,-2274],[558,-2448],[-1279,-3505],[2466,-5519],[-376,-889],[354,-656],[224,-2205],[-432,-571],[388,-995],[-478,-627],[-2,-2879],[778,-937],[-1750,-1402],[409,-1123],[-614,-608],[222,-1488],[-1179,-2068],[-333,-1716],[-760,-557],[-3199,-14],[-2174,-950],[-2490,525],[-510,-740],[262,-1259],[4598,-3662],[2,-1114],[-935,-1259],[49,-1545],[-1348,-1413],[-766,-17],[-713,-538],[388,-529],[-1683,-2517],[432,-2140],[-2158,-1913],[-258,-1699]],[[1653652,2633221],[-472,-700]],[[1653180,2632521],[-1654,-963],[-4659,-453],[-4604,-1306],[-2286,98],[-2365,-1040],[-6075,76],[-2364,-2248],[-1000,-3050],[-1922,-2474],[-5006,-2336],[-3883,264],[-3005,-5085],[-1600,-1859],[-1048,-698],[-1258,14],[-829,-442],[-2039,-2175],[-2051,-692],[-3416,-2114]],[[1602116,2606038],[1300,-736],[576,-1952],[2159,-1768],[850,-1616],[489,-90],[2476,-4744],[-863,-2792],[-1905,-431],[-719,-786]],[[1606479,2591123],[-108,-3384],[403,-457],[-1461,-2247],[658,-1006],[-1244,-2415],[145,-1720],[818,-1282],[-235,-374]],[[1605455,2578238],[-439,-1600],[-978,-908],[-1488,-3163],[240,-1301],[-1016,-255],[-1952,-2789],[563,-1981],[-868,-2318],[-2199,-815],[102,-976],[-1798,-3691],[-1155,-923],[-1611,-306],[186,-872],[-525,-699],[168,-1583],[972,-919],[-453,-996],[-699,-755],[-3690,-922],[-1061,-651],[-1367,777],[-4657,201],[-831,-718],[-254,-3035],[-5558,-3405],[1137,-385],[1508,-1218],[1281,-2172],[1301,-467],[1591,-1258],[62,-1238],[2397,-4263],[2215,-1325]],[[1586579,2531309],[-1273,-915],[-4077,994],[-1002,-926],[20,-2440],[-1521,-1600],[-1286,-638],[-1933,145],[-892,-1470],[-1435,-931],[-80,-707],[551,-959],[-627,-894],[-1064,6],[-649,-464],[-623,-993],[99,-1174],[-2404,-257],[-1318,489],[-1167,-1991],[-4115,-421],[-968,-1854],[-1347,-329],[-389,-549],[-4150,-1884],[-2994,-2999],[-5867,-252],[-315,-576],[-961,-277],[-2710,-2036],[-1721,408],[-1522,-234],[-2657,-942],[-414,-929],[-788,-320],[-1715,215],[-389,1133],[-824,385],[-1061,-180],[-657,-758],[40,-2092],[-913,-1529],[112,-1008],[-562,-920],[98,-1091],[-773,-1864],[1290,-2357],[1505,-1201],[1265,-1906],[-290,-3998]],[[1532106,2486219],[2036,-726],[1640,-1100],[399,-991],[2227,-1129],[-129,-1529],[861,-2642],[-1195,-2054],[35,-1968],[949,-2182],[1494,-1606],[878,-2210],[879,-1088],[1828,-863],[281,-1821],[738,-1571],[-457,-535],[351,-708],[1406,-1019],[3195,-1364],[879,-1105],[64,-1276],[2753,-449],[1952,-1043],[1698,667],[2195,-357],[884,-580]],[[1559947,2454970],[268,-2830],[833,-1159],[41,-1921],[1311,-1329],[686,-4041],[-145,-4325],[-999,-4108]],[[1561942,2435257],[-1394,-4824],[-2933,-4239],[-1312,-2742],[-1568,-5015],[-5180,-6447],[-1248,-3434],[-1332,-1655]],[[1546975,2406901],[-562,-348],[-1144,348],[-1371,-272],[-1496,906],[-2958,367],[-271,-1553],[-1602,-695],[-1477,-1758],[-544,-2467],[-1160,-362],[-106,-2452],[455,-1496],[-471,-1518],[1378,-2522],[-1854,-1464],[-1708,202],[-2896,-876],[-281,-725],[703,-2911],[-457,-1512],[-1564,-1019],[-2276,-517],[-1852,-2052],[-1145,-58],[-1150,-1654],[-1476,-829],[-745,684],[1740,2313],[-440,3988],[-2284,2452],[-1262,-534],[-632,131],[-2412,1922],[-3797,2072],[-2775,-2296],[-4727,-2987],[-1125,-1502],[-544,-1761],[-1223,-956],[-774,-1347],[-3866,-1675],[-2056,-1985],[-2987,1139],[-2617,2876],[-4641,853],[-5516,42],[-2052,856],[-932,-155],[-1300,2210],[-1824,-67],[-892,550],[-2422,-1405],[-2144,2469],[-2185,1416],[-1448,442],[-2060,2268],[-1409,-549],[-685,-839],[-749,173],[-1803,-611],[-1594,559],[-415,817],[-1157,417],[-557,2184],[-892,847],[196,1130],[569,290],[-400,479],[463,578],[-373,213],[205,449],[-1196,60],[-434,704],[-3732,678],[-1627,-432],[-1006,414],[-928,-707],[-162,-891],[-1591,-631]],[[1440471,2397009],[-324,458],[-2036,301],[-363,811],[-1166,951],[-165,2535],[-1599,688],[-1297,1199],[32,2215],[-560,287],[-412,1245],[-631,280],[-794,1686],[-267,149],[-1000,-763],[-1747,519],[-403,1343],[482,1242],[-1049,120],[-595,715],[-2025,-864],[-534,2150],[119,2467],[-1556,-72],[-2637,2464],[-1722,-230],[-864,940],[-1205,2],[6,1221],[-2177,380],[-1570,1943],[-2205,-121],[-1151,-518],[-1072,259],[-747,-535],[-1221,1372],[-686,-1044],[-685,26],[-1538,-1283],[-527,262],[-337,926],[-591,-152],[-330,518],[-893,214],[-773,-497],[-323,-1982],[-900,-1264],[-886,-2507],[-780,-90],[-631,-736],[-3054,1504],[-890,-377],[-1590,-2022],[-594,514],[-814,-236],[12,-361],[-518,232],[-355,-625],[-750,1185],[63,567],[-1936,-149],[-730,323],[-877,-919],[-1113,1454],[-705,0],[-345,787],[-793,-4],[-1012,-729],[-152,-750],[-1114,-394],[-1202,1185],[-281,1869],[-2811,1073],[-997,1731],[367,803],[-454,1059],[-1851,-934],[-184,-509],[-913,-188],[-2455,-2718],[-885,839],[-2081,791],[-119,573],[-1466,355],[-60,663],[-712,677],[-117,1091],[1940,2476],[-3894,3364],[-542,1286],[211,809],[-481,499],[217,727],[-722,274],[-719,-481],[-680,874],[-1189,380],[-31,811],[-1561,1695],[-1551,2795],[-1832,1589],[-2222,0],[-6448,-3237],[-2544,336],[-2194,-290],[-765,-982],[-993,-2914],[-1223,-974],[-2003,114],[-5546,5231],[-2309,2921],[-527,1554],[-85,2973],[612,5645],[-127,2290],[-675,1595],[-2003,518],[-1603,-301],[-1676,-890],[-1624,-995],[-1708,-1781],[-2088,-4403],[665,-3781],[-538,-2735],[-833,-1357],[-1307,-662],[-3332,-2880],[-1677,197],[-2182,1657],[-2963,3936],[-1898,1761],[-2161,1015],[-3151,428],[-3005,-1512],[-2468,-2196],[-917,-1109],[-780,-3035],[-3553,-2424],[-285,-818],[661,-2120],[-694,-1001],[-1600,-536],[-2135,104],[-5368,-1122],[-4332,768],[-1871,-2641],[-370,-2564],[677,-2072],[3181,-4411],[509,-1718],[-87,-1890],[-624,-2115],[-4042,-8658],[-1454,-5064]],[[1266129,2399552],[-2116,2369],[-2682,4955],[-5750,8924],[-1795,1378],[-4936,1818],[-1086,2412],[-4050,3644],[-421,5159],[840,6075],[-578,6311],[453,1242],[-904,1948],[-829,200],[-285,633],[1643,9633],[280,6889],[2973,6172],[4762,4151],[4261,40],[702,-1572],[-699,-1938],[-1211,-1788],[-127,-927],[-3350,-2209],[168,-750],[952,556],[7,-417],[996,-94],[11,-1246],[2223,269],[57,458],[1435,502],[2343,2007],[1667,-645],[5,612],[642,348],[575,-202],[-139,439],[991,733],[654,282],[328,-360],[-69,734],[1186,630],[-460,436],[747,1008],[914,272],[721,-433],[738,106],[33,495],[1756,478],[2286,-794],[1855,991],[342,1307],[2433,580],[111,1829],[-1148,893],[-5792,2146],[-2601,533],[-1508,-314],[-1489,773],[867,316],[491,-215],[-38,583],[488,-286],[-51,1016],[393,-885],[283,419],[500,-473],[1207,217],[1187,-704],[3555,1865],[2146,2694],[1946,4175],[924,695],[1277,2409],[3379,2885],[2373,3900],[2724,3453],[861,-190],[17,-1088],[-1318,-1882],[-1581,-949],[-1139,-1852],[1020,-236],[470,758],[896,328],[2059,69],[868,-778],[613,327],[-630,1276],[-355,2873],[1309,2758],[72,1242],[-511,456],[-166,971],[482,1301],[349,439],[-592,-1050],[174,-515],[-336,-16],[345,-824],[2325,1613],[1137,2670],[2261,-60],[-67,440],[-600,72],[603,467],[189,1397],[670,1129],[1939,537],[-581,844],[-1409,-69],[-2025,-1453],[-86,-1503],[-517,1848],[1079,3172],[2218,18524],[645,2642],[1334,1756],[297,-324],[-235,-953],[796,-220],[336,842],[2533,1872],[-585,3128],[-2822,38],[-561,821],[1401,7972],[236,518],[1020,137],[420,1091]],[[1302703,2553663],[-360,622],[584,6497],[40,20337],[669,2662],[481,598],[14,3921],[-1930,302],[-779,799],[16,1328],[1280,1696],[-717,10633],[423,1606],[1289,943],[5294,-2393],[1356,1981],[-1042,824],[-517,2336],[-2396,4840],[0,535],[956,89],[501,486],[-220,1016],[-633,-727],[-2569,448],[-1539,-891],[-552,-775],[-2361,665],[-1804,-1242],[-731,353],[-759,-745],[-675,-61],[669,1254],[-231,2121],[3541,2387],[1581,1852],[-2970,2142],[-1449,-372],[-1001,1265],[-3782,17837],[307,1619],[1992,1375],[-554,1833],[-2379,1729],[890,3221],[-480,3162],[-2939,7955],[-1392,1756],[300,332],[1020,-722],[1348,-298],[58,762],[-590,58],[198,818],[-1974,2107],[-420,4080],[412,2446],[-1806,27119],[318,3899],[-851,5607],[-1960,461],[130,452],[1220,452],[300,1267],[-660,8367],[190,1512],[430,540],[-1270,1523],[-1339,-59],[-1260,3447],[1500,10321],[349,9919],[-439,7385],[772,1443],[-95,3935],[672,1611],[-1491,8864],[-2436,891],[-643,798],[308,3194],[1711,1242],[-306,2748],[-1059,978],[-813,1846],[-1694,9505],[-1101,3854],[483,1484],[472,273],[1586,-1329],[-214,-884],[1864,298],[1337,-695],[680,-1587],[1120,-1527],[319,79],[-1759,4026],[1905,903],[1817,-31],[-1293,397],[-3010,-447],[-435,3228],[1615,-261],[102,-434],[2440,1216],[-2153,-49],[-931,1357],[1130,2010],[-148,3148],[-939,-196],[-567,582],[-48,-1031],[-1314,-291],[-1288,674],[124,1609],[1020,1154],[-1118,-73],[-1160,554],[-3341,-2300],[-614,-608],[475,-248],[-92,-552],[-376,-89],[430,-410],[-18,-972],[-1232,-174],[-1375,557],[-363,813],[76,4997],[267,886],[678,-4],[-1111,1231],[63,1056],[-1975,1780],[-487,917],[-1096,609],[-308,-1011],[-113,1176],[-955,401],[-2190,2045],[-713,-553],[-1390,484],[-245,502],[-603,-30],[-444,-389],[173,-735],[-532,-187],[-541,1095],[-1327,142],[-492,-1801],[-1016,493],[-2877,-2043],[166,-577],[-1539,-2238],[-204,1471],[-472,585],[-1186,866],[-492,-179],[-2958,1441],[-1727,-82],[-2546,-900],[-2148,579],[-2041,-326],[-79,2214],[1444,684],[316,1402],[1906,745],[1104,2081]],[[1244371,2825187],[429,2354],[1649,1055],[2644,3442],[-145,1702],[-562,1007],[54,1782],[511,456],[714,2466],[-372,890],[211,2035],[-625,1125],[1562,800],[257,1242],[-415,303],[292,728],[-423,1776],[732,476],[389,1470],[653,155],[266,1896],[598,43],[247,1250],[1230,1243],[515,316],[250,-620],[675,-62],[258,-1945],[731,-456],[267,238],[220,-338],[74,424],[819,402],[-340,-630],[1649,-717],[1631,-222],[1874,412],[5095,2506],[3830,3681],[489,1389],[591,-343],[647,1015],[2016,61],[982,1520],[185,-632],[372,-61],[2530,746],[185,-935],[1398,182],[1021,-333],[529,645],[417,-287],[776,601],[129,-601],[575,-190],[66,-700],[715,-335],[-654,-626],[51,-510],[632,-119],[1803,-2438],[2045,-776],[1951,-181],[2079,498],[4422,2177],[1460,1142],[2308,3269],[977,2773],[-935,987],[696,612],[258,1266],[346,158],[220,-548],[1011,38],[573,1160],[604,-94],[273,1458],[-835,783],[1058,22],[-400,2128],[950,-223],[706,-1265],[1390,316],[1966,1251],[5050,6900],[1573,3911],[350,162],[201,-610],[700,103],[2656,3086],[2362,5489],[273,6442],[-885,6133],[693,1504],[1192,-182],[15,-1462],[1220,-3136],[1250,75],[-1131,1829],[1335,699],[323,1126],[-872,1148],[458,530],[476,-314],[46,691],[-1055,301],[-497,805],[-230,1405],[1015,1851],[-1477,1125],[78,1355],[-563,-1103],[1177,-1570],[-1364,-1935],[-490,-1242],[597,-311],[-416,-179],[-1664,2225],[-493,2264],[-1821,3554],[-724,748],[-490,-258],[-923,1491],[810,116],[-2,1165],[842,575],[-384,113],[293,190],[-907,-627],[-222,-1022],[-1244,643],[67,2987],[-997,2227],[550,44],[560,-799],[-439,1036],[-2790,71],[-683,-538],[-162,-700],[-502,348],[511,2409],[-646,507],[314,777],[-660,513],[-987,-397],[277,553],[-522,-65],[127,1051],[762,1469],[-531,730],[-811,-252],[211,844],[594,-124],[184,762],[-1254,879],[-964,-105],[-187,-1168],[-1275,405],[375,819],[865,570],[-450,1732],[120,1466],[-1585,2485],[-154,2282],[-632,1234],[1654,1213],[-431,767],[297,673],[-795,1743],[-420,-38],[-69,862],[-788,740],[-135,877],[-1226,1064],[-458,-14],[-154,-419],[50,631],[-720,994],[900,-11],[162,1556],[-877,1618],[-540,25],[262,1235],[-930,1167],[170,967],[-670,461],[81,1047],[-546,177],[-342,2815],[-604,1905],[-492,461],[210,572]],[[1300399,2965815],[324,308],[-100,1236],[-704,808],[293,322],[-318,549],[-1904,1499],[-1018,2260],[-1163,464],[338,2086],[452,186],[-267,1301],[434,562],[-665,1038],[128,1492],[-1207,1787],[74,461],[-1139,-221],[-423,803],[-752,270],[222,1825],[-383,769],[-1117,370],[491,-2900],[787,-1292],[475,-2628],[852,-2027],[536,-8833],[-698,525],[-993,84],[-148,373],[-1349,-684],[54,1284],[446,-394],[656,1031],[-798,1557],[-417,-27],[21,750],[-1164,1151],[723,-154],[-121,427],[373,-181],[356,948],[-823,242],[-206,682],[-594,-327],[-482,738],[609,684],[-716,1186],[315,450],[-690,-39],[-180,526],[622,43],[114,434],[-489,625],[-511,-4],[146,832],[-438,404],[468,182],[-5906,6681],[-6920,5786],[-4504,4388],[-436,659],[107,1220],[-1411,2227],[-901,970],[-1230,-125],[-103,1293],[-695,420],[91,562],[-640,-44],[654,597],[-40,658],[-466,-576],[50,452],[-584,463],[-580,179],[0,-427],[-697,561],[241,500],[-543,224],[410,239],[-1040,546],[661,946],[-96,521],[-858,76],[-324,615],[-691,67],[596,294],[-806,-33],[485,906],[-179,558],[-336,-188],[-1120,885],[567,433],[-428,1152],[-583,361],[-615,-337],[315,634],[-799,1539],[-494,116],[772,648],[-855,1364],[-129,1261],[-639,397],[478,246],[-37,558],[-682,24],[-459,485],[-695,-397],[-293,2406],[611,967],[-80,1689],[580,991],[167,1932],[1272,2274],[-126,2867],[647,1234],[-279,426],[641,738],[916,3298],[-521,4058],[489,334],[-160,1821],[631,1024],[-762,1272],[-318,4003],[-527,765],[-450,22],[-208,738],[762,-501],[593,722],[532,-1105],[-187,-1309],[1366,-1315],[77,-652],[729,-404],[-159,-560],[708,-658],[-274,-846],[332,-474],[3842,-1035],[2150,351],[351,420],[1036,-512],[313,-453],[-247,-420],[1432,-1331],[367,-1751],[1646,-3346],[3838,-5177],[2996,502],[1115,1943],[22,3373],[-664,1024],[-954,-49],[5808,7803],[-170,1288],[-1129,1207],[669,1088],[-83,2059],[1427,4243],[482,5100],[-532,259],[538,501],[-571,1003],[521,-92],[72,523],[773,-92],[691,1067],[417,1132],[-181,646],[483,70],[-94,2553],[-784,1769],[-461,-27],[-1459,2037],[-2144,102],[-126,-1013],[-829,-188],[-217,-552],[-445,522],[317,865],[-724,221],[-664,1767],[-1964,1946],[-883,102],[-220,-759],[-491,-224],[107,-446],[-582,364],[-295,930],[-861,130],[489,598],[-269,307],[488,54],[153,1492],[1492,1067],[1278,-372],[192,-501],[1991,-43],[1086,-792],[664,38],[1662,1568],[164,1288],[467,-577],[592,0],[192,-760],[565,-97],[746,-1487],[713,-27],[3091,1307],[1138,2088],[-1355,1444],[263,1229],[-636,539],[-329,-437],[-543,388],[198,985],[-864,1024],[-354,1246],[-501,142],[-399,-476],[-109,1153],[-1114,-178],[-321,529],[686,1566],[354,-573],[552,613],[515,-539],[867,-46],[724,651],[362,1737],[560,300],[66,1107],[-1148,1916],[531,630],[-21,1370],[1365,704],[1301,-356],[769,2614],[-308,1997],[-1099,663],[-181,743],[-1111,485],[128,849],[-485,121],[543,400],[-305,1160],[868,926],[646,-350],[1996,1577],[763,948],[72,1378],[863,50],[1069,738],[625,2284],[-356,326],[448,861],[-246,587],[414,231],[-183,644],[419,718],[-467,823],[535,-108],[789,988],[34,1419],[-361,492],[703,-57],[322,1178],[953,113],[429,473],[44,1724],[-1729,4297],[-1059,217],[-87,1083],[-1415,1712],[-684,62],[-115,790],[-1735,1009],[-1438,206],[-1152,-960],[-1698,1447],[-622,-881],[-1135,366],[-626,1390],[-1193,814],[-207,1002],[1376,350],[289,1367],[-337,918],[-967,28],[101,571],[-775,318],[-1059,1542],[-771,28],[-62,516],[-1979,818],[-1073,1547],[-2003,175],[520,515],[43,965],[-650,785],[-625,114],[1449,250],[6,1826],[-969,1168],[-1391,151],[471,393],[-486,269],[356,190],[53,1059],[-799,714],[684,-317],[674,696],[1434,-19],[718,1896],[-930,2227],[-842,-222],[-1338,530],[0,1239],[650,346],[-116,425],[1521,317],[-249,1341],[-1798,2384],[-616,380],[-422,-200],[-1001,856],[-1628,271],[-554,-1045],[-1164,19],[-232,-984],[-582,-61],[-963,894],[438,2446],[-2362,1658],[-3588,1324],[-2952,89],[-2838,-745],[-1195,92],[-571,-310],[768,-106],[-3450,-1461]],[[1256178,3171347],[-4709,-2183],[-1917,-1810],[180,-1973],[-490,-576],[197,-588],[-1169,-1540],[-149,-587],[410,-60],[157,-864],[-606,-204],[-112,-698],[403,-502],[710,131],[220,-678],[1105,155],[-548,-408],[328,-742],[-225,-408],[-3359,1579],[-715,1228],[-2251,-1272],[-153,-511],[477,-196],[329,-1134],[-644,-127],[-266,-489],[-17,1003],[-693,388],[83,657],[386,114],[-938,1028],[-428,-142],[-523,428],[-466,-1240],[-340,102],[241,967],[980,750],[-847,747],[66,608],[-486,212],[-207,889],[884,294],[-4,1045],[-540,200],[515,999],[-810,1767],[-988,363],[938,298],[-220,469],[590,233],[-104,595],[457,547],[1080,-224],[104,469],[-926,477],[382,628],[-956,1849],[-45,1105],[-602,625],[14,800],[-733,889],[-789,261],[-1125,2117],[560,2167],[-901,1371],[112,1024],[-486,86],[254,983],[-553,518],[-124,983],[-1205,935],[-369,-315],[-416,290],[428,592],[-1071,583],[207,1049],[-1362,861],[752,726],[-303,881],[432,706],[-312,637],[-1009,-102],[-257,1481],[-515,-727],[-111,1010],[584,55],[-257,1298],[622,244],[-614,1853],[-1553,1901],[-985,-20],[96,591],[-449,261],[-236,971],[-769,-191],[-318,2147],[-1143,611],[-669,-257],[-112,400],[698,322],[-524,1387],[-1428,1196],[-1138,281],[-557,-429],[-232,1176],[-490,-323],[465,678],[-344,517],[-790,135],[-922,1233],[-2343,1443],[-539,955],[-3295,1594],[-897,918],[-3271,931],[-663,-230],[-2112,1610],[-1121,-520],[-321,-1062],[-533,428],[-146,-260],[-405,1138],[374,591],[-623,226],[-63,1518],[-626,373],[125,554],[-748,429],[452,196],[-143,651],[-1140,484],[-2180,284],[-3062,-1704],[293,-2482],[-844,-945],[140,-1276],[-542,-175],[162,-961],[-492,-391],[495,-982],[-629,165],[-306,-395],[752,-783],[-481,-2047],[-1654,82],[-473,1754],[-486,410],[-1087,-242],[377,1980],[-635,449],[308,-3],[121,790],[-246,401],[-473,-74],[56,615],[-439,297],[476,398],[135,1958],[-671,538],[-464,2096],[-1420,1002],[249,796],[-287,934],[1250,2097],[-502,604],[731,408],[37,665],[-486,298],[897,1603],[-565,274],[511,604],[71,1134],[1350,906],[357,-184],[-150,-453],[465,184],[1033,1753],[-277,1331],[-756,-212],[910,1293],[-598,572],[-229,1342],[818,534],[-323,343],[182,535],[-801,363],[1898,73],[959,531],[1088,1415],[1221,53],[723,2399],[1266,552],[243,-358],[-403,-890],[434,-854],[1205,-286],[2101,1135],[2467,4239],[-553,185],[-253,3716],[-932,3759],[323,453],[-573,330],[-3698,5992],[-106,407],[479,223],[-994,155],[-1061,960],[-303,1068],[391,1206],[-524,843],[-1862,76],[-1096,542],[-8028,8037],[-7449,5945],[-266,1421],[-1044,748],[-1460,238],[-6253,6077],[-152,654],[-421,148],[270,446],[-317,1014],[-1124,1742],[-960,387],[488,300],[-202,597],[781,617],[-942,-290],[-915,1110],[-611,2],[328,688],[-1273,484],[218,477],[-1220,756],[-805,1422],[-1577,484],[1858,-939],[-208,-685],[-2825,1145],[-605,-195],[-167,-1046],[-707,1263],[-718,-1647],[-611,721],[446,664],[-684,58],[-13,359],[-787,-394],[-348,467],[231,333],[-515,291],[-219,-1326],[-1240,1844],[-375,35],[513,221],[-87,357],[-314,185],[-603,-655],[83,1185],[-900,240],[401,482],[333,-144],[-201,986],[-1344,570],[-240,-428],[-333,492],[-85,857],[669,632],[-920,1064],[508,980],[-584,311],[-1049,-375],[212,1267],[-1082,922],[-1199,-365],[-279,315],[-1184,-1441],[-533,-8],[-327,411],[907,315],[218,450],[-346,182],[372,314],[-344,-41],[571,244],[-983,517],[329,100],[187,1026],[-900,674],[-2233,-770],[-329,444],[301,320],[-851,135],[646,726],[-788,544],[861,568],[-851,840],[178,332],[-2252,256],[-23,632],[-406,163],[633,928],[-637,304],[-229,-491],[-1208,-232],[-308,1195],[-694,431],[365,251],[26599,70618],[1988,962],[338,-509],[2025,-307],[200,-334],[745,306],[477,-649],[607,681],[1309,107],[608,-1054],[493,-146],[3451,2831],[572,-68],[528,-751],[2052,244],[311,482],[-217,1107],[2602,935],[1103,1788],[825,396],[842,1708],[1782,1432],[435,1465],[938,393]],[[1188853,3403864],[2022,1965],[1082,213],[-899,2771],[312,663],[-2249,2758],[-260,2043],[-1197,780],[-100,916],[-771,1129],[72,810],[-645,495],[-1579,4379],[-1836,975],[-379,758],[-94,1685],[-909,1190],[-424,1979],[580,1419],[-512,782],[396,2146],[-1570,970],[-1554,70],[108,2018],[-612,313],[877,3122],[1050,801],[252,766],[-530,1257],[356,2207],[-1575,1703],[611,2909],[524,130],[-112,1103],[-669,736],[1079,1840],[-345,1035],[502,718],[-350,666],[1465,725],[414,1150],[2501,328],[-324,2604],[2345,258],[918,-636],[1046,168],[1479,-733],[1073,413],[2481,-182],[41,-412],[1116,-624],[628,-1374],[765,536],[725,-17],[67,-1418],[603,-244],[1117,672],[394,-999],[1092,-465],[228,-1277],[944,-1642],[2169,-1245],[1216,-87],[1209,-678],[1157,-1760],[1807,-974],[541,-809],[-543,-803],[257,-3267],[1312,-1344],[-365,-512],[771,-1048],[154,-1622],[380,-80],[-27,-2011],[758,-288],[35,-630],[1150,-1189],[-306,-1357],[244,-1508],[765,-367],[887,-1739],[383,-2581],[1439,-1348],[2145,-3374],[766,-378],[-521,-3592],[1178,-806],[134,-1558],[1729,-326],[319,-835],[1830,-246],[62,-822],[894,-466],[-116,-980],[-559,-386],[636,-254],[443,-1780],[1109,-1349],[1317,-475],[1476,383],[836,-849],[659,-66],[662,-1112],[1487,-108],[359,232],[47,1363],[623,259],[1150,1881],[1088,168],[1034,744],[466,2228],[935,1177],[1931,1817],[1058,434],[674,1069],[10,894],[1019,1367],[-40,795],[1046,622],[-935,2024],[1035,1624],[737,61],[946,1014],[3178,-1103],[1534,-1169],[375,277],[2690,-350],[980,624],[519,2429],[-757,99],[-751,1402],[1005,2265],[-103,788],[2082,3087],[955,3163],[1001,733],[750,1711],[1417,636],[288,2223],[606,235],[-19,2306],[-1379,2700],[571,204],[377,940],[4503,453],[1594,-507],[1094,456],[-240,1766],[866,849],[-27,938],[966,2700],[-170,777],[755,900],[56,901],[2028,1435],[545,-186],[113,449],[355,-246],[-51,1087],[1928,788],[460,2464],[-464,2976],[1094,745],[384,1060],[1309,-63],[374,-441],[899,165],[75,551],[1546,-10],[-87,1354],[843,342],[-398,1640],[1001,1914],[-574,909],[449,45],[157,518],[-388,739],[1023,1023],[376,1850],[2615,-728],[480,608],[1602,480],[-1093,2323],[351,335],[994,-204],[202,445],[1307,-462],[104,-447],[648,122],[539,-369],[315,359],[276,-387],[813,189],[468,-413],[1212,-5],[1908,-1068],[1065,-78],[1481,1044],[-228,1439],[-771,848],[1118,355],[10,682],[707,738],[-88,670],[-1136,958],[-408,1451],[-919,250],[16,869],[-1004,653],[-23,2097],[-1729,244],[-468,407],[319,988],[-665,399],[-479,2407],[854,103],[-59,455],[-751,882],[-1479,265],[-518,940],[-926,5],[199,478],[644,38],[359,1222],[1792,-18],[975,720],[-55,866],[730,802],[1318,-360],[1019,1782],[-665,657],[1210,-180],[534,928],[-471,-103],[17,369],[906,320],[172,721],[587,60],[207,548],[-1247,884],[-56,681],[506,486],[-353,668],[1566,2273],[892,201],[1178,1770],[1533,380],[-238,1592],[-476,368],[170,1436],[1726,217],[726,710],[1370,-458],[1149,977],[775,-228],[429,772],[701,-207],[1116,1084],[793,1484],[1453,-848],[2430,299],[1830,-312],[1813,1804],[3742,1699],[3053,-219],[718,-458],[1327,74],[539,897],[898,-404],[1533,294],[651,-95],[1140,-996],[1544,-131],[1049,67],[312,615],[691,256],[182,768],[4114,-836],[1445,876],[3290,-1392],[1592,-120],[535,702],[1464,548],[872,1516],[2087,1749],[-1707,808],[-285,512],[-1627,-167],[138,2059],[-1629,2149],[-474,-20],[53,542],[-977,127],[-425,521],[763,462]],[[1345930,3536738],[619,137],[578,993],[974,71],[2120,2303],[785,16],[-980,1535],[-1421,1157],[-968,-114],[-972,890],[-1634,689],[-1350,1773],[-1364,-232],[-2104,2960],[-1317,391],[-1503,1788],[-1204,563],[-615,1595],[-687,675],[537,1374],[-1058,478],[-796,1107],[-476,25],[-1499,-1235],[-983,194],[-678,647],[1863,1117],[962,1350],[-48,1481],[-662,1210],[-736,208],[467,866],[-800,2226],[953,667],[-218,899],[500,1440],[-955,946],[640,239],[183,628],[2002,563],[-85,1388],[713,2998],[-788,1723],[-1508,1899],[81,1197],[-696,1521],[-856,1227],[-553,199],[-268,3071],[-534,883],[868,1597],[883,-425],[680,227],[-64,1001],[-1966,1760],[-1266,324],[-2682,1665],[-1489,179],[-60,1356],[-1498,916],[760,191],[584,967],[1141,143],[-64,3021],[328,628],[-962,2484],[-46,1183],[-363,469],[-1174,73],[-1115,900],[-96,2892],[494,507],[-849,2266],[-1133,189],[-845,-362],[-1458,815],[-289,547],[-1822,346],[19,3350],[-1230,1615],[-818,467],[-799,2169],[-4,687],[431,363],[-152,916],[988,-101],[421,924],[-1523,1886],[-1125,226],[-566,1763],[-1321,653],[-535,891],[1008,1570]],[[1310882,3629702],[-448,1253],[-977,-64],[-218,498],[-695,109],[-984,-1200],[-62,-926],[-609,-478],[238,-657],[-414,-379],[-2027,983],[-4020,-233],[-318,971],[460,1345],[-1747,1043],[-554,630],[-12,929],[-2840,1787],[-1693,6002],[784,3723],[961,1220],[-266,1047],[237,2645],[1018,1558],[-1309,2650],[-2147,1079],[-1115,3404],[1920,3293],[-1096,2777],[-13,930],[-954,1084],[-2290,910],[-1860,2479],[-884,2407],[-1735,1864],[-326,2737],[-2540,3241],[208,990],[-830,784],[-233,1115],[-1792,1293],[115,1326],[725,948],[-303,736],[-4713,498],[-5966,-2186],[-2819,568],[-230,986],[720,1113],[-998,3479],[456,875],[-516,716],[-25,968],[-1977,2292],[496,678],[2771,892],[1362,2544],[1018,5103],[-694,771],[453,1556],[-710,2187],[1005,2108],[635,-14],[1762,-1446],[636,2],[791,565],[103,988],[1316,435],[436,588],[2393,-190],[-621,969],[256,2006],[-487,253],[-555,1292],[-1442,817],[206,866],[1341,356],[2723,-1261],[1192,442],[1523,-625],[1498,231],[-43,788],[-705,321],[-55,1957],[-1472,911],[-1021,2423],[-736,763],[183,1395],[1094,921],[-1609,4114],[-1075,1027],[-64,2178],[367,792],[1691,1178],[2720,525],[819,-965],[1033,-347],[511,-1208],[1357,349],[2299,-1854],[2361,1075],[-796,953],[-84,1383],[-684,1403],[-136,2252],[705,1064],[1154,372],[83,887],[-354,485],[-786,66],[-490,771],[181,441],[-640,405],[596,164],[346,-290],[-135,-825],[305,132],[324,-454],[878,95],[422,698],[1039,-103],[8,-794],[-409,-51],[105,-664],[-460,-759],[139,-1317],[-493,-592],[-503,487],[-433,-233],[-318,-734],[212,-979],[652,-236],[1133,790],[1199,83],[357,-909],[2061,-1700],[706,-963],[-615,-3211],[1376,-1576],[-123,-1238],[3284,-1149],[303,-547],[1058,691],[33,-315],[298,580],[28,-1077],[-866,-906],[1451,-929],[838,-3265],[2441,-1232],[320,-729],[416,287],[490,-2336],[903,-601],[733,420],[327,-694],[886,-487],[1339,-1616],[-11,-1160],[854,0],[211,808],[728,-176],[-222,-715],[687,-264],[492,-985],[-256,-1277],[1530,-1019],[1098,-1933],[431,-1934],[-521,-715],[398,-571],[-504,-679],[232,-1376],[1370,-820],[-205,-1011],[1066,-819],[-565,-1233],[544,-1457],[-418,221],[-676,-500],[-729,-2082],[114,-798],[887,-1108],[2223,-1476],[3242,-1554],[132,-1928],[671,-1031],[-372,-261],[959,-2592],[17433,-9940],[6122,-1332],[1203,396],[-75,719],[330,188],[554,-1052],[-468,-781],[809,-1281],[500,-21],[873,-895],[427,-1156],[1607,365],[522,-1083],[2683,-656],[734,364],[629,-1395],[1022,104],[841,-2374],[0,-1875],[607,-833],[958,-270],[756,-1542],[990,-312],[554,219],[298,-1333],[639,-386],[276,-822],[-830,458],[-788,-490],[-170,-718],[-511,-146],[181,-1260],[1273,-1486],[1371,-782],[389,-552],[-93,-901],[797,-1059],[2011,-1089],[1155,-1192],[150,-1800],[2006,-3374],[3191,-1233],[419,-1419],[-938,-706]],[[1375862,3641540],[-43,-968],[1853,-1630],[-702,-110],[-47,-1292],[2772,-2113],[26,-1357],[2849,-1558],[204,-1045],[758,-676],[-54,-874],[853,-93],[261,-843],[1352,-729],[-617,-938],[1091,-1025],[-81,-631],[783,-1095],[-54,-822],[1214,-1152],[3905,-543],[3617,22],[5629,551],[3373,742]],[[2162314,2313156],[-228,-2641],[723,-777],[277,-1535],[-1505,-551],[-1793,-3908],[-3383,120],[-903,-450],[177,-2462],[-1585,-1635],[-2392,-505],[-2717,-7024],[-1321,-1007],[-2294,-174],[-1374,342],[-507,1056],[-820,-119],[-801,-680],[-1896,-3197],[-1268,-1178],[-2072,-1115],[-1507,-2514],[-1368,-4746],[-799,-3827],[326,-2074],[-2675,-969],[-1279,-2665],[-20,-1567],[1048,-948],[-282,-645],[-3645,-5145],[-3869,-3898],[-3880,-5938],[-1311,-1242],[-815,1017],[-1754,-526],[-1191,73],[-486,1523],[-537,278],[-1613,-457],[-940,-2073],[-3019,-2044],[-191,-1867],[-976,-1719],[-1155,-1027],[-1210,-2108],[-1699,-1498],[-117,-772],[-2751,-3405],[0,-810],[4437,-2604],[1065,-3936],[-1156,-3513],[-605,-595],[110,-702],[716,-973],[440,-2000],[2338,-1456],[-1018,-2327],[-2586,-1892],[-1804,-1902],[-457,-2263],[998,-2023],[-512,-586],[-2938,-933],[-1778,-1359],[2455,-3139],[81,-1039],[1187,-877],[55,-1677],[2713,-4253],[385,-2757],[-2805,-6161],[990,-1135],[940,-375],[945,-1971],[-2979,-928],[-2694,-1774],[-343,-1660],[-1519,-986],[-430,-1407],[-1260,-844],[-605,-1700],[-2060,-2369],[-372,-2124],[-2521,-2955],[-201,-2731],[-487,-844],[630,-1717],[-86,-1323],[-1891,-6080],[-3208,-1154],[-3700,-2678],[-3091,-869],[-1747,-56],[-1786,-2678],[-1060,-921],[122,-1161],[-1019,-1642],[286,-1682],[-734,-1201],[-5462,-3484],[-938,-1001],[245,-1121],[-285,-2443],[-571,-601],[-1875,-681],[-2079,-200],[-489,-801],[285,-1001],[-280,-596]],[[2058909,2126262],[-656,-845],[-1794,-1082],[-1671,-2402],[-1182,-601],[-570,-1001],[-1305,-801],[807,-3548],[-1264,-1519],[-2440,161],[-1197,-831],[-1859,226],[-1639,-479],[-1208,-1534],[263,-1224],[-361,-1054],[-1638,-650],[-607,-1493],[-1085,-1110],[-65,-913],[-3318,-4613],[-1919,-4334],[-800,-477],[-1446,510],[-1690,-362],[-1523,-2489],[645,-1131],[-930,-2169],[-1508,-1201],[-2568,601],[-413,-1303],[-865,-736],[-1610,672],[-1215,-275],[-2277,-2228]],[[2018001,2086027],[586,-1897],[-2533,-5831],[-1380,-966],[-352,-945],[-934,-877],[-1644,-1112],[-448,-1321],[-1833,-1215]],[[1685797,2080879],[11141,12179],[795,26],[1019,-1181],[36,-788],[659,-1000],[3,-1053],[-479,-896],[751,-593],[95,-2163],[1197,-1107],[613,-1326],[1243,-751],[1619,-133],[759,-2502],[1239,212],[847,-2766],[-263,-1111],[1057,-1645],[1157,-294],[1490,1470],[1800,-360],[1513,529],[1719,-283],[-274,-1853],[286,-376],[1625,-315],[1080,265],[2851,-1187],[343,-2597],[1062,-219],[668,-1425],[1050,-315],[1468,1268],[2555,-166],[1078,-2956],[1208,-43],[1708,-1832],[2197,-899],[987,-1399],[791,-435],[5098,113],[865,524],[1637,226],[2436,1573],[758,969],[2410,652],[3069,48],[1267,988],[340,1229],[1482,919],[209,603],[1215,161],[1837,3672],[1172,550],[1134,-255],[1612,735]],[[1763031,2073566],[1406,-8],[-1277,2461],[464,2825],[1193,2566],[2613,1316],[932,-7],[1616,1841],[1862,356],[1244,-357],[1453,131],[2292,2325],[3004,752],[2351,1669],[1207,1719],[1565,3828],[34,1249],[2588,-1186],[6988,-774],[3992,2794],[3479,-621],[2573,2388],[-92,1876],[1810,811],[1232,2694],[883,759]],[[1808443,2104973],[1402,2742],[2231,1798],[446,2699]],[[1812522,2112212],[-579,1644],[-856,896],[-2765,698],[-1054,811],[-1283,3781],[2408,4282],[1036,915],[1354,2176],[1255,3793],[1373,739],[2513,389],[1758,1743],[-246,915],[363,2980],[1723,2196],[-1993,605],[-514,952]],[[1817015,2141727],[-1093,1646],[759,2233],[1089,1545],[-811,2313],[2221,2574],[293,934],[-450,1536],[488,1028],[1124,850],[-977,1630],[1280,1291],[-457,877],[182,1050],[-1493,1200]],[[1819170,2162434],[491,2062],[1108,964],[820,2586],[3107,2331],[1319,2096],[1343,289],[2160,5484],[3601,3032],[-340,1333],[228,521],[1751,1248],[826,1194],[-415,2900],[231,357],[-1439,1375],[220,642],[2178,1690],[989,460],[319,-383],[1076,941],[2120,-1386],[1235,-166],[400,-576],[2398,1310],[1467,2334],[-466,1644],[146,1838],[1694,2099],[-405,545],[370,445],[-321,471],[948,849],[846,-199],[616,-746],[802,465],[620,-671],[637,215],[1182,-1027],[2217,252],[1177,-263],[506,536],[1421,189],[1334,-3363],[400,828],[512,-88],[357,475],[1077,-116],[785,816],[1081,189],[-162,760],[1238,1782],[1139,277],[-123,475],[1150,1023],[-439,613],[485,504],[624,126],[217,-532],[724,-249],[348,462],[533,-323],[3093,2302],[1877,-489],[518,298],[803,-491],[3050,34],[-759,671],[123,1301],[1255,771],[-118,312],[696,642],[-785,2105],[927,326],[-194,1252],[1398,1744],[483,175],[337,-378],[1003,947],[252,-408],[745,47],[80,-505],[-535,-298],[655,-645],[1416,-99],[951,648],[1249,-215],[772,378],[490,-962],[-529,-1069],[361,-118],[387,631],[1162,-178],[1501,590],[1798,1773],[715,201],[-531,726],[81,1119],[512,1022],[702,389],[613,-1421],[1247,-74],[1006,-635],[-401,-524],[563,-562],[95,-1330],[705,312],[565,-450],[485,284],[339,-438],[-122,-1085],[3321,-1732],[487,-625],[1909,-693],[1617,-1773],[1661,353],[867,-482]],[[1910531,2209047],[455,-976],[2369,-714],[372,-482],[-821,-669],[800,-113],[1276,-1734],[487,82],[485,1607],[-232,975],[886,439],[-67,784],[782,735],[-221,3842],[761,412],[627,1138],[67,1193],[4234,3276],[1265,-1053],[3244,61],[-219,-1025],[321,-364],[1063,725],[2198,-303],[127,-831],[-773,-2810],[579,-312],[129,-3173],[4704,-1434],[1747,201],[930,-869],[627,297]],[[1938733,2207952],[106,2652],[-760,3233],[244,2925],[1362,1403],[3491,293],[1813,1203],[687,780],[-1023,867],[-270,864],[605,1613],[1233,851],[1126,-116],[3528,-1488],[2290,148],[730,674],[16781,-570],[1573,469],[1309,-468],[2616,107],[1182,-936],[1498,356],[827,-590]],[[1979681,2222222],[-2371,-2810],[-162,-2722],[3697,-2306],[595,-1145],[163,-1498],[-2133,-258],[716,-1355],[-3049,-215],[-1800,-1178],[-1692,-200],[-676,-684],[560,-2897],[-1514,-848],[1590,-1384],[-1503,-2390],[1231,-2666],[-577,-1927],[766,-1170],[-1453,-3095],[600,-2003],[-605,-906],[-1420,-311],[-676,-1864],[-1185,-948],[470,-513],[-338,-1077],[502,146],[593,-568],[893,-63],[715,-982],[828,727],[757,-537],[2989,273],[2860,-1430],[546,384],[1612,-314],[2185,484],[2376,-317],[823,-511],[833,-1614]],[[1987427,2179530],[2076,-1204],[1562,224],[1318,793],[304,989],[3320,636],[1267,-656],[3080,-209],[93,-798],[1413,-740],[1815,1338],[1387,-447],[4219,1705],[1738,-902],[855,763],[1389,181],[968,1261],[2363,6]],[[2016594,2182470],[1687,625],[2889,3066],[762,70],[344,969],[806,280],[814,1597],[1356,466],[148,1121],[1333,698],[-518,929],[341,511],[2526,442],[843,1048],[1118,294],[927,1231],[2559,1250],[-309,1923],[256,1243],[904,1321],[1726,1323],[1219,1841],[1332,701],[1195,2072],[418,3522],[453,366],[707,-193],[1023,1101],[875,59],[130,672],[-830,1179],[-42,928],[439,981],[1186,559],[387,666]],[[2045598,2217331],[216,439],[1332,204],[123,836],[2180,705],[1952,1581],[1900,442],[2753,3245],[980,31],[835,840],[1471,451],[81,1933],[794,659],[-50,1392],[-1041,493],[226,893],[-442,598],[-1705,753],[-2685,4344],[325,1585],[-936,2433],[1132,4076],[-489,818],[1042,936],[673,1673],[46,1580],[1631,1733],[3950,507],[799,-367],[454,-767],[1196,-66],[383,695],[646,128],[1636,1598],[1617,3325],[1316,1176],[585,3026],[-2130,1262],[290,1221],[-376,292],[-322,2239],[-297,688],[-965,48],[341,2595],[2594,1959],[1141,1702],[187,1602],[1436,1513],[930,269],[1441,-1273],[3311,1470],[471,790],[-346,218],[541,2140],[-193,2465],[588,1908],[907,7],[998,978],[506,769],[49,1304],[3282,3361],[760,2313],[896,-173],[1325,756],[1187,-179],[1700,2469],[823,-141],[2070,791],[303,-221],[665,1042],[1264,282],[55,662],[831,9],[2006,1858],[1798,687],[2985,3990],[1633,842],[1256,1521],[2070,509],[2126,2054],[1066,1391],[69,1137],[500,739],[5426,4671],[1546,1711],[166,1216],[1027,50],[-12,1797],[973,870],[378,2419],[1966,2512],[-97,2749],[549,1313],[930,1771],[1662,964],[464,1263],[-655,955],[-21,864],[610,718],[72,1255],[1018,1133],[-237,880],[-847,634]],[[2403762,4372336],[-161,1085],[-1732,2938],[-858,600],[-128,1192],[-815,1259],[-1038,5981],[-3016,2069],[-11,450],[-1048,789],[-438,1173],[-1050,1116],[-88,1227],[-681,1008],[185,2233],[-1475,3954],[288,1816],[854,1476],[-316,1948],[-1071,1049],[-779,1565],[526,2154],[-149,994],[-725,251],[-934,1455],[-948,373],[-303,641],[-2014,1255],[-728,34],[-946,2596],[478,1825],[679,476],[846,2216],[2102,1643],[720,1392],[87,1184],[-1037,1326],[-359,1737],[355,280],[650,-285],[43,756],[1583,957],[171,871],[2394,641],[-1669,3694],[-1160,-29],[32,1260],[-1510,630],[1417,2017],[1260,832],[-1120,366],[-780,1038],[1356,-40],[569,742],[-375,552],[-1435,144],[-464,418],[17,1231],[-694,749],[739,59],[764,663],[-791,1757],[2747,1798],[-46,716],[566,875],[-1621,2166],[197,1273],[-312,821],[-1503,-206],[-374,333],[319,487],[-1006,571],[582,1138],[-624,554],[-369,1232],[558,321],[1970,-310],[78,2013],[3056,-811],[-24,1327],[1085,-106],[923,-1240],[1674,2550],[994,68],[502,843],[-900,2345],[1340,-145],[564,1259],[1388,-724],[21,667],[-1156,690],[601,1053],[713,500],[1380,-47],[647,1397],[914,532],[801,-393],[1214,48],[794,1891],[-872,1055],[1414,921],[440,-713],[385,25],[534,1910],[-489,2706],[825,1565],[-288,1694],[955,701],[966,-396],[305,255],[-313,1033],[-1126,647],[333,287],[1340,-272],[293,435],[-1373,584],[-179,678],[1085,-121],[661,757],[1092,-71],[-22,4584],[886,1681],[-641,1269],[-2172,498]],[[2410763,4495317],[12687,-2486],[1571,921],[3327,-217],[582,588],[1505,178],[497,630],[5024,375],[372,579],[1126,450],[10821,-1563],[3507,-137],[3373,549],[2212,999],[16096,-155],[4407,513],[1562,465],[1211,1172],[11592,2315],[6941,2544],[3046,1672],[474,1074],[2927,1817],[785,1939],[9063,4768],[1073,1377]],[[2516544,4515684],[3627,2137],[2606,2260],[1457,2671],[484,3381],[8717,5560],[2396,2477],[832,2229],[1655,1820],[7434,1858],[4271,1831],[2809,1736],[10277,10070],[3197,3836],[5657,5117],[11061,6111],[5589,1478],[2937,1292],[4401,3290],[2697,1118],[527,756],[2028,716],[640,682],[687,5],[4391,2547],[5991,1893]],[[2612912,4582555],[2015,840],[1599,1456],[2510,4865],[3374,3945],[4414,3983],[3401,5478],[1610,1301],[6546,3355],[1834,1813],[3208,2225],[2940,3753],[3612,2022],[9133,3353],[3324,2192],[3623,765],[3310,100]],[[2669365,4624001],[167,29]],[[2669532,4624030],[1058,-13]],[[2670590,4624017],[98,4]],[[2670688,4624021],[77,45]],[[2670765,4624066],[29,39]],[[2670794,4624105],[80,53]],[[2670874,4624158],[214,43]],[[2671088,4624201],[66,31]],[[2671154,4624232],[457,39]],[[2671611,4624271],[970,175]],[[2672581,4624446],[429,66]],[[2673010,4624512],[257,94]],[[2673267,4624606],[271,57]],[[2673538,4624663],[487,128]],[[2674025,4624791],[46,16]],[[2674071,4624807],[277,78]],[[2674348,4624885],[179,82]],[[2674527,4624967],[455,313]],[[2674982,4625280],[25,25]],[[2675007,4625305],[23,116]],[[2675030,4625421],[46,41]],[[2675076,4625462],[304,228]],[[2675380,4625690],[131,41]],[[2675511,4625731],[61,53]],[[2675572,4625784],[66,24]],[[2675638,4625808],[1616,715]],[[2677254,4626523],[32,13]],[[2677286,4626536],[192,76]],[[2677478,4626612],[99,43]],[[2677577,4626655],[146,56]],[[2677723,4626711],[78,29]],[[2677801,4626740],[677,273]],[[2678478,4627013],[459,212]],[[2678937,4627225],[1034,510]],[[2679971,4627735],[111,69]],[[2680082,4627804],[390,206]],[[2680472,4628010],[118,48]],[[2680590,4628058],[282,78]],[[2680872,4628136],[196,42]],[[2681068,4628178],[108,26]],[[2681176,4628204],[65,20]],[[2681241,4628224],[668,109]],[[2681909,4628333],[270,5]],[[2682179,4628338],[120,6]],[[2682299,4628344],[231,-19]],[[2682530,4628325],[483,-91]],[[2683013,4628234],[417,-84]],[[2683430,4628150],[322,-55]],[[2683752,4628095],[1443,-1]],[[2685195,4628094],[257,6]],[[2685452,4628100],[640,36]],[[2686092,4628136],[453,47]],[[2686545,4628183],[136,14]],[[2686681,4628197],[520,41]],[[2687201,4628238],[247,36]],[[2687448,4628274],[89,17]],[[2687537,4628291],[225,50]],[[2687762,4628341],[145,33]],[[2687907,4628374],[449,34]],[[2688356,4628408],[229,85]],[[2688585,4628493],[272,98]],[[2688857,4628591],[273,45]],[[2689130,4628636],[105,16]],[[2689235,4628652],[288,54]],[[2689523,4628706],[370,72]],[[2689893,4628778],[875,225]],[[2690768,4629003],[414,117]],[[2691182,4629120],[2289,1191]],[[2693471,4630311],[224,215]],[[2693695,4630526],[598,839]],[[2694293,4631365],[156,192]],[[2694449,4631557],[4574,4008],[1961,1118],[2605,191],[4042,-1280],[3459,971],[1105,997],[2413,871],[-179,544],[4372,4247],[5126,2200],[2232,84],[2779,-512],[3571,844],[7863,-195],[4331,617],[1426,1701],[8087,1955],[8173,6045],[802,1296],[7900,3012]],[[2771091,4660271],[3176,974],[1690,2130],[3703,1082],[961,1342],[1516,898],[4622,1298],[2457,1210],[5186,4272],[8113,5052],[896,182],[-1811,-3236],[586,-584],[1336,-124],[2382,2238],[2211,664],[1207,1556],[65,1921],[-2571,-2129],[-1368,-163],[-881,533],[-1439,-462],[1459,812],[2123,2715],[2896,2625],[1114,2446],[1854,2443],[1977,4722],[597,3245],[1968,5698],[4666,6258],[1509,5794],[3365,6300],[1110,1350],[863,2973],[4719,9430],[1666,4802],[-228,2482],[-696,2088],[236,5438],[-813,2747],[586,2643],[-71,700],[-659,415],[296,3745],[-739,1467],[-718,5803],[-818,1386],[-902,434],[-2843,299],[-3114,-533],[-736,620],[-975,-43],[-70,651],[914,1615],[-451,599],[1241,808],[256,-317],[2550,727],[-154,707],[376,285],[-263,417],[1857,652],[655,1164],[3745,525],[239,1600],[4230,-159],[4813,-1333],[1814,67],[1530,-456],[4778,82],[350,-53],[54,-625],[1193,802],[1337,-115],[3321,884],[3149,227],[1160,697],[1791,69],[3632,976],[3078,-416],[2874,313],[7340,2189],[363,536],[3913,1294],[686,-616],[745,-79],[565,738],[1031,283],[-346,-1504],[832,-399],[186,988],[624,-1724],[-595,-2227],[-1065,-879],[-535,-2829],[-923,-464],[27,-663],[-283,13],[-491,-1409],[-2958,-867],[-2560,-1855],[206,-3406],[-855,-539],[-497,187],[-119,714],[-848,163],[418,-464],[-985,-1405],[486,-822],[-788,-245],[-641,-1087],[2488,-172],[45,-349],[1281,-305],[-535,-604],[295,-286],[625,576],[1242,-369],[-266,-1008],[646,-177],[671,-1377],[-1085,-1828],[406,-66],[-90,-528],[-1351,-2918],[-136,-1837],[1609,715],[619,-134],[241,797],[775,17],[96,-408],[-191,768],[490,603],[-417,-125],[764,396],[1574,-1785],[-371,-267],[924,-763],[-803,2734],[410,-442],[-92,528],[537,215],[15,612],[-124,-458],[-762,-249],[-534,1548],[1698,629],[-252,299],[-652,-379],[-47,390],[1187,278],[-550,146],[699,1246],[-430,563],[1062,38],[-1267,862],[703,863],[673,105],[-18,-1519],[379,190],[4,-552],[-1151,-2077],[811,537],[479,-585],[-767,-127],[-512,-825],[459,-975],[-324,-1032],[-624,-449],[541,-141],[-258,-652],[299,-584],[1050,102],[1342,715],[498,764],[1913,645],[55,-366],[-975,-190],[688,-469],[154,-607],[1644,828],[536,-165],[-721,-504],[1065,303],[-299,331],[286,529],[-732,-61],[-1020,1390],[2035,-1357],[703,224],[-62,-1251],[1643,-379],[915,822],[-103,1267],[-694,117],[1399,309],[-129,1154],[451,-355],[1092,513],[-451,188],[75,551],[737,-377],[304,231],[-441,242],[74,992],[-487,61],[-685,1553],[429,1332],[-996,906],[1430,38],[695,-209],[-133,-338],[1026,-13],[1386,908],[195,836],[2522,435],[357,309],[-358,326],[311,660],[1380,431],[1678,-783],[-77,-266],[270,152],[-521,532],[116,835],[753,170],[20,-512],[424,-38],[-830,-740],[1468,-569],[1456,834],[1878,-1083],[1206,126],[1892,1546],[-849,645],[-638,2202],[77,246],[232,-474],[-135,778],[348,57],[448,-1485],[696,585],[373,1474],[-893,1648],[519,428],[-921,856],[-672,30],[-808,1205],[-557,140],[81,657],[720,398],[-1363,-130],[-1297,1102],[-591,1160],[591,0],[748,992],[-401,1225],[1065,-11],[11,-424],[1112,159],[-294,1438],[-3098,1647],[-621,-86],[-590,-1668],[-1600,1230],[341,1718],[-766,1543],[440,743],[482,322],[487,-192],[194,471],[-422,1162],[-792,138],[-242,1011],[-2279,753],[-1485,-635],[-1071,408],[-1858,-455],[646,-764],[-447,-296],[-1334,1027],[-985,-421],[-1288,327],[-2178,-516],[-942,610],[-1173,122],[-1493,-1453],[643,-2547],[-369,-780],[-423,1881],[-737,258],[-766,-252],[-388,341],[-102,1258],[-1150,75],[120,363],[1394,1079],[2803,1275],[3985,4828],[4723,2634],[2485,2026],[1245,424],[-93,615],[438,645],[3311,2330],[8730,8815],[601,-600],[917,62],[696,-1015],[1603,-456],[1075,145],[201,829],[1128,828],[3184,1585],[313,2164],[559,554],[2882,162],[1392,-570],[421,-1284],[-1961,-1202],[-232,-787],[-3357,-1358],[-437,-986],[-1207,-684],[-449,-862],[-1519,-84],[-572,-1780],[1291,-3435],[2535,-3384],[2642,-2060],[2318,-887],[1705,-134],[1517,721],[-274,492],[816,1180],[-451,300],[-192,944],[803,1133],[-150,422],[854,676],[175,873],[1557,82],[651,604],[3702,-589],[3759,432],[2390,1494],[2834,2867],[1173,1919],[580,1968],[-285,3791],[-907,1295],[-907,570],[-3553,476],[-1392,-497],[-190,787],[2805,725],[485,570],[3005,1129],[1803,1285],[1339,1729],[601,2942],[2594,829],[1318,-1264],[-813,627],[115,-1128],[461,477],[-191,-1573],[1421,-717],[-933,-960],[763,-280],[-120,-642],[-1665,-1051],[-937,129],[-324,-620],[-1042,-426],[428,-2906],[719,-1008],[-99,-939],[521,33],[-137,965],[697,895],[2119,-1068],[38,-506],[-746,571],[-105,-507],[1208,-792],[258,868],[883,771],[-1322,-254],[1158,707],[1129,141],[1287,-1032],[680,-1254],[799,-139],[-363,-568],[-1728,-859],[-130,-430],[695,128],[-367,-494],[2285,1214],[179,813],[1832,1470],[-1365,1425],[-3005,1151],[3107,2083],[-247,558],[-1546,476],[1862,153],[935,-575],[3454,-466],[2830,2051],[2092,404],[1777,1682],[810,-183],[-194,861],[967,378],[-436,351],[1053,-56],[-34,-1034],[1144,734],[498,-111],[227,-256],[-951,-523],[362,-534],[1402,206],[2368,1379],[-496,842],[169,699],[-929,757],[-894,11],[-972,-764],[-1703,-33],[-349,-316],[-872,279],[-396,-447],[-2186,124],[-301,-245],[187,-667],[-1800,133],[311,-472],[829,-27],[198,-530],[-2089,123],[-1605,-696],[159,-412],[-1948,935],[24,773],[2354,1040],[1267,1942],[1032,-362],[175,841],[3519,1284],[-2071,-54],[-644,322],[328,671],[2799,668],[-149,669],[-1129,337],[-2241,134],[-447,-536],[-990,-162],[-1130,-1640],[-1746,315],[1090,1092],[-12,484],[-441,-29],[-1677,-1808],[-1733,-1022],[-4951,-1360],[-633,821],[643,902],[1964,1198],[1190,1582],[1674,990],[100,1285],[-443,559],[-2079,-1827],[-2088,-278],[-724,-482],[-249,-977],[-814,-353],[-384,-2045],[-1630,-1422],[-4388,-1601],[-1244,-958],[-1307,90],[244,1021],[-534,338],[1953,2940],[-222,887],[2686,2167],[492,850],[7860,2457],[1124,585],[1314,1607],[2470,629],[1700,1143],[2252,-21],[4464,-1237],[6970,-4280],[1136,-188],[664,373],[2245,-1148],[1799,105],[710,514],[1859,-481],[1600,276],[2519,-830],[1572,113],[826,1284],[-436,744],[344,360],[631,-698],[4504,-1991],[1334,238],[329,597],[-215,531],[1686,-272],[1025,507],[3590,-1560],[1004,175],[330,493],[4597,-2551],[9646,-3065],[2883,-2704],[2276,-384],[1015,-787],[1726,-3370],[1222,-803],[1134,-1551],[1921,-1236],[952,-110],[1679,1788],[3690,-1566],[3733,857],[1109,-431],[227,-707],[2087,-280],[753,-499],[1406,289],[7914,-3088],[1237,164],[4515,-3609],[4345,-2356],[1293,-13],[1475,855],[207,855],[-381,813],[553,123],[708,-668],[2347,-338],[2972,-1577],[1320,-1148],[1380,-214],[4230,-2829],[2798,-2316],[456,-1663],[3367,-1194],[3460,-3877],[1873,-699],[1452,-2167],[-854,-1373],[576,-2310],[-386,-1710],[1610,-3927],[5659,-8612],[2709,-5561],[4766,-7335],[652,-346],[2905,-6430],[951,-1041],[1466,-3041],[8956,-12873],[2174,-3717],[709,-1910],[-366,-414],[-218,-4522],[1146,-5455],[-474,-940],[-466,-3274],[-782,-340],[-802,-2623],[-1119,-1135],[-486,-1326],[-1590,-1762],[-1126,-2108],[-2174,-952],[-88,-375],[-2527,317],[-1288,-1553],[-686,422],[-985,-369],[-1456,-1941],[-740,-76],[-533,651],[-987,12],[-1611,-2691],[-689,4],[-568,545],[-1771,-206],[-766,-856],[-2070,-774],[-1368,-1355],[-2910,-1808],[-1266,-163],[-3233,-3574],[-1917,15],[-1857,-2244],[-3385,-2380],[-3592,-4166],[-450,-2207],[-1689,-541],[-2652,-1771],[-1933,1141],[204,983],[-502,826],[-1505,645],[-1872,-75],[-619,1434],[-2155,1652],[-703,-60],[-458,-511],[114,-1103],[466,-496],[1254,-135],[1031,676],[367,-233],[-420,-308],[-46,-826],[-956,-141],[-617,347],[-336,-1236],[-395,-84],[-1978,1317],[-2081,553],[-100,-1847],[291,-425],[-1156,-543],[764,-148],[101,-563],[-1488,-554],[509,-1027],[1301,-572],[1432,513],[1772,-257],[693,1193],[2052,710],[170,1083],[703,417],[335,-273],[483,968],[869,-167],[694,361],[1501,-938],[-1841,-1345],[-742,-1079],[-743,-2014],[-209,-3056],[-2089,-1368],[-796,-972],[-1255,-2301],[-340,-2380],[-1479,-1333],[-570,-7632],[-1940,3746],[-54,-587],[-1079,67],[556,382],[-169,1416],[-2389,-372],[-529,-233],[-509,-1247],[-753,-86],[488,-233],[-264,-567],[393,-313],[-115,386],[1276,0],[13,567],[930,-427],[-2090,-1253],[-2653,73],[-1581,-726],[-617,1640],[-1052,-207],[902,-1800],[-868,-353],[-170,-707],[1093,-433],[-129,-507],[-2253,360],[244,1100],[-2327,-260],[-649,393],[-854,-838],[-1038,208],[-212,-143],[435,-241],[-960,-197],[-123,-3049],[346,-746],[2665,-906],[-30919,-9577],[-37793,-9528],[-10858,-3970],[-45619,-15258],[-11596,-1737],[-26550,-6146],[-11830,-1921],[-2387,-4451]],[[2882076,4603057],[-79752,-142426],[-1546,177],[-1320,-671],[-3845,-48],[-4281,1415],[-3694,519],[-4806,-236],[-2012,774],[-2727,-744],[-980,263],[495,602],[-310,281],[-2027,342],[-1102,612],[-1356,-39],[-2569,-1444],[-579,-1168],[-1730,-873],[-824,13],[-1507,-873],[-4100,-750],[-5998,-2158],[-4549,-170],[-513,-402],[3,-649],[-1784,-208],[-2018,-1791],[-430,148],[-920,2161],[46,1183],[-378,98],[-3714,-2349],[-794,-1054]],[[2740455,4453592],[-289,-532],[-1404,-208],[-4016,-3297],[-2194,-1077],[-1460,-2690],[-2280,-1150],[683,-1105]],[[2729495,4443533],[1037,-471]],[[2730532,4443062],[596,-455],[1432,-4531],[1049,-544],[45,-591],[-2318,-1886],[-2600,-3120],[-1927,-982],[-721,-1070],[-379,-3339],[-2610,-1048],[-493,-1577],[-1125,-27],[-879,-521],[252,-1366],[1993,-1587],[-1284,-1601],[-1121,78],[-915,-763],[-1876,-2348],[-685,-1785],[359,-1335],[-3841,-6607],[-1002,-2253],[-69,-1213],[-2124,-1937],[-707,-1620],[-2535,-1538],[-761,-1912],[-1480,-1457],[-1642,-365],[-2538,-1357],[-3113,-2294],[-998,-2465],[-1422,-1743],[-2363,1250],[-3113,-700],[-2242,106],[-2790,-1316],[-462,-954],[311,-1324],[-390,-1759],[-1610,-2514],[-1048,-168],[216,-1799],[-695,-2481],[-872,-1352],[445,-1944],[-2058,-2444],[-1658,-406],[-452,-585]],[[2676312,4367513],[-86,-679],[537,-1001],[-278,-2028],[-2147,-3110],[1317,-3611],[-882,-1472],[-466,-2377],[84,-1144],[706,-206],[44,-435],[-2781,-1978],[-2173,477],[-2406,-96],[-1070,-578],[-804,-1190],[-845,-3176],[-1080,-625],[1057,-1575],[-1537,-3628],[1008,-4443],[-4069,-2821],[-1318,-5390],[-1550,-2151],[-232,-2748],[731,-1160],[-499,-1167],[-2583,-171]],[[2654990,4319030],[-109,-12]],[[2654881,4319018],[-98,-11]],[[2654783,4319007],[-324,-1402],[366,-1954],[-633,-988],[212,-903],[-9237,-6310]],[[2645167,4307450],[-2490,-2481],[-153,-2854],[-728,-1591],[-8719,-6084],[-564,-4504],[-524,-1157],[-1678,-768],[-976,-1684],[-896,-336],[-1331,191]],[[2627108,4286182],[-94,-361],[924,-1004],[-114,-639],[519,-233],[-115,-993],[1274,-2754],[-597,-569],[140,-846],[-433,-893],[-1737,-756]],[[2626875,4277134],[-228,-1062],[464,-1719],[-1207,-1452],[576,-2371],[-1221,-293],[-1423,-1001],[-2691,-5030],[-1201,-378],[-254,-626],[-2432,-864],[-63,-932],[-1233,460],[-1936,-605]],[[2614026,4261261],[-437,-590],[-991,-52],[-306,-2113],[-696,-156],[-1683,-2059]],[[2238717,3859921],[-12,35]],[[2238675,3860016],[-36,47]],[[2237834,3860587],[-30,13]],[[2033534,4450526],[1574,7],[2923,-2076],[901,-7],[284,393],[7702,-3869],[3785,-315],[3814,-1589],[2294,-473],[18244,-7962],[27130,-10170],[21454,-6222],[18331,-3825]],[[2141970,4414418],[5911,-880],[10533,-850],[23127,305],[9229,1489],[4894,1193],[3613,1805],[925,986],[6647,3373]],[[2206849,4421839],[89,58]],[[2206938,4421897],[236,185]],[[2207174,4422082],[194,129]],[[2207368,4422211],[1668,1432]],[[2209036,4423643],[44,33]],[[2209080,4423676],[96,104]],[[2209176,4423780],[74,41]],[[2209250,4423821],[3001,2499]],[[2212251,4426320],[209,196]],[[2212460,4426516],[51,55]],[[2212511,4426571],[137,151]],[[2212648,4426722],[563,1429],[-109,1268],[607,1063],[3166,3269],[650,1573],[3321,3581],[824,1395],[122,1519]],[[2221792,4441819],[-267,1083],[-772,967],[154,1617],[-729,1097],[-429,2181],[-658,636],[-423,1431],[-1172,682],[-785,1045],[102,810],[-605,385],[622,2145],[-495,654],[1229,1781],[656,4818],[-1298,5413],[-1546,2143],[-1456,270],[436,1460],[2515,3345],[942,3507],[-292,838],[-475,-94],[-657,686],[-1110,11],[964,912],[3,802],[-797,559],[-376,-201],[-789,1006],[-468,-162],[2,469],[1236,199],[1156,1016],[296,794],[2041,363],[2222,2610],[206,670],[-600,397],[434,539],[-390,-692],[783,-262],[153,356],[-456,338],[608,9],[324,1496],[-551,243],[396,837],[-298,659],[-1015,-1158],[-387,69],[-228,553],[500,544],[808,461],[861,-71],[397,566],[891,-589],[837,408],[-55,344],[784,-120],[1191,480],[416,877],[1042,-154],[1225,783],[-443,1282],[-1277,-227],[217,741],[-364,312],[-1995,-284],[-626,1019],[2282,1566],[581,1293],[438,36],[-133,1805],[1484,417],[118,584],[-1296,2474],[159,377],[1588,-126],[19,-773],[1009,-535],[1022,1493],[588,219],[860,-513],[262,974],[824,404],[681,-852],[1142,254],[158,-454],[-857,-1084],[493,-1386],[1140,201],[920,1047],[1194,-1096],[1330,46],[1018,575],[678,1045],[-663,329],[-330,966],[-1148,486],[-197,1793],[-599,1074],[-940,642],[-333,1220],[2934,553],[84,1603],[1769,294],[-361,736],[328,529],[816,-1269],[869,114],[240,-360],[-1240,-1106],[-9,-649],[643,-31],[-81,320],[534,-434],[1149,180],[-226,-763],[353,-483],[-421,-803],[281,-940],[1362,945],[1480,202],[-738,1483],[575,1220],[-670,294],[593,693],[-177,470],[742,171],[836,-705],[1287,-287],[-262,-789],[887,-307],[-389,-821],[583,-377],[1144,46],[137,-1248],[1358,-5],[480,1782],[-516,1114],[-544,299],[113,1277],[-1325,1384],[-79,835],[364,578],[-164,511],[1104,641],[602,-119],[-330,-535],[507,-399],[-122,-1146],[1507,-136],[335,-710],[923,517],[-638,-1570],[720,-325],[-14,-518],[-991,-430],[326,-636],[-502,-281],[-149,-1141],[932,-768],[1299,-228],[869,759],[497,-588],[458,202],[99,-1124],[869,-223],[1027,237],[802,777],[54,1046],[-581,437],[355,1166],[-761,589],[-145,759],[1008,970],[276,1452],[437,330],[1494,-65],[1337,935],[270,-480],[-721,-1151],[1087,-484],[-147,-419],[745,-710],[-677,-983],[1393,-288],[395,-476],[2170,1011],[-107,852],[-1182,1027],[363,387],[-190,346],[590,897],[-190,511],[1978,1007],[1206,-288],[230,-1026],[-384,-740],[1439,-572],[120,-390],[766,700],[616,-116],[-363,1169],[733,607],[187,-333],[1885,142],[662,-991],[2508,245],[686,-1321],[1519,1155],[3737,-550],[1305,-1020],[2569,708],[1332,-337],[297,-495],[-422,-620],[216,-485],[1399,-728],[852,211],[1492,-1124],[533,396],[-347,-594],[187,-497],[1694,-788],[80,-678],[2305,-1675],[481,283],[2611,-1028],[726,296],[2592,-1462],[1818,4],[3363,-1829],[3901,-762],[5934,-4646],[2710,-1000],[2188,-1500],[3302,-400],[5075,-1802],[11507,-2954],[4594,433],[1036,1273],[3155,815],[13508,-3257],[1901,211],[805,847],[2220,948],[7827,-2052],[3150,-466],[3677,957],[4881,357],[2020,541],[3680,-20],[5933,1458],[5360,-1095]],[[3148393,2649316],[92,-50071]],[[3148485,2599245],[16,-397928]],[[3148501,2201317],[11,-137346]],[[3148512,2063971],[-1363,457],[-1666,-217],[-3683,-2728],[-2718,-303],[-1885,736],[-658,649],[-5086,7362],[-877,347],[-745,-650],[658,-3854],[-88,-1646],[-1140,-1559],[-1447,-1126],[-1841,-347],[-3113,2729],[-1491,2121],[-1710,3681],[-2455,910],[-614,-693],[-745,-2685],[-658,-477],[-1096,-346],[-3288,346],[-2367,-1646],[-789,-1819],[-657,-3205],[-1096,-866],[-5568,-1127],[-1929,303],[-877,1429],[219,2252],[-702,2035],[-877,736],[-1447,347],[-745,-174],[-1490,-1256],[-2674,-3552],[-526,-346],[-1666,0],[-3201,995],[-1491,1256],[-351,2468],[61,6903],[-1619,3573],[-2111,1336],[-3418,-74],[-1707,-808],[-760,-2398],[1556,-4260],[19,-1078],[-3140,-7070],[-2040,-3015],[-1482,-824],[-1197,75],[-786,531],[-511,957],[699,4194],[-595,2761],[-954,1068],[-1466,623],[-2355,-241],[-2631,-1668],[93,-1559],[1157,-2389],[-1232,-5217],[-1153,-2065],[-1006,-980],[-3298,1765],[-1512,2029],[-1401,731],[-2306,2384],[-3600,1126],[-3577,2354],[-4691,4183],[-473,1385],[-606,78],[-1025,-694],[-460,-1315],[247,-2831],[1119,-3768],[77,-2358],[-655,-1600],[-1347,-837],[-1630,-294],[-1762,665],[-1887,2160],[-745,2072],[-697,617],[-8160,2297],[-2735,-132],[-3122,-4858],[-1357,-781],[-1456,346],[-4402,2499],[-3346,1021],[-2068,-42],[-658,-609],[297,-1206],[2346,-1840],[1397,-2097],[-63,-922],[-931,-1458],[-1977,-522],[-2817,562],[-2041,860],[-3629,-306],[-3635,-1434],[-1446,-1107],[-1053,-1469],[-797,-2202],[-2162,-1092],[-3203,-279],[-3151,787],[-2609,152],[-646,685],[129,1700],[3048,4415],[1524,4111],[52,1675],[-1240,1726],[-2738,456],[-3022,-761],[-517,-1446],[233,-3477],[-258,-1319],[-1912,-2639],[-1188,-838],[-956,-25],[-1524,685],[-7929,5836],[-3745,6877],[-4133,3629],[-1808,152],[-1292,-507],[-413,-2132],[491,-1751],[2040,-3375],[595,-2588],[-285,-2512],[-2143,-3451],[-1111,-2868],[-3255,-3882],[-1756,-26],[-956,1218],[0,3883],[1085,2461],[439,2842],[-103,2030],[-1188,2589],[-1421,1192],[-2144,838],[-5940,761],[-8266,-1573],[-671,-609],[361,-787],[465,-76],[4701,1269],[1628,-178],[1033,-685],[1085,-2563],[154,-1548],[-1558,-4004],[-1088,-1333],[-1560,38],[-4216,1447],[-2389,34],[-7107,-1711],[-3548,-1384],[-5949,-1222],[-3771,153],[-4344,1441],[-4348,-459],[-1500,-714],[-2221,-1919],[-4543,-6234],[-1280,1799],[-879,3185],[-888,1500],[-3730,1690],[-3173,244],[-2822,-511],[-5245,-2608],[-2574,-801],[-2770,289],[-6242,2372],[-4000,2862],[-1294,1405],[-466,2911],[-3258,7333],[-988,1427],[-2320,1905],[-3250,494],[-1015,-1018],[-544,-4370],[-1132,-1663],[-4305,530],[-4598,1966],[-2575,544],[-3236,-795],[-1575,-920],[-1064,-1527],[-1490,-7570],[702,-3325],[-127,-3388],[5215,-4412],[1213,-2698],[-772,-3118],[-810,-1354],[-1022,-748],[-1647,-604],[-1112,24],[-3817,1542],[-4020,3283],[-1354,2020],[-1091,2803],[-2086,1987],[-1001,2739],[-2235,1297],[-1319,104],[-2086,-962],[-1512,-1903],[-170,-1589],[1639,-2510],[426,-1944],[-360,-2016],[-1889,-2153],[-1079,-658],[-3255,-1283],[-2197,318],[-1922,2466],[-1346,3535],[-2065,1275],[-1000,168],[-2342,-628],[-3299,-230],[-2405,-1526],[-1284,-1475],[-3079,-1531],[-4163,-6890],[-2101,-2771],[-2969,-3290],[-2643,-1755],[-2518,-1355],[-1112,-78],[-3411,2561],[-2830,1443],[-1143,185]],[[2747234,2022679],[-2477,-1540],[-7159,-70],[-843,-374],[-97,-1682],[1637,-1203],[563,-1476],[121,-4550],[-651,-2078],[-1675,-1653],[-3462,-1084],[-7049,1271],[-2098,1094],[-1654,1454],[-4065,1338],[-1400,-874],[832,-4393],[-461,-762],[-3281,-1137],[-4267,962],[-1210,-505],[-1338,-1846],[103,-2276],[1132,-809],[3269,-607],[695,-1036],[-26,-1037],[-283,-885],[-905,-806],[-1098,-437],[-2505,206],[-2187,-351],[-1939,-1013],[-775,-1047],[-209,-2405],[1665,-5206],[395,-6134],[-809,-1918],[-952,-489],[-2488,7],[-1245,586],[-251,1857],[722,3483],[-588,2984],[-948,1545],[-1730,1170],[-3652,1048],[-1563,-499],[-2771,-4003],[-3065,-2729],[-213,-1774],[1051,-4507],[-615,-1564],[-2302,-1124],[-1985,60],[-1017,733],[-269,1526],[321,3547],[-1008,4945],[-1792,2694],[-2068,1191],[-2871,295],[-2324,-581],[-1521,-979],[-1142,-1397],[-4042,-8216],[-4882,-3980],[-1014,-312],[-3611,192],[-2871,733],[-2933,2048],[-4622,2195],[-1435,1462],[-862,3757],[-1117,1732],[-2449,900],[-2800,-34],[-5008,-3115],[-4072,-1789],[-2983,-3128],[-3297,-2589],[-3207,-173],[-1924,-1346],[-1711,-382],[-946,-1668],[-955,-745],[-1584,43],[-2202,1089],[-1839,-490],[-1382,-1417],[-387,-964],[91,-1092],[1084,-2366],[35,-1583],[-590,-1582],[-2304,-2345],[-1490,-585],[-2315,189]],[[2597813,1960274],[-1830,-282],[-1270,-1083],[-1507,-2317],[-404,-2687],[586,-1782],[976,-617],[796,165],[2009,2454],[2358,-435],[1543,-2842],[922,-3717],[-315,-2554],[-1823,-1945],[-895,85],[-1646,1292],[-1957,1648],[-1215,1619],[-2010,196],[-2382,-1792],[-810,-2496],[105,-1419],[2353,-2069],[-420,-1418],[-833,-89],[-2591,1289],[-2939,-445],[-1943,-2254],[-5564,-3044],[-5927,-5992],[-984,261],[-806,5559],[-1526,1469],[-940,-199],[-959,-1800],[-1232,-1078],[-1089,-326],[-2705,217],[-894,-557]],[[2560045,1931289],[-1239,-2850],[-2872,-1638],[-2932,-3904],[-3759,-2902],[-1308,-1494],[-1200,520],[115,1668],[-1404,5927],[-1510,803],[-2884,-1004],[-1916,-1868],[-150,-1824],[4448,-2342],[795,-1329],[-114,-918],[-680,-638],[-1077,-270],[-3510,271],[-3613,-3063],[-1447,-614],[-1638,219],[-1109,1302],[199,3286],[906,2846],[-43,1571],[-469,800],[-2294,472],[-1937,-725],[-775,-542],[-1035,-2421],[-4553,-1701],[-1478,565],[-2142,17],[-1134,547],[8,1216],[1902,2470],[-502,1284],[-1064,577],[-2783,-4806],[-1072,-288],[-3164,243],[-3773,-2097],[-4377,-192],[-59,-1287],[1387,-1305],[4651,557],[1094,-135],[821,-595],[762,-1555],[136,-3186],[-371,-1344],[-918,-883],[-1435,186],[-2843,2503],[-3093,630],[-3712,-1740],[-4199,-3820],[-1902,-1050],[-2428,2095],[-3302,4588],[-1322,525],[-1741,-137],[-1177,-469],[-550,-927],[133,-762],[1761,-2563],[-981,-3118],[-2082,-1652],[-4638,-1012],[-979,764],[-233,2010],[584,922],[2707,1611],[940,1631],[178,1336],[-718,2857],[-2773,1737],[-4649,-1242],[-580,-506],[361,-4515],[-262,-4385],[-353,-1033],[-1034,-958],[-2348,-275],[-1656,547],[-1116,863],[87,1514],[2348,2323],[-35,1560],[-642,1063],[-1852,883],[-4592,813],[-2502,-964],[-1024,-1181],[-178,-915],[477,-2779],[-635,-2556],[-1279,-878],[-2129,443],[-1146,1671],[-108,1717],[711,1748],[1738,2224],[548,1477],[-50,1252],[-2531,6768],[-797,476],[-1207,-91]],[[2448724,1919939],[-2743,-1038],[1202,-5138],[1730,-4539],[-644,-2057],[-830,-734],[-1373,-388],[-1832,522],[-690,4430],[-1168,1479],[-1660,452],[-3681,-1450],[-3741,442],[-2138,-545],[-721,-1019],[-106,-932],[1038,-2278],[-6,-1398],[-1475,-1087],[-1826,286],[-706,965],[1321,3007],[-39,1564],[-2396,4031],[-455,4683],[-502,797],[-1136,533],[-1246,-579],[-1915,-2650],[-5089,-2178],[-2226,-3059],[-1728,-1069],[-2590,257],[-1704,1033],[-757,2381],[1507,2202],[134,761],[-576,2775],[-900,785],[-473,-52],[-1249,-1637],[-1586,-1049],[-5736,-1102],[-4080,-3956],[-333,-1355],[555,-1617],[1163,-1064],[3276,-1187],[662,-1235],[-372,-1195],[-1185,-1270],[-3181,-449],[-1521,-1567],[-154,-1247],[912,-4945],[1110,-1692],[-1593,-3224],[-1643,-934],[-1652,-79],[-1830,2302],[-1618,756],[29,-66994]],[[2386558,1826394],[49,-129412]],[[2565067,2602074],[1389,-2411],[-1425,-2728],[-445,-4846],[1168,-2755],[1279,-806],[85,-1347],[1664,-2301]],[[2568782,2584880],[-44,-911],[1118,-2134],[1350,-1409],[1117,-2279],[3290,-1885],[0,-3419],[1581,-290],[1308,-766],[949,-1119],[337,-1264],[1729,-1947],[2004,-62],[2024,-1492],[1724,-457],[1265,-1986],[1520,-1186],[814,-5451],[1010,-2775],[3425,-2885],[-682,-2962],[290,-608],[1405,-470],[2286,-3911],[328,-3125],[1031,-471],[1969,162],[1277,-370],[2480,-3392],[3660,-3630],[250,-3548],[1073,-944],[397,-1763],[1102,-283],[949,-1126],[1681,-499],[2336,-1682],[835,-845],[975,-2513],[523,-161],[2121,1112],[2614,-1050],[2783,-5052]],[[2626986,2514032],[1141,-645],[2112,421],[1949,-1109],[719,24],[1363,998],[1426,-606],[496,-954],[-187,-886],[-909,-663],[-2569,-256],[-314,-529],[238,-589],[585,-630],[4243,-1812],[394,-3000],[506,-500],[3474,946],[1487,-497],[257,-846],[-447,-1170],[-1149,-1170],[-1936,-912],[-276,-1673],[804,-604],[2709,-493],[2061,-1046],[2272,103],[1282,-1036],[725,-1171],[84,-1643],[-1354,-1024],[-1533,683],[-663,-102],[-300,-884],[206,-885],[545,-719],[1000,-361],[1914,1074],[1013,-258],[297,-1052],[-1810,-1587],[-392,-1564],[2013,-978],[3653,-365],[2728,-1133],[777,-1514],[-164,-3148]],[[2657456,2478267],[2417,-117],[1712,-1034],[2773,-3626],[4018,-515],[2732,-1168],[1092,451],[779,1021],[197,1750],[-397,3462],[1038,1470],[2529,526],[4581,-35],[1243,-592],[2866,-2807],[1323,-789],[1393,774],[3005,-414],[1131,1113],[1894,583]],[[2693782,2478320],[2099,1382],[1496,153],[3126,-1071],[3791,-3056],[2308,335],[1225,1535],[-118,1223],[-1398,2532],[284,1485],[1922,2024],[3664,1257],[557,1400],[-238,2074],[302,1082],[1365,635],[2181,-779],[1058,-2440],[1222,-1153],[5160,-293],[6603,-3285],[3580,-235],[4130,-2640],[1390,1945],[2851,1070],[498,2109],[2065,1149],[1982,3251],[2696,1020],[2873,-1536],[786,-1292],[160,-1674],[-943,-3723],[318,-1171],[1566,-824],[2009,-184],[2203,1320],[2736,2950],[5651,1169],[1760,1053],[1377,-55],[695,494],[3942,4898],[507,1198],[-675,1957],[368,593],[1554,257],[3821,-863],[1033,428],[3100,3515],[814,2470],[307,2829],[991,2068],[1849,517],[1495,1445],[1441,592],[5490,-366],[3022,564]],[[2799833,2509658],[892,353],[1727,3281],[1649,1203],[2618,285],[3007,-840],[4103,237],[1776,-406],[1694,-1041],[1058,539],[1603,-371],[2815,551],[1455,648],[316,1156],[3294,603],[854,609],[5034,-305],[3289,-1407],[4112,-590],[6701,-3181],[4644,-2982],[2495,-1108],[816,-1914],[-237,-1139],[-1104,-746],[-13,-990]],[[2854431,2502103],[1055,-2486],[1693,-1716],[1484,-845],[1456,104],[5642,2881],[2340,644],[8364,-1346],[3022,612],[3800,2762],[1311,4016],[2960,470],[1295,752],[79,2879],[1952,1219],[3306,2964],[1601,2941],[4172,1830],[4107,4343],[677,1806],[346,2818],[862,1664],[2856,2355],[4337,1241],[1912,1037],[3838,6289],[1397,1644],[5692,3736],[2076,1807],[1294,1644],[1763,5050],[1972,2516],[2385,672],[3434,64],[2954,-1879],[2437,-22],[1828,518],[2656,-1324],[5451,-644],[7133,4284],[4320,2029],[4706,1629],[3176,2267]],[[2973572,2565328],[1536,636],[3993,386],[1465,533],[3392,2208],[1948,2305],[2821,1894],[3649,1007],[2404,1350],[5341,7974],[912,665],[3868,1245],[11910,843],[1152,622],[1995,3254],[1140,742],[4265,947],[3112,1682],[2976,406],[7093,2011],[6051,2254],[6794,5060],[3556,3810],[1209,822],[1072,60],[3069,-1645],[3620,1031],[4592,639],[2307,1740],[2967,1299],[2282,-214],[1214,1036],[2314,3531],[1433,953],[2032,2233],[2199,1019],[999,1774],[1466,99],[1116,-969],[1367,-246],[10628,5372],[8031,-113],[4648,2185],[4981,3794],[3049,1347],[5523,5565],[4168,1847],[6751,1880],[1008,759],[1120,2120],[2486,1217],[1902,1457],[2755,307],[1140,1255]],[[841089,1665859],[2643,-576],[870,179],[-874,-233],[-4192,442],[-144,-880],[528,-286],[-775,292],[138,950],[1806,112]],[[1422413,1618002],[-300,-594],[198,-2225],[1683,-883],[519,-1458],[1042,62],[800,-1651],[911,-406]],[[1427266,1610847],[-2233,-1545],[-621,-1465],[-2064,-1775],[-1170,-501],[-1388,-1546],[-1066,-3485]],[[1418724,1600530],[-824,-868],[661,-774],[-398,-1062],[-1365,-986],[-4178,1036],[-2518,-799],[-596,1216],[969,1570],[-1545,933],[-873,58],[-630,779],[-174,1083],[-731,-315],[-1489,-1496],[-226,-1123],[528,-1182],[-1113,-796],[-551,-1204],[275,-1365],[2137,-2099],[124,-856],[1227,-1403],[-624,-759],[-158,-1934],[-1417,-2802],[-59,-2360],[-1032,-916],[-3352,-1718],[-2873,-950],[-731,-2133],[-2102,261],[-1209,-898],[-1117,-2019]],[[1392760,1574649],[-2918,987],[-938,-167],[-1777,758],[-1050,-853],[-4559,-1451],[-2653,-2448],[-1919,-398],[-2730,65],[-1618,-468]],[[1372598,1570674],[814,-2792],[-2159,-1248],[-956,-1067],[-101,-2386],[-804,-785],[410,-1243],[-815,-1895],[511,-1453],[-280,-893],[1411,-1466],[348,-2088],[911,-2002],[-92,-1570],[-1353,-2008],[872,-1591],[54,-2563],[-517,-2031],[573,-1982],[2571,-3900],[1181,414],[2470,-1504],[1180,409],[253,-1851],[844,-718],[-692,-2502],[1547,-359],[112,-1150],[889,-795],[1023,-249],[1682,928],[974,1292],[2622,1733],[-745,-1864],[126,-1147],[2846,-4467],[754,-2302],[-754,-2692],[352,-2657],[-687,-418],[-2500,-129],[-852,-2174],[-1016,-913],[-393,-1014]],[[1385212,1511582],[-908,-608],[-1899,62],[-2889,-808],[-1923,-973],[-1064,-1161],[-786,-1370],[31,-1397],[1459,-1778],[228,-2590]],[[1377461,1500959],[-2058,-493],[69,-892],[-1002,-952],[-480,-1640],[-1168,-1456],[-522,-2460],[-3861,-1251],[-1461,-1866],[-2732,-1127],[-1101,-2127],[-499,-3500],[1744,-1140],[313,-738],[-480,-4956],[1002,-2296],[1148,-937],[297,-831],[684,-290],[1444,-2585],[-4589,-1958],[-2507,-447],[-1124,-827],[-1669,221],[-1065,-512]],[[1357844,1465899],[-5908,-22543]],[[1351936,1443356],[-5268,-21107]],[[1346668,1422249],[-2901,-11654]],[[1343767,1410595],[3330,-4167],[2668,-1630],[2745,-1396],[6127,-835],[730,-963],[-247,-732],[355,-411],[1941,213],[-323,869],[409,637],[562,-1262],[616,-61],[231,-975],[971,0],[0,-625],[400,-152],[-582,-1282],[629,-1203],[-709,-1371],[-170,-1494],[339,-1524],[1079,-1066],[77,-625],[-236,-369],[-843,369],[-2221,-1677],[-1205,-68],[359,-2555],[-715,-2139],[396,-4401],[609,-1667],[1603,-1134],[528,-905],[168,-1004],[-1310,-686],[536,-1349],[1133,-958],[1068,-4312],[924,-907],[2330,-983],[730,-1804],[155,-1937],[-1988,-4178],[194,-1981],[751,-1735],[-45,-1149],[1148,-1585],[1235,1134],[742,-199],[1646,-1717],[-223,-1181]],[[1372414,1349463],[-1363,-1901],[-1390,-914],[1543,-645],[357,-981],[-892,-839],[1656,-630],[580,-1691],[-2427,180],[-278,-3353],[-696,-1139],[-1443,884],[-824,-1454],[-698,1595],[-701,82],[-178,-3021]],[[1365660,1335636],[-2501,951],[-1361,1111],[-1929,-399],[-1113,-1094],[-4011,360],[-1248,1123],[-2107,861],[-506,1064],[-1138,870],[-1378,-636],[-2320,760],[-2044,-749],[-163,-1585],[-2137,-1119],[-436,-760],[-1209,-276],[-689,-1781],[-1749,-305],[-1807,-1131],[-1527,-85],[-1256,596],[-2311,-984],[-2184,1300],[-2155,-1379],[-1101,1055],[-1396,-297],[-2035,1673],[-1091,171],[-1284,-587],[-188,-810],[-657,-485],[-1932,360],[-1038,-594],[-863,432],[-941,-364],[-1231,741],[-1516,-247],[-977,974],[-976,-389],[-251,910],[-1792,1008],[-620,1882],[-1744,-203],[-188,1051],[-1372,578],[-391,694],[-7164,918],[-2280,1585],[-470,-657],[-781,-10],[-245,811],[-1808,586],[-877,741],[-614,-241],[-323,-728],[-2520,-496],[403,-897],[1018,-845],[-175,-1137],[-613,-243],[-2686,1053],[-843,793],[422,707],[-153,586],[-1234,534],[-544,983],[-2803,1033],[-3173,-2732],[-1784,-994],[-3438,224],[-551,610],[-844,-33],[-194,449],[-519,-320],[-1232,385],[-1590,-161],[-2854,866],[-8594,1475],[-3600,-160],[-3101,551],[-3976,-1515],[-738,2776],[669,53],[-4,890],[1504,718],[748,1697],[-738,2780],[475,259],[-404,664],[878,976],[-957,1744],[1230,2771],[-528,526],[238,1010],[-686,794],[-393,1368],[-759,511],[534,2127],[-352,538],[956,1823],[830,3025],[731,594],[-506,2224],[98,1919],[-815,691],[-85,1146],[-674,1271],[773,1381],[-422,1851],[604,193],[802,1050],[-380,801],[1215,2253],[-21,1025],[833,280],[200,1989],[485,518],[-401,497],[11,1160],[1929,611],[475,1047],[-148,1367],[1223,1243],[1150,694],[759,-73],[1096,860],[359,1212],[-137,1585],[453,414],[-221,1088],[1065,1026],[889,1802],[-281,649],[520,580],[-422,760],[450,1243],[-337,469],[-29,2017],[493,773],[-310,1188],[281,1395],[-1096,1229],[-215,1393],[520,166],[-126,649],[543,1285],[-417,-379],[-1070,96],[-1853,1893],[-1653,-1103],[-1838,-90],[-825,-820],[-1406,425],[-1699,-245],[-1210,443],[-591,-679],[-1005,176],[-1505,-1013],[-1075,92],[-3578,-1159],[-1058,465],[-1521,-343],[-2339,668],[-1357,1713],[-2311,755],[-1303,1675],[-2002,1022],[-400,1186],[-1678,-158],[-959,671],[-991,-77],[-1778,3112],[-3405,1437],[-1096,1129],[-760,369],[-1130,-120],[-637,599],[-1694,412],[-702,1047],[-2059,144],[-1752,823],[-1887,-572],[-2172,361],[-1294,1810],[-1142,2868],[153,3157],[-456,1458],[-4661,1016],[-1547,-150],[-424,352],[477,2359],[782,371],[-1130,1075],[1593,1331],[978,2836],[805,480],[939,1578],[3317,1260],[1782,1330],[1165,1482],[-4463,478],[-110,1512],[634,601],[62,716],[1904,843],[1258,1942],[71,991],[-619,577],[302,454],[-1431,65],[-514,590],[455,331],[-857,705],[-1009,68],[-149,-420],[-462,214],[-159,-519],[-1216,1302],[-584,-276],[132,948]],[[1196757,1467878],[-279,578],[-171,-418],[-356,542],[-1698,731],[-176,1125],[-734,332],[196,683],[-853,-392],[-515,640],[-1131,-19],[-761,663],[123,493],[-724,836],[-1047,80],[-571,725],[-435,-595],[-590,-3],[-178,461],[-898,-184],[-456,-894],[-894,127],[-1128,-1523],[-1382,-547],[-657,-880],[-1635,-223],[-662,-641],[-503,198],[-175,-579],[-1547,1296],[-545,-255],[-1525,628]],[[1174850,1470863],[-1675,946],[-913,-441],[-99,-421],[-2106,646],[-184,-717],[-1127,-851],[-322,199],[-1183,-666],[-1898,420],[-2170,-796],[-235,-729],[-1723,192],[-138,-992],[-640,-146],[-1261,-1946],[-652,-192],[214,-1034],[-689,-80],[-1394,-2242],[-1995,-789],[-1219,433],[-3468,-1290],[-2321,168],[-2356,-401],[-1267,323],[-1177,-360],[-1970,1093],[-874,-228],[-1439,959],[-2925,759],[-4363,483],[-1391,-355],[-3221,1078],[-2233,1378],[-1134,-713],[-1219,-54],[-1015,1020],[-924,301],[-3199,757],[-3030,109],[-543,315],[-140,1697],[-981,831],[-1240,27],[-702,534],[-4020,4571],[-793,163],[-799,1131],[-2297,919],[-1895,1417],[-692,648],[-118,756],[-568,-131],[-398,476],[-1240,246],[-364,1073],[-749,-269],[-802,864],[-1940,848],[-2737,170],[-3257,2423],[-1166,32],[-528,-435],[-1700,702],[-92,1060],[-1622,1131],[-767,-498],[-1567,706],[-1803,-527],[-1185,270],[-1055,1388],[-1861,986],[-91,998],[-1709,788],[-553,4720],[-1447,1325],[-559,-151],[-997,715],[-692,-73],[-511,613],[-3800,-55],[-2260,-1473],[-754,-1310],[-2731,-659],[-1286,343],[-3525,2346],[-779,10],[-179,465],[-904,52],[-253,641],[-926,-269],[-1483,475],[-2504,2233],[-652,-279],[-200,599],[-715,207],[557,393],[-904,341],[284,1106],[1651,620],[747,1426],[-231,1178],[-526,548],[442,1065],[-884,1498],[-431,72],[410,331],[104,2132],[-1122,585],[0,665],[-1143,887],[41,1533],[-388,-21],[-735,1473],[-509,60],[-333,697]],[[1041814,1519058],[-1258,28],[-1775,1431],[-714,-181],[-408,605],[-1530,261],[-102,424],[-734,-122],[-1060,686],[-1061,1028],[428,706],[-490,342],[591,162],[-999,1169],[-1020,625],[-271,-291],[-2054,189],[-735,827],[41,1351],[-1244,242],[-21,968],[-734,-101],[-551,564],[-877,-202],[102,424],[-428,20],[-470,1028],[-815,0],[-1571,1895],[-1693,866],[40,585],[1488,1190],[-1040,1714],[855,1372],[592,61],[448,605],[857,-40],[2446,2138],[1247,-624],[856,87],[440,-804],[541,396],[38,1137],[642,297],[-289,804],[-542,556],[-956,-667],[-88,420],[50,643],[1020,989],[365,1707],[-554,556],[-390,-1063],[-1246,-173],[-617,111],[-315,581],[-979,69],[-820,1427],[1359,742],[-151,853],[-554,421],[-2479,618],[-151,-903],[-793,-643],[-1435,742],[-101,408],[806,717],[-340,853],[428,421],[-957,247],[76,829],[-784,61],[-449,766],[-592,202],[265,887],[-980,988],[-24,1514]],[[1017594,1557799],[-773,2156],[-1652,1048],[754,202],[-571,1835],[897,565],[-877,584],[795,283],[-327,806],[469,344],[-123,1814],[-673,323],[-666,-579],[-1231,477],[-253,278],[527,667],[-503,964],[-1108,334],[-747,1013],[165,2168],[-1081,-61],[-1269,1097],[-1383,-856],[199,992],[-906,12],[-541,-1521],[189,-1175],[-1133,-655],[-1875,-297],[-38,-1038],[-1057,-25],[-38,779],[-680,482],[-3209,-804],[-730,495],[-113,-1236],[-806,-854],[-956,742],[-667,-878],[-894,507],[-1996,-494],[-1693,-1171],[90,-1550],[-613,-741],[53,-885],[-1335,-136],[-2391,-1916],[-2266,164],[-21,1189],[-1426,947],[-2957,-87],[-2305,-2052],[347,-504],[1269,-256],[966,-774],[264,-2188],[-818,-532],[-2706,186],[-1070,568],[-566,854],[-71,1918],[-1352,2335],[919,309],[-12,914],[768,1444],[-215,1104],[1022,-370],[825,165],[-293,1406],[684,831],[-1139,1012],[-336,1748],[-618,554],[-1530,298],[-87,906],[-509,-64],[-792,-1428],[-174,-1577],[-1019,-351],[-673,616],[-599,-124],[-1262,-2125],[-878,475],[-1270,-477],[-546,1533],[-1453,-246],[-419,817],[168,1558],[-1366,382],[-1212,928],[-2424,-2061],[-868,-220],[-291,891],[-954,793],[747,1486],[-1022,489],[-2077,-891],[-1065,549],[-1173,-2373]],[[952969,1572563],[-1849,-367],[-535,346],[1527,2201],[-131,1105],[351,803],[-149,345],[-1063,-60],[395,2641],[-475,216],[-1045,-432],[-744,730],[94,1799],[-1819,-267],[-501,1096],[-1801,423],[-1406,1183],[-1432,-1019],[-606,173],[-9,751],[1863,1573],[-804,1337],[270,807],[-422,674],[-1496,-381],[-10654,82],[-667,-92],[-1453,-1243],[-2417,1354],[-1015,1122],[-797,-251],[-1669,301],[-771,-338],[-1911,1234],[-1127,1401],[-505,1797],[-1647,-24],[900,1094],[-1689,876],[-1455,-1009],[603,926],[-1148,305],[-1901,2396],[-30,1826],[829,1584],[-2001,710],[-737,2891],[-576,358],[-100,741],[-551,9],[452,418],[-437,161],[212,383],[-662,636],[388,507],[-644,-184],[-204,619],[555,1633],[-644,453],[-1970,-377],[-581,365],[-47,648],[-975,-337],[-478,1233],[-799,-11],[-122,791],[-1629,1128],[-1473,344],[-45,-785],[-1372,-383],[-64,1308],[-748,474],[-701,-163],[-197,1188],[-559,-592],[-167,2306],[-464,389],[263,756],[-737,242],[-946,2439],[-1146,890],[-477,-338],[-1504,2386],[-2317,-205],[-185,477],[-760,-557],[-2664,2559],[-991,-244],[-919,701],[-1521,2902],[-1733,1039],[24,571],[-738,358],[-1674,-71],[-549,-668],[85,-463],[-1991,-64],[-1299,457],[-87,1236],[931,870],[-344,354],[414,420],[-501,203],[540,855],[-611,-145],[121,507],[-537,7],[-365,718],[-3587,-343],[-234,446],[764,1013],[-759,-251],[-1525,4366],[-2509,978],[-1182,-274],[-788,422],[-474,527],[242,1151],[-854,396],[88,661],[273,-99],[-247,590],[-732,542],[-1647,132],[1832,168],[551,1025],[2497,1904],[-589,-136],[-1224,871],[-285,-269],[-89,510],[-529,108],[-445,-360],[595,-834],[-868,-1459],[-3890,-48],[-411,645],[361,1822],[1494,532],[1560,1403],[3230,1076],[294,1057],[2253,2444],[670,-342],[619,358],[19,1137],[-1221,-10],[-2640,-1617],[-2075,-1875],[-6394,1771],[-1154,-514],[107,399],[-381,-132],[-802,-856],[-2444,1568],[-164,676],[-3165,3226],[-1703,3988],[-242,1736],[304,2568],[874,495],[933,-187],[228,672],[-866,1655],[-45,1298],[-1685,1476],[-91,492],[592,1879],[2186,-1387],[728,1745],[-2368,1298],[-1912,89],[-1503,-492],[-1868,-1297],[-318,-1074],[-775,-582],[-2778,-179],[-3370,5280],[-1776,-1432],[-3416,1969],[-3391,5236],[-2795,2938],[9,568],[-3593,1331],[-265,1182],[-1084,-23],[-2589,-1088],[169,-1396],[1153,-607],[-2414,778],[-4056,4817],[-2672,5406],[-888,1134],[-800,-309],[201,810],[1462,691],[410,-426],[741,121],[577,797],[-30,1636],[-1335,-1148],[-535,1365],[-1124,849],[575,2869],[4604,3207],[5335,2174],[1654,1317],[1772,2184],[1546,521],[-1224,-1940],[259,-485],[1553,666],[497,763],[-125,242],[-335,-394],[-306,347],[324,51],[-202,1765],[511,1610],[3970,6560],[2631,3501],[3567,3784],[147,781],[1155,417],[7465,6203],[4637,6215],[3740,3767],[878,544],[1424,-496],[1414,1331],[1452,393],[4212,2765],[5713,1907],[1156,171],[1081,-367],[69,-529],[-593,-209],[527,-434],[2010,900],[3007,80],[1019,614],[534,-1700],[-1462,-1501],[-880,-333],[-1634,229],[-1328,-574],[-2836,-4036],[-286,-1591],[-1723,-2580],[663,-422],[1230,1689],[445,-860],[-190,-490],[762,-284],[241,211],[-511,781],[-64,1456],[1174,1745],[1592,1402],[1234,258],[106,-1043],[715,-757],[1386,-198],[908,313],[220,340],[-380,29],[-590,1085],[1257,151],[140,-330],[226,436],[675,-13],[847,756],[859,189],[1292,1503],[644,40],[-694,1592],[-287,-31],[141,-447],[-534,334],[292,-557],[-798,192],[204,-490],[-356,-802],[891,-250],[-754,-23],[-1429,905],[-836,-449],[2735,1868],[1925,420],[238,-945],[2030,-536],[2551,1170],[2022,1621],[2332,597],[2193,-2021],[-1077,-816],[-683,216],[-822,-1088],[-599,153],[131,-473],[-726,-528],[-613,-1685],[-538,278],[92,520],[-492,534],[-19,-608],[-624,278],[122,-330],[-781,7],[462,646],[-610,-313],[115,-400],[1251,-259],[-158,-917],[-588,222],[267,568],[-565,-456],[116,-350],[-586,36],[-208,1043],[-333,-203],[294,-1019],[-410,406],[-93,-503],[-1550,180],[-347,1786],[294,408]],[[880494,1753988],[32,63]],[[880526,1754051],[305,928],[-1775,628],[-375,-1161],[-574,286],[248,-1342],[-545,50],[853,-518],[-365,-1513],[-900,-456],[-2902,121],[-616,-463],[-914,79],[-174,-959],[-631,155],[356,-219],[-903,-196],[1413,118],[688,-1272],[-431,-428],[-1569,505],[491,-581],[602,136],[-265,-951],[1194,574],[769,-1060],[2444,-840],[-383,646],[-2194,1158],[314,718],[1129,130],[486,-1369],[1827,-739],[1553,-1283],[275,-666],[-490,-645],[287,-378],[1403,752],[-707,1732],[-1557,1411],[699,866],[398,-154],[-280,453],[496,1037],[1556,771],[1501,-419],[162,-1625],[-2287,-627],[2366,178],[353,-1953],[40,2570],[623,753],[-98,429],[555,125],[643,-1234],[-207,-1905],[796,-1762],[1349,-1271],[1560,-4285],[-1471,393],[-1988,1992],[-638,-241],[221,-974],[-1026,183],[-815,665],[-594,-1157],[776,-140],[206,-1422],[-54,1355],[-810,207],[309,911],[1983,-819],[319,569],[-226,525],[471,68],[3062,-2857],[240,-1739],[-1026,-1414],[-4985,-897],[-3339,1071],[-1885,-2075],[541,-403],[1449,1869],[2382,-1355],[3281,652],[2819,-1107],[480,-1492],[-537,-681],[111,-482],[714,1247],[-156,864],[2140,2390],[903,-58],[712,-622],[-314,762],[-1178,748],[604,5130],[-894,5821],[236,945],[712,453],[1133,-882],[390,-1514],[1310,-1930],[888,-880],[1031,-210],[44,-730],[-854,488],[-486,-445],[505,239],[1100,-998],[1351,1378],[-416,2871],[520,908],[357,-177],[221,1027],[485,-4362],[1458,-2238],[1333,-1263],[479,-1307],[-289,-669],[-1872,-1586],[-274,-556],[425,-244],[960,406],[869,-170],[1332,1917],[224,1684],[-2230,2660],[-1556,2956],[1070,1037],[700,76],[-221,250],[961,1001],[541,174],[1064,-503],[4259,-690],[955,-2613],[588,-426],[-301,2406],[508,255],[-495,307],[42,548],[776,1703],[411,182],[3609,-787],[6451,401],[3392,656],[1983,-308],[1359,-1220],[-991,-642],[-663,-1533],[309,-1389],[-244,-1028],[1578,-545],[2227,1801],[1826,169],[1551,-2054],[344,-1799],[1693,-4040],[-809,-1585],[-3354,-1357],[231,-230],[3188,973],[3206,3241],[1952,839],[-243,372],[-1609,-76],[-799,626],[666,6966],[-1082,2101],[1984,1230],[2283,191],[2102,1469],[-548,971],[-1352,-57],[-453,388],[-99,1587],[584,2337],[-597,4532],[137,372],[600,-105],[795,582],[439,1251],[-199,744],[-41,-879],[-92,1112],[456,-534],[-99,596],[952,1039],[-776,233],[1468,1438],[-1824,559],[-637,6925],[-1303,4721]],[[940700,1778305],[-207,273],[-649,-569],[-734,922],[-4313,192],[-5577,-2270],[-2065,409],[219,446],[-836,1153],[229,762],[-276,144],[301,2726],[-394,2001],[411,535],[-55,1828],[-677,412],[-577,5279],[597,-27],[591,922],[1479,225],[14,1316],[517,247],[-197,765],[698,30],[151,-704],[665,602],[-624,421],[628,-37],[876,1022],[-719,34],[-398,605],[-795,249],[632,89],[190,822],[920,846],[-483,-46],[-1748,1750],[-917,228],[-1004,1773],[130,500],[-782,396],[-350,1367],[-710,119],[-362,776],[-2419,271],[-706,-352],[-597,933],[-146,-600],[-613,-179],[44,885],[-1108,198],[-412,2278],[-346,-189],[-118,818],[-461,179],[-586,-1202],[-1294,1402],[471,-1770],[-334,-1844],[-3681,-3426],[147,-1915],[398,-660],[-672,33],[-722,-559],[-2228,641],[-673,-655],[93,-434],[-2282,-770],[-736,244],[196,468],[-685,489],[288,321],[-991,706],[1567,3119],[143,4894],[-673,6047],[-1506,6087],[1646,958],[290,-991],[899,-875],[1884,-660],[1285,16],[1730,744],[-14,934],[-4385,-170],[-1189,1338],[-2809,868],[-504,485],[-1602,7761],[-1116,2575],[-438,4289],[251,796],[-2018,768],[-1067,-431],[-998,1660],[-2752,13272],[358,3318],[813,977],[781,2589],[1683,7623]],[[896585,1870140],[1034,1158],[1172,617],[-400,1833],[-940,1730],[1503,-367],[1250,514],[1960,3821],[643,-13],[676,-1051],[1174,-586],[979,2147],[936,653],[-201,653],[1696,2451],[-1093,3110],[595,2732],[852,1633],[2706,2407],[3986,5298],[541,160],[536,-425],[911,681],[949,1615],[138,1044],[837,232],[403,566],[-654,-155],[103,1218],[-914,519],[-602,-137],[-147,599],[944,3180],[699,6827],[807,2398],[6682,7647],[7651,12023],[2628,3228],[359,-792],[-1880,-3007],[1431,-2091],[370,-31],[42,-647]],[[936947,1933532],[810,-368],[-458,870],[871,49],[735,866],[3,2120],[1629,648],[962,2096],[-2424,181],[207,2543],[1520,6434],[-251,851],[-1441,193],[-118,580],[1776,179],[1909,778],[5098,3283],[1023,-112],[-694,-1629],[497,-406],[3292,2717],[-266,-2264],[2015,2262],[-507,1831],[163,1552],[1963,3137],[1845,1774],[2293,3118],[3996,2393],[910,155],[580,-370],[974,1205],[-216,852],[1909,3592],[1058,575],[744,-259],[896,1944],[-828,461],[-945,1393],[1481,256],[430,938],[-139,522],[-409,-247],[-762,1136],[2135,-246],[3257,362],[3263,774],[1259,855],[1737,-957],[320,319],[-1028,841],[1107,295],[800,-499],[4768,-164],[4310,6974],[2874,2939],[6697,3616],[4590,1919],[1910,97]],[[1007077,1998486],[4579,432]],[[1011656,1998918],[2358,197],[2997,-739],[2760,111],[1127,-400],[636,534],[389,-397],[893,-5],[3801,1849],[3598,180],[1724,782],[1114,-304],[3924,687]],[[1036977,2001413],[5704,1088],[2831,-141],[3510,563],[3511,1162],[1463,-50],[-118,-981],[399,-218],[2246,3192],[3548,246],[1367,-860],[896,-1793],[-1216,249],[280,-1032],[2461,-3031],[-1280,-1223],[435,-3758],[673,214],[772,-515],[551,192],[328,-731],[1030,-227],[3801,970]],[[1070169,1994729],[2811,1074],[2076,-90],[3880,-2939],[498,-2381],[1452,-1207],[502,-2692],[748,-1194],[1326,-118],[2822,1558],[4500,6542],[2345,2754],[802,389],[113,-721],[2234,-921],[1331,-10],[2367,2245],[2809,139],[308,-280],[791,355],[278,582],[1914,140],[27,834],[391,302],[1353,-508],[1822,760],[-295,165],[602,459],[773,-441],[799,114],[1032,-1386],[126,-1313],[1311,-374],[-353,-911],[413,-2064],[1109,-315],[551,-1010],[1234,-190],[2708,-2565],[653,-224],[2635,646],[-358,1540],[208,1577],[1894,737]],[[2727430,3232393],[-2720,-1365],[-523,-1175],[310,-2260],[-258,-1051],[-1016,524],[-308,-41],[126,-458],[-931,659],[-1287,-1142],[-1559,-26],[-161,-551],[-1353,1181],[-890,242],[-2554,-982]],[[2714306,3225948],[-25,2031],[-803,1012],[641,1320],[-292,1542],[-1217,931],[-39,822],[659,758],[-470,2136],[1085,1048],[1089,2225],[766,560],[218,1852],[-898,4116],[-1533,1608],[-1287,2159],[347,5528],[-2420,2662],[-252,730],[-3562,594],[-1392,-839],[-2430,-96],[-680,-373],[-810,-1320],[-2210,-982],[-751,627],[-3466,521],[-2000,-1639],[-1886,432],[-1392,-662],[-719,669],[-1293,254],[-1449,1399],[-1589,755],[-1147,-528],[-661,-1060],[-647,-82],[142,-1989],[-2337,-2391],[306,-1419],[-717,-528],[-243,-1202],[-422,-93],[-703,1824],[-68,2323],[-587,2146],[-1519,2941],[275,3039],[-1338,-277],[-719,752],[-2420,-451],[-2095,-2056],[-2808,1247],[-3755,-10],[-1411,-3776],[-2186,-1566]],[[2659186,3255172],[-1663,-668],[-1938,1510],[-71,1547],[-976,1265],[-335,1550],[-1089,728],[-890,1731],[-1371,-46],[-807,1077],[-6000,1749],[309,2501],[-1193,746],[-542,1098],[-2385,344],[-3361,-352],[-627,800],[-1691,-176],[-1144,509],[-623,-345],[-1198,1822],[-2189,-249],[-553,-541],[-2158,986]],[[2626691,3272758],[-908,25],[-875,1274],[-1624,1129],[-1034,-296],[-2325,499],[-2208,-501],[-940,356],[-596,2119],[299,818],[-1585,841],[335,2659]],[[2615230,3281681],[472,1769],[3393,6503],[3900,3131],[2877,5273],[-766,2060],[-1597,1150],[37,1138],[-1315,1190],[1036,130],[1271,1239],[394,1073],[1808,622],[-188,1098],[745,497],[218,815],[-517,1603],[123,1012],[413,301],[-437,1344],[441,1],[-189,589],[688,-12],[-746,744],[411,792],[710,-207],[197,896],[728,402],[829,-260],[298,368],[-547,1214],[88,1190],[-2704,-527],[-2313,2265],[-1981,930],[-577,1598],[406,1165],[-2549,2210],[-281,1459],[628,1385],[-404,1426],[-827,889],[163,1713],[-2397,1652]],[[2617169,3335511],[15,1120],[1013,558],[640,996],[-101,1283],[2391,1865],[2023,216],[2906,3073],[1926,981],[1633,1742]],[[2629615,3347345],[-1218,966],[-674,1615],[-805,652],[1018,1461],[-434,1920],[459,1243],[-15,3195],[-581,589],[1430,3104],[-340,1215]],[[2628455,3363305],[-1004,731],[-2612,-447],[-1714,748],[1662,3307],[-3783,2606]],[[2621004,3370250],[-2647,1238],[-1094,2490],[-382,2929],[-4321,3972],[-455,1944],[-715,240],[-330,865],[-1033,893],[-270,4036],[453,2167],[1324,2654],[-79,1011]],[[2611455,3394689],[701,2020],[-778,804],[-87,728],[-1766,-735],[-1160,968],[-1157,2434],[-5325,1819],[-1016,2572],[-1507,417],[-826,2008],[-1647,793],[-2555,383],[-1608,1332],[-2607,207],[-3114,2151],[238,2920],[-636,1305],[-1593,1771],[248,2017],[-762,2095],[-398,4363],[-1214,5242],[1230,862],[886,1752],[1347,1426],[168,789],[-711,1944]],[[2585806,3439076],[-1982,-84],[-636,-605],[-1893,219],[-345,-463],[-3726,1468],[-3141,-563],[-1564,682],[-2067,112],[-1369,-739],[-844,-2286],[-1998,-1812]],[[2566241,3435005],[-3468,1173],[-2650,-405],[-2508,596],[-3510,-400],[-3022,2836],[-2585,-1718],[-4334,-1547],[-952,371],[-1346,1335],[-1001,-277],[-1424,924],[-2424,115],[-3443,983],[-1494,1597],[-3673,-1787],[-1460,-188],[-1191,797],[-1402,-134],[-1793,1533],[-1521,688],[-3136,-565],[-2016,1570],[-2467,-1141],[-2273,-2356],[-2583,-5894],[-1902,-1931],[-2633,-1661],[83,-2289],[1545,-1322],[1808,-4839],[-1140,-2588],[-348,-3427],[-756,-1446],[-2271,-547],[-863,681],[-1031,1804],[-2531,290],[-1211,2326]],[[2497315,3418162],[-548,325],[-1367,-82],[-521,-564],[-1480,-136],[-1045,595],[-2148,-512],[-453,-642],[-3710,1209],[-4019,-824],[-3661,288],[-861,-890],[-711,400],[-1170,-297],[-1597,1177],[-396,-421],[-486,139],[14,1740],[-1277,52],[448,1140],[-969,1714]],[[2471358,3422573],[-1428,883],[-3496,4543],[-1455,59],[-622,-744],[-1696,-885],[203,-892],[893,-533],[-72,-1345],[-1210,101],[-2629,-688],[-4595,1634],[-1116,-755],[-258,476],[-2179,497],[-964,754],[-971,-84],[-530,-564],[-1558,8],[-382,1107],[-803,-73],[-681,-598],[-871,845],[-1007,-495],[-784,611],[-716,-153],[-208,901],[-1606,1273],[-1728,793],[-1756,277],[-355,530],[-567,-87],[-210,1568],[-1265,-266],[-245,623],[-657,-461],[-436,590],[-616,-73],[-149,476],[-670,189],[-233,-556],[-485,-100],[-136,1112],[-1086,216],[349,589],[-416,758],[569,756],[-170,1126],[-1277,919],[-1166,2019],[-835,-877],[-362,215],[108,1446],[789,259],[-250,1144],[843,531],[-437,514],[351,344],[-276,1040],[-563,390],[325,747],[-1193,-447],[200,1162],[-1742,191],[226,571],[-1251,1126],[-132,838],[-1173,138],[205,1398],[-642,236],[-311,1118],[-1228,-465],[-1690,1162],[-155,922],[-1097,-127],[-199,492],[-549,-260],[-362,1068],[-1002,-148],[196,603],[-882,913],[592,1119],[-141,977],[763,958],[-660,431],[49,500],[-927,-364],[227,906],[-679,83],[103,531],[-520,-345],[-233,899],[-357,-489],[-600,218],[179,-497],[-658,295],[-528,894],[-823,-645],[-1914,-317],[-747,859],[-871,41],[-435,-398],[-540,894],[-1847,348],[-877,1028],[514,395],[-290,1151],[-1158,929],[-33,467],[997,1108],[264,1280],[-335,755],[-900,-267],[-1150,1414],[-988,303],[-460,-294],[-612,395],[-275,1228],[-1099,459],[-614,843],[-893,-90],[-1397,633],[-953,-154],[-633,1929],[221,375]],[[2463338,3885763],[93,-53]],[[2471689,3887898],[49,442]],[[2471738,3888340],[115,961],[871,-825],[2169,-392],[3245,1709],[1230,-329],[913,502],[2908,-1164],[964,-195],[1508,444],[1393,-748],[1246,614],[3354,337],[6065,-2639],[2183,739],[2018,-178],[1273,-764],[1339,307],[687,-643],[863,592],[34,-981],[345,-268],[1307,686],[1143,1794],[910,-274],[1267,2072],[1618,703],[1537,-8],[841,1076],[2091,329],[314,869],[1449,-1497],[527,264],[-65,580],[437,44],[568,-907],[408,424],[1138,-250],[1754,-1167],[4606,604],[1558,965],[270,883],[2673,2485],[1478,161],[-294,679],[2214,1815],[-652,1548],[68,1161],[1155,-120],[1358,1121],[747,-66],[367,734],[978,-94],[340,681],[774,307],[217,1334],[666,454],[-353,641],[299,333],[2445,-387],[1426,1188],[1195,-614],[1454,-53],[910,667],[1739,-1175],[2635,-467],[570,214],[218,1441],[1847,2643],[1155,-414],[1317,1201],[-1059,988],[-97,1543],[597,2035],[1116,1559],[553,-36],[1491,-1244],[417,776],[1685,117],[1118,-659],[74,-440],[790,-175],[1297,1098],[954,-44],[149,542],[-611,1347],[954,293],[1461,3457],[1506,1025],[477,-1304],[670,-234],[597,351],[864,1626],[3295,1230],[1535,-351],[879,-1143],[-968,-2811],[502,-517]],[[2579331,3919056],[2807,-523],[358,-2051],[-656,-1903],[223,-542],[910,-894],[1580,-58],[644,-556],[-1017,-2212],[15,-4438],[-2296,-951],[-432,-747],[239,-557],[1118,-381],[2032,709],[754,-361],[946,-1319],[2620,-840],[449,-1738],[1425,-2165],[645,-4143],[722,-1015],[1314,-729],[-476,-1110],[-1545,-1241],[-664,-4547],[-2246,-543],[-2987,-2235],[-1027,-359]],[[2584786,3881607],[-416,-326],[536,-776],[1426,-353],[1191,-894],[1243,-191],[743,-2160],[1305,-870],[1850,-3987],[1536,-1376],[1193,-55],[608,-419],[169,-1053],[-1233,-1544],[1246,-1420]],[[2596183,3866183],[2752,-516],[492,-1497],[1100,-572],[3194,1472],[624,1543],[1236,-17],[2222,1209],[2609,-30],[923,407],[545,1419],[2091,-40],[929,2212],[-925,904],[617,846],[523,3839],[564,522],[1320,31],[2588,-815],[6467,364],[3660,-2556],[3061,-44],[325,1365],[-624,3352],[732,989],[691,-256],[1012,-1187],[1569,-619],[931,-1597],[-131,-1051],[-1147,-1034],[141,-519],[684,-80],[1376,827],[2486,-365],[-496,-910],[415,-1102],[-715,-1781],[748,-1372],[561,-88],[982,738],[896,2136],[834,619],[2621,-351],[275,-2985],[780,-52],[970,788],[1085,-184],[152,-1408],[-2137,380],[-966,-613],[168,-821],[579,-301],[1451,658],[844,-83],[773,-1284],[-605,-871],[-2333,-552],[-85,-884],[577,-442],[2193,318],[834,-1223],[-673,-1288],[4789,-18086],[7913,-21346],[6551,-38984],[12772,-55765],[2775,-1021],[708,-703],[1276,-90],[931,-2109],[574,137],[-316,892],[291,638],[1437,-51],[859,-1375],[-1730,-293],[-362,-593],[200,-376],[1315,165],[3178,-754],[6027,-6723],[6211,-9039],[30315,-32137]],[[2736262,3674118],[4262,-4519],[183,213],[-13,-395],[9017,-9451]],[[2749711,3659966],[902,472],[1045,-21],[2575,-1456],[1159,-1128],[27,-737],[-266,-441],[-1802,-735],[-171,-958],[824,-337],[1788,1288],[1212,-953],[-1493,-1169],[1127,211],[109,-1174],[511,-425],[732,1493],[1955,-636],[411,-854],[-626,-1448],[1501,-461],[176,-998],[-331,-445],[-1284,172],[-500,-312],[838,-1441],[-775,-1160],[-48,-901],[1053,-921],[-1175,-491],[840,-1685],[1278,-224],[994,-1180],[1030,37],[-159,-1216],[544,-382],[-672,-1490],[716,68],[-57,-512],[-1806,-148],[460,-915],[-460,-399],[247,-1232],[-518,-889],[817,-444],[-1077,-142],[-284,-829],[553,-73],[-202,-454],[513,-764],[-667,-776],[538,-254]],[[2761813,3630097],[613,-278],[-1307,-2706],[-297,-2580],[-829,-144],[155,-757],[503,-231],[-940,-815],[476,-416],[476,705],[1336,-238],[-510,-526],[598,-1391],[1479,166],[-1721,-1454],[898,-1752],[573,-277],[-604,-775],[600,-769],[294,-1348],[876,-397],[-13,-884],[-578,-429],[1376,-1175],[-535,-1517],[523,-1279],[492,-696],[572,275],[-80,-892],[813,37],[-153,-631],[-1049,-422],[-346,-583],[528,-375],[1081,661],[565,-998],[-785,-188],[10,-444],[697,-198],[1405,397],[-551,-1110],[-629,-97],[-251,-865],[775,161],[285,-768],[684,-35],[69,-1265],[1862,-3354],[52,-1625],[371,-555],[-867,-1400],[-1144,-301],[-281,-647],[-565,39],[-495,-594],[-469,198],[71,-2341],[827,-515],[-406,-1049],[905,-687],[-663,-828],[1443,-2880],[-2336,-825],[-225,-976],[-881,-329],[209,-268],[-415,-192],[-717,-1880],[435,-495],[-68,-1310],[538,-1518],[4098,-1877],[980,72],[547,-1189],[-70,-4031],[1070,-3900],[-97,-2849],[574,-2505],[-993,-1296],[-1112,-340],[-17,-1060],[-421,-288],[1061,-748],[1138,-1701],[131,-722],[-726,-2521],[223,-756],[-741,-202],[-3147,1736],[-976,2154],[-3450,2530],[-286,878],[-1606,1428],[-1930,222],[-928,-256],[-413,-550],[-1079,-102],[-1664,829],[-3620,-466],[-191,-924],[972,-597],[520,-1824],[-1100,-787],[-879,-1486],[505,-811],[-1530,-789],[744,-1732],[147,-2046],[-1083,-620],[-673,-992],[-1538,-103],[-954,732],[-1165,-250],[-824,-1714],[-836,-453],[777,-1464],[-1171,-732],[875,-446],[145,-572],[-1263,300],[-1157,-1095],[344,-1367],[-260,-434],[-1878,719],[-1038,-61],[-446,-701],[-4382,-1133],[28,-1041],[-1462,-678],[-830,-769],[-136,-1139],[-1481,-855],[245,-798],[-674,-1148],[370,-552],[-468,-531],[28,-926],[884,-1093],[667,-156],[576,1338],[696,-132],[28,-973],[900,128],[-357,-841],[490,-550],[-356,-394],[1569,-1262],[1344,865],[102,-649],[1383,-269],[469,-1266],[1135,-299],[-43,-778],[-1434,-318],[637,-504],[-636,-577],[610,-758]],[[2740059,3520645],[359,-248],[-210,-565],[318,-711],[888,258],[210,-405],[-19,-471],[-1138,-899],[619,-414],[-426,-772],[336,-1683],[1134,-343],[548,-780],[19,-839],[687,-301],[337,-1066],[-296,-1067],[407,-576],[622,-71],[212,-1154],[-502,-709],[11,-1120],[-1284,-557],[712,-974],[53,-989],[-415,-127],[3,-824],[-601,-543],[72,-1178],[520,-633],[-196,-777],[917,-1044],[-713,-317],[99,-735],[-842,-2097],[-1044,-1312],[130,-611],[-677,-1455],[-1447,-908],[-8,-506],[-508,117],[-918,-569],[-665,-1947],[355,-879],[-447,-1091],[477,-804],[-328,-1025],[193,-1130],[-705,-2168],[143,-1162],[-970,-1271],[-103,-1358],[39,-1473],[640,-490],[188,-903],[-289,-1723],[452,-1636],[-724,-3168],[451,-427],[-92,-2796],[483,-1044],[-723,-2127],[-566,-496],[196,-1031],[-360,-548],[432,-619],[-580,-2713],[977,-2997],[-632,-1029],[-56,-2368]],[[2735814,3450247],[-366,-705],[836,-1326],[-1180,-1540],[267,-497],[414,152],[296,-1423],[-647,-1160],[42,-2182],[773,-608],[-91,-559],[548,-449],[450,-1533],[401,-2314],[351,-304],[-344,-428],[842,-1648],[-329,-807],[657,-801],[-177,-1126],[575,-755],[964,-273],[35,-760],[1027,-1192],[-111,-745],[736,-1046],[-234,-838],[553,-490],[158,-3495],[-847,-1769]],[[2741413,3419626],[-351,-2403],[-751,-431],[-371,-1218],[-1350,-821],[-717,-2105],[-1309,-1302],[122,-1137],[-699,-331],[332,-605],[-281,-1063],[328,-253],[-355,-468],[302,-654],[-456,-486],[-89,-1378],[-514,-101],[-465,-1105],[807,-1945],[-98,-913],[1344,-1698],[2649,-214],[418,-336],[873,-1825],[666,-525],[68,-955],[1484,-1015],[921,-1244],[633,-2076],[89,-2123],[861,-619],[-306,-1475],[634,-4208],[-546,-904],[1547,-3047],[2560,-2813],[3622,-447]],[[2753015,3375383],[13085,-970],[3205,-993],[2275,629],[1230,-389],[3332,-2183],[1952,-1978],[1285,-578],[457,-757],[4316,1392],[80,880],[1101,1086],[2095,913],[3852,-613],[941,-931],[3978,-1032],[1296,518],[2750,-1495],[606,407],[828,-92],[948,1884],[2080,1399],[2098,-252],[3574,1425],[3698,-939],[365,-981],[886,-373],[829,235],[422,-580],[998,207],[984,-787],[183,-1437],[1828,-1187],[231,-1542],[1048,-1083],[787,-2569],[1083,-1035],[435,-1078],[1055,-400],[183,-1064],[984,-331],[2160,-2367],[824,-417],[1189,-1627],[-1589,-2909],[233,-1129],[-408,-1195],[-2111,-3217],[-1088,-2590],[478,-1475],[-262,-1326],[677,-535],[-344,-1066],[294,-1011],[-1101,-969],[202,-850],[-519,-431],[-534,-1782],[1097,-651],[103,-1013],[36242,-61985]],[[1778966,2595524],[550,856],[1006,-193],[44,424],[859,190],[661,921],[880,-417],[731,348],[529,-701],[889,232],[1390,-1506],[1311,113],[1929,-1184],[273,-591],[1876,-584],[780,-1279],[2191,-652],[930,183],[1082,1686],[1613,361],[237,563],[1568,-1139],[585,141],[220,-834],[1118,435],[1855,-380],[591,343],[1499,-1025],[2124,88],[1025,1326],[914,119],[381,910],[812,-510],[253,411],[425,-549],[787,135],[957,-1101],[427,160],[44,-490],[2315,691],[1001,704],[2013,-492],[1041,-889],[2321,-508]],[[1823003,2591840],[1243,-475],[1832,981],[553,-438],[1911,53],[1920,-1217],[730,71],[2687,-1278],[1748,548],[1040,-563],[1351,48],[81,-1416],[1739,-262],[1776,-2310],[144,-1038],[1087,-822],[762,-1384],[773,-486],[2044,-3],[1735,-1005],[571,1022],[1057,262],[475,1265],[2264,2157],[1552,-209],[1206,546],[1988,-428],[2416,765],[604,2614],[-118,1334],[1935,385],[2572,-989],[838,899],[2571,745],[1145,1865],[-27,655],[811,776],[841,-198],[2032,1719],[2051,-16]],[[1874943,2596013],[1537,-2059]],[[1876480,2593954],[-280,-650],[380,-610],[-896,-962]],[[1875684,2591732],[-4276,-2899],[-2096,-3589],[-2408,-2158],[-277,-1751],[-1374,-1814],[-286,-4067],[972,-850],[754,-1501],[218,-809],[-292,-922],[443,-1759],[-1658,-3951],[-2084,-783],[-1260,-2063],[-1280,584],[-3941,-39],[-1128,-367],[-1361,118],[-2720,-905],[-464,-334],[-799,-2684],[-1002,-1106],[-2746,-832]],[[1846619,2557251],[-1636,-3523],[-2014,-984],[-2644,-2201],[-678,120],[-2021,-1043],[-1133,-2747],[-1510,-623],[-198,-726],[779,-4129],[-790,-784],[31,-943],[-963,-1933],[600,-885],[351,-3964],[-3245,-937],[-2331,-2781],[-652,-1520],[-1904,-1838],[-987,-397]],[[1825674,2525413],[-53,-13]],[[1825621,2525400],[-119,18]],[[1825502,2525418],[-1326,-330],[-2382,-2763],[-492,-1288],[-1463,-530],[-620,-751],[420,-2475],[-186,-1803],[-503,-1338],[-1376,-1425],[61,-1227]],[[1817635,2511488],[700,-568],[211,-783],[142,-1042],[-568,-918],[592,-1558],[-1110,-3772],[4,-2178],[-2257,-2820],[648,-1092],[-453,-2158]],[[1815544,2494599],[-35,-191]],[[1815509,2494408],[-164,-524],[-666,-310]],[[1814679,2493574],[-179,-147]],[[1814500,2493427],[-255,-2777],[327,-1154],[-939,-2864],[-1202,-1364],[1472,-2823],[-190,-897],[894,-623],[-1431,-1630],[-102,-740],[664,-1695],[-1430,-827],[-715,-1501],[-370,-2235],[2398,-1798],[-264,-1036]],[[1813357,2469463],[-2032,-1133],[-802,-882],[-2950,-36],[-987,-1040],[-991,-3255],[-1494,-568],[-360,-540],[-883,-120],[-3126,-2103],[-176,-2128],[-1178,-2425],[447,-1198],[-2068,-384],[-1466,-807]],[[1795291,2452844],[-538,-1574],[607,-488],[1022,-56],[318,-1671],[-720,-1128],[-53,-1361],[-1766,-585],[-1274,-1243],[-803,-2714],[-2164,-1383],[-924,-1673],[-2485,-2016],[-1034,-2025],[574,-1667],[-927,-798],[440,-3763],[-745,-1056],[-454,-68],[-329,-905],[-1840,-14],[-931,-1474],[-2590,-30],[-1104,-1383],[-452,-2787],[-954,-217],[-2392,878],[-568,-141],[139,-3355],[-4243,-2121],[-551,-1968],[-623,-731],[79,-1329],[-499,-1163]],[[1767507,2410835],[-919,-489],[-5595,150],[-702,570],[-187,949],[-1960,1002],[-260,1452],[-996,-571],[-1657,106],[-708,800],[-1765,698],[-1973,52],[-3251,1458],[-652,-225],[-1817,520],[-3154,-616],[-75,1460],[1403,1702],[429,1781],[-1179,589],[-219,832],[-1214,1055],[-124,1403],[473,1357],[-505,1684],[506,1412],[-653,2163],[327,1559],[1424,1340],[1165,3780],[1721,2406],[579,2087],[715,940],[-59,1290],[1067,1360],[-1600,2906],[7,925]],[[1746099,2450722],[258,3201],[3943,5916],[1004,3048],[2506,1976],[701,1559],[102,927],[-339,506],[724,535],[526,2870],[972,457],[643,1686],[-650,2292],[-1561,1033],[30,1839]],[[1754958,2478567],[-51,101]],[[1754907,2478668],[-626,571],[611,1443],[-434,1254],[1313,2591],[207,832],[-317,720]],[[1755661,2486079],[37,167]],[[1755698,2486246],[5,31]],[[1755703,2486277],[-2,260]],[[1755701,2486537],[-31,170]],[[1755670,2486707],[-364,747],[1126,3356],[-1060,612],[-106,1175],[-2957,2935],[351,1104],[-684,3295],[1002,911],[173,716],[-637,1765]],[[1752514,2503323],[-459,118]],[[1752055,2503441],[-160,17]],[[1751895,2503458],[-1409,571],[-716,1747],[-2097,-765],[-2402,1592],[-1433,-963],[-717,-1072],[-1723,402],[-1082,995],[-1120,-240],[-535,1176],[-1423,-102],[251,1174],[-987,926],[-2993,-1359]],[[1733509,2507540],[-206,-318],[-965,530],[-1888,-403]],[[1730450,2507349],[-699,1000],[-1587,-663],[-1307,1700],[-1179,-536],[-295,1324],[1120,263],[-1300,909],[-8,702]],[[1725195,2512048],[735,896],[321,-785],[828,158],[500,889],[-432,857],[310,1776],[474,538],[720,-4],[166,775],[-1305,479],[-91,389],[671,367],[761,-539],[664,725],[1805,290],[527,653],[2255,926],[-1034,-100]],[[1733070,2520338],[-2851,1620],[-124,715],[472,862],[-1167,497],[467,906],[501,-262],[373,530],[1134,273],[255,2700],[-797,-122],[-1262,1374],[784,357],[523,3057],[585,289],[414,2538],[-333,799],[572,700],[-43,1563],[-876,362],[569,1422],[-366,320],[-1243,-50],[-256,608],[-926,-71],[505,766],[-245,558]],[[1729735,2542649],[157,1879],[777,1044],[1771,333],[186,1399],[-1956,1055],[439,1228],[1730,844],[259,1368],[796,300],[-47,910],[679,1623],[-1208,-36],[90,799]],[[1733408,2555395],[-655,177],[-707,859],[402,2089],[3344,2587],[-538,705],[257,1062],[-1821,2001],[380,1359]],[[1734070,2566234],[351,667],[1686,399],[2024,2200],[-84,794],[1084,988],[-253,1353],[499,1097],[2012,1367],[1341,296],[547,1243],[835,566],[1241,2863]],[[1745353,2580067],[430,786],[961,188],[643,-725],[878,83],[1094,-815],[1380,-49],[577,-734],[185,442],[1384,488],[1209,107],[578,-394],[545,451],[1398,25],[1606,-366],[431,-585],[37,-1190],[583,335],[263,-300],[294,500],[1282,-278],[86,364],[1632,-726],[1624,361],[140,-510],[408,325],[888,-614],[624,402],[2761,163],[1617,588]],[[1770891,2578389],[32,1]],[[1770923,2578390],[15,-1]],[[1770938,2578389],[60,-24]],[[1770998,2578365],[46,-9]],[[1771044,2578356],[1275,130],[3229,-888],[689,463],[2005,-408],[2241,837],[365,584],[-736,6431]],[[1780112,2585505],[-1146,10019]],[[1878846,2621333],[-312,-4796],[-990,-2867],[40,-1168],[601,-938],[-713,-1692],[362,-552],[-1098,-565],[-1583,-3626],[1312,-2342],[94,-1025],[1567,-1645],[-2806,-2797],[-377,-1307]],[[1778966,2595524],[-617,-434],[-1243,47],[-405,-518],[-280,363],[-868,-161],[-1355,-987],[-411,708],[-500,-731],[-162,540],[-339,-508],[-212,530],[-1074,-66],[-738,493],[-760,-199],[-876,277],[50,349],[-893,-392],[-246,241],[-444,-598],[-496,252],[-51,-330],[-1094,260],[-147,377],[-736,-233],[-969,1160],[-351,-362],[-1503,-2],[-288,1254],[-364,-173],[-293,560],[-200,-307],[-263,678],[-433,-65],[117,304],[-988,-117],[6,-468],[-1661,586],[-274,-1017],[-806,-84],[-233,-539],[-1295,934],[-761,-139],[41,409],[-1047,225],[258,692],[-636,96],[219,542],[-666,748],[-961,-18],[-139,-418],[-735,616],[-725,-446],[-37,601],[-249,-331],[-228,353],[-429,-190],[-341,627],[-966,475],[-10,515],[-1144,-168],[-2457,1174],[-1950,-1329],[-575,-1242],[-468,-199],[-444,243],[-360,-402],[-2040,1822],[-250,-818],[-1299,-975]],[[1736872,2599609],[-28,1187],[2249,1920],[652,2891],[-88,2209],[629,1030],[-184,1914],[-548,678],[216,844],[-483,592],[-64,939],[-524,358],[-1544,53],[-2699,-1481],[-1641,-78],[63,807],[-395,188],[-850,-1381],[329,-1360],[-817,747],[-772,-162],[-111,-1577],[-3002,-2526],[-2408,1206],[-1104,-479],[-1472,-1393],[-807,-77],[-1765,794]],[[1719704,2607452],[-13,5]],[[1719691,2607457],[-791,601],[1166,1134],[-639,839],[-1692,-1086],[-763,162],[-235,872],[1335,1310],[-210,494],[-689,178],[-1208,-841],[-753,501],[589,1996],[-430,912],[787,146],[1369,-464],[-253,936],[-1647,550],[22,1221],[576,475],[1662,-8],[855,1569],[-900,748],[20,810],[-714,679],[-1971,-503],[-554,514],[230,884],[-1552,490]],[[1713301,2622576],[475,842],[2629,950],[1304,1195],[1318,-1033],[1216,366],[541,584],[330,3428],[1994,2456],[-1043,3045],[1609,556],[61,667],[-3119,2540],[-920,3717]],[[1719696,2641889],[-1361,-565],[109,-622],[-645,303],[-1505,-1042],[-501,-1285],[-1128,-244],[-946,321],[-1329,-505],[-637,-1109],[-496,-129],[-3820,2345],[-3547,-1439],[-2137,401],[-3748,3648],[-413,2129]],[[1697592,2644096],[-163,579],[578,887],[-403,485],[89,1259],[883,3272],[-512,2239],[-806,566]],[[1697258,2653383],[-1157,-110],[-342,824],[-1719,904],[-255,786],[-821,102],[-2032,1308],[-651,1416],[-571,-65],[-1310,1428],[-2225,802],[36,1259],[-378,164],[-596,1631],[228,1310],[-1127,976],[356,1510],[-436,845],[238,602],[-494,239],[-2193,4713],[-999,576],[475,2551],[-1130,1043],[-294,2477],[-1209,369],[-1282,1544],[-2070,598],[-479,2053],[-3626,4075],[-428,1800],[848,1193]],[[1782970,3958996],[3236,-248],[438,-898],[1965,-1096],[1369,-150],[3038,1516],[4115,3541],[594,-574],[1254,188],[2855,2331],[1713,1963],[-122,368],[560,-158],[25,843],[398,64],[2074,2715],[3813,6224]],[[1810295,3975625],[3084,6089],[214,778],[-826,355],[877,-41],[1097,2636],[3154,9266],[217,924],[-330,109],[413,-16],[227,557],[1891,7665],[705,6960],[-345,5590],[494,-239],[24,2673],[-850,-75],[-1481,5717]],[[1818860,4024573],[-1446,2643],[-2971,2545],[-670,1035],[-2202,5841],[-2758,4423],[-418,-344],[-1199,900],[-3831,-1288],[-679,843],[-1778,844],[-1897,1981],[-2376,765],[-6823,-827],[-4827,215],[-2187,-1134],[-704,-1013],[-343,260],[856,1690],[2822,1873],[824,1165],[432,1118],[-129,1338],[600,436],[658,-197],[1494,1037],[84,1748],[1829,796],[2532,2260],[3019,1568],[3004,2594],[576,1757],[-769,1683],[-545,360],[72,710],[4527,4275],[745,1646],[-476,702],[1758,2655],[-103,1395],[1295,3319],[-690,562],[-139,747],[905,3540],[971,1442],[576,2056],[-901,2352],[-1406,1712],[166,3238],[1189,680],[975,2248],[2303,1594],[2338,4031],[-66,664],[1550,4266],[-808,3918],[2405,2085],[1605,1990],[1785,5854],[167,4593],[-704,1651],[-1803,1759],[478,1232],[2324,1470],[843,2823],[16,3548],[-1405,7034],[83,715],[666,225],[-270,961],[1394,3312],[-794,3743],[275,548],[-566,22]],[[1677991,2162972],[-1192,2170],[2951,3258],[2826,1682],[388,1049],[-2,661],[-654,520],[-4,975],[-1122,506],[-1008,1286],[129,2155],[-872,2766],[753,1401],[641,453],[788,-45],[81,2395],[1090,472],[417,738],[-1093,1764],[-1008,3591],[-906,364],[-479,1009],[-2213,1083],[1507,2520],[-767,1144],[289,632],[-445,1610],[-1875,739],[67,1179]],[[1676278,2201049],[4088,3160],[-679,1288],[738,1278],[1693,1127],[1667,-77],[1252,1206],[714,2048],[-155,1223],[-1731,-257],[-552,677],[-1317,63],[-347,891],[157,3317],[1317,2788],[-1022,2826],[34,2543],[947,993],[393,3377]],[[1683475,2229520],[2399,-1],[-31,1548],[790,1472],[-271,951],[1311,1947],[305,1819],[-1703,2068],[324,1509],[2421,2465],[878,2152],[4007,3494],[-485,2415],[1528,1412],[444,2580],[884,1534],[1713,1733],[408,693],[-78,883],[784,459],[-1300,2716],[-277,1794],[1285,627],[-361,635],[501,2610],[-1052,1800],[-1231,767],[-18,1688],[-904,2202],[1912,847],[665,2747],[-2134,4229],[1509,1336],[1504,-605],[234,444],[993,-13],[684,470],[14,2870],[509,1286],[651,-47],[637,1011],[1573,1009],[664,66],[460,-512],[1177,151],[1479,2647],[736,323],[110,870],[-1063,740],[-278,1735],[-759,58],[62,978],[-1106,1535],[582,1666],[-333,1244]],[[1706228,2302577],[-138,386],[1399,2301]],[[1707489,2305264],[1841,-50],[995,511],[541,2027],[-130,1647],[1627,639],[201,1091],[471,383],[1029,-142],[566,353],[482,1011],[2253,-221],[590,529],[917,2301]],[[1718872,2315343],[415,889],[-172,2051],[1304,1167],[421,2944],[692,754],[412,1740],[1561,1115],[17,1832],[-616,866],[35,645],[1157,345],[2436,2161],[-645,995],[132,1307],[2547,126],[3668,3100],[1295,2730],[870,811],[531,3256],[639,433],[934,-19],[539,709],[757,186],[-118,709],[-2213,2270],[256,1756],[-476,1546],[949,2173],[2145,1561],[390,723]],[[1738734,2356224],[2261,2233],[993,2383],[1402,1279],[1038,-269],[51,-1334],[2113,153]],[[1746592,2360669],[641,152],[514,2205],[1012,1366],[446,569],[639,25],[1517,3443],[33,1056],[-611,646],[1160,2819],[-182,1716],[2725,2336],[1479,2969],[-108,1143],[-455,540],[539,898],[-492,710],[112,977],[-1177,977],[736,1844],[-403,687],[127,2097],[1083,898],[2003,65],[976,-1378],[1483,92],[849,1074],[192,2337],[836,1269],[2500,1289],[2378,2622],[666,1885],[938,42],[797,867]],[[1769545,2400906],[897,1870],[1112,595],[318,1085],[-1125,1374],[-1859,1081],[-1403,2138],[22,1786]],[[1335584,2394381],[-482,78],[449,457],[33,-535]],[[1335560,2395992],[-470,6],[317,346],[153,-352]],[[1334751,2396213],[-1000,55],[600,638],[531,-390],[-131,-303]],[[1337609,2397441],[305,-271],[-677,-479],[-180,-1093],[-779,-206],[172,888],[763,496],[-168,522],[564,143]],[[1335144,2397399],[338,239],[329,-346],[-669,-970],[-428,963],[274,390],[156,-276]],[[1334204,2397719],[46,-564],[-477,-404],[-41,740],[472,228]],[[1336503,2397675],[-799,-1580],[167,1078],[515,262],[-331,252],[396,253],[52,-265]],[[1328962,2397674],[-76,-266],[-316,206],[154,342],[238,-282]],[[1336236,2398027],[-321,292],[334,41],[-13,-333]],[[1338119,2398361],[111,-365],[-652,-471],[-215,408],[756,428]],[[1332417,2398142],[-766,-356],[515,833],[251,-477]],[[1339122,2397857],[-432,59],[239,759],[193,-818]],[[1336941,2398442],[-46,-4],[-37,4],[-19,34],[-5,29],[-4,29],[-2,38],[-17,44],[-11,32],[-5,9],[-4,17],[1,25],[14,17],[22,26],[40,37],[56,53],[70,21],[30,3],[40,-7],[37,-23],[10,-26],[-2,-58],[-9,-40],[-2,-56],[5,-33],[-9,-31],[-89,-106],[-33,-29],[-31,-5]],[[1327935,2398040],[-598,237],[369,654],[364,-283],[-135,-608]],[[1332549,2398931],[291,-84],[-543,-163],[252,247]],[[1338854,2399815],[1,-409],[-468,212],[173,419],[294,-222]],[[1338306,2400332],[-10,-10],[-24,1],[-38,-10],[-18,-10],[-3,-16],[6,-13],[8,-13],[0,-23],[-6,-29],[-24,-27],[-34,-18],[-25,-9],[-25,3],[-22,1],[-8,-5],[-17,-2],[-26,6],[-12,0],[-11,-4],[-3,-1],[-9,-2],[-11,-7],[-9,-8],[-13,-3],[-14,2],[-15,7],[-15,24],[-21,55],[5,83],[24,68],[41,52],[38,20],[65,0],[77,-18],[38,-6],[37,-29],[44,-34],[24,-13],[6,-12]],[[1331823,2400175],[-274,-197],[320,-552],[-511,10],[22,-568],[-1140,-1372],[-246,576],[240,-138],[250,996],[470,16],[-93,346],[-756,-54],[-261,-541],[-219,1025],[-316,-1982],[-505,483],[101,638],[-830,90],[-283,964],[439,705],[460,-922],[331,887],[1202,-22],[392,-646],[602,836],[605,-578]],[[1335795,2403092],[872,-302],[-938,-290],[66,592]],[[1324553,2404205],[-44,-7],[-60,6],[-75,14],[-87,58],[-25,95],[2,64],[36,100],[51,33],[81,37],[105,0],[94,-70],[41,-60],[-1,-53],[-34,-97],[-40,-78],[-44,-42]],[[1330571,2405551],[188,-257],[-339,-198],[-649,221],[473,604],[327,-370]],[[1325069,2405458],[179,-510],[-755,1138],[576,-628]],[[1328120,2406579],[347,23],[531,-1301],[-1572,-762],[-120,553],[741,458],[-311,230],[384,799]],[[1324571,2406282],[-300,-1231],[-551,-246],[358,-231],[-87,-799],[-1008,273],[-318,1151],[427,-201],[683,428],[217,1012],[784,510],[-205,-666]],[[1325283,2407167],[719,-121],[179,-569],[-1024,87],[126,603]],[[1329851,2407189],[114,-317],[-48,671],[526,207],[330,-1308],[-686,-335],[68,677],[-806,-1158],[-478,324],[-10,939],[544,245],[194,737],[252,-682]],[[1328036,2407782],[-425,-383],[-29,391],[454,-8]],[[1326333,2408565],[1122,-1334],[-916,-186],[-523,862],[-857,-373],[286,661],[888,370]],[[1331536,2409866],[250,-929],[-791,-623],[-389,791],[502,1178],[428,-417]],[[1328812,2412083],[1266,-533],[97,-1815],[447,-382],[-613,-221],[-697,552],[59,-698],[-521,399],[-371,-434],[317,-775],[-1145,-98],[-105,1309],[-528,-1240],[220,1436],[-482,669],[467,1838],[1589,-7]],[[1251923,2160969],[-2267,2226],[1216,2192],[1272,-26],[-520,708],[-1958,129],[-1518,591],[-4583,-664],[-4270,-2462],[-605,290],[517,-569],[-377,-255],[-1859,582],[-364,1823],[15972,21115],[1166,914],[659,77],[537,-480],[1013,543],[-69,802],[1299,3418],[1033,281],[4286,2778],[3686,3408],[5110,5610],[1398,954],[1377,400],[876,-283],[133,-735],[-495,-32],[279,-1389],[1269,-1784],[748,227],[-113,1668],[2150,3166],[-202,329],[-324,-213],[-119,513],[611,2746],[1904,2537],[3090,2703],[3942,6856],[1549,4032],[2259,2807],[492,-136],[-418,-1967],[448,-2480],[-729,-1900],[-582,-525],[657,-7],[144,-997],[-44,1029],[384,338],[-100,-1514],[-406,-303],[779,-1646],[1745,-1106],[2643,2618],[860,-138],[542,696],[2694,1490],[-1609,2593],[253,3840],[-2814,1273],[-480,898],[-1100,790],[-3710,1881],[-1801,1879],[-50,916],[1607,3025],[9420,9208],[925,2304],[-119,1601],[4925,5699],[4025,5714],[2377,1948],[1058,-53],[-748,-725],[351,-1077],[721,-331],[3483,1157],[1694,-34],[2054,1025],[3086,753],[2272,1206],[2474,614],[288,-236],[-310,-768],[-843,-1073],[361,-354],[720,94],[2294,1472],[3775,4727],[1655,673],[876,1919],[1992,-594],[1294,1474],[960,7000],[1477,1356],[-657,1936],[154,2030],[2062,489],[1625,-1576],[3266,-1373],[724,1448],[-611,906],[-200,2360],[-193,3746],[344,3170],[-1093,307],[-668,1715],[-1771,322],[-1293,-1658],[-753,-341],[-317,-1319],[-1107,-4],[-1305,9120],[-1014,2330],[336,893],[-784,5962],[448,1755],[1609,667],[1050,-1229],[2834,-23],[2096,592],[1559,2035],[-434,1682],[-1352,1874],[-744,4405],[-2137,7090],[1134,826],[53,-750],[1539,-1188],[1345,-441],[2272,419],[1903,-721],[1402,44],[-56,511],[813,593],[-202,808],[1042,50],[2620,-1473],[649,520],[139,1927],[1250,1170],[989,396],[1682,-48],[1057,827],[817,1982],[-304,2126],[1805,2132],[340,1725],[2339,555],[495,641],[2939,1537],[4074,-272],[387,372],[132,1266],[1932,-762],[760,110],[2399,2041],[349,2204],[-1856,366],[-64,-493],[-1016,-597],[-747,895],[-289,-218],[-17,552],[-374,-315],[-347,128],[68,416],[-663,35],[177,613],[-1013,-174],[288,368],[-2288,2407],[-306,1098],[727,96],[-473,2404],[-1822,1091],[-2660,-1588],[756,-1726],[46,-1560],[-363,-2496],[-953,-1293],[-907,-579],[-2405,-535],[-2213,1214],[-1852,-199],[-1159,-1183],[-1879,470],[-4698,-4216],[-2198,-750],[-601,-636],[-1559,-288],[-1005,-1921],[-638,-38],[-231,918],[-2176,-848],[352,-1182],[-1147,-2527],[-759,-395],[-1156,227],[-2432,1875],[-431,-274],[-1238,612],[-1032,-431],[-416,-1421],[-4150,760],[-1195,-160],[-371,-373],[449,-826],[-886,-433],[-1557,1283],[-1262,401],[-2608,-652],[-937,-1349],[-642,-275],[-519,989],[-1162,-49],[-561,1049],[-1376,166],[412,-178],[-363,-256],[153,-327],[589,125],[-276,-448],[-1397,535],[-913,950],[-64,774],[-984,-539],[-790,883],[-474,-784],[-1723,422],[-1234,3432],[-473,-432],[-669,151],[145,842],[-1187,1478],[-2822,941],[-456,1700],[341,1502],[-549,556],[2280,405],[-15,-714],[1563,1102],[39,461],[-621,510],[998,1093],[583,1599],[714,401],[-24,1173],[-3452,1962],[-993,-833],[-1431,1030],[-859,1127],[-9,859],[-720,-990],[-649,153],[-952,-1146],[-1118,-47],[162,1008],[-579,888],[95,779],[964,479],[-665,3412],[986,-519],[527,243],[521,1381],[849,867],[-1927,5039],[203,707],[853,-257],[403,1094],[287,-286],[716,200],[-78,968],[860,94],[-41,-609],[1491,921],[1008,-214],[358,439],[-705,805],[1435,1145],[1285,2030],[73,1610],[849,-61],[277,543],[646,-438],[-377,-747],[240,-888],[551,-107],[-267,215],[491,189],[-103,870],[299,152],[-281,997],[1155,265],[111,-928],[727,-725],[-122,1831],[695,468],[-415,386],[1091,296],[2051,-332],[-45,-1066],[303,530],[867,214],[262,-446],[-321,-540],[1074,275],[-30,-714],[2492,204],[726,1009],[-1002,1205],[1422,391],[1069,-1155],[495,688],[-650,258],[229,979],[299,-177],[609,560],[972,152],[525,-609],[831,237],[-283,903],[654,446],[960,-653],[150,353],[393,-116],[-75,1307],[559,-73],[652,1334],[581,165],[487,749],[1087,392],[719,-165],[59,1247],[881,745],[-2052,-44],[1937,1495],[1099,1880],[1486,995],[-673,482],[-233,998],[123,386],[369,-367],[586,300],[-881,841],[1428,-57],[-1,371],[-1122,-184],[-152,285],[1247,1013],[-347,354],[125,508],[559,76],[121,1426],[-1248,1093],[-3383,-189],[-828,1687],[-2639,-182],[-1978,-580],[-551,2151],[1137,991],[24,740],[-1681,2608],[-3028,478],[-675,-745],[-588,-2610],[-2438,-965],[-1911,-2254],[-1506,2044],[-123,1828],[513,1112],[-405,9],[-64,-498],[-487,330],[-900,-1518],[-387,115],[-2188,-3917],[-1111,-1122],[75,-645],[-591,-706],[-656,195],[4,-399],[-631,149],[-177,-309],[-724,222],[183,-671],[-410,-405],[-256,598],[-498,6],[183,387],[-1163,-153],[-224,-155],[673,-140],[243,-488],[-513,-1007],[-1163,-724],[-525,314],[239,1136],[-571,-361],[-592,-1936],[-703,-627],[736,-1415],[-791,-598],[-609,535],[-639,-765],[216,-905],[594,-25],[-453,-403],[322,-199],[-239,-976],[-1102,30],[743,-987],[-1104,504],[-94,-1103],[-633,-596],[-10,-379],[1351,61],[231,-879],[-912,-500],[-290,526],[-482,-20],[-542,-2764],[-459,-394],[1493,-232],[-459,-1281],[-891,-643],[-27,-497],[601,336],[132,-476],[-640,-600],[24,-662],[-664,203],[312,-518],[-595,-762],[846,-678],[-64,-1065],[-894,-292],[-1758,1219],[-3463,-9533],[-191,-2123],[-560,-1127],[-1627,-887],[-1153,-60],[-413,-605],[-1127,629],[-917,1410],[-366,2113],[-1380,2999],[-2071,2331],[-2774,4122],[-773,-84],[-893,634],[-3681,3590],[-7888,6053],[-1930,3253],[-291,1855],[-2846,3607]],[[1719691,2607457],[13,-5]],[[1420448,2138810],[-22,-15]],[[3635549,3000481],[-2021,-1237],[-2689,-4259],[-2275,-1976],[-4830,-2263],[-5070,-1668],[-2002,-1431],[-6330,-3297],[-4025,-941],[-2323,-1468],[-1728,-448],[-1402,-80],[-1197,400],[-6103,-88],[-4816,-1230],[-7874,-1122],[-7557,64],[-5386,936],[-7327,-398],[-2159,339],[-4315,1760],[-2414,131],[-1822,-579],[-3854,176],[-3537,-512],[-7744,2684],[-3087,1736],[-1122,107],[-5868,-924],[-9373,-4095]],[[3515299,2980798],[-6689,-195],[-2849,314],[-5557,2486],[-1445,1110]],[[3498759,2984513],[-1587,1626],[-904,2342],[-1111,1495],[119,2959],[1063,2263],[177,1566],[-3367,2611],[-3248,1103],[-3151,2201],[-1103,3422],[-2155,3107],[-2247,1096],[-1753,4],[-1199,-400],[-1727,-1548],[-2009,-712],[-1793,138],[-1563,673],[-528,1002],[71,967],[1247,5006],[-878,1122],[-1353,415],[-1213,-553],[-685,-2917],[-897,-1071],[-931,-397],[-1335,86],[-2144,1451],[-3005,1036],[-1582,1174],[-1107,-52],[-2337,-1848],[-1178,-34],[-2073,276],[-2636,1675],[-334,1433],[843,1519],[5061,1450],[897,898],[-123,1312],[-897,570],[-3356,-553],[-1687,104],[-720,552],[-334,1123],[88,4661],[-809,1329],[-4305,1796],[-4868,4730],[-5166,-328],[-1143,1295],[-421,1122],[-264,4903],[-738,1537],[-3462,2113],[-2880,-745],[-1121,63],[-1586,1947],[-505,3498],[1326,1516],[-298,973],[-670,452],[-2904,144],[-487,-711],[-641,-2880],[-1000,-1239],[-1060,-580],[-1527,255],[-1402,826],[-2643,3146],[-1279,627],[-1760,-1802],[-1166,-501],[-4315,1491],[-716,-251],[-911,-1144],[-2011,1184],[-1283,-1786],[-2003,541],[-2420,-317],[-2500,-1194],[-903,-1917],[-1608,-640],[-2399,1731],[-3317,1663],[-662,-173],[-974,-1561],[-910,-510],[-2962,2903],[-601,-364],[493,-1320],[-451,-659],[-3408,-160],[355,1553],[-201,1172],[-2126,1409],[-2666,91],[-882,574],[-4167,40],[-3370,1975],[-2191,-1117],[-1897,1027],[-3059,-2765],[-4264,-454],[-2298,700],[-1961,-716],[-3115,67],[-425,-1177],[1333,-1553],[-213,-708],[-689,-468],[-2226,-945],[-1165,272],[-2035,-643],[-3170,-2017],[-4959,-432],[-562,-947],[-23,-1552],[-1507,-1987],[-1134,-301],[-1122,428],[-2671,-414],[-2931,-2036],[-2116,-2125],[-3883,-1218],[-728,940],[-269,1933],[-1778,1574],[-977,34],[-2462,-2210],[-949,284],[-321,1778],[-598,434],[-1063,-199],[-1787,-1581],[-972,-200],[-1276,663],[-134,1738],[-1197,479],[-1698,-3170],[-808,-71],[-1612,875],[-1023,117],[-576,-386],[-393,-1073],[-667,-113],[-1176,813],[-932,147],[-1007,-541],[-1028,-1270],[-2278,356],[-1156,-1769],[-742,-437],[-1471,2126],[-1091,292],[-2840,-1414],[-3580,-466],[-3257,-966],[-2129,-1597],[-1031,25],[-572,1196],[-1601,913],[-4031,-1780],[-2906,1081],[-1249,-317],[-621,-921]],[[3254109,3032919],[-1091,-1109],[-1331,-50],[-881,876],[-405,2251],[-3639,-915],[-3101,2084],[-1694,-152],[-1210,-832],[-812,-51],[-1218,1233],[675,2608],[-388,637],[-968,188],[-1573,-594],[-778,119],[-327,1453],[-674,791],[-3361,936],[-2731,-988],[-363,-846],[-619,-362],[-1484,1741],[-1868,-16],[-2890,-3686],[-594,-138],[-1928,410],[-2578,-1096],[-2281,821],[-1568,56],[-1025,-1277],[388,-3042],[-1357,-826],[-1186,494],[-1602,2334],[-544,160],[-1300,-757],[-1737,35],[-1878,1820],[-1307,-263],[-1654,-979],[-2922,1064],[-1812,-258],[-2397,-1062],[-1608,-1379],[-2513,489],[-2537,2216],[-1032,226],[-2596,-286],[-2165,231],[-804,-360],[-847,-1084],[-2197,-548],[-2844,1878],[-439,675],[155,492],[-4629,4302],[-2949,49],[-3932,3450],[-699,-333],[1027,-2240],[-530,-791],[-1228,-281],[-1229,666],[-2294,191],[-2455,-575],[-1111,345],[-2160,2527],[-1159,-281],[-2023,1164],[-2103,2728],[-1130,634],[-1209,-417],[-2554,-2850],[-1452,-816],[-1939,94],[-384,2183],[-1096,583],[-1481,-756],[-151,-2581],[-1012,-934],[-4300,1422],[-3791,-634],[-452,400],[174,1789],[-729,616],[-3300,705],[-3074,1972],[-2040,-1023],[-2215,1794],[-2680,666],[-1124,1833],[-2022,1384],[-1332,45],[-1086,-747]],[[3104816,3054564],[205,-1119],[1766,-433],[636,-955],[-1183,-998],[-2084,-209],[-1580,-1190],[-653,-1649],[901,-2135],[-414,-547],[-892,9],[-1819,1353],[-2420,919],[-1104,946],[-715,1718],[-3118,1258],[-573,-452],[27,-1458],[-539,-634],[72,-3628],[-380,-678],[-741,-86],[-353,364],[291,2162],[-999,1214],[-2083,330],[-3611,-948],[-1631,-1049],[-2358,-3397],[-1456,-851],[-4344,1066],[-459,-191],[-230,-773],[637,-1493],[-26,-1137],[-3470,-392],[-405,-816],[1,-2205],[-1279,-1146],[-1826,277],[-3023,-408],[-1690,1805],[-548,61],[-791,-790],[-247,-1944],[-526,-167],[-1068,866],[597,2445],[-351,1377],[-1638,188],[-2661,-1518],[-2645,1520],[-2984,421],[-802,-234],[-316,-856],[482,-2519],[-225,-1347],[-1084,-356],[-2012,921],[-380,1099],[-1770,2349],[-791,116],[-1509,1332],[-1650,221],[-531,-489],[108,-678],[3127,-3386],[345,-1427],[-120,-2286],[-847,-1033],[-962,138],[-2677,2229],[-812,251],[-874,-608],[-730,-2657],[-1298,-200],[-1351,355],[-1759,-923],[-666,-1123],[-2570,-1074],[-1156,1173],[-389,2470],[-1103,760],[-1424,-1248],[-628,-3597],[-1842,-624],[-774,960],[-284,1350],[-3318,1575],[-1798,2020],[-442,1822],[-876,366],[-785,-401],[-232,-628],[1488,-1943],[131,-922],[-418,-461],[-1175,-246],[-2486,804],[-1334,-124],[-462,-600],[-61,-1183],[798,-1905],[-824,-656],[-1294,-1],[-1091,965],[-358,1900],[-1065,1339],[-1102,55],[-1214,-592],[-288,-1493],[1237,-1471],[447,-1555],[-797,-979],[-933,75],[-1116,721],[-1782,1970],[-1386,2568],[-870,638],[-1405,138],[-3424,-934],[-982,409],[-192,1020],[803,2313],[-330,880],[-791,645],[-2140,613],[-1515,-1244],[-1540,-37],[-848,1173],[-924,37],[-385,-378],[770,-1324],[-1887,-454],[-809,-1590],[270,-2384],[-1117,-794],[-308,-984],[-1503,76],[-308,-1211],[-1232,227],[-3159,-2233],[-1001,-151],[-2580,567],[-963,-454],[-2427,-37],[-3582,946],[-1640,-424],[-7395,316],[-3162,-653],[-8703,682],[-2204,-216],[-2399,-984],[-3108,0],[-3588,-717],[-2671,143],[-1940,-676],[-3877,-3756],[-3162,-1846],[-2467,-1009],[-4895,-868],[-8952,375],[-8322,2887],[-4320,-268],[-3304,-1251],[-7330,-4747],[-4590,-3530],[-1886,-1929],[-7677,-2592],[-3794,410],[-3553,-1519]],[[2857904,3002847],[-4778,-1248],[-862,-1448],[-811,-388],[-1962,-2186],[-737,-1323],[-2420,-1642],[-3380,-3806],[-2412,-876],[-1753,-1316],[-4048,-437],[-740,446],[-871,-224],[-3460,1330],[-4753,2779],[-1932,608],[-538,1020],[-1397,732],[-316,-180],[-1119,1642],[-532,21],[-698,715],[-5284,1892],[-3664,365],[-2467,1930],[-1630,129],[-1460,1115],[-1662,255],[-2055,1483],[-1323,79],[-3370,2566]],[[2795470,3006880],[-418,955],[-986,593],[-305,1131],[409,1162],[-645,1844],[480,536],[-1211,1846],[-2175,1242],[90,1875],[778,869],[904,177],[232,531],[-1493,3935],[179,1588],[570,772],[-545,902],[-2055,1396],[-1805,265],[-1434,-270],[-1758,652],[-1812,78],[-763,697],[-1586,11],[-235,859],[694,783],[-983,1105],[-930,514],[-2782,51],[-1491,1497],[-74,2561],[-997,1792],[271,612],[-1410,1449],[-139,955],[-1909,1614],[-949,1488],[-219,2019],[-417,611],[134,1102],[401,288],[-184,1076],[666,543],[295,1090],[-377,1100],[-588,384],[-457,2977],[-742,1754],[1271,2140],[948,396],[676,886],[1307,399],[132,1302],[-320,409],[474,480],[-247,1045],[1056,1339],[585,84],[241,1586],[2174,1154]],[[2891113,3262334],[3279,-1495],[3333,838],[1453,979],[261,790],[1211,550],[1898,-448],[1693,726],[1391,-550],[703,1046],[1350,-111],[1123,599],[3299,-953],[533,725],[1491,418],[995,1],[977,-613],[3718,2285],[1346,-794],[2375,420],[1216,-251],[957,905],[1473,400],[1415,2028],[-1060,2913],[-74,2444],[922,482],[1787,40],[605,1054],[2708,722],[3096,-230],[8252,1025],[6577,-190],[1171,-411],[1780,-1827],[3446,-483],[1586,-685],[536,-1627],[60,-3472],[332,-523],[2820,-575],[2227,1214],[1326,143]],[[2966700,3269843],[4635,249],[3852,-1464],[2480,1065],[1747,2095],[443,1874],[2381,918],[2800,-559],[1756,-2005],[2438,-611],[3647,456],[1104,725],[1548,327],[1029,2008],[1234,146],[1107,-957],[-126,-2586],[-864,-1791],[-847,-416],[-810,-1249],[685,-2296],[-73,-1320],[646,-560],[1326,-16],[2208,2208],[1602,906],[2124,369],[2390,-401],[4640,2175],[1787,37],[3797,-2075],[1568,-1627],[1197,-143],[939,326],[1324,2858],[1749,1069],[1383,-650],[553,-759],[1754,-4338],[1695,-505],[1326,453],[1933,2099],[202,1085],[-1126,1862],[37,524],[827,1447],[1234,508],[1291,-505],[756,-1175],[242,-3201],[-570,-1826],[186,-1628],[682,-957],[1198,-144],[865,579],[52,4575],[716,188],[2951,-1125],[479,271],[1300,2783],[1924,1207],[3792,-1037],[3206,490],[2638,-320],[1656,-1522],[2102,-3687],[2711,-767],[3568,1234],[7022,-785],[6282,1522],[4273,2009],[1022,-119],[2442,-1217],[995,0],[4289,2114],[1234,92],[611,-558],[1132,-3194],[2738,-114],[1603,-1753],[866,-253],[1047,897],[1215,2663],[1587,962],[4633,-2430],[1513,183],[1273,1349],[737,247],[1093,-395],[857,-1210],[661,-198],[1125,531],[1521,-9],[1845,969],[2651,661],[5618,325],[1188,1595],[3624,-19],[1008,-198],[1020,-1291],[639,-1460],[-522,-1926],[787,-1192],[1266,-488],[2541,459],[1791,-1464],[-133,-790],[-1847,-601],[-1171,1334],[-378,-6],[1068,-2134],[-67,-715],[-698,-750],[302,-990],[5002,-918],[1492,-1247],[516,0]],[[3145039,3254225],[1492,315],[2058,-1071],[1528,687],[1478,-808],[1310,625],[2077,-579],[4215,459],[4749,-2269],[955,-74],[7860,2626],[1198,2131],[1441,1083],[244,1617],[505,239],[1160,-313],[824,496],[543,863],[169,2168],[1497,1377],[2040,312],[3799,-332],[2901,-1158],[449,128],[225,1268],[674,753],[4155,1156],[674,753],[-12,855],[-1728,891],[-186,2424],[-524,1323],[2546,2130],[1030,55],[766,-2554],[1535,-772],[1497,1212],[2155,4022],[2658,1469],[4118,-112],[1140,-1801],[1628,-845],[4100,622],[131,477],[-1067,552],[19,735],[1990,1948],[-736,542],[-1237,-868],[-1326,271],[-299,625],[300,881],[992,826],[2040,-938],[1947,1138],[899,55],[1216,-1305],[1984,-1],[972,-1213],[468,386],[788,2387],[2209,-56],[4174,1155],[2714,53],[1485,-1428],[1518,-514],[1177,1065],[1059,2490],[1615,570],[-114,849],[773,1013],[1119,47],[2466,-1660],[2289,-820],[1867,-67],[6181,1526],[3277,-388],[2038,402],[881,716],[1199,2038],[824,257],[861,-221],[1308,-3216],[1608,-1673],[3406,-903],[1459,-1012],[3387,-609],[901,-961],[116,-1467],[450,-292],[2021,499],[1367,-340],[1638,369],[897,-736],[2396,-223],[2020,-1012],[6066,1353],[356,220],[-429,1286],[581,735],[2376,-315],[1556,1670],[1010,17],[1646,-975],[1666,533],[389,-983],[1601,-353],[641,-1055],[1000,-611],[513,-2141],[916,-415],[1115,-1624],[-686,-1136],[-885,42],[-264,-609],[557,-1014],[1842,751],[389,-517],[-566,-763],[-1160,-268],[-222,-506],[2117,-188],[1059,491],[688,-1754],[1221,-260],[2209,-1895],[863,-218],[52,-765],[-1074,-1210],[1602,-797],[33,-1082],[1288,-1017],[714,-1479],[1991,225],[852,-311],[-51,889],[699,159],[4732,-2203],[2222,-199],[363,765],[1786,-189],[530,2026],[738,650],[884,-249],[609,-1097],[-1443,-639],[10,-382],[3169,-315],[1498,1508],[731,-1937],[14,1541],[1708,227],[424,-1604],[931,-1065],[-349,-1250],[1136,-787],[282,-1365],[1841,-1595],[1654,473],[211,744],[1225,-106],[620,1024],[1987,-1936],[2982,1174],[730,-136],[1448,-1304],[2306,79],[312,-2708],[926,-426],[567,-910],[1327,-2],[-291,-1817],[514,-1304],[2510,109],[284,-394],[-1073,-443],[126,-499],[1538,205],[1520,-2398],[1727,60],[1588,-1171],[1516,-3],[998,-1500],[600,-249],[4329,861],[1843,-116],[2072,-924],[1802,607],[1350,1466],[1853,-1001],[1248,957],[2307,85],[2629,1641],[950,1342],[1117,587],[-113,1447],[5795,1996],[517,578],[-72,1023],[1339,1104],[2286,316],[1695,-406],[1402,1155],[1248,-770],[1540,973],[1448,-838],[807,699],[1980,-501],[625,721],[2197,-860],[949,649],[937,-177],[2823,728],[2308,1102],[873,-457],[240,-1096],[853,-74],[588,-632],[928,195],[1051,-622],[2361,1080],[2332,177],[5063,-5868],[100159,-124463]],[[3537247,3122742],[98302,-122261]],[[3515299,2980798],[-2035,-2492],[-1539,-9859],[-1873,-4131],[-3479,-2931],[-1993,-555],[-1596,137],[-1336,-912],[-2276,-5188],[-3055,-3555],[-571,-3008],[-1280,-1357],[-3862,-2501],[-1226,-1540],[-1655,-4368],[-70,-3638],[-697,-1933],[-5682,-2726],[-3056,-688],[-1648,-1529],[-390,-3516],[805,-5302],[-3702,-6298],[-3602,-4769],[-5984,-6874],[-3422,-1853],[-2426,-2623],[-1945,-422],[-1812,-1196],[-1089,-7403],[-2745,-4955],[-3147,-1751],[-1087,-2395],[-2293,-669],[-1049,-1802],[-2587,-2437],[-4421,-5929],[-2606,-5968],[-2179,-368],[-1391,-2540],[-3878,-3341],[-3836,-2617],[-1965,-552],[-3680,1390],[-3751,-1370],[-1582,1171],[-1289,15],[-2691,-1496],[-1698,-2675],[-1753,-1568],[-4207,-1232],[-2139,-1554],[-2808,-634],[-5134,-2329],[-10199,3974],[-2181,-33],[-2408,-849],[-1836,533],[-5007,-397],[-4314,2873],[-1503,768],[-900,27],[-4907,-4845],[-1441,-602],[-1517,-1500],[-1288,-759],[-3321,-380],[-3335,-2369],[-1694,-1718],[-453,-3170],[-1982,2],[-2100,-1046],[-3287,-27],[-1053,-1280],[-4685,-2867],[-1362,-1894],[-1416,-687],[-1966,-314],[-1802,-974],[-1124,-1107],[-2158,-791],[-1219,-1228],[-2630,-4686],[-6027,-1385],[-6697,-5702],[-2073,-772],[-912,-1222],[-1446,-815],[-372,-1957],[-1102,277],[-1353,-610],[-1984,-2119],[-646,-47],[-485,638],[-471,-15],[-965,-939],[-2025,-212],[-930,-794]],[[3288311,2801142],[-1949,-3208],[-2875,-3120],[-8579,-5978],[-697,-1753]],[[3274211,2787083],[-4108,44],[-3537,-2881],[-1170,-1959],[116,-2567],[1934,-6118],[240,-3445],[-735,-1563],[-2574,-2811],[-2979,-5399],[-1259,-624],[-3780,-3172],[-2782,-1154],[-941,-1620],[-1203,-537],[-2200,-2085],[-2412,-1261],[-5690,-6008],[-13068,-8309],[-1716,-2722],[-765,542],[-1204,-996],[-1004,157],[-138,-1254],[-2895,-3736],[-2323,-1852],[-1079,-1572],[-3597,-2422],[-1172,-1305],[-1098,-186],[-1695,1115],[-1457,259],[-2148,-1165],[-2201,44],[-2378,-884],[-4217,-232]],[[3196976,2719405],[-8957,-4733],[-1797,-1909],[-1155,-1956],[-65,-2646],[-562,-1665],[-5506,-4730]],[[3178934,2701766],[474,-1772],[1141,-1527],[559,-1867],[-166,-1087],[-1244,-1110],[-1555,-555],[-2826,-2575],[510,-2554],[-2115,-4985],[-690,-3173],[-1184,-2408],[-983,-5148],[-2287,-312],[-1028,-660],[-2873,-5952],[-1970,-1737],[-690,-1163],[-2031,-1549],[-835,-4820],[-4420,-5376],[-1017,-412],[-3200,156],[-917,-553],[-398,-1070],[-796,-241]],[[2332059,1111974],[-161830,-45189]],[[2170229,1066785],[-1005,2822],[-1216,534],[-3487,-4369],[-1454,-1217],[-2079,-82],[-1365,883],[-459,1076],[290,1214],[-1469,4774],[80,1886],[1201,1701],[1176,4204],[-1199,699],[-439,1025],[226,539],[-3160,-19],[-1748,707],[-1091,-628],[-537,-1218],[-832,-728],[-1491,80],[-1778,1034],[-1632,1579],[-209,4286],[-485,599],[-1935,864],[-1015,-46],[-914,-2954],[-901,-755],[-1310,-174],[-3607,1923],[-171,1080],[461,-104],[289,1038],[-1361,3632],[-727,-288],[-1394,-2021],[-5069,833],[-768,1115],[-1372,798],[-1327,5054],[-1628,2193],[-503,4306],[-2266,1402],[-2997,570],[-1850,1022],[-894,1939],[202,3049],[-1428,1781],[-3102,1540],[-5051,56],[-2062,1287],[-509,2225],[712,1826],[1752,2659],[-318,951],[-3757,-1549],[-3830,-742],[-696,-1184],[-1810,-984],[-1635,-1641],[-1950,-742],[-5483,1155],[-1129,1760],[-2679,469],[-474,518],[-264,1450],[1089,1685],[879,518],[580,2193],[70,2365],[-720,1048],[-1019,86],[-545,-639],[-422,208],[-1054,-1364],[-905,-470],[-959,-1863],[120,-1376],[-658,-678],[-2481,-300],[-4726,1320],[-440,1157],[-1915,2123],[-949,2452],[949,3271],[984,1848],[-123,2513],[-5418,4910],[299,1554],[-1250,1918],[-183,916],[-154,2333],[427,2143],[-1101,1746],[-828,3389],[-1138,2222],[-2681,653],[-580,926],[-510,2339],[277,1311],[-246,570],[-3364,2631],[-2050,306],[-1966,-472],[-1181,682],[-378,1401],[-983,432],[-2253,-2214],[-3504,-2606],[-786,-1222],[-969,-472],[-758,-2417],[-2402,-3138],[-154,-695],[-1410,-561],[-1005,-1286],[-5954,709],[-2120,-1347],[-1095,-28],[-3300,2181],[-1207,3152],[-1411,2348],[-1440,194],[-617,1597],[-1812,-4263],[-1544,-625],[-1348,278],[-1150,1388],[55,1070],[-1109,416],[-2489,2768],[-106,1236],[-2446,774],[-1783,2125],[-4718,2430],[-969,2459],[1896,3207],[-952,2853],[-3021,744],[-3450,-60],[-6252,2144],[-1840,1639],[-1362,597],[-2145,2220],[-2398,684],[-2067,1896],[-780,1513],[-216,1197],[275,527],[-2251,1695],[-2297,3331],[-899,14],[-950,627],[-1710,-82],[-5710,3394],[-4075,603],[-2114,-154],[-4170,2528],[-3131,903],[-3199,2585],[-1082,452],[-457,1165],[-2398,2461],[-1812,-431],[-1019,912],[-1985,412],[-3398,-1254],[-1235,403],[-2050,-2472],[-1320,-778],[-1236,-6429],[-1572,-1722],[-800,-2013],[-4739,-4097],[-400,-876],[-2411,-2362],[-3261,-1387],[-2274,-1860],[-1713,42],[-6767,3027],[-2724,125],[-1067,792],[-933,84],[-793,1429],[-3707,-208],[-2167,428],[-6264,4556],[-2415,84],[-4352,-2541],[-2523,-474],[-2447,377],[-1460,1263],[-3622,1486],[-4029,931],[-2492,1670],[-2014,635],[-2027,1553],[-2367,4237],[-2289,208],[-3972,2389],[-5546,-486],[-1305,458],[-1404,1028],[-2415,3729],[-1501,1255],[-2466,1185],[-1432,83],[-1236,-430],[-3977,884],[-4723,-1669],[-2423,711],[-1000,903],[-2207,4004],[1980,4110],[-114,3153],[-1919,290],[-4046,-1374],[-2063,458],[-1301,1078],[-1016,3963],[-576,486],[-835,-97],[-456,916],[-2289,1373],[-730,1737],[-744,722],[-870,-194],[-125,-1848],[-758,-1875],[-1036,-1257],[-1350,-622],[-2574,1005],[-1638,1346],[-1551,124],[-1683,994],[-1246,-451],[-1158,-1047],[-2489,-175],[-1291,-639],[-3197,1046],[-2569,-542],[-1361,639],[-875,-30],[-456,-573],[-424,589],[-4225,-888],[-3986,555],[-3665,1656],[-3852,492],[-448,495],[-530,2266],[-1720,1128],[-3529,-1838],[-2111,-310],[-1527,1181],[-1507,2702],[-440,1297],[400,1376],[-142,1630],[-777,1321],[-7124,7151],[-2796,7769],[-1965,591],[-1867,-1583],[-341,-1795],[-870,-1055],[-1684,-389],[-2040,1040],[879,3976],[-716,1541],[-1628,458],[-3509,-1597],[-1572,264],[-449,2262],[140,597],[2302,2110],[-351,2360],[-591,735],[-2755,591],[-1912,1468],[-948,1319],[-1562,850],[-754,938],[-343,3054],[-1211,1198],[-1554,761],[-2878,504],[-720,-451],[-807,295],[-1644,3238],[747,1698],[1281,1007],[-1900,1079],[-1802,3536],[-843,642],[-6771,1037],[-1649,1198],[-2226,233],[-638,1159],[339,1634],[940,333],[2683,-578],[2049,45],[504,147],[111,499],[-570,1073],[-2664,156],[-1210,777],[-2058,3706],[949,1563],[71,1876],[-1774,2224],[-668,486],[-3284,296],[-1688,665],[-2764,-341],[-1028,598],[-1323,-45],[-1369,2692],[-137,1925],[-1049,2482],[-942,933],[-1923,776],[-3689,448],[-2049,-512],[-1941,-1499],[-1411,-2957],[-883,-990],[-2103,-1045],[-2677,761],[-2776,2373],[-106,2000],[882,3535],[-2535,6749],[-1205,1750],[-3285,1499]],[[1651721,1336403],[-2646,1089],[-1855,2752],[-639,-556],[-807,-2210],[-1915,-603],[-1947,-1218],[-337,-653],[-2579,-181],[-2020,712],[-1741,93],[-1080,1263],[-280,1799],[-1167,543],[-3766,-2025],[-286,-1164],[-749,-435],[-1676,1637],[80,4181],[-707,2235],[-1409,980],[-3453,-1970],[-2342,840],[-1784,1915],[-130,1265],[809,1295],[-20,2730],[-3047,2493],[-1555,699],[-1397,-43],[-3102,-3833],[-1924,-467],[-2423,777],[-1083,2582],[-588,406],[-5138,-5368],[-883,-3575],[-442,-4469],[-791,-873],[-1902,-1038],[-2148,-664],[-1876,313],[-916,915],[-1001,2187],[-1336,980],[-2812,-607],[-5753,-2964],[-3342,-506],[-904,28],[-363,445],[27,-40533],[-2546,-1624],[-1620,-431],[-590,331],[-287,1475],[1486,2147],[78,905],[-957,1523],[-1771,712],[-3357,-994],[51,-3182],[-422,-1111],[-641,-364],[-8334,-67],[-3506,558],[-2145,-392],[-2362,-1061],[-2581,1127],[-4572,4492],[-2298,976],[-9967,-4606],[-2861,-3710],[-799,-2323],[-743,-712],[-1383,-183],[-1569,2321],[-2581,646],[-995,812],[-2389,3724],[-1383,3117],[-1270,1140],[-1794,999],[-1491,88],[-1328,-487],[-700,-1084]],[[1504949,1302364],[-2841,-1917],[-1080,99],[-573,763],[742,2801],[-67,1259],[-811,1013],[-1214,446],[-5432,-1044],[-2935,1690],[-3779,746],[-996,-448],[-1461,-1914],[-675,-321],[-1940,1647],[-2404,3077],[-1845,984],[-2130,-2776],[-3384,-1212],[-4197,-3294],[21,-974],[897,-663],[2906,387],[563,-1485],[-359,-1036],[-1698,-1036],[-3142,-715],[-3015,3678],[-1877,1647],[-3595,590],[-3406,-1005],[-1223,-1149],[-2900,-653],[-4533,-3895],[-2183,-777],[-4133,2124],[-5093,1429],[-938,-145],[-1835,-1336],[-2456,197],[-2425,-632],[-812,166],[-2541,1201],[-3005,2217],[-3069,1419],[-42,881],[1487,849],[517,870],[-612,1129],[-1065,497],[-1571,-673],[-1574,-1426],[-3332,-97],[-3557,719],[-2896,-857],[-1954,-41],[-1237,773],[-2193,2514],[-764,3002],[-1905,1464],[-1380,-157],[-1012,-594],[-4148,-4392],[-1223,235],[-1012,1229],[-4133,2009]],[[1384470,1311451],[-2028,-1282],[-3352,849],[-1779,-3],[-953,-620],[-1121,465],[-597,2537],[-1986,1641],[879,1432],[1451,1095],[-281,1847],[-650,760],[-3638,2072],[-755,2589],[-2443,3315],[123,3021],[-902,2146],[-613,580],[-165,1741]],[[13942,4869668],[-246,229],[-45,147],[55,50],[112,16],[214,-151],[-6,-249],[-84,-42]],[[13848,4870567],[-2,1],[-2,8],[-10,8],[-1,13],[-7,13],[-5,5],[-26,23],[-9,8],[-5,8],[-2,9],[-1,11],[0,5],[4,5],[3,3],[5,5],[4,1],[10,0],[12,-6],[4,-6],[9,-12],[19,-23],[2,-3],[8,-19],[4,-15],[1,-23],[11,-4],[-17,-16],[-9,1]],[[9283,4882798],[92,27],[119,-122],[229,-460],[270,-104],[404,-346],[102,-653],[450,-550],[802,-320],[768,-189],[78,63],[-55,-93],[263,-211],[520,-256],[288,-74],[93,63],[-17,-128],[69,22],[118,-143],[106,37],[127,-263],[103,-83],[45,54],[88,-305],[-126,-20],[-8,-67],[-149,25],[166,-147],[-119,-17],[42,-91],[-58,-56],[-51,111],[92,93],[-53,37],[-116,-7],[26,-144],[-186,58],[-194,-183],[-126,2],[-50,118],[-143,32],[-87,-160],[-49,107],[74,33],[-178,96],[-91,-82],[-42,59],[-23,-155],[-56,16],[65,138],[-187,86],[-306,-92],[12,-135],[123,15],[-108,-36],[-141,-16],[119,35],[-117,9],[62,112],[-288,-106],[-405,30],[-87,-98],[-23,67],[-189,-101],[-27,-102],[-109,12],[-60,-102],[84,-72],[-235,47],[-494,-455],[-888,-514],[-125,-296],[898,-685],[132,-609],[-455,-52],[-51,-339],[-166,-81],[-46,-124],[-122,168],[-360,227],[-36,-46],[-722,251],[-19,100],[136,31],[596,-100],[41,132],[-552,202],[-318,291],[-151,42],[-35,-60],[149,-48],[-131,-392],[78,-90],[-124,59],[19,-171],[224,16],[26,-120],[152,-34],[-25,-157],[285,-103],[28,-250],[117,-29],[75,263],[197,120],[282,-214],[-65,-92],[-82,41],[190,-321],[425,38],[51,-103],[236,36],[103,-88],[-131,-583],[-118,-22],[-135,100],[-181,-118],[-166,47],[86,-28],[1,-86],[-128,-149],[-566,142],[-363,-99],[-250,27],[-206,-191],[81,-170],[-98,-99],[132,-289],[756,-17],[-49,62],[56,19],[207,-143],[-73,-248],[59,-698],[-53,-72],[115,-673],[-210,-403],[36,-252],[-101,-583],[50,-93],[-88,-241],[118,-343],[42,-521],[121,-138],[45,-679],[-100,-135],[-572,-142],[-566,-542],[94,-512],[-110,-1154],[43,-102],[159,2],[144,-131],[-255,-353],[168,-223],[133,-52],[-209,-533],[-246,-328],[45,-144],[-93,-98],[-58,71],[-61,-58],[-8,-202],[-374,-296],[-149,-299],[-131,-18],[-282,-312],[-290,-82],[-118,-139],[-176,-721],[-25,-735],[-155,-394],[-1,-473],[-178,-925],[6,-679],[-317,-919],[112,-333],[2,-433],[-381,-411],[-86,-226],[-89,27],[-94,-223],[-35,-478],[-288,-691],[-529,-792],[-123,-640],[-195,-173],[-448,-1031],[-684,-952],[-324,-751],[-445,-562],[-560,-155],[-595,511],[-343,137],[21,458],[-214,581],[-205,161],[-161,387],[57,489],[-149,80],[-21,292],[37,1156],[144,587],[617,942],[501,575],[407,774],[135,715],[-25,295],[-172,258],[-62,568],[162,1781],[157,297],[-71,301],[170,257],[-105,257],[133,509],[-298,233],[-56,493],[104,-199],[99,-36],[205,229],[348,162],[-35,159],[-797,-100],[-242,275],[-289,37],[-18,65],[-602,193],[-470,781],[133,570],[385,646],[147,347],[7,291],[235,446],[-19,512],[260,583],[66,351],[-53,349],[140,79],[5,209],[411,266],[60,178],[-3,182],[-218,73],[-248,274],[-83,584],[-312,1049],[423,1022],[495,542],[423,298],[120,325],[849,815],[267,441],[271,105],[-98,389],[-12,530],[116,38],[149,382],[-101,117],[57,263],[-167,429],[202,269],[13,342],[-95,406],[268,481],[1074,1259],[313,134],[690,566],[647,868],[943,938],[340,259],[184,13],[909,393],[87,-39]],[[13629,4884078],[-197,-75],[-164,94],[266,515],[144,-71],[91,-342],[-140,-121]],[[109681,5112308],[142,-436],[348,-325],[79,-858],[204,-269],[513,-141],[674,66],[658,-132],[331,-337],[25,-233],[-215,-477],[-432,-518],[-524,-429],[-60,-276],[275,46],[150,-120],[-98,-285],[-252,-170],[5,-168],[319,32],[286,-725],[181,-100],[1,-81],[-107,-8],[-80,-119],[44,-107],[182,-15],[-11,-99],[148,-67],[7,-201],[305,-360],[6,-217],[-836,-56],[-220,-253],[188,-80],[290,215],[413,147],[176,-147],[301,52],[652,335],[202,16],[232,-323],[-183,-1118],[-279,-206],[-276,-11],[-618,-312],[-457,-116],[-468,-414],[60,-228],[143,12],[128,-186],[-190,-725],[53,-597],[249,-752],[-7,-310],[-224,-373],[-104,-505],[-555,-806],[-304,-594],[-105,-450],[-296,-165],[-152,54],[-695,-95],[-467,-182],[-548,-39],[-472,-172],[-194,-189],[-227,-381],[7,-111],[-264,4],[-170,-239],[-147,41],[-102,-349],[-174,19],[-71,-85],[-369,-677],[-703,-444],[-573,-115],[-228,168],[-647,-91],[-1071,-535],[-89,-268],[-238,-177],[-975,185],[-253,145],[55,94],[-72,397],[-529,884],[173,255],[38,314],[-82,191],[57,114],[211,56],[116,308],[-235,916],[-307,426],[-43,554],[-125,175],[-701,229],[-230,211],[252,306],[74,598],[116,126],[-111,212],[232,61],[131,151],[80,351],[-60,218],[223,544],[-16,913],[-205,218],[123,311],[-121,190],[98,10],[95,260],[44,276],[-80,96],[261,410],[30,314],[251,64],[-252,7],[-5,106],[350,262],[231,377],[184,598],[199,245],[203,803],[239,9],[168,124],[366,388],[103,322],[253,243],[373,70],[377,194],[83,132],[328,-157],[425,139],[203,-466],[118,-81],[485,-132],[95,123],[200,-119],[571,134],[437,306],[581,788],[48,179],[-34,849],[-70,170],[61,403],[148,309],[-148,190],[-133,-33],[216,103],[-41,136],[215,124],[-11,98],[181,-18],[481,186],[69,132],[-50,183],[81,440],[226,-8],[327,117],[129,-116]],[[107779,5114887],[277,-185],[-31,98],[273,149],[83,-267],[-634,-558],[-122,-585],[164,-386],[-146,-406],[191,-45],[82,68],[96,-143],[37,133],[113,17],[39,-114],[254,-104],[-7,-140],[-292,-127],[-371,-914],[-190,7],[-238,141],[-414,-194],[-312,47],[-615,-265],[-21,257],[-139,88],[54,49],[-216,327],[-370,-43],[9,192],[-153,92],[-141,-20],[-21,103],[62,14],[-45,84],[-49,-37],[7,106],[-61,-50],[-112,100],[68,155],[-83,616],[340,858],[134,123],[172,-77],[110,135],[249,54],[-60,342],[86,35],[153,-84],[165,109],[290,-114],[318,199],[444,-68],[432,292],[141,-64]],[[3634330,917085],[-35,-524],[3342,-2727],[4323,-5619],[2327,-3594],[1114,-2776],[-188,-4273],[-1196,-1914],[-2373,-984],[-1164,-1911],[-981,-9245],[-1060,-2822],[-1924,-3133],[-1292,-3704],[61,-4851],[436,-1875],[1894,-4471],[2301,-3382],[1608,-3600],[448,-3574],[-685,-5852],[482,-4082],[1524,-4831],[1322,-2818],[202,-2013],[-408,-1509],[-5389,-2538],[-1845,-1399],[-2056,-3625],[-1292,-3548],[-290,-2072],[884,-11969],[-1490,-3474],[-3876,-3971],[-1596,-2971],[0,-5895],[653,-3363],[924,-1965],[-231,-3364],[-24585,-134564]],[[3604219,646283],[-52973,-290236]],[[3551246,356047],[-64695,-353230],[-758,56],[-1983,-1764],[-2167,-1109],[-176,1805],[-1920,3611],[-3594,3852],[-1925,666],[-2136,1469],[-4072,6422],[-5976,7141],[-5028,3260],[-3327,3986],[-3216,8036],[-2631,2849],[-7111,4603],[-2668,581],[-6688,-428],[-3815,304],[-3421,623],[-3975,1297],[-2605,1554],[-1955,2652],[-744,2102],[60,7645],[1237,5945],[-180,4879],[-581,5260],[-814,3410],[-1682,3769],[-2598,1536],[-8296,2126],[-8269,6076],[-2328,3514],[-1787,4213],[-2571,8567],[-1050,1910],[-1207,1463],[-2878,1949],[-5775,2454]],[[3375941,121101],[-11803,3423],[-2021,32],[-7445,-6850],[-4969,-704],[-3441,247],[-2469,-605],[-3355,-4001],[-6090,-5150],[-6328,-3383],[-4839,-1737],[-9980,-1070],[-3299,676],[-1802,2050],[-1642,2133],[-1901,3616],[-2501,5852],[-1855,1934],[-2711,1653],[-2280,662],[-2764,-713],[-4117,-2662],[-2585,-2987],[-2298,-471],[-2139,2167],[-4614,133],[-2778,635],[-5964,7352],[-3629,3041],[-4397,590],[-3801,-1023],[111528,173715]],[[3367652,299656],[75448,116668],[1421,524],[622,710],[3850,8979],[-1834,1272],[-855,1319],[-1491,6181],[69,4311],[779,3610],[221,5480],[-300,2507],[-851,2618],[-948,1027],[-6956,-43],[-773,-1047],[40,-4603],[-2734,-5055],[-2416,-1491],[-3291,-608],[-1819,-2271],[-1270,-648],[-1690,-421],[-2123,292],[-1956,1019],[-308,1186],[-1243,1759],[-242,2731],[1282,4357],[1765,4081],[-2134,6392],[-2120,2376],[-1637,377],[-1091,-3817],[-1455,-3311],[-915,-976],[-1361,-640],[-2203,-162],[-5134,2217],[-2149,4023],[-1044,4478],[-30,2742],[97,656],[35,-773],[366,364],[-262,845],[297,976],[-536,5715],[-572,1733],[-1498,1997],[-1389,4631],[-738,1068],[-2550,1035],[-3163,-138],[-5139,-1735],[-4688,-3670],[-2567,-1345],[-5890,-1224],[-1585,90],[-2121,735],[-5919,3685],[-1244,2702],[86,2034],[763,1635],[1957,1756],[1689,760],[4516,893],[3822,-99],[4148,1668],[1473,1654],[506,1483],[-124,2348],[-629,1107],[-1004,114],[-3438,-1661],[-1444,-167],[-2150,630],[-1620,2040],[-1760,997],[-5342,1242],[-2643,-146],[-2094,-790],[-3189,-2286],[-3544,-4579],[-3252,-2265],[-2784,-820],[-2379,50],[-4063,1536],[-2077,2182],[-1367,2277],[-819,2735],[-500,5131],[-597,2078],[-3906,5950],[-940,-257],[-1852,-2526],[-2148,-1996],[-2721,-1305]],[[3320284,508549],[-1927,-359],[-2531,243],[-2943,1631],[-1751,1850],[-2796,6211],[-2478,3557],[-2093,1818],[-3898,1693],[-3902,-543],[-1610,-901],[-453,-1068],[779,-999],[3629,-655],[2020,-864],[3449,-2039],[1790,-1778],[328,-2156],[-474,-1960],[-3745,-4153],[-3887,-2283],[-7312,-414],[-5130,532],[-4330,1920],[-1508,1071],[-2095,2353],[-840,1921],[-299,2202],[472,2707],[3249,6637],[1228,6520],[-496,97],[-456,-475],[-2720,-3665],[-989,-345],[-8806,238],[-1547,897],[-1198,1868],[574,3449],[5019,7239],[329,1050],[-178,1037],[-1417,1075],[-3972,1711],[-1910,1837],[-3125,474],[-1987,-327],[-2935,1485],[-8253,973],[-2573,1015],[-1832,1439],[-1434,1883],[-1413,5163],[-743,874],[-6128,1167],[-6911,-1178],[-5209,993],[-1881,956],[-1283,1305],[-768,1813],[-173,2297],[-2007,7253],[-1291,2854],[-2262,2551],[-4359,2009],[-1993,-89],[-4120,-1668],[-1963,-3430],[-3942,-3644],[-2771,-991],[-2113,-20],[-3192,1040],[-4909,3734],[-2339,2669],[-1008,3567],[-1661,1496],[-3243,746],[-2957,-81],[-2186,-1849],[-1261,-2430],[1143,-3690],[2292,-3566],[158,-3279],[2793,-4085],[1640,-4223],[-41,-2945],[-523,-906],[-1590,-1179],[-865,-319],[-1985,120],[-2146,1011],[-2375,1889],[-868,1171],[-1130,3622],[-3142,1961],[-7801,991],[-6192,-2062],[-2982,-1418],[-4475,399],[-4884,-777],[-2257,-948],[-2164,-4013],[3052,-4191],[800,-3716],[71,-2361],[-1132,-1619],[-1885,-588],[-1147,207],[-2731,2223],[-2476,-429],[-2046,-1203],[-432,-783],[-199,-6291],[-594,-3214],[-576,-680],[-3890,-848],[-3211,634],[-5338,4217],[-438,804],[94,1563],[-460,1635],[-2161,1466],[-1075,50],[-4044,-1244],[-1355,-877],[-2022,-135],[-1839,-1634],[-1600,-4008],[-1809,-2892],[-1896,-873],[-2104,-59],[-1699,979],[-928,2104],[1342,2245],[2624,2710],[908,2521],[-2425,1391],[-3300,65],[-1501,-488],[-1206,-1087],[-1137,-4815],[-2733,-3511],[-3417,-1009],[-2286,362],[-3692,-2128],[-2592,-616],[-2748,439],[-3227,-3939],[-2467,-1534],[-2226,-273],[-1080,461],[-1556,1609],[-1671,3970],[259,2206],[2685,5052],[104,2188],[-2799,2719],[-1238,3364],[-2852,1370],[-2312,1961],[-1056,3157],[-2668,4439],[-118,1662],[-1798,2567],[-2276,1992],[-2201,1236],[-1438,-231],[-3916,-4168],[-1380,-3495],[-49,-1252],[1118,-1914],[1794,-5145],[-83,-4632],[-613,-1445],[-1000,-1031],[-2435,-620],[-1976,103],[-1846,1453],[-3174,5307],[-1652,1276],[-1360,2175],[174,1335],[1014,1443],[-265,801],[-1264,1242],[1286,2534],[1228,6423],[507,4042],[-515,1991],[-1418,227],[-1957,-297],[-3995,963],[-3668,237],[-4309,-521],[-2252,768],[-2528,1639],[-5846,1185],[-1669,1054],[-1446,1581],[-3737,5362],[-2628,1228],[-3553,874],[-2289,-110],[-2872,-1297],[-1686,-306],[-4297,-3705],[-5252,-3049],[-2047,-256],[-4822,1605],[-723,788],[-892,2944],[457,5167],[861,2090],[1891,2761],[1254,5691],[-748,1486],[-5609,2653],[-1948,-949],[1091,-2089],[254,-1814],[-307,-1400],[-1096,-1637],[-1188,-437],[-3344,156],[-1755,-1737]],[[2944192,594629],[-6282,-2480],[-353,-3350],[-738,-1180],[-1687,-937],[-1914,140],[-1159,574],[-650,1180],[-1317,71],[931,450],[-183,520],[-2497,-220],[-1693,189],[-598,776],[-680,-207],[-4297,-12572],[-1669,-2350],[-1803,-3679],[-203,-3177],[-1113,-4004],[-4916,-7762],[-1501,-815],[-3633,-393],[-6944,1296],[-1466,-1218],[-886,-2207],[-944,-1061],[-117,-989],[1477,-2435],[3486,-8031],[-148,-2348],[-976,-1830],[-1089,-706],[-1300,-176],[-1743,410],[-2524,2019],[-1423,665],[-1942,2047],[-625,126],[-332,-491],[166,630],[-982,416],[143,1261],[-2772,-2650],[-1377,-491],[-3179,-148],[-1152,-856],[-2900,-89],[-933,542],[-3955,761],[-2362,2342],[-1739,4263],[-1014,262],[-1334,1220],[-1792,807],[-1976,-48],[-4227,-2956],[-5097,-7251],[-4709,-4834],[-5553,-3626],[-1652,-380],[-2302,-2797],[-1107,-2468],[562,-1710],[-15,-2814],[-1721,-5611],[-1653,-3552],[-4356,-3304],[-2224,-138],[-1687,1243],[-507,1519],[637,5229],[-1918,2706],[-3286,1243],[-90,1433],[-5371,-3729],[-4850,-380],[-1792,380],[-3269,3781],[-1265,828],[-2373,207],[-1581,-120],[-1336,-1226],[2496,-3574],[35,-1830],[-756,-1157],[-2126,-483],[-5114,1934],[-1248,-69],[-369,-777],[-123,-3177],[-966,-1519],[-2074,-1226],[-2587,-276],[-2467,704],[-2910,-870],[-1771,-1160],[-4724,83],[-2193,-705],[-1877,-1554],[-1434,-580],[-2952,-41],[-1518,994],[-907,1741],[-300,1822],[-1682,1327],[-1961,-415],[-991,953],[-275,1513],[-1687,3169],[-396,2033],[164,1158],[1371,808],[300,767],[-2514,6339],[-2341,-4724],[-1855,-1636],[-2995,-1202],[-2488,21],[-802,352],[-5668,4316],[-3950,1519],[-3782,-331],[-2545,1091],[-3697,-2527],[-2277,-111],[-2067,1215],[-1867,3235],[-1978,425],[-1441,1506],[-2207,14],[-1673,-553],[-3416,539],[-2389,2434],[-1050,412],[-1603,3196],[-2039,2607],[159,915],[-1687,1208],[-3357,1312],[-3708,-138],[-3005,1243],[-1985,-518],[-405,-500],[36,-812],[1493,-3090],[-306,-3871],[-1019,-1208],[-4709,-3591],[-615,-1105],[-1371,-3539],[343,-3435],[-652,-2000],[-5940,-3522],[-1880,0],[-1195,380],[-201,411],[-281,2762],[459,2885],[-977,2101],[-1880,1485],[-721,1070],[369,1398],[1353,1692],[-966,1796],[-3128,276],[-2425,-691],[-2267,173],[70,-5197],[-387,-1174],[-2583,-2071],[-2583,52],[-1107,-380],[-1248,621],[-685,1174],[-927,2999],[-75,3441],[-1880,1381],[-2197,604],[-1493,-1295],[-1477,795],[-2372,-3453],[-3304,-2055],[-5468,-2123],[-2530,-2607],[-1582,-207],[-4534,-2020],[-5149,-1105],[-333,431],[-2144,605],[-3714,-1557],[-5932,-219],[-2889,-1595],[-2257,-2030],[-1533,-70],[-1222,976],[-623,1749],[363,2352],[1722,2599],[-533,4366],[-429,648],[-3695,1719],[-1286,1467],[-1512,3456],[-310,4297],[-3391,3912],[118,1773],[-480,1820],[-1393,1727],[-1670,265],[-2817,-4674],[-1485,-861],[-1585,-50],[-2042,1143],[-2598,2984],[-742,2055],[-118,2751],[-1501,282],[-2767,-199],[-1417,1210],[-422,-497],[0,-1890],[666,-3528],[-535,-1901],[-1828,-2147],[-2063,-1146],[-1037,17],[-3233,1312],[-703,1191],[234,2213],[-1076,2404],[-6175,3042],[-1019,1208],[-1757,173],[-2461,-743],[-3163,398],[-1265,1243],[-123,897],[-18,1053],[502,462],[78,5305],[-2191,1588],[-1882,3802],[-2578,3295],[-3139,2923],[-4213,10425],[752,1801],[-104,3091],[-1283,2229],[985,2915],[1474,1002],[5753,-741],[3842,1065],[2543,4250],[1776,9567],[795,1627],[1972,2007],[4286,1616],[2116,1599],[2378,649],[946,648],[1795,2898],[654,2185],[-669,1178],[-3891,-237],[-6249,464],[-1440,643],[-1151,2026],[0,1324],[872,1909],[3487,4141],[275,1448],[27,-1114],[1106,1096],[402,1011],[-160,1923],[-1322,1891],[-4643,1388],[-2176,1941],[-962,1975],[-40,2350],[-1564,2385],[596,2414],[1023,824],[-82,526],[692,1025],[1397,1042],[-376,609],[1310,5522],[47,5925],[-1662,4080],[-53,1855],[614,1871],[1961,2372],[651,1371],[205,2179],[-413,392],[280,562],[-826,1843],[-4987,-146],[-3124,577],[-2567,1543],[-1907,2104],[-747,2237],[325,1373],[1996,3800],[442,4847],[687,1392],[-410,2305],[-1678,345],[-3342,-207],[-2157,460],[-2346,-1310],[-1794,-221],[-1702,3802],[-1762,1604],[-938,3132],[-2613,5849],[-1627,2028],[-1628,537],[-1536,-661],[-662,-1056],[-131,-4997],[632,-4843],[-926,-2678],[-723,-941],[-4251,-1784],[-2387,-58],[-1477,943],[-185,2132],[600,816],[1968,349],[400,1892],[-189,-1958],[1536,782],[661,981],[-777,1251],[-1724,702],[-2627,-895],[-3026,-21],[-3278,1327],[-1162,-210],[-3455,-2475],[-2615,-3194],[187,-1643],[2375,-2649],[214,-1005],[-455,-1829],[-1838,-1333],[-3207,165],[-2227,860],[-1017,867],[-349,2301],[-1068,1313],[926,-802],[-17,409],[-1029,608],[-1137,1626],[-6082,1359],[-3317,3107],[-3973,2159],[-2190,-40],[-3591,-1971],[-3584,-13],[-3770,-961],[-1854,300],[-2872,2157],[1938,-1105],[-1079,2525],[4,4231],[-2130,1605],[-2013,2653],[-7436,3581],[-2782,102],[-5868,1333],[-3675,3478],[-4575,3394],[-2008,2573],[-176,1996],[334,1554],[805,1559],[1770,1777],[2442,907],[362,801],[-705,-461],[1772,2112],[671,2407],[-319,4506],[2311,4281],[2829,3067],[2288,1431],[1946,1853],[5331,3092],[1177,1270],[1623,3568],[-18,1610],[-669,85],[457,-920],[-1190,1033],[-1087,161],[-976,-495],[-442,-1756],[-1352,-654],[-1029,-28],[-1861,674],[-1211,1440],[-1717,834],[-793,904],[-592,1866],[297,1693],[1602,1886],[3149,1922],[1277,3310],[-710,1785],[-2797,502],[-1368,1241],[-300,2240],[1193,1885]],[[2435118,791307],[1296,1973],[-640,3099],[-1806,-539],[-2872,215],[-2629,1044],[-3767,726],[-1433,1054],[-782,2371],[969,2622],[110,3163],[-664,2765],[-1032,1478],[-978,504],[-2748,-729],[-1720,260],[-1282,729],[-3830,-33],[-2935,1110],[-1270,1069],[-95,2105],[2260,1353],[1827,-69],[2689,-1690],[1665,231],[1774,2678],[219,1665],[-2365,5677],[-832,640],[-2294,-650],[-1432,69],[-1149,530],[-879,1259],[-203,1906],[641,2967],[439,298],[84,1442],[-827,1684],[84,2036],[532,1231],[2890,1363],[201,2288],[-1306,1236],[-2687,-2645],[-3391,-563],[-1720,511],[-3764,2728],[-725,1498],[-627,4204],[-980,2607],[499,4545],[-229,3069],[-3301,-2091],[-1849,-50],[-2445,598],[-3412,2189],[-3252,4827],[-1650,978],[-2270,349],[-1872,-805],[-2809,-2730],[-3011,-497],[-6104,448],[-2518,1930],[-1858,3155],[-762,7636],[611,2244],[-402,390],[-1425,-610],[-335,-1084],[59,-9080],[-1804,-2000],[-331,-2174],[-742,-1625],[-2582,-1392],[-1771,100],[-2845,1087],[-6,1034],[810,1243],[-17,1077],[-1755,1658],[-624,-249],[-944,-1657],[-1299,-1044],[-4317,436],[-1968,1283],[-5195,2163],[-3447,190],[-4607,2361],[-1755,1790],[-202,1177],[506,2386],[-844,2470],[-1569,2469],[-3728,3249],[-2334,4358],[-481,1803],[445,2801],[-1419,3010],[-476,3447],[-715,874],[-3117,1078],[-1816,-84],[-2959,-2878],[-2699,-433],[-4240,449],[-3454,1678],[-501,1652],[468,1564],[4787,5618],[29,818],[-609,917],[-1037,1131],[-1257,576],[-1293,-180],[-1739,-1455],[-504,-3179],[-1396,-1884],[-1042,-556],[-3551,713],[-5205,2773],[-942,3083],[-1887,2584],[-1953,5358],[607,2330],[6,3007],[729,2185],[1662,2466],[824,2163],[-1398,2262],[-1252,1131],[-1252,114],[-1766,-2190],[-751,-2231],[565,-2154],[-255,-1990],[-2135,-3077],[-1936,-1986],[-1491,-914],[-1447,-245],[-4764,1364],[-1573,-600],[-1614,-19],[-3323,1065],[-1657,1348],[-2822,757],[-2714,2068],[-7319,3583],[-2956,2915],[-3210,1509],[-2117,498],[-3306,-1306],[-3906,-281],[-6495,286],[-1306,446],[-2426,1872],[-2310,-61],[-5896,5066],[-3709,1861],[-777,1884],[35,3967],[3101,2073],[925,2296],[-2894,4152],[-789,6015],[-509,701],[-6647,3464],[-1552,-66],[-1299,-779],[-1468,414],[-1113,962],[-978,2204],[-68,1906],[658,1674],[1636,1641],[1266,961],[1995,421],[2416,-573],[2253,-1059],[1327,-1107],[1435,-2044],[1072,-218],[830,347],[756,974],[152,1362],[-458,1963],[-1070,2135],[49,946],[1344,4028],[3316,2085],[860,3099],[-590,630],[-2497,-2022],[-2413,-1044],[-2142,248],[-3796,3182],[-118,2520],[1063,1541],[1046,3282],[-1565,3727],[-790,-31],[-776,-3017],[-1080,-1011],[-1299,-331],[-1788,331],[-1248,-679],[-641,149],[-861,1458],[-118,3265],[577,1048],[1633,1140],[-202,1243],[-3610,1990],[-357,1163],[-3127,-1416],[-4379,1699],[-2653,3062],[-2107,1050],[-1925,2053],[-805,3117],[-987,1189],[932,1804],[2265,1772],[6176,1267],[1949,1736],[472,1057],[-1850,1796],[-198,3665],[-6208,3443],[-1254,1307],[-435,1097],[-155,778],[567,1896],[-966,782],[-263,1024],[1264,2517],[755,868],[1966,903],[351,989],[-715,1987],[-3469,1467],[-1591,2970],[-3572,3347],[-324,1983],[1597,3820],[533,4048]],[[3096425,1244751],[1353,-429],[2667,2171],[1572,254],[1274,-939],[876,-2386],[557,-215],[1852,2582],[4797,2718],[1552,1799],[3205,724],[119,1095],[-1592,1779],[-60,880],[896,861],[1473,0],[1971,-724],[2547,-1799],[3225,-4644],[2170,-1115],[1572,-1623],[279,-1408],[-262,-1913],[-1137,-2426],[-67,-1278],[2230,-3748],[1526,-5318],[815,-962],[1752,-371],[1891,625],[1572,1663],[856,3715],[956,606],[1731,98],[1135,-606],[657,-1740],[139,-3188],[-438,-2464],[339,-1193],[915,-723],[1294,78],[1811,2249],[936,489],[1811,-274],[1911,-2386],[1234,-724],[1394,255],[3762,1721],[2249,-352],[1254,-1037],[-179,-1212],[-1433,-1917],[-3464,-1506],[-179,-1056],[856,-1916],[5633,-3813],[2867,-137],[1194,469],[1552,1388],[-59,1213],[-1533,2581],[-338,2934],[856,1701],[4140,2523],[1712,528],[2209,-137],[1931,-391],[3842,-1604],[219,-997],[-1235,-2601],[-159,-1467],[1971,-1701],[1453,-2093],[4916,-743],[2946,-2698],[2190,-20],[717,-1819],[-1135,-997],[-259,-919],[976,-1917],[-1255,-1466],[2071,-1389],[-40,-547],[-1035,-998],[637,-1525],[2309,-2092],[4200,-372],[1154,-430],[1520,-1799],[513,-2425],[-1784,-3550],[-1003,-1191],[-1359,309],[-1739,2249],[-713,264],[-3166,-727],[-2764,-1874],[-2942,-2844],[-780,-2073],[178,-1565],[535,-1565],[2898,-3925],[5194,-3130],[401,-1676],[-178,-2271],[445,-1279],[937,-529],[5974,-1146],[1894,-904],[647,-948],[-580,-2227],[156,-1080],[669,-1610],[2363,-2976],[491,-5798],[-1449,-3594],[-201,-1874],[803,-1367],[2229,-1675],[379,-4300],[490,-1278],[2029,-2139],[4547,-3108],[33,-1328]],[[3217911,1131032],[123,-1142],[669,-992],[2051,-1609],[446,-3792],[1114,-1852],[1940,-529],[2764,308],[936,926],[45,3572],[713,1080],[10276,3109],[2697,1279],[936,970],[312,1698],[-1092,1234],[-4213,-44],[-1337,419],[89,1169],[2407,3571],[3589,2095],[3165,154],[2987,1654],[1315,-132],[1360,-882],[758,-1632],[3500,-4100],[2987,-2668],[1783,-838],[2809,-2689],[2162,-4850],[1338,-1235],[1426,-88],[2229,728],[625,661],[1092,2712],[1270,1367],[4637,3616],[691,352],[2095,0],[1293,-947],[3143,-4542],[1427,-463],[1181,-1411],[2341,-6988],[1650,-2161],[869,-2160],[1404,-1477],[3010,-970],[1827,882],[580,1234],[780,4388],[1092,1278],[1627,904],[1538,89],[1895,-662],[1560,-1146],[1271,-1653],[803,-88],[490,661],[-312,2028],[245,1654],[891,948],[736,88],[1471,-441],[647,-617],[1605,-3439],[4467,-4272]],[[3320136,1115349],[5608,-4105],[2364,-4630],[3789,-4320],[2230,-5115],[312,-2623],[-334,-1213],[-3436,-3094],[-1108,-2411],[369,-2453],[964,-1243],[977,-507],[1811,377],[2315,3234],[1772,1515],[9019,4209],[1984,176],[1872,-374],[1658,-1152],[1156,-3604],[337,-2806],[1303,-2159],[1403,-295],[2457,513],[6247,-1058],[1936,49],[3377,1940],[1133,1121],[899,3481],[-625,2321],[-587,657],[-1056,194],[-3722,-1800],[-3765,276],[-2767,1353],[-1025,969],[-446,1830],[423,1125],[714,573],[4279,882],[4190,3131],[1382,154],[2898,-1631],[2875,508],[2028,2381],[1739,4806],[2563,1102],[1961,22],[3321,-1101],[1293,-948],[3255,-3924]],[[3391478,1101682],[1850,-3218],[1449,-441],[869,88],[5305,2889],[1649,-331],[1717,-925],[2608,-3814],[936,-2028],[68,-1609],[-571,-1844],[-1008,-990],[-1474,-654],[-3180,1723],[-3345,1101],[-2615,222],[-1267,-829],[-3580,-6265],[-2720,-2175],[-5578,-2254],[-3357,-3106],[-7224,-9778],[-1231,-2728],[-283,-3450],[348,-1857],[753,-1197],[2203,-1571],[1965,-377],[1482,981],[638,1076],[103,1730],[-623,3089],[757,1895],[1584,993],[3300,-319],[1172,-828],[4143,-5393],[1125,-4872],[1714,-2102],[-1262,-3862],[1649,-2824],[-153,-3951],[-352,-2009],[-1258,-1985],[1952,-3436],[522,-1955],[-501,-2641],[-1944,-4747],[-359,-4136],[821,-2552],[2856,-3210],[196,-2320],[-469,-1161],[-1682,-1006],[-2033,-193],[-2816,695],[-1721,0],[-2268,-967],[-1251,-1161],[-1368,-3636],[-669,-7640],[2345,-5296],[3019,-2802],[5347,-3114],[2311,-2605],[2560,-5057],[2683,-3920],[3653,-3271],[450,-2272],[-1376,-2155],[-4605,-2201],[-2692,-1822],[-648,-1102],[-1001,-5450],[-1251,-1517],[-2795,-532],[-5005,1885],[-1001,-41],[-1627,-861],[-2248,-3912],[-928,-2674],[-114,-1883],[1257,-3386],[5659,-6616],[4783,-4155],[4365,-1864],[2201,-262],[1960,451],[1919,1639],[459,697],[1126,5163],[2002,2623],[2503,902],[2044,41],[2085,-861],[876,-1762],[-1793,-5614],[-4881,-3811],[-2177,-2451],[-901,-1966],[-24,-3147],[1360,-2845],[1843,-1708],[4123,-1660],[2190,-410],[3667,-12],[1601,-686],[458,-1342],[-480,-1818],[-98,-4141],[904,-1861],[1589,-1691],[2340,-958],[3316,-424],[3784,491],[2740,1245],[2107,2811],[1094,4385],[1126,2257],[7705,7952],[2486,3839],[124,1878],[-655,3248],[-763,1361],[-1296,920],[-2963,627],[-2544,-262],[-4985,-2953],[-2059,333],[-1539,1581],[-1235,3237],[117,2021],[1061,2111],[3993,4908],[4152,4121],[1807,1294],[3421,1275],[3420,705],[1860,-442],[1666,-1207],[2491,-3067],[1523,-2772],[1820,-1522],[2056,-848],[2810,614],[1464,870],[955,1655],[-1068,5741],[379,2484],[626,874],[1680,511],[2509,-455],[2327,-2177],[-72,-1515],[-1885,-2764],[-186,-1214],[710,-1901],[1977,-1324],[3482,-92],[8549,2498],[1192,1037],[1593,3584],[2173,1521],[2453,-622],[6007,-3423],[1498,-1074],[1690,-2235],[-173,-1386],[-1321,-1076],[-1062,449],[-1669,1714],[-1557,-57],[-8764,-5459],[-892,-1056],[-346,-1555],[248,-1565],[3624,-4969],[255,-3270],[-755,-1388],[-2308,-1014],[-2926,-2672],[-2317,-3756],[-576,-2270],[254,-2027],[1082,-2107],[1401,-1506],[2124,-1081],[2506,-412],[2524,290],[6223,3788],[2396,880],[5695,-225],[4030,856],[1965,1373],[625,891],[1067,2104],[1004,3354],[1990,3750],[1299,1396],[2721,1596],[4060,159],[1258,-279],[1259,-997],[9883,-15729],[3527,-2390],[4447,-1195],[3157,320],[1913,758],[1513,1837],[100,1883],[-591,891],[-1101,673],[-3648,82],[-1595,1034],[-2042,2797],[-1501,5312],[-1420,1219],[571,1137],[4119,1151],[2763,1583],[1343,-906],[1178,-2585],[948,-809],[775,-85],[1120,810],[1852,469],[5898,-2644],[2419,-2709],[4707,-7657],[6589,-6153],[2759,-3614],[297,-3144],[-1167,-1758],[-625,127],[-1060,1491],[-515,2792],[-530,587],[-914,-207],[-1365,587],[-2262,-287],[-885,-577],[-330,-1264],[917,-8283],[-1040,-11286],[422,-3750],[743,-2241],[1474,-2606],[2030,-1775],[1989,-580],[1908,42],[1455,590],[1667,1467],[1288,2176],[837,4632],[-779,6105],[612,2048],[1284,1146],[2658,-5],[2191,651],[4749,4160],[1722,735],[2616,-1150],[1740,-1602],[369,-2775],[1066,-2636],[716,-834],[315,-2304],[1409,-2463],[1048,-414],[1724,476],[1095,-768],[690,1296],[3028,-201],[2875,-1787],[4656,-4432],[2362,-1170],[4480,152],[2630,903],[2275,1696],[1762,2357],[826,3041],[-154,4276],[-801,2227],[-1092,1521],[-1114,838],[-3499,1029],[-494,1195],[473,886],[1271,837],[4480,-201],[1739,1189],[804,2182],[-44,2270],[-1402,3285],[-1025,1345],[-757,2755],[180,3262],[2142,3526],[1828,1432],[2357,692],[4578,228]],[[3512401,1724899],[-612,-1305],[-507,433],[-544,-779],[-588,-8],[-1021,1206],[-654,-888],[-1022,2267],[-727,-924],[110,931],[-382,657],[-1013,-247]],[[3505441,1726242],[-575,385],[-911,-65],[691,621],[860,-203],[147,607],[-1345,-145],[73,578],[-1190,1971],[-1404,-1480],[-7,570],[-772,-130],[-985,1228],[544,541],[-1654,116],[-110,809],[-874,-636],[58,636],[-565,606],[-405,-332],[-66,621],[-705,-65],[-552,765],[272,513],[-419,238],[-418,-260],[-15,-780],[-1896,138],[-294,527],[-941,159],[-441,1205],[-1154,-418],[-36,389],[-882,296],[-588,-678],[-1801,224],[-264,-614],[-596,231],[-1212,-318],[-831,563],[-433,-281],[-2036,383],[-955,-824],[-1683,419],[-1713,-361],[-103,390],[-2013,-989],[-1037,14],[-859,1423],[-4763,1220],[-705,585],[250,476],[-316,535],[-2313,1450],[-982,-478],[-827,319],[-1362,-440],[-2045,455],[-1499,1828],[-2183,107],[-3091,769],[-1833,1203],[-899,151],[-2496,3252],[-1944,3594],[-3247,155],[-1201,1729],[-2940,1329],[-724,1893],[-1146,773],[-745,1587],[-955,745],[-1404,388],[-160,552],[512,118],[-317,826],[-3692,858],[-1808,1850],[-325,1035],[-1108,401],[-2075,3059],[-2196,2333],[-1587,577],[-4306,-342],[-1953,502],[-235,1531],[-1119,1795],[-99,1066],[1695,3496],[-43,2270],[1397,1011],[2020,3320]],[[3418577,1784712],[118,2195],[-795,1794],[1402,1231],[708,1634],[4575,1906],[970,1598],[47,1329],[678,1048],[-1221,1836],[-160,1750],[363,1041],[1472,189],[607,1626],[1453,1337],[4262,2601],[814,902],[-75,603],[-1111,881],[682,1577],[-268,1441],[-1265,1563],[-136,1305],[-842,1168],[151,1934],[516,886],[-252,684],[390,578],[-503,869],[85,677],[965,1575],[-561,626],[1347,1802],[660,2589],[870,61],[271,921],[-612,284],[265,405]],[[3434447,1831158],[255,399],[-1022,515],[-118,1084],[1552,1696],[1040,488],[-1728,1252],[-1480,268],[-122,639],[934,650],[79,492],[-598,687],[-1555,208],[106,712],[2974,1298],[-187,1026],[395,287],[895,28],[886,-842],[952,1147],[1878,141],[-191,609],[-1188,-37],[-669,491],[-471,963],[358,416],[1235,-74],[414,-694],[773,-111],[1197,1055],[1201,150],[71,998],[989,1139],[923,342],[1018,-342],[886,768],[3458,1213],[575,694],[229,1403],[1109,1189],[-1037,722],[38,685],[3006,231],[537,-916],[505,812],[1172,243],[594,-1314],[593,-37],[1206,1935],[707,2721],[-330,111],[-791,-731],[-443,194],[-75,898],[989,1287],[-288,249],[-1408,-536],[-358,673],[1502,253],[1135,1087],[1170,-1140],[1710,35],[-52,-612],[-1432,-9],[-193,-351],[431,-467],[949,-135],[1040,1298],[1301,-239],[1183,320],[236,426],[-632,1222],[-904,-1065],[-660,83],[-217,556],[301,1772],[1537,635],[273,509],[104,639],[-519,768],[1461,713],[-857,1046],[1685,155],[646,-882],[639,14],[291,1146],[-475,1609],[500,2028],[-267,919],[-5128,2023],[-1897,145],[-1276,996],[-704,3793],[295,691],[899,322],[-441,771],[441,740],[-441,289],[-1718,-434],[-491,498],[1374,1913],[115,2170],[-867,225],[-1342,-1865],[-785,-160],[-1800,2378],[-3108,1061],[-180,1286],[2552,1704],[65,1077],[-409,514],[-2748,-321],[-2421,803],[-1620,-434],[-654,-996],[-524,-4083],[-1570,-2314],[-1950,-1547],[-1093,23],[-1628,707],[-2484,-1042],[-1553,1853],[-3235,-1380],[-1160,-87],[-5462,3905],[-1569,236],[-1443,-829],[-491,-992],[44,-992],[758,-683],[2788,-68],[937,-464],[88,-882],[-1206,-2776],[-826,-771],[-1093,177],[-1425,3528],[-780,926],[-1182,155],[-514,-904],[1447,-5159],[-75,-1242],[-506,-352],[-1553,1213],[-2128,-1468],[-1048,-109],[-758,419],[-1025,2249],[-869,904],[-2342,817],[-625,-418],[-45,-661],[2662,-972],[571,-1558],[-335,-1176],[-796,-815],[-2328,-1012],[-1502,265],[-660,2337],[-884,912],[-498,-139],[-1050,-2270],[-1383,111],[-3106,3903],[-557,-88],[-1399,-2093],[-4580,980],[-817,904],[246,1183],[1294,815],[2208,197],[670,904],[-22,859],[-564,736],[-1888,809],[-1138,23],[-1740,-859],[-1942,-2130],[-113,-1991],[-2253,-198],[-760,-2182],[-937,-771],[-1227,199],[-1560,1567],[-3731,2654],[-2915,83],[-647,-485],[-179,-1014],[513,-618],[1583,-419],[1234,-890],[1188,-2617],[52,-1036],[-462,-1381],[-2841,-2196],[-916,-1513],[-870,-639],[-1205,-198],[-520,126],[-453,1528],[-2236,2757],[-2899,1052],[-1918,1824],[91,3321],[-312,926],[-624,199],[-915,-330],[-1971,-1814],[-1064,-1587],[-1183,-374],[-1293,316],[-1940,861],[-981,1940],[-2067,-13],[-1011,617],[-624,1294],[-1620,1235],[-252,2734],[-869,632],[-1778,-381],[59,-2234],[-1332,-954],[-2260,-168],[-892,345],[-178,794],[781,2013],[-1249,905],[-2007,-462],[-1823,-1682],[-1190,-478],[-6023,-651],[-1584,-1473],[-272,-842],[2524,-955],[431,-735],[-2038,-1072],[-700,-1756],[-661,59],[-892,1969],[-1226,831],[-915,-396],[-2299,-2204],[-2610,-388],[-1650,294],[-4698,3111],[417,1770],[-223,1500],[737,903],[870,88],[1383,-574],[1538,-2028],[1651,-266],[1234,860],[-341,992],[-3346,949],[-3055,2867],[-401,1213],[1294,1587],[-222,661],[-1450,839],[-1138,-198],[-357,-904],[490,-1588],[-134,-881],[-2343,-1058],[-1896,221],[-1962,2294],[-1420,821]],[[3306213,1889126],[204,342],[-919,606],[-388,967],[-808,317],[-156,-402],[-192,503],[-798,300],[-318,-272],[-95,515],[-838,-960],[-547,1407],[-561,-96],[-52,647],[-2221,-711],[-77,703],[-975,-104],[-199,546],[-421,-960],[-787,-590],[-626,589],[-248,-767],[-1226,714],[-490,-588],[-73,429],[-539,-18],[320,683],[-543,689],[-1767,-495],[-2391,792],[-464,509],[-899,-102],[-315,793],[-971,484],[284,458],[-653,100],[-286,645],[-759,-187],[-105,518],[-1816,387],[-1782,1230],[-77,841],[-358,70],[249,524],[-454,-13],[123,1522],[-781,-407],[108,722],[857,254],[-585,521],[317,1082],[-591,-388],[315,1238],[-863,339],[209,244],[-696,605],[291,696],[-550,1400],[379,-124],[27,822],[563,-131],[-35,430]],[[3279164,1908994],[-1022,165],[61,342],[-977,646],[390,1386],[-516,30],[-585,1042],[-594,-64],[-165,1052],[-987,1455],[356,0],[-96,329],[-1692,1553],[236,1204],[-440,-232],[228,591],[-928,332],[836,884],[-1045,-208],[-762,367],[485,587],[-107,483],[-814,354],[-129,1028],[-536,-272],[-211,325],[381,970],[-915,372],[280,860],[-799,1045],[184,381],[-718,-80],[190,1172],[-1368,97],[227,457],[-851,67],[412,390],[-426,135],[166,332],[-1209,952],[469,1376],[-684,1273],[1081,485],[361,775],[-344,928],[-659,316],[100,1243],[-763,60],[-61,553],[-538,-213],[-568,501],[-1190,-17],[-1748,2360],[-1460,769],[-128,820],[673,371],[-325,1525],[-1351,932],[-403,1254],[-982,-428],[-2659,2004],[-96,737],[-1351,107],[43,-784],[-954,559],[-690,1511],[-645,455],[-599,-307],[-444,2420],[-298,-130],[-609,592],[-681,1156],[-963,134],[-707,1514],[310,876],[-355,839],[251,837],[662,341],[-402,409],[273,809],[-474,-126],[-398,3037],[-1049,654],[-138,831],[-1183,-209],[-388,269],[429,832],[-894,354],[-3786,343],[-2179,-1531],[-585,194],[-37,-494],[-474,279],[-904,-658],[-103,-785],[-871,-639],[-1081,-1762],[-588,-211],[-2120,1619],[-19,396],[-1984,-819],[-562,399],[-258,1039],[-1912,-132],[-553,1302],[-445,-35],[-296,-774],[-521,342],[-1108,-233],[-951,570],[-707,1510],[503,101],[52,759],[-1044,1291],[-1395,3191],[-1460,861],[-592,1552],[-873,28],[-26,983],[-372,-160],[-1044,776],[-923,-383],[-619,-911],[-3252,331],[-702,-936],[-1221,-295],[-186,-632],[-1458,331],[-2184,-1263],[-2931,1052],[-1182,1684],[-2384,-1719],[-1856,-235],[-1088,1173],[-155,841],[-1933,803],[-727,1020],[-969,4152],[-1352,2156],[-1355,3394],[130376,52627]],[[3318779,2036619],[1056,151],[230,538],[-583,5227],[1449,1441],[1962,-625],[4471,955],[1414,677],[9521,1549],[7167,1987],[3360,1357],[7559,4501],[3065,391],[2237,928],[1308,1754],[874,3983],[-1234,6196],[-1019,2722],[53,1858],[566,990],[937,642],[1767,238],[2987,-967],[3181,-104],[4737,2512],[2785,2526],[5012,880],[739,437],[389,5626],[-691,7432],[-765,3793],[-1531,4159],[-4125,5388],[-647,1679],[725,781],[1078,278],[7695,-1405],[3280,884],[1503,1355],[106,1111],[-919,2014],[-4224,4879],[-3765,1528],[-4772,52],[-3464,-417],[-1149,573],[-1095,1199],[-319,1267],[336,1198],[849,973],[1820,711],[5320,-138],[3358,677],[760,607],[371,1476],[-212,1424],[-424,1407],[-2157,2986],[54,1285],[1997,1997],[2721,1615],[1803,555],[1750,1511],[786,2584],[1914,3038],[302,2717],[1589,1992],[2003,880],[2466,-345],[1294,-967],[1108,-1741],[1471,-1009],[1715,334],[1130,1079],[401,1518],[-861,2819],[-3590,2599],[102,1647],[601,962],[1886,512],[2235,-1342],[1262,-2389],[463,-3836],[590,-1363],[1129,-994],[2001,-517],[2085,352],[4070,2363],[1877,2520],[167,1352],[-964,1454],[-5087,5253],[-58,3721],[1195,1571],[2440,168],[2634,-2026],[1080,-2343],[-76,-3980],[431,-2878],[1245,-2012],[1610,-251],[1724,803],[1946,1687],[762,1329],[0,5486],[-769,2493],[-461,3929],[-1230,1511],[-2461,1057],[-2769,454],[-923,982],[-692,3551],[385,3324],[1153,1436],[2169,1493],[1446,583],[1633,30],[2389,-1230],[2547,-2784],[1196,-64],[1650,1083],[315,2974],[-943,1545],[-1023,811],[-2535,847],[-5537,4609],[-3153,1133],[-5460,5893],[-154,1813],[616,680],[9612,2342],[1308,1058],[1461,3173],[0,2040],[-769,1889],[154,1813],[1153,1436],[1154,529],[1076,151],[1821,-1645],[-512,-2230],[1291,-1394],[2384,-184],[7732,872],[2682,759],[4236,2314],[1323,1264],[1514,2522],[2321,1837],[2756,85],[2518,-1875],[690,-1033],[298,-2161],[-932,-4315],[401,-1460],[1877,-1653],[2203,-535],[3574,1343],[1284,1156],[4744,2087],[7645,1809],[1286,2422],[-108,3222],[-723,1708],[-5684,5073],[-501,1323],[115,2864],[671,1431],[1396,769],[2845,-113],[9145,-3536],[2060,-2921],[889,-3086],[724,-551],[4798,545],[2400,988],[1173,1100],[1064,3193],[-328,5067],[2962,3907],[1,991],[-445,992],[-2118,1765],[-1557,3024],[-4614,4053],[-1787,2339],[-344,1710],[406,1824],[2197,1878],[2830,111],[2250,-1143],[1786,-3366],[2417,-6159],[1959,-3251],[1268,-1199],[7444,-3145],[1444,55],[752,797],[175,1311],[-634,1483],[-5015,5650],[-3456,6616],[-341,3592],[637,1424],[1503,1537],[1387,682],[2136,111],[1790,-458],[1096,-971],[921,-1597],[286,-2166],[-931,-4901],[229,-1824],[980,-1370],[1903,-1256],[2196,852],[3005,2962],[434,2480],[-933,6078],[1618,2854],[2039,1516],[1038,127],[5789,-1454],[5974,-4957],[3531,-2],[2433,1840],[54,2063],[-952,2589],[-991,1037],[-2426,877],[-2802,327],[-1311,872],[-784,2810],[1600,1549],[3002,144],[3297,-1926],[2495,-2367],[2251,-4276],[461,-6411],[1366,-14],[1514,1189],[3213,4425],[2067,6165],[2916,1430],[1341,-76],[1695,-719],[3064,-3409],[2071,-622],[1904,-32],[1289,450],[840,1117],[559,5075],[1705,1049],[1561,95],[1028,-564],[1041,-1352],[1622,-5164],[1119,-967],[867,1463],[648,2860],[2118,4227],[1232,4867],[-363,4306],[-1277,2699],[213,4732],[846,1831],[2072,1889],[159,951],[-580,1487],[-1424,615],[-1561,-193],[-2235,-1416],[-1176,25],[-623,708],[319,1112],[1713,1337],[1316,223],[13876,-2804],[8039,1417],[1790,-84],[1897,-1547],[441,-852],[132,-1980],[-985,-2655],[863,-792],[1191,-319],[1405,627],[458,730],[255,1391],[-587,4088],[1668,4243],[1621,2533],[4304,3347],[3782,-326],[1942,-879],[1180,-1325],[1836,-3367],[1204,-4233],[1025,-2030],[2906,-1941],[1744,-221],[1343,348],[882,728],[933,1795],[727,2921],[1181,1305],[1162,235],[1121,-81],[919,-872],[719,-1068],[235,-2570],[640,-791],[1600,-557],[1122,235],[2634,2735],[3899,2670],[2228,953],[2267,1763],[2524,707],[1526,2131],[726,2686],[1642,1257],[1483,25],[3171,-2247],[567,-2543],[-289,-2344],[-2792,-5064],[-1086,-2646],[-365,-2173],[-204,-1778],[439,-1147],[1439,-990],[841,-121],[2243,470],[2206,1853],[2850,4832],[1107,3549],[-199,2729],[-645,1651],[-3958,3138],[-439,847],[-574,1859],[180,1808],[1181,1013],[6031,-762],[3242,-1288],[1547,-1532],[1738,-3943],[-278,-5180],[613,-1442],[1204,-946],[668,-216],[1983,357],[1537,1102],[1113,1848],[1236,4037],[1531,932],[2560,-874],[735,-1307],[-262,-1871],[-1532,-3363],[852,-2015],[1283,-667],[1501,89],[1295,604],[2430,2059],[1343,-164],[1598,-1221],[398,-1465],[-498,-2168],[-1483,-2159],[-4090,-2775],[-199,-965],[377,-1493],[3521,-400],[1680,366],[4892,2559],[3568,3447],[2756,4627],[1042,948],[1914,680],[1789,-46],[853,-1189],[879,-2295],[130,-3895],[953,-2234],[1503,-1362],[1893,-628],[1978,795],[1192,3934],[456,752],[757,315],[2337,-692],[1759,-3365],[1098,-904],[1675,-37],[1938,906],[1459,976],[2051,3262],[2392,1956],[5333,5632],[5074,2871],[2886,414],[2758,-326],[5566,-3771],[1959,-152],[1941,785],[1848,3170],[392,3000],[-762,2896],[-2731,4685],[-189,1097],[1111,2165],[2025,526],[2167,-839],[1377,-2328],[-1314,-8524],[121,-2465],[1032,-1927],[2828,-1303],[2763,218],[2139,987],[3887,3934],[3278,1552],[3308,244],[2919,-1083],[907,-816],[2240,-4161],[671,-3350],[1126,-954]],[[3810209,2292781],[1614,10],[484,481],[405,2813],[-2172,2732],[-468,2442],[-830,1411],[-3602,4517],[-192,3503],[809,2311],[2444,1052],[1442,40],[1158,-447],[2164,-1768],[2293,-3330],[2171,-1620],[2783,93],[2072,716],[4065,1997],[1835,1665],[1768,3502],[216,2085],[-350,2822],[464,1669],[2232,3044],[1803,909],[2322,-116],[4078,-2828],[2216,-830],[4948,-776],[3608,295],[4320,2180],[3269,-16],[2207,-1122],[2175,-2721],[1466,-260],[1506,840],[201,2013],[-451,1004],[-1155,1302],[-1809,1091],[-5188,1619],[-1911,2355],[-307,1337],[338,1350],[1226,1414],[1242,252],[3193,-852],[1829,-1290],[2008,-3093],[1155,-3143],[2852,-2754],[1691,-333],[1437,342],[3764,2665],[1575,549],[1186,-179],[4161,-2120],[797,485],[1331,3111],[1385,297],[2502,-1330],[2127,-2996],[960,-2414],[966,-826],[951,-55],[907,2126],[-1127,2262],[-1051,1532],[-4294,3663],[-863,1353],[-397,2898],[1305,1833],[2130,573],[1275,-411],[2363,-1796],[7137,-8208],[2262,-1452],[2314,3],[1517,1173],[748,2592],[-543,1644],[-1949,1664],[-1186,1923],[-122,1212],[695,3272],[1974,1886],[2903,1554],[3401,3217],[2572,1023],[1672,6],[1429,-528],[1776,-1234],[2054,-2336],[1457,-383],[990,523],[1181,2075],[102,2287],[-529,1588],[-2465,2746],[124,2911],[917,1767],[2398,277],[2152,-1005],[1587,-2009],[2609,-5301],[1587,-1836],[2187,-866],[2832,954],[800,1055],[564,1802],[-846,3568],[-2786,2495],[-8005,4192],[-2116,2564],[-282,1420],[317,1560],[1834,2113],[2962,1282],[3703,-208],[5360,-3187],[2328,-763],[3315,659],[1728,1801],[740,243],[4585,693],[1164,1628],[141,1732],[-1517,1975],[-2080,1525],[-318,2044],[494,1559],[2010,2841],[282,2425],[-811,2980],[1270,1351],[1410,208],[2046,-416],[5607,-4261],[3033,-174],[6418,693],[5678,-1074],[7688,-208],[2292,-1178],[4761,-3464],[1834,-693],[1199,346],[599,1109],[282,4677],[-423,1594],[-1834,2148],[0,1282],[635,658],[1481,-104],[3880,-2806],[3879,-416],[1975,451],[7264,3707],[3527,173],[1058,-416],[1199,-1420],[494,-866],[493,-2772],[-211,-1525],[-882,-1905],[-3703,-4227],[36,-1282],[846,-1386],[2856,-2044],[741,-35],[2292,1178],[1552,1109],[1023,1351],[776,4435],[952,2148],[1975,1455],[3914,277],[1097,-893],[743,-2534],[-437,-2578],[-2711,-3394],[-175,-730],[-137,-1294],[1437,-1748],[890,135],[753,806],[2874,5782],[2326,5513],[1437,5848],[1779,3160],[558,914],[2513,-42],[1050,-730],[656,-2105],[-962,-3652],[43,-1503],[1138,-1756],[958,-538],[1642,-605],[1232,0],[2942,874],[1184,1165],[1530,-43],[2076,-920],[2190,-2622],[4516,-1614],[1574,-134],[4739,835],[2178,-657],[1979,-1926],[1711,-3227],[821,-2823],[742,-7218],[587,-454],[1207,74],[6641,1187],[4453,1631],[4801,4403],[5613,6495],[6339,6673],[1812,1409],[16292,10359],[9446,3780],[5449,3414]],[[4144023,2401442],[1250,-1586],[1025,-4008],[558,-4329],[182,-9810],[791,-4238],[1119,-2902],[-392,-2273],[233,-3474],[1943,-2482],[467,-2329],[622,-879],[1426,-215],[3977,-4414],[1191,-4322],[2577,-3845],[1617,-5802],[138,-4145],[-561,-2165],[325,-3500],[2377,-5206],[752,-3382],[3459,-2206],[1385,-3488],[1631,-2994],[700,-507],[980,-507],[3686,-232],[3498,417]],[[4180979,2316619],[7797,1280],[2379,-600],[2240,413],[934,552],[3690,4419],[1680,460],[887,-1],[4385,-2259],[4335,-7188],[372,-1842],[-189,-3639],[699,-1566],[232,-1888],[1071,-2073],[2332,-2765],[1584,-3041],[700,-507],[2706,-94],[1539,-1014],[373,-784],[-200,-2348],[-1390,-2763],[92,-1105],[513,-875],[3364,-1573],[304,-983],[-1923,-8486],[-1021,-731],[1408,-7618],[3213,-2126],[564,-824],[182,-3722],[3781,-4243],[1722,-2540],[1301,-6264],[66,-4614],[724,-3514],[1033,-2696],[2040,-2442],[4011,-377],[3312,-964],[3870,-2674],[3810,-1060],[1366,-892],[1485,-2754],[1221,-4598],[3255,-5258],[2032,-4761],[189,-4633],[-4014,-3267],[-325,-687],[334,-1434],[-2429,-4281],[-328,-1888],[-607,-1059],[-4574,-4372],[-421,-1151],[-980,-971],[-3770,-2047],[-843,88],[-880,-454],[-1886,-2456],[144,-3134],[-937,-4882],[46,-1197],[1009,-2687],[-136,-918],[-15856,16],[-24092,-21399]],[[4200504,2148864],[-102337,-89933],[-378,-21881],[2091,-318],[1284,958],[4353,471],[1100,2984],[464,302],[206,2196],[1870,3267],[971,1088],[2056,1181],[1327,258],[4951,-1478],[3419,-111],[5587,1493],[3064,1458],[3943,275],[1139,-627],[299,-628],[0,-1163],[-729,-701],[-187,-1200],[317,-1347],[448,-388],[14759,-4250],[4503,-481],[3549,-1182],[2522,386],[2057,2657],[1457,941],[4877,1032],[1289,-185],[1401,-887],[579,-1753],[2465,-1939],[4669,-5318],[802,-2160],[-730,-3931],[484,-4116],[6051,-5188],[222,-3267],[-711,-2898],[55,-2325],[-879,-2399],[-300,-2215],[111,-3544],[1717,-3360],[1532,-1015],[1064,-1],[1813,2362],[2729,1900],[4652,1474],[5211,-2014],[5557,153],[952,-1089],[327,-2046],[2370,-5365],[1137,-3913],[859,-1384],[803,-296],[2391,608],[1737,-333],[3473,-3084],[2576,-3527],[3088,-2127],[1580,-1724],[6667,-2817],[1661,-3065],[-39,-2639],[988,-2898],[2783,-1164],[1652,-1174],[1631,-438],[1433,-1454],[1764,35],[2147,-1385],[2501,-3527],[297,-1901],[-381,-1674]],[[4253666,1953116],[2351,-4131],[3174,-2161],[1455,-2862],[2875,-2179],[614,-3581],[1157,-2012],[2763,-1091],[1867,-1773],[1438,-702],[2465,239],[2260,-389],[1120,-887],[1213,-1864],[3920,-3196],[5208,-2919],[1997,-2363],[633,-2935],[2855,-4007],[4722,-5096],[316,-2455],[-1327,-1549],[-1833,-3617],[-4970,-3798],[-822,-1255],[-581,-3377],[1101,-1680],[204,-2085],[-562,-3488],[-1365,-1457],[-431,-2731],[373,-1053],[5373,-7939],[372,-3691],[1715,-3840],[204,-2307],[1193,-3433],[4596,-7736],[2757,-3039],[1258,-2199],[2303,-1877],[1825,-219],[4657,2824],[1531,553],[1457,-75],[1829,-703],[2219,-4430],[707,-3489],[-95,-3893],[1997,-5865],[635,-6167],[-2699,-4727],[-593,-1891],[-1880,-2355],[-438,-4608],[-1463,-2750],[-594,-5588],[2696,-566],[2023,-2618],[1020,-2210],[3630,-2128],[959,-1859],[1133,-1189],[2275,-409],[1929,-2408],[-53,-929],[1425,-2030],[1390,-3594],[606,-4351],[3456,-9717],[3389,-4129],[191,-1186],[-858,-9406],[1353,-6552],[1095,-2012],[2381,-2288],[1651,-2941],[764,-2443],[50,-3524],[3024,-3905],[2032,-5659],[1092,-1725],[755,-3299],[1225,-1147]],[[4357355,1716994],[4399,-1793],[2189,-2897],[273,-1104],[-636,-6414],[1553,-4578],[133,-1744],[-311,-4012],[-1109,-3270],[177,-2354],[1154,-1439],[3107,-959],[1819,-1788],[2530,-4578],[843,-2834],[2042,-2790],[932,-2616],[621,-4665],[2485,-5407],[621,-4185],[-887,-5886],[399,-5320],[-665,-4665],[843,-2616],[887,-1439],[1376,-1220],[5104,-1744],[2796,-1439],[5547,-8241],[1198,-3924],[577,-4534],[682,-1535],[156,-3642],[-366,-1181],[-523,-1131],[-1115,-790],[-3776,-626],[-1913,-1392],[-1914,-3283],[-436,-2080],[1562,-6706],[799,-1170],[4450,-3682],[695,-980],[1233,-3027],[318,-2719],[-1871,1264],[-68626,-18087],[-1121,1518],[1229,1435],[1739,1142],[-1499,681],[38,625],[-818,515],[60,997],[1485,673],[978,2592],[-1235,378],[-312,673],[109,1801],[-777,-46],[-510,1013],[-334,2477],[515,1417],[-1184,362],[3,798],[-1736,1093],[339,617],[-593,1168],[52,864],[588,179],[254,1149],[-643,3180],[-1156,-92],[-1320,792],[-248,1084],[-3459,598],[-1510,777],[-230,314],[732,623],[515,1281],[-663,1789],[-786,-433],[-1322,854],[755,782],[-1896,565],[-314,1370],[-994,1229],[-872,260],[-416,1366],[68,2542],[-977,743],[-2313,234],[-1,2488],[1004,855],[305,3266],[-391,693],[483,936],[2170,-702],[944,351],[237,-540],[1155,1973],[1255,126],[270,-1273],[1321,-791],[-495,-854],[3468,-126],[-48,-465],[1347,-763],[161,767],[1289,755],[1216,-123],[244,1351],[987,986],[1910,-193],[1071,1039],[-226,820],[-731,601],[-111,1087],[1087,-247],[958,1291],[745,-76],[2006,1172],[385,950],[-248,738],[-2602,684],[1558,1492],[-812,3138],[985,1001],[-1481,1941],[995,-40],[119,2349],[-920,-326],[-1199,1918],[-5,1137],[1760,827],[732,890],[-993,613],[-1438,-84],[628,1859],[-646,571],[740,335],[-83,1383],[790,1613],[-143,1471],[768,211],[956,1358],[-587,2062],[-103,2835],[-616,388],[-1171,-330],[-1325,771],[-228,609],[754,596],[-60,479],[-1320,551],[-785,969],[1005,1360],[-872,2171],[-983,411],[-646,1052],[236,1871],[-1093,2506],[999,282],[258,1315],[-448,1491],[813,643],[-123,983],[533,422],[222,1129],[-981,777],[-55,2944],[-1171,1391],[514,407],[-559,443],[253,1618],[-1231,1123],[750,2235],[884,846],[-872,390],[-840,-239],[-389,481],[-2082,411],[643,1652],[-117,939],[-2254,215],[89,710],[-786,788],[-473,-583],[-1716,710],[-1847,2257],[-896,-982],[-958,-218]],[[4310770,1693065],[432,2943],[789,970],[-545,740],[366,615],[-360,606],[46,1341],[1248,-154],[777,959],[-329,1801],[803,1757],[-128,1024],[-1189,2347],[1017,1680],[-1372,1255],[74,1947],[887,1095],[-97,776],[-687,544],[2082,957],[387,1092],[-1032,1758],[-725,-28],[-1483,1193],[-992,2651],[835,1198],[-584,1357],[-1009,238],[355,661],[-858,786],[57,1409],[-504,1426],[2915,-116],[280,1782],[-499,932],[250,1500],[-884,-34],[377,1281],[-1491,1368],[26,639],[982,1887],[2465,1646],[1922,2247],[-1144,1511],[-1303,494],[627,2327],[-417,781],[353,323],[-777,980],[-474,-992],[-549,22],[-783,835],[-1203,-629],[-991,1337],[-694,-1062],[-1233,-385],[-863,452],[-1062,1135],[742,1384],[-565,1401],[766,701],[1146,-2],[958,-1468],[369,1529],[-29,737],[-1495,2200],[49,1205],[-574,-524],[-1223,1306],[-1981,-321],[-1213,2028],[500,1409],[-748,986],[-827,236],[-1416,-739],[-1742,1478],[-364,762],[-2865,-25],[-200,1998],[-2687,259],[-1178,3612],[904,421],[-803,2842],[984,1035],[-2025,1936],[48,1189],[497,-20],[296,1227],[-1051,248],[-869,3089],[623,896],[-889,816],[-1123,-389],[-743,-1225],[-2136,-27],[-1341,-463],[-637,25],[-332,1724],[-1077,-601],[-666,348],[-3467,-237],[-1167,-610],[-3631,3051],[86,-2168],[-538,-1291],[-1668,-460],[-300,-1240],[-3063,-1529],[-2683,77],[59,1475],[-665,-26],[-1119,1845],[25,623],[-755,523],[682,624],[-711,332],[-467,1966],[-969,619],[-790,1822],[51,1267],[-1043,-41],[-1233,1977],[-239,1037],[1104,1011],[-1675,1961],[76,1897],[-1251,1958],[-212,1889],[-2020,313],[-323,678],[-1572,734],[-440,3654],[343,1623],[767,702],[1,977],[-775,495],[21,523],[1491,1927],[304,2196],[-864,403],[-1374,-868],[-1524,1156],[-1223,3632],[1208,770],[-25,623],[-1106,1014],[631,905],[-29,740],[775,242],[489,1730],[765,982],[-255,2977],[1023,1558],[1453,1041],[-994,311],[-543,984],[-2042,-713],[-522,1633],[-873,557],[307,863],[-371,1048],[593,584],[20,2358],[-534,1324],[595,544],[1173,-571],[546,582],[783,-411],[-477,1349],[402,751],[-28,1616],[2000,549],[-29,722],[1012,316],[-33,830],[1279,816],[2,1255],[1340,624],[647,1355],[6,1024],[-1018,650],[-20,2267],[-1050,963],[-967,-38],[-3919,2046],[-1056,-1125],[-936,324],[-1196,-414],[-290,2267],[746,348],[368,770],[-849,1694],[-1685,319],[-318,668],[-869,405],[1275,1266],[-418,783],[768,759],[339,1383],[-1122,814],[13,1643],[-2267,1320],[-1380,0],[-1317,711],[-2717,2765],[-327,-1017],[-1137,1214],[-431,-17],[-518,-1083],[-1822,-1141],[-783,31],[-1067,1139],[-737,-1470],[359,-671],[-517,-474],[-244,-2488],[-743,-715],[-504,20],[-592,-1901],[1086,-1067],[1121,-265],[389,-1446],[-964,-37],[-781,789],[-703,-749],[-507,-20],[-1033,483],[-248,519],[-2197,-37],[-1256,1257],[-984,-606],[746,-1394],[-24,-1799],[-1169,-1677],[409,-1155],[-1035,-1257],[46,-1174],[-319,-340],[-3779,558],[-129,-697],[-2006,-29],[-2107,-577],[-2085,-2125],[-1767,1495],[-2741,-275],[-3200,305],[-774,-1043],[-947,495],[-1374,-1810],[-2518,933],[-381,-1579],[-1140,-891],[-1686,834],[-406,-433],[-2659,-781],[-1577,537],[-674,1713],[-1811,499],[-639,979],[-1347,-244],[-464,495],[-2036,-2206],[-230,-3200],[-1026,-938],[50,-1264],[-628,-292],[350,-2174],[442,-405],[-894,-417],[-46,-1143],[1988,-1865],[-541,-1156],[425,-1329],[1856,-914],[-1304,-2777],[-1808,-842],[-831,-3600],[-947,-1010],[-1044,-40],[-975,510],[1684,-2301],[-608,-1115],[-1340,-6],[-281,-3458],[-798,-1146],[62,-1554],[-792,-247],[-914,-975],[-1635,974],[-1582,-1710],[-1899,974],[-881,-1041],[1107,-1015],[-376,-401],[-1741,-328],[352,-1689],[765,-1099],[-2619,-2035],[-240,-1975],[-1501,-236],[-573,-1199],[-1168,-275],[-258,-1337],[-2792,-1856],[-1425,1219],[-320,1000],[-1157,-45],[-2657,3224]],[[4153013,1810557],[-1560,-1967],[-2504,-737],[-1745,494],[-995,983],[-308,1384],[-1868,387],[-1077,-732],[-1573,2648],[-1128,-677],[17,-1770],[-1254,-49],[-505,540],[-1312,248],[-159,4177],[-1477,-58],[-1460,839],[-654,1660],[-1628,64],[-834,-1277],[-1932,237],[-312,976],[-2518,-361],[-861,859],[-1400,-362],[-715,-2795],[46,-2692],[770,-1074],[-2326,-1325],[-111,-2283],[-551,-303],[-973,537],[-775,-1224],[-3029,-890],[135,-1665],[-2284,-513],[232,-2650],[527,-449],[-1105,-551],[-1407,112],[-268,-1736],[-1231,-761],[-319,-708],[-1647,-490],[-3,-1767],[-766,-967],[-301,-1628],[-1122,-694],[677,-576],[-258,-627],[-1312,-723],[-2126,35],[-883,487],[-1403,-1224],[-894,71],[-351,-1153],[-2450,-1602],[-1488,-443],[104,-2840],[-913,-402],[1,-1688],[536,-457],[-280,-1278],[-2263,916],[-940,-2254],[-852,-470],[-3350,108],[476,-1410],[-792,-575],[-1924,2212],[-1993,492],[-1537,43],[-1754,-1401],[322,-3123],[1423,-628],[2058,-5116],[-1404,-689],[-1106,775],[-1518,-1174],[-28,-1564],[1098,-1920],[-70,-2334],[1315,-580],[70,-2568],[-2086,-468],[-130,-1604],[3734,-1564],[1833,-2315],[-1376,-645],[-6318,3523],[-3747,982],[-1989,2047],[-977,-331],[-1083,274],[-1402,1699],[-3516,-1380],[-1468,984],[20,971],[-1254,402],[-1616,1869],[-2624,849],[-757,-15],[-1466,-977],[-2233,-2708],[-1397,-570],[-1344,-2027],[17,-829],[-515,-751],[748,-752],[-541,-514],[-965,-450],[-989,732],[-999,-1223],[-1229,978],[-1486,1370],[1187,2441],[-1194,2089],[507,739],[-1340,323],[-1481,1569],[829,1298],[239,1477],[565,271],[-381,1470],[-1442,-29],[45,2203],[-284,270],[-1481,-30],[-5,760],[774,371],[-23,1111],[-1740,236],[-760,750],[-589,1201],[360,1737],[-217,1254],[-3085,-722],[-2561,1127],[-787,1147],[-3093,-594],[-2969,4054],[-1462,5358],[-1209,1713],[-2081,1298],[-478,2183],[-2755,1712],[-113,718],[759,1326],[-3008,3177],[-2193,635],[-1265,-884],[-2362,-607],[-2559,-1243],[-2081,1464],[-421,745],[1181,1879],[-113,359],[-1462,304],[-1125,-691],[-843,663],[-309,553],[196,2044],[-1124,1105],[-44,2958],[-1250,7014],[253,2651],[-590,884],[-1262,0],[-545,-569],[-492,-4161],[0,-6371],[-667,-621],[-754,-4143],[-2656,-1078],[787,-2082],[-1200,-2451]],[[3993606,1797789],[-246,-744],[-1131,-604],[-285,-1750],[-1886,-1271],[-650,-983],[-338,-1562],[-658,-895],[422,-1227],[-202,-400],[-1023,-389],[-916,450],[-186,-828],[-388,16],[208,-272],[-1101,-561],[-715,-2015],[1136,-1304],[-152,-455],[-735,-112],[-415,-1280],[346,-1079],[-93,-1802],[-1312,-1468],[369,-1652],[-989,-1032],[75,-1803],[-2011,-1133],[-223,-1029],[-992,-415],[229,-496],[-275,-488],[-1527,-99],[235,-989],[-416,-306],[-17,-883],[-1215,-118],[374,-1606],[-878,-153],[-2604,-1650],[-133,-532],[442,-178],[2235,943],[979,-887],[-1364,-1282],[-2071,-1018],[-111,-2055],[288,-398],[623,105],[283,1585],[1384,-492],[775,-1354],[-518,-1866],[294,-542],[4836,1390],[2694,216],[3819,-972],[1791,1981],[1027,343],[-374,-1959],[-1213,-767],[-350,-1902],[-1497,-1383],[-1200,-4971],[-680,-1185],[-74,-954],[961,-1020],[542,-2745],[370,-371],[434,158],[494,796],[-200,1248],[1649,1066],[502,-228],[533,-1694],[2512,-910],[1807,547],[975,1845],[1078,880],[1829,-905],[2091,137],[976,-1790],[3161,-1842],[178,-511],[-271,-462],[-1577,-476],[-46,-1406],[-1408,-206],[149,-1644],[-1422,-3919],[1282,-876],[1006,-1469],[715,1235],[1083,-418],[656,235],[939,2627],[1247,277],[735,-702],[71,-2307],[1050,-1495],[-363348,-302],[612,347],[-284,597],[-4121,450],[60,1482],[-582,1290],[-538,-604],[-765,695],[-1447,27],[-1292,-1319],[-527,426],[280,1433],[-296,645],[-496,-121],[276,-1164],[-379,-491],[-696,-80],[-80,1123],[-689,480],[-418,-527],[40,-1205],[-408,-41],[-1366,1817],[282,1288],[-1005,-11],[-503,-395],[125,-1374],[-1774,-237],[-199,988],[-1513,-3],[-568,470],[-46,1511],[-1270,-708],[-2312,-505],[809,989],[936,228],[-949,433],[-576,872],[-354,-131],[41,-1163],[-1003,-899],[324,-989],[-1822,-831],[-215,292],[616,1257],[-591,230],[-560,-839],[-1058,1111],[342,1181],[-394,1219],[-399,-32],[370,-825],[-1340,-898],[-1380,968],[433,620],[-121,497],[-840,-591],[-765,965],[-1571,-838],[-977,1643],[-425,-200],[18,-1357],[-788,75],[-1118,717],[821,569],[-1306,1196],[400,943],[-266,269],[-1237,-154],[423,-1431],[-421,-613],[-462,491],[195,1052],[-286,242],[-622,-410],[-1544,243],[-391,-451],[162,-1259],[-1898,52],[985,1844],[-1028,2027],[-3182,-424],[-571,351],[-585,-1085],[-1231,293],[360,-1031],[-323,-249],[-489,1032],[-459,-690],[-771,348],[-1177,-1146],[884,-889],[-761,-267],[-411,-743],[-232,931],[-1455,-284],[-56,-393],[1070,-416],[84,-447],[-788,104],[-933,-1031],[153,958],[-1117,-796],[-1044,407],[-31,-790],[-1469,1359],[-425,-2012],[-653,-233],[-261,384],[432,730],[-944,645],[-41,-1463],[-979,-202],[-1318,-957],[15,-974],[-414,49],[-171,776],[-349,-458],[-966,-44],[935,-1222],[-839,-886],[-839,583],[-1286,-960],[-590,65],[16,-790],[-965,-138],[-444,-1809],[-790,302],[200,1501],[-364,176],[-660,-363],[-442,-910],[187,-545],[644,-39],[-59,-705],[-1468,-259],[-535,-920],[-921,376],[-1426,-478],[-1020,1026],[429,1055],[-1712,-140],[-416,-791],[1389,-825],[-2002,-139],[-1675,-1612],[-1073,254],[-526,1225],[-1095,824],[-616,1086],[-871,-594],[-85,-952],[-2350,-677],[539,817],[-587,1088],[-94,1214],[-476,-836],[-2046,354],[-577,-1111],[-579,672],[-1048,-430],[-3326,1966],[-2641,-945],[-650,390],[-993,-368],[-774,972],[-234,-315],[469,-974],[-941,545],[-1228,-401],[-1164,452],[-2004,-462],[-68,-261],[749,-194],[-528,-991],[-2192,1016],[-872,-1555],[-1066,-161],[-725,-1242],[1008,-142],[601,-1527],[-1170,-168],[208,718],[-630,14],[-407,649],[-685,-1295],[-1177,1270],[-726,-677],[501,-284],[-786,-992],[-1492,167],[-437,-1207],[-1263,-189],[167,-415],[801,-145],[-114,-781],[-2220,325],[-268,-1031],[673,-276],[-689,-201],[328,-816],[-607,-765],[-440,406],[-906,-90],[426,1462],[-1195,-626],[-205,1160],[-2012,-623],[-1873,1790],[-334,-253],[793,-941],[-1106,-254],[-939,-1423],[-1846,354],[533,420],[-727,122],[-78,868],[-684,-600],[-1109,161],[937,1544],[-452,-456],[-786,-46],[143,755],[-1579,578],[693,499],[-822,867],[-1876,-781],[-669,1224],[-563,169],[286,748],[-404,554],[-1237,-1365],[-579,-77]],[[3148512,2063971],[1177,-315],[2347,-2224],[266,-4222],[1961,-1772],[5413,-751],[3627,-1118],[1197,520],[1921,2524],[1863,-19],[1491,-1195],[1745,-3236],[3294,-3603],[1491,-77],[2490,636],[3530,3159],[1588,212],[1294,-404],[844,-655],[784,-1503],[-39,-4610],[-926,-1495],[-2745,-2327],[-486,-1249],[2823,-3437],[1302,-817],[1616,-46],[1836,663],[1929,2805],[1287,4531],[-173,2697],[-1098,1202],[-2447,1588],[-1067,2173],[-141,1665],[392,2142],[612,1140],[972,432],[1334,-170],[5789,-2234],[1161,-2836],[2086,-8230],[2745,-4639],[1255,-756],[1742,-200],[2588,724],[330,1264],[-134,3437],[-3404,5918],[-141,1927],[565,2111],[831,602],[1020,-124],[5114,-3637],[706,-1403],[408,-2450],[-345,-817],[-2495,-2219],[-894,-2482],[-1067,-1356],[628,-1171],[-47,-817],[-2071,-2189],[612,-1171],[1412,-848],[1286,-92],[1349,832],[4330,6489],[2949,770],[1867,1649],[1883,1002],[2871,-15],[1364,-478],[2056,-1850],[1283,-2475],[742,-3830],[-1390,-2167],[-3480,-1144],[-1050,-717],[-204,-1661],[1079,-1032],[3412,57],[6238,2257],[4899,-218],[2267,866],[3730,2888],[3299,3844],[1727,505],[1440,-1138],[918,-2996],[-220,-4190],[-879,-3033],[0,-1806],[1237,-2591],[2117,-1092],[1808,773],[4141,5129],[963,2006],[525,2836],[670,1060],[1458,774],[5600,143],[1720,2822],[2924,2512],[501,964],[353,3255],[-305,2230],[-2572,2890],[-3358,2501],[-1238,2000],[-159,1648],[1477,1372],[4564,-807],[2023,-927],[692,-776],[718,-2163],[403,-3638],[-218,-5493],[1797,-3255],[1756,-1764],[1186,-4],[2846,1847],[1277,3686],[1527,7158],[1504,1011],[1408,220],[1183,-158],[1362,-1198],[3993,-1817],[679,-1177],[2714,-2431],[3981,-1631],[2879,-1708],[5694,-4713],[2973,-411]],[[3434447,1831158],[-1622,-11],[-4185,-3081],[-2240,-476],[-775,-1598],[-345,1232],[-635,114],[-1078,-716],[-483,1672],[-1011,420],[-197,-1705],[-783,-804],[-877,-27],[-612,-510],[-584,-1573],[367,-1435],[-751,-1595],[-1087,-924],[-1524,1203],[233,-2178],[-707,960],[-824,-516],[270,-1547],[-1240,-1039],[-409,-1913],[-1116,731],[-743,-860],[-985,-265],[277,1103],[-1276,989],[423,-910],[-387,-724],[-1779,-172],[-591,975],[-430,0],[-496,-1039],[554,-1225],[-722,-316],[-802,459],[-153,1383],[-336,236],[-583,-286],[321,-1233],[-1379,-36],[-80,1405],[-1663,-287],[715,824],[-146,666],[-2983,1340],[-2122,-859],[-495,-2028],[-2072,-215],[-328,695],[386,1060],[-1546,-64],[-1261,-946],[517,-888],[-14,-953],[-2239,-1648],[-1021,831],[109,1626],[-386,265],[-1874,-910],[-781,-1296],[-678,-402],[-343,381],[511,1067],[-2159,-1326],[-3158,-329],[-1159,759],[-795,-917],[-1517,229],[-423,-623],[197,-1483],[-1313,1246],[-1152,-14],[-883,523],[-168,-609],[555,-1770],[-1707,466],[-350,-1340],[226,-1103],[-2253,373],[-197,-753],[554,-688],[-248,-207],[-707,824],[-1430,-8],[-248,1025],[-415,158],[-1029,-1132],[598,-2308],[-1188,-78],[-927,1189],[-955,-2687],[-1211,1906],[-649,-1268],[-2180,93],[51,516],[802,365],[-1021,738],[372,1541],[-999,1139],[-183,924],[-1013,-308],[-1670,681],[-562,-179],[-693,-1240],[-87,-1196],[1604,-1276],[-14,-852],[-547,-717],[-1481,215],[-977,-451],[-1058,265],[30,1032],[-795,730],[175,1089],[-1174,86],[-766,760],[-1328,-638],[-721,-1956],[-672,752],[-1677,-566],[-416,-1196],[-1713,21],[-1299,1125],[-1815,194],[-1007,2522],[-992,-1118],[-962,-415],[-219,-2343],[-642,315],[-510,-702],[-1795,-366],[-794,1118],[-504,107],[-1232,-343],[-1488,-1147],[-124,-1146],[1254,695],[-532,-1498],[1648,-1344],[-1451,-1278],[-299,1218],[-445,351],[-299,-236],[-613,-1061],[1116,-465],[102,-1011],[-4033,1068],[-2129,-1039],[-124,-803],[1415,746],[306,-1046],[-190,-294],[-860,251],[226,-1054],[-270,-365],[-1597,-208],[751,-1325],[-51,-932],[-1415,860],[-1466,-108],[-1728,459],[-372,-380],[-226,-1741],[-2028,-645],[-466,624],[846,788],[22,1490],[-1277,344],[30,1562],[-2772,-810],[832,-931],[-978,-1089],[-1269,881],[-87,1748],[-722,244],[-1459,-767],[-1393,-2339],[-1366,227],[-347,-1624],[-839,-968],[-2241,864],[-920,-972],[-588,883],[-181,-962],[-934,-1378],[-1237,-103],[-693,1007],[-326,-874],[-1418,-44],[-311,-1240],[-1121,667],[-70,1244],[-1005,5],[-1110,1061],[-563,-582],[-1066,222],[-241,-1175],[-854,607],[-859,-1027],[110,-1500],[-1125,-840],[-392,79],[-246,1081],[-322,-69],[236,-1268],[-402,-474],[-472,108],[-452,1565],[-2387,711],[-548,-464],[15,-513],[1699,-1699],[-2317,-735],[-1000,859],[-1854,-716],[-603,-1920],[1221,-770],[-1583,-173],[-326,-410],[1075,-578],[-276,-627],[-2176,509],[-513,785],[-417,-143],[-115,-790],[-568,-30],[-669,578],[-653,1565],[-1839,-222],[-864,829],[-251,-1960],[-1030,-582],[-332,-731],[-3075,1481],[-287,-459],[603,-765],[-1120,-647],[191,1841],[-719,440],[-1085,-2286],[-1307,-1047],[-482,1343],[-648,143],[547,756],[-748,977],[-136,-879],[-1121,-720],[-321,1110],[-1211,-182],[141,1481],[376,168],[885,-469],[120,671],[-1934,69],[-287,1047],[-598,207],[-447,-315],[106,-939],[-538,-39],[-502,266],[-237,1126],[-497,360],[-236,-276],[331,-1294],[-482,-893],[-598,-59],[-321,661],[723,963],[-1010,-336],[-708,262],[814,459],[95,493],[-1844,410],[-497,864],[-709,-854],[-457,1037],[-1578,-741],[-2030,-59],[-126,-691],[1111,-681],[-297,-2405],[-1115,114],[-131,1239],[-1266,-839],[-1442,735],[-1372,-710],[-1131,1234],[1442,1278],[-934,435],[-824,1362],[-1327,810],[-1040,-696],[693,-862],[-472,-654],[-497,-49],[-925,770],[-965,-109],[-55,-400],[1307,-893],[-845,-1555],[-1794,676],[-1487,69],[-683,716],[-704,25],[-497,-637],[633,-627],[-206,-1145],[-995,-168],[-502,-864],[-674,267],[-321,992],[-1287,-701],[-608,1817],[-1030,-1027],[-1060,19],[-724,-419],[-1522,923],[-1040,1693],[-1553,326],[-206,-671],[1110,-1432],[-397,-336],[-2432,1101],[-1829,1797],[-1603,-1427],[-30,-1273],[-1542,202],[-367,1229],[-437,213],[-412,-405],[-282,-1550],[-985,-415],[-969,997],[-186,2464],[-1468,-25],[-678,509],[-131,1046],[568,1293],[-367,716],[-758,84],[-930,-2838],[-568,-509],[-1271,444],[-568,1299],[-1105,-30],[713,-1328],[709,-217],[-30,-597],[-608,-672],[-659,514],[-522,-464],[-94,-689],[670,-167],[-907,-747],[777,-5],[-31,-468],[-387,-381],[-704,154],[366,-853],[-585,-20],[21,-414],[486,-631],[-621,-995],[-720,-190],[-200,-1207],[-329,53],[-138,1274],[-251,-757],[-954,-525],[623,-737],[21,-1012],[836,289],[173,-599],[-570,-512],[-489,335],[116,-506],[-2043,-1041],[-197,639],[1107,519],[-483,598],[-1867,-900],[-664,-1014],[-399,488],[-343,-931],[-1013,-241],[513,-327],[-354,-525],[365,-208],[-119,-353],[-387,-219],[-674,713],[-18,-762],[-1020,-869],[-1001,1005],[235,-747],[-627,-204],[173,-874],[-847,-727],[-231,804],[-344,22],[-681,-1433],[-459,536],[67,-934],[844,-946],[-1236,-198],[-1853,-1998],[-854,-385],[-578,-1015],[-1183,-750],[-344,685],[-442,-69],[443,-814],[-912,-712],[-1204,-163],[-355,900],[-1232,81],[-307,-613],[838,-401],[-758,-336],[-1277,592],[-655,-2470],[-1577,-326],[-285,923],[-512,77],[81,-826],[754,-1006],[6,-938],[-2453,-278],[-1499,-2558],[-955,217],[-35,1936],[-465,564],[-932,-579],[-1293,-36],[1001,-1509],[-1026,-920],[-1521,1923],[-638,147],[446,-2050],[-1825,-1043],[-1409,367],[-2209,-111],[-1502,1736],[-1283,-3076],[-858,-177],[240,-599],[-1360,-464],[-157,932],[-514,-579],[-1017,512],[-657,-331],[-1113,-1757],[-640,526],[-249,1381],[-504,470],[-1731,-1474],[-1994,-1012],[-3349,1195],[2034,-2547],[-1007,-1130],[-814,403],[-407,-1417],[427,-1398],[-1376,689],[-3989,345],[-949,38],[-969,-1225],[-755,115],[-562,727],[-639,-421],[-581,306],[-77,-900],[-485,-249],[407,-1034],[-465,-1187],[-1762,-325],[-2192,-1306],[-914,-1656],[-428,273],[-367,-363],[-1040,997],[-214,-786],[-2838,-1556],[-1319,53],[-976,-1089],[-1716,-894],[-850,-1125],[-1373,-715],[-4885,-4381],[41,-1421],[-673,-1179],[-948,-212],[-612,-1814],[-673,211],[61,-756],[-978,91],[-1018,-2009],[-1364,-1020],[-723,168],[-869,-1590],[-1769,-1765],[-2455,-1068],[156,-519],[-496,-224],[374,-612],[-548,-885],[-647,-227],[-762,-1111],[-709,261],[-1637,-691]],[[3096501,1712349],[-1566,-802],[-706,434],[-1681,2728],[-1397,809],[-1462,-104],[-815,667],[-1294,90],[-2358,1524],[-1675,2705],[-774,493],[-415,-198],[-1325,452],[-135,887],[-1427,1147],[-782,1714],[-366,153],[-1977,-2032],[-2548,-672],[-914,1022],[-1569,616],[-588,970],[-1195,546],[-481,1269],[-1552,1992],[-713,281],[-1301,-405],[-1373,1339],[-1338,388],[339,1375],[-357,423],[-1283,-864],[-1801,-1],[-1176,-669],[-2933,528]],[[3055563,1731154],[-1774,-512],[-333,-1707],[-1114,-1522],[-106,-1049],[531,-2098],[107,-4100],[1357,-7292],[1316,-1813],[997,-2641],[-1195,-2090],[-1594,-6032],[1715,-3665],[40,-710],[-957,-1301],[1449,-1160],[149,-2148],[-1563,-1486],[-275,-787],[-3181,-3509],[-1425,-2219],[-1384,-650],[-1114,88],[-993,-417],[-783,-2490],[-3846,-3970],[556,-2624],[-506,-2238],[367,-809],[-1273,-3216],[200,-1262],[520,-590],[-756,-502],[-1058,-2374],[-1069,-496],[680,-1445],[-928,-84],[-53,-1254],[-969,-325],[-375,-6043],[-892,-511],[-577,334],[-655,-415],[-334,-807],[-2168,-1886],[-1513,-769],[-995,-1370],[-940,-3007],[402,-1198],[854,-352],[-798,-1160],[1007,-1248],[-614,-2996],[319,-2031],[-1386,-2609],[-127,-1298],[-1234,-1271],[286,-589],[-797,-386],[573,-3221],[-783,-334],[-836,554],[-494,-519],[-26,-1913],[-2331,-621],[-626,-1367],[467,-438],[-999,-790],[573,-722],[-981,-1141],[172,-293],[771,160],[53,-1347],[-1442,-529],[687,-1239],[-45,-652],[-699,-287],[-49,952],[-492,69],[85,-1153],[-716,-1270],[236,-615],[-1284,-606],[-585,-775],[1047,-1493],[-892,-223],[-184,971],[-802,-599],[74,-604],[1282,-1366],[89,-776],[-443,-580],[-782,1352],[-331,-124],[521,-2115],[-227,-777],[-603,407],[-272,846],[-850,-331],[344,-1940],[308,-295],[613,212],[104,-890],[-498,-186],[-1823,1125],[65,-1244],[-687,-622],[486,-694],[68,-1268],[813,-286],[786,883],[436,-258],[-724,-1682],[-1598,-46],[-2271,-1008],[-1293,303],[-938,958],[-659,-1084],[-158,1353],[-797,-799],[2017,-2677],[-510,-706],[-73,-1766],[509,-121],[1080,660],[305,-260],[-203,-903],[-2155,-1093],[-456,-741],[2040,-326],[111,-943],[401,-302],[-730,-642],[71,-1225],[363,-282],[764,539],[267,-1283],[-136,-371],[-867,-123],[443,-660],[-481,-561],[534,-203],[436,610],[291,-178],[-402,-1096],[-1186,-1178],[-2132,-753],[247,-1125],[-733,-656],[428,-787],[-375,-1051],[1107,-754],[1413,739],[466,-750],[-72,-900],[1382,486],[-365,1189],[1471,-379],[1073,-1892],[-595,-1803],[807,137],[886,-793],[-370,-2195],[-989,-1098],[1257,-665],[26,-921],[984,510],[679,-485],[868,52],[640,-831],[1117,306],[-700,-1184],[189,-551],[-715,-180],[-111,-505],[292,-642],[688,813],[949,-283],[-249,-792],[327,-2001],[941,-426],[-1257,-882],[2946,-583],[-1629,-931],[-345,-1044],[173,-1100],[3245,-791],[1236,-959],[1321,-3386],[1436,-1891],[-172,-734],[-1322,-1157],[-3533,-987],[-2010,592],[-4912,2568],[-1178,1383],[-2240,1552],[-287,705],[459,2597],[1322,3160],[114,2738],[-459,1298],[-1149,649],[-1120,0],[-4998,-2032],[-431,-1609],[201,-1636],[3332,-5221],[1637,-1721],[58,-1694],[-805,-761],[-2843,225],[-2155,2822],[-1091,2342],[-982,-1527],[-1353,-651],[-698,1043],[-824,373],[-1061,88],[-759,-380],[285,-718],[1076,49],[1259,-589],[212,-513],[-646,-466],[-1474,604],[-620,-540],[208,-389],[919,285],[159,-749],[1033,-218],[-268,-2218],[-1154,814],[-1917,178],[171,-986],[1838,-358],[395,-488],[-295,-528],[-1248,-200],[795,-1268],[-996,-774],[886,-1318],[1711,1437],[584,-1389],[-1907,-611],[381,-398],[1048,279],[355,-442],[-240,-383],[-1056,233],[-724,-399],[1706,-1357],[-422,-827],[-1621,478],[568,-507],[127,-1575],[-505,-243],[-789,980],[-1017,-635],[-572,-1160],[185,-503],[1012,173],[283,-975],[1185,-55],[44,-549],[-440,-221],[-1335,724],[-855,-34],[-1148,-1946],[95,-438],[831,-264],[-737,-1545],[1052,-427],[788,474],[26,-1355],[-1768,287],[-1087,-263],[-594,498],[-730,-342],[-782,575],[-405,-527],[641,-250],[-33,-359],[-2069,-859],[2,-735],[-665,124],[-234,-862],[-586,514],[-744,-10],[-335,-971],[-590,-64],[-856,-2528],[-567,-507],[-527,140],[-403,-787],[-606,110],[147,-1047],[-1015,-732],[457,-658],[-659,180],[166,-424],[-456,-248],[-43,-537],[-984,-367],[425,-353],[-280,-876],[394,-488],[-764,-681],[-156,-789],[-608,148],[-104,-844],[-1098,-263],[274,-438],[-345,-459],[-742,162],[334,-680],[-997,-501],[-49,-816],[-1263,-420],[289,-549],[-1200,-71],[-337,-788],[-2205,-1475],[-3657,44],[-1580,-784],[-1506,-12],[-1445,1130],[561,799],[-248,502],[491,173],[-457,962],[-1084,569],[-1486,-711],[130,822],[-1411,-173],[-94,773],[-1114,239],[114,479],[-409,282],[-4342,-1884],[-2806,460],[-1730,-216],[-2246,-3265],[-1094,-231],[-535,-690],[134,-895],[-622,-950],[-571,-7],[-422,-597],[-2145,-81],[-348,-2058],[-878,-900],[402,-1509],[-587,-1789],[870,-2791],[-900,-4656],[-1046,-2441],[-3792,-3083],[-3007,-642],[-1843,-1500]],[[2934096,1485212],[-67898,-64945]],[[3512401,1724899],[-256,-184608],[2167,811],[2014,19],[890,-633],[2469,-3241],[1745,-763]],[[3521430,1536484],[1134,-271],[2209,436],[2249,2442],[1486,4098],[1399,1295],[1941,846],[1846,1565],[5857,2930],[2680,887],[2908,-229],[2425,-1210],[1223,-130],[4284,3023],[1908,-126],[377,-439],[-1545,-5442],[173,-5142],[398,-1147],[2878,-108],[2056,-1224],[2220,-468],[1507,131],[1806,3067],[3861,736],[2972,1727],[3003,-715],[449,-496],[1049,345],[2361,2591],[971,524],[2044,296],[1879,-174],[1966,-908],[7207,-5880],[3875,-739],[2195,568],[4493,-622],[5406,57],[10395,2276],[1318,-255],[1697,-1095],[4205,614],[3245,-1196],[3458,307],[1299,-1141],[134,-1480],[-634,-1348],[1181,-3417],[1890,-1144],[3176,-1020],[848,154],[1348,1211],[2065,4127],[1889,1005],[3534,3172],[937,3517],[698,702],[1349,-2498],[1877,957],[1090,-973],[1297,-351],[1666,481],[1751,1090],[671,-202],[641,-878],[1020,-8],[3505,1813],[1369,247],[2334,-2540],[1940,-1223],[291,-1604],[560,-751],[1545,-1218],[2771,-498],[26,-1836],[414,-319],[4022,385],[3392,-319],[4006,977],[1234,-238],[156,-569],[-610,-1727],[1021,-1832],[875,-795],[1815,-534],[2171,-2984],[4422,-3005],[1348,-1648],[679,-1839],[1814,-1253],[-320,-1333],[-5449,-4475],[-32,-1803],[2610,-886],[779,-2093],[1243,-682],[2148,-234],[3421,-1847],[3010,-1014],[2146,-2697],[-130,-1143],[-1048,-931],[-1259,-95],[-2519,706],[-1686,-984],[-1138,-2287],[304,-2771],[1588,-1399],[1361,-2644],[4087,-2727],[3655,-3335],[1692,-276],[2669,1037],[450,-249],[-77,-1029],[656,-727],[-333,-444],[598,-1697],[-301,-1739],[-724,-2995],[-741,-1290],[-1471,-811],[-2928,1245],[-967,43],[-1605,-818],[-624,-1098],[671,-2961],[-787,-3718],[1524,-2343],[2457,-1884],[420,-2245],[-246,-1471],[979,-1317],[927,-2552],[-101,-3293],[-3960,-3572],[-4348,1057],[-782,-1813],[-2742,-2020],[-44,-4014],[1979,-4933],[886,-220],[497,-775],[2165,783],[3049,-1062],[1538,-932],[865,-1732],[1476,-1130],[5061,-9551],[3016,-3112],[783,-3091],[-439,-1987],[-871,-1000],[-1410,-179],[-965,524],[-721,1900],[-1238,1016],[-1518,284],[-2193,-559],[-2459,700],[-612,1710],[-474,261],[-3392,-1677],[-275,912],[-738,518],[-1624,-21],[-1054,508],[-2100,-1293],[-525,-823],[-1769,-135],[-40,-451],[718,-232],[0,-1315],[-2478,-2046],[1162,-4003],[-288,-580],[626,-429],[-190,-1056],[-506,-311],[583,-483],[-40,-533],[-1654,28],[-1827,981],[-598,-48],[-3522,-1518],[-1558,-125],[-401,-409],[355,-1200],[-274,-149],[-1191,380],[-1766,2594],[-680,262],[-2897,-1381],[-741,849],[-1208,-182],[-447,-495],[-1931,277],[-1014,-1379],[-2987,649],[-1180,702],[-979,-545],[-1868,-131],[222,1303],[2042,1740],[1004,1826],[-522,1908],[-1050,1644],[-178,1349],[1426,3228],[-1545,397],[-1619,-145],[-2498,-1453],[-1891,-2192],[-1992,-1326],[-433,-1858],[-699,387],[184,1881],[-429,1968],[-1202,-1111],[-1627,1706],[-1244,89],[-397,-487],[-50,-2262],[-2266,-2255],[-358,-1264],[-797,-777],[-62,-1270],[-983,-94],[-1382,898],[-2804,4196],[-1919,2120],[-3621,2904],[-1272,1585],[-1919,977],[-2140,1788],[0,1304],[-749,2032],[-991,383],[-1241,2898],[-632,558],[-1181,45],[-895,645],[-2302,623],[-1302,1501],[-566,1125],[771,977],[301,1981],[-1985,990],[-2069,-353],[-2513,1212],[-1161,2146],[212,1227],[-1322,1699],[-1758,-488],[-3263,224],[-2549,-2815],[-1392,-674],[-485,462],[-1140,-317],[-1110,-892],[-250,-1385],[-714,-935],[-2474,387],[-5167,-3462],[-175,-1549],[476,-1868],[-1258,-3235],[-6464,472],[-1479,899],[-1226,-1120],[-6,-2607],[-734,330],[-1533,-988],[-1753,-2157],[-1182,479],[-653,-954],[-1856,-1009],[417,-1424],[-21,-2031],[1202,-1368],[-852,-629],[-3568,-195],[-1130,-716],[283,-1229],[-570,-3268],[633,-1354],[-464,-348],[-614,136],[-1090,2577],[-1467,1436],[-971,1970],[-1599,237],[-438,-589],[98,-1265],[-534,-227],[-445,344],[-1017,2163],[-873,373],[-887,1165],[-75,2172],[-892,1032],[-1542,446],[1160,1215],[-1062,326],[-362,1117],[-1927,-115],[-1177,359],[-1224,-607],[-828,463],[-627,-122],[-629,1250],[-4962,-1153],[217,-2713],[-1184,-1729],[-868,761],[-452,1127],[-898,-1068],[-1492,179],[-1106,-1601],[-621,-46],[-253,-1760],[-720,-173],[-882,392],[-2,-2044],[-586,-934],[-14,-933],[-1828,-3636],[-1015,-162],[-1077,-760],[-1506,4],[-745,-922],[-721,323],[-180,972],[-2044,1928],[-722,-1343],[-3433,-2128],[16,-1145],[-1501,-219],[-2815,-1717],[-1540,-354],[-931,-1576],[-619,-194],[-157,-1220],[-1853,-465],[-149,-1342],[-2238,-425],[-42,-1794],[-585,77],[-1468,1348],[-894,2503],[-886,522],[-964,-287],[-1251,1507],[-1392,-500],[-270,666],[-1122,-235],[-646,-1364],[-896,-491],[-1740,715],[-1681,-388],[-788,492],[-1509,-945],[-371,-1653],[-417,-272],[-1163,83],[-1631,1403],[-3119,-1406],[-2136,-271],[-1507,964],[-756,1567],[-816,-47],[-621,-1031],[-922,-361],[-1805,1146],[-729,-91],[-1481,1668],[-268,-1418],[948,-1424],[-711,-259],[-975,-2659],[-2917,-1769],[-5,-1236],[-1732,-2000],[-568,23],[-1069,1132],[-1639,-146],[-2715,1458],[-1514,-7],[-872,2842],[-1339,605],[-480,777],[-2522,552],[-1597,-1045],[-1259,357],[-89,-1104],[834,-130],[87,-1141],[-1076,415],[-1680,1705],[-1652,-352],[78,-746],[1793,-938],[717,-1409],[-1386,-974],[232,-2636],[-2907,-1780],[-1134,1176],[-1259,-849],[-2053,-275],[-716,1581],[569,1836],[-1497,1596],[-3707,1323]],[[3455423,1391847],[-2328,-919],[-183,-88167]],[[3452912,1302761],[-194,-107822],[318,-1180]],[[3453036,1193759],[1180,-1945],[-1442,-1676],[343,-906],[-1052,-1991],[187,-734],[-391,-1051],[-720,-732],[-649,173],[-438,-439],[-651,-1267],[141,-623],[-1668,-1796],[-324,-961],[1734,-2054],[139,-1806],[1100,-2600],[1398,-1347],[506,520],[372,-103],[677,-1500],[1280,-72],[1988,-813],[178,-707],[1206,-803],[673,-1032],[3663,-1728],[4341,-2981],[1834,-2711],[354,-1031],[-123,-1581],[990,-830],[1564,-194],[725,-601],[1045,-1778],[120,-1392],[2416,-3093],[1136,-777],[463,297],[393,-1126],[3615,-1549],[-321,-1311],[1888,-2905],[807,-214],[1267,426],[712,-317],[160,-653],[-418,-1143],[454,-1336],[801,-136],[-196,-805],[834,-947],[282,403],[4,-907],[443,-212],[-383,-647],[1459,-316],[1112,-2428],[2613,-883],[-124,-562],[1319,-355],[-131,-483],[1349,-473],[627,-721],[1031,-244],[10,466],[576,-273],[-7,-401],[971,47],[951,-815],[555,362],[-358,425],[583,294],[-78,682],[585,-377],[290,672],[575,192],[559,-200],[-197,-524],[678,-364],[919,114],[565,-536],[1702,-290],[854,402],[451,-287],[257,402],[542,-320],[281,427],[322,-776],[186,393],[1083,-96],[73,506],[485,5],[324,-501],[690,798],[1307,-172],[925,-1552],[684,404],[500,-428],[-36,-1603],[704,-213],[-257,-448],[339,-732],[609,-204],[167,-1349],[902,-1218],[130,-1077],[-360,-250],[338,-386],[-581,-1056],[645,-460],[-68,-427],[821,681],[796,-339],[2055,646],[844,-408],[658,267],[2826,-2517],[2879,-788],[-543,-680],[58,-665],[1156,-1160],[621,-7],[677,-587],[505,503],[1126,-831],[648,635],[-281,487],[752,89],[350,-374],[221,458],[291,-664],[-514,-410],[994,127],[-86,-989],[797,21],[1209,-1816],[447,-65],[-46,544],[589,-100],[1226,-1277],[467,338],[216,-596],[530,-84],[-532,-827],[71,-809],[986,739],[-268,-951],[482,566],[-41,-927],[504,407],[198,-243],[-232,-1473],[870,83],[99,-712],[555,795],[5,-1436],[827,880],[240,-709],[-586,-1099],[938,-625],[-136,-1048],[306,507],[282,-220],[330,-1431],[1707,20],[-54,-638],[1093,-297],[-167,-735],[687,401],[-134,-409],[384,-291],[-499,-425],[928,86],[-181,509],[525,547],[250,-1591],[559,1287],[-111,-1830],[1023,345],[580,-820],[619,373],[-172,517],[530,-6],[-144,-764],[721,-1102],[922,1188],[432,-1342],[553,401],[1026,-125],[-110,789],[1008,171],[-340,-1270],[1248,459],[-925,-985],[723,-164],[-240,-554],[395,42],[313,994],[2593,-1584],[-695,-229],[31,-377],[1411,810],[-397,-939],[847,-340],[32,-696],[1068,919],[178,-714],[329,90],[11,794],[252,-954],[803,58],[237,-373],[292,666],[781,-334],[-53,716],[454,-755],[-420,-321],[575,-620],[656,1050],[327,-836],[869,-357],[-24,-485],[788,518],[-92,-974],[769,-153],[8,-548],[2140,-351],[131,-695],[942,-72],[-587,-626],[214,-1343],[1075,-220],[-1004,-475],[629,-548],[-7,-687],[566,575],[643,-511],[344,669],[543,-1471],[645,707],[-270,549],[349,9],[524,-800],[1317,19],[-524,-671],[989,-183],[-224,-869],[616,754],[940,-214],[-330,789],[783,-346],[368,-773],[628,422],[-103,-815],[803,374],[61,539],[1011,-766],[-925,-563],[1353,-792],[-870,-199],[851,-688],[-795,-152],[338,-632],[-616,-232],[155,-610],[435,79],[241,-466],[-631,134],[-511,-798],[-360,232],[273,-738],[-789,-226],[789,-616],[-840,-516],[935,-20],[-795,-1359],[609,-726],[-596,-916],[949,-347],[1,-687],[614,12],[327,-749],[692,75],[-62,504],[389,16],[320,-526],[-722,-476],[899,12],[1175,-866],[-1366,-767],[518,-581],[983,402],[-431,-978],[803,-312],[-78,-562],[361,1024],[441,-38],[615,-959],[-1223,-988],[1290,55],[141,-483],[-346,-364],[467,-135],[-529,-672],[98,-521],[-1022,-223],[575,-2489],[-972,-858],[804,-235],[63,-352],[-1741,-2922],[-888,-171],[84,-1629],[667,-305],[731,316],[192,-836],[967,-98],[466,-863],[1363,-134],[-12,-745],[-587,-253],[39,-366],[1463,-881],[852,-1316],[-1133,-537],[89,-523],[1374,-227],[1106,1330],[1508,-1279],[230,-863],[861,-122],[-192,-429],[-1105,-314],[346,-1106],[-1039,182],[349,-730],[1008,-831],[1068,688],[1645,-1674],[-1071,-1785],[-1332,89],[-915,-1379],[346,-743],[-998,-65],[472,-718],[-101,-1240],[-977,-782],[429,-459],[804,396],[-72,-596],[-1013,-179],[-814,607],[-586,-115],[449,-1730],[1004,409],[300,-422],[-867,-965],[-99,-700],[-1029,602],[-763,-422],[675,-1377],[98,-1253],[-1802,-328],[-836,-1465],[-1053,593],[84,-864],[814,-463],[-308,-561],[-780,242],[-497,1035],[-511,-210],[-18,-1130],[962,-114],[99,-411],[-384,-523],[-1685,-271],[139,-665],[949,240],[325,-412],[-1242,-669],[666,-997],[-944,-983],[394,-1189],[-486,-9],[-876,898],[-737,-737],[346,-560],[1273,-453],[-707,-1604],[-952,-122],[-208,1160],[-1971,-477],[134,-447],[858,-95],[629,-922],[854,-131],[0,-423],[-2660,-428],[-752,-1391],[-379,165],[-286,1175],[-626,-376],[411,-1376],[-553,-880],[744,-290],[1127,528],[481,-417],[-1775,-1142],[-990,-1287],[292,-473],[756,33],[959,1260],[1053,-879],[-407,-1000],[316,-1347],[-497,-483],[-780,-48],[347,-519],[844,16],[742,847],[415,57],[537,-765],[476,73],[163,755],[502,-243],[-192,-806],[-1049,-293],[211,-1118],[-693,-805],[1502,-579],[96,-909],[434,85],[234,825],[445,-21],[-4,-1077],[887,-523],[-745,-604],[48,-758],[720,-752],[535,674],[451,-332],[-347,-1232],[-392,-176],[-828,482],[70,-568],[365,-331],[1641,185],[504,715],[951,-413],[1082,681],[-128,-1458],[733,-559],[-1445,-253],[738,-1391],[975,-182],[-49,-1721],[1301,459],[84,-482],[-703,-307],[873,-461],[503,1354],[564,-95],[-242,-3058],[1877,-5],[-296,1434],[1618,-631],[195,-680],[-321,-538],[629,-324],[1322,-1908],[-1084,-2209],[-1595,-1576],[-1716,-211],[-33,-1826],[928,-484],[617,-1245],[790,-633],[740,-113],[1646,702],[567,-2041],[1901,163],[145,-855],[-345,-654],[1335,-1512],[698,2],[599,1044],[519,-86],[235,-1453],[446,-941],[409,-55],[307,969],[-307,1179],[381,219],[837,-850],[-53,-1662],[1679,-441],[-216,-1470],[-466,-33],[-748,768],[-482,-654],[615,-571],[1945,98],[-1878,-735],[-133,-392],[1607,-1039],[688,-922],[46,-512],[-827,-832],[1029,-571],[-1529,-926],[-865,539],[-399,-262],[1031,-980],[1962,-33],[66,-490],[-548,-718],[-2478,490],[-1097,-1046],[416,-620],[1247,343],[709,-970],[-781,-932],[-9,-1489],[226,-643],[1285,-229],[199,-392],[-366,-474],[-964,-114],[-50,-343],[948,-686],[1762,702],[416,-637],[-200,-1372],[782,-343],[1130,424],[83,1128],[449,-82],[242,-539],[-316,-1508],[828,-420],[-251,-1060],[1609,-34],[798,-817],[997,-310],[-83,-719],[-981,-653],[283,-327],[831,115],[848,1388],[599,-65],[266,-801],[-443,-1614],[725,118],[596,1243],[595,73],[1683,-1261],[-14,-1025],[1147,-229],[249,-751],[1247,425],[798,-2271],[1863,-637],[-723,-1478],[268,-1932],[-929,-434],[-86,-527],[820,-1368],[1481,-206],[116,-1634],[1363,948],[998,-1748],[549,-115],[3159,1879],[448,-278],[731,-1931],[-429,-1373],[373,-363],[847,265],[744,1005],[1023,-850],[660,64],[707,1179],[781,77],[133,-1438],[-532,-1094],[-1280,-245],[-1380,1078],[-914,-604],[-50,-948],[1047,-653],[1580,523],[1030,-392],[-1001,-891],[-856,119],[-1134,-512],[-1414,271],[-34,-653],[1031,-784],[-416,-719],[-1762,-376],[515,-1503],[-897,180],[-848,1585],[-632,-180],[737,-2097],[-10,-1096],[1619,-27],[730,-619],[798,180],[83,-408],[-732,-784],[499,-409],[565,507],[266,1355],[366,-424],[-133,-2042],[1297,-931],[1273,1025],[530,-402],[-251,-639],[-1078,-649],[-890,-2144],[84,-1389],[-1464,33],[1114,-1634],[2062,-522],[-166,-507],[-482,-555],[-1281,98],[-1313,1437],[-599,-294],[-48,-554]],[[3635549,3000481],[408,-505],[3062,1462],[1440,2302],[2351,1531],[3259,502],[2605,-520],[2349,1017],[4571,3190],[4826,1266],[4549,-3603],[2072,-3979],[2196,-5773],[1292,-2167],[936,-564],[5842,-552],[2731,-1537],[2416,-274],[3034,596],[2980,-956],[3279,-11],[1712,1285],[4578,5238],[1580,4607],[10125,8527],[1388,444],[5953,241],[751,364],[2011,3392],[1420,3746],[1734,2353],[2685,2127],[1264,443],[3279,39],[1946,449],[1496,907],[1079,2360],[1188,1331],[6174,2167],[6404,1233],[3503,-749],[969,-541],[2370,-4693],[1618,-1858],[1154,-519],[2852,-351],[5789,1237],[3429,62],[3642,-2084],[7763,-3477],[4976,81],[10130,-2848],[3716,254],[1477,605],[2794,2078],[6038,717],[3002,-317],[3585,-1755]],[[3817321,3019001],[1298,-771],[3161,-3516],[944,-2546],[746,-563],[7672,1403],[4411,1342],[1678,-4],[5405,-1420],[6237,42],[1712,-398],[1550,-984],[886,-2844],[1710,-1623],[2531,-413],[3799,466],[6332,-865],[4740,2384],[3694,3890],[5495,3647],[2484,867],[3482,163],[7476,-4976],[2770,-221],[2518,767],[3188,2237],[1146,1412],[1540,3363],[1035,953],[2205,405],[4321,-4],[3277,993],[3996,-65],[4374,1185],[6391,-1625],[4122,956],[2939,-729],[2630,-158],[3670,960],[2403,61],[5605,-2004],[7745,-4361],[4174,-481],[2149,201],[3152,877],[3594,2070],[4584,3265],[1580,2173],[1738,1495],[4966,134],[7855,2909],[8034,778],[3200,1253],[2267,1940],[4514,1519],[3294,651],[1761,-56],[2226,-869],[2323,2],[2099,466],[2425,1189],[2068,196],[6054,-1387],[3908,-1969],[2221,-2045],[2052,-2612],[2089,-1585],[1906,-795],[2718,24],[7583,3489],[1750,183],[3076,-504],[2055,298],[3653,3057],[3193,1957],[7481,3188],[1957,1491],[5980,7370],[12503,8192],[2200,1948],[2281,3014],[3122,1597],[7352,1918],[2142,-269],[1657,-781],[8027,-7500],[2420,-1012],[1513,8],[6081,1723],[5181,907],[3339,-1458],[2258,-513],[6006,-150],[4238,-801],[6955,-274],[4755,552],[2002,-555],[2164,-1186],[4433,-5138],[2811,-1487],[2856,36],[6585,1325],[2286,-311],[3583,-1726],[4769,-5725],[2126,-1910],[5319,-2881],[7124,-4652],[3619,-3869],[330,-1430],[-8900,-7650],[-2102,-6096],[-305,-2420],[245,-1871],[1979,-4124],[2997,-3671],[774,-1898],[601,-3654],[3508,-5265],[3788,-3485],[5792,-3762],[15,-3618],[1350,-1662],[2867,-2145],[587,-1100],[444,-3503],[-526,-2136],[-1751,-1789],[-6785,-2794],[-6597,-4310],[-1915,-2313],[-1540,-3025],[-1155,-1186],[-6759,-4356],[-5712,-2468],[-2925,-2054],[-3082,-3086],[-4573,-6251],[-2034,-4183],[-7164,-5517],[-2888,-3646],[-934,-5410],[-2449,-4123],[-568,-5326],[-1207,-2998],[-1337,-5164],[-3450,-4592],[-575,-3255],[-475,-9744],[-996,-3797],[187,-8178],[1989,-4103],[1046,-7970],[2066,-4723],[-38,-6511],[1240,-1619],[3972,-2910],[1079,-1903],[-230,-1797],[-1557,-3612],[-866,-924],[-2131,-1046],[-1167,-1758],[-1125,-4257],[-58,-4173],[-691,-2412],[-2671,-2798],[-4824,-3221],[-4416,-4217],[-4496,-3502],[-5796,-1432],[-1642,-809],[-3335,-2797],[-2720,-3884],[-8206,-3494],[-6369,-4857],[-6616,-2554],[-2633,-2405],[-1997,-2533]],[[4112593,2778025],[-1713,-2259],[-5312,-4027],[-2925,-3787],[-541,-1136],[-544,-6711],[1314,-3278],[4575,-2262],[513,-1149],[1716,-1958],[94,-1180],[-2129,-6672],[499,-4366],[1148,-2047],[218,-1670],[-554,-1388],[-3425,-3916],[-1555,-4770],[-3151,-6032],[-130,-1572],[1078,-2635],[3363,-3740],[3707,-6839],[1358,-1686],[-253,-3521],[301,-1686],[1560,-1290],[2365,-893],[807,-1282],[-1119,-3444],[-2957,-3869],[-505,-1917],[322,-6320],[-868,-6781],[-2041,-6091],[-1622,-1774],[-901,-1882],[611,-3977],[357,-6924],[-74,-7065],[2735,-6747],[935,-5362],[284,-9693],[-1191,-5539],[-2,-5752],[753,-9835],[1295,-3480],[467,-4190],[-1442,-4296],[-4722,-8733],[-1839,-5005],[-109,-4403],[430,-4261],[-669,-6219],[1762,-7102],[251,-3444],[-360,-852],[-4323,-4508],[-721,-2272],[107,-1882],[1044,-2024],[4104,-3588],[6553,-2559],[2736,-2060],[2700,-2806],[1871,-2593],[324,-1100],[-289,-3125],[-840,-1775],[-654,-3803],[3155,-3506],[4125,-1737],[260,-1908],[-1768,-2363],[-937,-3443],[790,-3764],[2340,-1812],[1367,-1812],[684,-1527],[682,-3586],[-649,-2379],[-2845,-1004],[-2495,676],[-2696,9],[-2396,-1359],[-1445,-2345],[-490,-3500],[1089,-3656],[3157,-7555],[-1227,-4639],[-869,-6962],[408,-2020],[705,-1104],[2573,-3678],[1323,-650],[1444,-1950],[240,-6263],[2157,-5905],[7796,-6695],[1912,-3225],[3730,-12160],[1304,-6817],[1399,-3040],[1830,-2100]]]}
