{"type":"Topology","bbox":[-77.12783114928558,5.418558627673942,-73.88128350659387,8.87397435856242],"transform":{"scale":[0.000003385120954067422,0.0000034456095261769775],"translate":[-81.73562055563167,-4.229406466336059]},"objects":{"MGN_ADM_MPIO_GRAFICO":{"type":"GeometryCollection","geometries":[{"type":"Polygon","arcs":[[86,87,88,89,90,91,92,93,94,95,96]],"bbox":[-75.71928909054004,6.163823294528864,-75.47226327403793,6.373760837349302],"properties":{"dpto_ccdgo":"05","mpio_ccdgo":"001","mpio_cdpmp":"05001","dpto_cnmbr":"ANTIOQUIA","mpio_cnmbr":"MEDELLÍN"}},{"type":"Polygon","arcs":[[97,98,99,27,100,101,102]],"bbox":[-75.55690145325248,5.6642857166427785,-75.26793398812946,5.946050435645901],"properties":{"dpto_ccdgo":"05","mpio_ccdgo":"002","mpio_cdpmp":"05002","dpto_cnmbr":"ANTIOQUIA","mpio_cnmbr":"ABEJORRAL"}},{"type":"Polygon","arcs":[[103,104,105,106,107,108]],"bbox":[-76.18450626325753,6.504170266696049,-76.00763369340751,6.754438669020386],"properties":{"dpto_ccdgo":"05","mpio_ccdgo":"004","mpio_cdpmp":"05004","dpto_cnmbr":"ANTIOQUIA","mpio_cnmbr":"ABRIAQUÍ"}},{"type":"Polygon","arcs":[[109,110,111,112,113]],"bbox":[-75.17380392975971,6.294501481418653,-74.98521884140861,6.417923214646311],"properties":{"dpto_ccdgo":"05","mpio_ccdgo":"021","mpio_cdpmp":"05021","dpto_cnmbr":"ANTIOQUIA","mpio_cnmbr":"ALEJANDRÍA"}},{"type":"Polygon","arcs":[[114,115,116,117,118]],"bbox":[-75.7674830575631,5.9807373867459255,-75.66026273646396,6.08798542885771],"properties":{"dpto_ccdgo":"05","mpio_ccdgo":"030","mpio_cdpmp":"05030","dpto_cnmbr":"ANTIOQUIA","mpio_cnmbr":"AMAGÁ"}},{"type":"Polygon","arcs":[[119,120,121,122,123,124,125,126]],"bbox":[-75.1824495286764,6.748439862835312,-74.83629383015537,7.292549845552024],"properties":{"dpto_ccdgo":"05","mpio_ccdgo":"031","mpio_cdpmp":"05031","dpto_cnmbr":"ANTIOQUIA","mpio_cnmbr":"AMALFI"}},{"type":"Polygon","arcs":[[127,128,39,40,129,130,131]],"bbox":[-76.0735047620527,5.481137787888368,-75.80906249824191,5.776230124538742],"properties":{"dpto_ccdgo":"05","mpio_ccdgo":"034","mpio_cdpmp":"05034","dpto_cnmbr":"ANTIOQUIA","mpio_cnmbr":"ANDES"}},{"type":"Polygon","arcs":[[132,133,-118,134,135,136,-90]],"bbox":[-75.76803483227862,6.068789938187377,-75.67249317847102,6.194306602006952],"properties":{"dpto_ccdgo":"05","mpio_ccdgo":"036","mpio_cdpmp":"05036","dpto_cnmbr":"ANTIOQUIA","mpio_cnmbr":"ANGELÓPOLIS"}},{"type":"Polygon","arcs":[[137,138,139,140,141]],"bbox":[-75.49127411331597,6.767466518638862,-75.24205135331466,6.970957326035823],"properties":{"dpto_ccdgo":"05","mpio_ccdgo":"038","mpio_cdpmp":"05038","dpto_cnmbr":"ANTIOQUIA","mpio_cnmbr":"ANGOSTURA"}},{"type":"Polygon","arcs":[[-127,142,143,144,145,146,147,148]],"bbox":[-75.31842645228033,6.905470071381302,-74.89030343497751,7.450131351622202],"properties":{"dpto_ccdgo":"05","mpio_ccdgo":"040","mpio_cdpmp":"05040","dpto_cnmbr":"ANTIOQUIA","mpio_cnmbr":"ANORÍ"}},{"type":"Polygon","arcs":[[149,150,151,152,153,-106,154,155,156]],"bbox":[-76.03892575150691,6.396288232431447,-75.79696407595208,6.6830353028094205],"properties":{"dpto_ccdgo":"05","mpio_ccdgo":"042","mpio_cdpmp":"05042","dpto_cnmbr":"ANTIOQUIA","mpio_cnmbr":"SANTA FÉ DE ANTIOQUIA"}},{"type":"Polygon","arcs":[[157,158,159,160,161,-153]],"bbox":[-76.00404885031715,6.2160277244599715,-75.83069003601744,6.41222073088049],"properties":{"dpto_ccdgo":"05","mpio_ccdgo":"044","mpio_cdpmp":"05044","dpto_cnmbr":"ANTIOQUIA","mpio_cnmbr":"ANZÁ"}},{"type":"Polygon","arcs":[[71,162,163,70]],"bbox":[-76.75315242160559,7.769170674479506,-76.41157340661447,8.07299763127874],"properties":{"dpto_ccdgo":"05","mpio_ccdgo":"045","mpio_cdpmp":"05045","dpto_cnmbr":"ANTIOQUIA","mpio_cnmbr":"APARTADÓ"}},{"type":"Polygon","arcs":[[164,165,166,167,63,64,65,66]],"bbox":[-76.5709042796805,8.432522866068625,-76.25071584399814,8.87397435856242],"properties":{"dpto_ccdgo":"05","mpio_ccdgo":"051","mpio_cdpmp":"05051","dpto_cnmbr":"ANTIOQUIA","mpio_cnmbr":"ARBOLETES"}},{"type":"Polygon","arcs":[[21,22,168,169]],"bbox":[-75.24568358809837,5.6462824068685045,-74.88015822747818,5.761038432137829],"properties":{"dpto_ccdgo":"05","mpio_ccdgo":"055","mpio_cdpmp":"05055","dpto_cnmbr":"ANTIOQUIA","mpio_cnmbr":"ARGELIA"}},{"type":"Polygon","arcs":[[170,-136,171,172,173,-159,174]],"bbox":[-75.85929430807931,6.099073400312948,-75.74115020166141,6.24943980003531],"properties":{"dpto_ccdgo":"05","mpio_ccdgo":"059","mpio_cdpmp":"05059","dpto_cnmbr":"ANTIOQUIA","mpio_cnmbr":"ARMENIA"}},{"type":"Polygon","arcs":[[175,176,177,178,179]],"bbox":[-75.44848279933561,6.365084792562389,-75.2168592831745,6.513187426826054],"properties":{"dpto_ccdgo":"05","mpio_ccdgo":"079","mpio_cdpmp":"05079","dpto_cnmbr":"ANTIOQUIA","mpio_cnmbr":"BARBOSA"}},{"type":"Polygon","arcs":[[180,181,182,183,184,185,186,187]],"bbox":[-75.72681759954189,6.494439865394124,-75.56355321592721,6.797970499774106],"properties":{"dpto_ccdgo":"05","mpio_ccdgo":"086","mpio_cdpmp":"05086","dpto_cnmbr":"ANTIOQUIA","mpio_cnmbr":"BELMIRA"}},{"type":"Polygon","arcs":[[188,-94,189,190]],"bbox":[-75.66872215372818,6.287172669956474,-75.51500042608303,6.434996209848519],"properties":{"dpto_ccdgo":"05","mpio_ccdgo":"088","mpio_cdpmp":"05088","dpto_cnmbr":"ANTIOQUIA","mpio_cnmbr":"BELLO"}},{"type":"Polygon","arcs":[[-130,41,42,191,192]],"bbox":[-76.08695384760321,5.667197256692399,-75.87825437054305,5.79832337282059],"properties":{"dpto_ccdgo":"05","mpio_ccdgo":"091","mpio_cdpmp":"05091","dpto_cnmbr":"ANTIOQUIA","mpio_cnmbr":"BETANIA"}},{"type":"Polygon","arcs":[[-174,193,194,-160]],"bbox":[-76.04944670743215,6.077707175641123,-75.84151903794951,6.284722841583363],"properties":{"dpto_ccdgo":"05","mpio_ccdgo":"093","mpio_cdpmp":"05093","dpto_cnmbr":"ANTIOQUIA","mpio_cnmbr":"BETULIA"}},{"type":"Polygon","arcs":[[195,196,-192,43,197]],"bbox":[-76.09952618682662,5.753382287770663,-75.90124611206308,5.931561647588326],"properties":{"dpto_ccdgo":"05","mpio_ccdgo":"101","mpio_cdpmp":"05101","dpto_cnmbr":"ANTIOQUIA","mpio_cnmbr":"CIUDAD BOLÍVAR"}},{"type":"Polygon","arcs":[[198,199,200,201]],"bbox":[-75.68786162760249,6.990528388144506,-75.4373322109129,7.251643569257251],"properties":{"dpto_ccdgo":"05","mpio_ccdgo":"107","mpio_cdpmp":"05107","dpto_cnmbr":"ANTIOQUIA","mpio_cnmbr":"BRICEÑO"}},{"type":"Polygon","arcs":[[202,203,-156,204,205,206]],"bbox":[-75.98616525631681,6.645188727773894,-75.83253154181646,6.974196198990429],"properties":{"dpto_ccdgo":"05","mpio_ccdgo":"113","mpio_cdpmp":"05113","dpto_cnmbr":"ANTIOQUIA","mpio_cnmbr":"BURITICÁ"}},{"type":"Polygon","arcs":[[207,-148,208,80,81,209]],"bbox":[-75.48522490217105,7.351163109201821,-74.9936071711328,7.957635178732808],"properties":{"dpto_ccdgo":"05","mpio_ccdgo":"120","mpio_cdpmp":"05120","dpto_cnmbr":"ANTIOQUIA","mpio_cnmbr":"CÁCERES"}},{"type":"Polygon","arcs":[[-154,-162,210,-107]],"bbox":[-76.08667626768498,6.344852173424677,-75.90500021120114,6.506416804107115],"properties":{"dpto_ccdgo":"05","mpio_ccdgo":"125","mpio_cdpmp":"05125","dpto_cnmbr":"ANTIOQUIA","mpio_cnmbr":"CAICEDO"}},{"type":"Polygon","arcs":[[211,212,213,214,215,-119,-134,216]],"bbox":[-75.68423954818162,5.9782531022775505,-75.57040470073825,6.1199572396511055],"properties":{"dpto_ccdgo":"05","mpio_ccdgo":"129","mpio_cdpmp":"05129","dpto_cnmbr":"ANTIOQUIA","mpio_cnmbr":"CALDAS"}},{"type":"Polygon","arcs":[[217,-142,218,-144]],"bbox":[-75.36229423472409,6.9272394323676885,-75.21969262941305,7.212711627220978],"properties":{"dpto_ccdgo":"05","mpio_ccdgo":"134","mpio_cdpmp":"05134","dpto_cnmbr":"ANTIOQUIA","mpio_cnmbr":"CAMPAMENTO"}},{"type":"Polygon","arcs":[[-206,219,-104,220,221,222]],"bbox":[-76.12989749202652,6.646012228450649,-75.95205677758362,6.980639488804378],"properties":{"dpto_ccdgo":"05","mpio_ccdgo":"138","mpio_cdpmp":"05138","dpto_cnmbr":"ANTIOQUIA","mpio_cnmbr":"CAÑASGORDAS"}},{"type":"Polygon","arcs":[[223,224,225,226,227]],"bbox":[-74.84143244376365,6.231615661956397,-74.6230041290815,6.462206188276738],"properties":{"dpto_ccdgo":"05","mpio_ccdgo":"142","mpio_cdpmp":"05142","dpto_cnmbr":"ANTIOQUIA","mpio_cnmbr":"CARACOLÍ"}},{"type":"Polygon","arcs":[[31,32,33,34,35,228,229]],"bbox":[-75.7143468139471,5.5156938058263965,-75.56909465892903,5.607950000889785],"properties":{"dpto_ccdgo":"05","mpio_ccdgo":"145","mpio_cdpmp":"05145","dpto_cnmbr":"ANTIOQUIA","mpio_cnmbr":"CARAMANTA"}},{"type":"Polygon","arcs":[[-163,72,230,231]],"bbox":[-76.82386759833607,7.7124421592405294,-76.4636230264042,7.884336727282445],"properties":{"dpto_ccdgo":"05","mpio_ccdgo":"147","mpio_cdpmp":"05147","dpto_cnmbr":"ANTIOQUIA","mpio_cnmbr":"CAREPA"}},{"type":"Polygon","arcs":[[232,233,234,235,-99,236,237,238]],"bbox":[-75.39073263585921,5.811251299762805,-75.15372677738114,6.145981928402321],"properties":{"dpto_ccdgo":"05","mpio_ccdgo":"148","mpio_cdpmp":"05148","dpto_cnmbr":"ANTIOQUIA","mpio_cnmbr":"EL CARMEN DE VIBORAL"}},{"type":"Polygon","arcs":[[239,240,-139,241]],"bbox":[-75.38132199960691,6.677208777100656,-75.229939390541,6.822961505667468],"properties":{"dpto_ccdgo":"05","mpio_ccdgo":"150","mpio_cdpmp":"05150","dpto_cnmbr":"ANTIOQUIA","mpio_cnmbr":"CAROLINA"}},{"type":"Polygon","arcs":[[82,83,84,242,243,244,-210]],"bbox":[-75.33815155207968,7.57653698269953,-74.78250425819525,8.099645975354193],"properties":{"dpto_ccdgo":"05","mpio_ccdgo":"154","mpio_cdpmp":"05154","dpto_cnmbr":"ANTIOQUIA","mpio_cnmbr":"CAUCASIA"}},{"type":"Polygon","arcs":[[73,245,246,-231]],"bbox":[-76.82311948660521,7.455265309816205,-76.48556199530752,7.770962391433118],"properties":{"dpto_ccdgo":"05","mpio_ccdgo":"172","mpio_cdpmp":"05172","dpto_cnmbr":"ANTIOQUIA","mpio_cnmbr":"CHIGORODÓ"}},{"type":"Polygon","arcs":[[247,248]],"bbox":[-75.1365066670878,6.50669245286921,-75.03200459811478,6.585224785189835],"properties":{"dpto_ccdgo":"05","mpio_ccdgo":"190","mpio_cdpmp":"05190","dpto_cnmbr":"ANTIOQUIA","mpio_cnmbr":"CISNEROS"}},{"type":"Polygon","arcs":[[249,-235,250,251,252,253]],"bbox":[-75.26873964691653,5.861126497654217,-75.05537547318166,6.12429870765409],"properties":{"dpto_ccdgo":"05","mpio_ccdgo":"197","mpio_cdpmp":"05197","dpto_cnmbr":"ANTIOQUIA","mpio_cnmbr":"COCORNÁ"}},{"type":"Polygon","arcs":[[-112,254,255,256,-177,257]],"bbox":[-75.31033601320011,6.2847331784119405,-75.13606321624282,6.452682523546386],"properties":{"dpto_ccdgo":"05","mpio_ccdgo":"206","mpio_cdpmp":"05206","dpto_cnmbr":"ANTIOQUIA","mpio_cnmbr":"CONCEPCIÓN"}},{"type":"Polygon","arcs":[[-173,258,259,260,261,-194]],"bbox":[-75.99854464364583,5.949754465886542,-75.83196622661713,6.169615364142368],"properties":{"dpto_ccdgo":"05","mpio_ccdgo":"209","mpio_cdpmp":"05209","dpto_cnmbr":"ANTIOQUIA","mpio_cnmbr":"CONCORDIA"}},{"type":"Polygon","arcs":[[262,263,-95,-189,264]],"bbox":[-75.53604910817542,6.2884372086525815,-75.45058157432713,6.430671969893167],"properties":{"dpto_ccdgo":"05","mpio_ccdgo":"212","mpio_cdpmp":"05212","dpto_cnmbr":"ANTIOQUIA","mpio_cnmbr":"COPACABANA"}},{"type":"Polygon","arcs":[[265,266,267,268,269,53,54,270]],"bbox":[-76.6187495792453,6.694808950560368,-75.96357295906937,7.191252371091947],"properties":{"dpto_ccdgo":"05","mpio_ccdgo":"234","mpio_cdpmp":"05234","dpto_cnmbr":"ANTIOQUIA","mpio_cnmbr":"DABEIBA"}},{"type":"Polygon","arcs":[[271,-180,272,273,274,275]],"bbox":[-75.48831890272307,6.433235503380642,-75.20935447001932,6.5740575647154955],"properties":{"dpto_ccdgo":"05","mpio_ccdgo":"237","mpio_cdpmp":"05237","dpto_cnmbr":"ANTIOQUIA","mpio_cnmbr":"DONMATÍAS"}},{"type":"Polygon","arcs":[[-92,276,-175,-158,-152,277,278]],"bbox":[-75.85734786353073,6.2249139514279825,-75.70641209043077,6.4212551190581255],"properties":{"dpto_ccdgo":"05","mpio_ccdgo":"240","mpio_cdpmp":"05240","dpto_cnmbr":"ANTIOQUIA","mpio_cnmbr":"EBÉJICO"}},{"type":"Polygon","arcs":[[2,3,279,280,-244,281]],"bbox":[-74.82717431430511,7.3858638427399494,-74.47488139149436,8.009705229892395],"properties":{"dpto_ccdgo":"05","mpio_ccdgo":"250","mpio_cdpmp":"05250","dpto_cnmbr":"ANTIOQUIA","mpio_cnmbr":"EL BAGRE"}},{"type":"Polygon","arcs":[[-275,282,-188,283]],"bbox":[-75.66234797097168,6.503963530124478,-75.45771402417735,6.678721399682647],"properties":{"dpto_ccdgo":"05","mpio_ccdgo":"264","mpio_cdpmp":"05264","dpto_cnmbr":"ANTIOQUIA","mpio_cnmbr":"ENTRERRÍOS"}},{"type":"Polygon","arcs":[[284,-213,285,286,-87,287]],"bbox":[-75.60512588636412,6.1003069285233185,-75.473288965687,6.197962393714226],"properties":{"dpto_ccdgo":"05","mpio_ccdgo":"266","mpio_cdpmp":"05266","dpto_cnmbr":"ANTIOQUIA","mpio_cnmbr":"ENVIGADO"}},{"type":"Polygon","arcs":[[288,289,290,291,292,293,-115,-216]],"bbox":[-75.77952393279672,5.7519730334744565,-75.61303014379186,5.998971552358453],"properties":{"dpto_ccdgo":"05","mpio_ccdgo":"282","mpio_cdpmp":"05282","dpto_cnmbr":"ANTIOQUIA","mpio_cnmbr":"FREDONIA"}},{"type":"Polygon","arcs":[[-221,-109,294,295,296,-269,297]],"bbox":[-76.57752896138761,6.489643576933686,-76.07670370135429,6.920499820134486],"properties":{"dpto_ccdgo":"05","mpio_ccdgo":"284","mpio_cdpmp":"05284","dpto_cnmbr":"ANTIOQUIA","mpio_cnmbr":"FRONTINO"}},{"type":"Polygon","arcs":[[-155,-105,-220,-205]],"bbox":[-76.01265044266144,6.6181785946981915,-75.87987584348005,6.725860783610274],"properties":{"dpto_ccdgo":"05","mpio_ccdgo":"306","mpio_cdpmp":"05306","dpto_cnmbr":"ANTIOQUIA","mpio_cnmbr":"GIRALDO"}},{"type":"Polygon","arcs":[[-179,298,299,-263,300,-273]],"bbox":[-75.49117932992925,6.315126900042348,-75.39981153025802,6.436756916316396],"properties":{"dpto_ccdgo":"05","mpio_ccdgo":"308","mpio_cdpmp":"05308","dpto_cnmbr":"ANTIOQUIA","mpio_cnmbr":"GIRARDOTA"}},{"type":"Polygon","arcs":[[301,302,-240,303,-125]],"bbox":[-75.29399941947578,6.574677774430208,-75.10700195285214,6.847532147198637],"properties":{"dpto_ccdgo":"05","mpio_ccdgo":"310","mpio_cdpmp":"05310","dpto_cnmbr":"ANTIOQUIA","mpio_cnmbr":"GÓMEZ PLATA"}},{"type":"Polygon","arcs":[[304,-252,305,306,307,308]],"bbox":[-75.2334328353656,6.0184323549623,-75.05945454393131,6.2310092346797905],"properties":{"dpto_ccdgo":"05","mpio_ccdgo":"313","mpio_cdpmp":"05313","dpto_cnmbr":"ANTIOQUIA","mpio_cnmbr":"GRANADA"}},{"type":"Polygon","arcs":[[-126,-304,-242,-138,-218,-143]],"bbox":[-75.28876263735984,6.792950246694467,-75.16999566868638,6.932904014428724],"properties":{"dpto_ccdgo":"05","mpio_ccdgo":"315","mpio_cdpmp":"05315","dpto_cnmbr":"ANTIOQUIA","mpio_cnmbr":"GUADALUPE"}},{"type":"Polygon","arcs":[[309,310,-96,-264,-300]],"bbox":[-75.50125683500951,6.195023288788397,-75.37869514574655,6.349345248246811],"properties":{"dpto_ccdgo":"05","mpio_ccdgo":"318","mpio_cdpmp":"05318","dpto_cnmbr":"ANTIOQUIA","mpio_cnmbr":"GUARNE"}},{"type":"Polygon","arcs":[[311,-308,312,-255,-111,313]],"bbox":[-75.19664672595776,6.169463757323216,-75.1163787378949,6.335993511332877],"properties":{"dpto_ccdgo":"05","mpio_ccdgo":"321","mpio_cdpmp":"05321","dpto_cnmbr":"ANTIOQUIA","mpio_cnmbr":"GUATAPÉ"}},{"type":"Polygon","arcs":[[-91,-137,-171,-277]],"bbox":[-75.81993889186732,6.144824203601525,-75.69451339027722,6.2677084217431],"properties":{"dpto_ccdgo":"05","mpio_ccdgo":"347","mpio_cdpmp":"05347","dpto_cnmbr":"ANTIOQUIA","mpio_cnmbr":"HELICONIA"}},{"type":"Polygon","arcs":[[-131,-193,-197,314]],"bbox":[-75.95530310857858,5.753551122637447,-75.86960200138445,5.841434839212116],"properties":{"dpto_ccdgo":"05","mpio_ccdgo":"353","mpio_cdpmp":"05353","dpto_cnmbr":"ANTIOQUIA","mpio_cnmbr":"HISPANIA"}},{"type":"Polygon","arcs":[[-287,315,316,-88]],"bbox":[-75.64772763357105,6.153558823750384,-75.58098997396162,6.2003019625825],"properties":{"dpto_ccdgo":"05","mpio_ccdgo":"360","mpio_cdpmp":"05360","dpto_cnmbr":"ANTIOQUIA","mpio_cnmbr":"ITAGÜÍ"}},{"type":"Polygon","arcs":[[78,317,318,-201,319,320,321,-266,322,75,76,77]],"bbox":[-76.38092452149634,7.045003474753365,-75.44425478326397,7.6136668709536135],"properties":{"dpto_ccdgo":"05","mpio_ccdgo":"361","mpio_cdpmp":"05361","dpto_cnmbr":"ANTIOQUIA","mpio_cnmbr":"ITUANGO"}},{"type":"Polygon","arcs":[[323,37,38,-129,324]],"bbox":[-75.90612068623693,5.4798594667541565,-75.72991837033581,5.655254774074669],"properties":{"dpto_ccdgo":"05","mpio_ccdgo":"364","mpio_cdpmp":"05364","dpto_cnmbr":"ANTIOQUIA","mpio_cnmbr":"JARDÍN"}},{"type":"Polygon","arcs":[[325,-325,-128,326,327,-292]],"bbox":[-75.83746027792559,5.653590544673525,-75.66552321442659,5.874243933120374],"properties":{"dpto_ccdgo":"05","mpio_ccdgo":"368","mpio_cdpmp":"05368","dpto_cnmbr":"ANTIOQUIA","mpio_cnmbr":"JERICÓ"}},{"type":"Polygon","arcs":[[-238,328,-103,329,330,331]],"bbox":[-75.50843667655309,5.900154916757224,-75.36035117529646,6.068552191130072],"properties":{"dpto_ccdgo":"05","mpio_ccdgo":"376","mpio_cdpmp":"05376","dpto_cnmbr":"ANTIOQUIA","mpio_cnmbr":"LA CEJA"}},{"type":"Polygon","arcs":[[-217,-133,-89,-317,332]],"bbox":[-75.67959516223264,6.106030085946298,-75.60585368736925,6.171896357648697],"properties":{"dpto_ccdgo":"05","mpio_ccdgo":"380","mpio_cdpmp":"05380","dpto_cnmbr":"ANTIOQUIA","mpio_cnmbr":"LA ESTRELLA"}},{"type":"Polygon","arcs":[[29,333,334,-290,335]],"bbox":[-75.64211848815017,5.669698769208402,-75.56734793651673,5.8103898973812615],"properties":{"dpto_ccdgo":"05","mpio_ccdgo":"390","mpio_cdpmp":"05390","dpto_cnmbr":"ANTIOQUIA","mpio_cnmbr":"LA PINTADA"}},{"type":"Polygon","arcs":[[-98,-329,-237]],"bbox":[-75.41946892763829,5.867511212106223,-75.28222596879753,6.036628618870042],"properties":{"dpto_ccdgo":"05","mpio_ccdgo":"400","mpio_cdpmp":"05400","dpto_cnmbr":"ANTIOQUIA","mpio_cnmbr":"LA UNIÓN"}},{"type":"Polygon","arcs":[[336,-185,337,-157,-204,338,339]],"bbox":[-75.87130471722435,6.641543272895198,-75.71288105657399,6.806091801427305],"properties":{"dpto_ccdgo":"05","mpio_ccdgo":"411","mpio_cdpmp":"05411","dpto_cnmbr":"ANTIOQUIA","mpio_cnmbr":"LIBORINA"}},{"type":"Polygon","arcs":[[-228,340,341,342]],"bbox":[-74.86439371919509,6.393090706791154,-74.56130691457265,6.656324937762497],"properties":{"dpto_ccdgo":"05","mpio_ccdgo":"425","mpio_cdpmp":"05425","dpto_cnmbr":"ANTIOQUIA","mpio_cnmbr":"MACEO"}},{"type":"Polygon","arcs":[[343,344,345,-233,346]],"bbox":[-75.36414589588597,6.110695441244742,-75.24491855076276,6.263180890825705],"properties":{"dpto_ccdgo":"05","mpio_ccdgo":"440","mpio_cdpmp":"05440","dpto_cnmbr":"ANTIOQUIA","mpio_cnmbr":"MARINILLA"}},{"type":"Polygon","arcs":[[347,-330,-102,348]],"bbox":[-75.58265206835007,5.860340898682249,-75.47407769886931,5.975234748332621],"properties":{"dpto_ccdgo":"05","mpio_ccdgo":"467","mpio_cdpmp":"05467","dpto_cnmbr":"ANTIOQUIA","mpio_cnmbr":"MONTEBELLO"}},{"type":"Polygon","arcs":[[-270,-297,349,52]],"bbox":[-76.92184653923059,6.6333323853943185,-76.51256849027907,7.0298531296667655],"properties":{"dpto_ccdgo":"05","mpio_ccdgo":"475","mpio_cdpmp":"05475","dpto_cnmbr":"ANTIOQUIA","mpio_cnmbr":"MURINDÓ"}},{"type":"Polygon","arcs":[[-323,-271,55,350,-246,74]],"bbox":[-76.68305672200972,7.132797605480354,-76.2180257309447,7.555646252142319],"properties":{"dpto_ccdgo":"05","mpio_ccdgo":"480","mpio_cdpmp":"05480","dpto_cnmbr":"ANTIOQUIA","mpio_cnmbr":"MUTATÁ"}},{"type":"Polygon","arcs":[[-169,23,24,351]],"bbox":[-75.28701591494755,5.418558627673942,-75.06944403586677,5.687057750001282],"properties":{"dpto_ccdgo":"05","mpio_ccdgo":"483","mpio_cdpmp":"05483","dpto_cnmbr":"ANTIOQUIA","mpio_cnmbr":"NARIÑO"}},{"type":"Polygon","arcs":[[352,-167,353,61]],"bbox":[-76.93852503017128,8.26202376988481,-76.42543209180042,8.72040354198071],"properties":{"dpto_ccdgo":"05","mpio_ccdgo":"490","mpio_cdpmp":"05490","dpto_cnmbr":"ANTIOQUIA","mpio_cnmbr":"NECOCLÍ"}},{"type":"Polygon","arcs":[[1,-282,-243,85,0]],"bbox":[-74.95049427066179,7.767713181649933,-74.5610902668316,8.202056381691225],"properties":{"dpto_ccdgo":"05","mpio_ccdgo":"495","mpio_cdpmp":"05495","dpto_cnmbr":"ANTIOQUIA","mpio_cnmbr":"NECHÍ"}},{"type":"Polygon","arcs":[[-184,354,-150,-338]],"bbox":[-75.82402134773794,6.537565114223755,-75.71682810760643,6.665824483226167],"properties":{"dpto_ccdgo":"05","mpio_ccdgo":"501","mpio_cdpmp":"05501","dpto_cnmbr":"ANTIOQUIA","mpio_cnmbr":"OLAYA"}},{"type":"Polygon","arcs":[[-313,-307,355,-345,356,-256]],"bbox":[-75.28418595382995,6.157142257657608,-75.16332021016497,6.325263883268361],"properties":{"dpto_ccdgo":"05","mpio_ccdgo":"541","mpio_cdpmp":"05541","dpto_cnmbr":"ANTIOQUIA","mpio_cnmbr":"PEÑOL"}},{"type":"Polygon","arcs":[[357,-207,-223,358,-267,-322]],"bbox":[-75.98235361012253,6.871682424367611,-75.775377159628,7.222094021960757],"properties":{"dpto_ccdgo":"05","mpio_ccdgo":"543","mpio_cdpmp":"05543","dpto_cnmbr":"ANTIOQUIA","mpio_cnmbr":"PEQUE"}},{"type":"Polygon","arcs":[[359,-327,-132,-315,-196,360]],"bbox":[-75.91592061139896,5.729211336944532,-75.81234945068832,5.9100369248783],"properties":{"dpto_ccdgo":"05","mpio_ccdgo":"576","mpio_cdpmp":"05576","dpto_cnmbr":"ANTIOQUIA","mpio_cnmbr":"PUEBLORRICO"}},{"type":"Polygon","arcs":[[361,362,363,13,14,15,364,-224,-343]],"bbox":[-74.75791135446394,6.253577977076249,-74.35968234030649,6.754896935087368],"properties":{"dpto_ccdgo":"05","mpio_ccdgo":"579","mpio_cdpmp":"05579","dpto_cnmbr":"ANTIOQUIA","mpio_cnmbr":"PUERTO BERRÍO"}},{"type":"Polygon","arcs":[[-365,16,365,366,367,-225]],"bbox":[-74.8185151749046,5.987825005541271,-74.53427672375443,6.293605622941847],"properties":{"dpto_ccdgo":"05","mpio_ccdgo":"585","mpio_cdpmp":"05585","dpto_cnmbr":"ANTIOQUIA","mpio_cnmbr":"PUERTO NARE"}},{"type":"Polygon","arcs":[[368,369,-366,17]],"bbox":[-74.84695019091878,5.8591693914433485,-74.56272528025241,6.057515903817727],"properties":{"dpto_ccdgo":"05","mpio_ccdgo":"591","mpio_cdpmp":"05591","dpto_cnmbr":"ANTIOQUIA","mpio_cnmbr":"PUERTO TRIUNFO"}},{"type":"Polygon","arcs":[[370,6,7,371,-363,372,373,374,-122]],"bbox":[-74.85825988002631,6.699925680706741,-74.24103385086643,7.266838707267691],"properties":{"dpto_ccdgo":"05","mpio_ccdgo":"604","mpio_cdpmp":"05604","dpto_cnmbr":"ANTIOQUIA","mpio_cnmbr":"REMEDIOS"}},{"type":"Polygon","arcs":[[-331,-348,375,-214,-285,376]],"bbox":[-75.59350138100785,5.959450411093204,-75.44391627116856,6.161170175193709],"properties":{"dpto_ccdgo":"05","mpio_ccdgo":"607","mpio_cdpmp":"05607","dpto_cnmbr":"ANTIOQUIA","mpio_cnmbr":"RETIRO"}},{"type":"Polygon","arcs":[[-311,377,-347,-239,-332,-377,-288,-97]],"bbox":[-75.48593239245045,6.057515903817727,-75.32213654484599,6.23387598180557],"properties":{"dpto_ccdgo":"05","mpio_ccdgo":"615","mpio_cdpmp":"05615","dpto_cnmbr":"ANTIOQUIA","mpio_cnmbr":"RIONEGRO"}},{"type":"Polygon","arcs":[[-339,-203,-358,-321,378,379]],"bbox":[-75.87147735839301,6.780101568771352,-75.734694776002,7.061769810707743],"properties":{"dpto_ccdgo":"05","mpio_ccdgo":"628","mpio_cdpmp":"05628","dpto_cnmbr":"ANTIOQUIA","mpio_cnmbr":"SABANALARGA"}},{"type":"Polygon","arcs":[[-316,-286,-212,-333]],"bbox":[-75.63406528540044,6.112728350865186,-75.588552334173,6.163185856766521],"properties":{"dpto_ccdgo":"05","mpio_ccdgo":"631","mpio_cdpmp":"05631","dpto_cnmbr":"ANTIOQUIA","mpio_cnmbr":"SABANETA"}},{"type":"Polygon","arcs":[[-261,380,381,-361,-198,44,382]],"bbox":[-76.09696365026439,5.862146398073966,-75.84881058848457,6.070457613198048],"properties":{"dpto_ccdgo":"05","mpio_ccdgo":"642","mpio_cdpmp":"05642","dpto_cnmbr":"ANTIOQUIA","mpio_cnmbr":"SALGAR"}},{"type":"Polygon","arcs":[[383,384,385,386,-340,-380]],"bbox":[-75.7645650833007,6.786424262251888,-75.57496107354243,7.028209573922778],"properties":{"dpto_ccdgo":"05","mpio_ccdgo":"647","mpio_cdpmp":"05647","dpto_cnmbr":"ANTIOQUIA","mpio_cnmbr":"SAN ANDRÉS DE CUERQUÍA"}},{"type":"Polygon","arcs":[[-226,-368,387,-309,-312,388,389]],"bbox":[-75.12228915908071,6.042940975521997,-74.71320744714453,6.3386638587156625],"properties":{"dpto_ccdgo":"05","mpio_ccdgo":"649","mpio_cdpmp":"05649","dpto_cnmbr":"ANTIOQUIA","mpio_cnmbr":"SAN CARLOS"}},{"type":"Polygon","arcs":[[390,-254,391]],"bbox":[-75.11972323739752,5.74902359172005,-74.84408637859164,5.999171397710972],"properties":{"dpto_ccdgo":"05","mpio_ccdgo":"652","mpio_cdpmp":"05652","dpto_cnmbr":"ANTIOQUIA","mpio_cnmbr":"SAN FRANCISCO"}},{"type":"Polygon","arcs":[[-190,-93,-279,392,-182,393]],"bbox":[-75.77983197880354,6.360822573578508,-75.64299861959823,6.508456604946613],"properties":{"dpto_ccdgo":"05","mpio_ccdgo":"656","mpio_cdpmp":"05656","dpto_cnmbr":"ANTIOQUIA","mpio_cnmbr":"SAN JERÓNIMO"}},{"type":"Polygon","arcs":[[394,-186,-337,-387]],"bbox":[-75.73455937116384,6.744449847003999,-75.6142217063677,6.887232460159247],"properties":{"dpto_ccdgo":"05","mpio_ccdgo":"658","mpio_cdpmp":"05658","dpto_cnmbr":"ANTIOQUIA","mpio_cnmbr":"SAN JOSÉ DE LA MONTAÑA"}},{"type":"Polygon","arcs":[[-353,62,-168]],"bbox":[-76.63213096237672,8.602970278109547,-76.42823497195039,8.818620641524385],"properties":{"dpto_ccdgo":"05","mpio_ccdgo":"659","mpio_cdpmp":"05659","dpto_cnmbr":"ANTIOQUIA","mpio_cnmbr":"SAN JUAN DE URABÁ"}},{"type":"Polygon","arcs":[[-367,-370,-392,-253,-305,-388]],"bbox":[-75.08717868454512,5.912972584194602,-74.7653213842324,6.129136343428842],"properties":{"dpto_ccdgo":"05","mpio_ccdgo":"660","mpio_cdpmp":"05660","dpto_cnmbr":"ANTIOQUIA","mpio_cnmbr":"SAN LUIS"}},{"type":"Polygon","arcs":[[-283,-274,-301,-265,-191,-394,-181]],"bbox":[-75.66374264080476,6.382988179660403,-75.452138729966,6.5291337077132],"properties":{"dpto_ccdgo":"05","mpio_ccdgo":"664","mpio_cdpmp":"05664","dpto_cnmbr":"ANTIOQUIA","mpio_cnmbr":"SAN PEDRO DE LOS MILAGROS"}},{"type":"Polygon","arcs":[[67,68,395,-165]],"bbox":[-76.42552349006617,8.102147487870198,-76.18043057762883,8.596868103638688],"properties":{"dpto_ccdgo":"05","mpio_ccdgo":"665","mpio_cdpmp":"05665","dpto_cnmbr":"ANTIOQUIA","mpio_cnmbr":"SAN PEDRO DE URABÁ"}},{"type":"Polygon","arcs":[[-389,-314,-110,396]],"bbox":[-75.14662140849855,6.209763606341383,-74.82822031667992,6.405963503980951],"properties":{"dpto_ccdgo":"05","mpio_ccdgo":"667","mpio_cdpmp":"05667","dpto_cnmbr":"ANTIOQUIA","mpio_cnmbr":"SAN RAFAEL"}},{"type":"Polygon","arcs":[[-341,-227,-390,-397,-114,397,398]],"bbox":[-75.10849140607193,6.313111218469535,-74.78165459283576,6.549414565384279],"properties":{"dpto_ccdgo":"05","mpio_ccdgo":"670","mpio_cdpmp":"05670","dpto_cnmbr":"ANTIOQUIA","mpio_cnmbr":"SAN ROQUE"}},{"type":"Polygon","arcs":[[-257,-357,-344,-378,-310,-299,-178]],"bbox":[-75.40705907422068,6.2231325713029495,-75.22753933978457,6.399389281005007],"properties":{"dpto_ccdgo":"05","mpio_ccdgo":"674","mpio_cdpmp":"05674","dpto_cnmbr":"ANTIOQUIA","mpio_cnmbr":"SAN VICENTE FERRER"}},{"type":"Polygon","arcs":[[-376,-349,-101,28,-336,-289,-215]],"bbox":[-75.63971166715183,5.723023022235518,-75.53330038996071,6.006913682316291],"properties":{"dpto_ccdgo":"05","mpio_ccdgo":"679","mpio_cdpmp":"05679","dpto_cnmbr":"ANTIOQUIA","mpio_cnmbr":"SANTA BÁRBARA"}},{"type":"Polygon","arcs":[[-284,-187,-395,-386,399,-140,-241,-303,400,401,-276]],"bbox":[-75.64245361512462,6.5138214189788695,-75.19675843494925,6.8937481077732485],"properties":{"dpto_ccdgo":"05","mpio_ccdgo":"686","mpio_cdpmp":"05686","dpto_cnmbr":"ANTIOQUIA","mpio_cnmbr":"SANTA ROSA DE OSOS"}},{"type":"Polygon","arcs":[[-248,402,-398,-113,-258,-176,-272,-402,403]],"bbox":[-75.26348255407487,6.393462832619981,-75.01828131776699,6.555465055712245],"properties":{"dpto_ccdgo":"05","mpio_ccdgo":"690","mpio_cdpmp":"05690","dpto_cnmbr":"ANTIOQUIA","mpio_cnmbr":"SANTO DOMINGO"}},{"type":"Polygon","arcs":[[-306,-251,-234,-346,-356]],"bbox":[-75.31171375742842,6.056489112178927,-75.1668915127715,6.172385634201415],"properties":{"dpto_ccdgo":"05","mpio_ccdgo":"697","mpio_cdpmp":"05697","dpto_cnmbr":"ANTIOQUIA","mpio_cnmbr":"EL SANTUARIO"}},{"type":"Polygon","arcs":[[-371,-121,404,-280,4,5]],"bbox":[-74.91621315075994,7.063265205242104,-74.31936554974355,7.4800289054808395],"properties":{"dpto_ccdgo":"05","mpio_ccdgo":"736","mpio_cdpmp":"05736","dpto_cnmbr":"ANTIOQUIA","mpio_cnmbr":"SEGOVIA"}},{"type":"Polygon","arcs":[[-369,18,19,20,-170,-352,25,26,-100,-236,-250,-391]],"bbox":[-75.42410654334536,5.459165135939937,-74.64046458296258,5.926496601584846],"properties":{"dpto_ccdgo":"05","mpio_ccdgo":"756","mpio_cdpmp":"05756","dpto_cnmbr":"ANTIOQUIA","mpio_cnmbr":"SONSÓN"}},{"type":"Polygon","arcs":[[-393,-278,-151,-355,-183]],"bbox":[-75.82617428466472,6.394048586239432,-75.64644467272947,6.635723638405485],"properties":{"dpto_ccdgo":"05","mpio_ccdgo":"761","mpio_cdpmp":"05761","dpto_cnmbr":"ANTIOQUIA","mpio_cnmbr":"SOPETRÁN"}},{"type":"Polygon","arcs":[[-335,405,-229,36,-324,-326,-291]],"bbox":[-75.80670306893693,5.547924037334257,-75.63987076783667,5.800683615346021],"properties":{"dpto_ccdgo":"05","mpio_ccdgo":"789","mpio_cdpmp":"05789","dpto_cnmbr":"ANTIOQUIA","mpio_cnmbr":"TÁMESIS"}},{"type":"Polygon","arcs":[[-147,406,-318,79,-209]],"bbox":[-75.60305080721928,7.229405605375305,-75.1639735385091,7.747277271550178],"properties":{"dpto_ccdgo":"05","mpio_ccdgo":"790","mpio_cdpmp":"05790","dpto_cnmbr":"ANTIOQUIA","mpio_cnmbr":"TARAZÁ"}},{"type":"Polygon","arcs":[[-293,-328,-360,-382,407]],"bbox":[-75.88730279885327,5.809573287923557,-75.7585361828815,5.938180663488113],"properties":{"dpto_ccdgo":"05","mpio_ccdgo":"792","mpio_cdpmp":"05792","dpto_cnmbr":"ANTIOQUIA","mpio_cnmbr":"TARSO"}},{"type":"Polygon","arcs":[[-117,408,-259,-172,-135]],"bbox":[-75.86583774688353,5.995715451356217,-75.7339805154807,6.135334994966433],"properties":{"dpto_ccdgo":"05","mpio_ccdgo":"809","mpio_cdpmp":"05809","dpto_cnmbr":"ANTIOQUIA","mpio_cnmbr":"TITIRIBÍ"}},{"type":"Polygon","arcs":[[-200,-384,-379,-320]],"bbox":[-75.76567201785268,6.926750155814972,-75.65612273353715,7.088383698687933],"properties":{"dpto_ccdgo":"05","mpio_ccdgo":"819","mpio_cdpmp":"05819","dpto_cnmbr":"ANTIOQUIA","mpio_cnmbr":"TOLEDO"}},{"type":"Polygon","arcs":[[-396,69,-164,-232,-247,-351,56,57,58,59,409,60,-354,-166]],"bbox":[-77.12783114928558,7.467841784586751,-76.38943810069581,8.47659910312748],"properties":{"dpto_ccdgo":"05","mpio_ccdgo":"837","mpio_cdpmp":"05837","dpto_cnmbr":"ANTIOQUIA","mpio_cnmbr":"TURBO"}},{"type":"Polygon","arcs":[[-222,-298,-268,-359]],"bbox":[-76.24617639679873,6.8236333995250735,-75.96496085866053,7.001199440847078],"properties":{"dpto_ccdgo":"05","mpio_ccdgo":"842","mpio_cdpmp":"05842","dpto_cnmbr":"ANTIOQUIA","mpio_cnmbr":"URAMITA"}},{"type":"Polygon","arcs":[[-108,-211,-161,-195,-262,-383,45,46,47,410,-295]],"bbox":[-76.5821665770947,5.99763121025277,-75.98815909255876,6.593666528528969],"properties":{"dpto_ccdgo":"05","mpio_ccdgo":"847","mpio_cdpmp":"05847","dpto_cnmbr":"ANTIOQUIA","mpio_cnmbr":"URRAO"}},{"type":"Polygon","arcs":[[-146,411,-202,-319,-407]],"bbox":[-75.53014207211058,7.049803208823329,-75.27478885806146,7.434636445582983],"properties":{"dpto_ccdgo":"05","mpio_ccdgo":"854","mpio_cdpmp":"05854","dpto_cnmbr":"ANTIOQUIA","mpio_cnmbr":"VALDIVIA"}},{"type":"Polygon","arcs":[[-334,30,-230,-406]],"bbox":[-75.67646392535013,5.571171564807372,-75.57235791552874,5.759374202736685],"properties":{"dpto_ccdgo":"05","mpio_ccdgo":"856","mpio_cdpmp":"05856","dpto_cnmbr":"ANTIOQUIA","mpio_cnmbr":"VALPARAÍSO"}},{"type":"Polygon","arcs":[[412,413,-123,-375]],"bbox":[-74.92368072758462,6.72711843108733,-74.57193280924747,6.991837719764455],"properties":{"dpto_ccdgo":"05","mpio_ccdgo":"858","mpio_cdpmp":"05858","dpto_cnmbr":"ANTIOQUIA","mpio_cnmbr":"VEGACHÍ"}},{"type":"Polygon","arcs":[[-116,-294,-408,-381,-260,-409]],"bbox":[-75.85609875389868,5.881241966068039,-75.68312922850869,6.010934708633339],"properties":{"dpto_ccdgo":"05","mpio_ccdgo":"861","mpio_cdpmp":"05861","dpto_cnmbr":"ANTIOQUIA","mpio_cnmbr":"VENECIA"}},{"type":"Polygon","arcs":[[-350,-296,-411,48,49,50,51]],"bbox":[-76.9731311216847,6.1600572433167535,-76.44524858986553,6.846880926998189],"properties":{"dpto_ccdgo":"05","mpio_ccdgo":"873","mpio_cdpmp":"05873","dpto_cnmbr":"ANTIOQUIA","mpio_cnmbr":"VIGÍA DEL FUERTE"}},{"type":"Polygon","arcs":[[-374,414,-413]],"bbox":[-74.95038594679126,6.636964057834909,-74.57896370546908,6.799259157736897],"properties":{"dpto_ccdgo":"05","mpio_ccdgo":"885","mpio_cdpmp":"05885","dpto_cnmbr":"ANTIOQUIA","mpio_cnmbr":"YALÍ"}},{"type":"Polygon","arcs":[[-145,-219,-141,-400,-385,-199,-412]],"bbox":[-75.65895269465474,6.772810659013963,-75.30196799420166,7.242147469403108],"properties":{"dpto_ccdgo":"05","mpio_ccdgo":"887","mpio_cdpmp":"05887","dpto_cnmbr":"ANTIOQUIA","mpio_cnmbr":"YARUMAL"}},{"type":"Polygon","arcs":[[-414,-415,-373,-362,-342,-399,-403,-249,-404,-401,-302,-124]],"bbox":[-75.20757389639749,6.502337202428121,-74.49689483305866,6.8346559043993125],"properties":{"dpto_ccdgo":"05","mpio_ccdgo":"890","mpio_cdpmp":"05890","dpto_cnmbr":"ANTIOQUIA","mpio_cnmbr":"YOLOMBÓ"}},{"type":"Polygon","arcs":[[10,11,12,-364,-372,8,9]],"bbox":[-74.49390577125622,6.629566334182206,-73.88128350659387,7.2955854275445855],"properties":{"dpto_ccdgo":"05","mpio_ccdgo":"893","mpio_cdpmp":"05893","dpto_cnmbr":"ANTIOQUIA","mpio_cnmbr":"YONDÓ"}},{"type":"Polygon","arcs":[[-405,-120,-149,-208,-245,-281]],"bbox":[-75.12902216465835,7.263734213084605,-74.60787940865872,7.725373531792272],"properties":{"dpto_ccdgo":"05","mpio_ccdgo":"895","mpio_cdpmp":"05895","dpto_cnmbr":"ANTIOQUIA","mpio_cnmbr":"ZARAGOZA"}}]}},"arcs":[[[2039820,3607301],[904,-255],[550,-6],[174,-194],[293,-29],[100,-122],[22,-199],[273,-260],[183,-756],[118,-19],[76,111],[93,-51],[251,-601],[250,-159],[-74,-422],[136,-8],[365,208],[152,-315],[207,268],[102,-63],[67,-225],[-213,-479],[192,-145],[92,-337],[485,-81],[246,-370],[416,-246],[238,-297],[141,-571],[-420,-2282],[-103,-1333],[66,-171],[163,-149],[378,-145],[985,-211],[873,-749],[571,-202],[1087,-869],[576,-1140],[79,-1198],[270,-1070],[390,-522],[655,-632],[331,-149],[505,-500],[28,-1255],[270,-412],[182,-522],[797,-731],[857,-205],[105,-363],[217,-20],[96,-142],[514,-220],[194,-296],[365,-192],[515,-615],[199,-430],[261,-338],[664,-60],[512,502],[714,481],[538,96],[129,-80],[176,-299],[612,211],[167,153],[163,356],[-148,745],[161,385],[112,29],[792,-553],[511,-170],[291,-221],[665,14],[768,-271],[640,-473],[672,-359],[272,-246],[284,-113],[1039,-1120],[695,-532],[403,-53],[947,435],[1126,205],[381,-49],[226,-292],[539,-119],[193,-134],[171,-926],[446,-649],[-124,-594],[280,-1214],[533,-920],[684,-568],[155,-459],[490,-237],[310,-13],[527,347],[169,218],[203,67],[334,-24],[777,-994],[-97,-370],[380,-995],[1187,-761],[1022,-250],[470,100],[135,53],[222,687],[140,81],[974,-41],[721,-155],[742,-412],[432,-895],[766,-483],[533,-170],[363,-307],[141,-237],[141,-602],[243,-232],[620,-222],[1094,-27],[68,-94],[49,-574],[243,-417],[107,-488],[272,-341],[277,-583],[572,-487],[116,-204],[30,-170],[-275,-864],[165,-293],[98,-531],[128,-137],[995,-387],[926,-141],[628,-649],[331,-27],[163,128],[223,14],[333,-539],[356,-54],[452,-295],[351,-36],[389,-487],[447,148],[543,357],[580,1005],[605,157],[453,4],[524,-395],[927,-311],[1634,-56],[413,-820],[421,-492],[254,-1517],[-144,-588],[514,-820],[-9,-1047],[98,-181],[483,-182],[665,-13],[1055,-306],[1062,-658]],[[2103615,3558508],[139,-37],[1516,465],[1138,1131],[337,178],[265,10],[167,-135],[-39,-269],[-407,-878],[65,-353],[280,-264],[473,-729],[695,-433],[381,-732],[18,-1277],[146,-814],[734,-1428],[718,-597],[143,-341],[161,-1477],[411,-416],[403,-86],[1118,-590],[873,-718],[742,-860],[92,-1899],[564,-564],[333,-220],[220,-344],[107,-325],[-67,-325],[42,-303],[203,-586],[374,-400],[616,-294],[615,-102],[737,-1113],[207,-501],[1103,-626],[193,-406]],[[2119431,3539850],[321,-679],[37,-728],[370,-689],[509,-468],[481,-66],[341,-179],[725,-763],[677,-946],[236,-545],[352,-176],[1872,-106],[354,-215],[276,-422],[249,-910],[-104,-564],[7,-531],[387,-1058],[139,-1031],[-205,-564],[-33,-1158],[168,-572],[-34,-1364],[-137,-353],[242,-846],[400,-491],[576,-274],[724,-72],[768,-274],[733,-394],[776,-1153],[431,-394],[367,-661],[193,-723],[-118,-304],[-383,-391],[-221,-420],[-88,-535],[59,-666],[-87,-752],[-206,-767],[-129,-1167],[353,-1307],[31,-1433],[103,-895],[-188,-2216],[-103,-361],[-354,-406],[-150,-335],[-113,-1278],[-606,-703],[-88,-275],[83,-289],[-3,-1433],[176,-1652],[-42,-733],[537,-1244],[453,-569],[345,-1127],[830,-1120],[337,-1002],[96,-807],[272,-903],[39,-893],[-114,-964],[40,-1801],[-103,-292],[-320,-315],[-395,-724],[-449,-486],[-856,-1345],[-129,-1010],[56,-271],[-190,-1121],[49,-115],[919,-460],[508,44],[261,161],[119,191],[575,242],[358,7],[284,-95],[291,-189],[98,-234],[-40,-1370],[140,-2010],[118,-662],[324,-1012],[68,-1140],[-203,-634],[-57,-2128],[207,-903],[71,-1584],[371,-1311],[206,-1254],[-16,-442],[191,-490],[-185,-545],[422,-297],[17,-545],[373,-699],[793,-58],[243,-156],[409,-862],[51,-782],[591,-355],[538,-930],[702,129],[810,404],[678,-44],[906,117],[165,-98],[29,-626],[394,-539],[-45,-396],[1457,111],[725,-71],[564,-300],[285,-423],[130,-364],[-443,-649],[-84,-1032],[-316,-249],[-62,-150],[207,-1903],[210,-347],[35,-1912],[-72,-269],[-228,-97],[-1000,-122],[-528,-198],[-469,-386],[-965,-586],[-387,-447],[-200,-61],[-401,6],[-976,274],[-310,143],[-90,242],[-207,102],[-691,-143],[-1007,-14],[-1807,285],[-478,-156],[-602,5],[-917,-173],[-745,-239],[-249,-260],[-272,-765],[-504,-288],[-789,-157],[-2115,-58],[-651,-446],[-281,-36],[-349,-417],[-242,-484],[-454,-418],[-1260,-734],[-348,-485],[-207,-485],[-172,-432],[-101,-656],[-1061,-631],[-1141,-972],[-457,-142],[-632,-74],[-596,-211],[-1051,-560],[-65,-621],[-558,-625],[-277,-554],[-68,-299],[-46,-2658],[-159,-548],[-213,-1716],[4,-874],[-102,-459],[118,-501],[585,-687],[235,-458],[132,-516],[15,-759],[-130,-788],[-738,-1043],[-371,-927],[-103,-1367],[-129,-317],[62,-859],[334,-401],[45,-358],[-102,-545],[-1182,-1729],[-107,-1007],[46,-1379],[178,-206],[22,-2689],[-139,-242],[-33,-276],[47,-1413],[214,-309],[763,-3033],[8,-995],[-67,-345],[-313,-451],[-454,-452],[-102,-414],[21,-2586],[289,-963],[178,-205],[73,-276],[-68,-400],[-245,-106],[-452,-658],[-245,-106],[-667,-177],[-3375,-27],[-422,-72],[-908,-662],[-139,-243],[14,-1689],[-623,-1211],[-172,-553],[21,-2483],[108,-395],[470,-615],[872,-403],[-6,-1000],[-2377,-2739],[-631,-1187],[-122,-896],[26,-1090],[223,-532],[618,-314],[99,-460],[445,-605],[396,-847],[495,-556],[420,-750],[174,-702],[715,581],[916,338],[286,-745],[-89,-657],[-444,-436],[-296,-533],[297,-436],[1080,-726],[361,-834],[1293,-431],[750,-450],[642,-48],[2012,714]],[[2118796,3384674],[144,-428],[430,-578],[8,-327]],[[2119378,3383341],[50,-1197],[251,-521],[-52,-621],[53,-535],[363,-1128],[1100,-85],[976,-266],[1145,-497],[1147,-1684],[698,-496],[2244,-1041],[24,-349],[403,-311],[318,-664],[340,-312],[1019,-1520],[762,-576],[1145,-373],[763,-415],[403,-581],[318,-769],[424,-477],[488,-290],[827,-685],[551,-789],[234,-810],[102,-1415],[324,-849],[467,-686],[657,-685],[1712,-3025],[558,-671],[953,-290],[1377,43],[1038,188],[1313,43],[1355,396],[1146,537],[273,357],[389,940],[-194,2095],[120,414],[232,271],[2249,739],[1140,219],[995,354],[410,1749],[435,1077],[381,520],[487,312],[400,141],[1936,407],[662,-253],[1787,30],[560,101],[703,269],[934,765],[1013,1383],[1645,3150],[218,666],[-80,1068],[-681,2138],[-82,856],[92,1655],[1112,5268],[-22,301],[-330,101],[-2518,-136],[-231,172],[22,322],[115,322],[1056,1581],[408,445],[697,1350],[317,999],[317,570],[683,172],[1465,-170],[1213,52],[1657,530],[883,100],[1866,417],[1874,528],[514,269],[912,1012],[971,2330],[99,471],[820,-111],[693,-234],[824,-586],[718,45],[988,-1181]],[[2179521,3396297],[286,-401],[33,-1063],[86,-350],[898,-1236],[689,-271],[463,395],[221,9],[333,-137],[412,-15],[569,-284],[592,44],[797,-458],[263,-245],[541,-19],[513,84],[192,-249],[53,-299],[377,-510],[411,-208],[343,5],[699,-514],[174,-873],[178,-317],[738,-340],[372,-273],[188,-430],[280,-226],[191,-290],[426,-1104],[-316,-266],[-134,-238],[-184,-12],[-210,-513],[-294,-278],[-367,-591],[-269,-152],[-705,69],[-206,-124],[-155,-399],[67,-632],[139,-383],[-282,-524],[-1330,-1121],[-361,-95],[-258,-559],[-805,-453],[-82,-200],[-90,-953],[-293,-522],[-211,-90],[-376,125],[-392,-92],[-324,-436],[-27,-453],[-161,-258],[-151,-550],[-421,-550],[-109,-522],[-156,-171],[-620,-544],[-429,-164],[-268,196],[-739,-211],[-173,-207],[-493,-260],[-51,-127],[51,-193],[-79,-110],[-1108,-723],[-95,-190],[10,-486],[274,-860],[-37,-204],[-683,-496],[-551,-1144],[-782,-493],[-136,-176],[-137,-430],[-486,-57],[-275,-120],[-538,-833],[-204,-193],[-20,-403],[163,-757],[-198,-647],[177,-367],[-203,-825],[-953,173],[-721,-267],[-381,-410],[-639,-466],[-683,143],[-493,-53],[-585,-503],[119,-597],[-177,-293],[-54,-337],[-432,-626],[-310,-280],[-730,-436],[-408,-104],[-143,-440],[-388,-133],[-78,-106],[-31,-581],[160,-550],[-14,-213],[-473,-410],[-248,-656],[-401,-667],[-115,-890],[226,-447],[-85,-484],[-180,-209],[-207,40],[-75,113],[-88,-176],[275,-351],[221,-103],[-242,-280],[241,-780],[-336,-233],[-55,-124],[425,-1020],[-48,-53],[-486,47],[-132,-220],[156,-207],[479,-3],[217,-571],[-3,-130],[-272,14],[-37,-57],[278,-600],[-278,-10],[-31,-60],[356,-290],[602,130],[-248,-557],[47,-190],[690,-20],[160,-217],[411,-90],[5,-195],[-118,-229],[41,-720],[657,-805],[334,-639],[615,115],[620,-28],[122,-81],[240,-432],[-74,-258],[-268,-221],[-258,-398],[437,-342],[-6,-201],[-119,-187],[-330,49],[-132,-143],[348,-420],[-68,-114],[-197,-51],[-159,-220],[331,-360],[24,-130],[-241,-114],[-251,-325],[532,-539],[-230,-241],[106,-170],[-282,-294],[120,-163],[0,-187],[188,-70],[-214,-247],[194,47],[48,-50],[-184,-94],[48,-47],[334,-15],[54,-120],[-47,-127],[89,-100],[-61,-191],[-170,-113],[111,-421],[-279,-24],[-99,-87],[300,-189],[8,-201],[-306,-141],[54,-106],[-47,-114],[-269,12],[-94,-183],[179,-921],[-190,29],[-61,-90],[121,-684],[123,-134]],[[2170178,3336491],[174,-152],[-64,-264],[51,-190],[-335,-422],[-133,27],[-55,197],[-116,63],[-68,-24],[-40,-204],[65,-183],[208,-193],[66,-397],[-115,-70],[-477,45],[-597,-679],[-421,-229],[-177,-1078],[62,-331],[-216,-441],[-108,-474],[-319,-34],[228,-253],[-179,-91],[143,-143],[-207,-244],[222,-123],[-242,-124],[283,-133],[-125,-151],[180,-83],[28,-196],[-255,-1159],[-227,-462],[-168,-691],[35,-324],[-598,-339],[-19,-123],[292,-46],[-36,-277],[-791,-820],[-516,-382],[-95,80],[-28,263],[-109,-10],[186,-781],[372,-202],[-342,-605],[-30,-201],[337,-15],[-129,-221],[228,-16],[48,-117],[-88,-93],[-568,-65],[-720,-423],[21,-254],[-229,30],[93,-127],[401,81],[-106,-212],[-249,-123],[223,-427],[-163,-162],[373,-581],[417,-149],[146,-476],[286,-351],[21,-152],[-329,-883],[-337,102],[-192,-23],[-314,-719],[-283,-185],[-319,-427],[-17,-169],[532,-423],[134,-193],[-27,-275],[-203,-311],[-23,-167],[147,-589],[-345,-335],[501,-710],[448,-233],[181,-574],[164,-20],[471,205],[430,-120],[450,61],[174,-128],[174,-443],[-119,-214],[-3,-387],[165,-469],[69,-535],[-101,-871],[547,-403],[176,-301],[-49,-1343],[163,-71],[352,66],[106,194],[300,140],[101,284],[97,27],[283,-330],[41,-645],[-277,-229],[-21,-117],[241,-193],[46,-219],[336,-79],[234,-246],[88,-294],[328,-399],[-237,-578],[-61,-486],[46,-44],[193,121],[419,-137],[-53,296],[242,163],[99,-89],[1,-393],[442,-636],[-221,-245],[49,-257],[55,-122],[238,-48],[260,-604],[-25,-413],[284,-418],[-35,-608],[157,-344],[67,-122],[343,-26],[339,-269],[266,-598],[194,-185],[218,-43],[66,-119],[-56,-1147],[183,-325],[50,-265],[-215,-262],[-39,-166],[201,-574],[-53,-397],[51,-170],[334,-299],[235,-348],[299,-160],[432,-485],[480,-266],[201,-338],[31,-206],[-77,-245],[250,-224],[76,-296],[-468,-376],[-37,-403],[-417,-325],[354,-844],[447,-195],[-107,-219],[-9,-650],[-416,-128],[-134,-212],[48,-356],[360,-60],[164,-133],[50,-439],[194,-357],[-35,-68],[-524,-98],[-472,-212],[222,-401],[-137,-1144],[48,-282],[508,-406],[84,-562],[173,-113],[183,-375],[481,-313],[182,-627],[307,114],[458,475],[161,-56],[29,-205],[-94,-379],[299,-1350],[105,44],[48,441],[217,295],[1170,-48],[432,367],[339,111],[102,-168],[-43,-572],[223,-357],[120,-456],[98,-156],[329,-223],[164,-267],[11,-493],[-284,-492],[175,-758],[-128,-372],[41,-416],[-157,-632],[157,-440],[34,-602],[-405,-390],[-51,-228],[84,-536],[744,-1863],[53,-362],[-280,-950],[40,-960],[-221,-1780],[-268,-768],[-178,-1158],[137,-1026],[-81,-162],[-326,-255],[-115,-263],[308,-1019],[124,-149],[71,-414],[131,-198],[0,-264],[-211,-282],[-278,-85],[-220,-170],[-209,-587],[430,-599],[0,-132],[-253,0],[-73,-76],[-57,-1925],[192,174],[1154,485],[586,87],[280,-133],[586,9],[657,-241],[574,148],[402,-9],[304,202],[509,-66],[323,-187],[362,235],[276,27],[549,-124],[814,-365],[175,-6],[187,196],[126,383],[-37,251],[190,256],[455,353],[343,-9],[206,386],[347,205],[83,268],[172,76],[543,-67],[439,-253],[157,-265],[125,-890],[396,-440],[427,-184],[71,-166],[202,-133],[200,-838],[-25,-465],[381,-108],[847,332],[491,-190],[68,-278],[-86,-208],[-522,-329],[49,-386],[319,-494],[838,-356],[546,727],[301,93],[390,272],[1179,253],[540,-51],[328,359],[534,262],[126,-51],[132,-211],[166,-429],[325,-72],[838,-482],[228,60],[221,178],[233,482],[9,272],[-169,349],[34,190],[301,420],[205,117]],[[2201309,3261542],[433,-12],[359,299],[363,78],[521,495],[307,187],[347,-172],[817,120],[552,-579],[786,-6],[577,-178],[537,-15],[1360,-238],[160,-715],[214,-512],[228,-184],[650,157],[1495,-112],[282,-130],[406,-361],[280,-55],[597,215],[477,435]],[[2213057,3260259],[10847,9722],[38077,32979],[40595,35317],[-230,-650],[-88,4],[-17,-516],[-62,16],[-55,-229],[-278,40],[-22,-80],[114,-22],[-43,-139],[195,-32],[-112,-499],[141,-31],[327,1371],[537,1185],[7058,6139]],[[2310041,3344834],[-193,-787],[-289,-1897],[-1321,-2541],[-562,-1768],[-204,-1139],[55,-785],[-87,-1060],[123,-1588],[527,-933],[123,-880],[615,-2244],[53,-691],[-181,-1621],[-184,-207],[-379,-815],[-28,-1367],[84,-456],[-85,-1578],[-325,-1478]],[[2307783,3320999],[-435,-1754],[-421,-718],[-619,-690],[-703,-1023],[-871,-2209],[-788,-1022],[-675,-1630],[0,-1602],[254,-1492],[1518,-2293],[422,-1270],[213,-2104],[10,-1848],[-84,-1243],[-152,-962],[-556,-1607],[33,-2254],[608,-1674],[539,-1094],[1114,-1243],[2024,-1790],[557,-713],[422,-812],[894,-1293],[3821,-3204],[1279,-718],[601,-514],[-358,-329],[477,-555],[261,-500],[561,-597],[488,-817],[165,-860],[-158,-2279],[106,-1070],[562,-3712],[685,-2659],[-167,-1003],[63,-1222],[696,-1389],[84,-435],[-42,-2009],[-822,-2217],[-443,-932],[-886,-1305],[-2741,-3377],[-2088,-2134],[-2467,-2072],[-654,-663],[-906,-352],[-907,0],[-633,-187],[-864,-683],[-1013,-1658],[-1117,-973],[-506,-290],[-1950,-132],[-928,-281],[-979,-431],[-2191,-1346],[-2003,-930],[-3329,-2327],[-3931,-1861],[-456,-315],[-3084,-3158],[-642,-245],[-1348,-81],[-580,-347],[-705,-611],[-809,-1018],[-974,-1527],[-539,-1263],[-270,-1100],[-450,-726],[-596,-741],[-1255,-1249],[-3493,-3076],[-2228,-1667],[-1307,-435],[-2194,-1927],[-1567,-1702],[-1177,-2037],[-1378,-1395],[-1434,-856],[-478,-719],[-151,-3741],[-554,-1459],[-940,-1510],[-1011,-1286],[-544,-829],[-1286,-1435]],[[2257403,3202181],[-492,-699],[-176,-1235],[-843,-871],[-659,-1399],[-1872,-2659],[-545,-1061]],[[2252816,3194257],[-984,-855],[-404,-570],[-105,-328],[-32,-1352],[-123,-140],[-1212,-539],[-754,-798],[-1116,-307],[-585,-434],[-1597,-920],[-464,-44],[-627,69],[-1369,528],[-391,-163],[-469,-456],[-347,-504],[-465,-372],[-2198,-2864],[-394,-732],[-573,-626],[-598,-429],[-787,-221],[-612,7],[-259,-71],[-773,-249],[-717,-414],[-492,-456],[-901,-1342],[-665,-455],[-3277,-1053],[-1301,-323],[-1602,580],[-685,83],[-1234,31],[-991,-228],[-1476,-518],[-1592,-673],[-1255,-746],[-548,-456],[-1898,-942],[-696,-674],[-740,-1149],[-950,-729],[-1231,-1287],[-604,-926],[-844,-1840],[-849,-1583],[-1013,-1442],[-607,-597],[-742,-497],[-591,-248],[-1839,-580],[-489,-349],[-489,-629],[-709,-547],[-337,-208],[-774,-293],[-2249,-346],[-2621,-1336],[-2531,-552],[-1546,-56],[-675,-99],[-869,-287],[-808,-656],[-738,-967],[-818,-1986],[-2419,-3162],[-535,-409],[-582,60],[-1392,953],[-443,186],[-590,104],[-1624,104],[-3044,-128],[-548,-152],[-479,-274]],[[2178929,3152394],[-1531,-1732],[-429,-677],[-380,-414],[-949,-622],[-1644,-539],[-760,-393],[-1138,-1989],[-1371,-2051],[-717,-601],[-995,-482],[-696,-166],[-1097,-455],[-1602,-1098],[-612,-726],[-443,-911],[-168,-497],[-21,-332],[63,-1015],[316,-1740],[612,-767],[442,-766],[238,-467],[118,-566],[-123,-1146],[-894,-3281],[-102,-696],[-17,-1956],[764,-1584],[402,-2817],[174,-566],[681,-1698],[280,-909],[681,-1475],[593,-1527],[248,-1664],[-155,-1917],[-351,-939],[-844,-1422],[-1251,-1616],[-605,-1064],[-72,-802],[62,-821],[485,-1078],[949,-1657],[569,-2268],[246,-535],[1863,-2417],[667,-656],[2566,-2210],[1301,-926],[398,-375],[545,-1095],[678,-1119],[316,-1036],[42,-849],[-232,-808],[-485,-994],[-548,-788],[-1606,-1458],[-742,-464],[-1451,-713],[-1299,-845],[-761,-176],[-3145,-203],[-1244,52],[-1877,217],[-531,-34],[-1361,-365],[-912,-683],[-696,-1018],[-922,-882],[-586,-395],[-1158,-1756],[-1062,-828],[-557,-614],[-337,-2237],[-321,-746],[-439,-563],[-236,-680],[51,-1276],[-405,-1425],[-169,-1989],[-455,-1359],[-641,-1094],[-473,-531],[-1029,-911],[-472,-630],[-793,-762],[-793,-928],[-1243,-1132],[-1168,-683],[-577,-602],[-708,-301],[-1556,-383],[-743,-324],[-621,-417],[-2533,-2209],[-1129,-820],[-601,-1212],[-432,-539],[-622,-497],[-601,-311],[-1089,-261]],[[2134951,3051690],[-1438,-545],[-786,-537],[-1634,-1588],[-1465,-779]],[[2129628,3048241],[-1521,-772],[-755,-477]],[[2127352,3046992],[-1542,-1476],[-380,-911],[-890,-3138],[-578,-1122],[-1949,-2505],[-1850,-1660],[-82,20],[-808,-534],[-519,-512],[-344,-600],[-886,-1045],[-796,-1267],[-576,-656],[-362,-172],[-229,-642],[13,-500],[174,-426],[434,-292],[286,-659],[-258,-2024],[-285,-927],[-581,-1366],[-1292,-1454],[-765,-2106],[-506,-1063],[-805,-1147],[-767,-1756],[-644,-672],[-1722,-1147],[-656,-964],[-328,-811],[-333,-1610],[-297,-915],[-830,-1049],[-966,-830],[-656,-1573],[-168,-818],[-132,-1084],[178,-780],[530,-1235],[1589,-2361],[1809,-1581],[1655,-2123],[1082,-1603],[1192,-1472],[1191,-931],[1257,-693],[2799,-409],[1037,-498],[441,-346],[199,-802],[-110,-585],[-682,-1475],[-1044,-3169]],[[2117600,2985516],[-912,-3032],[-285,-1214],[-86,-2428],[421,-2167],[575,-1863],[265,-1192],[640,-1430],[465,-1474],[265,-1344],[-175,-1235],[-263,-1128],[-506,-1084],[-903,-889],[-1300,-652],[-1542,-488],[-2,-90],[-1059,66],[-1122,-46],[-1226,387],[-541,541],[-633,-4],[-708,-460],[-723,-698],[-398,5],[-925,-261],[-2070,-2256],[-572,-998],[-109,-1171],[244,-1018],[419,-932],[464,-368],[419,-801],[-263,-1713],[45,-1084],[486,-866],[1301,-1148],[839,-1647],[772,-931],[706,-259],[1167,87],[617,-151],[463,-346],[310,-672],[509,-3381],[-65,-1149],[-350,-1842],[-814,-1757],[-660,-672],[-1851,-652],[-2996,-242],[-418,-130],[-1256,-456],[-925,-478],[-1079,-825],[-1431,-799],[-2898,-2740],[-1227,-1899],[-716,-2089]],[[2095983,2927951],[-1087,-2303],[-882,-2903],[-1128,-2384],[-244,-1391],[111,-1233],[518,-1354],[741,-3144],[-146,-1233],[-393,-1186],[-440,-2068],[-834,-1888],[-614,-702],[-1191,-1150],[-426,-490],[-349,-574],[-436,-1176],[-58,-544],[-378,-581]],[[2088747,2901647],[-437,-121],[-791,0],[-325,78],[-390,895],[-208,287],[-810,481],[-883,1110],[-394,293],[-371,61],[-1366,-66],[-264,-78],[-765,-392],[-1609,-1442],[-1214,-342],[-1085,-127],[-1406,-34],[-591,177],[-677,501],[-539,-62],[-342,-162],[-91,-247],[-17,-1036],[566,-2706],[-173,-762],[-283,-406],[-295,0],[-148,46],[-649,733],[-346,253],[-460,-100],[-350,-522],[30,-1284],[-249,-659],[-1219,-1094],[-215,-456],[-131,-1462],[474,-1333],[239,-1129],[34,-1454],[-102,-501],[-438,-638],[-966,-879],[-805,-907],[-34,-154],[198,-389],[654,-344],[240,-211],[55,-771],[-101,-659],[-333,-410],[-224,-70],[-725,617],[-764,91],[-459,-70],[-764,-676],[-80,-298],[101,-352],[363,-282],[72,-157],[-47,-473]],[[2066838,2881553],[-408,-16],[-916,-204],[-1667,-159],[-1052,-456],[-273,132],[-389,370],[-523,174],[-812,-86],[-433,-191],[-520,-41],[-512,583],[-247,41],[-383,-262],[-219,-655],[-368,-328],[-270,-487],[-3,-558],[-172,-367],[-410,-243],[-262,-28],[-194,0],[-1181,470],[-615,439],[-498,608],[-427,251],[-454,100],[-1912,-31],[-667,487],[-1221,1236],[-190,98],[-461,-71],[-809,-551],[-753,-406],[-338,-91],[-299,264],[-255,629],[-440,504],[-266,443],[-185,936],[-252,359],[-530,98],[-1617,-382],[-568,27],[-857,368],[-899,697],[-516,105],[-324,189],[-430,832],[-1008,1092],[-28,284],[224,511],[-24,774],[-169,541],[-265,366],[-454,169],[-179,189],[106,903],[-93,294],[-354,521],[-623,406],[-148,382],[-110,98],[-289,61],[-992,-61],[-588,554],[-1064,366],[-717,540],[-503,263],[-2946,824],[-1610,-35],[-824,181],[-455,-146],[-1104,-91],[-449,-270]],[[2025175,2895096],[-161,-184]],[[2025014,2894912],[-839,-1088],[-763,-680],[-247,-101],[-680,52],[-251,142],[-767,-207],[-704,61],[-457,-155],[-392,1],[-701,-586],[-172,-58],[-1195,-146],[-1306,-17],[-830,-228],[-200,28],[-214,169],[-271,36],[-795,-462],[-300,-85],[-798,-61],[-1005,101],[-395,-19],[-270,-113],[-867,146],[-610,-159],[-746,-533],[-416,-488],[-752,-577],[-404,-454],[-323,-190],[-297,-68],[-834,161],[-514,-153],[-661,-441],[-508,-533],[-441,-182],[-120,-445],[-575,-103],[-2030,-112],[-936,-258],[-757,-375],[-386,-75],[-811,-521],[-371,-4],[-1177,207],[-933,401],[-791,132],[-743,-72],[-772,-360],[-463,-57],[-215,-103],[-360,82],[-898,-156],[-140,-224],[-6,-463],[110,-334],[597,-1025],[-37,-644],[-171,-211],[-300,-137],[-937,-187],[-828,-474],[-329,-273],[-367,-1047],[35,-949],[-87,-357],[-1053,-1949],[-124,-132],[-280,-62],[-214,-164],[-296,-805],[-198,-227],[-1250,-581],[-792,-529],[-661,-138],[-1499,-112],[-1244,-492],[-335,-293],[-471,-919],[-361,-367],[-511,-242],[-2314,-701],[-1272,-1270],[-802,-497],[-187,10],[-579,250],[-167,204],[-314,707],[-421,261],[-800,-101],[-1175,167],[-584,-344],[-505,317],[-191,11],[-754,-264],[-308,-667],[-371,-161]],[[1969258,2870791],[-442,-336],[-405,-579],[-335,-273],[-1005,-428],[-217,116],[-218,383],[-863,418],[-685,106],[-678,237],[-227,-5],[-290,-162],[-500,-545],[-513,-812],[-774,-108],[-38,-982],[-83,-125],[-621,-375],[3,-1052],[-235,-540],[-615,-551],[-38,-274],[96,-177],[324,-193],[122,-191],[-122,-443],[16,-359],[526,-286],[-83,-857],[159,-172],[610,-344],[587,-1125],[44,-546],[-320,-458],[87,-523],[269,-955],[662,-1033],[21,-148],[-340,-581],[-131,-482],[-157,-172],[-1169,-399],[-320,-237],[-3,-178],[334,-389],[37,-151],[-290,-779],[71,-156],[127,-22],[462,323],[270,26],[664,-210],[304,-213],[177,-419],[-24,-400],[471,-437],[-169,-474],[-47,-454],[-184,-188],[-426,2],[-98,-84],[-117,-474],[-322,-456],[54,-736],[159,-703],[-323,-473],[-657,-476],[-181,-468],[-177,-61],[-363,124],[-599,-497],[-423,21],[-250,-637],[-591,-894],[-183,-54],[-482,141],[-177,-99],[-28,-781],[-149,-6],[-594,486],[-598,-331],[-519,-159],[-173,-348],[78,-871],[-318,-467],[-1286,32],[-168,-82],[-286,-315],[-21,-352],[124,-442],[-379,-667],[-544,-360],[-954,-253],[-368,-583],[-406,-247],[-399,-370],[-145,-425],[-251,-278],[-80,-716],[-455,-467],[-140,-1167],[69,-150],[204,-126],[48,-261]],[[1950666,2835572],[233,-699],[-72,-461],[-772,-570],[-110,-433],[67,-14],[-43,-310],[-354,-960],[-548,-537],[-498,-3],[-664,391],[-303,0],[-580,152],[-324,-76],[-555,422],[-414,-40],[-297,64],[-831,-229],[-622,104],[-722,-293],[-598,-381],[-209,31],[-69,95],[-1670,-58],[-804,-456],[-2070,-478],[-223,16],[-300,-276],[-274,-110],[-857,59],[-502,-369],[-689,-351],[-261,-275],[-443,-96],[-421,-222],[-1775,92],[-392,-68],[-850,-366],[-690,-506],[-384,-1102],[-834,-1040],[-53,-272],[-647,-448],[-361,-156],[-620,374],[-239,29],[-461,-204],[-557,-472],[-242,-48],[-364,61],[-831,-520],[-230,-383],[77,-77],[-116,-145],[-64,-575],[-682,-256],[-272,-192],[-568,-870],[-133,-338],[-837,-889],[-137,-446],[-511,-908],[-211,-620],[-146,-856],[-385,-310],[-278,-96],[-231,-224],[-70,-171],[25,-415],[-303,-447],[-284,-243],[-129,-524],[-258,-411],[-371,-920],[-453,-501],[-270,-586],[-195,-35],[-181,-196],[-803,-344],[-619,-390],[-159,-178],[-208,-456],[-30,-558],[-892,-1010],[-183,-517],[107,-510],[-36,-138],[-538,-721],[-343,-669],[-395,-297],[-227,-548],[-121,-19],[-182,104],[-224,-51],[151,-333],[-6,-293],[-297,-551],[-338,-411],[-160,-379],[-572,-626],[-1234,-1981],[-245,-211],[-436,-613],[-712,-624],[-392,-530],[-792,42],[-211,101],[23,426],[-557,1072],[-30,569],[79,587],[369,1554],[167,1182],[-369,570],[-923,820],[-396,821],[6,845],[-400,597],[225,1624],[-62,277],[-303,193],[-85,182],[12,376],[1029,2016],[67,708],[264,1033],[-16,846],[-62,140]],[[1906295,2816656],[-1215,-802],[-295,-311],[-169,-28],[-246,180],[-400,532],[-239,110],[-759,-83],[-471,138],[-194,-34],[-233,-135],[-1211,-1273],[-936,-1230],[-481,381],[-485,145],[-805,-427],[-1012,-339],[-346,-585],[-418,-385],[-52,-650]],[[1896328,2811860],[-123,512],[-328,592],[159,263],[-4,183],[-373,772],[141,561],[280,150],[138,239],[-107,270],[16,170],[792,962],[-41,321],[-319,109],[257,841],[-246,304],[114,254],[179,-165],[180,24],[178,426],[-374,348],[-149,345],[-163,-8],[-230,-159],[-187,25],[-104,586],[85,95],[290,39],[130,173],[-35,494],[115,532],[-177,378],[34,614],[74,388],[215,308],[-16,731],[204,203],[-162,425],[4,255],[488,549],[85,556],[397,125],[232,172],[-25,404],[-183,370],[-861,331],[-10,384],[-211,669],[14,508],[-162,204],[-1110,259],[-619,-135],[-148,45],[-63,552],[-450,183],[-10,187],[-327,621],[-390,-17],[-485,197],[-310,259],[-24,248],[299,722],[-7,256],[-714,852],[-81,301],[334,469],[-32,446],[67,173],[-158,259],[63,310],[67,107],[629,266],[123,584],[-313,235],[-541,48],[-845,414],[-49,195],[112,356],[-8,338],[-300,408],[-101,408],[289,715],[493,37],[296,106],[442,441],[190,75],[148,497],[-66,383],[-213,365],[-42,344],[-417,706],[-878,597],[-132,259],[-515,464],[-962,398],[7,122],[185,236],[-270,261],[-132,253],[107,661],[-230,588],[34,914],[-55,271],[-405,717],[51,296],[-122,94],[-104,273],[-626,176],[-609,506],[164,410],[-82,157],[29,141],[438,220],[191,370],[-79,641],[309,332],[506,105],[163,116],[87,316],[-56,425],[84,359],[-130,442],[35,580],[-467,221],[-95,162],[35,225],[-179,93],[-317,-407],[-209,-144],[-1186,-202],[-1019,-417],[-260,72],[-496,414],[-344,-79],[-373,59],[-161,-232],[-559,-7],[-331,159],[-270,-221],[-222,52],[-281,-245],[-151,3],[-179,163],[-345,-87],[-625,428],[-144,380],[-429,463],[-81,411],[-267,425],[-330,72],[-271,-100],[-323,17],[-398,442],[-397,166],[-660,932],[-166,932],[-527,398],[-506,531],[-140,290],[-141,422],[14,1170],[123,180],[597,348],[619,101],[165,421],[411,459],[545,100],[204,162],[299,76],[400,625],[116,501],[348,428],[566,346],[81,272],[-183,456],[-77,549],[46,497],[-158,508],[520,2072],[-415,687],[10,376],[-247,755],[-950,903],[-116,491],[-357,383],[-174,745],[-34,597],[-174,365],[-201,295],[-788,252],[-386,345],[-405,-183],[-576,221],[-959,-83],[-580,63],[-281,165],[-183,-90],[-404,-24],[-1181,259],[-364,240],[-407,649],[-324,132],[-351,269],[-513,21],[-647,-201],[-436,7],[-632,1112],[-120,608],[-436,1084],[-611,986],[-551,155],[-276,326],[-214,116],[-612,-94],[-546,265],[-197,17],[-298,-67],[-343,-215],[-213,6]],[[1864601,2880607],[-530,-71],[-477,192],[-411,50],[-431,-117],[-278,-247],[-202,-420],[-695,-600],[-237,-61],[-646,72],[-405,-50],[-647,-838],[-11,-521],[-208,-292],[-309,-94],[-295,171],[-341,-11],[-112,-105],[-146,-437],[-225,-44],[-231,78],[-504,-131],[-170,72],[-368,-12],[-420,-139],[-844,-464],[-666,-729],[-422,-824],[-392,-203],[-223,-215],[-169,-730],[-321,-311],[-1644,-1181],[-882,-136],[-798,135],[-724,-400],[-300,-419],[-398,-184],[-121,35],[-362,559],[-426,253],[-323,447],[-1052,340],[-220,352],[-299,1123],[-291,580],[-169,150],[-1405,682],[-1916,691],[-778,814],[-553,-37],[-282,-298],[-160,-535],[201,-489],[-521,59],[-522,230],[-613,888],[-844,651],[-1269,1151],[-165,920],[-239,383],[-199,60],[-201,-42],[-339,-293],[-630,-321],[-454,387],[-418,0],[-291,-90],[-386,-326],[-107,-441],[-481,-560],[-320,-15],[-781,438],[-161,265],[260,732],[-104,338],[-265,194],[-552,174],[-591,746],[-181,1073],[-190,286],[-312,211],[-468,1177],[25,299],[300,225],[276,466],[379,-85],[71,107],[-50,427],[-592,1619],[-173,190],[-202,75],[-658,4],[-873,149],[-333,390],[-431,339],[-801,340],[-413,-33]],[[1825544,2888845],[-867,-92],[-497,187],[-397,29],[-902,-522],[-144,-9],[-811,480],[-251,64]],[[1821675,2888982],[-586,-513],[-274,-55],[-190,48],[-485,401],[-400,545],[-197,97],[-640,829],[-372,166],[-907,151],[-190,97],[-323,256],[-506,649],[-225,179],[-520,159],[-786,76],[-495,231],[-334,7],[-1258,321],[-243,-41],[-109,-2303],[-154,-639],[310,-841],[-216,-1262],[2,-624],[35,-231],[203,-389],[583,-298],[-31,-47],[337,-353],[137,-259],[21,-311],[-675,-1481],[-189,-922],[-64,-819],[-333,-1005],[9,-917],[229,-1898],[320,-813],[-88,-335],[-397,-538]],[[1812674,2876300],[-29,-84],[160,-331],[557,-477],[1370,-617],[608,-406],[502,-224],[1358,-203],[708,-186],[776,-423],[1164,-120],[418,-381],[337,-812],[89,-522],[-118,-382],[-194,-339],[-747,-692],[-620,-473],[-472,-248],[-679,-79],[-743,-435],[0,-216],[173,-165],[-38,-216],[-240,-240],[-709,-327],[-721,-2089],[-33,-729],[480,-1268],[17,-249],[93,-95],[371,-41],[148,-166],[236,-651],[299,-488],[102,-846],[350,-812],[4,-286],[-457,-1084],[-41,-644],[182,-621],[261,-352],[308,-1119],[396,-642],[127,-618],[-38,-532]],[[1818389,2854370],[-127,-416],[-194,-146],[-63,-381],[228,-1715],[29,-1123],[51,-191],[325,-331],[136,-997],[211,-410],[426,-439],[127,-249],[67,-497],[-324,-534],[603,-1538],[-587,-2846],[258,-1757],[-72,-903],[110,-1749],[704,-1197],[342,-348],[370,-172]],[[1821009,2836431],[304,-413],[334,-717],[-26,-630],[-238,-863],[150,-1157],[96,-1597],[-35,-725],[-88,-215],[-421,-432],[-1108,-622],[-1019,-794]],[[1818958,2828266],[-175,147],[-90,334],[-490,260],[-555,157],[-260,30],[-360,-167],[-1607,-69],[-260,194],[-28,234],[-216,51],[-224,-30],[-249,-273],[-432,-24],[-289,-190],[-144,45],[-319,570],[-977,187],[-303,182],[-295,532],[-292,228],[-453,552],[-1026,159],[-303,332],[-703,141],[-298,594],[-575,208],[-420,438],[-425,-128],[-457,-469],[-471,-180],[-376,-521],[-1438,-570],[-365,117],[-1311,31],[-169,-107],[-130,100],[-267,-6],[-126,93],[-257,514],[-538,159],[-453,307],[-285,42]],[[1800547,2832470],[-459,177],[-237,-44],[-114,78],[-1559,-18],[-342,-79],[-92,-128],[-308,-37],[-139,99],[-528,-207],[-147,-170],[-47,-410],[-122,-79],[-38,-141],[-380,-344],[-316,-112],[-759,199],[-236,-20],[-257,501],[-258,33],[-219,162],[-312,-286],[-194,-29],[-106,157],[-185,33],[-152,133],[-304,-4],[-451,207],[-578,124],[-518,-99],[-171,-208],[-399,6],[-605,-298],[-30,-169],[-195,-55],[-28,-133],[-275,69],[-217,-105],[-295,-334],[-441,-199],[-51,-193],[-464,-188],[-84,-243],[-366,-445],[-720,-370],[-410,-30],[-337,74],[-110,274],[-329,319],[-118,617],[-375,468],[21,373],[-72,116],[-767,270],[-839,671],[-439,33],[-257,145],[-211,381],[-97,663],[-279,203],[-506,728]],[[1781724,2834606],[-5,319],[-153,187],[-998,123],[-135,210],[-116,994],[-673,443],[-395,-37],[-227,502],[-275,273]],[[1778747,2837620],[-975,766],[-421,225],[-475,0],[-211,621],[-405,469],[-563,194],[-562,442],[-804,1237],[-287,740]],[[1774044,2842314],[-79,-210],[-607,-342],[-1035,-1111],[-506,-232],[-1051,-701],[-754,-691],[-253,-143],[-2182,-183],[-703,133],[-1451,-459],[-1079,-569],[-489,-72],[-135,-101],[-123,-449],[-18,-802],[-123,-277],[-659,-388],[-931,-1183],[-387,-77],[-272,69],[-721,604],[-307,147],[-1002,-52],[-747,293],[-395,-34],[-360,-173],[-115,-241],[-703,-510],[-1133,-1726],[-650,-397],[-299,-302],[-844,-1166],[-1335,-639],[-641,-604],[-361,-898],[-70,-682],[-105,-258],[-466,-251],[-765,-95],[-641,26],[-782,-147],[-343,-198],[-439,-1019],[-1335,-1787],[-798,-1912],[-748,-671],[-470,-788],[-787,-574],[-560,48],[-1777,598],[-2086,215],[-803,191],[-633,319],[-414,343],[-552,1698],[-365,646],[-804,702],[-448,278],[-198,39],[-158,0],[-371,-240],[-552,-1055],[-90,-792],[-156,-260],[-210,-169],[0,-1047],[-187,-436],[-132,-671]],[[1733349,2820879],[-1106,6],[-377,86],[-603,-62],[-379,-248],[-185,-411],[-152,-149],[-410,-266],[-518,-176],[-393,-528],[-470,-237],[-1515,-205],[-411,280],[-316,-43],[-1464,-294],[-469,-277],[-956,-47],[-1121,-435],[-130,10],[-279,354]],[[1722095,2818237],[-273,989],[-636,675],[-475,149],[-395,26],[-329,172],[-504,-27],[-290,105],[-215,128],[-641,901],[-334,140],[-606,21],[-204,172],[-302,739],[-302,318],[-51,473],[-459,884],[-254,308],[-805,549],[-303,477],[-2,340],[233,218],[-143,293],[-377,-49],[-1334,378],[-1290,-44],[-361,-111],[-1568,-121],[-1812,35],[-1127,-828],[-150,-224],[-189,-121],[-202,-16],[-176,95],[-153,259],[-385,779],[-155,520],[-420,369],[-265,72],[-454,-76],[-330,106],[-676,41],[-819,348],[-601,583],[-944,193],[-1591,714],[-349,429],[-82,432],[-207,292],[-162,571],[-348,368],[-383,701],[-202,1611],[239,794],[-33,157],[-1185,156],[-1095,759],[-829,178],[-125,123],[-137,450],[28,245],[-648,1431],[-223,1118],[32,449],[-65,355],[206,598],[-234,777],[-1521,792],[-179,219],[-54,776],[-122,405],[-69,-30]],[[1691679,2843345],[-42,797],[666,993],[125,572],[52,1565],[-337,1119],[-41,463],[-207,327],[-912,832],[-221,300],[1,205],[278,612],[679,408],[623,571],[312,192],[1089,345],[52,123],[21,153],[-155,459],[-885,1410],[-578,1363],[56,722],[647,1036],[35,980],[-96,203],[-263,341],[-539,450],[-663,369],[-373,682],[-26,667],[-830,165],[-387,260],[-650,219],[-1272,847],[-207,259],[-233,926],[-691,860],[-1119,901],[-511,300],[-1263,1346],[-1046,116],[-885,423],[-387,83],[-3068,2266],[-3127,1449],[-441,124],[-194,232],[155,1116],[-83,191],[-332,232],[-1182,434],[-194,196],[-382,665]],[[1672648,2875214],[-241,404],[-371,381],[-609,372],[-1248,466],[-1055,897],[-449,726]],[[1668675,2878460],[417,843],[49,421],[281,602],[258,987],[196,277],[306,746],[233,330],[270,169],[61,168],[-98,1072],[61,180],[882,951],[515,349],[588,253],[588,542],[147,325],[62,927],[85,265],[944,692],[1213,1156],[25,397],[-356,349],[-171,722],[-478,1337],[-748,794],[-600,875],[0,200],[257,494],[686,602],[613,866],[86,73],[282,12],[386,214],[396,1051],[172,925],[-121,130],[-472,179],[-172,169],[-325,514],[-102,654]],[[1675091,2900272],[-85,428],[-391,4],[-623,-198],[-402,-234],[-642,-684],[-402,0],[-678,522],[-366,522],[-239,126],[-256,0],[-348,180],[-256,269],[128,558],[696,270],[384,612],[385,234],[202,768],[146,234],[824,702],[236,578],[-161,227],[-1370,698],[-866,674],[-385,342],[-531,648],[-678,392],[-421,612],[-110,270],[0,270],[129,234],[586,468],[476,216],[220,414],[0,1349],[146,504],[0,396],[-311,461],[-92,251],[0,432],[-311,468],[36,216],[495,396],[55,234],[-256,252],[-403,198],[-660,594],[-513,1079],[-1831,911],[-385,378],[-513,144],[-494,521],[-220,396],[110,900],[-185,1239],[93,830],[37,2136],[55,324],[201,414],[495,378],[540,729],[324,591],[336,1168],[1489,1387],[510,1195],[750,1011],[309,762],[-37,1485],[202,444],[513,162],[659,767],[550,198],[458,270],[439,-18],[623,-198],[696,-36],[366,36],[385,198],[275,36],[403,-90],[531,-378],[330,90],[55,666],[183,791],[494,684],[476,432],[-402,1044],[0,1272],[164,720],[92,989],[192,716],[-155,400],[-477,450],[-219,1416],[-513,792],[-55,594],[91,413],[110,126],[202,144],[513,108],[294,343],[457,305],[455,718]],[[1678450,2948961],[39,230],[-146,396],[-92,1206],[-440,1368],[19,647],[329,540],[1081,918],[18,432],[-677,774],[-770,557],[-952,324],[-1011,729],[-601,81],[-513,234],[-247,216],[-110,414],[18,1043],[276,1078],[36,2019],[-73,306],[-385,378],[-751,396],[-92,198],[-18,774],[-146,162],[-165,72],[-440,0],[-513,341],[-1282,648],[-925,36],[-641,-378],[-146,-18],[-129,90],[-110,558],[-384,342],[-128,324],[-19,498],[-238,594],[-18,1332],[-531,288],[-568,486],[-586,18],[-550,125],[-151,107]],[[1665718,2969844],[-307,307],[-393,900],[-403,594],[-317,1193],[-214,444],[-550,738],[-146,144],[-653,-128],[-615,64],[-344,262],[-110,342],[-312,180],[-531,108],[-1547,-432],[-568,-18],[-385,108],[-513,-540],[-110,-396],[-91,-1385],[-257,-450],[-366,-324],[-256,-360],[-440,-342],[-201,-846],[-495,-1025],[-183,-216],[-1264,90],[-421,-54],[-476,-180],[-495,36],[-659,-468],[-367,-36],[-109,36],[-642,828],[-567,576],[-385,215],[-871,-145],[-466,379],[-362,130],[-609,-310],[-384,0],[-293,162]],[[1647041,2970025],[-587,481],[-970,522],[-220,396],[-55,503],[-257,288],[-293,648],[-824,486],[-476,522],[-55,306],[55,342],[110,162],[146,36],[92,198],[-128,377],[36,198],[220,252],[238,540],[19,306],[-238,576],[-422,396],[-55,288],[111,1261],[-98,679],[-494,1130],[-154,553],[-624,576],[-1368,443],[-518,325],[-396,1008],[-1531,1328],[-339,427],[-236,529],[-97,1974],[-629,1209],[-271,1441],[-554,1361],[-151,2356],[-27,2784],[48,304],[278,509],[173,549],[-15,834],[-546,1500],[-521,652],[-291,807],[-455,1793],[-12,1190],[-360,2680],[226,534],[560,663],[45,255],[-50,302],[-183,251],[-1065,977],[-183,252],[-80,303],[-3,278],[525,754],[809,1751],[22,977],[-314,630],[-376,265],[-437,104],[-829,398],[-704,98],[-470,156],[-451,313],[66,682],[-78,268],[23,406],[-404,652],[215,448],[322,367],[775,110],[-84,330],[-8,809],[314,1001],[-968,798],[-435,208],[-1141,-221],[-659,161],[-969,0],[-203,129],[-378,426],[128,891],[-259,492],[-827,670],[-1085,1078],[-225,470],[-448,530],[-312,758],[-209,287],[-336,226],[-465,-95],[-632,-298],[-735,-150],[-487,-290],[-170,-271]],[[1621668,3028183],[-766,-117],[-480,26],[-467,128],[-629,253],[-253,764],[-175,197],[-921,241],[-581,-61],[-1175,-486],[-1697,-1372],[-1079,-360],[-273,-163],[-511,-861],[-617,-559],[-1151,-639],[-778,-219],[-543,248],[-1740,1501],[-800,363],[-380,1],[-1421,-237],[-2368,-23],[-283,23],[-595,247],[-1368,366],[-875,-8],[-825,143],[-978,42],[-257,-79],[-178,-229],[-327,-738],[-586,-613],[-538,-207],[-618,-6],[-1161,292],[-1079,-238],[-2599,-51],[-1693,-624],[-1669,-421],[-1327,-45],[-1277,266],[-1333,81],[-546,-35],[-2104,-408],[-849,-59],[-591,-107],[-1894,-1031],[-2644,-684],[-483,-536],[-504,-1043],[-31,-2024],[-763,-843],[-1111,-757],[-771,-384],[-962,-178],[-901,67],[-542,147],[-1544,35],[-1214,444],[-854,421],[-566,-5],[-743,-311],[-849,-9]],[[1562831,3017709],[-901,-9],[-593,121],[-983,522],[-2042,890],[-544,324],[-1550,516],[-308,-3],[-1332,-646],[-584,-689],[-127,-255],[244,-3079],[-206,-125],[-286,1],[-301,156],[-1428,-14],[-127,172],[-111,562],[-104,179],[-1798,1648],[-1554,892],[-1234,501],[-432,78],[-1111,-144],[-1184,-12],[-1058,343],[-1711,1223],[-543,197],[-848,-59],[-947,-516],[-565,-107],[-1261,-13],[-1261,316],[-2010,114],[-696,-235],[-1346,-14],[-949,88],[-2083,486],[-968,350],[-1253,657],[-622,599],[-467,224],[-1845,-19],[-823,232],[-257,295],[-461,262],[-75,228],[46,355],[311,340],[-557,327],[-352,-82],[-132,-120],[-16,-329],[-182,-278],[-453,-486],[-486,-327],[-245,46],[-242,327],[-241,37],[-190,-60],[-436,-337],[-373,14],[-310,-262],[-310,-13],[-457,341],[0,389],[-85,158],[-418,332],[-228,327],[-285,67],[-472,-252],[-363,104],[-691,-560],[-411,1],[-297,-305],[-363,-178],[-243,1],[-280,-258],[-725,66],[-395,-293],[-516,28],[-144,-153],[-205,-564],[-507,-520],[-579,-108],[-450,267],[-648,16],[-332,-358],[-87,-378],[-402,-382],[-608,161],[-197,-330],[-222,22],[-321,-538],[-509,-603],[-222,-50],[-613,133],[-334,-145],[-215,-257],[-535,-1197],[-170,-224],[-338,-182],[-452,-24],[-213,64],[-297,288],[-532,254],[-665,20],[-469,410],[-722,416],[-562,-129],[-570,-4],[-627,-391],[-683,-242],[-751,328],[-215,9],[-172,-167],[-88,-288],[-311,-148],[-468,591],[-354,609],[-317,152],[-162,-167],[-30,-909],[-67,-48],[-363,198],[-368,497],[-351,109],[-452,-52],[-794,-573],[-626,128],[-247,-93],[-26,-229],[344,-130],[586,-66],[77,-170],[-831,-719],[-343,-1163],[-580,-340],[-413,50],[-257,160],[-118,271],[52,706],[-78,108],[-903,-646],[-503,-144],[-405,207],[-697,560],[-402,86],[-113,238],[-227,182],[-849,364],[-2831,404],[-756,190]],[[1482950,3018433],[-537,275],[-733,1269],[-111,385],[44,714],[263,1050],[134,230],[1253,1248],[162,296],[79,478],[-56,275],[-487,555],[-1107,533],[-218,198],[-313,549],[-107,742],[23,819],[89,412],[878,2198],[190,544],[12,269],[-96,335],[-335,517],[-341,269],[-1466,637],[-341,308],[-154,229],[-85,448],[40,348],[720,1989],[331,486],[79,563],[-118,144],[-163,33],[-1322,-287],[-781,11],[-1046,480],[-1457,807],[-1372,497],[-1040,575],[-1164,895],[-472,503],[-748,530],[-709,978],[-304,768],[-112,624],[11,254],[197,580],[1395,1972],[804,702],[551,646],[247,652],[51,299],[-101,707],[-911,1011],[-658,442],[-979,226],[-3554,-176],[-2187,259],[-815,387],[-625,525],[-236,353],[-371,741],[-186,801],[-61,889],[90,834],[455,1741],[-34,569],[-298,696],[-667,1042],[-644,743],[-372,315],[-139,395],[-17,591],[151,569],[437,425],[286,149],[653,93],[1691,-178],[351,187],[168,382],[-4,260],[-134,561],[-978,1279],[-666,391],[-1890,505],[-208,132],[-69,502],[54,583]],[[1460740,3068195],[305,1558],[454,1067],[256,327],[1007,753],[1116,412],[1000,229],[640,327],[623,557],[216,336],[130,484],[-48,646],[-121,357],[-229,438],[-303,285],[-454,174],[-2167,365],[-848,455],[-359,289],[-212,332],[-52,374],[69,539],[134,289],[208,345],[441,416],[653,238],[636,64],[515,-89],[1942,-778],[355,-47],[493,111],[437,352],[549,973],[191,672],[34,761],[-143,697],[-415,845],[-281,353],[-571,476],[-1864,884],[-2107,1258],[-1451,645],[-1136,629],[-551,680],[-393,801],[-135,939],[129,696],[247,558],[462,453],[568,260],[843,99],[596,-60],[472,-155],[2120,-840],[1075,-138],[815,55],[1035,520],[669,613],[309,414],[304,608],[377,1149],[-158,641],[-815,1210],[-377,298],[-304,133],[-410,44],[-833,-105],[-489,-227],[-1653,-1204],[-1468,-597],[-815,-66],[-832,122],[-776,303],[-355,232],[-331,288],[-366,475],[-129,525],[50,1265],[343,1359],[422,851],[776,845],[1738,1215],[354,398],[523,845],[141,669],[-12,414],[-376,1884],[95,492],[281,193],[439,0],[574,-398],[185,-375],[56,-1365],[225,-475],[619,-381],[348,-66],[732,49],[258,122],[793,1475],[62,353],[-68,818],[-118,646],[-163,398],[-540,757],[-697,624],[-1490,1790],[-877,558],[-512,227],[-1968,679],[-1006,640],[-465,605],[-995,2033],[-223,309],[-321,302],[-471,174],[-642,-103],[-412,-154],[-361,-277],[-1777,-2833],[-815,-1756],[-285,-391],[-408,-338],[-463,-217],[-338,-26],[-296,84],[-194,238],[-226,597],[55,1869],[-205,1180],[-387,1308],[-29,643],[143,1542],[125,414],[831,1772],[165,978],[-91,554],[-416,206],[-290,0],[-1690,-218],[-734,-329],[-1143,-777],[-1394,-598],[-177,16],[-580,531],[-313,487],[-922,2057],[-307,1000],[-279,1308],[-256,2795],[-284,1906],[-284,1001],[-363,843],[-106,176],[-1093,973],[-883,616],[-1652,1363],[-550,192],[-900,68],[-628,-93],[-606,-234],[-554,-374],[-730,-800],[-597,-1061],[-500,-679],[-290,-268],[-277,-97],[-517,88],[-576,310],[-1382,1757],[-931,801],[-128,226],[-277,1015],[-747,1266],[-164,993],[14,1294],[141,651],[793,1650],[974,1814],[815,1282],[726,652],[995,420],[545,116],[540,71],[1254,-16],[990,-160],[1417,-387],[1400,398],[428,259],[371,348],[332,514],[320,812],[51,796],[-17,370],[-281,768],[-557,707],[-366,293],[-922,497],[-753,293],[-1845,503],[-956,60],[-613,-99],[-1428,-354],[-2992,-994],[-2159,-155],[-377,44],[-838,343],[-343,226],[-629,674],[-625,989],[-337,691],[-84,691],[61,668],[293,779],[259,486],[320,387],[2913,2425],[1018,1514],[185,453],[107,834],[-528,961],[-349,393],[-461,458],[-1001,718],[-613,-27],[-1254,-586],[-1648,-1779],[-770,-1165],[-450,-1359],[-236,-1260],[-276,-591],[-528,-426],[-495,-187],[-174,16],[-1693,553],[-1029,508],[-602,536],[-253,293],[-157,342],[-214,1409],[-45,1939],[-304,1370],[-208,1497],[49,736],[371,1725],[-87,540],[-198,85],[-266,-145],[-942,-1594],[-593,-621],[-755,-558],[-1180,-423],[-670,-88],[-1433,346],[-671,425],[-297,285],[-252,349],[-264,671],[-7,729],[110,463],[168,399],[251,279],[871,469],[1735,139],[749,368],[1071,1128],[335,526],[303,545],[478,1299],[264,374],[335,291],[565,309],[1706,690],[151,180],[8,212],[-364,1532],[-385,873],[-513,624],[-667,525],[-656,259],[-754,155],[-826,-61],[-1232,-265],[-894,-22],[-450,188],[-253,215],[-500,680],[-152,376],[-304,1508],[-270,707],[-1214,1287],[-467,768],[-118,597],[230,961],[996,2387],[236,828],[152,934],[-229,1663],[-711,2322],[-54,630],[58,493],[238,820],[449,638],[1354,1534],[150,526],[-230,472],[-378,226],[-810,122],[-1566,0],[-740,282],[-239,182],[-267,343],[-263,800],[-21,731],[243,1632],[592,1078],[2697,989],[953,174],[1053,4],[2697,-242],[476,-121],[1520,-835],[596,-249],[669,-49],[357,151],[420,391],[136,257],[208,742],[366,1984],[912,1696],[720,1932],[536,1076],[562,792],[641,546],[352,263],[899,409]],[[1424494,3214609],[-100,-427],[-467,-717],[3,-279],[159,-46],[516,361],[146,-7],[612,-504],[682,-162],[699,-641],[887,-614],[195,-52],[566,117],[26,-124],[-195,-328],[417,-212],[33,-140],[-182,-130],[-490,-136],[-135,-205],[202,-478],[458,-453]],[[1428526,3209432],[252,226],[-92,284],[77,105],[429,214],[467,644],[28,592],[171,409],[160,104],[596,-55],[642,242],[585,535],[21,146],[-147,174],[9,138],[360,389],[196,473],[550,582],[374,365],[1024,301],[536,707],[316,135],[547,-61],[291,-162],[525,-563],[543,-328],[307,-90],[715,-766],[383,-176],[1050,-202],[375,489],[633,253],[449,51],[867,-188],[480,-352],[393,-551],[181,-1380],[127,-468],[236,-364],[400,-307],[595,-290],[1801,-394],[578,-319],[712,-572],[342,-74],[152,174],[34,264],[-364,908],[-119,669],[176,469],[405,357],[618,214],[1086,-76],[664,-179],[1278,-760],[472,-117],[234,10],[249,127],[239,551],[-15,1602],[-104,434],[-229,434],[-799,816],[-1034,811],[-1558,516],[-275,209],[-145,285],[15,266],[130,352],[287,343],[559,268],[294,29],[1484,-318],[773,-49],[2711,500],[925,569],[775,208],[1220,-367],[863,44],[1072,718],[590,616],[242,384],[273,867],[1389,1718],[129,310],[8,737],[-582,2025],[-180,1058],[-1206,804],[-540,561],[-604,1171],[-194,630],[-17,654],[211,1094],[-413,1953],[-110,2061],[-180,1215],[67,727],[372,1293],[14,516],[-79,379],[-655,1243],[-104,588],[-108,1907],[-238,132],[-772,-181],[-490,0],[-353,129],[-576,408],[-247,347],[-209,614],[-22,1453],[-100,534],[-162,329],[-319,353],[-438,221],[-787,46],[-816,-359],[-603,-559],[-613,-970],[-506,-455],[-660,-209],[-250,37],[-219,151],[-140,414],[131,467],[347,482],[1178,1136],[341,590],[303,859],[591,983],[92,382],[-91,623],[-237,367],[-273,131],[-384,59],[-502,-143],[-448,-324],[-439,-570],[-494,-433],[-290,-166],[-225,40],[-144,145],[-9,344],[540,862],[66,664],[-91,390],[-565,1013],[-141,611],[-3,599],[-111,228],[-189,30],[-1694,-562],[-682,43],[-590,254],[672,1126],[1657,2051],[1292,976],[1621,820],[34892,5647],[2008,-238],[1054,-349],[1347,57],[860,-52],[1420,-456],[487,299],[361,45],[54,205],[517,378],[350,565],[484,403],[163,546],[80,30],[704,-321],[141,-139],[100,-297],[141,-153],[215,-660],[294,-377],[595,-259],[828,-87],[833,-428],[742,-176],[250,-131],[399,-487],[643,-189],[366,-512],[252,-187],[278,-418],[125,-620],[102,-120],[538,-145],[428,-234],[507,-64],[405,-234],[241,9],[289,170],[318,378],[141,418],[176,228],[621,206],[481,267],[1063,245],[1284,-89],[498,437],[348,-139],[233,4],[243,-208],[344,-61],[483,-312],[256,-73],[1501,700],[307,267],[333,-384],[620,-213],[332,-232],[55,-435],[180,-139],[515,-860],[834,-219],[252,-756],[2,-344],[468,-1121],[79,-28],[297,250],[400,671],[825,643],[105,219],[111,808],[256,423],[288,179],[158,239],[241,-146],[346,-54],[395,-420],[270,-635],[53,-512],[310,-1158],[-15,-958],[371,-510],[338,-1126],[630,-680],[140,-1010],[-123,-610],[192,-332],[57,-308],[274,-27],[621,-263],[420,36],[726,-338],[343,56],[251,-58],[333,110],[209,-14],[139,-96],[109,-292],[142,-124],[205,-3],[335,175],[186,579],[556,669],[904,374],[262,943],[990,167],[956,595],[393,420],[699,353],[603,940],[987,1134],[174,407]],[[1532637,3259906],[506,2052],[-596,573],[-475,1034],[-23,334],[372,177],[855,759],[635,1052],[186,927],[588,463],[520,838],[-1,568],[175,696],[478,612],[345,216],[-220,2003],[-20,1293],[120,206],[553,431],[489,598],[490,1752],[-297,303],[-228,459],[-463,263],[-452,509],[-187,101],[-489,76],[-290,797],[221,267],[143,441],[385,693],[1415,1530],[404,227],[-15,253],[-393,1205],[187,812],[-124,1057],[22,722],[767,1162],[489,36],[423,212],[585,-11],[191,109],[-470,512],[78,531],[-79,433],[42,193],[-224,368],[417,405],[755,341],[517,405],[331,72],[780,-62],[241,108],[152,216],[225,945],[304,413],[678,1422],[-15,527],[394,1001],[-95,298],[153,975],[-269,869],[55,439]],[[1543878,3298124],[278,651],[116,692],[240,152],[195,12],[498,-412],[408,-108],[253,-220],[1337,8],[169,-64],[125,-80],[135,-802],[294,-262],[592,-255],[781,-30],[972,391],[446,-200],[199,208],[70,447]],[[1550986,3298252],[-7,293],[-324,269],[-307,538],[-605,421],[-34,435],[-348,366],[-121,343],[-342,220],[-455,155],[-490,351],[-125,410],[-169,153],[-234,859],[-334,277],[202,241],[-257,200],[-40,240],[637,735],[-204,242],[-97,491],[-412,127],[20,154],[-164,374],[87,286],[-217,382],[41,186],[200,112],[-274,241],[-36,124],[144,378],[-774,516],[-48,736],[-325,233],[-430,150],[223,256],[-272,266],[273,171],[-42,718],[-558,381],[24,741],[-407,150],[-178,221],[36,233],[358,543],[-143,447],[603,435],[-372,319],[13,125],[235,278],[-178,345],[538,240],[75,243],[-137,164],[-57,244],[-245,244],[-506,164],[-335,17],[24,192],[280,459],[-8,126],[-201,283],[-286,174],[-241,28],[-131,261],[-395,322],[-291,100],[-224,419],[28,134],[339,210],[67,129],[-148,233],[-165,723],[-353,507],[-145,491],[-371,312],[-167,248],[-45,272],[125,330],[-137,165],[-222,842],[90,510],[-51,364],[-929,718],[-143,253],[-668,103],[-121,247],[-70,364],[305,-61],[69,48],[30,550],[-300,442],[167,555],[-646,931],[-93,324],[-23,1087],[-551,879],[-606,1621],[-144,764],[-74,79],[-274,-22],[-312,304],[-719,1370],[-281,309],[-147,-54],[-37,-175],[150,-113],[301,-644],[40,-700],[-491,-470],[-135,46],[-752,708],[-475,776],[-423,-370],[-73,-292],[-240,-111],[-201,47],[-244,246],[-499,104],[-99,173],[54,301],[-305,616],[-386,-14],[-325,134],[-234,237],[-173,479],[-518,248],[-278,562],[-381,-136],[-167,55],[-335,412],[-501,258],[-343,289],[-663,818],[-338,154],[-266,530],[-725,1047],[-521,1961],[-201,1064],[-533,788],[-479,981],[-399,589],[-877,583],[-320,362],[18,667],[-155,203],[-316,90],[-397,-116],[-294,-276],[-199,-392],[-458,-359],[-19,-226],[190,-159],[216,-15],[391,142],[241,-56],[25,-185],[-193,-204],[-348,-177],[-505,143],[-282,-270],[-314,-38],[-317,217],[-95,191],[26,221],[350,195],[73,126],[-110,384],[-211,199],[-435,5],[-466,-408],[-231,-36],[-239,208],[200,648],[-89,211],[-195,134],[-317,-40],[-406,-628],[-161,-90],[-256,-9],[-201,102],[-582,549],[-96,536],[-270,324],[-580,230],[-332,-5],[-403,-280],[-315,96],[-201,305],[30,256],[754,120],[270,222],[-41,272],[-344,353],[-464,102],[-291,-40],[-153,-95],[-136,-272],[-553,-226],[-609,172],[-947,-157],[-298,133],[-116,142],[-2,707],[-555,62],[-12644,38577],[-6605,5726]],[[1492580,3394834],[-34889,30249],[-5771,1866],[-1342,935],[-21805,11],[-10872,705],[-2098,1349],[-441,566],[-328,688],[-102,654],[79,442],[-407,767],[-486,1442],[-214,1352],[-803,1819],[-552,1698],[-136,680],[-1238,2729],[86,956],[-103,352],[-500,906],[-12663,8945],[-10581,9657],[-21853,22258]],[[1365561,3485860],[-912,928],[-830,174],[-528,321],[-421,466],[-172,399],[-198,689],[-79,642],[11,3936],[-140,774],[-1028,3848],[-75,847],[187,572],[351,551],[436,437],[460,240],[384,28],[801,-215],[611,-286],[2796,-1772],[546,-268],[737,-156],[715,-42],[887,187],[726,343],[456,314],[708,625],[543,621],[431,635],[1402,2719],[560,723],[212,198],[1131,524],[610,133]],[[1376879,3504995],[2437,184],[777,146],[621,235],[992,627],[1153,1346],[1104,1644],[506,621],[2193,1962],[1399,1049],[1616,1665],[837,1394],[640,1603],[632,3204],[633,2196],[358,856],[1687,3322],[851,3018],[-7,822],[-99,476],[-168,304],[-731,656],[-605,401],[-963,980],[-154,269],[35,436],[407,359],[563,186],[2804,117],[1006,325],[414,221],[598,559],[246,346],[267,683],[14,594],[-162,553],[-1314,2175],[-190,608],[105,3922],[612,3522],[1230,3453],[429,1872],[302,897],[619,1264],[428,615],[1217,1236],[836,483],[780,138],[4014,42],[1181,393],[1764,1009],[1532,1388],[2158,2348],[1948,2755],[520,1036],[133,511],[99,981],[-71,469],[-696,1733],[-70,422],[-126,3059],[-127,753],[-197,601],[-393,621],[-225,187],[-703,290],[-801,207],[-317,255],[-105,435],[133,1775],[-37,465],[-251,889],[-836,2168],[-293,1562],[7,946],[295,2286],[92,3418],[154,1374],[731,3308],[295,2155],[277,909],[-399,262],[-715,1389],[-723,959],[-1297,1259],[-1638,1294],[-302,482],[-659,2587],[-1671,4890],[-1150,2943],[-424,2368],[102,3401],[-239,2238]],[[1404804,3623361],[1671,309],[2427,31],[1191,-94],[2054,-418],[2043,-563],[1000,-458],[681,-459],[277,-312],[-22,-146],[-628,-500],[-308,-416],[-128,-115],[-107,32],[11,218],[117,177],[660,552],[43,198],[-64,135],[-85,115],[-192,21],[-270,-304],[-275,-34],[-242,411],[-737,723],[-231,6],[-107,-73],[-303,-1295],[-59,-48],[-74,302],[-128,-62],[-53,-157],[-117,-676],[-394,-906],[-196,-1625],[-92,-198],[-171,-114],[-255,41],[-96,167],[-63,656],[-160,250],[-234,94],[-490,-83],[-532,-302],[-521,31],[-182,212],[-148,476],[181,531],[0,271],[-53,239],[-138,125],[-447,73],[-607,-510],[171,-250],[-118,-198],[32,-219],[298,-635],[-43,-479],[75,-521],[-82,-550],[-163,-304],[-192,-156],[-489,11],[106,-219],[277,-83],[95,-167],[32,-323],[841,-708],[159,-323],[64,-615],[-43,-406],[-387,-1317],[-10,-1125],[-193,-154],[154,-856],[310,-897],[-143,-354],[194,-89],[233,-253],[116,-733],[426,-771],[-1,-455],[233,-405],[0,-442],[245,-392],[258,-164],[13,-784],[258,-493],[168,-658],[403,-506],[273,-227],[448,-103],[501,26],[474,-181],[316,0],[264,232],[158,335],[132,103],[711,-103],[738,-1522],[215,-43],[495,85],[625,359],[258,952],[430,296],[173,529],[473,444],[43,761],[-129,1036],[430,22],[-21,528],[-1292,677],[-387,381],[-22,676],[-236,381],[-646,655],[-86,719],[-323,297],[22,190],[1205,-698],[818,-338],[194,-233],[107,-317],[259,-296],[452,-127],[817,84],[453,-317],[387,-423],[65,148],[-151,487],[64,232],[151,-42],[108,-359],[172,-22],[-215,635],[-216,127],[-688,-106],[-237,127],[-388,507],[65,127],[474,-84],[301,190],[151,-21],[172,-148],[538,42],[473,-846],[-215,-909],[-215,-508],[-409,-634],[-646,-804],[1120,-782],[839,740],[474,233],[645,148],[1033,-254],[1034,-571],[688,-740],[-107,-275],[-258,-85],[-87,170],[-322,21],[-431,190],[0,169],[431,148],[21,148],[-237,191],[-279,42],[-44,-212],[-215,-63],[-129,465],[-237,-21],[-258,-381],[-947,-63],[-65,211],[-258,43],[-452,-275],[-452,-43],[43,-190],[883,-380],[581,-402],[0,-550],[-151,-169],[-258,42],[-237,148],[0,423],[-194,190],[-473,-42],[-474,338],[-323,-63],[-86,-169],[-107,-1523],[-237,-655],[86,-127],[129,-85],[237,846],[215,190],[344,191],[818,-43],[582,-824],[322,-191],[409,-21],[495,148],[409,-232],[969,-43],[172,-84],[409,-360],[65,-296],[-65,-275],[-237,-190],[-1011,169],[-969,-233],[-301,-148],[-431,0],[-473,148],[-129,212],[-689,-106],[0,-338],[215,-233],[388,-1078],[-1055,0],[-517,676],[-323,191],[-418,-345],[-448,-52],[-169,172],[20,-532],[-259,-94],[-11,-294],[-319,-128],[422,-361],[764,-310],[289,-361],[79,-568],[184,-258],[290,-52],[158,-180],[-52,-129],[-606,0],[-264,181],[-132,-52],[-79,-180],[27,-284],[-396,-567],[-342,-232],[-633,52],[-290,309],[-52,464],[106,288],[26,486],[-53,387],[-105,155],[-184,51],[-185,-103],[-105,-206],[-290,26],[-659,516],[-342,52],[-422,-103],[-132,-310],[0,-309],[185,-413],[342,-439],[0,-180],[-264,-103],[-421,490],[-158,-77],[-27,-387],[369,-1651],[-106,-232],[-606,-464],[-158,-568],[-943,-1223],[-177,-486],[-71,-348],[319,-972],[-1,-972],[-71,-451],[-496,-416],[-178,-521],[-213,-1111],[0,-486],[212,-590],[461,-764],[1241,-973],[1525,-590],[1417,-1216],[355,-416],[142,-278],[-36,-243],[-213,-174],[-142,70],[-212,-35],[71,-312],[460,-973],[-35,-277],[-142,-208],[-461,-139],[-319,-35],[-816,139],[-35,-173],[496,-486],[354,-105],[603,208],[319,0],[107,-104],[-107,-382],[-213,-208],[-35,-174],[177,-277],[213,-35],[141,-382],[638,-1042],[390,-208],[426,-70],[911,67],[1266,413],[1475,908],[1490,520],[622,475],[922,416],[1094,259],[623,351],[285,372],[391,590],[213,694],[284,486],[2133,1145],[249,214],[242,271],[36,903],[-389,1875],[-212,729],[-213,417],[-1134,764],[-36,139],[249,104],[2127,-383],[567,-243],[603,-139],[886,-36],[816,69],[904,185],[1453,559],[2612,434],[1876,207],[3269,604],[2244,757],[658,337],[674,208],[284,0],[35,-104],[-1100,-729],[-392,-147],[-291,-332],[-198,-453],[1165,481],[2217,410],[714,49],[607,-116],[627,-288],[784,-500],[392,-384],[352,-633],[-19,-115],[-157,-19],[-235,288],[-275,115],[-1254,-95],[-490,-134],[-1295,-748],[-353,-614],[-529,116],[-745,-441],[-20,-211],[-117,-77],[-294,173],[-510,77],[-255,192],[-98,-19],[-176,-403],[-393,-518],[-32,-163],[-116,-69],[-269,190],[-55,-95],[-279,-91],[-241,295],[-497,164],[-294,0],[-1177,-536],[-490,-461],[-275,-76],[-666,346],[-235,-115],[-373,-346],[20,-479],[98,-231],[333,-288],[0,-153],[-138,-173],[-1078,-537],[-157,-172],[0,-173],[137,-154],[353,-153],[587,-519],[429,-523],[-140,-230],[-479,-379],[-16,-141],[864,-486],[-65,-313],[80,-173],[208,-110],[288,-16],[96,-297],[112,-79],[336,31],[128,-125],[0,-157],[-64,-219],[-480,-282],[-192,-31],[-112,31],[-48,157],[16,345],[-400,78],[-256,-219],[-561,-673],[-320,-596],[16,-141],[240,-125],[96,-141],[-113,-486],[160,-32],[128,94],[144,-62],[576,-643],[608,-236],[593,282],[640,-63],[208,110],[16,266],[80,110],[624,-63],[97,156],[1264,423],[96,-47],[16,-157],[-112,-313],[-416,-282],[-17,-110],[97,-47],[320,62],[544,517],[-240,549],[-511,643],[-64,250],[64,236],[176,31],[160,-110],[240,-376],[528,-189],[208,-282],[352,-78],[224,-1],[1032,348],[592,93],[732,10],[618,-188],[-1016,-172],[-353,-274],[-221,-288],[-74,-446],[-97,-144],[-910,-271],[-240,-438],[16,-267],[-225,-235],[-288,-94],[-144,-140],[-273,-1066],[-528,-141],[-752,628],[-272,31],[-384,-141],[-240,-203],[-225,-596],[-272,-219],[-48,-251],[-1152,-359],[-288,125],[-337,-62],[-352,-94],[-576,-313],[-656,94],[-657,-235],[-416,-46],[-576,-784],[-320,267],[-1120,298],[-241,-62],[-240,-423],[0,-314],[-176,-203],[-416,188],[-512,-16],[-193,-470],[-400,-266],[-64,-235],[-48,-266],[176,-126],[688,-47],[160,-188],[384,156],[224,705],[193,32],[271,-706],[-16,-329],[-240,-454],[288,-580],[352,-235],[384,15],[192,125],[32,298],[192,110],[240,0],[512,-314],[288,110],[176,-16],[400,-188],[256,15],[433,235],[224,-47],[224,-141],[79,-377],[160,-188],[176,-31],[1464,156],[477,-226],[546,72],[1043,-49],[297,-146],[75,-316],[173,-267],[720,-511],[427,-663],[912,-528],[223,-219],[149,-413],[0,-365],[-149,-194],[-249,-73],[-24,243],[149,219],[-174,291],[-496,438],[-546,25],[-124,-268],[0,-291],[148,-219],[646,-316],[-25,-243],[-423,-316],[-273,0],[-223,-121],[0,-486],[-199,-243],[-397,24],[-273,292],[-24,559],[124,462],[-124,389],[-347,510],[-248,170],[-149,-72],[-25,-341],[198,-631],[-49,-122],[-298,0],[-298,243],[-1240,633],[0,170],[422,243],[49,170],[-173,194],[-273,49],[-918,705],[-372,98],[-323,292],[-372,170],[-968,0],[-347,73],[-819,-266],[-472,0],[-422,-146],[-620,-97],[-794,1],[-373,-97],[-147,-169],[-374,-98],[-50,-268],[298,-389],[-75,-267],[74,-729],[174,-413],[322,0],[199,170],[149,340],[-49,340],[223,753],[298,267],[249,-24],[148,-170],[-99,-170],[-199,-97],[25,-802],[272,-632],[-49,-389],[99,-219],[301,-75],[170,-95],[68,-139],[428,-222],[770,263],[273,-97],[-26,-1240],[-174,-243],[-347,49],[-322,292],[-224,-73],[248,-850],[297,-341],[397,-170],[894,97],[273,-122],[198,-219],[720,-268],[322,-243],[670,-49],[199,-121],[0,-195],[-249,-291],[0,-389],[198,-316],[1390,-292],[620,-438],[496,-49],[571,97],[364,-23],[293,-470],[186,-723],[0,-291],[-422,-316],[-794,-121],[-1539,-631],[-347,292],[-522,122],[-148,145],[49,268],[149,243],[-123,170],[-1067,584],[-422,146],[-1439,0],[-573,-107],[-1140,-596],[-546,-97],[-198,170],[49,194],[497,632],[99,340],[-843,414],[-298,24],[-323,-534],[-422,-195],[-670,-583],[-645,-145],[-273,24],[75,2236],[-223,705],[-1339,2018],[-1215,1410],[-968,389],[-1048,242],[-3130,21],[-1049,-130],[-2169,-981],[-471,-340],[-224,-340],[-149,-486],[-993,-1627],[173,-1459],[-174,-48],[-595,486],[-199,0],[-695,-461],[-472,-681],[0,-583],[-149,-802],[-348,-461],[-74,-438],[49,-364],[149,-389],[248,-292],[124,-510],[-596,-1093],[-621,-559],[249,-146],[297,97],[472,-170],[397,-292],[297,-340],[397,-900],[397,-218],[-273,-656],[-214,-233],[-680,-375],[-546,-534],[-372,-583],[-149,-583],[-26,-924],[63,-136],[-311,-957],[0,-268],[149,-364],[223,-268],[-125,-1360],[-149,-365],[74,-1434],[-199,-437],[-25,-705],[-372,-1239],[0,-705],[-125,-996],[-298,-632],[-224,-1312],[-50,-972],[99,-996],[298,-1361],[24,-729],[868,-1356],[190,-520],[1624,-2608],[3088,-1613],[1544,-399],[1869,-240],[4307,-1196],[2113,-319],[3393,-261],[1097,-816],[244,-100],[122,358],[345,498],[1057,238],[1869,-160],[6746,-243],[3783,73],[5590,523],[2756,434],[2257,394],[3332,714],[3415,1350],[1789,1317],[651,751],[146,427],[1,658],[234,714],[0,255],[-234,582],[-372,389],[-210,448],[-421,280],[-347,55],[-248,194],[-49,267],[-797,661],[-1258,608],[-637,834],[159,17],[302,-122],[265,-156],[177,-226],[603,-191],[177,52],[160,173],[18,278],[141,87],[213,-18],[602,-209],[266,-521],[177,-121],[461,-53],[868,138],[514,260],[869,625],[426,451],[319,451],[89,329],[-17,313],[-386,688],[-824,783],[-360,589],[-155,841],[249,735],[1170,777],[2887,2338],[398,506],[766,1367],[185,528],[72,736],[-87,446],[-285,372],[-190,714],[-15,388],[-300,791],[-190,434],[-206,171],[64,237],[-253,662],[-316,326],[-301,94],[-570,31],[-190,217],[-95,202],[48,807],[-110,434],[-285,31],[-396,202],[-364,0],[-634,-278],[0,248],[-260,455],[-638,-153],[-227,-152],[-71,-208],[-369,-125],[554,1110],[525,264],[170,333],[-127,208],[-128,56],[-42,180],[143,847],[-312,514],[-411,362],[-439,597],[340,42],[270,-84],[524,-528],[284,-42],[1362,832],[552,-320],[142,14],[522,541],[614,482],[732,755],[407,637],[1,557],[-2315,1652],[1,389],[184,111],[582,-56],[142,111],[-355,375],[-723,376],[-255,-14],[-284,-180],[-28,389],[398,319],[198,-14],[1120,-446],[270,-69],[411,27],[198,-125],[411,-598],[312,-83],[1191,-1],[426,152],[583,467],[381,639],[246,1432],[652,1592],[-34,570],[173,1969],[-608,1168],[-1126,1386],[68,48],[-259,175],[141,258],[-78,308],[257,518],[-212,255],[26,127],[-141,255],[26,187],[-202,318],[14,193],[-212,269],[-158,41],[-149,634],[-269,155],[-216,-106],[-240,179],[-7,225],[-241,259],[168,127],[-187,81],[-89,-81],[-98,315],[-144,167],[-296,79],[-86,-135],[-99,54],[34,-120],[-141,-75],[106,-215],[-151,-328],[-165,152],[52,204],[-86,211],[-166,88],[-3,115],[-51,-40],[-36,89],[58,19],[-104,30],[-13,90],[104,93],[-115,-4],[-82,175],[45,-230],[-224,222],[-9,78],[232,178],[556,193],[363,69],[296,-60],[-193,50],[-58,208],[-43,-122],[-73,60],[-1237,-431],[-115,22],[-62,185],[-156,-38],[-33,164],[75,80],[-148,-42],[-147,197],[-74,-41],[-107,274],[-49,-15],[125,-272],[-189,-308],[114,-76],[8,-100],[-1073,-386],[-109,-140],[124,-53],[-3,154],[113,46],[115,-282],[12,351],[766,224],[107,-52],[-133,-450],[-202,-272],[94,-268],[190,-167],[-22,-233],[156,-207],[160,-608],[93,-36],[115,-231],[-9,-187],[122,-229],[-138,-389],[225,-413],[-219,-379],[-926,-83],[-429,-282],[888,288],[466,33],[113,-131],[52,-331],[170,-186],[55,-332],[-46,-279],[-194,-117],[-272,195],[-259,-60],[47,-286],[249,122],[100,-278],[-11,-172],[-292,-325],[-53,-177],[69,-166],[-72,-158],[-437,298],[-385,-12],[-213,-224],[11,-276],[-794,-50],[-140,-122],[-62,-509],[-201,59],[-131,512],[0,653],[719,2131],[-83,550],[-402,164],[2,204],[-176,85],[117,35],[431,936],[-360,763],[49,237],[-95,338],[178,591],[-61,153],[125,229],[-8,804],[-104,38],[132,21],[58,547],[249,533]],[[1475497,3577119],[271,319],[86,-66],[264,215],[30,406],[-139,636],[40,1254],[-76,170],[20,292],[-32,146],[-280,33],[35,91],[73,-61],[90,292],[-71,707],[-216,744],[-226,369],[-295,172],[-564,110],[-331,-256],[-34,-289],[-217,-189],[-74,-342],[210,-136],[10,-100],[-517,-322],[57,-262],[-142,-147],[-1249,1573],[-841,616],[-467,13],[-297,132],[-123,-100],[-418,-83],[20,-145],[147,128],[67,-43],[-134,-542],[134,-140],[-65,-119],[-132,15],[-197,312],[-227,68],[-192,203],[-181,715],[25,277],[-236,291],[99,106],[325,-57],[15,142],[645,324],[1560,1483],[1265,1522],[849,1267],[244,510],[130,106],[764,1962],[199,997],[271,679],[-77,276],[228,627],[-22,173],[262,1266],[182,2145],[-11,695],[-53,194],[-180,114],[-126,1028],[-446,794],[-389,1203],[-262,236],[-83,1294],[-211,1152],[-211,282],[-368,874],[-369,507],[23,1924],[-411,528],[-77,319],[-267,3222],[-369,500],[-439,264],[-107,181],[94,1381],[-99,834],[-177,632],[88,1383],[-181,1009],[75,76],[-411,917],[-881,1190],[-116,1250],[-380,990],[-276,317],[-363,229],[-1202,446],[-1326,708],[-315,535],[-597,1814]],[[1465619,3626626],[113,596],[625,1123],[1917,4897],[2152,5036],[750,2409],[468,2458],[127,3232],[-162,1265],[-478,1347],[-307,604],[-1280,1184],[189,795],[-105,248],[54,783],[420,2149],[25,711],[183,1030],[-77,923],[70,118],[239,2554],[-8,1510],[-140,629],[10,1154],[-202,1304],[-185,706],[-672,1456],[-394,522],[-539,434],[-63,312],[-121,-40],[-128,67],[-345,659],[-378,1062],[-343,361],[-211,67],[0,107],[-1026,950],[-476,157],[-82,-85],[-458,176],[-35,-170],[-615,54],[-71,-102],[-660,36],[-30,-63],[-391,37],[-41,-69],[-538,81],[-112,-132],[-262,219],[-465,14],[-178,1204],[-192,665],[-357,338],[-146,481],[-452,597],[-191,102],[-339,584],[-206,1993],[-105,192],[-281,1740],[-514,1888],[-25,152],[122,36],[-208,631],[-310,402],[-471,883],[-123,568],[-657,1688],[-901,1344],[-631,1207],[-331,461],[-1790,2203],[-2649,2543],[-2023,1511],[-1554,1001],[-3204,1533],[-4940,1794],[-4397,1450],[-4216,1147],[-1160,574],[-1501,1010],[-863,147],[-394,239],[-415,105],[-330,437],[-458,188],[-713,31],[-96,94],[0,354],[-298,167],[-138,219],[-512,104],[1,198],[394,1156],[22,385],[106,125],[11,125],[-128,94],[21,198],[-298,31],[-149,-177],[-117,229],[-106,-31],[-192,-364],[-128,-84],[-85,177],[-224,-145],[-170,-136],[-128,-322],[-118,-125],[-106,31],[-192,-260],[-192,-52],[-212,104],[-341,427],[-724,-541],[-224,10],[-117,313],[-256,10],[-276,552],[-245,73],[-139,105],[-21,124],[-287,84],[-618,406],[10,-781],[256,-271],[21,-333],[479,-792],[266,-697],[820,-1094],[404,-219],[298,-573],[628,-198],[43,-94],[-171,-62],[-21,-94],[64,-83],[362,-11],[170,-573],[181,0],[32,177],[213,281],[384,292],[181,281],[319,52],[480,562],[106,250],[277,177],[309,10],[362,-135],[235,10],[95,-84],[96,53],[-159,145],[42,73],[618,-219],[202,-354],[191,-156],[373,-21],[21,-94],[-95,-21],[-2205,-145],[-1949,-1186],[-1278,-343],[-405,73],[-2235,2938],[-425,1072],[-203,323],[-414,2677],[-42,437],[78,396],[209,458],[320,396],[2663,2030],[5731,3733],[1726,1332],[1386,1281],[1801,2009],[938,1593],[426,843],[203,594],[11,271],[-341,468],[-74,594],[43,560],[256,752],[0,271],[-149,448],[266,583],[-52,1697],[75,167],[223,156],[5475,197],[1098,117],[1789,-1],[3121,248],[14157,1907],[4144,768],[3623,799],[3856,924],[3506,1018],[1873,225],[521,195],[1475,297],[2289,346],[967,248],[915,99],[2798,544],[2086,545],[1068,198],[1475,446],[916,148],[865,347],[864,198],[916,347],[1577,396],[3206,1389],[1221,347],[2289,942],[1501,719],[190,223],[1151,711],[558,953],[-27,321],[274,278],[-87,113],[576,519],[-44,83],[209,383],[-30,163],[1800,1818],[20,880],[281,626],[-31,509],[-327,526],[-97,591],[-127,276],[-475,819],[-132,706],[-133,298],[-133,167],[-722,168],[-114,149],[0,149],[992,327],[1207,709],[1511,1823]],[[1508732,3758351],[381,1020],[-51,1354],[-320,333],[-948,64],[-127,73],[-43,219],[107,104],[2888,672],[3309,941],[507,293],[232,636],[-33,276],[272,101],[985,203],[51,-86],[1964,398],[1628,445],[2291,430],[418,203],[-65,119],[334,215],[59,-121],[151,53],[-39,133],[976,249],[-23,-110],[3308,1302],[1967,678],[4647,1991],[5993,3241],[1067,852],[394,219],[961,873],[181,114],[416,83],[139,260],[64,489],[-180,407],[96,343],[-190,1073],[-10,469],[86,250],[362,332],[107,198],[-20,531],[-117,323],[182,760],[214,375],[-63,198],[85,385],[1046,821],[1599,695],[4053,2233],[214,177],[257,541],[175,75]],[[1550669,3786856],[571,320],[619,592],[107,219],[-10,416],[427,208],[139,468],[192,135],[1365,644],[406,301],[4101,1891],[1326,822],[382,136],[243,226],[229,-19],[326,167],[212,307],[228,6],[2804,1260],[879,538],[153,237],[-71,235],[101,-228],[175,62],[49,241],[-49,81],[-106,-24],[236,130],[-108,-96],[226,-171],[295,189],[-39,235],[-133,-46],[61,57],[210,84],[-115,-85],[144,-180],[346,146],[199,136],[-70,124],[-78,-13],[217,133],[-67,-76],[76,-109],[246,98],[101,100],[-65,162],[94,-144],[109,64],[45,135],[-73,230],[-136,-51],[229,166],[-69,-98],[97,-134],[303,13],[108,273],[-62,150],[-119,-32],[245,160],[-102,-105],[36,-46],[318,-27],[119,237],[-57,103],[-116,-18],[250,159],[-83,-104],[49,-43],[300,-26],[621,434],[726,807],[588,486],[226,324],[190,448],[748,1145],[22,395],[310,406],[139,333],[-25,366]],[[1572179,3802921],[9582,-23150],[-530,-508],[-352,-506],[-247,-655],[-503,-659],[-810,-712],[-713,-311],[-1174,-367],[-1120,-516],[-657,-661],[-98,-302],[-1058,-1317],[-506,-458],[-98,-252],[-860,-814],[-508,-307],[-860,-814],[-704,-962],[-404,-406],[-197,-554],[56,-300],[417,-445],[310,-490],[323,-754],[466,-344],[516,-193],[563,7],[260,-246],[258,-97],[615,8],[255,104],[1281,18],[617,-142],[1351,-1234],[515,-193],[1037,-787],[937,-990],[1141,-936],[362,-195],[1089,-887],[1601,-830],[1352,-1334],[95,-1791],[244,-379],[950,-1079]],[[1586973,3755181],[304,-608],[383,-1698],[473,-795],[780,-791],[210,-348],[162,-549],[43,-3006],[473,-846],[162,-549],[572,-593],[106,-249],[61,-701],[487,-1797],[38,-1244],[-95,-279],[-52,-1026],[-317,-445],[0,-114],[44,-128],[800,-836],[316,-756],[285,-1471],[274,-538],[-274,-560],[52,-290],[138,-72],[274,41],[495,207],[707,135],[242,155],[306,218],[380,590],[1233,839],[570,674],[1275,994],[1160,487],[1265,383],[781,52],[516,135],[137,-83],[148,-549],[137,-114],[1265,-114],[1065,-342],[232,-10],[303,-99],[625,-461],[559,-290],[232,93],[53,767],[326,207],[264,31],[274,-83],[914,-547],[736,-58],[-5,-69],[152,-31],[84,-286],[746,-203],[460,63],[905,-35],[-257,-1042],[-28,-276],[63,-48],[415,-21],[1291,-358],[667,-453],[303,-317],[587,0],[998,-354],[513,-50],[-151,-649],[-229,-363],[-88,-815],[-305,-870],[-42,-438],[-290,-487],[172,-778],[193,-345],[806,-798],[317,-602],[723,-237],[1590,-40],[1399,-1022],[333,-537]],[[1620194,3726689],[104,-291],[-164,-939],[-456,-388],[-379,-873],[-212,-2390]],[[1619087,3721808],[-32,-494],[-348,-490],[-1203,-294],[-121,-530],[-313,-423],[-439,-228],[-464,-390],[-228,-66],[9,-74],[683,-423],[455,-419],[707,-345],[704,-497],[435,-440],[463,-310],[986,-524],[602,-166],[653,-21],[327,-111],[300,-257],[445,6],[589,210],[446,-52],[447,-168],[739,97],[623,-21],[1567,253],[561,181],[474,6],[387,-169],[214,-432],[-140,-639],[-8,-1536],[-56,-262],[-319,-468],[-236,-148],[-737,-232],[-889,-41],[-531,-181],[-267,26],[-239,141],[-534,51],[-324,-120],[-175,-205],[-18,-870],[281,-1068],[665,-890],[689,-571],[775,-337],[42,-869],[243,-489],[989,-741],[424,-719],[391,-406],[478,-313],[303,-489],[210,-171],[565,-137],[210,-172],[122,-259],[130,-810],[239,-141],[151,-259],[747,-454],[391,-401],[80,-3708],[156,-549],[11,-869],[-144,-263],[63,-289],[211,-273],[7,-492],[-162,-1162],[22,-1622],[-131,-1248],[-20,-2916],[-111,-581],[-438,-498],[-289,-482],[-93,-1914],[-195,-901],[-516,-1282],[-463,-847],[12,-840],[-289,-583],[-306,-1424],[33,-290],[723,-889],[1020,-943],[93,-260],[37,-550],[-260,-496],[33,-260],[362,-529],[1077,-739],[623,-50],[239,-142],[151,-230],[63,-289],[391,-430],[562,65],[470,296],[327,-82],[508,-313],[944,-1929],[1181,-1898],[308,-866],[663,-832],[1170,-1115],[477,-169]],[[1640927,3665354],[134,-1134],[-317,-457],[-687,-506],[-830,-191],[-1433,-19],[-229,-138],[-600,-53],[-277,-94],[-639,-596],[-733,-462],[-1725,-34],[-1993,-343],[-1638,-501],[-191,-371],[-354,-287],[-304,-55],[-433,55],[-1079,-252],[-225,-129],[-444,-525],[-715,-362],[-115,-119],[-59,-254],[-655,-450],[-399,-669],[-709,-715],[-264,-80],[-984,121],[-416,-83],[-293,-406],[-1335,-795],[-286,-364],[-240,-642],[-528,-365],[-670,-286],[-907,-625],[-367,-54],[-881,-340],[-793,-510],[-1185,-998],[-76,-91],[-63,-522],[-456,-493],[-247,-531],[-409,-418],[-1447,-1152],[-1198,-1438],[-835,-1322],[-409,-460],[-278,-194],[-434,-112],[-347,-576],[-124,-658],[-278,-607],[-897,-1529],[-340,-445],[-907,-405],[-41,-142],[-1010,-91],[-398,-260],[-209,-236],[-62,-951],[515,-1205],[444,-615],[189,-794],[-838,-1149],[-147,-310],[12,-580],[-124,-326],[-56,-685],[112,-1121],[-455,-6],[-681,-155],[-528,-292],[-529,-553],[6,-376],[-101,-298],[-760,-1044],[45,-807],[-202,-320],[-180,-199],[-495,-238],[-321,-279],[-657,-58],[-287,-143],[-501,-564],[-511,-408],[-225,-796],[50,-740],[-118,-216],[56,-806],[130,-161],[79,-475],[-209,-458],[-337,-72],[-197,-210],[-73,-398],[-416,-983],[-141,-580],[231,-437],[11,-243],[-320,-353],[-225,-83],[-489,-437],[-383,-210],[-365,-370],[33,-1497],[220,-519],[-146,-249],[-372,-215],[-433,-884],[-290,-861],[-616,-612],[-896,-1908],[-154,-845],[-342,-251],[-663,-113],[-329,-186],[-965,-1338],[-169,-315],[-117,-1171],[-457,-1471],[-99,-926],[12,-898],[192,-1848],[1010,-2744],[507,-484],[756,-453],[563,-482],[649,-699],[427,-757],[508,-565],[1630,-1340],[399,-730],[7,-489],[-219,-275],[-388,-141],[-437,-550],[-193,-112],[-1034,368],[-560,292],[-422,376],[-868,506],[-394,321],[-615,319],[-222,-30],[-331,-195],[-273,-411],[7,-545],[-487,-1013],[-384,-358],[-916,-67],[-447,131],[-812,425],[-1631,1421],[-306,-31],[-877,-909],[-265,-983],[100,-1256],[-63,-1525],[-357,-2400],[-44,-817],[-183,-873],[10,-762],[-159,-557],[-141,-1934],[-741,-744],[-1881,-677],[-1277,-98],[-1276,-207],[-1411,-508],[-635,-308],[-704,-185]],[[1575702,3578918],[14,-320],[-220,-137],[-379,-6],[-608,-186],[-649,13],[-181,-69],[206,-1092],[11,-1307],[451,-859],[-209,-642],[-337,-267],[56,-677],[-51,-204],[-234,-89],[-35,-164],[216,-335],[21,-193],[-153,-1657],[-224,-104],[-502,-59],[-256,-149],[-279,-364],[-371,-172],[-350,80],[-605,320],[-372,693],[-1149,-189],[-526,117],[-166,-66],[29,-376]],[[1568850,3570458],[102,-38],[316,-479],[42,-266],[14,-1064],[-381,-538],[-35,-266],[4,-305],[278,-490],[4,-267],[-74,-267],[-269,-231],[-1126,-53],[-191,-192],[-71,-534],[81,-265],[8,-532],[360,-794],[85,-532],[-452,-1070],[4,-304],[552,-602],[84,-531],[-31,-533],[-457,-690],[198,-264],[782,-408],[197,-188],[278,-491],[394,-413],[7,-533],[-35,-266],[-1109,-1307],[-187,-535],[-192,-193],[160,-363],[469,-184],[392,-261],[389,-71],[160,-341],[1208,-326],[433,-451],[1214,-745],[311,-937]],[[1572766,3551338],[-740,-1860],[-541,-3088],[-281,-2247],[68,-2205],[-72,-3386],[51,-912],[370,-1566],[-112,-305],[-384,-310],[-502,-234],[-698,-47],[-502,-273],[91,-949],[163,-607],[130,-1063],[163,-530],[137,-1558],[417,-2162],[5,-430],[-109,-534],[-189,-420],[-461,-348],[-228,-422],[437,-755],[91,-949],[-110,-496],[-651,-693],[-654,-503],[-387,-81],[-1013,292],[-700,105],[-1040,-659],[-591,-506],[-487,-1150],[-311,-479],[-341,-437],[-445,-383],[-574,-810],[-152,-867],[-353,-419],[-268,-479],[-92,-934],[214,-952],[-135,-371],[-414,-276],[-1085,-102],[-286,-96],[-299,-185],[-238,-288],[-414,36],[-920,-221],[-348,-162],[-274,-215],[-274,-408],[-258,-883]],[[1557170,3511556],[-44,-518],[70,-401],[-180,-588],[-44,-561],[29,-182],[356,-453],[46,-914],[-99,-349],[-485,-696],[-42,-166],[-47,-925],[216,-432],[-905,-1381],[-652,-730],[-934,-768],[-129,-690],[-287,-287],[-444,-1089],[-129,-541],[-866,-1144],[-169,-326],[-242,-884],[11,-304],[551,-1591],[68,-657],[-129,-442],[-456,-740],[-708,-1602],[286,-592],[23,-850],[-214,-1614],[371,-986],[23,-1964],[427,-1348],[-213,-1259],[-507,-1890],[-19,-986],[-171,-1658],[-578,-102],[-721,-245],[-1147,-914],[-332,-477],[-526,-385],[-576,-291],[-89,-569],[152,-566],[64,-1182],[153,-661],[247,-423],[252,-754],[441,-562],[447,-931],[13,-994],[160,-1133],[-126,-917]],[[1549366,3467942],[-143,-743],[197,-281],[584,-324],[198,-376],[55,-520],[-420,-1165],[-33,-1136],[395,-705],[55,-472],[-89,-569],[264,-1747],[493,-799],[-702,-1759],[-204,-2894],[-539,-3130],[-236,-428],[-184,-712],[-284,-383],[-336,-146],[-331,-572],[-138,-522],[10,-804],[250,-659],[392,-469],[346,-611],[-34,-1088],[-427,-573],[-1479,-1391],[-615,-1001],[-478,-945],[-116,-483],[100,-980],[-375,-900],[-276,-365],[-486,-225],[-1073,-298],[-365,-695],[-200,-559],[6,-406],[1050,-1125],[15,-1178],[-610,-901],[-682,-1715],[-365,-654],[-191,-1222],[1217,-1244],[384,-808],[778,-2518],[93,-811],[429,-1132],[771,-2489]],[[1546037,3420310],[154,-293],[579,-470],[1850,-812],[320,-293],[57,-646],[-169,-674],[-56,-161],[-433,-491],[-17,-172],[753,-243],[546,-602],[416,-320],[444,16],[422,271],[292,55],[1277,-337],[433,-950],[473,-351],[280,-317],[57,-172],[-186,-431],[6,-248],[303,-459],[203,-1138],[197,-630],[562,-265],[416,-685],[146,-99],[1288,38],[1085,-403],[96,-149],[118,-768],[17,-790],[169,-575],[643,-774],[560,-380],[388,27],[124,-66],[460,-492],[57,-320],[382,-392],[-196,-1078],[62,-712],[-203,-785],[369,-588],[76,-261],[-48,-154],[-917,-770],[-157,-522],[289,-344],[181,-95],[1485,-284],[579,-190],[627,-332],[166,-176],[29,-367],[228,-691],[229,-173],[386,-915],[264,-310],[527,-225],[271,-549],[-340,-548],[66,-366],[164,-215],[55,-247],[-87,-635],[273,-301],[-44,-763],[241,-291],[635,-53],[164,-119],[416,-408],[362,-624],[1226,-731],[119,-253],[68,-539],[375,-597],[560,-657],[158,-448],[-349,-1476],[10,-781],[189,-448],[594,-955],[247,-147],[466,-535],[541,-1646],[282,-537],[529,-714],[494,-325],[1565,-192],[308,-146],[460,-25],[554,-264],[346,-777],[434,-385],[250,-388],[464,-355],[343,-536],[277,-147],[651,-623],[1120,-1369],[588,-564],[1174,-797],[889,-169]],[[1581833,3372732],[96269,-7859]],[[1678102,3364873],[26275,-2157]],[[1704377,3362716],[35627,-2935],[-161,498],[-37,723],[162,866],[745,604],[463,586],[215,422],[175,617],[267,354],[130,380],[869,1185],[411,328],[236,476],[-130,443],[5,333],[-315,567],[-98,1338],[170,1555],[-220,1010],[479,1242],[-13,356],[111,552],[196,323],[295,1200],[601,1005],[66,458],[204,292],[194,166],[456,26],[731,360],[673,211],[721,637],[623,836],[-43,224],[-777,1189],[-242,585],[-446,366],[-785,100],[-279,109],[-202,140],[-124,251],[-74,398],[74,1442],[363,514],[297,186],[221,545],[255,98],[-442,1184],[11,321],[252,255],[771,251],[2078,251],[979,685],[686,2],[592,-318],[684,-51],[721,23],[384,168],[503,359],[197,300],[755,491],[281,589],[198,222],[989,393],[321,670],[347,284],[281,548],[203,1385],[-100,558],[42,246],[-184,517],[-92,1209],[215,861],[437,891],[958,866],[373,638],[-408,1866],[921,1044],[240,569],[1028,1153],[105,253],[-147,232],[-387,236],[-1318,532],[-173,295],[-687,643],[-871,1210],[590,320],[1494,1628],[150,-8],[347,386],[34,437],[438,414],[356,136],[547,-156],[525,4],[331,55],[346,226],[495,469],[206,599],[-82,143],[271,240],[-148,323],[-205,200],[21,138],[-173,243],[-43,376],[-519,42],[-546,382],[-115,285],[-12,581],[-77,195],[107,122],[-94,366],[-261,213],[-205,583],[-347,172],[-224,373],[240,197],[110,217],[291,115],[284,593],[5,512],[-219,351],[373,569],[28,165],[-232,1425],[-215,394],[125,595],[-44,662],[646,122],[381,188],[261,4],[422,245],[431,460],[114,428],[231,264],[4,265],[93,199],[371,176],[363,483],[31,330],[149,254],[337,190],[24,700],[-392,1770],[33,265],[293,348],[10,222],[-433,612],[24,605],[-427,375],[-180,650],[-326,558],[-35,409],[122,635],[385,143],[618,55],[189,162],[171,418],[892,506],[369,357],[215,-21],[177,76],[546,647],[317,171],[3,742],[118,131],[1063,-43],[497,-247],[742,-43],[336,-106],[425,-395],[259,-90],[426,-421],[281,-929],[155,-276],[179,-127],[487,-140],[297,-406],[556,-308],[329,-577],[390,-231],[532,-834],[1312,-1376],[435,-313],[340,-363],[1012,-511],[549,-479],[201,-330],[676,-652],[291,-185],[1630,238],[723,-26],[1993,-297],[589,538],[278,138],[2016,576],[342,-67],[639,-429],[380,-45],[223,240],[410,228],[705,2294],[301,645],[244,175],[982,334],[245,158]],[[1791179,3432452],[286,141],[232,-53],[783,-971],[732,-250],[1154,-173],[744,-250],[778,0],[574,176],[278,-10],[732,-417],[72,-830],[284,-117],[178,-248],[368,-42],[442,-334],[1760,168],[626,-377],[305,10],[815,-193],[402,-398],[932,87],[775,-154],[2369,-62],[354,200],[928,80],[1206,651],[509,-71],[373,127],[320,-246],[313,15],[193,68],[470,527],[223,480],[331,202]],[[1812020,3430188],[148,412],[-6,608],[-286,942],[-5,439],[-246,470],[133,441],[342,307],[721,176],[657,-196],[618,108],[685,412],[784,751],[304,577],[581,479],[824,211],[685,412],[1639,1334],[913,1562],[612,783],[752,6],[581,314],[666,14],[291,-34],[850,-377],[667,-188],[291,1],[532,85],[664,881],[130,867],[217,358],[35,320],[-255,296],[-391,736],[-306,973],[-122,142],[-509,224],[-280,213],[-85,118],[48,238],[144,155],[194,48],[1321,40],[1089,372],[145,167],[-50,546],[-195,332],[-487,485],[-294,1056],[118,785],[144,392],[242,310],[119,380],[-86,404],[83,475],[-49,155],[-218,201],[-245,617],[119,511],[458,761],[1159,1258],[840,426],[480,118],[253,191],[157,357],[-63,665],[71,297],[302,370],[739,216],[181,167],[457,1106],[58,558],[-97,202],[-862,413],[-146,142],[-111,403],[-1,452],[143,511],[338,643],[616,619],[-50,297],[-207,380],[-14,522],[-658,853],[-61,178],[-14,689],[-99,392],[23,309],[532,595],[94,678],[590,1083],[399,345],[496,216],[2085,31],[1054,157],[400,-69],[1323,-459],[401,-177],[1024,-721],[1187,-424],[728,-141],[1019,106],[1120,757],[476,613],[643,532],[974,1124],[227,490],[641,1000],[134,427]],[[1846432,3472692],[461,2000],[1015,1063],[350,1000],[-23,713],[123,713],[-211,856],[-147,244],[98,1997],[226,632],[20,367],[351,715],[82,489],[413,674],[394,449],[1370,616],[332,286],[996,574],[1224,1003],[1284,1593],[764,1836],[143,735],[-3,917],[-189,386],[-337,1303],[-209,326],[-730,772],[-730,446],[-1460,1279],[-335,549],[18,835],[144,694],[372,510],[605,551],[910,632],[90,181],[437,422]],[[1854280,3501050],[1420,-670],[2172,-628],[983,-899],[731,-426],[1691,-1348],[595,-269],[617,-225],[869,-135],[845,158],[777,247],[778,718],[320,494],[137,360],[5,297],[142,133],[290,1184],[-150,927],[15,512],[322,1083],[2087,220],[613,244],[481,342],[58,366],[-647,1668],[-12,1289],[905,1231],[1131,623],[1462,590],[1318,337],[4366,116],[2597,889],[765,547],[1466,123],[956,-134],[659,186],[1712,1240],[582,545],[397,615],[574,1228],[10,1276],[-157,427],[7,706],[-130,569],[50,223],[277,371],[365,816],[-25,791],[323,474],[563,255],[416,343],[261,377],[394,895],[144,591],[-16,753],[-80,309],[-261,439],[-16,288],[213,1485],[218,356],[604,437],[533,601]],[[1892002,3527610],[35,143],[285,-12],[217,326],[168,1548],[-8,755],[-374,680],[-1690,90],[-518,366],[-238,1651],[424,1053]],[[1890303,3534210],[63,-286],[172,-173],[485,158],[522,-278],[1038,112],[147,-101],[221,-569],[282,-194],[482,218],[154,307],[333,193],[220,292],[471,339],[477,-82],[490,158],[355,-363],[285,-574],[173,-107],[446,208],[531,461],[303,90],[454,-2],[135,770],[271,253],[353,150],[143,231],[954,428],[47,769],[404,443],[388,-45],[498,245],[825,-53],[341,168],[260,35],[103,189],[446,112],[187,474],[839,898],[-42,194],[-340,277],[-99,391],[167,301],[62,564],[452,598],[177,422],[506,543],[437,251],[266,391],[1167,748],[174,463],[66,694],[291,202],[52,123],[93,734],[574,307],[160,698],[732,26],[597,-91],[408,122],[154,474],[10,1108],[170,339],[229,225],[515,191],[633,-29],[1004,123],[708,313],[440,94],[523,-72],[304,-228],[269,51],[655,482],[408,555],[526,536],[97,-106],[188,129],[199,348],[151,-96],[65,115],[-122,68],[348,362],[-17,491],[279,562],[-108,283],[94,625],[325,540],[-17,1111],[311,461],[1130,557],[77,230],[-50,498],[108,149],[3,196],[-128,464],[-191,184],[-695,206],[-394,-6],[-178,282],[-750,110],[-137,180],[-100,389],[-295,351],[-684,339],[-39,226],[191,465],[79,575],[144,265],[496,445],[639,48],[303,257],[619,235],[227,182],[102,365],[207,233],[1108,232],[264,152],[167,527],[615,216],[102,1321],[585,656],[306,820],[727,343],[290,226],[160,318],[834,116],[2,480],[87,118],[162,-24],[644,-591],[138,-343],[-11,-674],[488,-375],[64,-303],[345,69],[655,-147],[229,-422],[538,-441],[1375,-193],[575,-222],[770,313],[134,-25],[107,-241],[1004,159],[369,-710],[-72,-596],[46,-459],[537,-284],[-219,-224],[-17,-202],[1436,-923],[682,-79],[294,90],[629,746],[503,0],[183,101],[508,700],[1507,29],[426,175],[275,397],[222,163],[721,66]],[[1940020,3564577],[528,157],[1038,-129],[382,150],[610,544],[260,93],[1007,-672],[105,-127],[-34,-413],[67,-84],[716,-159],[876,23],[299,97],[645,10],[690,440],[205,0],[371,-270],[363,-4],[1386,676],[788,14],[532,-284],[370,-532],[52,-658],[-318,-1189],[114,-308],[451,-578],[466,-355],[455,-98],[428,33],[797,256],[423,308],[579,798],[1057,1144],[995,481],[773,253],[317,211],[423,-129],[190,69],[386,318],[637,318],[561,457],[1078,1482],[173,363],[150,785],[31,1056],[147,478],[224,159],[487,0],[649,-379],[216,-1094],[441,-554],[641,-129],[1036,274],[278,-145],[124,-1609],[-2,-1073],[193,-334],[1561,-8],[649,-205],[1256,-142],[773,-285],[1072,-705],[1434,10],[575,-196],[519,-434],[800,-434],[718,-580],[253,-140],[282,-20],[365,209],[297,434],[89,498],[121,136],[90,341],[347,647],[124,102],[867,-178],[1234,693],[1035,213],[1275,-26],[727,343],[382,269],[1147,1128],[735,1583],[1200,1798],[848,351],[656,403],[1039,297],[547,269],[985,29],[2245,-155],[629,28],[1421,1128],[1176,378],[629,109],[711,430],[764,913],[520,376],[190,456],[464,564],[492,215],[603,-132],[768,-910],[1536,-1444],[466,-347],[385,-428],[356,-214],[438,-26],[875,217],[1451,-24],[466,-374],[165,-295],[739,-105],[821,28],[1890,-532],[985,-52],[465,243],[328,509],[52,965],[709,1181],[-1,536],[245,697],[655,805],[273,483],[1257,1155],[303,696]],[[2015349,3578192],[457,1015],[198,241],[437,161],[1473,205],[499,229],[253,263],[1013,1649],[872,349],[553,519],[106,372],[-92,466],[9,810],[329,876],[472,559],[1222,820],[300,400],[228,661],[105,640],[415,1079],[937,1564],[683,737],[650,1089],[234,1441],[206,174],[712,84],[703,236],[439,309],[267,324],[464,1207],[-801,550],[42,106],[225,42],[-2,105],[-431,148],[-243,-158],[-52,135],[-111,-33],[106,272],[-106,218],[87,23],[238,480],[280,250],[31,363],[208,178],[43,149],[-146,360],[169,385],[-21,284],[226,530],[-10,518],[-666,2279],[122,464],[122,1857],[809,1078],[1270,397],[4210,263],[3760,-36],[968,-577]],[[1846577,3024237],[-514,-114],[-875,184],[-1140,8],[-452,209],[-633,106],[-168,-100],[-166,14],[-67,-136],[41,-289],[-81,-149],[-1077,-44],[-613,314],[-591,-48],[-284,208],[-278,491],[-599,16],[-1836,605],[-896,-519],[-179,755],[-105,70],[-1685,-89],[-235,150],[-1659,393],[251,-500],[433,-358],[-137,-392],[-67,-969],[39,-730],[178,-269],[-306,-945],[119,-57],[79,-488],[-468,-470],[-231,-615],[577,-364],[-1217,-710],[-113,-110],[-76,-351],[-167,-244],[-335,-43],[-54,-97],[-674,-311],[-274,71],[-83,419],[-778,271],[-420,444],[-2220,571],[-582,234],[-222,-31],[182,-25],[-158,-489],[-200,75],[-7,261],[-189,30],[-300,-320],[-208,-59],[-901,304],[-246,-6],[-67,-67],[-121,61],[-263,-170],[-114,138],[-130,-52],[-91,153],[-357,-67],[-41,180],[-418,168],[-368,370],[-691,182],[-360,-35],[-394,281],[-440,186],[-167,343],[-338,-9],[-784,466],[-288,908],[-328,203],[45,108],[-421,123],[-119,197]],[[1817455,3023666],[287,1136],[400,1115],[-254,-28],[-508,-250],[-1139,341],[-97,-52],[-239,-568],[-584,-299],[-154,-211],[-171,22],[-116,313],[-57,691],[-724,343],[-195,-156],[-199,276],[-199,91],[-56,-114],[-228,47],[-120,303],[-311,249],[-738,25],[-34,-86],[68,-61],[-91,-122],[-75,96],[-479,-426],[-349,2],[-204,136],[-459,-161],[-313,206],[-414,121],[-1128,-151],[-1096,-513],[-1296,-234],[-1035,44],[-573,159],[-652,-122],[-122,-73],[156,-671],[536,-609],[-47,-773],[66,-210],[-365,107],[-245,-585],[-161,-186],[-281,23],[-532,-262],[-410,-408],[-228,-117],[-167,-455],[-542,-458],[140,-227],[76,-400],[317,-102],[52,-164],[199,-200],[-52,-111],[56,-135],[-246,-132],[-241,-309],[-500,-130],[-63,49],[-56,-92],[-309,-56],[-161,-122],[-676,-80],[-60,-124],[-410,-92],[40,-128],[-92,82],[-219,-66],[-238,57],[-147,-107],[-564,76]],[[1798427,3018638],[-1033,-32],[-275,-271],[-530,353],[-361,24],[-713,-158],[-470,-279],[-249,84],[-210,-139],[-372,-524],[-373,-327],[-911,-449],[-971,-321],[-435,326],[-352,413],[-341,142],[-386,-29],[-489,-234],[-906,-848]],[[1789050,3016369],[-159,76],[-194,535],[-410,758],[134,747],[-97,260],[202,792],[-12,581],[-144,342],[-464,683],[-246,569],[-276,944],[64,448],[-728,644],[-678,1152],[-747,18],[-695,298]],[[1784600,3025216],[-27,90],[-441,193],[-497,1277],[-264,467],[-837,462],[-256,379],[58,423],[573,700],[328,190],[236,502],[-331,603],[-285,1283],[-290,404],[-5,161],[311,552],[75,465],[-275,355],[-193,442],[-21,265],[-374,548],[338,1142],[-66,958],[-161,739],[-737,960],[-188,475],[-547,203],[-354,-156],[-341,26],[-7,628],[390,1378],[-121,361],[161,306],[-53,132],[-414,247],[-14,106],[309,148],[251,283],[122,814],[-146,216],[-485,62]],[[1780022,3044005],[-17,956],[-135,659],[171,1332],[152,239],[145,1244],[171,341],[-16,935],[129,774],[77,163],[364,208],[24,225],[-135,470],[-373,327],[3,660],[-96,434],[50,316],[-161,250],[278,535],[63,416],[-371,1105],[60,353],[-88,124],[243,219],[113,408],[-107,678],[-213,179],[-232,778],[-328,410],[129,507],[-42,839],[-235,301],[-255,176],[-46,220],[-296,315],[-157,432],[-1172,779],[-131,518],[-44,623],[85,319],[-231,527],[66,552],[162,275],[662,444],[82,183],[-182,399],[-409,184],[-14,366],[-329,613],[-149,630],[202,331],[-8,285],[277,631],[627,148],[521,259],[-305,541],[-45,801],[172,63],[16,146],[-373,675],[17,408],[-247,1159],[-247,151]],[[1777894,3073543],[34,426],[-144,342],[6,338],[704,668],[-33,97],[171,177],[5,148],[152,223],[23,499],[78,51],[-43,98],[199,-21],[396,172],[298,-31],[505,201],[230,-116],[372,144],[9,211],[343,-47],[-43,92],[323,-58],[249,-242],[379,116],[212,-165],[-41,-122],[255,-190],[276,-83],[86,478],[169,6],[135,136],[976,-756],[217,-99],[215,92],[343,-205],[469,488],[608,80],[366,244],[528,-476],[57,-232],[151,-148],[564,177],[522,-94],[353,84],[409,-39],[397,150],[299,442],[164,-59],[1010,226],[799,328],[579,-173]],[[1792225,3077121],[817,-698],[198,-780],[37,-1078],[174,-475],[687,-746],[596,-218],[292,-596],[1231,-1805],[154,-1127],[-14,-657],[-145,-842],[173,-316],[144,-732],[633,-1031],[-8,-548],[596,-557],[358,-2],[355,-432],[670,-590],[457,-746],[754,-843],[377,-148],[601,-5],[190,-72],[496,-863],[237,-263],[619,-107],[148,-128],[946,-268],[554,-304],[315,-332],[234,56],[395,314],[221,66],[439,-222],[409,8],[447,-170],[711,-116],[343,48],[929,405],[138,-185],[272,-160],[695,-46],[146,-202],[77,-311],[1007,-898],[304,44],[652,-89],[837,-450],[2446,586],[761,318],[311,9],[327,-204],[689,10],[304,-125],[879,435],[446,77],[206,164],[706,-174],[514,-2],[139,77],[124,-134],[184,101],[273,2],[304,368],[287,19],[163,140],[346,46],[567,-273],[1798,99],[528,-266],[-207,-284],[319,-188],[8,-206],[269,-232],[582,-209],[228,11],[144,-118],[292,7],[80,-137],[280,13],[165,-231],[242,18],[313,-136],[351,65],[279,-355],[283,-57],[176,-187],[291,76],[83,-127],[309,-110],[235,-245],[210,-89],[144,-289],[154,-91],[79,82],[505,-779],[200,46],[261,321],[179,-14],[245,209],[176,27],[751,-390],[-42,-147],[299,-644],[-112,-710],[503,-600],[96,-520],[392,-624],[236,-165],[222,205],[809,183]],[[1835454,3052556],[228,-14],[24,65],[-69,335],[231,575],[-83,367],[208,182],[173,717],[185,389],[201,285],[984,547],[369,512],[-6,-292],[451,-258],[947,-380],[797,-40],[624,-752],[141,-79],[536,-1],[301,231]],[[1841696,3054945],[114,-32],[14,-214],[266,-264],[187,107],[67,-98],[-368,-352],[207,-291],[-393,-433],[44,-311],[213,-407],[141,-118],[460,50],[67,-599],[208,-387],[36,-312],[77,-31],[123,217],[153,-52],[39,-385],[229,-365],[90,-583],[-112,-67],[-108,-284],[318,-79],[506,-479],[49,-166],[-388,-939],[-539,-275],[-225,-475],[119,-220],[658,-257],[250,-258],[219,-599],[222,-181],[44,-211],[180,-178],[-56,-252],[-85,-62],[74,-175],[-46,-216],[320,-396],[726,-473],[294,-308],[223,-539],[118,-104],[-55,-160],[-206,-73],[-9,-126],[399,-581],[800,-430],[169,12],[-155,-408],[649,-174],[157,-350],[697,-837],[639,-485],[380,-180],[93,-206],[-180,-563],[261,-755],[189,-208],[-172,-180],[-153,71],[-288,-248],[-725,-249],[-127,-190],[15,-109],[171,-85],[-399,-327],[-152,-29],[-29,60],[-77,-205],[55,-188],[-184,-106],[-78,63],[-233,-246],[-358,281],[-157,-61],[-466,75],[-251,269],[-165,59],[-1381,-605],[-98,59],[-174,-66],[-310,-244],[103,-171],[96,131],[268,-166],[-50,-64],[117,-88],[-145,-104],[92,-154],[167,291],[142,7],[531,-282],[-146,-233],[105,-173],[-402,-121],[-7,-71],[176,-96],[-136,-199],[95,-238],[-317,-128],[19,-62],[-168,-93],[13,-185],[133,-16],[-253,-468],[16,-246],[-207,-283],[45,-475],[286,-177],[472,-579],[691,-300],[-15,-116],[244,-200],[-93,-10],[7,-449],[168,-198],[-145,-293],[137,-97],[-2,-178],[-322,-258],[-15,-252]],[[1846223,3028373],[128,-253],[-77,-432],[26,-389],[845,-1017],[-302,-580],[101,-318],[-115,-39],[-70,-227],[-423,-528],[241,-353]],[[1867029,2940339],[403,-103],[424,-306],[278,224],[206,-51],[90,-224],[-327,-530],[27,-162],[131,-102],[201,40],[275,315],[285,67],[42,323],[179,151],[77,187],[264,-242],[97,4],[43,151],[97,9],[485,-386],[707,-102],[271,-382],[427,-221],[126,-222],[610,-582],[664,-6],[302,-173],[373,-431],[221,-534],[797,-417],[705,-1109],[239,-114],[581,-55],[162,-109],[370,-517],[353,-208],[262,0],[1806,437],[513,-104],[404,53],[424,-53],[594,295],[1219,84],[475,244],[551,-9],[521,166],[278,-71],[210,-150],[61,-391],[183,-392],[219,-78],[413,184],[1014,841],[284,106],[355,5],[192,-100],[43,-408],[192,-262],[140,-448],[155,33],[-51,264],[286,-60],[242,-156],[336,-443],[526,-392],[522,206],[276,-140],[315,39],[412,-136],[420,292],[323,105],[469,-34],[273,62],[240,-148],[255,155],[424,-426],[165,-13],[542,306],[519,88],[88,-277],[186,-227],[-189,-302],[172,-231],[192,-41],[438,222],[200,-278],[415,-75],[516,-266],[68,42],[20,335],[200,89],[184,241],[209,-327],[22,-455],[424,-368],[2,-264],[364,-78],[319,-277],[63,-152],[-82,-333],[225,-17],[297,214],[172,-25],[93,-244],[-144,-266],[127,-92],[-31,-175],[85,-74],[336,41],[341,250],[429,113],[124,164],[616,-153],[542,235],[556,80],[-2,216],[209,264],[-15,750],[412,-184],[118,-456],[200,-145],[94,184],[-130,176],[12,133],[1240,-320],[223,108],[16,324],[113,-38],[106,-208],[147,172],[185,-89],[148,47],[23,-195],[222,157],[231,-21],[323,257]],[[1905670,2932234],[85,-4],[313,-378],[164,-7],[181,-404],[295,-64],[545,-674],[-149,-559],[144,-305],[57,-397],[225,-260],[639,-440],[66,-152],[0,-536],[-160,-513],[893,-176],[343,-146],[870,94],[268,-165],[173,-645]],[[1910622,2926503],[-1155,73],[-291,-413],[-450,-291],[-445,-168],[-624,28],[-296,-165],[-368,-59],[-502,-434],[-746,-5],[-419,-390],[-72,-453],[-216,-96],[-225,-459],[-713,-753],[-37,-302],[85,-244],[-179,-300],[3,-628],[-359,-670],[-169,-786],[-158,-42],[-219,407],[-187,18],[-88,-258],[-162,-120],[2,-187],[-287,26],[-33,-160],[-461,-236],[156,-547],[-272,-264],[-139,-267],[-153,-102],[-222,144],[-89,-40],[227,-360],[-23,-107],[-236,-134],[10,-296],[-283,-232],[-307,119],[-68,-268],[-456,-173],[-24,-472],[-199,-31],[-307,243],[-205,-217],[-111,-484],[247,-353],[-90,-114],[-285,12],[-35,-126],[239,-262],[-355,-179],[-525,-636],[163,-211],[-39,-252],[257,-565],[-444,-156],[350,-250],[-3,-421],[-114,-147],[-683,-200],[226,-368],[-182,-788],[-497,117],[-14,-284],[-241,-194],[61,307],[-294,-109],[52,-361],[627,-1093],[24,-196],[-65,-69],[-267,31],[-168,-80],[-242,-326],[-232,-683],[-158,-113],[-283,-24],[-44,-502],[-664,-754],[-246,-425],[-201,-691],[-530,41],[-302,-413],[-701,-191],[-394,-259],[-1002,-5],[-1303,-988],[-965,-64],[-1004,-666],[-556,-483],[-244,-107],[-1102,107],[-1175,-264],[-303,-187],[-566,-693],[-299,-252],[-960,-469],[-1141,-148],[-1002,-749],[-195,-283],[-295,-205],[-381,212],[-200,4],[-933,-599],[-230,-43],[-381,78],[-118,-445],[-1529,-111],[-359,-332],[-342,-561],[-176,-55],[-444,100],[-183,-31],[-494,-759],[-1060,-496],[-373,-350],[-672,-400],[-578,-100],[-689,106],[-417,224],[-418,-170],[-445,283],[-153,3],[-950,-593],[-574,-204],[-214,-160],[-309,-423],[-360,-1114],[-129,-114],[-387,-110],[-346,-674],[-485,-257],[-41,-520],[-238,-410],[-78,-370],[-333,-274],[-1018,-544],[-156,-166],[-34,-777],[-194,-627],[95,-628],[-166,-740],[112,-394],[519,-657],[58,-216],[-68,-214],[-349,-490],[-7,-611],[-201,-753],[51,-818],[204,-330],[48,-260],[-48,-330],[-326,-524],[114,-854]],[[1825544,2888845],[-95,341],[-22,1053],[-164,950],[341,529],[280,664],[45,1451],[768,1204],[227,721],[-55,1261],[-185,325],[-296,142],[-166,218],[-98,410],[34,421],[87,161],[511,264],[890,1018],[-9,236],[-236,429],[397,415],[62,188],[-31,604],[262,178],[59,204],[-106,188],[-373,230],[-37,152],[220,958],[59,762],[-29,323],[-227,636],[346,523],[93,1577],[-113,348],[-364,300],[99,506],[-229,482],[64,640],[-32,1088],[-282,457],[110,335],[-35,134],[-430,568],[-64,217],[297,1443],[-50,999],[259,926],[3,277],[-93,137],[-419,-69],[-29,152],[166,448],[424,337],[410,-54],[512,-337],[261,14],[410,920],[320,234],[747,172],[529,868],[67,394],[-317,414],[0,129],[451,311],[93,203],[-67,151],[-305,172],[131,417],[-279,80],[-85,211],[117,237],[511,394],[44,334],[212,474],[-58,1257],[788,674],[360,869],[-360,1025],[-143,831],[61,286],[278,305]],[[1832066,2928291],[262,203],[203,384],[364,314],[714,1041],[556,439],[319,118],[511,-125],[632,173],[435,-15],[733,-605],[312,-63],[586,92],[182,-241],[911,-671],[429,112],[513,-447],[907,-188],[289,107],[252,443],[267,203],[52,173],[910,229],[477,454],[1894,410],[349,345],[917,28],[135,173],[466,222],[214,258],[180,395],[267,266],[-22,598],[225,277],[15,129],[-180,232],[-436,178],[-458,561],[-568,491],[-154,217],[-312,872],[34,812],[267,476],[165,1266],[-64,1022],[-139,510],[425,472],[297,118],[496,370],[823,856],[860,277],[440,332],[161,495],[-105,409],[64,288],[300,70],[64,155],[-93,321],[199,319],[75,579],[-177,493],[219,390],[-343,771],[-162,139],[-454,165],[-469,889],[-297,136],[27,661],[-343,428],[-155,535]],[[1847529,2949827],[-154,219],[-21,274],[652,576],[295,1181],[158,95],[255,12],[336,537],[161,64],[1008,-32],[133,43],[373,370],[825,-95],[291,-346],[308,-123],[400,-358],[187,12],[246,-163],[-16,-310],[219,-414],[509,-326],[267,-95],[389,24],[433,-286],[210,-32],[465,338],[106,-12],[24,-318],[-194,-258],[190,-334],[328,-92],[578,0],[393,-214],[186,194],[376,-4],[178,112],[93,-342],[449,-163],[-48,-378],[-150,-119],[-461,-91],[-4,-370],[-304,-366],[-40,-306],[133,-187],[797,-429],[-89,-698],[-146,-254],[211,-317],[136,-20],[68,103],[34,498],[462,-137],[442,94],[150,-90],[27,-107],[-387,-458],[-34,-845],[-541,0],[-405,-418],[-728,-4],[-58,-170],[170,-461],[126,-23],[181,220],[258,-23],[1054,344],[511,-107],[336,-381],[320,-174],[150,-357],[285,-187],[4,-147],[-402,-341],[35,-257],[289,-335],[290,-141],[508,-124],[116,80],[108,-57],[80,-400],[-102,-416],[554,-420],[-61,-217],[106,-85],[359,-46],[493,-256],[210,16],[251,231],[418,186],[215,336],[186,88],[571,-164],[638,-373],[336,-459],[299,-154],[418,-7],[299,360],[190,98]],[[1668693,3187780],[-9,-223],[180,-333],[531,-509],[610,-115],[620,140],[552,-71],[1307,-914],[388,-504],[97,-400],[278,-564],[1000,-387],[305,-657],[-44,-313],[375,-105],[437,-258],[727,-51],[386,-558],[515,-164],[203,-289],[420,-128],[625,-28],[70,-151],[-2,-737],[286,-535],[146,-125],[-42,-532],[131,-138],[351,-980],[607,-553],[625,-402],[18,-130],[-133,-297],[201,-62],[122,-429],[-67,-348],[122,-274],[922,-1436],[263,-330],[651,-558],[76,-639],[528,-1241],[-31,-310],[-179,-415],[91,-411],[362,-656],[719,-529],[533,-1354],[30,-369],[-104,-710],[-346,-335],[-55,-253],[-569,-161],[-173,-267],[10,-165],[238,-272],[84,-389],[-30,-515],[142,-306],[-49,-289],[-1010,-760],[-516,-652],[-103,-244],[223,-1269],[298,-905],[50,-696],[719,13],[2448,-360],[1301,-602],[468,-300],[631,-69],[1649,-689],[517,-282],[597,-525]],[[1691016,3156406],[-391,-843],[392,-1060],[540,-906],[550,-568],[-89,-248]],[[1692018,3152781],[-345,-41],[23,-324],[-257,-801],[-91,-970],[-200,-481],[274,-786],[329,-242],[-74,-858],[-79,-224],[-548,-621],[-132,-581],[-435,-1058],[-27,-207],[183,-602],[-342,-729],[-65,-1139],[-507,-1241],[-358,-467],[-33,-190],[625,-2057],[361,-318],[-395,-367],[-682,-929],[-24,-302],[174,-1219],[-113,-772],[-601,-995],[-763,-701],[-563,-912],[-19,-991],[-315,-659],[134,-487],[-54,-1599],[-639,-1267],[269,-1107],[-66,-860],[53,-297],[-755,-120],[-195,-122],[-346,-414],[-173,-403],[-256,-297],[-261,-887],[-492,-1005],[-94,-412],[233,-444],[92,-765],[-322,-630],[-347,-372],[-51,-188],[379,-1159],[-482,-974],[68,-549],[215,-445],[-310,-469],[-756,-573]],[[1682863,3115152],[-1290,168],[-1728,-4],[-903,282],[-1620,200]],[[1677322,3115798],[-74,177],[-205,81],[-2398,549],[-1102,1303],[-708,2641],[-540,1152],[-166,942],[-21,1216],[-133,567],[-373,349],[33,1151],[-937,459],[-458,-287],[-1000,-179],[-1347,-28],[-409,-363],[-272,24],[-607,783],[-197,477],[-17,1275],[-547,350],[-393,529],[-1120,684],[-498,-101],[-1036,-635],[-253,-63],[-292,100],[-652,413],[-472,18],[-625,144],[-531,974],[-290,269],[-1527,2010],[-210,74],[-547,6],[-1028,330],[-1146,570],[-53,330],[399,277],[-180,318],[64,609],[-681,511],[-678,694],[-355,20],[-420,-362],[-279,-57],[-430,416],[-837,233],[-324,294],[-1019,552],[-248,226],[-550,-54],[-451,230],[-445,98],[-327,269],[56,512],[-320,443],[-339,767],[-614,470],[-748,290]],[[1646445,3140845],[-221,642],[-414,471],[432,731],[15,870],[305,863],[490,658],[116,489],[-200,711],[-628,1119],[1463,1692],[287,481],[268,217],[177,396],[0,172],[-565,307],[-43,196],[82,666],[-223,236],[-387,695],[-337,354],[-2014,585],[-825,161],[-114,110],[-114,1947],[-244,383],[139,288],[69,588],[-240,1520],[200,386],[518,638],[30,170],[-217,140],[-944,259],[-166,373],[-176,186],[-1624,429],[-913,538],[-428,117],[-122,223],[14,359],[1164,1885],[515,459],[528,941],[118,429],[149,136],[1470,405],[716,-265],[181,304],[375,240],[409,490],[440,322],[887,13],[495,258],[512,88],[617,-8],[592,-164],[410,-12],[893,187],[641,607],[398,789],[245,251],[239,124],[1647,428],[292,500],[-258,423],[67,856],[1293,2077],[631,292],[1048,-283],[363,99],[199,-139],[355,18],[316,267],[467,241],[510,-168],[570,4],[689,-174],[219,468],[506,612],[1158,413],[1765,244],[446,406],[1114,760],[547,541],[108,243],[57,1010],[153,362],[966,771],[942,34],[672,-115],[880,295],[1064,144],[543,348],[166,253],[323,183],[-45,58],[-451,81],[-620,-150],[-183,-157],[-293,47],[-251,611],[-255,170],[-317,-34],[-272,-328],[138,-477],[-169,-385],[-792,353],[-459,461],[87,490],[318,9],[323,654],[-26,172],[-339,9],[-127,111],[138,453],[-19,421],[161,185],[270,-148],[96,34],[29,125],[-534,767],[-61,488],[-469,56],[-34,308],[365,642],[403,-137],[181,101],[-176,608],[225,196],[-57,498],[48,264],[157,121]],[[1993710,3080554],[11,-1323],[-153,-439],[-33,-589],[52,-93],[247,-48],[305,-273],[-195,-140],[-490,-173],[-278,92],[-218,263],[-418,-94],[-345,58],[-482,-180],[-916,208],[-287,-429],[-50,-433],[-477,143],[-148,-98],[-98,-328],[-104,-86],[-625,61],[-232,-189],[-1005,38],[-198,-119],[-342,-536],[-803,-106],[-89,-184],[3,-367],[-285,-408],[-499,-272],[-92,-390],[-400,-4],[-656,-403],[-508,42],[-442,-165],[-407,-41],[-669,307],[-815,-255],[-349,-23],[-570,248],[-404,8],[-139,142],[-66,261],[-171,43],[-533,-349],[-517,-19],[-723,-409],[-201,-409],[-24,-264],[-427,-263],[-516,-154],[-484,441],[-414,-1060],[-31,-296],[34,-369],[202,-22],[67,-505],[202,-102],[98,-618],[-592,-120],[-740,-30],[-364,-157],[-68,-245],[-370,-10],[-187,-133],[-194,93],[-281,-1],[-307,376],[-421,145],[-943,-83],[-228,-192],[-281,-97],[-846,-132],[-106,-318],[-159,-119],[92,-214],[-19,-341],[436,-397],[-573,-1318],[-175,-153],[-362,-97],[-119,-136],[-629,34],[-537,-111],[-741,-388],[-426,114],[-983,-143],[-212,-164],[-731,-275],[-91,-550],[-270,-224],[-442,509],[-171,-580],[-662,-199],[-98,-319],[-497,-172],[-170,-145],[-118,-943],[-425,52],[-322,208],[-191,-52],[-392,124],[-423,-24],[-387,224],[-463,-136],[-321,61],[-697,-52],[-249,-90],[-322,46],[-157,101],[-130,-29],[-703,-550],[-435,-550],[-602,-258],[-64,-277],[56,-1184],[203,-466],[-404,-625],[-621,-630],[-161,-462],[-298,-285],[-37,-807],[103,-248],[-35,-126],[-148,46]],[[1955393,3056658],[-1398,2259],[-1482,1112],[-63,354],[-459,943],[-124,531],[-737,1945],[81,1154],[-215,530],[-273,353],[-576,498],[-360,-121],[-56,-533],[-327,-533],[-893,-1013],[-388,-358],[-1228,-601],[-237,-445],[39,-1152],[183,-294],[33,-444],[-296,-623],[-26,-502],[-176,-475],[-450,-210],[-600,-152],[-177,-445],[-299,-239],[-779,-242],[-237,-564],[4,-473],[187,-796],[-743,-1129],[-657,-537],[-1653,-161],[-904,289],[-859,605]],[[1939248,3055189],[26,626],[273,776],[74,542],[295,543],[-10,1388],[-303,500],[-243,238],[-605,290],[103,190],[820,594],[-10,356],[358,825],[-93,32],[4,141],[-63,16],[-314,-254],[-340,-29],[-720,530],[-68,122],[310,308],[198,432],[-96,181],[477,231],[328,-54],[984,-717],[1153,-673],[336,-113],[124,95],[72,354],[532,357],[393,423],[-38,160],[-105,77],[-380,22],[-229,480],[201,115],[419,-46],[370,517],[395,-165],[-315,1014],[-92,615],[-176,230],[-7,723],[-519,412],[-24,95],[207,305],[59,508],[336,432],[13,442],[185,250],[342,263],[54,476],[543,606],[-16,333],[-232,312],[410,295],[18,117],[-147,293],[-655,19],[-270,105],[-241,410],[72,295],[429,16],[217,833],[-186,463],[-89,508],[-727,187],[-168,129],[10,615],[-102,325],[90,491],[153,203],[870,382],[248,824],[412,591],[557,278],[1341,-62],[590,489],[1105,202],[638,294],[488,24],[153,139],[79,306],[8,581],[-517,285],[-37,430],[-172,194],[-122,311],[-602,281],[-33,633],[-140,282],[111,318],[-141,144],[-392,157],[-214,240],[-366,717],[-680,1005],[-40,423],[430,890],[8,575],[355,460]],[[1946985,3088312],[447,-198],[611,192],[120,-261],[132,-97],[250,46],[357,-104],[605,66],[384,-162],[336,-265],[477,-179],[558,-41],[516,-391],[734,-65],[259,257],[329,66],[150,-320],[650,-259],[247,-261],[463,263],[131,-316],[195,-178],[723,-231],[72,-341],[1118,-513],[1070,-290],[119,59],[108,224],[97,18],[332,-391],[549,147],[411,-173],[828,-153],[803,-265],[688,-329],[429,-449],[185,-346],[565,54],[633,-107],[534,238],[649,117],[347,284],[453,4],[571,303],[512,49],[-28,292],[650,191],[448,648],[391,349],[466,187],[687,50],[563,540],[581,13],[184,173],[225,65],[514,-136],[243,14],[317,280],[599,116],[737,522],[473,45],[291,200],[197,306],[300,196],[110,177],[1288,722],[302,497],[349,0],[410,265],[843,189],[1349,198],[328,-10],[231,-95]],[[1979780,3090008],[186,-491],[1020,-221],[454,-13],[199,-158],[700,-778],[246,-453],[355,-263],[103,-259],[1246,-1339],[31,-283],[-419,-243],[-74,-168],[47,-175],[540,-95],[1280,-677],[107,-133],[22,-496],[171,-348],[236,-170],[498,-109],[117,-110],[179,-297],[-234,-391],[-144,-449],[47,-284],[928,-273],[558,-447],[299,131],[322,-6],[376,216],[574,-313],[367,-44],[124,64],[182,307],[478,117],[1412,-215],[596,-209],[572,-358],[229,-21]],[[1791723,2968421],[-236,-183],[-220,45],[-112,125],[-555,45],[-27,-155],[-512,-131],[-282,39],[-820,-511],[-49,-216],[-382,-496],[-444,-386],[-230,-20],[0,-136],[-487,-195],[-490,-527],[-269,-113],[-250,-477],[-190,-38],[193,-234],[-163,-218],[-343,-168],[-126,150],[-124,22],[-212,-109],[-382,81],[-167,-102],[-131,119],[-151,-183],[-384,-39],[-229,-276],[-243,-78],[13,-166],[-191,-14],[-7,-297],[-216,4],[-261,-276]],[[1783044,2963307],[-690,-74],[-384,100],[-357,404],[-258,142],[-987,-351],[-453,64],[-241,-166],[-515,506],[-522,101],[-107,269],[-357,88],[-40,232],[-153,-102],[-108,24],[-89,203],[105,148],[-101,145],[-683,450],[-366,91],[-48,206],[-177,225],[-304,198],[-8,373],[-578,847],[-297,189],[-398,-22],[-110,323],[-367,258],[55,266],[-151,59],[-500,-139],[-124,433],[-511,144],[-312,295],[-52,198],[-472,286],[-33,76],[102,184],[-158,400],[-116,2],[-105,-219],[-169,-15],[-371,232],[-213,-181],[-228,-391],[-394,-314],[-410,-194],[-1158,-116],[-817,119],[-1253,42],[-1063,-75],[-748,-410],[-340,-453],[-182,-124],[-320,129],[-272,485],[-184,169],[-461,-10],[-326,-228]],[[1763165,2968828],[-111,254],[130,170],[2,283],[110,273],[332,417],[78,424],[222,156],[63,230],[310,129],[122,362],[-142,82],[-10,100],[130,146],[209,77],[61,386],[159,187],[227,652],[166,227],[4,153],[-197,302],[949,460],[51,226],[558,723],[164,1098],[236,280],[217,53],[27,400],[220,122],[107,340],[537,695],[560,496],[1563,480],[167,-5],[326,-188],[427,-383],[322,-72],[151,51],[207,575],[-184,51],[-137,171],[67,329],[-115,320],[543,641],[564,304],[390,657],[-595,149],[-384,263],[-265,541],[-107,646],[253,827],[-2,244],[-104,365],[-381,644],[119,1419],[-52,587],[-312,-133],[-347,172],[-486,19],[-456,364],[-260,-158],[-146,39],[-75,71],[13,410],[-328,218],[-17,439]],[[1769015,2988788],[187,258],[246,103],[178,182],[1958,910],[532,72],[503,-81],[668,148],[383,355],[575,189],[312,259],[549,285],[539,529],[471,674],[666,-578],[392,-86],[788,-549],[237,-587],[478,-206],[95,-211],[592,-270],[747,36],[456,-264],[114,491],[178,230],[293,190],[200,349],[54,415],[209,199],[52,316],[552,656],[32,156],[142,44],[413,376],[124,210],[-8,159],[632,-117],[1702,160],[2195,-230],[2334,799]],[[1789785,2994359],[328,-689],[807,-1253],[468,-989],[116,-1178],[-318,-815],[330,-767],[-2,-177],[-138,-239],[240,-475],[-5,-380],[77,-368],[108,-131],[-236,-279],[-136,-332],[-302,-159],[-49,-103],[157,-244],[-93,-420],[218,-269],[34,-364],[-58,-88],[-645,-327],[-984,128],[-830,-783],[-503,-623],[-517,-253],[-211,-483],[407,-172],[444,-373],[588,-334],[240,-229],[285,-482],[304,187],[98,-50],[28,-232],[277,103],[287,-68],[156,-539],[213,-244],[402,-63],[213,-183],[84,-305],[395,-312],[187,-569],[-92,-485],[294,-360],[80,-388],[281,-297],[241,-88],[187,-289],[69,-924],[438,-670],[263,-705],[714,-869],[-111,-350],[-415,-121],[-552,-349],[-449,-802],[-133,-696],[-480,-1103],[-44,-394],[-213,-600],[-288,-263],[-202,-13],[-114,-247]],[[2015284,3342653],[-211,-640],[-981,-647],[-157,-504],[-61,-725],[-235,-411],[-96,-781],[16,-261],[242,-244],[300,-583],[136,-1299],[369,-498],[194,-470]],[[2014800,3335590],[61,-1117],[-261,-471],[-71,-329],[12,-192],[246,-476],[12,-234],[-269,-661],[1,-159],[114,-451],[270,-412],[252,-1619],[596,-1501],[448,-825],[153,-568],[238,-212],[406,-120],[397,-28],[445,106],[822,-200],[519,278],[747,222],[285,-21],[806,-365],[655,-524],[660,-139],[1019,178],[340,-44],[235,-262],[403,-849],[479,-454],[344,-69],[911,123],[176,-50],[120,-1390],[298,-238],[270,-73],[247,-221],[262,-397],[214,-740],[913,-857],[946,-1318],[-72,-681],[-168,-642],[-38,-874],[200,-194],[561,-34],[103,-1029],[152,-344],[28,-283],[296,-524],[419,-460],[223,-531],[6,-380],[-151,-439],[-2,-249],[498,-447],[240,-530],[458,-230],[-11,-295],[181,-420],[-2,-1911],[-150,-297],[-3,-217],[316,-310],[163,-316],[205,-13],[398,166],[161,-39],[300,-252],[323,20],[265,172],[211,-133],[69,-304],[-173,-312],[46,-499],[-176,-393]],[[2034397,3305687],[-232,-501],[42,-868],[-627,-368],[-317,-587],[43,-300],[380,-639],[-450,-378],[-243,-367],[16,-363],[186,-707],[-70,-863],[62,-155],[225,-196],[1124,-681],[456,-194],[382,29],[-36,-257],[83,-90],[696,-165],[269,-463],[31,-607],[364,-242],[85,-568],[388,-420],[-91,-357],[-291,-443],[214,-570],[-11,-679],[-55,-231],[-220,-331],[-92,-415],[137,-359],[62,-747],[553,-658],[-263,-745],[-19,-302],[193,-274],[287,-101],[50,-152],[-114,-163],[-479,-261],[-50,-168],[397,-750],[46,-593],[-75,-448],[583,-266],[111,-473],[-325,-569],[-470,-449],[-43,-751],[-766,-137],[-664,89],[-446,-500],[-51,-500],[691,-570],[-16,-260],[-978,-299],[-221,-165],[-290,-86],[-134,-159],[-215,-624],[-80,-516],[-317,-514],[-61,-545],[127,-166],[282,-107],[386,103],[378,-12],[23,-448],[-108,-477],[425,-482],[33,-175],[-112,-167],[-227,-58],[-378,198],[-405,33],[-195,-240],[-532,332],[-208,-53],[45,-561],[-406,-550],[-16,-480],[-238,-137],[3,-301],[238,-228],[-51,-217],[-117,-77],[-453,-18],[16,-763],[-74,-89],[-487,-155],[81,-293],[243,-259],[61,-179],[-280,-380],[-9,-264],[-122,-131],[-19,-155],[43,-162],[190,-150],[568,-266],[292,-894],[4,-458],[-355,-500],[-244,-526],[316,-229],[858,-228],[126,-170],[-17,-180],[-361,-461],[-4,-455],[-432,-358],[208,-425],[-257,-528],[69,-245],[102,-59],[420,368],[361,66],[360,-470],[570,-548],[74,47],[33,291],[260,226],[969,-346],[65,-96],[-22,-701],[-349,-406],[105,-95],[498,-111],[156,-416],[105,-87],[632,-15],[260,432],[386,378],[129,628],[63,28],[134,-164],[-83,-352],[88,-355],[-330,-365],[94,-1046],[-75,-77],[-487,-52],[-145,-403],[48,-687],[-61,-618],[163,-449],[-117,-951],[52,-453],[-135,-82],[-41,-157],[70,-71],[176,16],[448,299],[171,-227],[45,-739],[-204,-311],[-53,-407],[-21,-1001],[71,-288]],[[2037634,3256679],[-369,-414],[-412,-210],[-228,-261],[-540,-12],[-93,-187],[97,-389],[-152,-344],[156,-808],[-219,-928],[-1,-349],[-297,-359],[-407,-286],[-315,-812],[-666,-721],[-316,-84],[-313,79],[-165,-497],[-218,-359],[-91,-535],[112,-218],[4,-300],[-197,-2271],[31,-273],[187,-271],[60,-680],[-151,-304],[-147,-121],[93,-274],[-319,-457],[-159,143],[-517,129],[-377,-102],[-343,-625],[-2346,-9],[-426,247],[-90,-24],[-47,-298],[-400,-360],[-70,-470],[-203,-307],[-479,-452],[404,-391],[404,-231],[-335,-326],[-47,-278],[211,-369],[-225,-690],[-67,-529],[-492,-1402],[-205,-55],[-561,76],[-248,-69],[-327,108],[-230,-37],[-202,-90],[-307,-302],[26,-434],[265,-369],[7,-247],[224,-314],[-118,-337],[346,-29],[134,-570],[328,-533],[240,-225],[-209,-434],[34,-442],[-362,-460],[134,-383],[-83,-114],[-473,-194],[-158,-255],[211,-337],[257,-157],[102,-561],[400,86],[468,-247],[362,-27],[293,-183],[954,-183],[319,-309],[-166,-100],[-47,-202],[-203,-239],[98,-179],[23,-340],[-109,-632],[95,-196],[-29,-455],[-82,-147],[42,-167],[-375,-231],[-671,-596],[-223,-297],[-14,-171],[-390,-123],[-88,-148],[-167,-79],[-234,19],[-146,-511],[-115,-51],[-36,-188],[-185,-155],[-610,-203],[-156,37],[-254,169],[-215,294],[-297,-204],[-191,-492],[34,-269],[-95,-378],[388,-1024],[368,-557],[418,-385],[52,-359],[215,-184],[-5,-260],[249,-247],[299,-75],[568,146],[187,-89],[110,-365],[760,-246],[189,28],[-587,-289],[4,-201],[-192,-152],[115,-477],[-337,-182],[15,-364],[-176,-319],[111,-414],[-276,-263],[135,-432],[371,-568],[57,-481],[141,-140],[17,-278],[-203,-203],[-736,-148],[-230,-298],[-64,-872],[-150,-136],[-527,-156],[154,-577],[-171,-734],[-511,-116],[-586,-692],[-392,-331],[-486,-231],[-999,28],[-890,-966],[-409,-597],[-476,-24],[-102,-67],[-33,-145],[200,-103],[90,-186],[-86,-153],[-573,2],[-251,-698],[-260,-449],[-414,-96],[-1020,34],[-801,104],[-520,283],[-169,0],[260,-649],[-2,-435],[-216,-339],[0,-234],[-195,-499],[118,-260],[281,-201],[288,-83],[204,-737],[292,-87],[334,-223],[358,-404],[165,-62],[123,-216],[379,-100],[111,-122],[71,-270],[-100,-514],[61,-778],[-98,-441],[565,-243],[193,16],[37,-320],[68,-55],[-81,-130],[106,-81],[-589,-240],[-378,-402],[-17,-125],[-269,-44],[-26,-150],[-197,-58],[27,-250],[187,-194],[-75,-108],[98,-211],[-83,-96],[82,-45],[-168,-37],[-246,-245],[-150,57],[-4,-146],[-83,-9],[56,-176],[-101,-51],[35,-186],[-143,-5],[-4,-182],[-87,-25],[88,-186],[162,-64],[66,92],[45,-110],[-83,-428],[-117,83],[-87,-236],[159,41],[80,-60],[19,-238],[106,-30],[-16,-118],[124,-75],[-64,-147],[139,34],[-258,-347],[0,-135],[-78,13],[14,-107],[-165,-169],[-5,84],[-98,-34],[71,-166],[-139,65],[166,-564],[-174,25],[-58,-129],[-252,-51],[101,82],[-130,170],[-30,-214],[-132,77],[-137,-96],[-66,39],[3,-212],[-118,74],[-63,-47],[48,-121],[-102,-42],[104,-76],[-81,-124],[-170,194],[-35,-92],[-46,63],[-84,-105],[-57,80],[-111,-16],[-129,-72],[29,-74],[-95,9],[17,144],[-70,-17],[-115,127],[-48,-124],[-284,143],[-162,-288],[-89,-5],[-17,-205],[-186,31],[-174,-119],[100,-67],[212,52],[2,-263],[361,-282],[37,-175],[135,-41],[-50,-105],[96,-52],[98,-345],[-105,-121],[228,-379],[-15,-95],[-96,30],[-13,-163],[-248,-245],[-288,141],[-170,-205],[-247,-73],[-266,55],[-277,-124],[42,-520],[-139,-169],[-234,-50],[-52,-197],[-367,-9],[-309,-150],[-1070,-183],[120,-4183]],[[2012438,3186039],[-122,97],[-60,268],[-613,145],[-210,-75],[-234,326],[-634,22],[-290,151],[-280,-228],[-307,-13],[-42,-148],[-472,494],[-139,-16],[-113,-210],[-126,16],[42,379],[-169,13],[-58,569],[-508,244],[-74,245],[-544,91],[-218,239],[-68,230],[128,52],[46,491],[-419,526],[-66,308],[-230,98],[-214,-76],[-248,284],[-452,-112],[-255,167],[-238,-51],[-369,104],[19,253],[-181,171],[-439,-91],[-111,73],[150,228],[-74,103],[-493,119],[-287,-122],[-111,25],[-23,202],[224,200],[-127,179],[126,293],[-83,61],[-98,-109],[-13,225],[-166,23],[27,296],[-131,-33],[-102,156],[-164,-18],[1,135],[-198,-27],[-48,-82],[-336,244],[-117,-95],[-22,218],[-233,-75],[-150,97],[-92,-146],[-149,20],[25,242],[-174,-83],[-84,153],[-93,-87],[-114,66],[35,178],[-199,-56],[127,205],[-171,70],[35,168],[-166,27],[-15,66],[104,2],[3,129],[71,6],[60,-154],[98,197],[-65,126],[142,47],[-8,216],[-115,172],[-346,-115],[-123,273],[238,26],[-80,130],[165,20],[56,125],[-163,49],[-28,126],[-166,125],[-150,-39],[75,259],[-269,197],[-92,192],[-209,-63],[-197,51],[85,179],[-249,52],[25,405],[-226,253],[-10,115],[-965,101],[-120,146],[-30,625],[-146,27],[-98,-232],[-208,97],[-181,-14],[-38,133],[-131,76],[148,75],[9,134],[-241,164],[-280,-31],[-363,147],[-392,-210],[-353,-2],[-124,459],[-90,-15],[-157,-277],[-107,83],[15,206],[-217,-31],[-336,136],[88,179],[-37,108],[-303,43],[21,187],[-150,15],[-60,153],[-115,-31],[10,177],[-101,70],[-28,157],[-539,134],[-8,161],[-235,-3],[58,123],[-80,107],[110,87],[-2,95],[-642,171],[-195,276],[91,114],[-44,42],[-331,-67],[-32,96],[176,110],[-13,122],[-396,-80],[-214,217],[-27,193],[-268,193],[146,203],[-71,255],[-85,64],[-269,-45],[49,222],[-191,-11],[-175,221],[-87,-97],[-178,86],[-36,176],[122,174],[-50,194],[-296,554],[-160,135],[-208,94],[-1182,-160],[-146,268],[-440,279],[-217,-309],[-159,-49],[-164,342],[-239,-10],[-147,134],[-201,-2],[-153,288],[-430,11],[-6,84],[238,134],[-6,77],[-241,-16],[-259,-186],[-265,87],[-149,271],[-267,179],[-2,160],[-239,54],[-507,551],[-49,206],[52,108],[-184,189],[-64,213],[27,225],[-181,-46],[-59,167],[-207,70],[-278,242],[57,204],[-90,96],[-273,61],[27,165],[-80,54],[-27,186],[-224,-58],[-157,304],[-271,37],[-114,225],[103,204],[-184,33],[-129,118],[-42,311],[-241,290],[88,301],[-227,348],[-214,59],[-119,149],[-264,-7],[-379,-293],[-256,-50],[-77,-206],[-284,-94],[-123,-473],[-142,-57],[-213,40],[-357,-206],[-226,-27],[-267,-134],[-23,-165],[-189,59],[-114,-45],[-91,-351],[38,-217],[-97,-210],[-246,-213],[61,-650],[-152,-133],[89,-118],[-143,10],[-86,-142],[-181,75],[-327,-160],[-603,-491],[-92,-653],[58,-266],[431,-111],[179,-292],[16,-614],[-191,-626],[-17,-909],[-849,-1195],[-83,-310],[-12,-618],[-107,-355],[-380,-216],[-635,-6],[-112,-682],[308,-478],[617,-501],[741,-852],[231,-425],[67,-423],[251,-401],[117,-534],[431,-821],[708,-529],[87,-372],[-25,-388],[240,-423],[65,-529],[211,-386],[7,-202],[252,-155],[68,-142],[-238,-479],[-2,-262],[503,-1170],[180,-42],[418,193],[566,84],[1822,119],[157,-88],[324,-631],[468,-550],[18,-213],[-296,-337],[-37,-605],[-1561,-1092],[54,-676],[-162,-566],[-929,400],[-256,257],[-62,268],[-103,40],[-129,-82],[-63,186],[-173,66],[-2,242],[-318,-56],[-384,-365],[-409,102],[-110,92],[39,261],[-277,26],[-388,648],[-169,-274],[-242,32],[-914,794],[-613,286],[-222,-78],[-522,379],[-401,100],[-64,390],[-110,192],[-291,30],[-240,-132],[-98,142],[-198,-6],[-73,178],[-336,120],[-217,185],[-667,89],[8,196],[-412,545],[-21,175],[-141,-107],[-108,52],[89,221],[-189,16],[-96,274],[138,-10],[42,68],[-177,200],[75,294],[-201,-81],[-100,257],[-227,-70],[-277,76],[-129,-309],[-369,122],[-32,-93],[144,-160],[-345,-53],[-179,-344],[-179,-63],[-294,296],[3,83],[207,73],[-184,124],[-94,178],[-171,-19],[-137,-250],[-208,129],[203,292],[-76,98],[-205,-209],[-206,237],[-157,15],[-380,-208],[90,-305],[-186,-47],[-253,409],[-116,-216],[-879,393],[-821,120],[-202,347],[93,345],[-571,-240],[-965,328],[60,117],[-92,457],[-253,271],[281,150],[-253,88],[-198,279],[-194,-83],[-224,154],[-139,-33],[-75,-360],[-216,-15],[201,-213],[-233,6],[-72,-142],[-145,98],[-201,3],[-287,246],[-426,-189],[-202,76],[-270,209],[-32,152],[87,144],[240,-60],[102,116],[-25,142],[-183,123],[92,370],[-210,138],[-268,-190],[-179,296],[-301,-68],[-36,403],[-179,-12],[-655,-469],[-703,-40],[-464,-176],[-217,-573],[-171,150],[-177,387],[-134,82],[-254,20],[-380,-172],[-617,207]],[[1957318,3195854],[-71,330],[-120,145],[-966,-203],[-213,42],[-236,264],[-22,227],[99,363],[-191,172],[-363,-112],[-256,-207],[-467,-607],[-179,-134],[-284,-65],[-378,19],[-985,316],[-733,379],[-855,-8],[-347,211],[-90,148],[-20,207],[201,336],[0,257],[-542,527],[20,461],[-118,205],[-976,499],[-150,-89],[195,-241],[-1,-140],[-114,-113],[-614,-258],[-425,198],[-168,235],[-199,1457],[-661,1114],[-986,724],[-659,287],[-480,515],[-99,424],[-139,212],[-272,64],[-247,-88],[-242,311],[-669,276],[-486,549],[-672,423],[-601,770],[-1246,447],[-141,149],[-82,404],[-303,477],[-485,122],[-657,499],[-513,1222],[-225,1857],[-275,545],[-673,515],[4,798],[266,193],[45,263],[-317,406],[-319,633],[-377,-189]],[[1936239,3214597],[-303,151],[-61,275],[18,396],[309,274],[216,385],[-11,317],[-241,484],[11,545],[536,316],[50,513],[403,711],[191,557],[-335,2052],[214,863],[-149,314],[-543,471],[-94,177],[20,191],[261,256],[-112,401],[15,270],[413,624],[27,553],[437,1445],[641,870],[75,312],[-9,673],[149,122],[550,76],[332,352],[34,622],[-266,735],[537,713]],[[1939554,3231613],[35,469],[-97,205],[-336,290],[-33,247],[119,121],[363,38],[184,116],[445,710],[501,472],[933,258],[1352,175],[1176,574],[1160,443],[441,67],[1330,606],[267,716],[223,1173],[539,747],[41,444],[-71,484],[171,566],[1217,1488],[1107,514],[1632,246],[774,680],[572,306],[1054,56],[667,358],[454,129],[355,325],[380,140],[633,632],[2418,1005],[537,410],[213,44],[453,393],[803,450],[1313,268],[633,314],[1068,752],[447,457],[872,1474],[358,1151],[390,256],[445,977],[457,244],[727,1224],[286,743],[-259,611],[61,288],[407,461],[814,579],[415,189],[847,737],[70,302],[-217,576],[213,887],[-345,493],[-15,535],[262,418],[470,219],[185,170],[262,818],[8,508],[184,406],[28,405],[842,991],[12,185],[-266,549],[21,1132],[-89,658],[100,647],[486,1219],[-29,1601],[58,601],[-244,1693],[-31,1471],[-227,433],[-170,1073],[46,880],[194,385],[618,358],[841,983],[1311,841],[778,1039],[566,1063],[1018,403],[334,217],[-13,685],[533,598],[852,1874],[-15,638],[264,1064],[-41,1408],[419,1161],[-81,146],[-388,273],[-114,343],[843,604],[210,852],[649,659],[151,302],[43,305],[-131,491],[39,226],[129,193],[540,348],[303,487],[3,182],[-176,431],[30,315],[-89,599],[385,382],[180,432],[231,268],[127,438],[569,781],[114,931],[646,873],[1065,656],[315,637],[633,322],[1209,817],[29,510],[139,452],[-116,445],[568,514],[-96,539],[224,541],[762,1380],[503,426],[1004,1244],[333,804],[99,902],[159,451],[260,396],[1098,531],[107,275],[-137,422],[125,266],[1797,1159],[278,345],[759,604],[690,900],[1036,565],[629,814],[397,292],[1396,435],[447,648],[856,676],[422,763],[278,798],[143,1616],[135,335],[715,570],[475,562],[468,288],[537,555],[168,382],[901,1357],[135,788],[389,702],[132,830],[104,212],[288,375],[437,317],[685,325],[732,503],[705,367],[132,178],[148,482],[583,600],[346,852],[28,1175],[-466,997],[-326,1037],[-252,370],[-86,1177],[-137,595],[-181,308],[-534,517],[-293,527],[-25,815],[259,413],[171,834],[252,383],[636,657],[702,462],[302,78],[359,-133],[781,-497],[578,-115],[1231,-537],[786,-483],[654,40],[886,425]],[[1742646,2890234],[125,-455],[538,-790],[163,-1213],[730,-525],[456,-1003],[342,-1335],[587,-467],[-216,-1127],[93,-566],[-31,-324],[-140,-396],[-263,-371],[132,-640],[237,-377],[1444,-1547],[53,-536],[176,-291],[42,-503],[257,-670],[126,-753],[230,-569],[976,-566],[198,-2045],[-109,-395],[-352,-432],[1692,-937],[-176,-236],[22,-239],[767,-605],[0,-450],[-215,-1101]],[[1750530,2868770],[-826,-1921],[-205,-885],[-239,-157],[-440,-131],[-409,-345],[-1412,-670],[-352,-121],[-805,-67],[215,-415],[-89,-506],[-75,-195],[-341,-295],[-266,-365],[403,-1525],[-38,-449],[-74,-156],[-292,-181],[-548,-1264],[-112,-3],[-200,164],[-406,814],[-226,229],[-1586,261],[-1056,566],[-548,20],[-450,213],[-494,18],[-281,211],[-2525,535],[-348,274],[-431,604],[-137,-59],[-153,83],[-110,-103],[-395,133],[-387,27],[-481,-148],[-207,100],[-274,-63],[-259,256],[-257,71],[-144,161],[-263,-79],[-173,161],[-301,-113],[-367,96],[-482,-106],[-266,-202],[-376,-86],[-285,-554],[-604,-202],[-258,-241],[26,-202],[592,-500],[-406,-280],[76,-279],[-101,-198],[93,-386],[-385,-195],[-326,-301],[686,-587],[-220,-514],[216,-555],[-278,-219],[-170,-393],[-99,-767],[204,-770],[-397,-449],[-21,-201],[95,-254],[354,-296],[-36,-370],[175,-564],[33,-1307],[79,-290],[-187,-255],[-57,-297],[-174,-186],[-510,-149],[-50,-80],[-112,-359],[218,-256],[-79,-171],[110,-96],[-41,-189],[64,-156],[-188,-274],[104,-179],[11,-383],[354,-303],[252,-498],[271,-110],[126,-178],[361,38],[128,-114],[6,-443],[191,-152],[118,-285],[455,-523],[281,-992],[-51,-797],[105,-1049],[-128,-540],[177,-485],[-30,-335],[-145,-199],[211,-474],[-43,-513],[282,-229],[-49,-529],[281,-200],[-241,-799],[-230,-417],[287,-670],[-12,-155],[-163,-179],[141,-304],[-63,-536],[340,-691],[172,-181],[-246,-149],[-177,-605],[-132,-155],[-163,-1660],[-122,-328],[465,-479],[108,-331],[-144,-177],[-386,-81],[-200,-372],[-298,126],[-248,-25],[-221,-373],[-182,29],[-182,306],[-204,65],[-82,-273],[-427,-28],[-154,-365],[-851,-624],[73,-1077],[-155,-208],[-47,-219],[-163,-61],[-23,-151],[197,-419],[340,-405],[4,-460],[86,-298],[-238,-258],[-138,21],[-167,-140],[-380,-416],[-44,-153],[171,-400],[282,-298],[140,-755],[86,-1318],[-827,-102],[-180,-317],[-236,-157],[-144,-327],[-436,-544],[-103,-1049],[-111,-365],[-231,-236],[-462,6],[-173,-114],[-479,-863],[-342,-437],[-700,-140],[-418,-209],[-325,-61],[-1494,-745]],[[1672648,2875214],[509,155],[441,-22],[477,83],[396,178],[305,263],[209,368],[121,651],[-70,1186],[222,-149],[505,-1],[2482,-1090],[516,-122],[1191,-1079],[375,-103],[895,-658],[974,425],[297,-227],[1149,-94],[579,-341],[480,-806],[197,-942],[219,-230],[358,-158],[288,10],[445,241],[830,-133],[677,243],[551,12],[393,-55],[573,-334],[261,-31],[295,79],[462,288],[1061,52],[506,250],[465,-90],[432,-685],[507,-106],[113,139],[183,746],[253,150],[564,47],[247,107],[152,210],[366,243],[542,818],[174,117],[290,103],[462,-256],[275,0],[275,108],[331,666],[194,927],[-194,272],[-190,597],[-196,306],[-269,34],[-246,228],[-149,409],[-247,107],[-215,328],[0,262],[118,180],[474,301],[654,108],[334,156],[551,303],[224,274],[437,-52],[411,137],[285,198],[426,38],[378,172],[448,80],[1068,604],[477,66],[470,404],[343,109],[288,-6],[307,226],[426,47],[287,512],[1279,-65],[473,-498],[510,-374],[531,-99],[591,-556],[731,-203],[729,83],[539,354],[663,94],[592,255],[1576,120],[487,-1147],[580,-537],[22,-494],[743,-234],[160,-349],[183,-120],[882,-198],[143,45],[182,217],[159,646],[188,162],[241,621],[762,-199],[383,-184],[119,10],[226,286],[840,-16],[875,-239],[498,388],[447,128],[240,0],[310,-202],[376,76],[353,307],[198,674],[369,501],[228,464],[722,327],[193,892],[238,279],[696,388],[380,97],[1214,-48],[804,65],[341,100],[417,331],[133,24],[471,-144],[291,28],[311,232],[566,1069],[668,116],[124,224],[-61,350],[-560,549],[-319,156],[-520,65],[-311,527],[-466,259],[-395,40],[-471,195],[-688,-117],[-393,625],[8,647],[311,1059],[-120,233],[-493,241],[-108,132],[31,367],[361,331],[52,139],[-410,590],[81,104],[586,259],[88,213],[-11,315],[-470,755],[235,401],[42,223],[-73,81],[-303,46],[-146,135],[47,633],[-305,378],[61,180],[531,577],[51,154],[-71,100]],[[1726110,2897406],[-43,278],[175,787],[368,-161],[244,361],[1024,974],[90,289],[-56,447],[284,778],[464,286],[107,199],[358,273],[538,163],[1112,1800],[898,-95]],[[1731673,2903785],[554,-1559],[128,-1237],[477,-791],[221,-1277],[240,-468],[-16,-365],[136,-364],[12,-489],[76,-199],[161,-68],[536,37],[548,-262],[491,52],[195,-315],[104,-1011],[122,-49],[453,89],[459,231],[146,-8],[351,-563],[443,-406],[1197,-389],[159,-485],[807,-642],[583,-159],[296,-987],[853,-1126],[815,-649],[426,-92]],[[1789050,3016369],[101,-394],[-134,-1642],[93,-863],[-38,-329],[121,-370],[300,-302],[-101,-876],[129,-448],[-452,-811],[-23,-210],[53,-117],[618,-399],[71,-199],[-236,-505],[-169,-921],[967,-1213],[130,-1205],[276,-541],[355,-1701]],[[1791111,3003323],[-375,-330],[-483,-150],[-219,-150],[-40,-907],[-246,-910],[-248,-393],[-238,-184],[46,-522],[286,-981],[727,-1323],[166,-765],[141,-351],[252,-339],[-93,-514],[-150,-292],[-632,-527],[-220,-326]],[[1769015,2988788],[-464,361],[-101,207],[192,375],[41,416],[174,99],[-47,211],[225,495],[-108,639],[69,502],[-66,127],[-309,171],[-67,313],[-362,527],[-14,970],[152,192],[-125,155],[-19,241],[-184,162],[-27,339],[-251,211],[-161,351],[-865,1037],[-524,292],[-170,437],[-212,128],[-207,-86],[-230,78],[-140,306],[-290,-23],[-345,377],[81,791],[-88,612],[110,313],[-140,214],[-17,424],[-111,156],[183,225],[131,481],[-199,551],[-59,1987],[-539,265],[-1045,297],[311,1713],[233,671],[125,706],[-11,190],[-218,107]],[[1763327,3008101],[473,523],[184,559],[228,48],[131,156],[217,57],[165,236],[460,3],[70,236],[405,469],[194,9],[177,140],[306,-41],[238,515],[837,32],[305,-103],[439,92],[368,-23],[294,64],[144,151]],[[1768962,3011224],[118,11],[353,-371],[477,69],[49,122],[-183,309],[18,91],[376,296],[767,252],[322,341],[239,94],[376,447],[-148,128],[18,70],[559,191],[-21,378],[205,251],[215,582],[384,299],[597,-110],[394,31],[381,-828],[1197,-383],[182,-582],[558,-176],[282,-573],[989,423],[666,-158],[603,148],[239,196],[166,316],[-51,348],[55,84],[315,3],[248,99],[475,-191],[178,119],[41,240],[555,41],[256,131],[295,375],[276,143],[-84,197],[71,264],[-135,252],[75,191],[166,94],[277,973],[252,326],[483,50],[303,235],[126,244],[65,597],[279,355],[69,443],[-258,722],[-10,250],[410,1295],[182,1468],[112,242],[-51,399],[-233,283],[-63,677],[250,724],[331,455]],[[1918097,3237931],[29,-709],[-355,-1387],[111,-953],[-168,-325],[27,-595],[-187,-730],[205,-394],[-51,-266],[-193,-222],[-346,-21],[-425,-245],[-120,-213],[-88,-979],[-782,-663],[-512,-372],[-919,32],[-207,-80],[-3,-316],[307,-521],[-73,-571],[-316,-945],[-178,-148],[-502,-198],[-88,-139],[-22,-362],[-224,-364],[106,-306],[350,-408],[-125,-724],[394,-428],[-891,-731],[27,-348],[-133,-420],[392,-678],[-12,-165],[-323,-264],[85,-331],[153,-234],[383,-162],[-321,-330],[-96,-316],[333,-840],[-173,-742],[-9,-529],[21,-154],[202,-272],[-81,-740],[331,-695],[33,-648],[-112,-798],[-298,-267],[-755,-349],[-347,48],[-313,221],[-770,6],[-303,-150],[-117,-542],[-296,-257],[-6,-1270],[109,-750],[-88,-270],[-201,-222],[-23,-351],[-262,-193],[-469,251],[-242,-16],[-253,-304],[-334,-168],[-240,-442],[-160,-135],[-239,173],[-476,865],[-300,314],[-7,249],[-659,297],[-459,73],[-758,420],[-344,12],[-9,-166],[259,-588],[-118,-448],[-262,-308],[-73,-225],[21,-101],[266,-208],[3,-324],[-380,-138],[-171,-297],[118,-376],[-46,-306],[59,-220],[-139,-333],[147,-750]],[[1904616,3207437],[44,-403],[-174,-59],[-216,101],[-5,-387],[-255,108],[-181,-128],[-123,56],[-129,207],[-707,-143],[-477,414],[-395,-56],[-490,303],[-214,-13],[-190,-117],[-229,37],[-617,-974],[-29,-173],[-612,75],[-13,-980],[-409,-1478],[-154,-71],[-210,57],[-509,-252],[-436,-327],[-369,-61],[-362,-272],[-246,-311],[-161,-325],[-91,-453],[-361,-343],[-560,-132],[-399,144],[-202,-41],[-214,-234],[77,-101],[-141,-44],[-175,-229],[-167,28],[-175,-105],[-177,139],[-1018,-6],[-675,817],[-428,236],[-1164,178],[-929,716],[-468,531],[-103,-101],[-100,-339],[-292,-291],[-2002,-1028],[-817,-605],[-1325,-746],[-466,-116],[-1710,80],[-756,-237],[-393,-307],[-96,-269],[-538,-395],[-1163,-645],[-227,35],[-487,-518],[-94,-577],[208,-14],[114,-268],[-237,-830],[191,-735],[-309,-428],[-142,-362],[-46,-447],[123,-518],[-168,-260],[-826,-66]],[[1877820,3193379],[-119,189],[-213,76],[-730,-215],[-815,-31],[-277,-133],[-997,182],[-518,-222],[-286,16],[-280,-89],[-81,-109],[-238,280],[-200,60],[-159,8],[-506,-258],[-833,166],[-209,252],[-650,150],[-873,-38],[-364,226],[-221,32],[-771,-155],[-196,96],[-234,388],[-343,107],[-418,396],[-285,-21],[-321,-310],[-389,416],[-355,18],[-152,96],[-64,82],[35,98],[-173,-15],[-443,156],[-190,208],[-247,125],[-268,-80],[-701,1408],[-209,-326],[-656,-331],[-617,43],[-1069,-305],[-482,103],[-37,-222],[175,-175],[116,-410],[163,-146],[-136,-122],[-184,-34],[-97,-180],[-175,25],[-814,501],[-677,-169],[-354,15],[-577,212],[-149,176],[-281,-173],[-188,221],[-348,-194],[-319,40],[-104,-298],[-691,-33],[-682,476],[-534,-2],[-363,-282],[-188,-445],[-227,-228],[-552,-396],[-665,-79],[-757,-914],[-591,-97],[-478,-255],[-521,-104],[-962,-702],[-993,-193],[-801,-299],[-1509,-53],[-740,153],[78,330],[-201,528],[-372,269],[183,253]],[[1845151,3193112],[618,525],[342,31],[590,279],[180,493],[-125,331],[14,355],[-182,808],[112,698],[-97,479],[-287,449],[-195,551],[-1122,1591],[-351,1221],[40,281],[287,406],[299,787],[-314,1526],[103,172],[423,321],[392,682],[928,296],[1529,918],[1333,1465],[192,305],[89,231],[-30,826],[150,760],[273,559],[762,891],[86,318],[-20,476],[-114,305],[196,611],[-186,295],[-321,1194],[-494,631],[-24,428],[96,384],[633,300],[151,173],[178,495],[287,189],[409,115],[272,546],[343,449],[416,27],[292,240],[153,260],[348,75],[563,400],[734,-218],[948,-568],[982,-41],[256,132],[185,247],[108,604],[261,422],[80,325],[8,716],[-158,698],[493,291],[-107,711],[30,545],[238,270],[62,382],[141,179],[590,315],[497,-60],[253,230],[74,205],[-41,297],[391,338],[137,414],[193,142],[31,360],[-165,504],[390,468],[118,257],[234,49],[1366,-627],[1342,478],[1030,-283],[370,59],[638,1049],[357,992],[169,124],[714,65],[398,277],[211,227],[397,804],[-104,516],[209,793],[27,979],[-85,454],[375,-96],[990,-575],[95,-333],[26,-604],[399,54],[877,-84],[645,253],[807,195],[158,-28],[192,-303],[346,-216],[129,-464],[203,-284],[11,-338],[592,-385],[291,-42],[359,116],[656,-42],[318,117],[934,-29],[755,247],[787,-133],[542,35],[535,403],[314,547],[785,729],[215,651],[681,722],[354,879],[257,102],[597,-269],[311,20],[356,-135],[726,340],[596,1524],[-48,531],[-207,494],[461,2031],[372,166],[419,37],[365,188],[476,21],[519,-277],[329,-86],[135,-315],[230,110],[222,-14],[160,108],[91,-73],[143,58],[185,-75],[218,597],[309,391],[624,351],[-131,359],[122,626],[-264,233],[-205,484],[230,386],[592,295],[407,-349],[487,-129],[72,102],[207,-25],[301,172],[50,402],[398,91],[188,203],[82,-51],[215,98]],[[1892338,3243095],[731,578],[129,467],[1173,285],[272,180],[342,427],[553,28],[239,135],[269,-13],[246,165],[308,-95],[261,278],[684,-7],[578,248],[85,215],[-55,624],[297,236],[35,403],[707,-46],[141,358],[987,862],[250,565],[417,-108],[913,-68],[434,-147],[254,189],[368,-280],[241,-336],[244,-25],[88,51],[55,261],[164,101],[493,-88],[332,135],[374,7],[300,156],[753,65],[411,141],[209,199],[63,319],[341,60],[877,375],[940,581],[623,43],[362,-144],[290,93],[203,-98],[196,-399],[217,-107],[242,-802],[284,-197],[199,-312],[83,-1246],[468,-486],[1134,-684],[767,-239],[333,-275],[1386,62],[296,-294],[243,-811],[692,-940],[85,-342],[-27,-364],[230,-601],[466,-463],[296,-157],[53,-588],[-282,-1251],[113,-503],[466,-822],[-162,-718]],[[1939554,3231613],[-306,66],[-675,389],[-604,156],[-491,647],[-327,-74],[-152,384],[292,206],[56,442],[-147,100],[-344,-17],[-189,127],[-558,1123],[-392,396],[-245,57],[-400,-86],[-506,143],[-473,-68],[-89,57],[-48,201],[-363,195],[-302,10],[-317,-213],[-1712,-383],[-343,38],[-826,612],[-1079,456],[-507,38],[-579,-137],[-822,750],[-262,659],[-848,642],[-378,104],[-967,773],[-401,59],[-205,110],[-550,-97]],[[1923495,3239478],[-5,442],[170,503],[401,363],[222,330],[23,259],[-204,287],[6,136],[246,220],[84,210],[-17,143],[-460,363],[-49,724],[-337,443],[29,383],[502,715],[-109,1148],[196,505],[-438,577],[251,969],[-22,192],[-198,281],[171,550],[-231,291],[-44,352],[-111,197],[13,620],[-184,943],[76,785],[-221,732],[277,718],[-235,212],[-162,311],[25,486],[-724,331],[23,438],[-195,259],[703,1026],[377,218],[68,175],[-41,92],[-247,90],[172,597],[-22,173],[-226,56],[8,303],[-209,114],[-409,426],[-124,417],[-177,195],[-72,325],[-206,182],[-75,745],[136,401],[-48,143],[223,234],[-89,327],[48,288],[469,929],[1130,881],[183,252],[81,670],[306,488],[51,492],[584,899],[-39,420],[-111,188],[-449,256],[-81,121],[216,483],[-25,201],[-174,-32],[-253,146],[-129,633],[-412,359],[-207,77],[-367,-8],[-570,-179],[-800,-564],[-310,-98],[-488,-3],[-1593,-345],[-956,68],[-358,110],[-313,193],[-230,264],[-134,736],[-334,418],[-230,568],[-646,422],[-754,943],[-161,43],[-364,-67],[-199,88],[132,525],[-182,648],[-238,468],[152,713],[-306,1175],[-188,1779],[-91,396],[-403,574],[-14,707],[155,336],[150,1166],[859,1503],[-23,192],[-270,440],[-52,396],[598,1091],[8,634],[-35,146],[-411,410],[86,169],[394,203],[247,1094],[-243,325],[-306,684],[-177,1058],[-642,764],[110,595],[-440,221],[-409,631],[16,719],[120,469],[-549,355],[-126,698],[-613,441],[-291,36],[-235,-101],[-259,6],[-575,421],[-753,315],[-848,760],[-367,52],[-523,-144],[-273,31],[-1165,884],[-486,-35],[-1546,397],[-1095,699],[-566,655],[-55,297],[117,670],[-140,410],[-572,892],[-1167,1219],[-764,168],[-388,516],[-806,479],[-534,611],[-365,846],[-698,423],[-535,706],[-228,706],[-63,700],[-244,594],[2,495],[116,389],[34,506],[-399,665],[261,678],[-2,269],[-151,335],[-369,146],[-58,123],[247,812],[-28,1623],[277,649],[141,1710],[288,371],[55,245],[-18,115],[-302,351],[29,922],[-345,458],[-69,275],[-6,173],[262,486],[-234,470],[133,754],[-116,349]],[[1896020,3320782],[264,553],[118,100],[494,177],[702,446],[422,1275],[208,354],[501,237],[394,308],[1120,463],[325,307]],[[1900568,3325002],[597,491],[843,37],[272,97]],[[1902280,3325627],[234,260],[146,680],[453,835],[185,522],[38,486],[258,309],[369,751],[137,555],[199,164],[2566,-26],[1464,422],[497,-65],[759,-320],[238,-188],[850,-1431],[375,-150],[532,-29],[667,384],[998,812],[433,545],[81,524],[160,337],[261,198],[303,68],[662,619],[766,-29],[1061,249],[571,-215],[337,-24],[436,195],[544,54],[502,384],[1698,142],[482,271],[574,189],[301,343],[409,166],[160,357],[126,87],[1121,-25],[359,-144],[283,103],[1062,-29],[460,-378],[347,-808],[305,-161],[698,-639],[236,26],[384,207],[845,674],[356,487],[111,495],[274,475],[2271,2034],[1219,1362],[36,910],[229,1239],[-231,276],[-171,502],[-266,433],[-106,489],[161,541],[422,653],[103,516],[525,293],[-167,469],[8,217],[452,553],[-56,193],[-268,248],[-175,379],[292,920],[-93,618],[73,418],[-70,571],[77,299],[756,979],[96,558],[597,1150],[352,422],[723,578],[1501,536],[312,287],[234,512],[-53,475],[-132,311],[-7,580],[91,639],[183,582],[560,649],[707,336],[653,495],[164,227],[251,662],[119,880],[-228,434],[-672,622],[-118,382],[100,698],[468,918]],[[1940875,3362386],[106,417],[422,942],[234,1184],[42,616],[131,397],[1692,2115],[518,266],[351,369],[212,68],[884,-18],[1775,-594],[742,-72],[476,79],[649,321],[916,-22],[1337,284],[3072,77],[516,124],[236,201],[673,1612],[376,581],[327,1132],[545,107],[1149,-35],[729,104],[923,-32],[276,105],[658,541],[1100,459],[214,-15],[262,-206],[174,-17],[424,345],[1394,177],[718,411],[536,117],[358,219],[214,347],[264,199],[1428,505],[193,498],[427,703],[385,450],[678,352],[266,323],[616,1118],[225,61],[369,-109],[256,22],[86,210],[-40,808],[100,172],[1188,588],[569,415],[1645,328],[1134,511],[2508,-116],[658,-155],[360,-177],[643,-46],[564,-358],[345,4],[747,-231],[209,-376],[-244,-837],[-603,-1103],[-76,-312],[-264,-345],[-34,-312],[536,-1237],[850,-869],[487,-699],[1611,-1442],[414,-579],[278,-238],[553,-183],[616,15],[260,-227],[310,-537],[1347,-428],[620,-51],[1247,-978],[378,-103],[663,347],[222,400],[67,461],[-36,550],[-225,1135],[164,218],[346,19]],[[1991546,3373456],[224,-120],[348,-618],[420,-404],[1270,-583],[309,-38],[1382,841],[1150,63],[1369,873],[1446,668],[1911,1462],[499,603],[687,1034],[724,494],[739,1202],[216,1237],[192,259],[806,701],[357,-6],[960,-617],[204,-566],[-141,-866],[12,-366],[101,-164],[429,-221],[412,-24],[749,333],[773,20],[592,150],[329,-9],[632,-213],[458,38],[385,127],[519,685],[371,814],[95,688],[456,1777],[236,282],[195,456],[688,675],[424,821],[1087,1021],[308,393],[61,776],[-398,1070],[-2,604],[87,280],[566,584],[805,0],[102,-62],[-85,-388],[46,-503],[302,-350],[615,-440],[275,-386],[185,-1082],[210,-377],[-37,-280],[-243,-467],[-337,-357],[-178,-596],[90,-1322],[1005,-1291],[102,-230],[186,-553],[80,-1607],[200,-252],[151,-718],[502,-1224],[315,-316],[963,0],[204,-230],[138,-1022],[-68,-909],[392,-1336],[75,-753],[-75,-591],[-283,-576],[-162,-980],[-268,-581],[-156,-646],[-321,-388],[-1053,-679],[-375,-370],[-369,-934],[-35,-680],[-819,-782],[-432,-526],[-598,-875],[-148,-417],[9,-587],[149,-549],[531,-731],[351,-182],[439,-58],[735,-39],[706,102],[265,-257],[-4,-724],[728,-985],[240,-709],[200,-2247],[-243,-1788],[-337,-1095],[-364,-787],[-1147,-526],[-359,-390],[-660,-1120],[-710,-570],[0,-333],[543,-1186],[273,-1587],[-41,-260],[-277,-540],[47,-693],[-438,-640],[18,-837],[-397,-218],[-503,-30],[-873,-492],[-427,-387],[-254,-498]],[[1746712,3155017],[206,-92],[378,-518],[905,-668],[436,-795],[88,-1316],[264,-1136],[-43,-846],[99,-728],[218,-629],[1146,-1913],[189,-1011],[67,-1437],[439,-576],[1044,-104],[194,-173],[161,-303],[42,-663],[-551,-1150],[-11,-163],[513,-680],[1234,-759],[246,-321],[28,-840],[-330,-1729],[365,-926],[207,-204],[85,-949],[-14,-1119],[-143,-504],[-318,-487],[-214,-1774],[285,-1906],[-32,-880],[-168,-870],[-390,-498],[-285,-1310]],[[1753052,3125040],[-2,-1465],[-312,-932],[-529,-657],[-175,-988],[-194,-493],[66,-1511],[-36,-346],[-211,-460],[-528,-418],[-438,-83],[-494,79],[-805,393],[-1143,-99],[-447,-224],[-384,-385],[-186,-336],[-210,-750],[33,-410],[481,-713],[-34,-1889],[89,-356],[-8,-435],[-140,-452],[-11,-459],[-647,-697],[-396,-655],[55,-824],[443,-879],[80,-605],[-115,-638],[-1142,-2370],[818,-2208],[249,-1177],[-25,-269],[-291,-738],[-485,-1666],[8,-720],[384,-1256],[679,-352],[983,-961],[25,-576],[135,-485],[63,-2930],[-63,-576],[-561,-2573],[20,-641]],[[1747651,3087855],[47,-277],[-64,-280],[-259,-391],[-250,-217],[-1108,-533],[-868,-138],[-691,-330],[-177,-591],[12,-981]],[[1744293,3084117],[-681,-127],[-379,115],[-319,-18],[-205,184],[-89,451],[-243,213],[-106,233],[-653,-197],[-371,-24],[-380,298],[-265,105],[-176,-103],[-49,-142],[-190,-65],[34,-249],[-137,-195],[-765,237],[-137,-128],[27,-119],[-310,34],[-251,-336],[-653,772],[-80,374],[80,429],[-80,613],[-209,97],[-157,225],[-160,49],[-271,-35],[-193,-180],[-90,4],[128,274],[-122,290],[-77,-157],[-251,-54],[-156,87],[-364,562],[-535,177],[-213,-25],[-104,-182],[145,-189],[-200,-142],[-216,80],[-165,195],[-278,52],[-194,230],[-765,-30],[-246,262],[-151,-90],[-161,-310],[-126,-79],[-358,387],[-88,5],[-345,-166],[-435,97],[-189,-168],[-438,73],[-705,-148],[-255,302],[-729,-110],[-542,35],[-100,93],[18,284],[-125,130],[-701,63],[-270,-385],[-306,-165],[-161,-284],[-381,-81],[-107,-460],[-857,207],[-303,2],[-173,-303],[-291,-77],[-149,-146],[-307,67],[-191,-265],[-176,52],[-221,-137],[-341,-4],[-119,-269],[20,-199],[-682,-685],[-37,-161],[139,-525],[-436,-8],[175,-612],[-198,-186]],[[1722420,3083836],[-20,125],[-363,307],[-1253,473],[-493,630],[-434,131],[-418,584],[-977,643],[20,519],[-114,649],[-318,447],[-1375,-325],[-362,25],[-219,389],[-28,395],[-278,261],[-2521,921],[-1396,814],[-322,280],[-54,255],[47,775],[-112,803],[175,786],[5,582],[-315,852],[-40,614],[103,374],[343,559],[389,900],[-140,351],[-15,1103],[-406,468],[-83,1128],[-336,558],[37,510],[-190,118],[-661,-69],[-944,201],[-495,10],[-1005,-310],[-725,676],[-588,264],[-431,61],[-476,482],[-529,25],[-523,605],[-74,261],[4,525],[-221,318],[-114,802],[-222,518],[-35,909],[159,429],[-89,701],[119,277],[35,428],[-238,1712],[84,385],[-58,192],[-227,-20],[-713,-422],[-371,-105],[-429,-376],[-753,-192],[-187,41],[-158,254],[-395,286],[-634,186],[-249,-98],[-569,-546],[-339,-85],[-527,218],[-508,380],[-285,303],[-802,1292],[-1935,436],[-389,197],[-999,74],[-717,247],[-689,-211],[-406,-282],[-559,-808],[-996,-789],[-123,-19],[-367,165],[-1033,-44],[-384,153],[-614,94],[-468,237],[-605,-260],[-1469,-439],[-512,154],[-240,281],[-679,-125],[-459,359],[-122,503],[-156,2871]],[[1692018,3152781],[419,-223],[280,-371],[114,-34],[629,62],[612,183],[999,23],[169,-142],[578,-84],[194,-749],[264,-113],[272,-271],[844,-170],[127,-118],[401,107],[275,-149],[1780,-153],[224,162],[-36,188],[177,154],[546,6],[500,112],[530,-96],[140,-41],[656,-813],[605,-186],[476,-301],[334,13],[263,-104],[1013,99],[407,-395],[534,124],[255,-43],[305,-685],[733,-527],[270,-3],[368,193],[501,-165],[643,36],[301,219],[787,126],[290,-68],[320,47],[393,-77],[619,16],[395,-150],[263,33],[1598,770],[251,56],[843,578],[77,523],[258,204],[38,178],[-92,339],[-138,113],[219,250],[-203,322],[158,74],[17,316],[-232,301],[293,399],[145,497],[-38,113],[362,91],[106,248],[236,0],[181,263],[192,-35],[369,137],[6,202],[-133,205],[312,339],[-56,203],[67,417],[-114,355],[152,232],[-66,345],[216,305],[-14,174],[545,289],[262,5],[123,138],[-60,144],[92,140],[-90,79],[143,30],[0,189],[600,377],[408,-39],[-25,273],[147,109],[164,-84],[88,-362],[91,-59],[335,281],[126,-236],[470,-302],[89,-301],[250,-21],[180,-120],[236,21],[59,-90],[107,100],[246,-34],[147,-174],[287,-123],[50,-431],[165,16],[24,-208],[85,-35],[58,-568],[223,-161],[24,-182],[156,-231],[281,-171],[-106,-77],[14,-113],[335,-91],[-20,-278],[230,-130],[-147,-340],[186,-230],[148,4],[389,-364],[-11,-85],[-223,-5],[61,-176],[414,-20],[-11,-439],[105,-218],[-215,-57],[57,-524],[93,-140],[-34,-237],[158,-383],[250,63],[111,-380],[-303,-223],[-1,-173],[92,-121],[-181,-150],[185,-178],[150,131],[302,-116],[163,-248],[365,390],[150,-152],[198,87],[164,284],[409,-41],[107,39],[-57,154],[81,77],[291,24],[151,286],[28,302],[240,469],[75,394],[206,96],[128,344],[-26,194],[223,140],[183,1077],[351,541],[-47,385],[105,103],[109,497],[244,455]],[[1729752,3156073],[596,191],[515,312],[287,69],[274,-41],[714,630],[251,-76],[44,114],[199,-31],[124,340],[18,244],[-72,102],[212,410],[555,465],[404,126],[234,278],[534,113],[766,753],[375,176],[371,45],[500,472],[577,1296],[267,400],[-51,348],[79,268],[-9,517],[333,992],[812,699],[536,686],[340,61],[276,222],[263,398],[820,338],[498,67],[2269,-650]],[[1743663,3166407],[-400,-705],[-98,-640],[-604,-2341],[61,-797],[228,-641],[-38,-571],[1012,-1679],[-14,-304],[-254,-808],[77,-486],[427,-446],[1045,-797],[1199,-1152],[408,-23]],[[1744293,3084117],[79,-401],[-183,-268],[-550,-234],[-748,-159],[-771,-671],[-161,-922],[-1352,-1422],[-56,-223],[167,-1464],[-50,-760],[135,-425],[-37,-340],[-480,-302],[-1122,-355],[-326,-308],[-254,-380],[-231,-1545],[433,-1746],[705,-678],[518,-329],[5,-153],[-455,-1003],[-1246,-1413],[-48,-733],[103,-680],[-113,-539],[-639,-527],[-682,-195],[-175,-213],[-239,-816],[-17,-559],[390,-444],[1214,-516],[329,-234],[855,-1159],[366,-255],[584,-213],[623,-527],[329,-438],[0,-303],[-244,-722],[-911,-982],[24,-1587],[-205,-1061],[-283,-786],[-69,-427],[219,-819],[383,-457],[916,-712],[1398,-306],[267,-168],[422,-435],[95,-685],[310,-325],[-98,-235],[-392,-418],[-1038,-491],[-275,-214],[-753,-1446],[-164,-519],[-52,-655],[52,-259],[117,-225],[695,-768],[441,-1572],[-13,-904],[-343,-1010],[-377,-398],[-362,-219],[-284,-13],[-1628,325],[-262,-7],[-279,-91],[-547,-457]],[[1737953,3041217],[-854,-766]],[[1737099,3040451],[-127,323],[-345,441],[-476,178],[-522,-80],[-728,441],[-354,13],[-512,175],[-563,-204],[-258,153],[-345,-156],[-113,-142],[-237,44],[-75,-265],[-331,-74],[-124,-431],[-266,-80],[-409,-458],[-179,-498],[-177,-137],[-177,-25],[-384,127],[-399,-294],[-428,-52],[-363,-142],[-327,-5],[-731,-548],[-401,-10],[-297,-106],[-350,-464],[-237,233],[-244,-97],[-522,78],[-437,-124],[-464,-384],[-897,-70],[-189,95],[-378,-72],[-258,96],[-172,-168],[-137,66],[-140,-242],[-118,106],[-228,-406],[-143,-628],[-177,-196],[-27,-173],[-234,-109],[-346,-32],[-279,-238],[-227,-526],[-440,-129],[-318,-273],[-144,-379],[160,-377],[-255,-62],[30,-331],[-130,-494],[110,-270],[-84,-126],[-21,-381],[-707,119],[-125,-16],[-98,-120],[-221,80],[-115,-327],[-146,-145],[-266,-39],[-137,112],[-144,-136],[-75,147],[-284,-14],[-386,-340],[-413,-94],[-236,-269],[-80,139],[-112,13],[-39,164],[-388,-184],[-473,21],[-319,160],[-195,3],[-137,138],[-209,-98],[-157,32],[-211,-187],[-152,50],[-116,-106],[-128,15],[-1739,619],[-86,467],[-327,432],[-74,343],[-458,161],[-111,232],[-433,430],[-546,-58],[-986,725],[-54,167],[-389,149],[-230,45],[-525,-147],[-1147,368],[-521,251],[-316,410],[-313,205],[-226,639],[-627,1138],[-204,81],[-179,287],[-1742,-658],[-745,106],[-495,-369],[-459,219],[-436,-237],[-312,53],[-75,163],[35,136],[427,544],[-225,308],[93,1283],[-91,431],[-495,631],[-368,175],[-154,301],[-561,574],[-1079,625],[-308,591],[-582,237],[-92,233],[-928,1151],[-1085,772],[271,1043],[164,315],[-265,493],[36,452],[-561,930],[-31,163],[130,401],[-606,279],[-452,408],[-417,578],[-18,502]],[[1693169,3051457],[628,544],[12,167],[-247,454],[37,367],[316,401],[617,345],[163,178],[23,255],[-125,373],[931,1647],[0,332],[-623,1134],[-5,446],[367,380],[441,866],[823,1059],[202,188],[690,292],[-237,388],[-192,809],[-35,1012],[127,375],[381,469],[125,427],[-151,1544],[274,1038],[-162,508],[2,737],[309,716]],[[1697860,3068908],[865,485],[251,-43],[480,70],[769,-90],[1221,355],[1460,-366],[496,11],[543,314],[612,236],[290,476],[373,177],[293,259],[539,-20],[721,739],[941,-215],[446,-370],[813,36],[273,-85],[1130,-774],[806,-786],[245,-110],[402,12],[837,329],[599,695],[677,49],[513,-144],[467,129],[582,485],[726,935],[304,993],[235,504],[468,1610],[718,722],[708,206],[332,400],[511,83],[440,674],[955,921],[82,313],[-86,290],[34,416],[-234,308],[-283,850],[297,373],[-7,672],[375,453],[107,273],[-75,355],[202,308],[-139,127],[43,141],[-64,182],[151,156],[-6,281],[230,10],[201,187],[-91,402],[76,108],[706,-179]],[[1557170,3511556],[-540,73],[-267,116],[-287,199],[-787,874],[-481,119],[-1284,995],[-757,306],[-99,284],[-131,125],[46,62],[-75,299],[-635,-28],[-681,-226],[-337,-477],[-409,-182],[-629,-626],[-425,-769],[-142,-33],[-1259,154],[-1014,314],[-504,373],[-705,-114],[-485,255],[-817,594],[-650,297],[-814,525],[-372,28],[-295,-175],[-134,-1592],[91,-1472],[-225,-610],[-227,-100],[-133,-168],[133,-345],[-193,-742],[53,-199],[88,-52],[817,-69],[61,-51],[-17,-182],[-439,-552],[-36,-432],[-158,-423],[-501,-449],[-641,-871],[-413,-2262],[439,-492],[9,-389],[562,-958],[97,-630],[-88,-526],[-326,-414],[-654,-1239],[-303,-758],[-123,-970],[-801,-1583],[-338,-414],[-548,-332],[-464,-571],[-227,-1587],[12,-916],[97,-543],[-97,-522],[-772,-547],[-383,-141],[-629,-74],[-240,-191],[-578,-725],[-780,-725],[-890,-361],[-173,-422],[401,-486],[90,-404],[-360,-690],[-45,-382],[67,-541],[-282,-509],[-110,-677],[-284,-587],[-696,-1105],[-387,-318],[-189,-124],[-675,-187],[-724,-27],[-471,200],[-647,-14],[-274,380],[-389,267],[-611,137],[-156,236],[-1004,700],[-453,-80],[-921,7],[-760,625],[-369,43],[-413,-164],[-589,69],[-530,306],[-485,138],[-170,167],[-192,-1],[-128,157],[-186,3],[-195,351],[-565,-108],[-128,169],[130,-3],[-18,121],[-190,-4],[28,219],[-212,-17],[-32,114],[-165,9],[39,165],[-238,61],[-17,129],[-158,149],[-136,535],[-144,83],[-307,-7],[-635,-230],[-291,-343],[49,-137],[-79,-193],[-107,-24],[-1079,383],[-422,81],[-722,-52],[-925,211],[-457,212],[-513,447],[-126,285],[-751,-303],[-363,-54],[-433,-245],[-783,121],[-937,853],[-195,323],[70,153],[526,-57],[65,124],[-478,370],[158,456],[-32,231],[-432,238],[-72,347],[-364,365],[308,478],[-153,423],[-155,198],[-315,73],[-412,397],[-289,121],[-212,-43],[390,-263],[7,-109],[-90,-51],[-316,-30],[-446,-278],[-835,-218],[-840,108],[-37,-59],[172,-257],[-21,-123],[-142,-121],[-297,-53],[-114,104],[-176,20],[-332,-77],[-283,-296],[-162,-13],[-613,535],[-204,-359],[-322,5],[-30,209],[-112,112],[-227,-259],[-66,74],[58,408],[-166,20],[-26,-247],[-278,-107],[-23,-404],[-695,-576],[-246,-511],[-285,27],[33,-163],[-95,-184],[-194,-100],[-189,-315],[66,-452],[-74,-190],[-235,-131],[-121,-309],[-326,-170],[-1140,596],[-460,347],[-745,248],[-675,492],[-1073,404],[-213,267],[-289,0],[-65,64],[76,226],[-69,71],[-320,98],[41,-253],[-285,-51],[-134,146],[-69,279],[-262,-97],[-240,243],[-97,-226],[-124,-20],[-392,105],[-257,256],[-272,-57],[-275,118],[-114,92],[-350,708],[-351,202],[-838,820],[-737,206],[-85,102],[38,212],[-138,108],[-55,202],[-185,156],[-38,131],[-606,176],[-13,354],[-65,64],[-313,-60],[-21,144],[-213,14],[-320,-236],[-330,223],[-162,-77],[-570,-28],[-307,93],[-239,-52],[-182,53],[35,138],[-186,180],[79,184],[-206,139],[-44,-36],[-82,124],[-286,78],[-203,197],[106,214],[-70,382],[83,124],[-3,295],[-502,620],[284,347],[160,798],[-605,432],[-52,853],[-265,423],[-266,58],[-71,292],[145,179],[-121,44],[-68,191],[154,411],[-315,208],[67,429],[-181,154],[-8,162],[-118,116],[20,216],[-119,251],[-324,64],[-72,126],[-349,54],[-485,-223],[-344,38],[-1013,433],[-321,243],[-209,248],[4,202],[-467,631],[93,245],[-131,186],[110,229],[-207,478],[-159,861],[-317,191],[-701,986],[-553,505],[-220,456],[-498,699],[-1250,798],[-423,586],[-717,628],[-855,607],[-354,415],[-341,720],[-192,210],[-369,194],[-411,83],[-208,259],[-321,126],[-141,192],[-462,-150],[-279,60]],[[1471908,3514274],[-16,1181],[203,1704],[258,536],[645,424],[171,359],[369,2446],[197,595],[174,206],[397,122],[184,-71],[438,-381],[436,-59],[743,337],[401,506],[149,594],[-43,832],[-212,439],[-671,490],[-47,341],[97,220],[332,-151],[245,12],[85,-111],[814,146],[390,-161],[517,115],[478,267],[413,22],[140,-43],[215,-247],[709,-359],[337,62],[867,-77],[7267,2231],[1194,445],[229,-25],[931,297],[385,288],[290,72],[133,767],[210,36],[214,-89],[321,363],[94,-21],[311,173],[199,-52],[189,119],[185,273],[1137,-1448],[1590,-857],[639,-102],[83,-546],[393,-415],[336,-138],[266,-364],[371,-201],[212,-448],[233,-46],[238,91],[153,-265],[607,-214],[132,14],[242,240],[394,-13],[163,222],[803,-177],[62,45],[-80,203],[29,197],[566,77],[213,-188],[463,143],[612,1114],[529,354],[112,-31],[153,-231],[157,-13],[298,207],[-33,295],[61,58],[195,-35],[171,-284],[368,420],[313,67],[228,-233],[161,-46],[192,293],[359,-294],[326,199],[340,-172],[-6,-180],[93,-106],[324,31],[224,-114],[169,112],[55,295],[164,148],[678,-168],[233,99],[322,-16],[106,144],[-168,342],[26,279],[176,241],[332,103],[138,195],[-192,511],[62,134],[288,-171],[514,-545],[269,-1],[123,323],[135,94],[333,-459],[342,-22],[247,341],[-200,403],[16,169],[351,389],[-127,184],[-4,213],[366,80],[39,169],[261,202],[-18,164],[-245,320],[50,232],[895,379],[1733,-775],[594,917],[100,63],[271,-20],[124,251],[197,179],[229,723],[208,109],[269,-66],[99,453],[134,187],[744,193],[294,396],[189,-8],[106,-99],[24,-736],[308,-685],[142,-10],[87,83],[307,640],[142,108],[121,-13],[480,-558],[309,169],[154,-10],[-65,-607],[317,-421],[90,-8],[392,381],[239,38],[279,211],[643,19],[481,167],[42,277],[-78,770],[475,1036],[298,90],[174,143],[377,-113],[199,172],[282,14],[147,156],[180,9],[-45,394],[177,135],[140,8],[154,-193],[180,92],[546,2],[153,-442],[197,92],[109,269],[192,128],[292,386],[743,10],[215,-117],[561,47],[-60,-589],[99,-47],[160,97],[170,-286],[376,-153],[308,52],[67,140],[273,107],[396,-129],[609,109],[409,431],[378,79],[236,266],[-71,246],[227,246],[21,206],[244,56],[387,353],[227,391],[169,113],[176,-98],[-43,163],[240,59],[-37,163],[435,354],[185,-34],[317,194],[361,4],[477,137],[996,25],[32034,31728]],[[1619087,3721808],[-995,-420],[-540,662],[-175,-50],[-411,-894],[-52,-85],[-142,-18],[-178,266],[-406,331],[-287,-555],[76,-468],[-257,75],[-3052,-120],[-76,633],[-1162,759],[-658,574],[-357,-321],[-529,-167],[72,-197],[-598,-588],[163,-168],[-70,-260],[122,-84],[-100,-96],[139,24],[97,-206],[-101,15],[14,-125],[-85,-56],[141,-39],[-70,-170],[87,-245],[-114,-26],[119,-148],[-88,-54],[114,-312],[-17,-94],[-199,-55],[110,-98],[-43,-118],[-114,80],[30,-99],[-105,-22],[156,-160],[-282,-321],[152,-147],[-28,-77],[-141,4],[51,-70],[-67,-48],[81,-66],[-109,-58],[73,-163],[-117,86],[-33,-203],[-67,47],[-175,-170],[1,-90],[-170,-70],[48,-86],[-167,41],[30,-340],[-136,-61],[-17,-241],[-157,-138],[-159,-32],[-583,133],[75,-78],[2,-248],[-111,-54],[-37,-194],[-131,-97],[-12,-410],[-121,-153],[63,-173],[-38,-248],[-84,-101],[75,-143],[-115,-75],[13,-205],[-197,-62],[-260,209],[-265,-258],[-516,-31],[-101,-175],[-90,15],[2,-79],[-193,8],[-39,-142],[58,-54],[-114,-259],[-837,45],[-229,-115],[-96,102],[-88,-78],[-141,30],[-132,-140],[-218,-48],[-11,-86],[-113,38],[19,-186],[-146,79],[-102,-138],[-220,-45],[-9,-145],[-140,48],[-17,-113],[107,-116],[-49,-131],[110,-49],[53,-673],[-149,-223],[-225,-131],[-199,-15],[-53,-163],[-184,-90],[-58,-301],[-198,-138],[-67,-194],[-172,-76],[0,-438],[-471,-652],[-127,-57],[-422,-894],[-230,-197],[-315,-20],[-104,-84],[-86,-263],[-196,-104],[-94,-465],[164,-189],[-283,-96],[492,-557],[44,-140],[-377,-83],[-114,198],[-303,-94],[322,-241],[-72,-369],[337,-67],[136,-163],[-351,-183],[119,-327],[-383,-159],[51,-95],[426,-14],[-28,-329],[-153,-200],[-228,11],[-1,-251],[-141,-80],[190,-191],[-278,-278],[23,-83],[146,2],[20,-60],[-255,-650],[70,-48],[488,67],[94,260],[288,76],[94,-52],[-116,-389],[41,-148],[279,364],[156,20],[4,-209],[-173,-152],[-168,-372],[28,-225],[209,-8],[189,128],[69,-233],[57,0],[255,148],[446,-516],[186,-63],[247,5],[256,174],[293,-115],[187,153],[70,-132],[-103,-314],[550,-46],[-144,-424],[339,-65],[114,-168],[-330,-118],[-3053,-2527],[92,-108],[-7,-143],[293,-231],[76,-205],[286,-50],[641,-641],[-230,-348],[-39,-410],[-231,-560],[64,-451],[128,-252],[-348,-532],[-64,-622],[37,-218],[453,-585],[-61,-398],[230,-319],[-19,-395],[343,-318],[347,-153],[24,-144],[-179,-430],[92,-120],[-114,-204],[30,-222],[-285,-138],[-20,-397],[-73,-122],[-252,17],[-199,366],[-375,70],[-87,-77],[51,-246],[-183,-52],[49,-152],[-198,-497],[-157,-68],[-36,-125],[-122,22],[-33,-92],[155,-352],[276,-172],[59,-525],[-185,-231],[-393,-104],[-287,-268],[-94,-221],[31,-258],[-86,-406],[-162,-129],[-264,61],[-65,-89],[30,-195],[-162,-209],[-82,-47],[-30,111],[-77,10],[-171,-141],[-134,-461],[176,-70],[-7,-194],[140,-22],[20,-308],[-322,-101],[-11,-250],[-267,-68],[-268,-198],[-181,-16],[102,-87],[-109,-209],[108,-135],[-65,-163],[103,-167],[20,-264],[-186,-289],[44,-149],[-340,-160],[306,-210],[-59,-111],[168,-17],[-7,-143],[-437,-548],[-128,62],[-44,-230],[-99,-74],[-9,-61],[192,-59],[-105,-270],[104,-115],[-14,-415],[-213,-362],[8,-141],[131,-67],[-367,-467],[-212,22],[49,161],[-167,-11],[-25,78],[-134,-162],[-155,124],[-99,-332],[-108,7],[-389,-230],[-178,151],[-170,-306],[-116,140],[-62,-34],[19,-140],[-383,-3],[-286,-222],[-54,132],[-251,-79],[-306,35],[-77,64],[51,121],[-108,69],[-101,-76],[-274,-7],[-59,-174],[-205,35],[-247,163],[-177,-134],[-239,235],[-106,-94],[-217,28],[-88,105],[-211,-64],[71,-119],[-239,74],[-48,86],[-114,-82],[-138,291],[44,242],[-225,54],[-181,-112],[51,194],[-297,-20],[-95,148],[-91,-59],[-144,153],[-73,236],[-262,-33],[59,191],[-147,-52],[5,249],[-158,-19],[-105,77],[213,163],[-198,162],[-88,250],[305,123],[-178,105],[41,221],[-58,71],[-100,-22],[-43,-203],[-122,88],[93,176],[-57,55],[-516,-120],[-58,149],[-143,-47],[74,164],[-198,154],[123,146],[-259,127],[-298,-24],[-146,129],[-125,-123],[-420,53],[-159,172],[-126,-135],[-39,155],[-125,17],[-302,345],[-337,117],[54,105],[-65,70],[-130,-17],[88,-81],[-193,-209],[-61,-202],[-512,-217],[-389,-768],[-309,-104],[-164,19],[-53,118],[-129,-76],[-128,95],[-81,208],[-165,20],[-111,160],[-208,93],[-24,-126],[-235,-128],[-265,-46],[-235,78],[-218,-262],[-239,174],[-120,-59],[-262,40],[-172,-155],[-393,-40],[-647,224],[-585,-78],[-294,162],[-24,141],[-180,107],[-625,50],[-174,-52],[-135,102],[-259,-149],[-508,-122],[-317,87],[-209,-85],[-165,79],[-272,-212],[-413,35],[-230,310],[-345,152],[128,91],[-244,854],[-440,753],[-431,538]],[[1575415,3683781],[370,494],[94,-81],[263,60],[600,476],[596,61],[350,-128],[242,10],[-48,570],[202,148],[-212,576],[-1221,251],[252,439],[-332,317],[-623,-276],[-112,26],[-192,70],[-805,776],[-428,23],[-184,-358],[143,-495],[-425,-535],[-552,-384],[-306,-714],[-382,-40],[-117,-688],[-154,-381],[-327,-268],[-314,-90],[-21,-129],[-324,-90],[-199,-339],[-332,-241],[-58,-253],[-228,-56],[-650,-486],[-477,-204],[-388,-551],[-597,-199],[-444,-1],[-768,-1597],[-844,424],[-173,-77]],[[1566290,3679841],[-1032,537],[382,568],[15,266],[-638,483],[-306,-778],[-322,-312],[-613,327],[-291,-128],[-294,20],[22,-64],[-137,-80],[-188,116],[-787,33],[-357,153],[-242,-2],[-48,-791],[-891,-172],[-417,-1205],[-314,129],[-442,34],[-417,411],[-235,-176],[-105,-373],[48,-172],[-196,-457],[-724,-343],[-285,-640],[-538,-519],[-749,-519],[-1019,-411],[-850,-222],[-543,23],[-114,-292],[68,-330],[-26,-105],[-108,-43],[-26,265],[-217,307],[328,106],[162,237],[-66,166],[141,121],[-124,87],[-149,-44],[44,173],[-166,-69],[-56,51],[-84,193],[105,351],[-360,230],[-97,-73],[-201,315],[-125,-74],[-71,99],[351,1730],[580,367],[-287,638],[-529,-114],[-126,548],[-374,134],[-104,376],[-520,178],[-259,-88],[-341,199],[-328,964],[-127,861],[-784,576],[1628,724],[-697,16],[-281,117],[-360,584],[595,587],[144,362],[84,-15],[649,-1007],[644,351],[-765,1672],[-211,1029],[-954,1116],[729,858],[664,547],[102,1183],[694,1298],[-1541,1017],[-848,199],[-331,0],[-198,292],[-214,987],[-148,194],[-215,114],[-695,-178],[-1254,434],[-701,479],[-794,345],[736,1473],[384,134],[479,648],[-2011,-3],[-528,123],[-605,604],[159,403],[95,643],[-512,434],[-157,253],[-494,126],[-696,369],[-302,346],[-1145,899],[-902,9],[-253,-285],[-725,567],[-795,253],[411,198],[334,343],[-23,517],[-129,266],[-297,148],[-584,698],[-239,-90],[-145,118],[-12,226],[-200,239],[-48,588],[-117,134],[-135,-51],[-204,121],[-209,276],[-93,332],[-246,161],[-362,430],[-44,127],[71,294],[301,276],[-114,338],[-535,5],[-411,370],[-541,78],[-289,221],[-485,195],[-628,-17],[-515,365],[-24,189],[-134,122],[-1126,151],[-514,157],[-477,-114],[-395,89],[-218,675],[198,532],[-379,642],[-195,91],[-66,178],[-386,203],[-1322,1194],[-656,307],[-18,508],[125,82],[134,-35],[46,94],[-69,113],[-123,12],[29,181],[-116,-49],[-29,176],[-105,8],[17,78],[-99,48],[475,455],[64,368],[-334,266],[38,302],[-331,55],[-332,-137],[-720,365],[573,3469],[193,646],[-239,1240],[695,1010],[103,330],[-219,441],[-14,524],[60,173],[421,309],[39,447]],[[1527323,3726719],[487,-407],[489,-240],[379,-571],[470,-71],[434,-314],[457,-665],[242,-131],[204,188],[256,104],[275,4],[459,275],[276,-13],[609,-563],[550,-26],[222,155],[600,1235],[100,253],[26,538],[169,204],[548,125],[814,701],[532,108],[663,480],[1916,2310],[685,1388],[360,388],[1405,326],[278,183],[46,635],[92,244],[1038,639],[260,549],[183,106],[123,274],[138,412],[-46,274],[-365,397],[-107,199],[-14,259],[152,244],[397,106],[229,274],[1053,471],[640,815],[5,252],[100,208],[680,561],[210,409],[-72,346],[495,47],[513,299],[280,103],[277,-14],[426,180],[313,-159],[217,8],[872,610],[81,1419],[-257,1477],[70,563],[566,595],[725,470],[359,439],[-61,561],[-108,254],[-1100,1976],[-82,280],[13,807],[71,118],[-100,167],[43,97],[655,40],[397,-320],[698,221],[213,-139],[14,-278],[-214,-167],[71,-264],[511,-543],[-49,-365],[147,-372],[-86,-264],[612,-43],[-15,-361],[242,-154],[-44,-375],[-99,-69],[-1,-181],[86,-84],[754,27],[99,-111],[-57,-237],[227,-70],[142,-195],[85,-347],[-29,-111],[-156,0],[-128,153],[-341,0],[-1,-166],[114,-167],[241,-154],[299,-56],[498,124],[361,-23],[61,193],[949,602],[443,169],[462,-107],[122,124],[62,434],[113,170],[523,381],[44,460],[514,356],[-8,502],[-130,221],[167,278],[287,29],[762,-321],[1149,16],[780,266],[180,207],[127,231],[66,870],[381,745],[73,333],[-7,2273],[251,825],[582,1079],[718,887],[410,346],[477,266],[282,21],[495,250],[1319,1771],[719,806],[421,752],[234,1032],[-70,259],[-524,642],[-252,143],[-169,208],[-501,253],[-801,248],[-1141,-324],[-564,-73],[-1412,46],[-970,489],[-2030,248],[-550,154],[-855,573],[-935,376],[-119,128],[-431,1098],[-430,2169],[-1221,1695],[-604,413],[-1336,566],[-1359,701],[207,119],[180,251],[192,85],[-53,172],[137,58],[122,-93],[74,164],[143,20],[-63,129],[78,83],[-90,211],[149,197],[154,85],[203,-154],[145,71],[42,236],[272,155],[336,491],[244,829],[386,362],[-48,400],[-182,156],[-194,-17],[-137,95],[-36,266],[140,141],[-74,234],[426,431],[346,-15],[388,249],[92,302],[142,174],[-95,450],[25,474],[243,288],[141,410],[42,500],[-736,1174],[-89,676],[-478,83],[-636,232],[-573,486],[-113,608],[197,591],[-45,525],[-191,22],[-107,254],[-399,99],[22,127],[-343,768],[-461,166],[-315,442],[-658,387],[-66,125]],[[1969258,2870791],[-249,375],[-451,102],[-163,349],[-407,78],[-216,280],[-326,-100],[-318,-217],[-460,279],[-288,29],[-188,206],[-629,298],[-318,441],[-384,-28],[-544,646],[-175,9],[-257,-150],[-222,396],[-442,58],[-213,-45],[-222,-199],[25,-206],[-143,-91],[-155,41],[-382,368],[-457,-533],[-1158,-532],[-36,-460],[-123,-285],[239,-196],[29,-114],[-329,-422],[-175,-112],[-235,81],[-149,316],[-143,95],[-989,68],[-103,-584],[-226,-27],[-287,158],[-195,-65],[-90,-147],[4,-288],[-95,-85],[-285,193],[-320,66],[-73,151],[49,306],[-112,133],[-316,-42],[-501,-225],[-359,196],[-885,91],[-169,108],[-400,45],[-960,474],[-253,303],[-566,-203],[-1033,33],[-494,-434],[-106,-343],[-95,5],[-125,151],[-236,-83],[-192,-425],[-7,-182],[-524,-468],[139,-616],[-344,-226],[-102,-261],[288,-334],[82,-271],[-294,-245],[-174,-10],[-659,368],[-925,265],[-672,-138],[-233,206],[-331,98],[-159,-31],[-180,-207],[-629,93],[-105,-84],[-42,-697],[-290,-468],[-234,14],[-891,448],[-128,-55],[-110,-232],[-295,96],[-389,-598],[-104,-465],[-379,-432],[-20,-231],[-154,-170],[-376,-61],[-530,377],[-242,290],[-302,-118],[-442,59],[-88,139],[-268,121],[-274,268],[-612,-361],[-570,-18],[-467,-485],[-166,-78],[-190,-2],[-219,135],[-674,-151],[-117,48],[-65,283],[-216,300],[2,434],[-95,180],[-368,154],[-579,70],[-426,181],[-1214,953],[-237,-37],[-449,-354],[-274,64],[-219,153],[-163,297],[196,432],[-26,155],[-330,19],[-1468,-254],[-197,30],[-224,192],[-428,93],[-277,156],[-876,749],[-821,875],[-805,332],[-1177,98],[-423,190],[-307,265],[-173,514],[-555,155],[-428,231],[-1818,1264],[-457,169],[-1695,88]],[[1920188,2874839],[15590,9481],[-616,409],[-923,216],[-927,620],[-153,37],[-501,-104],[-968,214],[-147,-62],[-170,-401],[9,-395],[-370,-293],[-146,-539],[-501,-431],[-239,-461],[-287,-29],[-227,-180],[-533,-11],[-415,213],[-507,85],[-367,329],[-443,847],[-539,306],[-972,179],[-447,319],[-182,453],[-416,492],[-219,17],[-643,421],[12,268],[-205,441],[-1188,337],[-317,414],[-2078,1237],[-290,104],[-654,40],[-726,401],[-1215,427],[-73,156],[173,161],[952,516],[372,63],[907,-22],[512,187],[2149,508],[463,26],[1415,-182],[1868,-642],[259,5],[2775,739],[1709,160],[1501,-17],[1197,414],[744,-152],[1088,-98],[436,170],[811,40],[1411,543],[766,45],[1505,419],[876,124],[979,584],[608,267],[653,571],[349,200],[227,-67],[725,-485],[299,-85],[916,107],[771,316],[1488,775],[625,1479],[286,250],[776,1243],[249,570],[494,339],[354,-32],[544,-222],[957,-94],[3637,-156],[539,-240],[454,-326],[290,-84],[336,35],[412,170],[1106,35],[554,234],[896,184],[606,-684],[374,-1064],[258,-367],[386,-165],[1335,-177],[1044,-602],[1521,-481],[671,-329],[1205,145],[619,260],[545,82],[912,-31],[489,-311],[922,-139],[451,25],[1071,577],[264,-26],[2346,-1361],[857,-330],[780,-31],[1335,266],[573,209],[323,6],[1469,-260],[136,-126],[45,-672],[110,-386],[109,-89],[754,349],[632,152],[2379,-108],[825,158],[709,-158],[1366,-120],[310,82],[290,184],[1044,918],[445,57],[174,-57],[1276,-1064],[168,-38],[754,152],[187,-57],[213,-165],[406,-823],[1121,-589],[813,-703],[1166,-405],[1070,-222],[935,165],[213,146],[258,519],[122,70],[741,107],[426,152],[393,285],[825,348],[432,596],[606,297],[586,634],[761,177],[1283,570],[844,6],[160,232],[78,1059],[568,808],[-154,438],[-26,363],[251,131],[583,-79],[345,220],[134,-11],[84,-99],[17,-340],[162,-131],[524,22],[243,-144],[440,13],[539,-228],[107,68],[141,674],[280,43],[499,412],[354,-139],[137,199],[315,-97],[236,187],[169,-445],[302,-203],[48,-195],[293,-37],[155,-174],[1050,514],[224,-88],[39,-259],[87,-84],[267,97],[-190,276],[60,347],[86,5],[95,-229],[82,-21],[417,361],[629,-97],[378,458],[294,-143],[697,145],[186,-275],[159,-55],[625,64],[90,55],[167,420],[143,47],[146,191],[153,13],[242,-190],[9,-259],[315,-190],[220,-386],[-17,-156],[-378,-671],[-17,-347],[203,-322],[474,-59],[284,-148],[-51,-280],[285,-101],[219,149],[409,17],[275,302],[349,-110],[680,503],[435,-377],[311,141],[612,-637],[396,78],[359,-107],[278,-269],[333,-43],[191,-256]],[[1748467,3034099],[167,-417],[231,-295],[331,-51],[495,-352],[178,-343],[-36,-228],[82,-118],[394,-221],[96,-189],[230,-39],[14,-380],[325,-278],[-51,-288],[377,-234],[273,-304],[-18,-454],[117,-363],[-46,-270],[280,-77],[235,-218],[263,-75],[62,-213],[259,-259],[773,-487],[160,-20],[238,135],[222,-37],[707,-278],[1059,-579],[100,-308],[506,-406],[245,-535],[170,-178],[211,-39],[126,-266],[153,-130],[57,-220],[626,-646],[365,-756],[10,-381],[195,-301],[34,-410],[189,-136],[34,-204],[267,-177],[390,-37],[703,-470],[405,45],[329,-152],[926,1],[290,56],[266,158],[127,-186],[394,75],[106,-67],[151,-341],[350,70],[443,-114],[87,-204],[254,15],[82,-136],[269,-111],[153,23],[362,435],[816,179],[260,275],[648,-20],[261,-115],[640,212],[1029,-336],[188,-140],[272,132],[244,-339],[410,-198],[62,-876],[492,-748],[228,-600],[6,-276],[-228,-629],[-351,-593],[-134,-618],[-158,-337],[180,-737],[-315,-105],[-183,73],[-16,-194],[-267,-137],[-427,-394],[-137,168],[-155,-140],[-55,-653],[140,-742],[213,-362],[-91,-531],[131,-1129]],[[1763327,3008101],[-905,-357],[-764,-661],[-626,71],[-560,-669],[-416,-208],[-136,-176],[-302,-68],[-361,-269],[-198,-27],[-661,-477],[-229,-8],[-567,-220],[-558,-585],[-484,-107],[-377,41],[-877,-879],[-178,79],[-266,-406],[-97,-365],[-318,-339],[-114,-538],[17,-292],[-193,-176],[-237,-605],[-226,-98],[-393,-498],[-259,-62],[-434,-398],[-48,-365],[-222,-443],[-745,-39],[-279,88],[-188,-28],[-272,167],[-334,77],[-381,-203],[-455,40],[-306,-153],[-549,-88],[-642,232],[-288,191],[-348,-139],[-252,144],[-556,-278],[-448,-447],[-512,-50],[-205,-208],[-374,-8],[-418,-420],[-810,-50],[-489,446],[-379,79],[-631,-147],[-168,-143],[-454,150],[-398,-236],[-1079,-391],[-2067,27],[-1091,132]],[[1737220,2997741],[-109,234],[-23,377],[336,1018],[14,402],[-3,402],[-364,1512],[137,818],[852,1048],[553,1010],[410,556],[735,812],[514,1297],[66,876],[-144,1048],[-416,1119],[-46,377],[170,205],[299,-7],[330,158],[154,359],[-37,1111],[-69,432],[-267,726],[-4,446],[103,503],[311,583],[245,773],[106,1132]],[[1741073,3017068],[106,569],[-179,1902],[-326,622],[-673,442],[-271,317],[-121,1891],[-750,1226],[-179,978],[157,751],[307,608],[52,676],[1160,2574],[14,2920],[-197,629],[-260,302],[-289,173],[-644,97],[-934,-263],[-764,76],[-527,266],[-260,521],[-183,453],[-293,1276],[-55,1676],[256,683],[297,280],[230,374],[84,921],[92,259],[176,184]],[[1737953,3041217],[934,-738],[99,-191],[518,-499],[386,-755],[257,-148],[205,-285],[66,-426],[315,-626],[143,-131],[825,-547],[559,-255],[713,-226],[328,2],[155,-146],[405,-70],[325,-251],[-60,-407],[82,-143],[448,-330],[261,-13],[378,291],[317,-381],[548,-84],[208,-229],[656,-139],[243,-126],[602,-47],[598,-218]],[[1911994,3116301],[860,-152],[631,218],[431,-144],[1549,-39],[224,-98],[423,-33],[333,-166],[67,-312],[790,-692],[21,-164],[-122,-301],[394,-12],[419,-310],[-94,-258],[203,48],[461,-101],[638,-354],[223,113],[207,0],[450,-229],[242,141],[245,-328],[294,64],[135,-255],[171,64],[508,-135],[238,86],[469,-202],[189,-182],[210,-11],[98,-191],[260,-80],[122,-278],[48,-932],[1097,-575],[251,-78],[211,102],[151,-79],[243,54],[347,-278],[61,-703],[-229,-247],[-76,-474],[-544,-631],[-33,-276],[-871,-73],[-616,63],[-421,-223],[-523,50],[-1363,-723],[-130,-263],[13,-203],[345,-432],[265,-634],[215,-268],[64,-287],[-77,-92],[-411,-97],[-835,-546],[-428,-73],[-118,-145],[-389,-811],[65,-355],[-61,-770],[164,-316],[13,-273],[-253,-526],[-390,-461],[-338,-265],[-515,-797],[124,-598]],[[1918339,3098773],[-248,-620],[104,-333],[290,210],[108,-262],[-274,-282],[-68,-250],[21,-194],[237,-384],[-12,-227],[-349,-264],[-456,-687],[-855,-158],[-170,-304],[-478,-442],[-777,-35],[-513,-335],[-433,105],[-348,324],[-462,-454],[-165,-462],[-172,-177],[-396,-176],[-886,-664],[-696,37],[36,-628],[-220,-376],[-748,-157],[-388,573],[-270,-12],[-140,-51],[-251,-301],[-449,-264],[-348,67],[-210,-62],[-133,-185],[-11,-207],[190,-547],[-89,-480],[70,-237],[-637,-117],[-222,-232],[-137,-354],[-285,-215],[-206,-81],[-272,72],[-672,-752],[-300,-97],[-79,-246],[-333,-109],[-50,-66],[82,-93],[-171,-251],[-356,-159],[-184,-222],[-47,-368],[-136,-310],[12,-350],[85,-280],[315,-218],[107,-506],[-255,-90],[-550,519],[-279,-130],[-233,8],[-200,345],[-379,70],[-92,-70],[-500,7],[-98,334],[-415,161],[-1137,-5],[-366,-41],[-189,-120],[4,-317],[91,-209],[-194,-102],[-310,-335],[-1266,-283],[-233,-121],[-190,-329],[67,-259],[338,-592],[331,-367],[104,-311],[244,-72]],[[1899187,3082609],[-656,-482],[-296,349],[-265,-8],[-292,194],[-337,-29],[-111,-139],[-186,-3],[-206,-354],[-32,-224],[150,-273],[-39,-85],[-272,-120],[-125,120],[-178,20],[-299,-270],[-216,-55],[-338,-234],[-141,1],[-282,349],[-459,273],[6,245],[-145,255],[29,450],[-319,146],[-239,-98],[-401,23],[-84,127],[-332,-45],[-202,196],[-287,34],[-43,130],[-194,71],[-180,342],[-604,273],[184,434],[-232,297],[-677,217],[-298,-67],[-1044,-920],[-278,-17],[-527,282],[-475,-8],[-289,138],[-332,32],[-315,-332],[-488,-116],[-57,-121],[-461,-191],[-191,-274],[-586,-242],[-713,-543],[-375,2],[-219,-280],[-253,-160],[-73,-173],[-435,-125],[-210,-384],[-151,-49],[-31,-235],[-513,-53],[-19,-194],[-125,-51],[-15,-113],[-502,-385],[-409,-116],[-97,-109],[-163,0],[-184,-228],[-385,-105],[-185,-276],[-159,-94],[-12,-489],[-476,-144],[70,-210],[-185,-134],[-332,-45],[-68,-86],[-665,-229],[-97,-108],[-36,-276],[149,-100],[-162,-299],[-111,18],[-178,-175],[-1045,122],[-594,181],[-97,-30],[-115,211],[-150,-143],[-138,69],[-630,-151],[-416,-320],[-4,-563],[-777,-506],[-655,36],[-395,-290],[-529,-145],[-229,62],[-543,-296],[-397,-120],[-314,0],[-767,-288]],[[1870432,3074781],[-426,487],[76,166],[-35,243],[363,169],[-96,475],[-60,-24],[-203,372],[136,300],[-222,390],[-80,377],[68,203],[-149,362],[414,185],[-72,184],[-354,58],[159,323],[-377,430],[125,77],[65,300],[-95,138],[-32,284],[-201,57],[-415,460],[106,275],[-443,531],[14,633],[-259,439],[-169,575],[-482,587],[-345,-45],[-131,84],[-85,-76],[-208,139],[-113,-183],[-931,-335],[-431,90],[-108,115],[-203,289],[48,819],[144,96],[-16,180],[184,108],[52,211],[-288,348],[-215,453],[-409,236],[-536,577],[-132,286],[-501,352],[-96,368],[-214,142],[-191,-52],[46,151],[-147,45],[-73,195],[-614,321],[-656,588],[-186,396],[-339,314],[-295,154],[-112,163],[2,227],[-272,319],[66,368],[-101,266],[47,277],[-272,363],[-334,234],[-54,90],[71,79],[-209,185],[-191,54],[-60,-78],[-446,101],[-310,-154],[-250,226],[-368,96],[520,385],[13,170],[-174,272],[-22,241],[-159,342],[-488,394],[-233,78],[-177,318]],[[1857286,3095219],[346,96],[318,460],[178,82],[287,-92],[383,13],[423,-317],[241,-69],[742,775],[789,-391],[178,-5],[770,372],[586,417],[279,13],[296,-115],[542,77],[919,347],[1494,246],[330,205],[497,-198],[721,87],[639,-160],[878,-25],[670,-294],[316,102],[320,315],[217,102],[1281,-74],[720,-198],[847,317],[763,507],[363,463],[63,622],[-180,511],[122,561],[-94,332],[198,310],[-20,585],[716,-66],[545,184],[412,319],[145,32],[1139,48],[443,-161],[314,-8],[346,594],[572,609],[735,394],[334,71],[652,441],[56,168],[-99,1547],[339,280],[126,215],[266,992],[215,27],[250,-246],[337,552],[28,402],[-187,394],[239,430],[-68,437],[489,480],[382,953],[135,51],[596,-301],[383,41],[912,1297],[559,225],[239,270],[721,500],[515,222],[429,724],[488,81],[757,570],[224,-7],[326,-288],[616,340],[612,-179],[544,-11],[365,250],[381,29],[244,114],[698,538],[373,485],[426,223],[154,179],[-89,346],[168,234],[75,292],[-16,1069],[64,183],[814,-207],[348,67],[207,-98],[145,77],[40,-149],[286,-19],[135,-167],[931,-532],[489,-13],[383,-378],[601,124],[382,-61],[1239,-699],[1283,277],[444,-132],[761,199],[404,-49],[501,-284],[694,38],[191,-439],[929,-1151],[71,-316],[353,-407],[109,-371],[209,-348],[136,-154],[276,-60],[118,-116],[52,-342],[134,-252],[-123,-270],[22,-186],[93,-75],[512,-54],[666,16],[173,215],[365,20],[43,276],[211,79],[176,-146],[232,40],[129,-96],[1412,-22],[417,67],[198,191],[-112,462],[58,380],[-89,100],[-336,98],[-79,213],[174,634],[367,298],[1,196],[-152,191],[-10,169],[241,596],[276,335],[148,526],[-17,247]],[[1823293,3122368],[-170,23],[-325,-122],[-511,-318],[-729,-158],[-443,-206],[-274,-244],[-553,-3],[-268,-248],[59,-256],[-238,65],[-351,-254],[-152,-6],[-168,155],[-123,-32],[-270,-346],[-344,-75],[-186,-351],[-431,-176],[-90,-614],[-72,-110],[-181,-39],[29,-137],[175,-22],[45,-136],[-63,-88],[93,-131],[-48,-134],[134,-218],[-67,-323],[-128,-26],[-128,80],[-94,-70],[-60,-221],[121,-428],[-230,70],[-373,-181],[-268,-27],[-290,-257],[-244,-652],[-287,-255],[-348,-37],[-500,-252],[-134,268],[-86,-9],[-170,-138],[105,-243],[-99,-388],[-394,-266],[-767,96],[-302,-174],[-281,-16],[-651,671],[-98,411],[-232,437],[-584,616],[-226,142],[-703,-174],[-491,476],[-647,461],[332,-906],[-138,-884],[-408,-84],[-472,-219],[-518,142],[-347,-173],[-623,-132],[-469,-300],[-37,-116],[-356,-182],[-186,-382],[-560,-146],[-92,-103],[-436,10],[-271,148],[-130,-30],[-16,96],[-343,39],[-93,-58],[-307,151],[-100,204],[-184,91],[-159,-35],[-253,-189],[-176,-14],[-251,-323],[6,-89],[-121,6],[-216,-288],[-278,112],[-119,159],[-150,-5],[-477,-515],[-352,-86],[-235,-211],[-475,-108],[-400,16],[-296,-107],[-207,-255],[-77,-690]],[[1799192,3112322],[-514,489],[-1038,1702]],[[1797640,3114513],[149,4],[595,630],[215,526],[-88,688],[-452,812],[-109,419],[223,948],[51,100],[464,244],[118,498],[-350,538],[-80,286],[59,481],[-140,352],[-265,249],[-882,435],[-206,248],[-17,1678],[-620,1596],[-363,335],[-936,71],[-473,257],[-459,455],[-42,493],[-701,589],[-109,493],[-414,476],[-194,129],[-544,74],[-447,-174],[-329,-8],[-168,356],[-405,386],[-21,107],[299,369],[51,174],[-30,605],[-88,236],[8,386],[203,368],[-76,452],[4,986],[-198,394],[-68,514],[-637,841],[-481,327],[-295,62],[-426,-112],[-308,75],[-92,75],[-64,290],[-265,141],[-388,53],[-414,-99],[-413,145],[-468,406],[-742,439],[-654,978],[-316,191],[-123,232],[4,551],[-95,290],[-433,112],[-129,392],[230,860],[96,97],[331,63],[28,791],[276,618],[37,504],[117,229],[-25,1271],[-473,727],[-95,709],[-500,381],[-418,667],[-329,745],[-1351,1243],[-738,990],[-147,127],[-169,12],[-206,-106],[-350,12],[-494,166],[-62,383],[-230,468],[-28,308],[-307,619],[-74,498],[-734,419],[-402,616],[-290,752]],[[1777759,3153326],[-282,393],[6,645],[130,611],[-24,1067],[425,898],[-176,386],[-636,654]],[[1777202,3157980],[293,636],[-98,363],[20,244],[550,837],[330,341],[192,574],[-77,379],[-374,445],[-14,140],[942,640],[65,221],[-123,223],[266,426],[-230,794],[15,671],[-87,493],[67,563],[-282,782],[87,612],[-73,722],[-203,581],[34,374],[-117,320],[16,205],[249,456],[-4,488],[-395,423],[-150,1476],[-167,367],[-291,285],[-71,182],[186,186],[511,71],[142,124],[-34,469],[285,333],[46,264],[-306,908],[402,291],[126,285],[-134,905],[43,495],[-484,457],[27,444],[-318,462],[-137,1094],[-830,1145],[493,571],[97,229],[35,469],[-136,438],[267,861],[-19,949],[-197,673],[-299,574],[-235,253],[-24,516],[-658,1133],[-342,2277],[-466,1829],[-70,723],[291,758],[-27,422],[-282,674],[-335,1505],[495,411],[105,162],[-8,146],[-601,2289],[-118,1376]],[[1775063,3200414],[8751,-9757],[23,-258],[186,-375],[430,-650],[406,-175],[1273,-48],[563,-240],[883,-835],[368,-228],[401,-42],[624,142],[487,-194],[556,-1066],[5,-615],[-193,-934],[84,-258],[2106,1508],[678,978],[-214,1169],[53,814],[-224,1948],[159,411],[392,140],[527,574],[927,8],[742,-129],[486,50],[565,1415],[19,456],[434,641],[367,367],[548,847],[1182,-35],[462,118],[896,782],[525,801],[872,872],[387,709],[465,369],[1060,9],[584,-495],[668,-2294]],[[1804576,3196914],[199,-242],[89,-274],[-427,-399],[11,-536],[125,-384],[328,-205],[120,-814],[-225,-539],[223,160],[667,912],[483,-63],[431,273],[500,702],[542,582],[422,30],[694,-194],[130,-291],[44,-427],[-547,-269],[-334,-861],[187,-237],[99,-285],[42,-714],[461,-2],[297,-171],[-1,-328],[-95,-180],[78,-355],[693,-873],[414,-183],[382,81],[502,-173],[296,-199],[80,-465],[219,-172],[-53,-320],[325,-243],[3,-136],[-82,-64],[107,-141],[-57,-61],[74,-153],[350,-539],[211,-59],[310,-298],[42,-161],[-394,-444],[1,-330],[-243,-377],[631,-498],[63,-272],[-114,-31],[-35,-347],[-212,-206],[-296,-95],[-416,30],[-6,-166],[-735,-742],[-76,-314],[494,-576],[-112,-159],[-406,77],[-119,-571],[18,-70],[322,-121],[-88,-104],[-75,-412],[53,-313],[-109,-220],[250,-511],[-577,-508],[288,-73],[4,-182],[217,-103],[-75,-169],[186,-82],[-113,-93],[335,-129],[161,-216],[178,-87],[-2,-170],[-218,-96],[-86,-348],[336,-201],[-105,-70],[-297,-820],[-114,0],[106,-78],[-82,-248],[94,-134],[-94,-61],[12,-114],[-195,17],[-547,-401],[221,-585],[-596,-199],[-11,-210],[-373,-140],[-124,-130],[78,-128],[-195,-158],[59,-148],[-134,-12],[9,-138],[-101,-35],[13,-114],[-120,-120],[200,-19],[-99,-248],[-134,-106],[57,-159],[-151,-258],[25,-313],[-314,-329],[-49,-218],[285,-291],[573,-232],[237,2],[218,226],[255,115],[187,-24],[110,-164],[-233,-671],[500,-52],[137,203],[91,4],[392,-405],[69,-226],[-192,-313],[-22,-177],[164,-340],[295,-1342],[390,-476],[58,-268],[-123,-336],[-273,-173],[99,-245],[236,-71],[-218,-940],[403,-100],[134,-237],[392,-189],[73,-140],[466,-283],[352,-347],[662,73],[1237,-171],[179,-323],[362,37],[194,-73],[56,-116]],[[1816749,3164674],[-153,-99],[-4,-202],[-201,-172],[-138,-612],[-168,-233],[-340,-198],[-180,-283],[-390,-94],[-251,-256],[-222,183],[-634,-40],[-319,58],[-477,-98],[-496,96],[-96,-195],[-154,-102],[-915,571],[-555,-50],[-453,181],[-156,-99],[-125,289],[-127,71],[-383,-265],[-161,-13],[-269,-321],[-286,-24],[-332,-193],[-687,-61],[-144,-264],[-427,322],[-529,1],[-212,152],[-417,-283],[-232,2],[-207,386],[-200,79],[-355,-173],[-97,-180],[-16,-467],[-150,-342],[-126,-181],[-254,-66],[-672,368],[-215,18],[54,354],[-51,94],[-183,81],[-131,171],[-255,76],[-94,240],[-378,20],[-395,-559],[-257,-185],[-321,-17],[-208,-186],[-202,-319],[121,-154],[-27,-139],[-298,-116],[-279,-309],[-176,-33],[-221,151],[-552,-193],[-286,-240],[6,-332],[-171,-17],[-147,-162],[-210,-81],[-107,-165],[-133,28],[-87,280],[-90,16],[47,-313],[-467,-105],[-94,-115],[-9,-362],[-142,-66],[-23,86],[-91,-2],[-227,-446],[-653,-61],[-50,271],[-186,-89],[-84,-193],[-185,-136],[-126,-494],[-111,26],[22,-254],[-216,-182],[-36,-176],[61,-115],[-145,-393],[82,-96],[-274,-116],[-707,-849],[-52,-95],[50,-428],[-225,-508],[-540,-684],[46,-148],[-80,-217],[-223,-181],[310,-550],[454,-395],[1697,-412],[161,44],[245,352],[974,44],[837,-232],[238,-186],[143,-205],[203,-701],[349,-557],[1389,-1410],[199,-345],[-71,-236],[-406,-485],[533,-883],[624,-380],[317,-406],[581,79],[248,-122],[224,-876],[305,-337],[440,-37],[694,-271],[184,-131],[81,-281],[164,-140],[813,-196],[136,-576],[-38,-321],[65,-282],[103,-117],[351,-80],[379,-237],[587,-717],[316,-866],[801,-243],[568,-890],[404,-33],[313,-228],[482,-132],[-8,-434],[145,-342],[-86,-951],[144,-204],[-145,-259],[-103,-727],[387,-1123],[-329,-235],[-333,-539],[249,-381],[594,-277],[248,-198],[319,-452],[295,-128],[289,-386],[186,-97],[100,56],[741,-47],[889,-700],[77,-495],[-188,-447],[808,-364],[241,-412],[-332,-411],[300,-455],[-461,-1765],[412,-614],[241,-140],[738,-133],[529,-199],[643,-732],[755,-251],[164,-157],[10,-284],[151,86],[224,-5],[118,354],[153,-78],[76,251],[320,157],[406,8],[211,-140],[182,87],[249,-480],[546,-364],[110,-517],[1490,-671],[239,-434],[278,-296],[66,-493],[133,-272],[317,-313]],[[1832475,3081624],[-86,-788],[-189,-330],[-59,-305],[52,-187],[147,-135],[404,-51],[446,-773],[499,-336],[62,-259],[344,-171],[212,-281],[110,-189],[-30,-253],[202,-206],[-87,-174],[42,-242],[146,-325],[209,-52],[160,-499],[460,-470],[1238,-956],[879,-1084],[-1,-293],[-194,-410],[-33,-377],[-175,-61],[-61,-287],[-6,-852],[-171,-258],[-139,-63],[-82,-208],[112,-557],[-84,-19],[14,-85],[323,-853],[-586,18],[-180,-121],[-387,-1096],[-545,-75],[-160,-128],[-141,-426],[58,-212],[-115,-153],[-625,11],[-766,-275],[-633,2],[-969,-152],[-534,-221],[154,-480],[-90,-266],[-82,-35],[32,-128],[-143,-120],[133,-747],[192,-243],[-159,-91],[614,-1148],[258,-710],[239,-957],[-31,-339],[90,-97],[68,-345],[527,-1151],[200,-141],[140,-249],[147,-523],[-109,-312],[355,-1723],[170,98],[103,-246],[299,-26],[-273,-242],[34,-287],[280,-119],[-83,-291],[143,-138],[74,19],[65,-246],[-65,2],[-6,-97],[188,-173],[13,-108],[115,-25],[98,250],[178,175],[-11,-245],[161,-104],[-24,229],[23,58],[81,-41],[-69,-478],[19,143],[-200,126],[-108,61],[-64,-115],[37,-583],[216,-608],[-31,-1035]],[[1792225,3077121],[680,1147],[440,503],[-147,582],[103,326],[-31,357],[609,510],[-46,194],[119,1094],[273,1003],[189,1094],[-109,451],[128,174],[-122,465],[107,412],[-101,177],[22,146],[-200,256],[-46,416]],[[1794093,3086428],[1296,-709],[506,-610],[1591,-723],[954,-717],[76,-146],[163,51],[208,-148],[-446,-359],[307,170],[77,-51],[191,149],[1446,-767],[420,-324],[506,-610],[1467,-930],[1046,-360],[210,-162],[1002,-196],[689,6],[69,156],[145,0],[-15,86],[256,-15],[-79,119],[50,145],[131,16],[124,155],[326,781],[698,1194],[78,575],[201,403],[-124,-10],[40,257],[340,589],[-201,67],[-348,320],[-260,-203],[-300,281],[327,451],[199,-61],[343,105],[-43,1003],[542,1016],[725,1031],[2377,591],[420,156],[323,237],[856,1488],[166,526],[227,220],[281,579],[420,458],[122,309],[39,729],[650,550],[221,774],[898,-833],[464,-913],[439,-539],[670,-572],[1191,41],[1092,-828],[446,-199],[357,-89],[650,-2],[268,153],[357,58],[466,-350],[166,-363],[231,-960],[60,-1749],[-110,-992],[53,-947],[127,-369],[1731,-2590],[723,-1846],[599,-1037],[767,-168],[824,123],[873,1166],[1059,124],[942,9],[1040,-230],[95,114],[116,-33],[173,139],[298,-1],[282,237]],[[1675091,2900272],[294,294],[586,50],[208,-56],[390,-409],[189,-18],[391,377],[220,452],[700,471],[932,309],[800,-37],[643,-427],[712,-706],[844,-953],[614,-973],[1018,-370],[1600,-266],[567,-260],[907,-235],[832,-186],[976,-74],[359,216],[712,972],[366,291],[1786,1081],[636,161],[187,237],[796,446],[806,925],[799,201],[951,631],[944,42],[1061,508],[1033,909],[602,421],[1035,521],[327,1047],[324,256],[351,473],[1162,979],[1063,491],[813,162],[842,1057],[801,221],[579,449],[717,340]],[[1707566,2910292],[182,-627],[-46,-239],[122,-123],[56,-530],[97,-160],[443,48],[173,-281],[218,-47],[500,205],[352,-72],[172,-148],[136,76],[615,-871],[12,-286],[-190,-96],[-9,-125],[349,-555],[-47,-547],[234,-454],[-159,-735],[383,-309],[255,-369],[2,-197],[298,-155],[691,-736],[253,-158],[772,-1144],[221,-553],[704,-647],[387,-4],[313,-162],[47,-96],[295,50],[437,-279],[546,-7],[430,-214],[132,-153],[264,-68],[-52,-1204],[161,-310],[310,-208],[19,-142],[169,-165],[-90,-99],[80,-94],[471,123],[196,-20],[125,-107],[134,30],[850,566],[381,107],[-36,380],[282,46],[120,-135],[111,192],[131,-33],[131,140],[233,7],[-73,363],[71,144],[152,124],[287,15],[70,92],[-9,896],[253,570],[246,5],[278,-227],[473,295],[118,-71],[4,-93],[-359,-593],[351,-235],[336,-112],[248,-745],[548,-325],[400,-936],[929,-318],[855,-41]],[[1741073,3017068],[-1275,868],[-400,14],[-389,-240],[-477,-60],[-404,-223],[-492,-20],[-304,-256],[-550,-49],[-639,-308],[-647,-53],[-606,-237],[-973,-63],[-752,118],[-321,153],[-352,-54],[-420,145],[-519,346],[-432,165],[-743,123],[-489,-76],[-1132,69],[-792,142],[-137,182],[-379,152],[-301,-29],[-883,173],[-488,-124],[-347,103],[-46,-768],[-187,-339],[-625,-381],[-352,-407],[-230,-433],[-617,-380],[-151,-373],[-350,-92],[-295,-251],[-47,-288],[84,-573],[-556,-818],[-202,-851],[71,-795],[-321,-654],[-725,-612],[-410,-626],[-265,-241],[-375,-166],[-607,-28],[-519,-356],[-315,-425],[-107,-303],[113,-571],[-121,-466],[179,-1010],[-149,-596],[-380,-774],[-269,-161],[-253,-3],[-434,317],[-1423,204],[-122,233],[-274,-358],[-69,-784],[-571,-132],[-477,-613],[-684,-453],[-131,-396],[-416,145],[-528,468],[-379,218],[-1417,623],[-936,89],[-1398,-479],[-226,-275],[-97,-263],[-352,-1517],[-189,-402],[-978,-714],[-982,-493],[-518,-121],[-245,-318],[-417,-319],[-143,-730],[283,-912],[-3,-396],[-115,-424],[231,-674],[23,-404],[-306,147],[-593,-140],[-64,-113],[153,-164],[-66,-153],[-296,-327],[-478,-199],[-141,-542],[-750,-1078],[-213,-128],[-560,7],[-456,-464],[-443,29],[-623,270],[-533,-42],[-390,-120],[-1065,-34],[-1084,-977],[-1098,179]],[[1695410,2991559],[-33,141],[-613,733],[-762,465],[-520,764],[-495,453],[-337,471],[-548,310],[-217,979],[709,308],[223,641],[31,715],[-130,435],[-301,468],[-27,480],[-130,338],[-335,277],[-718,216],[-68,334],[-176,310],[-53,472],[15,539],[300,245],[245,540],[-120,561],[101,519],[397,593],[16,130],[-122,151],[-1353,361],[-439,735],[-181,568],[-315,494],[-2,192],[201,378],[1,171],[-219,890],[-611,1544],[397,718],[26,1009],[-56,127],[390,830],[-492,580],[-137,766],[56,192],[269,116],[137,189],[-172,529],[-232,1323],[353,1604],[158,223],[-3,372],[-90,121],[-706,285],[-228,287],[-459,331],[-1261,737],[-308,105],[-741,61],[-664,520],[-63,189],[309,244],[209,336],[8,865],[-163,818],[-474,780],[-556,315],[-252,742],[-495,235],[-1016,913],[54,1268],[646,349],[372,525],[115,787],[568,1156],[-507,1139],[-759,643],[17,260],[-146,580],[314,731],[-256,434],[-1065,734],[-758,31],[-670,231],[-46,608],[-192,589],[126,410],[-93,354],[3,822],[-188,250],[-8,288],[143,326],[474,431],[135,386],[-132,1195],[-576,709],[-384,1586],[415,978],[33,798],[1119,60],[906,172],[544,7],[623,204],[581,6],[838,382],[268,302],[548,-228],[346,62],[487,319],[548,1254],[796,823],[346,541],[571,-61],[402,-249],[222,173],[187,295],[785,217],[248,286],[-130,290],[4,493],[298,255],[212,424],[495,-3],[746,460],[354,55],[622,378]],[[1719691,2929077],[-71,-176],[-389,-386],[105,-395],[-125,-406],[11,-245],[513,-772],[-269,-492],[2,-1565],[211,-216],[184,-47],[304,206],[407,575],[466,-276],[510,193],[154,-36],[-1,-580],[483,-218],[218,-274],[-757,-1057],[-112,-267]],[[1721535,2922643],[455,-854],[72,-552],[124,-69],[314,44],[448,-150],[313,-271],[274,-411],[-53,-447],[-456,-51],[-60,-522],[-173,-489],[-285,-154],[-352,-41],[-19,-823],[-383,-488],[-25,-184],[91,-287],[760,-883],[-59,-135],[19,-508],[-442,-192],[-62,-335],[-1248,130],[-258,92],[-818,-46],[-774,-205],[-1412,-124],[-938,-407],[-767,289],[-238,-26],[-770,-560],[-992,-327],[-675,189],[-967,8],[-469,-292],[-395,-106],[-427,-304],[-478,-91],[-884,-526],[-633,-255],[-544,-363],[-145,-167],[-250,-1208],[-388,-250]],[[1678450,2948961],[341,-18],[875,-448],[621,-464],[565,-149],[674,-7],[928,169],[506,7],[343,-250],[635,-721],[515,-146],[258,-263],[621,-1674],[429,94],[975,-140],[1020,7],[136,-283],[-96,-522],[436,-523],[178,-74],[30,-789],[198,-636],[275,-279],[1261,-766],[288,-305],[542,431],[609,831],[712,792],[515,110],[618,-165],[1173,-52],[191,78],[93,311],[158,198],[572,386],[915,-211],[304,-227],[508,-695],[691,-81],[218,-175],[492,-146],[1160,-701],[181,-546],[512,121],[516,-56],[277,-314],[516,-276],[135,-344],[889,22],[350,224],[604,75],[605,224],[545,315],[836,818],[280,499],[235,189],[182,55],[766,-42],[763,409],[572,418],[238,309],[244,681],[938,36],[1163,-91],[394,-434],[-82,-288],[-20,-1099],[-208,-320],[-288,-177],[245,-239],[41,-215],[175,-247],[-110,-400],[43,-315],[-208,-309],[135,-281],[-24,-404],[158,-105],[100,-402],[216,-175],[255,-1048],[-296,-1002],[69,-391],[-123,-221],[151,-283],[340,-235],[-9,-90],[-123,-71],[128,-82],[121,-438],[176,-188],[-13,-439],[-174,-505],[72,-378],[-93,-188],[4,-232],[173,-201],[52,-232],[223,-149],[423,-1057],[409,-247],[132,-309],[307,-175],[175,-206],[144,-71],[121,82],[84,-175],[107,-12],[3,-107],[265,-3],[128,-234],[220,-80],[198,-230],[71,78],[71,-34],[24,-161],[198,-208],[174,-35],[125,-186],[151,21],[259,-214],[13,203],[234,-233],[198,140],[209,-96],[199,160],[337,-18],[266,210],[228,57],[423,-1],[442,-285],[308,245],[265,-150]],[[1850560,3273502],[-471,-296],[-202,141],[-265,36],[-638,-141],[-284,18],[-216,-187],[-717,-88],[-246,92],[-390,-147],[-300,247],[-276,-32],[-92,141],[-608,54],[-182,119],[-180,-107],[-198,308],[-1326,-601],[-1024,81],[-810,-242],[346,-542],[288,-832],[291,-383],[459,-1144],[-118,-464],[129,-621],[-596,-1188],[-93,-619],[-242,-613],[11,-177],[-134,-182],[-124,-569],[-551,-539],[-99,-431],[-348,-395],[-26,-392],[-286,-202],[-220,-580],[57,-823],[-150,-489],[82,-191],[-129,-381],[19,-254],[-1234,-1235],[-325,-204],[-386,-58],[-284,86],[-255,-67],[-338,53],[-312,-127],[-115,177],[-324,-152],[-219,0],[-22,124],[-301,227],[-388,-144],[-262,-260],[-464,-105],[-250,-210],[-405,-124],[-526,-649],[-109,-240],[-245,-58],[-450,-326],[-346,-6],[-247,-262],[-186,-17],[-8,-152],[-287,-356],[-270,-64],[-160,-168],[-619,-265],[-126,11],[-31,232],[-127,151],[-1147,617],[102,614],[-100,163],[-88,-17],[-35,-125],[-181,31],[-94,-95],[-200,56],[-114,-394],[-689,-247],[-322,-317],[-437,67],[-1700,-720],[-264,149],[12,201],[1045,1457],[-113,315],[99,480],[-35,446],[-134,349],[-259,39],[-348,199],[-166,501],[-314,334],[-344,128],[-426,-93],[-538,227],[-18,1193],[-84,416],[654,1189],[-71,146],[-791,320],[-738,190],[-558,-58],[-225,232],[-57,256],[-310,86],[-437,322],[-418,591],[-413,-173],[-653,-28],[-600,368],[-316,21],[-1678,-904],[-562,-16],[-464,452],[-182,691],[92,681],[-302,396],[-257,98],[-764,1923],[-608,638],[-146,331],[-17,593],[154,712],[-41,368],[-183,446],[-138,1264],[67,990],[141,343],[-166,826],[-316,377],[-841,515],[-427,780],[-387,380],[-307,-18],[-257,-590],[-976,-928],[-377,-586],[-431,-477],[-255,-70],[-578,-403],[-344,-415],[-786,-313],[-325,-372],[-1,-385],[-318,113],[-140,-95],[-117,-275],[-298,72],[-648,-296],[-86,-475],[-69,-46],[-147,-12],[-149,128],[-368,-84],[-332,-425],[-259,40],[-377,-220],[-110,-134],[-4,-454],[-430,-346],[51,-392],[-74,-259],[-485,-277],[-135,-412],[-300,-253],[-548,-77],[-621,-290],[-453,175],[-162,-285],[-329,-135],[-74,-239],[-396,-349],[-1048,-111],[-382,-290],[-483,-109],[-217,8],[-186,105],[-1254,-288],[-1329,-170],[-205,-105]],[[1795111,3267200],[-209,37],[-354,552],[-528,197],[-360,288],[-244,548],[8,1057],[-356,770],[-436,415],[-325,107],[-290,298],[-550,927],[-174,1121],[433,1488],[-99,364],[-624,403],[-710,264],[-297,58],[-496,-70],[-1042,909],[-363,531],[0,670],[-265,582],[-34,275],[229,415],[-10,266],[-362,414],[-361,-25],[-124,63],[-162,463],[-232,168],[19,353],[-222,550],[74,253],[-39,317],[242,496],[-19,364],[-140,433]],[[1786689,3283521],[176,213],[877,348],[1991,1620],[634,326],[203,287],[488,1592],[792,1675],[862,1545],[383,1278],[203,425],[79,2160],[267,832],[226,1683],[346,978],[349,598],[846,458],[980,256],[557,-1],[552,-239],[390,94],[471,-15],[462,-199],[253,-19],[2106,80],[862,287],[600,573],[405,1239],[404,605],[2139,1227],[636,506],[976,425],[406,292],[366,522],[914,542],[216,475],[98,792],[696,1580],[389,856],[670,958],[234,550],[1605,1184],[901,786],[1060,394],[590,44],[858,202],[1331,551],[850,480],[343,277],[1203,642],[486,518],[919,764],[1941,769],[556,149],[414,11],[788,223],[655,70],[1241,-54],[1459,123],[2087,3],[705,109],[678,250],[902,544],[432,410],[1724,2271],[652,1229],[942,1230],[1248,1122],[897,560],[438,174],[439,62],[791,-73],[2739,-683],[2659,-982],[2048,-549],[312,-21],[504,207],[959,613],[1116,889],[531,533],[2408,1879],[336,300],[776,1036],[396,385],[1194,754],[1697,914],[367,46],[165,166]],[[1858535,3331436],[753,443],[851,199],[-31,-822],[461,-1093],[-60,-328],[-697,-938],[-364,-728],[-446,-350],[-380,-185],[-677,-866],[-958,-623],[-380,-486],[-802,-762],[-850,-478],[-1445,-1688],[-977,-799],[-95,-432],[-288,-528],[-9,-429],[-465,-600],[-200,-491],[-151,-154],[-23,-165],[134,-236],[3,-224],[-189,-407],[-48,-390],[122,-800],[240,-561],[61,-1631],[339,-706],[-92,-535],[118,-524],[9,-721],[-260,-1150],[-168,-199],[-876,-617],[-703,-353],[-83,-355],[-249,-349],[-411,-1020],[5,-888],[-277,-347],[14,-378],[-82,-254],[47,-726],[-366,-910],[19,-499],[-468,-278],[-230,-989],[-294,-597],[-35,-222],[79,-227],[-822,-890],[-284,-564],[-561,-344],[-713,0],[-283,-75],[-693,-744],[-658,-443],[-131,-386],[-256,-211],[-209,-531],[-234,-219],[34,-909],[-540,-241],[-149,-778],[-264,-646],[141,-570],[11,-876],[-96,-839],[123,-546],[-345,-1425],[168,-250],[130,-576],[263,-457],[304,-278],[704,-323],[379,-568],[73,-177],[-23,-350],[295,-1057],[25,-351],[151,-376],[-26,-227],[-317,-628],[-192,-1762],[423,-616],[-62,-298],[181,-927],[-132,-502],[176,-360],[-274,-775],[86,-210],[316,-246],[-86,-810],[167,-410],[-21,-648],[220,-250],[5,-551],[666,-260],[594,-960],[548,-382],[304,-62],[483,186],[570,-423],[558,95],[247,-416],[495,-274],[267,-322],[791,-130],[372,-370]],[[1740084,3221807],[-235,-606],[13,-439],[983,-1334],[350,-690],[-17,-271],[-293,-700],[-116,-497],[139,-1020],[-82,-318],[-367,-544],[-790,-409],[-241,-264],[-581,-204],[-498,-469],[-1271,-1609],[-548,-307],[-340,-442],[-351,-253],[-415,-174],[-353,-294],[-555,-559],[-135,-301],[-39,-266],[368,-873],[8,-198],[-264,-415],[-422,-417],[20,-318],[568,-958],[604,-453],[343,-1077],[431,-373],[494,-219],[248,-198],[290,-332],[53,-306],[-115,-456],[-445,-850],[-190,-752],[-252,-411],[-1134,-1243],[-147,-88],[-718,80],[-257,-269],[-180,-583],[-156,-943],[-542,-935],[-552,-515],[-66,-118],[51,-204]],[[1732380,3196413],[699,-961],[250,-585],[1173,-894],[832,-873],[628,-2254],[240,-1180],[413,-975],[1061,-1117],[1229,-801],[362,-119],[144,-252],[17,-546],[326,-227],[39,-144],[-76,-287],[-135,-144],[-1628,-1091],[-911,-878],[-222,-423],[-244,-212],[-352,-133],[-1054,-157],[-281,-238],[-59,-431],[508,-1246],[79,-1110],[135,-586],[6,-246],[-113,-328],[85,-536],[390,-895],[462,-683],[576,-546],[326,-172],[411,-94],[947,423],[371,28],[301,-174],[667,-1429],[1436,-2060],[442,-826],[894,-2702],[222,-243],[275,-52],[512,-586],[68,-541],[-168,-480]],[[1729752,3156073],[96,493],[-136,543],[-12,799],[-412,306],[-117,232],[-74,881],[-133,361],[-178,129],[-101,265],[-546,656],[-169,403],[3,323],[-311,679],[49,898],[-152,17],[-82,117],[192,416],[-16,544],[423,433],[121,353],[-36,87],[-157,87],[-317,-21],[-397,264],[-408,16],[-1554,-522],[-599,171],[-550,385],[-749,-370],[-98,112],[-633,104],[-345,-242],[-275,274],[-258,88],[60,404],[-342,-63],[-143,188],[-80,-190],[-415,198],[-125,-15],[-34,-88],[-615,841],[-240,113],[-1,102],[-139,100],[-36,475],[-191,390],[-331,217],[-168,314],[-326,63],[-8,295],[-206,131],[-217,496],[133,465],[-282,651],[-743,362],[-615,626],[-601,15],[-347,-117],[-578,-448],[-602,823],[-440,223],[-1127,868],[-51,114],[113,344],[-272,1001],[-293,482],[-392,398],[-1877,739],[-831,236],[-947,126],[-556,327],[-610,535],[-207,206],[-158,352],[-12,407],[106,330],[-54,210],[-654,886]],[[1706367,3179486],[51,318],[-100,266],[-284,136],[-551,81],[-662,378],[-303,1123],[-506,929],[-156,583],[-692,442],[-138,196],[-62,372],[312,833],[-337,1645],[-313,666],[-462,259],[-457,389],[-494,843],[-587,159],[-886,386],[-380,257],[-223,464],[-126,545],[75,576],[-185,861],[364,333],[81,413],[422,842],[256,823],[-144,353],[-120,1300],[-263,844],[46,724],[-319,981],[569,1363],[26,321],[-375,726],[-945,1082],[-50,317],[132,512],[1390,2800],[176,685],[61,634],[-60,172],[798,153],[597,375],[784,107],[667,848],[285,-62],[582,217],[521,-52],[174,63],[199,404],[748,997],[428,730],[517,375],[598,268],[371,744],[30,342],[-234,947],[-409,555],[-197,922],[-512,1003],[-221,804],[-370,726],[-231,211],[-63,280],[-664,568],[-314,384],[-288,744],[-120,600],[8,428],[417,971],[132,2829],[-125,899],[35,544],[-484,2732],[-100,1269],[58,425],[308,206],[86,168],[87,652],[-62,1150],[-206,572],[-201,1021],[120,630],[719,577],[1237,-127],[223,108],[635,1832],[-100,1052],[58,266],[302,419],[601,488],[927,1481],[-8,309],[-650,688],[-381,599],[-85,925],[-401,793],[-119,917],[217,524],[140,1538],[163,385],[390,385],[75,886]],[[1707840,3249212],[268,220],[840,376],[551,505],[204,41],[376,-93],[1234,-946],[562,-304],[665,-753],[583,93],[566,425],[1392,463],[140,-135],[81,-252],[70,-604],[183,-207],[281,-114],[1213,31],[436,-97],[309,62],[879,646],[165,984],[228,304],[380,925],[24,325],[215,245],[1202,204],[1290,-280],[302,-138],[105,-90],[28,-173],[-312,-808],[-155,-984],[25,-694],[235,-922],[-735,-310],[-274,-463],[176,-1070],[-193,-380],[-25,-1195],[225,-687],[148,-791],[513,-749],[116,-577],[738,-1322],[-21,-801],[334,-1026],[1768,-1978],[446,-73],[724,-494],[629,-279],[650,-118],[95,-82],[1483,55],[731,221],[144,117],[457,28],[229,-66],[119,-314],[42,-1478],[197,-566],[394,-673],[24,-487],[1406,-1571],[-21,-170],[-608,-435],[-221,-435],[-134,-490],[35,-162],[278,-201],[498,-839],[73,-573],[192,-387],[813,-633],[498,-622],[293,-247],[698,-314],[170,-184],[316,-42],[259,-390],[279,-235],[148,-19],[160,-223],[499,-158],[504,-368],[503,-202],[179,-197],[343,-114],[766,-611],[619,-280]],[[1983819,3427612],[-760,70],[-135,-108],[-31,-379],[-110,-6],[-183,160],[-107,-36],[69,-315],[515,-368],[-126,-226],[-726,-193],[-328,88],[-78,-350],[-96,-10],[-164,208],[-103,-280],[-297,76],[-246,-56],[-284,-178],[-185,-252],[-381,59],[-412,389],[-780,197],[-250,-279],[218,-72],[22,-115],[-191,-39],[-195,-330],[-277,-135],[-109,26],[67,191],[-97,167],[-256,34],[-222,138],[-213,-4],[-634,-616],[-250,-371],[-441,-349],[-180,-298],[-306,-84],[-133,-140],[-37,-156],[104,-174],[491,-216],[272,-324],[129,-322],[33,-373],[-196,-270],[-636,171],[-375,-55],[-14,-245],[328,-57],[72,-159],[-481,-360],[-906,49],[-231,-424],[-209,211],[-53,799],[-222,238],[-232,66],[-135,-117],[85,-272],[-89,-394],[-175,-127],[-960,298],[-783,-67],[-67,-149],[34,-205],[426,-722],[0,-366],[-257,-244],[-342,-31],[-311,50],[-295,265],[-93,26],[-56,-71],[365,-578],[-45,-225],[-223,-330],[2,-358],[124,-609],[222,-468],[46,-609],[320,-902],[-16,-405],[-270,-504],[63,-105],[307,-114],[87,-261],[-247,-131],[-1552,92],[-598,-252],[-66,-313],[367,-164],[69,-353],[-338,-649],[-158,-661],[148,-145],[485,-46],[54,-176],[-717,-373],[-1163,-265],[-464,-410],[-663,-353],[-372,-1539],[-240,-427],[-193,-146],[-232,34],[-33,342],[-77,59],[-176,-51],[-401,-313],[-480,-71],[-609,269],[-864,110],[-302,131],[-83,-95],[-4,-608],[-156,-289],[-315,-156],[-386,76],[-148,157],[-119,339],[-467,603],[-700,219],[-28,250],[174,412],[-109,590],[-572,301],[-458,455],[-389,-77],[-190,71],[-144,487],[23,708],[-397,393],[-424,-103],[-32,247],[220,540],[-268,240],[-587,107],[-2,81],[330,229],[21,170],[-432,332],[-126,358],[-833,163],[-1124,438],[-451,573],[-79,574],[-1205,575],[-235,-31],[-392,-212],[90,-460],[-214,-632],[-160,-70],[-374,31],[16130,-14932],[3963,-3333],[575,1],[884,-146],[715,-373],[284,13],[589,365],[602,623],[1136,638],[744,299],[1050,1457],[19,483],[562,270],[131,253],[103,23],[329,-309],[334,-134],[1060,0],[5500,-18730],[585,-49],[513,162],[339,-10],[411,-472],[596,-241],[216,-170],[53,-725],[123,-231],[869,-518],[330,14],[431,252],[242,-66],[327,-1862],[50,-1302],[-127,-483],[-632,-391],[-134,-271],[283,-52],[270,-191],[41,-232],[269,-171],[102,-231],[136,-614],[-115,-974]],[[1940875,3362386],[-666,-299],[-290,-463],[-594,-116],[-330,-525],[-164,23],[-50,483],[-91,133],[-139,-42],[-425,-442],[-277,27],[-249,467],[-23,349],[150,60],[563,-109],[120,24],[42,93],[-124,323],[-340,375],[-96,391],[-329,-42],[-514,-231],[-421,-11],[-273,-149],[-207,11],[-464,223],[-321,309],[-30,271],[173,375],[-20,152],[-111,31],[-216,-112],[-363,78],[401,446],[-6,72],[-251,86],[-41,87],[320,386],[-79,333],[185,168],[101,383],[-224,443],[497,212],[19,203],[-239,180],[-367,65],[-190,223],[-50,343],[-453,209],[-431,555],[-315,155],[5,129],[208,15],[30,82],[-278,412],[-279,-105],[-278,51],[-32,391],[324,339],[-233,163],[177,267],[-76,109],[83,265],[-150,316],[-251,34],[-107,91],[-426,807],[-135,50],[-317,-149],[-533,320],[-283,297],[-143,703],[-205,-41],[-678,-585],[-219,-24],[-87,270],[-396,449],[-544,341],[-116,-7],[-67,-195],[-281,272],[-90,-15],[-85,-442],[-327,-135],[-100,311],[-242,-148],[-478,391],[-137,-21],[-36,-108],[-555,384],[-197,416],[63,88],[-21,536],[118,127],[94,347],[829,1079],[429,334],[363,544],[-184,810],[287,635],[12,1640],[-126,1311],[-241,825],[222,281],[572,70],[329,209],[-595,560],[-190,660],[-545,345],[-700,943],[-235,139],[-92,377],[-221,120],[105,542],[243,298],[12,151],[-240,154],[-171,253],[-313,850],[-348,266],[-187,46],[-622,-167],[-138,38],[-320,-341],[-33,161],[-91,13],[-444,-408],[-531,20],[-166,67],[39,356],[-309,170],[131,571],[-265,477],[-185,-122],[-295,76],[-104,-277],[-300,-65],[-638,147],[-341,-36],[-576,312],[-521,-169],[-172,173],[74,514],[-400,141],[-264,482],[-326,-254],[-265,15],[-325,-224],[-116,93],[32,295],[-482,140],[-323,-160],[-174,301],[-300,118],[-343,295],[-498,59],[221,472],[-344,282],[-136,935],[-102,-15],[-206,-305],[-119,42],[-110,183],[75,145],[370,211],[-19,131],[-202,166],[428,186],[265,778],[-114,71],[-587,-50],[-127,540],[-262,339],[-659,244],[341,557],[8,142],[-862,550],[-655,757],[194,277],[99,368],[-10,972],[469,-231],[424,-48],[268,40],[204,203],[-144,357],[-304,304],[-489,925],[-302,313],[-16,261],[219,193],[508,-55],[294,55],[516,480],[51,232],[-574,289],[-826,867],[-4,277],[215,502],[26,316],[-77,184],[-1423,71],[-205,77],[-165,217],[214,693],[370,251],[784,193],[108,107],[177,611],[-109,214],[-381,376],[-75,260],[419,570],[69,280],[-188,185],[-838,248],[-240,247],[-552,169],[-563,395],[-72,144],[69,266],[276,203],[368,-4],[-48,183],[-371,140],[-321,354],[-458,36],[-56,333],[-192,202],[-154,-14],[-264,-226],[-119,13],[-271,400],[-426,29],[-270,434],[-335,165],[-41,218],[308,919],[-17160,596],[-619,911],[-174,400],[-119,501],[-6,1506],[-120,229],[-2060,1777],[-1122,464],[-313,272],[-689,938],[-474,907],[-626,507],[-251,548],[-463,444],[-6,205],[222,506],[30,499],[-227,729],[-308,659],[-38,273],[-254,73],[-229,319],[-149,447],[-16,655],[-372,-244],[-320,70],[-570,297],[-674,-98],[-29,9964],[-121,-275],[-247,-18],[-179,197],[223,244],[-407,222],[-82,-125],[-237,50],[-45,64],[90,96],[-126,328],[-85,-12],[-79,-205],[-144,-101],[-166,275],[-189,31],[7,-127],[-64,-9],[-428,273],[207,105],[205,311],[72,780],[-88,152],[-86,-91],[-303,236],[-391,-15],[113,139],[-60,101],[-243,-28],[-143,350],[252,494],[-168,359],[-286,-83],[-600,71],[-55,-143],[-453,222],[-92,-66],[-66,-234],[-102,-49],[-753,165],[345,575],[160,42],[146,182],[263,14],[78,206],[161,-6],[-114,386],[-187,110],[-5,130],[89,129],[379,129],[51,392],[-7,250],[-420,65],[-927,812],[-21,160],[220,162],[-77,151],[-482,21],[-469,-257],[-34,317],[-400,-20],[-508,-409],[-539,52],[-405,321],[-187,-16],[-140,-170],[-370,11],[-218,128],[129,265],[-12,220],[-251,184],[-446,34],[-190,186],[-190,-33],[73,346],[-541,-36],[-128,247],[-78,-369],[-174,-51],[-89,-250],[-320,-76],[-242,43],[-419,-198],[-144,312],[-107,34],[-192,-153],[-32,-198],[-99,-96],[-28,284],[-438,-240],[-327,9],[-53,234],[186,429],[-71,195],[-144,49],[-759,-265],[-172,286],[-148,94],[-286,-70],[-169,-319],[-183,-27],[-25,-98],[91,-36],[-53,-187],[-244,72],[-147,196],[-109,-14],[-137,-168],[230,-32],[14,-85],[-128,-119],[-142,65],[-84,-45],[43,-150],[-109,-458],[-183,-306],[-250,-138],[52,-456],[-188,-127],[-355,-633],[157,-576],[-133,-329],[-107,37],[-106,233],[-135,98],[-124,-63],[-132,-290],[-163,-97],[-572,40],[89,209],[-33,105],[-274,-265],[-316,76],[-154,-64],[-168,215],[116,230],[-384,5],[-159,114],[104,258],[-276,-20],[-207,94],[-381,-79],[-216,175],[-112,-121],[96,-189],[-73,-197],[-380,-70],[-173,-454],[-683,-329],[84,10378],[-249,50],[-1095,1193],[49,433],[153,386],[-221,42],[16,195],[151,195],[-159,115],[-82,527],[-369,-108],[72,275],[-106,0],[-109,-146],[-247,131],[-293,374],[103,287],[-92,207],[-130,126],[29,-144],[-73,-25],[-165,154],[105,138],[-27,90],[159,136],[-55,269],[162,62],[69,193],[-52,110],[-205,67],[-48,101],[56,175],[-166,13],[89,309],[-34,535],[108,270],[-89,148],[-137,50],[-313,-227],[-47,244],[72,260],[-215,164],[-56,145],[52,229],[160,198],[393,98],[-249,273],[53,71],[174,-72],[83,42],[-103,301],[-242,311],[115,178],[-61,394],[101,289],[285,232],[238,-70],[87,183],[268,96],[32,380],[261,154],[-255,463],[317,-149],[30,115],[-161,83],[103,121],[153,8],[153,-146],[115,38],[2,222],[139,220],[-27,100],[-157,52],[94,474],[279,132],[-257,330],[336,-90],[-82,190],[-524,313],[118,310],[-378,231],[-42,384],[-150,97],[73,194],[-87,-11],[-85,122],[243,436],[-49,544],[88,336],[-133,433],[284,439],[-11,626],[-229,215],[-205,-15],[-156,139],[92,200],[-58,59],[-224,51],[-132,150],[-222,82],[222,215],[-169,336],[-203,56],[113,249],[-304,2],[281,196],[-203,46],[-95,107],[47,225],[318,316],[247,105],[140,313],[-75,104],[-283,-27],[-138,96],[-5,188],[199,261],[-80,249],[-205,193],[-362,-53],[-224,98],[-59,135],[91,285],[-42,86],[-400,83],[-322,190],[-197,-43],[-227,176],[-138,6],[-72,-241],[73,-446],[-112,-254],[-240,-49],[-269,94],[-209,-97],[-83,167],[-173,16],[-927,-486],[-206,-313],[-352,-66],[-660,-366],[-432,8],[-301,147],[-171,-85],[-165,246],[78,146],[-409,120],[-162,-74],[-29,-242],[-476,-137],[-315,357],[17,223],[-154,78],[-363,-254],[-115,-203],[-155,-43],[-305,90],[-361,229],[-571,-65],[-664,-729],[-544,-1000]],[[1892002,3527610],[547,-890],[-96,-83],[142,-167],[110,99],[35,-99],[128,8],[-136,-117],[-21,-209],[317,-484],[52,-387],[-110,-482],[327,-448],[-130,-741],[216,-577],[-5,-594],[-161,-668],[201,-349],[426,-153],[496,-64],[554,131],[306,-12],[135,113],[125,350],[169,103],[263,-217],[421,240],[218,-194],[264,219],[210,453],[204,-147],[943,637],[643,124],[626,684],[631,379],[231,18],[92,-125],[559,92],[-281,-675],[-97,-456],[100,-353],[233,-379],[417,-445],[1203,-643],[528,-159],[136,-155],[-1,-464],[141,-168],[-126,-674],[3,-546],[-150,-591],[104,-274],[-188,-257],[154,-379],[240,-125],[1627,-358],[312,859],[573,73],[558,-719],[194,-138],[1438,-267],[4333,-546],[820,-565],[506,887],[3,199],[-175,293],[377,-80],[183,186],[-490,825],[-327,227],[266,601],[106,564],[-232,230],[-364,691],[-543,567],[-907,97],[25,365],[85,159],[216,134],[587,189],[768,106],[632,-138],[213,94],[385,-137],[136,33],[138,167],[214,-16],[151,442],[-392,346],[-18,116],[193,219],[5,279],[-686,768],[110,346],[279,-82],[156,137],[6,89],[-214,158],[26,90],[632,80],[84,196],[-48,185],[-123,112],[-497,103],[37,176],[180,51],[1084,-104],[463,-150],[163,81],[124,359],[206,133],[133,-9],[293,-234],[235,-2],[264,234],[31,474],[125,223],[642,199],[226,256],[23,163],[-78,89],[-388,31],[471,278],[367,38],[356,221],[-145,-379],[38,-119],[119,-33],[901,685],[128,299],[-225,340],[250,217],[-59,418],[-414,428],[57,213],[-59,361],[119,50],[187,-81],[202,-341],[190,-35],[374,174],[307,400],[66,441],[-477,422],[393,214],[131,325],[-111,458],[-320,657],[500,748],[499,-119],[160,81],[-73,202],[-226,240],[42,435],[-297,51],[430,518],[56,379],[132,70],[853,11],[528,-620],[979,-131],[93,-115],[-370,-355],[-59,-315],[188,-135],[494,-79],[371,-438],[536,-264],[231,108],[145,320],[108,44],[461,-162],[549,-32],[534,704],[201,579],[-121,188],[-372,282],[-313,521],[-52,185],[83,392],[301,331],[474,-208],[521,-72],[435,232],[265,304],[1345,-2227],[516,-466],[382,-212],[2057,-566],[2405,-1486],[400,-605],[58,-205],[47,-209],[-237,-1058],[527,-1353],[557,-925],[1364,-1529],[627,-862],[37,-238],[-263,-1800],[-402,-1215],[47,-903],[526,-1170],[468,-555],[818,-1330],[64,-466],[325,-378],[10,-401],[-84,-285],[7,-471],[-220,-428],[-531,-705],[-313,-1000],[-928,-727],[-318,-405],[-239,-637],[-333,-103],[-102,-123],[83,-334],[-193,-445],[283,-204],[82,-219],[-319,-117],[-493,62],[-98,-126],[140,-252],[-51,-86],[167,-139],[-23,-172],[169,-6],[231,229],[136,7],[163,-122],[372,-659],[-88,-298],[62,-219],[-380,-422],[-9,-311],[-322,-270],[-104,-321],[-306,-151],[-220,-458],[133,-475],[-287,-122],[-606,-14],[-565,-219],[-786,-3],[-170,-618],[731,-529],[201,-53],[-83,-232],[40,-249],[240,-371],[305,-142],[40,-163],[376,-351],[207,-312],[-14,-100],[-389,-130],[-41,-86],[176,-282],[795,-192],[259,143],[182,-159],[583,-92],[367,-239],[203,-246],[286,-967],[-28,-269],[-329,-1587],[26,-173],[-195,-279],[-395,-73],[42,-599],[-158,-473],[87,-466],[-16,-479],[-284,-1318],[92,-133],[314,100],[94,-137],[-27,-90],[323,-293],[94,-246],[150,-54],[199,-416],[89,50],[242,-217],[-38,-147],[139,-130],[660,-413],[-32,-397],[-245,-376],[97,-161],[173,-50],[40,-260],[317,-143],[109,-175],[608,-180],[232,-344],[198,-142],[59,-251],[507,180],[225,-145],[506,-568],[290,20],[394,-294],[257,-56],[1045,52],[897,-164],[1006,865],[-882,689],[-52,191],[300,843],[470,646],[533,-427],[1444,-771],[361,-404],[248,-607],[338,576],[697,765],[1215,-665],[278,-57],[144,107],[40,317],[157,101],[1284,-81],[199,-84],[165,40],[117,121],[191,540],[247,331],[257,68],[165,-149],[602,-2130],[306,-1856],[359,-1089],[665,-357],[483,-35],[702,170],[575,-265],[506,611],[299,69],[139,-146],[-81,-684],[29,-473],[803,21],[1344,210],[158,-107],[446,-35],[206,134],[76,171],[402,-292],[14,-324],[264,-212],[-44,-256],[225,-17],[-104,-137],[58,-39],[379,203],[370,-241],[455,8],[9,-146],[107,-105],[153,307],[131,-201],[246,-44],[225,221],[221,-27],[321,-378],[797,-107],[442,-290],[280,-56],[284,-424],[208,-107],[461,107],[135,-131],[3,-278],[384,24],[-75,-272],[148,-181],[139,75],[212,465],[112,18],[82,-303],[246,-163],[218,-25],[423,114],[623,492],[645,119],[485,-111],[561,-444],[257,-90],[607,-34],[1143,-852],[685,-248],[541,81],[454,-55],[108,-188],[123,-22],[91,156],[699,30],[924,356],[549,353],[259,95],[184,-34],[198,-515],[135,-1882],[255,-1028],[-339,-994],[15,-402],[190,-219],[917,-416],[68,-208],[-16,-98],[-511,-210],[-341,-315],[-205,-415],[-407,32],[-23,-108],[76,-292],[291,-465],[199,-711],[3,-303],[224,-536],[-29,-847],[615,-588],[119,-230],[-24,-312],[-174,-163],[-146,136],[-469,53],[-883,-324],[-211,-423],[-139,-786],[-455,-218],[10,-106],[286,-261],[157,-281],[-71,-741],[85,-314],[180,-225],[48,-353],[-414,-430],[-116,-304],[-163,-80],[-509,101],[-239,-137],[-163,-272],[3111,-779],[51,-211],[-221,-202],[4,-241],[735,-1014],[205,-522],[-202,-722],[94,-154],[-31,-138],[-434,-111],[-540,-570],[113,-15],[428,223],[231,-111],[110,-246],[18,-1260],[-125,-154],[-77,-645],[-417,-403],[-54,-527],[475,-714],[63,-246],[-556,-210],[-142,-146],[-204,-525],[-867,-532],[225,-183],[48,-167],[193,-33],[-39,-276],[-552,-635],[-491,-291],[-400,-110],[-190,-556],[-370,-229],[-242,-407],[99,-298],[331,-508],[17,-404],[540,-396],[102,-447],[153,14],[-1,-324],[-30,-137],[-307,-221],[-799,-201],[-749,-637],[-351,-1375],[156,-55],[502,131],[232,-170],[21,282],[318,132],[368,-153],[572,-545],[128,-231],[6,-335],[403,-282],[-81,-94],[-521,-190],[-150,-326],[-11,-369],[-383,-438],[-299,-855],[-47,-346],[319,-93],[724,-30],[64,-325],[-54,-442],[172,-1117],[-34,-308],[-301,-249],[-873,-1593],[-488,-91],[-86,-634],[-111,-111],[25,-156],[232,-194],[245,9],[313,-114],[150,-915],[-136,-320],[-996,-277],[-32,-305],[128,-690],[-85,-329],[98,-398],[162,-261],[1540,-1708],[326,-549],[931,-1214],[1412,-814],[293,-397],[229,-889],[1055,-443],[179,-142],[-97,-191],[-227,-96],[390,-476],[164,-540],[342,-682],[-161,-230]],[[1697860,3068908],[-451,92],[-821,408],[-214,567],[-594,1010],[-229,114],[-605,107],[-354,177],[-378,284],[-353,448],[-749,-163],[-189,39],[-325,517],[-952,1096],[-96,951],[58,703],[-227,265],[-269,39],[-372,-108],[-1085,-956],[-168,395],[-1081,531],[-744,542],[-929,200],[-154,246],[-264,195],[-232,437],[-496,186],[-344,441],[-233,173],[-821,310],[-503,103],[-875,-124],[-463,51],[-590,260],[-332,301],[-175,549],[439,1413],[-276,354],[-42,250],[178,239],[622,249],[428,581],[136,637],[-110,659],[33,331],[215,685],[344,556],[-63,342],[96,660],[-143,721],[-93,1424],[-465,540],[-3,317],[-217,138],[-159,232],[93,855],[-37,606],[177,850],[-362,941],[180,718],[-279,285],[-220,412],[-138,913],[-614,686],[-2632,1529],[-92,166],[-8,457],[-1159,636],[-318,924],[-42,737],[-92,158],[-370,187],[-58,590],[-195,204],[-422,40],[-467,-94],[-134,-141],[-44,-472],[-629,-618],[-154,0],[-525,378],[-434,100],[-638,-205],[-321,26],[-491,-128],[-383,37],[-171,202],[-26,951],[-267,530],[-376,440],[-631,408],[-293,14],[-388,-116],[-237,78],[-209,213],[64,548],[671,972],[129,309],[-19,204],[-286,519],[45,539],[-150,680],[46,237],[243,300],[313,612],[221,287],[728,97],[639,350],[361,362],[222,637],[590,376],[889,861],[574,680],[795,546],[159,333],[546,266],[854,791],[123,799],[589,845],[211,529]],[[1810797,3002672],[2098,-560],[483,20],[397,125],[363,-352],[1248,-365]],[[1815386,3001540],[248,-206],[830,-167],[565,-337],[1206,-148],[1123,-636],[320,-326],[695,-1234],[243,-285],[653,-176]],[[1821269,2998025],[-1169,-621],[-113,-256],[-365,-296],[-130,-318],[-678,-884],[-200,-586],[-65,-608],[-388,-444],[-464,-177],[-295,-253],[-486,-1659],[-491,-431],[106,-412],[-384,-1527],[463,-508],[287,-1010],[905,-687],[293,-492],[-23,-258],[-335,-537],[-60,-266],[62,-1008],[194,-784],[427,-662],[108,-427],[306,-118],[624,-637],[410,-65],[296,-442],[60,-373],[-115,-555],[219,-505],[14,-1136],[483,-1210],[-189,-323],[-21,-182],[122,-246],[-12,-264],[491,-641],[-12,-464],[-142,-341],[-1780,-708],[-575,-472],[-417,-124],[-538,-600],[-797,-578],[-521,-786],[-386,-308],[-708,-836],[-419,-357]],[[1814861,2970643],[-424,-125],[-699,300],[-175,3],[-950,-392],[-221,-279],[-22,-133],[-372,-417],[34,-633],[-225,-622],[94,-395],[-165,-644],[-426,-209],[-123,-276],[132,-845],[241,-209],[34,-145],[253,-251],[172,-315],[-507,-135],[-104,-244],[-920,-354],[-371,-231],[-530,-525],[-589,-352],[-494,-703]],[[1808504,2962512],[-227,1040],[-543,82],[-200,139],[-337,10],[-76,433],[-171,279],[-371,128],[-713,-36],[-780,527],[-292,387],[-49,314],[-280,314],[-218,442],[-155,79],[43,347],[-401,393],[-439,201],[-268,88],[-572,27],[-456,-246],[-313,30],[-525,-278],[-546,296],[-527,59],[-469,-289],[-737,-189],[-511,208],[-193,-1],[-107,-138],[-7,-744],[-322,-43],[-115,-196],[-222,-150],[-670,99],[-215,-217],[-1172,599],[-316,79],[-68,289],[-364,368],[-205,12],[-412,479],[-902,722],[-320,70],[-798,-146],[-240,42]],[[1791111,3003323],[276,7],[466,-130],[384,419],[488,-9],[219,-400],[95,-844],[573,-395],[151,-659],[485,-231],[22,-264],[505,-23],[738,-442],[1159,74],[167,-137],[194,-11],[230,106],[414,-11],[133,393],[75,14],[528,-233],[413,-21],[182,73],[-92,415],[621,97],[455,-67],[43,102],[-191,134],[198,-32],[109,133],[421,-75],[354,-179],[455,3],[214,96],[111,-45],[220,386],[227,55],[118,-481],[-82,-99],[520,-542],[332,-588],[281,-30],[512,-286],[451,412],[581,-43],[529,313],[216,236],[329,93],[284,-56],[525,221],[197,-24],[305,332],[706,161],[268,214],[128,317],[225,222],[1026,48],[604,216],[589,414]],[[1923495,3239478],[65,-646],[-61,-184],[-538,-114],[-376,8],[-340,144],[-369,286],[-1253,262],[-201,-357],[-390,-131],[-341,-426],[-322,-204],[-1272,-185]],[[1892338,3243095],[-603,376],[-646,-399],[-490,41],[-256,-65],[-592,516],[-754,-283],[-216,88],[-284,336],[-507,-103],[-343,-487],[-150,-71],[-984,367],[-526,115],[-642,-257],[-729,182],[-505,-63],[-167,241],[-291,215],[137,110],[17,466],[209,463],[-353,211],[-171,433],[-226,254],[-468,151],[131,210],[-141,381],[-35,341],[69,129],[-75,94],[93,257],[150,-11],[496,498],[85,265],[-76,469],[340,850],[227,901],[65,1010],[-52,112],[177,504],[-142,503],[45,195],[-171,107],[-99,346],[44,194],[581,649],[31,516],[829,1519],[683,548],[658,295],[359,13],[733,357],[334,2561],[-202,1388],[-314,971],[53,1416],[-145,1194],[112,528],[593,279],[270,487],[-88,224],[323,1015],[507,640],[183,500],[-29,333],[-540,873],[-29,167],[76,458],[-24,1014],[209,1236],[96,1180],[-29,431],[-271,804],[-27,603],[712,671],[160,1209],[321,339],[372,707],[-519,1375],[27,291],[99,167],[1778,1439],[663,999],[-102,965],[216,660],[75,570],[-23,100],[-228,171],[-234,970],[-104,906],[225,717],[-274,831],[141,349],[498,195],[130,176],[156,562],[368,448],[18,334],[188,455],[-314,366],[32,287],[-166,474],[-58,844],[-128,229],[25,221],[-99,194],[-362,45],[-400,330],[-42,489],[-295,507],[-181,752],[189,2280],[-87,505],[-197,410],[-35,633],[197,234],[891,343],[98,148],[51,535],[-203,698],[43,1161],[-69,249],[137,465],[23,526],[-817,1812],[89,892],[-192,450],[-20,305],[232,326],[133,804],[368,734],[12,338],[124,363],[-95,762],[90,182],[17,367],[343,714],[112,153],[579,-20],[810,401],[246,380],[194,849],[301,359],[288,1351],[353,747],[91,818],[97,226],[0,427],[-183,655],[175,612],[-94,469],[193,1289]],[[1706367,3179486],[-250,-504],[-378,-509],[-722,-726],[-154,-259],[-108,-869],[-167,-373],[-325,-285],[-1159,-524],[-414,-414],[-319,-1074],[78,-714],[-697,-1235],[-12,-501],[-1450,-853],[-876,-254],[-339,-328],[-356,-505],[-704,-215],[-50,-299],[-257,-266],[-612,-1109],[-36,-485],[115,-414],[-59,-420],[-302,-478],[-482,-1123],[-351,-494],[-590,-246],[-376,-586],[-644,-772],[-1,-366],[456,-375],[223,-397],[625,-1810],[-41,-361],[-245,-399],[-337,-1348],[-281,-248],[-592,-117],[-351,-310],[-236,43],[-560,-156],[-581,-18],[-1166,-478],[-268,94]],[[1668693,3187780],[492,80],[425,-171],[216,28],[308,330],[33,395],[-349,110],[144,321],[-110,169],[-148,26],[-297,-111],[-831,942],[-535,95],[-339,397],[192,176],[657,80],[212,-11],[176,-153],[178,1],[215,150],[59,187],[-241,234],[-61,341],[-324,142],[27,283],[-359,24],[-202,294],[43,147],[475,219],[-41,403],[-158,193],[-257,98],[225,364],[-149,811],[-132,43],[-229,-267],[-118,-28],[-275,399],[391,332],[47,369],[681,-333],[243,369],[360,-4],[-10,231],[-459,433],[10,191],[197,288],[141,70],[192,-324],[153,-20],[218,207],[73,249],[-409,459],[-614,183],[-28,665],[-72,133],[-700,205],[-437,-469],[-204,-61],[-151,73],[-246,288],[-239,523],[-609,478],[-64,208],[32,467],[-170,354],[-223,189],[-442,14],[-305,324],[-466,158],[-120,246],[117,187],[-31,92],[-736,159],[8,373],[182,293],[-6,163],[-661,530],[214,183],[183,319],[244,505],[-45,162],[-405,330],[-407,22],[-248,601],[-618,-223],[-640,-33],[-117,93],[3,190],[-193,230],[-55,329],[-248,-161],[-225,-404],[-130,-28],[-66,245],[38,490],[-329,183],[271,336],[-444,226],[264,292],[-203,54],[-266,-140],[-186,33],[-123,120],[142,399],[-31,98],[-361,133],[-188,226],[-85,-2],[-76,-237],[-116,-20],[-211,83],[-159,318],[-367,-28],[-15,98],[154,141],[-24,381],[-202,185],[-324,125],[-195,581],[-467,325],[-180,617],[329,160],[-25,423],[266,332],[42,194],[-106,404],[-288,-6],[-85,69],[-351,809],[103,159],[325,181],[28,163],[-390,176],[176,484],[-165,40],[-645,-220],[-42,182],[199,319],[364,25],[79,74],[-50,505],[372,554],[-61,535],[54,144],[107,19],[122,-139],[66,-428],[385,59],[428,-63],[446,311],[59,396]],[[1658564,3216051],[368,195],[446,400],[299,121],[511,60],[596,-136],[625,48],[271,-55],[466,102],[817,-379],[1284,-36],[662,767],[228,392],[874,958],[130,108],[399,-11],[152,121],[278,1137],[-174,508],[-56,447],[-135,326],[-388,498],[-326,221],[-585,187],[-495,1348],[135,647],[-304,420],[62,701],[-519,823],[-127,441],[190,832],[312,739],[357,238],[243,516],[914,883],[605,142],[203,185],[155,31],[117,-60],[199,-334],[509,205],[373,-176],[389,337],[134,-15],[125,-124],[604,-111],[157,151],[313,58],[32,306],[343,241],[239,20],[353,-196],[259,29],[72,289],[333,208],[-120,227],[27,113],[478,217],[56,193],[96,61],[497,-87],[334,430],[292,113],[359,-191],[414,208],[842,-126],[249,-91],[319,-260],[235,-46],[238,-320],[243,-17],[79,292],[-72,99],[98,119],[-64,120],[218,319],[240,33],[304,-195],[335,-20],[857,376],[732,855],[430,229],[104,293],[477,224],[619,834],[623,118],[120,323],[371,400],[602,244],[274,-158],[237,28],[116,102],[288,-71],[192,85],[290,-162],[372,50],[389,472],[413,16],[111,159],[193,-10],[-210,665],[118,162],[165,11],[466,-309],[337,278],[5,256],[-137,137],[227,206],[346,10],[-21,-122],[84,-42],[352,129],[253,215],[80,172],[253,-83],[460,120],[439,322],[57,271],[158,124],[791,-58],[299,434],[572,389],[259,288],[251,433],[183,-46],[466,-458],[401,170],[390,-81],[451,94],[315,-21],[215,-153],[483,-131],[737,-626],[209,-29],[242,128],[-55,369],[85,211],[637,6],[158,137],[61,187],[405,25],[122,113],[112,668],[177,304],[118,-8],[572,-379],[474,329],[517,-194],[405,750],[-51,238],[148,108],[292,-25],[212,359],[42,438],[296,686],[241,1113],[530,1065],[265,1174],[401,1115],[295,424],[210,1098],[260,629],[281,228],[458,644],[260,541],[1137,1162],[857,657]],[[1704713,3253429],[339,-441],[249,-580],[160,-638],[413,-572],[64,-257],[240,50],[363,-290],[788,-800],[511,-689]],[[2073341,3083713],[159,-28],[291,111],[390,392],[366,-8],[386,-186],[-129,-637],[198,-255],[126,-458],[129,-153],[243,-33],[329,194],[431,75],[322,432],[142,34],[470,-317],[793,-285],[554,-443],[29,-165],[-205,-125],[-58,-194],[363,-501],[17,-385],[246,-567],[5,-430],[-174,-384],[13,-1156],[298,-1017],[713,-1676],[280,-189],[752,149],[674,-71],[109,-113],[38,-368],[98,-130],[104,0],[391,298],[246,47],[169,-72],[191,-363],[194,-179],[557,184],[122,-24],[277,-1112],[322,-202],[510,-546],[31,-223],[-301,-430],[-278,-672],[-236,-1491],[-240,-794],[165,-578],[-16,-579],[110,-38],[318,290],[257,87],[332,-247],[438,-71],[161,-279],[80,-615],[-36,-494],[276,-791],[652,-121],[754,-452],[424,-102],[653,-430],[130,-412],[349,-592],[825,-328],[181,-155],[283,79],[225,-209],[560,185],[551,577],[420,160],[502,66],[375,-60],[289,243],[545,-32],[877,-409],[399,43],[107,-309],[432,-113],[533,160],[816,-624],[199,-513],[543,-250],[179,-298],[729,-790],[379,-151],[710,-88],[37,-298],[239,-398],[756,-324],[577,-1123],[5,-230],[-182,-116],[-363,80],[-293,-71],[-100,-105],[29,-237],[-70,-53],[-356,84],[-232,-42],[-141,-248],[152,-196],[-13,-263],[-466,-168],[14,-647],[-173,-564],[80,-873],[-173,-1198],[148,-330],[-5,-346],[-268,-732],[-490,-629],[-148,-645],[91,-823],[-178,-333],[-20,-528],[282,-982]],[[2098243,3048669],[117,-440],[-94,-385],[-57,-2407],[-148,-300],[112,-401],[-123,-1339],[-133,-533],[89,-611],[-212,-1095],[-382,-5114],[-349,324],[-288,143],[-402,65],[-676,-48],[-749,310],[-1352,1710],[-568,1154],[-2275,2848],[-1161,2370],[-1875,1894],[-1041,1315],[-717,1117],[-260,542],[-520,609],[-600,1356],[-173,221],[-798,838],[-1525,334],[-281,252],[-149,429],[-139,146],[-346,62],[-347,-41],[-1068,-593],[-274,-385],[-385,-1127],[66,-1202],[-69,-515],[-267,-330],[-565,-341],[-603,-2343],[-562,-1168],[-232,-1638],[-257,-579],[-527,-586],[-260,-484],[-55,-582],[41,-1080],[-280,-559],[-306,-1004],[-724,-1002]],[[2074494,3038476],[-556,118],[-350,325],[-567,210],[-1266,70],[-930,-80],[-618,185],[-1539,226],[-1451,-706],[-994,-354],[-185,-2],[-330,56],[-414,210],[-771,115],[-314,321],[-248,119],[-129,497],[-476,423],[-171,411],[-77,509],[42,238],[-317,166],[-156,320],[-90,399],[248,297],[-322,465],[-235,762],[-126,790],[7,756],[-114,168],[-660,177],[-397,220],[-342,-347],[-470,-53],[-394,-349],[-451,53],[-160,105],[-399,622],[-549,320],[-155,180],[-60,524],[-194,465],[-27,390],[-355,186],[-2,718],[-347,274],[51,672],[-221,208],[-70,336],[-271,61],[-110,104],[-168,650],[-389,487],[-88,456],[32,336],[352,819],[14,253],[-335,313],[-11,683],[-429,1192],[-288,421],[-119,595],[-351,283],[-387,815],[-552,293],[-163,323],[-704,38],[-963,608],[-776,225],[-143,153],[-118,360],[-168,37]],[[2050708,3059696],[-45,507],[78,80],[135,73],[264,-33],[554,95],[38,60],[-611,973],[10,209],[-518,915],[10,387],[-132,412],[46,369],[-53,261],[249,215],[103,344],[458,-27],[259,120],[97,182],[-129,1164],[-282,648],[-192,128],[51,325],[-66,277],[274,448],[799,114],[455,387],[162,606],[327,245],[-193,247],[297,66],[306,190],[95,138],[-48,230],[373,335],[300,-75],[95,172],[-379,936],[-925,524],[-353,585],[5,631],[299,813],[281,264],[160,494],[169,91],[224,347],[212,119],[86,218],[-14,196],[-243,162],[-177,480],[127,828],[-932,133],[-212,-592],[-245,-372],[-548,-316],[-388,3],[-417,-344],[-248,-26],[-186,-208],[-381,60],[-250,251],[-257,91],[-31,141],[-446,-192],[-240,-316],[57,-492],[-272,-194],[-214,-12],[-315,129],[-269,386],[-1034,417],[-133,-255],[-129,-33],[10,-162],[-580,-387],[-138,4],[-155,242],[-201,-45],[-109,114],[-148,-13],[-185,-264],[-285,-132],[-204,-420],[-154,-34],[-169,84],[-10,184],[123,306],[-410,108],[5035,12910],[-622,-362],[-922,-87],[-185,-227],[-85,-451],[-456,-454],[-401,31],[-256,417],[-283,81],[-212,-138],[-636,-859],[-600,-7],[-254,-148],[-358,30],[-281,-215],[-471,-154],[-255,44],[-270,205],[-689,299],[-30,473],[-105,152],[-148,23],[-221,-198],[-207,-3],[-213,147],[-251,490],[-814,99],[-52,97],[46,223],[-291,374],[81,287],[327,213],[55,371],[181,378],[6,216],[-173,513],[194,148],[23,118],[-981,764],[-268,749],[-225,229],[-43,720],[-127,207],[-279,141],[-205,274],[-301,747],[11,335],[-149,359],[-300,276],[-544,279],[-157,168],[-65,289],[16,219],[193,156],[598,27],[827,199],[209,223],[30,364],[140,200],[233,79],[103,221],[451,-37],[201,72],[292,462],[187,-61],[481,282],[595,101],[187,-88],[92,141],[146,-37],[49,220],[94,-103],[71,39],[-3,157],[203,441],[592,-223],[-2,250],[211,32],[27,258],[184,-11],[-27,239],[165,213],[224,77],[206,-40],[8,213],[141,21],[-76,279],[308,779],[252,151],[35,396],[248,-197],[57,186],[218,42],[-113,266],[230,221],[77,237],[131,61],[247,-82],[-32,265],[104,469]],[[2045425,3102967],[194,-146],[409,135],[162,-83],[33,-368],[-276,-722],[380,-152],[79,-308],[336,-65],[247,-461],[346,67],[369,447],[249,144],[93,-12],[72,-245],[67,-10],[516,573],[196,68],[942,-302],[721,-67],[773,-519],[89,-116],[44,-595],[296,-418],[-232,-214],[198,-529],[373,-60],[-5,-518],[447,-806],[36,-369],[746,-996],[113,-749],[622,-516],[105,-336],[13,-836],[536,-412],[53,-402],[657,-98],[298,-171],[763,-73],[942,310],[359,19],[823,-796],[323,-124],[202,-250],[287,-100],[273,27],[542,409],[212,9],[409,-494],[492,-836],[83,-806],[-230,-431],[296,-1004],[135,-106],[713,-188],[497,-19],[572,201],[572,-49],[1284,132],[237,95],[262,281],[340,-67],[304,-574],[539,-179],[673,-421],[4,-159],[-228,-372],[302,-346],[141,-291],[-81,-482],[73,-978],[464,-580],[51,-533],[137,-305],[412,-388],[611,-285],[476,132],[211,-271],[777,47],[683,295],[153,-16],[263,-271],[340,-36],[557,278],[151,485],[218,23]],[[1778747,2837620],[604,336],[261,49],[1108,-147],[343,136],[554,49],[288,227],[177,-57],[127,95],[662,-102],[65,-98],[497,-201],[200,144],[80,332],[-161,208],[196,201],[200,427],[300,249],[127,431],[96,11],[220,-238],[107,83],[-69,363],[215,-45],[112,60],[-254,359],[135,488],[561,797],[104,639],[-61,306],[42,382],[277,771],[173,253],[27,669],[543,269],[-12,597],[827,-11],[150,68],[350,498],[270,34],[161,114],[92,336],[274,325],[38,643],[335,295],[-116,499],[250,362],[-3,337],[115,306],[-212,1070],[47,385],[111,265],[308,268],[211,72],[139,605]],[[1789938,2852134],[217,-85],[247,50],[197,-59],[241,26],[134,205],[98,-76],[158,-710],[68,-851],[-149,-763],[143,-413],[241,-79],[206,-324],[336,-105],[80,-132],[63,-225],[-69,-427],[116,-877],[149,-260],[378,-281],[1622,-471],[432,-511],[946,-497],[479,-538],[870,-364],[737,388],[853,55],[347,277],[477,16],[399,154],[228,372],[446,207],[51,112],[489,159],[516,-50],[130,104],[129,315],[653,88],[378,166],[577,18],[218,200],[329,99],[82,167],[465,324],[91,205],[507,-180],[107,153],[715,27],[106,-37],[99,-184],[173,-53],[836,224],[58,317],[405,500],[19,395],[367,55],[157,256],[287,53],[261,451],[346,247],[251,416],[392,72],[108,260],[378,187],[820,163],[24,348],[70,74],[397,39],[374,228],[218,-96],[119,308],[187,169],[102,382],[333,134],[236,196],[170,398],[241,-115],[92,36],[185,614],[401,-15],[288,91],[434,518],[792,398],[315,30],[365,150],[360,-44],[510,133],[343,-171],[330,-524],[375,24]],[[1549366,3467942],[-760,385],[-2160,592],[-492,303],[-321,418],[-607,358],[-375,136],[-544,-91],[-374,51],[-1017,916],[-674,530],[-256,114],[-291,-12],[-761,-342],[-390,5],[-361,109],[-389,-252],[-268,-11],[-209,200],[-105,446],[-128,85],[-1210,-22],[-1059,194],[-290,-12],[-373,-97],[-812,-495],[-359,-525],[-270,-62],[-373,242],[-1009,83],[-780,307],[-734,87],[-440,328],[-333,0],[-556,-360],[-973,-44],[-809,-132],[-748,-306],[-572,-786],[-834,-777],[-861,190],[-343,276],[-184,397],[-1477,527],[-597,17],[-624,-129],[-1898,0],[-793,-80],[-727,132],[-852,43],[-475,172],[-1142,656],[-1309,268],[-659,440],[-483,173],[-343,34],[-2079,-378],[-671,-318],[-1100,-1385],[-418,-794],[-348,-276],[-432,-625],[-260,-162],[-888,-858],[-498,-677],[-322,-305],[-194,-84],[-605,37],[-1053,549],[-338,83],[-306,-667],[-307,-192],[-384,213],[-247,-362],[-207,-149],[-99,-216],[-484,-239],[-148,22],[-483,514],[-229,507],[-506,135],[-391,440],[-255,5],[-188,-308],[-137,-10],[-373,520],[-351,-25],[-123,206],[-224,27],[-237,224],[-120,-106],[-160,23],[-97,181],[-506,467],[-198,-7],[-192,142],[-1090,108],[-87,285],[-229,214],[-461,72],[-315,194],[-747,166],[-477,246],[-415,-231],[-201,51],[-339,-552],[-352,-108],[-455,-631],[-957,-26],[-360,143],[-141,238],[-182,46],[-242,-237],[-192,158],[-300,56],[-88,327],[-392,33],[-566,-410],[-107,-431],[-397,-55],[-216,-117],[9,-313],[-671,-152],[-158,-179],[-378,-28],[-707,159],[-419,213],[-1188,217],[-451,220],[-568,696],[-376,132],[-812,-75],[-364,248],[-333,87],[-75,267],[-507,33],[-131,215],[-310,-76],[-173,73],[-537,-16],[-328,125],[-94,642],[-563,324],[-206,589],[-383,58],[-110,138],[-188,52],[35,239],[-125,79],[2,160],[-132,42],[-52,210],[-200,16],[23,286],[-182,147],[-240,-69],[-507,128],[-178,-54],[-79,378],[-222,9],[85,225],[-961,971],[-272,20],[-515,-177],[-260,264],[-512,59],[-221,-122],[-66,144],[-191,27],[-168,224],[-180,86],[-322,-106],[-58,-139],[-151,-11],[-512,177],[-158,-76],[-383,82],[-48,144],[-198,-41],[-134,199],[-41,-256],[-149,204],[-252,58],[-274,-68],[-310,-316],[-342,-66],[-602,231],[-61,-173],[-108,-11],[-107,220],[-223,141],[-481,-305],[-166,90],[-82,204],[-206,147],[-664,338],[-137,-5],[-132,206],[-565,131],[-250,236],[-568,-248],[-507,181],[-154,201],[-10,173],[-285,52],[-408,538],[-176,82],[-701,27],[-257,-150],[-70,-236],[-92,-36],[-639,253],[-185,208],[-237,17],[-238,186],[-205,-67],[-149,140],[-158,-82],[-256,221],[-156,280],[-468,53],[-222,-64],[-143,194],[-301,34],[-106,168],[-225,46],[-195,268],[-661,253],[-231,364],[-14,333],[-348,224],[-186,475],[-380,87],[-502,467],[-360,175],[-382,-26],[-172,593],[-298,345],[-7,583]],[[1455210,3482800],[37,305],[-350,441],[-59,399],[-305,247],[-140,377],[-651,392],[-304,705],[-399,302],[-148,225],[208,1259],[197,197],[176,508],[-308,669],[216,80],[48,167],[-190,162],[-67,199],[-361,455],[-43,278],[-330,662],[-419,410],[24,403],[-277,62],[-133,357],[351,498],[-177,334],[-100,21],[-84,-106],[-76,90],[112,211],[30,303],[174,239],[177,486],[-333,285],[14,233],[152,226],[-22,156],[-227,69],[-206,267],[48,169],[-229,103],[161,174],[-59,86],[-163,17],[-2,240],[-190,238],[71,139],[335,94],[147,127],[-5,793],[324,324],[-144,94],[-414,-28],[-43,234],[549,579],[541,-51],[141,108],[-201,418],[-392,288],[-56,143],[46,460],[193,617],[117,122],[296,87],[95,346],[-6,262],[-242,412],[120,320],[-356,163],[-97,147],[112,607],[257,5],[390,358],[470,-143],[212,56],[103,299],[-231,344],[-20,187],[247,178],[615,33],[138,182],[45,465],[151,144],[293,27],[229,-141],[55,-235],[-91,-500],[142,-55],[435,147],[321,557],[536,413],[165,537],[354,372],[-4,174],[-599,596],[-630,417],[-64,493],[185,472],[418,694],[136,833],[378,937],[203,265],[363,116],[200,-124],[30,-177],[-156,-711],[237,-61],[198,82],[418,445],[425,-12],[314,145],[482,576],[527,199],[564,105],[852,941],[67,168],[-130,691],[80,149],[194,127],[662,27],[218,163],[125,228],[1617,1193],[376,118],[388,-82],[206,-259],[-5,-558],[168,-248],[992,-178],[704,-234],[1930,-1112],[801,-24],[1510,398],[409,320],[189,547]],[[1885962,3010708],[215,22],[286,172],[58,255],[80,2],[159,-660],[101,7],[273,-314],[314,-146],[-168,-79],[112,-175],[178,78],[-62,-174],[222,-64],[40,95],[137,-137],[-301,-132],[141,-243],[114,-44],[17,-128],[-150,-71],[50,-111],[86,37],[74,-157],[-50,-81],[-87,14],[-148,256],[-53,-375],[238,-253],[-7,-394],[209,-240],[-295,-4],[-22,-169],[98,-140],[-197,-102],[36,-85],[195,80],[105,-38],[-281,-456],[213,-168],[-41,-321],[-202,-85],[144,-245],[-191,1],[-487,-304],[-1,-339],[-74,-71],[156,-18],[-20,-241],[395,-458],[285,-134],[271,-205],[19,-93],[116,52],[138,-118],[80,42],[75,-82],[307,-50],[10,-72],[177,-17],[47,-125],[133,-47],[165,92],[165,-178],[282,-72],[448,118],[553,-199],[393,-406],[207,-30],[210,-216],[118,44],[98,-90],[231,144],[49,-72],[214,43],[104,-67],[96,77],[181,-273],[234,-64],[-5,-99],[145,29],[202,-103],[198,-325],[110,-45],[-18,-152],[234,-69],[365,81],[124,-190],[104,-4],[17,-116],[311,-99],[33,-94],[409,2],[332,-373],[1053,295],[178,-97],[229,26],[735,237],[322,-71],[116,-262],[21,145],[804,-10],[436,346],[331,84],[167,183],[-229,316],[-437,117],[-138,295],[-498,304],[-136,373],[-128,829],[247,259],[-230,368],[67,220],[-199,493],[17,309],[114,269],[-12,308],[73,106],[-17,237],[357,376],[13,284],[195,357],[-72,381],[-169,153],[-54,237],[-124,28],[162,292],[-187,200],[-1,296],[-62,21],[376,792],[-87,381],[125,224]],[[1898896,3010651],[252,134],[175,-126],[124,180],[105,6],[225,-450],[-55,-312],[279,-93],[183,74],[112,-93],[105,-385],[-59,-1080],[406,-334],[37,-258],[310,-281],[218,-569],[369,-203],[-176,-249],[-106,-574],[-262,-456],[-134,-992],[-188,-48],[-116,-622],[-141,-139],[78,-497],[317,-236],[-112,-148],[200,-151],[34,-372],[305,-70],[-165,-173],[229,-168],[-205,-295],[65,-101],[207,24],[11,-182],[-82,-232],[-190,-5],[99,-131],[-126,-186],[213,-231],[140,164],[279,46],[485,-313],[245,81],[325,-394],[146,-65],[22,-200],[156,15],[-84,-176],[59,-198],[233,74],[56,-154],[195,-3],[73,-200],[199,-72],[70,-98],[-25,-245],[72,-60],[118,78],[88,-77],[61,-229],[204,-245],[35,-410],[167,-30],[3,-103],[90,-26],[-54,-199],[156,-183],[110,-433],[25,-478],[-183,-289],[-61,-325],[-485,-376],[-987,-344],[-483,-440],[-230,-451],[-80,-347],[-196,-215],[-129,-486],[933,-755],[398,-229],[751,50],[228,-155],[258,-335],[404,-132],[780,-1019],[-129,-296],[324,59],[270,204],[115,-16],[-76,-176],[79,-98],[-49,-71],[331,-334],[46,-361],[224,-187],[-245,-396],[-44,-236],[-215,-201],[-19,-111],[324,-361],[505,74],[44,-173],[393,-88],[58,-52],[-30,-180],[114,-43],[145,-218],[82,3],[-11,142],[60,15],[165,-133],[243,-5],[330,-217],[-10,-262],[157,-131],[70,-421],[323,58],[113,-77],[457,-603],[100,-528],[168,43]],[[1910416,2985269],[17,-337],[72,8],[49,206],[196,-76],[308,-280],[243,-20],[239,-181],[410,152],[466,39],[36,-140],[418,-233],[115,91],[179,-43],[224,301],[135,34],[210,-29],[106,-173],[640,-4],[102,-158],[281,-117],[38,-173],[114,-19],[132,95],[38,-487],[-245,22],[-174,-301],[213,-80],[211,49],[116,-168],[584,5],[169,127],[497,-63],[429,75],[415,1255],[458,387],[137,36],[68,154],[537,-174],[129,-130],[234,-41],[174,77],[564,-277],[330,64],[685,-358],[774,-247],[727,-100],[392,-166],[681,-796],[-83,-293],[103,-194],[398,-224],[140,-194],[25,-519],[-211,-328],[284,-299],[338,-632],[42,-1288],[-212,-232],[-242,-570],[53,-405],[-103,-691],[372,-349],[135,-775],[166,-191],[655,-294],[389,-497],[1219,-794],[-37,-239],[-276,-298],[-146,-382],[328,-566],[230,-50],[132,-180],[6,-152],[417,-230],[466,-835],[141,-61],[131,-213],[323,-55],[325,-335],[134,-2],[39,-163],[322,-138],[241,-222],[649,27],[237,-115],[137,129],[610,-518],[196,-57],[308,-240],[365,-332],[120,-230],[136,63],[778,14],[149,-145],[254,-561],[461,-376],[228,-354],[212,-179],[174,-38],[171,-217],[287,-50],[57,-287],[489,-642],[156,-637],[338,27],[-10,-229],[-599,-696],[-149,-356],[109,-494],[-460,-1338],[-16,-781],[651,-942],[541,-359],[-63,-709],[-359,-603],[50,-70],[469,-37],[23,-280],[697,-651],[70,-523],[-232,-100],[-274,-351],[-354,-177],[-207,-293],[-654,-204],[-64,-295],[-265,-264],[102,-228],[869,-550],[50,-217],[626,-222],[233,-290],[346,-216],[134,-470],[147,-168],[-58,-210],[82,-224],[-105,24],[48,-178],[155,-6],[644,-1052],[291,-908],[-61,-231],[415,-503],[383,-223],[245,8],[441,-135],[731,-973],[1710,-978],[216,-81],[234,39],[225,251],[543,59],[252,-184],[253,-530],[-71,-639],[331,-710],[-600,-521],[93,-325],[-400,-369],[-118,-669],[-343,-648],[56,-418],[381,-599],[246,-148],[49,-418],[167,-193],[152,-489],[-30,-561],[-313,-719],[-365,-1767],[-13,-333],[120,-278],[-222,-598],[-455,-719],[-128,-765],[-330,-514],[-29,-470],[-270,-416],[-482,-417],[34,-510],[-69,-242],[-364,-319],[-209,-361],[-217,-193],[-235,-73]],[[1940466,2931918],[-694,-377],[-2161,-384],[-1151,-745],[-1055,-185],[-1361,497],[-1307,174],[-980,-213],[-703,18],[-688,396],[-804,223],[-970,95],[-586,350],[-208,-41],[-259,-244],[-20,-118],[207,-425],[-35,-994],[246,-1275],[-5,-338],[-673,-560],[-398,-840],[-403,-434],[-545,-352],[-620,-179],[-569,-526],[-1062,-169],[-545,34],[-629,-102],[-408,-120],[-870,-560],[-226,-642],[30,-1197],[-98,-517],[-1351,-1607],[-187,-623],[39,-232],[236,-415],[-39,-333],[-447,-598],[-123,-498],[-575,-270],[-128,-150],[-137,-362],[-84,-642],[-162,-265],[-1096,-888],[-943,-145],[-1253,53],[-1577,-531],[-1258,-613],[-457,-5],[-344,116],[-270,130],[-197,218],[49,574],[423,661],[354,1236],[231,294],[29,213],[-732,1221],[-757,589],[-245,603],[-25,502],[84,338],[339,329],[452,279],[378,483],[-211,1004],[177,657],[-123,1120],[221,854],[-113,145],[-236,-20],[-133,87],[-103,826]],[[1905670,2932234],[730,1047],[-211,246],[4,566],[-220,337],[56,431],[-116,94],[-97,472],[-197,397],[-71,297],[57,308],[-202,303],[-70,508],[45,475],[-136,77],[-116,275],[-211,100],[-94,195],[-458,385],[-369,688],[-40,374],[133,720],[-137,388],[118,569],[173,223],[-18,401],[95,260],[-602,926],[-368,181],[-80,329],[-340,319],[-145,284],[9,393],[222,405],[-161,635],[214,222],[161,372],[301,260],[88,728],[-111,431],[215,326],[100,358],[320,270],[241,31],[463,293],[199,-50],[209,72],[15,86],[-324,564],[56,227],[-299,147],[221,722],[-171,210],[-263,44],[-61,209],[51,624],[-140,181],[-42,281],[110,970],[-122,335],[-7,459],[246,169],[-233,92],[-167,347],[90,409],[209,251],[82,282],[-420,328],[-392,-2],[-99,71],[-430,838],[16,335],[-463,-57],[-143,-94],[-284,15],[-504,-288],[-164,-633],[161,-296],[-18,-140],[-253,-159],[-70,-313],[-198,-168],[5,-145],[-115,7],[-113,-101],[-321,-61],[-393,57],[-503,-210],[-445,17],[-79,115],[-303,48],[-289,-24],[-514,-250],[-105,-166],[-511,-165],[-337,-239],[-457,-14],[-390,204],[-316,622],[-64,218],[47,144],[-269,100],[-192,-163],[-273,21],[-8,182],[-128,115],[103,147],[-51,211],[479,745],[-464,903],[-169,-13],[135,347],[-77,401],[-249,15],[-519,-224],[-441,283],[-58,292],[132,259],[-625,813],[94,182],[-52,465],[-375,116],[-233,229],[228,463],[-433,726],[-35,341],[-466,329],[-166,418],[-178,210],[60,108],[-40,246],[-329,166],[-100,296],[-175,163],[9,237],[-96,-6],[-47,161],[52,430],[-82,33],[167,179],[-52,72],[49,126],[-110,60],[112,60],[-27,134],[-214,71],[-413,455],[-119,-6],[-17,155],[-97,-14],[-12,111],[-182,-38],[-74,381],[-260,42],[-94,169],[-209,48],[-94,104],[48,77],[-75,66],[-32,538],[-90,-41],[-18,104],[-94,-39],[-13,181],[-118,23],[97,178],[-140,41],[-84,272],[-168,-91],[7,134],[-100,45],[115,24],[-52,155],[-145,-79],[-66,138],[-149,17],[-13,135],[-215,166],[-37,221],[-102,-94],[87,188],[-196,-41],[15,155],[224,302],[-15,85],[-158,10],[146,239],[102,28],[-66,123],[69,87],[80,-50],[197,378],[72,-88],[52,62],[148,-56],[-108,199],[40,93],[172,-88],[283,409],[379,38],[160,-72],[136,179],[164,-35],[-37,171],[182,-148],[-3,79],[209,21],[40,198],[373,8],[21,138],[146,51],[164,-203],[-13,326],[-191,413],[-357,275],[-160,753],[-100,-7],[-52,174],[-173,-6],[-80,106],[-59,511],[103,115],[-254,353],[64,229],[-71,68],[129,530],[-90,189],[-309,70],[-12,143],[-140,78],[-24,263],[-213,208],[80,1183],[-225,646],[-217,118],[-56,313],[-611,37],[-481,-233],[-502,167],[-1033,687],[-174,-357],[-44,-416],[-244,-409],[-615,-242],[-1073,-4],[-472,-171]],[[1883321,2977855],[-544,117],[-443,310],[-398,934],[-170,140],[-519,172],[-343,405],[-203,329],[-144,632],[-913,1207],[-326,225],[10,530],[325,407],[403,206],[-265,455],[77,236],[-171,311],[21,137],[-456,312],[-1193,299],[-1002,-278],[-330,89],[-673,-15],[-463,318],[-65,218]],[[1875536,2985551],[88,171],[-125,74],[10,150],[-222,103],[-117,330],[113,123],[311,9],[137,155],[-29,188],[140,-8],[8,282],[-82,53],[-28,327],[173,-91],[-30,143],[110,-2],[6,204],[129,-86],[78,128],[-97,342],[40,182],[-152,75],[114,147],[21,277],[-132,267],[37,58],[139,-25],[-57,178],[96,32],[-63,140],[62,114],[-147,42],[107,142],[-254,354],[304,48],[202,151],[24,266],[169,50],[99,-64],[-4,253],[89,92],[124,-27],[-54,136],[213,279],[-10,50],[-214,-57],[51,148],[188,52],[-157,153],[280,39],[-46,147],[-279,147],[539,572],[-297,386],[62,262],[-170,100],[78,62],[-65,224],[161,53],[58,142],[-111,183],[212,192],[-252,452],[102,254],[-136,4],[-42,127],[-146,51],[-152,297],[53,236],[-228,9],[109,184],[-168,-71],[7,191],[-125,-43],[-71,240],[-141,-76],[-111,116],[-109,-148],[-94,311],[-414,118],[-32,266],[68,54],[-57,145],[113,95],[-63,319],[-136,297],[-200,-76],[-176,278],[157,311],[-275,257],[-239,-68],[23,252],[-160,19],[-119,123],[28,65],[200,-3],[80,285],[-37,52],[-151,-81],[98,259],[-217,46],[44,143],[263,107],[-175,242],[392,30],[162,216],[-80,635],[194,255],[315,-56],[-56,171],[215,-45],[82,-165],[134,67],[-80,267],[206,131],[-9,159],[174,4],[65,275],[243,-28],[-137,251],[134,43],[222,-140],[-28,254],[267,150],[-34,202],[253,296],[-81,123],[389,141],[240,-58],[505,150],[736,509],[431,121],[382,-37],[628,-268],[541,73],[476,-290],[372,-34],[675,270],[109,190],[215,-13],[230,118],[534,-110],[508,412],[987,151],[253,194],[166,357],[-103,613],[-253,272],[137,1114],[-171,855],[476,869],[271,1091],[-84,678],[274,438]],[[1921846,3199137],[-216,-203],[-39,-191],[-453,-410],[-66,-183],[29,-406],[-269,-516],[-401,-102],[-383,-335],[-645,4],[-612,-198],[-346,-250],[-127,-351],[-216,-224],[-1082,-148],[-806,-656],[-1343,44],[-956,-278],[-462,-419],[-69,-216],[79,-155],[725,-331],[494,-630],[326,-263],[58,-377],[-289,-903],[5,-300],[510,-939],[678,-547],[184,-305],[-652,-1306],[142,-1069],[-32,-320],[-194,-186],[-1072,-77],[-268,-150],[-636,-702],[-42,-1352],[137,-176],[341,-46],[189,-150],[137,-202],[53,-294],[-37,-934],[-473,-935],[200,-562],[-106,-140],[-352,-149],[-1363,9],[-133,-93],[-38,-134],[151,-621],[473,-439],[-83,-761],[437,-987],[-53,-476],[-431,-718],[14,-380],[370,-401],[-316,-720],[-21,-447],[68,-125],[103,-23],[240,450],[168,0],[142,-137],[47,-453],[-97,-368],[298,-282],[42,-134],[-92,-1057],[-396,-714],[-71,-270],[-576,-206],[-645,-596],[-74,-361],[92,-130],[-6,-212],[-437,-537],[3,-535],[103,-453],[-83,-308],[-1144,-541],[-1104,-114],[-931,-737],[-248,-2],[-309,126],[-610,8],[-794,-183],[-660,-310],[-630,-847]],[[1904895,3165380],[-354,133],[-208,237],[-36,537],[-306,-13],[-190,203],[-731,-332],[-243,60],[-222,227],[-309,-127],[-342,229],[-142,590],[-178,376],[-988,-60],[18,201],[-231,718],[-86,591],[-41,1057],[-327,318],[-315,180],[-684,30],[-675,589],[-263,125],[-640,-42],[-292,146],[-1481,138],[-245,253],[-264,525],[-257,198],[-497,138],[-275,-87],[-147,43],[-373,353],[-655,1015],[-200,692],[19,388],[-114,164],[-599,-10],[-935,298],[-419,211],[-119,165],[24,536],[-69,272],[-1000,151],[-110,250],[77,196],[-976,296],[-378,270],[-160,247],[-490,390],[-790,871],[-138,393],[-23,409],[-211,279],[-377,124],[-599,-236],[-594,-114],[-878,47],[-532,-234],[-917,245],[-95,357],[222,284],[47,187],[-411,924],[22,418],[128,248],[552,160],[354,747],[-25,531],[-350,916],[-147,124],[76,194],[-236,126],[-97,145],[31,602],[-188,116],[-632,-106],[-66,86],[22,225],[-84,68],[-410,-168],[-95,27],[-76,87],[-15,415],[-541,542],[-623,815],[-278,632],[-116,102],[-783,262],[-758,601],[-77,299],[-328,-95],[-267,21],[-38,769],[348,773],[3,1307],[144,302],[199,107]],[[1904616,3207437],[336,-164],[254,337],[470,57],[120,-84],[-4,-191],[272,-268],[-44,-2315],[308,-647],[101,-1060],[400,-146],[601,-482],[1311,-181],[757,-302],[132,-115],[136,-418],[216,-173],[370,-524],[433,-368],[633,-173],[321,151],[310,334],[443,-55],[63,272],[205,280],[44,353],[161,128],[789,-186],[825,-464],[286,-63],[770,322],[896,36],[730,-422],[320,43],[318,-194],[949,-257],[344,-346],[1438,-282],[844,-424],[372,-309]],[[2015349,3578192],[113,-19980],[43,-325],[211,-255],[-24,-208],[291,-194],[-671,-658],[-377,-173],[-276,37],[-449,226],[-831,-43],[-1453,467],[-478,-183],[-263,-2],[-372,-268],[-369,-46],[-314,44],[-440,201],[-164,428],[-445,377],[-4684,-12213],[475,-281],[285,192],[160,14],[430,-17],[127,-128],[208,-20],[1176,526],[647,-251],[173,-214],[116,-570],[283,-378],[542,-99],[57,-114],[223,-46],[341,-361],[192,-600],[269,-316],[5,-269],[177,-344],[-65,-263],[155,-115],[171,-324],[250,-94],[-38,-229],[140,-201],[-184,-104],[18,-129],[-126,-141],[-17,-185],[105,-59],[188,223],[89,-29],[-23,-305],[141,15],[22,-69],[-164,-98],[-35,-129],[390,-331],[29,-232],[174,-224],[-108,-164],[31,-80],[256,-120],[-29,-128],[-257,-160],[12,-162],[915,-698],[102,42],[99,339],[192,175],[205,-118],[118,135],[135,-7],[87,-93],[27,-245],[170,56],[89,187],[176,129],[188,51],[140,-120],[163,-718],[-176,-643],[326,-404],[107,-437],[379,-567],[413,-965],[140,-682],[320,-844],[190,-369],[333,-275],[671,-1327],[357,-227],[1203,-170],[1087,-628],[728,-291],[-221,-747],[51,-463],[205,-433],[435,-474],[-100,-796],[325,-540],[-369,24],[-160,-85],[-366,-809],[-250,-334],[-158,-96],[-510,9],[-218,-96],[-237,-539],[-69,-404],[639,-1064],[160,28],[353,291],[562,604],[222,-33],[209,-310],[-670,-767],[-938,-456],[-511,336],[-727,715],[-412,225],[-445,100],[-179,-218],[-24,-338],[537,-733],[-86,-240],[-226,-177],[-207,13],[-131,526],[-96,57],[-186,-55],[-329,-432],[-237,-69],[-62,113],[139,277],[6,356],[-89,146],[-152,24],[-122,-118],[-290,-674],[-244,-190],[-769,-288],[-56,454],[-192,26],[-161,-519],[-598,-955],[-115,-2],[-560,525],[-218,68],[-878,-707],[60,-126],[512,30],[195,-78],[207,-469],[-145,-50],[-387,198],[-282,0],[-192,-408],[145,-349],[-20,-167],[-462,-105],[-194,-178],[-397,-1030],[-425,-697],[41,-142],[132,-93],[418,27],[-48,-241],[-167,-80],[-273,68],[-189,-62],[-658,-702],[-400,414],[-146,14],[-108,-92],[-2,-585],[142,-27],[241,138],[93,-56],[-210,-324],[-113,-706],[514,-33],[55,-157],[-239,-112],[-1,-104],[368,-26],[30,-147],[-371,-252],[-55,-695],[-1059,-1000],[-190,-497],[-462,-244],[-396,-677],[-859,-650],[-422,-467],[9,-86],[380,-295],[-125,-480],[375,-255],[169,38],[166,189],[96,-83],[-27,-266],[-379,-250],[116,-121],[525,-215],[6,-83],[-309,-233],[52,-191],[302,-4],[441,-206],[76,-79],[31,-290],[471,-249],[118,17],[207,208],[148,-5],[503,-167],[239,-270],[74,-272],[-87,-486],[-135,-217],[-389,-329],[45,-280],[251,-239],[343,-21],[248,188],[-56,358],[448,624],[186,462],[327,-75],[344,155],[267,-25],[154,-193],[34,-519],[103,-86],[165,9],[271,228],[105,-31],[-65,-300],[-551,-167],[-277,-222],[-100,-202],[87,-219],[280,-311],[1037,-729],[151,-233],[-96,-368],[-187,-84],[-758,411],[-183,-6],[-3,-192],[161,-294],[684,-658],[-93,-126],[-469,-187],[-69,-112],[143,-107],[865,-223],[1001,-680],[-10,-130],[-513,-380],[-80,-408],[180,-533],[124,-12],[358,177],[96,-122],[-443,-574],[-452,-256],[-68,-123],[264,-600],[399,-3],[382,231],[114,-16],[-160,-213],[-727,-523],[125,-888],[-207,-587],[-266,-296],[38,-554],[-172,-40],[-196,386],[-699,-28],[22,-89],[363,-174],[165,-422],[29471,-12222],[375,-3],[232,216],[446,109],[285,266],[369,32],[544,322],[646,4],[3,752],[78,151],[-87,186],[148,289],[392,316],[-153,210],[208,177],[28,280],[242,77],[34,265],[152,260],[889,634],[508,181]],[[2047141,3486605],[710,-2345],[1712,-3258],[428,-1416],[913,-2221],[321,-1773],[635,-1423],[421,-1255],[570,-869],[514,-609],[586,-938],[72,-651],[-80,-417]],[[2053943,3469430],[-205,-95],[-226,-253],[-167,-605],[-828,-1519],[-859,-704],[-211,-325],[-129,-1333],[-183,-686],[27,-246],[300,-492],[245,-679],[132,-628],[-66,-718],[-790,-740],[-341,-525],[-352,-233],[-633,20],[-401,-152],[-204,-275],[-101,-666],[-315,-266],[-253,-51],[-226,-580],[-141,-171],[-341,-171],[-270,70],[-220,355],[-191,75],[-601,-563],[-423,154],[-251,6],[-264,-424],[-742,-374],[-135,81],[0,244],[-181,99],[-804,37],[-418,-127],[-457,124],[-340,-83],[-446,238],[140,-430],[-340,83],[-186,-229],[-279,20],[-218,-126],[-571,-19],[-198,-82],[-8,-176],[168,-254],[-49,-122],[-523,95],[-152,175],[-193,66],[-60,-131],[124,-202],[-493,-344],[4,-386],[-290,99],[-233,-54],[-205,68],[-91,-61],[-117,-457],[110,-552],[-37,-393],[-791,67],[-259,-201],[-261,207],[1,-292],[-357,-555],[-219,-153],[-180,54],[-243,328],[-286,114],[-586,96],[-97,-217],[-114,3],[-335,463],[-283,219],[-53,325],[-527,-39],[-644,224],[-118,186],[56,247],[-105,559],[235,88],[229,-120],[154,108],[-363,326],[-113,271],[666,443],[-9,252],[-1033,182],[-315,227],[-41,204],[-368,-10],[-115,134],[142,497],[-81,171],[-348,135],[-377,-134],[-41,-175],[233,-209],[-34,-125],[-569,-21],[-189,140],[140,314],[-97,110],[-178,24],[41,-355],[-58,-86],[-176,-28],[-66,76],[38,227],[-455,268],[-45,243],[99,240],[363,-113],[-136,175],[-913,80],[-867,350],[-1649,-404],[-75,131],[33,246],[-149,885],[-338,440],[-392,-231],[-673,-1139],[-240,-199],[-192,-33],[-766,162],[24,-133],[540,-348],[134,-257],[5,-201],[-439,-43],[-193,128],[-673,-337],[-177,-200],[410,-271],[37,-217],[-587,-511],[-167,63],[170,322],[-250,-3],[-160,-164],[-166,-518],[-494,-79],[-582,115],[-648,-14],[101,447],[497,587],[-53,198],[-428,611],[-225,-45],[-169,-140],[53,-535],[-90,-187],[-1128,-179],[-389,-628],[-286,207],[-422,638],[-121,45],[65,-707],[255,-573],[343,-511],[-466,-677],[413,64],[213,-45],[448,-1047],[-12,-168],[-403,-661],[-322,-278],[-506,8],[-232,395],[-165,-2],[-177,-642],[-350,-195],[47,-604],[-123,-50],[-398,71],[-229,-79],[154,-243],[-27,-89],[-177,18],[-244,205],[-431,95],[-402,-238],[-79,-199],[285,52],[29,-320],[-287,-357],[-267,-978],[64,-53],[474,349],[308,-457],[1123,-436],[66,-117],[-375,-58],[-813,-322],[-572,-435],[-122,-347],[21,-498],[-75,-129],[-737,341],[15,-495],[-148,-14],[-168,153],[-157,-3],[227,-209],[-23,-112],[-774,-366],[299,-407],[127,-327],[-398,-227],[-437,-18],[-63,-66],[225,-344],[280,-87],[2,-210],[-116,-145],[-284,41],[-414,709],[-291,-42],[-250,-468],[-8,-150],[88,-167],[214,-130],[27,-275],[-457,-1416],[-426,-148],[-291,422],[-990,364],[-137,238],[344,309],[-21,175],[-434,-223],[15,-195],[-255,-105],[-1,-273],[-475,-233],[345,-601],[-39,-171],[-301,-149],[195,-348],[-86,-74],[-359,-33],[288,-187],[19,-289],[-111,-55],[-313,176],[-99,-147],[50,-75],[338,9],[-10,-109],[-228,-150],[-161,-441],[84,-118],[240,-75],[68,-130],[-778,-422],[-149,-364],[-221,-122],[60,-232],[-67,-83],[-363,-25],[-188,73],[37,166],[268,-58],[-49,262],[306,129],[-425,73],[-222,159],[-102,-68],[74,-259],[-100,-484],[-132,-7],[-65,484],[-326,-339],[-673,-83],[-219,-539],[-144,-913],[-131,-124],[-147,58],[-285,420],[-199,780],[-524,209],[-499,21],[-234,-70],[-152,-547],[-163,-118],[-431,-48],[-12,-143],[123,-226],[-48,-91],[-71,14],[-530,504],[83,218],[437,486],[0,404],[-1230,-1186],[-439,-2],[-341,112],[-342,-513],[-193,423],[-299,193],[-86,826],[-89,125],[-388,104],[-193,-28],[-54,-180],[208,-122],[49,-125],[-156,-245],[-251,-116],[-623,653],[-209,-70],[-67,185],[-256,118],[-158,-98],[176,-103],[-3,-144],[-366,-162],[37,-64],[239,30],[69,-113],[-475,-202],[19,-58],[217,44],[72,-144],[-118,-179],[-309,-103],[-64,-185],[103,-41],[44,164],[171,48],[150,-117],[-194,-157],[-33,-262],[-277,-72],[-67,-229],[-199,-33],[-27,-85],[174,-507],[533,-478],[192,-290],[62,-203],[-77,-315],[-177,-130],[-648,-136],[-1093,-418],[-336,-244],[-531,303],[-761,698],[-239,-37],[225,-163],[-44,-101],[-127,-6],[-54,-268],[-128,1],[-123,206],[-229,118],[214,-346],[-120,-116],[-205,207],[-147,-53],[-77,-1059],[-251,-959],[20,-135],[531,-187],[77,-154],[-515,-168],[-181,-238],[-443,532],[-117,-172],[543,-1054],[-181,-555],[-348,-128],[-263,294],[-291,-33],[60,-84],[235,8],[22,-141],[-218,-32],[-170,-167],[-207,73],[-211,-208],[-74,-385],[255,-136],[13,-158],[-540,-395],[-315,-135],[-747,139],[-439,493],[-61,-70],[-344,15],[-24,-103],[189,-138],[11,-150],[-109,-40],[-171,130],[-96,-100],[151,-153],[-9,-210],[227,-196],[104,-369],[-72,-91],[-223,26],[-74,-248],[105,-76],[145,78],[125,-213],[-340,-105],[19,-96],[176,-36],[15,-148],[-362,-688],[-244,64],[-199,252],[-127,19],[-135,-105],[169,-23],[27,-120],[-253,-148],[-104,105],[-199,11],[-104,209],[-208,-6],[-100,306],[-222,49],[-143,-38],[-215,-261],[-217,11],[-50,-150],[-291,114],[-255,-339],[50,-283],[-88,-99],[-186,-32],[-135,259],[-335,-31],[-149,218],[817,672],[52,173],[-77,176],[-306,-103],[-411,-415],[-383,-174],[-247,137],[-103,239],[-257,-14],[-203,98]],[[1546037,3420310],[-300,-882],[-369,-361],[-679,2],[-376,-240],[-497,-74],[-1000,-355],[-2301,-558],[-339,-8],[-363,194],[-1219,-122],[-318,-729],[-608,-334],[-133,-157],[-179,-1297],[-1295,-521],[-438,-716],[-268,-296],[-230,-682],[-546,237],[-618,55],[-682,-204],[-268,4],[-209,118],[-254,302],[-154,45],[-220,-21],[-522,-368],[-110,65],[0,385],[-268,139],[-296,-182],[-293,-392],[-558,-13],[-212,-111],[-259,3],[-181,-204],[-300,-58],[-69,-78],[47,-217],[-173,-679],[-295,-429],[-432,-354],[-60,-447],[-265,-487],[-4,-365],[-141,-460],[-645,-574],[-389,-653],[-448,-389],[36,-1223],[-492,-425],[-301,-128],[-44,-590],[-431,-369],[-268,-490],[-994,-1286],[-40,-233],[159,-371],[355,-262],[414,-111],[-406,-487],[288,-407],[-192,-277],[59,-969],[-53,-192],[-260,-183],[-571,57],[-540,-415],[-537,125],[-440,-369],[-350,-640],[-711,-160],[20,-507],[-67,-187],[-129,-25],[-303,322],[-176,27],[-131,-192],[23,-365],[249,-174],[-330,-20],[-372,-266],[-308,1],[-4,-135],[204,-175],[74,-277],[-299,51],[-172,-263],[-315,-79],[11,-424],[-105,-208],[-213,-38],[-119,-174],[-404,-177],[-439,-579],[-510,-269],[-289,-525],[-183,-64],[-497,13],[-471,-205],[-1060,-165],[-589,-218],[-464,-685],[-188,-77],[-109,-198],[-363,-218],[-170,93],[-198,-25],[-94,-141],[18,-316],[-100,-127],[-835,-268],[-243,295],[-586,29],[-19,214],[249,112],[12,112],[-389,120],[-231,270],[-717,-51],[-333,222],[-439,-22],[-253,-126],[-376,260],[-142,173],[73,441],[-281,4],[-116,113],[-21,216],[118,354],[-45,120],[-129,18],[-320,-176],[-150,-305],[-239,-85],[-47,156],[349,304],[-34,226],[-384,174],[-565,-194],[-67,109],[36,216],[-182,86],[-147,-82],[-11,-305],[-190,-89],[-236,250],[-87,247],[-262,-130],[-396,36],[-301,199],[-113,-26],[-92,-262],[-183,568]],[[1504086,3394969],[-117,242],[-206,62],[-189,-26],[-332,-278],[-227,87],[-27,243],[264,252],[56,222],[-228,603],[-67,559],[-271,307],[-558,246],[-258,183],[-73,152],[69,132],[170,46],[399,-207],[106,13],[136,87],[20,197],[-475,413],[-511,-135],[-153,107],[162,430],[128,72],[177,-54],[360,-307],[423,-65],[152,49],[102,418],[-300,471],[-5,311],[85,162],[550,391],[6,317],[-171,192],[-262,-18],[-156,-130],[-343,-609],[-229,-69],[-142,71],[-49,339],[530,686],[37,162],[-552,97],[-177,170],[-119,280],[-471,163],[-265,281],[70,423],[-182,663],[158,98],[325,9],[-2,59],[-685,386],[-292,-126],[77,342],[-70,140],[-478,-140],[-283,117],[-9,164],[319,474],[-16,100],[-636,93],[-454,-29],[-82,74],[182,257],[737,420],[-97,416],[37,462],[-202,156],[-492,-7],[-139,147],[81,284],[495,384],[-72,554],[369,128],[-3,331],[-201,128],[-265,-35],[-311,-545],[-202,5],[-409,202],[-329,-47],[-171,606],[6,247],[501,159],[291,613],[-37,160],[-168,23],[-380,-361],[-184,-57],[-178,149],[95,419],[-58,74],[-325,23],[-490,-230],[-208,23],[-66,172],[65,185],[490,359],[23,114],[-106,140],[-604,297],[-241,-254],[-81,12],[-258,288],[-259,132],[-659,-96],[-202,220],[-676,1193],[-394,-61],[-291,-245],[-210,35],[-527,476],[-522,113],[-425,310],[-388,171],[-303,342],[-819,572],[-470,448],[-793,132],[-19,171],[323,383],[58,224],[-181,273],[-46,337],[-428,457],[-58,668],[-637,513],[-68,174],[70,517],[-174,177],[-388,194],[-88,552],[-179,119],[-336,-10],[-135,74],[-83,606],[-409,283],[-471,734],[103,270],[510,151],[236,173],[35,340],[-274,266],[-847,-128],[-254,144],[44,844],[-100,86],[-552,-57],[-274,175],[-77,240],[-16,611],[-806,808],[26,787],[-306,571],[304,501],[-184,623],[369,415],[-301,474],[-9,177],[183,205],[638,-81],[118,138],[-128,979],[-591,929],[-158,67],[-494,-24],[-448,419],[-517,26],[-37,164],[185,325],[-26,129],[-130,107],[-521,-7],[-19,408],[-371,450],[-130,16],[-79,-95],[-33,-459],[-155,31],[-183,321],[-188,-16],[-98,-191],[-47,-482],[-173,-109],[-174,94],[-325,445],[-255,135],[-669,-192],[-350,-292],[-123,62],[-237,391],[-483,110],[-501,10],[-327,639],[-185,175],[-506,12],[-864,298],[-459,439],[-269,95],[14,102],[332,221],[25,271],[-130,148],[-142,-12],[-107,-382],[-644,-557],[-441,-36],[-279,-213],[-392,-20],[-359,-325],[-265,117],[-144,807],[-123,167],[-255,-90],[-181,-388],[-132,-14],[-107,92],[18,329],[334,534],[-116,299],[-178,177],[-119,-15],[-72,-104],[-139,-811],[-146,-143],[-518,-12],[-317,-187],[-369,55],[-342,-190],[-682,49],[-292,405],[-37,214],[330,399],[176,653],[-381,822],[234,234],[348,120],[794,459],[10,204],[-191,322],[-158,637],[-362,125],[-587,-18],[-1171,-916],[-103,81],[-106,535],[-378,426],[-279,684],[-401,202],[-376,342],[-959,219],[-125,-186],[-28,-216],[-125,-131],[-557,-74],[-181,-144],[104,-626],[96,-175],[573,-242],[130,-245],[-17,-247],[-97,-48],[-576,180],[-538,547],[-206,483],[29,140],[328,408],[2,157],[-185,129],[-529,0],[-523,808],[796,687],[234,92],[550,29],[126,81],[-46,282],[-337,323],[-552,98],[-309,140],[-490,29],[-144,116],[5,212],[154,147],[756,133],[218,152],[14,88],[-408,604],[-360,88],[-200,-166],[5,-126],[251,-314],[-52,-236],[-670,98],[-478,-24],[-140,103],[-95,527],[-174,202],[-422,40],[-395,-237],[-471,385],[-552,144],[219,442],[907,499],[389,384],[64,794],[-209,357],[18,237],[136,-23],[357,-590],[350,-275],[105,-439],[-146,-427],[103,-205],[162,95],[125,621],[-124,626],[351,647],[20,394],[-245,146],[-267,-204],[-308,8],[-88,163],[103,365],[-101,233],[-142,60],[-470,-90],[-110,151],[544,580],[276,115],[245,-21],[363,-317],[232,12],[74,174],[-214,568],[-97,40],[-555,-119],[-387,255],[-393,-241],[-300,-36],[-149,131],[-261,484],[-282,211],[-143,-69],[-42,-295],[398,-447],[-65,-84],[-230,44],[-234,165],[-117,221],[0,671],[-233,398],[-388,402],[-105,300],[-113,-11],[-201,-350],[-372,-44],[-172,122],[-178,514],[-697,-26],[-343,141],[-440,337],[-627,156],[-297,-26],[-159,-172],[-55,-233],[335,-431],[260,-566],[-62,-744],[-164,-329],[-297,-319],[-197,-137],[-198,-3],[-354,297],[-82,291],[114,165],[205,81],[306,397],[86,262],[-99,313],[-121,75],[-232,-12],[-393,-378],[-207,-6],[-248,265],[-144,288],[-19,300],[-149,100],[-428,-509],[-121,44],[-35,193],[115,288],[290,131],[204,278],[278,200],[229,24],[112,-68],[79,-450],[93,-125],[134,-4],[163,685],[-113,571],[130,111],[347,-8],[41,124],[-201,271],[-322,168],[-221,12],[-559,-219],[-342,23],[-166,118],[-32,311],[148,145],[453,116],[443,-48],[68,141],[-123,177],[-197,97],[-279,2],[-523,-157],[-327,91],[-130,303],[209,271],[-56,146],[-118,10],[-173,-118],[-275,-422],[-171,77],[-12,202],[128,219],[252,182],[332,99],[430,-133],[427,9],[113,-145],[-10,-296],[86,-35],[153,91],[416,991],[-418,-47],[-126,60],[-495,572],[-22,300],[101,119],[196,34],[568,-286],[251,47],[104,167],[-533,548],[-566,-207],[-463,109],[-281,165],[-33,212],[199,347],[518,175],[795,532],[-226,177],[-594,55],[-812,474],[-110,231],[340,202],[1141,14],[320,156],[113,293],[-354,715],[-10,362],[181,-17],[639,-383],[115,27],[61,205],[-289,550],[-478,145],[-95,106],[60,267],[259,130],[521,-101],[216,66],[8,271],[-206,685],[71,306],[297,39],[608,-165],[672,135],[259,202],[35,500],[-105,82],[-282,-82],[-535,200],[-463,55],[-196,155],[-45,306],[161,399],[241,-12],[350,-277],[226,-39],[294,182],[13,239],[-485,368],[-445,865],[-238,308],[-345,148],[-629,-21],[-45,120],[244,427],[-130,278],[-619,-256],[-106,25],[-9,510],[-415,269],[45,481],[-271,244],[277,83],[226,382],[305,185],[101,572],[-63,79],[-269,42],[2,96],[194,197],[-63,296],[84,189],[-234,222],[-45,434],[-88,163],[25,246],[-118,225],[-63,404],[-286,200],[-55,155],[289,227],[207,801],[86,830],[-103,653],[121,372],[-103,395],[428,507],[-34,418],[185,417],[-10,102],[-322,368],[47,862],[-507,615],[-47,150],[59,386],[-117,76],[-13,110],[69,143],[282,41],[350,391],[326,178],[565,-147],[351,354],[466,24],[421,180]],[[1979622,3125004],[-288,-77],[-319,565],[-287,53],[-541,-484],[-632,-112],[-203,-440],[-15,-557],[-123,-50],[-564,246],[-459,-99],[-284,48],[-714,563],[-314,60],[-475,-294],[-323,-367],[-368,243],[-197,9],[-604,-506],[-318,2],[-835,390],[-592,-85],[-420,176],[-201,-65],[132,-705],[-318,-332],[11,-203],[-204,-325],[-73,-1073],[-162,-183],[48,-815],[-61,-450],[-157,-239],[-51,-313],[-293,-344],[-137,-603],[-123,-217],[140,-234],[-40,-957],[-414,-40],[-239,-110],[-254,117],[-280,-18],[-347,-217],[-1140,-469],[-434,-355],[-150,-260],[-300,371],[-564,355],[-259,254],[-111,577],[-215,396],[-402,290],[-392,59],[-623,676],[-137,197],[-25,237],[-344,174],[-17,189],[-308,336],[133,454],[-71,428],[79,357],[-94,364],[32,453],[242,639],[-111,397],[-273,228],[-66,304],[108,187],[-274,67],[-18,87],[686,350],[219,284],[567,-158],[520,109],[-450,130],[-318,278],[-479,33],[-299,-45],[-45,-287],[-126,-27],[-252,84],[-272,299],[-637,113],[-642,264],[-199,-116],[-133,-452],[-101,-68],[-283,126],[-502,-165],[-234,104],[-373,-43],[-301,87],[-260,-338],[-532,116],[-291,-47],[-719,-429],[-66,-286],[-539,163],[-705,-73],[-564,184],[-250,-259],[-221,-45],[-109,61],[-263,-91],[1,129],[-272,281],[37,262],[-214,198],[199,229],[-100,431],[-388,137],[-335,278],[-366,503],[-245,600],[-491,477],[-413,167],[-1574,-101],[-146,85],[-63,285]],[[1949447,3127771],[1475,964],[347,57],[188,117],[420,606],[71,422],[277,617],[89,589],[477,43],[225,161],[76,314],[-38,696],[270,638],[213,46],[436,365],[1013,463],[551,78],[473,207],[418,-31],[395,-365],[684,-110],[299,-171],[449,196],[398,43],[732,453],[361,-177],[332,229],[759,115],[444,-208],[164,51],[208,-95],[343,68],[139,121],[-33,204],[239,325],[-12,138],[381,49],[-86,169],[131,144],[-52,295],[-229,158],[-219,338],[40,47],[297,-101],[-52,549],[-189,665],[-154,220],[33,95],[213,-76],[90,64],[-147,191],[-35,285],[213,83],[54,178],[212,18],[199,283],[91,-2],[214,-211],[564,288],[344,-64],[-59,-264],[188,-54],[150,-155],[82,16],[19,96],[-116,200],[120,47],[44,-155],[377,-39],[298,-207],[99,84],[-106,232],[98,7],[94,-202],[158,41],[234,-232],[499,-93],[533,-504],[250,-31],[131,-245],[124,103],[283,-94],[462,110],[35,115],[-312,229],[76,102],[347,-31],[163,95],[302,26],[367,-96],[359,85],[48,-107],[-54,-172],[262,140],[282,-81],[225,-233],[145,-5],[216,-364],[104,5],[111,169],[152,-11],[84,132],[204,-73],[3,-102],[-201,-109],[247,-59],[-170,-421],[167,-139],[248,10],[142,-88],[122,325],[386,66],[415,317],[144,-5],[-62,-205],[216,-333],[3,-186],[-238,-243],[793,-637],[-410,-308],[9,-472],[-315,-375],[352,-246],[326,-443],[24,-160],[125,-83],[194,27],[2,-251],[358,-112],[-42,-207],[67,-125],[207,-65],[55,-178],[287,-185],[150,-212],[290,-117],[185,-779],[202,-276],[311,-20],[455,-388],[128,-178],[22,-388],[153,-46],[205,87],[402,-466],[215,9],[190,-181],[324,-102],[107,-406],[277,-182],[353,-563],[334,-183],[-28,-352],[488,-26],[521,-355],[26,-362],[234,-131],[-336,-170],[-163,155],[-155,-354],[152,-386],[-194,-282],[0,-541]],[[1973414,2945436],[-881,-1152],[-208,-511],[-200,-266],[-301,-213],[-918,-206],[-243,-214],[-201,-755],[104,-1307],[-292,-429],[-198,-535],[-402,-367],[-471,-244],[-231,-521],[-789,-887],[-370,-227],[-431,-42],[-279,-242],[-434,98],[-912,-323],[-249,-11],[-701,181],[-2038,-223],[-168,55],[-490,411],[-412,63],[-481,207],[-443,85],[-1018,16],[-287,-277],[-847,-1274],[-299,-190],[-969,-1016],[-210,-55],[-913,32],[-977,420],[-186,8],[-638,-135],[-945,-63],[-387,-159],[-461,-421],[-234,-39],[-1203,71],[-1163,-55],[-461,-222],[-508,-683],[-937,-904],[-800,-1310],[-210,-849],[-16,-817],[-105,-190],[-646,-95],[-1389,206],[-170,-32],[-1130,-1031],[-372,-151],[-452,-87],[-1212,-40],[-807,71],[0,357],[226,532],[0,563],[218,564],[291,333],[64,301],[-48,207],[-275,293],[-833,178]],[[1910416,2985269],[473,465],[402,178],[-150,662],[-236,542],[373,298],[116,412],[108,21],[453,604],[-194,861],[65,103],[525,275],[105,314],[-101,480],[245,50],[25,124],[-42,240],[-170,188],[-821,136],[25,652],[-82,238],[-412,-200],[-254,-224],[-400,247],[-10,131],[492,767],[373,428],[731,87],[294,351],[244,41],[39,339],[-124,113],[-62,210],[73,156],[595,549],[58,293],[576,490],[-107,170],[144,326],[-132,259],[280,146],[208,405],[114,55],[95,-97],[619,-185],[232,5],[336,-147],[64,65],[45,613],[208,265],[-109,176],[217,244],[393,-259],[307,62],[640,357],[388,-112],[178,446],[134,79],[900,34],[257,214],[279,526],[29,701],[260,-5],[371,215],[169,425],[-37,405],[218,53],[61,152],[661,-12],[347,186],[457,27],[159,79],[0,310],[-109,261],[174,240],[-125,293],[-24,326],[-194,152],[-51,627],[112,328],[-4,299],[182,176],[17,123],[480,-104],[418,-547],[358,22],[752,-336],[-97,-231],[77,-536],[245,-135],[709,-143],[39,-70],[-120,-106],[-154,-455],[7,-489],[907,-472],[51,-421],[172,61],[383,-221],[146,-149],[192,-505],[344,-228],[448,-630],[200,62],[268,225],[351,-127],[164,181],[256,19],[968,-277],[816,689],[175,-10],[370,146],[117,-88],[684,-129],[296,138],[197,-113],[413,-22],[196,-221],[-16,-400],[111,-97],[202,-550],[53,-590],[266,-319],[185,-56],[38,-241],[351,-492],[-50,-185],[276,-263],[81,-205],[211,-157],[268,-156],[313,-30],[283,-207],[233,-32],[-338,470],[-98,284],[82,283],[156,106],[284,-21],[121,76],[-129,258],[-253,114],[-7,359],[177,46],[282,-83],[123,81],[487,-295],[62,144],[-22,354],[351,-18],[280,101],[351,-167],[118,-347],[191,-66],[78,331],[-74,292],[185,225],[2,360],[703,-51],[275,-169],[293,173],[435,-299],[612,-58]],[[1940471,2998179],[449,-731],[-94,-333],[279,-173],[52,-284],[368,-442],[-37,-669],[356,-154],[216,-258],[119,-722],[143,-167],[554,-288],[60,-335],[251,-89],[97,-441],[363,-484],[16,-391],[-244,-581],[165,-496],[2,-268],[-496,-515],[-55,-348],[234,-504],[-52,-517],[448,-1357],[339,-72],[340,219],[252,37],[244,-105],[374,-18],[368,-343],[583,159],[341,-312],[396,-101],[154,-218],[-57,-449],[263,-345],[86,-482],[1208,-831],[497,-192],[258,-935],[507,-69],[432,-455],[242,8],[299,-224],[531,-172],[229,-139],[115,-177],[434,-38],[182,-365],[371,-31],[113,-197],[604,-273],[406,-354],[497,42],[115,-182],[-63,-492],[71,-131],[834,123],[371,-207],[243,107],[254,244],[870,328],[269,37],[584,-152],[333,-423],[0,-373],[230,-391],[-24,-168],[-307,-167],[2,-153],[569,-87],[366,-641],[117,-494],[111,-89],[216,0],[790,240],[371,-184],[364,-385],[517,-191],[448,-373],[386,-526],[-173,-386],[67,-277],[887,-806],[-33,-586],[88,-175],[143,-67],[204,68],[179,245],[20,354],[70,76],[277,-280],[628,92]],[[1964667,2974728],[307,-113],[637,-521],[438,-747],[711,-165],[55,-148],[-165,-894],[0,-593],[218,-217],[588,-280],[398,-632],[764,-578],[190,-241],[232,-597],[409,-419]],[[1969449,2968583],[-9572,-1512],[115,-593],[-52,-382],[284,-365],[13,-290],[-145,-333],[-136,-37],[-8,-1015],[-149,-32],[-13,-174],[-81,-64],[114,-392],[-50,-147],[86,-109],[-140,-100],[63,-98],[-35,-128],[-70,75],[-96,-22],[-178,-235],[-435,59],[-258,-111],[-190,-534],[-213,49],[-101,-113],[-294,12],[-176,-81],[-107,80],[-594,-98],[-330,54],[-303,-362],[-165,-63],[-152,17],[34,236],[-122,160],[-573,40],[-229,-229],[31,-430],[-330,-796],[-174,-808],[-278,-300],[-34,-246],[262,-349],[33,-199],[-102,-173],[28,-102],[481,-249],[11,-216],[-136,-430],[88,-517],[85,-211],[221,-132],[185,-240],[192,-442],[-105,-364],[75,-519],[582,-855],[229,-32],[159,-119],[386,-645],[-74,-940],[-491,-257],[-71,-297],[28,-165],[469,-729],[165,-187],[395,-49],[436,-281],[442,-109],[543,-414],[1885,-555],[621,-28],[252,-216],[700,-322],[451,-169],[312,4],[533,-462],[433,-235],[341,-416],[49,-657],[531,-605],[-226,-458],[69,-395],[-63,-394],[96,-985],[184,-469],[220,-14],[567,-271],[337,99],[933,-45],[240,151],[17,134],[338,307],[909,-20],[167,91],[214,306],[1165,409],[235,-23],[1046,-452],[623,297],[875,778],[438,107]],[[1939248,3055189],[-82,-252],[-916,-1061],[-105,-907],[-176,-347],[-694,-514],[-1401,-648]],[[1935874,3051460],[-1113,192],[-2520,-63],[-1017,344],[-654,422],[-317,412],[-212,659],[-277,506],[-94,999],[-442,936],[-757,726],[-52,458],[-132,266],[-476,82],[-291,-130],[-86,-240],[-215,2],[-296,263],[-407,857],[-339,314],[-313,158],[-354,436],[-187,322],[-94,685],[-376,790],[-165,562],[-463,554],[-181,401],[-35,379],[-387,96],[-268,-127],[-378,-5],[-280,323],[-312,-99],[-101,-142],[-191,78],[-596,-236],[-338,92],[-181,136],[-228,-6],[-95,-82],[-118,114],[-296,63],[-262,266],[-195,-625],[-1534,-215]],[[1918249,3062383],[-272,230],[-600,852],[-16,453],[-337,799],[-70,574],[-546,-212],[-433,-15],[-498,65],[-703,368],[-419,22],[-604,-178],[-321,107],[-374,443],[-390,167],[-13,91],[245,296],[-23,344],[169,303],[76,796],[142,256],[-81,218],[45,259],[-229,464],[-238,229],[-38,203],[221,320],[670,340],[-64,320],[-173,170],[-726,103],[-1060,-194],[-451,-4],[-65,-106],[49,-234],[-89,-143],[-209,12],[-397,215],[-274,-35],[-76,-166],[64,-635],[-475,-544],[-107,-295],[-566,29],[-139,80],[-286,-37],[-178,341],[-332,197],[-1165,-77],[-248,146],[-543,713],[-162,6],[-280,-163],[-400,33],[-65,103],[152,323],[-18,197],[-368,77],[-587,452],[-308,101],[-130,320],[-174,184],[-686,-68],[-192,-383],[-229,-63],[-71,111],[-32,475],[-204,219],[-42,264],[-410,509],[-88,238],[-246,166],[-94,451],[-308,121],[-14,954],[-236,101],[-489,-9],[-18,429],[184,830],[-34,280],[-120,110],[-1062,275],[36,460],[-134,158],[165,495],[-185,229],[120,213],[362,286],[212,1307],[-44,449],[87,851],[326,852],[-99,56],[-468,-26],[-383,277],[-179,326]],[[1918339,3098773],[473,55],[418,-178],[447,-73],[725,275],[992,216],[349,-42],[554,122],[382,-33],[896,373],[259,293],[479,41],[523,-166],[170,87],[278,321],[288,-48],[521,187],[682,-45],[61,-147],[138,-83],[30,-157],[224,-203],[129,9],[45,165],[84,5],[205,-125],[181,-257],[267,40],[779,-182],[835,-21],[325,-109],[429,98],[988,-12],[220,-212],[-63,-590],[177,-528],[85,-18],[68,156],[290,-79],[327,42],[-240,-822],[138,-117],[375,35],[165,-418],[213,-74],[311,140],[50,-309],[474,-32],[124,-358],[93,-72],[233,122],[213,-37],[-12,194],[159,119],[88,258],[536,-260],[25,-247],[261,149],[84,-209],[-152,-178],[-16,-293],[841,-385],[-60,-198],[239,-85],[-243,-245],[-74,-459],[199,-452],[6,-263],[442,-497],[86,-280],[364,161],[-83,-269],[46,-827],[164,-204],[221,25],[-40,-329],[195,143],[186,-46],[-26,-240],[168,-13],[63,-129],[-46,-344],[223,-232],[499,-16],[240,-213],[134,235],[398,345],[388,78],[201,-109],[71,-402],[92,-124],[347,-37],[230,-218],[197,-34],[159,134],[59,458],[144,100],[129,23],[160,-114],[435,-69],[395,22],[376,-208],[463,-547],[330,-195],[205,-249],[319,-16],[229,-169],[267,-2],[231,-178],[493,-82],[1202,-474]],[[1737220,2997741],[216,-1564],[-394,-2163],[-1604,-3955],[4,-330],[398,-745],[45,-554],[-232,-611],[-779,-973],[-282,-489],[-527,-1340],[-62,-631],[506,-1116],[46,-232],[-170,-497],[33,-253],[240,-757],[224,-306],[2022,-1774],[833,-411],[477,-403],[539,-611],[522,-839],[369,-900],[37,-1198],[116,-489],[460,-1230],[896,-1107],[137,-269],[113,-608]],[[1741403,2971386],[216,-328],[271,-211],[436,-205],[639,-465],[454,-596],[443,-881],[139,-1043],[-82,-336],[-480,-948],[-98,-425],[90,-1288],[-109,-1482],[-219,-582],[-749,-968],[-92,-18],[-1532,-3260],[-332,-399],[-755,-673],[-618,-1069]],[[1739025,2956209],[-427,37],[-488,-251],[-908,-16],[-359,-233],[-235,86],[-241,286],[-31,-528],[-528,-181],[-354,152],[-346,-295],[-353,2],[-222,-206],[-344,-157],[-240,-444],[-226,-185],[-190,-29],[-230,159],[-254,-130],[-238,96],[-458,-19],[-123,39],[-164,279],[-322,214],[-266,41],[-370,-100],[-178,210],[-336,98],[-110,124],[-338,-116],[-290,250],[-257,-24],[-688,159],[-126,134],[-178,-20],[-324,358],[-660,335],[-1541,179],[-328,-175],[-502,171],[-230,-177],[-711,678],[-208,389],[-374,-59],[-166,552],[-448,597],[-486,-69],[-224,153],[-307,440],[-350,250],[-584,752],[2,191],[-328,400],[-534,14],[-116,-98],[-172,128],[-463,-358],[-298,-487],[-532,-53],[-418,-255],[-202,9],[-192,-229],[-546,121],[-301,-21],[-300,126],[-452,-191],[-286,84],[-1072,645],[-669,184],[-12,281],[-528,120],[-420,210],[-206,-90],[-52,153],[-384,71],[-134,145],[-276,77],[-233,406],[42,413],[-278,-34],[-226,114],[-518,589],[-70,315],[86,618],[-136,539],[102,149],[-60,263],[-160,108],[32,132],[-90,123],[-106,544],[-44,656],[-370,305],[-32,153],[36,306],[140,279],[784,417],[601,95],[358,401],[120,358],[-272,175],[-16,432],[-276,597],[110,699],[196,546],[-74,487],[52,189],[-224,665],[-148,1442],[-182,548],[160,305],[-140,461],[30,179],[222,338],[276,921],[482,895],[118,387],[-57,613],[-142,195],[-98,866],[-148,257],[-296,246],[244,425],[-45,329],[-321,321],[-430,725],[-585,-27],[-1004,348],[-1363,-342],[-750,93],[-746,335],[-486,-43],[-303,-279],[-236,-17],[-530,404],[-110,407],[-502,636],[-182,-31],[-324,-309],[-204,6],[-457,580],[-266,218],[-198,-24],[-128,-192],[-332,-248],[-764,-239],[-400,-272],[-215,-21],[-286,509],[-1198,707],[-714,1127],[-521,318],[-404,546],[-326,232],[-334,558],[-748,895],[-154,148],[-537,204],[-414,261],[-434,415],[-325,504]],[[1694792,2989091],[130,225],[24,228],[-40,1040],[504,975]],[[1845513,3093730],[-108,-1245],[-471,-498],[-74,-525],[-146,-124],[-41,-157],[329,-1492],[278,-336],[111,-398],[-112,-936],[97,-496],[-93,-147],[320,-1089],[-479,-1198],[150,-622],[-85,-194],[20,-312],[215,-237],[-73,-439],[164,-134],[-2,-243],[117,-160],[50,-365],[364,-256],[331,-103],[253,-580],[-20,-350],[445,-617],[312,-165],[34,-315],[208,-147],[-16,-358],[78,-208],[535,-409],[317,-13],[344,-290],[434,-109],[462,-607],[-1102,-205],[-710,512],[-150,22],[-625,-258],[-176,-227],[-614,-464],[-446,-165],[186,-200],[327,-160],[190,-384],[250,-210],[197,-311],[190,-971],[257,-764],[10,-305],[227,-504],[30,-643],[357,-754],[143,-158],[661,-213],[351,-390],[213,-573],[455,-613],[449,-364],[622,-131],[321,-180],[613,-474],[268,-325],[466,-196],[287,-455],[143,-588],[289,-278],[138,-336],[411,-266],[922,-165],[758,23],[401,-112],[403,3]],[[1856473,3066074],[-134,-690],[327,-475],[-170,-345],[-206,309],[-35,188],[-141,-154],[-35,-191],[-251,-139],[-71,80],[-179,-359],[-535,-560],[6,-84],[-164,-35],[-19,52],[-669,-488],[-65,52],[-110,-77],[-45,61],[-46,-94],[-260,-10],[-421,-196],[-267,170],[-221,-316],[-174,121],[-125,-161],[88,-264],[-136,-511],[-305,-175],[-251,-325],[-89,79],[-228,-93],[-193,70],[-673,-288],[-239,134],[-247,-13],[-980,-447],[-121,67],[-32,155],[-159,70],[-466,-52],[-200,99],[127,328],[-34,378],[-741,40],[-379,-347],[-275,-20],[-262,121],[297,-1305],[-10,-1350],[-144,-191],[-508,-100],[-38,-238],[-464,-137],[-473,-372],[-401,-99],[-210,-403],[442,-556],[-44,-192],[119,-183],[-230,-501],[328,-159],[364,12],[169,-434],[-220,-224],[-98,-443],[-188,-128],[-58,-165],[-328,-31],[-266,-421],[-294,-173],[-405,652],[-187,607],[-663,101],[-1112,-167],[-350,-194]],[[1832475,3081624],[144,8],[115,224],[202,126],[281,26],[300,141],[557,365],[209,232],[316,28],[386,281],[-243,566],[259,231],[-119,388],[211,510],[-116,797],[235,246],[218,31],[310,257],[175,-87],[347,126],[350,-116],[135,268],[-157,702],[266,370],[-40,298],[103,223],[131,25],[338,-138],[29,-194],[513,-153],[557,37],[164,237],[-219,377],[-32,233],[134,96],[330,680],[357,278],[430,-166],[184,111],[106,-371],[152,-97],[497,58],[138,429],[395,86],[-132,419],[157,216],[381,-117],[134,-320],[291,-312],[387,308],[196,33],[202,280],[209,119],[104,266],[231,100],[131,395],[-163,297],[-383,194],[390,303],[711,-230],[-19,770],[217,687],[205,322],[469,544],[355,148],[317,-85]],[[1629955,3302612],[362,-759],[158,-176],[129,-93],[1082,-166],[549,-249],[745,-483],[1504,-1478],[377,4],[902,411],[900,276],[338,15],[857,-181],[970,-608],[2213,-1051],[838,-951],[407,-318],[1237,-249],[790,125],[1038,14],[900,-304],[226,-262],[807,-137],[555,-7],[1596,531],[443,297],[267,415],[1465,888],[819,272],[408,317],[584,1085],[239,1761],[590,711],[337,117],[802,0],[267,-96],[155,-583],[658,-531],[624,-348],[1072,-817],[1910,-725],[450,-546],[274,-152],[667,-48],[1054,467],[929,196],[878,-56],[228,138],[489,664],[457,1215],[190,1202],[309,870],[471,1098],[675,808],[801,428],[570,117],[1567,76],[1043,429],[1059,55],[886,497],[952,316],[321,201],[640,801],[385,167],[415,372],[415,221],[878,152],[710,0],[255,-67],[1460,-941],[1512,-62],[703,-207],[372,-249],[661,-1094],[675,-736],[1089,-609],[1125,-385],[387,-91],[941,-23],[274,124],[549,497],[485,94],[1075,-208],[633,11],[485,-125],[590,-445],[285,-331],[886,-1451],[1202,-942],[697,-937],[252,-16],[253,134],[220,227],[823,488],[638,7],[507,-258],[1141,-1973],[448,-1405],[520,-667],[441,-113],[397,43],[621,468],[523,224],[568,-614],[903,-604],[1221,-82],[213,105],[391,411]],[[1704209,3297165],[-156,-515],[-788,-948],[-64,-403],[222,-1518],[395,-712],[35,-1162],[-42,-269],[-246,-472],[-8,-1387],[-88,-247],[-226,-159],[-66,-269],[103,-1072],[252,-176],[348,-533],[321,-198],[323,-377],[-87,-381],[28,-514],[658,-1894],[-21,-297],[-204,-822],[-527,-684],[-682,-1436],[-35,-670],[188,-1350],[-335,-1084],[162,-412],[-41,-642],[-335,-788],[-47,-530],[-161,-246],[214,-737],[-193,-818],[-63,-667],[-489,-583],[-246,-429],[11,-738],[147,-570],[-124,-833],[19,-1256],[133,-712],[-158,-504],[-253,-259],[-57,-180],[155,-381],[-14,-920],[514,-439],[17,-108],[-25,-400],[-218,-626],[-41,-674],[-563,-1939],[-408,-799],[-184,-135],[-1300,-485],[-384,-410]],[[1699575,3259396],[-2141,-307],[-587,45],[-503,-69],[-416,92],[-962,-43],[-382,80],[-206,-49],[-448,-1011],[-489,-183],[-487,-383],[-745,-1153],[-710,-2176],[-359,-607],[-267,-1540],[-457,-663],[-204,-691],[-449,-428],[-254,-718],[-541,-132],[-871,-393],[-647,-532],[-527,-152],[-731,-62],[-550,-340],[-385,-638],[-556,-1478],[-965,-304],[-70,-279],[-132,-138],[-841,3],[-655,-583],[-655,-395],[-577,-729],[-288,-247],[-734,-349],[-1126,-145],[-514,-203],[-456,-8],[-295,178],[-624,709],[-262,153],[-691,158],[-549,-58],[-1030,-428],[-517,-332],[-186,-215],[-107,-310],[-382,-33],[-107,-94],[-34,-121],[130,-310],[-287,-171],[-856,283],[-2028,1558],[-1051,288],[-551,419],[-788,266],[-1377,862],[-360,674],[-1243,635],[-540,215],[-669,138],[-439,260],[-196,6],[-197,-144],[-1665,127],[-714,-221],[-843,332],[-810,176],[-321,166],[-84,122],[-242,712],[-731,1199],[-304,39],[-753,-183],[-636,470],[-1681,492],[-129,110],[-180,409],[-113,44],[-641,-237],[-377,38],[-483,271],[-956,22],[-332,287],[-489,227],[-320,376],[-720,405],[-445,87],[-144,-69],[-97,-441],[-878,-656],[-422,-647],[-545,-345],[-448,-9],[-185,-181],[-61,-268],[-316,-385],[84,-343],[-45,-199],[-455,-381],[-867,-1268],[-230,-112],[-213,8],[-460,201],[-565,80],[-291,-14],[-780,-374],[-707,96],[-932,-141],[-764,179],[-522,-402],[-658,266],[-467,33],[-305,-33],[-366,-157],[-1683,88],[-696,-79],[-310,30],[-766,254],[-1265,-89],[-795,105],[-1792,533],[-859,37],[-407,164],[-480,-62],[-441,70],[-335,249],[-823,-108],[-326,48],[-184,116],[-496,-9],[-65,-95],[40,-512],[-167,-250],[-435,-233],[-234,-303],[-454,-855],[-121,-697],[-442,-1054],[23,-172],[189,-292],[-28,-632],[177,-641],[-20,-1010],[282,-292],[304,31],[347,-257],[101,-523],[-11,-517],[342,-410],[218,-507],[373,-304],[-74,-502],[239,-428],[255,-138],[380,-48],[160,-176],[127,-359],[562,-184],[538,-522],[196,-472]],[[1627988,3235975],[-140,-70],[-376,48],[-34,-305],[-276,-238],[-523,-123],[-1626,-989],[-478,-118],[-252,-244],[-383,-640],[-211,-169],[-1409,-621],[-674,96],[-406,202],[-900,68],[-730,-73],[-419,258],[-442,142],[-1594,771],[-537,44],[-553,-190],[-537,124],[-713,-795],[-995,-651],[-887,-1241],[-458,95],[-167,-89],[-714,-12],[-195,-118],[-333,-29],[-288,-195],[-483,-42],[-525,-371],[-437,-108],[-337,-323],[-227,-803],[-1,-413],[-255,-657],[19,-180],[-280,-517],[-358,-1827],[-263,-901],[-468,-1082],[-383,-409],[-401,-269],[-327,-528],[-8,-510],[73,-228],[327,-467],[334,-214],[106,-240],[51,-1203],[320,-2974],[-418,-816],[-74,-93],[-192,-5],[-96,-292],[-359,-364],[-322,-591],[614,-367],[513,-58],[340,175],[917,164],[458,354],[985,382],[-33,-328],[-396,-631],[11,-415],[544,-810],[322,-324],[889,-504],[442,-478],[79,-268],[-38,-277],[-190,-194],[-745,-159],[-383,-176],[-370,-1155],[66,-563],[1021,-1510],[406,-918],[343,-319],[574,-246],[-107,-212],[-157,-112],[13,-75],[520,-524],[126,-446],[192,-324],[366,-375],[39,-223],[-223,-1312],[-346,-3],[-827,-509],[-173,-169],[-235,-574],[-1518,-632],[-666,-661],[-378,-172],[-408,-312],[-158,-299],[-64,-606],[-780,-976],[-356,-1113],[-581,-754],[-481,-375],[-696,151],[-514,-175],[-720,-391],[-420,40],[-523,183],[-647,-38],[-485,-225],[-598,-969],[-309,131],[-146,312],[-450,265],[-352,384],[-647,484],[-567,285],[-1255,454],[-242,309],[-395,226],[-108,290],[4,350],[123,660],[226,593],[46,744],[-376,605],[-709,380],[-121,556],[-267,172],[-701,104],[-1012,569],[-992,283],[-575,475],[-695,397],[-105,-11],[5,110],[-363,105],[-555,-122],[-1026,-5],[-1245,-275],[-795,191],[-1061,120],[-275,285],[-500,1295],[-429,538],[-709,378],[-946,1019],[-153,79],[-146,14],[-351,-174],[-245,-243],[-327,585],[-132,651],[-215,474],[-520,314],[-537,793],[-717,262],[-926,621],[-1091,-5],[-882,507],[-161,-101],[-261,732],[-597,1024],[-679,424],[-531,499],[-515,1110],[-64,749],[-569,678],[-499,188],[-1376,193],[-309,228],[-629,105],[-290,377],[-327,687],[-140,113],[-181,22],[-582,-166],[-481,311],[-859,1],[-345,-321],[-366,-158],[-110,-128],[121,-716],[-184,-381],[-403,-468],[-1260,-943],[-277,-144],[-289,-8],[-101,-191],[-336,-1129],[49,-913],[-200,-279],[-58,-570],[224,-831],[483,-713],[31,-408],[-355,-1112],[71,-1609],[-413,-894],[-227,-961],[109,-1819],[347,-1670],[169,-472],[765,-1274],[221,-943],[-82,-1492],[159,-970],[-60,-668],[138,-720],[28,-1705],[-320,-1005],[-38,-602],[273,-238],[1219,-1777],[417,-367],[307,-423],[-605,-1185],[42,-681],[467,-808],[2,-148],[-377,-500],[-505,-412],[-1485,-591],[-1524,-887],[-445,-75],[-417,424],[-203,413],[-411,499],[-774,362],[-318,-15],[-289,111],[-269,221],[-421,107],[-148,124],[-414,20],[-172,270],[-229,-83],[-372,17],[-1298,547],[-95,-82],[-249,9],[-465,424],[-675,273],[-222,0],[-599,-234],[-666,-450],[-294,36],[-481,446],[-139,28],[-1268,-25],[-860,296],[-625,118],[-1036,-12],[-2678,255],[-1456,570],[-581,107],[-1583,1204],[-996,574],[-881,440],[-762,51],[-1033,600],[-1487,-1269],[-448,-847],[-221,-136],[-1383,-393],[-341,-860],[-163,-1298],[-428,-290],[-450,-505],[-1615,-2133],[-320,-685],[-30,-771],[180,-901],[536,-618],[28,-204],[-684,-339],[-2782,-584],[-633,-350],[-840,-622],[-938,-1010],[-322,-733],[-225,-1164],[-31,-1479],[67,-823],[-150,-475],[-559,-260],[-1033,-173],[-336,-136],[-2038,-1191]],[[1523754,3170474],[-77,340],[-174,242],[-405,168],[-799,68],[-388,210],[-135,156],[-594,1278],[-159,2620],[-601,622],[-583,289],[-594,92],[-1051,-257],[-505,-6],[-1117,160],[-997,1041],[-219,398],[-112,402],[30,932],[-381,915],[-207,247],[-469,316],[-1072,1369],[-255,434],[-278,1464],[-202,425],[-546,674],[-242,442],[-39,331],[157,227],[343,204],[360,66],[1155,-66],[825,320],[624,393],[1012,348],[849,55],[816,552],[472,669],[433,862],[669,828],[546,348],[826,326],[692,580],[236,420],[146,685],[332,917],[832,669],[192,569],[168,171],[79,299],[-34,397],[96,249],[787,1110],[-84,1045],[-111,235],[-1053,748],[17,122],[489,348],[137,310],[-60,283],[-253,166],[-208,310],[123,612],[-53,162],[-183,167],[-27,671],[156,246],[634,105],[299,206],[-22,202],[-138,197],[-23,290],[-196,294],[169,1105],[85,206],[465,487],[317,720],[397,495],[174,347],[353,355],[183,355],[-67,698],[-254,491],[-219,149],[-107,242],[17,592],[175,833],[-108,1426],[0,2197],[282,1031],[62,584],[384,644],[1299,1270],[324,594],[309,152],[457,20],[197,194],[35,286],[-92,273],[-544,428],[119,556],[-386,1053],[66,308],[288,279],[25,359],[127,304],[288,135],[362,21],[84,120],[0,425],[-292,915],[67,705],[194,514],[365,285],[1251,-401],[1143,231],[1753,536],[361,427],[727,349],[611,731],[608,530],[416,252],[334,725],[303,204],[563,61],[1330,1311],[621,297],[191,315],[-129,1121],[236,630],[1007,1243],[275,834],[186,277],[658,652],[491,212],[763,975],[-45,393],[-270,353],[-996,2884],[45,1033],[-610,747],[-303,660],[93,409],[-517,1319],[-249,418],[14,483],[-155,308],[-190,1453],[-358,470],[-488,-6],[-527,-307],[-548,102],[-246,-132],[-781,-916],[-337,-265],[-552,-792],[-995,1083],[-382,298],[-551,213],[-338,527],[-113,621],[-309,948],[107,718],[-6,873],[282,448],[382,287],[113,547],[-343,807],[-349,304],[-34,325],[24,163],[415,473],[140,425],[57,575],[-68,420],[-607,1033],[-857,950],[36,409],[163,359],[-49,1058]],[[1550986,3298252],[763,370],[3035,66],[1001,-209],[686,-373],[745,-182],[519,-216],[615,-119],[452,5],[928,771],[346,765],[215,921],[220,542],[959,771],[283,669],[381,511],[384,322],[889,1309],[157,351],[-19,1215],[105,345],[597,345],[527,622],[1019,483],[538,635],[539,862],[188,477],[26,476],[-533,1423],[-247,1709],[-168,569],[-105,696],[256,161],[1559,-69],[287,58],[406,-171],[595,23],[384,-205],[173,-207],[-107,-362],[42,-122],[287,83],[1067,-66],[547,54],[942,355],[766,83],[625,-258],[226,-304],[626,-288],[2021,279],[277,-81],[418,126],[508,-97],[315,-476],[779,-177],[102,-81],[46,-191],[374,-102],[206,-323],[537,-520],[1038,-88],[440,195],[662,-403],[721,-205],[261,-283],[444,-159],[349,92],[397,222],[622,-78],[1286,398],[376,4],[386,109],[397,-3],[117,-147],[322,-85],[813,88],[1098,-160],[1081,-549],[725,-171],[591,-348],[555,-88],[339,-167],[750,-551],[285,-354],[508,-229],[1089,-303],[528,-676],[233,-156],[296,-115],[1322,46],[192,-145],[-89,-130],[29,-83],[227,-193],[129,-291],[-27,-181],[-212,-167],[-13,-194],[227,-69],[84,84],[142,-13],[42,-69],[-153,-390],[-282,-126],[-42,-222],[270,-290],[358,-170],[171,-671],[243,-333],[387,-180],[391,-62],[191,-127],[448,229],[411,-3],[630,-153],[998,188],[471,187],[639,-96],[148,77],[238,339],[221,91],[688,-491],[747,146],[579,-310],[850,-109],[529,132],[1236,-164],[825,229],[638,1],[247,-101],[169,-208],[121,-283],[22,-416],[93,-120],[256,19],[384,340],[256,85],[322,38],[317,-99],[248,-221],[411,-1227],[261,-160],[428,-54],[581,-241],[754,253],[331,-166],[304,17],[279,513],[298,128],[229,331],[388,192],[651,506],[388,124],[353,227],[707,107],[846,490],[300,53],[283,2],[808,-194],[912,-495],[1249,-380],[299,13],[491,304],[233,61],[275,-110],[212,-354],[185,-132],[1944,-303],[947,19],[303,110],[300,229],[683,103]],[[1927927,3129601],[-533,-615],[-638,-174],[-127,-231],[-400,-242],[-90,-306],[-325,-514],[-199,-116],[-323,16],[-916,420],[-465,-102],[-608,174],[-574,-41],[-233,-55],[-507,-315],[-169,87],[-75,169],[-101,-3],[-503,-573],[-368,-577],[-659,-696],[-70,-1178],[-132,-261],[99,-373],[-599,-330],[-1232,-216],[-385,-310],[-350,173],[-298,-504],[-661,-474],[-257,-382],[-586,-98],[-57,-651],[277,-667],[-283,-567],[-145,-90],[-545,-85],[-115,-302],[-6,-650],[-752,-347],[-1034,-1039],[-722,-436],[-304,-512],[37,-307]],[[1857286,3095219],[-850,362],[-426,-217],[-1265,-45],[-704,-514],[-203,-31],[-836,272],[-959,431],[-527,41],[-265,-312],[70,-521],[-104,-126]],[[1851217,3094559],[-469,645],[-46,513],[-361,591],[-53,646],[-135,320],[-287,73],[-75,113],[-79,355],[137,523],[-240,462],[-1477,1130],[-321,536],[-558,152],[-391,384],[-121,8],[-32,148],[-481,229],[-300,309],[-277,161],[-107,409],[176,325],[136,91],[42,315],[-140,296],[-115,-2],[-125,486],[143,183],[59,-17],[-6,141],[155,275],[323,-264],[410,-186],[512,77],[279,-175],[181,-232],[168,-61],[585,230],[307,-40],[365,-147],[309,-319],[437,219],[238,23],[296,204],[432,-178],[607,51],[1426,-180],[807,-423],[256,-211],[261,15],[343,-281],[349,-24],[106,-182],[348,-253],[276,-33],[454,251],[262,670],[-173,158],[-54,319],[133,75],[-177,63],[86,322],[-49,112],[-118,-47],[-193,267],[-792,158],[-63,232],[206,209],[-227,38],[-60,143],[154,235],[-12,104],[-909,302],[-35,86],[-543,250],[-174,372],[-122,-61],[-183,174],[-178,356],[80,333],[-140,212],[297,384],[-108,235],[-186,74],[-76,127],[45,727],[-423,994],[-102,1135],[45,476],[156,449],[232,276],[417,274],[385,1445],[5,742],[-114,933],[122,657],[-24,357],[-122,524],[-366,224]],[[1852846,3117355],[196,133],[371,-24],[230,79],[916,1097]],[[1854559,3118640],[545,-151],[271,-248],[854,36],[755,-188],[236,-142],[288,90],[223,917],[-54,165],[-187,68],[141,226],[-51,154],[49,176],[-88,60],[60,285],[-49,261],[65,101],[179,-17],[269,107],[422,-86],[163,200],[57,309],[-69,416],[-235,169],[-83,244],[-424,435],[-28,311],[71,203],[604,770],[798,297],[573,625],[376,118],[351,300],[932,-6],[253,49],[296,202],[219,269],[249,738],[717,443],[169,340],[430,-58],[342,-282],[734,21],[375,-319],[518,-680],[77,-352],[-63,-628],[49,-221],[373,-401],[14,-152],[-323,-124],[-7,-186],[463,-415],[352,-117],[176,-187],[161,-414],[155,-186],[1040,89],[598,-414],[632,-35],[654,-462],[134,-7],[77,117],[225,-62],[1061,-1098],[225,-780],[92,-104],[246,-214],[530,-143],[51,298],[-236,436],[285,347],[33,300],[-454,1314],[130,184],[67,352],[-82,226],[191,347],[-167,138],[-70,257],[-266,402],[-27,174],[136,284],[-254,160],[61,173],[220,33],[36,81],[-164,405],[20,578],[718,494],[301,87],[551,-101],[631,-424],[803,295],[434,9],[688,310],[222,-18],[249,-226],[590,-61],[356,612],[7,232],[443,217],[232,26],[471,441],[564,109],[305,145],[330,-131],[419,-49],[159,-261],[161,-85],[650,-29],[1319,-471],[507,301],[242,-10],[270,153],[471,45],[392,203],[547,-188],[323,185],[526,-11],[558,-294],[637,182],[357,-19],[716,-260],[251,-19],[407,-203],[236,0],[339,132],[307,-120],[255,177],[247,373],[151,73],[267,-40],[531,145],[220,-61],[157,-151],[231,-40],[736,368],[210,-93],[306,4],[510,201],[398,-38],[134,209],[261,-3],[221,167],[336,22],[494,-150],[580,293],[456,-39],[147,75],[14,157],[130,64],[327,-38],[453,111],[593,297],[913,116],[292,392],[809,357],[-76,314],[153,342],[150,145],[198,20],[362,-111],[232,216],[511,24],[431,560],[365,146],[576,85],[480,-149],[282,143],[629,92],[237,245],[261,122],[288,1023],[507,-220],[164,14],[299,201],[233,36],[301,245],[362,29],[741,517],[538,82],[490,910],[543,321],[647,-121],[295,123],[281,-21],[371,123],[125,-256],[343,-155],[634,-45],[214,152],[15,197],[242,331],[682,-205],[494,-264],[1358,-204],[511,143],[533,542],[267,16],[388,-376],[173,-646],[193,-273],[204,-84],[434,57],[453,-87],[1009,-775],[214,-38],[146,62],[327,561],[315,24],[130,-67],[138,-155],[41,-213],[-213,-642],[46,-324],[328,-251],[767,-155],[223,-147],[70,-483],[265,-224],[446,-58],[389,493],[1000,-474],[287,-2],[354,267],[510,73],[301,-276],[413,-681],[390,-224],[663,-27],[193,-181],[-6,-345],[221,-105],[452,-38]],[[1780022,3044005],[-1235,603],[-574,121],[-402,895],[-259,260],[-105,22],[-82,-94],[-301,-815],[-310,-560],[-255,-134],[-537,693],[-2328,1475],[-674,48],[-803,-90],[-812,-584],[-613,-766],[-826,-363],[-197,3],[-274,-471],[-488,-105],[-639,-444],[-134,-173],[-5,-150],[-89,32],[-152,-174],[-89,57],[-557,-261],[-625,-606],[-91,-446],[-387,-389],[-105,8],[-131,357],[-296,116],[-112,-35],[140,-220],[-115,-325],[-90,-89],[-320,-66],[-407,149],[-229,-14],[-275,161],[-399,-47],[-158,204],[-219,86],[-100,-63],[-92,-247],[-479,-244],[-700,69],[-87,146],[-144,-46],[-218,114],[-320,-369],[-259,-58],[-167,-288],[-162,-111],[-178,-474],[-551,559],[-174,874],[-110,170],[-303,166],[-561,705],[-450,315],[13,134],[-179,103],[-330,430],[-254,534],[176,184],[-215,144],[-224,-23],[-74,106],[-258,529],[-81,709],[-860,79],[-435,-91],[-367,-202],[-623,-91],[-790,-344],[-171,-291],[-152,68],[-227,-291],[-340,-56],[-229,160],[-756,-28],[-402,-298],[-209,-325],[-337,96],[-186,-94],[-385,-23],[-108,-115],[27,-225],[-365,-323],[-58,-340],[-232,-308],[-214,-91],[-225,182],[-86,-288],[-200,34],[-143,-117],[79,-104],[-36,-85],[-296,187],[-145,-5],[-2,-167],[-103,-145],[102,-223],[-379,-32],[104,-115],[-135,-191],[92,-108],[-19,-219],[258,-91],[-10,195],[100,19],[90,-248],[193,40],[205,-172],[56,-251],[-240,-117],[150,-102],[-171,-310],[-119,-21],[-218,127],[-2,-200],[-328,-14],[-18,-209],[-177,85],[-63,-127],[-235,-34],[-88,-113],[131,-261],[578,-113],[-375,-367],[-253,-75],[436,-384],[31,-661],[504,-200],[-60,-146],[-258,-2],[-52,-192],[-200,-248],[137,-421],[83,-34],[315,144],[79,-52],[-148,-306],[-231,-103],[210,-201],[28,-134],[-80,-310],[130,-1207],[-130,-158],[146,-218],[-108,-122]],[[1747651,3087855],[426,-24],[675,-236],[510,145],[498,1079],[576,746],[978,170],[1925,1217],[326,-794],[-322,-2290],[100,-579],[334,-459],[-139,-811],[245,-806],[-629,-885],[-165,-523],[405,-189],[212,-285],[432,181],[500,-86],[480,-193],[260,63],[107,-110],[113,71],[370,-2],[320,331],[407,115],[732,52],[315,-106],[73,219],[-173,221],[-2,123],[235,-52],[309,84],[-62,243],[202,307],[-180,279],[8,339],[72,89],[215,-18],[148,307],[-18,1267],[-412,877],[363,1006],[35,825],[-655,1319],[1240,-419],[403,-54]],[[1759443,3090609],[1641,-157],[670,-275],[387,-19],[173,-82],[166,-360],[327,-282],[771,-37],[682,-245],[493,-523],[574,-307],[97,-115],[25,-239],[405,-121],[200,-302],[156,-45],[307,83],[123,-61],[84,-402],[265,-395],[19,-355],[257,-412],[-26,-236],[183,-455],[351,-512],[-62,-171],[58,-109],[1351,-418],[538,-473],[1155,20],[170,-129],[484,-84],[287,-164],[99,-276],[-221,-507],[114,-247],[-67,-563],[168,-435],[291,-119],[-109,-584],[622,-628],[754,54],[335,-251],[295,59],[217,-149],[497,-22],[168,-124],[119,-165],[76,-737],[-171,-364],[46,-457],[328,-433],[393,-181],[-37,-259],[509,-717],[49,-690],[323,-291],[172,-309],[-4,-117],[-214,-291],[404,-158],[207,-386],[777,-337]],[[2119378,3383341],[-539,-781],[-59,-354],[-114,-108],[-909,-322],[-440,-303],[-826,-181],[-197,-475],[-808,-52],[-499,-235],[-559,-422],[-668,-301],[-223,-393],[-656,-607],[-495,-656],[-106,-381],[-14,-489],[-572,-270],[-307,-698],[-782,-697],[-92,-610],[-260,-265],[217,-731],[-616,-302],[-981,-648],[-434,-179],[-436,-468],[-448,-247],[-187,-300],[-1166,-355],[-108,-119],[-19,-231],[-160,-114],[-123,0],[-183,173]],[[2105609,3371220],[-174,56],[-312,395],[-180,83],[-83,672],[-187,157],[-153,-20],[-148,-242],[-624,-324],[-190,-313],[-480,-320],[-85,-245],[-121,-70],[-191,80],[-203,633],[-663,122],[-209,211],[-174,56],[-202,-87],[-95,-314],[-285,-309],[-508,-285],[-692,-69],[-688,183],[-157,237],[54,521],[-252,484],[-250,248],[-936,467],[-158,148],[-57,766],[-275,727],[2,987],[-76,200],[-406,201],[-686,71],[-250,241],[97,1449],[-156,399],[-287,399],[-270,890],[-94,58],[-525,-144],[-475,317],[-302,2],[-493,696],[-366,211],[-765,-53],[-656,-326],[-264,97],[-528,535],[-307,78],[-302,-42],[-522,-274],[-354,-477],[-124,24],[-252,292],[-663,15],[-191,386],[-619,438],[-161,606],[-135,232],[-449,397],[-22,623],[-327,763],[-242,1196],[7,665],[-231,470],[-307,232],[-708,196],[-295,-17],[-182,-104],[-95,-517],[169,-410],[15,-647],[-103,-186],[-610,-406],[-219,85],[-105,398],[-155,133],[-1493,2],[-928,549],[-726,160],[-471,-25],[-104,-138],[-105,-596],[-72,-121],[-125,2],[-516,688],[-1264,360],[-73,1360],[-165,183],[-511,140],[-315,300],[-199,-75],[-563,-744],[-919,-432],[-202,24],[-383,399],[-755,316],[-74,-75],[57,-640],[-103,-350],[-212,-220],[-371,-46],[-855,370],[-949,77],[-782,341],[-61,241],[202,398],[54,428],[-10,717],[-153,292],[-218,162],[-1178,519],[-1209,1143],[-1013,-150],[-432,48],[-234,130],[-83,109],[-5,261],[346,442],[40,183],[-72,99],[-314,-21],[-556,-503],[-814,-31],[-629,-350],[-410,-12],[-453,797],[-1344,729],[-338,529],[-11,710],[645,857],[-18,387],[-437,249],[-888,47],[-568,466],[-136,227],[62,356],[254,160],[174,-60],[381,-579],[269,-114],[288,-5],[180,81],[227,355],[-10,310],[-231,500],[-423,571],[195,1399],[-240,531],[94,627],[-218,537],[-710,3],[-592,121],[-818,-139],[-541,106],[-279,431],[64,538],[-66,205],[-149,23],[-277,-136],[-595,-124],[-997,193],[-427,225],[-175,189],[-178,493],[12,555],[110,568],[339,483],[36,226],[-257,688],[-349,333],[-34,654],[-182,225],[-390,1149],[105,798],[429,902],[301,95],[186,317],[35,387],[-106,385],[126,276],[337,494],[329,34],[72,103],[51,418],[152,357],[-128,738],[-300,397],[-1018,724],[-171,373],[-724,645],[-231,443],[-348,357],[-80,423],[-399,443],[-753,540],[-1178,572],[-299,285],[-116,411],[-151,161],[-1000,797],[-647,350],[-383,683],[-457,455],[-135,247],[-167,1027],[-184,432],[107,821],[-180,611],[-1463,1496],[-1613,995],[-309,278],[-220,561],[-48,1486],[-292,536],[-421,231],[-455,-24],[-572,-200],[-452,3],[-302,138],[-115,201],[76,331],[348,247],[212,71],[811,-71],[352,53],[1063,667],[406,363],[197,256],[102,931],[392,1136],[568,693],[1378,1360],[322,587],[359,361],[156,89],[510,58],[1887,115],[551,117],[1094,496],[256,332],[333,871],[1003,1319],[115,532],[442,946],[996,1602],[213,612],[78,584],[245,536],[164,237],[358,250],[373,611],[554,232],[336,268],[432,634],[91,692],[-182,892],[-13,1817],[127,875],[304,558],[686,593],[581,795],[391,988],[169,1078],[-28,657],[-342,512],[-212,806],[-70,2177],[-599,873],[-493,1021],[-25,997],[677,1585],[289,497],[925,687],[1066,431],[255,243],[172,630],[6,682],[-822,1709],[-150,186],[-226,105],[-370,18],[-777,-204],[-1163,77],[-911,-159],[-1648,-6],[-327,-139],[-510,-600],[-193,21],[-116,105],[-128,766]],[[2047141,3486605],[-78,1137],[66,256],[238,342],[1336,1120],[901,629],[792,843],[826,383],[325,416],[283,651],[-44,1504],[-250,640],[-456,469],[-1639,939],[-402,480],[-466,395],[-424,682],[22,864],[380,608],[977,928],[315,181],[890,75],[662,-245],[1347,-949],[618,-86],[315,107],[250,213],[521,832],[65,363],[-87,586],[-195,427],[-358,523],[-467,362],[-521,310],[-402,106],[-1900,118],[-608,288],[-651,917],[-445,885],[-326,1408],[-130,278],[-543,682],[-543,320],[-217,224],[21,427],[717,1216],[109,309],[43,1312],[-152,885],[-423,1238],[-467,938],[-578,739],[-77,320],[252,616],[187,207],[834,491],[788,729],[293,1035],[-55,504],[-160,364],[-316,405],[-811,576],[-1681,500],[-289,373],[-174,724],[51,671],[407,792],[605,553],[527,819],[105,324],[-41,572],[-193,513],[-439,697],[-238,792],[-234,437],[-760,828],[-1210,666],[-412,544],[-252,482],[-169,639],[-9,985],[182,665],[254,534],[718,886],[529,1565],[-9,918],[-124,583],[-313,891],[-737,1371],[15,1019],[100,342],[359,728],[916,719],[668,276],[1284,72],[401,141],[281,271],[340,954],[-37,561],[-207,443],[-239,321],[-1266,1149],[-1004,2121],[28,932],[175,384],[414,493],[315,700],[229,241],[683,410],[527,210],[736,38],[1295,-158],[1332,-29],[521,86],[563,206],[113,-561],[25,-1362],[400,-550],[618,-395],[103,-339],[-26,-292],[-279,-495],[-340,-269],[-843,-150],[-1113,89],[-394,-576],[101,-267],[412,284],[167,-72],[58,-126],[-84,-303],[-310,-256],[-41,-307],[76,-231],[-47,-86],[-218,-63],[24,-109],[242,-154],[146,-250],[103,141],[-81,366],[71,130],[314,-139],[409,-34],[245,-267],[342,-762],[88,-396],[-7,-598],[195,-203],[170,-466],[-88,-97],[-302,-69],[-3,-431],[-173,14],[-49,-289],[147,-268],[55,-390],[497,-301],[348,97],[282,-234],[530,16],[696,-391],[313,-23],[146,-247],[348,124],[40,-116],[-230,-339],[-30,-208],[137,-575],[136,-159],[153,31],[10,436],[222,261],[366,127],[370,3],[623,-230],[784,-21],[613,-182],[321,224],[665,-473],[1394,-482],[134,-295],[-260,-368],[11,-249],[231,-267],[752,-415],[95,-178],[-75,-477],[317,-366],[-58,-233],[-330,-212],[46,-145],[511,-301],[704,-706],[404,-245],[406,-685],[872,6],[1031,-304],[1406,95],[464,-297],[203,-441],[625,-59],[115,-130],[63,-479],[-150,-355],[-4,-216],[181,-392],[590,-259],[1182,-192],[303,-174],[195,-230],[23,-164],[-118,-189],[-605,-405],[-6,-173],[434,-67],[1135,242],[768,-142],[528,175],[487,362],[217,62],[901,-408],[1019,-48],[715,-183],[770,486],[294,36],[1089,-679],[128,-180],[-3,-502],[-234,-1213],[112,-1013],[386,-314],[753,-107],[851,46],[619,281],[211,448],[308,233],[1384,40],[147,66],[190,261],[196,786],[436,528],[166,364],[145,21],[996,-774],[734,-453],[615,-278],[1443,-416],[19,-213],[-289,-389],[325,-762],[185,-169],[599,-75],[783,-720],[68,-155],[-228,-407],[44,-156],[132,-117],[707,-115],[290,-202],[206,-290],[159,-647],[309,-261],[210,-85],[170,104],[-112,276],[-238,85],[-26,92],[533,1015],[256,109],[1136,122],[177,-189],[143,-399],[-61,-450],[-270,-674],[77,-363],[422,-186],[225,286],[114,0],[147,-495],[139,-112],[70,79],[-32,488],[122,228],[188,68],[573,-70],[505,-493],[243,-844],[501,-178],[919,81],[396,-85],[111,519],[-61,787],[112,345],[259,222],[385,-120],[144,56],[267,830],[272,370],[88,333],[255,346],[538,406],[227,53],[367,-132],[358,68],[392,-68],[158,-116],[395,34],[493,190],[392,371],[128,798],[-58,679],[100,49],[314,-56],[478,337],[207,574],[6,357],[-365,580],[171,420],[-93,252],[907,-76],[343,-182],[308,-6],[349,133],[-36,406],[386,14],[228,92],[236,-119],[372,70],[157,-41],[7,-119],[-135,-154],[-236,-71],[0,-126],[543,-83],[250,-209],[129,-7],[50,168],[-93,391],[6,567],[-287,979],[293,-27],[-101,321],[36,154],[250,29],[221,126],[286,-35],[321,197],[-14,217],[-172,202],[66,358],[647,213],[407,446],[757,159],[13,109],[-132,133],[55,83],[923,135],[281,-100],[356,946],[459,-274],[358,13],[233,496],[-162,216],[51,117],[1051,-153],[636,161],[308,-85],[433,88],[286,-79],[195,34],[85,167],[-13,462],[365,134],[127,408],[277,192],[101,562],[246,247],[72,537],[489,309],[374,371],[259,392],[1344,1045]],[[1852846,3117355],[-245,7],[-841,-445],[-383,-371],[-512,33],[-350,-165],[-77,155],[-666,632],[109,177],[-34,80],[-494,79],[-219,-82],[-203,170],[-812,225],[-381,-214],[-307,-69],[-182,-410],[-132,-89],[-938,-104],[-463,-141],[-813,166],[-601,-226],[-910,306],[-468,-301],[-264,-20],[-355,119],[-112,156],[-109,18],[-108,-8],[-274,-357],[-58,177],[-169,-9],[-300,-299],[-327,-111],[-110,72],[-308,-49],[-400,164],[-227,-221],[-335,-80],[-175,263],[-208,50],[-245,-83],[-199,44],[-343,-317],[-577,330],[-382,30],[-861,-132],[-461,144],[-395,-143],[-353,69],[-192,-122],[-171,24],[-351,-176],[-546,-96],[-46,229],[-128,43],[-658,-23],[-278,-114],[-83,79],[-342,-138],[-688,-674],[-129,7],[-169,168],[-206,27],[-124,-179],[-37,-511],[-231,-23],[-543,95],[-487,841],[-311,1368],[-500,604],[-72,261],[-844,634],[-789,116],[-607,262],[-499,378],[-221,336],[159,187],[130,417],[-387,326],[-78,-153],[-1223,728],[-893,284],[-432,588]],[[1816749,3164674],[191,305],[205,155],[448,-133],[450,-362],[-30,-684],[175,-264],[227,-97],[411,33],[375,-268],[139,52],[160,213],[201,28],[125,-206],[-50,-254],[52,-152],[302,-58],[367,-263],[630,-76],[388,256],[194,-24],[298,95],[213,-499],[-30,-566],[165,-97],[295,-14],[227,183],[222,-36],[293,347],[949,397],[362,510],[569,93],[183,337],[142,94],[619,63],[362,-195],[258,305],[696,111],[260,386],[308,287],[21,388],[190,237],[282,112],[514,-162],[175,167],[116,316],[137,71],[877,-556],[471,147],[274,-192],[201,-38],[392,176],[35,-280],[265,-476],[506,131],[466,-90],[226,-331],[179,-593],[840,-571],[301,-337],[399,-228],[21,-138],[-199,-633],[-19,-622],[79,-193],[244,-245],[332,-16],[-56,-392],[-562,-551],[-181,-19],[-144,282],[-471,463],[-122,15],[-442,-388],[-958,-1357],[-234,41],[-490,446],[-222,-2],[-103,-176],[-46,-850],[-474,-856],[17,-454],[112,-119],[373,-119],[85,-555],[119,-174],[731,-59],[155,-122],[-18,-528],[-278,-760],[257,-190],[223,-841],[466,-483],[186,-314],[944,-391],[177,-423],[220,-196],[130,-508],[265,-31],[338,385],[360,119],[293,354],[549,97],[469,409],[228,50],[136,-121],[-39,-582],[67,-115],[437,-163],[491,-509],[511,-121],[550,-280],[186,-331],[666,-786],[4,-369],[116,-276],[249,-235],[512,-180],[183,-343],[3,-192],[244,-96],[199,-492],[276,-163],[263,-409],[526,-366],[-459,-742],[-95,-320],[-856,-455],[85,-242],[-34,-123],[-572,144],[-847,-178],[-266,-232],[-163,-568],[-369,-93],[-561,-375],[-334,120],[-207,-99],[-130,-385],[-262,-105],[-69,-104],[-56,-706],[-485,-450],[-95,-183],[30,-128],[176,-147],[952,-388],[-47,-161],[-553,-485],[68,-291],[-144,-313],[162,-145],[246,150],[239,-184],[230,169],[162,-5],[81,-358],[-30,-338],[-490,-264],[284,-422],[232,-3],[-96,-414],[63,-228],[1107,-522],[198,-157],[109,-286],[310,-133],[-18,-232],[-102,-158],[-429,-304],[-365,-151],[10,-139],[366,-461],[-44,-152],[-232,-164],[311,-427],[32,-203],[-352,-815],[-12,-449],[146,-137],[604,106],[173,-42],[314,-623],[193,17],[645,549],[208,21],[502,-235],[123,-121],[28,-611],[125,-26],[274,259],[167,-62],[92,-274],[267,-214],[128,-351],[28,-173],[-112,-174],[-636,-192],[-25,-189],[151,-213],[325,-155],[1547,-21],[202,-488],[780,-636],[239,-288],[54,-306],[181,-45],[34,-214],[-93,-262],[56,-107],[451,12],[580,-230],[354,97],[258,-22],[381,-185],[422,0],[329,-218],[258,-317],[146,-327],[0,-340],[98,-195],[775,121],[443,-174],[443,-510],[51,-405],[-190,-168],[279,-369],[13,-194],[444,-504],[357,-153],[367,-803],[473,-226],[81,-132],[54,-481],[239,-125],[-17,-317],[74,-112],[56,-632],[184,-292],[-5,-387],[229,-425],[-58,-466],[275,-191],[415,-73]],[[1849188,3014685],[-585,31],[-609,187],[-753,-11],[-435,158],[-86,166],[-231,153],[-224,14],[-112,132],[-351,84],[-282,-419],[-27,-217],[-505,-249],[-234,-28],[-267,-546],[-465,-114],[-289,-255],[-758,-126],[-177,-156],[-46,-269],[-609,101],[-18,305],[-118,167],[-154,43],[-1085,-259],[-830,138],[-107,82],[-51,-85],[-305,-19],[-20,-1159],[19,-117],[101,-55],[-139,-63],[-491,311],[-396,46],[-1017,-137],[-166,-181],[-204,-44],[-206,-260],[8,-201],[-215,-412],[405,-384],[256,-124],[283,-585],[-38,-94],[-389,-184],[22,-233],[-267,-118],[-69,-116],[-80,53],[-147,-114],[-417,36],[-190,168],[78,-312],[-225,-5],[-146,-497],[-216,-185],[26,-136],[-298,-201],[-173,-296],[-98,275],[-79,13],[-67,-624],[78,-359],[-219,-64],[-709,525],[-330,-83],[-251,27],[-150,188],[-154,33],[-180,-242],[-249,-21],[-721,-528],[-122,-161],[-56,-488],[-265,3],[-220,-105],[87,-46],[-86,-124],[300,-218],[-125,-10],[20,-142],[-170,-146],[-254,-58],[41,-112],[-128,-135],[-385,416],[-36,149],[-199,56],[-4,147],[-191,164],[-81,310],[-506,178],[-126,259],[-230,-202],[-46,-264],[58,-217],[-119,-295],[88,-319],[128,-56],[-25,-587],[-121,-283],[121,-358],[-59,-534],[32,-117],[108,-9],[97,-396],[-193,-903],[-80,-130],[-254,-132],[-459,-1],[-159,-110],[63,-147],[-138,-120],[-149,-617],[8,-65],[106,1],[-6,-86],[-212,-488],[-408,-321],[-118,-483],[-158,-61],[19,-121],[-220,-93],[-134,-244],[-125,48],[-193,-79],[-335,-246],[-155,78],[-514,-113],[-300,140],[-813,-152],[-209,227],[-306,166],[-729,30],[-257,-88],[-111,180],[-236,104],[-84,-112],[-166,-25],[-36,-532],[-239,-441],[-168,-123],[-175,59],[56,-240],[-201,-295],[-197,-64],[-307,90]],[[1815386,3001540],[-174,526],[9,251],[609,1436],[78,378],[-272,1747],[-470,465],[-390,914],[-69,535],[103,829],[263,515],[67,340],[48,485],[-72,406],[139,284],[-11,137],[-327,148],[-1224,0],[-333,98],[116,332],[-140,466],[209,56],[-238,465],[-264,273],[-228,529],[-563,262],[-536,122],[-84,278],[-206,64],[58,53],[-234,735],[297,470],[357,150],[-892,895]],[[1811012,3016184],[356,287],[140,218],[278,1270],[193,385],[525,475],[1616,1141],[454,401],[1324,1932],[1321,1047],[236,326]],[[1846577,3024237],[167,-372],[29,-418],[287,-162],[-23,-235],[403,-285],[163,-211],[-297,-280],[-170,-322],[-275,16],[-130,-227],[-349,-196],[49,-392],[267,-284],[94,-356],[20,-240],[-116,-209],[1287,-642],[42,-486],[136,6],[145,-250],[364,50],[461,-56],[671,-584],[43,-290],[-92,-208],[-11,-500],[216,-196],[-289,-383],[30,-232],[-194,-453],[63,-132],[-92,-228],[112,-502],[-400,-293]],[[1808504,2962512],[-217,-330],[-236,-85],[-1321,-33],[-446,45],[-476,197],[-330,-101],[-184,-293],[-250,-706],[-334,-315],[-738,-1044],[-539,-271],[-380,-319],[-935,-241],[-514,-374],[-84,-208],[20,-373],[312,-810],[-9,-229],[-884,-856],[-164,-414],[427,-1010],[-21,-761],[-197,-275],[29,-211],[-127,-189],[56,-344],[106,-182],[748,-447],[136,-370],[640,17],[-7,-549],[-164,-457],[117,-190],[268,-6],[62,-196],[-401,-628],[-17,-146],[340,10],[35,-233],[276,-182],[43,-531],[205,33],[61,-81],[147,-9],[-102,-430],[256,-81],[172,163],[176,-196],[229,27],[-131,-323],[344,-511],[-354,-292],[147,-140],[268,19],[32,-246],[377,-153],[99,-119],[-50,-251],[-101,-106],[-22,-353],[110,-242],[247,-255],[-5,-91],[-151,-302],[-419,-99],[17,-782],[156,-493],[393,-229],[-43,-329],[114,-480],[-127,-281],[-35,-418],[100,-584],[179,-385],[348,-344],[-158,-276],[37,-168],[-62,-125],[97,-170],[-195,-189],[115,-257],[-123,-111],[90,-146],[-90,-172],[62,-191],[-220,-51],[-30,-232],[596,-554],[284,-462],[69,-212],[-183,-408],[75,-199],[-95,-385],[209,-379],[118,-620],[291,-189],[-121,-234],[3,-771],[288,-269],[127,-588],[216,-314],[108,-848],[-92,-446],[-277,-286],[-1236,-802],[-106,-167],[-21,-767],[95,-453],[-53,-359],[-176,-366],[141,-257],[-105,-254],[95,-1101],[65,-180],[284,-228],[102,-224],[402,-244],[-20,-414],[186,-379],[-33,-453],[154,-571],[-59,-559],[343,-269],[-19,-328],[542,-282],[92,-504],[258,-642],[725,-1345],[101,-456],[-209,-1191],[-206,-523],[-85,-800],[-1728,-2147],[-369,-681],[-165,-564],[11,-787],[330,-636],[337,-298],[208,-975]],[[1806801,2911051],[13,-927],[74,-346],[139,-213],[52,-534],[-57,-462],[-539,-1837],[-121,-756],[87,-444],[378,-774],[174,-619],[-105,-953],[-178,-713],[518,-1406],[17,-277],[-195,-590],[-260,-475],[-528,-167],[-289,-286],[-285,-1076],[-57,-538],[-241,-768],[-759,-23],[-722,337],[-839,1046],[-271,230],[-1327,674],[-379,257],[-415,470]],[[1800686,2899881],[62,426],[-84,598],[-1131,1174],[-289,451],[-91,315],[249,1368],[507,1163],[-8,513],[-372,557],[-657,357],[-1009,389],[-333,358],[-158,949],[126,949],[-201,692],[-190,233],[-638,171],[-336,-35],[-922,-451],[-353,-23],[-1262,361],[-329,257],[-97,324]],[[1793170,2910977],[-124,689],[-531,853],[-449,384],[-987,527],[-505,939],[-738,746],[-940,242],[-1731,623],[-1243,1288],[-1166,534],[-883,268],[-762,1010],[-1231,56],[-1134,257],[-1109,-33],[-503,148],[-826,407],[-1088,41],[-920,386],[-881,-109],[-304,116],[-366,400],[-1281,954],[-297,743],[-260,373],[-417,390],[-336,1337],[-680,1490],[-200,255],[-1023,658],[-311,295],[-476,540],[-560,997],[-1178,615],[-801,845],[35,1116],[-216,494],[-249,240],[-410,212],[-368,9],[-445,-132]],[[1765276,2932180],[-325,-89],[-403,38],[-442,520],[-1039,805],[-322,150],[-1306,252],[-820,501]],[[1760619,2934357],[39,446],[-61,306],[198,100],[83,234],[223,83],[30,215],[269,287],[89,358],[267,225],[100,345],[-69,127],[204,324],[13,352],[499,530],[71,251],[141,88],[70,486],[306,455],[98,308],[-76,111],[-411,213],[-138,177],[-282,5],[-177,149],[-33,200],[-275,78],[-312,-160],[-274,344],[-441,10],[-156,156],[-140,-49],[-218,169],[-103,-35],[-237,96],[-21,451],[360,153],[-69,533],[-343,171],[222,173],[-21,166],[-270,29],[-33,130],[-114,-18],[-117,142],[-16,136],[355,335],[33,152],[163,64],[38,358],[203,47],[42,278],[302,65],[-37,178],[151,98],[-4,165],[169,-5],[42,191],[658,215],[304,256],[179,-10],[142,393],[141,134],[346,-16],[1,118],[290,195],[37,137],[263,26],[124,176],[221,63],[562,-44],[295,329],[229,-138],[162,125],[61,-116],[350,7],[-116,-341],[44,-96],[91,26],[120,-215],[214,-39],[834,843],[318,182],[242,514],[114,-193],[169,-46],[73,-133],[211,139],[47,186],[363,102],[748,-240],[61,58],[180,-69],[88,132],[155,-102],[87,56],[214,-272],[282,-112],[95,-130],[144,357],[127,-213],[220,-42],[90,124],[261,-19],[-60,121],[88,264],[377,-293],[284,-46],[2,229],[407,-159],[210,20],[3,144],[67,25],[166,-198],[355,286],[23,99],[55,-34],[-3,210],[230,-42],[174,99],[188,-194],[-48,-205],[81,59],[165,-143],[199,325],[443,-79],[906,588],[280,284],[99,-11],[175,-248],[565,-65],[310,614],[982,22],[1067,370],[341,-217],[164,-9],[765,333],[119,-74],[349,51],[217,302],[741,671],[423,245],[587,-246],[155,27],[650,737],[661,1519],[-411,308],[-193,636],[-160,93],[-242,629],[-281,241],[-90,200],[375,270],[10,151],[123,59],[22,146],[678,172],[-49,305],[55,105],[423,92],[77,349],[-279,86],[451,227],[-354,6],[-17,60],[324,85],[193,160],[157,-5],[344,-559],[524,232],[-26,243],[95,33],[44,145],[-147,296],[3,161],[250,392],[175,109],[55,217],[201,113],[384,-116],[112,185],[-30,113],[208,40],[285,305],[592,370],[218,371],[-74,84],[190,302],[-351,871],[173,460],[-172,127],[-141,347],[-271,42],[-484,385],[-206,-103],[-188,32],[-18,-187],[-272,68],[-310,-208],[-94,-327],[-318,-141],[-132,-198],[-301,-7],[-130,170],[-35,488],[-190,22],[-102,-172],[-106,-7],[-388,398],[-39,529],[-527,-83],[-69,40],[-9,260],[-245,69]],[[1646445,3140845],[-715,-2],[-643,-181],[-651,-444],[-289,-371],[-231,-14],[-1028,-477],[-409,2],[-152,152],[-101,265],[-508,-57],[-550,-243],[-208,-375],[-298,-319],[-275,-121],[-394,67],[-1334,-275],[-927,121],[-701,298],[-362,-8],[-144,-434],[-26,-1085],[-251,-231],[-203,-388],[-277,-292],[-735,-390],[-89,-506],[-88,-113],[-586,-73],[-394,-393],[-351,-191],[-480,78],[-265,-63],[-538,306],[-1122,408],[-880,-81],[-671,-425],[-1143,-52],[-135,-188],[-162,-44],[-294,90],[-248,-35],[-123,-104],[53,-329],[-74,-583],[-324,-440],[-137,-532],[-793,-737],[-492,-289],[-461,-941],[-263,-135],[-203,-344],[-362,-161],[-546,-532],[-488,-1021],[-630,-370],[-197,-304],[-368,-315],[-50,-492],[-342,-251],[-146,-876],[-336,-441],[-130,-442],[-599,-57],[-269,-103],[-324,164],[-352,-5],[-292,-272],[-408,-188],[-325,-360],[-907,65],[-574,269],[-620,-180],[-537,264],[-601,727],[-196,50],[-314,-98],[-399,13],[-449,586],[-227,26],[-190,-215],[-196,-601],[-594,-375],[-1179,-410],[-325,-22],[-386,243],[-234,-84],[-649,-766],[-647,-397],[-166,-317],[-199,-1069],[-119,-154],[-377,-59],[-656,-256],[-446,-26],[-261,-99],[-106,-178],[-128,-733],[13,-612],[124,-705],[-157,-501],[-207,-322],[-473,-179],[-521,-405],[-521,-73],[-165,-263],[-145,-739],[-1475,-636],[-656,540],[-400,-20],[-306,-104],[-797,-651],[-581,-120],[-758,251],[-616,505],[-1276,312],[-318,436],[-204,123],[-871,216],[-1021,93],[-581,274],[-424,277],[-47,745],[-290,489],[-279,209],[-702,289],[-121,634],[-631,1080],[-64,473],[302,718],[71,466],[157,96],[662,-120],[172,449],[40,362],[-135,124],[-527,26],[-133,182],[-163,575],[-259,219],[-448,152],[-64,111],[236,447],[-256,483],[102,120],[505,-20],[241,790],[-42,362],[172,273],[-342,490],[-788,-128],[-687,515],[-578,47],[375,1113],[-141,291],[-157,24],[-119,-85],[-665,-1019],[-240,15],[-526,271],[-51,158],[358,367],[159,373],[-175,373],[-326,13],[-133,119],[-126,386],[109,285],[-60,110],[-340,395],[-629,17],[-62,619],[-709,-200],[-241,39],[-77,104],[-112,425],[571,627],[-223,653],[195,124],[311,52],[95,113],[-214,377],[-424,213],[-386,405],[59,341],[292,-18],[397,510],[-62,412],[-238,627],[46,111],[292,124],[-38,125],[-545,120],[-265,-215],[-241,11],[-351,238],[-205,432],[-722,152],[-517,527],[-13,395],[-320,230],[-38,473],[-687,-59],[-300,460],[-486,124],[-106,255],[-161,128],[-256,-151],[-137,-616],[-79,-81],[-228,22],[-382,375],[-220,44],[-711,-801],[-1554,-633],[-378,-21],[-699,117],[-520,-311],[-496,471],[-583,-358],[-404,206],[-870,25],[-347,-281],[-239,-434],[303,-191],[101,-156],[117,-966],[-126,-361],[-159,-96],[-460,15],[-2043,-313],[24,-373],[212,-243],[129,-326],[0,-602],[-344,-69],[-515,63],[-303,-194],[-795,-298],[-86,-219],[133,-324],[306,-414],[-59,-170],[-197,-122],[-795,-116],[-771,-569],[-520,-540],[-219,-502],[-221,-243],[-306,-17],[-995,162],[-215,-9],[-253,-133],[-27,-136],[256,-535],[-123,-509],[-534,-462],[-200,-451],[-628,-686],[-314,-617],[-997,-872],[-683,-451],[-754,-1103],[-451,-382],[-279,-636],[0,-451],[644,-1446],[-130,-232],[-164,-108],[-617,-308],[-416,-47],[-110,-308],[-223,-1435],[208,-617],[-122,-262],[-389,-254],[150,-1666],[-126,-444],[-428,-733],[-235,-2329],[-279,-555],[-487,-416],[-1731,-251],[-345,-328],[-640,-848],[-813,-559],[-168,0],[-573,358],[-303,598],[-769,35],[-711,443],[-1372,601],[-152,1116],[-20,1251],[-137,817],[104,1468],[-86,417],[-232,427],[-387,393],[-428,221],[-530,87],[-468,490],[-170,343],[150,633],[-148,367],[-455,303],[-236,24],[-596,-710],[-519,-167],[-547,-29],[-771,306],[-910,599],[-389,376],[-179,408],[-507,159],[-518,-122],[-188,41],[-771,804],[-286,1041],[-751,879],[-123,1001],[-96,238],[-613,263],[-544,523],[-19,405],[426,694],[265,33],[371,193],[975,792],[488,629],[170,534],[-114,364],[-694,789],[-238,545],[-108,505],[-102,668],[-2,799],[46,433],[303,914],[-47,345],[-419,917],[-826,981],[-300,757],[-506,906],[-236,-11],[-148,-264],[-252,-146],[-881,7],[-201,98],[-258,292],[-355,786],[-649,-9],[-424,87],[-866,-235],[-713,-88],[-322,-193],[-347,-588],[-183,-154],[-647,-55],[-256,-104],[-168,-175],[-455,-851],[-77,-592],[-426,-685],[-573,-1824],[-1132,-733],[-794,-228],[-1467,-273]],[[1527813,3133197],[84,1341],[485,1001],[346,374],[62,2040],[742,2352],[59,668],[-255,779],[-1056,875],[-879,1030],[-777,1361],[-271,1184],[-903,690],[-1150,1973],[-30,1486],[131,1098],[511,850],[93,333]],[[1525005,3152632],[8,423],[-117,367],[108,379],[722,863],[529,905],[508,1404],[-106,362],[-20,913],[-141,196],[-13,1305],[-197,1054],[-212,371],[-523,386],[-247,313],[-56,474],[-365,518],[-159,390],[-144,1699],[-494,2034],[-19,2530],[-153,752],[-160,204]],[[1627988,3235975],[721,-486],[30,-162],[-325,-121],[-168,-237],[-529,-174],[-222,-306],[-46,-217],[94,-948],[-245,-556],[50,-262],[-162,-446],[-65,-626],[-866,-1024],[-180,-741],[-516,-243],[-116,-244],[-549,-481],[-1133,-465],[-337,-582],[-143,-110],[-88,-575],[-620,-539],[-545,-308],[-44,-143],[72,-276],[-155,-175],[155,-228],[-75,-306],[-320,-406],[64,-486],[-86,-653],[178,-437],[276,-20],[378,-290],[402,-49],[332,-304],[299,-98],[132,-318],[1000,-884],[70,-428],[877,-671],[279,-428],[6,-129],[-139,-215],[99,-118],[181,-7],[13,-428],[454,-481],[-53,-359],[169,-190],[111,-537],[399,-400],[715,-395],[813,-1012],[280,-231],[444,-89],[1084,237],[485,3],[1094,431],[689,33],[680,566],[161,-202],[112,-375],[369,-337],[492,-181],[712,173],[562,293],[905,-34],[281,-147],[88,-561],[0,-449],[-360,-1355],[-15,-662],[109,-111],[169,-28],[435,325],[796,-19],[2215,-233],[878,-225],[475,-302],[659,-242],[614,-592],[308,-639],[307,-285],[870,-181],[703,-924],[756,-199],[342,-189],[1341,-116],[146,-464],[180,-78],[377,28],[459,471],[624,406],[167,457],[132,1028],[246,457],[835,95],[316,302],[149,35],[106,-95],[373,123],[394,447],[534,1282],[347,297],[94,345],[439,531],[18,158],[954,1047],[1130,650],[871,290],[518,-6],[596,-425],[889,266]],[[1870432,3074781],[71,-152],[-396,-357],[-56,-139],[851,-828],[695,-340],[59,-182],[-111,-151],[-547,-336],[-94,-442],[73,-437],[-100,-261],[-624,-258],[-580,-379],[-120,-234],[-5,-341]],[[1869548,3069944],[-329,140],[-869,128],[-361,-98],[-368,-243],[-211,-29],[-202,126],[-185,6],[-162,-230],[-65,-235],[120,-235],[43,-398],[-285,-347],[283,-627],[260,-226],[-61,-481],[90,-382],[-204,-151],[-301,103],[-201,-96],[-188,-344],[-32,-320],[-172,-117],[-371,-143],[-316,109],[-196,-409],[-466,-59],[-172,-567],[95,-191],[-89,-101],[3,-231],[127,-309],[22,-461],[536,-93],[-20,-238],[143,-159],[22,-239],[-122,-256],[-242,-228],[50,-270],[-181,-152],[-11,-204],[-398,-361],[19,-215],[-148,-200],[-18,-171],[120,-221],[-243,-238],[-330,54],[-327,212],[-808,257],[-618,-145],[-155,222],[-199,707],[-120,101],[-258,40],[-434,475],[-231,28],[-173,-73],[-318,61],[-581,345],[-379,-66],[-492,102],[-216,208],[-149,342],[-637,879],[-396,295],[-225,354],[-170,470],[-121,704],[-279,72],[-203,149]],[[1845513,3093730],[1004,9],[881,-150],[268,140],[879,111],[315,282],[536,-69],[876,-365],[537,614],[408,257]],[[1957318,3195854],[34,-564],[142,-491],[-446,-402],[-210,-643],[-174,-159],[-520,-218],[-552,90],[-207,-53],[-188,-366],[214,-422],[-381,-196],[-197,-385],[219,-330],[648,-569],[131,-277],[83,-583],[-458,-598],[-97,-369],[-452,-301],[-440,-509],[-475,-310],[-148,-360],[-156,-142],[-7,-204],[487,-478],[45,-374],[-273,-119],[-515,306],[-273,-157],[-53,-231],[133,-454],[-8,-264],[-155,-175],[-448,-209],[-147,-193],[-215,-514],[-52,-669],[-245,-440],[22,-181],[331,-575],[1291,-1676],[730,-553],[870,-884],[98,-767],[230,-443],[659,-395],[814,-337],[551,-443],[444,-111],[161,-332],[-110,-387],[-745,-747],[-1061,-1538],[-568,-428],[-321,-385],[-434,-306],[-478,-503],[-242,-26],[-194,180],[-137,-87],[-152,-476],[-286,-272],[-174,-371],[-424,-371],[-155,-823],[-392,-476],[-4,-123],[362,-337],[137,-477],[-125,-269],[-497,-311],[-73,-325],[230,-337],[595,-252],[191,-258],[353,-195],[113,-202],[-5,-231],[-157,-686],[-279,-243],[-345,-124],[-416,-814],[-508,-438],[-115,-731],[146,-277],[227,-164],[1329,-359],[57,-1011],[164,-474],[-43,-1009],[-86,-330],[-176,-218],[-480,-110],[-397,54],[-520,294],[-535,2],[-405,-245],[-426,-752],[-184,-110],[-839,-251],[-1015,116],[-423,-173],[-353,-260],[-1053,-45],[-359,-477],[-244,-181],[-753,-387],[-466,-118],[-75,-376],[127,-706],[-205,-576],[-629,-619],[-630,-246],[-135,-1432],[259,-963],[8,-621],[-86,-458],[101,-974],[100,-167],[498,-395],[98,-181],[-58,-198],[-477,-274],[-29,-231],[109,-464],[331,-183],[83,-170],[-178,-404],[-356,-290],[-567,-924],[-135,-689],[-883,-588],[-189,-582],[-357,-612],[40,-390],[386,-156],[167,-196],[68,-332],[-23,-991],[279,-684],[-146,-853],[-302,-562],[-138,-720],[-406,-203],[-706,0],[-691,-304],[-499,55],[-481,259],[-540,25],[-141,-43],[-133,-178],[-330,-8],[-726,-249],[-187,23],[-330,385],[-422,118],[-410,-15],[-245,-264],[-182,-430],[-284,-347],[-865,-377],[-333,-387],[-199,-71],[-908,-37],[-493,-223],[-314,-373],[-484,-280],[-192,-231]],[[1931468,3135609],[-21,138],[-462,326],[-157,459],[-82,757],[204,171],[291,28],[407,475],[-127,203],[34,503],[-276,-6],[-177,120],[-53,145],[74,833],[264,14],[63,131],[-57,402],[-407,172],[-116,286],[-164,64],[-142,236],[-234,122],[-95,305],[-187,-87],[-104,95],[-59,534],[-493,365],[52,255],[-373,176],[-217,-56],[-523,240],[-687,583],[67,277],[-278,129],[-45,225],[282,331],[-124,368],[135,190],[-430,67],[-669,350],[-332,625],[-416,30],[-591,282],[-158,-119],[-179,17],[-326,511],[-403,89],[-186,305],[-238,128],[-146,-184],[-248,209],[-572,-60],[-590,479],[-76,101],[88,446],[-124,213],[-17,292],[-251,120],[21,388],[-282,8],[-146,157],[-141,-76],[-95,74],[-63,400],[-156,303],[-715,553],[-228,400],[-797,984],[-633,528],[-265,437],[-537,417],[-726,1182],[-90,61],[-647,-5],[-551,193],[-478,-111],[-804,194],[-601,-249],[-990,-110],[-562,199],[-147,176],[-326,-11],[-157,310],[-293,215],[-674,44],[-540,155],[-945,33],[-129,332],[-303,321],[-445,137],[-259,-83],[-174,33],[-523,282],[-633,139],[-208,312],[-151,619],[208,154],[25,140],[-258,1100],[-4,282],[184,559],[-128,140],[-169,90],[-350,-40],[-193,154],[-330,39],[-227,-68],[-213,-337],[-77,124],[-90,-13],[-306,-290],[-398,197],[-267,31],[-696,559],[97,334],[-47,352],[171,449],[-75,243],[-230,-35],[-111,93],[19,443],[352,193],[12,430],[464,402],[61,547],[-210,376],[419,241],[199,-252],[136,-16],[272,248],[323,45],[56,119],[-148,387]],[[1921846,3199137],[377,-180],[1173,91],[200,414],[725,494],[143,594],[636,338],[27,332],[249,312],[83,318],[283,284],[342,851],[995,349],[270,277],[91,469],[-135,220],[-10,604],[129,431],[1148,809],[606,704],[49,427],[705,519],[216,1745],[108,340],[328,292],[656,326],[514,-63],[719,344],[367,620],[177,550],[306,177],[426,58],[1869,1142],[162,557],[285,331],[174,384]],[[1971468,3006094],[-5,-644],[223,-552],[-18,-148],[-487,-542],[-39,-599],[-635,-806],[-62,-524],[-290,-345],[-130,-378],[51,-335],[261,-328],[159,-468],[-23,-242],[-133,-146],[-333,-118],[-426,-302],[-459,-718],[-531,-547],[-153,-347],[41,-114],[202,-136],[-10,-657],[-187,-464],[-51,-823],[-134,-370],[-115,-932],[61,-124],[226,-73],[310,-244],[33,-174],[-97,-252],[144,-461],[-82,-214],[-400,-289],[-34,-366],[-294,-340],[94,-206],[457,-136],[97,-187],[-133,-360],[-328,-380],[-77,-375],[-187,-295],[-47,-325],[-569,-433],[85,-302],[596,-638],[-167,-120],[-620,-154],[-131,-159],[546,-645],[-284,-1166],[166,-1025],[308,-355],[64,-244],[-369,-10],[-269,-300],[-477,-93],[-213,121],[-85,524],[-217,327],[-229,70],[-223,-57],[-112,-371],[12,-571],[-174,-436],[-274,-370],[-28,-255],[-493,-237],[36,-375],[-220,-942],[494,-77],[17,-821],[-175,-662],[199,-300],[61,-329],[-139,-140],[-813,112],[-211,-100],[130,-571],[502,-534],[160,-1303],[367,-1083],[-87,-315],[-326,45],[-98,-686]],[[1940471,2998179],[-130,330],[-315,251],[69,262],[-27,372],[-245,323],[-119,654],[-708,517],[-521,105],[-228,230],[-571,319],[-480,478],[-108,307],[-338,160],[-263,779],[-478,473],[-453,273],[-601,99],[-239,-58],[-311,-223],[-478,105],[-328,234],[-431,-167],[-292,191],[2,-219],[-65,-7],[-77,90],[10,394],[-242,187],[-258,543],[-141,18],[-318,-200],[-175,-20],[-504,258],[56,206],[-205,25],[-4,218],[-195,73],[-104,151],[23,115],[186,73],[20,168],[164,28],[-314,360],[-241,96],[-357,303],[113,418],[-122,105],[135,193],[-35,227],[132,139],[-47,158],[57,269],[-872,829],[-66,282],[68,177],[-114,108],[20,202],[-138,-13],[-227,309],[-441,92],[-170,-136],[-308,49],[-115,-101],[-462,-35],[-651,-213],[-384,127],[-259,230],[-232,30],[-168,183],[-480,133],[-137,222],[-178,0],[-237,156],[-326,77],[-136,190],[-130,40],[-26,321],[-427,486],[-150,567],[-228,160],[-379,71],[-440,876],[-801,520],[54,672],[-440,455],[-5,348],[-571,331]],[[1920814,3016307],[490,290],[548,-122],[54,-232],[861,-29],[424,-257],[535,-55],[661,-398],[719,-128],[305,-441],[399,-61],[1158,-441],[545,144],[424,282],[-72,425],[-258,385],[59,218],[177,208],[-3,486],[267,353],[385,876],[195,141],[626,19],[152,418],[1119,189],[767,-264],[119,96],[224,472],[253,188],[188,0],[300,-146],[780,-31],[188,142],[173,362],[130,60],[261,-39],[112,-270],[274,-29],[239,124],[287,454],[226,48],[253,-299],[78,-605],[264,-439],[328,-270],[71,-259],[298,-326],[22,-408],[264,-271],[21,-192],[251,-23],[782,-603],[211,-252],[129,-23],[294,179],[80,483],[170,161],[750,102],[234,782],[195,231],[301,89],[540,-42],[252,147],[343,73],[166,223],[124,446]],[[1941526,3018648],[149,-182],[341,-136],[382,-324],[747,730],[9,197],[297,504],[961,126],[268,356],[716,656],[659,330],[-93,325],[299,209],[572,-55],[-218,1033],[-6,650],[117,415],[358,387],[659,301],[177,503],[773,1129],[259,1392],[1251,1487],[267,534],[473,1068],[144,740],[-4,562],[408,1658],[1997,2262],[559,363]],[[1954047,3035868],[-95,-250],[82,-683],[-257,-142],[-130,-295],[112,-221],[-25,-359],[322,29],[39,-138],[-132,-170],[250,-203],[-154,-309],[11,-532],[444,-959],[213,-44],[233,-243],[386,-758],[272,-221],[-29,-271],[107,-75],[218,32],[250,-351],[188,118],[150,-65],[23,-275],[-132,-89],[-34,-136],[25,-459],[-115,-247],[9,-445],[392,-318],[404,-471],[306,-152],[463,-64],[26,-375],[224,-96],[-30,-135],[150,-351],[94,-113],[303,-50],[205,-188],[79,-453],[201,-146],[329,-491],[47,-187],[-75,-393],[128,-76],[387,35],[117,-72],[90,-236],[461,-384],[539,-893],[60,-249],[284,-209],[53,-358],[743,-589],[-170,-348],[8,-166],[156,-199],[287,88],[16,-86],[-169,-243],[395,-618],[226,-68],[-91,-239],[248,-127],[505,-655],[232,-109],[267,7],[-15,-538],[131,-84],[178,145],[79,-681],[516,-306],[-27,-310],[387,-692],[1024,-1017],[666,-480],[-7,-156],[-402,-127],[-679,-33],[-294,-283],[-68,-302],[40,-623],[-502,-340],[79,-438],[329,-385],[-40,-210],[-259,-253],[17,-150],[598,-343],[304,37],[520,-152],[182,-180],[418,-113],[293,-230],[142,0],[280,236],[315,-215],[682,-46],[105,-309],[501,-277],[916,96],[201,355],[165,68],[397,-625],[-98,-599],[299,-69],[225,-430],[-86,-439],[74,-287],[350,-166],[105,-307],[-290,-68],[-202,-199],[-259,-441],[10,-270]],[[1869548,3069944],[-25,-117],[123,-226],[280,-146],[460,-900],[163,-116],[298,34],[319,-77],[134,-304],[-154,-597],[162,-282],[110,-592],[251,-291],[239,-31],[469,-367],[480,68],[348,-71],[369,59],[276,137],[264,-42],[115,-252],[72,-557],[535,-322],[66,75],[887,-926],[-110,-5],[-292,-452],[-270,94],[-155,-275],[-213,-109],[-30,-132],[-120,-7],[-140,-638],[-118,-27],[-87,-340],[110,-217],[224,-86],[181,-217],[-1,-174],[238,-111],[-111,-199],[-10,-159],[135,-86],[-193,-1027],[71,-116],[191,-14],[85,-87],[124,-282],[9,-441],[188,-139],[45,-131],[-72,-1259],[89,-388],[-54,-388],[-128,-180],[93,-158],[-90,-815],[47,-71],[-264,156],[-304,-276],[-19,-354],[-289,-200],[55,-175],[-112,-2],[-83,-211],[-145,-106],[39,-175],[-189,-29],[124,-176],[-71,-98],[-248,-31],[-330,-369],[-15,-393],[-197,-571],[-338,-194],[-100,-524],[513,-241],[337,-485],[398,-118],[-53,-475],[57,-110],[-231,-242],[-166,5],[-210,-205],[116,-162],[32,-265],[-146,-273],[41,-188],[-130,-109],[229,-219],[130,44],[125,-58],[321,196],[123,-173],[416,-141],[362,-867],[96,-50],[-259,-95],[-535,-23],[-1529,-1093],[665,-667],[67,70],[123,-76],[120,58],[250,-126],[-21,-154],[190,-277],[17,-437],[131,-410],[433,-707],[182,-157],[124,-409],[125,-92],[14,-286],[181,-169],[-38,-274],[194,-294],[253,-815],[16,-253],[-269,-373],[-55,-216],[81,-6],[140,-357],[215,-187],[-44,-469],[309,-34],[262,-388],[205,-55],[-75,-553],[244,-521],[154,49],[79,-71],[-131,-407],[384,-342],[-59,-228],[217,-318],[-47,-114]],[[1877612,3036325],[-240,-130],[21,-214],[-157,-164],[173,-365],[-165,-381],[160,-351],[12,-438],[94,-252],[149,-128],[56,-281],[-76,-324],[263,-142],[-86,-379],[67,-308],[-135,-247],[-133,-29],[-142,-382],[-337,63],[-772,-144],[-197,-293],[1,-205],[-113,-29],[114,-235],[-521,-136],[-75,-253],[-489,170],[-327,-287],[-438,50],[-469,582],[-526,193],[-789,-173],[-131,-132],[-550,169],[-590,-70],[-648,63],[-114,78],[-214,-241],[29,-129],[-320,-147],[-442,402],[-222,77],[-314,-38],[-278,-397],[-353,-94],[-144,-634],[-575,-416],[-91,-479],[160,-534],[-436,-608],[-184,-115],[-153,15],[-316,194],[-276,408],[-17,-97],[-306,-132],[-150,-165],[-227,-515],[-429,-76],[-335,-562],[24,-122],[-125,33],[-121,-127],[-148,70],[-180,-71],[-367,152],[-17,-78],[-410,-197],[-605,517],[-543,-9],[-100,314],[-264,373],[-62,262],[-312,261],[-172,290],[90,476],[157,305],[0,458],[-1742,-901],[-709,-195],[-451,-399],[-84,102],[-515,-2],[-89,-71],[-42,97],[-436,-176],[-481,-84],[-139,-165],[-190,-49],[-23,-687],[-574,-69],[-481,-368],[-199,22],[-397,-284],[-314,283],[-733,-395],[-196,-28],[-311,101],[-740,-388],[-96,14],[-138,207],[43,-420],[-420,-227],[-183,-339],[-443,271],[-385,5],[-265,136],[-108,147],[-300,108],[-578,-240],[-280,-300],[-313,45],[-27,232],[-378,61],[-45,172],[-107,64],[51,505],[-139,168],[-137,392],[-362,66],[-58,181],[-297,239],[-194,-67],[-261,126],[-144,-129],[-212,28],[-126,195],[-267,75],[-212,420],[-304,49]],[[1954969,3037131],[-168,-318],[-322,-262],[-432,-683]],[[1941526,3018648],[-282,-43],[-295,177],[-219,494],[-340,448],[-9,185],[-315,388],[-265,621],[-722,374],[-425,629],[-186,100],[-69,232],[99,151],[-346,219],[-159,395],[-512,174],[-33,258],[-200,373],[-89,-24],[-103,159],[-133,14],[-68,167],[-349,202],[-542,563],[-62,478],[176,171],[14,114],[-221,372],[-224,208],[-205,-7],[-277,238],[-437,173],[-630,675],[-125,329],[60,234],[-77,110],[206,548],[-116,585],[102,182],[354,257],[29,158],[253,90],[42,234],[-53,85],[122,60],[-158,108],[98,159],[-18,234],[-140,129],[38,163],[-72,193],[58,153],[255,112],[50,136],[-619,293],[-140,401],[-274,29],[-190,114],[-13,328],[95,322],[-282,326],[-130,290],[121,121],[107,718],[-597,490],[-307,618],[-577,683],[-148,405],[-64,851],[-301,1459],[29,220],[136,174],[171,63],[1149,70],[678,666],[147,301],[-115,334],[-511,502],[-744,1358],[44,391],[-193,349],[126,247],[537,252],[279,325],[22,346],[-316,367],[-125,466],[85,98],[534,163],[162,170],[0,126],[-328,355],[372,311],[40,445],[-224,144],[-718,22],[-313,101],[-169,152],[11,254],[563,773],[55,525],[703,1082],[726,624],[1374,651]],[[1955393,3056658],[-57,-355],[-241,-232],[-17,-114],[275,-625],[18,-1035],[-479,-203],[-453,3],[-396,129],[-667,-129],[-597,31],[-427,211],[-228,507],[-192,155],[-535,-19],[-271,142],[-398,60],[-1129,816],[-1171,0],[-111,-169],[5,-324],[485,-837],[-24,-1664],[65,-263],[-296,-335],[-525,19],[-481,-82],[-105,-85],[-73,-274],[-683,-331],[-136,-737],[46,-239],[-101,-324],[76,-514],[234,-208],[-283,-487],[-62,-314],[299,-563],[289,-66],[175,-357],[0,-344],[-240,-402],[194,-390],[-102,-889],[394,-559],[110,-382],[-72,-301],[-202,-312],[-691,-606],[65,-395],[263,-234],[283,-423],[691,-498],[435,-599],[300,17],[473,223],[1123,-740],[197,-208],[89,-293],[363,-359],[1225,-754],[283,-492],[135,-500],[893,-222],[408,-381],[600,-203],[530,-469]],[[1721535,2922643],[1301,-453],[132,23],[377,431],[269,160],[486,-44],[637,-242],[313,25],[203,133],[509,-87],[443,123],[440,-258],[545,97],[573,-172],[488,-25],[511,-510],[261,-127],[538,-788],[814,-587],[279,-305],[614,-132],[797,-463],[429,-140],[-45,-752],[276,-558],[158,-733],[-453,-994],[-38,-843],[-391,-548],[-701,-1362],[51,-802],[224,-1084],[-17,-294],[-186,-1089],[-393,-1567],[119,-748],[291,-547],[-26,-398],[89,-400],[-212,-511],[-41,-834],[-123,-490],[597,-963]],[[1811012,3016184],[-1288,-435],[-2512,-1379],[-949,-268],[-1271,-712]],[[1804992,3013390],[-75,400],[53,378],[69,21],[-72,129],[87,424],[-150,107],[175,324],[-105,365],[-639,-212],[-538,196],[-461,65],[-299,-104],[-1029,401],[6,252],[-152,51],[-68,302],[-745,-135],[-216,172],[-848,-13],[-259,73],[-196,144],[-29,160],[-393,-38],[-142,838],[-90,98],[58,147],[-40,215],[-236,6],[-231,482]],[[1812020,3430188],[407,-927],[180,-798],[1014,-591],[187,-942],[384,-732],[624,-227],[1476,-825],[2308,-1514],[1243,-1208],[78,-253],[313,-322],[566,-831],[193,-437],[-92,-1166],[27,-1572],[219,-728],[456,-854],[152,-570],[-124,-443],[-45,-870],[120,-683],[18,-1067],[264,-509],[-39,-519],[125,-243],[-31,-267],[203,-217],[762,-327],[444,-450],[232,-571],[56,-660],[249,-450],[526,-630],[285,-717],[-101,-292],[384,-2435],[249,-381],[390,-259],[2660,-1536],[1390,-398],[-332,-1630],[-475,-1629],[-203,-1405],[41,-598],[-234,-972],[-440,-1062],[-46,-281],[683,-1275],[410,-1029],[161,-660],[5,-209],[-147,-370],[-443,-876],[-115,-585],[325,-1372],[134,-180],[362,-173],[21,-253],[-683,-1528],[31,-471],[-59,-151],[-410,-526],[-234,-992],[-1567,-1157],[-34,-121],[238,-1608],[-13,-554],[-234,-894],[257,-1443],[11,-427],[-102,-326],[-307,-317],[-319,-744],[-272,-298],[-274,-924],[-637,-653],[-1753,-2383],[-120,-237],[-240,-1031],[-754,-1080],[2687,-1294],[980,-375],[366,-68],[934,568],[769,91],[204,-74],[331,-535],[105,-375],[225,-177],[1300,-514],[468,-44],[393,91],[1086,799],[1066,577],[1691,713],[1277,405],[907,115],[350,-100],[394,-300],[83,-946],[269,-683]],[[1837889,3367217],[206,-473],[-251,-612],[-92,-1217],[-240,-718],[51,-1210],[-107,-502],[-39,-986],[100,-480],[12,-1266],[-180,-540],[-336,-411],[-238,-156],[-318,-40],[-504,-463],[9,-790],[103,-182],[252,-161],[-164,-392],[-506,-470],[-104,-278],[67,-184],[438,-69],[169,-241],[-176,-769],[108,-734],[-62,-421],[-516,-1120],[-530,-143],[85,-244],[-137,-1164],[-895,-1130],[-591,-1125],[-217,-989],[-123,-234],[234,-732],[-73,-599],[281,-364],[256,57],[578,-129],[256,-261],[295,146],[519,-398],[227,-374],[351,180],[238,-18],[263,185],[927,363],[73,-24],[83,-358],[510,-91],[139,-402],[113,-21],[140,160],[196,48],[203,-254],[204,240],[8,228],[117,185],[144,-49],[79,-223],[488,285],[601,-68],[-42,308],[786,407],[327,432],[524,440],[682,-91],[34,-81],[-130,-169],[26,-68],[744,177],[95,-53],[61,-187],[166,-18],[471,242],[19,296],[117,184],[291,54],[502,385],[387,-38],[58,-217],[192,-49],[39,-430],[138,-23],[178,-291],[218,-84],[93,-283],[267,43],[3,-340],[-307,-345],[45,-344],[-88,-106],[71,-88],[173,9],[71,-218],[-136,-223],[-278,-34],[-92,-159],[398,-134],[176,-640],[363,-131],[149,100],[147,-47],[37,-446],[338,-284],[166,83],[55,323],[176,19],[30,-373],[339,71],[-71,-402],[82,-125],[142,18],[360,310],[186,-88],[539,-996],[91,-745],[138,-163],[-13,-279],[214,-432],[101,-598],[318,-94],[-87,-223],[93,-183],[857,-216],[-56,-412],[349,-280],[330,47],[188,288],[115,11],[132,-342],[-82,-177],[23,-167],[302,210],[298,347],[162,-79],[90,-126],[-61,-633],[221,43],[157,-150],[-67,-293],[305,-275],[56,-200],[-65,-181],[309,-481],[-134,-328],[170,-35],[500,111],[60,-90],[-84,-221],[326,-380],[590,-107],[871,-406],[622,-54],[265,-263],[163,-550],[502,-652],[262,-561],[-120,-394],[194,-162]],[[1786689,3283521],[-169,-219],[-498,52],[-1292,1237],[-234,101],[-661,6],[-1064,-274],[-877,-48],[-657,-170],[-1538,-606],[-884,-456],[-403,-69],[-197,-131],[-1697,-547],[-689,-8],[-1372,483],[-411,-30],[-745,-489],[-559,-97],[-203,-149],[-177,-237],[-191,-832],[-87,-188],[-186,-140],[-489,63],[-740,599],[-683,-118],[-244,-324],[-304,-737],[-1715,-1837],[-405,-599],[-394,-268],[-973,-252],[-1808,36],[-331,-110],[-227,-188]],[[1763585,3276975],[-421,-461],[-411,-1011],[-244,-329],[-354,-246],[-993,8],[-208,-221],[-335,-776],[242,-376],[-48,-947],[-95,-290]],[[1760718,3272326],[-192,48],[6,197],[-150,62],[-37,-168],[-240,-66],[-67,-249],[-299,0],[-423,754],[-633,326],[-606,505],[-529,560],[-78,285],[-411,281],[-420,591],[-626,-9],[-379,230],[-267,15],[-167,138],[-188,-27],[-232,122],[-85,316],[-311,430],[271,72],[65,291],[-53,607],[141,459],[-86,156],[-155,41],[-9,95],[157,159],[204,-5],[-276,1604],[260,231],[-37,338],[242,164],[36,133],[-238,399],[130,282],[-80,205],[-415,212],[-308,-43],[-96,109],[-148,-55],[-139,58],[-93,-74],[-169,71],[-376,-71],[-204,69],[-173,-126],[-160,138],[-278,71],[-104,159],[0,275],[-305,176],[-689,687],[-187,385],[-337,350],[-503,289],[-1563,246],[-259,459],[-36,292],[-200,105],[-36,125],[-523,105],[-501,-368],[-377,-61],[-84,478],[-315,108],[-235,287],[-58,482],[-246,41],[-181,251],[-411,3],[-142,97],[-287,21],[-258,195],[-413,65],[-116,119],[-83,529],[-179,212],[-253,135],[-348,-61],[-146,182],[-804,96],[-1995,-758],[-645,202],[-248,201],[-521,113],[-214,-21],[-708,-337],[-616,42],[-228,-81],[-336,-495],[-277,-155],[-345,-406],[-479,-228],[-234,-538],[-337,-157],[-215,-381],[-432,-106],[-232,59],[-404,382],[-586,982],[-117,472],[9,337],[409,956],[-41,78],[-1193,-120],[-559,134],[-370,196],[-169,205],[-160,574],[111,340],[-443,497],[21,354],[-205,94],[-333,-73],[-72,47],[45,466],[-115,217],[28,794],[137,321],[346,102],[52,94],[-107,478],[52,202],[-128,179],[91,201],[-228,518],[19,349],[184,249],[-30,374],[184,464],[-55,295],[193,340],[-21,106],[-181,99],[-19,230],[262,146],[69,219],[279,234],[65,530],[350,139],[200,1019],[9,932],[-335,388],[-16,387],[-672,257],[-417,457],[-670,142],[-676,541],[-300,-9],[-438,155],[-904,1336],[-421,373],[-120,342],[-587,359],[-573,100],[7,80],[239,79],[1037,-138],[404,100],[661,687],[282,490],[382,235],[253,-41],[211,79],[742,605],[200,293],[134,490],[428,798],[482,304],[130,722],[419,647],[-190,670],[-376,362],[-87,763],[-366,836],[-489,1958],[-175,238],[-334,104],[-183,200],[-21,559],[74,314],[-78,829],[-256,725],[-137,1147],[-285,559],[-165,639],[232,863],[-11,394],[-372,1184],[-383,452],[-464,18],[-1325,-891],[-492,72],[-598,-41],[-478,-159],[-246,59],[-390,-359],[-928,255],[-407,401],[-369,96],[-408,-134],[-144,-215],[-95,-773],[-411,-539],[-144,-631],[0,-339],[343,-316],[-2,-281],[-319,-120],[-227,-245],[-431,-261],[-908,-1835],[-1425,-202],[-789,-365],[-42,-379],[68,-211],[392,-385],[451,-249],[122,-174],[119,-398],[29,-543],[-59,-170],[-367,-161],[-649,-133],[-928,-746],[-750,-480],[-411,-87],[-275,-317],[-167,-77],[-1127,9],[-614,282],[-816,67],[-1246,368],[-543,-6],[-1422,-1070],[-790,-239],[-341,-455],[-79,-268],[262,-132],[608,-63],[626,-412],[314,-340],[239,-607],[127,-913],[-375,-1222],[-61,-1524],[-187,-688],[-343,-537],[-499,-538],[-339,-994],[-420,-576],[-696,-274],[-543,-43],[-464,-157],[-841,-1190],[-63,-1372],[-1049,-2107]],[[1629955,3302612],[-11449,17435],[-14339,21532],[-1616,1995],[-1124,1820],[-533,1075],[-537,1346],[-594,984],[-402,386],[-531,805],[-346,837],[-720,1254],[-497,625],[-434,385],[-933,1251],[-2618,3797],[-440,866],[-1150,1429],[-906,1492],[-308,176],[-280,297],[-190,539],[-466,535],[-158,389],[-163,875],[-1976,1269],[-559,684],[-649,413],[-814,1463],[-436,595],[-791,2094],[-1207,1067],[-956,410]],[[1751464,2868327],[1052,105],[829,-180],[2036,92],[1186,323],[266,-17],[595,-217],[291,-201],[501,-938],[774,-593],[350,-732],[673,-866],[218,-1173],[502,-285],[521,18],[801,557],[496,21],[479,-82],[123,87],[264,912],[86,163],[173,85],[590,-175],[1629,-1166],[191,-314],[24,-429],[172,-405],[1003,-1002],[424,-719],[68,-163],[-50,-520],[-221,-350],[-49,-224],[350,-308],[197,-580],[-129,-362],[-191,-1848],[-141,-290],[-566,-882],[-516,-465],[-646,-357],[-209,-411],[-203,-664],[-153,-1365],[6,-949],[-172,-253],[67,-314],[172,-206],[234,-48],[738,266],[172,193],[990,-121],[695,-193],[868,-550],[540,-72],[581,-414],[311,-68],[180,-348],[134,-838],[493,-1086],[415,-515],[81,-415],[249,-293],[-86,-640],[231,-232],[1139,-619],[142,-285],[-20,-964],[696,-543],[35,-262],[-101,-324]],[[1750530,2868770],[94,-239],[221,-211],[619,7]],[[1793170,2910977],[-326,-79],[-236,-204],[-418,-73],[-383,121],[-22,-192],[-264,13],[-63,-235],[-351,-183],[-590,45],[-473,-157],[-755,-1252],[-273,-292],[-54,-218],[-245,-265],[-148,-903],[-760,-1130],[-104,-355],[3,-571],[-103,-518],[-332,-174],[-537,-807],[-270,-89],[-620,43],[-251,-299],[-219,21],[-219,271],[-531,-60],[-1210,-497],[-1044,-122],[-67,-247],[-95,-73],[-432,-34],[-625,-319],[-477,-40],[-68,-195],[-458,-303],[-302,-95],[-75,-105],[31,-385],[-210,-392],[81,-281],[-43,-454],[77,-444],[-99,-251],[-289,-136],[-10,-453],[-127,-280],[-143,-145],[-654,-291],[-718,-524],[-156,-445],[-1287,-739],[-489,-860],[-433,-281],[-994,-856],[-634,-281],[-209,-644],[-239,-448],[-581,-379],[-101,-530],[-368,-54],[-470,-188],[-894,-74],[-361,10],[-480,183],[-207,-66],[-60,-339],[257,-377],[39,-349],[-81,-51],[-70,-291],[-21,-675],[-153,-148],[166,-588],[-83,-336],[199,-344],[17,-362],[168,-96],[-57,-148],[95,-556],[-136,-499],[-273,46],[-18,277],[-294,-44],[-200,262],[-360,-319],[-202,296],[-301,-34],[-331,117],[-135,-59],[-94,-154],[-7,-424],[-203,-303],[122,-821],[-724,-557],[-265,-36],[-107,-458],[181,-198],[-6,-106],[-259,-144],[-273,225],[-402,2],[-499,-185],[-17,-303],[-118,-131],[-303,173],[-204,-10],[-45,-257],[174,-361],[-105,-211],[-47,-407],[-319,-335],[-581,-171],[-37,-103],[263,-352],[-236,-355],[-168,-21],[-307,248],[-208,-176],[-51,-591],[-769,-722],[-101,-359],[-195,-23],[4,-111],[174,-117],[-180,-450],[-356,81],[-410,-171],[-252,132],[-127,-171],[-245,194],[-207,-225],[-739,-300],[103,-218],[-43,-92],[-114,14],[-162,212],[-27,-184],[-134,16],[-172,-404],[-216,16],[-190,193],[-337,-205],[-107,142],[-175,-169],[-6,-185],[-290,-185],[-284,133],[-270,-152],[-786,-64],[-784,-732],[-578,-229],[-301,-29],[-284,-166],[-222,-15],[-86,-185],[-114,77],[-541,-51],[-169,-207],[-3,-239],[-155,-39],[-144,-226],[-346,-211],[-209,-273],[5,-295],[306,-21],[26,-207],[364,-519],[1,-166],[182,-135],[0,-294],[-158,-135],[-109,-261],[68,-338],[251,-249],[-177,-159],[77,-331],[-125,-158],[130,-211],[-104,-238],[172,-79],[-92,-180],[-259,-125],[51,-216],[-94,-333],[-277,-191],[-174,12],[-267,-363],[-383,-271],[-24,-236],[-303,-286],[-161,-367]],[[1742646,2890234],[318,814],[451,456],[82,204],[221,116],[-593,70],[-707,1172],[-29,288],[236,362],[-32,590],[518,491],[914,193],[404,456],[497,162],[243,281],[107,333],[690,348],[275,322],[-61,600],[408,716],[29,811],[997,1316],[-442,661],[-70,642],[45,183],[390,580],[-7,975],[-168,583],[196,948],[232,418],[420,217],[289,572],[104,327],[-158,652],[243,404],[268,242],[232,1121],[206,600],[402,414],[-697,660],[-300,632],[-557,419],[-584,621],[68,542],[-159,300],[-329,497],[-909,954],[316,693],[597,304],[-143,591],[137,404],[-35,542]],[[1747201,2917033],[177,-48],[1607,2646],[198,-750],[195,-318],[80,-314],[100,-2076],[-37,-1911],[297,-705],[784,142],[1128,839],[362,32],[574,198],[1706,85],[254,178],[248,530],[368,210],[706,969],[170,115],[322,72],[285,-54],[382,149],[449,-141],[303,217],[350,91],[151,256],[30,380],[509,494],[324,522],[490,66],[-6,321],[198,317],[-157,302],[-48,342],[756,910],[567,964],[45,202],[343,177],[1433,1288],[277,105],[-233,567],[-30,564],[30,238],[196,196],[1,237],[192,311],[-54,750],[342,364],[133,702],[391,253],[109,330],[25,470],[478,546],[93,491],[587,543],[304,625],[-122,469],[-233,311],[-54,378]],[[1883321,2977855],[-386,-305],[-231,-337],[-77,-251],[59,-413],[-68,-293],[-392,-145],[-571,-651],[41,-151],[-103,-601],[171,-573],[-264,-298],[191,-298],[-51,-271],[-832,-59],[-382,100],[-196,163],[-858,-938],[-84,-354],[-373,-585],[-39,-252],[-498,-1042],[-449,-372],[63,-347],[-506,-319],[-59,-198],[-1246,-463],[-457,-433],[-228,102],[-201,-29],[-65,-670],[-1853,622],[-871,576],[-80,572],[-550,388],[-485,-135],[-395,-930],[53,-308],[-96,-409],[-565,-270],[-594,-93],[-647,-608],[-812,-535],[-97,-149],[-37,-421],[-282,-123],[399,-626],[-1058,-717],[-150,-253],[-243,-130],[-260,-27],[-131,-309],[-388,-292],[172,-841],[-234,-375],[-22,-331],[-123,-175],[-13,-430],[187,-345],[123,-43],[116,-270],[420,-501],[132,-53],[101,-282],[115,-82],[190,-967],[87,-140],[263,-116],[84,-245],[175,-1038],[360,-385],[356,-1060],[7,-743],[209,-411],[-71,-507],[68,-919],[80,-228],[-34,-833],[83,-431],[-437,-538],[-245,-640],[-115,-599],[-342,-493],[-111,-463],[45,-163],[-66,-456],[-222,-217],[213,-697],[214,-290],[46,-355],[-67,-364],[-195,-263],[23,-184],[-204,-445],[64,-189],[-374,-297],[-309,-1086],[-523,-773],[142,-294],[-220,-57],[-65,-170],[236,-750],[-63,-612],[69,-360],[427,-287],[199,9],[-10,-272]],[[1847529,2949827],[-362,134],[-658,78],[-273,381],[-815,330],[-162,213],[-345,-33],[-412,164],[-96,155],[-251,58],[-195,381],[-456,-12],[-259,-143],[-171,67],[-219,-166],[-371,217],[-320,64],[-108,217],[50,261],[-346,575],[-162,794],[-247,284],[-183,379],[-585,76],[-143,106],[-50,169],[71,251],[-122,247],[72,222],[-40,124],[-413,494],[-338,231],[14,356],[91,143],[-145,129],[-3,104],[110,282]],[[1839687,2957159],[93,107],[368,-55],[123,-156],[55,128],[736,413],[140,191],[563,182],[649,562],[73,386],[315,110],[369,556],[271,58],[360,-91],[184,-217],[275,96],[-17,195],[250,124],[15,144],[165,125],[102,209],[-100,342],[116,245],[239,119],[251,-50],[312,186],[1149,352],[129,92],[22,170],[798,352],[422,434],[-23,707],[-214,378],[37,408],[-167,182],[-32,156],[313,547],[-153,339],[108,338],[306,26],[110,-120],[76,80],[457,31],[644,254],[52,314],[309,529],[-3,193],[170,377],[485,426],[1412,109],[418,241],[304,418],[223,87],[340,466],[522,262],[296,-144],[226,103],[115,344],[20,392],[-21,334],[-234,532],[66,585],[121,181],[-6,543],[-157,194],[-10,229],[186,368],[498,639],[-15,237],[133,110],[251,-10],[-63,210],[168,308],[-228,835],[182,274],[10,409],[-197,520],[902,665],[1,331],[117,381],[295,353],[-161,583],[131,119],[313,717],[252,175],[223,323],[349,27],[483,266],[282,460],[122,-82],[134,30],[-185,867],[218,418],[2,291],[-292,213],[-238,686],[129,229],[-118,363],[170,252],[176,522],[-280,477],[145,1059]],[[1858319,2986134],[296,-210],[101,43],[224,310],[109,309],[757,311],[364,852],[139,85],[147,-74],[122,-245],[-24,-358],[494,62],[688,-195],[305,126],[505,408],[280,353],[552,214],[221,186],[822,240],[949,9],[502,-106],[561,151],[74,114],[305,-256],[387,-91],[190,-165],[1081,-267],[222,127],[190,-19],[379,-289],[363,-67],[290,-696],[107,37],[98,317],[349,388],[1172,-743],[100,161],[600,-143],[152,-164],[778,-299],[674,-418],[556,-4],[82,-266],[463,-316],[59,96],[204,-124],[228,33]],[[1804992,3013390],[-773,-219],[-1355,-241],[-401,-407],[16,-228],[484,-238],[548,-479],[261,-496],[89,-411],[219,-277],[-81,-406],[106,-493],[55,-112],[347,-207],[-299,-614],[181,-716],[612,-761],[962,-480],[660,-780],[158,-63],[478,117],[482,-279],[807,-206],[284,-671],[295,-183],[429,-433],[524,-330],[350,-834],[367,-271]],[[1812674,2876300],[-245,-165],[-445,-718],[-707,-307],[-76,-308],[-140,-165],[-654,-28],[-1445,-998],[-498,-176],[-134,-352],[-140,-121],[-260,72],[-71,213],[61,198],[-344,-30],[-199,132],[-98,572],[-279,33],[-735,566],[49,273],[-81,166],[127,123],[-12,96],[-261,177],[-301,-33],[-49,427],[138,193],[-51,231],[-199,61],[-38,709],[88,267],[-24,531],[128,584],[-192,664],[-218,320],[-10,425],[222,376],[107,564],[386,783],[127,200],[426,68],[111,99],[107,388],[301,320],[49,230],[-56,192],[-378,516],[66,982],[-166,323],[-34,257],[-238,341],[-24,421],[-452,299],[-181,323],[10,875],[414,598],[109,379],[286,402],[167,557],[4,472],[372,113],[100,477],[300,177],[128,178],[-133,328],[214,290],[33,177],[-380,543],[-181,561],[66,159],[395,290],[39,164],[-334,285],[-8,345],[-373,210],[-165,327],[-857,921],[-516,-33],[-301,189],[-483,151],[-139,115],[-126,424],[-280,152],[-105,152],[-369,45],[-408,903],[-391,11],[-614,295],[-503,404],[-508,611],[-217,127],[-194,-90],[-283,-637],[-163,-25],[-254,177]],[[1800084,2898413],[455,1274],[147,194]],[[1806801,2911051],[428,181],[145,264],[53,441],[425,337],[15,392],[-150,88],[-20,143],[854,111],[108,83],[-9,150],[133,95],[348,-48],[58,91],[-51,273],[92,140],[343,-171],[261,50],[493,-55],[689,-340],[817,243],[159,-281],[56,255],[116,66],[259,-207],[343,-16],[457,-658],[43,-266],[205,-104],[179,-235],[290,-112],[322,7],[104,-394],[-138,-278],[195,-278],[102,-465],[525,-778],[541,-216],[95,-400],[-100,-148],[100,-48],[5,-185],[112,-90],[52,126],[121,-231],[177,116],[145,-126],[136,-356],[140,-101],[472,-69],[529,-474],[525,-1500],[-186,-859],[274,-535],[297,-921],[54,-374],[-14,-685],[-98,-490],[40,-271],[405,-620],[356,-762],[726,-1825],[365,-1424],[333,-912],[0,-938],[74,-184],[563,-669],[636,-327],[233,-492],[-58,-727],[-414,-656],[-44,-221],[271,-2169],[-238,-1030]],[[1772911,3202771],[839,-1273],[1313,-1084]],[[1777202,3157980],[-446,307],[-526,2],[-478,141],[-685,-255],[-320,-24],[-433,331],[-256,41],[-450,-307],[-334,-583],[-239,-674],[-355,-300],[-2056,72],[-608,887],[-801,140],[-222,-62],[-200,-308],[-646,-671],[-292,-16],[-219,143],[-428,100],[-185,685],[-124,188],[-647,270],[-483,520],[-253,397],[-501,371],[-753,88],[-400,254],[-118,88],[-163,525],[-197,183],[-753,138],[-34,270],[-781,857],[-467,83],[-724,-145],[-631,165],[-1326,-87],[-532,242],[-511,24],[-131,-69],[-367,-795],[-365,-476],[-42,-326],[-218,-335],[-330,-137],[-216,-214],[-436,-176],[-504,-71],[-729,-340],[-1044,-78],[-696,67],[-269,-236],[-916,-259],[-388,306],[-842,20],[-351,259],[-684,-133],[-470,116],[-192,109],[-170,434],[-594,-40],[-211,-431],[-433,-176],[-63,-847],[-215,-499],[-308,-334],[-91,-209],[161,-897],[354,-495],[0,-160],[-150,-280],[-3,-341]],[[1732380,3196413],[329,221],[405,-158],[219,45],[248,157],[-17,166],[118,143],[624,-91],[1337,276],[-55,130],[129,31],[445,-12],[284,-102],[828,571],[681,-67],[931,-500],[22,-185],[-102,-113],[45,-221],[228,-236],[72,-219],[632,-593],[321,-148],[183,-243],[280,-37],[521,20],[176,75],[129,187],[170,-15],[284,112],[455,-24],[614,308],[168,0],[776,596],[289,19],[330,149],[624,407],[409,-29],[623,-517],[269,-129],[779,170],[519,-306],[196,0],[188,204],[14,226],[228,364],[706,461],[963,-50],[237,63],[220,187],[522,107],[1202,-255],[739,-292],[875,-175],[163,-104],[386,121],[72,-123],[210,-15],[67,-83],[200,81],[312,-73],[506,124],[211,-20],[573,255],[517,-2],[430,94],[134,-145],[264,85],[1389,-29],[639,-267],[1625,-343],[788,130],[140,309],[413,155],[1122,177]],[[1763953,3197418],[214,-133],[1115,-222],[360,142],[950,125],[708,749],[403,241],[94,978],[163,375],[422,617],[19,1030],[135,215],[882,-62],[1231,587],[290,575],[286,31],[1094,-156],[345,92],[247,169]],[[2045425,3102967],[-230,487],[36,197],[177,232],[2,164],[-610,316],[-497,654],[-473,83],[-342,311],[-20,187],[165,542],[-143,415],[250,291],[28,156],[-225,115],[-576,-143],[-320,255],[79,439],[326,615],[209,198],[491,233],[92,338],[-199,373],[-539,487],[-191,290],[-87,858],[-701,503],[-180,353],[-406,505],[-661,322],[-286,288],[-795,223],[-234,144],[-65,238],[-217,279],[157,434],[-537,724],[-85,866],[-88,191],[-831,835],[-307,31],[-285,-196]],[[2037307,3116800],[-212,526],[28,215],[-160,324],[-77,49],[-69,-98],[-192,133],[145,612],[-195,181],[-298,609],[-14,489],[-130,121],[-296,-20],[-567,272],[-11,289],[-542,319],[-169,318],[-137,7],[-22,237],[-104,-4],[-232,190],[-36,207],[-299,264],[-247,410],[-352,180],[-73,131],[-261,-48],[-419,81],[-160,-106],[-187,61],[-686,-187],[-431,184],[-160,-63],[-552,81],[-190,204],[-168,56],[431,7305],[18070,16886],[8359,-5448],[80,84],[-61,316],[90,254],[290,-8],[260,-133],[167,98],[-62,234],[70,237],[-227,376],[120,515],[-178,258],[121,175],[611,-20],[318,252],[-46,268],[84,128],[336,-85],[194,62],[27,200],[-130,291],[68,137],[335,70],[519,-81],[22,-76],[193,-22],[186,-269],[151,127],[158,651],[-96,363],[115,351],[-119,114],[220,357],[-91,493],[70,334],[167,91],[-61,109],[69,178],[-49,150],[238,419],[-209,59],[14,172],[177,222],[-135,142],[40,195],[-60,124],[462,184],[279,336],[-74,267],[624,406],[-129,168],[26,115],[117,10],[254,329],[234,69],[96,-60],[221,254],[80,295],[540,23],[191,112],[374,-314],[284,71],[-285,443],[18,193],[128,62],[-4,151],[109,106],[606,205],[5,303],[262,-14],[82,179],[139,-163],[246,113],[317,-254],[-119,-531],[533,219],[88,-291],[111,141],[669,-306],[203,-128],[310,-393],[374,-115],[159,-243],[334,66],[99,212],[312,125],[-81,266],[162,29],[-34,116],[522,-122],[-7,245],[238,86],[21,166],[157,20],[163,155],[23,-99],[200,23],[-82,228],[-160,45],[-72,-58],[-16,62],[272,191],[162,14],[439,-159],[371,2],[502,-202],[106,227],[58,5],[-7,-86],[274,-59],[15,140],[100,43],[111,-192],[88,48],[90,-99],[-62,-96],[220,-131],[118,23],[62,-117],[210,206],[160,-80],[361,37],[80,-198],[238,-239],[1,181],[430,-112],[209,158],[-51,-200],[259,-214],[-65,-225],[315,-207],[80,193],[148,-71],[-233,-322],[68,-239],[287,-211],[24,-452],[162,73],[390,-195],[158,54],[-4,-302],[271,-380],[-19,-265],[524,-234],[558,210],[351,-245],[158,16],[113,-294],[115,133],[109,9],[51,128],[205,29],[-27,566],[231,-40],[186,61],[-57,236],[188,31],[55,170],[263,-54],[190,368],[330,158],[942,158],[-15,-290],[485,-125],[24,-252],[319,-267],[-24,-129],[195,-70],[260,-341],[587,-446],[361,-133],[341,-423],[580,147],[-113,-287],[192,-273],[152,76],[106,205],[238,-23],[79,-116],[239,182],[630,-124],[164,483],[201,79],[211,-28],[271,143],[310,-112],[360,-17],[502,-535],[364,101],[637,-173],[209,159],[-325,248],[-114,252],[9,93],[126,-68],[78,59],[-81,185],[54,131],[157,-5],[328,221],[357,83],[397,-173],[147,166],[450,-395],[313,-49],[491,151],[174,342],[237,51],[601,-397],[106,46],[73,244],[111,-1],[33,-410],[196,-82],[99,131],[76,-34],[85,-248],[206,-219],[82,-291],[198,-31],[132,-140],[103,29],[110,371],[128,155],[672,120],[109,-136],[-182,-343],[135,-168],[172,170],[245,25],[21,69],[-107,75],[69,245],[216,198],[203,-27],[120,-297],[78,12],[179,271],[217,137],[80,398],[443,71],[105,279],[114,92],[292,39],[184,-267],[969,63],[130,75],[-70,250],[297,270],[104,-10],[-44,-127],[59,-84],[171,36],[-70,215],[53,219],[-99,229],[271,187],[126,202],[174,-9],[204,221],[-95,116],[-259,41],[-42,102],[24,74],[337,106],[4,84],[-164,110],[-215,-8],[-10,71],[452,209],[477,596],[-20,122],[-292,90],[-154,229],[27,371],[284,-314],[153,220],[591,110],[66,98],[-33,111],[-226,3],[-26,190],[279,255],[-28,205],[273,505],[-114,369],[304,202],[-52,70],[-240,-14],[-230,128],[-346,41],[-42,124],[103,71],[489,22],[42,94],[-139,111],[404,161],[146,240],[-47,93],[-198,-127],[-124,67],[13,110],[218,135],[-16,457],[-295,-75],[0,326],[-66,94],[-176,4],[53,108],[337,88],[-179,170],[110,204],[254,68],[840,-124],[501,24],[561,-114],[382,202],[303,-11],[298,-121],[226,-195],[239,222],[224,-14],[634,398],[330,12],[96,147],[293,144],[479,38],[474,-63],[121,-359],[122,-118],[-56,-301],[638,-413],[468,115],[254,-102],[367,143],[252,-275],[602,-145],[254,-23],[248,142],[232,-2],[316,-205],[463,-474],[875,-60],[301,-420],[184,-27],[140,-247],[991,-451],[32,-209],[-100,-198],[86,-253],[324,17],[197,-398],[187,100],[326,-241],[-110,-465],[642,-361],[91,-8],[156,220],[-361,633],[301,304],[10,464],[338,126],[68,-24],[153,-439],[171,-138],[1120,-151],[190,-86],[39,-152],[-156,-335],[73,-167],[250,231],[698,118],[485,-167],[381,-318]],[[2119367,3154123],[-90,-514],[-495,-346],[-169,-243],[-46,-321],[-286,-510],[28,-191],[311,-56],[11,-225],[-115,-151],[-637,-120],[-348,-601],[-413,-32],[-710,-220],[-379,-13],[-260,-173],[-508,-131],[-289,38],[-205,-122],[-80,59],[77,319],[-78,195],[-356,-5],[-107,-176],[-293,-107],[-68,-218],[310,-86],[-28,-424],[399,-354],[100,-326],[-193,-303],[-477,220],[-433,-515],[-28,-585],[199,-292],[4,-147],[-279,-90],[-139,39],[-356,356],[-301,504],[-201,-150],[-48,-183],[-272,-333],[-275,-21],[-593,-447],[-463,-101],[-40,-209],[208,-141],[28,-151],[-357,-285],[-291,-460],[-95,-629],[-253,-319],[64,-310],[-91,-230],[215,-227],[-357,-443],[-270,-102],[-101,-351],[22,-350],[232,-171],[49,-322],[-120,-12],[-528,404],[-298,-64],[-184,-400],[-61,-613],[-162,-11],[-121,-121],[89,-385],[-520,64],[-154,-60],[189,-227],[-190,-726],[-199,-83],[-268,285],[-461,25],[-775,-710],[-129,-741],[186,-284],[-518,-1016],[-500,-344],[-557,125],[-136,-95],[-287,-462],[-330,-37],[-332,-236],[-438,-88],[-322,-391],[-391,146],[-379,-88],[-342,-411],[-800,-391],[-746,-514],[-565,-157],[-448,-337],[71,-903],[-82,-614],[99,-293],[-52,-454],[163,-101],[60,-258],[344,-198],[652,-568],[625,-356],[667,-576],[66,-707],[-273,-538],[180,-505],[-174,-856],[126,-332],[-15,-493],[174,-712],[-283,-538],[-22,-397],[-143,-20],[-604,-493],[-233,-304],[-389,-785],[30,-394],[-75,-201],[-377,-543],[307,-662],[-284,-304],[-51,-348],[-201,-307],[42,-334],[-156,-307],[189,-103],[26,-261],[-245,-165],[-5,-318],[-319,-249],[156,-268],[-28,-472],[-279,-334],[-103,-366],[-543,-273],[-18,-723],[-595,-437],[-319,-124],[-37,-250],[-163,-231],[0,-318],[-147,-391],[16,-406],[-329,-1094],[39,-810],[-63,-449],[135,-178],[-164,-259],[213,-676],[-93,-75],[-381,-32],[335,-742],[-580,-157],[-86,-92],[-47,-194],[119,-776],[-112,-291],[-214,-202],[-255,-784],[-211,-121],[-137,-319],[-17,-270],[-293,28],[-71,-87],[-24,-265],[358,-76],[88,-156],[-128,-551],[-395,-564],[-164,-1041],[-228,-249],[-101,-398],[-129,-137],[24,-513],[-395,-316],[41,-632],[200,-462],[-90,-379],[-201,-297],[77,-288],[-171,-278],[-93,-436],[-155,-208],[-467,-46],[-506,344],[-362,46],[-349,-116],[-368,-302],[-192,195],[-221,39],[-169,169],[-221,-327],[-143,76],[-108,-39],[-106,-180],[90,-250],[-252,-99],[-150,140],[-423,141],[42,123],[222,50],[-140,237],[92,882],[-61,92],[-336,111],[-155,-144],[-577,-26],[-113,212],[-116,58],[-144,-119],[11,-190],[-133,3],[-193,-218],[-431,104],[-114,-186],[-225,343],[-511,132],[-94,192],[-420,-43],[-156,-104],[-33,106],[131,119],[-55,96],[-277,-222],[-169,207],[-320,15],[-44,111],[95,229],[252,160],[-322,161],[237,165],[-141,450],[108,112],[262,36],[169,116],[-121,424],[-265,90],[-314,-23],[-354,129],[28,171],[234,235],[39,267],[162,298],[-75,364],[45,256],[210,189],[11,354],[-162,139],[-494,13],[-616,196],[-239,-61],[-222,-215],[-158,-44],[-370,42],[-273,184],[-146,-63],[-44,78],[123,187],[-39,58],[-122,-51],[-608,95],[-414,170],[-340,-91],[-227,302],[-249,-130],[-368,257],[-397,-83],[70,128],[-116,113],[243,41],[-47,101],[92,116],[-67,120],[-174,3],[-454,-403],[-318,-4],[-337,233],[-330,385],[-453,10],[-215,155],[-314,69],[-161,214],[-337,146],[-183,-22],[-366,-215],[-191,-1],[-602,433],[-637,169],[-201,217],[-463,26],[-285,234],[-295,49],[-299,362],[-249,-209],[-402,-103],[-226,173],[-299,-122],[-437,163],[-166,-396],[-311,90],[-304,-40],[-174,96],[-123,-95],[-116,38],[-100,-149],[-90,-6],[-238,164],[-71,-144],[267,-380],[-177,-181],[-357,36],[-88,-70],[-135,-364],[-189,-65],[177,-285],[-154,-73],[-251,42],[-47,-110],[-264,209],[-377,52],[-157,-169],[-394,3],[-168,97],[-63,227],[-167,-16],[43,112],[-528,111],[-287,-21],[-60,252],[-444,496],[-206,-205],[-323,-5],[-185,427],[-308,82],[-285,280],[-255,29],[-216,328],[-89,463],[-227,86],[-200,-55],[-181,91],[-576,48],[-431,-241],[-470,44],[-342,-115],[-291,124],[-224,-418],[39,-199],[128,-112],[-148,-118],[86,-125],[13,-395],[465,-114],[72,-220],[251,-167],[26,-241],[175,-26],[473,233],[181,-372],[80,-516],[-287,-254],[210,-351],[-89,-473],[5,-728],[312,-319],[-215,-234],[-52,-202],[487,-963],[105,-693],[165,-260],[-126,-363],[145,-382],[8,-396],[221,-628],[329,-620],[-69,-112],[-277,-107],[-76,-571],[-377,-89],[161,-276],[358,-56],[78,-94],[-81,-535],[-195,-180],[48,-223],[637,-247],[816,177],[339,-28],[102,238],[-151,317],[137,235],[-248,521],[124,183],[398,172],[237,-800],[130,-102],[472,-90],[358,-365],[427,38],[105,266],[255,-5],[263,218],[67,227],[-275,256],[11,78],[117,9],[627,-433],[120,-171],[538,-166],[338,-443],[491,-220],[618,-513],[420,-151],[573,-452],[104,65],[-28,223],[99,22],[575,-392],[-236,-465],[-256,-181],[102,-142],[-58,-152],[-408,-353],[-389,-204],[-219,-249],[27,-281],[-175,-373],[-23,-319],[275,-455],[57,-241],[-231,-47],[-122,-175],[67,-104],[247,-42],[-194,-208],[231,-111],[30,-92],[-60,-323],[-305,-125],[-122,-262],[-129,-931],[176,-677],[308,-378],[-232,-205],[11,-108],[154,-78],[436,5],[242,-426],[-149,-202],[34,-168],[113,-114],[297,-18],[56,-88],[-12,-96],[-657,-683],[215,-160],[140,66],[-28,163],[70,59],[216,-115],[-14,-629],[-87,-146],[95,-212],[112,-64],[-346,-482],[113,-439],[-34,-262],[92,-156],[255,-86],[140,-188],[-293,-21],[-309,-163],[-31,-124],[339,-303],[98,-228],[222,76],[403,346],[102,-378],[214,-143],[58,-166]],[[1893003,3033976],[436,209],[855,170],[423,620],[-567,62],[-531,-162],[-135,262],[-196,160],[-496,-99],[-98,521],[42,538],[646,187],[193,184],[485,157],[1373,914],[529,83],[464,-163],[551,352],[660,111],[395,302],[554,174],[476,452],[250,388],[116,551],[511,1226],[375,349],[97,188],[37,341],[512,1148],[-38,786],[480,1184],[198,16],[331,-263],[544,-111],[578,-676],[249,-170],[212,57],[429,392],[224,93],[465,-230],[431,-377],[490,55],[268,-52]],[[1905821,3043905],[202,-98],[543,-603],[841,-1443],[332,-949],[290,-134],[290,-625],[193,-106],[633,-31],[409,-450],[43,-558],[315,-385],[69,-324],[321,-625],[443,-530],[565,-935],[387,-330],[463,-821],[106,-435],[458,-328],[171,-251],[228,-29],[123,-100],[153,-348],[-82,-278],[203,-358],[167,-708],[239,-330],[599,-497],[86,-246],[349,-352],[383,-234],[178,-419],[-12,-568],[436,-104],[14,-262],[121,86],[173,-59],[-42,-386],[-177,-271],[26,-314],[79,-58],[-19,-324],[179,-112],[223,-305],[37,-384],[334,-259],[89,-379],[366,-465],[73,-417],[-209,-334],[-596,10],[-283,232],[-323,-15],[-417,-274],[-796,-198],[-293,-454],[12,-205],[276,-489],[-22,-575],[97,-444],[143,-226],[299,-239],[261,-827],[-278,-392],[-174,-564],[-458,-507],[-177,-510],[15,-220],[169,-357],[436,-449]],[[1915103,3018427],[-274,-294],[-367,-41],[-498,-322],[-503,105],[-330,-122],[-469,70],[-600,-126],[-627,-3],[-761,195],[-346,-819],[-461,-466],[0,-313],[183,-340],[-199,-397],[-1474,3],[-330,-70],[-426,-538],[-334,-156],[-207,-331],[-461,-282],[-271,-71],[-122,-184],[-839,239],[-528,274],[-123,223],[-133,16],[-326,-186],[-51,-214],[-265,-169],[-221,-991],[-674,-466],[-604,95],[-619,-156],[-312,132],[-613,1],[-304,215],[-537,-106],[-296,199],[-24,189],[-219,199],[-1146,-63],[-216,72],[-114,-254],[-261,-243],[-75,-239],[126,-173],[-163,-155],[440,-126],[263,-443],[147,-70],[-6,-205],[105,-16],[45,-98],[116,9],[30,-212],[-158,-100],[-22,-198],[134,-241],[113,-13]],[[1885962,3010708],[81,88],[-76,250],[234,254],[-116,130],[10,113],[-149,68],[-68,148],[274,-36],[39,72],[-195,342],[-8,298],[-130,53],[10,281],[-320,172],[39,66],[203,5],[-97,99],[-28,332],[170,157],[-195,105],[39,231],[115,93],[-162,265],[84,188],[-132,371],[-201,62],[-143,-80],[-188,104],[84,105],[-5,230],[-503,314],[-51,135],[-142,8],[84,338],[-97,70],[20,217],[-120,45],[229,276],[-282,174],[27,52],[195,-48],[17,58],[-279,146],[151,241],[-88,79],[10,188],[-79,39],[-86,-165],[-74,66],[148,208],[-216,1209],[-179,174],[-104,-59],[-114,136],[-198,-131],[-44,126],[-78,-47],[-102,94],[-81,-56],[8,-216],[-771,426],[-132,175],[505,496],[382,668],[-32,172],[-247,99],[-19,76],[525,261],[-49,595],[75,267],[-10,465],[74,130],[221,159],[560,102],[405,191],[958,264],[201,322],[505,327],[120,175],[91,392],[253,-73],[434,197],[48,248],[-233,471],[23,407],[84,159],[120,51],[677,-89],[233,92],[-18,233],[-277,471],[26,200],[560,-165],[1846,111],[120,-318],[152,-105],[813,111],[344,169],[897,-395],[97,93],[-3,483],[265,42],[535,-67],[204,117],[35,191],[-314,306],[-333,703],[38,321],[875,-140],[217,172],[317,-191],[104,61],[-10,98],[-265,166],[-681,124],[-365,210],[-56,792],[-181,274],[-172,-64],[166,-327],[-548,-35],[-87,149],[-73,546],[-196,300],[266,576],[142,602],[204,16],[282,-134],[84,99],[-107,292],[-709,-117],[-146,51],[-78,127],[52,124],[327,45],[191,149],[-35,185],[-285,261],[453,461],[226,433]],[[1823706,2961441],[218,157],[353,-299],[397,-15],[114,-163],[215,64],[181,-374],[369,-79],[81,-227],[497,44],[94,-110],[-94,-327],[168,-62],[172,-202],[211,121],[58,369],[190,27],[173,-295],[224,147],[42,194],[237,22],[3,94],[-175,170],[67,77],[466,-132],[266,112],[36,-198],[103,-29],[430,163],[170,-44],[148,249],[107,-60],[255,119],[133,-255],[206,-9],[-202,-174],[284,-303],[-42,-346],[210,-26],[90,-150],[257,183],[90,-145],[226,37],[47,101],[-141,185],[54,88],[320,123],[168,-61],[734,457],[318,-229],[42,-692],[-76,-209],[99,-249],[-123,-149],[123,-40],[143,-559],[74,-85],[201,4],[238,-409],[318,-238],[277,-83],[36,-137],[470,-4],[-80,231],[76,141],[304,-152],[204,-9],[166,-149],[400,202],[388,-51],[154,225],[461,-260],[184,115],[119,376],[546,11],[58,-40],[-72,-123],[103,-16],[14,-338],[190,-178],[231,-69],[600,-6],[434,345],[666,183],[168,-261],[294,-160],[23,-438]],[[1832066,2928291],[132,417],[-5,275],[-268,177],[-296,1396],[-242,-11],[-78,88],[-79,860],[-270,754],[6,212],[-87,91],[-332,-51],[-305,65],[-244,460],[-436,240],[26,134],[317,180],[-93,186],[-181,17],[-119,123],[-116,465],[70,403],[-387,263],[166,177],[-18,86],[-703,797],[-73,228],[38,448],[-256,629],[-125,71],[-294,-3],[38,206],[-209,406],[-32,262],[183,463],[160,71],[38,289],[229,46],[149,331],[-227,294],[-67,-8],[-52,-172],[-123,46],[-107,274],[26,306],[-233,165],[-90,289],[195,-69],[41,252],[145,8],[35,214],[212,-14],[131,152],[52,237],[-52,308],[-244,169],[-35,151],[212,337],[-360,468],[-244,-91],[-137,29],[-247,220],[-29,199],[-169,158],[-17,259],[-195,123],[180,143],[-49,220],[229,197],[-26,668],[-253,383],[-253,154],[-81,452],[-509,71],[-215,240],[-99,254],[73,509],[209,271],[21,160],[218,171],[-405,469],[56,383],[-67,268],[-393,346],[120,568],[-111,268],[32,169],[-163,286],[151,548],[-66,317],[75,129],[372,128],[-3,271],[189,275],[163,651],[244,443],[698,-15],[227,86],[35,320],[142,300],[-116,423],[230,785],[-56,631],[-325,771],[-936,866],[-169,20],[-116,-129],[-85,574],[-229,203],[-460,-48],[-488,525],[-256,6],[-337,-114],[-172,-157],[-360,2],[-448,169],[-526,60],[-84,-163],[-213,-123],[-1064,951],[-1815,1230],[-1021,125],[-336,111],[-499,334],[30,436],[101,199],[283,-507],[471,-371],[339,-17],[334,134],[689,37],[589,-156],[531,-40],[290,-118],[740,-38],[333,208],[148,206],[268,-99],[203,250],[706,316]],[[1525005,3152632],[-1563,150],[-967,324],[-1529,792],[-631,160],[-201,121],[-454,-11],[-673,171],[-486,462],[-744,322],[-701,188],[-540,276],[-1403,36],[-1038,311],[-653,-5],[-470,-190],[-97,-306],[-143,-77],[-764,-43],[-362,-184],[-628,-163],[-936,472],[-769,99],[-717,517],[-432,-9],[-417,-199],[-182,0],[-635,408],[-521,81],[-171,100],[-53,145],[185,539],[-14,275],[-286,265],[-614,213],[-240,193],[-524,-170],[-427,-413],[-64,-186],[178,-412],[9,-209],[-607,-612],[-173,-61],[-1382,43],[-191,34],[-337,227],[-1073,-43],[-309,122],[-452,322],[-554,145],[-81,456],[-150,95],[-870,-18],[-1038,-440],[-334,-25],[-1401,75],[-758,335],[-477,-309],[-673,-242],[-1029,-161],[-852,656],[-427,554],[-107,373],[-59,1394],[-194,507],[-214,286],[-855,621],[-846,325],[-1498,248],[-1030,-10],[-486,-85],[-447,-182],[-321,-210],[-282,-392],[-467,-1079],[-262,-411],[-1011,-907],[-1488,-907],[-1740,-784],[-1011,-315],[-1429,-926],[-1546,-86],[-739,105],[-477,-29],[-223,-105],[-651,-554],[-370,-115],[-603,-38],[-1730,134],[-632,143],[-1352,506],[-1963,363],[-973,39],[-214,114],[-525,755],[-281,256],[-2170,31],[-738,158],[-513,273],[-290,608],[-265,358],[-193,133],[-615,141],[-525,-149],[-464,80],[-582,194],[-652,403],[-788,-399],[-583,289],[-819,-121],[-631,49],[-823,253],[-640,287],[-568,378],[-270,53],[-402,-96],[-445,31],[-464,-292],[-365,-83],[-124,91],[-17,301],[-124,64],[-1469,-263],[-268,-156],[-426,21],[-536,697],[-394,104],[-1098,-308],[-229,-249],[52,-238],[-115,-120],[-414,214],[-189,2],[-181,170],[-139,-63],[-60,86],[-230,3],[-76,113],[-388,160],[-248,-24],[-221,76],[-289,-106],[-369,153],[-290,-9],[-105,144],[-134,-8],[-350,306],[-143,251],[-711,515],[-359,69],[-516,449],[-463,282],[-203,1048],[-109,30],[-221,-181],[-114,4],[-494,575],[-600,51],[-267,747],[-537,876],[-547,346],[-65,384],[-296,642],[104,435],[263,268],[-27,160],[130,25],[55,111],[138,-37],[61,66],[-87,1605],[91,119],[301,98],[27,445],[242,446],[-147,538],[34,258],[316,371],[630,220],[238,283],[-6,213],[-126,260],[-462,412],[152,337],[-16,135],[-510,519],[-246,454],[-42,893],[139,181],[1247,964],[748,1172],[-122,417],[-147,191],[-392,171],[-555,-122],[-458,56],[-639,-97],[-374,433],[-559,-47],[-219,140],[-17,1580],[182,521],[-85,615],[-463,656],[-554,377],[-325,121],[-479,1410],[-138,1034],[-141,172],[-238,96],[-23,447],[-196,310],[-326,161],[-1082,258],[-623,334],[-156,192],[-326,728],[-7,442],[123,406],[-898,15],[-656,-477],[-249,162],[-1087,246],[-133,442],[113,384],[-21,276],[-210,600],[-126,202],[-365,73],[-275,362],[-191,932],[-354,792],[79,496],[401,469],[111,294],[-112,511],[-1143,429],[-151,-112],[-169,41],[-126,-153],[-778,-476],[-232,-4],[-556,314],[-596,-39],[-344,242],[-484,525],[-142,354],[126,369],[-62,114],[-516,144],[-190,-172],[-262,12],[-524,415],[453,276],[195,-64],[266,-245],[292,-10],[892,610],[132,737],[-99,669],[117,387],[244,234],[655,394],[235,313],[-13,154],[-319,188],[-58,265],[48,207],[492,249],[61,119],[-32,534],[519,53],[294,738],[489,452],[-13,211],[-202,336],[-657,652],[-477,691],[-459,975],[67,425],[522,571],[95,1150],[637,438],[257,746],[166,185],[361,71],[1163,-157],[182,133],[-18,320]],[[1492580,3394834],[11506,135]],[[1906295,2816656],[79,391],[-330,746],[-181,980],[-10,473],[367,1849],[305,366],[1050,421],[279,239],[103,300],[217,2418],[290,701],[579,523],[429,97],[729,452],[254,528],[382,1194],[192,335],[594,498],[1040,259],[393,183],[217,228],[320,559],[424,183],[207,219],[584,1102],[31,574],[-155,1026],[11,417],[227,1031],[-186,579],[-264,376],[-38,254],[400,696],[290,833],[26,391],[-243,1326],[88,528],[310,569],[-126,2062],[258,813],[374,620],[465,1618],[252,580],[16,387],[-331,673],[-354,573],[-583,712],[-538,428],[-1154,712],[-1488,643],[-774,529],[-751,702],[-183,336],[-173,725],[-694,1201],[-4,346],[77,190],[724,995],[608,1682],[20,362],[-189,497],[-9,378],[523,758],[217,696],[426,744],[-9,1681],[204,330],[447,257],[195,270],[284,980],[-169,953],[-359,418],[-124,335],[18,901],[-235,866],[67,331],[248,239],[252,745],[-149,1292],[285,1763],[76,1339],[-651,1353],[-203,997],[-214,518],[502,548],[562,1109],[378,245],[305,63],[1447,-41],[373,-181],[263,-353],[230,-45],[388,-263],[668,-41],[346,-244],[917,-18],[544,-154],[253,-231],[231,-430],[396,-458],[249,-516],[259,-181]],[[1508732,3758351],[265,-325],[14,-368],[96,-227],[-28,-373],[193,-344],[11,-234],[362,-660],[-172,-572],[411,-664],[-122,-335],[130,-1103],[72,-75],[702,-54],[265,-246],[-69,-618],[-208,-142],[-163,-313],[-546,-586],[23,-501],[225,-176],[91,11],[113,-143],[238,-70],[428,-37],[140,98],[136,-79],[165,-433],[76,-11],[116,161],[508,-5],[107,155],[181,-213],[223,48],[145,-161],[227,-66],[885,-25],[1035,189],[874,-33],[-348,-476],[-234,-548],[56,-206],[-328,-730],[31,-399],[224,-474],[88,-38],[63,-255],[765,-743],[-65,-293],[171,-138],[91,-230],[-66,-338],[293,-1573],[-201,-740],[26,-1174],[-160,-268],[11,-229],[169,-222],[-302,-608],[-610,-384],[-148,-631],[-107,-91],[34,-952],[315,-800],[-87,-250],[52,-253],[1625,-279],[217,-120],[49,-320],[581,401],[244,-120],[-129,-317],[23,-137],[270,-173],[202,211],[250,-305],[180,-51],[685,51],[283,-421],[303,228],[245,49],[379,-216],[116,-243],[7,-321],[271,-251],[643,-68],[551,182],[1000,-289],[18,-509],[151,-48],[810,-171],[220,12],[219,123],[144,223],[593,-156],[113,-555],[-836,-1391],[-2,-454],[-238,-576],[-282,-159],[17,-546],[-256,-345],[-109,-392],[-133,-135],[-29,-364],[877,-262],[-207,-694],[501,-592],[167,-8],[388,-316],[176,-317],[789,-151],[623,233]],[[1566290,3679841],[-157,-66],[72,-138],[-387,98],[-280,-407],[-495,6],[-108,-178],[69,-211],[-226,-134],[13,-187],[-236,-245],[256,-319],[-2,-185],[696,-1249],[4,-160],[-49,-144],[-399,-337],[-12,-457],[240,-288],[-247,-716],[-76,-64],[-107,33],[-174,-218],[-63,-308],[80,-314],[-80,-64],[-191,206],[-110,-39],[70,-207],[-39,-302],[154,68],[50,-54],[-84,-185],[-210,-182],[59,-176],[195,-172],[-131,-257],[144,-249],[-121,-218],[78,-127],[272,-125],[55,-119],[-150,-242],[-8,-234],[-359,-24],[195,-212],[54,-233],[-396,151],[-265,-101],[-14,-158],[117,-241],[-205,-64],[202,-271],[-63,-314],[152,-125],[-217,-82],[32,-323],[-177,-246],[90,-134],[263,-23],[-255,-143],[2,-213],[503,-248],[125,-412],[-72,-79],[-153,98],[-75,-34],[74,-252],[-181,-297],[-18,-483],[98,-387],[-283,-39],[-149,-171],[-364,82],[-146,-100],[0,-378],[108,-119],[287,-94],[164,-658],[192,-196],[-548,-364],[3,-103],[200,-96],[-236,-19],[-12,-73],[327,-61],[34,-109],[-326,-63],[-10,-359],[-133,243],[-82,19],[22,-266],[-164,-320],[65,-353],[249,-228],[202,-338],[475,-372],[819,-255],[502,-59],[193,109],[138,-173],[367,-26],[730,-294],[248,-677],[482,-305],[62,-231],[154,-119],[249,-17],[-4,-166],[229,-129],[-6,-125],[-207,-134],[114,-276],[115,-74],[35,-219],[249,-138],[106,-809],[-120,-256],[11,-390],[196,-116],[30,-244],[-226,-41],[-1,-349],[-65,-81],[-196,82],[-191,-75],[36,-198],[-202,-116],[-60,-250],[-173,-209],[131,-99],[7,-196],[-417,-70],[-244,-177],[-262,-358],[-353,14],[-174,-88],[-115,160],[-293,-10],[-163,123],[-39,-201],[-514,-89],[-268,392],[224,348],[-66,198],[-547,174],[11,328],[-177,208],[-569,-2],[-682,482],[87,197],[464,-147],[-198,386],[-234,-34],[-146,75],[14,198],[199,71],[-4,113],[-470,38],[-599,209],[-391,-64],[-707,322],[-370,-150],[-205,226],[-352,133],[-199,-129],[-164,-331],[-436,-142],[-241,109],[-290,-422],[-174,17],[-184,202],[-308,-273],[-247,181],[-348,-37],[-244,267],[-227,-382],[-241,-34],[-136,-115],[-275,14],[-185,201],[-122,-64],[24,-164],[-70,-68],[-343,212],[-330,-27],[-149,-186],[36,-273],[720,-637],[27,-191],[-93,-32],[-246,123],[-176,-95],[-265,-13],[-196,-278],[-52,-222],[-135,-96],[-144,60],[-138,327],[-131,-104],[-264,182],[-279,-86],[-19,-168],[-335,-231],[-29,-205],[116,-269],[-102,-272],[-140,-146],[-256,28],[-190,214],[298,123],[23,300],[-390,-17],[-15,208],[-366,238],[-117,253],[-247,225],[243,322],[-61,429],[40,648],[-104,88],[-537,-18],[-373,502],[-291,644],[-569,240],[-647,465],[-156,25],[-453,-236],[-645,-673],[-107,-163],[-128,-563],[-450,-198],[-295,369],[96,971],[-131,906],[-381,-340],[-332,27],[-164,-148],[-387,262],[51,-297],[-125,-171],[-186,94],[-22,247],[-273,69],[13,176],[151,107],[422,-105],[78,427],[203,142],[821,82],[319,-285],[225,-40],[214,133],[-43,110],[-525,307],[-208,283],[-436,321],[-223,-87],[-145,-528],[-184,4],[79,410],[-135,377],[361,398],[-6,555],[-104,97],[-524,-271],[-336,92],[-63,-394],[-270,-187],[-151,157],[253,624],[-118,251],[-267,21],[-132,-124],[18,-451],[-142,-203],[-171,53],[-215,399],[-215,112],[-251,-296],[3,-454],[-811,-118],[-143,114],[98,273],[-207,490],[-833,195],[-203,219],[-26,273],[-74,38],[-476,-24],[103,-258],[-94,-105],[-577,2],[-149,288],[-160,57],[-135,-235],[360,-314],[-299,-152],[-334,61],[-195,162],[-5,152],[262,302],[-50,249],[-425,13],[-72,-281],[-156,-78],[-397,363],[-522,76],[-519,-52],[-126,-112],[-60,-207],[-218,20],[-293,190],[-194,314],[-109,49],[-1205,-114],[-410,-257],[-411,36],[-307,167],[65,342],[132,99],[446,-26],[158,164],[-685,400],[-666,9],[-201,136],[-241,34],[-479,-192],[-384,-448],[-337,20],[-145,457],[-290,393],[-285,183],[166,498],[-144,379],[-150,120],[-419,-155],[-323,44],[-85,-277],[89,-343],[-135,-105],[-401,62],[-377,-44],[-522,227],[-385,71],[-1944,111],[-753,-373],[-146,-250],[-443,129],[-1171,-553],[-762,-91],[-120,-181],[224,-185],[-76,-221],[-350,57],[-262,-80],[-386,34],[-160,-280],[-277,157],[-45,312],[-397,546],[-219,480],[-162,89],[-343,-308],[-143,-423],[161,-203],[706,-280],[134,-120],[64,-335],[-288,-1205],[-426,-720],[-325,-54],[-248,-172],[-623,-237],[-384,80],[-133,-146],[66,-394],[331,-716],[861,-808],[-9,-206],[-1144,-470],[-235,127],[-178,575],[-229,163],[-346,-101],[-506,86],[-290,-203],[-86,-163],[-62,-513],[79,-152],[197,-115],[424,-94],[130,106],[95,367],[219,33],[178,-96],[481,-738],[-3,-174],[-155,-200],[-483,-339],[-156,0],[-148,114],[-104,382],[-541,240],[-459,22],[-161,-200],[49,-425],[-69,-184],[-397,-244],[-318,-419],[-523,-183],[-239,-425],[-180,-85],[-240,76],[-375,463],[-480,131],[-107,116],[48,359],[369,299],[60,402],[-95,249],[-222,-13],[-165,-236],[-334,-59],[-126,-124],[-9,-80],[211,-176],[33,-169],[-320,-311],[45,-306],[200,-244],[422,112],[138,-506],[-11,-360],[-129,-179],[-296,-128],[-373,-355],[-117,104],[155,195],[-71,129],[-393,-51],[-474,105],[-220,-120],[31,-133],[421,-352],[246,-33],[142,-179],[-5,-122],[-147,-115],[-451,-26],[-115,-284],[263,-622],[157,-2],[162,206],[75,-54],[205,-1105],[-126,-458],[-254,228],[-53,261],[-196,-8],[34,-172],[-57,-22],[-477,122],[-3,-127],[-204,-111],[93,-75],[-20,-78],[-199,-208],[97,-159],[113,150],[85,-55],[-147,-167],[122,-86],[45,-186],[-392,-272],[-185,-44],[-142,133],[-110,-88],[25,-148],[-77,-113],[199,-162],[-358,-374],[65,-56],[150,61],[136,-111],[54,-264],[-105,-86],[125,-92],[-165,-249],[0,-173],[139,-83],[-143,-150],[51,-286],[-42,-44],[-267,97],[-37,-67],[173,-208],[-114,-67],[-142,95],[-108,-80],[122,-162],[-230,-213],[179,-217],[-117,0],[-187,-230],[51,-64],[145,147],[173,-75],[54,-100],[-89,-133],[17,-134],[-164,-180],[44,-119],[-140,-51],[-8,-228],[-133,86],[14,-191],[-258,-123],[184,-280],[-287,18],[3,-111],[-123,-15],[38,-138],[-193,-55],[71,-186],[-324,36],[-431,-160],[-100,72],[-412,15],[-244,144],[-247,-120],[-281,19],[-196,-244],[40,-204],[-362,-178],[38,-123],[-113,-36],[-228,115],[-15,-354],[-68,-66],[-326,12],[19,-250],[200,-246],[12,-414],[-407,-368],[-738,248],[-441,-285],[-339,-51],[-553,294],[-634,69],[-539,-243],[-400,-55],[-249,69],[-881,-127],[28,-287],[-135,-454],[98,-469],[-303,-508],[-127,-390],[-714,-691],[-294,-136],[-1132,-95],[-510,-192],[-561,-377],[-532,-483],[-1098,-569],[-1129,-306],[-1972,210],[-1058,408],[-378,47],[-348,-189],[-103,-318],[44,-1188],[225,-630],[698,-704],[495,-219],[-141,-155],[-11,-358],[-148,-112],[1,-411],[-216,-193],[1,-203],[292,-155],[15,-235],[-399,-625],[-199,-167],[49,-334],[-197,-17],[84,-354],[-95,-715],[-230,-416],[-13,-256],[-269,-170],[233,-396],[-365,-315],[-67,-211],[-275,-266],[-418,118],[-125,173],[-224,-26],[-162,-138],[-154,-455],[-178,-22],[-99,195],[-53,709],[200,225],[-28,133],[-296,179],[-186,-283],[-251,658],[-382,52],[48,202],[361,184],[-24,178],[-458,36],[-676,-281],[105,578],[-49,110],[-116,34],[-374,-332],[-436,-246],[-374,45],[-194,204],[319,168],[3,172],[-183,151],[-360,75],[-31,122],[508,346],[-194,187],[-322,15],[-282,-135],[-182,-426],[-493,-3],[-62,-249],[120,-331],[-55,-189],[-419,238],[-101,-217],[-137,-22],[-876,418],[-328,321],[-177,59],[-161,-96],[-179,247],[-155,16],[-218,-150],[-156,-266],[-598,-240],[-392,-367],[-43,-203],[190,-484],[-398,20],[-200,-160],[-303,172],[-148,-218],[-266,-90],[-216,19],[17,283],[-78,171],[69,74],[257,-5],[-6,127],[-682,474],[-455,-69],[-168,-233],[-59,-402],[-396,-144],[84,-212],[-32,-184],[-358,-149],[522,-490],[80,-223],[-144,-158],[-228,12],[48,353],[-138,105],[-444,-148],[-123,-385],[-249,-219],[17,-116],[289,-339],[31,-211],[-69,-136],[-773,397],[-144,-25],[-132,-279],[125,-477],[399,-304],[47,-209],[-89,-115],[-473,-219],[-62,-271],[199,-294],[-56,-194],[-324,-351],[-495,81],[-104,-364],[-362,197],[-66,308],[-354,-47],[234,-320],[-124,-230],[-305,0],[-613,341],[-4,140],[375,262],[-227,252],[55,244],[-75,41],[-239,-25],[-113,-254],[-211,-205],[-90,-265],[-234,-82],[-359,81],[-273,-252],[-49,312],[-193,299],[42,988],[156,220],[-1,152],[-266,-8],[-199,-144],[-322,-889],[-302,-12],[-290,140],[-94,169],[560,574],[-20,395],[-205,148],[-170,-46],[-764,-802],[-412,-97],[-212,72],[30,214],[195,230],[371,149],[-2,99],[-318,44],[-181,-97],[-230,108],[-222,-99],[-835,-69],[-1371,264],[-939,-128],[-682,-317],[-476,119],[-67,-50],[27,-294],[-90,-257],[-528,-379]],[[1777759,3153326],[-57,-479],[-130,-273],[-165,-799],[-197,-278],[111,-680],[-577,-573],[-105,-205],[-578,-318],[-316,-451],[-657,-319],[-431,-57],[-504,-276],[-636,-222],[-395,-26],[-497,142],[-324,-505],[-874,-325],[-1631,-252],[-604,92],[-463,-645],[-651,-460],[-142,-323],[15,-244],[-178,-196],[-217,-469],[-718,-277],[-361,-864],[48,-187],[-183,-260],[-91,-66],[-244,18],[-677,207],[-49,-156],[117,-269],[-274,-629],[-240,-242],[-245,-63],[-311,-325],[-32,-872],[-419,-571],[-87,-321],[-176,-220],[25,-100],[249,-176],[-132,-396],[138,-323],[-209,-376],[212,-424],[43,-312],[-113,-359],[147,-283],[-223,-392],[-8,-206],[231,-538],[501,-172],[86,-230],[181,-105],[76,-204],[645,-323],[-27,-248],[263,-603],[-167,-154],[-8,-248],[198,-264],[57,-381],[-326,-284],[-48,-650],[176,-148],[-6,-223],[192,14],[354,-299],[29,-288],[225,-435],[-36,-921],[275,-320],[-206,-225],[205,-24],[-55,-283],[326,-199],[-97,-248],[169,-162],[-67,-191],[104,-450],[-68,-156],[-120,-53],[-221,171],[-353,-8],[-72,-134],[51,-485],[-109,-306],[-171,-73],[-894,64],[-90,-183],[-177,-84],[-487,83],[-257,-344],[-650,-131],[-239,-233],[-323,-135],[-155,-343],[-339,324],[-265,-50],[-703,162],[-869,-97],[-209,-131],[-183,-259],[-237,-35],[-286,93],[-603,615],[-395,69],[-415,-96],[-380,-534],[-145,-89],[-696,56],[-87,-280],[-168,35],[-156,-78],[-163,-255],[-240,58],[-740,-255],[-317,85],[-396,-27],[-399,638],[-208,51],[-585,-424],[-422,-121]],[[1920814,3016307],[-8,147],[-304,142],[-340,290],[-741,259],[-78,-51],[-124,92],[-217,-16],[-308,340],[-369,90],[-143,235],[-211,71],[-103,303],[-268,383],[-295,111],[-125,134],[-1039,-145],[-445,161],[-300,-118],[-293,-308]],[[1905821,3043905],[193,353],[-145,214],[138,922],[272,302],[315,7],[157,266],[12,175],[-168,115],[-131,273],[43,453],[121,-56],[738,79],[492,-549],[164,-344],[469,-199],[863,421],[1095,119],[636,-50],[564,54],[951,653],[761,83],[1220,830],[74,99],[32,401],[-193,733],[869,386],[93,346],[220,-41],[-27,107],[57,21],[632,-2],[209,203],[188,-34],[23,156],[97,74],[472,165],[427,-31],[-81,149],[54,116],[289,-10],[269,193],[266,-98],[71,187],[270,27],[438,208],[231,-79],[355,271],[200,60],[172,247],[629,42],[161,80],[40,150],[297,23],[185,338],[386,35],[421,459],[110,596],[-148,444],[180,235],[-10,144],[-186,286],[-291,1005],[-571,804],[-72,868],[-406,442],[-348,98],[-370,335],[-423,1614],[-305,314],[-293,593],[-133,729],[-153,130],[-574,201],[-145,269],[-20,269]],[[1760718,3272326],[-540,-768],[-592,-270],[-1294,53],[-383,-168],[-525,-27],[-236,347],[-152,8],[-420,-775],[-201,-767],[-81,-794],[35,-137],[508,-250],[225,-314],[-34,-258],[-174,-294],[-334,-314],[-206,-86],[-247,27],[-431,314],[-298,-19],[-896,-1657],[-183,-638],[-171,-212],[-2004,-1246],[-310,-124],[-1124,-209],[-446,37],[-216,-217],[-180,-530],[114,-266],[1119,-506],[557,-426],[80,-138],[0,-392],[-488,-986],[-312,-863],[-610,-743],[-223,-547],[-47,-477],[166,-681],[75,-796],[-412,-1107],[-1015,-983],[-1607,-1124],[-464,-132],[-94,-175],[-29,-499],[133,-652],[-777,-1752],[-67,-750],[-280,-1462],[141,-1414],[352,-540],[27,-720],[-1000,-2788],[-386,-506],[-443,-323],[-257,-454],[230,-876],[664,-1268],[403,-371],[78,-236],[-557,-2304],[-318,-808],[31,-1106],[-160,-1024],[-4,-716],[-784,-1084],[-121,-389],[140,-276],[269,-48],[213,-447],[62,-332],[-43,-832],[237,-450],[-53,-1044],[-418,-1065],[-516,-630],[-144,-986],[-303,-588],[-490,-479],[-1069,-331],[-672,-442],[-342,-385],[-310,-512]],[[1704713,3253429],[-680,165],[-497,248],[-782,895],[-166,132],[-235,31],[-278,230],[-268,87],[-765,-80],[-397,219],[-356,680],[11,375],[-397,1231],[-44,1269],[-122,309],[-162,176]],[[1728376,2941972],[133,-275],[-29,-264],[-277,-173],[-23,-138],[-237,-215],[17,-146],[176,-237],[-191,-303],[-15,-248],[-128,-120],[88,-266],[-236,-164],[44,-175],[246,-111],[-21,-141],[-232,-205],[85,-539],[481,-895],[94,-365],[605,-740],[-109,-570],[-211,-80],[-106,-144],[57,-553],[-103,-139],[79,-260],[-199,-475],[104,-969],[-111,-430],[114,-235],[-218,-281],[-107,-595],[237,-495],[31,-241],[-76,-772],[-315,-356],[129,-203],[-118,-209],[296,-222],[171,-994],[648,-544],[340,-85],[253,-162],[489,-726],[606,206],[94,-197],[533,-373],[549,-1013],[774,-2059],[186,12],[213,529],[619,469],[113,-1],[176,-175],[839,-179],[191,-784],[662,-253],[185,-149],[61,-147],[-100,-375],[61,-395],[665,-1546],[263,-358],[112,68],[126,378],[84,12],[76,-696],[125,-125],[-61,-190],[684,-652],[-77,-546],[129,-245],[151,-164],[279,-108],[307,-536],[512,-178],[298,-442],[1062,-174],[701,321],[333,43],[439,-170],[121,243],[268,-45],[268,274],[251,116],[70,230],[465,-5],[597,230],[919,71],[266,105],[237,-252],[319,-24],[183,-122],[490,241],[328,-323],[218,-26]],[[1719691,2929077],[-21,253],[-234,564],[245,919],[536,894],[49,441],[374,343],[17,254],[117,230],[713,660],[47,185],[-106,562],[521,998],[183,532],[331,348],[162,642],[545,604],[485,1053],[302,301],[715,63],[421,246],[902,328],[549,49],[131,548],[-21,256],[-366,447],[-308,197],[-21,356],[91,153],[279,76],[364,314],[235,791],[305,-31],[651,-773],[492,92]],[[2119367,3154123],[332,33],[412,-209],[239,78],[-34,400],[-335,283],[-54,150],[307,133],[932,194],[968,1173],[904,525],[370,459],[77,459],[327,133],[151,187],[22,341],[180,296],[837,319],[242,-37],[378,-327],[196,279],[207,82],[268,-216],[125,18],[389,821],[652,88],[187,162],[159,251],[-37,480],[55,111],[327,102],[222,180],[263,41],[445,397],[180,264],[384,212],[63,500],[154,15],[361,-265],[540,433],[316,631],[1190,1453],[121,287],[-31,450],[504,47],[333,245],[60,187],[-101,417],[52,170],[394,141],[275,-129],[118,37],[215,562],[437,667],[428,334],[412,526],[500,309],[76,375],[781,907],[847,650],[399,461],[43,364],[264,224]],[[2138395,3171983],[351,32],[23,313],[116,186],[865,779],[535,370],[813,949],[407,681],[5,193],[-181,484],[197,509],[555,198],[2187,2674],[309,174],[537,-47],[207,86],[349,1284],[1269,1305],[1803,2240],[367,328],[661,241],[175,364],[60,600],[217,464],[699,821],[315,575],[311,127]],[[2151547,3187913],[117,-161],[899,-633],[552,-1421],[397,-764],[556,-888],[514,-476],[339,8],[577,-378],[619,-140],[314,-152],[1129,66],[205,148],[125,423],[155,78],[548,8],[489,-131],[443,37],[293,-185],[502,-58],[757,-415],[238,-365],[552,-473],[318,-673],[665,-867],[100,-732],[243,-357],[58,-435],[226,-502],[197,-197],[-51,-468],[276,-247],[603,4],[117,-410],[585,-432],[159,-1002],[222,-415],[1631,-1607],[723,-1561],[665,-710],[217,-908],[879,-1488],[12,-435],[-155,-349],[-330,-140],[-853,-70],[-385,-218],[-58,-398],[189,-324],[558,-99],[600,176],[205,-10],[258,-166],[106,-341],[-153,-321],[-437,-207],[-326,-310],[-337,-673],[-658,-419],[-190,-377],[68,-367],[348,-238],[1032,129],[553,-186],[147,-264],[42,-450],[-63,-554],[-390,-775],[58,-404],[253,-672],[26,-399],[-110,-367],[-695,-465],[-132,-176],[53,-368],[247,-186],[437,73],[980,713],[442,16],[147,-202],[-31,-279],[-232,-367],[-1127,-952],[-194,-300],[5,-238],[242,-279],[163,-73],[411,-108],[384,5],[348,176],[563,951],[332,145],[342,-103],[195,-367],[10,-947],[206,-378],[558,-465],[1053,-471],[463,-346],[400,-430],[543,-848],[547,-424],[434,-226],[2125,-493]],[[2127352,3046992],[-594,440],[-467,9],[-343,105],[-491,-82],[-603,292],[-162,-450],[-229,-115],[-699,-120],[-138,-347],[-1197,-1322],[-217,-131],[-931,-185],[-675,62],[-416,-253],[-318,6],[-507,314],[-280,-11],[-562,-127],[-257,-383],[-353,-243],[-670,284],[-238,26],[-2186,-436],[-395,202],[-670,541],[-632,-186],[145,-199],[-351,-242],[-242,-35],[-321,108],[-223,-199],[-510,-48],[-88,-194],[-281,-91],[-426,-325],[-575,-86],[-159,-306],[-389,-91],[-65,98],[-107,1],[-143,-335],[-503,-11],[-386,-308],[-99,-173],[-643,78],[-202,170],[-198,32],[-174,-104],[-82,-157],[-154,-47],[-964,196],[-256,471],[-256,959],[-262,198],[279,441],[397,274],[-31,424],[209,-36],[-75,211],[367,331],[76,609],[-259,128],[-201,-76],[-249,40],[-109,401],[88,306],[-226,424],[-57,380],[-383,161],[-97,147],[-4,241],[-456,465],[-652,155],[-240,-185],[-323,63],[-187,-169],[-194,-18],[-61,-110],[-169,41],[-138,-107],[-118,320],[-197,-43],[-299,182],[-426,448],[-285,166],[-404,62],[-407,-106],[-213,-301],[-484,-76],[-387,-313],[-307,435],[-291,-35],[-268,-634],[-184,-219]],[[2117600,2985516],[-951,-876],[-585,-779],[-944,-1567],[-499,-622],[-818,-336],[-235,42],[-401,320],[-359,-5],[-278,-194],[-321,-489],[-299,-210],[-198,-31],[-86,157],[279,715],[0,394],[-364,299],[-214,21],[-620,-415],[-728,-90],[-100,-674],[-429,-523],[-550,163],[-696,-275],[-509,183],[-283,-98],[-133,-326],[189,-438],[23,-334],[-112,-270],[-185,-154],[-272,81],[-97,562],[-146,236],[-317,132],[-443,-23],[-72,-101],[23,-278],[272,-477],[40,-309],[-123,-264],[-238,-149],[-234,163],[-392,483],[-68,651],[-143,177],[-180,-8],[-312,-551],[-226,-84],[-300,51],[-3,331],[226,669],[-97,283],[-129,28],[-286,-123],[-143,-332],[-208,-205],[-186,-39],[-557,104],[-303,-379],[-842,-251],[-640,-759],[-321,-205],[-274,-50],[-1027,994],[-177,15],[-539,-320],[-168,-10],[-10,280],[249,514],[10,190],[-147,474],[-257,142],[-241,-80],[-114,-157],[179,-726],[-62,-310],[-218,-115],[-446,-36],[-883,112],[-150,-100],[-238,-497],[-198,-111],[116,-64],[-93,-91],[-693,508],[-85,167],[524,748],[4,230],[-163,272],[-98,45],[-465,-185],[-453,-7],[-599,448],[-150,26],[-325,-800],[-186,-74],[-316,103],[-185,192],[-352,1119],[-103,73],[-344,-57],[-221,70],[-110,653],[-404,902],[-158,199],[-401,95],[-704,-458],[-334,60],[-382,325],[-376,872],[-341,107],[-234,-136],[-379,-637],[-485,-2188],[-501,-666],[-139,-60],[-237,64],[-225,359],[-566,-97],[-392,274],[-327,-41],[-267,-211],[122,-297],[601,-363],[167,-281],[-116,-303],[-462,-499],[-135,-558],[-309,-316],[-533,-243],[-344,-28],[-1538,467],[-1424,82],[-321,-123],[-209,-303],[-16,-385],[232,-606],[-71,-202],[-180,-98],[-424,-142],[-344,41],[-678,372],[-613,644],[-488,142],[-248,-38],[-1076,-915],[-222,-492],[97,-470],[-39,-209],[-356,-268],[-74,-152],[3,-176],[189,-351],[-420,-432],[-94,-230],[145,-297],[324,-212],[251,-299],[520,-104],[158,-139],[16,-130],[-556,-846],[-311,-763],[-344,-240],[-479,-76],[-157,-110],[41,-417],[-764,-1143],[-376,-183],[-916,13],[-240,-158],[-370,-57],[-151,-126],[158,-997],[391,-126],[592,-720],[-113,-694],[-453,-972],[-440,-16],[-630,262],[-1297,224],[-1568,76],[-501,416],[-1279,666],[-347,360],[-382,50],[-517,307],[-1028,158],[-1109,414],[-1996,-383],[-1903,-234],[-1666,-634]],[[2057997,2967004],[-296,94],[-100,139],[-308,1235],[-9,709],[-107,295],[-324,164],[-47,216],[14,652],[-75,286],[406,432],[-225,325],[-52,834],[-85,277],[308,313],[-5,933],[-163,211],[-213,-4],[-55,72],[-20,416],[-279,151],[-48,101],[-21,380],[-218,561],[111,45],[255,-108],[231,9],[375,255],[29,888],[213,633],[-204,540],[138,334],[10,327],[178,249],[334,105],[193,443],[-44,399],[114,363],[-85,289],[424,-79],[47,219],[251,167],[149,292],[35,318],[-135,336],[-331,87],[-28,78],[161,158],[279,-107],[58,97],[65,278],[201,260],[-259,314],[210,316],[-45,97],[-532,285],[-64,536],[-256,215],[-16,220],[-125,191],[149,354],[-194,448],[-150,-37],[-236,-214],[-292,22],[-169,97],[-149,-187],[-195,23],[-133,-201],[-77,6],[-383,414],[-170,11],[-148,-151],[-171,159],[-86,-11],[-71,-148],[-105,40],[-46,453],[-190,280],[-156,20],[-238,-158],[-67,-271],[-322,-144],[-35,82],[117,235],[-269,-52],[-19,108],[297,391],[77,299],[-68,72],[-160,-48],[-151,168],[-265,-75],[-76,365],[-773,59],[-48,138],[-284,238],[86,385],[-232,114],[13,255],[-155,-21],[-98,218],[-383,14],[361,449],[-242,207],[-43,377],[-217,167],[107,257],[-117,399],[-225,98],[-333,2],[-18,-267],[-88,-53],[-191,156],[-333,-18],[-64,93],[30,188],[-157,145],[29,199],[-309,311],[50,123],[-125,164],[-33,226],[66,145],[-164,676],[-170,132],[-130,-116],[-158,-1],[-82,194],[-240,127],[-109,-106],[-246,-11],[-146,242],[-168,55],[-28,214],[255,170],[-392,65],[167,355],[252,223],[-85,342],[124,60],[47,145],[-30,361],[-173,329],[83,246],[-131,381],[-152,125],[-10,626],[-106,152],[43,456],[-84,178],[-236,-17],[-286,212],[-381,-73],[-170,143],[-276,-2],[-47,141],[-430,84],[-487,439],[-670,54],[-253,194],[1,175],[-87,97],[-533,-18],[-789,435]],[[2043658,2999447],[92,127],[-56,455],[332,2052],[66,1779],[-79,1216],[-606,2276],[63,667],[792,1011],[547,1138],[239,286],[52,764],[446,1202],[479,412],[315,681],[274,102],[430,-8],[427,107],[685,778],[213,105],[252,403],[942,587],[411,901],[211,1109],[85,1033],[484,1216],[1504,2459],[728,774],[652,1464],[863,834],[961,689],[441,551],[336,256],[507,237],[904,137],[463,191],[618,126],[1077,-5],[1607,885],[1013,97],[658,-143],[955,-344],[630,-40],[1326,403],[657,312],[884,1016],[768,449],[348,352],[1496,553],[325,292],[570,995],[705,667],[1016,1656],[187,485],[819,1311],[590,1758],[132,213]],[[2095983,2927951],[-39033,12680],[2,58],[-76,-32],[-21045,6834]],[[2035831,2947491],[33,212],[-133,329],[-737,1177],[53,218],[720,373],[85,225],[-81,175],[70,160],[459,148],[265,208],[578,65],[406,623],[179,482],[398,402],[466,-56],[801,152],[627,-22],[166,213],[433,252],[52,141],[-164,698],[44,273],[170,192],[630,144],[246,210],[486,1561],[791,133],[663,574],[573,179],[319,230],[216,1121],[-45,505],[293,443],[-19,147],[-231,46],[-120,133],[69,507],[705,2],[646,-332],[815,52],[480,327],[300,391],[168,297],[142,624],[16,713],[88,290],[284,409],[-120,427],[196,327],[172,531],[1385,789],[166,-12],[382,259],[646,131],[235,149],[631,-340],[525,262],[581,-303],[780,561],[129,5],[843,-394],[162,-190],[526,-42],[304,130],[255,-138],[383,74],[553,-88],[145,127],[87,539],[-36,509],[108,301],[283,296],[290,-34],[150,291]],[[2034397,3305687],[152,-344],[40,-385],[-56,-188],[105,-196],[208,-88],[896,-31],[812,335],[808,535],[842,429],[278,252],[475,-27],[711,87],[393,-154],[327,-260],[443,-115],[335,-644],[454,-149],[410,-352],[248,55],[295,-197],[639,-488],[622,-629],[647,-420],[415,-475],[505,30],[419,-263],[105,-319],[328,-251],[74,-327],[206,-55],[95,-244],[561,-283],[303,-361],[425,-245],[52,-160],[-71,-278],[81,-264],[609,-435],[205,-36],[295,-193],[266,-594],[485,-138],[1257,153],[419,-61],[307,-411],[-18,-247],[170,-213],[6,-257],[328,-215],[247,-702],[305,-120],[136,-528],[357,-116],[336,-391],[64,-190],[652,-86],[157,380],[-21,198],[363,-315],[416,171],[448,6],[297,-122],[203,27],[136,163],[305,47],[112,117],[673,75],[502,-43],[170,-98],[1637,540],[322,18],[395,-147],[831,-758],[138,-492],[-58,-633],[227,-405],[724,-126],[636,-254],[29,-121],[313,-245],[276,-485],[184,-117],[200,-344],[202,-90],[124,-236],[-72,-871],[-111,2],[-86,141],[-254,-115],[-296,-332],[-331,-205],[-285,-9],[-152,-257],[275,-323],[337,-97],[514,-490],[576,-390],[363,-757],[1028,-282],[270,-286],[626,-189],[-35,-426],[217,8],[422,-404],[-60,-216],[240,-7],[300,-183],[161,134],[54,198],[227,281],[232,-73],[571,-777],[32,-589],[318,-370],[63,-772],[179,-452],[1324,-1457],[252,62],[83,101],[346,-347],[99,-216],[106,143],[-102,157],[165,73],[97,154],[-95,220],[173,-94],[279,41],[136,-91],[120,-541],[714,-211],[-91,-70],[88,-100],[-76,-47],[126,-284],[339,32],[70,-70],[41,100],[343,163],[65,-237],[385,204],[19,-143],[155,-77],[115,54],[11,-195],[175,-156],[-92,-198],[46,-124],[-107,-144],[323,-58],[-1,-181],[593,215],[333,-133],[257,40],[193,-355],[148,-99],[98,-354],[282,-149],[264,253],[211,-85],[-79,-203],[124,-613],[198,-69],[162,-191],[289,-19],[85,-219],[231,164],[45,199],[127,121],[261,-199],[311,-55],[165,54],[150,-103],[184,140],[79,-69],[125,44],[323,-273],[450,-92],[221,42],[195,-87],[267,40],[212,83],[204,236],[-294,459],[-56,318],[49,348],[235,348],[161,-165],[305,-48],[512,117],[113,-275],[298,15],[116,308],[230,154],[1031,-135],[84,96],[-90,77],[-82,408],[420,243],[258,-36],[21,106],[320,170],[168,-83],[93,-161],[228,3],[214,182],[155,577],[146,24],[269,-184],[217,1],[211,396],[229,-170],[429,-20],[210,73],[361,385],[333,-124],[-19,481],[138,111],[-66,209],[258,166],[301,19],[106,155],[-163,225],[-215,77],[-4,242],[-331,457],[179,158],[396,-160],[20,170],[247,2],[95,130],[9,301],[305,112],[245,598],[313,46],[-16,201],[483,-2],[160,99],[21,160],[-141,52],[-93,395],[-316,45],[246,204],[-228,196],[-30,415],[382,643],[-5,626],[-125,176],[107,154],[-27,108],[-250,80],[-457,-135],[-270,33],[-52,214],[331,35],[57,67],[-63,123],[-202,67],[2,243],[-135,18],[-113,-144],[-139,5],[-218,430],[-65,30],[-89,-123],[-125,-9],[35,188],[-185,129],[-633,-337],[-221,195],[-84,217],[182,252],[-196,417],[692,1800],[-38,219],[-243,247],[-169,325],[239,226],[114,425],[-142,865],[334,1226],[-15,397],[1047,775],[-4,179],[-269,129],[-108,161],[456,1095],[-19,287],[-166,162],[195,471],[-62,149],[-382,82],[-32,453],[-126,112],[-105,502],[209,359],[-142,796],[378,206],[542,456],[-173,366],[-14,391],[-275,268],[82,361],[-110,116],[99,372],[147,101],[18,146],[186,147],[253,41],[115,232],[228,-81],[215,77],[428,-27],[478,159],[354,-280],[169,-26],[268,178],[36,255],[636,128],[423,-66],[942,-595],[100,295],[280,52],[141,-112],[47,-319],[222,-67],[383,178],[692,141],[467,286],[147,420],[552,419],[968,323],[71246,30367]],[[2213057,3260259],[9,-362],[264,-450],[172,-72],[415,48],[62,-76],[-48,-153],[-308,-105],[-109,-129],[65,-562],[-135,-369],[-234,161],[-118,-7],[-219,-684],[-303,-201],[-597,39],[-130,411],[-116,72],[-155,-48],[-513,-1036],[-125,-130],[-369,-145],[42,-137],[227,19],[79,-158],[-247,-199],[-235,-434],[-118,13],[-216,239],[-175,-55],[-34,-171],[152,-403],[-114,-154],[-229,30],[-355,233],[-56,-148],[80,-290],[-155,-139],[-239,475],[-253,-124],[-470,28],[-176,-128],[31,-162],[475,-5],[135,-142],[-119,-111],[-400,4],[-221,-186],[-11,-149],[107,-80],[356,103],[157,-251],[399,-211],[210,-490],[-242,-407],[91,-299],[-30,-203],[-247,-203],[-113,-277],[-124,-899],[45,-169],[298,-269],[16,-210],[-523,-495],[-355,-122],[-410,152],[-677,114],[-328,-182],[-26,-396],[-695,-480],[-231,-21],[-273,167],[-302,-146],[-216,125],[-333,-258],[-194,51],[-643,-315],[-275,-54],[-592,50],[-504,546],[-220,111],[-302,-75],[-644,-331],[-69,-455],[-419,257],[-471,-465],[-153,83],[-125,408],[-333,51],[-114,-91],[176,-175],[-66,-152],[-583,-116],[-859,97],[-88,-128],[-53,-519],[-129,49],[-200,350],[-223,46],[-64,-178],[198,-442],[-78,-136],[-326,-29],[-417,217],[-383,-361],[-321,-138],[-112,-127],[2,-165],[219,-270],[255,-69],[-19,-175],[-511,0],[-515,-228],[-615,15],[-198,38],[-155,259],[-147,42],[-371,-236],[-356,76],[-155,-88],[-43,-441],[-206,-298],[-24,-221],[84,-130],[264,-143],[62,-155],[-260,-288],[11,-398],[-113,-427],[-105,-194],[-104,-27],[-183,519],[-233,15],[-167,-88],[-252,-553],[175,-229],[516,-152],[89,-134],[-407,-324],[-474,-80],[-210,-156],[-11,-584],[221,-862],[575,145],[186,-57],[39,-141],[-563,-672],[-373,-312],[8,-54],[384,-46],[62,-175],[-194,-626],[-39,-1205],[-244,-412],[-653,-454],[-978,-1053],[4,-248],[120,-160],[-38,-122],[-711,-267],[-544,-141],[-229,19],[-236,290],[58,256],[714,-210],[206,76],[-117,252],[-551,320],[132,420],[-43,126],[-621,-172],[-171,23],[-256,591],[-295,279],[-124,438],[-124,-30],[-198,-553],[-284,-111],[-765,557],[-372,526],[-315,92],[-136,-210],[78,-343],[-43,-286],[-167,-111],[-644,-69],[-245,-679],[-237,-209],[-186,15],[-101,187],[101,233],[260,278],[27,229],[-147,316],[-229,248],[-295,31],[-1041,-622],[-43,-118],[144,-519],[245,-374],[-12,-427],[-213,-72],[-610,34],[-303,336],[-287,-4],[-117,-195],[194,-835],[-143,-534],[-179,-195],[-233,27],[-357,378],[-229,26],[-233,-206],[47,-305],[-55,-148],[-271,-267],[-563,-103],[-509,133],[-909,-259],[-512,133],[-621,38],[-602,244],[-450,-148],[-101,61],[-148,457],[8,515],[-326,130],[-272,-61],[-858,-702],[-353,-171],[-373,-42],[-190,-142],[-233,-278],[11,-633],[-97,-462],[-345,-267],[-58,-164],[384,-919],[12,-656],[143,-488],[-54,-252],[-210,-118],[-501,26],[-205,-95],[-241,-328],[-233,-580],[-1207,-209],[-567,-420],[-361,-431],[-218,-46],[-303,57],[-143,-122],[-82,-1144],[-182,-706],[866,-736],[376,-217],[-31,-458],[-206,-503],[39,-187],[676,-115],[205,-259],[-240,-1083],[-43,-1007],[-415,-1034],[-435,-427],[-416,-1125],[-1161,-313],[-1234,-618],[-365,-107],[-241,-210],[-77,-251],[139,-710],[381,-355],[640,-213],[660,129],[140,-49],[117,-553],[-82,-340],[-462,-541],[-439,-1049],[-411,-511],[-734,-267],[-582,-50],[-698,-432],[-498,-514],[-179,-694],[-248,-565],[15,-427],[140,-271],[-27,-183],[-124,-362],[-330,-454],[-125,-568],[-384,-252],[-334,-427],[-62,-595],[-171,-367],[70,-453],[-260,-748],[66,-313],[-89,-72],[-183,57],[-62,-95],[-182,-1114],[-113,-157],[54,-309],[-248,-160],[19,-251],[-664,-462],[-260,-515],[-780,-824],[70,-324],[-86,-179],[-850,-397],[-625,-160],[-241,-214],[-291,-34],[-376,-218],[-226,-385],[74,-255],[-136,-359],[-633,-477],[-399,-80],[-233,-477],[-171,-76],[-466,103],[-338,-76],[-373,152],[-365,31],[-124,95],[35,294],[-574,545],[-175,130],[-633,187],[-388,709],[-594,534],[-70,233],[159,580],[-128,416],[-194,103],[-222,-191],[-116,-8],[-4,454],[-113,46],[-240,-141],[-156,351],[-512,507],[-229,427],[-493,199],[-74,286],[-245,-88],[-104,46],[-82,404],[-132,191],[-62,751],[-485,401],[-462,629],[-730,187],[-664,271],[-575,370],[-1265,392],[-469,-73],[-920,-470],[-948,-81],[-700,-470],[-322,-380],[-266,-1121],[-470,-633],[-515,-958],[-120,-489],[111,-361],[478,-290],[610,-621],[27,-431],[-761,-967],[34,-197],[409,-183],[276,0],[727,-256],[905,-435],[269,-309],[185,-662],[561,-301],[295,-45],[208,-413],[242,48],[254,361],[572,15],[337,179],[681,-34],[208,-257],[617,-11],[262,-215],[174,18],[322,301],[204,-11],[223,-93],[57,-193],[159,-123],[447,-59],[155,-391],[284,-41],[87,-141],[-19,-387],[227,-283],[281,-41],[200,-223],[591,-22],[151,22],[125,138],[53,617],[239,49],[64,178],[193,101],[174,346],[201,100],[114,208],[147,60],[129,-52],[151,201],[137,22],[144,-220],[249,79],[129,-172],[477,-238],[500,-825],[113,-458],[334,-56],[162,-171],[31,-182],[-144,-119],[-223,15],[-277,-104],[-64,82],[26,271],[-83,48],[-257,-327],[83,-342],[-303,-722],[-68,-576],[-125,-309],[484,-457],[38,-190],[-34,-104],[-155,-45],[-235,142],[-193,-372],[-431,-328],[0,-788],[-201,-290],[-27,-186],[91,-134],[163,-30],[61,-179],[-65,-152],[-321,-193],[-163,-651],[-296,-220],[72,-349]],[[2138395,3171983],[-241,171],[-292,484],[-280,165],[-255,278],[-290,120],[-365,27],[-564,-378],[-567,55],[-426,-231],[-414,-3],[-626,262],[-782,99],[-189,-35],[-283,-193],[-224,3],[-313,377],[-369,38],[52,447],[-81,548],[-120,75],[-480,8],[-489,559],[-898,42],[-336,-159],[-662,123],[-584,-159],[-321,-1],[-503,157],[-302,186],[-307,37],[-320,234],[-1222,214],[-339,184],[-209,363],[-135,93],[-509,-45],[-247,220],[-216,-39],[-2470,535],[-202,-50],[-535,-361],[-360,76],[-647,-88],[-678,-484],[-549,-84],[-466,113],[-330,-225],[-928,-45],[-412,-280],[-161,-472],[-190,-165],[-424,-20],[-264,-219],[-752,-42],[-89,-561],[-371,-325]],[[2113859,3173612],[-215,177],[-114,596],[-316,626],[239,1057],[-395,504],[-107,322],[93,252],[684,336],[227,336],[-355,452],[-382,236],[-74,1039],[-108,286],[127,402],[568,414],[144,382],[-129,196],[-548,171],[-171,170],[1,278],[176,336],[-359,444],[-113,762],[59,271],[342,650],[-152,1444],[161,222],[466,81],[204,225],[-152,2018],[-397,821],[74,224],[285,285],[13,653],[153,962],[27,1386],[132,487],[-87,484],[91,1379],[200,770]],[[2114151,3195748],[-44,484],[-206,448],[43,619],[-328,217],[-38,122],[123,328],[498,257],[125,809],[-127,124],[-236,12],[-608,-172],[-149,29],[-103,484],[-575,546],[-90,252],[-8,605],[-277,366],[-35,558],[-161,162],[-307,112],[-292,473],[-476,373],[-342,546],[-76,960],[163,459],[-108,647],[135,234],[625,-212],[337,288],[224,60],[-100,204],[65,243],[-43,529],[352,306],[527,-105],[451,118],[60,-420],[195,-86],[100,81],[-81,439],[-435,636],[-361,348],[-19,137],[304,619],[388,60],[-95,594],[131,238],[241,196],[177,468],[290,223],[411,31],[254,130],[199,416],[447,258],[182,347],[-3,396],[191,862],[-35,155],[-368,460],[-77,465],[107,230],[278,169],[190,245],[53,1170],[282,425],[64,815],[-220,791],[264,708],[16,279],[-100,295],[96,162],[-404,59],[-213,452],[-4,370],[-204,480],[-432,453],[-741,15],[-521,323],[-140,-55],[-104,-390],[-196,-51],[-165,130],[-184,409],[-468,-55],[100,618],[-321,193],[-52,248],[449,664],[-72,418],[240,-32],[320,-307],[141,24],[40,173],[-89,665],[-152,67],[-340,-169],[-609,35],[-172,334],[-409,170],[-312,842],[-188,27],[-308,-193],[-213,47],[-456,614],[-68,488],[-221,142],[301,236],[380,1184],[385,516],[132,66],[-208,720],[252,323],[280,106],[-36,201],[-216,307],[228,464],[-228,311],[-20,177],[136,118],[-104,362],[-88,83],[-261,31],[-184,602],[-148,114],[-124,268],[-369,106],[-272,669],[-112,-24],[-184,-244],[-585,244],[-220,-23],[-293,-280],[-368,-35],[-427,78],[-110,150],[64,118],[-36,181],[-304,488],[68,185],[268,271],[33,193],[-133,99],[-200,-296],[-428,225],[-113,-284],[-108,-63],[-676,382],[-313,-271],[-781,307],[-112,-288],[-284,40],[-16,-398],[-245,-102],[-128,-146],[-228,205],[60,330],[-75,134],[-181,-67],[-68,-452],[-257,138],[-80,118],[-44,665],[-112,110],[-312,-138],[-377,4],[-28,-374],[-240,-55],[-674,95],[-106,788],[-126,184],[-464,-207],[-778,82],[-351,-245],[-220,-1],[-194,240],[35,265],[284,318],[282,709],[-169,93],[-557,-51],[-821,162],[-308,-4],[-198,-184],[47,-396],[-66,-78],[-281,41],[-724,-455],[0,-373],[-331,-165],[-343,-636],[-367,-9],[-214,-110],[-99,-612],[178,-254],[-72,-82],[-127,-9],[-417,244],[-374,-212],[-543,65],[-442,-257],[-196,-327],[-124,-5],[-200,162],[-322,51],[-221,-51],[-122,-211],[-216,9],[-465,350],[-239,475],[-70,405],[230,184],[-13,193],[-543,152],[-411,-26],[-306,216],[-1001,-115],[-326,-184],[-287,-41],[-563,120],[-474,-73],[-509,189],[-295,-97],[-334,1],[-892,-759],[-539,-46],[-374,92],[-502,492],[-544,154],[-937,-258],[-235,-377],[-135,-32],[-469,345],[-164,369],[-235,32],[-218,-422],[-713,15],[-378,-89],[-153,-351],[-70,-738],[-419,-366],[-280,-787],[25,-541],[-197,-734],[-2,-300],[-287,-326],[-1140,-210],[18,-334],[-200,-785],[47,-166],[-116,-124],[-171,15],[-8,302],[-77,53],[-208,-45],[-348,198],[-138,407],[-1585,353],[-510,-69],[-202,-225],[105,-166],[-104,-78],[-172,-6],[-35,94],[-302,-173],[-316,69],[-386,-54],[-44,-276],[-128,-79],[-240,310],[-280,99],[-111,-131],[-1130,12],[-142,-67],[-26,-104],[-175,3],[-231,356],[-806,82],[-547,440],[-319,-78],[-100,-243],[-107,27],[-426,-313],[-1014,303],[-168,-209],[-146,-47],[-422,-73],[-904,13],[-42,-39],[134,-180],[-144,-138],[-635,112],[-160,-63],[-53,75],[-635,129],[-315,-337],[-215,410],[35,143],[314,211],[36,185],[-100,230],[-228,202],[-865,382],[-257,-104],[-195,-190],[-477,195],[-121,-55],[-101,-208],[-649,-79],[-256,-244],[132,-203],[-41,-438],[-242,26],[-14,133],[-67,5],[-24,-301],[-249,-48],[-183,-251],[-288,-77],[-93,-175],[-102,150],[-14,381],[-74,190],[-105,-4],[-2,158],[-200,2],[-108,221],[-431,160],[23,737],[-432,-1],[-377,-174],[-40,-302],[-302,-435],[-190,-98],[-135,76],[-72,-65],[-162,121],[-379,-91],[-144,240],[-559,3],[-276,-117],[-327,-408],[-343,-124],[-219,-183],[-555,58],[-45,-146],[112,-399],[-34,-257],[-96,-110],[-701,-275],[-80,-228],[4,-128],[107,-99],[259,-40],[56,-321],[-65,-215],[-108,-165],[-196,-105],[-281,14],[-284,-455],[159,-469],[-115,-34],[-161,-216],[-367,2],[-122,77],[-158,-42],[-252,121],[-262,-44],[-82,115],[-319,102],[-88,-64],[128,-386],[-57,-228],[-625,-172],[-220,-240],[-3734,-1187],[-105,33],[-189,89],[39,258],[187,312],[-41,224],[-153,163],[162,192],[-39,356],[610,358],[-150,128],[-54,267],[-280,53],[-232,193],[101,859],[-42,282],[-437,32],[-135,-68],[-281,77],[-252,429],[-156,54],[87,183],[-127,55],[-71,182],[-236,127],[-964,-313],[-291,126],[-21,208],[-195,42],[-126,375],[267,443],[-1,124],[-231,179],[-305,768],[-447,100],[-68,146],[116,234],[-25,798],[153,275],[-265,482],[-60,1053],[-627,493],[232,341],[-79,140],[-151,-3],[-177,350],[55,499],[-148,98],[-121,248],[-389,28],[-90,92],[85,512],[-49,339],[211,102],[97,294],[-8,695],[-601,330],[16,319],[-178,388],[-404,352],[-525,191],[-258,219],[-607,1765],[-854,968],[129,307],[523,410],[-25,238],[-532,376],[-484,52],[-146,91],[-29,357],[-402,1029],[176,337],[-4,240],[-96,170],[-341,131],[-452,483],[168,537],[595,190],[-116,178],[37,191],[205,95],[723,79],[64,102],[-34,304],[-321,313],[-73,220],[343,134],[99,107],[13,198],[-112,114],[-263,8],[-329,251],[65,611],[415,1293],[-394,620],[63,555],[120,315],[277,388],[0,318],[315,-6],[-335,754],[481,205],[73,218],[-126,402],[-186,244],[96,238],[-81,264],[855,263],[-446,105],[-217,154]],[[1823706,2961441],[-354,278],[246,306],[-16,132],[-181,155],[-16,287],[-499,245],[-296,320],[-75,303],[-554,534],[-216,70],[-183,-78],[-121,87],[-159,-26],[-140,-95],[-103,-209],[-343,-88],[-152,-203],[-448,252],[-209,-52],[-61,64],[90,266],[-95,49],[16,313],[-343,-52],[-96,199],[-219,114],[77,216],[-91,76],[52,176],[239,167],[-78,122],[-472,10],[-17,122],[-184,195],[-218,51],[-38,101],[-73,-119],[-203,-3],[-82,197],[-219,-37],[-57,153],[-267,-77],[-37,109],[-133,60],[-313,-117],[-373,97],[-281,-161],[-304,87],[-169,202],[-511,69],[-130,-125],[-102,122],[-104,4],[-135,-77],[-83,245],[-228,123],[-19,92],[-127,-13],[57,136],[-110,656],[41,856],[452,851],[140,813],[9,140],[-227,512]],[[1849188,3014685],[39,-149],[331,-384],[-56,-474],[-171,-255],[-159,-481],[60,-615],[-173,-490],[408,-87],[77,-83],[353,-497],[36,-283],[-139,-129],[-355,-123],[-523,-541],[152,-105],[30,-293],[211,-244],[167,-378],[-36,-115],[127,-124],[-17,-96],[-219,-148],[13,-396],[183,-811],[-139,-678],[136,-321],[-57,-390],[201,-157],[-176,-228],[72,-600],[-211,-214],[225,-549],[178,-37],[98,-264],[-117,-127],[-309,-96],[-30,-201],[157,-330],[-29,-129],[-581,-891],[320,-327],[663,-452],[32,132],[-81,161],[138,146],[-87,581],[207,338],[31,557],[326,208],[396,-497],[136,115],[923,-373],[434,-81],[699,-570],[-43,-688],[779,-54],[246,-238],[80,-519],[120,-145],[-701,-294],[-141,-310],[-1028,-701],[-572,-183],[-236,-431],[464,-143],[422,-377],[359,-150],[994,-110],[194,-467],[335,-231],[793,-136],[172,-626],[400,-293],[192,-255],[131,-689],[301,-250],[203,-293],[341,-202],[188,-316],[64,-421],[361,-287],[101,-179],[300,-780],[85,-558],[-245,-612],[-224,-57],[-176,-336],[-589,-428],[-187,-525],[-95,-77],[655,-289],[711,-2],[252,-384],[132,-315],[-545,-588],[-85,-248],[-137,38],[-97,-76],[-173,-352],[55,-288],[198,-367],[220,-38],[73,132],[159,-62],[54,-230],[-90,-190],[314,11],[245,-122],[-92,-245]],[[1877612,3036325],[231,-66],[-15,-128],[117,-60],[81,483],[194,146],[411,-224],[403,157],[604,41],[366,-169],[376,-402],[-211,-482],[90,-246],[562,-139],[176,-183],[137,-12],[493,194],[472,-29],[639,195],[402,451],[557,126],[421,261],[1122,-123],[734,460],[259,-47],[141,69],[214,-125],[353,127],[281,-26],[-20,-418],[116,-26],[258,161],[509,-224],[91,-92],[4,-311],[237,-197],[-66,-64],[-96,47],[-7,-135],[-234,-120],[-297,-384],[274,-297],[-98,-51],[1,-99],[178,-630],[444,-152],[591,220],[165,-86],[393,468],[24,234],[90,104],[139,-29],[330,195],[574,-114],[88,29],[43,139],[434,-103],[141,-425],[258,-235],[416,-1],[42,169],[215,-183],[544,12]],[[1763585,3276975],[800,-1398],[127,-579],[257,-246],[32,-484],[349,33],[360,-460],[373,-64],[-21,-214],[582,-301],[-33,-78],[-149,-8],[0,-66],[292,-469],[-24,-82],[-199,-90],[177,-156],[-1,-380],[139,-162],[-256,-356],[11,-445],[-218,-555],[8,-363],[-277,-169],[431,-262],[-341,-448],[32,-299],[-181,-178],[-9,-344],[-158,-376],[37,-67],[68,101],[63,-36],[-94,-333],[52,-276],[-84,-21],[155,-634],[-20,-274],[-221,-41],[-44,-89],[462,-528],[726,-117],[212,-175],[7,-383],[307,-401],[-74,-727],[154,-437],[-217,-356],[390,-143],[44,-241],[181,-26],[337,-250],[91,-396],[208,-285],[5,-269],[74,-78],[207,-5],[88,-103],[-239,-211],[5,-236],[195,-508],[303,-9],[-37,-184],[216,-218],[51,-364],[177,-299],[-17,-815],[309,-580],[-49,-361],[330,-224],[7,-511],[331,-57],[93,-126],[-28,-333],[200,-517],[-236,-476],[-5,-254],[188,-551],[-321,-461],[265,-214],[-93,-626],[260,-296],[-93,-397],[-46,-1079],[297,-385],[19,-402],[85,-190],[530,-269],[60,-104],[-77,-592],[297,-558],[-16,-431],[98,-118],[-68,-120],[195,-273],[-91,-314],[165,-252],[-9,-168],[-476,-307],[-155,-233],[5,-207],[274,-467],[-43,-146],[-271,-76],[-53,-114],[278,-1141],[-48,-492],[99,-189],[-72,-110],[139,-171],[-181,-299],[203,-294],[232,-150],[294,-23],[51,-241],[248,-183],[-738,-376],[61,-354],[-283,10],[158,-339],[313,-238],[31,-332],[-603,-1081],[-126,-481],[48,-80],[405,2],[67,-336],[-204,-642],[308,-359],[336,-65]],[[1772350,3237789],[275,-404],[-94,-284],[-355,-233],[-21,-239],[132,-256],[376,-124],[59,-184],[-229,-123],[-439,-55],[-87,-92],[28,-175],[-215,-198],[-124,-18],[-289,158],[-94,-131],[134,-158],[324,-30],[173,-153],[5,-87],[-440,-123],[-78,-163],[272,-496],[290,-169],[-51,-229],[132,-142],[-153,-276],[241,-259],[-316,-404],[-95,-553],[-120,-202],[63,-386],[-114,-166],[79,-199],[612,-702],[23,-221],[-157,-271],[-805,-518],[-391,-432],[-46,-269],[60,-648],[-153,-422],[2,-439],[-359,-364],[-11,-315],[-297,-191],[-3,-404],[-917,-853],[42,-361],[-309,-195],[-319,-79],[-217,-278],[-78,-525],[-335,-361],[-118,-245],[10,-404],[306,-653],[-16,-656],[122,-133],[-669,-648],[97,-153],[363,27],[139,-129],[-148,-574],[-592,-480],[76,-251],[-156,-145],[-13,-153],[169,-520],[-114,-42],[-302,118],[-301,-128],[-87,247],[-274,-85],[-209,-268],[6,-112],[159,-140],[-55,-135],[-152,-120],[-80,-267],[-213,-63],[-169,-263],[76,-95],[130,28],[71,-72],[-17,-167],[-184,-164],[14,-91],[210,-150],[-26,-625],[370,-375],[-212,-153],[51,-349],[-274,-139],[40,-167],[-85,-139],[85,-105],[14,-250],[311,-247],[56,-153],[-53,-161],[-365,-289],[-9,-102],[427,-128],[85,-192],[232,-102],[53,-492],[-302,-455],[-622,-494],[159,-172],[-91,-278],[113,-260],[-478,-103],[294,-265],[0,-83],[-409,36],[-40,-191],[-236,-166],[239,-190],[-84,-130],[48,-199],[-223,-27],[-118,-128],[-67,-326],[-174,-157],[250,-33],[149,-174],[213,-77],[105,-221],[199,-23],[6,-165],[168,-172],[-255,-254],[19,-400],[68,-79],[-376,-267],[-360,60],[-49,-195],[131,-311],[179,-149],[-97,-153],[433,-1032],[289,-161],[341,-400],[281,-60],[29,-133],[156,-104],[167,-329],[194,-176],[71,-369],[147,-240],[-289,-545],[-137,-44],[86,-174],[-112,-212],[-566,-829],[-251,-223],[-376,-122],[-125,-264],[-313,-271],[-184,-411],[-269,-149],[37,-324],[-306,-140],[-462,-829],[13,-974]],[[1739025,2956209],[-971,-1619],[-681,-1341],[-488,-1563],[48,-804]],[[1736933,2950882],[-378,-174],[-196,-213],[-131,-292],[-20,-410],[-199,-388],[-880,-370],[-318,-243],[-88,-283],[130,-1446],[-39,-489],[-299,-630],[-372,-468],[-519,-178],[-1048,-61],[-1073,224],[-442,-236],[-578,-102],[-539,-840],[-474,-140],[-254,-201],[-238,-1039],[-602,-931]],[[1665718,2969844],[314,213],[354,448],[597,375],[521,219],[427,412],[331,204],[132,181],[77,483],[312,535],[306,347],[700,487],[116,1084],[-492,524],[-81,521],[274,227],[627,316],[366,318],[610,748],[436,884],[437,133],[800,-10],[153,-149],[220,-479],[272,-229],[484,72],[549,-27],[526,207],[617,757],[450,343],[733,317],[1146,268],[-217,515],[4,366],[-264,325],[-58,285],[-532,619],[-76,188],[10,331],[-154,666],[526,884],[1426,307],[636,-101],[563,-135],[183,-348],[306,-331],[664,-287],[387,55],[372,215],[571,13],[332,133],[599,-140],[407,77],[661,-66],[729,139],[297,-116],[310,-293],[439,64],[670,535],[264,448],[709,178],[305,534],[669,-49],[91,59],[239,556],[1007,117],[378,154],[-5,310],[-363,686],[1042,895],[536,796],[334,306],[739,490],[543,245],[614,-65],[578,139],[289,-181]],[[1772350,3237789],[252,192],[628,265],[835,98],[201,154],[328,22],[484,267],[466,52],[149,191],[141,27],[24,129],[332,-1],[481,363],[487,-31],[337,88],[210,-57],[386,153],[391,-94],[157,35],[206,-139],[290,-38],[443,133],[556,40],[658,-265],[291,132],[370,357],[113,496],[95,48],[266,-57],[318,325],[27,252],[477,836],[349,837],[165,129],[364,548],[996,513],[168,159],[484,1220],[1081,790],[143,246],[677,228],[638,774],[456,354],[40,207],[230,248],[151,337],[447,371],[237,97],[63,336],[1341,1574],[540,1078],[508,643],[672,2232],[196,304],[84,327],[385,399],[117,561],[556,906],[23,439],[-136,402],[133,669],[193,487],[-42,460],[130,201],[178,732],[401,745],[58,296],[-172,1054],[70,1052],[231,521],[133,761],[238,38],[237,258],[57,261],[244,267],[134,753],[-375,101],[-461,523]],[[1795111,3267200],[586,22],[241,-82],[396,-218],[2,-171],[387,-357],[220,-998],[325,-476],[150,-643],[345,-288],[278,-1130],[288,-337],[263,-134],[327,-725],[300,-55],[286,-201],[310,84],[438,-103],[896,330],[479,-14],[483,151],[156,-57],[572,172],[189,13],[369,-211],[105,-160],[235,-89],[98,-265],[-176,-389],[850,-512],[210,63],[486,-383],[399,-4],[160,-84],[-69,-415],[367,-186],[221,-771],[135,-219],[241,-128],[225,-445],[251,-159],[398,-768],[647,-180],[204,-131],[53,-485],[196,-475],[-47,-539],[225,-581],[334,-75],[772,-529],[526,214],[221,-105],[78,-142],[-259,-413],[59,-295],[221,-342],[182,-5],[27,-138],[426,-129],[77,-219],[286,-355],[-10,-333],[90,-175],[-94,-612],[294,-243],[-100,-278],[-195,-241],[178,-185],[18,-653],[352,-186],[39,-177],[-305,-502],[-114,-687],[-437,-579],[-110,-461],[87,-175],[-10,-219],[260,-113],[150,-463],[89,-1003],[-69,-516],[273,-154],[121,-349],[442,-183],[708,-1212],[1201,-599],[405,-353],[324,-601],[-13,-409],[504,-289],[172,-193],[49,-828],[-117,-511],[357,-952],[46,-478],[147,-285],[596,-603],[147,-272],[81,-441],[448,-697],[438,-221],[302,-284],[4,-1274],[678,-793],[267,-819],[80,-777],[376,-276],[-54,-573],[-90,-75],[-82,-470],[7,-311],[-82,-126],[67,-696]],[[1819676,3228029],[-672,182],[-330,-83],[-157,-294],[1,-262],[-172,-521],[-319,-263],[-61,-417],[75,-358],[-75,-62],[-736,-22],[-126,-152],[-42,-330],[-304,-107],[-312,-573],[-402,-173],[-190,-437],[-478,-65],[-182,-128],[-66,-183],[-184,-24],[-52,-202],[-405,-84],[-484,-344],[17,-245],[-138,-168],[80,-236],[-116,-229],[76,-222],[-66,-136],[164,-232],[-287,-360],[-47,-354],[-167,-166],[76,-118],[-127,-69],[-79,80],[-197,-48],[-209,-132],[-663,-639],[-54,-269],[-398,-307],[40,-111],[-59,-48],[-151,43],[0,189],[-208,-33],[-374,90],[-81,142],[-224,-25],[-179,304],[-394,270],[-234,25],[-96,216],[-171,51],[-83,120],[-355,-22],[-209,163],[-303,-237],[-246,-63],[-167,68],[-128,-91],[-286,113],[-54,-165],[-158,-91],[-336,-71],[-105,95],[-128,-8],[-152,-123],[-76,84],[-113,-80],[13,-99],[-135,74],[-60,-111],[-254,196],[-193,-92],[-110,385],[-542,256],[-70,-19],[-1,-130],[-160,140],[-126,-76],[-222,60],[-115,-90],[-68,135],[-125,-160],[-73,63],[-187,-23],[-211,229],[-121,24],[-114,-213],[-172,83],[-96,-135],[-155,94],[-169,-51],[-90,174],[-87,-31],[-368,188],[-311,-34],[-75,114],[-302,-69],[-212,254],[-105,-34],[-208,318],[-364,-49],[-324,224],[-624,-68],[-48,-160],[-269,-206]],[[1799985,3221243],[-179,241],[100,341],[-33,309],[-210,166],[-107,280],[-383,237],[5,292],[-189,486],[170,351],[-93,395],[-239,317],[-236,103],[-170,260],[-202,102],[-249,-40],[-148,120],[-516,117],[-281,372],[-566,392],[-270,97],[-217,-37],[-237,152],[-381,-36],[-422,-249],[-141,-113],[-211,-394],[-906,-671],[-1350,-535],[-434,14],[-599,-135],[-7607,2143],[-365,-286],[-109,-366],[-230,-176],[104,-273],[-85,-241],[134,-78],[18,-185],[-654,-614],[-158,-971],[-438,-398],[-526,291],[-660,35],[-419,278],[-934,400],[-629,-950],[-414,-259],[-320,-576],[-443,-466],[-622,-1744],[-186,-176],[-18,-746],[-176,-546],[-154,-1778],[-180,-373],[-42,-597],[-123,-311],[-404,-568],[-15,-197],[-34,-1424],[418,-694],[179,-1203],[-197,-2229],[-106,-234],[-330,-230],[-1092,-376],[-543,-482],[-144,-489],[-249,-1786],[-132,-235],[-503,-249],[-63,-128],[-48,-910],[207,-629],[-88,-380]],[[2043658,2999447],[-150,-250],[-13,-831],[-224,-512],[-85,-821],[-251,-487],[13,-2188],[-333,-1038],[-890,-699],[-523,-242],[-726,-1115],[-775,-717],[-1063,-659],[-1182,-558],[-1021,-961],[-719,-372],[-429,-361],[-667,-272],[-267,109],[-300,-54],[-791,257],[-447,31],[-1098,-139],[-698,-286],[-544,-72],[-178,10],[-261,153],[-762,139],[-517,-149],[-1506,-882],[-644,-152],[-329,22],[-1335,542],[-303,45],[-949,798],[-276,135],[-305,4],[-229,-114],[-172,-213],[-75,-206],[-49,-910],[-367,-817],[-311,-595],[-688,-836],[-722,-249],[-1188,144],[-699,0],[-562,-397],[-952,-512],[-510,-390],[-2139,-967],[-686,-527],[-639,353],[109,498],[-290,436],[-86,338],[191,434],[-319,215],[269,447],[15,313],[-134,129],[-310,63],[-94,94],[-64,729],[-248,536],[-68,712],[-301,848],[-210,192],[-172,-54],[-161,-393],[-181,-114],[-120,49],[-56,242],[-106,63],[-797,-51],[-107,179],[-10,588],[-107,540],[-162,366],[-304,-61],[-565,115],[-526,295],[-374,74],[-165,278],[-240,122],[-177,-310],[-230,149],[-355,629],[-295,1447],[-29,445],[79,266],[-178,381],[87,298],[-149,467],[26,334],[-311,213],[-213,252],[-113,404],[-191,86],[-370,458],[-351,88],[-467,279],[-73,413],[-435,415],[-38,370],[-170,237],[61,187],[-439,513],[-849,-116],[-340,117],[-245,-10],[-542,255],[-388,38],[-372,278],[-281,370],[-614,69],[-182,204],[-279,130],[15,128],[-239,158],[-133,-2],[-240,331],[-271,9],[-229,333],[-331,43],[-78,58],[-37,226],[-313,264],[-427,-27],[-659,103],[-299,-211],[-398,83],[-236,-32],[-409,613],[-268,47],[-158,143],[-63,273],[-284,-102],[-1384,270],[-746,667],[-807,511],[-944,296],[-137,181],[-129,40],[35,324],[-180,167],[-250,26],[-146,-82],[-522,179],[-186,-30],[-124,204],[-420,214],[-121,166],[-776,192],[-722,49],[-338,211],[-655,53],[-187,-68],[-76,-239],[-500,-251],[-223,-600],[-415,-287],[-297,-393],[-920,-199],[-1156,313],[-298,341],[-583,135],[-119,518],[-223,124],[-167,281],[-209,134],[-261,-77],[-757,-451],[-250,-457],[-207,-173],[-853,-165],[-422,147],[-213,-78],[-127,154],[-251,73],[-532,404],[-495,88],[-298,319],[-470,166],[-244,6],[-73,313],[68,213],[-135,236],[-458,216],[-480,41],[-150,-72],[-491,269],[-532,-149],[-449,177],[-476,-208]],[[1954969,3037131],[801,-280],[671,265],[1347,173],[353,356],[199,87],[622,30],[208,-139],[230,-620],[-93,-191],[-380,-260],[-44,-347],[675,-473],[248,-716],[428,-555],[477,-933],[225,-672],[128,-733],[283,-720],[512,-421],[1550,-486],[1889,-147],[1634,17],[1545,508],[751,381],[1227,347],[804,83],[561,-165],[318,-213],[295,-581],[49,-867],[199,-144],[624,512],[253,419],[621,473],[710,759],[1174,438],[499,734],[715,323],[880,632],[64,156],[-124,268],[39,202],[-120,217],[180,498],[-32,220],[307,364],[224,108],[-7,503],[255,320],[-55,170],[130,714],[-114,516],[127,307],[-123,408],[148,249],[19,447],[227,493],[-70,359],[377,168],[-35,423],[393,655],[-22,519],[84,244],[164,253],[283,213],[651,935],[0,181],[-185,302],[52,183],[563,316],[644,647],[43,-64],[-77,-177],[248,-263],[128,-534],[345,-380],[210,-386],[279,-172],[326,15],[151,-73],[186,-518],[299,-55],[-80,-200],[54,-132],[188,-42],[413,146],[201,-38],[180,-482],[484,-361],[493,-648],[512,448],[939,372],[344,-85],[324,87],[266,-23],[787,-264],[567,-21],[672,140],[560,-153],[976,317],[903,-476],[285,28],[267,229],[168,317],[-320,480],[-65,397],[-788,486],[-1653,632],[-591,317],[-304,354],[-55,284],[66,209],[1905,562],[765,284],[152,149],[132,-30],[106,-273],[709,453],[309,64],[163,-15],[304,-254],[359,-39],[340,-189],[258,-30],[219,110],[272,430],[274,967],[313,167],[1265,-83],[300,333],[306,70],[1004,-192],[1050,77],[613,-96],[756,102],[333,-77],[1151,-29],[3492,-689],[759,4],[1002,245],[454,-278],[290,-50],[591,710],[429,173],[513,-33],[954,-364],[869,-183],[345,212],[499,595],[477,54],[491,-87],[279,-155],[-209,-291],[-55,-436],[-170,-204],[61,-204],[333,-256],[597,178],[1826,1672],[47,244],[-104,314],[227,461],[-144,644],[-609,856],[-41,248],[150,568],[-67,177],[-728,730],[-340,623],[-593,553],[-377,486],[-528,251],[70,1091],[367,107],[872,1247],[-50,1207],[80,507],[267,107],[218,-29],[1200,204],[416,-156],[387,-399],[456,-127],[178,59],[80,117],[267,837],[119,127],[555,224],[495,410],[128,6],[255,-154],[860,81],[522,286],[344,335],[151,12],[148,-105],[161,-481],[489,-184],[457,-469],[709,415],[234,0],[508,-223],[356,137],[129,146],[886,310],[290,273],[210,78],[229,-107],[267,-314],[774,-4],[116,-59],[1649,-1793],[325,-195],[28,302],[-105,578],[185,150],[525,135],[511,534],[231,45],[347,783],[498,844],[-26,574],[444,236],[225,1013],[754,399],[544,24],[506,-150],[190,16],[407,492],[278,144],[86,297],[326,340],[254,84],[450,331],[311,55],[192,232],[431,165],[276,-55],[658,258],[402,423],[1033,573],[173,263]],[[2040518,3067112],[836,-640],[292,-429],[954,-605],[1191,-1132],[1532,-1275],[725,-774],[515,-126],[1810,-1065],[1120,-488],[430,-308],[357,-404],[428,-170]],[[2035831,2947491],[-186,-277],[-392,-102],[-128,-551],[-955,-459],[-313,-772],[-297,-370],[-227,-678],[-538,-999],[-25,-235],[96,-226],[188,-153],[690,-184],[51,-308],[-195,-262],[-598,-249],[-525,-426],[-248,-1807],[-504,-473],[-126,-233],[87,-294],[366,-208],[690,-720],[-33,-202],[-379,-229],[-12,-184],[62,-110],[268,-140],[-129,-310],[57,-153],[386,-88],[150,-117],[-2,-210],[-320,-424],[-18,-207],[326,-424],[260,-145],[37,-153],[-539,-272],[-305,-465],[-582,-448],[-290,-614],[-660,-478],[-340,34],[-224,229],[-154,487],[95,606],[-122,145],[-125,5],[-213,-270],[-74,-749],[-131,-328],[-380,-315],[-439,-116],[-110,-112],[62,-1886],[-71,-434],[-158,-368],[171,-312],[361,-301],[425,-1047],[35,-458],[-388,-499],[-930,-506],[-893,-250],[-1000,-772],[-356,-62],[-245,321],[-199,28],[-249,-661],[-970,-197],[-28,-204],[-636,-693],[-91,-554],[-300,-406],[-170,-976],[-208,-587],[-558,-758],[-809,-523],[-228,-516],[-202,-49],[-350,147],[-845,515],[-226,357],[-513,104],[-544,442],[-1493,509],[-650,915],[-769,416],[-900,762],[-207,41],[-304,-92],[-434,-252],[-188,-363],[-136,-106],[-455,6],[-230,-198],[84,-739],[-320,-587],[-238,-112],[-885,65],[-776,-418],[-62,-909],[-332,-421],[-111,-400],[-334,-289],[42,-145],[563,-412],[18,-114],[-230,-387],[38,-322],[-597,-522],[-340,163],[-120,-26],[-18,-165],[286,-271],[22,-206],[-374,-297],[-180,-249],[54,-611],[258,-135],[-300,-711],[-28,-320],[532,-316],[8,-244],[-146,-379],[-142,-151],[-470,-27],[-257,-189],[-212,-616],[-166,-1019],[-204,-360],[118,-290],[-28,-197],[-128,-116],[-396,6],[-373,-337],[-446,-1210],[-160,-734],[-458,-476],[-270,-432],[-685,-117],[-688,-1092],[-197,10],[-322,318],[-134,16],[-360,-213],[-552,-188],[-1313,-155],[-625,-344],[-354,-377],[-314,-200],[-675,-141],[-676,53],[-484,-218],[-375,-456],[-394,-130],[-78,-92],[180,-245],[128,-448],[-50,-130],[-399,-246],[-556,166],[-208,-266],[-460,-157],[-16,-343],[-93,-90],[-413,220],[-207,-22],[-96,-125],[22,-472],[-130,-136],[-362,36],[-180,-147],[-508,-103],[-314,173],[-387,489],[-144,94],[-234,2],[-436,-373],[246,-384],[-162,-317],[-264,144],[-266,-19],[-323,-433],[-394,138],[-303,-220],[-453,204],[-306,15],[-324,-270],[-287,-462],[-361,-92],[-125,58],[-133,-192],[-811,-53],[-460,-237],[-288,44],[-311,-210],[-322,73],[-242,180],[-245,-92],[-143,79],[-232,-69],[-176,196],[-231,45],[-120,-150],[-258,-40],[-258,76],[-274,-58],[-411,-558],[-740,-62],[-471,28],[-519,190],[-476,-50],[-301,259],[-261,67],[-206,-45],[-343,-498],[-335,-3],[-362,-166],[-148,-477],[-541,-518],[-478,-212],[-1372,-953],[-344,-13],[-506,-161],[-970,117],[-744,244],[-1582,341],[-226,182],[65,341],[-43,542],[357,636],[-93,489],[243,469],[-25,547],[171,519],[396,548],[345,327],[1159,849],[795,730],[847,2159],[396,561],[248,741],[391,577],[239,804],[362,297],[247,557],[703,849],[-349,1654],[-9,1510],[337,586],[4,465],[170,850],[265,493],[622,499],[737,757],[498,1046],[609,837],[-89,821],[-188,284],[103,369],[8,1050],[-179,561],[34,887],[-157,737],[221,787],[-42,561],[-218,355],[-1465,1059],[-247,959],[55,301],[366,561],[618,540],[460,263],[94,327],[98,1310],[247,582],[-72,209],[-222,188],[-703,373],[-145,209],[-242,753],[-979,973],[-159,609],[128,712],[-56,297],[-502,364],[-716,209],[-123,109],[-175,205],[-260,699],[60,887],[-68,875],[183,586],[-115,871],[302,1322],[-81,318],[-571,626],[-583,290],[-171,713],[-237,372],[-1868,879],[-411,605],[-889,652],[-268,96],[-643,11]],[[1969449,2968583],[283,-257],[16,-460],[-155,-74],[-522,-23],[-258,-216],[56,-157],[238,-92],[198,-207],[-18,-183],[-126,-161],[16,-441],[-312,-414],[75,-428],[148,-134],[76,-467],[-167,-197],[-49,-210],[58,-140],[459,-513],[449,-225],[1261,-263],[534,-825],[-56,-462],[158,-86],[295,21],[345,-203],[81,-464],[291,-519],[275,-310],[410,5],[274,182],[235,-75],[215,-309],[282,-192],[94,-538],[222,16],[263,144],[541,30],[494,-398],[103,-202],[310,-163],[246,-306],[232,-712],[-26,-334],[-215,-586],[648,-1363],[90,-116],[336,-93],[61,-90],[101,-507],[1016,-756],[412,-537],[843,-862],[260,-87],[1109,-74],[522,-354],[828,-271],[1333,-682],[111,-176],[-5,-290],[192,-271],[488,-279],[266,-387],[543,-281],[29,-445],[248,-445],[-98,-307],[72,-305],[370,-422],[249,-524],[129,-105],[755,-250],[1162,246],[74,-542],[103,-155],[236,-42],[544,79],[403,-140],[104,-89],[148,-401],[735,-427],[345,-291],[438,-252],[884,-303],[703,-466],[1065,-373],[312,23],[476,453],[476,256],[672,62],[796,824],[705,561],[56,267],[355,490],[334,708],[539,727],[457,369],[363,522],[883,473],[321,760],[-12,447],[-121,228],[15,129],[577,1021],[461,562],[609,1829],[537,890],[1459,976],[1504,632],[585,479],[674,935],[4504,-3552],[23664,-7180]],[[1759443,3090609],[-39,666],[237,-109],[-131,246],[202,-115],[239,273],[119,256],[-222,422],[354,259],[41,115],[-4,283],[-267,588],[121,178],[-162,1003],[-93,133],[43,420],[-106,610],[443,454],[511,-459],[1312,10],[520,-352],[357,224],[191,34],[197,449],[-29,343],[-169,166],[68,133],[-26,684],[-565,1983],[161,566],[-97,385],[45,153],[-97,180],[58,246],[-43,731],[127,20],[169,272],[58,327],[195,-32],[-131,396],[251,-31],[72,460],[277,-8],[180,245],[102,227],[-56,147],[146,342],[-1,445],[152,-71],[203,-522],[128,-136],[243,-58],[223,62],[298,270],[109,12],[235,-53],[504,-370],[155,274],[269,149],[133,527],[106,80],[314,7],[169,128],[50,133],[-112,708],[270,207],[15,460],[144,160],[282,41],[548,243],[319,-50],[240,87],[458,0],[169,160],[61,292],[516,349],[376,-55],[307,182],[645,-4],[407,366],[338,651],[1047,1134],[-86,706],[56,199],[-111,288],[97,176],[713,225],[243,-154],[501,99],[481,-216],[645,-111],[659,142],[204,-118],[547,118],[320,284],[407,182],[603,1017],[526,382],[761,-5],[1042,292],[758,83],[231,-55],[515,507],[387,179],[650,-31],[612,207],[396,-103],[325,107],[287,-39],[506,493],[202,342],[645,165],[384,360],[455,222],[635,47],[445,156],[582,66],[609,230],[262,-21],[365,-295],[214,-61],[1012,-110],[512,-172],[1613,-55],[613,-470],[287,-105],[1069,260],[815,-72],[1324,-768]],[[1799192,3112322],[223,-165],[65,-436],[331,-595],[-2,-454],[-310,-734],[-9,-236],[-189,-154],[41,-368],[-220,-429],[45,-646],[-272,-479],[102,-329],[-329,-882],[-773,-548],[-681,-202],[-119,-159],[-247,46],[-452,-137],[-315,-351],[-33,-208],[-213,-157],[3,-159],[452,-591],[67,-674],[238,-312],[349,-261],[23,-75],[-139,-74],[223,-12],[173,-163],[-11,-443],[-196,-243],[-145,17],[-370,-208],[-442,180],[-293,-4],[-867,-199],[-187,-592],[25,-243],[234,-227],[-119,-144],[-10,-299],[-99,8],[-26,-217],[-135,-178],[635,-293],[-196,-252],[81,-78],[-227,-391],[257,-50],[-252,-364],[-200,96],[-263,-57],[-551,-426],[-171,-43],[591,-503],[203,-404],[-403,-126],[85,-127],[-93,-504],[120,-215],[15,-347],[-23,-237],[-233,-349],[95,-438],[-180,-280],[83,-508],[281,-166],[-158,7],[-136,-280],[53,-483],[-143,-16],[1,-319],[74,-412],[179,24],[83,-262],[152,-137],[-45,-180],[103,-303],[168,-443],[141,-86],[-104,-344],[-11,-450],[-192,-531],[206,-780],[-90,-198],[109,-416],[7,-528],[-541,-959]],[[1799985,3221243],[314,-188],[199,-267],[-36,-599],[-183,-166],[-78,-213],[95,-458],[1153,29],[32,-280],[103,-128],[-17,-369],[108,-280],[126,-87],[-175,-209],[218,-151],[-144,-93],[-23,-145],[317,-119],[-85,-162],[-100,100],[-147,-6],[-8,-183],[-98,-115],[-374,49],[-58,-52],[-100,-423],[83,-102],[195,58],[49,-67],[-151,-76],[-44,-203],[-237,17],[-220,-124],[-57,-256],[59,-316],[-381,-315],[125,-7],[32,-199],[215,104],[148,-43],[25,-112],[-142,-159],[444,-37],[462,-655],[275,-222],[127,-36],[91,141],[138,-160],[163,149],[136,-122],[6,155],[133,-42],[-5,161],[118,-103],[80,-631],[-55,-102],[273,-237],[421,-1528],[510,-635],[33,-273],[204,-128],[20,-196],[149,-36],[64,-395],[147,-104],[-92,-688],[886,-756],[-162,-370],[-177,-69],[-302,-716],[153,-351],[159,-117],[-71,-171],[223,97],[339,-280],[364,47],[340,-158],[135,95],[163,-43],[133,151],[149,-74],[136,-337],[-159,-46],[-53,-129],[276,-324],[-49,-509],[268,-319],[59,-235],[-55,-320],[-194,-116],[-53,-151],[595,-357],[173,-186],[292,-40],[192,-167],[-95,-181],[-605,-441],[-447,-501],[-89,-495],[181,-355],[-402,-791],[-253,-249],[-328,92],[-644,-192],[27,-334],[-114,-124],[257,-415],[-282,-232],[-302,17],[-238,-311],[-181,-625],[17,-746],[-251,-456]],[[1575702,3578918],[-279,942],[302,372],[177,399],[210,898],[-49,290],[138,268],[185,1208],[-86,225],[-165,113],[-76,280],[58,472],[-428,-1],[-149,105],[-53,160],[80,350],[284,405],[161,687],[164,215],[-65,464],[214,691],[-314,207],[-201,855],[-298,356],[33,173],[360,555],[-93,83],[-200,-7],[24,139],[247,397],[285,281],[-32,647],[115,476],[-12,496],[-55,106],[-268,125],[-630,-49],[-355,165],[-322,439],[59,519],[-87,205],[-975,453],[-68,163],[-4,573],[-338,236],[-167,1021],[-504,764],[-70,342],[136,289],[429,219],[4,133],[-161,246],[-288,1267],[99,374],[-90,531],[92,145],[-38,758],[57,210],[286,367],[-295,669],[197,842],[-83,541],[260,475],[20,412],[445,282],[497,92],[186,719],[256,134],[345,46],[474,-132],[209,109],[399,14],[493,280],[237,5],[99,78],[47,169],[-257,377],[121,417],[-221,571],[465,879],[343,296],[-40,640],[120,147],[-23,371],[179,416],[-299,297],[-27,212],[360,274],[191,336],[128,507],[-355,742],[-3,567],[110,262],[-59,63],[-109,3],[-117,125],[-197,-46],[-228,138],[-219,-148],[-251,31],[-234,-160],[-349,24],[-903,1121],[-363,743],[-8,294],[-238,354],[-353,-369],[-120,347],[-318,153],[298,489],[23,313],[240,100],[88,463],[-195,172],[-15,105],[314,155],[27,269],[267,429],[24,757],[233,268],[55,867],[66,136],[325,177],[24,1042],[20,82],[134,-37],[132,809],[582,-38],[-18,620],[84,445],[-205,519],[12,443],[-342,203],[-111,173],[-490,1243],[-90,1198],[267,931],[56,1107],[760,44],[-29,534],[210,989],[781,224],[868,718],[-983,1730],[370,385],[50,295],[-155,212],[0,418],[-106,154],[-103,1257],[77,212],[696,899],[123,302],[-292,625],[-275,891],[22,224],[683,1035],[117,291],[639,-100],[368,67],[90,70],[109,509],[-36,123],[-352,-34],[-245,505],[265,228],[-563,762],[-1574,398],[-638,423],[45,298],[342,536],[569,139],[-13,1271],[187,265],[-75,73],[-149,-46],[-346,115],[-712,548],[209,421],[-27,162],[-664,589],[75,208],[335,73],[-47,171],[128,542],[-238,547],[75,224],[-521,323],[6,292],[203,494],[-772,28],[-45,860],[107,270],[176,161],[-42,542],[554,285],[145,500],[229,161],[-126,760],[59,417],[-186,16],[-474,826],[7,294],[-283,733],[157,345],[-10,385],[283,234],[165,255],[426,145],[464,385],[330,-48],[112,-109],[330,15],[522,335],[572,79],[50,429],[-326,511],[34,283],[-177,598],[56,249],[-144,191],[39,239],[-110,239],[-250,180],[-470,82],[-148,210],[32,363],[-128,291],[28,359],[-121,218],[-42,431],[-222,413],[-28,505],[-163,427],[-310,282],[-107,391],[-417,400],[-116,248],[19,228],[-408,286],[-534,20],[-39,67],[166,637],[0,104],[-126,58],[-9,380],[-88,29],[-116,-95],[-166,-266],[-136,19],[-175,305],[-349,353],[-593,162],[-20,-237],[-477,-123],[-49,-172],[-321,87],[-272,-67],[-282,58],[-292,-152],[-447,39],[-311,356],[104,522],[-148,157],[-321,136],[-286,561],[92,157],[-57,214],[86,106],[436,33],[46,79],[90,707],[-137,34],[-219,-124],[-189,40],[-286,399],[-103,34],[-373,-123],[-269,517],[279,589],[115,33],[276,454],[-60,371],[-165,224],[81,466],[397,678],[441,50],[-1,786],[282,639],[207,151],[929,-113],[402,78],[384,-119],[385,117],[722,-147],[144,90],[115,420],[689,207],[586,282],[506,359],[231,300],[15,119],[-214,421],[47,142],[-290,474],[-10,249],[-193,-76],[-260,240],[367,852],[-335,533],[-448,158],[-11,320],[-76,112],[135,637],[154,188],[230,55],[307,543],[97,488],[249,18],[48,-59]],[[1993710,3080554],[644,-48],[811,-463],[269,-58],[474,55],[900,810],[75,487],[144,176],[648,343],[443,14],[455,291],[190,465],[620,761],[122,2],[263,-237],[187,-15],[140,113],[35,316],[630,210],[488,-81],[582,-213],[586,27],[510,264],[655,118],[194,142],[-47,457],[114,306],[461,656],[351,183],[418,-117],[324,-194],[326,196],[411,-218],[361,169],[339,-174],[522,-44],[608,287],[60,-179],[732,-134],[167,88],[129,247],[945,675],[774,58],[589,292],[248,-292],[356,273],[674,44],[630,-527],[326,-40],[313,-228],[375,30],[463,-381],[259,-16],[143,-98],[537,-540],[410,-248],[50,-434],[444,-232],[1043,-876],[1515,-1330],[351,-510],[740,-519],[842,-801],[305,2],[591,-543],[109,-263],[560,-153],[417,-314],[1536,-841],[716,-556],[524,-599],[504,-104],[421,-470],[353,-129],[916,-764],[576,-209],[282,-261],[36,-377],[103,-181],[834,-422],[273,-507],[569,-454],[1383,-785],[1142,-835],[259,-273],[404,-236],[289,-61],[116,-306],[361,-114],[311,-316],[2361,-1002],[944,-261],[872,-387],[1373,-1029]],[[1979780,3090008],[369,173],[23,139],[-132,343],[-368,506],[-580,403],[-425,883],[-597,179],[-217,248],[-43,352],[-101,176],[-672,371],[-734,705],[-180,30],[-273,-227],[-371,155],[-170,350],[-405,498],[-784,435],[-1037,965],[-407,186],[-242,410],[-944,704],[-251,687],[-223,-42],[-269,87],[-395,-106],[-176,261],[-634,193],[-720,394],[-283,334],[-342,38],[23,237],[-94,122],[-299,78],[-334,-103],[-1030,390],[-402,264],[-623,54],[-260,219],[-359,160],[-11,99],[163,158],[-331,186],[-334,466],[-444,47],[-600,456],[-850,375],[-184,163],[-407,-135],[-493,73],[-246,116],[-192,336],[-433,431],[-43,245],[454,60],[266,222],[287,104],[-9,261],[-597,54],[-1213,470],[-466,1027],[253,761],[267,374],[-39,315],[-263,272],[-670,228],[-261,275],[-676,118],[-24,151],[167,307],[-30,767],[115,102],[589,-10],[172,-148],[998,-361],[1150,-232],[646,-782],[389,-261],[243,-308],[396,-183],[90,-317],[-43,-327],[163,-151],[538,405],[260,513],[273,61],[45,184],[244,261],[-21,269],[182,77],[32,287],[65,48],[112,-72],[21,162],[170,46],[-37,277],[93,-39],[74,144],[158,-87],[98,36],[274,814],[48,-134],[98,41],[45,419],[152,79],[32,108],[294,13],[65,148],[69,-31],[127,109],[192,-80],[32,230],[642,50],[-60,123],[95,64],[69,520],[207,-29],[594,131],[228,-330],[112,11],[196,-358],[212,162],[949,109],[348,389],[119,288],[66,-16],[6,-132],[76,-5],[307,179],[143,224],[121,-185],[284,-122],[256,-328],[471,-49],[131,52],[141,127],[-36,450],[73,408],[692,-163],[76,349],[247,59],[130,252],[309,-8],[160,242],[261,6],[328,-130],[31,180],[178,137],[-44,170],[238,59],[-31,208],[-859,816],[258,268],[487,212],[188,305],[476,213],[1558,325],[361,280],[827,117],[716,471],[566,158],[145,245],[389,49],[210,-118],[149,28],[185,131],[200,453],[309,48],[216,273],[334,158],[872,-225],[881,544],[6,455],[141,219],[40,286],[425,530],[166,526],[9,243],[-124,297],[146,294],[-86,735],[48,80],[193,1],[112,156],[-363,542],[72,279],[-58,205],[-91,69],[-214,-50],[-458,494],[34,218],[348,204],[326,437]],[[1983968,3125416],[115,235],[420,-64],[625,115],[544,572],[524,255],[441,62],[333,-126],[154,17],[375,564],[245,142],[537,-158],[163,-290],[446,-411],[465,-299],[316,-377],[231,-12],[1428,1090],[936,160],[84,177],[81,883],[211,237],[250,84],[359,-386],[222,-858],[673,-174],[347,-669],[829,-847],[313,-411],[255,-514],[426,-272],[942,-104],[1384,437],[223,137],[134,590],[247,104],[316,-174],[220,-441],[109,-55],[1211,-94],[601,-182],[653,-685],[390,3],[673,167],[393,-21],[300,-299],[-269,-333],[16,-445],[283,-214],[504,-67],[279,-230],[249,-89],[269,123],[211,566],[398,57],[738,388],[507,151],[1131,-98],[892,-413],[63,-142],[-49,-639],[158,-224],[918,-148],[121,-167],[362,-59],[599,-317],[391,-39],[845,363],[330,64],[381,-144],[184,-313],[190,-102],[555,-48],[662,55],[158,-315],[21,-279],[-260,-625],[446,-680],[662,-541],[331,86],[460,443],[371,214],[504,-4],[784,-208],[359,-179],[206,178],[235,29],[209,-105],[228,-308],[355,-233],[235,-39],[371,89],[1211,-271],[1153,-978],[229,-5],[331,159],[414,-36],[551,228],[364,-187],[397,-344],[730,103],[337,-31],[317,-135],[186,-291],[404,289],[147,16],[89,-286],[179,-148],[939,-126],[681,-418],[856,9],[653,-842],[305,-257],[1131,-122],[620,-294],[324,65],[268,566],[676,529],[502,639],[417,26],[196,-141],[133,-265],[160,-17],[833,445],[869,337]],[[1819676,3228029],[186,-552],[124,-69],[-567,-1454],[9,-637],[92,-337],[-66,-24],[229,-1232],[-56,-96],[35,-423],[-210,-433],[-415,-327],[-168,-360],[83,-242],[544,-261],[152,-385],[654,-681],[137,-436],[-38,-447],[-216,-401],[8,-955],[-259,-474],[-25,-622],[282,-780],[85,-109],[679,-12],[170,-180],[43,-166],[481,-110],[312,-180],[155,56],[70,237],[255,-83],[369,-374],[142,-402],[16,-499],[143,-557],[435,-321],[328,-874],[1032,-52],[794,-636],[311,-124],[766,-664],[45,-833],[215,-510],[193,-816],[163,-255],[185,-159],[1000,-290],[401,92],[503,-65],[15669,-15403]],[[1931468,3135609],[-149,-484],[-251,-263],[-390,-214],[-571,-174],[-304,-285],[-11,-190],[358,-332],[33,-153],[-347,-499],[14,-390],[-311,-673],[-564,-733],[-398,-257],[-124,-929]],[[1928453,3130033],[-526,-432]],[[1979622,3125004],[1150,-135],[224,257],[346,657],[261,-139],[380,-555],[423,313],[570,-345],[291,383],[701,-24]],[[1928453,3130033],[986,-589],[150,-179],[733,271],[231,7],[576,-81],[7,-355],[291,-21],[251,205],[598,-30],[577,292],[210,-255],[169,-75],[507,111],[499,-140],[393,171],[316,-25],[285,-201],[453,-522],[188,32],[162,267],[274,45],[787,-344],[522,101],[375,-360],[446,114],[364,-135],[201,210],[338,-339],[139,-413],[237,-328],[595,102],[312,-350],[457,-132],[315,-261],[283,35],[517,-150],[309,-328],[189,-65],[296,-37],[16,201],[148,40],[69,168],[451,1],[175,-170],[499,-169],[130,-275],[104,-24],[1,154],[153,38],[98,-128],[649,-178],[281,141],[840,181],[255,-31],[210,94],[307,-29],[580,205],[26,208],[107,131],[564,378],[745,358],[48,196]],[[2014800,3335590],[63859,14208],[23087,18624],[3863,2798]],[[1800084,2898413],[-636,-2122],[-1322,-1668],[-383,-997],[-822,-948],[-535,-374],[-765,-353],[-257,-278],[-329,-666],[-133,-656],[-534,-1585],[-5,-1196],[503,-1484],[77,-434],[-51,-242],[-247,-313],[-56,-272],[107,-268],[334,-313],[98,-348],[-221,-636],[5,-979],[-514,-550],[-113,-267],[673,-2302],[57,-681],[-180,-747],[-87,-1085],[-180,-374],[-445,-469],[-46,-223],[27,-494],[326,-385],[20,-137],[-168,-1041],[58,-948],[-231,-852],[-37,-473],[217,-581],[141,-120],[0,-288],[228,-933],[392,-735],[-55,-349],[78,-346],[-117,-338],[-54,-786],[217,-395],[95,-383],[-104,-333],[51,-399],[364,-612],[42,-244],[-122,-621],[-176,-284],[-433,-165],[-210,-224],[62,-413],[-118,-236],[-25,-403],[-192,-143],[-322,-86],[-125,-188],[-441,-211],[-736,-668],[-78,-664],[-159,-354],[-194,-988],[-106,-152],[-173,-63],[-150,-279],[-210,-97],[-175,-454],[-72,-677],[60,-474],[-140,-435],[-321,-222],[-76,-213],[-240,-157],[-118,-213],[39,-1097],[261,-210],[14,-150],[-72,-86],[-235,9],[-210,-140],[-173,-363],[51,-433],[-161,-229],[-153,-494]],[[1902280,3325627],[-111,397],[-292,155],[-154,204],[-9,456],[-166,320],[-562,97],[-104,130],[104,1687],[-267,947],[62,605],[-352,521],[-114,733],[-470,396],[-255,515],[-60,984],[745,787],[489,288],[213,249],[67,634],[-91,612],[51,378],[252,668],[13,628],[53,138],[720,744],[131,287],[817,287],[217,155],[98,401],[434,365],[276,511],[647,309],[680,543],[759,105],[471,-151],[565,0],[349,265],[270,515],[-185,251],[-824,68],[-175,94],[-155,898],[-310,295],[-405,172],[-62,1170],[-215,409],[116,676],[416,590],[-69,442],[55,261],[424,315],[138,272],[361,295],[-102,222],[-594,522],[-280,543],[-52,333],[-175,332],[-20,352],[-123,223],[20,380],[120,353],[-260,243],[6,253],[167,220],[15,287],[401,311],[34,353],[205,293],[142,436],[372,514],[-169,145],[-132,432],[160,552],[-130,153],[172,366],[435,243],[73,166],[-66,376],[-305,286],[305,178],[109,387],[339,231],[-418,551],[-324,30],[106,347],[194,28],[124,191],[-58,109],[73,444],[-431,542],[393,-23],[95,58],[-236,721],[-179,113],[-433,61],[-442,276],[-98,357],[-235,107],[-533,479],[-13,216],[318,-9],[54,93],[-389,342],[-53,237],[444,388],[-485,242],[233,124],[279,-174],[194,26],[-21,204],[224,102],[75,764],[307,48],[-132,259],[21,283],[309,140],[207,522],[-102,133],[-43,289],[-279,11],[-359,170],[-125,444],[-99,-2],[-260,-246],[-330,294],[-52,351],[-328,71],[11,244],[-386,140],[209,267],[-212,316],[273,-20],[186,251],[311,-155],[209,74],[277,281],[39,474],[209,14],[213,172],[126,-40],[32,-174],[753,-104],[593,315],[124,-126],[64,-272],[298,117],[261,-66],[281,309],[-151,325],[94,810],[-378,209],[429,272],[-421,497],[-758,-15],[-21,533],[-126,162],[-548,-50],[-525,365],[-1041,-98],[-228,213],[160,466],[-145,140],[-17,144],[162,26],[438,-120],[198,85],[-591,363],[81,83],[10,311],[247,712],[50,705],[-158,568],[71,146],[370,3],[-144,371],[83,277],[527,226],[5,343],[-370,461],[118,68],[243,-125],[91,120],[-330,398],[38,78],[304,82],[15,136],[-432,87],[-224,140],[-270,485],[-813,-324],[-61,63],[54,360],[-108,70],[-694,-116],[-495,30],[-1162,467],[-1109,190],[-174,248],[-136,646],[-500,1335],[-163,797],[-328,953],[-180,262],[-255,92],[-271,-84],[-87,-164],[-46,-610],[-147,73],[-156,437],[-156,156],[-145,2],[-317,-253],[-133,-2],[-730,375],[-1662,-288],[-787,-47],[-264,-154],[-38,-174],[292,-430],[67,-339],[-476,-1047],[421,-548],[13,-144],[-213,-549],[-284,-253],[-56,-209],[538,-1582],[65,-482],[-148,-208],[-503,-120],[-674,-647],[-427,-216],[-572,-468],[90,-81],[298,99],[38,-154],[-763,-962],[-251,-960],[-58,-568],[67,-477],[-140,-909],[-13,-797],[342,-188],[30,-121],[-410,-110],[57,-241],[-66,-53],[-631,7],[-363,97],[-181,141],[-209,-169],[-376,439],[-238,53],[-95,-249],[-518,-643],[-93,5],[-139,232],[-204,-8],[-687,-530],[-620,-821],[-289,-224],[-742,-15],[-61,149],[87,523],[-191,54],[-385,-163],[-228,-525],[-348,41],[-241,-252],[-655,-27],[-188,347],[-111,-396],[-184,-100],[-159,176],[106,306],[-384,-6],[-410,193],[-279,-30],[-122,65],[-49,150],[105,241],[-226,448],[-988,22],[-1099,-574],[-477,-68],[-174,-139],[-352,-13],[-17,-297],[-302,-20],[164,-337],[-45,-126],[-495,-392],[-90,-3],[-93,135],[-315,-49],[-14,-362],[-381,-488],[-603,-51],[-262,-323],[-256,-80],[-135,-297],[-350,370],[-262,34],[-267,-74],[-251,-214],[-324,42],[-209,-388],[-196,208],[-125,-11],[-291,-666],[-331,-256],[-212,-364],[-302,-84],[-229,-219],[-115,43],[-141,343],[-149,85],[-377,-357],[-436,76],[-479,581],[-244,491],[-307,87],[-481,366],[-114,-62],[-159,-629],[-278,-130],[-174,-201],[-167,21],[-159,221],[-46,477],[-156,1],[-362,-295],[-126,-20],[-225,96],[-103,325],[-391,-725],[-283,-119],[-122,-405],[-277,-170],[-69,-189],[-181,-122],[-150,18],[-165,141],[-69,93],[22,250],[-290,239],[-705,-6],[-225,-95],[-69,-314],[-504,-170],[-457,9],[-139,-156],[-123,-370],[-131,-72],[-192,150],[-28,548],[-710,487],[-183,299],[-321,-139],[-237,-385],[-275,-120],[-189,-230],[-150,83],[-157,359],[-336,216],[-336,-546],[-572,-144],[-381,-612],[-407,-156],[-119,-227],[-77,-466],[-121,-90],[-446,-41],[-21,-354],[-175,-215],[-159,57],[-177,391],[-171,103],[-357,-379],[-594,-289],[-281,226],[-463,-66],[-292,-191],[-436,207],[-390,-162],[-1552,-319],[-67,78],[128,141],[58,240],[-250,45],[-290,306],[-127,-1],[-168,-283],[-265,107],[-307,-78],[-659,194],[-455,388],[-990,312],[-49,126],[160,295],[-118,120],[42,149],[-131,192],[-211,78],[-125,424],[-312,458],[-152,-37],[211,-345],[-59,-140],[-510,-145],[-167,177],[-107,2],[-544,-171],[-222,209],[-36,699],[-483,44],[-171,-115],[-299,-45],[-296,185],[-248,293],[-236,59],[-333,614],[18,321],[-173,156],[228,470],[-92,412],[-204,62],[-323,-64],[-538,258],[-210,283],[-503,144],[-291,278],[-52,486],[-217,78],[-522,-87],[-729,349],[-814,-228],[-779,149],[-431,-67],[-360,-533],[-379,-312],[68,-488],[-260,-596],[-129,-120],[-1000,-397],[-205,-602],[-58,-779]],[[1736933,2950882],[153,-178],[553,-308],[2176,-480],[1468,-806],[1077,-397],[662,-347],[359,-262],[589,-782],[544,-285],[424,-330],[112,-424],[-122,-1025],[185,-337],[415,-204],[1590,-304],[906,-356],[526,-391],[1028,-1485],[1215,-365],[260,-165],[428,-1307],[389,-838],[299,-353],[1004,-184],[1327,-828],[1176,-240],[635,-300],[1156,-392],[514,-453],[685,-844],[820,-537],[632,-738],[501,-280]],[[1763165,2968828],[-384,-401],[-479,-28],[-418,-444],[-393,-28],[-183,-261],[-244,47],[-250,-85],[-788,-42],[-402,301],[-332,27],[-425,173],[-403,-29],[-528,-247],[-379,-10],[-547,242],[-627,771],[-314,142],[-194,212],[-519,240],[-304,396],[-528,269],[-824,-227],[-1128,-790],[-657,-283],[-553,-354],[-1723,-256],[-1048,589],[-558,160],[-543,27],[-596,137],[-350,299],[-1283,1515],[-452,746],[-386,260],[-718,92],[-2302,-602]],[[1475493,3577107],[4,12]],[[1562831,3017709],[-552,737],[-788,753],[-203,486],[0,4647],[223,955],[-134,247],[-604,389],[-676,1051],[-409,232],[-230,257],[-51,135],[109,336],[-196,375],[-504,174],[-715,-39],[-351,315],[-322,43],[-673,773],[-497,352],[-272,65],[-282,-146],[-379,-1],[-581,345],[-307,301],[-179,-15],[-264,163],[-640,-110],[-598,320],[-388,312],[-221,5],[-195,134],[-680,-112],[0,-480],[-182,-110],[-278,-4],[-1308,1002],[-405,228],[-549,179],[-133,-222],[463,-808],[67,-263],[-84,-307],[-1066,106],[-905,217],[-218,-171],[-241,-718],[-567,-582],[-38,-359],[549,-576],[109,-249],[-168,-928],[-661,-575],[-608,-207],[-443,-305],[-776,-98],[-531,-211],[-44,1031],[-227,770],[-1290,953],[-504,721],[-230,484],[-415,1485],[-415,557],[-420,796],[-130,500],[8,392],[110,260],[358,356],[82,268],[-375,793],[-32,348],[448,760],[8,964],[81,404],[469,1005],[32,532],[-778,3297],[21,2865],[-155,1204],[16,440],[-118,717],[-432,1480],[-24,632],[122,844],[-85,1949],[-607,1169],[-542,2080],[-252,388],[-367,1241],[65,1516],[102,385],[175,264],[611,536],[481,572],[32,516],[-93,1213],[329,680],[135,1036],[155,464],[48,1393],[-435,1492],[77,724],[493,1057],[-16,264],[-306,580],[4,448],[676,1253],[-497,1204],[212,372],[57,1985],[-106,468],[-798,1080],[-204,496],[106,937],[416,1040],[-110,708],[-998,801],[-391,460],[-273,904],[-167,1144],[-212,377],[-289,124],[-798,-108],[-200,84],[-452,400],[-411,828],[-135,968],[-953,2209],[9,100],[244,240],[973,580],[1186,1129],[32,576],[-839,900],[-1120,1957],[-542,372],[-488,620],[-1137,556],[-85,132],[16,500],[452,769],[-134,1296],[81,860],[167,609],[-399,936],[4,740],[330,1237],[485,1132],[159,1116],[16,845],[399,1124],[28,468],[-126,564],[143,745],[-139,1576],[-146,372],[-102,788],[-346,585],[-518,456],[-2472,1740],[-969,1101],[-134,392],[-78,1964],[-171,485],[-269,368],[-810,716],[-456,552],[-245,440],[-240,833],[-538,308],[-1804,732],[-631,376],[-737,864],[-607,1049],[912,348],[969,616],[550,166],[505,446],[302,148],[395,424],[216,873],[720,996],[-142,2357],[326,420],[334,1080],[212,276],[130,941]],[[1900568,3325002],[-828,92],[-730,601],[-326,728],[146,528],[-141,593],[121,609],[-109,229],[-539,252],[-1242,-159],[-318,382],[-98,-21],[-254,-323],[-185,-28],[-265,315],[-161,79],[-620,155],[-385,281],[-232,-16],[-457,-259],[-156,-234],[-356,-121],[34,-196],[-288,-132],[130,-463],[133,-110],[-141,-231],[24,-168],[726,150],[126,-55],[2,-118],[-153,-156],[-432,-43],[-33,-315],[-249,-206],[-341,96],[-102,-211],[-266,-102],[-39,-502],[62,-145],[134,-69],[-4,-153],[-347,-253],[-30,-303],[-719,-87],[-205,130],[-1143,-12],[-219,-101],[40,-564],[198,-606],[-59,-807],[429,-1272],[-80,-604],[-147,-332],[-369,-275],[-839,-935],[-537,-833],[-265,-729],[-144,-198],[-1319,-609],[-600,-171],[-1590,-51],[-671,-478],[-607,-153],[-510,-440],[-791,-443],[-675,-264],[-919,48],[-389,142],[-317,-183],[-420,-632],[-406,-1174],[220,-395],[87,-474],[509,-291],[45,-392],[-93,-250],[-169,-247],[-423,-247],[-135,-385],[-578,-582],[-692,-338],[-1428,-419],[-386,-303],[-868,-484],[-76,-647],[-275,-280],[-151,-302],[-136,-597],[-8,-237],[78,-128],[-175,-188],[-82,-280],[-8,-320],[176,-690],[-190,-811],[-918,-981],[-134,-621],[-278,-255],[-81,-299],[-205,-259],[-252,-604],[-135,-702],[-597,-705],[-163,-427],[-787,-296],[-434,-641],[-14,-631],[344,-1521],[9,-489],[-394,-480],[-161,-385],[-602,-489],[-659,-1011],[-497,-283],[-144,-690],[-148,-308],[-511,-386],[-449,-133],[-179,-193],[-126,-437],[135,-338],[-48,-887],[122,-592],[-346,-644],[-493,-297],[-159,-321],[-1066,-243],[-163,-370],[-514,-407],[48,-851],[268,-657],[-16,-704],[-131,-239],[-1055,-701],[-1085,-29],[-270,-84],[-396,-286],[-566,59],[-460,223],[-1815,-8],[-799,-401],[-69,-150],[-770,-374],[-125,-287],[-164,-137],[-1351,-536],[-331,-410],[-774,-367],[-652,-98],[29,-449],[-174,-490],[85,-664],[118,-326],[-101,-793],[285,-461],[-221,-1468],[-345,-335],[-573,-354],[-242,-329],[-142,-483],[-739,-252],[-1208,-812]],[[2114151,3195748],[-537,366],[-540,-11],[-488,363],[-518,182],[-292,-62],[-211,-243],[-258,-114],[-133,-246],[-256,-100],[-125,181],[59,419],[-68,107],[-557,-160],[-216,-153],[-259,-34],[-745,293],[-532,738],[-532,95],[-179,165],[29,444],[-185,221],[23,229],[281,-11],[239,198],[264,45],[74,148],[-65,139],[-336,118],[-250,262],[-222,-61],[-247,-369],[-421,53],[-255,-59],[-42,-155],[221,-212],[-106,-113],[-315,-60],[-339,73],[-384,-44],[-148,41],[-189,191],[-163,-88],[-289,155],[-185,-126],[-294,-57],[-69,-96],[82,-289],[-274,-186],[-103,-247],[-116,-70],[-1104,603],[-496,151],[-437,509],[-777,150],[-421,-32],[-119,138],[-314,-22],[-141,-159],[-259,-54],[-44,362],[183,531],[-86,170],[-281,-192],[-195,33],[-177,147],[-439,-51],[-317,236],[-357,-68],[-285,318],[-126,-59],[-300,-435],[-292,234],[-290,-167],[-115,309],[-548,-103],[-409,579],[-158,52],[-383,-226],[-206,-382],[-308,-326],[-48,-224],[129,-312],[174,-136],[216,27],[237,287],[112,5],[244,-267],[3,-274],[-153,-131],[-312,-20],[-12,-337],[-598,-407],[-108,-320],[-512,23],[-264,-426],[75,-149],[224,-51],[306,-421],[106,-399],[112,-40],[264,168],[88,-253],[267,-21],[-18,-232],[-529,-223],[-418,48],[-273,-242],[-629,140],[-195,-249],[-203,-30],[-146,-254],[-335,-205],[-327,60],[-94,348],[-373,347],[7,399],[250,244],[-101,207],[-511,-185],[-563,402],[-185,2],[-304,-136],[-38,-386],[-228,-407],[-515,-169],[-41,377],[-192,95],[-403,21],[-90,107],[39,131],[243,115],[186,287],[213,-17],[18,137],[-493,297],[-401,786],[-250,114],[20,524],[-390,174],[-584,-138],[-547,381],[-262,-150],[-173,179],[-178,420],[-461,158],[-227,-214],[-138,-345],[-243,-74],[-277,76],[-27,-286],[307,-275],[-509,-303],[65,-452],[-457,-531],[-20,-238],[-438,224],[-404,32],[-97,286],[-310,376],[-528,7],[-178,353],[-340,-20],[-140,-96],[-30,-318],[-405,-100],[-100,-271],[-234,14],[-164,242],[-416,-215],[-67,-278],[-261,7],[-157,-270],[-332,116],[-101,-210],[-267,-148],[9,-273],[-271,84],[-118,-88],[-22,-208],[152,-198],[-63,-142],[-130,-60],[-218,223],[-374,-102],[-85,-92],[-58,-408],[-103,148],[-19,265],[-227,71],[-39,-84],[155,-211],[-299,-202],[-409,339],[-253,-25],[53,-114],[169,22],[57,-142],[-304,-481],[-92,79],[78,257],[-287,-54],[-262,193],[-150,-3],[-18,-66],[176,-186],[-13,-762],[-97,-1],[-190,235],[-1,-330],[-103,-5],[-195,229],[16,-270],[-86,-85],[-284,74],[-211,211],[70,286],[-83,310],[252,152],[-15,135],[-455,221],[-360,312],[-206,10],[-274,284],[-459,-110],[-56,544],[-477,47],[-279,372],[-276,193],[-18,634],[-493,-113],[-26,219],[-139,150],[-108,18],[-191,-138],[-306,264],[-139,346],[-235,168],[157,336],[-60,277],[-131,-5],[-190,-151],[-206,225],[-67,-72],[60,-272],[-71,-84],[-468,15],[-52,141],[357,298],[-54,185],[-99,24],[-196,-208],[-235,181],[-401,-35],[80,-540],[-71,-80],[-1107,2],[-208,79],[-96,353],[-223,-83],[-197,111],[-428,-215],[-751,-63],[-245,-103],[-178,-133],[-142,-338],[-167,-142],[-651,66],[-178,216],[-503,-252],[-103,39],[-120,213],[-524,-43],[-134,-82],[-170,-289],[-482,152],[-520,-468],[-329,-132],[-255,88],[-217,363],[-170,133],[-394,-16],[-73,-208],[-321,-199],[-64,-338],[115,-926],[277,-474],[-1,-328],[-88,-104],[-471,-118],[-98,-150],[-21,-377],[-259,-113],[-432,-561],[-590,-349],[-412,-406],[-676,-157],[-353,-295],[-151,-284],[39,-347],[-95,-155],[16,-320],[-92,-309],[-742,126],[-564,-125],[-361,-386],[-635,-357],[-350,50],[-1146,550],[-364,-53],[-309,-265],[-810,55],[-344,-57],[-410,-486],[-75,-287],[-137,-28],[-523,-627],[-239,-855],[-809,-103],[-116,-339],[141,-342],[-53,-166],[-392,-235],[-416,-486],[109,-508],[-341,-642],[-1302,-748],[5,496],[88,174],[102,44],[297,-137],[449,100],[-132,268],[-47,336],[168,206],[-118,519],[136,398],[-35,607],[263,854],[-1,610],[85,320],[-453,-5],[-292,-191],[-402,-105],[-293,-354],[-970,-303],[-213,-301],[-467,-34],[-492,-270],[-337,-31],[-107,-94],[-17,-149],[228,-210],[-62,-72],[-298,-19],[48,-312],[-119,-572],[301,-5],[17,-373],[-385,-163],[-231,83],[-320,-685],[-838,-263],[-68,-271],[26,-381],[-591,-259],[-512,-846],[-1474,-1301],[-744,-1373],[-416,-111],[-261,-365],[-258,-41],[-195,-132],[-521,82],[-130,-238],[-118,-55],[-252,107],[-284,-1],[-450,-378],[-154,215],[-481,-323],[-200,25],[-360,-141],[-144,-203],[-227,-83],[-275,217],[-23,362],[-115,-86],[-42,-284],[-242,-33],[-112,199],[-198,-185],[-392,583],[37,116],[213,-18],[-43,155],[-125,35],[-177,-73],[-136,178],[-248,-207],[-301,-38],[-36,166],[-155,33],[-42,-243],[-169,-74],[-149,16],[-118,133],[-169,3],[-113,-426],[-268,126],[-153,-155],[-178,68],[-358,-105],[17,-225],[-264,20],[-254,-415],[-124,130],[-240,-157],[-244,291],[-191,63],[-587,-108],[-94,93],[-224,0],[-24,-228],[-152,-16],[-258,225],[-181,404],[-371,6],[-236,564],[-201,-97],[-162,265],[-238,114],[-140,-137],[67,-213],[-44,-103],[-419,-60],[-351,68],[-18,176],[-242,35],[-119,97],[2,269],[-260,-48],[-486,269],[-137,364],[-402,-25],[-135,-146],[-42,-166],[90,-282],[-129,-156],[-42,-255],[-116,-62],[18,-287],[-154,107],[-73,-78],[-148,21],[-72,-203],[-224,86],[-203,-179],[-71,179],[-282,-4],[-227,203],[-282,401],[116,141],[-296,157],[-29,89],[148,78],[-40,164],[130,23],[-44,134],[82,75],[-108,232],[-5,232],[-194,-92],[-129,133],[-66,-59],[-142,105],[-234,-123],[-9,288],[-186,-99],[27,-123],[-120,-91],[-268,179],[-249,-83],[-90,145],[-284,-76],[-41,170],[-145,-254],[-211,15],[34,226],[-1144,422],[76,243],[-227,-47],[-83,242],[-33,-166],[-348,-89],[162,-99],[-38,-146],[-447,-41],[-3,-139],[169,-87],[-32,-140],[-300,-42],[-135,69]],[[2017146,3182866],[-135,19],[-191,-116],[-155,259],[220,219],[-339,-32],[-267,137],[-46,255],[-494,191],[-404,8],[-47,544],[302,430],[-250,-13],[-299,414],[223,381],[-39,70],[-145,132],[-271,33],[-74,106],[21,464],[-131,227],[293,195],[-34,205],[-109,83],[-300,-47],[-211,-206],[-242,79],[-89,160],[-289,-44],[-147,-170],[-318,-170],[-51,-240],[-372,-595],[-185,53],[-133,142]],[[2113859,3173612],[19,-349],[178,-345],[-104,-531],[-157,-245],[-462,-18],[-445,105],[-388,710],[-246,-100],[-198,170],[-265,-134],[-262,176],[-302,88],[-445,1],[-372,175],[-811,-167],[-303,375],[-429,26],[-99,281],[-281,-148],[-318,237],[-234,33],[-354,-400],[-316,-112],[-199,-189],[-396,69],[-152,-50],[-83,-336],[-278,-434],[-374,-267],[-332,-454],[-1,-516],[-146,-178],[-279,-34],[-429,235],[-247,-59],[-238,81],[-339,-292],[-366,41],[-198,-404],[-275,106],[-131,-75],[-156,-218],[38,-352],[-251,-374],[-100,-438],[-253,-300],[-273,-530],[-288,-106],[-215,-180],[-53,-339],[-97,-95],[-475,-1],[-291,-159],[-431,-1],[-680,381],[-129,328],[129,138],[32,190],[-270,170],[-345,-117],[-377,63],[-237,-530],[-183,85],[-152,317],[-86,0],[-209,-221],[-242,69],[-62,262],[-209,331],[17,184],[225,322],[-120,423],[3,403],[-141,86],[-193,-179],[-125,29],[-41,165],[107,401],[-512,299],[30,202],[214,228],[-16,109],[-369,74],[-671,-8],[-38,-124],[356,-355],[19,-119],[-404,-44],[-626,-318],[-850,495],[-554,234],[-139,-12],[-255,-298],[49,-382],[-111,-405],[224,-259],[33,-146],[-216,-595],[26,-194],[-346,-382],[-112,-34],[-61,68],[61,262],[-149,69],[22,225],[-124,37],[-186,-404],[-314,-363],[41,-101],[229,-80],[171,-186],[406,-25],[146,-81],[-30,-563],[-121,-182],[-146,6],[-346,313],[-359,-235],[-400,163],[-535,-125],[-192,56],[-401,-726],[-187,-179],[-28,-279],[-480,8],[-552,-100],[-379,-161],[-259,-228],[-496,-604],[237,-445],[-31,-331],[-458,-447],[-361,11],[-499,-221],[-525,-50],[-952,-352],[-755,-117],[-404,-169],[-243,-261],[-116,19],[-44,172],[164,553],[-409,663],[-938,45],[-278,667],[-304,-36],[-423,-282],[-57,546],[-299,-5],[-168,279],[-270,193],[-22,92],[146,122],[-74,274],[283,156],[25,157],[-419,535],[-220,20],[-116,345],[-400,291],[-61,339],[160,376],[-324,489],[-758,486],[-199,2],[-289,-169],[-279,35],[-206,-127],[-387,-546],[-390,-330],[-129,-655],[-533,-256],[-30,-1706],[-527,-53],[-187,103],[-95,-70],[-31,-221],[-111,-26],[-214,162],[155,147],[-52,137],[-362,-32],[-159,-138],[-54,-181],[434,-290],[41,-186],[-800,-198],[-219,-497],[-274,-26],[-437,237],[-363,33],[-720,451],[-284,-256],[-316,84],[-185,-368],[-9,-300],[144,-504],[-52,-463],[-101,-146],[-740,13],[-327,-364],[-610,427],[-277,-65],[-202,86],[-205,-125],[-145,60],[-323,-95],[-200,197],[-229,-76],[-177,276],[-271,87],[-302,-436],[-911,-292],[-336,-252],[-179,-253],[-33,-425],[489,-1230],[20,-137],[-133,-265],[159,-351],[-46,-386],[-198,-312],[-1218,-10],[-540,-213],[-805,-44],[-442,48],[-978,303],[-256,-5],[-267,-91],[-113,-456],[-232,-78],[-363,89],[-383,501],[-574,347],[-144,7],[-197,-184],[-689,-298],[-717,39],[-160,60],[-82,182],[388,67],[315,312],[-142,421],[-336,217],[360,462],[115,277],[-23,125],[-419,-54],[-595,51],[-538,-252],[-435,733],[179,268],[-19,219],[-273,97],[-244,-39],[-809,-603],[-647,-72],[69,-277],[235,-346],[9,-160],[-230,-501],[-400,-418],[-150,-21],[-214,206],[-139,18],[-78,-74],[-21,-293],[-172,-174],[-698,-89],[-1526,406],[-185,-439],[-409,-159],[-210,-687],[23,-293],[-87,-135],[-1110,-720],[-73,-215],[45,-758],[-59,-226],[-446,-323],[-170,-460],[-701,-400],[-1165,149],[-287,-300],[-510,133],[-579,-25],[-825,-261],[-739,-19],[-857,-198],[-237,113],[-241,241],[-297,686],[-441,235],[-574,576],[-446,47],[-181,199],[-416,214],[-444,-207],[-638,56],[-1034,655],[-768,-400],[-843,25],[-308,-129],[-558,-77],[-650,-361],[-271,-350],[-218,-135],[-315,-43],[-497,181],[-797,-271],[-733,-25],[-1371,-393],[-225,-210],[-458,82],[-289,-122],[-301,-291],[-591,-215],[-643,140],[-547,-59],[-234,-115],[-492,63],[-248,-83],[-193,-233],[-282,-9],[-278,-149],[-235,179],[-273,6],[-278,-239],[-294,170],[-1110,-217],[-278,72],[-825,-27],[-236,-201],[-1156,339],[-1252,-30],[-464,93],[-292,-70],[-62,-154],[-191,-47],[-400,219],[-89,-34],[-104,-341],[-101,-67],[-381,214],[-478,-95],[-4,294],[-118,142],[-108,9],[-413,-278],[-1562,-539],[-230,203],[-182,-52],[-292,481],[-55,131],[108,259],[-85,271],[12,321],[-345,160],[-41,171],[179,400],[296,111],[292,-237],[393,367],[108,253],[218,84],[67,110],[-35,975],[-431,721],[-460,483],[152,311],[128,856],[-275,-68],[-533,176],[-205,169],[-305,-115],[-625,138],[-1060,-97],[-427,286],[-372,113],[-1098,0],[-1255,276],[-2504,1225],[-806,499],[-630,97],[-278,174],[501,815],[37,255],[271,320],[128,513],[193,230],[14,375],[-285,167],[-167,546],[257,562],[-117,298],[-244,291],[457,673],[-87,345],[-191,163],[340,264],[7,216],[184,384],[377,196],[39,97],[-938,554],[-27,373],[-272,302],[-392,1218],[-798,1141],[212,365],[21,297],[-99,81],[171,119],[393,142],[292,3],[-22,162],[345,285],[1020,445],[311,0],[833,-217],[16,271],[599,530],[161,426],[878,171],[176,296],[188,122],[149,21],[254,-108],[92,-214],[673,100],[89,160],[176,-65],[185,92],[376,-81],[199,78],[160,239],[33,621],[160,231],[208,97],[-64,369],[307,519],[1025,448],[350,11],[87,212],[228,206],[744,257],[429,728],[293,153],[19,526],[930,869],[-34,358],[156,82],[-2,223]]]}
