{"type":"Topology","bbox":[-76.19048100174146,6.99915964000758,-73.74578049992351,10.781877265397135],"transform":{"scale":[0.000003385120954067422,0.0000034456095261769775],"translate":[-81.73562055563167,-4.229406466336059]},"objects":{"MGN_ADM_MPIO_GRAFICO":{"type":"GeometryCollection","geometries":[{"type":"MultiPolygon","arcs":[[[20]],[[21]],[[22]],[[23]],[[24]],[[25]],[[26]],[[27]],[[28]],[[29]],[[30]],[[31]],[[32]],[[33]],[[34]],[[35]],[[36]],[[37]],[[38]],[[39]],[[40]],[[41]],[[42]],[[43]],[[44]],[[45]],[[46]],[[47]],[[48]],[[49]],[[50]],[[51]],[[52]],[[53]],[[54]],[[55]],[[56]],[[57]],[[58]],[[59]],[[60]],[[61]],[[62]],[[63]],[[64]],[[65]],[[66]],[[67]],[[68]],[[129,130,131,132,127,133]]],"bbox":[-76.19048100174146,9.377922316642012,-75.28689405059319,10.70318988064783],"properties":{"dpto_ccdgo":"13","mpio_ccdgo":"001","mpio_cdpmp":"13001","dpto_cnmbr":"BOLÍVAR","mpio_cnmbr":"CARTAGENA DE INDIAS"}},{"type":"Polygon","arcs":[[134,135,136,137,110,111,112,138]],"bbox":[-74.610733065623,8.366939134347373,-74.32224628767547,8.83865341530958],"properties":{"dpto_ccdgo":"13","mpio_ccdgo":"006","mpio_cdpmp":"13006","dpto_cnmbr":"BOLÍVAR","mpio_cnmbr":"ACHÍ"}},{"type":"Polygon","arcs":[[139,140,141]],"bbox":[-74.31963635941987,8.649472224274831,-74.07068779421586,8.839335645995762],"properties":{"dpto_ccdgo":"13","mpio_ccdgo":"030","mpio_cdpmp":"13030","dpto_cnmbr":"BOLÍVAR","mpio_cnmbr":"ALTOS DEL ROSARIO"}},{"type":"Polygon","arcs":[[142,143,144]],"bbox":[-74.33424315633668,8.154579328030032,-73.87179501255962,8.487352850458679],"properties":{"dpto_ccdgo":"13","mpio_ccdgo":"042","mpio_cdpmp":"13042","dpto_cnmbr":"BOLÍVAR","mpio_cnmbr":"ARENAL"}},{"type":"Polygon","arcs":[[145,146,147,124,148,149]],"bbox":[-75.54492828043794,10.017203480081257,-75.23549098890568,10.338706413749778],"properties":{"dpto_ccdgo":"13","mpio_ccdgo":"052","mpio_cdpmp":"13052","dpto_cnmbr":"BOLÍVAR","mpio_cnmbr":"ARJONA"}},{"type":"Polygon","arcs":[[150,151]],"bbox":[-75.1124892339187,10.156616287119903,-74.95486446181349,10.330126846029598],"properties":{"dpto_ccdgo":"13","mpio_ccdgo":"062","mpio_cdpmp":"13062","dpto_cnmbr":"BOLÍVAR","mpio_cnmbr":"ARROYOHONDO"}},{"type":"Polygon","arcs":[[152,153,-142,154,155]],"bbox":[-74.36056585687551,8.653324415725098,-74.03695844902953,8.955631858723287],"properties":{"dpto_ccdgo":"13","mpio_ccdgo":"074","mpio_cdpmp":"13074","dpto_cnmbr":"BOLÍVAR","mpio_cnmbr":"BARRANCO DE LOBA"}},{"type":"Polygon","arcs":[[-10,69,70,156,157,158,-151,159,160,161,-11]],"bbox":[-75.08918944639184,10.103898461369395,-74.91074618041912,10.363683637205035],"properties":{"dpto_ccdgo":"13","mpio_ccdgo":"140","mpio_cdpmp":"13140","dpto_cnmbr":"BOLÍVAR","mpio_cnmbr":"CALAMAR"}},{"type":"Polygon","arcs":[[107,-9,-8,162]],"bbox":[-74.29443413391685,7.001923018847574,-73.89541977169806,7.430539615856359],"properties":{"dpto_ccdgo":"13","mpio_ccdgo":"160","mpio_cdpmp":"13160","dpto_cnmbr":"BOLÍVAR","mpio_cnmbr":"CANTAGALLO"}},{"type":"Polygon","arcs":[[163,164,165]],"bbox":[-74.76035202667182,9.167716016278533,-74.61887766663848,9.305754025116235],"properties":{"dpto_ccdgo":"13","mpio_ccdgo":"188","mpio_cdpmp":"13188","dpto_cnmbr":"BOLÍVAR","mpio_cnmbr":"CICUCO"}},{"type":"Polygon","arcs":[[166,77,78,167,117,118,119,168]],"bbox":[-75.03646957265319,9.388479664230218,-74.77213563271293,9.680822404478704],"properties":{"dpto_ccdgo":"13","mpio_ccdgo":"212","mpio_cdpmp":"13212","dpto_cnmbr":"BOLÍVAR","mpio_cnmbr":"CÓRDOBA"}},{"type":"Polygon","arcs":[[169,170,-130,171]],"bbox":[-75.38865417159342,10.504922617292555,-75.23655053176431,10.618607057999238],"properties":{"dpto_ccdgo":"13","mpio_ccdgo":"222","mpio_cdpmp":"13222","dpto_cnmbr":"BOLÍVAR","mpio_cnmbr":"CLEMENCIA"}},{"type":"Polygon","arcs":[[172,-169,120,121,122,173,174]],"bbox":[-75.38350540262228,9.528292161973901,-74.94928916760215,9.879113787100662],"properties":{"dpto_ccdgo":"13","mpio_ccdgo":"244","mpio_cdpmp":"13244","dpto_cnmbr":"BOLÍVAR","mpio_cnmbr":"EL CARMEN DE BOLÍVAR"}},{"type":"Polygon","arcs":[[72,73,175,-157,71]],"bbox":[-75.06090337569965,9.942761086268202,-74.78765302716637,10.128565579967297],"properties":{"dpto_ccdgo":"13","mpio_ccdgo":"248","mpio_cdpmp":"13248","dpto_cnmbr":"BOLÍVAR","mpio_cnmbr":"EL GUAMO"}},{"type":"Polygon","arcs":[[96,97,176,177]],"bbox":[-73.9888423397884,8.723232387401703,-73.8183507229368,8.995959272617663],"properties":{"dpto_ccdgo":"13","mpio_ccdgo":"268","mpio_cdpmp":"13268","dpto_cnmbr":"BOLÍVAR","mpio_cnmbr":"EL PEÑÓN"}},{"type":"MultiPolygon","arcs":[[[178,179,180]],[[181,-156,182,183,95]]],"bbox":[-74.4325843051733,8.939351353712102,-73.97766467039808,9.04453203010818],"properties":{"dpto_ccdgo":"13","mpio_ccdgo":"300","mpio_cdpmp":"13300","dpto_cnmbr":"BOLÍVAR","mpio_cnmbr":"HATILLO DE LOBA"}},{"type":"Polygon","arcs":[[184,-165,185,186,-139,113,114,115,116,-168,79]],"bbox":[-74.95051458138751,8.81922017758194,-74.46027120945661,9.463900611148706],"properties":{"dpto_ccdgo":"13","mpio_ccdgo":"430","mpio_cdpmp":"13430","dpto_cnmbr":"BOLÍVAR","mpio_cnmbr":"MAGANGUÉ"}},{"type":"Polygon","arcs":[[187,-160,-152,-159,188,189,-147,190]],"bbox":[-75.28477496487595,10.035310158141316,-75.06165148743051,10.300553179466421],"properties":{"dpto_ccdgo":"13","mpio_ccdgo":"433","mpio_cdpmp":"13433","dpto_cnmbr":"BOLÍVAR","mpio_cnmbr":"MAHATES"}},{"type":"Polygon","arcs":[[87,88,89,90,91,92,93,94,-184,191,-179,192]],"bbox":[-74.3239083820639,8.945157205763708,-74.10031437280585,9.177022607608736],"properties":{"dpto_ccdgo":"13","mpio_ccdgo":"440","mpio_cdpmp":"13440","dpto_cnmbr":"BOLÍVAR","mpio_cnmbr":"MARGARITA"}},{"type":"Polygon","arcs":[[193,194,-174,123,-148,-190]],"bbox":[-75.4875200141779,9.8284288709706,-75.20504182592384,10.093589197667074],"properties":{"dpto_ccdgo":"13","mpio_ccdgo":"442","mpio_cdpmp":"13442","dpto_cnmbr":"BOLÍVAR","mpio_cnmbr":"MARÍA LA BAJA"}},{"type":"Polygon","arcs":[[195,-144,196,197,-3,-2,198,-137,199]],"bbox":[-74.68372981387651,7.430398345865786,-74.25624658443401,8.430276328657557],"properties":{"dpto_ccdgo":"13","mpio_ccdgo":"458","mpio_cdpmp":"13458","dpto_cnmbr":"BOLÍVAR","mpio_cnmbr":"MONTECRISTO"}},{"type":"Polygon","arcs":[[84,200,201,-186,-164,202,83]],"bbox":[-74.73103349408865,9.01742886557527,-74.35070161441536,9.274347294285132],"properties":{"dpto_ccdgo":"13","mpio_ccdgo":"468","mpio_cdpmp":"13468","dpto_cnmbr":"BOLÍVAR","mpio_cnmbr":"SANTA CRUZ DE MOMPOX"}},{"type":"Polygon","arcs":[[102,103,104,203,204,-197,-143,205]],"bbox":[-74.28569036649249,8.06361523653896,-73.74674864451637,8.474118264268633],"properties":{"dpto_ccdgo":"13","mpio_ccdgo":"473","mpio_cdpmp":"13473","dpto_cnmbr":"BOLÍVAR","mpio_cnmbr":"MORALES"}},{"type":"Polygon","arcs":[[206,207]],"bbox":[-74.25812532656352,8.367204446280887,-73.96524127649666,8.619057828987268],"properties":{"dpto_ccdgo":"13","mpio_ccdgo":"490","mpio_cdpmp":"13490","dpto_cnmbr":"BOLÍVAR","mpio_cnmbr":"NOROSÍ"}},{"type":"Polygon","arcs":[[-180,-192,-183,-155,-141,208,-135,-187,-202,209]],"bbox":[-74.60616653745596,8.649899479856078,-74.21160360929177,9.078102603721721],"properties":{"dpto_ccdgo":"13","mpio_ccdgo":"549","mpio_cdpmp":"13549","dpto_cnmbr":"BOLÍVAR","mpio_cnmbr":"PINILLOS"}},{"type":"Polygon","arcs":[[98,99,210,211,-177]],"bbox":[-73.9562910166941,8.61545027581336,-73.78915405470798,8.83544210723118],"properties":{"dpto_ccdgo":"13","mpio_ccdgo":"580","mpio_cdpmp":"13580","dpto_cnmbr":"BOLÍVAR","mpio_cnmbr":"REGIDOR"}},{"type":"Polygon","arcs":[[-211,100,101,-206,-145,-196,212,-208,213,214]],"bbox":[-74.37460733859298,8.188287726024623,-73.74578049992351,8.673973953615477],"properties":{"dpto_ccdgo":"13","mpio_ccdgo":"600","mpio_cdpmp":"13600","dpto_cnmbr":"BOLÍVAR","mpio_cnmbr":"RÍO VIEJO"}},{"type":"Polygon","arcs":[[-13,-12,-162,215,-14]],"bbox":[-75.11171742634116,10.336466767557763,-75.02401232754222,10.411973854714406],"properties":{"dpto_ccdgo":"13","mpio_ccdgo":"620","mpio_cdpmp":"13620","dpto_cnmbr":"BOLÍVAR","mpio_cnmbr":"SAN CRISTÓBAL"}},{"type":"Polygon","arcs":[[216,-191,-146,217,218,-16]],"bbox":[-75.29619974809593,10.277608865631608,-75.12654764124093,10.455495348639547],"properties":{"dpto_ccdgo":"13","mpio_ccdgo":"647","mpio_cdpmp":"13647","dpto_cnmbr":"BOLÍVAR","mpio_cnmbr":"SAN ESTANISLAO"}},{"type":"Polygon","arcs":[[86,-193,-181,-210,-201,85]],"bbox":[-74.48015202481984,8.98230776767495,-74.26358214154148,9.233303193609311],"properties":{"dpto_ccdgo":"13","mpio_ccdgo":"650","mpio_cdpmp":"13650","dpto_cnmbr":"BOLÍVAR","mpio_cnmbr":"SAN FERNANDO"}},{"type":"Polygon","arcs":[[219,-175,-195,220]],"bbox":[-75.31953338683232,9.758589811484518,-74.91846764131536,9.921563696463162],"properties":{"dpto_ccdgo":"13","mpio_ccdgo":"654","mpio_cdpmp":"13654","dpto_cnmbr":"BOLÍVAR","mpio_cnmbr":"SAN JACINTO"}},{"type":"Polygon","arcs":[[-199,-1,108,109,-138]],"bbox":[-74.83388362403608,8.031822597440925,-74.5016238470315,8.428022900027438],"properties":{"dpto_ccdgo":"13","mpio_ccdgo":"655","mpio_cdpmp":"13655","dpto_cnmbr":"BOLÍVAR","mpio_cnmbr":"SAN JACINTO DEL CAUCA"}},{"type":"Polygon","arcs":[[-176,74,221,-221,-194,-189,-158]],"bbox":[-75.25629932741033,9.85561128452261,-74.86259283484752,10.121584775067262],"properties":{"dpto_ccdgo":"13","mpio_ccdgo":"657","mpio_cdpmp":"13657","dpto_cnmbr":"BOLÍVAR","mpio_cnmbr":"SAN JUAN NEPOMUCENO"}},{"type":"Polygon","arcs":[[-212,-215,-153,-182,-178]],"bbox":[-74.13961562708258,8.638456610619643,-73.87238402360563,8.983927204152252],"properties":{"dpto_ccdgo":"13","mpio_ccdgo":"667","mpio_cdpmp":"13667","dpto_cnmbr":"BOLÍVAR","mpio_cnmbr":"SAN MARTÍN DE LOBA"}},{"type":"Polygon","arcs":[[106,-163,-7,-6,222,223]],"bbox":[-74.4098261369991,6.99915964000758,-73.79731558132823,7.724250263086738],"properties":{"dpto_ccdgo":"13","mpio_ccdgo":"670","mpio_cdpmp":"13670","dpto_cnmbr":"BOLÍVAR","mpio_cnmbr":"SAN PABLO"}},{"type":"Polygon","arcs":[[-19,-18,224,-172,-134,128,-20]],"bbox":[-75.34650264547336,10.504061214911012,-75.22318607423765,10.781877265397135],"properties":{"dpto_ccdgo":"13","mpio_ccdgo":"673","mpio_cdpmp":"13673","dpto_cnmbr":"BOLÍVAR","mpio_cnmbr":"SANTA CATALINA"}},{"type":"Polygon","arcs":[[225,226,-131,-171]],"bbox":[-75.44003692255521,10.401819643440762,-75.29320391605158,10.542924244756762],"properties":{"dpto_ccdgo":"13","mpio_ccdgo":"683","mpio_cdpmp":"13683","dpto_cnmbr":"BOLÍVAR","mpio_cnmbr":"SANTA ROSA"}},{"type":"Polygon","arcs":[[-223,-5,-4,-198,-205,227]],"bbox":[-74.57042643042291,7.343458726301289,-73.97900856341684,8.178664138618009],"properties":{"dpto_ccdgo":"13","mpio_ccdgo":"688","mpio_cdpmp":"13688","dpto_cnmbr":"BOLÍVAR","mpio_cnmbr":"SANTA ROSA DEL SUR"}},{"type":"Polygon","arcs":[[-228,-204,105,-224]],"bbox":[-74.2362980666517,7.573074145125723,-73.79801968648667,8.17893289616105],"properties":{"dpto_ccdgo":"13","mpio_ccdgo":"744","mpio_cdpmp":"13744","dpto_cnmbr":"BOLÍVAR","mpio_cnmbr":"SIMITÍ"}},{"type":"Polygon","arcs":[[-161,-188,-217,-15,-216]],"bbox":[-75.17315737165748,10.27076588511262,-75.06217956629933,10.410419884818099],"properties":{"dpto_ccdgo":"13","mpio_ccdgo":"760","mpio_cdpmp":"13760","dpto_cnmbr":"BOLÍVAR","mpio_cnmbr":"SOPLAVIENTO"}},{"type":"Polygon","arcs":[[81,82,-203,-166,-185,80]],"bbox":[-74.75639820539747,9.190539733779929,-74.53047184780206,9.426877536789934],"properties":{"dpto_ccdgo":"13","mpio_ccdgo":"780","mpio_cdpmp":"13780","dpto_cnmbr":"BOLÍVAR","mpio_cnmbr":"TALAIGUA NUEVO"}},{"type":"Polygon","arcs":[[-140,-154,-214,-207,-213,-200,-136,-209]],"bbox":[-74.44709293358243,8.276422972094702,-74.13383722561397,8.664646688628116],"properties":{"dpto_ccdgo":"13","mpio_ccdgo":"810","mpio_cdpmp":"13810","dpto_cnmbr":"BOLÍVAR","mpio_cnmbr":"TIQUISIO"}},{"type":"Polygon","arcs":[[228,-218,-150,229,-132,-227]],"bbox":[-75.47604445414362,10.271682417246584,-75.28055371904622,10.42540828625697],"properties":{"dpto_ccdgo":"13","mpio_ccdgo":"836","mpio_cdpmp":"13836","dpto_cnmbr":"BOLÍVAR","mpio_cnmbr":"TURBACO"}},{"type":"Polygon","arcs":[[-230,-149,125,126,-133]],"bbox":[-75.58133187117798,10.086429221071679,-75.38316012028497,10.32079613543271],"properties":{"dpto_ccdgo":"13","mpio_ccdgo":"838","mpio_cdpmp":"13838","dpto_cnmbr":"BOLÍVAR","mpio_cnmbr":"TURBANA"}},{"type":"Polygon","arcs":[[-225,-17,-219,-229,-226,-170]],"bbox":[-75.33597153418526,10.362136558527782,-75.1924424057328,10.527694650651059],"properties":{"dpto_ccdgo":"13","mpio_ccdgo":"873","mpio_cdpmp":"13873","dpto_cnmbr":"BOLÍVAR","mpio_cnmbr":"VILLANUEVA"}},{"type":"Polygon","arcs":[[76,-167,-173,-220,-222,75]],"bbox":[-74.96633325160587,9.651603635696722,-74.78752777769108,9.87234660999125],"properties":{"dpto_ccdgo":"13","mpio_ccdgo":"894","mpio_cdpmp":"13894","dpto_cnmbr":"BOLÍVAR","mpio_cnmbr":"ZAMBRANO"}}]}},"arcs":[[[2039820,3607301],[904,-255],[550,-6],[174,-194],[293,-29],[100,-122],[22,-199],[273,-260],[183,-756],[118,-19],[76,111],[93,-51],[251,-601],[250,-159],[-74,-422],[136,-8],[365,208],[152,-315],[207,268],[102,-63],[67,-225],[-213,-479],[192,-145],[92,-337],[485,-81],[246,-370],[416,-246],[238,-297],[141,-571],[-420,-2282],[-103,-1333],[66,-171],[163,-149],[378,-145],[985,-211],[873,-749],[571,-202],[1087,-869],[576,-1140],[79,-1198],[270,-1070],[390,-522],[655,-632],[331,-149],[505,-500],[28,-1255],[270,-412],[182,-522],[797,-731],[857,-205],[105,-363],[217,-20],[96,-142],[514,-220],[194,-296],[365,-192],[515,-615],[199,-430],[261,-338],[664,-60],[512,502],[714,481],[538,96],[129,-80],[176,-299],[612,211],[167,153],[163,356],[-148,745],[161,385],[112,29],[792,-553],[511,-170],[291,-221],[665,14],[768,-271],[640,-473],[672,-359],[272,-246],[284,-113],[1039,-1120],[695,-532],[403,-53],[947,435],[1126,205],[381,-49],[226,-292],[539,-119],[193,-134],[171,-926],[446,-649],[-124,-594],[280,-1214],[533,-920],[684,-568],[155,-459],[490,-237],[310,-13],[527,347],[169,218],[203,67],[334,-24],[777,-994],[-97,-370],[380,-995],[1187,-761],[1022,-250],[470,100],[135,53],[222,687],[140,81],[974,-41],[721,-155],[742,-412],[432,-895],[766,-483],[533,-170],[363,-307],[141,-237],[141,-602],[243,-232],[620,-222],[1094,-27],[68,-94],[49,-574],[243,-417],[107,-488],[272,-341],[277,-583],[572,-487],[116,-204],[30,-170],[-275,-864],[165,-293],[98,-531],[128,-137],[995,-387],[926,-141],[628,-649],[331,-27],[163,128],[223,14],[333,-539],[356,-54],[452,-295],[351,-36],[389,-487],[447,148],[543,357],[580,1005],[605,157],[453,4],[524,-395],[927,-311],[1634,-56],[413,-820],[421,-492],[254,-1517],[-144,-588],[514,-820],[-9,-1047],[98,-181],[483,-182],[665,-13],[1055,-306],[1062,-658]],[[2103615,3558508],[139,-37],[1516,465],[1138,1131],[337,178],[265,10],[167,-135],[-39,-269],[-407,-878],[65,-353],[280,-264],[473,-729],[695,-433],[381,-732],[18,-1277],[146,-814],[734,-1428],[718,-597],[143,-341],[161,-1477],[411,-416],[403,-86],[1118,-590],[873,-718],[742,-860],[92,-1899],[564,-564],[333,-220],[220,-344],[107,-325],[-67,-325],[42,-303],[203,-586],[374,-400],[616,-294],[615,-102],[737,-1113],[207,-501],[1103,-626],[193,-406]],[[2119431,3539850],[321,-679],[37,-728],[370,-689],[509,-468],[481,-66],[341,-179],[725,-763],[677,-946],[236,-545],[352,-176],[1872,-106],[354,-215],[276,-422],[249,-910],[-104,-564],[7,-531],[387,-1058],[139,-1031],[-205,-564],[-33,-1158],[168,-572],[-34,-1364],[-137,-353],[242,-846],[400,-491],[576,-274],[724,-72],[768,-274],[733,-394],[776,-1153],[431,-394],[367,-661],[193,-723],[-118,-304],[-383,-391],[-221,-420],[-88,-535],[59,-666],[-87,-752],[-206,-767],[-129,-1167],[353,-1307],[31,-1433],[103,-895],[-188,-2216],[-103,-361],[-354,-406],[-150,-335],[-113,-1278],[-606,-703],[-88,-275],[83,-289],[-3,-1433],[176,-1652],[-42,-733],[537,-1244],[453,-569],[345,-1127],[830,-1120],[337,-1002],[96,-807],[272,-903],[39,-893],[-114,-964],[40,-1801],[-103,-292],[-320,-315],[-395,-724],[-449,-486],[-856,-1345],[-129,-1010],[56,-271],[-190,-1121],[49,-115],[919,-460],[508,44],[261,161],[119,191],[575,242],[358,7],[284,-95],[291,-189],[98,-234],[-40,-1370],[140,-2010],[118,-662],[324,-1012],[68,-1140],[-203,-634],[-57,-2128],[207,-903],[71,-1584],[371,-1311],[206,-1254],[-16,-442],[191,-490],[-185,-545],[422,-297],[17,-545],[373,-699],[793,-58],[243,-156],[409,-862],[51,-782],[591,-355],[538,-930],[702,129],[810,404],[678,-44],[906,117],[165,-98],[29,-626],[394,-539],[-45,-396],[1457,111],[725,-71],[564,-300],[285,-423],[130,-364],[-443,-649],[-84,-1032],[-316,-249],[-62,-150],[207,-1903],[210,-347],[35,-1912],[-72,-269],[-228,-97],[-1000,-122],[-528,-198],[-469,-386],[-965,-586],[-387,-447],[-200,-61],[-401,6],[-976,274],[-310,143],[-90,242],[-207,102],[-691,-143],[-1007,-14],[-1807,285],[-478,-156],[-602,5],[-917,-173],[-745,-239],[-249,-260],[-272,-765],[-504,-288],[-789,-157],[-2115,-58],[-651,-446],[-281,-36],[-349,-417],[-242,-484],[-454,-418],[-1260,-734],[-348,-485],[-207,-485],[-172,-432],[-101,-656],[-1061,-631],[-1141,-972],[-457,-142],[-632,-74],[-596,-211],[-1051,-560],[-65,-621],[-558,-625],[-277,-554],[-68,-299],[-46,-2658],[-159,-548],[-213,-1716],[4,-874],[-102,-459],[118,-501],[585,-687],[235,-458],[132,-516],[15,-759],[-130,-788],[-738,-1043],[-371,-927],[-103,-1367],[-129,-317],[62,-859],[334,-401],[45,-358],[-102,-545],[-1182,-1729],[-107,-1007],[46,-1379],[178,-206],[22,-2689],[-139,-242],[-33,-276],[47,-1413],[214,-309],[763,-3033],[8,-995],[-67,-345],[-313,-451],[-454,-452],[-102,-414],[21,-2586],[289,-963],[178,-205],[73,-276],[-68,-400],[-245,-106],[-452,-658],[-245,-106],[-667,-177],[-3375,-27],[-422,-72],[-908,-662],[-139,-243],[14,-1689],[-623,-1211],[-172,-553],[21,-2483],[108,-395],[470,-615],[872,-403],[-6,-1000],[-2377,-2739],[-631,-1187],[-122,-896],[26,-1090],[223,-532],[618,-314],[99,-460],[445,-605],[396,-847],[495,-556],[420,-750],[174,-702],[715,581],[916,338],[286,-745],[-89,-657],[-444,-436],[-296,-533],[297,-436],[1080,-726],[361,-834],[1293,-431],[750,-450],[642,-48],[2012,714]],[[2118796,3384674],[144,-428],[430,-578],[8,-327]],[[2119378,3383341],[50,-1197],[251,-521],[-52,-621],[53,-535],[363,-1128],[1100,-85],[976,-266],[1145,-497],[1147,-1684],[698,-496],[2244,-1041],[24,-349],[403,-311],[318,-664],[340,-312],[1019,-1520],[762,-576],[1145,-373],[763,-415],[403,-581],[318,-769],[424,-477],[488,-290],[827,-685],[551,-789],[234,-810],[102,-1415],[324,-849],[467,-686],[657,-685],[1712,-3025],[558,-671],[953,-290],[1377,43],[1038,188],[1313,43],[1355,396],[1146,537],[273,357],[389,940],[-194,2095],[120,414],[232,271],[2249,739],[1140,219],[995,354],[410,1749],[435,1077],[381,520],[487,312],[400,141],[1936,407],[662,-253],[1787,30],[560,101],[703,269],[934,765],[1013,1383],[1645,3150],[218,666],[-80,1068],[-681,2138],[-82,856],[92,1655],[1112,5268],[-22,301],[-330,101],[-2518,-136],[-231,172],[22,322],[115,322],[1056,1581],[408,445],[697,1350],[317,999],[317,570],[683,172],[1465,-170],[1213,52],[1657,530],[883,100],[1866,417],[1874,528],[514,269],[912,1012],[971,2330],[99,471],[820,-111],[693,-234],[824,-586],[718,45],[988,-1181]],[[2179521,3396297],[286,-401],[33,-1063],[86,-350],[898,-1236],[689,-271],[463,395],[221,9],[333,-137],[412,-15],[569,-284],[592,44],[797,-458],[263,-245],[541,-19],[513,84],[192,-249],[53,-299],[377,-510],[411,-208],[343,5],[699,-514],[174,-873],[178,-317],[738,-340],[372,-273],[188,-430],[280,-226],[191,-290],[426,-1104],[-316,-266],[-134,-238],[-184,-12],[-210,-513],[-294,-278],[-367,-591],[-269,-152],[-705,69],[-206,-124],[-155,-399],[67,-632],[139,-383],[-282,-524],[-1330,-1121],[-361,-95],[-258,-559],[-805,-453],[-82,-200],[-90,-953],[-293,-522],[-211,-90],[-376,125],[-392,-92],[-324,-436],[-27,-453],[-161,-258],[-151,-550],[-421,-550],[-109,-522],[-156,-171],[-620,-544],[-429,-164],[-268,196],[-739,-211],[-173,-207],[-493,-260],[-51,-127],[51,-193],[-79,-110],[-1108,-723],[-95,-190],[10,-486],[274,-860],[-37,-204],[-683,-496],[-551,-1144],[-782,-493],[-136,-176],[-137,-430],[-486,-57],[-275,-120],[-538,-833],[-204,-193],[-20,-403],[163,-757],[-198,-647],[177,-367],[-203,-825],[-953,173],[-721,-267],[-381,-410],[-639,-466],[-683,143],[-493,-53],[-585,-503],[119,-597],[-177,-293],[-54,-337],[-432,-626],[-310,-280],[-730,-436],[-408,-104],[-143,-440],[-388,-133],[-78,-106],[-31,-581],[160,-550],[-14,-213],[-473,-410],[-248,-656],[-401,-667],[-115,-890],[226,-447],[-85,-484],[-180,-209],[-207,40],[-75,113],[-88,-176],[275,-351],[221,-103],[-242,-280],[241,-780],[-336,-233],[-55,-124],[425,-1020],[-48,-53],[-486,47],[-132,-220],[156,-207],[479,-3],[217,-571],[-3,-130],[-272,14],[-37,-57],[278,-600],[-278,-10],[-31,-60],[356,-290],[602,130],[-248,-557],[47,-190],[690,-20],[160,-217],[411,-90],[5,-195],[-118,-229],[41,-720],[657,-805],[334,-639],[615,115],[620,-28],[122,-81],[240,-432],[-74,-258],[-268,-221],[-258,-398],[437,-342],[-6,-201],[-119,-187],[-330,49],[-132,-143],[348,-420],[-68,-114],[-197,-51],[-159,-220],[331,-360],[24,-130],[-241,-114],[-251,-325],[532,-539],[-230,-241],[106,-170],[-282,-294],[120,-163],[0,-187],[188,-70],[-214,-247],[194,47],[48,-50],[-184,-94],[48,-47],[334,-15],[54,-120],[-47,-127],[89,-100],[-61,-191],[-170,-113],[111,-421],[-279,-24],[-99,-87],[300,-189],[8,-201],[-306,-141],[54,-106],[-47,-114],[-269,12],[-94,-183],[179,-921],[-190,29],[-61,-90],[121,-684],[123,-134]],[[2170178,3336491],[174,-152],[-64,-264],[51,-190],[-335,-422],[-133,27],[-55,197],[-116,63],[-68,-24],[-40,-204],[65,-183],[208,-193],[66,-397],[-115,-70],[-477,45],[-597,-679],[-421,-229],[-177,-1078],[62,-331],[-216,-441],[-108,-474],[-319,-34],[228,-253],[-179,-91],[143,-143],[-207,-244],[222,-123],[-242,-124],[283,-133],[-125,-151],[180,-83],[28,-196],[-255,-1159],[-227,-462],[-168,-691],[35,-324],[-598,-339],[-19,-123],[292,-46],[-36,-277],[-791,-820],[-516,-382],[-95,80],[-28,263],[-109,-10],[186,-781],[372,-202],[-342,-605],[-30,-201],[337,-15],[-129,-221],[228,-16],[48,-117],[-88,-93],[-568,-65],[-720,-423],[21,-254],[-229,30],[93,-127],[401,81],[-106,-212],[-249,-123],[223,-427],[-163,-162],[373,-581],[417,-149],[146,-476],[286,-351],[21,-152],[-329,-883],[-337,102],[-192,-23],[-314,-719],[-283,-185],[-319,-427],[-17,-169],[532,-423],[134,-193],[-27,-275],[-203,-311],[-23,-167],[147,-589],[-345,-335],[501,-710],[448,-233],[181,-574],[164,-20],[471,205],[430,-120],[450,61],[174,-128],[174,-443],[-119,-214],[-3,-387],[165,-469],[69,-535],[-101,-871],[547,-403],[176,-301],[-49,-1343],[163,-71],[352,66],[106,194],[300,140],[101,284],[97,27],[283,-330],[41,-645],[-277,-229],[-21,-117],[241,-193],[46,-219],[336,-79],[234,-246],[88,-294],[328,-399],[-237,-578],[-61,-486],[46,-44],[193,121],[419,-137],[-53,296],[242,163],[99,-89],[1,-393],[442,-636],[-221,-245],[49,-257],[55,-122],[238,-48],[260,-604],[-25,-413],[284,-418],[-35,-608],[157,-344],[67,-122],[343,-26],[339,-269],[266,-598],[194,-185],[218,-43],[66,-119],[-56,-1147],[183,-325],[50,-265],[-215,-262],[-39,-166],[201,-574],[-53,-397],[51,-170],[334,-299],[235,-348],[299,-160],[432,-485],[480,-266],[201,-338],[31,-206],[-77,-245],[250,-224],[76,-296],[-468,-376],[-37,-403],[-417,-325],[354,-844],[447,-195],[-107,-219],[-9,-650],[-416,-128],[-134,-212],[48,-356],[360,-60],[164,-133],[50,-439],[194,-357],[-35,-68],[-524,-98],[-472,-212],[222,-401],[-137,-1144],[48,-282],[508,-406],[84,-562],[173,-113],[183,-375],[481,-313],[182,-627],[307,114],[458,475],[161,-56],[29,-205],[-94,-379],[299,-1350],[105,44],[48,441],[217,295],[1170,-48],[432,367],[339,111],[102,-168],[-43,-572],[223,-357],[120,-456],[98,-156],[329,-223],[164,-267],[11,-493],[-284,-492],[175,-758],[-128,-372],[41,-416],[-157,-632],[157,-440],[34,-602],[-405,-390],[-51,-228],[84,-536],[744,-1863],[53,-362],[-280,-950],[40,-960],[-221,-1780],[-268,-768],[-178,-1158],[137,-1026],[-81,-162],[-326,-255],[-115,-263],[308,-1019],[124,-149],[71,-414],[131,-198],[0,-264],[-211,-282],[-278,-85],[-220,-170],[-209,-587],[430,-599],[0,-132],[-253,0],[-73,-76],[-57,-1925],[192,174],[1154,485],[586,87],[280,-133],[586,9],[657,-241],[574,148],[402,-9],[304,202],[509,-66],[323,-187],[362,235],[276,27],[549,-124],[814,-365],[175,-6],[187,196],[126,383],[-37,251],[190,256],[455,353],[343,-9],[206,386],[347,205],[83,268],[172,76],[543,-67],[439,-253],[157,-265],[125,-890],[396,-440],[427,-184],[71,-166],[202,-133],[200,-838],[-25,-465],[381,-108],[847,332],[491,-190],[68,-278],[-86,-208],[-522,-329],[49,-386],[319,-494],[838,-356],[546,727],[301,93],[390,272],[1179,253],[540,-51],[328,359],[534,262],[126,-51],[132,-211],[166,-429],[325,-72],[838,-482],[228,60],[221,178],[233,482],[9,272],[-169,349],[34,190],[301,420],[205,117]],[[2201309,3261542],[433,-12],[359,299],[363,78],[521,495],[307,187],[347,-172],[817,120],[552,-579],[786,-6],[577,-178],[537,-15],[1360,-238],[160,-715],[214,-512],[228,-184],[650,157],[1495,-112],[282,-130],[406,-361],[280,-55],[597,215],[477,435]],[[2213057,3260259],[10847,9722],[38077,32979],[40595,35317],[-230,-650],[-88,4],[-17,-516],[-62,16],[-55,-229],[-278,40],[-22,-80],[114,-22],[-43,-139],[195,-32],[-112,-499],[141,-31],[327,1371],[537,1185],[7058,6139]],[[2016124,4203491],[-46,359],[-179,244],[-1845,2106],[-1337,1856],[-4414,5704]],[[2008303,4213760],[-6094,7780],[-1984,2737],[-1898,1253],[-3317,3579],[-484,350],[-1507,813],[-3139,2885],[-991,833],[-456,286],[-449,183],[-3406,677],[-1920,135]],[[1982658,4235271],[-638,154],[-711,340],[-1387,1043]],[[1979922,4236808],[-3126,1696],[-2954,2325],[-600,753],[-3814,5451],[-650,708],[-893,700]],[[1967885,4248441],[-1518,592],[-1149,245],[-783,-65],[-1067,-378]],[[1963368,4248835],[-5377,-1912],[-961,-195],[-1999,-163],[-725,-170],[-1917,-1009]],[[1952389,4245386],[-2020,1795],[74,354],[282,195],[-1277,651],[-80,103],[61,113],[-436,329],[-480,-34],[-189,449],[109,158],[-369,88],[-316,-87],[-25,633],[-251,771],[-296,224],[-212,321],[-997,418],[-254,372],[-624,568],[-100,308],[63,619],[-110,1129],[-178,233],[-100,-16],[-123,107],[-21,691],[-216,165],[-377,88],[-142,233],[-310,215],[-280,475],[-38,254],[103,416],[-266,567],[-277,235],[-665,249],[-909,650],[-336,144],[-248,235],[-76,457],[-252,130],[16,98],[-204,336],[-847,476],[-536,177],[-358,278],[-757,161],[-140,-559],[-398,-425],[-1814,-442],[-758,10],[-420,-124],[-338,44],[-754,-99]],[[1932923,4260322],[-829,-331],[-533,713],[-2412,1952],[1462,3597],[-431,106],[-45,-80],[-228,-18],[-55,127],[-232,-117],[-106,169],[-508,41],[-125,80],[-61,-91],[-189,65],[27,212],[-200,169],[215,212],[-78,206],[-433,326],[-149,-49],[-129,94],[-332,52],[-328,-172],[-793,-39],[-23,100],[-445,218],[-393,97],[-1365,1244],[-587,81],[-152,-101],[-105,-419],[-101,-96],[-349,-87],[10,-697],[-387,16],[-311,-99],[-83,56],[-76,517],[-127,150],[-756,281],[-407,14],[-163,813],[163,768],[-548,1361],[-170,39],[-298,671],[-268,227],[-80,408],[-730,446],[-75,1245],[-367,374],[155,869]],[[1918393,4276042],[462,500],[379,603],[265,717],[382,349],[-597,485],[-172,1082],[283,982],[208,245],[-105,411],[83,620],[386,1110],[453,747],[961,817],[366,892],[778,292],[698,1033],[1,625],[-271,518],[-517,416],[-33,595],[51,137],[287,192],[418,531],[663,258],[-203,405],[174,174],[-51,157],[-102,-39],[-306,356],[207,106],[-88,467],[-169,77],[-126,250],[-112,-51],[-188,70]],[[1922858,4292171],[-202,-93],[-82,106],[-171,-7],[-33,-226],[-209,194],[-252,-393],[-99,22],[-63,236],[-252,-120],[-81,-161],[-160,-16],[-335,210],[-39,-119],[-212,-16],[-54,332],[-120,202],[164,172],[-139,4],[-43,193],[-172,13],[-144,234],[34,140],[-185,782],[-213,395],[-23,249],[377,836],[335,1139],[400,540],[454,854],[876,683],[113,382],[76,1052],[299,751],[-23,450],[-152,561],[103,67],[146,-106],[82,27],[179,397],[-131,387],[219,264],[88,338],[-521,503],[83,391],[150,164],[17,264],[231,382],[-662,927],[113,197],[-12,155],[162,149],[118,356],[-151,369],[-13,340],[-321,209],[-79,273],[-208,247],[134,115],[177,391],[158,43],[229,-65],[418,269],[181,270],[-13,235],[103,169],[-189,167],[-72,259],[492,279],[102,253],[-331,380],[89,541],[-110,574],[55,237],[-186,-15],[129,431],[226,226],[-551,646],[-308,865],[-393,585],[-216,927],[-22,895],[-549,445],[-884,447],[-559,474],[-462,225],[-1444,1249],[341,379],[137,-49],[382,965],[-167,495],[-76,824],[-195,404],[-28,279],[-154,202],[132,569],[-700,-199],[-221,1120],[-336,1024],[-279,606],[-292,254],[648,1002],[248,550],[323,266],[-197,514],[80,1146],[-635,1203],[-752,566]],[[1916584,4331689],[-114,366],[17,251],[357,1034],[-110,164],[-376,204],[6,106],[758,2242],[23,479],[-180,283],[380,491],[178,413],[-150,260],[-146,35],[-397,-92],[-207,341],[-333,102],[-122,427],[286,293],[32,142],[-86,271],[-340,42],[1365,2271],[91,5],[175,-175],[-152,-43],[-85,-318],[-189,-235],[62,-61],[148,45],[384,410],[5,163],[147,63],[61,319],[300,238],[-82,194],[-501,-58],[-251,320],[272,451],[-191,316],[405,742],[-29,364],[443,507],[329,175],[-35,160],[134,234],[-6,212],[-348,709],[11,108],[314,92],[264,275],[408,221],[478,689],[919,794],[393,455],[8,110],[149,-58],[66,110],[197,-72],[45,483],[-161,91],[304,12],[-93,367],[94,178],[66,91],[134,-140],[283,131],[-60,1255],[201,465],[108,1521],[-742,845],[-70,236],[-842,404],[-665,175],[-275,-235],[-937,53],[-535,-69],[-852,345],[-480,-320],[-883,-122],[-305,193],[-374,-528],[-1066,595],[446,1036],[-1008,37],[-812,154],[-1494,113],[-478,-1599],[-308,105],[-391,380],[-283,160],[-225,40],[-296,-72]],[[1642754,3955172],[200,-26],[265,-174],[95,-155],[-94,-196],[-238,24],[-104,-257],[-97,-46],[-1,-153],[162,-152],[-148,-51],[-36,-211],[68,-96],[170,27],[-89,-85],[115,-164],[87,-4],[-273,-325],[57,-68],[161,73],[-70,-249],[99,-129],[-107,-40],[39,-79],[-62,37],[-39,-128],[164,-46],[7,-301],[207,-162],[-134,-116],[-170,95],[-292,7],[-7,-60],[-4,59],[-114,0],[-264,-230],[-103,-565],[202,-581],[-195,-300],[114,-329],[-170,-170],[-263,-43],[-93,-122],[35,-69],[-212,-149],[-73,-215],[-397,-36],[-98,88],[-482,92],[-519,384],[-123,25],[-122,-84],[-80,91],[-200,-15],[-231,377],[-122,25],[58,79],[-101,246],[-114,-5],[-191,276],[-72,-17],[-50,97],[-432,-73],[-32,118],[-115,-6],[-32,298],[166,72],[112,371],[-44,329],[103,262],[-61,171],[151,86],[107,199],[-151,630],[78,217],[360,109],[77,100],[-11,-99],[140,20],[350,341],[132,253],[212,34],[158,213],[912,385],[1345,321],[524,-50]],[[1767465,4053939],[796,-150],[996,-473],[705,21],[735,203],[565,28],[-121,-95],[-580,-41],[-1105,-647],[-563,-152],[-605,145],[-899,716],[-383,600],[459,-155]],[[1732240,4067001],[64,37],[89,-94],[104,74],[409,-16],[-35,-113],[248,-334],[-15,-265],[78,-133],[-63,-102],[-439,-103],[-2,-68],[-3,64],[-241,-4],[-345,-125],[-515,38],[-279,-119],[-153,115],[-113,-36],[-157,218],[65,42],[129,622],[266,163],[262,-5],[7,126],[22,-106],[27,103],[75,-107],[457,84],[26,135],[32,-91]],[[1735882,4067759],[242,-65],[101,-163],[-299,-123],[-200,296],[156,55]],[[1737630,4069802],[7,-314],[-262,238],[17,85],[238,-9]],[[1737527,4070227],[-18,-188],[-152,-76],[-75,239],[116,36],[64,149],[65,-160]],[[1736613,4070463],[88,-125],[-152,-126],[-99,237],[163,14]],[[1737004,4070606],[245,-5],[75,-135],[-375,-124],[-39,223],[94,41]],[[1737695,4070777],[-120,-139],[-48,125],[-78,-36],[35,247],[211,-197]],[[1738267,4073004],[105,-84],[-112,-49],[21,-382],[210,-179],[-2,-378],[79,-67],[112,-57],[36,50],[-13,-87],[231,-146],[559,-241],[82,58],[12,-70],[311,-3],[-13,103],[82,-74],[79,20],[-24,84],[74,-101],[104,63],[-36,49],[99,-2],[-15,-270],[-185,-50],[97,-510],[-122,-238],[-103,39],[-108,324],[-52,-467],[-235,-118],[-98,175],[-8,418],[-70,66],[-199,-219],[-110,-48],[-158,57],[-234,-235],[123,-250],[196,26],[391,-165],[68,-330],[141,143],[-10,254],[285,-70],[170,181],[54,-81],[-39,-262],[-153,-135],[220,-12],[52,-179],[78,137],[-44,584],[98,227],[123,9],[110,-168],[311,-27],[212,14],[159,124],[80,207],[-68,168],[-372,-145],[-255,183],[-161,-224],[-110,1],[93,648],[176,48],[526,-170],[445,-48],[70,114],[-16,-85],[142,-84],[123,25],[706,-246],[1368,-164],[366,-150],[77,-187],[770,157],[309,-294],[122,-258],[-156,-240],[-47,-436],[-92,-68],[-42,-252],[-238,-188],[-694,78],[0,-62],[-5,87],[-82,16],[-53,-130],[5,120],[-394,38],[-482,-123],[-1099,14],[-549,-145],[-392,29],[23,-149],[-31,148],[-121,8],[-29,-139],[21,141],[-277,83],[-36,-74],[-88,67],[-852,16],[-1067,-30],[-234,-68],[-109,48],[-271,-85],[-12,-66],[-17,59],[-92,-64],[-30,76],[-243,-53],[-599,-308],[-361,29],[-100,218],[-87,-13],[97,61],[-69,218],[-103,114],[-122,-19],[146,103],[214,-4],[-41,217],[-175,-38],[-71,106],[84,43],[20,157],[215,44],[60,116],[-79,320],[-204,264],[99,11],[118,-199],[109,-15],[69,-650],[-61,-396],[29,-314],[79,-55],[166,168],[-62,483],[59,218],[80,56],[113,-54],[180,-279],[21,236],[156,-12],[-54,371],[249,193],[38,-64],[-116,-84],[-4,-137],[79,-462],[186,-27],[61,714],[-158,219],[102,505],[169,274],[63,-38],[34,-340],[223,223],[-91,602],[-321,679],[-109,-150],[-31,-248],[109,-117],[39,-207],[-155,-263],[-130,-713],[-149,350],[83,234],[-36,201],[-111,164],[85,266],[-459,122],[6,-101],[194,-114],[8,-300],[-309,124],[-289,1],[-16,-56],[268,-167],[-123,-116],[-116,194],[-92,13],[-83,328],[67,160],[203,94],[27,159],[225,71],[10,119],[248,27],[91,248],[120,-6],[-38,99],[158,109],[144,-34],[99,207],[-30,238],[105,7]],[[1774917,4172191],[163,-397],[-61,-175],[-162,85],[-117,186],[177,301]],[[1785240,4173145],[-34,-154],[-210,-104],[-43,186],[148,92],[139,-20]],[[1790192,4176493],[451,-34],[-1038,-119],[194,130],[393,23]],[[1760592,4177301],[-97,-8],[-6,-71],[35,219],[68,-140]],[[1794907,4177389],[-67,-91],[-98,62],[81,91],[84,-62]],[[1791484,4177500],[221,-185],[-483,-319],[38,-110],[201,29],[-70,-121],[-133,-11],[-61,-289],[12,570],[-133,204],[69,-66],[130,56],[209,242]],[[1796325,4177690],[108,-172],[-96,-87],[-136,72],[-36,143],[160,44]],[[1794351,4177779],[3,-81],[-97,-28],[16,101],[78,8]],[[1756581,4178224],[180,-34],[-9,-118],[186,-91],[192,-12],[216,123],[-102,-150],[-42,-413],[-203,42],[-81,-86],[-153,88],[-162,-90],[198,-35],[132,-179],[226,-43],[292,-269],[188,-20],[-14,-69],[312,-306],[49,-331],[372,-105],[42,-100],[-669,-582],[-1428,-279],[-91,374],[-164,166],[-429,292],[-221,7],[-139,553],[-409,672],[-106,19],[62,118],[-221,290],[34,294],[-144,249],[403,-180],[136,9],[57,119],[155,-271],[393,-24],[643,230],[83,-73],[169,15],[86,132],[-96,88],[77,-20]],[[1793976,4178256],[12,-67],[-43,59],[-56,-52],[100,-58],[-9,-110],[-151,-6],[-55,146],[202,88]],[[1792667,4178155],[364,31],[-239,-114],[-126,-176],[-91,333],[54,60],[38,-134]],[[1754301,4178491],[157,-252],[-223,75],[-12,141],[78,36]],[[1796451,4179822],[380,-328],[-40,-295],[174,-343],[-7,-286],[-243,-327],[-604,-51],[-162,-160],[-249,-20],[-126,-89],[-184,105],[163,324],[-233,102],[231,235],[-204,192],[-235,-74],[-65,-448],[-233,-211],[-261,51],[108,214],[-109,15],[150,249],[-42,186],[-425,-78],[-303,97],[-15,-76],[-11,73],[-649,-659],[-368,144],[-123,132],[-383,-41],[-202,-669],[261,-514],[-275,112],[-89,-30],[-22,-116],[-65,238],[134,462],[-98,77],[153,165],[-50,44],[53,114],[138,109],[-44,71],[68,-26],[175,199],[155,-44],[1052,341],[295,-47],[16,80],[488,-102],[232,-1],[81,79],[199,-75],[429,43],[430,158],[116,153],[-9,197],[113,-154],[180,231],[25,255],[129,17]],[[1762794,4180530],[158,-6],[25,-303],[102,-54],[14,115],[97,58],[24,-213],[-147,-1],[-179,190],[-130,-197],[55,127],[-167,91],[58,-12],[-32,165],[147,99],[-25,-59]],[[1765551,4180799],[136,-1],[44,-78],[-127,-9],[-53,88]],[[1761729,4181227],[22,-136],[-166,102],[144,34]],[[1762013,4181274],[-72,-401],[-99,71],[-38,-108],[-216,39],[156,-16],[22,385],[77,-28],[125,117],[45,-59]],[[1765699,4181294],[25,-187],[-245,-106],[-1,266],[201,90],[93,144],[-73,-207]],[[1763547,4181575],[-60,-124],[-57,132],[117,-8]],[[1760356,4181616],[127,-156],[-11,-106],[-73,118],[-91,-3],[48,147]],[[1766865,4181673],[69,-194],[-72,-438],[63,42],[1,-115],[141,6],[33,-224],[88,72],[52,-43],[-6,88],[21,-92],[150,2],[5,93],[165,104],[-45,254],[175,194],[-12,193],[122,15],[23,73],[38,-506],[-76,-257],[76,-118],[-235,-124],[-87,-239],[-348,-114],[-178,-228],[-226,-76],[-512,209],[-130,142],[-130,-7],[-114,157],[220,-37],[83,66],[129,-206],[281,153],[22,148],[-80,34],[-12,214],[-92,53],[147,288],[80,24],[130,460],[41,-66]],[[1791738,4181807],[131,-98],[-3,-119],[125,7],[25,-357],[-92,129],[-82,-38],[-31,101],[-312,73],[56,242],[183,60]],[[1759836,4181785],[165,-112],[59,112],[44,-36],[-82,-224],[-184,36],[-132,160],[130,64]],[[1760292,4181765],[-5,-75],[-63,255],[68,-180]],[[1768263,4181983],[297,-58],[48,177],[-12,-273],[-48,57],[-142,-42],[-78,-247],[145,-451],[-155,-670],[53,252],[-165,157],[25,286],[-221,204],[-58,277],[181,186],[57,-79],[-28,400],[101,-176]],[[1760651,4182156],[-9,-62],[-86,23],[95,39]],[[1760150,4182188],[-25,-180],[-55,152],[80,28]],[[1761836,4182289],[37,-121],[-142,73],[105,48]],[[1768609,4182400],[-4,-2],[-3,1],[-4,6],[-3,13],[-4,9],[-4,10],[-7,12],[-3,6],[-3,7],[-3,6],[-8,11],[-4,2],[-5,2],[-6,6],[-4,8],[-6,12],[-1,9],[0,11],[1,8],[4,9],[-1,6],[-4,7],[-9,16],[-8,26],[-3,11],[0,5],[2,5],[4,3],[6,2],[1,-1],[4,-1],[2,-1],[4,-5],[2,-4],[5,-11],[7,-15],[6,-17],[6,-17],[12,-31],[23,-47],[9,-40],[0,-7],[0,-6],[1,-5],[2,-11],[-2,-5],[-2,-3]],[[1777708,4182871],[166,-48],[-197,-31],[-45,86],[76,-7]],[[1776622,4183105],[121,-122],[-69,-147],[56,-22],[-57,18],[-23,-120],[-197,-139],[-14,237],[-70,-9],[57,27],[-81,113],[205,228],[72,-64]],[[1771986,4183147],[48,-108],[188,2],[4,-290],[163,-144],[205,-69],[11,53],[-5,-58],[233,-86],[43,65],[-34,-69],[204,-60],[293,-40],[16,102],[-9,-103],[84,-7],[17,78],[-11,-80],[601,-48],[266,45],[472,233],[48,-70],[254,109],[28,233],[273,252],[100,-32],[47,-125],[-234,-127],[15,-187],[164,-75],[61,43],[198,-221],[180,20],[80,128],[-36,-99],[109,-129],[-104,-9],[-185,-242],[36,-111],[-88,58],[-368,-451],[-38,-69],[104,-128],[-115,125],[-386,-120],[77,478],[-101,137],[-535,-430],[-214,-435],[-388,39],[-121,-82],[-138,105],[-79,-77],[33,-98],[-85,133],[-161,-127],[17,-67],[-24,65],[-72,-96],[-19,64],[-68,-24],[12,-83],[-19,81],[-71,-22],[23,-60],[-29,56],[-119,-58],[-834,-1141],[-293,37],[-123,-129],[-344,165],[-503,-191],[-470,93],[-170,-267],[-173,36],[6,-129],[-904,411],[-84,119],[-12,591],[-65,35],[53,90],[-142,268],[46,245],[-78,-18],[75,30],[-91,758],[46,420],[-137,172],[-43,245],[296,40],[151,160],[147,-30],[140,96],[-10,78],[117,6],[-64,112],[65,6],[165,-151],[-203,-182],[89,-331],[-35,-218],[91,-22],[56,-136],[321,-5],[17,386],[272,-281],[163,-40],[42,67],[-24,-62],[646,-153],[239,74],[173,-93],[107,27],[-23,92],[30,-89],[205,79],[194,197],[-27,57],[56,-47],[82,99],[17,207],[-197,31],[-78,210],[3,214],[105,122],[61,-48]],[[1775257,4183350],[-76,-44],[-23,87],[99,-43]],[[1774763,4183375],[132,-23],[-33,-88],[-194,115],[95,-4]],[[1777805,4183416],[14,-96],[-101,-57],[57,202],[30,-49]],[[1772017,4183481],[-6,-1],[-4,1],[-1,4],[1,4],[0,5],[-1,10],[-2,5],[-7,8],[8,8],[13,2],[21,-14],[2,-21],[-10,-8],[-3,-1],[-6,-2],[-5,0]],[[1771748,4183538],[104,-51],[-99,-26],[-68,64],[63,13]],[[1819137,4220768],[473,-175],[-13,-177],[-115,-46],[-23,-117],[-106,-16],[-195,138],[-160,375],[-221,8],[162,356],[138,17],[-100,-60],[4,-99],[156,-204]],[[1819801,4240400],[82,-138],[253,-116],[-93,-431],[117,-294],[511,-588],[131,-37],[-15,-156],[154,-7],[389,-500],[294,-151],[608,-93],[64,-203],[274,-228],[987,-671],[825,-344],[279,-10],[48,-231],[199,-178],[-1,-100],[607,-20],[644,171],[15,-152],[156,-99],[584,137],[306,-170],[468,42],[-1,-102],[221,-111],[524,19],[157,-104],[503,-73],[-24,-134],[355,-103],[3,-75],[647,-118],[-79,-250],[262,-160],[289,-318],[459,-966],[-135,-232],[-102,11],[90,150],[-90,110],[0,315],[-219,177],[45,204],[-169,39],[-95,-44],[-62,-288],[-163,-160],[101,-271],[-79,-198],[40,-155],[-184,-138],[-11,92],[-160,107],[-89,303],[-164,45],[-45,160],[-191,-39],[-140,326],[-96,-22],[-6,-221],[-78,-88],[-101,-6],[73,205],[-163,110],[-164,-155],[-33,-94],[73,-60],[-96,-83],[-928,-199],[-380,-337],[-299,66],[-80,161],[-93,-128],[106,-195],[341,9],[4,-340],[-329,-278],[5,-468],[476,-365],[63,-145],[743,-319],[637,-112],[-211,295],[-384,244],[-118,-54],[-203,100],[-113,455],[-60,34],[-42,-191],[-114,-95],[-343,247],[26,209],[137,96],[57,636],[71,101],[369,172],[437,35],[401,-228],[-95,-89],[-264,-35],[-177,-246],[95,-284],[291,-40],[-89,-312],[47,-85],[499,-185],[365,19],[89,-52],[-4,-211],[127,-115],[627,197],[476,-349],[-511,-823],[-375,-261],[-216,-53],[-508,-443],[61,-109],[63,33],[126,-95],[-38,-142],[100,-35],[-116,-192],[-860,74],[-306,-149],[-123,-297],[108,-154],[-551,-1142],[-216,-53],[-179,182],[-201,-47],[-104,163],[34,166],[-138,204],[-323,246],[-144,-28],[-354,-331],[-273,17],[-45,149],[158,-14],[45,146],[177,22],[36,299],[-95,138],[-194,66],[123,152],[-392,435],[-164,-137],[-9,-281],[-45,33],[3,279],[-236,226],[110,241],[-90,389],[-186,188],[-174,-64],[-96,-199],[-96,75],[-2,160],[-118,20],[-310,-194],[-157,-257],[34,-386],[211,-594],[-95,-197],[194,-162],[165,7],[-109,-245],[154,-401],[-108,-117],[-85,166],[-432,369],[-179,380],[-250,-294],[-7,-148],[-253,52],[70,141],[-88,532],[106,124],[20,240],[-258,503],[-585,265],[-113,28],[-191,-337],[-118,66],[-270,-619],[-197,-199],[-1018,22],[-106,155],[-372,-166],[-78,-105],[275,-204],[-11,-310],[-292,-209],[0,-199],[-287,-172],[-371,-447],[-79,-22],[-51,83],[-11,276],[-185,-111],[-225,23],[-225,-371],[-220,-210],[-101,0],[293,-458],[641,-321],[135,-342],[-107,-304],[69,-32],[42,-308],[271,-208],[245,22],[135,-89],[-420,-475],[-38,-185],[-163,-103],[28,-73],[-312,-106],[-324,-324],[49,-48],[-52,-46],[-56,60],[-194,-230],[-211,-11],[-12,117],[-123,-49],[-2,-89],[-90,6],[-352,-373],[-46,-80],[232,-185],[274,-8],[172,107],[-29,-208],[-327,-39],[110,-35],[179,80],[-5,-207],[-223,6],[66,-115],[-260,-200],[72,107],[-210,413],[-1029,443],[-227,-118],[-171,320],[-707,165],[-177,-33],[-302,275],[30,156],[112,9],[70,169],[-2,365],[-344,378],[34,370],[-303,288],[-141,640],[152,476],[38,738],[352,511],[147,576],[-168,308],[-253,252],[91,214],[-95,266],[42,407],[-105,166],[-74,597],[-165,152],[288,190],[-7,118],[228,193],[395,851],[-26,523],[-215,225],[-90,4],[-139,208],[28,226],[169,207],[-54,255],[170,101],[127,200],[189,4],[208,155],[23,308],[247,25],[440,298],[224,448],[-150,199],[80,85],[-61,230],[226,236],[230,116],[480,37],[667,443],[325,353],[18,231],[196,255],[50,372],[181,247],[53,300],[98,-34],[-9,199],[154,51],[-108,302],[344,407],[-56,48],[30,246],[-217,6],[70,425],[-104,-37],[-82,-187],[-60,133],[237,303],[531,271]],[[2016124,4203491],[-1442,-4598]],[[2014682,4198893],[-377,-1126],[-154,-233],[305,-165],[-439,-627],[-1370,-1081],[-766,-891],[-944,-2532],[-541,-2338],[-219,-1854],[-270,-862],[-29,-1881],[195,-2271],[-97,-947],[-446,-1383],[-710,-1230],[-531,-1155],[-249,-1655],[-1165,-1805],[-435,-827],[-719,-2231],[-172,-1773],[125,-1770],[220,-1222]],[[2005894,4167034],[534,-1225],[902,-1202],[1103,-1667],[1157,-708],[640,-268],[1198,-864],[909,-298],[1157,-98],[2698,-54],[1544,116],[2722,65],[1043,-276],[1003,-515],[1986,-1348],[1064,-514],[1186,-515],[1595,-334],[1411,-474],[1535,-673],[3253,-1783],[2581,-1849],[2984,-3781],[997,-1114],[338,-745]],[[2041434,4146910],[1077,-2353],[315,-1433],[1101,-1665],[1668,-1454],[2675,-1909],[2418,-2552],[1247,-1810]],[[2051935,4133734],[377,-746],[123,-539],[57,-648],[-99,-259],[-885,-1038],[-1281,-2086],[-1160,-1633],[-742,-746],[-708,-488],[-1073,-1038],[-675,-444],[-641,-606],[-365,-422],[-663,-1103],[-542,-508],[-828,-1190],[-476,-271],[-1075,-369],[-2202,-1419],[-1439,-651],[-444,-98],[-521,215],[-909,-100],[-1727,-608],[-819,-455],[-1527,-1213],[-774,-887],[-553,-920]],[[2030364,4113464],[-352,-561],[-575,-638],[-620,-99],[-266,-173],[-885,-315],[-464,-627],[-99,-508],[59,-1479],[169,-1090],[457,-1240],[233,-2163],[-390,-470],[36,-2840],[-1436,-1596],[-539,-968],[-393,-1000],[-211,-809],[-560,-4215]],[[2024528,4092673],[312,-1698],[224,-732],[962,-2145],[951,-1321],[168,-393],[59,-631],[353,39],[1025,-201],[757,-353],[648,-545],[362,-659],[162,-75],[450,-830],[311,-298],[628,-2125],[543,-1049],[1510,-1912],[1915,-1711],[314,-344],[82,-214],[347,-167],[614,-635]],[[2037225,4074674],[639,-490],[207,-431],[722,-823],[2926,-2633],[890,-699],[1638,-855],[202,-1552],[2114,-4402],[746,-2196],[1,-255],[-840,-1947],[-424,-1593],[-261,-620],[-605,-927],[-484,-1193],[-487,-1516],[54,-551],[75,-291],[513,-538],[762,-535],[1146,-1317],[1528,-2471],[680,-1359],[848,-865],[1441,-1209],[953,-994],[295,-668],[35,-1082],[-651,-1052],[-882,-839],[-2700,-950],[-670,-745],[-376,-650],[-105,-874],[612,-2381],[519,-887],[654,-784],[2649,-2591]],[[2051589,4028909],[1482,-1958],[489,-1259],[788,-1378],[1309,-3080],[190,-1463],[489,-1657],[469,-1117],[144,-594],[137,-1483],[-427,-4984],[-254,-1088],[-1156,-1926],[-608,-665],[-143,-280],[-501,-280],[-1288,-1086],[-1569,-1632],[-1040,-959],[-1148,-918],[-1731,-920],[-345,-766],[-102,-1088],[92,-598],[464,-663],[958,-764],[1707,-1170],[1378,-1385],[604,-741],[580,-809],[774,-1400],[870,-1318],[662,-1292],[582,-1378]],[[2055445,3986810],[349,-743],[234,-998],[-71,-714],[-340,-951],[-4080,-5335],[-1279,-1267],[-1197,-952],[-1127,-437],[-611,-368],[-469,-506],[-467,-986],[-162,-1560],[262,-1352],[684,-1282],[848,-1099],[603,-459]],[[2048622,3967801],[1255,1044],[490,698],[1068,1178],[1337,829],[891,829],[1471,1135],[847,437],[848,176],[2856,-38],[1665,-487],[635,-325],[646,-455],[1105,-1051],[2130,-2641],[741,-1493],[272,-813],[34,-925],[-200,-1627],[122,-1138]],[[2066835,3963134],[238,-541],[613,-765],[1281,-802],[791,-278],[1940,-140],[584,66],[2154,581],[535,254],[377,366],[727,489],[2201,952],[560,38],[318,-282],[443,-640],[490,-528],[1017,-772],[1243,-469],[1701,-320],[1690,-543],[500,-207],[466,-340],[213,-325],[138,-423],[105,-1471],[206,-808],[273,-624],[666,-1084],[566,-1437],[618,-916],[670,-651],[1259,-594]],[[2091418,3950920],[963,-376],[1011,-191],[3111,-329],[2693,-472],[1723,-771],[978,-827],[704,-784],[811,-1234],[314,-786],[229,-1001],[50,-1298],[-161,-744],[-312,-785],[-21,-1307],[-312,-1069],[97,-353],[820,-715],[1382,-996],[2123,-1864],[2455,-1542],[1174,-380],[2252,-459],[966,-121],[1052,-373],[1470,-684],[567,-303],[484,-386],[494,-851],[499,-1564],[-298,-197],[230,-386],[238,-2338],[269,-850],[290,-322],[1197,-965],[604,-893],[1392,-2542],[496,-710],[1106,-982],[1538,-1020],[911,-998],[508,-911],[502,-1524]],[[2128017,3913717],[425,-2329],[-5,-1618]],[[2128437,3909770],[93,-126],[261,-88],[808,384],[723,-77],[598,-499],[599,-1049],[820,-660],[575,-244],[358,-66],[996,79],[677,273],[1637,1013],[1987,1806],[1188,617],[1621,1038],[462,555],[1119,970],[1243,1285],[621,1184],[638,459],[303,325],[1000,558],[1706,845],[1259,-159],[1323,-448],[1385,-197],[424,8],[909,267],[990,910],[542,276],[540,110],[668,-16],[635,-280],[423,-364],[226,-369],[115,-622],[-208,-618],[1,-1181],[-107,-35],[140,-657],[855,-1707],[1108,-2663],[720,-1260],[719,-801],[604,-506]],[[2161741,3908040],[634,-449],[326,-558],[556,-1558],[616,-1135],[593,-998],[215,-177],[611,-902],[551,-521],[280,-210],[953,-45],[334,-86],[302,98],[770,70],[946,383]],[[2169428,3901952],[1372,723],[203,22],[310,318],[462,291],[792,291],[2228,1097],[785,204],[476,225],[810,529],[1968,1005],[1205,405],[866,145],[1209,-6],[1402,-425],[648,-310],[1055,-754],[795,-980],[2232,-1561],[1052,-464],[928,-572],[2305,-1119],[799,-773],[480,-122],[864,-384],[696,-491],[1276,-526]],[[2196646,3898720],[961,-402],[300,-266],[1008,-1657],[260,-649],[42,-350],[-31,-287],[-252,-667],[-496,-620],[-430,-701],[-700,-2286]],[[2197308,3890835],[-241,-591],[-351,-1312],[-121,-1917],[133,-598],[328,-508],[644,-309],[1225,-280],[1203,-173],[652,-19],[1014,214],[941,479],[340,271],[1232,1379],[2161,1243],[1349,-540],[2566,-141],[310,-82],[860,-457],[1181,-1067],[693,-950],[501,-469],[441,-621],[418,-868],[704,-1126],[1893,-1734],[331,-127],[514,-415],[1323,-776],[415,-138],[208,-208],[127,-495],[-132,-164],[-453,-293],[-1456,-470],[-335,-281],[-417,-645],[-48,-246],[12,-293],[227,-610],[453,-411],[967,-410],[2125,-111],[807,-191],[200,-194],[211,-617],[195,-311],[591,-305],[204,-188],[817,-1797],[1052,-1709],[573,-606],[686,-446],[180,-28],[2434,-1349],[2078,-565],[1492,-674],[298,-222],[207,-322]],[[2233270,3865042],[102,-277],[-32,-410],[-555,-791],[-237,-582],[93,-818],[422,-637],[430,-298],[929,-321],[2788,-171],[594,-137]],[[2237804,3860600],[30,-13]],[[2237834,3860587],[517,-260],[288,-264]],[[2238639,3860063],[36,-47]],[[2238675,3860016],[30,-60]],[[2238705,3859956],[12,-35]],[[2238717,3859921],[6,-213],[-336,-1087],[-62,-1257],[139,-818],[167,-307],[201,-175],[408,-153],[670,-108],[988,141],[658,281],[1057,820],[1404,730],[742,325],[660,85],[174,-100],[106,-206],[72,-846],[165,-687],[198,-387],[296,-337],[1155,-766],[2197,-816],[389,-204],[229,-243],[86,-445],[-70,-425],[-326,-466],[-420,-225],[-915,-99],[-1792,359],[-987,38],[-1129,-245],[-934,-493],[-595,-643],[-207,-679],[80,-1136],[170,-377],[240,-294],[973,-628],[791,-266],[1225,-81],[872,163],[866,475],[727,802],[252,430],[325,1207],[341,495],[267,160],[624,136],[1063,-1],[274,-231],[595,-1307],[258,-1286],[820,-1212],[115,-749],[321,-619],[313,-366],[283,-223],[412,-159],[231,-279]],[[2255549,3844924],[291,-549],[394,-287],[1048,-257],[690,87],[544,217],[659,422],[1524,1823],[1268,655],[319,90],[479,-14],[463,-129],[713,-496],[550,-505],[1251,-632],[840,-143],[978,-325],[905,19],[-46,141],[1970,713],[824,521],[325,860],[137,1788],[232,680],[20,399],[250,770],[257,511],[333,393],[444,339],[1138,406],[319,-41],[296,-434],[148,-487],[-142,-803],[9,-555],[208,-705],[550,-1077],[332,-381],[1162,-854],[833,-124],[904,-242],[669,119],[857,624],[1151,1111],[1040,310],[500,-147],[755,-362],[297,-272],[390,-595],[146,-755],[460,-807],[346,-443],[804,-798],[67,91],[594,-605],[738,-389],[1774,-1171],[135,-323],[-101,42],[62,-237],[-67,-246],[-549,-100],[-632,88],[-1050,564],[-923,283],[-904,9],[-499,-102],[-343,-166],[-274,-222],[-460,-607],[-213,-620],[-12,-762],[336,-1111],[523,-885],[127,-80],[1516,408],[529,54],[515,-41],[921,-318],[905,-736],[858,-1372],[812,-648],[1013,-669]],[[2291781,3834832],[334,292],[144,496],[1609,898],[404,326],[272,282],[360,759],[300,65],[422,229],[614,145],[1014,-10],[434,-31],[328,-125],[380,-260],[115,-295],[1495,-166],[397,-143],[1033,-650],[1542,-1353],[546,-273],[3068,-743],[920,-682],[1080,-396],[946,-187],[994,-13],[1165,223],[2026,613],[704,126],[280,-58],[729,-423],[1128,-428],[2194,-2287],[874,-1031],[201,-66],[804,7],[648,-215],[1164,-595],[1023,-850],[930,-1540],[430,-1414],[37,-938],[-378,-1610],[-212,-1447]],[[2324279,3821064],[176,-699],[-16,-791],[-118,-425],[-456,-732],[-1,-1562],[-201,-1013],[-439,-935],[-157,-990],[-475,-14],[518,-3220],[120,39],[296,-1544],[1077,-2462],[1928,-2411],[957,-984],[2218,-1724],[1865,-1941],[3229,-3638],[819,-781],[1416,-1772],[851,-931],[958,-866]],[[2338844,3791668],[862,14],[794,-206],[1437,-818],[534,-686],[234,-784],[400,-720],[493,-669],[797,-211],[590,-378],[370,-348],[305,-543],[128,-479],[35,-598],[-30,-1675],[106,-1752],[496,-1892],[252,-1295],[-21,-498],[-229,21],[-255,-1600],[305,-33],[-26,-166],[-165,-598],[-192,-1373],[-262,-482],[-1,-2059],[266,-784],[201,-196],[133,-229],[34,-261],[334,-425],[33,-262],[434,-1013],[233,-784],[-1,-511]],[[2347468,3767375],[-33,-665],[-134,-229],[-502,-718],[-837,-849],[-267,-65],[-687,-423],[-272,-413],[-513,-313],[-769,-261],[-936,-554],[-267,-33],[-1016,-796],[-121,-260],[-236,-214],[-467,-1255],[-776,-1623],[-63,-373],[118,-497],[533,-1061],[246,-784],[339,-368],[66,-1347],[100,-262],[367,-490],[0,-294],[267,-1078],[33,-850],[-102,-688],[-247,-774],[-1812,-3313],[-16,-1226],[-83,-549],[-506,-655],[-68,-1822],[-214,-656],[-322,-245]],[[2338271,3741372],[140,-2578],[59,-285],[145,-228],[28,-1140],[262,-769],[57,-1738],[117,-285],[377,-1938],[262,-513],[262,-1026],[547,-729],[826,-900],[1537,-1530],[399,-899],[295,253],[516,-413],[648,-746],[826,-3467],[246,-1382],[1385,-3226],[681,-1117],[1476,-3055],[2031,-1384],[285,-319],[77,-546],[-174,-975],[-826,-2016],[101,-1740],[-205,-3341],[-509,-3394],[-29,-1330],[101,-791],[360,-904],[865,-1498],[433,-1060],[-15,-833],[634,-975],[779,-863],[1382,-1854],[1336,-1045],[903,-477],[674,-689],[487,-884],[473,-660],[803,-773],[631,-814],[257,-1123],[66,-1396],[-282,-2330]],[[2360000,3679647],[-588,-1197],[-268,-939],[372,-3478],[-470,-6361],[129,-732]],[[2359175,3666940],[59,-334],[-59,-2149],[106,-733],[43,-1686],[-90,-902],[-313,-1003],[-30,-319],[595,-5282],[-118,-668],[-847,-1972],[-503,-926],[-388,-1207],[-662,-2455],[-187,-1025],[18,-803],[368,-1106],[444,-533],[473,-422],[504,-303],[617,-572],[179,135],[162,-147],[356,-628],[94,-670],[-208,-539],[-611,-705],[80,-108],[-718,-435],[-832,-350],[-746,-561],[-546,-673],[-237,-471],[-193,-1085],[52,-1065],[418,-1562],[1230,-2302],[1015,-1695],[266,-700],[-9,-801],[-225,-657],[-422,-421],[-2318,-1532],[-557,-743],[-242,-539],[-522,-2400],[-9,-776],[94,-716],[-35,-1332],[-337,-901],[-301,-388],[-698,-488],[-337,-362],[-1146,-1626],[-173,-396],[-320,-2065],[-319,-1095],[-785,-2065],[30,-520],[189,-379],[792,-1071],[249,-1012],[-44,-640],[-190,-742],[-53,-1449],[120,-683],[224,-523],[472,-1711],[223,-1551],[258,-784],[256,-2259],[-62,-2208]],[[2352769,3594144],[-504,-1610],[-491,-985],[-201,-191]],[[2351573,3591358],[-411,-391],[-224,-1043],[-245,-419],[-572,-400],[-1122,-578],[-695,-259],[-1469,-179],[-3102,-218],[-1468,-755],[-457,-446],[-620,-995],[-492,-1693],[-1103,-1104],[-1413,-1988],[-879,-960],[-491,-312],[-413,-84],[-1137,-446],[-2902,-2240],[-836,-775],[-1051,-1154],[-525,-329],[-2247,-1027],[-1594,-1508],[-318,-472],[-147,-455],[-327,-589],[-629,-910],[-375,-1894]],[[2324309,3567735],[127,-717],[194,-2335],[-631,-2725],[-453,-2715],[-75,-2139],[109,-1057],[-490,-1327],[474,-3237],[13,-1769],[151,-2297],[163,-1251],[490,-2149],[490,-1443],[1244,-1636],[6563,-6077],[1104,-1612],[1151,-2588],[131,-1122],[-230,-674],[-557,-737],[-1,-1187],[195,-2277],[163,-833],[-197,-866],[-688,-1767],[68,-2043],[413,-3247],[1618,-2598],[1279,-1711],[872,-1540],[116,-1026],[-408,-1083],[-49,-440],[166,-470],[331,-505],[248,-1418],[-221,-1212],[58,-1387],[-66,-987],[-357,-1903],[-88,-910],[147,-807],[295,-662],[284,-301],[370,-610],[778,-772],[1502,-1741],[343,-601],[294,-722],[661,-3680],[735,-963],[73,-931],[232,-627],[1071,-1440],[301,-893],[35,-944],[-612,-758],[-1214,-1810],[-145,-247],[-114,-720],[-172,-264],[-1499,-1515],[-515,-673],[-1180,-1875],[-516,-529],[-613,-120],[-1228,-432],[-982,-601],[-540,-793],[-615,-1323],[-49,-505],[363,-773],[589,-626],[2379,-1709],[1717,-1973],[711,-987],[417,-794],[98,-553],[-99,-625],[-344,-1010],[-1007,-1996]],[[2339680,3459813],[-43,-1045],[859,-1381],[299,-720],[486,-1604],[351,-1613],[855,-1229],[305,-257],[2005,-2268],[261,-727],[-131,-1026],[-568,-1239],[-1091,-598],[-829,43],[-1724,641],[-886,-222],[-590,-384],[-417,-576],[-132,-898],[103,-950],[687,-1203],[784,-866],[466,-746],[334,-835],[155,-2118],[-451,-938],[-760,-920],[-1381,-865],[-2305,-824],[-345,-229],[-194,-325],[-193,-676],[41,-352],[358,-1042],[0,-474],[-415,-1190],[-30,-1293],[-353,-1045],[-29,-897],[113,-507],[-31,-284],[-756,-477],[-311,-527],[-518,-589],[-1149,-801],[-269,-375],[-467,-1238],[-415,-1765],[-457,-2526],[-383,-1603],[-539,-1644],[-259,-365],[-1388,-689],[-786,20],[-2474,377],[-476,-152],[-476,-568],[-124,-314],[-239,-1390],[-156,-366],[-859,-862],[-995,-671],[-425,-481],[-229,-609],[-33,-930],[-328,-1058],[-556,-545],[-2421,-801],[-4187,-672],[-949,-416],[-840,-530],[-607,-685],[-313,-577],[-129,-523],[-19,-1065],[-198,-660],[-382,-533],[-281,-777],[-276,-1557],[23,-970],[155,-229],[534,-469],[1103,-740],[552,-866],[369,-1144],[-25,-920],[-174,-735],[-6,-484],[632,-607],[564,-314],[533,-595],[239,-613],[244,-1426],[1189,-1804],[384,-439],[204,-590],[-18,-378]],[[2316077,3383864],[-162,-6177],[-344,-1106],[-491,-578],[-123,-1034],[-50,-2381],[-442,-1467],[-736,-529],[-711,-384],[-515,-457],[-1,-241],[1029,-3704],[73,-1588],[-49,-938],[-565,-2980],[-832,-3185],[-506,-2784],[-314,-1133],[-118,28],[-539,-1730],[-173,-2381],[73,-2309],[-123,-890],[-417,-1082]],[[2039820,3607301],[-191,894],[106,698],[-302,520],[-12,627],[-368,765],[43,517],[-153,348],[79,928],[-177,624],[268,769],[969,620],[250,22],[273,-101],[432,77],[186,1428],[1775,-516],[274,-245],[303,-669],[236,-122],[117,181],[441,346],[173,371],[884,589],[592,236],[99,541],[-12,546],[571,777],[372,1060],[521,322],[1492,264],[658,258],[281,265],[355,588],[-243,1258],[-362,494],[-810,429],[-1521,627],[-355,291],[-357,495],[-82,265],[14,1113],[-412,817],[263,1215],[-208,355],[38,481],[-57,207],[219,-107],[-29,124],[225,52],[72,227],[465,-143],[233,-146],[27,-279],[400,-81],[4,-292],[566,-390],[327,-16],[437,-264],[1084,-240],[952,416],[428,555],[456,358],[854,287],[1037,780],[464,203]],[[2054484,3629920],[1910,369],[954,38],[193,82],[395,741],[136,116],[67,326],[-237,909],[180,43],[41,314],[458,220],[288,1169],[517,508],[961,291],[665,73],[1478,365],[739,363],[1035,218],[1778,-1661],[2087,1408],[-148,-243],[43,-480],[-146,-710],[158,-436],[-122,-467],[70,-267],[126,-192],[934,-821],[82,-765],[356,-377],[171,-167],[627,-55],[126,98],[-62,336],[105,624],[219,291],[233,48],[296,327],[-78,803],[-152,298],[230,791],[-289,602],[-239,190],[336,433],[36,287],[446,404],[227,325],[1084,437],[474,295],[175,68],[1062,35],[764,-253],[439,-328],[652,-59],[350,-110],[284,-188],[470,-537],[313,-155],[858,-179],[858,11],[402,-232],[654,55],[590,-184],[267,-125],[517,-438],[191,-5],[166,-104],[117,-312],[162,-74],[56,-155],[489,-133],[967,39],[300,177],[246,29],[121,199],[699,83],[462,297],[1934,141],[719,-451],[146,-15],[432,-353],[649,-820],[22,-398],[-119,-974],[227,-492],[8,-445],[211,-428],[223,-219],[479,-236],[482,-38],[820,129],[860,771],[291,574],[-49,554],[-321,736],[-177,845],[147,680],[-224,670],[-63,710],[301,611],[306,151],[-256,410],[-284,184],[205,92],[220,298],[-11,119],[-196,43],[-73,127],[2,361],[134,511],[174,280],[0,363],[189,107],[-13,174],[148,33],[-88,178],[99,196],[-70,225],[207,50],[513,353],[365,373],[347,219],[282,596],[457,175],[19,176],[238,249],[238,462],[231,-178],[82,160],[92,17],[67,-151],[234,-124],[155,286],[256,88],[48,259],[210,31],[169,-66],[8,140],[245,101],[399,437],[251,19],[740,958],[87,675],[342,209],[214,300],[279,123],[45,188],[546,729],[97,178],[-35,256],[200,359],[176,31],[242,-354],[317,23],[19,627],[410,335],[282,640],[487,306],[296,402],[384,-35],[169,112],[6,181],[-368,318],[-69,264],[-333,541],[-45,869],[-401,307],[-254,535],[324,205],[95,237],[740,942],[76,327],[-82,475],[590,745],[44,573],[-68,283],[221,220],[74,608],[302,351],[68,341],[-749,1924],[-255,379],[-423,339],[-98,181],[17,107],[284,273],[-3,474],[338,468],[214,596],[163,45],[104,-58],[93,120],[27,379],[299,718],[-64,868],[185,481],[-138,505],[-835,626],[-233,533],[628,-91],[494,159],[893,15],[608,-480],[981,-82],[436,-291],[882,-48],[324,-137],[-127,-431],[1046,-961],[61,-160],[-45,-165],[-492,-500],[-77,-153],[63,-255],[141,-266],[165,-45],[302,295],[195,-41],[231,-402],[136,-580],[580,-736],[843,-673],[20,-203],[-128,-276],[423,26],[372,440],[2009,-34],[241,189],[204,-54],[2740,1068],[1647,92],[-43,463],[95,36],[123,833],[-79,1066],[68,530],[344,1247],[765,1275],[328,800],[377,506],[2172,1337],[389,377],[669,950],[997,973],[308,621]],[[2125952,3673495],[319,1108],[84,605],[-63,2053],[107,537],[-5,1097],[135,97],[719,1192],[318,352],[19,407],[188,314],[42,521],[-51,1809],[-127,342],[34,277],[-70,203],[12,933],[-183,1284],[-147,484],[146,22],[-85,465],[-142,211],[-211,796],[27,161],[-1213,1308],[0,163],[-203,358],[-537,673],[-77,262],[-306,486],[-729,823],[-77,262],[-1992,1570],[-50,170],[-464,353],[-544,1132],[10,544],[-811,-1],[-541,-94],[-239,-140],[-537,-530],[-493,323],[-891,9],[-137,141],[-240,711]],[[2116947,3697288],[206,310],[459,30],[211,161],[91,360],[-46,519],[-237,689],[-325,516],[-637,731],[-520,1151],[-196,548],[217,79],[-51,506],[-379,-121],[-142,272],[-59,592],[105,1013],[-105,619],[96,680],[-85,327],[-555,682],[-131,295],[331,68],[139,254],[181,86],[72,183],[520,344],[318,57],[181,-147],[586,-23],[301,212],[75,203],[295,58],[217,-92],[73,-136],[435,339],[65,331],[-67,1112],[-176,323],[-63,1236],[387,599],[12,1210],[-83,480],[251,246],[76,236],[-231,277],[-114,509],[-120,125],[-327,105],[-492,574],[-358,180],[-1497,1800],[-317,210],[-195,29],[-503,503],[-300,102],[-715,533],[-496,42],[-756,315],[-67,153],[-644,510],[-574,106],[-788,285],[-798,16],[-199,371],[-100,636],[16,1055],[-156,179],[59,488],[697,1427],[595,475],[527,729],[27,162],[419,77],[-208,1148],[-68,35],[9,120],[-295,227],[-111,360],[89,182],[-29,254],[177,183],[81,313],[-36,271],[269,393],[132,706],[-19,587],[250,699],[39,463],[-472,1151],[-155,867],[-166,179],[-133,320],[-312,311],[-300,625],[-1107,898],[-267,301],[-594,1432],[86,313],[-120,716],[-131,6],[25,272],[148,-13],[126,234],[176,623],[347,301],[1328,1547],[303,679],[51,529],[-100,378],[-254,379],[-738,770],[-397,303],[-421,565],[107,981],[417,1030],[249,1031],[-78,534],[8,1186],[-528,1931],[-272,361],[-701,1430],[-324,1384],[-506,778],[-130,140],[-48,-34],[-304,403],[-135,107],[-432,-242],[-283,520],[231,126],[-249,394],[-353,903],[-229,1030],[249,1244]],[[2105475,3761263],[575,838],[577,580],[563,420],[440,522],[263,502],[110,812],[-157,678],[-637,771],[-809,752],[-1376,883],[-157,193],[-101,450],[44,534],[567,971],[609,510],[872,-13],[891,123],[367,-13],[482,-142],[354,246],[1328,-231],[574,-466],[317,23],[510,371],[-18,484],[-182,390],[1,429],[561,667],[19,341],[113,155],[125,27],[259,-106],[387,52],[739,428],[636,195],[349,368],[282,130],[408,-224],[514,-536],[589,353],[231,659],[-234,341],[-140,89],[-1163,33],[-220,153],[-63,323],[42,232],[-109,107],[463,1591],[337,139],[765,912],[1277,892],[858,940],[342,201],[721,242],[1343,186],[95,113],[30,409],[550,82],[1038,494],[534,-30],[535,-347],[272,-49],[1138,6],[361,-78],[390,300],[57,767],[-86,385],[-164,303],[-392,319],[-148,450],[-259,211],[-1030,519],[-563,619],[-869,1536],[-249,287],[-814,617],[-42,485],[-224,358],[-402,260],[-1054,227],[-265,146],[-404,624],[-227,637],[-53,322],[119,343],[-38,278],[-372,428],[1,386]],[[2118378,3792177],[-2723,378],[-2070,493],[-857,1],[-375,98],[-284,254],[-59,365],[87,253],[1152,1218],[-42,504],[196,856],[246,630],[77,994],[114,447],[246,290],[-62,245],[-285,150],[-46,115],[21,518],[392,1696],[-97,888],[-78,139],[-262,88],[-324,-33],[-264,-147],[-147,-170],[-103,-725],[-156,-180],[-170,-56],[-794,191],[-683,620],[-92,681],[193,919],[-130,365],[-564,679],[44,735],[-158,1032],[-536,930],[-689,688],[-150,245],[56,631],[485,1348],[11,212],[-1264,682],[-360,908],[-1008,1025],[-594,749],[-389,1105],[-478,893],[-66,683],[132,911],[682,671],[326,452],[-9,183],[-314,450],[-257,178],[-302,-135],[-1439,-123],[-849,229],[-1846,-303],[-427,6],[-19,950],[-106,525],[105,995],[-244,472],[-413,533],[-365,757],[-167,526],[-87,979],[-988,1159],[-758,1907],[-92,1259],[-499,338],[-494,539],[-83,187],[-9,489],[-403,1901],[-105,112],[-868,571],[-2865,2712],[-2512,313],[-1760,1100],[-410,417],[-649,887],[-80,311],[67,522],[291,1104],[-316,263],[-301,202],[-1301,-86],[-915,203],[-814,953],[-702,410],[-381,-8],[-1612,-564],[-2788,-492],[-1458,2],[-3391,720],[-2924,1478],[-615,64],[-1374,-119],[-1123,174],[-1750,2691],[-845,559],[-584,195],[-150,170],[-60,281],[195,877],[196,254],[387,119],[-485,296],[24,537],[382,186],[124,171],[-534,372],[-463,580],[-465,411],[-1422,603],[-2123,-880],[-1100,-694],[-872,-416],[-821,-104],[-807,39],[-270,106]],[[2056065,3850444],[-900,-132],[-949,115],[-590,163],[-187,262],[-57,1198],[-285,1034],[-1101,193],[-604,-186],[-684,281],[-657,131],[-460,552],[-272,109],[-510,-451],[-1028,192],[-613,4],[-657,238],[-396,-74],[-378,77],[-199,-199],[-139,-28],[-538,274],[-449,813],[-454,497],[-252,127],[-970,119],[-629,227],[-1471,1236],[-116,241],[204,319],[-1,236],[-375,649],[-10,581],[150,754],[-12,601],[-199,627],[-862,1260],[-13,293],[111,353],[741,1135],[5,329],[-188,158],[-387,129],[-1024,1242],[-1179,750],[107,236],[-288,311],[201,46],[116,127],[273,-85],[-47,461],[-324,-29],[53,111],[-181,130],[117,83],[-87,116],[113,296],[-133,70],[-170,-54],[-2,283],[-149,244],[-150,28],[-33,362],[-140,76],[4,137],[-155,14],[-114,177],[-456,251],[-33,359]],[[2036003,3870623],[-462,202],[-30,335],[-227,310],[66,601],[247,306],[-371,527],[132,361],[-239,324],[108,427],[-101,62],[51,198],[-97,338],[31,228],[-410,111],[-177,291],[-191,-51],[16,230],[100,144],[-31,219],[-246,599],[-514,641],[-61,291],[-471,286],[-1198,361],[-119,692],[-267,486],[-494,78],[-81,225],[105,257],[-297,94],[267,261],[-220,140],[22,113],[135,52],[-64,306],[-236,317],[-39,234],[-348,322],[111,193],[-84,127],[134,110],[-239,141],[-29,127],[-166,116],[149,234],[-332,-8],[-266,185],[-243,-60],[-53,215],[-451,199],[-196,240],[-386,-30],[-231,114],[-223,572],[-290,15],[25,224],[-153,200],[-149,-23],[-85,102],[-273,27],[61,282],[-41,334],[-159,-141],[-286,76],[-291,314],[-405,63],[-291,287],[-405,235],[-169,-14],[-244,135],[-75,-93],[-301,173],[-252,-62],[-60,54],[12,-154],[-131,-61],[-213,146],[-131,-117],[46,-123],[-141,-58],[-47,244],[-123,-108],[-118,85],[-125,-147],[28,224],[-203,-71],[11,-128],[-246,-168],[97,-122],[-78,-104],[-201,-30],[35,-111],[-278,-87],[15,174],[-108,87],[-161,-14],[-38,122],[-169,-66],[-55,190],[-321,302],[-65,145],[59,391],[-430,66],[25,-218],[-113,-52],[-153,84],[39,-238],[-67,-52],[-76,139],[-90,-154],[-610,5],[-384,187],[18,518],[-67,73],[-692,-113],[-276,53],[-228,965],[108,487],[-213,550],[-100,48],[-60,233],[-431,617],[-98,719],[267,813],[-58,362],[198,345],[-27,213],[186,149],[-17,219],[157,213],[-83,300],[242,175],[-111,201],[48,373],[238,634],[-10,425],[229,592],[-282,449],[-147,8],[-387,238],[-230,279],[-262,156],[-181,701],[-326,350],[-65,506],[115,434],[-29,285]],[[2016862,3898982],[-247,773],[-189,283],[-35,333],[211,632],[998,1046],[195,1269],[-196,408],[-52,346],[154,116],[-87,471],[262,190],[-242,277],[-15,148],[-119,-28],[-64,404],[110,7],[90,148],[112,-32],[186,363],[-54,165],[-279,117],[-382,511],[-159,701],[-243,384],[-85,536],[-295,329],[-12,456],[-221,190],[-7,126],[172,236],[-118,279],[38,329],[-527,509],[-348,152],[-201,208],[-386,214],[-410,35],[-203,421],[-116,43],[-435,54],[-415,189],[-725,-120],[-363,156],[-607,-54],[-328,-122],[-568,661],[-94,228],[-407,389],[52,384],[-213,170],[-12,416],[161,289],[-61,285],[183,281],[13,338],[232,84],[1704,1713],[-325,362],[-55,282],[-353,515],[35,425],[219,737],[-144,96],[145,444],[-22,179],[-281,242],[-196,-38],[-64,118],[-231,95],[-151,345],[-395,504],[201,752],[6,338],[-66,367],[-453,967],[-270,67],[-651,-207],[-378,38],[-160,139],[-735,80],[-436,29],[-266,-110],[-46,111],[239,424],[-278,101],[61,240],[-1001,285],[703,832],[-149,181],[0,117],[316,408],[-163,226],[-136,481],[1205,1114],[361,446],[-21,600],[-246,262],[-82,351],[307,371],[101,247],[205,110],[167,222],[543,324],[-40,375],[148,408],[-72,262],[76,160],[-15,450],[-78,187],[108,253],[237,157],[24,219],[-150,412],[90,288],[-645,316],[-871,752],[-337,398],[-1237,408],[-321,286],[-1465,1870],[-317,1360],[55,14],[-68,353],[116,152],[217,16],[-21,72],[147,37],[783,-13],[970,448],[278,207],[81,554],[485,1660],[129,136],[1010,543],[1037,1398],[765,1506],[198,1856],[118,217],[566,367],[564,522],[671,1308],[308,203],[-88,182],[-11,307]],[[2012720,3952243],[24,261],[-198,76],[-221,377],[-226,197],[326,394],[112,292],[265,881],[9,779],[295,501],[95,333],[554,310],[472,683],[330,295],[93,209],[114,1629],[86,173],[917,607],[453,0],[233,204],[461,195],[1091,173],[1030,346],[372,44],[133,135],[437,75],[239,240],[308,-42],[162,-159],[705,100],[260,158],[168,5],[17,180],[243,94],[237,-12],[417,274],[569,627],[-11,169],[-308,415],[-437,106],[-314,197],[-92,197],[9,384],[-162,263],[-592,-106],[52,-238],[-71,-71],[-65,29],[46,79],[-167,87],[20,-268],[-97,-23],[-241,109],[31,71],[-124,88],[-184,-26],[-285,156],[-297,-1],[24,123],[-159,86],[-40,186],[-325,254],[-616,190],[-392,-5],[-247,-259],[-345,-107],[-662,-15],[-532,126],[-215,114],[-518,570],[-203,525],[-281,249],[-91,476],[-203,310],[-919,272],[-385,181],[-247,216],[-379,19],[-71,122],[-643,81],[-126,150],[-616,3],[-299,163],[-260,503],[-384,254],[-809,-34],[-41,-162],[-70,93],[-299,72],[-29,-78],[-132,125],[-118,-75],[86,73],[-163,54],[-158,-168],[-245,97],[-117,287],[-115,-18],[20,-99],[-442,-131],[-29,92],[-102,12],[-38,-133],[-301,-136],[-221,-769],[-834,-898],[-322,-546],[-606,-595],[-559,-205],[-575,-49],[-302,-272],[-1186,-390],[-350,98],[-88,64],[16,85],[-140,68],[-383,-117],[-253,-239],[-357,8]],[[2001617,3965395],[-1050,274],[-1010,-92],[-806,259],[-669,779],[-769,322],[-407,641],[-583,391],[-52,149],[-170,-44],[-38,-90],[-32,80],[109,109],[-31,113],[-75,-36],[-12,61],[82,15],[-33,166],[-345,16],[26,90],[-346,180],[-19,-174],[-68,6],[16,175],[-54,4],[-468,-111],[-52,-122],[-162,94],[-387,-201],[-203,-18],[-143,160],[-88,359],[-174,162],[-381,-49],[-295,265],[-472,-39],[-226,177],[-1004,-374],[-390,19],[-1246,568],[-189,215],[-937,327],[-664,356],[-258,419],[-304,230],[-372,118],[-159,-33],[-217,219],[-789,495],[-449,668],[3,562],[-430,400],[-285,114],[-351,-508],[-766,-476],[-120,46],[-634,774],[-203,86],[-410,443],[-673,399],[-1131,373],[42,351],[-252,261],[-209,732],[-618,336],[-20,352]],[[1979195,3976938],[-190,767],[11,252],[376,610],[312,69],[-37,114],[-129,-28],[-125,112],[166,-28],[211,173],[-19,164],[-94,-42],[-60,78],[140,122],[68,-39],[288,229],[275,42],[162,847],[413,432],[-16,250],[188,531],[54,592],[552,212],[30,442],[251,184],[113,281],[-39,158],[-209,19],[-147,178],[-114,851],[-262,360],[42,150],[258,75],[-275,192],[-30,235],[115,101],[-285,518],[62,384],[257,422],[-52,160],[-218,185],[-10,193],[386,379],[231,97],[-241,229],[244,442],[310,240],[494,26],[-24,292],[70,177],[286,205],[438,120],[90,91],[40,297],[-128,408],[82,185],[-91,123],[112,119],[-109,237],[219,127],[22,499],[191,260],[137,109],[789,26],[145,106],[179,2],[289,319],[722,220]],[[1986111,3992820],[-297,225],[-198,52],[-219,272],[-108,-17],[-150,-217],[-129,-51],[-244,-1],[-198,139],[-445,-88],[-160,67],[-906,-51],[-742,-229],[-521,102],[-179,330],[17,134],[166,152],[-49,51],[-346,57],[-218,224],[-1588,601],[-362,597],[-825,740],[-153,305],[-267,128],[-718,-11],[-234,-208],[-360,-127],[-421,-284],[-658,-236],[-417,-487],[-689,-268],[-184,-310],[-203,-103],[-455,-22],[-536,-235],[-659,430],[-1539,467],[-1442,54],[-214,6],[-221,-114],[-152,-235],[-245,-100],[-699,3],[-1016,-463],[-411,164],[-190,210],[-73,251],[-382,388],[-241,34],[-283,281],[-578,188],[-106,108],[-60,291],[-194,257],[-21,332],[99,456],[235,420],[6,267],[-331,328],[-81,275],[-418,447],[-528,77],[-400,359],[-68,169],[-386,22],[-278,235],[18,137],[-133,239],[-165,717],[-283,125],[-658,-50],[-256,345],[-724,557],[-309,498],[-152,136],[-99,-20],[-246,420],[-98,297],[40,333],[-73,41],[131,107],[-27,179],[-310,7],[-331,279],[-307,-53],[-63,-93],[-267,56],[-171,-108],[-320,51],[-38,151],[-272,-63],[-46,162],[-374,38],[-41,181],[-281,312],[-14,217],[-156,0],[-161,183],[-320,2],[-129,113],[-153,-91],[-105,46],[-209,548],[-332,201],[29,135],[-101,110],[-1022,-138],[60,173],[-227,239],[-22,401],[-129,248],[-387,44],[-166,107],[-524,6],[-430,233],[-128,168],[-112,-21],[-226,348],[-466,72],[-167,-159],[-104,232],[257,203],[-210,255],[6,511],[217,568],[-293,357],[-296,871],[-67,1174],[41,280],[149,167],[-118,152],[-904,286],[-406,219],[-1359,255],[-532,200],[-693,79],[-1134,-70],[-788,289],[-328,-92],[-560,542],[-672,284],[-283,281],[-1122,595],[-50,444],[312,545],[42,346],[-163,177],[-212,4],[-424,381],[-341,122],[-504,49],[-297,-152],[-340,-448],[-614,-474],[-169,-342],[-1698,-1755],[-513,-185],[-331,13],[-233,427],[-234,75],[-324,656],[3,615],[-324,467],[-198,96],[-49,216],[106,219],[202,172],[63,224],[225,207],[109,303],[261,257],[7,483],[-217,295],[-282,119],[-281,244],[-212,457],[-518,681],[-161,305],[26,380],[-80,414],[65,139],[-259,150],[-139,337],[436,-45],[274,-249],[464,-24],[597,-283],[595,148],[182,162],[298,614],[251,288],[443,16],[204,200],[106,257],[503,243],[247,11],[449,303],[213,255],[228,26],[409,486],[96,319],[455,197],[259,663],[226,177],[-48,526],[447,702],[-397,-159],[-570,113],[-261,-247],[-577,-193],[-140,-252],[-159,-47],[-188,-508],[-101,-90],[-225,-73],[-423,128],[-410,-510],[-432,-159],[-305,82],[-214,-215],[-227,-49],[-341,253],[-94,-49],[-174,71],[-84,175],[-849,848],[-280,8],[-349,167],[-157,261],[-317,101],[-415,-119],[-866,167],[-320,-70],[-142,111],[-509,-129],[-184,225],[-13,-147],[-65,-14],[89,402],[-555,313],[-35,176],[-114,55],[95,338],[-49,193],[115,77],[-289,190],[-17,190],[-186,25],[-196,-230],[-39,67],[-117,-90],[-749,238],[-135,158],[-276,-95],[-158,78],[-80,-61],[-477,16],[-144,-137],[-180,74],[-280,-30],[-198,-232],[-139,-396],[-298,-114],[-73,-375],[-233,-141],[-524,293],[-138,257],[-153,100],[-1114,67],[-334,-77],[-685,125],[-316,-83],[-679,269],[-500,-166],[-191,229],[-69,-11],[-132,-189],[14,-149],[-301,-871],[-263,-121],[-247,18],[-261,905],[-136,-65],[-442,132],[-306,362],[-312,118],[-214,316],[-42,221],[122,172],[-54,153],[-96,3],[-1048,832],[-300,101],[-213,244],[-414,-8],[-410,252],[-218,372],[-100,8],[-728,-256],[-260,-305],[-86,156],[-167,25],[-152,279],[-629,-74],[-414,379],[-364,45],[-241,304],[-109,319],[-341,71],[-9,139],[-255,92],[-3,236],[-597,-20],[41,182],[-319,202],[-272,666],[-85,433],[-103,122],[-399,-6],[-1006,-388],[-250,52],[-92,230],[128,286],[-10,556],[-251,630],[-23,410],[100,35],[8,152],[344,208],[179,367],[147,91],[36,352],[118,35],[17,146],[179,119],[111,288],[-138,191],[-496,189],[-850,-43],[-337,61],[-576,386],[-336,29],[-436,-38],[-468,-170],[-500,-333],[-2462,-1830],[-397,-431],[-1100,-701],[-1529,-1229],[-361,-660],[-71,-677],[93,-266],[-328,-481],[435,-479],[-39,-590],[105,-360],[-111,-197],[-781,-518],[-315,70],[-186,-77],[-89,66],[-353,-6],[-296,-102],[-713,-485],[-281,137],[-59,-258],[-360,74],[-161,-283],[-65,32],[4,169],[-137,-118],[-345,20],[-164,-1418],[-528,-888],[-770,-1987],[5,-345],[-373,-473],[-353,-948],[-347,-452],[-61,-323],[-135,-136],[-45,-278],[65,-520],[-442,-355],[97,-229],[-320,-406],[-282,-872],[42,-269],[-101,-186],[189,-126],[-63,-193],[-114,-72]],[[1893098,4018469],[-564,-61],[-357,194],[-252,-93],[-281,23],[-61,314],[-343,126],[-158,192],[-74,253],[21,322],[374,209],[211,323],[147,20],[54,148],[23,1097],[379,1042],[-217,301],[-441,186],[-180,1],[-67,-144],[-238,-104],[-617,156],[-131,240],[-353,254],[-231,918],[-450,388],[-363,48],[-1,168],[-111,106],[74,252],[-88,345],[-551,245],[-108,263],[-258,71],[-222,-229],[-270,11],[-215,-98],[-113,194],[-346,73],[-218,261],[-293,179],[-247,60],[-44,-170],[-294,-89],[-348,285],[-293,-18],[-449,631],[-218,-84],[-156,94],[-409,-447],[-924,135],[-190,223],[-69,-9],[-107,-558],[-171,-303],[392,-247],[-132,-370],[256,-154],[-230,-170],[6,-108],[321,-128],[-125,-353],[287,-175],[151,-354],[-143,-183],[-191,150],[-122,-14],[-89,-94],[-11,-259],[-243,52],[-230,-119],[71,-599],[476,-309],[-62,-441],[-233,4],[-129,97],[-42,179],[171,143],[-206,109],[-226,-8],[-174,-81],[201,-233],[-127,-171],[-301,30],[-242,-123],[-115,252],[-38,-336],[-116,-75],[-170,385],[-181,41],[-297,-273],[-544,-256],[-383,-60]],[[1879520,4022162],[-343,400],[64,1899],[-518,1138],[-90,379],[-214,328],[742,434],[-426,361],[-1332,720],[-478,171],[-444,327],[52,259],[545,986],[-19,311],[140,432],[1673,23],[151,139],[52,190],[-251,707],[-1,242],[352,744],[-90,397],[-124,17],[-90,172],[282,450],[-36,224],[318,53],[-72,363],[52,224],[194,208],[195,53],[141,190],[104,588],[-90,258],[-141,34],[-284,51],[-195,-104],[-549,153],[-940,118],[-320,378],[564,762],[-196,207],[-603,343],[-19,155],[583,606],[798,-307],[48,1191],[193,674],[638,-204],[461,36],[17,155],[-143,190],[460,278],[105,190],[-231,258],[-90,276],[33,656],[-143,414],[176,225],[-108,345],[-478,33],[70,138],[-142,173],[-515,291],[-141,-138],[-124,34],[-125,85],[-214,466],[17,207],[195,53],[282,346],[175,571],[176,225],[-178,275],[174,623],[674,-67],[84,1036],[-1613,236],[-89,259],[103,656],[-284,310],[-1,121],[461,-16],[406,295],[513,192],[69,605],[335,416],[-268,413],[141,208],[479,-154],[285,-258],[229,122],[710,-187],[176,156],[353,553],[34,208],[-197,638],[158,380],[-72,276],[296,1366],[798,-222],[407,-16],[559,2057],[140,657],[-37,310],[159,36],[49,1036],[247,329],[52,432],[227,726],[281,709],[405,588],[281,657],[601,400],[121,795],[738,1677],[-146,1053],[422,865],[103,656],[-2,639],[211,433],[547,606],[263,554],[70,449],[316,743],[68,640],[318,398],[32,691],[633,1383],[15,812],[526,1262],[-676,861],[-357,621],[-267,258],[-250,603],[-33,584],[361,670],[150,492],[249,391],[39,258],[-125,63]],[[1889722,4079931],[-488,282],[-501,485],[-601,290],[-299,-1],[-1052,726],[-502,436],[-602,680],[-550,192],[-598,-343],[-750,290],[-253,777],[-655,1312],[-1098,-199],[-1552,773],[-1750,383],[-204,1119],[47,681],[-505,1313],[-498,-246],[-602,679],[-4,974],[-256,1410],[-151,438],[-548,-440],[-1704,1259],[364,715],[-817,715],[-22,82],[144,81],[-16,130],[-195,207],[-3531,884],[-798,135],[-320,137],[-1365,-6],[-142,155],[-461,-1],[-319,-36],[-140,-346],[-266,-18],[-72,172],[-787,-94],[-129,74],[276,605],[-355,223],[211,363],[194,87],[249,-103],[284,2],[50,570],[4183,68],[2145,-44],[336,278],[-197,396],[34,277],[-443,101],[-5387,-280],[-408,-105],[-673,15],[-408,16],[-1438,477],[-372,-18],[-52,-190],[54,-294],[-995,618],[-462,378],[-161,241],[15,587],[351,1055],[-40,1001],[368,934],[-214,293],[195,156],[-20,500],[-142,-104],[-265,-1],[-460,-278],[-160,-1],[-1188,134],[-1474,650],[-212,-156],[-266,33],[-123,-138],[-213,-1],[-158,-450],[57,-828],[-354,-53],[-301,-174],[-264,-468],[-174,-708],[-159,-104],[-246,-485],[-671,-728],[480,-309],[1100,-289],[-386,-761],[-461,67],[-231,-53],[-406,-347],[-1259,254],[-408,-36],[-212,-225],[-248,103],[-248,-53],[-279,-1055],[-568,223],[-338,257],[-448,1103],[-552,672],[632,1383],[564,711],[177,18],[123,207],[-302,172],[-338,413],[-72,276],[-640,463],[-428,534],[-445,309],[-196,344],[-160,34],[-1119,704],[85,656],[388,554],[406,347],[-409,309],[-763,308],[-249,189],[-710,239],[-74,500],[-285,361],[-72,259],[1332,-495],[851,-31],[500,-827],[481,-568],[636,417],[-1159,1601],[-230,-104],[-178,172],[-856,1084],[-107,258],[441,503],[316,692],[567,37],[53,121],[-126,414],[88,69],[142,-86],[35,156],[-125,345],[176,277],[-162,431],[212,225],[16,363],[334,605],[425,313],[1023,988],[-232,552],[-214,189],[-1,173],[193,449],[689,590],[159,225],[-250,396],[-1301,1497],[33,708],[-91,535],[-959,428],[-816,66],[-496,-89],[-642,930],[-180,483],[-1,190],[1006,1212],[-148,1416],[176,87],[193,639],[-393,603],[371,416],[439,848],[-37,362],[582,641],[-142,207],[761,348],[122,450],[-231,-36],[-461,85],[-443,-54],[-1261,530],[-939,-159],[-871,463],[702,1660],[123,156],[445,80],[1185,1497],[-3371,4450],[71,830]],[[1845825,4140388],[-1047,435],[-265,37],[-1763,-792],[-1191,-115],[-513,-362],[-659,-668],[-1075,-1704],[-367,-212],[-510,66],[-960,-58],[-536,53],[-945,151],[-510,431],[-764,368],[-367,526],[-1053,451],[-398,459],[-625,1274],[-391,275],[-491,10],[-678,-306],[-543,101],[-688,275],[-263,401],[-172,771],[-254,346],[155,510],[-124,90],[13984,28743]],[[1842812,4171944],[-22494,-17139]],[[1820318,4154805],[-467,2601],[-318,1253],[86,114],[-124,20],[-91,185],[-103,630],[112,-52],[-583,1458],[-648,2386],[-141,972],[90,266],[-4,929],[88,575],[271,311],[227,134],[454,46],[455,-131],[1404,-844],[311,-534],[155,183],[284,143],[986,5],[362,134],[1131,1244],[767,1153],[360,709],[53,378],[-54,28],[-3,679],[204,854],[111,104],[267,25],[405,261],[187,-24],[1644,1099],[-83,183],[0,307],[374,900],[416,572],[396,756],[354,266],[1102,491],[437,41],[313,327],[603,388],[312,450],[63,245],[333,225],[541,777],[0,266],[-125,143],[-354,-327],[-187,0],[20,-205],[188,-20],[21,-143],[-146,-307],[-250,-122],[-270,0],[-229,-287],[-208,82],[-84,613],[-187,123],[-187,307],[-333,102],[-500,-82],[-395,-184],[-187,-306],[-83,-348],[20,-327],[-124,-307],[-645,-674],[-229,41],[20,1165],[167,593],[354,797],[333,184],[62,164],[-104,265],[-187,164],[-167,695],[-686,572],[-562,0],[-833,-225],[-707,-633],[-167,-62],[-124,164],[104,634],[-208,409],[-167,143],[-104,245],[62,123],[354,0],[167,-143],[312,81],[270,225],[458,102],[687,389],[395,0],[791,-450],[208,41],[62,163],[-83,532],[416,470],[125,286],[-83,164],[187,102],[229,348],[208,143],[0,204],[125,82],[208,-61],[104,-246],[271,-81],[-354,-246],[83,-347],[-41,-286],[437,-123],[187,-164],[-63,-225],[-145,-122],[-645,-246],[20,-122],[-187,-225],[-270,-21],[-24,175],[-288,-379],[166,-102],[125,-245],[0,-409],[225,-115],[521,55],[367,-104],[165,-498],[-134,-157],[-134,-28],[330,2],[157,102],[40,-264],[62,-25],[-5,514],[-141,366],[238,82]],[[1832072,4180656],[318,72],[278,-67],[881,-446],[446,-105],[715,173],[291,-156],[420,2],[206,-230],[281,133],[-229,276],[-302,72],[-193,-106],[-44,95],[245,682],[-271,313],[20,273],[361,1175],[275,425],[-106,225],[101,1499],[-89,618],[-677,2104],[-271,1344],[-141,208],[-40,467],[146,1152],[-88,1187],[124,587],[-46,482],[104,786],[-410,271],[-12,188],[-138,-325],[-236,-274],[-237,-11],[-1,178],[118,199],[-196,356],[-218,565],[-55,408],[-109,147],[-258,-2],[-124,120],[-954,33],[-919,-85],[-980,-308],[-69,-177],[71,-176],[-111,-149],[-195,-1],[-122,-747],[-319,-449],[85,-366],[197,-325],[-68,-366],[-181,-69],[-377,121],[-376,-70],[-181,54],[36,1139],[319,463],[109,543],[-29,190],[-182,80],[-437,1070],[27,190],[195,1],[336,-215],[376,69],[168,-94],[151,340],[320,232],[572,-66],[571,71],[27,190],[-155,338],[334,205],[390,2],[98,-162],[376,83],[377,-66],[138,353],[390,42],[83,177],[362,137],[280,-243],[572,-65],[277,245],[390,111],[445,354],[-113,149],[-361,-164],[-391,-16],[222,327],[-197,105],[-909,221],[-789,379],[-1137,693],[-1020,356],[-301,179],[-765,87],[-277,-47],[-531,-317],[-761,-589],[-432,-645],[-158,-497],[-419,-596],[-1566,-1696],[-277,-182],[-832,-206],[-1804,-121],[-1663,-705],[-1062,-343],[-305,-31],[-552,-208],[-99,-162],[-212,-128],[-248,-360],[17,-185],[-54,64],[-302,-69],[-81,-52],[57,-150],[-49,90],[-162,-34],[-2,-103],[-16,58],[-257,-30],[-610,-374],[-161,-327],[68,-42],[-77,34],[-125,-121],[117,-85],[-126,71],[-163,-177],[128,-93],[-107,45],[-123,-100],[-10,-83],[126,-90],[-126,67],[-89,-111],[1,-101],[130,-85],[-133,70],[-242,-210],[56,-104],[-56,71],[-116,-90],[38,-87],[-67,95],[-87,-51],[-136,-317],[-533,-233],[-33,-439],[-54,69],[-315,-53],[-2,-155],[-163,27],[-438,-166],[-25,-216],[-481,-562],[-1251,-814],[-201,-228],[-123,-349],[-459,-383],[-899,-279],[-1318,-59],[-898,147],[-114,-188],[-246,-144],[-349,26],[-192,-125],[-641,7],[-619,-191],[-586,-809],[-354,-960],[-416,-452],[-526,-193],[-44,-169],[-272,-223],[-191,-341],[-464,-300],[-35,-246],[-173,-238],[-1052,-587],[-108,-360],[-504,-347],[-126,-145],[-24,-285],[-181,-98],[175,491],[384,296],[191,55],[66,460],[250,173],[-28,431],[-179,44],[114,-273],[-60,-27],[-125,55],[-96,241],[-225,94],[-196,783],[70,471],[-274,-545],[-95,-553],[-124,-203],[-372,-218],[-326,-384],[-38,-148],[176,-903],[153,-335],[134,56],[-11,-275],[151,-177],[-116,-299],[-239,-239],[-277,-102],[-381,-532],[-1138,-1117],[-533,-776],[-163,-107],[-308,-645],[-57,-320],[75,-66],[-90,-35],[61,-98],[-79,-34],[32,-90],[-279,-312],[-309,-818],[-399,-384],[-208,-287],[-86,-299],[-210,-163],[-1,-107],[-679,-490],[-154,-18],[-22,-158],[-302,-261],[31,-99],[-55,48],[-89,-55],[-74,-128],[51,-40],[-439,-178],[-198,-347],[-1100,-1116],[92,-14],[-161,-26],[-12,-145],[-262,-161],[52,-66],[-61,67],[-63,-43],[-195,-255],[35,-142],[-120,-13],[-154,-338],[-248,-189],[-287,-100],[-491,84],[-240,-41],[-378,139],[-211,230],[-281,103],[-706,91],[-810,-167],[-253,-183],[-26,-137],[-96,12],[-239,143],[-11,144],[168,152],[382,24],[336,236],[233,-75],[252,74],[-129,213],[-1,288],[-90,184],[-63,52],[-264,-56],[-173,-121],[5,-404],[-128,-230],[-434,-12],[-71,126],[142,115],[-170,68],[-163,-271],[-247,7],[0,-61],[-93,50],[-557,-198],[111,-186],[-202,-52],[-28,-236],[423,-54],[288,101],[186,-166],[66,106],[145,-21],[155,120],[107,-129],[-73,-510],[-157,-176],[-573,-1115],[-305,-71],[-127,-197],[2,100],[-144,32],[-23,-74],[-4,75],[-431,-4],[-336,-74],[-92,-132],[-152,38],[-46,-84],[-60,74],[-73,-61],[-79,103],[-272,19],[-900,337],[-709,409],[-307,34],[-321,240],[-66,-108],[57,113],[-364,290],[-193,-26],[-422,752],[-87,416],[-122,41],[85,24],[-41,165],[-165,36],[126,37],[-26,86],[-80,-20],[40,71],[-124,35],[41,82],[-88,66],[217,272],[-44,31],[175,135],[-55,83],[70,32],[5,210],[740,111],[-18,161],[55,-58],[315,279],[630,65],[85,126],[-72,132],[242,96],[10,151],[177,-33],[64,91],[287,97],[63,79],[-5,310],[164,90],[66,-384],[-123,-30],[-84,-341],[208,-209],[134,-352],[-174,-40],[-576,176],[-204,-373],[-252,-164],[556,72],[233,-81],[-283,-423],[309,93],[291,-184],[262,-25],[512,142],[65,150],[-83,21],[44,373],[-156,966],[63,184],[212,129],[131,302],[126,21],[-112,216],[90,88],[200,-422],[258,103],[73,210],[-147,79],[95,255],[433,148],[268,400],[-6,60],[-151,16],[70,18],[-66,297],[-369,76],[-2,91],[499,226],[207,205],[109,346],[155,17],[824,627],[205,-30],[-67,-152],[-142,12],[-8,-258],[191,-273],[166,-59],[32,-87],[493,-39],[122,49],[6,203],[174,-77],[358,261],[56,121],[87,-28],[109,162],[7,-153],[73,35],[-62,-52],[766,-230],[1049,207],[1001,-1],[843,191],[1181,354],[852,411],[308,293],[279,103],[338,499],[135,347],[433,290],[279,338],[145,615],[-58,229],[-171,184],[-582,14],[-605,305],[-195,-4],[-86,388],[157,248],[-73,137],[125,93],[-46,318],[204,114],[858,-257],[981,143],[392,280],[-21,204],[87,91],[-96,-24],[-143,250],[51,199],[160,81],[298,377],[142,-20],[-17,65],[336,293],[184,288],[687,397],[155,389],[383,430],[795,281],[373,-32],[299,86],[791,537],[-22,-126],[127,-208],[250,252],[10,262],[-141,247],[-123,88],[-290,-104],[197,96],[-87,251],[85,8],[190,318],[263,115],[3,415],[311,109],[80,371],[333,28],[323,225],[213,525],[378,154],[195,417],[314,158],[391,424],[173,470],[249,363],[-35,146],[238,207],[19,144],[-280,410],[21,84],[145,42],[41,321],[98,146],[275,293],[138,-67],[367,125],[551,492],[459,271],[1508,1887],[241,716],[164,220],[372,931],[133,857],[-162,555],[119,301],[188,67],[529,-535],[508,-180],[326,-217],[94,-246],[-155,-539],[144,-169],[359,154],[198,-133],[-44,293],[412,90],[-60,139],[134,88],[785,-309],[342,-15],[448,-241],[544,-40],[348,-183],[9,-265],[-134,-107],[-340,48],[-35,-143],[-423,-12],[-158,-185],[-205,84],[-181,-155],[37,-244],[189,-12],[255,-132],[97,-139],[439,-119],[515,110],[137,150],[157,-10],[81,94],[163,561],[-432,854],[40,338],[-219,291],[29,212],[-192,516],[-312,-2],[-634,320],[-226,-145],[-232,162],[-405,69],[-46,153],[141,106],[231,15],[32,89],[-452,244],[-131,-148],[-113,-4],[-82,92],[30,335],[-102,84],[-147,-58],[-117,-234],[-351,-66],[1,149],[162,124],[171,6],[-115,182],[-876,-190],[-416,100],[-933,0],[165,-126],[-23,-187],[-105,-85],[-132,19],[-1723,1663],[-151,-13],[-383,229],[-205,-3],[-232,164],[-185,-98],[-611,240],[-176,-176],[-112,-1],[-302,526],[-370,23],[-352,252],[-74,156],[49,234],[-189,350],[65,127],[260,145],[714,172],[46,150],[190,105],[529,627],[101,282],[-144,238],[10,115],[706,22],[246,194],[-89,292],[136,79],[569,-461],[479,-144],[607,-11],[349,174],[245,-21],[251,84],[775,-102],[421,24],[531,183],[928,783],[96,171],[-19,338],[835,-156],[279,52],[133,-549],[123,-41],[193,5],[59,126],[88,13],[108,-126],[387,-170],[788,-14],[314,243],[-81,166],[-563,273],[-1103,285],[-127,-93],[-137,50],[-88,241],[-348,301],[-272,-14],[-522,629],[156,152],[-69,332],[134,72],[155,481],[-20,228],[167,116],[19,101],[-184,259],[103,192],[-375,357],[2,289],[-282,224],[-1,277],[-95,57],[41,359],[185,479],[345,370],[6,630],[88,167],[104,30],[-8,176],[153,257],[-37,209],[304,522],[-105,121],[184,234],[-3,406],[202,156],[-27,194],[366,294],[326,453],[230,-9],[217,254],[112,290],[446,85],[316,-307],[305,26],[388,183],[605,511],[129,63],[164,-35],[72,-705],[-243,-125],[44,101],[-292,-227],[-292,129],[33,-226],[-128,-308],[166,-123],[227,206],[430,102],[-32,-171],[109,-297],[22,-423],[-223,-81],[-73,-417],[55,-633],[213,-303],[-116,-87],[-126,-309],[-140,153],[1,161],[-171,10],[-280,171],[-24,-94],[227,-273],[-40,-164],[-320,-329],[-221,-15],[-85,-234],[248,-607],[162,-160],[149,45],[86,-124],[-276,-4],[92,-118],[-94,-69],[8,-240],[205,-449],[762,-850],[159,-330],[407,-295],[283,-348],[920,-626],[832,-278],[212,0],[195,87],[124,278],[301,-35],[707,296],[107,-87],[-165,-135],[-525,-201],[48,-74],[245,107],[212,-87],[75,67],[409,-228],[-41,-201],[-273,-308],[232,47],[225,-858],[157,-288],[143,-7],[-82,262],[294,402],[34,589],[-164,87],[-82,248],[-143,87],[14,128],[307,388],[783,648],[217,322],[317,203],[1281,468],[524,259],[105,129],[300,45],[430,241],[294,304],[322,-277],[20,-131],[-124,-225],[273,-432],[376,-91],[1016,-55],[508,208],[1105,-7],[359,408],[164,387],[297,129],[84,165],[-35,159],[-258,257],[42,162],[-168,15],[-69,169],[-188,-1],[-51,178],[65,258],[-328,368],[-262,-73],[-150,72],[-324,-378],[-326,-65],[-42,-104],[-1075,-427],[-176,-164],[-257,35],[-195,-91],[227,219],[955,294],[748,398],[69,139],[915,664],[1757,952],[128,196],[124,898],[-386,664],[-58,570],[-502,835],[-19,588],[173,190],[174,95],[966,-2790],[174,-228],[290,95],[-58,437],[579,-494],[693,-6],[288,93],[802,491],[45,271],[172,246],[11,206],[-39,128],[-243,-64],[-133,69],[-25,149],[78,161],[-56,182],[211,123],[1382,318],[325,-27],[265,-145],[-6,-95],[-262,133],[-48,-122],[-452,3],[-106,-154],[0,-213],[-151,-116],[-156,-5],[-161,243],[-192,-98],[-84,-570],[256,-340],[41,-307],[182,80],[-94,431],[133,119],[516,12],[-76,399],[205,216],[238,-122],[135,-243],[-1,-158],[435,-77],[252,359],[-38,107],[103,-151],[223,-8],[105,-133],[159,-21],[711,450],[39,145],[97,-45],[176,72],[180,572],[-268,337],[-145,883],[100,-21],[45,73],[-137,167],[113,74],[29,468],[548,511],[5,120],[-254,-216],[-56,57],[-274,-262],[-288,-31],[-341,232],[-72,132],[76,174],[-162,312],[20,342],[-236,554],[-305,150],[-73,-92],[-165,30],[34,63],[-73,30],[-127,-49],[-16,-94],[-111,22],[93,394],[-63,200],[196,14],[47,115],[-35,132],[-126,26],[224,2],[45,140],[-197,173],[83,271],[-196,252],[22,274],[-94,109],[50,286],[-102,95],[6,757],[80,78],[-126,214],[73,153],[-40,573],[109,128],[535,229],[-45,115],[-254,-107],[-288,176],[40,436],[-158,312],[39,106],[-240,18],[-35,306],[-130,-1],[-2,290],[133,3],[-1,71],[427,331],[126,323],[354,-9],[153,223],[904,-131],[82,460],[-1173,592],[98,217],[-644,476],[-91,224],[83,237],[166,27],[215,-81],[122,88],[3,132],[-148,146],[-45,446],[-198,88],[88,224],[-127,147],[18,218],[-104,354],[48,-346],[-42,-129],[-110,-27],[-316,153],[-143,424],[87,106],[13,440],[129,13],[71,-138],[2,135],[267,92],[-108,522],[412,119],[47,267],[-141,25],[-38,-117],[-122,-23],[-173,219],[29,239],[78,34],[-233,19],[-29,148],[193,63],[-182,81],[81,104],[-89,1],[-67,225],[355,402],[9,568],[153,4],[132,136],[17,326],[-93,88],[58,201],[88,-45],[62,91],[-64,68],[119,25],[-76,276],[-137,2],[-117,125],[-150,537],[-22,119],[273,31],[-229,86],[-902,2385],[-192,169],[-360,131],[-35,-68],[-147,46],[-229,270],[-279,67],[92,443],[-174,-15],[-59,-345],[-635,385],[-1122,-61],[-142,-163],[-312,108],[14,85],[-63,14],[-134,3],[-78,-170],[-134,33],[106,121],[125,1198],[241,220],[55,254],[-127,3],[-91,-238],[-272,6],[-286,-509],[-84,-1176],[156,-487],[108,91],[234,-97],[127,-112],[-4,-173],[283,-49],[353,95],[-160,-147],[-151,-374],[-326,162],[-348,468],[-557,207],[-339,218],[-253,37],[94,27],[-30,162],[-119,-45],[54,73],[-135,380],[-535,826],[-373,180],[-276,398],[-575,268],[-140,220],[43,100],[-87,0],[71,166],[153,17],[517,-597],[416,-20],[513,210],[199,419],[702,458],[660,-472],[394,-115],[65,-547],[84,-8],[119,214],[-168,322],[-412,277],[141,220],[214,40],[68,-65],[54,68],[-265,108],[-248,-5],[-8,91],[-137,-199],[-837,546],[-135,-77],[-54,85],[991,633],[356,-519],[188,-91],[46,-167],[-193,-209],[455,2],[-74,77],[89,609],[152,13],[-5,225],[-65,-2],[-52,188],[-328,357],[49,75],[353,16],[-51,235],[-61,-2],[10,621],[-436,262],[-100,-132],[-420,-1],[-111,-212],[-1077,96],[-282,-452],[-101,59],[266,410],[-359,41],[-289,-455],[-93,69],[254,399],[-1874,203],[25,163],[194,-21],[23,160],[394,180],[14,191],[-337,13],[-36,393],[-284,450],[-487,198],[-626,517],[-352,130],[106,103],[-171,192],[334,-139],[-167,221],[70,469],[-339,217],[-37,-155],[-125,37],[-435,308],[-238,71],[-2,131],[-526,465],[347,348],[-130,115],[-782,-973],[131,-49],[-49,-22],[432,-389],[80,22],[89,-347],[461,-392],[207,-327],[-128,-98],[-140,144],[-222,-178],[223,-246],[202,159],[219,9],[201,-317],[-71,-140],[31,133],[-90,93],[-201,-587],[83,221],[-67,38],[-75,4],[-81,-187],[-31,125],[-74,-138],[30,96],[-74,31],[-89,-76],[-380,-866],[-436,-531],[-508,-1196],[-57,-428],[-371,-402],[-79,-247],[251,-237],[2208,-1352],[259,-86],[172,-269],[-17,-256],[-183,-46],[-93,76],[-28,-80],[17,82],[-355,52],[-25,-77],[13,76],[-420,43],[-644,447],[-133,-12],[-1118,628],[-278,68],[-528,-78],[-84,-145],[127,-66],[-135,47],[-196,-156],[-128,-343],[14,147],[-170,98],[-32,-117],[14,141],[-125,15],[-17,-110],[-3,120],[-113,0],[-6,-96],[-13,96],[-117,6],[-24,-94],[-1,174],[-148,58],[-22,-95],[-16,115],[-301,109],[-304,487],[-135,-35],[77,67],[-201,311],[-227,68],[-315,-168],[577,301],[-300,381],[234,-232],[632,275],[-69,149],[74,-98],[585,302],[-63,95],[65,-64],[570,395],[-112,135],[104,-93],[421,307],[-118,122],[131,-99],[240,210],[34,159],[-100,-10],[168,172],[11,-79],[125,37],[42,164],[-81,-3],[162,186],[-12,-86],[168,33],[35,195],[-86,-24],[132,155],[32,-91],[133,70],[60,173],[-86,18],[136,103],[76,-53],[138,144],[3,116],[-75,-34],[75,151],[55,-64],[110,95],[34,185],[-147,41],[147,-18],[45,392],[-119,78],[121,-58],[90,369],[-113,91],[119,-61],[43,365],[-103,105],[110,-74],[3,240],[-108,94],[92,30],[-169,489],[-151,24],[142,2],[-139,316],[-160,-5],[149,29],[-96,242],[-176,12],[170,4],[-143,361],[-173,62],[142,-5],[-141,363],[-163,29],[151,-5],[-242,660],[217,411],[1180,844],[277,303],[385,185],[177,223],[-109,139],[-82,-29],[161,115],[-65,-76],[134,-156],[178,184],[9,144],[-114,15],[283,126],[-107,-85],[64,-123],[323,80],[10,144],[-155,46],[284,144],[-84,-85],[108,-121],[212,54],[32,211],[-101,14],[245,149],[-103,-89],[52,-55],[202,-56],[107,53],[57,221],[-132,17],[262,143],[-64,-94],[210,-33],[65,144],[-24,75],[-83,-25],[267,158],[-58,-107],[255,-16],[115,182],[-33,69],[-83,-21],[153,79],[5,-135],[265,-3],[715,395],[-83,109],[162,-95],[420,202],[-104,126],[118,-120],[474,252],[-144,164],[151,-160],[331,198],[103,92],[-109,104],[120,-93],[364,294],[-255,294],[39,38],[270,-296],[421,434],[-203,238],[243,-208],[297,229],[268,234],[-185,229],[208,-208],[340,271],[186,186],[-172,217],[197,-191],[594,494],[-169,199],[193,-179],[589,495],[-127,201],[149,-178],[462,361],[-164,200],[189,-182],[543,358],[-13,81],[27,-77],[121,44],[141,232],[15,-58],[102,40],[-30,91],[126,120],[-1,-90],[153,8],[641,569],[-144,197],[168,-174],[426,329],[-255,255],[1452,1457],[965,1149],[1609,2287],[847,1628],[828,2028],[162,663],[-542,1092],[42,57],[-904,866],[-86,-33],[-211,165],[-45,-52],[-418,288],[-11,-71],[-73,61],[-37,-72],[-541,248],[94,602],[-139,278],[-334,199],[78,591],[478,615],[140,468],[-199,606],[-389,307],[851,1795],[732,2200],[551,2114],[95,1028],[-160,459],[-1140,2247],[-1171,1781],[-1886,1805],[-759,40],[-390,639],[-640,433],[61,616],[465,674],[-25,1281],[283,500],[334,362],[270,160],[264,14],[675,235],[449,260],[487,70],[606,321],[2388,146],[1547,260],[2272,550],[1461,474],[3441,1845],[935,707],[489,622],[476,1111],[823,4472],[92,948],[167,539],[541,706],[80,431],[-8,1723],[271,449],[825,506],[850,280],[1237,983],[581,352],[2107,593],[3336,1914],[1007,971],[498,1580],[2719,1235],[1574,1030],[-1,81],[892,687],[244,564],[723,3157],[-96,1764],[236,71],[139,180],[222,66],[800,-172],[1246,183],[1700,404],[765,16],[1183,295],[2535,438],[952,256],[425,320],[1132,534],[2063,-80],[2566,101],[3229,342],[3259,552],[3213,830],[2821,865],[700,566],[927,472]],[[1902993,4333804],[2006,919],[1052,589],[2050,1640],[386,669],[196,922],[88,758],[-252,915],[123,549],[341,655],[1610,1456],[557,735],[97,-40],[194,913],[-105,-21],[29,425],[-289,892],[-58,418],[-213,303],[-135,456],[58,228],[-97,721],[116,285],[-96,284],[115,190],[-135,361],[-657,436],[-212,-114],[0,-683],[309,-247],[39,-284],[-136,-266],[20,-323],[232,-246],[38,-152],[-309,-304],[0,-816],[135,-304],[0,-360],[-193,-190],[-560,1082],[-58,569],[135,1575],[135,1367],[155,664],[-193,759],[-58,797],[38,911],[213,665],[193,1765],[-132,328]],[[1888741,4307988],[56,-385],[-144,-188],[35,-187],[-199,-344],[476,-122],[-51,-328],[141,-153],[249,174],[165,12],[59,-69],[-202,-145],[74,-259],[-242,37],[-296,-213],[-11,-285],[231,-107],[-13,-214],[-553,-304],[-86,-124],[-241,-18],[-272,-265],[-284,-106],[-33,-181],[206,-193],[-27,-163],[-416,258],[83,161],[-36,102],[-231,-65],[-19,-137],[-248,-182],[60,-315],[324,36],[92,-242],[-259,-200],[-52,190],[-190,50],[-111,-203],[203,-148],[-79,-229],[43,-124],[-441,-20],[-80,-85],[56,-82],[-274,-246],[47,-157],[120,159],[134,6],[134,-364],[278,4],[180,-113],[156,-168],[-38,-139],[317,-350],[-5,-80],[-161,-72],[13,-135],[-268,50],[-33,-160],[-357,-306],[593,-380],[84,-336],[263,-272],[-18,-166],[-72,-12],[-175,224],[-239,-215],[-120,104],[-173,14],[-147,-154],[-140,36],[9,-104],[-254,39],[87,-271],[-184,98],[8,199],[-186,-156],[-300,237],[-109,-33],[-56,-132],[-388,92],[-517,-707],[-478,82],[34,-77],[-102,-22],[-53,-180],[-165,-53],[-137,170],[-592,-547],[-126,57],[-251,-70],[-265,-404],[73,-250],[-65,-343],[-114,-71],[-21,-283],[-160,-118],[-35,-308],[-143,-143],[-210,-606],[-222,-102],[-211,-256],[-351,59],[-87,-56],[-47,-194],[81,-247],[536,-611],[103,115],[138,-59],[24,-233],[-172,-463],[235,-381],[-41,-430],[-52,-96],[-403,-189],[39,-267],[-714,-536],[-384,-114],[-360,-552],[-443,-23],[-244,-477],[-291,-176],[-367,-146],[-542,1],[-474,96],[-226,-46],[-108,148],[-398,-328],[-370,67],[-243,-134],[-590,-72],[-234,-203],[-28,-169],[82,-122],[-243,-275],[-42,-374],[67,-100],[367,8],[-121,-215],[134,-285],[-157,-27],[-263,94],[-291,-255],[57,-264],[129,-96],[210,-35],[236,144],[142,-19],[91,296],[370,14],[243,300],[976,332],[331,-309],[283,-65],[392,-333],[331,38],[615,-155],[109,-163],[604,-284]],[[1880083,4287267],[154,-393],[-226,-382],[116,-302],[-17,-228],[538,-551],[-540,-1011],[-254,-118],[-290,-10],[-450,210],[-335,-1],[-208,-111],[-901,-37],[-136,-86],[-416,290],[-257,38],[-152,168],[-298,-49],[-572,219],[-234,298],[-529,-214],[-306,362],[-112,-116],[41,-170],[-233,-12],[-302,-632],[42,-146],[217,-187],[5,-465],[-127,-301],[-172,-50],[-19,-547],[-69,-76],[89,-227],[-14,-466],[284,-544],[-325,508],[-2,502],[-80,200],[-67,-2],[-204,-266],[28,-174],[-114,-448],[-139,-95],[18,-495],[-109,-215],[-309,-240],[-147,-757],[50,-204],[-149,-253],[-559,94],[-196,264],[-652,448],[-93,-675],[-747,-1039],[-397,-1022],[-2346,-10845],[525,-3694],[-293,-1077],[-582,-1305],[-90,-1050],[-526,-2420],[-557,-794],[-1660,-2933],[-796,-589],[-2192,-1392],[-482,-406],[-1144,-670],[-283,-268],[5024,-3638]],[[1864805,4246470],[-488,-1845],[-591,-256],[-303,-304],[-123,-7],[-294,217],[-143,-55],[-440,-440],[-405,116],[-528,-580],[-918,-254],[-249,15],[-435,362],[-2347,969],[-601,105],[-556,-50],[43,-1686],[-290,-397],[-370,-324],[-1129,-1582],[-470,-536],[-698,895],[-36,-162],[-48,53],[-42,-103],[78,-30],[-174,-620],[-167,108],[-163,-212],[241,-262],[-678,-484],[117,-316],[-443,-322],[33,-48],[-1998,-1919],[-1046,-1144],[2301,-2480],[423,-287],[57,-243],[715,-792],[206,-594],[319,-80],[-235,-6081],[4770,-2489],[1452,-980],[-61,-1467]],[[1859091,4219879],[-1096,184],[-3070,960],[-255,230],[-558,258],[-1203,739],[-3240,574],[-289,-50],[-747,-339],[-1293,-68],[-134,-105],[-7,-2041],[116,-1028],[7,-2139],[987,-1463],[288,-3271],[711,-1012],[210,-684],[415,115],[219,-84],[402,-740],[79,-582],[-18,-165],[-257,-79],[-1204,-88],[-96,1856],[-529,791],[-713,839],[-569,-181],[-268,50],[-169,-242],[-333,-97],[-327,5],[-213,-414],[-135,-529],[-66,-804],[146,-130],[-164,-302],[120,-403],[-380,-360],[-117,-225],[-6,-498],[-116,-212],[-101,-25],[-72,-588],[-88,-127],[-344,-123],[-221,-533],[-279,-143],[202,-592],[-197,-268],[579,-469],[-152,-484],[176,-120],[302,-56],[144,-254],[226,-162],[578,-161],[-172,-434],[-540,31],[-1005,-549],[-332,-877],[-485,26],[-325,-171],[-131,305],[-254,110],[-448,737],[-189,-285],[-195,-885],[25,-676],[-155,-116],[5216,-1882],[-1788,-7265],[-8233,-1325],[208,-1155],[927,-2854],[-177,-43],[60,-98],[175,18],[1652,-5651],[889,-2750],[286,-1376],[-1412,26],[-1281,-169],[-1349,5],[-730,528],[-93,324],[71,562],[-218,290],[-1037,457],[-762,48],[-620,222],[-285,459],[-1193,1029]],[[1902993,4333804],[46,-320],[178,-281],[-144,-87],[90,-85],[98,73],[88,-187],[315,-194],[360,-489],[-28,-357],[88,-251],[-200,-109],[-51,-275],[150,-167],[145,-23],[76,-218],[359,-199],[-2,-290],[66,157],[117,-121],[-175,-252],[12,-479],[-275,-467],[29,-131],[267,-177],[74,-287],[-8,-169],[-245,-180],[58,-214],[-125,-127],[58,-406],[-256,-236],[146,-254],[-464,-276],[-118,-159],[248,-179],[182,69],[44,-225],[-174,-243],[133,-103],[175,30],[93,-107],[-153,-177],[225,-162],[-11,-278],[159,-201],[-232,-470],[513,-164],[95,-288],[-96,-79],[-2,-218],[-383,-22],[17,-101],[192,-63],[41,-99],[-109,-196],[-347,-72],[-40,-351],[-235,54],[-85,-111],[-154,104],[-136,-65],[31,-138],[-120,-326],[150,-347],[-6,-750],[-193,-56],[-28,-152],[-161,-9],[-95,-401],[-111,-95],[-77,121],[-222,-47],[30,-459],[-156,163],[-237,-67],[-174,57],[-172,-346],[-101,79],[-102,-144],[-180,103],[-140,-450],[-149,-60],[-93,-167],[-236,-42],[-31,-157],[146,-39],[75,-157],[-470,-446],[14,-271],[-231,-930],[-147,-208],[42,-249],[-269,-246],[150,-170],[-231,-74],[-250,-464],[2,-307],[-93,-37],[-45,94],[-339,-414],[-440,-101],[-274,-518],[-1,-262],[-1083,-203],[-220,70],[-221,236],[-114,-357],[-217,242],[-98,-87],[-314,171],[-458,70],[-261,-372],[-326,11],[-109,-584],[-524,-125],[-326,31],[-72,-124],[-445,-104],[-177,74],[-65,-146],[-275,127],[-155,-59],[-748,74],[-87,-77],[26,-390],[-489,-389],[-224,53],[-77,-57],[-291,114],[-346,454],[-24,373],[-468,314],[-439,-296],[-381,-53],[-16,-168],[-131,37],[-186,-128],[-168,28],[91,141],[-70,92],[-93,-24],[-116,-146],[71,-264],[-95,-184],[-180,266],[-200,-23],[-83,-280],[-237,-119],[121,-177],[-201,-326],[118,-333],[-170,70],[-245,-91],[69,-123],[-119,-409],[-207,-228],[56,-359],[-337,-489],[18,-67],[158,44],[92,-82],[-111,-373],[507,87],[44,-238],[217,-217],[-188,-82],[-99,-441],[416,29],[81,-230],[-244,-145],[-33,-210],[72,-64],[256,36],[143,-174]],[[2146582,3788417],[1910,-771],[1098,-1106],[1051,-641],[496,-619],[-45,-1054],[-172,-471],[-611,-845],[-1363,-537],[-1212,-289],[-1703,-203],[-885,-305],[-769,-408],[-1298,-1321],[-817,-1496],[2413,-222],[17124,-23],[330,-286],[5,-1097],[-120,-201],[-613,-500],[-398,-482],[-1,-582],[-370,-699],[56,-252],[160,-187],[542,-392],[448,4],[118,66],[728,-164],[266,-191],[554,-636],[363,-196],[776,190],[1985,59],[113,-498],[-210,-734],[470,-594],[383,128],[1277,139],[770,168],[1013,-1025],[170,-461],[-70,-489],[-450,-785],[-85,-331],[5,-375],[354,-551],[1207,-651],[1556,-459],[516,-420],[348,618],[307,342],[194,-78],[289,-379],[201,-404],[274,-1652],[-13,-407],[-115,-358],[-771,-884],[-906,-732],[-1133,-1228],[-1281,-750],[-244,-643],[25,-295],[-185,-723],[-396,-977],[122,-336],[345,-490],[258,-233],[428,-652],[437,-492],[447,-1060],[390,-386],[321,-190],[1354,-486],[292,-210],[323,-675],[1051,-1403],[-76,-288],[-1011,-422],[-629,-443],[-267,-360],[-166,-736],[-43,-1313],[526,-746],[-563,-1446],[171,-215],[539,80],[156,-86],[-14,-164],[-164,-243],[197,-175],[6,-163],[-261,-303],[24,-96],[-181,-217],[-45,-273],[39,-205],[125,-146],[4,-330]],[[2174376,3742169],[-164,-238],[167,-675],[1368,-4098],[477,-1700],[415,-41],[860,-676],[334,-419],[-34,-298],[191,-541],[8,-248],[-67,-143],[-603,-551],[-90,-407],[64,-698],[217,-187],[720,-350],[110,-178],[31,-398],[617,-804],[363,-210],[689,409],[1080,212],[2399,-511],[343,-223],[1149,-1172],[1192,-740],[868,-781],[851,-432],[2057,-779],[-455,-284],[-115,-545],[-376,-771],[-21,-590],[-85,-137],[-280,-108],[-165,-158],[-408,-806],[-552,-124],[-360,-199],[-246,-411],[-423,-303],[-184,-414],[-1445,-1336],[-860,-170],[-672,-253],[-502,-468],[-321,-615],[-9,-776],[358,-1008],[-366,-1512],[27,-908],[543,-1216],[481,-407],[279,-104],[582,-928],[-30,-190],[-327,-237],[-113,-190],[89,-372],[-53,-292],[66,-573],[-172,-75],[-503,17],[-66,-107],[24,-345],[-735,-555],[-349,-450],[-31,-345],[344,-558],[270,-692],[220,-289],[-49,-159],[-443,-171],[-280,-293],[-182,-11],[-834,628],[-1024,25],[-272,-284],[-43,-419],[-210,-230],[-490,-124],[-1122,-465],[-733,-66],[-119,-140],[-224,-750],[-159,-50],[-173,-328],[150,-761],[-3,-170],[-85,-65],[-734,538],[-570,59],[-562,-61],[-263,89],[-170,664],[-520,255],[-129,412],[-135,88],[-650,-408],[-1126,-227],[-550,-355],[-1772,-352],[-357,-174],[-117,-139],[-12,-179],[477,-344],[34,-184],[-494,-156],[-79,-142],[119,-153],[686,-289],[112,-216],[-132,-242],[-799,-611],[-274,-110],[-173,2],[-520,308],[-549,-170],[-354,136],[151,-241],[991,-568],[598,-805],[607,-290],[368,-363],[249,-352],[141,-466],[663,-1346],[420,-409],[840,-32],[527,-253],[2391,-381],[328,-186],[620,-609],[304,-171],[1675,-317],[172,134],[703,75],[511,-165],[547,-456],[48,-187],[1071,-111],[-207,-121],[-364,-504],[-382,-344],[-526,-289],[-798,-116],[-582,-276],[-127,-254],[-87,-1131],[-89,-122],[-752,-327],[-707,146],[-1181,-189],[-493,-399],[-580,-181],[-85,-290],[-440,-364],[-170,-414],[243,-1023],[-43,-323],[180,-335],[225,-220],[-28,-306],[-620,-1031],[-610,-709],[-337,-595],[-474,344],[-267,102],[-329,-415],[-259,-63],[-743,604],[-553,-456],[-312,-21],[-75,118],[42,587],[-121,236],[-159,104],[-266,-38],[-451,-469],[-262,62],[-334,468],[-693,229],[-174,180],[7,257],[71,73],[472,157],[110,139],[-97,649],[-110,118],[-207,-46],[-388,-464],[-540,-226],[-1044,572],[-1072,62],[-370,260],[-177,-288],[-266,-104],[-96,-170],[-369,-39],[-454,-719],[114,-336],[-42,-341],[-376,-174],[-67,-312],[-225,-191],[148,-708],[-557,-691],[-709,-1141],[-551,-127],[-388,-317],[-36,-368],[-242,-127],[-113,-321],[-198,-147],[8,-791],[-426,-562],[-309,-935],[-315,-221],[-667,-219],[-1706,-1],[-454,-385],[-336,-28],[-1051,-323],[-227,-445],[-14,-560],[465,-554]],[[2154270,3673956],[-963,193],[-484,-266],[-358,-403],[-127,-573],[169,-479],[-214,-740],[-404,-629],[-422,-146],[-489,-319],[50,-386],[-65,-1133],[-175,-204],[-219,-519],[-112,-568],[-545,-240],[-277,-73],[-183,58],[-462,468],[-527,347],[-595,216],[-345,3],[-191,-132],[-117,-292],[-159,-139],[-440,-70],[-454,-372],[-738,-403],[-871,-158],[-287,-288],[-1043,234],[-599,267],[-154,312],[-598,202],[-194,353],[-283,74],[-232,404],[-100,43],[-416,21],[-89,-108],[143,-140],[0,-142],[-151,65],[-122,-124],[48,-92],[-124,-14],[-73,-192],[177,-160],[58,-189],[-131,22],[-193,180],[-156,-59],[-374,213],[-72,-30],[-19,-147],[-172,128],[-218,33],[121,-162],[-204,61],[-185,-371],[-612,-111],[-375,361],[-248,-36],[-499,91],[-165,-68],[-319,159],[-204,208],[-152,-155],[-320,117],[-282,-118],[-140,-81],[0,-209],[-499,182],[-200,-58],[-13,-229],[-96,-57],[-66,87],[-124,-37],[-110,88],[-38,366],[-169,212],[-172,61],[-227,-61],[-178,-414],[55,-492],[-143,-1151],[-141,-145],[-20,-205],[-179,-114],[-278,-394],[-79,-233],[62,-158],[-55,-229],[-247,-300],[127,-141],[25,-286],[318,-196],[0,-133],[-267,-154],[48,-244],[524,-430],[-199,-184],[-107,-341],[8,-392],[-143,-246],[-54,-482],[65,-484],[-162,6],[-61,-139],[121,-118],[-334,-167],[196,-279],[-200,4],[-4,-202],[-159,-69],[-129,-260],[55,-169],[161,134],[288,-135],[-48,-67],[-258,55],[-163,-193],[23,-384],[172,-49],[91,-135],[191,38],[-121,-62],[-142,-389],[64,-328],[-122,-411],[-27,-475],[182,-202],[55,-240],[-130,-18],[-170,320],[-300,197],[-204,31],[-93,-164],[223,-608],[227,-281]],[[2132245,3655796],[-191,-29],[-173,110],[-114,113],[-38,301],[-911,116],[-168,232],[135,183],[-458,284],[-116,130],[-67,282],[-321,83],[-186,149],[321,812],[135,66],[-810,1011],[-708,83],[-51,-199],[-287,-66],[-303,-182],[-338,0],[101,265],[523,431],[203,945],[253,298],[-34,248],[-101,116],[-270,0],[-793,481],[219,216],[169,-133],[203,149],[388,597],[-169,215],[-523,-679],[-405,-100],[-489,232],[0,266],[607,-233],[101,266],[490,547],[236,1027],[152,199],[118,-133],[135,0],[118,-414],[236,0],[101,-166],[118,67],[-84,464],[-152,66],[-135,265],[101,348],[878,33],[50,-795],[135,-182],[287,-34],[135,1111],[320,248],[0,547],[-33,282],[-675,199],[-101,281],[16,299],[203,166],[84,-166],[506,83],[-67,-215],[641,-67],[-34,282],[-303,331],[-321,0],[-118,233],[-253,49],[-101,149],[168,83],[-67,299],[135,315],[-85,198],[-455,-49],[-354,745],[-624,117],[-135,198],[101,133],[270,-50],[135,133],[-51,265],[152,-99],[202,336],[152,111],[51,232],[354,249],[186,315],[235,215],[-792,-363],[-533,367],[-813,1061],[-1598,605],[-944,120]],[[2118378,3792177],[7621,122],[255,72],[334,273],[263,13],[346,-117],[155,-142],[65,30],[-57,-47],[108,-4],[25,-65],[-83,-10],[126,-180],[609,-390],[105,-278],[445,-59],[276,127],[79,127],[286,79],[644,-129],[77,-49],[-31,-123],[312,-241],[198,-536],[118,-21],[-60,130],[136,112],[59,-160],[-97,-118],[275,64],[196,-47],[177,-192],[289,-94],[107,-154],[10971,-1204],[314,-905],[792,-397],[563,-557],[146,-49],[354,-28],[317,116],[824,613],[565,658]],[[2232828,3739741],[-1148,237],[-508,-123],[-418,-8],[-539,462],[-320,77],[-450,-325],[-265,-321],[-602,-69],[-546,-195],[-489,34],[-492,-80],[-312,229],[-578,-168],[-278,130],[-289,-268],[-238,27],[-320,-302],[-383,-164],[36,-306],[-243,-217],[-31,-222],[-129,-198],[-351,15],[-851,-221],[-411,124]],[[2222673,3737889],[-660,404],[-4594,4018],[-6532,5198],[-15,382],[-334,412],[-296,42],[-157,-265],[-352,-87],[-509,204],[-388,414],[-403,265],[-88,170],[-27,363],[-301,136],[-77,174],[-254,1543],[-297,488],[3,185],[-223,195],[-697,350],[-326,7],[-1148,-792],[-602,-70],[-216,102],[-172,352],[4,419],[220,510],[-394,328],[-877,389],[-497,348],[-638,-237],[-407,-291],[-288,49],[-610,-173],[-218,88],[-46,147],[74,168],[1055,692],[323,448],[127,332],[-18,1043],[72,323],[235,218],[579,247],[1072,301],[193,273],[5,212],[-291,587],[-611,808],[-340,313],[-395,-68],[-468,-664],[-285,-119],[-173,173],[12,870],[-153,202],[-160,42],[-226,-79],[-472,-1017],[-97,-46],[-257,138],[-458,716],[-267,125],[-457,-4],[-122,115],[14,250],[732,1042],[-118,544],[103,788],[-8,68],[-125,-9],[-58,245],[-132,-1],[-98,106],[-6,356],[-351,290],[-42,294],[-302,216],[5,291],[160,617],[261,520],[-128,770],[60,464],[504,1012],[-268,950],[142,232],[118,54],[-9,233],[164,549],[307,255],[107,241],[-126,341],[-390,100],[-171,141],[-266,1126],[-237,192],[-216,392],[-32,459],[165,266],[996,845],[143,245],[3,206],[-576,733],[-543,456],[-440,150],[-613,-169],[-477,80],[-860,742],[-695,944],[-317,261],[-727,228],[-633,-31],[-173,77],[-653,1497],[-804,841],[-664,984],[-83,246],[-126,96],[-418,87],[-94,152],[216,388],[774,93],[90,123],[312,41],[123,168],[-18,127],[-871,932],[-3,408],[-119,275],[-306,209],[720,787],[375,160],[1024,65],[2247,624],[942,-29]],[[2196265,3786440],[827,-1491],[861,-829],[788,-484],[485,-113],[556,44],[1063,512],[650,205],[672,162],[639,38],[954,-303],[1956,-918],[1053,-231],[1818,-258],[2425,-558],[3308,-1258],[748,31],[951,251],[1435,443],[985,455],[1503,1336],[1344,1777],[331,350],[385,232],[511,152],[432,1],[990,-102],[1559,-411],[432,-48],[563,140],[268,283],[711,1844],[333,470],[612,455],[438,171],[1635,123],[1810,370],[788,369],[962,780],[345,139],[1077,129],[1745,624],[6811,-2749],[289,141],[1460,231],[534,335],[772,193],[382,574],[424,112],[357,644],[383,117],[240,203],[725,78],[328,238],[152,23],[245,165],[84,394],[212,198],[-5,251],[237,90],[64,224],[207,84],[470,-44],[467,-489],[1025,-373],[283,-175],[96,-1789],[441,-578],[5,-332],[369,-363],[237,-445],[481,-153],[657,-655],[908,-209],[225,-318],[440,266],[441,24],[265,211],[439,10],[308,271],[576,-28],[72,172],[192,62],[725,-135],[400,270],[671,-43],[186,-113],[757,37],[239,-297],[173,-44],[934,22],[-94,-306],[-1441,-805],[16,-307],[1560,-1230],[432,-1012],[232,-196],[-77,-483],[-402,-974],[-1321,-1539],[16,-242],[-255,-1155],[-394,-951],[-1128,-936],[-115,-339],[92,-1042],[379,-400],[409,-287],[185,-332],[8,-498],[-139,-385],[-417,-445],[-973,75],[-1124,-340],[-550,-583],[-603,-946],[-961,-871],[-788,-940],[-793,-470],[-330,-62],[-805,-595],[-330,-441],[-681,-553],[-266,-313],[-506,-164],[-161,-265],[-39,-484],[-624,-785],[-171,-505],[-624,-708],[166,-339],[156,-76],[243,-419],[-275,-624],[115,-547],[-139,-659],[-557,-582],[-385,-917],[-357,-265],[-677,-321],[-435,-11],[-1082,-444],[-547,97],[-190,-60],[-166,-781],[-252,-210],[-831,-123],[-131,-192],[59,-346],[-110,-176],[-1056,-1011],[-406,-730],[-191,-186],[-941,-591],[-457,-195],[-487,-96],[-383,58],[-418,-47],[-1233,-599],[-715,115],[209,1624],[-1887,9],[-3488,247],[-119,0],[-94,-935],[-1322,48],[-56,70],[-2048,-200],[-193,408],[-1372,-23],[-10,-303],[-331,-198],[-443,-65],[-122,135],[86,245],[-71,81],[-163,-260],[-133,-12],[-272,149],[3,-79],[-89,35],[-144,-152],[-487,27],[-328,229],[164,219],[-62,35],[-369,-256],[-27,-192],[-553,-47],[-629,-438],[-59,-328],[533,-142],[130,-492],[-331,83],[-369,-390],[37,-131],[-104,-233],[59,-321],[-201,-540],[11,-262],[157,-317],[-52,-186],[-75,-47],[-160,70],[-113,-144],[-12,-270],[-339,-321],[99,-106],[-140,-19],[-24,-312],[-347,-57],[-97,267],[-340,143],[-235,26],[-118,-89],[-76,-137],[119,-45],[28,-144],[-193,-58],[139,-140],[-10,-153],[131,-73],[94,-338],[-461,-559],[-79,-386],[-218,-394],[12,-258],[1975,157],[2895,-1021],[1252,-214],[129,-870],[434,663],[192,150],[541,67],[3575,1130],[2625,946],[336,42],[387,-92],[628,-545],[-10,-161],[-149,30],[-105,-78],[-243,-836],[303,-821],[-218,-584],[163,-326],[-28,-437],[-105,-335],[-139,-151],[-140,-14],[-228,-409],[164,-466],[-337,-889],[-180,-171],[-104,-291],[-18,-357],[83,-190],[-102,-825],[-258,-126],[75,-237],[-250,-23],[-121,-210],[-328,-107],[-270,-336],[-488,114],[-410,-84],[-613,-218],[-262,-271]],[[2320495,3686169],[-56,-1917],[-371,-2702],[-818,-1288],[-134,-570],[-1,-701],[1054,-3010],[292,-601],[498,-214],[376,-321],[760,-1606],[137,-674],[12,-499],[494,-1743],[88,-621],[230,-630],[-110,-712],[-909,-2132],[-369,-1739],[-2148,52],[48,-248],[-555,-65],[-160,93],[-251,-44],[-357,445],[-88,-129],[21,-276],[-94,-101],[-259,-18],[-567,143],[-131,-123],[-166,-477],[221,-178],[-9,-202],[-203,-79],[204,-337],[-215,-125],[-438,103],[-247,-97],[-42,-90],[283,-322],[379,108],[116,-61],[188,153],[130,-54],[139,-243],[-123,-82],[-244,110],[-143,-28],[170,-402],[-214,-42],[-142,58],[-223,-275],[-240,-84],[-79,-94],[18,-76],[142,32],[7,-346],[-179,-111],[-45,70],[-388,-37],[-476,474],[-434,-58],[-272,184],[-32,-46],[-22,-225],[209,-208],[128,-48],[399,87],[550,-470],[342,-4],[291,-295],[-6402,-6],[264,-149],[-350,-864],[156,-422],[-188,-232],[-229,-520],[-153,-126],[-408,-37],[-29,-299],[-294,-312],[-114,-305],[-569,-92],[-601,182],[-340,257],[-57,183],[-258,10],[-366,144],[-233,-49],[-128,-319],[-174,-83],[-1346,284],[15,192],[677,362],[88,84],[4,159],[-252,309],[-286,559],[-347,162],[-306,774],[-350,141],[-130,139],[-142,-45],[-140,-203],[-81,-752],[-227,-239],[-444,-224],[-209,-311],[-237,-17],[-122,80],[-116,255],[-162,69],[-702,-11],[-278,391],[-319,-204],[-262,11],[-261,324],[-197,114],[-80,407],[-91,117],[-142,6],[-522,-461],[-182,33],[-235,399],[230,322],[-185,441],[-177,149],[-615,201],[-245,268],[-226,-94],[-394,-12],[-116,-134],[-366,-153],[-535,83],[-531,-236],[-293,177],[-306,-110],[-406,39],[-310,-59],[-438,-338],[-431,-173],[12,-287],[-140,-209],[-797,-243],[-414,47],[-145,-256],[-157,-90],[-217,63],[-285,224],[-253,8],[-262,283],[-592,-313],[-385,-37],[-587,138],[-80,256],[-361,239],[-259,-120],[-752,185],[-1010,-374],[-294,-331],[-392,-197],[-373,-77],[-810,-513],[-363,-77],[-378,-370],[-310,-173],[-407,21],[-308,-196],[-1614,735],[-845,-89],[-865,163],[-205,-147],[-712,-2613],[-639,-441],[-541,-742],[-541,-522],[-699,-30],[-1553,628],[-966,116],[-364,-14],[-513,-407],[-428,-90],[-351,-344],[-543,9],[-518,274],[-736,-123],[-347,-245],[-639,-225],[-335,-405],[-589,-168],[-255,-519],[-422,-499],[-92,-777],[-125,-302],[-230,-127],[-878,102],[-79,-65],[-71,-172],[-30,-695],[-200,-348],[-322,-388],[-564,-256],[-462,-423],[-868,131],[-1338,-657],[-384,-45],[-462,-206],[-463,-7],[-388,-249],[-368,-368],[-996,-11],[-661,-171],[-296,-253],[-232,-658],[-53,-666],[-167,-327],[-198,-108],[-517,4],[-577,-260],[-243,304],[-225,123],[-634,-219],[-141,33],[-266,417],[-855,156],[-452,-149],[-163,-245],[239,-272],[-26,-424],[-825,-569],[-433,-442],[-581,-320],[-57,-256],[258,-748],[-80,-160],[-436,171],[-278,-479],[-281,-127],[-179,127],[-45,531],[-183,201],[-281,15],[-505,-245],[-361,-26],[-760,505],[-255,309],[-193,74],[-1041,-825],[-1262,-558],[-361,-383],[-953,-123],[-289,74],[-738,-976],[-7,-294],[238,-431],[-531,-1791],[-181,-185],[-608,68],[-1433,404],[-720,437],[-405,130],[-237,-34],[-524,-315],[-273,-68],[-259,-7],[-202,253],[-210,116],[-461,-21],[-314,-130],[-629,-772],[-246,-496],[61,-405],[401,-602],[28,-311],[-102,-497],[118,-726],[-428,-1066],[-362,-488],[-35,-189],[169,-473],[-715,-1023],[-468,-962],[-632,-200],[-413,-223],[-766,-512],[-248,-273],[-82,-473],[141,-850],[-422,-1101],[-750,-152],[-76,-149],[-20,-435],[-171,-159],[-505,49],[-369,-87],[-370,-212],[-307,-7],[-503,198],[-1324,687],[-108,-269],[-189,-148],[-1035,-45],[-749,-328],[-338,-343],[-612,-1021],[301,-424],[14,-232],[-77,-89],[-223,-27],[-227,-236],[-613,-208],[-215,-162],[-106,-271],[-17,-629],[-109,-233],[-130,-101],[-342,-61],[-1081,-107],[-180,-153],[-56,-462],[-780,-53],[-141,-141],[-134,-790],[-1258,-1525],[60,-104],[702,-229],[207,-183],[895,-164],[204,-317],[209,-394],[-42,-282],[-616,-1142],[-100,-76],[-685,-6],[-193,-92],[-100,-154],[-120,-634],[-188,-287],[-852,-783],[-131,-41],[-523,97],[-146,-128],[-199,-656],[-292,-307],[-1072,-451],[-262,-15],[-387,256],[-376,-103],[-459,-965],[-515,-375],[-767,-114],[-550,-230],[-524,-488],[-220,-518],[115,-337],[510,-996],[699,-547],[5,-396],[-379,-386],[-265,-459],[-1207,-1588],[-783,-317],[-424,-513],[-64,-367],[-125,-112],[-424,-64],[-534,-239],[-953,-685],[-418,-830],[-1073,-1065],[-269,-767],[360,-332],[40,-122],[-482,-623],[-958,-880],[261,-706],[272,-1216],[71,-439],[-35,-406],[-236,-81],[-521,140],[-411,-355],[-479,56],[35,-297],[-248,-143],[-277,13],[-12,-80],[-156,-49],[-279,207],[-38,314],[-321,218],[-508,-315],[-697,177],[-186,-30],[-81,152],[-419,-249],[-219,-301],[-446,-241],[29,-43],[-173,-76],[-20,-117],[-358,-155],[-144,-230]],[[2200997,3594135],[-964,175],[-440,-9],[-912,295],[-121,135],[-138,809],[-95,101],[-812,161],[-334,175],[-818,42],[-1017,-527],[-228,-23],[-460,37],[-1201,583],[-683,127],[-262,669],[-577,298],[-256,227],[-199,664],[-233,327],[-388,227],[-363,19],[-315,152],[-116,308],[-499,227],[-752,877],[-286,474],[-256,227],[-296,569],[203,469],[-20,123],[-406,1026],[-203,49],[-250,638],[-267,351]],[[2187033,3604137],[13,264],[-417,497],[-19,318],[232,451],[-10,436],[-325,289],[-63,265],[329,1408],[-98,716],[387,982],[218,138],[547,104],[699,395],[846,730],[504,912],[153,870],[-48,784],[-491,1188],[317,805],[3,1031],[128,282],[0,348],[749,365],[278,226],[336,515],[-18,354],[723,1099],[355,290],[361,115],[472,372],[408,-43],[1104,73],[911,119],[376,129],[614,301],[1511,1070],[472,616],[88,324],[58,358],[-254,849],[19,210],[166,325],[224,339],[263,224],[648,387],[356,449],[804,544],[137,296],[19,878],[219,196],[2520,1471],[1106,525],[1024,210],[1594,693],[1707,225],[419,530],[341,859],[672,873],[424,707],[224,582],[707,983],[648,477],[234,583],[429,458],[73,210],[106,1594],[200,253],[614,262],[1219,979],[1341,921],[190,425],[-449,744],[-132,539],[102,764],[307,444],[410,157],[1014,153],[1584,578],[800,115],[332,134],[531,367],[502,125],[929,-32],[1335,399],[442,297],[760,766],[285,679],[263,309],[2318,33],[2109,814],[519,250],[441,330],[1533,371],[-249,577],[147,1753],[-173,584],[85,328],[1221,2161],[767,904],[656,-53],[691,-269],[1122,38],[595,-311],[936,549],[500,685],[857,811],[239,337],[839,1662],[438,111],[1078,552],[511,-85],[242,77],[288,224],[597,271],[269,324],[278,111],[101,189],[-24,908],[280,351],[254,535],[507,289],[207,483],[264,106],[504,-105],[261,200],[249,37],[198,-226],[497,-119],[368,-270],[362,-20],[192,402],[-49,427],[134,256],[275,201],[204,306],[422,90],[320,401],[248,44],[1084,-1073],[333,-575],[217,66],[405,-527],[266,-164],[268,-468],[408,131],[637,-374],[334,-87],[265,51],[537,405],[537,-254],[372,162],[132,-140],[0,-268],[117,-251],[78,-8],[204,219],[253,-89],[187,37],[288,530],[447,422],[106,353],[931,658],[16,564],[164,341],[330,283],[289,-8],[134,172],[323,99],[507,871],[362,282],[207,423],[485,97],[388,173],[-86,165],[246,63],[61,105],[-338,302],[-23,118],[249,-12],[542,-429],[282,-37],[312,241],[494,-197],[315,15],[273,346],[256,28],[135,-456],[113,-61],[186,287],[199,-4],[233,202],[209,8],[249,145],[304,-44],[469,-242],[-63,358],[433,65],[168,211],[554,68],[-20,1412],[-359,304],[9,209],[430,1114],[280,418],[138,381],[-57,336],[125,157],[233,127],[1333,303],[344,-64],[575,-607],[587,234],[529,36],[202,203],[5,155],[-133,193],[173,397],[-55,352],[-227,237],[37,244],[102,68],[267,-135],[602,-738],[1060,74],[537,-128],[147,108],[180,665],[161,100],[186,-267],[96,-26],[267,224],[204,-103],[263,-5],[729,200],[287,-144],[211,-6],[87,258],[121,113],[248,40],[159,-18],[386,-265],[220,-28],[106,40],[138,450],[123,77],[134,-37],[276,-326],[682,-35],[61,153],[-89,104],[-390,139],[-4,240],[151,409],[177,-14],[222,-203],[519,-88],[260,-236],[612,-228],[334,-406],[263,-37],[291,232],[44,324],[231,299],[246,590],[482,-154],[171,103],[80,206],[-92,616],[125,375],[-191,258],[-516,346],[-105,185],[233,521],[248,321],[445,-140],[16,670],[142,187],[-29,309],[87,83],[439,97],[374,-159],[256,705],[420,113],[304,349],[416,5],[100,80],[57,185],[-197,325],[504,766],[428,155],[1033,38],[165,251],[201,110],[716,-236],[576,167],[116,367],[530,566],[110,336],[852,620],[54,327],[420,30],[145,517],[111,117],[248,-22],[164,-284],[667,135],[186,134],[195,28],[274,-94],[332,99],[172,-68],[309,81],[580,-21],[354,611],[27,379],[187,294],[440,269],[811,72],[691,387],[510,43],[116,474],[409,308],[183,306],[328,226],[538,-5],[515,248],[433,100],[447,52],[277,-100],[359,19],[28,139],[223,-11],[241,-247],[739,-65],[1078,40],[606,-138],[429,41],[873,-415],[1425,-970],[433,-378],[1287,-639],[944,-336],[1784,-325],[606,57],[365,123],[617,-291],[624,-70],[397,-211],[602,277],[373,-41],[921,-390],[1045,-771],[2024,77],[642,140]],[[1902272,4226559],[126,-81],[520,288],[538,57],[299,-410],[357,3],[200,-87],[242,-450],[256,-786],[350,-91],[422,33],[903,-286],[176,23],[125,188],[373,26],[1085,-141],[185,165],[352,101],[271,326],[186,-325],[25,-453],[-122,-320],[103,-73],[974,-158],[323,-108],[289,-324],[616,-15],[140,-33],[68,-131],[661,-149],[101,-610],[1231,-473],[-38,-204],[173,-86],[-121,-147],[95,-106],[-120,-125],[-114,-3],[107,-81],[6,-170],[89,-87],[-197,-160],[85,-124],[-66,-145],[42,-130],[180,-111],[109,-320],[112,-107],[-9,-311],[312,-100],[486,-432],[131,-223],[204,-123],[202,-371],[-57,-101],[-330,-38],[-43,-148],[94,-355],[-240,-204],[64,-239],[-192,-161],[-74,-271],[-321,-478],[-665,-506],[-50,-246],[617,-553],[139,-313],[52,-386],[797,-750],[142,-505],[139,-24],[508,-401],[200,-47],[50,-151],[590,-549],[647,-328],[537,-479],[363,-207],[1038,-248],[412,-358],[474,-263]],[[1920206,4210290],[-5603,-6093],[-3654,-2724],[-3368,-1375],[-48,-179],[53,-162],[-271,-421],[-175,-631],[0,-256],[319,-655],[699,-752],[-56,-329],[110,-296],[-172,-787],[278,-291],[214,-503],[207,-141],[824,-202],[278,31],[749,337],[160,-8],[757,-512],[141,-234],[93,-446],[106,-76],[293,188],[457,54],[95,174],[169,93],[154,9],[280,-201],[361,182],[487,35],[2288,-3409],[-1460,-2707],[-526,-1937],[-423,-858],[-264,-281],[-481,-288],[-1210,-435],[-1405,-366],[-370,-201],[-646,-449],[-562,-724],[-626,-1203],[-259,-346],[-102,-2123],[-294,-1375],[-429,-761],[-402,-260],[413,-517],[463,-1072],[93,-74],[502,-158],[1147,-568],[787,-1],[400,-446],[367,-1139],[185,-253],[361,-1224],[-58,-1660],[142,-12],[-7,-62],[5422,-389],[1,-53],[512,-40],[118,-81],[6,116],[56,-4],[70,-74],[-69,-594],[93,-4],[-758,-10711],[-217,-93],[28,-112],[-412,-584],[-615,-284],[-249,-207],[-163,25],[76,-160],[-99,-87],[-481,147],[-170,-78],[-303,310],[-424,50],[-1005,-299],[-97,-175],[-100,93],[-864,174],[-295,5],[-255,-123],[-136,135],[-175,-6],[14,165],[-177,-158],[-69,165],[-642,116],[-36,-135],[-270,-259],[-158,101],[-145,-103],[-347,-12],[-366,-280],[-2565,1068],[-777,108]],[[1905724,4156883],[-13615,-1556],[-713,-178],[-1150,125],[-275,194],[-87,267],[-239,59],[-153,-131],[-118,249],[-891,62],[-1051,-74],[-517,-644],[-381,-231],[-495,-110],[-436,111],[626,30],[149,162],[-5,301],[91,87],[-306,66],[-340,334],[-1674,-124],[-241,138],[-387,-31],[-1633,-1567],[-3137,-3468],[-571,-504],[-645,-304],[-386,-78],[-433,-31],[-994,175],[-1674,-439],[-2042,-1341],[-267,-503],[-1568,-1510],[-1615,-1867],[-744,-1105],[-206,-419],[11,-184],[236,-147],[344,-45],[317,233],[441,767],[591,-534],[145,-262],[17,-355],[-405,-497],[-1532,-1182],[-148,-244],[-212,-991],[-97,-169],[-578,-526],[-1044,-1191],[-464,-210],[-427,-42],[-228,55],[-1107,498],[-1454,-330],[-786,119],[-245,-37],[-76,-192],[24,-202],[1014,-1416],[-385,-657],[-799,-511],[-352,-61],[-329,48],[-765,381],[-437,309],[-273,470],[-201,1003],[-848,361],[-179,287],[-61,460],[261,561],[-64,182],[-329,371],[-985,475],[-849,740],[-692,183],[-1720,115],[-386,90],[-635,259],[-1065,644],[-902,71],[-821,177],[-1136,-873],[-979,-581],[-584,-140],[-598,80]],[[1842812,4171944],[332,646],[582,519],[1121,362],[523,370],[634,285],[546,396],[1468,39],[794,-270],[796,-31],[530,236],[473,497],[314,-9],[575,336],[269,59],[383,385],[498,237],[271,-101],[110,71],[669,-70],[301,52],[356,-211],[788,-160],[74,192],[224,-67],[488,289],[662,-39],[170,262],[152,32],[2,105],[153,8],[64,-91],[36,188],[184,38],[95,-64],[134,449],[352,349],[448,5],[690,330],[81,364],[97,-44],[119,216],[167,55],[-4,152],[-151,92],[-34,413],[255,-21],[190,422],[202,94],[81,345],[344,16],[333,-109],[85,2039],[214,716],[-86,749],[325,1227],[-86,293],[-424,409],[-365,882],[-113,924],[-260,810],[-137,1992],[-119,380],[91,271],[101,-216],[183,-21],[345,43],[560,377],[150,-41],[87,-127],[244,132],[231,-263],[254,116],[336,-134],[91,217],[153,97],[734,-81],[209,-164],[325,166],[293,36],[904,731],[991,71],[112,195],[215,67],[335,345],[479,270],[294,86],[138,-67],[607,26],[268,-126],[195,15],[529,386],[190,286],[247,-97],[354,51],[417,247],[358,-118],[340,215],[5,482],[170,158],[52,290],[-342,230],[-69,463],[67,288],[303,497],[-53,289],[352,198],[84,163],[127,-67],[-153,283],[32,159],[-140,51],[440,84],[236,235],[279,64],[-8,116],[282,186],[287,82],[90,135],[251,39],[50,166],[518,-128],[156,44],[228,110],[34,187],[229,138],[156,51],[56,-68],[70,99],[175,-11],[52,114],[106,-43],[137,96],[-54,91],[78,169],[226,-69],[12,628],[-302,965],[188,138],[176,-126],[41,191],[-66,169],[-137,21],[-61,137],[102,104],[-329,100],[-61,140],[-166,1],[135,190],[141,473],[-41,64],[165,-96],[64,265],[298,18],[-769,725],[-208,336],[-162,120],[-113,306],[43,167],[185,198],[-54,896],[391,214],[196,332],[122,514],[255,132],[136,505],[-15,1156],[292,445],[-18,249],[480,207],[-123,340]],[[1876453,4208570],[-49,188],[-152,162],[-79,520],[-201,166],[-185,548],[-119,90],[-404,67],[-265,263],[37,134],[-148,198],[-139,622],[108,433],[-13,189],[-108,122],[944,701],[619,1373],[840,327],[961,183],[599,266],[599,-40],[227,1081],[1485,-130],[4003,-556],[-69,988],[52,202],[510,-20],[507,118],[146,126],[161,458],[354,361],[139,395],[731,57],[640,479],[337,155],[468,-149],[74,-119],[251,11],[355,-198],[427,-1],[31,379],[784,585],[373,120],[237,447],[554,211],[393,280],[247,-19],[280,261],[178,11],[216,131],[519,805],[186,142],[269,632],[-94,807],[-281,439],[-57,342],[165,655],[358,428],[276,-329],[258,78],[302,251],[565,51],[161,-239],[712,-425],[448,-811],[587,-211],[443,-56],[305,-270],[668,-40],[365,328],[102,480],[-92,340],[337,1411],[186,197],[143,38],[65,206],[-57,195],[252,314],[-223,400],[79,593],[400,179],[168,331],[227,-4],[539,-662],[381,-161],[87,-263],[-24,-226],[158,-132]],[[1970097,4209691],[724,-257],[-103,-214],[-431,-194],[-125,-137],[-296,-967],[387,-38],[386,118],[480,-167],[505,66],[841,-87],[1137,-1100],[213,27],[388,-168],[506,338],[640,-516],[230,16],[781,739],[172,308],[181,647],[599,5],[131,446],[236,102],[107,196],[-24,346],[85,198],[470,440],[166,391],[428,334],[144,-268],[382,-390],[887,-726],[303,195],[416,397],[990,1554],[1414,896],[422,560],[581,151],[289,206],[-2116,1446],[597,992],[336,876],[458,570],[1132,2221],[-1384,-56],[-1114,146],[-421,208],[206,527],[-133,755],[108,256],[75,52],[-57,-103],[297,159],[36,64],[-64,29],[217,84],[-61,-44],[221,-6],[-108,51],[144,14],[357,-73],[-202,-13],[97,-38],[322,-18],[492,136],[677,5],[1592,-529],[321,41],[398,-95],[290,176],[52,126],[196,16],[649,710],[195,112],[601,1038],[14,354],[218,70],[176,215],[921,618],[737,380],[1505,497],[1005,425],[18,-110],[933,-459],[456,-348],[104,-334],[139,-128],[-60,-125],[230,329],[92,-90],[-40,-82],[496,-42],[-288,95],[22,67],[472,-213],[373,-973],[302,-1102],[86,-39],[112,-1525],[-94,-1396],[-311,-667],[-825,-797],[-221,-599],[-72,-796],[205,-857],[524,-584],[455,-315],[487,-274],[744,-272],[1224,-190],[1214,182],[664,-172],[475,-1426],[792,-3084],[284,-679],[-43,-547],[-184,-232],[-233,-100],[-267,-38],[-1005,108],[-1285,-209],[-184,-203],[-72,-232],[118,-533],[297,-467],[1012,-833],[554,-301],[516,-587],[184,-871],[64,-783],[-45,-520],[966,-64],[-400,-519],[-158,-347],[-420,-254],[-170,-348],[-58,-480],[52,-1732],[138,-761],[70,-2251],[761,-1170],[-637,-1685],[177,-784],[-566,-602],[-170,-122],[-222,-21],[-378,114],[-356,-343],[-432,309],[-572,-900],[-617,283],[-531,-380],[-272,419],[46,-2445],[-807,234],[-180,194],[-785,28],[-865,267],[-473,172],[-339,241],[-763,259],[-1276,61],[-491,122],[-1153,-253],[-243,-251],[-419,-96],[-847,-33],[-554,-364],[-691,-196],[-1094,-3],[-154,82],[-455,-59],[-249,-145],[-191,-304],[-563,-301],[-291,24],[-735,450],[-758,293],[-1535,-227],[-874,179],[-416,293],[-224,-30],[-251,104],[-417,7],[-982,-577],[-103,-258],[-308,-196],[-145,-259],[-635,-674],[-278,-388],[-132,-401],[-90,-750],[-199,-246],[-795,-300],[-345,-312],[-487,-74],[-385,66],[-404,370],[-1051,181],[-268,-29],[-154,-167],[-77,-327],[-166,-239],[-690,-59],[-312,-111],[-17,-262],[-168,-313],[23,-395],[-57,-94],[216,-53],[-26,-69],[349,-595],[-7,-219],[-367,-794],[-718,-594],[-322,-125],[197,-653],[395,-644],[-642,-527],[-146,-501],[266,-372],[-39,-260],[153,-413],[-478,-221],[-300,73],[-348,-154],[-1576,113],[-462,-502]],[[1968218,4176520],[-192,17],[-269,394],[-573,1280],[-286,452],[-386,-763],[-806,-2725],[-508,157],[-111,481],[15,1744],[-1021,505],[-243,259],[-148,369],[-228,81],[-448,92],[-690,-478],[-802,44],[-143,-51],[-233,-343],[-187,-64],[-1226,201],[-2015,95],[12,-148],[-145,-32],[0,62],[-228,33],[13,83],[-777,-18],[-51,78],[66,193],[229,150],[518,-14],[94,81],[-72,466],[85,18],[-50,153],[-93,5],[-69,370],[18,145],[162,123],[-28,118],[439,50],[359,138],[74,-309],[611,138],[384,-255],[419,-5],[473,251],[841,2066],[347,632],[-313,685],[-1118,1725],[-125,390],[-654,907],[-130,509],[320,248],[1587,831],[1448,614],[284,271],[34,455],[-251,608],[-261,311],[-626,442],[13,1185],[192,317],[113,728],[160,100],[453,-79],[724,106],[661,-366],[362,809],[465,113],[51,477],[80,104],[1216,88],[331,120],[345,1003],[32,195],[-498,-64],[-108,53],[-50,755],[-156,673],[-405,-403],[-891,-99],[-493,-389],[-850,76],[-274,199],[-94,433],[-310,229],[-147,236],[29,239],[443,736],[19,641],[-803,4],[-1316,152],[-155,-44],[-97,846],[433,979],[473,1402],[3,192],[-186,209],[293,-65],[503,142],[898,406],[-261,303],[209,609],[-34,320],[-357,861],[95,520],[-19,757],[144,537],[406,440],[552,146],[286,229],[-192,286],[176,209],[-77,124],[838,904],[719,122],[494,582],[702,184],[361,293],[934,-202],[257,116],[739,-362],[-95,-358],[66,-63],[573,-239],[272,-8],[306,108]],[[2263967,3824456],[-169,-870],[100,-38],[-36,-504],[-313,-1149],[-1263,-13671],[0,-192],[767,-500],[191,-579],[766,-466],[317,-506],[-43,-428],[84,-265],[-5,-545],[-81,-664],[-907,-1343],[-117,-353],[-876,-1081],[248,-302],[-171,-354],[17,-141],[357,-371],[-349,-944],[-76,-764],[515,-406],[267,-1278],[237,-490],[330,-1205],[-108,-816],[107,-913],[220,-570],[292,-371],[-176,-366],[-14,-292],[-244,-485],[-106,-485],[947,-394],[917,-801],[740,-503],[742,-738],[766,-407],[4026,-3297],[601,-998],[75,-366],[280,-242],[264,-466],[1179,-2416],[-818,-1242],[-590,-1986],[-806,-238],[-239,-252],[-463,-261],[-216,-540],[-1073,-948],[-159,-370],[-707,-1094],[-117,-440],[154,-229],[989,-439],[285,73],[9,-2348],[-1522,-426],[-646,-306],[-665,-600],[-239,-357],[429,-1076],[-18,-721],[524,-332],[442,-716],[195,-170],[625,-208],[374,-564],[148,-1434],[-521,-856],[-178,-142],[-559,-171],[-327,-323],[-611,-1302],[-394,-556],[-468,-413],[-955,-143],[-311,511],[-124,12],[-1006,-443],[-124,-603],[-260,-458],[-473,-496],[-573,-442],[-628,-969],[-910,-707],[-264,-16],[-367,-170],[-457,-45],[-157,-650],[-285,-547],[-1197,-1078],[-360,-77],[-397,167],[-190,-72],[-254,-636],[-175,-804],[88,-306],[-286,-552],[-49,-600],[-320,-625],[-50,-318],[-314,-148],[-212,-327],[-480,-280],[-170,-283],[-473,-85],[-88,-127],[-28,-311],[-175,-226],[-402,-4],[-554,176],[-332,-131],[-407,-325],[-50,-280],[-374,-266],[-299,-567],[-195,-137],[-323,-54],[-263,-551],[-455,-21],[-408,-385],[-162,-55],[-180,19],[-69,243],[-116,18],[-254,-320],[-279,-591],[-621,-199],[-604,-524],[-503,-722],[-475,53],[-118,-153],[-98,85],[90,205],[-110,81],[-388,-135],[-337,-280],[63,-311],[-67,-80],[-168,-42],[-172,-210],[-308,72],[109,-324],[-43,-134],[-187,-137],[-4,-214],[-949,-275],[-934,-925],[-171,-231],[-8,-129],[78,-53],[274,76],[121,-305]],[[2244427,3739238],[-277,57],[-1081,-23],[-702,-158],[-1317,16],[-1464,-247],[-1884,154],[-84,436],[-257,554],[-624,220],[-625,-266],[-934,-180],[-703,-236],[-273,35],[-430,288],[-121,200],[-439,-429],[-384,82]],[[2196265,3786440],[-329,701],[-432,612],[-1068,1253],[-1305,3541],[-1513,3150],[-886,1558],[-394,587],[-503,533],[-445,384],[-1821,1063],[-1930,941],[-557,363],[-438,458],[-513,374],[-1031,479],[-2104,-309],[-1356,-24],[-513,106],[-350,192],[-109,598],[9,1462],[331,70],[419,-252],[669,-139],[364,-1],[1841,363],[378,-124],[631,-6],[780,-133],[431,66],[341,-51],[697,-300],[140,-816],[381,-417],[1259,-324],[554,-671],[193,-169],[198,-33],[365,335],[625,-33],[678,317],[575,443],[795,920],[446,313],[754,235],[1055,-74],[134,-208],[134,-663],[-11,-1306],[115,-1109],[373,-923],[594,-682],[954,-527],[861,-245],[796,-118],[580,155],[957,718],[591,637],[320,151],[1136,-7],[1238,131],[1264,-374],[377,-321],[149,60],[312,513],[224,857],[145,256],[1069,911],[945,1188],[895,858],[1728,913],[1801,1616],[84,216],[138,1271],[-96,1171],[27,973],[221,977],[106,241],[223,164],[853,245],[356,227],[162,763],[-54,1739],[223,575],[366,467],[86,248],[-158,467],[-741,829],[-234,663],[81,787],[300,1035],[194,210],[400,165],[1205,166],[1327,391],[1018,1235],[1236,2470]],[[2218581,3824157],[190,-65],[2034,111],[659,-227],[641,-478],[342,-730],[361,-419],[669,-329],[283,-18],[338,147],[277,230],[1325,2150],[482,335],[560,224],[597,112],[428,-17],[2370,-603],[976,-128],[3440,-88],[568,-158],[488,-698],[1183,-751],[537,-16],[1344,-738],[419,-108],[470,29],[410,130],[338,276],[307,389],[593,1091],[799,711],[415,147],[495,30],[590,-136],[561,-312],[671,-876],[691,-633],[873,-189],[333,-21],[319,89],[603,218],[1193,1320],[835,747],[953,544],[1241,449],[-82,155],[1666,504],[1076,63],[56,-155],[629,0],[943,-136],[1211,-638],[728,-293],[761,-105],[825,31],[1153,446],[675,27],[499,-149],[1713,-1067],[332,-125]],[[2005894,4167034],[-592,-387],[-695,-630],[-136,28],[-684,-282],[-1029,-126],[-533,50],[-321,-350],[-306,-185],[-573,-151],[-393,45],[-427,-317],[-413,79],[-995,-1003],[-218,-514],[-366,-511],[-272,-228],[-133,-33],[-140,71],[-248,356],[-366,57],[-473,-27],[-299,-176],[-200,-26],[-426,51],[-206,-85],[-604,90],[-284,-420],[104,-284],[-111,18],[-447,-263],[-117,-232],[-124,-27],[-54,-102],[-669,-285],[-168,137],[-48,-104],[-312,-64],[-68,-108],[-232,12],[-87,107],[-139,-126],[-35,-176],[-186,-55],[-24,-249],[-235,36],[-212,-202],[-24,-139],[-162,-16],[-31,-141],[-286,-89],[-1273,438],[-255,-173],[-37,-448],[-202,61],[-56,132],[-160,87],[-245,-33],[-299,170],[-50,-104],[-210,-21],[-253,205],[-318,-106],[-226,35],[-262,-150],[-152,249],[150,28],[10,140],[-248,65],[87,166],[146,24],[-3,82],[-267,33],[-81,-125],[-121,159],[-123,-16],[-81,-57],[-52,-262],[-121,-78],[-171,237],[-264,-38],[-11,313],[-148,130],[-199,458],[-186,38],[-396,-133],[-199,380],[-325,-1],[-179,136],[-401,-114],[-580,103],[-324,-320],[-340,30],[-107,-204],[-266,-165],[-173,180],[-313,148],[-64,184],[-223,130],[-263,-155]],[[1981061,4161896],[43,-225],[-154,-155],[-283,-674],[-121,-21],[-358,211],[-126,169],[-37,433],[-219,459],[-352,388],[-1296,734],[20,226],[-164,333],[-590,819],[-1291,102],[-231,-96],[-570,170],[-655,-88],[-783,327],[-1082,-218],[-240,-342],[-401,48],[1,-186],[-332,-269],[-327,64],[-797,-109],[-94,-175],[-283,-160],[-173,122],[-211,-169],[-217,-47],[-58,-184],[-156,-42],[-161,-305],[-272,-125],[-100,-208],[-114,-27],[-185,34],[-107,231],[-89,-42],[-72,125],[-255,-173],[-92,8],[-12,90],[-366,48],[27,77],[-291,-254],[-46,55],[-49,-93],[-385,-62],[-177,184],[-351,148],[12,307],[-114,124],[-429,148],[-233,259],[-553,61],[-668,329]],[[1964442,4164280],[-498,371],[-49,173],[-185,161],[102,623],[110,79],[-134,235],[163,146],[11,238],[160,121],[-126,228],[46,311],[425,600],[-8,141],[495,175],[248,243],[-63,595],[-140,156],[221,713],[199,-78],[-10,102],[135,2],[338,246],[148,356],[-117,144],[180,9],[-156,196],[-528,173],[19,159],[110,-94],[60,72],[-99,76],[39,105],[-104,-10],[96,186],[89,-12],[14,-98],[86,54],[-30,99],[187,-84],[-67,101],[68,82],[-103,32],[18,75],[127,-26],[319,249],[125,-12],[26,179],[140,114],[-98,141],[29,153],[-162,123],[86,237],[147,59],[-142,76],[153,92],[330,-113],[-103,438],[93,4],[-2,133],[108,-38],[75,449],[94,-10],[-37,112],[159,53],[59,196],[143,-85],[149,113],[113,-34],[31,99],[195,21],[44,144],[207,25],[33,396],[119,18],[118,-107],[66,89],[152,-37],[363,264],[-559,218],[15,214],[-329,392],[74,283],[-34,416]],[[1970097,4209691],[309,715],[678,857],[158,365],[110,1144],[-115,529],[-187,233],[-2,584],[-121,271],[92,351],[452,326],[89,471],[-848,-591],[-626,-176],[-462,-357],[-141,-266],[-232,-34],[-33,-267],[-134,91],[-131,-49],[-46,-131],[-328,-219],[-124,143],[-389,-585],[-285,-139],[-224,-295],[-410,-113],[-347,-286],[-605,-290],[-352,-361],[-360,-171],[-465,-65]],[[1965018,4211376],[-245,193],[-588,-389],[-760,-170],[393,4234],[-90,1192],[175,619],[295,647],[39,234],[-83,452],[955,165],[684,452],[1707,-83],[671,1009],[474,979],[251,259],[381,878],[129,147],[396,201],[-266,2260],[1188,-556],[680,-132],[-543,1058],[-994,1172],[-142,1940],[-611,1510]],[[1969114,4229647],[404,233],[381,99],[1116,-362],[905,-105],[643,-18],[2149,319],[441,-117],[158,-144],[236,62],[20,-157],[61,128],[434,6],[423,374],[404,120],[317,194],[325,627],[105,762],[129,139],[59,-212],[83,-26],[-28,373],[585,669],[309,93],[14,-383],[252,-224],[143,80],[149,-41],[86,76],[-55,158],[69,34],[239,-19],[201,128],[473,82],[129,298],[276,321],[1422,397],[277,268],[29,253],[152,57],[50,334],[-100,216],[79,532]],[[2201309,3261542],[-100,523],[-153,243],[-489,110],[-367,511],[-915,127],[-122,457],[-92,100],[-710,110],[-157,121],[392,780],[-7,284],[-118,189],[413,291],[259,-87],[340,100],[455,-153],[643,730],[183,97],[432,-50],[346,-207],[232,24],[1259,851],[33,410],[-85,401],[165,369],[-44,544],[284,302],[207,515],[-306,913],[-289,247],[-240,-114],[32,275],[236,507],[364,114],[241,422],[148,307],[33,534],[462,-29],[61,239],[147,175],[60,398],[411,258],[380,812],[577,722],[40,258],[-99,232],[137,323],[137,152],[250,-45],[62,287],[216,188],[306,533],[-183,414],[18,323],[985,504],[7,81],[-122,88],[-238,-64],[-8,84],[33,114],[319,237],[45,470],[282,245],[480,37],[488,418],[340,465],[1018,329],[64,139],[-104,340],[644,773],[197,549],[552,1005],[336,334],[210,422],[88,-102],[108,-501],[72,-28],[853,347],[521,80],[236,-50],[185,131],[-25,175],[-210,311],[16,127],[559,590],[129,566],[152,51],[170,-154],[181,-4],[447,1129],[68,995],[282,-18],[460,-269],[690,183],[737,603],[217,291],[436,-90],[95,175],[282,55],[98,282],[-116,173],[-18,326],[91,117],[269,39],[3,87],[-94,262],[-261,260],[-35,313],[-270,283],[153,308],[-386,460],[-23,1371],[-135,34],[-154,-300],[-197,-117],[-482,8],[-379,368],[-244,115],[-349,-90],[-289,283],[12,345],[-70,137],[-741,481],[-19,599],[120,570],[-229,134],[217,489],[54,404],[-143,318],[-145,-22],[-135,-178],[-353,394],[-44,779],[-130,348],[39,223],[284,214],[155,14],[99,195],[62,629],[-137,321],[33,359],[398,442],[426,150],[-36,416],[144,4],[48,130],[628,549],[324,170],[320,742],[196,157],[321,46],[671,530],[6,317],[-86,144],[-998,119],[-251,112],[-63,103],[19,596],[-663,914],[-165,21],[-232,-133],[-350,-55],[-476,23],[-229,137],[-13,396],[-112,159],[-608,152],[-306,853],[-152,1140],[-261,398],[-324,-43],[-162,343],[-1142,-129],[-733,447],[-40,263],[93,238],[-128,116],[-351,47],[-688,-97],[-313,271],[-464,-7],[-340,223],[-238,-6],[-130,90],[-733,41],[-170,71],[-38,128],[-122,66],[-518,-29],[-31,94],[-305,104],[-572,78],[-197,-52],[-945,482],[-403,323],[-213,4],[-325,-148],[-212,684],[7,215],[-279,141],[-163,200],[-320,63],[-454,414],[-304,38],[-133,129],[-147,357],[-186,182],[-59,599],[-265,334],[-574,1028],[-287,227],[-6,356],[-407,804],[8,215],[-319,724],[-91,670],[130,354],[-206,187],[-13,115],[569,525],[402,243],[80,255],[-445,550],[-96,382],[-452,466],[-20,224],[206,482],[-39,214],[-450,209],[-81,121],[71,587],[611,814],[34,299],[-498,-159],[-69,754],[-317,-58],[-66,72],[181,939],[270,289],[-35,431],[251,159],[262,364],[47,202],[-103,130],[-293,-34],[162,275],[-179,21],[-324,212],[-321,48],[-86,96],[7,174],[257,147],[593,96],[772,497],[144,-22],[144,-196],[192,4],[452,1255],[157,38],[332,-91],[846,205],[520,368],[-29,453],[336,169],[150,-39],[113,-144],[444,3],[329,-258],[304,70],[162,-101],[523,-31],[263,-173],[782,336],[108,13],[75,-142],[98,0],[449,209],[127,151],[167,-276],[236,-144],[344,-520],[180,-148],[163,26],[190,212],[216,-71],[190,39],[118,180],[-46,241],[248,237],[341,158],[402,736],[1173,796],[558,1041],[803,609],[634,51],[379,-74],[2088,24],[1123,-228],[319,99],[153,184],[340,196],[588,146],[763,44],[800,-141],[410,392],[419,265],[286,329],[332,112],[227,206],[224,714],[205,247],[283,828],[103,120],[210,54],[313,-82],[308,73],[-38,169],[292,199],[656,-417],[117,352],[385,-8],[352,-105],[299,365],[118,-54],[85,-223],[210,117],[16,188],[326,239],[516,-161],[-263,-182],[81,-123],[792,226],[259,-16],[123,641],[399,577],[245,-214],[261,466],[316,54],[545,-55],[205,317],[402,51],[271,174],[187,-39],[122,259],[330,8],[-113,470],[115,254],[340,110],[416,284],[285,376],[93,-23],[30,-186],[125,-8],[242,277],[424,123],[199,404],[588,89],[402,-30],[415,286],[484,-178],[469,108],[48,-214],[110,-95],[586,282],[261,-397],[592,85],[269,-326],[513,-101],[516,27],[145,-231],[263,85],[456,513],[483,-432],[455,73],[249,-102],[442,134],[279,-605],[672,-339],[278,-49],[304,5],[531,213],[247,523],[414,588],[66,501],[200,352],[424,-39],[619,119],[286,-90],[-1,-254],[-374,-303],[64,-335],[-64,-442],[359,-306],[97,48],[28,353],[487,347],[347,-208],[819,413],[965,-183],[137,39],[226,244],[33,512],[187,407],[15,303],[-114,513],[295,475],[-123,270],[-196,195],[-376,72],[-262,-125],[-116,53],[-11,531],[447,883],[-161,432],[-267,248],[0,279],[-469,219],[-131,155],[-256,705],[-4,231],[-206,446],[-79,504],[-208,119],[-1249,-53],[-534,-412],[-1023,141],[-542,-54],[-335,-183],[-211,-10],[-183,207],[-525,1147],[-537,728],[-109,267],[74,314],[88,90],[206,-214],[133,-35],[1442,464],[830,-282],[300,174],[271,363],[335,1565],[316,663],[-20,212],[-239,278],[248,581],[249,137],[543,24],[376,435],[298,129],[825,766],[166,60],[827,-497],[249,-81],[175,122],[169,775],[-81,293],[315,751],[517,421],[424,69],[154,-98],[210,0],[148,100],[62,238],[-57,390],[201,338],[53,320],[389,-89],[-91,389],[58,80],[330,-18],[-9,266],[99,74],[121,349],[290,187],[601,145],[85,136],[-12,194],[361,397],[59,233],[-90,208],[-241,214],[91,70],[204,-54],[178,116],[171,-117],[111,111],[207,29],[219,-114],[157,174],[368,30],[322,-250],[449,-45],[115,238],[182,118],[209,434],[8,366],[354,78],[148,160],[-33,148],[-301,193],[48,335],[-111,370],[397,83],[119,102],[240,-21],[11,264],[208,46],[151,428],[298,303],[177,492],[805,1304],[174,440],[483,349],[392,101],[1047,-69],[236,48],[357,-324],[435,28],[350,-327],[578,235],[218,-346],[336,23],[35,-209],[455,156],[142,-168],[237,-83],[401,317],[370,-138],[188,133],[1036,70],[318,-124],[611,-84],[311,-158],[123,21],[48,-239],[252,-98],[581,220],[429,11],[-15,106],[-204,125],[120,165],[456,-201],[-49,-299],[52,-29],[410,107],[184,-104],[259,25],[206,168],[190,25],[31,-236],[130,-180],[8,-507],[210,-216],[412,-89],[60,-348],[225,-203],[29,-423],[505,-810],[131,-11],[402,213],[-119,290],[0,301],[321,564],[174,83],[181,-255],[1339,-135],[169,-267],[110,-604],[-31,-419],[147,7],[463,636],[640,-103],[126,441],[-21,218],[190,86],[343,393],[349,52],[825,-80],[73,67],[-7,264],[388,154],[157,-152],[165,-36],[395,435],[113,423],[363,46],[297,236],[117,-16],[-94,-344],[35,-297],[579,-317],[511,380],[107,168],[437,178],[-6,490],[437,53],[218,394],[476,298],[332,-67],[123,671],[297,89],[55,111],[-8,91],[-200,144],[9,152],[918,-94],[69,353],[482,49],[0,376],[138,231],[678,-199],[666,197],[219,-139],[14,-230],[286,-74],[57,143],[139,8],[174,207],[478,69],[17,120],[123,52],[-9,149],[105,166],[-305,173],[399,54],[-9,293],[348,86],[25,342],[93,-8],[76,-274],[51,195],[529,366],[180,242],[-26,-257],[91,5],[102,163],[-13,213],[98,99],[307,30],[555,262],[243,-59],[34,-131],[316,32],[89,-203],[276,164],[57,-70],[109,56],[182,-86],[317,21],[-4,484],[-493,1246],[30,206],[564,881],[166,621],[401,629],[559,514],[144,47],[1419,72],[877,-167],[363,86],[122,479],[253,261],[454,835],[1051,854],[357,555],[326,-91],[544,487],[450,829],[318,274],[16516,-137]],[[2092944,3895236],[-132,-13],[-444,-310],[-411,-438],[-1580,-2969],[-472,-1243],[-94,-542],[-338,-424],[-242,-767],[-149,-212],[-230,-146],[-596,105],[-1044,752],[-501,250],[-542,79],[-1110,-81],[-1222,-575],[-489,-310],[-162,0],[-280,116],[-511,546],[-306,111],[-783,69],[-465,298],[-259,328],[-183,772],[-898,-553],[-1025,127],[-825,271],[-347,-11],[-408,-161],[-583,-497],[-272,404],[-402,318],[-653,-270],[-380,-71],[-746,221],[-378,236],[-535,179],[-326,257],[-372,105],[-407,-340],[-245,-28],[-171,326],[-519,195],[22,135]],[[2070929,3891475],[76,469],[9,1122],[-125,905],[-322,1197],[-731,1199],[-1147,1124],[-695,516],[-408,165],[-1768,246],[-2524,95],[-935,131],[-646,189],[-663,331],[-355,642],[-127,432],[26,1263],[91,594],[-75,27],[108,224],[127,-54],[563,638],[704,416],[391,89],[114,369],[1049,62],[266,68],[580,342],[1430,1370],[119,552],[-8,1357],[344,1871],[1420,5186],[326,886],[341,581],[2173,1754],[301,309],[292,613],[338,-157],[1361,1639],[1918,1994],[543,399],[3327,1010],[2253,899],[1127,727],[432,109],[688,506],[1257,1516],[364,837]],[[2084858,3928234],[-15,-872],[141,-755],[124,-267],[340,-375],[591,-1319],[253,-763],[2,-652],[67,-164],[86,-38],[226,111],[565,387],[317,23],[1224,-510],[79,-247],[194,-25],[222,-164],[6,-98],[841,-321],[255,-246],[239,303],[-76,171],[92,101],[816,410],[557,96],[92,80],[168,447],[442,513],[158,452],[8134,-320],[-1248,-2513],[146,-124],[-29,-1590],[-358,-99],[-215,-273],[265,-684],[656,-192],[712,-918],[664,52],[75,-706],[483,-792],[211,-582],[-463,-164],[-544,-442],[-2246,-403],[-339,85],[-975,-1760],[97,-147],[415,19],[81,-70],[38,-624],[-97,-27],[-248,189],[-210,-158],[-141,18],[-268,-319],[-288,-910],[-372,-419],[-139,-537],[-829,-470],[-504,-656],[-362,-220],[-207,-283],[-29,-233],[214,-61],[60,-218],[197,-107],[-358,-522],[480,-601],[34,-279],[-80,-234],[-180,-189],[-634,-381],[-562,-126],[-425,-247],[-408,-629],[207,-908],[-121,-553],[-592,-515],[-453,-752],[-344,-278],[-289,-480],[-400,-58],[-303,-155],[-163,-305],[100,-478],[-241,-487],[178,-761],[411,-353],[213,118],[26,245],[124,-24],[478,-942],[535,-205],[-53,-413],[-208,-541],[-11,-326],[250,-583],[532,-656]],[[2001237,4037088],[1262,-1247],[1758,-551],[1330,-297],[404,-300],[459,-577],[3321,-1542],[1636,605],[2186,-897],[2539,261],[498,209],[522,71],[2445,-110],[356,70],[563,-246],[622,-704],[590,-1309],[207,-302],[965,-65],[999,305],[895,506],[2723,6],[760,-738],[657,-1040],[907,-588],[863,145],[316,264],[480,-71],[330,100],[17028,-358],[860,351],[1434,-32],[437,-98]],[[2048622,3967801],[-9171,-4382],[-515,-27],[-244,396],[-474,303],[-678,-65],[-452,-366],[-603,-946],[-198,-189],[-584,-266],[-683,-82],[-932,-470],[-271,-235],[-349,-1082],[-254,-421],[-169,-99],[131,-212],[-82,-217],[44,-244],[-347,-426],[-168,-376],[-257,-163],[-199,-20],[1,-370],[-210,-47],[-213,-164],[-151,-587],[-271,-247],[-911,-28],[-340,94],[-371,-182],[-1551,-217],[-547,-322],[-367,-32],[-675,-500],[-69,-189],[-484,390],[-359,80],[-194,256],[-19,2276],[-60,148],[-453,-225],[-549,-800],[-2208,-888],[-371,-110],[-688,-53],[-627,-451],[-250,-129],[-63,90],[-16,-116],[-313,-318],[-879,-754],[-576,0],[-293,-100],[-849,-953],[-374,-993],[-384,0],[-273,-297],[-546,9],[-455,139],[-747,398],[-597,49],[-859,-327],[-202,-249],[-84,-250]],[[1986111,3992820],[260,82],[-12,175],[830,78],[1028,440],[120,142],[-17,189],[204,535],[227,162],[256,521],[219,265],[613,470],[198,430],[265,304],[307,-2],[150,-144],[241,-9],[16,248],[227,424],[-17,130],[-156,138],[107,223],[-216,528],[16,252],[146,6],[69,160],[171,-31],[103,104],[-130,150],[-352,32],[-102,212],[214,241],[290,-23],[67,282],[242,89],[166,393],[334,152],[61,192],[478,489],[-155,193],[211,393],[168,129],[-1,157],[-703,534],[-104,453],[-181,93],[135,120],[-133,273],[-389,315],[15,121],[-70,100],[-124,15],[-71,180],[-396,178],[-35,230],[64,96],[-99,122],[8,177],[-57,90],[-316,43],[-43,205],[246,254],[74,590],[568,352],[12,233],[147,12],[304,-154],[428,310],[-136,352],[3,485],[238,279],[314,193],[34,174],[-119,181],[238,57],[79,106],[25,409],[416,463],[354,-125],[402,168],[15,415],[387,169],[21,340],[192,-58],[95,57],[58,402],[279,409],[-174,368],[59,163],[-85,278],[414,1062],[-163,1168],[180,570],[419,682],[435,1106],[-131,320],[160,213],[216,-160],[164,-1],[409,154],[751,478],[2292,674],[55,187],[194,142],[4,138],[135,104],[239,1164],[268,203],[173,261],[334,230],[306,384],[113,357],[-287,233],[-558,262],[87,460],[-350,441],[36,379],[-240,413],[-387,140],[-283,-26],[-333,-182],[-386,256],[-651,115],[-379,185],[-345,273],[-1133,1660],[439,1169],[525,745],[970,932],[207,29],[749,835],[258,148],[712,689],[-97,217],[-390,393],[-789,269],[-339,199],[-367,434],[-108,365],[-522,681],[-16,254],[-340,266],[-87,369],[-325,383],[-459,284],[-429,557],[-487,348],[-418,498],[485,-60],[755,182],[865,-185],[439,141],[491,585],[611,-75],[755,248],[435,1],[432,-132],[401,90],[191,236]],[[1916505,4276262],[103,625],[-371,334],[-608,215],[-379,-36],[-1321,112],[-1245,593],[271,447],[-32,810],[142,461],[-173,361],[306,289],[-139,277],[-507,83],[-682,318],[-1456,483],[-126,395],[-922,842],[-320,-746],[-196,-272],[-506,-287],[-755,-268],[-97,-516],[-387,-150],[-399,-284],[-370,85],[-524,-427],[-394,339],[-338,666],[-965,480],[-94,-82],[-139,-708],[-307,-345],[-307,-27],[-134,275],[-127,50],[-120,-230],[8,-208],[-104,29],[-95,-92],[-89,195],[-377,-169],[-110,54],[-96,-146],[-177,213],[-160,-31],[-95,209],[-109,-53],[34,-140],[-252,-79],[-85,148],[-549,108],[-152,255],[-278,-176],[-127,11],[-51,119],[-87,-126],[-35,191],[-34,-143],[-184,-144],[-159,86],[-76,-43],[-5,177],[-431,43],[62,-98],[-116,-42],[-97,426],[-122,-75],[-56,239],[-202,-5]],[[1898481,4281157],[-108,135],[-221,-35],[-85,-143],[-169,6],[-11,180],[-84,-33],[-134,109],[-232,-108],[-169,160],[150,238],[-330,7],[31,171],[167,-7],[57,115],[-280,110],[134,235],[-169,112],[-17,117],[230,112],[65,137],[204,-35],[339,107],[15,238],[-138,121],[149,160],[27,262],[-91,263],[114,93],[-160,342],[-6,198],[118,47],[-53,174],[-219,179],[23,383],[-406,243],[-554,-517],[10,-235],[-159,-307],[171,-259],[-149,-140],[97,-371],[-237,-537],[63,-292],[-326,-798],[-370,-305],[-480,-151],[-416,-434],[-489,105],[-264,-70],[59,219],[-206,535],[104,238],[-897,-99],[-158,-369],[-593,-324],[-694,49],[-487,281],[-98,-17],[-551,-324],[-458,-66],[-381,-448],[-329,99],[-213,195],[-298,117],[-223,683],[-326,349],[56,414],[-717,1269],[118,293],[-297,171],[-754,238],[-291,200],[-327,-63],[-21,157],[-112,-36],[-454,272],[-310,-213],[-120,183],[-552,21],[-531,279],[-56,-29],[42,-134],[-139,-1],[-31,-159],[-330,-34],[-519,109],[-106,-162],[17,160],[-162,14],[-19,108],[-183,50],[-95,-121],[1,98],[-132,67],[54,105],[-158,8],[16,241],[-361,-45],[-283,63],[-203,433],[332,245],[-16,391],[-112,46],[-222,-83],[-57,107],[-168,58],[-217,-121],[-245,12],[-131,69],[-123,245],[-369,-15]],[[1888741,4307988],[2165,-1503],[373,262],[355,443],[706,509],[413,455],[214,439],[630,663],[204,-665],[573,-967],[87,-376],[789,-564],[685,-371],[1263,-509],[633,-800],[512,-779],[-696,165],[-473,-729],[-364,-353],[2492,-2326],[226,-429],[1088,-124],[207,53],[1370,1392],[399,-647],[233,-237],[162,-423],[-82,-510],[-158,-191],[14,-265],[145,-309],[394,-443],[162,-350],[-130,-52],[-123,-673],[-165,-92],[-176,-730],[43,-415],[358,-1263],[-357,-827],[-212,95],[-118,-461],[-53,-851],[5,-225],[615,-1774],[211,-360],[1333,-225],[590,975],[415,294],[362,105],[2353,-1],[1163,-629],[281,-271],[308,-541],[465,-299],[256,-266],[510,-152],[639,-314],[449,-81],[566,-560],[150,-284],[395,-59],[421,626],[74,713],[-138,513],[301,544],[62,666],[156,438],[261,385],[521,-199],[949,-553],[632,-235],[601,-697],[291,-229],[211,192],[145,400],[-44,257],[175,408],[-34,320],[566,-525],[1148,-443],[-27,-166],[-629,-618],[61,-53],[-43,-255],[-112,-5],[0,-81],[149,-74],[-47,-113],[223,17],[-414,-608],[-116,-32],[-44,158],[-277,-158],[12,-156],[-116,-110],[-170,95],[-104,-39],[-58,-107],[84,-139],[-18,-193],[-429,-74],[-73,-221],[149,-273],[113,-9],[62,-114],[-390,-152],[120,-293],[-2,-216],[-197,-10],[-158,187],[-264,-98],[100,-174],[232,-143],[-315,-32],[-64,-75],[30,-71],[185,-16],[-546,-31],[-314,-181],[-127,-234],[-12,-289],[-176,-192],[-62,-221],[-182,-122],[-41,74],[-128,-7],[-69,-150],[14,-313],[-196,-6],[64,-255],[82,-49],[-46,-105],[-687,-423],[-5,-114],[132,29],[149,-95],[-80,-160],[249,33],[73,209],[121,-90],[-46,-166],[119,-317],[-115,-202],[28,-149],[-136,-88],[6,132],[-144,91],[51,-183],[-229,2],[-282,-451],[-237,-42],[-27,-105],[127,-8],[-57,-158],[-226,-64],[-123,-282],[192,-124],[2,-347],[-84,-55],[34,-322],[110,-44],[-22,-216],[166,-186],[-91,-27],[46,-161],[521,-996],[320,-387],[-72,-98],[130,-199],[826,153],[411,-382],[708,-431],[-19,-165],[130,-361],[-108,-204],[239,-365],[-46,-133],[-186,-122],[-167,-274],[-412,-64],[-391,-269]],[[2004083,4061906],[-14,-190],[-345,-466],[-814,-803],[-344,-1178],[-517,-674],[236,-113],[478,122],[965,71],[1025,-1756],[-273,-387],[-1796,-771],[-364,-330],[-278,-58],[-961,-494],[-285,-193],[-500,-555],[391,-335],[171,-48],[146,-210],[-146,-82],[120,-115],[4,-122],[-204,-463],[46,-242],[-659,-529],[2,-98],[369,-325],[56,-258],[-374,-746],[-500,-451],[434,-1088],[162,-111],[245,-792],[25,-619],[361,-940],[-57,-160],[181,-442],[1206,-815],[562,-250],[133,-163],[193,-74],[224,-199],[46,-410],[109,-222],[96,-35],[-216,-397],[78,-309],[-353,-1031],[-192,-175],[-23,-236],[323,-725],[-378,-1187],[-432,-341],[-277,-542],[-214,-133],[169,-494],[-316,-551],[-570,-578]],[[1889722,4079931],[-21,477],[82,20],[142,-125],[86,34],[40,125],[-75,243],[214,-17],[-89,351],[99,205],[-65,144],[105,155],[-27,176],[383,107],[-194,118],[-2,82],[234,442],[179,94],[24,260],[212,31],[220,-160],[-92,272],[212,80],[33,344],[170,31],[46,90],[-77,363],[162,129],[210,453],[-52,195],[-287,76],[-427,252],[-227,506],[173,383],[568,709],[161,361],[-93,955],[105,464],[342,490],[617,481],[1879,1970],[30,765],[-167,762],[53,288],[200,178],[417,774],[154,87]],[[1895379,4094151],[438,328],[466,158],[889,-210],[787,15],[573,-114],[1264,43],[402,-152],[987,-833],[265,-83],[1289,-927],[1704,-330],[791,32],[291,-64],[431,580],[244,50],[486,-264],[479,319],[473,168],[88,-93],[-49,-705],[101,-323],[187,-96],[262,221],[125,-27],[172,-137],[157,-359],[388,-298],[381,-30],[295,-117],[-45,315],[244,203],[251,-46],[248,-301],[287,-137],[-5,127],[-180,162],[-31,546],[100,96],[255,-53],[219,94],[313,-317],[290,259],[316,-184],[-147,-175],[387,-125],[26,211],[-223,429],[-111,684],[73,69],[174,-134],[143,35],[-79,382],[220,81],[88,-75],[-47,-192],[261,-148],[483,218],[19,-329],[540,-163],[82,-313],[107,-112],[297,55],[-106,-339],[94,-165],[315,346],[130,30],[165,-115],[1,-245],[125,-68],[130,120],[-130,225],[139,49],[380,-139],[44,-191],[431,42],[169,125],[78,-153],[232,-52],[105,-265],[124,257],[625,-78],[45,-78],[-274,-576],[-72,-39],[-192,103],[-58,-144],[80,-187],[205,-110],[77,18],[90,204],[499,-185],[-45,-110],[-256,-94],[-76,-200],[96,-224],[246,-63],[147,-322],[624,262],[365,339],[160,-47],[27,-278],[564,70],[-38,-411],[199,-215],[245,-58],[114,-279],[79,-677],[-61,-159],[104,-305],[-86,-236],[74,-151],[-105,-69],[-14,-340],[-89,-142],[27,-693],[334,-835],[-94,-453],[265,-439],[-103,-201],[3,-237],[175,-300],[177,-727],[-190,-124],[-27,-292],[-918,-1086],[-279,-879],[91,-305],[-132,-278],[-17,-424],[-191,-200],[-169,-368],[-12,-259],[-134,-99],[27,-431],[202,-224],[15,-256],[-251,-429],[-274,-170],[-329,-826],[-116,-778],[-216,-205],[14,-169],[-135,-157],[83,-736],[-206,-328],[-92,-474],[270,-144],[272,-11],[295,-218],[316,-388],[113,-503],[640,-167],[368,-187],[283,-27],[279,-363],[184,-46],[718,-525],[-4,-659],[-109,-525],[408,-386],[-120,-647],[79,-60],[-518,-385],[-342,-98],[-610,-506],[-467,-146],[319,-289],[324,-30],[312,-213],[59,-128],[343,-48],[263,-161],[546,-18],[390,-174],[427,26],[568,-242],[385,40],[476,200],[165,-52],[466,174],[251,243],[208,391],[535,-21],[144,-98],[765,9],[1071,239],[1021,-265],[422,-206],[479,120],[133,173],[360,131],[901,-227],[266,160],[975,-53],[367,-239],[290,-86],[396,-82],[390,21],[54,-136],[160,-38],[64,-175],[246,-63],[201,-365],[119,-533],[152,-146],[24,-138],[123,-39],[-33,-165],[213,-65],[93,-274],[393,-34],[35,205],[140,-9],[221,205],[-39,169],[115,89],[-87,99],[228,76],[8,303],[93,99],[292,-17],[110,64],[573,-234],[288,225],[157,486],[1197,1434],[377,-115],[417,75],[260,-185],[654,243],[210,-167],[404,-79],[75,-183],[257,-174],[23,-103],[151,-3],[495,-424],[676,-324],[626,-35],[534,-253],[238,80],[289,-104],[249,18],[237,160],[286,-74],[86,78],[359,-145],[289,-223],[284,14],[160,-79],[611,-393],[-125,-274],[-190,35],[755,-637],[113,-273],[420,-95],[-55,-171],[48,-485],[742,-612],[1131,-187],[500,-14],[218,82],[87,-307],[253,-333],[371,-108],[414,-377],[292,-56],[326,60],[736,-494],[310,121],[347,-90],[888,11],[554,140],[193,-21],[1273,-767],[188,-426],[152,-202],[184,-96],[739,61],[260,201],[673,-133],[524,176],[369,-44],[558,535],[322,-2],[587,153],[257,162],[260,-64],[98,206],[156,-79],[97,210],[346,34],[590,273],[81,113],[322,-163],[212,209],[137,-313],[186,-42],[112,-123],[317,114],[-13,-160],[136,-7],[231,209],[306,-423],[123,304],[177,-108],[207,80],[216,-112],[245,67],[267,-199],[-12,-205],[599,-42],[-2,-143],[296,-175],[310,146],[119,-127],[151,36],[131,568],[-73,166],[-735,479],[-341,65],[137,536],[-149,231],[-49,300],[92,129],[-143,310],[230,260],[-51,148],[115,176],[93,518],[166,95],[69,-483],[240,-436],[189,-4],[502,-312],[316,101],[235,-141],[321,57],[965,491],[652,-338],[365,15],[325,398],[9,649],[642,954],[745,379],[629,692],[518,4],[718,822],[204,79],[282,-19],[276,-493],[684,-532],[647,-222],[417,-237],[981,-149],[180,-173],[69,-259],[458,-209],[98,8],[376,436],[530,309],[415,464],[427,255],[464,-68],[86,100],[391,-25],[300,147],[109,-236],[291,-58],[101,308],[-135,57],[90,147],[135,-74],[226,147],[259,-63],[145,77],[-69,112],[-193,56],[2,128],[-97,78],[-249,-198],[-113,7],[-31,49],[170,217],[469,98],[156,135],[526,45],[140,-81],[347,-508],[300,2],[198,-244],[283,-15],[139,-339],[465,-38],[679,68],[209,-275],[28,-355],[251,-139],[37,-232],[320,-328],[297,-26],[270,157],[1093,-149],[-7,-90],[-179,-37],[-65,-99],[-6,-205],[80,-130],[1100,-590],[82,-233],[177,-115],[453,53],[246,-592],[30,-196],[-82,-77],[148,-337],[-20,-502],[-65,-65],[110,-24],[56,-416],[422,-792],[476,-410],[418,-550],[127,-51],[595,239],[342,-219],[326,49],[137,329],[654,261],[182,381],[273,154],[88,225],[521,-132],[498,148],[181,154],[35,407],[151,241],[434,138],[267,3],[423,-439],[302,-5],[510,70],[438,457],[193,98],[288,15],[352,-247],[193,196],[166,35],[345,-174],[278,-273],[297,88],[685,-239],[207,183],[145,-133],[575,-196],[317,17],[175,156],[251,-77],[446,69],[176,152],[444,117]],[[2030364,4113464],[-658,-288],[-867,75],[-92,-104],[-458,-38],[-192,244],[-188,-2],[-121,88],[-96,-71],[-67,76],[-261,552],[-106,810],[-214,391],[-277,256],[-110,706],[78,352],[-180,492],[-193,248],[-522,163],[-91,629],[-174,110],[-351,1001],[-295,247],[-2,264],[-267,115],[-16,365],[250,30],[-114,502],[-294,33],[-438,318],[-621,162],[-273,356],[-613,417],[-361,-1],[-241,-102],[-281,39],[-352,-263],[-186,26],[-275,298],[-237,-93],[-119,126],[-215,26],[-294,411],[-709,129],[-249,282],[-335,45],[-134,222],[-152,-25],[-240,119],[-194,-43],[-489,75],[-867,159],[-208,104],[-301,-103],[-274,-259],[-743,-38],[-461,132],[-198,-64],[-659,-401],[-297,-283],[-100,-331],[-10,-446],[-312,-65],[-69,-93],[49,-202],[297,-293],[16,-201],[-492,-203],[-636,-1],[-85,144],[-910,-198],[-504,220],[-547,-342],[-561,127],[-1616,64],[-482,-217],[-360,190],[-1097,100],[-143,-31],[-243,-269],[-429,35],[-1082,-768],[-185,-506],[341,-557],[-9,-619],[-740,-822],[-322,-130],[-557,127],[-550,-332],[-473,-42],[-300,447],[-128,48],[-268,-63],[-211,-241],[-119,-317],[-367,-297],[-296,-131],[-352,-607],[-606,-249],[-767,473],[-159,359],[-58,519],[-254,16],[98,200],[-189,-32],[-292,182],[190,176],[-390,162],[-52,420],[-596,563],[-222,506],[-333,258],[-439,192],[-208,274],[-586,-152],[-110,175],[-542,218],[-845,542],[-530,501],[-460,165],[-638,723],[-748,160],[-405,385],[-654,398],[-282,73],[-779,-565],[-166,-270],[17,-447],[-70,-126],[-219,-273],[-820,-652],[-318,142],[-358,10],[-695,-179],[-354,142],[-1056,-139],[-259,108],[-569,675],[-771,144],[-800,594],[-299,440],[55,229],[427,399],[211,82],[296,609],[179,108],[316,481],[479,147],[345,366],[259,1349],[233,-30],[131,107],[65,649],[280,268],[85,437],[100,35],[-34,172],[265,320],[-53,470],[96,398],[251,198],[148,405],[235,116],[-77,193],[69,292],[-220,120],[31,575],[367,209],[212,-65],[113,57],[-276,112],[-47,104],[283,464],[31,226],[-204,138],[-116,-217],[-152,188],[-134,6],[-36,127],[-111,-38],[-57,98],[-167,-15],[-254,296],[-309,-284],[-233,-7],[-9,321],[-374,108],[-109,298],[-78,36],[-1410,134],[-596,-105],[-521,-249],[-784,253],[-415,1168],[-302,272],[-231,346],[-124,1210],[-252,409],[-252,273],[-171,64],[-521,-280],[-362,-455],[-255,-505],[-400,-175],[-192,-305],[-454,-385],[-578,138],[-441,-150],[-836,73],[-620,424],[-533,176],[-287,375],[-208,498],[-140,62],[-461,111],[-294,-13],[-627,-207],[-239,201],[78,310],[-157,696],[56,132],[-72,457],[35,807],[-189,685],[-1,159],[192,221],[216,786],[214,353],[55,310],[363,624],[75,344],[369,190],[265,373],[-28,89],[-297,132],[-160,293],[-306,178],[-30,402],[186,240],[24,1097],[149,414],[28,418],[196,249],[337,157],[152,680],[718,323],[235,32],[82,306],[416,508],[73,848],[-81,305],[58,790],[501,1158],[88,1053],[278,365],[-89,355],[174,264],[529,326],[61,194],[230,153],[116,372],[219,305],[47,273],[228,174],[33,219],[345,398],[103,273],[433,-65],[134,99],[-19,467],[234,378],[-49,618],[-255,371],[112,508],[240,378],[128,53],[617,-7],[522,-173],[907,1101],[295,207],[116,274],[-319,782],[26,569],[-206,61]],[[2338844,3791668],[-770,39],[-315,-222],[-436,-106],[-191,-456],[12,-770],[-338,-410],[-283,-763],[-567,-182],[-329,-390],[-142,-295],[-600,-291],[-116,-249],[-349,-40],[-1103,92],[-451,-71],[-287,-86],[-772,-444],[-1658,-432],[-590,-379],[-455,-189],[-386,-447],[174,-111],[87,-168],[-64,-523],[-1184,-1565],[-181,6],[-2744,-2082],[-742,-758],[-18,-316],[-228,-377],[-476,-247],[-361,-47],[-272,-207],[-74,-280],[55,-199],[612,-518],[96,-484],[-421,-1137],[40,-656],[-70,-360],[258,-243],[749,-104],[749,-487],[725,-217],[293,-355],[227,-676],[472,-219],[283,-515],[-60,-1022],[149,-541],[359,-391],[84,-669],[-458,-492],[-129,-721],[-145,41],[-229,291],[-549,101],[-142,-214],[126,-533],[-63,-126],[-456,-113],[-543,306],[-215,-192],[-153,-478],[-270,-1586],[86,-468],[383,-591],[342,-768],[271,-222],[687,-294],[380,-428],[555,-363],[123,-400],[513,-887],[187,-835],[-449,15],[-374,-440],[-311,-158],[-370,5],[-1051,281],[-231,-18],[-298,-157],[-514,-534],[-986,-739],[-610,-203],[-472,21]],[[2321870,3759210],[-1158,1817],[-946,1087],[-819,561],[-349,394],[-213,440],[-44,565],[-251,744],[-626,719],[-616,-67],[-19,-137],[403,-822],[106,-823],[-68,-486],[-209,-575],[-546,-770],[-109,-844],[-267,-691],[-197,-237],[-187,-93],[-384,14],[-186,102],[-309,287],[-510,687],[-453,340],[-1129,256],[-711,-90],[-1584,-1002],[-491,-163],[-1554,-138],[-672,348],[-610,695],[-141,517],[-320,353],[-331,86],[-1277,666],[-23,1137],[674,1428],[66,523],[-344,607],[-717,394],[-446,31],[-731,-254],[-162,100],[-228,928],[161,1124],[-111,933],[44,1066],[-126,356],[-591,432],[-173,263],[-31,184],[185,470],[-22,1270],[-267,790],[-262,412],[-350,890],[101,1452],[-54,433],[-659,1140],[-1403,1813],[-235,29],[-802,-700],[-254,-51],[-92,50],[-389,555],[-597,573],[-107,220],[-16,244],[356,610],[-30,431],[-889,1171],[-971,563],[-349,393],[-46,264],[60,342],[799,944],[130,348],[-40,280],[-983,1404],[-61,237],[124,451],[-46,339],[-623,629],[-181,292],[-10,242],[126,148],[275,64],[799,-74],[687,-388],[324,-314],[426,-624],[285,-207],[444,-36],[425,266],[133,198],[-6,164],[-250,743],[-17,453],[183,1990],[231,573],[542,918],[720,993],[91,253],[-194,356],[-1110,1259],[-510,490],[-618,403],[-873,116],[-473,-140],[-466,-339],[-194,38],[-148,265],[-30,997],[-248,737],[-326,229],[-319,-30],[-333,-265],[-4,-439],[-202,7],[-328,527],[-760,872],[-1043,1819],[378,836],[99,582],[-44,379],[-400,893],[-74,431],[306,574],[695,497],[235,321],[-12,158],[-374,508],[32,260],[399,269],[830,-44],[637,199],[632,486],[-50,35],[215,197],[61,165],[-97,230],[-869,908],[21,932],[-167,608],[-191,195],[-739,327],[-271,207],[-277,553],[-22,368],[152,408],[225,258],[478,324],[143,220],[-35,207],[-612,493],[-204,400],[881,1561],[88,535],[-102,321],[-307,312],[-467,106],[-153,-57],[-303,-356],[-264,-126],[-476,-180],[-461,-6],[-176,225],[16,215],[254,342],[769,450],[81,213],[-203,23],[-1319,-870],[-161,-212],[-182,-652],[-222,-36],[-129,252],[131,626],[-27,226],[-1249,1736],[-218,881],[-33,405],[103,775],[109,499],[229,491],[419,396],[425,195],[767,560],[68,291],[-147,491],[-183,185],[-366,144],[-422,35],[-262,317],[667,1337],[369,976],[236,1319],[-18,2181],[414,1379],[894,1189]],[[2207265,3837055],[-13,-402],[-417,-631],[-407,-398],[-1476,-800],[-680,-569],[-388,-536],[-715,-1722],[-5,-522]],[[2203164,3831475],[-420,-288],[-632,-705],[-422,-287],[-406,-73],[-1508,277],[-1063,-112],[-1319,533],[-1046,62],[-415,124],[-1269,587],[-1319,50],[-42,113],[114,471],[737,1046],[-16,187],[-113,79],[-250,6],[-1124,-332],[-601,-40],[-1034,-768],[-188,-55],[-122,56],[-448,880],[-121,78],[-152,-47],[-78,-146],[-307,-926],[-176,-256],[-272,-193],[-344,-137],[-1067,-172],[-353,10],[-1187,386],[-262,-1],[-1626,-871],[-457,112],[-757,-27],[-262,60],[-1312,934],[-717,-572],[-340,-132],[-491,56],[-829,590],[-457,-18],[-913,-199],[-652,-678],[-1032,-766],[-104,110],[-513,-384],[86,-162],[-385,-172],[-252,-16],[-1600,438],[-141,125],[-105,1225],[-192,788],[-379,1034],[-12,292],[232,787],[-69,455],[-100,164],[-186,31],[-892,-161],[-766,449],[-253,59],[-276,-28],[-678,-313],[-316,23],[-169,105],[-156,137],[-53,285],[281,526],[-48,106],[-835,516],[-309,383],[-137,482],[-20,462],[-132,62],[-650,-177],[-216,12],[-225,184],[-59,303],[193,889],[100,23],[-202,175],[-191,115],[-63,-75],[-58,35],[-691,555],[-710,93],[-652,417],[-1187,454],[-325,77],[-541,-10],[-353,99],[-431,590],[-1072,802],[-471,240],[-272,-1],[-296,-113],[-1302,-765],[-182,-24],[-366,110]],[[2157393,3842187],[3927,2622],[9028,-149],[11053,-2660],[178,-351],[270,-204],[475,-31],[136,-96],[527,-638],[493,-425],[2375,-1722],[253,-341],[223,-590],[60,-242],[-85,-500],[955,-1100],[360,-120],[1004,-43],[628,-568],[647,-132],[619,-359],[880,-64],[463,-112],[999,318],[562,67],[1258,-307],[254,36],[368,113],[332,228],[270,760],[299,277],[786,-44],[1111,253],[372,-112],[824,-776],[680,-268],[1107,-19],[1388,-239],[1094,316],[934,-7],[107,140],[-17,392],[82,88],[922,93],[118,116],[293,690],[482,521],[505,220],[273,-163]],[[2291781,3834832],[-1747,-1159],[-1390,-296],[-1043,0],[-1260,-191],[-977,-445],[-1021,-742],[-652,-849],[-304,-783],[-1,-2866],[-261,-764],[-543,-763],[-868,-234],[-674,-63],[-934,212],[-907,423],[-1568,1593],[-679,61],[-1558,-761],[-1173,-360],[-1173,-89],[-2302,-957],[-888,-208],[-143,44],[-1076,-137],[2,-194],[-3477,-817],[-1197,-31]],[[2218581,3824157],[-365,246]],[[2218216,3824403],[149,194],[-67,65],[263,464],[153,-49],[101,86],[591,1995],[109,122],[834,418],[712,759],[467,568],[986,1606],[654,781],[412,221],[1049,297],[1547,1039],[840,226],[-3,1788],[727,608],[-25,130],[203,36],[477,-118],[672,53],[275,228],[132,10],[141,-133],[502,-152],[543,84],[1558,1563],[427,109],[650,-187],[754,-736],[671,-387],[447,-20],[673,425],[531,29],[443,321],[4,346],[444,402],[169,-25],[1387,-755],[376,120],[314,416],[179,6],[124,-85],[73,-426],[276,-135],[327,-7],[269,158],[251,-6],[653,-419],[215,0],[447,274],[922,9],[152,105],[179,460],[116,85],[1135,158],[488,233],[574,484],[-100,260],[-32,801],[-385,131],[0,348],[172,338],[316,159],[917,-26],[332,240],[250,39],[524,-141],[1462,-998],[369,-472],[-1,-387],[202,-284],[237,-100],[758,69],[52,-143],[219,-155],[672,-271],[214,-218],[199,-816],[128,-374],[103,-70],[-34,-248],[333,-232],[-93,-83],[118,-113],[303,-14],[71,63],[-213,576],[-51,814],[472,1789],[310,1647],[583,1589],[1254,2962]],[[2066835,3963134],[-1274,-2849],[-1345,-1658],[-1013,-1549],[-655,-668],[-576,-1154],[-165,-748],[-35,-2415],[190,-725],[716,-931],[135,-827],[448,-739],[939,-1130],[1309,-1898],[4326,-3015],[4328,-1599],[982,-608],[2144,-867],[580,-304],[715,-521],[1652,-868],[224,-217],[1205,-434],[492,-347],[1028,-1309],[45,-261],[895,-1566],[91,-827],[224,-522],[1,-653],[405,-2133],[12,-1558]],[[2070929,3891475],[-399,-548],[-421,-1020],[-367,-1358],[156,-1646],[-180,-1628],[-84,-1694],[30,-1797],[-436,-3698],[188,-1541],[275,-202],[3098,-4050],[920,-756],[370,-198],[181,-220],[351,-781],[-49,-106],[870,-894],[260,-79],[221,-314],[701,-659],[1056,-1381],[2004,-1950],[1031,-1477],[664,-1487],[538,-836],[389,-591],[934,-1128],[328,-333],[1998,-1256],[2498,-1158],[1462,-817],[814,-1108],[2926,-2744],[1545,-1583],[1246,-1424],[570,-776],[763,-1881],[277,-503],[261,-792],[451,-110],[476,136],[600,465],[500,674],[287,551],[376,429],[251,121],[763,88],[1065,-72],[777,-194],[1032,-398],[1619,-1325]],[[2106115,3845426],[1029,-1133],[1232,-1962],[322,-779],[826,-1256],[1865,-719],[2065,-449],[782,-49],[1323,256],[1758,130],[1046,-224],[1082,-388],[1976,-337],[1522,2],[2766,237],[785,-233],[679,-453],[358,-575],[287,-785],[446,-1982],[285,-4759],[1117,-1923],[139,46],[1091,-1412],[106,-17],[552,-571],[1029,-717],[1073,-522],[4891,-3070],[911,-799],[857,-1078],[613,-951],[818,-2651],[1653,-2193],[1046,-2172],[16,-858],[287,-1179],[-118,-1579],[180,-995],[1895,-1148],[1001,-368],[350,-303],[-127,-1947],[-518,-542],[-856,-611],[-1455,-531],[-301,-350],[52,-69],[-369,-412],[-45,-272],[-12,-266],[377,-883],[1121,-1821],[723,-1093],[1204,-1487],[-73,-76],[278,-373],[934,-907],[225,-578],[-265,-400],[-252,-101],[-1078,-106],[-1256,320],[-296,-7],[-526,-144],[-370,-412],[-81,-638],[71,-917],[236,-1231],[250,-658],[935,-579]],[[1938620,4212839],[537,-23],[1436,172],[379,682],[148,144],[191,1],[212,-82],[-164,-403],[220,-422],[-63,-124],[169,-24],[235,192],[14,136],[196,126],[-87,60],[-169,-45],[-75,99],[66,267],[368,300],[15,98],[796,566],[161,440],[981,78],[270,-278],[567,-72],[48,-155],[144,-84],[279,-39],[76,-90],[46,110],[167,-161],[241,41],[-7,-101],[89,-19],[-60,-75],[42,-88],[197,155],[56,-154],[191,-41],[75,-315],[161,-127],[382,-112],[227,-387],[186,104],[93,-34],[147,-343],[599,67],[5,-250],[150,-129],[5,-115],[193,-169],[168,20],[243,-567],[124,63],[110,-207],[273,-43],[58,-76],[403,55],[192,-88],[186,128],[271,-16],[34,-64],[-138,-91],[246,2],[-109,-209],[213,-38],[38,-321],[159,-94],[-74,-179],[199,-90],[-201,-286],[111,-131],[-81,-262],[135,33],[36,-228],[129,-98],[-59,-98],[45,-72],[302,-86],[-13,-91],[-187,-17],[9,-75],[273,-157],[141,-277],[172,31],[-20,-173],[361,-110],[206,114],[68,-51],[940,49],[99,175],[280,62],[649,-13],[154,-267],[253,-40],[691,279],[505,315],[524,-270],[353,11],[538,-172],[318,77],[681,-49],[632,248],[992,188],[764,326],[785,398],[336,458],[316,186],[347,372],[393,-58],[971,280],[373,303],[346,151]],[[1964442,4164280],[-470,-571],[-552,-946],[-647,-863],[-122,-349],[-215,-183],[-784,-1284],[-689,80],[-320,-75],[-271,-305],[20,-236],[-253,-474],[-109,-537],[-501,-522],[-264,-88],[-445,-68],[-540,199],[-991,198],[-440,616],[-295,266],[-422,103],[-421,-21],[-74,267],[-175,111],[19,91],[-104,98],[-105,429],[-225,256],[159,752],[-130,69],[7,152],[-124,16],[19,237],[-98,95],[-135,-14],[6,-124],[-166,88],[-96,172],[-365,27],[43,65],[-96,99],[100,290],[-112,83],[37,77],[-124,12],[9,100],[-467,-104],[-59,-212],[-551,-324],[-75,-224],[-160,190],[-115,-85],[-192,47],[-253,-42],[15,-88],[-299,-164],[-48,35],[96,197],[-768,29],[-103,-272],[-370,-59],[-146,-213],[-217,-80],[-41,-124],[-124,129],[-273,-221],[-105,-225],[-206,-5],[29,-127],[-72,-91],[139,-368],[-87,-171],[-141,91],[-34,-174],[123,-46],[-127,-61],[-43,-227],[-9,-196],[99,-15],[25,-203],[-81,-120],[-156,-40],[25,-154],[-193,77],[-83,-93],[-3,-221],[275,-192],[-529,-67],[-135,-104],[157,-50],[107,-216],[-115,-18],[-123,-146],[-60,-322],[90,-155],[-265,-11],[23,505],[-157,-70],[-101,-284],[-105,-44],[173,-58],[-131,-235],[-166,139],[-156,-200],[-229,133],[-693,145],[79,-236],[-138,-663],[68,-244],[170,-189],[-349,-987],[-214,-57],[-31,-197],[-108,-1],[-86,292],[-299,-110],[-412,223],[-221,-69],[-332,82],[-242,201],[-194,-246],[-165,5],[263,-374],[-73,-392],[111,-129],[-60,-126],[140,3],[80,-134],[-123,-69],[-177,176],[-37,-111],[83,-206],[-110,-1],[33,-160],[-190,-4],[-33,-138],[197,-525],[-49,-110],[-148,57],[-7,-51],[97,-199],[199,-36],[67,-257],[-340,-438],[-864,-377],[-903,-780],[-272,-379],[-328,-199],[-269,-503],[-206,-113],[-600,-161],[-497,253],[-670,130],[-27,193],[-329,21],[-21,120],[-57,-17],[126,232],[-71,77],[28,327],[-226,281],[155,241],[-198,267],[-107,11],[-100,205],[-1115,153],[-257,325],[-1025,367],[-163,220],[-145,33],[-109,-210],[194,-153],[-126,-69],[-1,-99],[126,-74],[178,75],[182,-182],[-69,-125],[-118,27],[70,-371],[-194,-233],[-297,-108],[-26,-119],[148,-71],[4,-246],[226,-375],[390,-111],[-42,-230],[187,-32],[61,-84],[-40,-248],[222,-285],[154,-667],[305,-162],[71,-137],[-113,-161],[13,-184],[-197,76],[-311,-47],[162,-201],[-134,-150],[52,-277],[-164,-380],[81,-101],[-24,-111],[-186,-99],[-298,-425],[-10,-229],[487,-298],[-110,-46],[-265,62],[-50,-313],[71,-145],[-205,-197],[-316,-70],[-237,50],[-177,-98],[-158,-154],[-91,-433],[-130,-171],[-690,-283],[-135,-349],[-196,-226],[-129,-542],[-227,-475],[-619,-850],[-58,-290],[-312,-267],[-77,-380],[265,-471],[-268,-478],[-70,244],[-164,-45],[-52,129],[-149,-83],[56,203],[-350,-86],[140,-118],[-75,-103],[-208,58],[-139,269],[-352,-307],[-134,159],[-182,-51],[-179,100],[-206,-179],[-174,79],[-150,-120],[-64,109],[103,54],[-161,91],[-176,-282],[-120,162],[25,232],[-381,74],[-17,153],[158,39],[-205,134],[-34,163],[-225,-80],[-52,162],[-90,-232],[-57,178]],[[1929155,4141075],[46,135],[-264,34],[-494,308],[-989,260],[-692,281],[-306,-110],[-250,120],[-692,583],[-670,802],[-837,410],[-527,94],[-172,-71],[-804,501],[-478,619],[550,451],[342,847],[-489,680],[-143,444],[321,134],[797,622],[63,211],[41,432],[-394,588],[538,510],[617,313],[159,198],[-33,342],[-310,228],[-87,342],[-22,249],[276,426],[-12,353],[-86,187],[-405,-116],[-481,-259],[-690,-84],[-856,-341],[-990,125],[-449,-95],[-844,-2204],[-597,-878],[-389,-66],[-415,261],[-354,75],[-162,163],[-780,-32],[-737,-170],[-181,291],[-31,263],[-964,-208],[-158,301],[-192,83],[-1037,-38],[-324,121],[-241,198],[-336,63],[-289,168],[-692,751],[-354,115],[-145,327],[-313,133],[-181,268],[-509,-2],[-439,256],[-673,201],[-78,99],[10,508],[-96,169],[-678,62],[-157,111],[-221,-130],[-202,-508],[-96,-36],[-468,133],[-61,327],[-242,524],[106,538],[-1,222],[-91,163],[-114,105],[-776,191],[-99,131],[-35,629],[127,1056],[-50,321]],[[1920206,4210290],[2999,3304],[341,60],[593,324],[709,220],[305,-32],[122,-142],[154,17],[145,-141],[1263,-489],[580,-34],[129,361],[919,1018],[18,489],[183,217],[162,405],[564,583],[805,475],[227,24],[827,-157],[242,-344],[-163,-123],[30,-97],[-181,-300],[74,-311],[-68,-139],[38,-272],[273,-1092],[27,-686],[-133,-777],[7,-575],[-292,-693],[225,-475],[109,71],[80,701],[314,723],[197,143],[656,-133],[201,-247],[197,-465],[474,-304],[330,42],[608,-76],[299,295],[195,74],[87,213],[-28,171],[-249,111],[508,172],[115,448],[-207,611],[-106,123],[-200,29],[1,265],[-309,399],[-279,118],[-240,626],[124,10],[781,-902],[342,-638],[94,50],[13,151],[-349,591],[-683,644],[-109,314],[119,-10],[599,-690],[279,-61],[-135,-153],[167,-170],[190,116],[475,33],[472,-387],[410,-105],[115,-577],[533,-605],[112,-17],[467,238],[521,-11]],[[2218216,3824403],[-799,629],[-537,248],[-265,34],[-215,-288],[-110,-1125],[-237,-254],[-487,-41],[-977,469],[-410,78],[-1320,-387],[-162,32],[-240,246],[-88,543],[7,756],[-198,398],[-427,216],[-252,11],[-346,-82],[-484,-287],[-644,-220],[-560,197],[-507,283],[-763,563],[-897,489],[-1621,1231],[-172,946],[203,1054],[-33,285],[-414,688],[-268,194],[-900,379],[-518,-15],[-411,-198]],[[2207265,3837055],[53,1128],[-721,303],[-1637,-205],[-153,-138],[-309,-554],[-726,-603],[-306,-151],[-1171,-209],[-170,83],[-274,757],[-427,567],[-720,655],[-373,162],[116,463],[-166,1239],[39,211],[-73,79],[232,223],[29,162],[-61,168],[56,120],[-126,353],[1108,1520],[779,1451],[-1,1633],[160,551],[197,202],[711,50],[689,373],[226,200],[61,180],[191,1395],[751,468],[164,0],[390,287],[355,34],[-52,413],[119,338],[125,157],[628,342],[-413,474],[-103,681],[-481,520],[-337,788],[-551,418],[-535,250],[-342,437],[-283,120],[-1859,315],[-489,330],[-578,1197],[-230,1250],[1,945],[140,1035],[-781,688],[-706,514],[-903,290],[-684,392],[-688,88],[-512,236],[-742,475],[-190,288],[-371,282],[-456,4],[-631,-317],[-258,96],[104,107],[-233,1333],[-400,595],[-185,612],[-612,561],[-297,419],[-239,960],[-278,694],[-117,751],[112,1022],[-68,284],[-369,444],[-678,304],[-259,216],[-729,783],[-236,554],[-11,1389],[96,502],[577,1125],[395,380],[327,162],[67,124],[-885,1460],[-387,445],[325,140],[55,-66],[698,317],[502,398],[2624,-265],[299,-470],[420,-299],[-34,-133],[-379,-174],[42,-239],[214,-177],[513,-790],[524,6],[386,-166],[35,-201],[-72,-253],[368,-475],[-34,302],[117,346],[-25,422],[139,758],[-230,1069],[-254,261],[-395,136],[-662,398],[-115,335],[152,361],[0,248],[-338,381],[-446,19],[579,305],[1040,1171],[1445,1893],[-1523,3642],[1000,3189],[647,-38]],[[1929155,4141075],[-155,-22],[-122,-227],[-524,-465],[-118,-300],[-257,-27],[53,-321],[-477,-251],[-1120,-1161],[-556,-283],[133,-430],[176,-224],[975,-606],[-268,-418],[-357,-244],[-387,-418],[-173,-490],[-400,-238],[-20,-127],[-131,-69],[-85,-213],[-290,-297],[95,-76],[-498,-461],[34,-381],[-132,-395],[-176,20],[-196,-113],[165,-116],[201,25],[92,-251],[132,-12],[275,96],[483,396],[207,50],[52,223],[77,30],[68,-193],[-104,-353],[473,240],[67,-82],[-132,-132],[368,-47],[-4,-108],[-261,-127],[156,-178],[-94,-362],[76,-35],[84,103],[146,-2],[294,-199],[80,-219],[301,-288],[0,-230],[-150,-379],[255,-65],[235,-196],[-29,-328],[-123,-197],[-83,-426],[120,-301],[264,-247],[-107,-216],[97,-381],[155,-249],[-57,-150],[-602,-662],[-215,-4],[-177,-131],[87,-139],[-134,-54],[86,-83],[-43,-145],[-143,-130],[-105,-269],[-12,-669],[-287,-292],[-375,-192],[60,-164],[-29,-155],[-89,-54],[41,-103],[-163,6],[-40,-134],[122,-44],[-246,-70],[11,-177],[-119,-7],[52,-88],[-165,-45],[-279,83],[-143,-144],[-300,167],[-398,-527],[-261,2],[-611,-463],[-126,-457],[-329,-221],[-36,-306],[-203,-199],[-3,-226],[-116,-28],[155,-415],[-112,-304],[118,-124],[-315,-395],[173,-295],[2,-209],[196,-268],[-367,-540],[-601,-331],[-711,-564],[-420,-573],[286,-79],[254,-275],[25,-143],[-167,-171],[151,-244],[82,-682],[146,-78],[-26,-231],[-240,-130],[-261,222],[-109,-126],[125,-286],[-175,-13],[-123,153],[-63,-42],[-81,-441],[-122,-73],[-25,106],[-151,-113],[-139,-449],[-199,-227],[-178,-24],[-40,-138],[220,-65],[70,-242],[-206,-99],[79,167],[-140,29],[-72,-183],[186,-167],[-91,-70],[-172,50],[-7,-324],[-223,-30],[5,-180],[-215,-50],[-73,-290],[-165,-179],[-109,6],[-113,-279],[-245,30],[-383,-469],[-46,-198],[73,-153],[-205,-76],[-402,-558],[-361,-814],[-192,-753],[-162,-148],[-743,-144],[-304,-181],[-155,-287],[-79,-548],[-250,-426],[-207,-196],[-846,-342],[-159,-221],[102,-118],[425,-131],[2368,504],[402,-45],[301,-140],[897,50],[995,-167],[242,-260],[356,-214],[94,-146],[36,-371],[208,2],[-244,-135],[80,-249],[-98,4],[5,-125],[-110,-103],[-75,161],[-26,-192],[-209,42],[-105,-185],[55,-187],[-204,-133],[-165,-698],[-384,-281],[-263,-309],[297,-676],[1027,-341],[315,-246],[258,-355],[94,-401],[-366,-676],[-13,-179]],[[1920359,4100616],[-368,-219],[-67,-168],[-1022,246],[-326,-2],[-787,-321],[-379,180],[-267,33],[-102,-212],[-284,-131],[-304,-336],[-349,45],[-303,155],[-265,-83],[-642,-515],[-150,-488],[-141,-19],[-403,597],[-140,-252],[-143,-10],[-50,90],[-77,311],[212,123],[-6,196],[-131,212],[-381,206],[76,187],[266,78],[9,121],[-200,66],[-536,-166],[-195,45],[-108,165],[0,-223],[-131,-212],[47,-310],[-142,-223],[-73,-345],[-298,-251],[-1713,125],[-1166,-46],[-408,-274],[-145,-220],[-290,139],[-34,-139],[-213,-204],[-328,-89],[-143,-195],[-117,8],[-53,-141],[-76,116],[-164,-43],[-157,84],[-42,-119],[-121,130],[-69,-126],[-127,121],[-223,-381],[-85,-24],[-621,255],[-303,-491],[-131,-47],[-313,199],[-333,97],[-378,299],[-190,-75],[54,-311],[-214,23],[-144,262],[-197,-452],[-161,-72],[-151,231],[-195,-166],[-175,120],[-285,-40],[-15,200],[112,149],[-155,170],[-401,-2],[-301,-272],[-224,113],[-165,-53],[-157,155],[-238,-19],[-986,-942],[-120,-397],[-185,-81],[-341,13],[-582,-440],[-215,-39],[-47,-150],[-95,-2],[-206,216],[-443,56],[-1186,-260],[-1064,-1185],[-215,-574],[-180,-245]],[[2184068,3629497],[-438,-922],[-125,-122],[-813,-245],[-470,-262],[-552,-605],[-1645,-1082],[-1105,156],[-1039,-88],[-434,81],[-250,-134],[-214,-17],[-362,81],[-184,-76],[-350,-454],[-155,-325],[-17,-751],[488,-1273],[256,-238],[131,-250],[0,-221],[-154,-918],[-717,-2001],[-119,-244],[-403,-425],[321,-1186],[-373,-1902],[-11,-465],[95,-692],[655,-1575],[-18,-291],[-207,-610],[-813,-774],[-439,-547],[-87,-569],[144,-436],[317,-295],[876,-464],[1326,-1218],[573,-120],[402,-534],[539,-243],[750,-176],[294,-220],[658,-133],[679,-631],[426,-203],[747,-113],[1313,-696],[519,-76],[334,-464],[286,-24],[87,-90],[-28,-393],[82,-52],[455,-52],[446,104],[135,81],[29,356],[237,156],[417,-317],[470,-161]],[[2200997,3594135],[159,-316],[-287,-512],[-82,-391],[278,-944],[282,-522],[139,-682],[-62,-437],[88,-567],[672,-556],[82,-598],[287,-280],[175,-382],[143,-85],[385,276],[288,-73],[520,-605],[226,-448],[-7,-522],[-191,-321],[-130,-435],[-152,-836],[390,-1038],[144,-625],[414,-661],[32,-948],[132,-269],[460,-167],[673,-505],[777,-116],[365,-153],[436,-644],[227,-107],[197,5]],[[2208057,3579671],[-429,-1952],[-1097,-2567],[-195,-1138],[-248,-703],[-60,-596],[-835,-857],[-601,-337],[-378,-482],[74,-255],[475,-724],[9,-443],[-79,-205],[-269,-153],[-566,-571],[-243,-367],[-461,-1078],[-17,-413],[365,-599],[14,-844],[-704,-1770],[-701,-825],[-692,-540],[-1661,-394],[-583,-266],[-522,-757],[-453,-416],[-495,-1229],[-666,-584],[236,-1060],[963,-135],[158,-536],[270,-422],[326,-311],[288,-99],[809,-25],[362,-241],[287,-601],[120,-600],[654,-715],[617,-449],[383,-839],[270,-251],[255,-818],[584,-931],[-172,-442],[83,-305],[2125,-343],[294,-187],[83,-143],[46,-243],[-284,-570],[22,-481],[650,-424],[217,-1941],[345,-759],[92,-476],[812,-992],[-201,-670],[77,-431],[593,-757],[285,-559],[731,-2010],[50,-1370],[-225,-1266],[178,-1623],[-166,-503],[-355,-446],[-535,-443],[62,-386],[-421,-440],[-1554,-1237],[-595,-596],[-784,-315],[-550,-622],[-795,-621],[-737,-52],[-230,-181],[-141,-375],[-571,-329],[-848,-306],[-517,-443],[-575,-100],[-349,120],[-340,-29],[-509,-177],[-528,-320],[-312,-51],[-743,-746],[-220,-25],[-115,71],[-266,749],[-451,777],[-694,242],[-560,86],[-790,345],[-999,315],[-575,34],[-722,-174],[-503,-517],[-335,-497],[-82,-1071],[-1912,400],[-1429,-136],[-451,-283],[-200,-798],[227,-1178],[125,-442],[627,-466],[98,-270],[-659,-1021],[-751,-616],[-1516,-798],[-789,-133],[-524,-182],[-850,-767],[-671,-1540],[-289,-857],[304,-2367],[1189,-404],[334,-489],[363,-295],[414,-139],[401,14],[182,-153],[-636,-1187],[-187,-726],[-8,-392],[355,-721],[-141,-227],[-708,-413],[-540,-787],[-844,-492],[-291,-306],[-1053,-585],[-718,-639],[-323,-875],[-636,-603],[-1423,-1000],[-1464,-1620],[-1180,-1462],[-74,-272],[129,-317],[661,-191],[1100,-32],[885,-185],[1114,-627],[229,-251],[-33,-979],[-303,-913],[-371,-701],[-1132,-1627],[-317,-820],[-816,-807],[-1281,-1509],[-1059,-827],[-1170,-1393],[-693,-402],[-990,-306],[-460,-56],[-757,145],[-6274,30],[-976,270],[-559,221],[-1038,604],[-3338,1218],[-1296,291],[-1382,54],[-491,-298],[-389,-383],[-1528,-1975],[-955,-1410],[-313,-546],[-368,-2465],[-212,-755],[537,-297],[95,-793],[321,-300],[-66,-581],[205,-232],[101,-562],[7,-832],[-333,-485],[-98,-478],[-150,-147],[106,-380],[-231,-166],[14,-177],[-191,-204],[-27,-203],[184,-177],[14,-523],[579,-696],[-180,-351],[-26,-420],[-116,-320],[48,-237],[497,-599],[416,-283],[-322,-832],[-429,-237],[-30,-89],[48,-397],[357,-89],[85,-89],[67,-669],[-199,-72],[-209,-391],[61,-404],[-340,-911],[-153,-123],[35,-303],[-435,-258],[-211,-657],[6,-482],[557,-813],[9,-206],[-297,-471],[-160,177],[-135,8],[-219,-356],[-486,-202],[-267,-282],[-130,-62],[-411,50],[-93,-141],[577,-336],[-42,-247],[-324,-348],[-24,-256],[430,-382],[-183,-457],[349,-465],[-315,-433],[52,-571],[-270,-871],[12,-168],[232,-306],[3,-112],[-189,-271],[-6,-136],[208,-150],[240,180],[577,-135],[-370,-437],[30,-735],[93,-177],[227,-81],[1224,9],[162,-61],[-2,-619],[-222,-675],[153,-411],[244,-211],[797,238],[359,-163],[36,-488],[133,-205],[26,-740],[-110,-108],[-442,-45],[-25,71],[270,217],[-22,243],[-447,196],[-196,4],[-90,-75],[-31,-256],[-385,-690],[-337,-397],[25,-274],[471,-51],[24,-103],[-351,-230],[-24,-360],[-158,-495],[-341,-467],[-383,206],[-718,569],[-236,-115],[-431,-29],[-452,-385],[121,-363],[-145,-735],[269,-87],[114,-294],[-347,-254],[-702,-1183],[-389,-509],[-172,-895],[149,-617],[-509,-531],[-191,-333],[22,-211],[304,-229],[18,-477],[-384,-364],[-16,-262],[151,-227],[-280,-268],[332,-180],[407,90],[269,-339],[396,-125],[107,-253],[-206,87],[-134,-156],[14,-108],[160,-142],[562,74],[-106,-524],[33,-655],[-191,-177],[-64,-232],[227,-295],[-38,-534],[230,-211],[39,-211],[-78,-52],[-106,93],[-456,55],[-195,-59],[-502,-545],[-10,-79],[524,-513],[141,-326],[-38,-100],[-255,-143],[-413,-780],[-958,-233],[-64,-243],[86,-242],[-347,-254],[-113,-3],[-308,211],[-226,-278],[-276,45],[-233,-83],[-141,-375],[-205,-135],[-477,-652],[-3,-132],[109,-128],[322,-135],[513,458],[215,24],[181,-135],[25,-208],[-194,-631],[343,-114],[389,-460],[-285,-677],[237,-284],[-152,-385],[255,-239],[71,-391],[124,-222],[463,-145],[50,-104],[-134,-343],[-45,-853],[-679,-691],[238,-315],[11,-426],[322,-562],[-3,-683],[-236,-520],[-39,-392],[256,-679],[336,-540],[10,-266],[-477,-112],[-452,-599],[-431,58],[-72,279],[-180,75],[-323,-159],[-228,-372],[44,-277],[363,-542],[-283,-686],[2,-239],[62,-58],[283,111],[238,-419],[-278,-558],[-872,-556],[20,-119],[376,-446],[12,-314],[132,-239],[-115,-209],[-668,-315],[-444,281],[-271,-387],[-369,74],[-171,-510],[-234,-211],[-704,133],[-447,-180],[-267,-347],[-215,-553],[-163,-80],[-356,41],[-426,-351],[-212,61],[-289,-175],[-487,-102],[31,-142],[-567,-766],[-76,-384],[-720,-813],[-253,-646],[30,-576],[152,-136],[644,-306],[653,74],[267,-241],[105,-1527],[-160,-751],[358,69],[221,147],[112,-172],[-63,-463],[-250,-131],[22,-607],[-201,-878],[296,-1224],[262,-343],[-61,-630],[540,-1054],[0,-208],[-138,-306],[112,-520],[-149,-475],[-93,-756],[117,-470],[-53,-305],[146,-313],[9,-452],[-93,-401],[-392,-584],[-74,-461],[-12,-376],[172,-451],[248,-364],[-24,-122],[-302,-759],[-228,-184],[-165,-75],[-177,34],[-510,333],[-333,-10],[-726,-608],[-28,-295],[-165,-121],[-1003,-256],[-283,-226],[-371,-59],[-395,-308],[-307,-10],[-171,515],[249,310],[-2,170],[-195,292],[70,755],[-178,400],[-18,415],[-94,208],[-855,670],[-667,123],[-514,-222],[-235,111],[-260,-36],[-351,-202],[204,-631],[-112,-110],[-320,-68],[-352,55],[76,723],[-148,313],[-273,165],[-395,652],[-733,484],[-338,622],[-187,190],[-447,63],[-555,-340],[-76,-579],[303,-803],[-89,-336],[-932,-359],[-361,-275],[4,-345],[118,-147],[124,-444],[-59,-175],[247,-286],[-24,-121],[-544,-486],[115,-793],[136,-379],[29,-292],[-75,-86],[-230,-12],[-372,347],[-269,844],[-23,1272],[-106,307],[-213,-6],[-227,-268],[-757,-254],[-708,306],[-419,46],[-124,131],[35,175],[-147,87],[-195,-411],[1,-522],[96,-206],[77,-661],[-93,-291],[294,-1088],[19,-661],[-34,-417],[-213,-439],[-106,-76],[-207,17],[-230,-267],[-333,-114],[-719,173],[-581,410],[-190,55],[-135,-47],[-152,-154],[-323,-911],[156,-835],[-47,-158],[-1213,-582],[-254,-41],[-980,-777],[-267,-128],[-623,-231],[-797,-39],[-169,-139],[-38,-568],[-168,-349],[38,-419],[174,-228],[808,-480],[144,-303],[1,-208],[-148,-173],[-26,-568],[-498,-834],[319,-650],[-168,-588],[853,-519],[158,-229],[173,-23],[-24,-628],[191,-435],[-131,-292],[259,-390]],[[2103615,3558508],[93,1000],[-192,382],[-39,419],[386,228],[236,358],[58,820],[467,796],[-13,840],[313,358],[81,328],[-111,328],[-268,357],[101,674],[-124,513],[-229,424],[26,599],[-281,762],[37,478],[-244,702],[-59,729],[-176,345],[-90,554],[-303,530],[-39,343],[80,770],[-235,253],[-93,393],[31,100],[171,75],[-131,216],[-35,394],[-471,-63],[-157,60],[-221,202],[-293,485],[-381,326],[-1161,550],[-478,582],[-62,401],[-169,379],[-610,738],[-622,617],[-1038,755],[-611,601],[-328,532],[-178,508],[38,874],[345,519],[802,537],[145,509],[-82,436],[-217,297],[-477,252],[-578,-50],[-813,-315],[-814,186],[-512,310],[-817,842],[-211,310],[-186,549],[7,654],[156,734],[-299,1346],[-475,444],[-1070,460],[-750,848],[-251,835],[-47,1305],[-684,1317],[-222,140],[-477,-39],[-261,-151],[-426,-504],[-319,-215],[-343,-8],[-463,279],[-110,475],[145,338],[354,254],[625,182],[78,228],[-654,397],[-447,623],[-184,558],[64,841],[-917,623],[-266,426],[-608,301],[-69,368],[-161,236],[-44,354],[21,1253],[-438,633],[-286,142],[-191,367],[-302,252],[-267,981],[78,499],[-164,442],[41,321],[143,205],[271,150],[135,214],[-104,542],[337,443],[318,714],[36,671],[676,596],[138,36],[109,-89],[114,761],[-95,229],[37,121],[232,44],[372,-91],[206,94],[415,-163],[501,155],[263,-269],[597,-73],[381,241],[-20,493],[172,496],[561,255],[103,463],[-354,-26],[-136,70],[-156,426],[-200,192],[-482,213],[-264,311],[-24,227],[85,346],[159,224],[550,172],[186,167],[-272,679],[624,42],[170,133],[35,145],[-180,644],[58,183],[392,-186],[338,-11],[143,122],[7,452],[232,322],[853,214],[798,-37],[349,266],[135,399],[198,42],[213,-94],[279,15],[438,297],[450,23],[1012,-226],[295,-281],[152,-440],[159,-94],[224,137],[89,690],[205,312],[228,160],[202,-11],[112,-88],[48,-561],[202,-133],[182,4],[173,623],[589,684],[403,50],[419,-163],[205,19],[231,1048],[194,129],[461,20],[179,129],[57,364],[-280,471],[20,136],[476,35],[547,301],[236,-27],[427,-231],[438,9],[186,114],[-12,144],[-291,155],[-272,413],[-39,448],[188,236],[739,-270],[156,90],[159,312],[293,99],[179,-54],[114,-171],[105,-615],[189,-341],[303,-346],[297,-70],[188,255],[-258,516],[67,205],[1045,567],[689,213],[140,183],[90,530],[175,188],[605,47],[781,-229],[538,55],[792,626],[146,226],[57,375],[206,178],[610,223],[535,0],[869,219],[248,-114],[93,-559],[190,-209],[93,24],[409,718],[228,93],[168,-576],[275,-482],[193,-195],[275,-123],[307,23],[325,144],[185,226],[64,215],[-28,847],[117,273],[327,385],[253,468],[409,307],[379,15],[611,-411],[706,207],[752,35],[270,188],[-296,620],[95,188],[1108,-51],[1129,296],[643,65],[173,-141],[-185,-375],[48,-248],[179,-256],[361,-326],[883,-388],[556,-391],[567,-52],[292,170],[332,-4],[709,-267],[1004,-209],[447,-295],[182,-337],[437,-431],[814,-356],[377,27],[877,690],[930,1068],[290,504],[-50,593],[113,539],[27,992],[-142,1740],[162,645],[828,941],[1111,60],[988,455],[69,127],[-133,474],[141,208],[272,169],[281,-18],[338,-516],[285,3],[361,533],[564,205],[407,429],[299,621],[417,283],[259,71],[369,718],[-216,502],[-562,719],[-172,462],[2,345],[506,1236],[-85,140],[-240,119],[101,410],[-170,481],[-22,366],[-202,250],[-414,207],[-104,205],[-106,637],[-217,344],[-271,97],[-316,-234],[-373,-40],[-722,285],[-119,518],[-258,-127],[-170,49],[-177,180],[-359,654],[-84,25],[63,-157],[-109,-148],[-846,376],[-134,-34],[-204,93],[-343,328],[8,71],[-83,63],[-72,-54],[-60,135],[-238,136],[-22,191],[-274,145],[0,96],[-327,386],[136,153],[100,-28],[186,154],[86,396],[-92,136],[277,412],[-140,199],[140,12],[79,147],[-25,140],[-157,153],[415,258],[32,132],[-177,138],[153,240],[-118,166],[-110,-7],[-38,112],[179,67],[35,143],[-191,298],[158,48],[148,401],[160,-13],[190,262],[-146,216],[88,212],[-77,120],[249,-95],[-37,537],[695,823],[26,417],[112,320],[8,231],[-116,257],[119,495],[-178,345],[-5,841],[-503,-128],[-352,265],[-630,255],[546,309],[361,357],[756,161],[371,367],[131,253],[119,610],[-305,413],[-15,526]],[[2154270,3673956],[-62,-951],[-139,-265],[-23,-1690],[-91,-402],[205,-459],[119,-527],[-26,-550],[233,-1440],[-48,-254],[-269,-486],[-868,-1035],[-194,-460],[239,-1224],[326,-927],[-76,-717],[102,-149],[397,-234],[36,-149],[-61,-414],[-411,-493],[-26,-234],[479,-731],[947,-278],[332,-732],[993,-1154],[-61,-498],[352,-472],[1145,-522],[464,-358],[1023,-592],[-76,-587],[148,-846],[-492,-777],[57,-1404],[-148,-259],[-85,-1190],[-233,-1140],[-406,-1026],[459,-712],[865,-831],[-436,-1115],[1328,-34],[636,120],[865,-352],[122,-105],[173,-428],[362,-398],[341,-318],[463,-254],[-20,-537],[108,-384],[127,-144],[494,-243],[234,-433],[87,-548],[458,-388],[850,-44],[1140,-348],[2426,440],[241,-319],[174,-88],[392,95],[331,-134],[721,63],[807,-98],[887,47],[603,105],[528,202],[824,-644],[-72,-363],[-189,-381],[252,-627],[715,-1331],[987,-648],[291,-299],[360,-617],[1303,88],[1309,-13],[1045,-563],[1254,525],[611,-106],[557,-418],[435,-1805],[611,-1360],[55,-790],[-284,-1288],[-13,-378],[179,-632]],[[2169428,3901952],[142,-356],[313,-262],[912,-177],[670,-434],[331,12],[436,136],[451,-3],[653,-298],[239,-243],[941,-536],[334,-378],[425,-805],[212,-823],[-26,-343],[72,-213],[932,-1062],[414,-250],[713,15],[-12,-157],[186,-124],[1134,-123],[535,-435],[509,-720],[535,-447],[141,-323],[13,-273],[-114,-597],[-369,-311],[-331,-100],[-204,-174],[-228,-684],[-13,-298],[192,-658],[-522,-336],[-178,-237],[-38,-286],[89,-509],[268,-410],[369,-199],[243,-310],[-394,-970],[76,-112],[446,-248],[369,-74],[-25,-249],[64,-49],[420,-25],[292,75],[39,-87],[-140,-572],[103,-758],[102,-261],[433,-497],[-13,-261],[-152,-323],[-229,-248],[-50,-209],[-2371,492],[-1171,512],[-469,548],[-421,0],[-272,-218],[-286,272],[-630,-1322],[-307,-1334],[-217,88],[-168,266],[-533,539],[-452,331],[-1,81],[-506,130],[-578,37],[-553,-221],[-433,-720],[-149,-649],[10,-306],[334,-971],[368,-494],[580,-496],[171,-278],[81,-669],[-46,-334],[-170,-391],[-423,-156],[-513,-34],[-423,100],[-548,423],[-868,367],[-412,345],[-926,1226],[46,234],[114,22],[527,-266],[241,132],[4,174],[-274,465],[-1331,1015],[-467,197],[-487,-57],[-394,-273],[-337,-588],[-478,-558],[-206,-861],[-273,-393],[-203,-137],[-468,46],[-1118,923],[-300,-26],[-517,282],[-353,-190],[-234,-183],[-371,-615],[-751,-941],[0,-179],[-463,-694],[-974,-2066],[-351,-536],[-300,-150],[-1047,-128],[-220,-310],[-632,-538],[-512,-322],[-312,-352],[-342,-632],[-307,-1227],[-620,-849],[-35,-180],[78,-199],[378,-239],[156,-483],[-91,-913],[-185,-782],[-249,-356],[-267,-191],[-257,-26],[-289,222],[-300,377],[-500,24],[295,-316],[226,-798],[-178,-357],[-630,-797],[-2526,-2504],[-474,-218],[-873,-91],[-126,254],[284,396],[-12,242],[-1010,978],[-781,48],[-92,-119],[-547,-84],[-184,119],[-231,-309],[-326,-768],[-781,-782],[-349,-226],[-967,-391],[-470,200],[-160,-14],[-292,-201],[-11,-288]],[[2143350,3862164],[48,-448],[-960,-940],[-1537,-1255],[-20,-433],[276,-690],[-80,-294],[-506,-166],[-273,44],[-313,-154],[-557,-33],[-413,143],[-167,-47],[-377,-302],[-122,-412],[-154,-214],[1,-193],[196,-348],[54,-453],[142,-68],[61,-207],[-105,-230],[61,-90],[331,-33],[95,-209],[3,-261],[198,-377],[35,-381],[185,-56],[-26,-225],[146,-274],[-146,-780],[77,-49],[49,83],[69,389],[244,-55],[-14,-462],[295,-153],[236,-359],[317,-231],[28,-233],[-83,-182],[233,71],[106,-80],[-6,-357],[-431,-530],[32,-483],[140,40],[89,-123],[-197,19],[-51,-32],[105,-45],[-256,-31],[137,75],[-117,287],[-380,-98],[-242,122],[234,150],[-7,282],[154,212],[-7,359],[89,84],[-74,308],[-199,-31],[-91,127],[-84,-8],[-114,-262],[143,-340],[-608,-417],[-8,-218],[-81,-105],[52,-126],[-62,13],[132,-279],[-191,-299],[-224,-84],[-42,-153],[-186,-80],[-150,45],[-137,-167],[-1029,-618],[-275,1086],[-174,240],[-1119,969],[-312,126],[-386,0],[-586,-190],[-480,-541],[719,-1013],[49,-136],[-126,-228],[-335,-114],[-2075,29],[-268,-170],[-471,-599],[-196,-81],[-351,372],[-210,1010],[-149,227],[-961,101],[-979,248],[-781,719],[-596,-21],[-108,-86],[-572,-50],[-79,-105],[253,-1107],[-126,-495],[-946,347],[-290,390],[-364,200],[-233,234],[-430,1004],[-256,881],[-245,147],[-354,511],[-144,86],[-377,-192],[-292,-457],[-574,-628],[-257,-103],[-181,37],[-38,125],[105,96],[31,259],[-46,249],[-197,88],[-211,-263],[-422,-297],[-802,-917],[-346,-247],[-193,71],[-218,278],[-334,119],[-680,461],[-443,84],[-273,-237],[-446,-848],[-126,-44],[-305,127],[-1110,-516],[-311,-48],[-175,73],[-619,788],[-87,356],[176,381],[37,398],[-144,434],[-144,-7],[-273,-451],[-284,-265],[-1192,-216],[-475,-443],[-36,-596],[-170,-375],[-101,-67],[902,-434],[94,-221],[42,-540],[310,-556],[141,-38],[862,290],[563,-163],[189,-176],[274,-534],[155,-678],[-141,-167],[-734,-483],[-721,-723],[-253,-162],[-312,-10],[-432,-158],[-493,-644],[-1197,1108],[-1928,853],[-1294,-239],[-327,-156],[-40,-172],[-564,-48],[-149,80],[-659,-555]],[[2092944,3895236],[504,-440],[592,348],[124,353],[-1,300],[461,370],[-140,952],[15,271],[154,226],[231,151],[1297,2],[509,212],[278,-15],[247,-120],[1283,-1068],[154,-226],[1,-271],[185,-195],[263,60],[448,-662],[263,106],[184,799],[447,302],[215,497],[327,274],[1195,-8],[250,-95],[560,-524],[652,-272],[259,-31],[231,203],[-33,392],[426,228],[332,-50],[126,56],[272,557],[207,250],[297,781],[352,11],[561,288],[317,49],[414,-141],[473,-351],[407,9],[351,159],[103,174],[-55,303],[143,255],[-122,440],[303,605],[260,181],[153,-127],[467,64],[86,148],[-11,297],[119,22],[87,169],[-827,752],[-11,159],[76,95],[619,288],[361,11],[222,-116],[659,-103],[972,-346],[31,-167],[-232,-423],[-46,-298],[134,-376],[217,-297],[386,100],[604,-179],[542,252],[798,-209],[695,-524],[585,88],[1165,818],[484,688],[197,516],[506,323],[87,258],[198,215],[44,279],[-99,185],[-1900,669],[-364,825],[1107,1411],[502,185],[280,16],[331,218],[521,96],[532,255],[835,976],[412,340],[1032,309],[423,11],[587,213],[542,287],[434,361],[467,149],[4162,-44]],[[2324309,3567735],[-612,181],[-159,171],[-99,287],[-50,380],[120,1340],[-49,424],[-309,239],[-567,-112],[-269,30],[-592,258],[-254,215],[-407,906],[-60,385],[30,848],[-99,336],[-283,415],[-493,482],[-258,483],[109,351],[553,769],[1031,677],[507,438],[185,756],[-119,672],[-482,1024],[-359,358],[-601,1075],[-866,1189],[-29,351],[348,940],[205,320],[-6100,667],[-194,470],[-222,274],[-36,1082],[-257,400],[-860,-29],[-683,874],[-282,104],[-311,-79],[-828,-551],[-205,-22],[-145,140],[-148,483],[-697,397],[-101,294],[224,137],[20,139],[-322,308],[-104,318],[-143,-11],[-168,-242],[-89,47],[42,570],[-467,587],[-422,1272],[-807,202],[-437,-169],[-385,-293],[-208,93],[-326,12],[-1192,561],[-77,77],[8,151],[-325,232],[-461,84],[-173,-164],[-174,-344],[-130,-614],[-111,-123],[-199,-25],[-314,470],[-120,341],[-5,184],[158,295],[-39,199],[-71,69],[-520,24],[-429,-50],[-297,226],[-19,105],[367,304],[92,198],[-19,143],[-228,316],[-411,170],[-1178,103],[-430,474],[-307,539],[-202,109],[-361,-53],[-525,385],[-428,-96],[-686,731],[3,195],[465,381],[440,6],[146,527],[503,65],[146,139],[60,217],[-57,146],[-186,99],[-409,3],[-63,331],[-177,245],[-1089,374],[-239,462],[31,323],[-54,62],[-630,-185],[-500,-37],[-595,-267],[-655,493],[-588,58],[-119,77],[-531,-8],[-424,180],[-183,-130],[-29,-455],[-231,-161],[-2016,-517],[-376,-200],[-621,228],[-462,74],[-758,-148],[-476,364],[-112,-50],[-135,-228],[-133,-22],[-115,407],[-277,71],[-140,-38],[-377,-337],[-549,-7],[-164,-307],[-194,-36],[-749,362],[-762,-168],[-336,66],[-165,136],[-47,151],[207,436],[-70,180],[-160,25],[-212,-235],[-115,-20],[-993,494],[-347,693],[-308,175],[-202,-55],[-424,-636],[-204,-173],[-230,-27],[-126,68],[36,766],[-269,153],[-543,-632],[-583,-416],[-191,40]],[[2278251,3600195],[-97,313],[-81,44],[-140,6],[-392,-206],[-137,455],[-344,296],[-473,-88],[-1169,-652],[-409,-446],[-1234,-838],[-245,-362],[-751,-695],[-454,-556],[-319,-41],[-250,-437],[-444,-43],[-162,-259],[-186,-712],[-819,-195],[-663,15],[-199,105],[-502,68],[-224,-238],[-72,-346],[-483,155],[-328,-788],[-243,65],[-190,198],[-842,407],[-404,-86],[-392,74],[-650,-31],[-228,-256],[-223,-45],[-153,311],[-775,230],[-59,252],[-262,363],[-464,194],[-536,105],[-534,-148],[-349,-301],[-314,121],[-265,-15],[-1176,-575],[-377,344],[-279,144],[-221,289],[-421,262],[-221,-21],[-427,-335],[-183,75],[-123,180],[-109,-9],[-285,-412],[-259,-37],[-115,-669],[-599,-201],[-612,-5],[-355,-377],[-713,-123],[-230,-124],[-213,-479],[112,-460],[-361,-719],[-208,-150],[-284,-24],[-566,-212],[-265,-292],[-511,-224],[-369,13],[-508,-546],[-333,-174],[-110,-259],[-194,-102],[-606,-682],[-20,-329],[113,-228],[-290,-83],[-301,-259],[-251,-600],[-224,-27],[-681,228],[-546,-172],[-101,-283],[-384,101],[-122,-163],[153,-364],[-77,-91],[-1030,-241],[-1068,-701],[-320,-107],[-1112,-800],[-593,75],[-167,-48],[-708,-297],[-246,-255],[-746,-449],[-1147,-406],[-961,-892],[-611,-42],[-351,-600],[-639,-255],[-134,-159],[-675,-354],[-160,-339],[-701,-656],[-448,-280],[-515,-130],[-387,-554],[-605,-230],[-1420,-361],[-477,405],[-767,-190],[-417,66],[-240,-86],[-164,-329],[-620,7],[-397,-89],[-1263,530],[-377,-132],[-131,24],[-173,91],[-299,412],[-340,106],[-508,-17],[-285,348],[-515,147],[-1227,-496],[-633,-23],[-286,-92],[-331,163],[-414,723],[-40,210],[-465,43],[-466,-514],[-1165,-500],[-2310,192],[-761,-349],[-789,71],[-395,127],[-886,518],[-837,14],[-891,-175],[-1265,-411],[-169,-174],[-178,-467],[-163,-122],[-1035,-123],[-616,-472],[-183,-56],[-404,344],[-1256,14]],[[2320495,3686169],[23,704],[1043,-21],[-9,-140],[-115,2],[-50,-508],[207,56],[11,-72],[1171,22],[1259,-1110],[940,-1205],[401,-284],[677,135],[947,823],[861,-9],[1258,-277],[782,-361],[335,331],[193,-14],[222,-406],[-82,-428],[-540,-1096],[785,-198],[516,-257],[126,-206],[65,-646],[118,-136],[418,-165],[432,-313],[49,-231],[-446,-91],[-156,-274],[62,-254],[-477,-609],[-1062,-702],[-277,-302],[-571,-304],[-280,-304],[-239,-426],[-63,-305],[1303,-1098],[1830,-568],[705,-10],[426,253],[259,264],[384,40],[197,-315],[353,-71],[570,243],[612,-193],[906,221],[61,-226],[550,-885],[551,-144],[337,-317],[540,-28],[426,-277],[363,-538],[134,-487],[187,-325],[290,-224],[145,-426],[813,-1210],[348,-242],[499,-769],[758,-566],[1422,566],[212,-80],[159,1100],[672,132],[1665,1118],[1079,504],[1135,793],[759,109],[909,-140],[638,-434],[2172,-44],[42,-677],[-128,-347],[64,-222],[151,-191],[491,-9],[135,-222],[-128,-421],[-511,-417],[-12,-250],[-283,-393],[-280,-1256],[19,-601],[600,-1309],[5617,941]],[[2209106,3660480],[636,172],[708,79],[1075,503],[143,237],[391,1345],[228,272],[548,314],[32,377],[884,861],[598,411],[247,83],[131,155],[181,484],[-14,192],[-397,548],[-402,945],[681,1534],[61,398],[-167,328],[-12,384],[168,505],[634,1290],[655,820],[474,396],[165,259],[65,289],[-15,115],[-248,246],[-448,201],[-1785,157],[-929,-225],[-735,4],[-132,48],[-408,484],[-1073,411],[-224,526],[-500,131],[-272,-210],[-797,68],[-236,231],[-84,200],[134,295],[-85,313],[60,155],[292,-86],[216,80],[-160,338],[72,314],[-56,258],[127,227],[322,3],[218,251],[206,-93],[173,148],[335,-195],[138,179],[-128,153],[15,89],[367,239],[11,563],[347,230],[84,142],[432,91],[26,142],[-151,140],[104,157],[152,92],[268,-87],[157,292],[394,214],[715,-108],[249,480],[343,139],[160,237],[968,401],[556,513],[1016,626],[301,347],[248,493],[283,302],[276,78],[83,221],[-58,418],[96,181],[514,-139],[670,664],[535,-528],[316,138],[148,221],[197,-124],[150,292],[596,174],[230,162],[252,814],[413,182],[341,688],[106,13],[79,-167],[176,-64],[898,415],[771,878],[-14,141],[-225,130],[-258,305],[-63,655],[214,867],[698,662],[-105,396],[201,360],[201,188],[314,-155],[1028,250],[386,796],[233,127],[793,141],[1046,960],[462,304],[191,305],[56,724],[-79,620],[66,230],[199,48],[404,-56],[764,470],[270,-154],[253,-277],[231,0],[362,465],[332,211],[461,136],[161,202],[214,649],[585,278],[166,372],[825,327],[124,7],[115,-98],[344,-903],[271,-100],[500,913],[774,217],[479,673],[516,-36],[472,410],[7,759],[447,260],[-282,423],[-25,200],[537,232],[236,421],[-171,1016],[-116,106],[-320,-122],[-262,23],[-1061,594],[-262,709],[475,178],[108,208],[0,198],[-148,108],[-394,-104],[-208,127],[-34,123],[158,592],[488,-14],[569,176],[75,175],[-37,333],[-430,312],[-150,428],[-232,241],[-571,161],[-296,365],[-376,204],[-254,38],[87,119],[426,122],[189,429],[-53,306],[443,368],[-206,208],[88,325],[-82,494],[72,276],[284,147],[514,-97],[134,765],[-325,599],[39,217],[-61,111],[-171,110],[-591,77],[-258,184],[55,588],[-260,565],[-521,656],[358,129],[-166,352],[78,71],[266,12],[30,233],[-87,296],[413,-79],[693,275],[461,88],[768,401],[10,1021],[141,267],[-106,27],[-58,145],[359,138],[145,229],[66,745],[-183,551],[-8,427],[-219,275],[-27,248],[819,1062],[254,569],[-66,470],[179,554],[71,159],[382,310]],[[2240445,3724413],[1446,1014],[1733,802],[1436,771],[653,412],[805,713],[588,375],[621,290],[664,80],[3445,68],[175,-311],[407,-348],[808,-534],[348,-111],[66,-298],[312,241],[344,-172],[496,50],[293,-359],[180,0],[136,-134],[16,-141],[500,-317],[74,27],[-15,462],[121,46],[183,-390],[891,-69],[250,-103],[113,-141],[336,-27],[-8,-653],[847,100],[75,-195],[402,-290],[27,-222],[207,-11],[126,-178],[640,1166],[430,363],[65,285],[14026,-934],[236,129],[493,-246],[206,-239],[98,-351],[405,99],[370,-120],[220,56],[255,-187],[208,-34],[260,314],[432,27],[310,-252],[692,-1014],[670,3],[445,-449],[21,-217],[363,-46],[71,-245],[492,333],[17,310],[-110,-3],[2,63],[310,37],[205,-39],[-6,-306],[1095,-257],[1295,129],[810,-146],[1151,556],[365,-28],[736,-268],[-398,-439],[-538,-844],[-106,-470],[-29,-957],[-298,-1548],[183,-329],[611,-642],[613,-470],[695,-137],[448,-324],[479,-604],[562,-534],[13,-296],[133,-175],[409,-15],[416,-220],[15,-187],[206,56],[116,-148],[174,28],[130,-134],[264,-18],[166,-160],[4,-155],[192,-78],[155,-181],[518,-32],[293,-329],[329,14],[152,-159],[166,39],[306,-152],[380,-13],[64,-233],[117,-80],[508,272],[373,-212],[648,-7],[130,85],[15,-85],[-105,-163],[-551,-223],[-336,-311],[-492,-11],[58,-138],[-58,-85],[-402,57],[-340,-311],[-152,-39],[-125,-301],[-757,205],[-214,-28],[-152,-114],[-333,234],[-662,-524],[-199,-35],[-315,386],[-526,-109],[-406,262],[-197,-129],[-154,-354],[-533,-640],[-447,-352],[142,-253],[380,-193],[528,155],[76,-84],[-49,-389],[377,-166],[194,-341],[331,121],[110,-38],[-143,-250],[379,-131],[155,-154],[106,-160],[-33,-330],[58,-101],[309,-39],[-45,-142],[-216,-125],[58,-148],[224,74],[58,145],[216,24],[180,-418],[89,20],[105,244],[144,-156],[49,-339],[176,162],[282,-309],[162,-520],[-253,-476],[67,-212],[-167,5],[-180,-143],[-5,-513],[-151,10],[-262,-157],[-63,124],[-122,-15],[-238,-251],[166,-670],[131,-137],[-54,-428],[-315,-218],[-76,-182],[-169,0],[-1059,-795],[-1890,-534],[-969,-507],[-1498,-1220],[-451,-581],[-1113,-629],[-259,-319],[-384,-816],[-346,-1286],[-355,-751],[-1017,-713],[-355,-150],[-854,9],[-701,-525],[-326,-413],[-384,-807],[-1353,-1342],[-135,-422],[-403,-460],[-288,-629],[-144,-150],[-374,-216],[-643,-131],[-863,66],[-330,-319],[-52,-115],[369,-528],[292,-673],[-459,-347],[-605,-163],[-896,-61],[-480,-286],[-125,-530],[-1435,-1075],[-1297,-250],[-417,-347],[-167,-571],[63,-592],[-355,-836],[167,-714],[-21,-591],[-1587,-1890],[-478,-1065],[-1204,-494],[-251,-746],[-246,-142],[-427,-692],[-177,-585],[-341,-625],[-532,-750],[-511,-542],[-833,-495],[-238,16],[-633,-170],[-559,-233],[-167,123],[-865,164],[-78,91],[155,-35],[195,126],[384,6],[192,181],[251,91],[99,213],[219,32],[366,307],[195,-29],[711,274],[581,392],[276,552],[325,425],[247,573],[32,198],[-109,392],[397,628],[473,1676],[-218,198],[-408,113],[98,381],[-245,129],[2,279],[-322,-43],[-603,245],[-392,-69],[-614,362],[-228,304],[-93,594],[-113,162],[-182,40],[-235,-123],[-335,132],[-241,-118],[-128,21],[105,324],[-87,446],[161,310],[-71,151],[-419,-35],[-678,364],[-473,-396],[-166,-237],[623,-1002],[29,-247],[-125,-269],[-197,-73],[-1008,140],[-321,-136],[-544,-1436],[-265,-287],[-250,-103],[-450,69],[-427,223],[-184,856],[-123,140],[-1037,143],[-587,-189],[-183,322],[-34,560],[-134,129],[-352,214],[-777,-5],[-422,-293],[-173,-666],[647,-564],[456,-588],[-51,-314],[-469,-469],[-13,-417],[518,-693],[183,-40],[178,102],[516,4],[170,-121],[-82,-192],[-654,-416],[-470,-591],[-378,-150],[-1226,-762],[-284,-84],[-387,330],[-258,55],[-280,-548],[-485,-584],[-79,-290],[-317,-276],[-399,33],[-271,526],[-292,238],[-1158,-348],[-1744,-1076],[-604,-681],[-301,-33],[-222,-140],[-1376,-1325],[-857,-348],[-538,-1641],[-1455,-2281],[-864,-1002],[-509,-413],[-896,-152],[-712,-496],[-849,-422],[-195,-273],[-63,-437],[-242,-371],[-200,-119],[-758,67],[-247,-57],[-353,-267],[-949,-1311],[-305,-147],[-857,-151],[-412,-156],[-765,-830],[-208,-502],[-427,-524],[-291,-164],[-465,12],[-26,-109],[604,-711],[811,-1267],[-199,-316],[-881,-638],[-309,-95],[-423,2],[-234,291],[-751,339],[-577,110],[-373,242],[-404,543],[-1090,551],[-691,-119],[-497,278],[-296,11],[-381,-81],[-425,-363],[-122,-228],[-48,-377],[-183,-149],[-777,37],[-974,-356],[-340,-30],[-262,99],[-222,-143],[-90,-263],[-173,-150],[-468,-42],[-211,-253],[-747,154],[-210,-176],[-147,-512],[-333,-45],[-451,118],[-389,6],[-98,-27],[-108,-233],[-341,148],[-467,-111],[-340,7],[-299,-286],[-98,-299],[-992,-232],[-578,167],[-164,268],[-140,56],[-1794,193],[-458,245],[-354,10],[-667,174],[-109,133],[-50,291],[-606,350],[-237,470],[112,1032],[247,462],[-390,782]],[[2222673,3737889],[-327,109],[-16444,908],[-16575,-81],[-7484,-92],[-151,-77],[-240,681],[-305,284],[-189,-30],[-776,-498],[-1045,96],[-41,192],[105,175],[764,735],[95,337],[-120,131],[-251,26],[-645,-384],[-259,15],[-75,139],[196,590],[-57,116],[-208,87],[-733,-164],[-332,14],[-357,131],[-599,-2],[-541,-386],[-462,-44],[-257,227],[-331,604],[-396,336],[-257,105]],[[2143350,3862164],[935,-148],[352,-222],[57,-399],[-699,-2057],[-113,-1054],[64,-313],[2824,55],[46,-252],[414,-253],[1347,-87],[368,120],[183,172],[29,462],[86,141],[351,-230],[706,-244],[188,-752],[266,-191],[310,-75],[196,56],[295,579],[294,376],[392,336],[255,78],[459,-1513],[-53,-178],[-220,-215],[-496,-344],[-239,-594],[58,-304],[166,-271],[824,-170],[118,-665],[401,-1369],[36,-692],[223,-214],[529,-224],[166,-183],[81,-1166],[82,-235],[219,-295],[849,-450],[324,-660],[190,-582],[-47,-142],[-645,-703],[-59,-414],[425,-999],[154,-204],[186,-11],[487,190],[204,-39],[87,-110],[-86,-536],[39,-400],[174,-362],[304,-131],[-43,-1890]],[[2338271,3741372],[-484,-369],[-303,334],[-1124,-432],[-150,-219],[-42,-1161],[190,-829],[16,-982],[-100,-1007],[-27,-2068],[-549,-1058],[-275,-1489],[-289,-35],[16,-2007],[-73,-691],[-2429,-458],[-974,-411],[-1012,-599],[-600,1396],[-285,1054],[261,908],[550,-21],[81,83],[13,1079],[-349,1063],[-961,1904],[-170,641],[-1155,322],[-136,104],[-392,784],[-234,225],[-1048,513],[-98,-192],[-308,-2633],[12,-179],[158,-212],[-60,-538],[-269,-237],[-1065,-628],[-558,-229],[-964,-210],[-250,1198],[-282,740],[132,513],[604,681],[-61,1831],[-328,907],[26,248],[-75,82],[-102,-17],[-315,-191],[-173,339],[27,1241],[-88,290],[-954,691],[-373,4],[-498,-650],[-950,-61],[-963,-320],[-2664,-540],[-88,6],[-337,450],[-413,-42],[-396,-95],[-844,-396],[-192,-179],[485,-633],[8,-704],[1024,-488],[-376,-1130],[-664,-266],[-865,175],[-728,450],[-730,223],[-166,41],[-290,-199],[-252,150],[-75,692],[-387,1137],[-154,117],[-363,29],[-348,-364],[-150,-48],[-253,82],[-414,338],[-380,25],[-222,252],[-25,302],[-189,275],[32,311],[173,200],[31,347],[-568,134],[-561,53],[137,-388],[-43,-199],[-182,-178],[-276,29],[-200,-71],[-313,-301],[268,-60],[347,40],[843,-719],[30,-78],[-88,-72],[-616,-21],[-78,104],[101,369],[-357,244],[129,-221],[-496,-317],[159,-263],[-4,-141],[-146,54],[-210,278],[-171,-104],[-119,31],[-101,323],[-1126,-602],[-617,33],[-478,-333],[-592,184],[-383,-48],[-459,65],[-93,-125],[-76,-434],[-109,-19],[-306,268],[189,253],[9,268],[-713,446],[-527,-127],[-739,574],[-296,72],[-141,376],[279,251],[13,132],[-457,132],[-1018,1269]],[[2298095,3742093],[545,557],[1154,816],[1084,925],[877,261],[229,142],[80,143],[94,907],[193,399],[159,115],[680,-66],[43,637],[146,482],[63,119],[308,152],[46,251],[194,232],[41,169],[-46,589],[-250,290],[-204,39],[-140,289],[-288,132],[-651,1030],[354,125],[468,810],[-110,738],[-397,382],[66,312],[218,246],[53,249],[313,-354],[242,-117],[476,73],[494,310],[-89,-658],[394,-588],[-159,-503],[-27,-424],[115,-132],[133,17],[168,600],[216,290],[327,3],[222,-100],[203,-308],[589,-412],[-22,-198],[-541,-45],[-131,-199],[95,-406],[437,-405],[293,-140],[331,-45],[411,234],[702,150],[240,-225],[95,-290],[-36,-298],[-154,-335],[605,237],[442,-143],[271,-4],[474,221],[173,442],[224,188],[1919,955],[26,252],[225,136],[64,254],[-109,187],[118,28],[-4,105],[363,313],[156,-94],[118,42],[-46,62],[82,49],[221,5],[-66,-72],[65,-134],[239,117],[123,-118],[-44,-593],[78,-326],[88,38],[-25,-191],[75,-1],[242,698],[-185,87],[-23,85],[49,142],[216,164],[181,467],[-162,33],[113,213],[3353,2306],[746,703],[394,220],[643,55],[773,-417],[780,-220],[753,-364],[561,35],[130,153],[-45,561],[-841,2093],[-104,1181]],[[2184068,3629497],[2454,9344],[817,-40],[673,120],[1337,795],[2388,892],[1788,1223],[430,-127],[239,183],[567,786],[1310,1194],[583,836],[967,1065],[210,400],[828,923],[96,184],[149,1098],[288,679],[524,424],[555,110],[919,717],[668,147],[288,146],[369,434],[700,308],[178,167],[128,265],[50,356],[-79,530],[-256,243],[-243,809],[-798,585],[-278,342],[-22,250],[200,335],[605,349],[1097,56],[784,440],[1382,126],[627,209],[405,949],[8,181],[598,774],[149,314],[320,1101],[207,272],[829,489]],[[2240445,3724413],[-75,288],[103,566],[265,710],[351,554],[270,217],[-51,531],[371,417],[344,744],[376,122],[12,248],[172,451],[-47,324],[250,69],[106,225],[54,188],[-129,637],[39,439],[270,581],[402,363],[51,252],[238,111],[207,286],[238,95],[74,115],[-55,141],[211,325],[206,-26],[-65,-169],[129,-34],[371,428],[281,133],[75,117],[-84,353],[172,188],[65,243],[-169,319],[-186,86],[-142,208],[133,246],[-152,171],[-166,528],[-268,451],[132,941],[-156,444],[124,496],[-45,260],[114,160],[-86,222],[-348,61]],[[2244427,3739238],[392,40],[195,-84],[357,-603],[735,-724],[203,-130],[313,15],[420,-301],[95,-317],[251,-236],[-70,-372],[51,-88],[406,12],[164,-275],[223,-19],[332,-206],[222,-447],[-15,-397],[130,-147],[413,-93],[325,-298],[278,20],[277,437],[508,278],[853,709],[955,-616],[440,60],[400,337],[230,93],[311,80],[671,-27],[382,-79],[1139,-768],[863,28],[923,-399],[263,-36],[160,33],[203,187],[397,919],[237,341],[748,257],[526,422],[700,203],[420,249],[294,665],[191,961],[-243,315],[-262,807],[-218,173],[46,341],[409,514],[582,346],[372,67],[163,285],[165,106],[700,-290],[1152,101],[745,290],[509,45],[720,-472],[180,-42],[1148,315],[1061,471],[529,51],[1097,-964],[284,-174],[1011,-303],[411,-199],[396,-382],[884,-576],[782,-114],[1224,268],[726,-249],[210,92],[592,62],[763,292],[367,-17],[881,195],[301,-38],[550,364],[631,-118],[288,124],[293,-39],[165,-104],[269,94],[208,245],[308,-174],[75,233],[441,310],[231,583],[428,94],[76,742],[312,348],[488,370],[255,360],[220,108],[429,33],[300,611],[424,293],[359,161],[359,-76],[275,31],[432,-400],[-184,-310],[37,-382],[92,-22],[285,233],[110,-90],[152,-498],[-46,-400],[133,-337],[274,-334],[268,-90],[644,-475],[-181,-333],[16,-258],[636,-698],[1056,-929],[485,-77],[284,108],[29,211],[-188,272],[-3,199],[738,645],[150,385],[312,309],[182,12],[376,-138],[842,230],[189,-353],[35,-578],[273,-204],[245,-12],[902,-873],[74,-303],[-79,-369],[227,-874],[444,422],[267,141],[95,380],[656,1214],[213,771],[614,1067]],[[1969114,4229647],[-390,945],[-359,-85],[-1338,-1413],[-405,-849],[-676,-822],[-171,-51],[-88,127],[-781,419],[496,528],[-10,133],[-288,278],[404,492],[-33,236],[134,408],[-8086,-53],[-21,8778],[-722,833],[287,322],[867,-19],[849,-522],[585,551],[490,124],[195,749],[272,-82],[35,348],[648,670],[313,-19],[672,135],[519,-268],[436,236],[-855,939],[367,1176],[280,383],[1363,464],[25,399],[-304,1538],[-169,356],[-287,1804]],[[1952389,4245386],[-1491,-742],[-1832,-627],[-867,-746],[-209,-362],[-228,-773],[-457,-3522],[-170,42],[-288,-1111],[-160,-1099],[-741,-1139],[-383,-764],[-90,-539],[36,-600],[227,-1165],[80,-1955],[221,-810],[105,-866],[-301,-3535],[-146,-850],[-3338,-5812],[-1126,-1788],[-2611,-3784]],[[1902272,4226559],[5,165],[165,283],[302,148],[192,229],[746,180],[713,-170],[213,349],[226,29],[307,389],[154,-41],[349,423],[94,660],[-54,125],[153,30],[66,99],[-158,231],[11,504],[146,79],[8,93],[-51,345],[-200,43],[-15,168],[238,254],[100,232],[-41,113],[234,96],[207,440],[1,216],[295,347],[58,273],[-250,727],[131,345],[27,341],[159,100],[-20,217],[92,70],[19,147],[-55,156]],[[1906839,4234994],[469,335],[108,228],[330,-25],[163,187],[730,418],[274,284],[18,319],[279,176],[422,680],[911,615],[58,391],[367,242],[293,349],[76,421],[-134,537],[161,481],[1014,-31],[336,-284],[264,-34],[660,-397],[419,572],[522,408],[853,133],[443,-23],[390,261],[414,91],[820,390],[440,1116],[724,1251],[-302,869],[-151,157],[-642,-75],[-972,29],[-135,17],[-193,234],[123,180],[-178,650],[56,279],[-66,242],[-184,140],[-15,1056],[67,321],[-68,195],[-293,207],[-47,115],[609,1532],[-373,902],[113,230],[91,825],[213,368],[309,132],[621,687],[235,435],[345,223],[125,210],[73,612],[133,350],[629,-117],[75,-98],[229,223],[439,15],[641,220],[181,-50],[231,73],[44,172],[189,-11],[160,204],[269,-16],[84,-117],[311,-75],[310,314],[345,-12],[146,181],[-11,238],[177,-167],[484,106],[-18,215],[94,244],[332,-167],[52,257],[125,-39],[232,102],[282,-47],[194,161],[122,-154],[156,105],[354,10],[54,-98],[478,411],[522,211],[386,471],[199,-180],[381,-673],[263,-43],[97,-182],[476,-201],[321,596],[733,635],[161,555],[135,168],[368,-5],[644,480],[1675,117],[708,850],[307,233]],[[2007455,4090117],[-298,-161],[-218,165],[0,-153],[-183,-197],[-21,-191],[-111,101],[-84,-27],[-41,-334],[92,-102],[-232,-340],[-146,-530],[11,-338],[-298,-278],[-561,-179],[-187,-404],[-264,-1259],[-494,-818],[6,-148],[259,-429],[199,-121],[1604,33],[1190,-543],[812,-757],[54,-539],[265,-430],[1248,-970],[-15,-303],[-295,-497],[-859,-1110],[-328,-596],[-501,-635],[-281,-155],[-331,-410],[30,-635],[282,-547],[460,-606],[1488,-852],[558,-58],[468,-228],[937,526],[799,-1716],[140,-506],[517,-207],[355,-1175],[377,-376],[-353,-234],[-202,-312],[-379,-320],[-183,-307],[-940,-468],[-195,-364],[-484,-386],[-419,-40],[-205,-268],[-474,-385],[-648,-273],[-318,-673],[-512,-450],[-927,-396],[-1277,-775],[-556,-202],[-533,-389],[-489,-132],[-812,-657],[182,-565],[-51,-1580]],[[1920359,4100616],[416,744],[311,219],[438,709],[273,275],[888,374],[383,-23],[298,367],[465,239],[621,477],[791,262],[494,333],[148,365],[581,561],[-92,554],[289,615],[150,203],[166,67],[240,-2],[542,-299],[693,-21],[383,-268],[785,2],[201,-154],[1077,117],[138,171],[184,31],[445,-75],[159,-372],[545,-582],[460,-46],[1209,-515],[504,-6],[456,-283],[148,-333],[567,-110],[1080,141],[317,-139],[403,-439],[106,-512],[245,-275],[245,-97],[291,-280],[371,241],[449,-447],[593,399],[860,866],[390,565],[705,258],[792,157],[234,199],[124,250],[210,42],[337,524],[400,390],[1228,-154],[537,329],[608,-307],[147,-170],[425,-121],[263,35],[342,-193],[735,-81],[699,-393],[340,-5],[122,-218],[553,72],[43,-215],[82,-21],[265,112],[215,-259],[754,544],[142,32],[211,-86],[896,-577],[702,-958],[47,-436],[277,-317],[386,-293],[402,-117],[55,-185],[238,-178],[-127,-365],[84,-99],[466,-26],[601,160],[631,389],[162,287],[101,-32],[118,-519],[318,164],[197,-60],[73,-239],[-59,-203],[168,75],[191,-363],[219,-41],[205,-207],[-89,-119],[58,-224],[-116,-148],[90,-102],[-148,-347],[15,-314],[-89,-202],[71,-196],[293,-82],[-19,-186],[120,-327],[-38,-268],[110,-79],[1,-494],[315,-244],[34,-172],[-100,-149],[44,-216],[184,-194],[303,21],[149,-140],[41,44],[178,-534],[-24,-539],[295,-335],[56,81],[28,-90],[168,15],[129,-135],[105,42],[380,-144],[879,554],[501,139],[681,-160],[145,-285],[359,-71],[298,-190],[620,112],[493,-119],[401,224],[92,-89],[257,-25],[76,126],[275,89],[78,215],[256,-51],[250,-222],[1319,7],[83,-272],[206,-261],[228,-188],[162,22],[198,-123],[154,43],[88,153],[418,-20],[390,321],[406,189],[65,155],[143,-38],[1231,769],[392,59],[273,179],[165,-128],[206,242],[-102,228],[37,65],[198,-54],[89,-194],[165,1],[262,277],[13,135],[295,84],[173,157],[160,423],[224,18],[81,-126],[254,72],[125,-256],[211,-75],[168,206],[382,143],[182,-54],[-87,-198],[-622,-721],[29,-189],[267,40],[46,-54],[-273,-319],[8,-193],[145,-195],[-178,-818],[24,-181],[-311,-410],[-562,-252],[49,-300],[-220,-203],[28,-437],[284,12],[577,-130],[328,44],[346,-94],[681,-349],[225,-265],[696,-443],[797,-43],[660,-338],[998,-14],[677,166],[806,394],[419,79],[397,-98],[225,-418],[901,-562],[673,93],[552,-95],[447,-207],[544,523],[242,1],[254,-112],[614,44],[261,-115],[1256,-173],[1726,-941],[977,140],[853,302],[708,90],[218,-147],[147,-410],[270,-314],[97,-63],[516,-4],[500,-236],[367,128],[561,-59],[130,83],[158,303],[522,512],[168,388],[464,546],[186,338],[310,240],[359,533],[398,315],[416,109],[390,-111],[458,-298],[368,-29],[421,76],[1109,-56],[538,116],[484,-79],[144,-92],[424,49],[289,-199],[246,-398],[512,-300],[8,-95],[147,33],[64,-241],[264,-130],[164,19],[200,-184],[25,-248],[197,-38],[213,-471],[365,85],[125,-60],[-16,216],[217,101],[95,143],[140,-8],[63,288],[815,261],[31,78],[382,-144],[75,-446],[218,23],[301,227],[282,-230],[234,-79],[31,-430]],[[2024528,4092673],[-81,-176],[2,-631],[292,-1212],[37,-1212],[-322,-565],[-374,-333],[-1313,113],[-324,99],[-478,298],[-477,15],[-375,-101],[-902,-566],[-449,-142],[-233,123],[-427,498],[-510,32],[-633,-334],[-794,-154],[-227,-146],[-162,-223],[-1229,-237],[-619,81],[-444,413],[-262,37],[-169,-120],[-797,135],[-291,-325],[-293,-81],[-988,147],[-559,951],[-1157,200],[-512,319],[-232,254],[-389,38],[-263,303],[-280,-151],[-15,-119],[-282,-195],[-272,169],[33,115],[-167,5],[-136,122]],[[2179521,3396297],[452,-319],[476,-50],[805,136],[673,-51],[748,-200],[571,3],[315,-150],[194,-282],[391,-190],[419,-668],[141,-950],[175,-249],[198,19],[554,373],[617,-41],[247,183],[426,-59],[244,88],[517,-87],[289,36],[692,-294],[277,-243],[695,257],[199,-129],[502,-840],[1908,-1116],[147,-205],[495,-342],[298,-53],[283,-186],[388,168],[250,336],[137,-15],[138,-166],[201,6],[228,179],[350,560],[697,584],[759,164],[693,360],[367,473],[205,433],[430,-276],[376,135],[308,380],[300,8],[111,395],[441,183],[68,395],[586,555],[520,-51],[658,516],[1163,464],[-210,251],[-28,155],[240,177],[261,19],[244,160],[158,-20],[471,272],[109,141],[-115,293],[150,391],[134,57],[551,-26],[220,305],[315,129],[65,353],[134,-46],[165,-210],[156,-24],[-73,447],[262,177],[148,334],[325,401],[48,547],[61,41],[313,-145],[-80,342],[64,209],[158,121],[248,-50],[251,273],[179,7],[-186,422],[430,-34],[199,-216],[186,41],[643,304],[842,147],[181,499],[506,248],[206,-111],[-287,539],[52,91],[446,38],[-237,506],[103,243],[333,93],[102,-400],[68,-22],[481,685],[843,709],[274,106],[43,124],[-111,301],[142,256],[614,365],[919,96],[278,390],[18,463],[75,101],[137,38],[276,-202],[341,-116],[108,427],[240,274],[191,382],[374,-26],[542,550],[371,210],[256,13],[304,-147],[294,167],[201,967],[264,172],[603,-154],[220,749],[456,670],[194,28],[348,-341],[323,-3],[242,48],[346,312],[576,5],[1066,-434],[33,723],[148,443],[194,330],[338,240],[123,383],[-19,156],[-453,583],[0,287],[498,176],[-57,548],[189,290],[178,66],[347,-117],[120,88],[28,687],[82,135],[580,396],[511,105],[51,181],[-99,805],[47,437],[495,277],[784,19],[453,100],[546,242],[702,-89],[607,135],[356,279],[16,463],[167,232],[386,204],[197,17],[291,-350],[416,-31],[268,181],[283,672],[119,98],[2071,-74],[106,111],[-3,355],[-362,430],[153,148],[152,5],[703,-589],[185,-19],[110,81],[88,416],[115,167],[505,276],[253,246],[164,697],[288,132],[485,-304],[311,40],[771,968],[116,400],[152,38],[377,-90],[756,624],[-2,224],[-352,401],[82,196],[309,126],[469,-118]],[[2240130,3425406],[433,18],[52,452],[118,188],[661,109],[-95,807],[186,233],[964,461],[702,189],[494,461],[298,541],[-106,1143],[134,363],[328,113],[446,-137],[268,80],[340,1332],[288,450],[430,400],[931,447],[4,116],[-160,186],[-285,-93],[-496,443],[53,222],[227,226],[-554,430],[-195,336],[23,791],[-221,353],[285,545],[-237,355],[-199,588],[66,201],[349,151],[519,-58],[133,248],[-145,943],[107,41],[342,-155],[190,17],[220,147],[258,1181],[135,158],[226,23],[157,107],[-23,101],[-273,-15],[-116,90],[22,159],[183,104],[73,205],[-316,240],[-68,265],[190,412],[454,455],[139,431],[-343,283],[-171,316],[-525,1205],[-2,297],[421,374],[1111,383],[879,-534],[134,0],[381,827],[109,92],[1255,388],[186,524],[-20,525],[105,127],[232,-147],[79,-743],[270,-128],[458,391],[593,272],[148,212],[129,455],[171,26],[156,-157],[158,-14],[226,359],[284,69],[327,289],[703,30],[455,191],[464,-612],[-97,-265],[190,2],[375,416],[1349,607],[221,347],[368,-36],[100,194],[329,294],[1185,895],[-24,395],[70,154],[151,14],[296,-154],[527,168],[493,-213],[645,-44],[180,233],[116,372],[514,496],[437,247],[523,-184],[275,437],[173,115],[548,-359],[400,-378],[537,-235],[279,-4],[198,336],[83,546],[1203,620],[1024,746],[1202,-58],[566,416],[836,238],[1645,712],[672,75],[334,172],[209,376],[168,144],[468,126],[480,408],[822,364],[397,152],[570,-16],[607,109],[272,-121],[232,-422],[129,-74],[484,653],[-86,438],[45,324],[91,84],[813,-324],[384,256],[895,274],[440,-126],[59,-156],[-309,-182],[-245,-609],[532,-716],[449,-378],[269,-109],[610,32],[383,-119],[2061,317],[507,147],[322,234],[352,539],[334,266],[322,35],[219,-175],[155,-273],[-20,-164],[-188,-275],[5,-250],[664,-712],[408,-5],[448,-171],[378,601],[607,-230],[384,166],[233,-6],[488,-320],[197,20],[309,194],[333,15],[355,-522],[494,-15],[249,-196],[1501,684],[319,399],[-2,392],[62,64],[543,-31],[579,947],[426,402],[78,239],[439,91],[291,-201],[130,-282],[-133,-161],[-299,-129],[-20,-148],[342,-293],[408,46],[350,-300],[-15,-420],[371,0],[31,-331],[164,-8],[397,158],[340,-204],[200,-31],[473,308],[-78,-392],[200,-168],[75,217],[117,5],[181,-227],[-120,-164],[10,-121],[525,12],[238,-108],[-498,-56],[-139,-207],[149,-169],[302,8],[62,-63],[52,-383],[-69,-199],[253,265],[98,5],[-47,-217],[190,-221],[-105,-57],[-187,83],[-56,-245],[451,19],[188,458],[-130,199],[169,103],[91,-55],[52,-285],[-45,-336],[165,-319],[147,-76],[244,52],[51,302],[302,-3],[162,-140],[220,145],[37,244],[325,-59],[119,196],[840,-113],[-46,128],[-392,107],[-38,207],[-287,49],[-182,-100],[32,203],[-468,572],[-816,379],[-196,303],[-234,139],[142,427],[-103,159],[-633,365],[-121,240],[-386,83],[-159,111],[-67,531],[-394,212],[-251,382],[43,507],[-372,132],[-1258,-66],[-431,134],[-121,200],[-248,84],[-230,-167],[-78,-292],[-330,-132],[-117,49],[-106,750],[-450,274],[-286,601],[-32,232],[-301,216],[195,621],[-94,407],[32,849],[-138,395],[-313,289],[-617,370],[-526,157],[-576,5],[-566,274],[-312,274],[-99,327],[-230,69],[-542,410],[-549,177],[-103,313],[57,670],[96,102],[240,-85],[319,-260],[188,7],[177,114],[226,-48],[139,-98],[152,-347],[570,-562],[563,-264],[843,-146],[1053,-701],[234,-34],[414,132],[301,-96],[464,-555],[734,-240],[759,-599],[229,-271],[401,-192],[853,31],[1050,-139],[230,163],[124,0],[485,-243],[240,-351],[1059,-333],[513,-376],[1255,658],[509,-267],[498,22],[294,-72],[452,220],[187,258],[241,21],[132,193],[264,156],[131,237],[205,51],[194,247],[356,67],[471,458],[301,-245],[-79,-140],[770,89],[536,-272],[320,55],[278,360],[176,-179],[207,-48],[215,-290],[18,-201],[116,-81],[332,115],[48,559],[81,47],[303,-50],[221,-182],[373,23],[151,-118],[148,200],[116,31],[619,-145],[236,108],[731,-155],[451,57],[174,184],[-37,228],[96,112],[-65,392],[109,254],[-298,-2],[-115,98],[42,144],[557,293],[551,663],[399,40],[633,360],[219,-72],[246,65],[630,-64],[428,-405],[425,17],[261,-107],[181,30],[399,255],[186,453],[-31,282],[-396,431],[-30,183],[311,162],[-29,225],[262,340],[30,375],[-316,389],[-192,11],[-283,-213],[-117,5],[-189,156],[560,343],[697,243],[7235,-5162],[4502,-2308],[307,-481],[168,-596],[51,-550],[142,-229],[258,-113],[844,74],[258,-136],[511,46],[790,-163],[459,0],[549,275],[714,649],[434,150],[306,0],[973,-886]],[[1918393,4276042],[-115,-30],[-651,335],[-141,-6],[-201,-165],[-244,47],[-258,-98],[-180,22],[-98,115]],[[1898481,4281157],[9,-98],[-129,-25],[20,-73],[-82,-43],[83,-96],[161,121],[47,-170],[140,-63],[-48,-138],[129,-467],[246,136],[80,-130],[173,-4],[37,-157],[47,207],[74,-60],[-39,-171],[112,-324],[-367,-423],[124,-83],[93,-240],[-164,-197],[293,62],[125,-239],[221,155],[196,-10],[56,96],[153,-222],[299,41],[183,-140],[61,-294],[-106,-154],[169,-367],[-51,-250],[181,-132],[155,50],[43,-145],[87,13],[129,-1501],[712,-980],[179,-566],[-77,-494],[-135,-163],[-1126,-930],[118,-129],[-24,-532],[-155,-532],[360,-602],[21,-487],[237,-402],[-187,-579],[141,-381],[433,-872],[805,-910],[288,-223],[144,-275],[-193,-456],[-15,-359],[-303,-763],[-193,-246],[-37,-309],[-295,-284],[15,-303],[-560,-455],[-96,-166],[115,-281],[159,-128],[-129,-123],[-50,-309],[-104,17],[-117,-559],[279,-610],[-146,-71],[97,-156],[-98,-119],[51,-290],[-140,-193],[83,-70],[-94,-100],[97,-248],[-51,-371],[-80,73],[-65,-133],[-113,30],[9,147],[-61,35],[-79,-97],[-42,120],[-92,-120],[-307,-54],[-252,67],[-219,-95],[-42,-161],[-339,-74],[-345,-204],[-291,57],[-35,-214],[-220,81],[-81,-46],[-185,-282],[-228,-118],[144,-368],[152,-81],[-36,-267],[294,-75],[-69,-120],[82,-111],[-79,-117],[98,-74],[95,-597],[-254,-570],[-132,-3],[-212,-270],[51,-389],[-830,5],[-123,-83],[-439,-58],[-444,-190],[-430,-349],[-124,38],[-12,-172],[-149,-11],[-305,-390],[-353,-160],[-77,-133],[-2363,-688],[50,-135],[-169,-1130],[-722,-230],[-429,-898],[-543,-384],[-275,-543],[-214,-125]],[[1890546,4249947],[-318,41],[-204,378],[-208,-11],[-316,154],[-587,-75],[-450,35],[-236,200],[-308,112],[-241,-7],[-514,305],[-169,-83],[-706,93],[-256,189],[-66,179],[57,137],[-299,287],[-465,233],[-115,153],[-181,-139],[-322,279],[-90,248],[-348,84],[-447,394],[-240,52],[-99,-2093],[-752,-648],[-2123,-1419],[-230,-74],[-1885,-126],[-441,116],[-1342,-91],[-1062,-614],[-337,-297],[-680,-313],[-937,-157],[-807,-20],[-1977,-896],[-993,-198],[-5047,115]],[[2278251,3600195],[-189,-455],[-865,-869],[-141,-657],[-1021,-570],[-498,-559],[-664,-383],[-476,-484],[-290,-500],[-119,-599],[-187,-150],[-375,-567],[51,-683],[184,-313],[-93,-121],[301,-499],[68,-284],[538,-514],[-164,-69],[68,-183],[443,-350],[427,-720],[611,-613],[-17,-434],[185,-917],[-102,-331],[-297,-331],[-324,-123],[-525,170],[-228,-150],[-187,-580],[-481,-264],[-235,-260],[671,-2700],[-155,-556],[13,-718],[-191,-129],[-416,47],[-224,-194],[-32,-514],[235,-341],[-16,-101],[-1140,269],[-1460,-1487],[-347,-154],[-187,-204],[126,-1138],[-38,-326],[257,-686],[467,-795],[35,-500],[646,-379],[204,-481],[-61,-399],[-383,-418],[-191,-689],[585,-205],[1050,-525],[1268,88],[834,-160],[1259,-1021],[185,-581],[717,-704],[498,173],[640,-48],[711,-189],[268,54],[532,319],[537,-146],[613,11],[1000,243],[717,-64],[857,187],[345,-25],[548,-632],[325,-243],[-67,-381],[59,-534],[230,-303],[30,-169],[-203,-370],[-234,241],[-217,48],[-445,-410],[-1073,-467],[-178,-813],[-14,-621],[402,-530],[198,-109],[1037,184],[677,-176],[157,-175],[389,-910],[543,-332],[870,364],[364,-64],[97,-188],[59,-589],[611,-207],[495,-692],[-112,-65],[-587,-12],[-63,-475],[-615,-445],[7,-238],[461,-286],[375,159],[570,-145],[280,314],[276,-101],[130,-211],[-150,-808],[55,-667],[616,-362],[641,-55],[762,-884],[-210,-261],[-1000,-748],[-172,56],[-351,-122],[-419,164],[-765,38],[-136,-375],[-427,-400],[-681,-1016],[-187,-1533],[68,-267],[-17,-616],[119,-484],[-18,-1949],[111,-539],[-27,-1126],[273,-235],[136,-267],[204,-733],[-136,-633],[68,-217],[-34,-350],[-171,-494],[-83,-797],[-664,-1165],[-21,-251],[289,-408],[134,-339],[-91,-1217],[197,-411],[-44,-387],[110,-537],[126,-241],[-8,-1079],[-87,-568],[361,-1019],[42,-849],[235,-778],[-11,-831],[-101,-751],[-867,-2379],[-803,-1461],[-211,-175],[-298,-452],[-120,-521],[-579,-646],[-173,-521],[-193,-210],[-100,-814],[-191,-539],[-84,-555],[-316,-435],[-29,-567],[166,-920],[-439,-638],[-44,-200],[283,-1106],[-413,91],[-136,254],[-418,-325],[-205,-378],[-150,-117],[-209,114],[-355,384],[-271,-106],[-868,-850],[-1932,-1342],[-1164,-1121],[-360,-127],[-155,-136],[143,-218],[-15,-134],[-727,-844],[-205,-357],[-850,-376],[-439,-350],[-494,-228],[-1131,-43],[-247,-105],[-702,-660],[-458,-181],[-404,-308],[-852,-1608],[99,-232],[134,-923],[-73,-185],[-5,-518],[90,-670],[-374,-358],[93,-503],[-399,-64],[-195,-151],[25,-133],[114,-9],[76,-134],[62,-825],[99,-298],[-377,-504],[-146,-350],[90,-422],[-260,-815],[-501,-896],[-635,-574],[-130,-241],[-410,-407],[-1196,-781],[-1156,-1204],[-262,-149],[-632,-888],[-54,-280],[-569,-111],[-573,-310],[-492,-119],[-733,-516],[-467,2],[-110,-149],[-272,188],[-143,-141],[-205,-25],[-239,203],[-134,0],[-463,-387],[-428,-11],[-243,-415],[-268,-56],[-621,-379],[-147,-770],[-289,-468],[-402,-88],[-835,-875],[-499,-182],[-1255,-268],[-138,-198],[63,-443],[-176,-230],[-396,88],[-302,378],[18,103],[246,34],[6,114],[-378,-80],[-263,-305],[-71,169],[136,222],[-241,58],[-138,-57],[80,-163],[-64,-83],[-450,26],[-499,-139],[-945,-20],[-955,-153],[-377,100],[-487,11],[-875,261],[-847,30],[-473,-127],[-300,45],[-736,-78],[-1170,259],[-567,9],[-102,-87],[-63,-406],[-397,-864],[179,-670],[81,-761],[-34,-451],[-127,-38],[-337,83],[-714,-263],[-130,-222],[27,-105],[264,-75],[315,7],[149,98],[142,-45],[121,-506],[-229,-126],[-244,-338],[612,-486],[69,-203],[-119,-510],[97,-993],[-112,-412],[-245,-409],[27,-540],[-129,-419],[-258,-310],[374,-528],[428,38],[58,-82],[-139,-568],[-252,-218],[-456,-640],[141,-199],[-4,-190],[130,-100],[-42,-215],[526,-58],[258,-259],[104,-369],[-99,-372],[66,-369],[-463,-289],[-288,-371],[-743,-16],[-188,-229],[-124,184],[-161,10],[-69,-111],[112,-206],[-449,-224],[-195,30],[-71,193],[-227,157],[-212,-259],[-236,29],[-136,-65],[-88,108],[-150,-12],[-278,185],[-67,-199],[-262,40],[-39,-126],[78,-137],[-176,-10],[-39,-271],[-352,-164],[-53,-279],[-155,-192],[91,-149],[-53,-1005],[83,-301],[-157,-47],[-93,-248],[-441,-245],[-121,149],[-492,-3],[-155,134],[-366,3],[-444,198],[-690,-371],[-320,-332],[-673,-401],[-359,-363],[-105,-248],[19,-309],[-136,-547],[-682,-497],[-27,-286],[-406,-92],[-81,-134],[-106,-22],[-588,64],[-156,-272],[-85,-557],[-250,-245],[-261,84],[-92,-515],[-383,-411],[721,-630],[241,69],[226,355],[464,420],[132,16],[266,-191],[194,-42],[215,317],[159,-31],[56,-171],[107,-52],[452,172],[113,-80],[-78,-191],[889,-118],[249,-142],[192,-246],[795,-42],[148,-256],[636,-99],[307,151],[297,-86],[227,70],[206,-35],[666,183],[448,290],[276,306],[464,225],[923,47],[546,217],[620,34],[538,-462],[257,199],[358,-69],[678,203],[367,-241],[308,149],[370,-107],[339,104],[230,-84],[245,-386],[750,-276],[-893,-477],[-956,-691],[-604,-177],[-332,-430],[-608,-568],[-30,-1117],[-315,-590],[349,-389],[21,-258],[-685,-1025],[-404,-204],[-754,-205],[-549,-406],[-887,-412],[-753,-116],[-278,-201],[-274,-58],[-549,32],[-241,177],[-161,6],[-156,-165],[-63,-283],[-848,-355],[-349,-451],[-564,-131],[-780,2],[-852,-550],[-326,-4],[-160,-391],[-118,-85],[-637,6],[-152,238],[-422,111],[-638,312],[-300,-85],[-217,-238],[-519,33],[-283,-68],[-732,-343],[-469,49],[-358,-429],[-692,29],[-764,-561],[-982,22],[-636,-185],[-376,-228],[-1054,164],[-630,-106],[-268,63],[-301,-144],[-281,213],[-208,23],[-1572,-427],[-217,-165],[-78,-184],[-27,-595],[-249,-210],[-180,-509],[-842,-875],[-37,-250],[163,-151],[27,-616],[-345,-332],[18,-725],[-170,-320],[-184,-161],[-13,-359],[-524,-135],[-293,-214],[-158,-693],[-184,-250],[-24,-344],[-458,-227],[71,-94],[-59,-557],[-310,-441],[144,-261],[-31,-254],[-477,-270],[113,-333],[370,-584],[-94,-129],[-526,-172],[12,-178],[276,-222],[-368,-469],[118,-1139],[-235,-305],[-198,-50],[-212,55],[15,-517],[-318,-800],[-132,-123],[283,-621],[18,-221],[277,-485],[83,-645],[400,-185],[50,-136],[-106,-282],[458,-394],[12,-319],[150,-265],[-30,-184],[75,-209],[-31,-615],[-176,-363],[195,-209],[-514,-270],[-232,-302],[-119,-332],[-577,-68],[-326,-553],[-289,-289],[-370,-92],[-44,-369],[-357,-369],[-470,-253],[-101,-289],[404,-494],[393,-49],[126,-115],[-83,-238],[66,-330],[-132,-376],[-284,-111],[35,-451],[104,-171],[917,-405],[165,-401],[28,-309],[268,-562],[-46,-1075],[80,-996],[-75,-253],[-395,-609],[-5,-258],[179,-272],[922,-715],[241,-387],[324,-166],[-70,-931],[-341,-748],[233,-21],[503,-225],[-44,-361],[-125,-185],[452,-258],[326,-37],[915,308],[784,498],[735,98],[269,324],[405,211],[553,237],[358,7],[485,384],[437,120],[235,295],[593,-140],[750,312],[488,31],[300,243],[313,97],[327,307],[232,29],[260,440],[474,205],[361,-19],[597,106],[320,249],[380,-104],[448,214],[113,-66],[92,-233],[565,-241],[608,86],[625,-167],[662,-17],[365,136],[223,226],[133,-71],[26,-145],[-215,-195],[50,-153],[339,-244],[237,257],[288,-59],[876,-767],[441,-150],[-49,-399],[798,-82],[187,127],[92,271],[126,36],[284,-494],[369,-298],[269,-696],[960,-622],[118,-314],[7,-508],[545,-370],[128,-339],[-81,-371],[286,-251],[-10,-336],[-116,-235],[212,-320],[-247,-215],[126,-139],[-176,-183],[98,-146],[181,-51],[32,-150]],[[1890546,4249947],[-3,-265],[136,-60],[96,-161],[205,-44],[176,-378],[310,-213],[179,21],[657,351],[265,-20],[246,-197],[183,16],[186,-110],[212,-300],[-121,-258],[10,-294],[-121,-113],[95,-259],[570,-126],[681,-742],[291,-83],[544,232],[300,-184],[517,-800],[-63,-321],[86,-272],[-86,-236],[516,-1319],[-21,-247],[248,-253],[1056,-330],[63,-247],[132,90],[83,-162],[144,-72],[3,-239],[370,-371],[-234,-235],[245,-92],[-3,-220],[158,-174],[-5,-175],[224,-137],[-49,-853],[172,-71],[84,-81],[1,-157],[258,-180],[171,-69],[332,30],[201,-415],[130,-38],[191,-431],[513,-559],[587,-49],[86,-103],[72,-466],[192,-442],[169,-151],[331,-699],[307,-267],[149,-543],[126,-88],[48,-281],[163,-213],[423,127],[857,659],[1454,332],[36,-119],[161,-93],[28,-198],[342,-175],[228,-361]],[[1876453,4208570],[-1264,571],[-273,359],[-792,515],[-735,92],[-401,172],[-883,-3],[-535,340],[-1553,545],[-286,191],[-392,93],[-226,171],[-275,351],[-196,56],[-594,514],[-242,1045],[44,2688],[-272,251],[-28,-271],[-149,-69],[-515,-6],[-70,-73],[-129,154],[-100,-63],[-115,40],[-15,248],[162,84],[21,171],[-423,562],[-96,-85],[-365,344],[-226,4],[5,-184],[-401,43],[-378,117],[-137,204],[-309,203],[-465,-161],[-152,29],[-39,-111],[-192,-101],[-282,95],[-294,-165],[-45,-103],[-100,34],[-445,-158],[-77,-242],[123,-192],[-234,-316],[28,-276],[-303,-440],[-148,-42],[-191,560],[-548,531],[-501,288],[-642,830],[84,282],[1012,837],[225,370],[-355,-23],[-573,188],[-115,-101],[-783,158],[-47,132],[-160,32]]]}
