{"type":"Topology","bbox":[-75.92251144189653,4.799699591896347,-74.6274555631361,5.779183011902676],"transform":{"scale":[0.000003385120954067422,0.0000034456095261769775],"translate":[-81.73562055563167,-4.229406466336059]},"objects":{"MGN_ADM_MPIO_GRAFICO":{"type":"GeometryCollection","geometries":[{"type":"Polygon","arcs":[[52,53,54,55,56,57,30]],"bbox":[-75.67807185780332,4.982247984593203,-75.32786078437933,5.166277989386316],"properties":{"dpto_ccdgo":"17","mpio_ccdgo":"001","mpio_cdpmp":"17001","dpto_cnmbr":"CALDAS","mpio_cnmbr":"MANIZALES"}},{"type":"Polygon","arcs":[[-10,-9,-8,58,59,-13,-12,-11]],"bbox":[-75.60015314368259,5.419692233208053,-75.31073884259365,5.73747735419783],"properties":{"dpto_ccdgo":"17","mpio_ccdgo":"013","mpio_cdpmp":"17013","dpto_cnmbr":"CALDAS","mpio_cnmbr":"AGUADAS"}},{"type":"Polygon","arcs":[[46,60,-56,61,62,63,44,45]],"bbox":[-75.83820500453548,5.11230596176828,-75.66206362081154,5.284817293915383],"properties":{"dpto_ccdgo":"17","mpio_ccdgo":"042","mpio_cdpmp":"17042","dpto_cnmbr":"CALDAS","mpio_cnmbr":"ANSERMA"}},{"type":"Polygon","arcs":[[64,65,66,67]],"bbox":[-75.55737537018604,5.211443039055444,-75.37219571351474,5.3473654436440725],"properties":{"dpto_ccdgo":"17","mpio_ccdgo":"050","mpio_cdpmp":"17050","dpto_cnmbr":"CALDAS","mpio_cnmbr":"ARANZAZU"}},{"type":"Polygon","arcs":[[68,69,38,39,40,70,71]],"bbox":[-75.86718502502325,4.919437968540523,-75.74332006419297,5.068942965881343],"properties":{"dpto_ccdgo":"17","mpio_ccdgo":"088","mpio_cdpmp":"17088","dpto_cnmbr":"CALDAS","mpio_cnmbr":"BELALCÁZAR"}},{"type":"Polygon","arcs":[[-54,72,36,37,-70,73,74]],"bbox":[-75.74681350901757,4.926194808821355,-75.57228005774681,5.077529424820575],"properties":{"dpto_ccdgo":"17","mpio_ccdgo":"174","mpio_cdpmp":"17174","dpto_cnmbr":"CALDAS","mpio_cnmbr":"CHINCHINÁ"}},{"type":"Polygon","arcs":[[-66,75,48,76,77,78]],"bbox":[-75.66684679671962,5.203342411059401,-75.51772544845105,5.376287890006802],"properties":{"dpto_ccdgo":"17","mpio_ccdgo":"272","mpio_cdpmp":"17272","dpto_cnmbr":"CALDAS","mpio_cnmbr":"FILADELFIA"}},{"type":"Polygon","arcs":[[-20,20,21,22,79,80,-1]],"bbox":[-74.81482877818563,5.281692126075139,-74.6274555631361,5.779183011902676],"properties":{"dpto_ccdgo":"17","mpio_ccdgo":"380","mpio_cdpmp":"17380","dpto_cnmbr":"CALDAS","mpio_cnmbr":"LA DORADA"}},{"type":"Polygon","arcs":[[81,82,83,84,-67,-79]],"bbox":[-75.60759363953963,5.327666893982919,-75.51111430722776,5.457201138510017],"properties":{"dpto_ccdgo":"17","mpio_ccdgo":"388","mpio_cdpmp":"17388","dpto_cnmbr":"CALDAS","mpio_cnmbr":"LA MERCED"}},{"type":"Polygon","arcs":[[85,27,28,86,87]],"bbox":[-75.24304657887517,5.155851574960105,-75.05983706259912,5.309797962980165],"properties":{"dpto_ccdgo":"17","mpio_ccdgo":"433","mpio_cdpmp":"17433","dpto_cnmbr":"CALDAS","mpio_cnmbr":"MANZANARES"}},{"type":"Polygon","arcs":[[88,-83,89,-15]],"bbox":[-75.64082198682476,5.445613553673484,-75.57553654410462,5.532308534961622],"properties":{"dpto_ccdgo":"17","mpio_ccdgo":"442","mpio_cdpmp":"17442","dpto_cnmbr":"CALDAS","mpio_cnmbr":"MARMATO"}},{"type":"Polygon","arcs":[[90,25,26,-86,91,92]],"bbox":[-75.13031866598376,5.268030284303848,-74.96253853101636,5.347265520967813],"properties":{"dpto_ccdgo":"17","mpio_ccdgo":"444","mpio_cdpmp":"17444","dpto_cnmbr":"CALDAS","mpio_cnmbr":"MARQUETALIA"}},{"type":"Polygon","arcs":[[-87,29,-58,93,94,95]],"bbox":[-75.37219571351474,5.044975306017255,-75.16715555220593,5.377442169198071],"properties":{"dpto_ccdgo":"17","mpio_ccdgo":"446","mpio_cdpmp":"17446","dpto_cnmbr":"CALDAS","mpio_cnmbr":"MARULANDA"}},{"type":"Polygon","arcs":[[-61,47,-76,-65,-94,-57]],"bbox":[-75.70561997212752,5.107816332555672,-75.3180743997011,5.275789796956799],"properties":{"dpto_ccdgo":"17","mpio_ccdgo":"486","mpio_cdpmp":"17486","dpto_cnmbr":"CALDAS","mpio_cnmbr":"NEIRA"}},{"type":"Polygon","arcs":[[-81,96,97,-3,-2]],"bbox":[-74.97214211916305,5.528780230806817,-74.738893744944,5.747710814490576],"properties":{"dpto_ccdgo":"17","mpio_ccdgo":"495","mpio_cdpmp":"17495","dpto_cnmbr":"CALDAS","mpio_cnmbr":"NORCASIA"}},{"type":"Polygon","arcs":[[98,-84,-89,-14,-60]],"bbox":[-75.58228986040798,5.419692233208053,-75.3706961049321,5.583045135234578],"properties":{"dpto_ccdgo":"17","mpio_ccdgo":"513","mpio_cdpmp":"17513","dpto_cnmbr":"CALDAS","mpio_cnmbr":"PÁCORA"}},{"type":"Polygon","arcs":[[-75,99,-62,-55]],"bbox":[-75.71249176766428,4.990265917960617,-75.59662923276942,5.141531621769312],"properties":{"dpto_ccdgo":"17","mpio_ccdgo":"524","mpio_cdpmp":"17524","dpto_cnmbr":"CALDAS","mpio_cnmbr":"PALESTINA"}},{"type":"Polygon","arcs":[[-92,-88,-96,100,-7,-6,101]],"bbox":[-75.31670681083567,5.265625248854576,-75.03447573641125,5.542393834044741],"properties":{"dpto_ccdgo":"17","mpio_ccdgo":"541","mpio_cdpmp":"17541","dpto_cnmbr":"CALDAS","mpio_cnmbr":"PENSILVANIA"}},{"type":"Polygon","arcs":[[-17,102,-77,49,50,51,-19,-18]],"bbox":[-75.86817009522088,5.304312552614492,-75.60980073840169,5.564097728450131],"properties":{"dpto_ccdgo":"17","mpio_ccdgo":"614","mpio_cdpmp":"17614","dpto_cnmbr":"CALDAS","mpio_cnmbr":"RIOSUCIO"}},{"type":"Polygon","arcs":[[103,-63,-100,-74,-69,104]],"bbox":[-75.84415943229368,5.051056806830957,-75.69652753724489,5.1761324326311815],"properties":{"dpto_ccdgo":"17","mpio_ccdgo":"616","mpio_cdpmp":"17616","dpto_cnmbr":"CALDAS","mpio_cnmbr":"RISARALDA"}},{"type":"Polygon","arcs":[[-59,-101,-95,-68,-85,-99]],"bbox":[-75.53247780556887,5.221769530805396,-75.28066881315867,5.466835062745208],"properties":{"dpto_ccdgo":"17","mpio_ccdgo":"653","mpio_cdpmp":"17653","dpto_cnmbr":"CALDAS","mpio_cnmbr":"SALAMINA"}},{"type":"Polygon","arcs":[[105,-93,-102,-5,-4,-98]],"bbox":[-75.13349390943867,5.323721671075447,-74.86087657852381,5.745329898307988],"properties":{"dpto_ccdgo":"17","mpio_ccdgo":"662","mpio_cdpmp":"17662","dpto_cnmbr":"CALDAS","mpio_cnmbr":"SAMANÁ"}},{"type":"Polygon","arcs":[[-72,106,-105]],"bbox":[-75.86007288589876,5.004234418979738,-75.76028290529379,5.126064280606304],"properties":{"dpto_ccdgo":"17","mpio_ccdgo":"665","mpio_cdpmp":"17665","dpto_cnmbr":"CALDAS","mpio_cnmbr":"SAN JOSÉ"}},{"type":"Polygon","arcs":[[-90,-82,-78,-103,-16]],"bbox":[-75.70638162434219,5.37506469862501,-75.58479146479304,5.537538970222359],"properties":{"dpto_ccdgo":"17","mpio_ccdgo":"777","mpio_cdpmp":"17777","dpto_cnmbr":"CALDAS","mpio_cnmbr":"SUPÍA"}},{"type":"Polygon","arcs":[[-80,23,24,-91,-106,-97]],"bbox":[-74.97556109132665,5.294881919341345,-74.70067572937256,5.606382248555375],"properties":{"dpto_ccdgo":"17","mpio_ccdgo":"867","mpio_cdpmp":"17867","dpto_cnmbr":"CALDAS","mpio_cnmbr":"VICTORIA"}},{"type":"Polygon","arcs":[[31,32,33,34,35,-73,-53]],"bbox":[-75.58949678291918,4.799699591896347,-75.31786452220196,5.052266215774646],"properties":{"dpto_ccdgo":"17","mpio_ccdgo":"873","mpio_cdpmp":"17873","dpto_cnmbr":"CALDAS","mpio_cnmbr":"VILLAMARÍA"}},{"type":"Polygon","arcs":[[-64,-104,-107,-71,41,42,43]],"bbox":[-75.92251144189653,4.9417103885177305,-75.81128652270873,5.132759099915667],"properties":{"dpto_ccdgo":"17","mpio_ccdgo":"877","mpio_cdpmp":"17877","dpto_cnmbr":"CALDAS","mpio_cnmbr":"VITERBO"}}]}},"arcs":[[[2088747,2901647],[-437,-121],[-791,0],[-325,78],[-390,895],[-208,287],[-810,481],[-883,1110],[-394,293],[-371,61],[-1366,-66],[-264,-78],[-765,-392],[-1609,-1442],[-1214,-342],[-1085,-127],[-1406,-34],[-591,177],[-677,501],[-539,-62],[-342,-162],[-91,-247],[-17,-1036],[566,-2706],[-173,-762],[-283,-406],[-295,0],[-148,46],[-649,733],[-346,253],[-460,-100],[-350,-522],[30,-1284],[-249,-659],[-1219,-1094],[-215,-456],[-131,-1462],[474,-1333],[239,-1129],[34,-1454],[-102,-501],[-438,-638],[-966,-879],[-805,-907],[-34,-154],[198,-389],[654,-344],[240,-211],[55,-771],[-101,-659],[-333,-410],[-224,-70],[-725,617],[-764,91],[-459,-70],[-764,-676],[-80,-298],[101,-352],[363,-282],[72,-157],[-47,-473]],[[2066838,2881553],[-408,-16],[-916,-204],[-1667,-159],[-1052,-456],[-273,132],[-389,370],[-523,174],[-812,-86],[-433,-191],[-520,-41],[-512,583],[-247,41],[-383,-262],[-219,-655],[-368,-328],[-270,-487],[-3,-558],[-172,-367],[-410,-243],[-262,-28],[-194,0],[-1181,470],[-615,439],[-498,608],[-427,251],[-454,100],[-1912,-31],[-667,487],[-1221,1236],[-190,98],[-461,-71],[-809,-551],[-753,-406],[-338,-91],[-299,264],[-255,629],[-440,504],[-266,443],[-185,936],[-252,359],[-530,98],[-1617,-382],[-568,27],[-857,368],[-899,697],[-516,105],[-324,189],[-430,832],[-1008,1092],[-28,284],[224,511],[-24,774],[-169,541],[-265,366],[-454,169],[-179,189],[106,903],[-93,294],[-354,521],[-623,406],[-148,382],[-110,98],[-289,61],[-992,-61],[-588,554],[-1064,366],[-717,540],[-503,263],[-2946,824],[-1610,-35],[-824,181],[-455,-146],[-1104,-91],[-449,-270]],[[2025175,2895096],[-161,-184]],[[2025014,2894912],[-839,-1088],[-763,-680],[-247,-101],[-680,52],[-251,142],[-767,-207],[-704,61],[-457,-155],[-392,1],[-701,-586],[-172,-58],[-1195,-146],[-1306,-17],[-830,-228],[-200,28],[-214,169],[-271,36],[-795,-462],[-300,-85],[-798,-61],[-1005,101],[-395,-19],[-270,-113],[-867,146],[-610,-159],[-746,-533],[-416,-488],[-752,-577],[-404,-454],[-323,-190],[-297,-68],[-834,161],[-514,-153],[-661,-441],[-508,-533],[-441,-182],[-120,-445],[-575,-103],[-2030,-112],[-936,-258],[-757,-375],[-386,-75],[-811,-521],[-371,-4],[-1177,207],[-933,401],[-791,132],[-743,-72],[-772,-360],[-463,-57],[-215,-103],[-360,82],[-898,-156],[-140,-224],[-6,-463],[110,-334],[597,-1025],[-37,-644],[-171,-211],[-300,-137],[-937,-187],[-828,-474],[-329,-273],[-367,-1047],[35,-949],[-87,-357],[-1053,-1949],[-124,-132],[-280,-62],[-214,-164],[-296,-805],[-198,-227],[-1250,-581],[-792,-529],[-661,-138],[-1499,-112],[-1244,-492],[-335,-293],[-471,-919],[-361,-367],[-511,-242],[-2314,-701],[-1272,-1270],[-802,-497],[-187,10],[-579,250],[-167,204],[-314,707],[-421,261],[-800,-101],[-1175,167],[-584,-344],[-505,317],[-191,11],[-754,-264],[-308,-667],[-371,-161]],[[1969258,2870791],[-442,-336],[-405,-579],[-335,-273],[-1005,-428],[-217,116],[-218,383],[-863,418],[-685,106],[-678,237],[-227,-5],[-290,-162],[-500,-545],[-513,-812],[-774,-108],[-38,-982],[-83,-125],[-621,-375],[3,-1052],[-235,-540],[-615,-551],[-38,-274],[96,-177],[324,-193],[122,-191],[-122,-443],[16,-359],[526,-286],[-83,-857],[159,-172],[610,-344],[587,-1125],[44,-546],[-320,-458],[87,-523],[269,-955],[662,-1033],[21,-148],[-340,-581],[-131,-482],[-157,-172],[-1169,-399],[-320,-237],[-3,-178],[334,-389],[37,-151],[-290,-779],[71,-156],[127,-22],[462,323],[270,26],[664,-210],[304,-213],[177,-419],[-24,-400],[471,-437],[-169,-474],[-47,-454],[-184,-188],[-426,2],[-98,-84],[-117,-474],[-322,-456],[54,-736],[159,-703],[-323,-473],[-657,-476],[-181,-468],[-177,-61],[-363,124],[-599,-497],[-423,21],[-250,-637],[-591,-894],[-183,-54],[-482,141],[-177,-99],[-28,-781],[-149,-6],[-594,486],[-598,-331],[-519,-159],[-173,-348],[78,-871],[-318,-467],[-1286,32],[-168,-82],[-286,-315],[-21,-352],[124,-442],[-379,-667],[-544,-360],[-954,-253],[-368,-583],[-406,-247],[-399,-370],[-145,-425],[-251,-278],[-80,-716],[-455,-467],[-140,-1167],[69,-150],[204,-126],[48,-261]],[[1950666,2835572],[233,-699],[-72,-461],[-772,-570],[-110,-433],[67,-14],[-43,-310],[-354,-960],[-548,-537],[-498,-3],[-664,391],[-303,0],[-580,152],[-324,-76],[-555,422],[-414,-40],[-297,64],[-831,-229],[-622,104],[-722,-293],[-598,-381],[-209,31],[-69,95],[-1670,-58],[-804,-456],[-2070,-478],[-223,16],[-300,-276],[-274,-110],[-857,59],[-502,-369],[-689,-351],[-261,-275],[-443,-96],[-421,-222],[-1775,92],[-392,-68],[-850,-366],[-690,-506],[-384,-1102],[-834,-1040],[-53,-272],[-647,-448],[-361,-156],[-620,374],[-239,29],[-461,-204],[-557,-472],[-242,-48],[-364,61],[-831,-520],[-230,-383],[77,-77],[-116,-145],[-64,-575],[-682,-256],[-272,-192],[-568,-870],[-133,-338],[-837,-889],[-137,-446],[-511,-908],[-211,-620],[-146,-856],[-385,-310],[-278,-96],[-231,-224],[-70,-171],[25,-415],[-303,-447],[-284,-243],[-129,-524],[-258,-411],[-371,-920],[-453,-501],[-270,-586],[-195,-35],[-181,-196],[-803,-344],[-619,-390],[-159,-178],[-208,-456],[-30,-558],[-892,-1010],[-183,-517],[107,-510],[-36,-138],[-538,-721],[-343,-669],[-395,-297],[-227,-548],[-121,-19],[-182,104],[-224,-51],[151,-333],[-6,-293],[-297,-551],[-338,-411],[-160,-379],[-572,-626],[-1234,-1981],[-245,-211],[-436,-613],[-712,-624],[-392,-530],[-792,42],[-211,101],[23,426],[-557,1072],[-30,569],[79,587],[369,1554],[167,1182],[-369,570],[-923,820],[-396,821],[6,845],[-400,597],[225,1624],[-62,277],[-303,193],[-85,182],[12,376],[1029,2016],[67,708],[264,1033],[-16,846],[-62,140]],[[1906295,2816656],[-1215,-802],[-295,-311],[-169,-28],[-246,180],[-400,532],[-239,110],[-759,-83],[-471,138],[-194,-34],[-233,-135],[-1211,-1273],[-936,-1230],[-481,381],[-485,145],[-805,-427],[-1012,-339],[-346,-585],[-418,-385],[-52,-650]],[[1896328,2811860],[-123,512],[-328,592],[159,263],[-4,183],[-373,772],[141,561],[280,150],[138,239],[-107,270],[16,170],[792,962],[-41,321],[-319,109],[257,841],[-246,304],[114,254],[179,-165],[180,24],[178,426],[-374,348],[-149,345],[-163,-8],[-230,-159],[-187,25],[-104,586],[85,95],[290,39],[130,173],[-35,494],[115,532],[-177,378],[34,614],[74,388],[215,308],[-16,731],[204,203],[-162,425],[4,255],[488,549],[85,556],[397,125],[232,172],[-25,404],[-183,370],[-861,331],[-10,384],[-211,669],[14,508],[-162,204],[-1110,259],[-619,-135],[-148,45],[-63,552],[-450,183],[-10,187],[-327,621],[-390,-17],[-485,197],[-310,259],[-24,248],[299,722],[-7,256],[-714,852],[-81,301],[334,469],[-32,446],[67,173],[-158,259],[63,310],[67,107],[629,266],[123,584],[-313,235],[-541,48],[-845,414],[-49,195],[112,356],[-8,338],[-300,408],[-101,408],[289,715],[493,37],[296,106],[442,441],[190,75],[148,497],[-66,383],[-213,365],[-42,344],[-417,706],[-878,597],[-132,259],[-515,464],[-962,398],[7,122],[185,236],[-270,261],[-132,253],[107,661],[-230,588],[34,914],[-55,271],[-405,717],[51,296],[-122,94],[-104,273],[-626,176],[-609,506],[164,410],[-82,157],[29,141],[438,220],[191,370],[-79,641],[309,332],[506,105],[163,116],[87,316],[-56,425],[84,359],[-130,442],[35,580],[-467,221],[-95,162],[35,225],[-179,93],[-317,-407],[-209,-144],[-1186,-202],[-1019,-417],[-260,72],[-496,414],[-344,-79],[-373,59],[-161,-232],[-559,-7],[-331,159],[-270,-221],[-222,52],[-281,-245],[-151,3],[-179,163],[-345,-87],[-625,428],[-144,380],[-429,463],[-81,411],[-267,425],[-330,72],[-271,-100],[-323,17],[-398,442],[-397,166],[-660,932],[-166,932],[-527,398],[-506,531],[-140,290],[-141,422],[14,1170],[123,180],[597,348],[619,101],[165,421],[411,459],[545,100],[204,162],[299,76],[400,625],[116,501],[348,428],[566,346],[81,272],[-183,456],[-77,549],[46,497],[-158,508],[520,2072],[-415,687],[10,376],[-247,755],[-950,903],[-116,491],[-357,383],[-174,745],[-34,597],[-174,365],[-201,295],[-788,252],[-386,345],[-405,-183],[-576,221],[-959,-83],[-580,63],[-281,165],[-183,-90],[-404,-24],[-1181,259],[-364,240],[-407,649],[-324,132],[-351,269],[-513,21],[-647,-201],[-436,7],[-632,1112],[-120,608],[-436,1084],[-611,986],[-551,155],[-276,326],[-214,116],[-612,-94],[-546,265],[-197,17],[-298,-67],[-343,-215],[-213,6]],[[1864601,2880607],[-530,-71],[-477,192],[-411,50],[-431,-117],[-278,-247],[-202,-420],[-695,-600],[-237,-61],[-646,72],[-405,-50],[-647,-838],[-11,-521],[-208,-292],[-309,-94],[-295,171],[-341,-11],[-112,-105],[-146,-437],[-225,-44],[-231,78],[-504,-131],[-170,72],[-368,-12],[-420,-139],[-844,-464],[-666,-729],[-422,-824],[-392,-203],[-223,-215],[-169,-730],[-321,-311],[-1644,-1181],[-882,-136],[-798,135],[-724,-400],[-300,-419],[-398,-184],[-121,35],[-362,559],[-426,253],[-323,447],[-1052,340],[-220,352],[-299,1123],[-291,580],[-169,150],[-1405,682],[-1916,691],[-778,814],[-553,-37],[-282,-298],[-160,-535],[201,-489],[-521,59],[-522,230],[-613,888],[-844,651],[-1269,1151],[-165,920],[-239,383],[-199,60],[-201,-42],[-339,-293],[-630,-321],[-454,387],[-418,0],[-291,-90],[-386,-326],[-107,-441],[-481,-560],[-320,-15],[-781,438],[-161,265],[260,732],[-104,338],[-265,194],[-552,174],[-591,746],[-181,1073],[-190,286],[-312,211],[-468,1177],[25,299],[300,225],[276,466],[379,-85],[71,107],[-50,427],[-592,1619],[-173,190],[-202,75],[-658,4],[-873,149],[-333,390],[-431,339],[-801,340],[-413,-33]],[[1825544,2888845],[-867,-92],[-497,187],[-397,29],[-902,-522],[-144,-9],[-811,480],[-251,64]],[[1821675,2888982],[-586,-513],[-274,-55],[-190,48],[-485,401],[-400,545],[-197,97],[-640,829],[-372,166],[-907,151],[-190,97],[-323,256],[-506,649],[-225,179],[-520,159],[-786,76],[-495,231],[-334,7],[-1258,321],[-243,-41],[-109,-2303],[-154,-639],[310,-841],[-216,-1262],[2,-624],[35,-231],[203,-389],[583,-298],[-31,-47],[337,-353],[137,-259],[21,-311],[-675,-1481],[-189,-922],[-64,-819],[-333,-1005],[9,-917],[229,-1898],[320,-813],[-88,-335],[-397,-538]],[[1812674,2876300],[-29,-84],[160,-331],[557,-477],[1370,-617],[608,-406],[502,-224],[1358,-203],[708,-186],[776,-423],[1164,-120],[418,-381],[337,-812],[89,-522],[-118,-382],[-194,-339],[-747,-692],[-620,-473],[-472,-248],[-679,-79],[-743,-435],[0,-216],[173,-165],[-38,-216],[-240,-240],[-709,-327],[-721,-2089],[-33,-729],[480,-1268],[17,-249],[93,-95],[371,-41],[148,-166],[236,-651],[299,-488],[102,-846],[350,-812],[4,-286],[-457,-1084],[-41,-644],[182,-621],[261,-352],[308,-1119],[396,-642],[127,-618],[-38,-532]],[[1818389,2854370],[-127,-416],[-194,-146],[-63,-381],[228,-1715],[29,-1123],[51,-191],[325,-331],[136,-997],[211,-410],[426,-439],[127,-249],[67,-497],[-324,-534],[603,-1538],[-587,-2846],[258,-1757],[-72,-903],[110,-1749],[704,-1197],[342,-348],[370,-172]],[[1821009,2836431],[304,-413],[334,-717],[-26,-630],[-238,-863],[150,-1157],[96,-1597],[-35,-725],[-88,-215],[-421,-432],[-1108,-622],[-1019,-794]],[[1818958,2828266],[-175,147],[-90,334],[-490,260],[-555,157],[-260,30],[-360,-167],[-1607,-69],[-260,194],[-28,234],[-216,51],[-224,-30],[-249,-273],[-432,-24],[-289,-190],[-144,45],[-319,570],[-977,187],[-303,182],[-295,532],[-292,228],[-453,552],[-1026,159],[-303,332],[-703,141],[-298,594],[-575,208],[-420,438],[-425,-128],[-457,-469],[-471,-180],[-376,-521],[-1438,-570],[-365,117],[-1311,31],[-169,-107],[-130,100],[-267,-6],[-126,93],[-257,514],[-538,159],[-453,307],[-285,42]],[[1800547,2832470],[-459,177],[-237,-44],[-114,78],[-1559,-18],[-342,-79],[-92,-128],[-308,-37],[-139,99],[-528,-207],[-147,-170],[-47,-410],[-122,-79],[-38,-141],[-380,-344],[-316,-112],[-759,199],[-236,-20],[-257,501],[-258,33],[-219,162],[-312,-286],[-194,-29],[-106,157],[-185,33],[-152,133],[-304,-4],[-451,207],[-578,124],[-518,-99],[-171,-208],[-399,6],[-605,-298],[-30,-169],[-195,-55],[-28,-133],[-275,69],[-217,-105],[-295,-334],[-441,-199],[-51,-193],[-464,-188],[-84,-243],[-366,-445],[-720,-370],[-410,-30],[-337,74],[-110,274],[-329,319],[-118,617],[-375,468],[21,373],[-72,116],[-767,270],[-839,671],[-439,33],[-257,145],[-211,381],[-97,663],[-279,203],[-506,728]],[[1781724,2834606],[-5,319],[-153,187],[-998,123],[-135,210],[-116,994],[-673,443],[-395,-37],[-227,502],[-275,273]],[[1778747,2837620],[-975,766],[-421,225],[-475,0],[-211,621],[-405,469],[-563,194],[-562,442],[-804,1237],[-287,740]],[[1774044,2842314],[-79,-210],[-607,-342],[-1035,-1111],[-506,-232],[-1051,-701],[-754,-691],[-253,-143],[-2182,-183],[-703,133],[-1451,-459],[-1079,-569],[-489,-72],[-135,-101],[-123,-449],[-18,-802],[-123,-277],[-659,-388],[-931,-1183],[-387,-77],[-272,69],[-721,604],[-307,147],[-1002,-52],[-747,293],[-395,-34],[-360,-173],[-115,-241],[-703,-510],[-1133,-1726],[-650,-397],[-299,-302],[-844,-1166],[-1335,-639],[-641,-604],[-361,-898],[-70,-682],[-105,-258],[-466,-251],[-765,-95],[-641,26],[-782,-147],[-343,-198],[-439,-1019],[-1335,-1787],[-798,-1912],[-748,-671],[-470,-788],[-787,-574],[-560,48],[-1777,598],[-2086,215],[-803,191],[-633,319],[-414,343],[-552,1698],[-365,646],[-804,702],[-448,278],[-198,39],[-158,0],[-371,-240],[-552,-1055],[-90,-792],[-156,-260],[-210,-169],[0,-1047],[-187,-436],[-132,-671]],[[2089909,2896958],[-468,1539],[-300,1657],[-394,1493]],[[2089909,2896958],[246,-995],[535,-1043],[119,-449],[77,-939],[-28,-338],[-407,-718],[-225,-622],[77,-787],[387,-1367],[203,-1174],[99,-277],[400,-594],[696,-877],[239,-980],[141,-1071],[119,-207],[429,-324],[366,-35],[2052,207],[1340,52],[566,-80],[636,-247],[661,-617],[477,-748],[712,-2122],[-404,-2157],[37,-1434],[186,-927],[-30,-660],[-626,-1142],[-380,-946],[-394,-1312],[-629,-1069],[-125,-340],[-355,-1673],[-112,-1332],[73,-526],[515,-1581],[384,-552],[1171,-1297],[299,-512],[99,-601],[-21,-601],[-324,-697],[-611,-497],[-1231,-832],[-939,-112],[-410,-138],[-469,-277],[-479,-504],[-286,-510],[-233,-1126],[-54,-870],[251,-2303],[-65,-846],[-212,-626],[-1041,-2031],[-71,-404],[177,-1092],[-22,-759],[-331,-1062],[-764,-1435],[-135,-426],[313,-1711],[105,-1070],[460,-941],[640,-886],[671,-1508],[840,-931],[384,-244],[155,-292],[99,-1603],[-111,-827],[-1226,-1974],[-470,-596],[-655,-749],[-1090,-992],[-1090,-637],[-896,-342],[-1144,-249],[-1170,-79],[-829,-270],[-422,-230],[-495,-402],[-280,-361],[-147,-540],[38,-715],[198,-791],[1080,-2020],[252,-785],[158,-1735],[635,-2367],[247,-666],[121,-2287],[205,-1016],[338,-918],[188,-922],[17,-945],[163,-961],[531,-2274],[265,-585],[306,-243],[1296,-578],[1355,-258],[81,-270],[-22,-478],[-159,-181]],[[2093200,2806968],[-347,-402],[-402,-188],[-627,-99],[-1266,218],[-1382,565],[-1069,237],[-714,-116],[-450,-221],[-1348,-919],[-228,-301],[-207,-556],[-27,-850],[95,-369],[218,-315],[625,-577],[1013,-1134],[593,-843],[239,-501],[555,-2321],[24,-866],[-260,-1005],[-230,-305],[-1168,-418],[-790,-126],[-2202,51],[-285,-62],[-274,-176],[-412,-612],[-115,-383],[73,-849],[327,-995],[390,-1699],[1023,-1502],[337,-786],[32,-291],[-200,-746],[-390,-652],[-338,-477],[-1212,-1212],[-1086,-777],[-1023,-248],[-643,10],[-907,404],[-1906,2210],[-109,40],[-231,-95],[-453,-446],[-135,-577],[136,-602],[211,-416],[787,-1099],[539,-1179],[106,-465],[-10,-824],[-260,-598],[-1501,-1633],[-463,-673],[-159,-404],[-274,-1264],[-42,-767],[-539,-3072],[-275,-717],[-511,-1950],[-140,-241],[-440,-311],[-1573,-915],[-1115,-760],[-431,-354],[-720,-889],[-976,-1916],[-123,-397],[-265,-2386]],[[2068270,2761854],[-267,21],[-334,186],[-197,14],[-488,-159],[-770,-476],[-418,79],[-135,111],[-9,211],[314,567],[100,410],[-117,213],[-280,52],[-327,-140],[-512,-454],[-360,-184],[-260,-653],[-747,-155],[-265,-545],[-892,-595],[-149,255],[58,567],[-223,302],[-365,185],[-1021,-2],[-93,310],[160,368],[342,144],[12,200],[-96,125],[-1182,122],[-250,-127],[-74,-215],[-403,-394],[-240,50],[-613,942],[-571,671],[-703,1124],[-495,439],[-329,58],[-683,-339],[-639,-198],[-221,385],[-482,285],[-677,-777],[-822,501],[-341,34],[-374,-122]],[[2051832,2765250],[-372,-140],[-251,15],[-244,156],[-166,266],[-826,212],[-159,193],[-239,725],[-224,311],[-402,-55],[-748,-429],[-693,-38],[-395,127],[-626,460],[-1244,395],[-302,220],[-811,1112],[-613,330],[-243,231],[-304,554],[-819,1031],[-325,174],[-850,178],[-508,-19],[-279,-563],[-441,-182],[-216,9],[-926,388],[-139,-98],[-177,-397],[-217,-78],[-402,2],[-416,368],[-231,7],[-284,-145],[-329,-532],[-696,17],[-451,-295],[-264,53],[-88,442],[-263,253],[-259,-113],[-327,-390],[-423,-304],[-297,40],[-447,295],[-270,-336],[-208,-703],[-606,-544],[-311,-399],[-559,-274],[-188,-297]],[[2030754,2767483],[-239,-295],[-260,31],[-528,243],[-1297,-459],[-23,-218],[356,-324],[45,-193],[-200,-188],[-537,-149],[-66,-132],[7,-670],[-124,-469],[-303,-398],[-481,-77],[-604,205],[-253,421],[-167,92],[-1278,105],[-988,-88],[-292,48],[-290,180],[-407,101],[-216,501],[-161,103],[-207,-51],[-260,-207],[-152,-350],[-410,-178],[-520,387],[-822,-135],[-263,31],[-533,431],[-438,566],[-508,237],[-518,610],[-349,283],[-392,166],[-452,497],[-190,82],[-530,-56],[-443,382],[-321,139],[-204,6],[-332,-133],[-194,-328],[-467,134],[-231,230],[-640,-406],[-525,158],[-497,26],[-493,241],[-400,25],[-139,99],[-78,210],[-747,453],[-1560,-145],[-740,94],[-207,98],[-994,-784],[-92,-240],[-750,-785],[-447,-153],[-661,310],[-161,-28],[-1017,-936],[-174,-461],[-277,-286],[-1036,-4],[-863,316],[-773,-282],[-298,67],[-529,-42],[-272,-319]],[[1999342,2765822],[-162,-550],[-406,-588],[-811,-366],[-522,-32],[-310,93],[-643,-190],[-545,34],[-305,-405],[5,-312],[-568,-90],[-168,-148],[-472,-100],[-493,-488],[-9,-215],[-159,-91],[-333,-8],[-525,380],[-119,-13],[-180,-184],[-184,-5],[-624,356],[-329,-244],[-414,-15],[-525,178],[-679,387],[-286,16]],[[1989576,2763222],[-602,-115],[-270,247],[-263,57],[-1119,-148],[-385,437],[-165,42],[-384,-211],[-208,-18],[-62,-400],[-449,-327],[-543,-258],[-328,125],[-381,-128],[-195,-291],[-190,-64],[-208,-21],[-207,203],[-103,-1],[-498,-367],[-25,-225],[-70,-48],[-393,92],[-125,331],[-124,118],[-790,177],[-116,-148],[30,-509],[-462,-295],[-153,-284],[10,-215],[253,-274],[26,-142],[-306,-241],[-25,-386],[-108,-274],[-411,-341],[-373,-145],[-336,40],[-105,-223],[-466,-160],[-787,3],[-320,285],[-305,-287],[-309,-55],[-965,305],[-558,-334],[-645,-194],[-631,170],[-990,-347],[-377,194],[-335,-929],[-306,-140],[-323,-419]],[[1972096,2757084],[-350,-884],[-153,-162],[139,-325],[-551,-391],[35,-209],[187,-253],[-21,-216],[-97,-140],[-349,-193],[198,-503],[507,-679],[-212,-438],[-428,-246],[255,-548],[-19,-104],[-488,-460],[-618,-890],[-137,-41],[-683,159],[-220,160],[-282,-38],[-191,-209],[-29,-512],[-205,-402],[-776,-119],[-43,-425],[-543,-688],[95,-434],[-46,-214],[-867,-907],[-229,-1004],[-548,-470],[-495,-666],[-341,-296],[121,-692],[-48,-224],[-219,-136],[-404,38],[-1104,-574],[-53,-745],[-142,-311],[-39,-414],[-217,-155],[-468,-12],[-356,-132],[-321,-636],[-595,-452],[-122,-536],[-492,-826],[-188,-477],[-421,-355],[-219,-327],[-189,-1032],[-483,-140],[-52,-291],[151,-544],[-39,-238],[-87,-147],[-411,-289],[-132,-343],[362,-896],[-20,-1021],[-364,-233],[-550,68],[-267,-441],[-919,-482],[-188,-397],[368,-233],[45,-148],[-386,-763],[-497,-551],[104,-486],[-191,-496],[133,-223],[223,-141],[-288,-353],[-101,-760],[319,-143],[423,192],[145,-52],[224,-461],[-254,-466],[-183,-93],[-405,50],[-338,-607],[-978,-312],[-1506,370],[-802,-808],[-564,-272],[-261,-332],[-126,-25],[-613,263],[-648,493],[-751,-189],[-777,119],[-340,311],[-277,131],[-171,392],[-68,467],[-424,460],[-1446,146]],[[1945705,2726425],[-177,116],[-96,519],[-492,380],[-290,339],[-315,29],[-349,551],[-116,-18],[-159,-228],[-187,-57],[-667,201],[-118,-224],[-655,-365],[-617,199],[-671,-620],[-207,58],[-196,466]],[[1940393,2727771],[-775,94],[-532,352],[-563,-315],[-350,-841],[-925,-458],[-405,-331],[-991,72],[-296,-213],[-1018,143],[-179,-71],[-211,-360],[-236,-66],[-579,258],[-1087,42],[-589,-313],[-445,-95],[-175,-259],[-109,-592],[-129,-88],[-443,27],[-209,-89],[157,-356],[-57,-236],[-1247,-717],[47,-298],[388,-365],[19,-197],[-342,-213],[-226,-352],[62,-638],[-258,-328],[-59,-497],[-632,-435],[-722,246],[-417,7],[527,-1065],[44,-176],[-65,-154],[-1204,-1029],[-671,-386],[-436,-35],[-485,591],[-384,101],[-671,-248],[-651,-502],[-808,-203],[-1174,-1581],[-536,-435],[-586,48],[-504,379],[-194,-29],[-120,-172],[-150,-14],[-141,-203],[-585,416],[-206,309],[-165,76],[-506,-27],[-405,201],[-426,-78],[-611,205],[-420,16],[-166,282],[-576,135],[-93,161],[-455,-35],[-513,156],[-251,375],[-1071,472],[-557,406],[-451,-35],[-704,313],[-270,-2],[35,77],[-652,451],[-671,50],[-640,364],[-945,-135],[-939,54],[-256,107],[-643,-283],[-327,-418],[-461,-50],[-130,-195],[-110,-473],[-362,-487],[-612,-565],[-720,-466],[-531,-771],[-591,-323],[-77,-411],[-318,-395],[21,-113],[352,-278],[-69,-335],[-687,125],[-283,-140],[-775,-743],[-248,-82],[-72,-199],[158,-214],[-93,-435],[-284,-269],[-367,-846],[-232,-331],[-279,-54],[-185,-137],[-333,-568],[-582,-273],[-557,-613],[-451,-307],[-532,-75],[-152,-389],[-1176,-406],[-688,-415],[-190,-395],[-56,-398],[-261,-461],[-636,-268],[-660,-666],[-687,-379],[-87,-475],[-303,-312],[-526,-248],[-346,-302],[-630,-58],[-222,-107],[-334,-304],[-99,-276],[-160,-177],[-40,-218],[-590,-467],[152,-470],[87,-66],[253,66],[183,-326],[-31,-243],[76,-273],[-93,-799],[-84,-251],[-362,-533],[-267,-693],[65,-274],[-194,-235],[-180,-806],[-337,-503],[-65,-514],[-149,-154],[-248,-744],[964,-613],[1041,-808],[228,-393],[17,-614],[844,-1147]],[[1889829,2691652],[272,-165],[2516,-483],[302,-242]],[[1892919,2690762],[197,-256],[260,-704],[443,-622],[928,-738],[513,-97],[155,-187],[457,-1049],[0,-256],[-485,-1333],[-85,-718],[528,-1588],[-43,-421],[-527,-601],[-1082,-2238],[-484,-743],[-93,-320],[190,-283],[98,-394],[-288,-407],[42,-650],[-63,-214],[-801,-1588],[-141,-594],[-260,-532],[-907,-932],[-414,-304],[-225,-718],[-99,-863],[-91,-173],[-668,-269],[-675,-698],[-351,-186],[-1181,-221],[-583,-235],[-1006,-193],[-203,-124],[-401,-367],[-197,-628],[-35,-566],[232,-753],[70,-1305],[317,-912],[28,-345],[-303,-1650],[-161,-353],[190,-1001],[-64,-83],[120,-179],[-28,-484],[195,-274],[128,-416],[281,-505],[773,-925],[169,-338],[731,-2666],[309,-1726],[633,-1692],[682,-1112],[1235,-1558]],[[1890879,2649475],[283,-251],[2664,-974],[1593,-686]],[[1895419,2647564],[115,-46],[85,-1403],[-51,-275]],[[1895568,2645840],[-460,-1797],[-928,-4401],[-360,-716],[-510,-725],[-1125,-1123],[-448,-319],[-1959,-1001],[-2025,-2968],[-1691,86],[-378,-95],[-694,-1157],[-255,-898],[-211,-207],[-96,-268],[140,-474],[-9,-328],[-237,-1097],[-219,-293],[-378,-259],[-325,-656],[-730,-501],[-878,-803],[-1503,-2322],[-826,-1424],[-617,-761]],[[1878846,2621333],[-1324,-403],[-937,-438],[-783,-9],[-975,519],[-616,144],[-202,516],[-501,315],[-415,450],[-1369,376],[-282,-113],[-372,-504],[-375,-149],[-478,-323],[-244,18],[-847,529],[-717,916],[-442,204],[-460,3],[-613,189],[-458,381],[-502,157],[-1370,843],[-227,3],[-665,354],[-272,719],[-340,448],[-106,660],[-272,406],[83,1275],[-97,293],[113,233],[7,321],[-90,972],[-427,532],[-994,511],[-800,199],[-77,929],[-620,843],[-29,207],[95,210],[227,219],[399,172],[55,108],[-304,1118],[-61,898],[-524,718],[-460,106],[-556,375],[-278,432],[-254,770],[-631,386],[-306,442],[-386,294],[-125,195],[-88,409],[-197,-47],[-89,69],[-123,441],[-274,364],[-69,354],[-237,459],[-100,680],[-174,349],[-28,535],[177,321],[100,829],[-578,709],[-780,423],[-485,-94],[-809,22],[-344,-95],[-538,192],[-478,-94],[-583,394],[-418,95],[-468,287],[-91,221],[86,267],[-74,470],[-202,526],[-288,258],[-72,281],[200,753],[-176,436],[287,306],[-62,300],[-193,185],[-191,-76],[-299,71],[-260,-53],[-477,174],[-342,307],[-114,223],[-261,162],[-277,35],[-473,925],[12,178],[136,202],[713,659],[69,251],[259,235],[-19,155],[-887,-35],[-507,78],[-887,232],[-1666,782],[-1613,88],[-147,117],[-249,436],[-152,65],[-382,-18],[-219,-310],[-1286,585],[-1412,250],[-853,-293],[-890,87],[-931,-148],[-662,-263],[-1255,-1023],[-700,-377],[-1335,-28],[-374,-174],[-541,-31],[-717,352],[-304,525],[-315,271],[102,219],[-184,432],[68,116],[-79,127],[97,220],[-18,229],[-297,482],[-103,488],[-716,-145],[-680,-317],[-254,-159],[-146,-318],[-181,-131],[-406,-110],[-706,103],[-959,-220],[-127,77],[-265,592],[-540,763],[-68,845],[-234,669],[-938,1042],[-89,15],[-373,-441],[-467,-133],[-146,-11],[-307,273],[-245,108],[-690,-241]],[[1820715,2660097],[-183,-165],[-234,-649],[-350,-130],[-884,137],[-656,-156],[-683,170],[-245,-96],[-296,99],[-455,-66],[-532,367],[-366,-444],[-323,35],[-116,-66],[-369,-942],[-688,-659],[-314,-127],[-10,-226],[-315,255],[-29,315],[-361,390],[-580,263],[-516,59],[-298,160],[-437,69],[-287,-64],[-183,219],[-230,-36],[-130,167],[-167,-70],[-93,193],[-295,105],[-74,104],[-109,-14],[-137,131],[-327,-24],[-151,-197],[-339,11],[-332,-235],[-66,138],[-255,0],[-181,-184],[-463,102],[-97,-76],[5,-212],[-78,-57],[-375,815],[415,866],[-23,777],[266,342],[-32,312],[107,945],[-258,625],[156,400],[14,290],[-112,342],[-16,402],[-235,394],[-11,494],[-534,117],[-201,587],[-57,379],[321,401],[-146,527],[-103,77],[-717,71],[-351,229],[-202,277],[-19,439],[-245,285],[226,408],[332,312],[23,367],[-294,180],[-294,-141],[-388,20],[-663,-147],[-360,97],[-374,262],[-68,-5],[-56,-235],[-146,-171],[-239,334],[-672,42],[-365,-139],[-425,677],[-396,160],[-113,238],[-326,-61],[-181,-146],[9,-147],[211,-324],[-78,-138],[-300,-176],[-51,-129],[106,-114],[426,-29],[185,-130],[192,-199],[-90,-216],[-384,-362],[-441,186],[-341,-304],[-728,-195],[-67,-145],[80,-292],[-186,-373],[57,-398],[-84,-166],[-334,-182],[-1121,-327],[-582,-263],[-302,-295],[17,-230],[210,-237],[-63,-801],[281,-820],[-514,-147],[-46,-210],[243,-150],[-111,-194],[-207,16],[-194,-308],[41,-418],[-99,-47],[-447,156],[-255,-19],[-318,222],[-219,13],[-157,-263],[-407,-95],[-141,-97],[-21,-165],[-621,-275],[-462,-375],[-58,120],[-248,155],[-707,-21],[-194,78],[-166,-31],[-160,115],[-187,-65],[-668,379],[-1045,165],[-1387,-847],[-1156,147],[-125,82],[-56,225],[-1075,155],[-303,-129],[-324,209],[-1361,-387],[-87,102],[-205,-123],[-500,340],[-143,182],[-238,-127],[-424,148],[-22,301],[289,-125],[-303,724],[-385,345],[-26,352],[-336,83],[-230,465],[-454,260],[-687,-69],[-469,344],[-388,40],[-296,340],[37,232],[-167,213]],[[1778782,2666351],[48,444],[-95,603],[131,768],[-57,319],[78,508],[-57,239],[-514,551],[-155,754],[174,204],[-326,371],[98,174],[441,306],[80,248],[-506,559],[-106,1051],[-142,75],[-335,-70],[-382,161],[-95,136],[63,491],[-61,408],[-135,240],[36,208],[-99,312],[-19,623],[90,280],[167,172],[-268,116],[-137,293],[-146,73],[-238,332],[-44,594],[-176,396],[13,224],[-232,218],[-74,200],[-293,-16],[21,288],[-376,-22],[24,214],[159,138],[-229,375],[76,492],[-83,188],[-271,181],[-318,57],[-14,123],[385,381],[-46,83],[-379,83],[35,268],[-188,278],[-40,443],[-51,49],[-178,-145],[-197,70],[-228,527],[-206,97],[81,136],[-58,116],[-478,134],[-128,175],[-70,224],[84,387],[-297,53],[-51,123],[177,219],[435,66],[119,468],[-471,568],[-341,91],[-2,364],[-168,118],[38,252],[-263,212],[-21,164],[-470,-143],[-161,306],[37,264],[-361,193],[-24,761],[-404,458],[123,540],[-364,78],[-322,471],[-47,207],[91,430],[-70,517],[-139,186],[-281,78],[-211,179],[-193,351],[-39,357]],[[1769156,2692187],[-210,-299],[-1267,-938],[-726,-709],[-844,-341],[-395,-309],[-227,-697],[-104,-1915],[-260,-538],[-478,-637],[-449,-367],[-951,-219],[-369,142],[-482,-267],[-804,-667],[-480,-1013],[28,-525],[137,-436],[563,-514],[359,-467],[78,-267],[-151,-434],[-653,-217],[-1262,-120],[-135,51],[-192,265],[-21,492],[-253,400],[-471,74],[-196,-102],[45,-811],[279,-669],[29,-616],[-466,-652],[-513,-305],[-384,-339],[-222,-460],[-14,-309],[155,-322],[588,-403],[1272,100],[75,-211],[-101,-237],[-258,-237],[-610,-149],[-491,-15],[-542,-261],[-296,-279],[-137,-363],[64,-1129],[-719,-139],[-1256,-978],[-61,-207],[63,-232],[140,-230],[445,-407],[137,-441],[-251,-609],[-1040,-952],[-317,-920],[63,-244],[384,-465],[269,-597],[131,-1484],[158,-553],[368,-622],[188,-220],[540,-365],[225,-372],[-375,-1102],[-655,-1499],[-99,-770],[-147,-242],[-148,-76],[-555,-112],[-1353,246],[-405,-26],[-511,-162],[-449,-528],[-224,-907],[-261,-426],[-791,-932],[-1305,-1080],[-533,-1075]],[[1749070,2655218],[-825,48],[-488,159],[-618,37],[-425,319],[-409,84],[-651,497],[-435,160],[-185,245],[19,153],[-73,-196],[-30,76],[-197,-88],[-743,85],[-515,360],[-1049,487],[-423,421],[-1004,-37],[-216,-52],[-121,-181],[-237,134],[-468,-95],[-289,69],[-137,119],[-171,-72],[-188,161],[-246,-32],[-276,264],[-285,33],[-190,334],[-116,19],[-108,-181],[-152,236],[-95,-22],[-114,-278],[-161,208],[-281,-297],[-251,-36],[-596,435],[-189,257],[-259,97],[-115,345],[-218,172],[-306,-5],[-258,-106],[-556,27],[-576,-342],[-141,-25],[-106,73]],[[1733597,2659287],[300,209],[51,141],[372,69],[93,134],[-359,854],[-285,435],[16,207],[150,75],[189,-79],[320,-605],[227,-145],[452,669],[269,-25],[134,92],[44,320],[-65,166]],[[1735505,2661804],[-599,3],[-289,-120],[-95,83],[-34,405],[-735,162],[118,202],[-137,157],[-295,-74],[-152,55],[5,186],[-213,166],[-93,269],[-270,-248],[-190,40],[-170,269],[-77,393],[-306,64],[45,165],[214,98],[-357,424],[-106,-23],[-184,-353],[-334,43],[-269,257],[-223,76],[-466,21],[-275,-106],[-190,45],[-99,180],[-160,1025],[60,176],[272,304],[7,223],[-88,86],[-715,249],[-633,-109],[-288,36],[-387,-105],[-183,507],[-247,21],[-531,-131],[-617,509],[9,130],[204,164],[-334,129],[-39,90],[346,76],[51,74],[-79,100],[-349,95],[239,282],[-211,481],[318,130],[-27,226],[-497,654],[-70,195],[-817,363],[-174,240],[19,735],[-228,354],[174,593],[-16,1037],[-132,168],[-455,-25],[-90,104],[-104,444],[-307,217],[88,499],[-179,387],[-521,585],[60,69],[-243,185],[-259,1145],[8,93],[292,274],[30,363],[-37,387],[-183,414],[85,863],[-267,299],[-32,557],[306,734],[-2,230],[234,164],[40,349],[158,212],[-81,457],[23,1404],[-409,1293],[-482,423],[-829,385],[-693,142],[-601,445],[-96,114],[-4,338],[-429,536],[-75,695],[-438,434],[-102,343],[-140,116],[-682,214],[-492,326],[209,387],[-156,266],[-357,186]],[[1717394,2690803],[-139,953],[231,272],[-16,583],[509,626],[-26,390],[177,448],[-49,526],[369,207],[19,477],[302,451],[18,240],[-112,243],[604,496],[407,654],[230,1857],[366,753],[-1507,1457],[507,1607],[50,536],[1050,524],[498,362],[422,478],[91,296],[351,466],[77,330],[250,490],[947,1442],[1202,1587],[-569,475],[36,160],[-80,255],[-430,388],[365,843],[687,-215],[-4,407],[-153,352],[74,77],[-81,129],[-16,447],[-111,101],[1342,-48],[2054,-497],[-67,369],[-694,1372],[386,182],[-269,53],[-3,261],[-207,198],[-189,405],[206,372],[-229,953],[820,139],[543,198],[470,-188],[387,-346],[204,91]],[[1728694,2716487],[221,-7],[309,-164],[257,214],[880,219],[35,177],[329,203],[713,-254],[336,-355],[320,-675],[645,-525],[112,-261],[1374,-697],[35,-239],[570,-485],[112,-467],[281,-429],[481,-310],[213,-240],[261,43],[85,-148],[148,-48],[117,-255],[215,-35],[-13,-156],[69,-69],[353,29],[125,-466],[331,-172],[105,-174],[274,-6],[747,-338],[381,-42],[165,-227],[141,-491],[420,-215],[59,-181],[278,0],[-18,314],[96,292],[98,104],[329,69],[217,198],[187,717],[205,259],[496,132],[213,-138],[303,229],[337,495]],[[1742641,2711912],[310,941],[-43,203],[-354,412],[-27,176],[432,686],[6,168],[-160,336],[-427,302],[-220,409],[31,128],[520,243],[608,1016],[143,746],[373,703],[-104,465],[120,527],[-103,959],[535,356],[97,199],[-841,818],[-84,452],[105,151],[1183,564],[517,412],[213,748],[472,909],[-289,286],[4,257],[237,402],[326,290],[395,172],[137,207],[-336,597],[258,265],[313,653],[-80,398],[42,178],[211,126],[516,-68],[236,557],[684,267],[-272,777],[177,253],[504,157],[183,168],[-57,415],[-318,656],[110,222],[426,309],[99,207],[-70,284],[-190,161],[346,160],[1331,18],[236,357],[304,232],[69,598],[289,365],[361,211],[295,804],[225,243],[97,623],[-54,332],[-350,659],[-652,205],[-369,366],[13,373],[-342,110],[131,269],[-51,595],[236,385],[17,297],[276,271],[150,766],[-6,382],[523,932],[44,267],[-80,396],[183,329],[-181,429],[97,249],[-175,211],[-126,620],[15,887],[-238,360],[170,387],[-255,294],[-636,171],[-603,-75],[-423,118],[-550,-361],[-380,680],[-400,266],[-122,559],[-456,40],[-138,261],[-618,500],[-206,629],[178,450],[-155,838],[-211,262],[44,556],[-362,988],[-258,279],[49,473],[-130,106],[-271,-40],[-84,64],[279,920],[-293,587],[148,164],[-28,309],[123,318],[5,421],[234,392]],[[1746454,2756994],[769,306],[533,-216],[151,-144],[218,-10],[820,354],[362,45],[953,891],[139,483],[502,-3],[146,143],[19,570],[272,4],[224,-131],[127,350],[404,210],[426,360],[317,21],[400,-311],[633,-19],[983,612],[126,252],[335,-109],[59,-307],[283,-33],[283,203],[189,-11],[213,210],[344,168],[80,348],[536,30],[522,-860],[620,-427],[690,-293],[281,-648],[441,-173],[1206,-709],[317,-97],[552,49],[1215,-224],[1188,59],[229,311],[202,17],[23,290],[246,22],[154,271],[266,31],[236,234],[353,442],[-48,183],[61,132],[576,493],[173,324],[243,38],[168,201],[170,47],[164,-181],[190,154],[454,40],[176,179],[362,-45]],[[1768730,2761120],[5,-387],[466,-1094],[-224,-240],[343,-391],[55,-610],[256,-170],[142,-261],[318,-203],[337,92],[267,-112],[149,18],[-48,-182],[239,-86],[13,-233],[68,-50],[239,33],[234,-154],[304,121],[132,-23],[42,-148],[-67,-294],[205,-248],[-62,-113],[9,-413],[449,-123],[-57,-317],[84,-169],[541,-163],[67,301],[109,36],[519,-149],[259,322],[163,-136],[301,-38],[330,-373],[483,-75],[322,-162],[489,47],[188,-223],[350,26],[530,-318],[211,210],[308,-66],[267,142],[309,-85],[336,229],[460,-312],[298,49],[380,-313],[182,-293],[200,181],[129,16],[132,-50],[59,-167],[221,131],[420,-65],[153,179],[-68,216],[112,78],[537,-248],[343,68],[319,-43],[485,183],[289,-42],[255,-147],[221,33],[59,-260],[173,-152],[499,-115],[188,45],[166,-312],[-210,-346],[150,-312],[-1,-211]],[[1784861,2752679],[455,27],[576,478],[278,127],[1375,356],[951,754],[696,394],[1815,482],[1432,661],[-33,47],[385,320],[338,419],[254,543],[-162,636],[-435,661]],[[1792786,2758584],[10,341],[208,553],[776,537],[201,313],[61,298],[-91,580],[83,779],[132,783],[142,300],[704,491],[238,324],[154,435],[489,252],[287,299],[361,625],[23,622],[120,427],[217,470],[346,477],[521,194],[515,-9]],[[1798283,2767675],[-10,611],[-373,394],[-146,568],[-351,551],[-719,258],[-1141,643],[-486,178],[-226,270],[-14,524],[173,16],[-19,200],[-253,151],[31,106],[-113,70],[-129,590],[-459,441],[130,331],[-105,261],[227,272],[-21,299],[-108,113],[126,173],[-299,49],[-281,205],[-106,380],[-424,538],[-335,968],[-175,2946],[302,1558],[-352,161],[-667,-83],[-2505,46],[-664,534],[-1304,2491],[-377,426],[-510,249],[-606,1179],[-183,81],[-394,13],[-149,419],[-427,92],[-265,171],[-239,450],[-697,287],[-1,311],[666,1662],[-430,585],[-217,533],[-190,186],[-273,34],[-1652,-344],[-169,78],[-138,464],[-959,-86],[-582,-265],[-388,-315],[-712,953],[-1079,795],[-725,856],[-1258,557],[-508,54],[-356,-98],[-611,-528],[-1192,406],[-686,67],[-324,223],[-470,36],[-434,-246],[-236,-359],[33,-371],[-73,-165],[-569,-462],[84,-514],[-227,-350],[338,-526],[125,-648],[161,-183],[-42,-198],[-372,72],[-35,-148],[-251,-84],[11,321],[-87,12],[-59,-143],[-119,-53],[-171,51],[-172,194],[-264,-236],[-49,72],[94,174],[-57,335],[-193,-66],[-134,146],[-158,-153],[-128,235],[-139,82],[27,-206],[-422,52]],[[1767868,2790654],[-241,-92],[72,-114],[-53,-108],[-172,-60],[-268,36],[-75,-138],[-144,-54],[-265,97],[-52,321],[-306,244],[-101,-154],[-82,-3],[-4,260],[-308,-61],[-202,185],[-274,53],[-471,-458],[-150,19],[-370,262],[-292,-196],[-345,-52],[-492,-351],[66,-297],[-97,-285],[-87,-26],[-211,120],[-346,-142],[-233,-4],[-93,-120],[-152,51],[-60,-152],[-219,-136],[54,-205],[-107,-229],[-263,58],[-233,-110],[-295,-554],[-476,-474],[-345,-202],[-367,40],[-149,-402],[-491,164],[-73,-277],[-550,-65],[-26,-242],[127,-346],[-113,-187],[-787,131],[-246,-471],[-377,92],[-104,-312],[-246,-266],[-186,-71],[267,-312],[-1043,-343],[-388,426],[-546,273],[-228,-201],[-1692,-796],[-1035,-102],[-711,-475],[-478,-144],[-413,-14],[-178,50],[-219,193],[-503,641],[-265,-16],[-410,-185],[-391,-398],[-267,-133],[-658,384],[-214,25],[-202,-99],[-357,135],[-711,52],[-875,898],[-1116,-881],[-298,-956]],[[1743657,2783393],[-484,277],[-419,841],[-137,669],[-676,755],[-491,-200],[-1958,125],[-125,37],[-256,358],[-328,275],[-171,8],[-806,591],[-236,94],[-775,-177],[-209,-327],[-723,4],[-344,-245],[164,587],[194,330],[56,397],[255,173],[114,196],[-26,680],[124,411],[30,578],[-83,160],[-294,43],[-128,121],[111,98],[-89,183],[96,125],[391,119],[237,384],[690,151],[65,218],[151,130],[2,97],[-213,258],[-239,1116],[526,917],[-39,285],[79,309],[188,478],[215,201],[80,217],[-440,203],[-281,684],[382,287],[9,243],[-224,275],[5,199],[306,392],[449,301],[102,286],[-65,160],[-416,105],[-281,288],[-33,420],[266,370],[20,531],[-313,226],[45,536],[-270,69],[83,334],[-203,494],[54,254],[-550,242],[-14,115],[139,175],[-66,107],[-355,10],[-249,-296],[-49,175],[-190,116],[151,228],[-233,414],[235,146],[-281,409],[217,272],[-222,353],[288,424],[-105,305],[295,482],[-119,156],[-940,557],[-580,491],[-375,665],[126,835],[-100,2749],[151,828],[-105,1992],[-313,2360],[-418,1606],[-327,934],[-76,736],[43,1196]],[[1892919,2690762],[-992,-425],[-562,-78],[-290,-319],[-9,-190],[369,-656],[378,-1079],[66,-562],[-88,-242],[26,-1830],[150,-216],[123,-509],[-88,-544],[-387,-639],[-272,-259],[-211,-86],[-158,-285],[-420,-208],[-191,-429],[-424,-4],[-289,-130],[-369,25],[-198,-178],[-311,13],[-266,118],[-210,-23],[-451,236],[-304,64],[-976,3],[-191,-198],[-285,45],[-97,-121],[-532,-51],[-347,92],[-282,175],[-936,252],[-554,-162],[-447,124],[-645,395],[-535,802],[-340,111],[-629,51],[-376,452],[-616,128],[-596,436],[-143,372],[-1383,532],[-295,411],[-208,86],[-554,-86],[-437,-452],[-263,25],[-421,-130],[-577,127],[-573,-182],[-613,153],[-531,-54],[-266,245],[-402,131],[-642,-153],[-495,35],[-214,204],[0,395],[-98,207],[-259,130],[-577,-236],[-376,-38],[-301,242],[-629,-54],[-573,-194],[-211,-242],[-58,-1181],[-39,-229],[-156,-236],[-194,-83],[-554,-6],[-166,32],[-226,194],[-853,-274],[-1173,427],[-755,-70],[-700,433],[-214,-19],[-426,207],[-520,-56],[-499,270],[-127,-173],[-274,-83],[-147,-193],[-532,37],[-489,-111],[-772,306],[-473,4],[-253,116],[-607,-45],[-582,402],[-493,-170],[-566,265],[-658,-17],[-1370,245],[-806,-203],[-202,99],[-190,290],[-304,-66],[-286,79],[-270,-183],[-338,71],[-978,-170],[-519,191],[-860,116],[-232,138],[-346,608],[-391,80],[-99,216],[36,263],[-230,-42],[-118,74],[-404,826],[-226,68],[-108,131],[-395,960],[-449,414],[-546,163],[-907,440],[-531,-234],[-192,-8],[-226,141],[-234,-436],[-266,-118],[-457,52],[-315,-292],[-420,-41],[-747,157],[-260,206],[-185,461],[-553,78],[-111,657],[-827,445],[-81,461],[-330,146],[-70,397],[-166,263],[-317,192],[-451,71],[-491,257],[-165,13],[-475,-133],[-221,-387],[-633,16],[-145,-211],[-287,-205],[-370,-150],[-160,-503],[-453,63],[-54,-199],[-285,-181],[-52,-120],[-72,-822],[229,-169],[50,-316],[-157,-266],[55,-40],[-293,-845],[-414,-87],[-270,-249],[-501,71],[-481,-199],[-258,-605],[-371,-419],[-324,-74],[-47,-91],[413,-369],[410,4],[139,-754],[227,-158],[165,-257],[228,-116],[55,-310],[92,-116],[177,-33],[93,-141],[-194,-241],[-84,-824],[-266,-377],[-371,-29],[-202,-149],[-68,-195],[-358,-141],[-118,-128],[-114,-13],[-127,108],[-206,-332],[-334,137],[-147,-124],[-110,-506],[38,-476],[34,-145],[337,-245],[38,-120],[-236,-414],[278,-311],[-274,-145],[-38,-128],[220,-249],[-60,-158],[-333,-66],[-177,-174],[-341,423],[-439,-17],[-616,-282],[-434,-447],[-435,153],[-244,-54],[-447,-281],[-279,12],[-278,228],[-59,447],[-106,71],[-974,240],[-434,-8],[-430,-688],[438,-452],[110,-377],[-152,-364],[-443,-245],[21,-128],[363,-435],[-574,-700],[228,-286],[-38,-191],[-582,-45],[-329,-402],[-282,-54],[-321,145],[-270,393],[-237,86],[-675,130],[-367,-160],[-590,87],[-304,-166],[-481,-95],[-843,-775],[-1316,-659],[-573,-675],[-405,-75],[-388,-261],[-89,-385],[-198,-203],[-177,62],[-4,153],[-165,241],[-510,111]],[[1816146,2674014],[-310,8],[-310,259],[21,166],[289,308],[-120,215],[-644,-121],[-644,65],[-275,-51],[-289,-154],[-146,50],[-146,-210],[-362,347],[-672,342],[-105,134],[100,471],[-342,419],[354,199],[166,355],[639,353],[162,385],[24,376],[-428,1490],[-4,157],[180,141],[-4,121],[-197,156],[-67,235],[-250,336],[-553,415],[-130,266],[74,719],[510,291],[-295,159],[-46,439],[-324,52],[-220,133]],[[1811782,2683040],[-133,177],[-439,-88],[-174,39],[-101,116],[90,845],[264,613],[-23,194],[-230,331],[17,746],[84,304],[602,668],[388,586],[337,248],[276,575],[258,1028],[-28,281],[-981,357],[-281,310],[-25,132],[106,393],[81,14],[685,-300],[316,645],[457,332],[194,335],[-166,238],[-1704,1191],[-404,135],[-310,207],[-116,325],[-341,369],[64,452],[-49,166],[-619,193],[-485,1047],[-214,190],[-1090,480],[-271,-38],[-794,-543],[-415,0],[-73,90],[35,428],[239,280],[91,297],[-337,950],[-320,13],[-109,377],[-81,38],[-794,-629],[-1410,197],[-432,-59],[-239,-307],[-186,-791],[-942,-542],[-443,-20],[-359,137],[-115,153],[172,580],[-109,262],[-236,149],[-1012,148],[-109,83],[-74,546],[-101,148],[-120,114],[-344,41],[-253,125],[-155,169],[-123,349],[-457,214],[-562,562],[-271,149],[-573,925],[-351,321],[-187,-75],[-126,-291],[-626,-31],[-667,-255],[-601,-62],[-1431,55],[-263,293],[31,128],[584,508],[232,276],[87,245],[-224,270],[-517,1073],[-345,-45],[-949,-597],[-369,80],[-404,265],[-291,598],[235,735],[-299,314],[25,356],[88,159],[429,356],[305,141],[605,76],[1016,791],[379,172],[74,304],[-510,518],[32,263],[643,652],[731,370],[53,117],[-88,121],[-260,93],[-193,242],[-53,856],[-120,169],[-182,76],[-366,-58],[-341,-608],[-288,-231],[-671,210],[-770,-128],[-281,204],[-130,418],[42,414],[524,881],[204,659],[133,163],[601,276],[53,114],[-85,269],[-84,24],[-306,-134],[-291,-7],[-428,796],[-19,317],[351,152],[439,318],[31,94],[-358,718],[-348,91],[-158,127],[34,627],[-647,564],[23,519],[-661,691],[-39,265],[208,514],[-11,237]],[[1789660,2719642],[609,272],[206,486],[-55,1324],[179,379],[577,702],[234,770],[358,770],[509,730],[1312,1007],[512,756]],[[1794101,2726838],[311,-129],[245,148],[200,-339],[283,29],[195,-575],[-15,-249],[124,-93],[274,129],[246,-4],[102,183],[88,7],[355,-200],[313,69],[158,-156],[249,42],[148,-266],[137,107],[106,335],[91,24],[151,-121],[102,176],[162,38],[91,-96],[0,-176],[-320,-391],[194,-38],[221,-324],[7,-145],[-176,-4],[-126,-241],[95,-881],[-145,-183],[-182,-79],[-35,-194],[302,-207],[239,125],[274,-308],[176,17],[204,-231],[161,62],[28,204],[130,-14],[292,-245],[225,-48],[207,-280],[102,-17],[165,96],[-31,173],[-200,107],[49,73],[418,310],[56,-265],[95,-90],[106,152],[-60,293],[358,0],[218,-179],[281,86],[187,-256],[126,97],[56,269],[239,301],[71,245],[474,-193],[116,-118],[710,38],[155,-93],[256,-331],[-291,-384],[-123,-52],[108,-124],[197,28],[380,445],[98,494],[109,97],[183,-121],[223,56],[65,-174],[186,-148],[489,-166],[74,-162],[369,-221],[0,-193],[232,-101],[119,-155],[155,107],[225,21],[351,-45],[137,-138],[331,-45],[284,-149],[450,7],[408,494],[25,145],[650,635],[246,63],[362,-94],[320,73],[365,404],[-35,169],[236,145],[766,100],[544,387],[271,24],[116,-121],[207,156],[39,238],[355,3],[239,135],[872,-186],[274,-380],[133,31],[109,-97],[134,-293],[299,3],[421,-266],[633,-65],[358,-301],[443,-169],[14,-311],[475,-302],[416,-172],[170,18],[487,-246],[917,-83],[169,74],[568,558],[796,215],[286,286],[863,198],[420,298],[363,453],[259,26],[185,-159],[80,-212],[76,-505],[-63,-638],[156,-692],[156,-87],[582,37],[190,-66],[721,-551],[409,-154],[853,73],[586,-136],[110,-796],[216,-107],[-50,-241],[202,-304],[-79,-143],[46,-492],[-90,-128],[164,-215],[-175,-614],[-276,-480],[173,-249],[-34,-325],[215,-170],[-126,-393],[35,-268],[-208,-335],[790,577],[343,97],[1459,-41],[855,-147],[886,-666],[-42,-604],[877,-978],[135,-296],[135,-1290],[225,-11],[424,276],[723,-922],[379,-321],[346,80],[34,371],[110,168],[419,17],[334,-119],[96,47],[-17,505],[84,91],[146,67],[492,-31],[501,185],[368,241],[-28,301],[307,14],[87,110],[5,293],[-115,171],[62,105],[439,-11],[129,287],[275,180],[268,-453],[104,-53],[278,658],[-87,340],[-425,450],[-14,221],[253,196],[34,229],[172,125],[-48,214],[53,299],[293,191],[210,-113],[-47,334],[104,116],[430,-149],[370,113],[501,-229],[-5,290],[143,492],[318,27],[472,-102],[262,235],[503,168],[129,169],[501,30],[-68,368],[132,198],[250,-136],[251,85],[-32,252],[-198,383],[-4,313],[238,277],[177,-39],[190,381],[357,233],[274,-131],[211,-216],[221,57],[227,-217],[137,169],[188,-280],[26,-229],[107,-90],[786,-29],[235,-113],[169,52],[283,-83],[425,158],[368,-183],[161,-519],[480,-304],[-66,-243],[226,-348],[-95,-168],[236,-288],[-112,-520],[220,-337],[80,-421],[207,-222],[609,-244],[213,323],[139,54],[518,-253],[388,91],[431,-91],[712,-335],[275,-307],[286,-4],[207,-195],[709,-340],[122,5],[784,650],[156,369],[161,161],[535,38],[291,153],[1080,182],[628,-273],[443,-390],[4,-190],[102,-162],[-194,-530],[101,-162],[392,-294],[827,-108],[160,-112],[641,266],[633,-33],[291,78],[826,2180],[716,666],[899,1208],[1384,622],[797,547],[362,93],[462,-191],[205,87],[402,-2],[353,131],[729,675],[333,682],[197,97],[1155,-46],[553,-223],[295,93],[643,-41],[415,-413],[403,-6],[255,62],[262,205],[350,75],[1506,-298],[461,573],[353,110],[156,-4],[786,-352],[730,-106],[578,-37],[1615,140],[310,268],[113,276],[271,23],[393,195],[809,-494],[1016,-162],[209,-216],[349,-133],[239,43],[169,328],[278,152],[692,-15],[378,-145],[169,-270],[38,-234],[-110,-214],[-31,-482],[210,-256],[206,-95],[272,-525],[83,-370],[-49,-449],[127,-91],[102,-304],[204,-228],[4,-259],[112,-262],[-63,-224],[134,-69],[-11,-208],[151,-231],[-28,-138],[-313,-332],[130,-531],[208,-183],[-39,-349],[-169,-407],[-337,-239],[-18,-531],[-197,-895],[138,-573],[-36,-200],[173,-542],[594,-729],[130,-359],[178,-140]],[[1886668,2710215],[-17,-241],[-330,-628],[-464,6],[-999,532],[-309,-110],[-274,-249],[-267,-566],[94,-1120],[-127,-428],[-488,-663],[-917,-531],[-584,-641],[-48,-374],[413,-746],[383,-429],[169,-456],[-10,-217],[-387,-522],[-348,-1225],[102,-432],[-105,-849],[-376,-411],[-57,-207],[-284,-335],[-559,-484],[109,-462],[-88,-328],[-271,-270],[-175,-659],[126,-221],[264,-187],[664,-331],[1030,-149],[421,-145],[211,-165],[1663,-1779],[-155,-642],[-3,-169],[116,-124],[892,-76],[893,276],[970,3],[506,-234],[506,-691],[1271,-884]],[[1896328,2811860],[153,-735],[240,-230],[-103,-896],[-375,-620],[-37,-361],[-180,-233],[42,-70],[245,-20],[1,-126],[-414,-190],[-674,55],[-106,-307],[163,-485],[-19,-231],[-515,-418],[-99,-220],[-544,-254],[-205,-288],[-480,-430],[-198,-344],[-157,-6],[-158,132],[-491,-295],[-598,130],[-370,-126],[-388,93],[-468,-38],[-102,-203],[-154,-41],[-28,-325],[-111,-163],[81,-346],[-149,-417],[-287,-335],[-99,-511],[-463,222],[-371,-119],[-208,-181],[-147,218],[-441,-83],[-228,-363],[-754,-42],[-70,-316],[-316,120],[-85,-155],[-253,-74],[-142,-305],[-522,-79],[-153,-205],[-369,-84],[-79,-147],[-253,3],[-225,-287],[-60,196],[-332,191],[-72,-38],[2,-183],[-400,-6],[-229,185],[-350,-253],[-130,-241],[-293,-9],[-579,-255],[-824,-4],[-1260,158],[-134,77],[-185,305],[-615,88],[-393,-228],[-348,-86],[-296,-364],[-540,-245],[-357,-13]],[[1877270,2800404],[-96,582],[146,2231],[393,335],[765,6],[429,154],[342,483],[299,850],[221,305],[0,536],[-409,834],[84,856],[-773,1429],[7,719],[383,521],[190,545],[0,135],[-267,414],[-18,322],[141,366],[-203,509],[319,418],[21,210],[0,337],[-253,467],[25,304],[91,122],[-63,338],[33,559],[304,614],[95,665],[683,808],[-274,799],[76,379],[238,419],[63,657],[-539,627],[-165,404],[6,711],[205,932],[-19,210],[-162,263],[-671,447],[-164,263],[-361,183],[-270,292],[-188,-4],[-434,-235],[-808,116],[-601,-55],[-1444,126],[-449,-234],[-439,-398],[-221,385],[-494,408],[-1027,-165],[-1014,545],[-1280,240],[-766,491],[-417,588],[-103,305],[-62,352],[64,667],[-188,369],[78,365],[-504,596],[-344,1032],[-341,731],[-606,435],[-175,587],[173,822],[-57,980],[112,251],[323,352],[630,1195],[68,278],[-182,882],[-672,1001],[-922,653],[-451,122],[-428,-4],[-194,120],[-217,-114],[-852,37],[-268,181],[-304,503],[-469,1450],[-848,-364],[-453,-24],[-1046,-495],[-714,17],[-773,-172],[-414,25],[-635,-223],[-633,-108],[-436,-17],[-180,72],[-345,-163],[-312,25],[-439,-202],[-158,80],[-163,337],[-863,-52],[-261,-155],[-217,194],[-748,107],[-281,282],[-98,11],[-276,-218],[-199,-3],[-133,133],[-208,-31],[-278,249],[-11,61],[225,143],[5,299],[-450,375],[51,304],[-96,172],[-309,-172],[-104,42],[-500,1049],[-639,100],[-539,541],[-273,113],[-383,25],[-101,-229],[-112,11],[-428,517],[-45,417],[-126,174],[-529,38],[-360,-143],[-258,345],[-206,80],[-106,177],[-6,287],[-433,351],[-67,304],[-481,536],[-408,193],[-14,931],[-627,693],[-14,506],[-160,149],[-532,199],[-317,-105],[-149,-1091],[-211,-188],[-65,-249],[-107,-82],[-424,165],[-481,17],[-650,-475],[-666,-293],[-357,130],[-399,309],[-9,144],[172,127],[-428,558],[-717,119],[-846,569],[-717,44],[-278,-312],[-554,-22],[-307,-426],[-503,-25],[-197,-91],[-691,-599],[-102,22],[-126,210],[-141,-11],[-180,-152],[-312,-663],[-76,-613],[-53,-155],[-135,-94],[0,-337],[-129,-144],[-296,64],[-118,-133],[-48,-431],[192,-475],[-51,-292],[-197,-45],[-171,144],[-166,3],[-205,-108],[70,-191],[-65,-157],[-149,-6],[-233,241],[-124,27],[-360,-403],[-140,-39],[-172,147],[-143,-31],[-69,-149],[-179,-64],[-215,-379],[-312,-120],[70,-262],[-310,-235],[-379,39],[-653,-301],[-359,-25],[-599,191],[-214,-20],[-163,-171],[-127,-22],[-382,-11],[-720,185],[-385,-80],[-470,-384],[-61,-337],[-256,-14],[-1122,-865],[-436,-895],[-205,-165],[-315,-547],[-399,-354],[-381,-56],[-214,-228],[-222,7],[-179,-180],[-172,66],[-85,-328],[-203,-18],[-246,-262]],[[1784861,2752679],[-780,-395],[-253,-283],[-197,-556],[513,-1005],[778,-972],[190,-432],[90,-452],[290,-284],[20,-226],[-400,-413],[-380,-245],[-439,-147],[-580,59],[-330,-207],[-409,-1119],[-530,-540],[-370,-746],[-81,-1039],[-569,-373],[-99,-263],[71,-179],[211,-166],[309,-21],[344,145],[605,7],[478,-214],[365,-594],[-35,-559],[-162,-221],[-527,-352],[-935,-394],[-98,-186],[-21,-470],[386,-587],[1378,-553],[471,-690],[134,-649],[-78,-518],[29,-767],[203,-1229],[499,-1485],[-21,-228],[-372,-483],[42,-483],[98,-249],[239,-200],[317,-35],[372,97],[858,428],[232,69],[211,-48],[84,-152],[-225,-1506],[127,-172],[309,-125],[436,-76],[316,56],[162,925],[168,490],[253,380],[275,-96],[695,-608],[788,-408],[1286,-297],[190,-172],[267,-525],[162,-131],[225,7],[239,131],[534,525],[379,41],[92,-110],[98,-445],[-276,-773],[-26,-488],[259,-608],[339,-379],[108,-348],[-91,-525]],[[1789660,2719642],[-186,33],[-832,-1082],[-194,-396],[91,-404],[-39,-321],[-232,-314],[-390,-242],[-223,-25],[-52,-97],[-594,237],[-1011,745],[-214,72],[-310,-127],[-172,-397],[-197,-1727],[-383,-739],[-316,-100],[-524,35],[-1167,618],[-281,-18],[-502,-248],[-197,-242],[-352,-829],[87,-960],[-148,-27],[396,-1861]],[[1781718,2711226],[-314,-7],[31,244],[-191,202],[93,144],[-137,206],[68,213],[-107,243],[-218,128],[89,325],[-403,203],[-197,519],[-157,83],[-894,-1680],[-197,-47],[-765,141],[-489,448],[-532,-107],[-147,-170],[-446,227],[-304,13],[6,198],[-222,355],[-339,226],[-206,263],[-162,479],[-275,336],[-27,293],[-894,495],[-119,279],[-201,94],[-530,763],[-35,359],[-306,435],[225,124],[102,321],[-499,325],[-324,563],[-123,414],[-485,166],[-249,241],[-331,577],[-815,421],[-156,370],[-698,914],[-989,928],[-303,528],[-171,97],[-268,-29],[-384,137],[-350,-52],[-280,-304],[-618,161],[-485,589],[-784,472],[-43,106],[137,70],[1656,487],[282,4],[407,518],[574,236],[361,458],[181,-31],[692,361],[71,414],[-255,481],[-32,236],[100,1009],[-47,433],[-613,315],[-534,-89],[-761,151],[-367,211],[-2497,255],[-546,-180],[-1054,-54],[-454,-187],[-249,-692],[-230,-244],[79,-329],[-173,-458],[-353,-326],[-955,-87],[-881,121],[-331,124],[-970,39],[-519,-195],[-612,-619],[-228,46],[-168,-54],[-47,-100],[-468,-25],[-388,-290],[-329,-29],[-152,121],[-97,-71],[-316,79],[-93,-58],[-38,-340],[-282,-203],[67,-476],[-55,-257],[321,-415],[-333,-1342],[76,-365],[299,-588],[988,-853],[407,-583],[44,-810],[-645,88],[-239,-69],[-515,233],[-121,-17],[-194,-178],[-7,-389],[-399,-369],[-620,-161],[-643,-340],[-242,16],[-710,-2511],[-430,-149],[-139,-572],[-629,-667],[-143,-485],[59,-477],[-304,-290],[-17,-335],[-328,-302],[-102,-495]],[[1750110,2712548],[-224,-96],[-164,-178],[-245,-45],[-76,-121],[-168,96],[-228,8],[-291,261],[-591,182],[-206,174],[-654,-244],[-1181,-120],[-527,219],[-856,191],[-224,-12],[-324,-170],[-245,178],[-72,-95],[47,-121],[-144,-12],[131,-178],[-459,-94],[194,-85],[-171,-199],[-569,-64],[-222,-111]],[[1879822,2742962],[-502,373],[-957,489],[-591,538],[-898,141],[-477,-33],[-771,-224],[-418,-203],[-721,-567],[-304,0],[-2020,1209],[-818,307],[-747,128],[-362,187],[-253,265],[-376,700],[-1017,502],[-429,712],[-764,183],[-358,344],[-198,82],[-739,-77],[-766,48],[-274,-131],[-232,-421],[-310,-1305],[-253,-428],[-478,-332],[-1176,-200],[-356,-207],[-162,-345],[-21,-373],[-394,-643],[-35,-1146],[-147,-276],[-260,-256],[-591,-200],[-780,90],[-155,-104],[-302,-504],[-330,-276],[-471,-49],[-429,145],[-288,-20],[-366,-145],[-618,-477],[-696,-276],[-331,-28],[-182,194],[-914,1844],[-457,290],[-598,241],[-660,97],[-1048,290],[-267,104],[-393,476],[-626,187],[-668,103],[-443,166],[-660,-111],[-542,111],[-724,428],[-773,269],[-1844,1074],[-518,182],[-258,0],[-495,-94],[-793,-287],[-917,-669],[-528,-287],[-1170,105],[-422,-43],[-1277,-775],[-254,-344],[-244,-542],[-25,-320],[-751,-87],[-392,-203],[-325,-45],[-844,-961],[-742,-29],[-856,-340],[-363,-344],[-434,-108],[-814,-418],[-1011,39],[-382,757],[-568,182],[-653,514],[-866,293],[-551,-61],[-793,-458],[-410,-553],[-158,-436],[-365,-509],[-309,-116]],[[1826594,2739965],[-186,492],[146,188],[-45,363],[190,128],[10,110],[-256,359],[94,87],[-45,166],[119,55],[-161,110],[-109,1067],[73,249],[-28,286],[148,218],[-67,142],[158,110],[-38,131],[130,304],[-110,579],[-209,480],[-565,256],[-598,650],[-127,421],[94,385],[316,671],[246,68],[185,-286],[573,173],[513,-263],[-127,1011],[-188,391],[364,930],[-82,886],[121,191],[-3,444],[164,277],[255,99],[-64,364],[201,447],[-234,203],[12,113],[310,251],[209,-6],[301,164],[154,-242],[1124,9],[1214,-376],[318,501],[737,447],[523,467],[679,300],[580,626],[222,80],[563,-8],[116,170],[-192,168],[91,230],[132,60],[17,149],[199,230],[14,128],[517,411],[413,219],[669,949],[-131,622],[-502,617],[114,443],[48,910],[178,-33],[539,122],[-130,963],[38,396],[202,367],[95,855],[-118,454],[-308,626],[420,768],[-116,674],[109,849],[-211,133],[-478,72],[-118,218],[4,261],[-171,269],[-131,0],[-71,-246],[-108,-13],[-538,197],[-57,164],[123,149],[-28,95],[-646,135],[-52,288],[369,884],[53,402],[-65,761],[-159,418],[20,434],[-191,641],[-3,144],[237,-62],[-6,67],[-131,71],[-179,-53],[-211,-372],[-1193,211],[-1211,808],[-607,690],[-776,166],[-228,184]],[[1830049,2773696],[314,58],[464,352],[346,32],[392,536],[420,228],[848,-43],[674,-170],[150,118],[342,16],[272,450],[369,126],[335,253],[675,-33],[478,188],[619,386],[2031,-769]],[[1838778,2775424],[1110,-6],[662,293],[1080,-39],[171,58],[465,498],[289,1242],[548,1101],[466,435],[112,212],[300,195],[117,-381],[486,-893],[231,-107],[244,-3],[279,-378],[236,-133],[315,-390],[141,-375],[230,-287],[-126,-517],[264,3],[34,-58],[59,-600],[-671,-1562],[318,-310],[135,-280],[-334,-59],[-370,-313],[-43,-348],[148,-388],[391,-47],[477,-429],[71,-211],[232,-129],[52,-443],[528,-374],[479,-98],[430,-199],[1302,333],[1159,-3],[1471,-1200],[604,-301],[566,-903],[146,-738],[911,-707],[326,-514],[216,-563],[538,-860],[37,-834],[313,-240],[293,-611],[179,-48],[377,106],[625,28],[841,-358],[606,-78],[406,-379],[120,-2],[138,-275],[1044,-258],[460,-388],[305,75],[790,471],[250,-152],[572,-18],[296,-231],[552,-41],[541,-231],[646,133],[391,-332],[284,-410],[673,268],[478,29],[520,1145],[238,244],[657,212],[400,688],[611,106],[270,-89],[173,-755],[290,-712],[212,-1142],[193,-327],[-25,-692],[65,-204],[173,-66],[458,61],[961,-527],[660,-472],[348,-142],[431,-31],[132,-107],[39,-1071],[483,-2105],[977,-1089],[742,-672],[81,-769],[552,-517],[-57,-228],[-581,-614],[-259,-1025],[-254,-313],[5,-303],[567,-673],[394,-846],[503,-231],[235,-241],[220,-655],[613,-431],[1177,-1259],[371,-663],[457,-1395]],[[1761080,2696846],[59,-80],[253,-28],[318,-154],[150,-188],[171,51],[198,-156],[-60,-78],[172,-224],[300,91],[511,-125],[124,-230],[177,97],[118,-102],[239,85],[242,-33],[-149,196],[160,174],[186,-33],[113,-146],[179,0],[124,-130],[533,118],[166,182],[188,-239],[281,23],[148,-176],[198,167],[364,61],[404,-80],[246,187],[294,43],[3,-219],[176,-152],[474,112],[285,-99],[283,82],[552,-190],[-6,-236],[279,-114],[101,-283],[130,-118],[-46,-137],[-139,-91],[-2,-132],[326,-224],[4,-219],[141,-114],[5,-264],[135,-304]],[[1770188,2693417],[-478,-138],[-334,-796],[-220,-296]],[[1735505,2661804],[43,530],[378,-25],[98,66],[537,683],[-72,514],[295,556],[-54,89],[-148,16],[-297,-213],[-188,-29],[-254,317],[30,191],[236,120],[983,37],[25,195],[-215,385],[114,112],[363,87],[198,269],[-42,183],[-372,87],[-202,165],[-337,883],[-410,116],[-468,609],[-277,197],[-254,56],[-299,390],[11,178],[124,134],[915,237],[222,275],[88,785],[-67,1192],[-61,174],[-306,105],[-55,91],[386,129],[105,238],[-234,104],[-561,-189],[-223,-209],[-234,487],[-251,308],[-11,150],[555,47],[268,326],[38,254],[-194,106],[-515,-143],[-295,19],[-42,356],[126,137],[384,-125],[238,98],[23,644],[319,205],[73,228],[288,350],[60,754],[112,379],[-74,114],[-200,-48],[-4,-454],[-89,-116],[-143,23],[-391,361],[-73,372],[351,626],[35,195],[-108,75],[-351,-116],[-261,3],[-338,274],[-41,461],[316,376],[49,171],[-104,243],[-231,106],[416,524],[346,203],[57,208],[-148,0],[-10,74],[203,297],[116,-69],[124,55],[182,-144],[11,-113],[168,12]],[[1736010,2679927],[84,-99],[310,131],[459,44],[128,130],[177,-122],[438,79],[260,-76],[183,56],[4,162],[87,54],[322,-131],[-61,218],[-251,88],[-12,96],[419,-4],[102,269],[-98,201],[151,163],[82,-97],[119,35],[177,315],[258,-125],[197,136],[16,111],[-201,171],[85,137],[456,-97],[-32,556],[-120,176],[169,85],[-21,105],[156,128],[234,594],[286,-145],[161,449],[320,-4],[351,225],[292,324],[644,69],[94,82],[32,246],[411,297],[152,-136],[340,94],[287,394],[99,505],[175,120],[73,208],[260,-53],[266,217],[136,599],[299,345],[128,311],[218,163],[332,695],[679,403],[493,36],[116,257],[208,91],[202,387],[277,276],[-39,363],[83,213],[312,74],[289,204],[63,256],[163,-43],[179,133],[10,486],[568,537],[434,967],[53,239],[-61,99],[14,572],[-88,599],[243,306],[202,555],[221,147],[-33,383],[91,189],[175,191],[396,154],[267,539],[657,763],[837,290],[82,147],[19,367],[431,-13],[277,-133],[0,-107],[-327,-431],[552,-346],[342,-362],[129,-426],[21,-533],[198,-278],[431,168],[339,-180],[443,-18],[179,-203],[378,64],[408,-95],[495,171],[158,262],[588,208],[294,-18],[136,87],[60,153],[896,30],[499,196],[169,15],[112,-111],[101,72],[268,-49],[363,161],[385,-39]],[[1816146,2674014],[-64,-663],[232,-414],[-175,-206],[32,-146],[-109,-175],[80,-174],[-24,-190],[-204,-145],[121,-219],[-172,-110],[56,-222],[-234,-209],[66,-181],[-122,-192],[290,-47],[30,-232],[219,-44],[54,-140],[261,-15],[56,82],[145,-195],[294,113],[337,-299],[884,212],[175,-617],[-214,-580],[142,-238],[0,-236],[-127,-82],[6,-221],[-134,-84],[-124,-420],[246,-186],[-3,-288],[-311,-190],[86,-256],[-116,-84],[-12,-140],[83,-120],[-92,-29],[-133,-332],[-104,-20],[-133,-325],[-194,-162],[28,-332],[-212,-451],[-4,-406],[63,28],[260,-321],[-56,-66],[61,-369],[-266,-218],[-115,-294],[-152,-96],[-73,-319],[-213,-181],[100,-217],[-89,-222],[39,-828],[309,-228],[917,186],[974,-749],[309,-146],[517,-105],[484,6],[594,-168]],[[1770188,2693417],[821,387],[1377,1716],[1345,962],[2005,1961],[515,350],[2071,479],[775,426],[884,1402]],[[1779981,2701100],[135,-536],[-146,-525],[50,-690],[-371,-448],[-17,-856],[-337,-591],[90,-249],[365,-442],[130,-569],[292,-381],[129,-702],[489,-657],[0,-404],[-190,-269],[-21,-363],[-548,-621],[21,-404],[224,-402],[-219,-279],[-31,-509],[216,-555],[-146,-284],[-489,-553],[47,-381],[405,-392],[96,-188],[37,-782],[317,-315],[324,-605],[362,-229],[-59,-381],[48,-127],[1170,-94],[506,-959],[475,-113],[118,-108],[70,-226],[-109,-257],[70,-362],[422,-594],[315,17],[84,-127],[28,-360],[340,19],[517,325],[246,-66],[183,-735],[425,-480],[-42,-915],[88,-691],[263,-321],[615,55],[682,-559],[794,-249],[-56,-442],[563,-238],[823,-1050],[7,-162],[-211,-380],[246,-521],[569,17],[770,442],[706,-45],[285,-324],[165,-59],[99,52],[154,193],[-3,124],[-201,287],[-17,1032],[204,415],[-144,445],[77,138],[267,100],[745,-89],[193,-166],[464,-145],[443,93],[721,-632],[207,-65],[1367,89],[290,98],[528,-309],[147,-17],[472,232],[669,-320],[473,60],[84,-237],[-214,-757],[45,-492],[973,-1204],[112,0],[141,287],[107,39],[422,-50],[472,-232],[231,50],[262,381],[485,291],[95,-83],[81,88],[-30,278],[106,95],[-89,120],[211,87],[21,71],[-160,137],[101,78],[185,-182],[17,-211],[186,-108],[-42,-211],[105,-170],[338,240],[219,17],[80,-742],[118,-141],[228,572],[198,224],[139,509],[135,91],[772,278],[177,178],[348,-141],[246,152],[252,11],[161,277],[-15,252],[126,98],[174,-23],[536,-487],[41,101],[-113,151],[114,248],[193,236],[129,-45],[41,190],[134,71],[30,-66],[38,120],[219,104],[-2,157],[393,-88],[-38,145],[706,314],[105,-66],[100,61],[68,-113],[301,292],[187,4],[5,165],[172,-9],[273,211],[125,123],[33,320],[134,254],[10,517],[474,231],[211,244],[-53,410],[-182,254],[192,470],[137,140]],[[1826594,2739965],[-292,-335],[-202,-66],[-68,-705],[-835,-25],[-371,-215],[-169,-775],[-122,-108],[-223,-12],[-123,103],[-4,145],[215,137],[-84,249],[-156,33],[-329,-307],[-85,-12],[-36,109],[-331,176],[-572,-121],[-338,-242],[-274,59],[-207,-55],[-440,-273],[-337,24],[-366,-86],[-274,62],[-305,-97],[-313,4],[-306,210],[-246,-38],[-253,80],[-243,255],[-583,80],[-63,151],[-260,156],[-299,-42],[-401,221],[-263,318],[31,252],[-527,-27],[-418,493],[-134,332],[-411,183],[-28,231],[-425,297],[-88,342],[-1093,324],[-106,152],[-611,18],[-281,-170],[-144,25],[-201,266],[-289,-89],[-146,247],[-381,-58],[-444,83],[-226,481],[-322,74],[-79,86],[104,374],[-25,275],[-284,173],[-230,386],[-323,58],[-339,448],[-226,-37],[-113,-300],[-167,-86],[-900,94],[-242,-74],[-448,-333],[-322,-444],[-339,-242],[-498,-526],[-531,-120],[-134,17],[-143,526],[-385,279],[-393,202],[-933,78],[-607,255],[-305,-91],[-829,-530],[-238,-20],[-385,197],[-363,623],[-403,-23],[-297,158],[-131,-10],[449,674],[54,432],[-573,90],[-213,218],[-293,115],[-159,214],[104,317],[-83,78],[-498,53],[-699,-205],[-50,353],[-289,284],[-96,1011],[29,555],[-38,259],[-142,226],[189,785],[-490,1423],[-84,518],[-192,296],[-306,8],[-138,78],[-58,103],[33,493],[-339,391],[-402,292],[-192,698],[-406,444],[0,379],[163,435],[184,1632],[-113,124],[-175,37],[-159,234],[58,469],[-121,234],[-184,189],[-347,99],[-302,238],[-186,68],[-17,-54],[-845,411],[-226,70],[-346,-56]],[[1798283,2767675],[354,-200],[698,117],[264,-65],[434,-363],[528,-246],[316,39],[263,156],[224,362],[725,1864],[53,777],[-74,1032],[-422,1331],[352,1478],[32,460],[-32,263],[-216,382],[323,1091],[305,521],[544,400],[1265,134],[680,225],[309,286],[239,447],[375,409],[525,779],[244,175],[975,1188],[347,635],[14,1699],[450,1437],[187,364],[47,1169],[206,489],[610,828],[204,114]],[[1809631,2787452],[652,355]],[[1810283,2787807],[309,-194],[254,-352],[674,-318],[204,-711],[218,0],[295,-435],[703,-145],[605,-442],[337,-401],[380,-690],[-64,-104],[-492,-179],[-56,-636],[77,-552],[225,-435],[21,-283],[176,-49],[78,-145],[119,-490],[209,-89],[371,62],[325,-136],[219,186],[305,-45],[319,219],[388,112],[667,-112],[333,71],[274,-207],[439,-100],[25,-344],[337,-95],[317,-414],[194,53],[421,-215],[979,-199],[354,207],[405,-103],[940,377],[517,21],[179,231],[278,56],[102,293],[478,335],[302,110],[531,4],[305,228],[823,103],[931,380],[186,152],[1427,-172],[939,117],[434,220],[525,-594],[-80,-1208],[81,-1088],[461,-1108],[-95,-2953],[123,-524],[-151,-435],[-27,-363],[-387,-583]],[[2051832,2765250],[-109,238],[-295,234],[-191,37],[-64,399],[-176,131],[255,356],[-61,31],[26,133],[-205,90],[-108,259],[-175,140],[53,87],[-80,15],[-32,258],[92,136],[-21,477],[181,26],[84,280],[195,249],[111,515],[-104,163],[225,332],[-678,-207],[-329,155],[-169,-47],[-420,325],[-206,347],[-481,-268],[-126,-200],[-31,-320],[-138,2],[-269,212],[-491,-51],[-498,-159],[-134,-312],[-217,-182],[-285,-96],[-242,71],[-151,-100],[-48,-165],[-139,-48],[-343,119],[-195,-113],[14,378],[-184,387],[-250,270],[-343,32],[-211,410],[232,139],[503,80],[860,-423],[221,69],[355,319],[113,191],[135,66],[85,207],[251,20],[135,113],[265,-107],[87,219],[308,190],[47,491],[239,-15],[110,355],[368,45],[99,376],[165,180],[541,230],[156,291],[-43,261],[209,126],[46,196],[375,278],[422,-6],[128,312],[-27,343],[238,34],[142,133],[234,65],[35,258],[418,234],[-35,292],[277,126],[302,320],[864,98],[218,168],[149,289],[287,115],[271,398],[-5,390],[235,243],[49,283],[179,151],[45,213],[383,269],[-10,378],[170,457],[-109,239],[26,164],[181,81],[105,253],[115,-31],[399,225],[693,608],[253,76],[86,225],[347,64],[8,291],[224,52],[-217,383],[-512,310],[-340,94],[-517,843],[-769,316],[-243,-197],[-377,-1486],[-231,-236],[-769,-218],[-453,416],[-194,522],[-392,692],[-341,411],[-910,776],[-813,567],[-278,361],[-330,675],[432,209],[578,-104],[103,482],[-274,126],[-616,62],[105,270],[-217,162],[13,119],[278,98],[532,-156],[426,10],[272,156],[357,43],[63,118],[-142,120],[-54,594],[121,344],[189,149],[191,-69],[255,238],[313,58],[206,131],[-352,189],[-194,213],[-74,442],[133,401],[-32,169],[-937,725],[-131,402],[-184,263],[-839,807],[-454,727],[-61,477],[231,268],[882,680],[193,291],[580,1374],[323,-128],[703,123],[507,479],[192,286],[778,140],[242,473],[212,-27],[179,-295],[213,6],[609,207],[185,393],[339,223],[239,-49],[330,277],[346,-87],[661,219],[119,820],[148,258],[400,260],[512,-24],[215,285],[23,189],[-156,330],[156,323],[61,1574],[93,69],[516,13],[609,666],[26,588],[-122,1157],[110,627],[295,485],[206,-85],[623,-11],[218,67],[114,325],[-17,476],[102,108],[200,-40],[215,-182],[368,-38],[562,256],[325,-98],[325,63],[329,364],[64,819],[146,47],[369,-81],[206,183],[8,439],[-487,376],[0,156],[316,191],[711,-72],[150,116],[-199,426],[17,168],[-145,411],[178,253],[-40,486],[69,424],[-397,-267],[-473,-12],[-223,370],[-227,118],[-101,436],[-424,113],[-230,374],[-285,207],[-21,216],[-151,139],[-659,252],[-385,244],[-421,480],[-363,63],[-140,-55],[-321,125],[-302,475],[-18,206],[889,562],[441,522],[7,232],[414,384],[143,-51],[246,260],[318,-37],[101,183],[-50,131],[111,463],[191,-39],[135,-193],[32,91],[140,-70],[92,110],[174,-46],[20,105],[156,109],[231,-52],[12,313],[83,97],[420,179],[238,-92],[107,255],[378,200],[-8,317],[311,112],[196,355],[220,-210],[125,275],[184,-120],[244,74],[64,827],[174,299],[231,88],[120,-185],[187,31],[-26,-140],[191,-37],[275,276],[157,16],[179,297],[232,-116],[170,67],[81,214],[241,93],[43,230],[284,68],[160,132],[237,-94],[243,137],[66,159],[-203,216],[-27,155],[99,92],[159,-146],[100,308],[-297,497],[278,130],[-83,219],[289,246],[174,430],[-20,396],[-382,248],[62,358],[-74,232],[120,161],[24,220],[628,283],[-143,121],[48,204],[416,65],[292,-136],[1100,-1215],[35,126],[422,242],[-220,315],[207,296],[-220,155],[421,184],[160,231],[-3,210],[125,297],[406,159],[183,211],[206,53],[57,122],[167,-10],[105,381],[135,168],[392,84],[254,-121],[107,75],[32,150],[267,39],[-87,202],[63,161],[-128,121],[303,23],[86,80],[-103,105],[-272,-57],[-349,86],[8,139],[296,78],[-50,124],[-893,-80],[-438,231],[-162,231],[-72,1434],[219,1056],[6,815],[-134,207],[138,445],[-294,93],[-88,349],[-415,157],[-94,190],[-387,287],[-231,70],[-325,298],[56,256],[286,373],[14,332],[135,186],[-184,252],[398,416],[313,168],[133,279],[-275,125],[-190,321],[-199,68],[-213,487],[-176,73],[-75,237],[-217,100],[-110,159],[-226,12],[-197,151],[-335,-169],[-245,-29],[-123,153],[61,333],[-179,86],[-184,-37],[-312,-608],[-268,-2],[-202,-333],[-175,-69],[-46,206],[145,194],[-313,568],[239,690],[-87,422],[63,156],[174,128],[78,690],[606,360],[37,376],[483,233],[415,-243],[80,-134],[513,-113],[667,159],[192,158],[1225,-270],[263,113],[424,-194],[338,133],[222,-90],[118,228],[111,-120],[433,-20],[437,-475],[195,6],[237,-200],[198,52],[159,-93],[185,710],[-394,-4],[-219,220],[-87,318],[-252,249],[247,568],[-230,177],[-340,83],[-257,166],[-111,261],[29,155],[-161,-68],[-48,48],[221,153],[3,134],[-395,206],[-343,-218],[-127,29],[-414,817],[-275,149],[42,365],[314,399],[-45,317],[-2172,740],[-23,328],[-137,121],[-427,-348],[-1035,407],[-362,-401],[-139,222],[-204,-44],[-236,100],[-202,-207],[-551,-25],[-206,-338],[-181,-112],[-258,0],[-188,139],[-31,-62],[119,-177],[-64,-88],[-129,42],[-152,281],[-116,24],[-469,-401],[-261,-365],[-445,289],[-416,-96],[-472,-326],[-522,59],[-162,-101],[-264,132],[-92,-461],[-222,-27],[-69,-168],[-350,142],[-258,-45],[-319,-211],[-29,-234],[-80,-70],[-999,307],[-155,328],[-176,25],[-54,81],[145,210],[-46,83],[-837,31],[-261,-235],[-552,498],[-534,40],[-149,280],[-191,106],[-245,-53],[-467,-288],[-169,-302],[-193,-45],[-55,-370],[-352,100],[-110,-38],[65,-494],[-78,-166],[-123,38],[-165,339],[-318,-92],[-913,360],[-134,-159],[240,-129],[20,-97],[-67,-127],[-221,-26],[-69,-191],[26,-357],[-145,-110],[-501,-133],[-276,-243],[-140,5],[-552,359],[-63,368],[-242,150],[-217,5],[-790,-262],[-102,53],[-121,377],[-214,295],[-502,78],[-828,586],[-295,433],[-391,207],[80,71],[59,467],[-233,356],[156,387],[-29,97],[-148,54],[-160,-29],[-144,-462],[-420,71],[-805,-171],[-147,265],[106,392],[-180,-63],[-181,-204],[-575,82],[-516,-51],[-563,-449],[-343,-66],[-455,633],[-262,-59],[-401,247],[-131,181],[-604,20],[-355,177],[-428,-46],[-360,-542],[-148,-98],[138,281],[30,512],[-210,475],[-11,455],[219,313],[-144,296],[154,203],[-19,414],[146,277],[15,315],[120,284],[13,1098]],[[2044978,2853969],[1075,286],[274,204],[599,702],[455,-57],[533,99],[1796,991],[926,407],[518,425],[610,925],[714,888],[586,1224],[34,543],[156,404],[29,519],[152,310],[51,436],[-747,1320],[-15,168],[6,64],[540,174],[234,172],[11,282],[-190,787],[23,348],[279,375],[485,228],[257,253],[209,260],[65,420],[115,226],[436,279],[256,33],[576,-417],[652,-5],[70,-164],[264,182],[375,79],[24,649],[241,257],[47,365],[227,329],[285,672],[-65,1210],[239,111],[388,3],[701,-249],[250,6],[2643,1127],[970,251],[736,688],[217,652],[-6,337],[-445,929],[-106,435],[0,402],[186,294],[384,236],[434,-116],[532,191],[447,0],[303,-71],[402,-290],[270,-50],[-89,410],[266,373],[38,232],[-21,149],[-321,419],[-603,203],[-1303,252],[-245,179],[-228,401],[-366,112],[-566,21],[-109,187],[4,522],[198,451],[308,224],[2526,62],[182,87],[147,207],[114,858],[215,497]],[[1810283,2787807],[262,1130],[413,448],[546,418],[157,397],[289,386],[287,226],[318,597],[351,1111],[95,922],[633,1730],[21,787],[-158,1129],[474,818],[106,1295],[675,1212],[464,1740],[42,394],[780,1264],[749,1667],[42,902],[190,891],[-53,756]],[[1816966,2808027],[53,352],[579,342],[369,373],[-210,942],[158,819],[0,414]],[[1817915,2811269],[1191,-21],[696,-373],[316,394],[369,21],[285,-290],[696,-311],[1059,-997],[337,-596],[114,-551],[-101,-204],[34,-165],[733,-651],[797,-163],[329,-283],[415,54],[207,-203],[148,-37],[278,199],[696,-646],[354,45],[325,-186],[784,41],[435,-66],[143,41],[375,464],[890,228],[401,-165],[721,-150],[350,-232],[692,609],[489,-91]],[[1832473,2806984],[60,-1045],[335,-281],[31,-509],[191,-483],[183,-235],[292,-806],[-180,-473],[-73,-773],[99,-409],[-189,-599],[858,-412],[773,-677],[551,-248],[709,-1097],[17,-235],[-200,-1027],[-323,-1075],[-31,-776],[73,-332],[534,-986],[-413,-605],[-340,-845],[11,-235],[261,-387],[158,-505],[-273,-561],[-385,-552],[-138,-514],[124,-696],[-76,-1053],[247,-309],[1229,-425],[250,-387],[-135,-1039],[484,-679],[-28,-677],[-540,-798],[-787,-1859],[531,-633],[742,-434],[267,-654],[141,-105],[-250,-685],[19,-288],[386,-461],[410,-831],[264,-277],[324,-602],[-42,-781],[-208,-523],[149,-226],[188,-72],[25,-384]],[[1954770,2768510],[378,-507],[-3,-352],[-101,-188],[-320,-85],[-789,-30],[-339,-127],[-415,-254],[-374,-488],[-74,-529],[65,-962],[-48,-354],[-186,-667],[-274,-580],[-1015,-3304],[684,343],[442,418],[259,664],[264,258],[151,50],[522,-104],[592,58],[1213,644],[118,166],[116,692],[236,262],[848,-11],[518,-160],[968,62],[200,-94],[332,346],[110,25],[152,-239],[77,-380],[229,-200],[376,-114],[394,129],[204,-45],[291,-137],[206,-363],[617,-31],[710,-507],[205,8],[154,134],[372,-157],[333,49],[261,-72],[95,93],[20,225],[233,121],[350,-58],[663,86],[146,-549],[-123,-315],[172,-187],[-348,-454],[-10,-154],[726,-351],[1,-450],[261,-15],[219,-216],[301,-70],[29,-85],[-111,-179],[154,-241],[587,-413],[355,-410],[1448,-504],[207,-318],[297,-29],[415,-253],[70,-215],[533,-174],[407,-268],[279,58],[50,319],[426,184],[47,308],[250,16],[518,-195]],[[1940393,2727771],[-430,962],[-523,300],[-259,62],[-32,363],[-120,250],[-447,295],[-215,279],[-173,-25],[-234,-271],[-114,-25],[-384,261],[-417,-128],[-401,451],[-413,156],[-148,-67],[67,-451],[-113,-344],[-262,-158],[-624,-120],[-407,-263],[-567,98],[-458,-143],[-333,426],[-462,321],[-624,-80],[-211,-253],[291,-508],[-82,-265],[-123,-79],[-280,-6],[-595,139],[-316,-402],[-656,-526],[-91,2],[-250,389],[-956,191],[-297,907],[-702,-107],[-144,68],[-204,234],[-173,553],[-392,564],[-102,275],[112,415],[192,308],[-103,827],[329,791],[14,324],[-636,746],[-76,787],[-215,638],[-616,259],[217,507],[-158,290],[-468,305],[173,458],[-87,263],[-569,435],[261,402],[-143,497],[-371,545],[-730,162],[-723,431],[-567,648],[-409,242],[-494,133],[-439,599],[-158,598],[-462,197],[-326,-23],[-178,73],[-107,191],[-27,576],[181,526],[-19,346],[-232,263],[-715,144],[-158,227],[-91,881],[-92,114],[-369,97],[-176,134],[64,580],[-672,497],[1050,1058],[160,378],[246,292],[-618,1188],[-397,1481],[119,470],[485,373],[915,350],[117,143],[121,423],[160,163],[1096,596],[552,18],[150,86],[582,1015],[166,814],[74,1036],[125,432],[410,653],[368,390],[205,400],[418,312],[799,310],[1006,726],[311,309],[1138,772]],[[1927732,2761717],[412,-763],[124,-645],[256,-636],[594,-629],[1061,-1427],[260,-791],[289,-154],[884,-4],[239,-138],[516,-605],[710,-56],[231,-171],[273,41],[747,560],[256,81],[384,-33],[491,-340],[314,4],[169,154],[594,977],[694,377],[132,162],[103,580],[120,240],[342,121],[359,264],[33,93],[-210,377],[29,179],[301,154],[136,280],[421,198],[112,276],[413,118],[185,385],[331,211],[412,89],[236,199],[342,-53],[351,207],[450,134],[604,-176],[387,6],[455,-266],[122,-243],[470,47],[157,233],[250,100],[478,-60],[472,251],[236,333],[-28,377],[205,453],[224,113],[80,228],[621,181],[141,216],[45,388],[-137,551],[217,307],[17,437],[355,-15],[222,92],[104,433],[361,-270],[315,180],[299,25],[168,353],[-257,294],[38,264],[125,158],[313,144],[206,426],[-44,294],[200,228],[593,41],[308,171],[457,16],[204,187],[216,-60],[665,234],[234,20],[160,-125],[295,-5],[414,-210],[435,341],[441,-182],[650,243],[305,-68],[144,92]],[[1818958,2828266],[-434,-132],[-236,-436],[-208,-669],[-45,-1188],[551,-1607],[376,-1516],[-79,-1009],[606,-1157],[264,-924],[-79,-207],[-343,-233],[-299,-406],[-307,-630],[-150,-1519],[44,-1450],[-184,-760],[-44,-570],[228,-923],[-8,-225],[-431,-699],[-422,-242],[9,-224],[148,-271]],[[1816966,2808027],[-76,-84],[-236,-16],[-316,33],[-203,112],[-223,-25],[-144,116],[-341,-62],[-135,746],[-586,410],[-296,373],[-434,290],[-148,323],[-206,33],[-21,290],[-211,514],[-937,37],[-362,220],[-650,-178],[-476,315],[-633,107],[-240,-83],[-376,-451],[-67,-187],[-262,-240],[-704,46],[-548,381],[253,563],[388,1372],[-384,605],[-577,474],[-147,284],[15,388],[129,312],[776,514],[48,246],[-70,295],[132,420],[-20,437],[-745,395],[-903,897],[-166,743],[-351,382],[-166,638],[-453,698],[-67,302],[84,419],[388,365],[554,735],[290,779],[174,257],[681,594],[-422,-72],[-194,110],[-42,277],[185,132],[-447,470],[-537,143],[-382,221],[-40,64],[124,273],[-495,-207],[-64,-171],[-268,44],[-444,-121],[-239,60],[-1524,-436],[245,461],[-6,174],[-272,224],[-31,342],[-400,454],[79,22],[93,345],[247,86],[57,331],[180,160],[-987,520],[-169,287],[-337,171],[-121,514],[-627,500],[-121,483],[95,395],[-70,147],[236,88],[141,337],[-120,201],[-182,-4],[-125,172],[-210,35],[27,437],[-289,126],[-69,131],[6,141],[150,137],[-82,105]],[[2000839,2777866],[-405,-80],[-78,-110],[241,-362],[-202,-491],[0,-364],[-177,-498],[239,-647],[-804,-833],[-389,-724],[55,-114],[303,-44],[-82,-172],[188,-288],[390,-177],[73,-409],[-369,-248],[-84,-317],[-220,-263],[-37,-272],[-929,-585],[71,-222],[-282,-125],[-126,-192],[-185,10],[-159,-303],[-117,79],[-332,-211],[36,-174],[229,-169],[196,-460],[-100,-247],[-373,-198],[-98,-290],[-236,78],[-84,-165],[23,-568],[176,-95],[58,-131],[-46,-217],[216,-317],[334,30],[-50,-144],[55,-178],[268,-268],[709,-381],[607,-188]],[[1954770,2768510],[277,346],[406,95],[97,397],[261,246],[-114,394],[167,738],[478,70],[12,130],[-112,188],[49,70],[476,4],[202,215],[180,68],[719,-167],[508,337],[633,-153],[343,-273],[668,-146],[641,-10],[768,221],[113,192],[619,232],[-27,244],[108,278],[-33,300],[838,1389],[233,87],[241,-84],[175,75],[66,220],[276,-48],[128,172],[219,-92],[53,404],[276,334],[121,-89],[159,8],[351,148],[105,-353],[359,8],[180,-72],[777,267],[457,-102],[319,93],[65,-84],[-19,-305],[445,116],[152,-58],[159,-236],[187,165],[206,-133],[326,128],[125,-156],[191,45],[287,-103],[226,237],[201,-28],[335,332],[235,4],[140,281],[240,7],[212,104],[332,-5],[245,-143],[143,199],[445,70],[685,-151],[62,-174],[178,-14],[179,93],[103,311],[137,114],[808,-18],[167,-167],[656,176],[122,-263],[808,-19],[286,-115],[248,222],[773,198],[153,347],[270,234],[382,-72],[627,1189],[101,475],[361,394],[35,441]],[[1979561,2778529],[294,190],[468,90],[609,-297],[404,-100],[355,167],[186,248],[572,155],[471,369],[270,-103],[468,74],[205,-68],[386,-438],[167,-351],[-35,-505],[115,-285],[329,-346],[465,-94],[99,-137],[-84,-1181],[-432,-441],[-294,-576],[-76,-320],[23,-465],[664,-1109],[560,12],[321,207],[225,-12],[199,-120],[338,-463],[179,-79],[669,204],[266,195],[486,618],[244,174],[392,731],[368,461],[609,118],[266,186],[159,263],[190,682],[485,308],[118,284],[298,352],[251,1026],[493,289],[711,52],[1096,-238],[572,-320],[188,-28],[657,168],[880,635],[742,99],[608,375],[920,199],[153,-47],[142,-230],[282,-177],[488,-506],[1094,-558]],[[1886668,2710215],[679,-193],[168,118],[388,656],[214,12],[415,-193],[176,93],[710,73],[439,-573],[323,-7],[1125,-311],[622,425],[288,393],[766,173],[218,166],[144,462],[886,1212],[109,525],[172,187],[109,341],[302,487],[4,794],[183,770],[-447,974],[-4,349],[67,293],[232,390],[95,73],[470,34],[289,256],[-67,666],[-288,612],[-461,649],[-17,946],[-201,311],[-695,483],[-587,684],[-268,718],[-17,476],[67,473],[312,722],[-45,566],[-127,221],[18,235],[611,1043],[426,2089],[200,190],[214,76],[327,531],[176,1016],[-366,1001],[-2042,908],[-825,874],[-890,1474],[-446,521],[-302,42],[-707,-263],[-534,-466],[-271,-614],[-249,-190],[-253,7],[-685,607],[-503,246],[-313,38],[-826,-373],[-288,-18],[-882,480],[-545,466],[-903,442],[-654,833],[-327,770],[-35,697],[-453,749],[165,532],[7,273],[-88,221],[-271,421],[-1549,1678],[-531,705]],[[1879822,2742962],[162,259],[267,790],[355,259],[175,453],[383,587],[145,138],[724,293],[267,345],[-197,650],[-457,1046],[710,141],[748,397],[123,563],[440,705],[306,811],[-53,1126],[74,2268],[-239,687],[52,380],[-77,1191],[-151,277],[-21,1460],[-179,577],[-85,915],[418,1088],[988,1350],[545,1143],[88,1298],[-71,321],[-128,272],[-522,529],[-14,100],[253,1506],[60,866],[141,570],[463,1160],[278,449],[211,601],[534,867],[137,776],[538,643],[-250,1132],[-168,197],[81,107],[611,480],[865,1015],[337,283],[443,218],[1054,166],[974,107],[661,-104],[558,311],[503,103],[246,190],[165,339],[299,290],[1378,-491],[870,-206],[355,-773],[107,-630],[281,-437],[180,-138],[635,-1210],[1170,1453],[1158,790],[1119,282],[883,669],[905,-973],[259,56],[658,-232],[439,-61],[629,193],[450,-5],[287,83],[326,204],[844,851]],[[1906525,2777078],[258,411],[23,316],[131,-9],[376,234],[1114,1310],[-17,195],[641,714],[316,489],[346,285],[827,945],[506,241],[190,215],[181,410],[869,386],[1252,808],[156,145],[93,381],[139,170],[1072,600],[156,344],[33,746],[435,435],[746,572],[637,54],[422,393],[278,133],[603,141],[641,-75],[557,54],[-42,-663],[194,-302],[321,-224],[172,-240],[629,-377],[278,-344],[523,-75],[295,-178],[376,-588],[270,-887],[354,-605],[17,-402],[738,-406],[624,29],[114,-75],[270,-522],[244,-273],[127,-489],[434,-680],[966,-211],[877,-21],[161,-116],[114,-232],[63,-422],[-93,-274],[76,-1628],[-76,-307],[97,-439],[4,-1123],[262,-485],[497,-364],[300,-535],[295,-319],[127,-298],[-304,-646],[-725,-726],[-93,-737],[-236,-576],[20,-682],[227,-740],[641,-570],[304,-404],[61,-437],[-72,-633],[99,-286],[129,-118],[19,-626],[-681,-1805],[118,-272],[45,-1082],[217,-766],[-1151,-1223]],[[2044978,2853969],[-921,-48],[-1007,622],[-277,43],[-555,-83],[-223,-421],[-419,95],[-253,-74],[-310,-336],[-729,-1276],[-590,-277],[-390,-587],[-232,-115],[-388,79],[-338,-85],[130,-846],[-293,-961],[-298,-170],[-940,-807],[-399,-152],[-394,-286],[-153,-370],[-168,-156],[-433,-35],[-319,-631],[-338,-206],[-474,-142],[-233,-270],[-107,-317],[-1830,-888],[-487,-430],[-125,-410],[-976,-451],[-350,-393],[-707,-208],[-1315,256],[-273,-132],[-312,-29],[-315,-192],[-323,-54],[-522,-365],[-579,-1103],[-117,-97],[-881,4],[-935,-193],[-616,-277],[-972,-624]],[[2022292,2840571],[-85,139],[-236,80],[-784,-111],[-717,55],[-104,89],[-40,804],[-216,251],[-622,221],[-275,450],[-233,147],[-495,-97],[-557,-428],[-411,-964],[-360,-575],[-1104,-987],[-427,-512],[-5,-392],[127,-422],[-88,-575],[200,-471],[-2,-239],[-528,-643],[-140,-439],[-310,29],[-209,-126],[-307,-1030],[-390,-524],[-578,-265],[-315,10],[-1090,-191],[-466,354],[-325,1],[-541,-283],[-176,-243],[-169,-447],[-63,-667],[-504,0],[-550,-506],[-301,137],[136,302],[-225,238],[-390,76],[-403,-29],[-353,143],[-348,361],[-100,-7],[-39,-159],[-764,359],[-232,347],[-329,249],[-217,654],[-91,87],[-791,9],[-2066,945],[-357,-73],[-584,51],[-448,250],[-896,239],[-663,457],[-89,-16],[-193,-302],[-164,68],[-810,8],[-334,134],[-141,291],[105,548],[-40,217],[393,142],[134,256],[184,54],[137,574],[580,183],[308,-126],[44,166],[272,61],[-63,229],[50,609],[-89,412],[70,323],[-119,292],[119,202],[47,356],[117,62],[420,-77],[231,-223],[485,171],[408,-303],[219,11],[465,543],[-98,463],[282,561],[449,-248],[286,347],[148,44],[317,336],[462,-25],[398,-156],[179,95],[560,69],[457,559],[-42,451],[246,230],[203,61],[203,-87],[278,60],[245,189],[75,208],[562,-258],[122,106],[238,-24],[235,274],[334,199],[-8,356],[74,150],[457,186],[-39,354],[74,303],[224,152],[55,291],[-103,1192],[-65,382],[-280,185],[-40,343],[-244,484],[-88,444],[47,309],[123,144],[-26,135],[89,64],[178,485],[-173,249],[-148,672],[-580,672],[0,176],[214,388],[-181,904],[97,523],[-42,247],[-231,235],[88,210],[-128,201],[64,564],[-144,401],[72,155],[-68,231],[96,177],[-86,157],[250,565],[-158,498],[572,240],[172,194],[-104,109],[-303,-44],[-37,126],[253,149],[217,275],[406,156],[157,-21],[129,-218],[467,138],[750,-277],[906,63],[1408,822],[577,775],[376,111],[975,679],[241,430],[364,1418],[22,428],[716,169],[262,-22],[208,-122],[318,-1],[943,-361],[209,-147],[-376,-1027],[-67,-425],[159,-528],[15,-757],[-135,-744],[54,-486],[-244,-475],[297,-424],[729,-129],[299,36],[1136,443],[174,445],[402,-30],[1096,-336],[523,235],[391,299],[200,-53],[224,-271],[192,40],[135,149],[55,295],[-121,401],[29,193],[194,308],[332,54],[335,229],[431,66],[448,400],[112,274],[-120,705],[159,420],[3,271],[-292,269],[-107,262],[47,446],[-97,476],[45,148],[276,116],[195,247],[52,204],[-98,458],[359,261],[-136,372],[-127,1019],[773,879],[85,501],[707,446],[56,311],[-90,205],[17,486],[431,655],[150,130],[449,-177],[561,-22],[223,274],[73,381],[525,618],[167,392],[768,388],[603,511],[-119,380],[-364,282],[116,395],[-129,589],[297,372],[-204,290],[-30,227],[-256,260],[-3,189],[110,132],[-143,236],[95,217],[17,456],[-274,537],[-61,493],[-226,462],[-99,41],[-207,-263],[-162,23],[-234,306],[-270,172],[-177,11],[-158,408],[-127,35],[-508,-157],[65,207],[-194,153],[-213,-12],[-141,-218],[-865,238],[97,661],[285,249],[-11,101],[-200,156],[82,238],[-31,224],[114,265],[-106,85],[-118,369],[23,163],[184,181],[-106,227],[-27,599],[-368,444],[-186,656],[-85,349],[74,321],[-60,356],[-309,328],[-179,463],[-401,656],[-618,41],[-257,-169],[-281,-356],[-130,-14],[-260,138],[-299,577],[-422,145],[-137,193],[-174,1056],[68,1102],[208,705],[218,230],[871,426],[1290,1923],[139,829],[-88,832],[-193,596]],[[1877270,2800404],[-1207,1118],[-981,208],[-558,352],[-335,366],[-518,277],[-210,269],[-313,106],[-329,-83],[-160,109],[-155,241],[-77,800],[-401,499],[-168,838],[-109,86],[-664,-302],[-1736,831],[-753,243],[-365,-114],[-66,383],[-603,49],[40,250],[-177,248],[20,222],[-390,206],[-258,-207],[-455,151],[-1086,21],[-272,-119],[-205,-287],[-152,-78],[-382,108],[-192,151],[-364,-157],[-317,20],[-163,162],[133,193],[-176,78],[-38,104],[-601,-29],[57,162],[191,139],[-49,222],[-298,64],[-326,-52],[-416,107],[-59,97],[140,141],[9,116],[-332,66],[-399,310],[-236,44],[-248,315],[-332,11],[62,306],[-73,86],[-334,-232],[-383,304],[-169,-28],[-157,-141],[-101,194],[-1074,-108],[-807,218],[-318,163],[-186,-135],[-410,-80],[-433,331],[-731,296],[-157,-80],[-324,8],[-118,-293],[-464,-55],[-118,-160],[-405,-86],[-458,-362],[-307,-364],[-528,11],[-349,135],[-661,-265],[-1135,-218],[-254,52],[-196,-334],[-321,-102],[-365,-255],[-346,-516],[-661,33],[-624,-580],[-326,36],[-419,-83],[-810,138],[-512,-39],[-1268,141],[-666,448],[-591,870],[-579,467],[-247,837],[-332,298],[-464,243],[-250,627],[-737,-33],[-796,144],[-666,229],[-422,384],[-379,52],[-132,155],[-183,547],[-329,86],[-186,207],[28,605],[-447,58],[-590,461],[-438,-46],[-124,-338],[-456,130],[-278,-83],[-214,-177],[-51,-489],[-312,-500],[3,-428],[203,-607],[-107,-431],[101,-401],[-579,-398],[-14,-643],[-225,-249],[-107,-740],[-250,-406],[-402,-1086],[-127,-155],[-171,-49]],[[1779981,2701100],[649,1270],[1137,905],[297,339],[1803,1149],[144,417],[-1018,3086],[-520,603],[-190,-136],[-464,830],[-101,1663]],[[1906525,2777078],[-568,497],[-568,1099],[-287,249],[-410,670],[-390,440],[-369,75],[-77,164],[-110,14],[-197,225],[-265,698],[-757,345],[-596,79],[-158,-52],[-64,103],[-149,-70],[-146,133],[-76,-131],[-145,48],[-30,-137],[-110,33],[7,131],[-118,-13],[-17,66],[-209,-12],[-32,-91],[-238,-62],[-329,228],[-90,-11],[-241,170],[-44,170],[-129,17],[-38,116],[-331,114],[15,190],[-154,21],[-447,437],[-103,302],[-304,232],[-114,245],[-188,75],[-210,372],[-220,15],[-29,188],[-182,19],[40,118],[-90,13],[-32,182],[-110,72],[51,174],[-192,177],[144,254],[-325,290],[10,119],[-166,250],[299,363],[186,398],[-433,134],[-196,265],[-76,249],[95,327],[-179,176],[38,187],[-158,93],[27,292],[325,522],[139,102],[291,10],[106,104],[166,-114],[144,56],[19,143],[-142,215],[131,328],[205,68],[284,-47],[411,359],[538,123],[63,777],[58,97],[207,38],[106,254],[-172,183],[115,100],[239,12],[61,347],[91,116],[195,35],[308,-130],[443,514],[832,363],[752,680],[271,437],[289,122],[101,-202],[104,0],[113,274],[157,146],[3,149],[163,-8],[84,-155],[161,-36],[70,238],[160,-102],[132,113],[194,301],[-118,94],[65,121],[140,45],[133,-103],[92,42],[99,143],[-71,194],[209,88],[35,234],[114,145],[-114,638],[59,427],[143,29],[203,-261],[223,95],[156,-58],[247,375],[358,86],[97,466],[113,26],[254,-142],[105,59],[55,508],[-68,319],[171,821],[-21,360],[-213,536],[-55,566],[-423,279],[-57,217],[-973,1015],[20,302],[-277,216],[287,381],[123,498],[177,119],[170,-113],[262,101],[143,341],[276,292],[-117,333],[451,487],[-35,589],[-591,607],[-304,-137],[-294,247],[-307,-206],[-217,13],[-264,808],[30,100],[-150,118],[-198,503],[-175,5],[-144,114],[-32,386],[-324,7],[-191,-230],[-159,246],[-378,5],[-34,275],[-358,-28],[-16,496],[-582,144],[-549,498],[-392,-64],[-259,488],[-276,135],[-3,330],[-207,209],[-169,-109],[-127,21],[-246,415],[-686,8],[-36,138],[224,230],[-257,230],[-194,-15],[-199,153],[-469,-11],[-383,210],[-353,-57],[-176,-334],[-380,382],[-154,-150],[-120,-401],[-169,27]],[[1950666,2835572],[210,95],[385,-17],[434,208],[375,-109],[600,41],[766,225],[988,-354],[1195,-287],[214,-137],[452,-572],[830,-414],[398,-67],[179,-346],[907,-601],[90,-224],[221,-184],[183,-421],[207,-218],[204,-504],[215,-131],[210,-4],[43,-279],[-85,-560],[-348,-369],[-179,-483],[39,-729],[-112,-803],[-826,-1291],[84,-531],[135,-162],[-315,-544],[62,-232],[-166,-489],[67,-113],[276,-144],[154,-630],[39,-595],[168,-190],[788,230],[369,303],[499,91],[606,352],[1130,27],[507,155],[246,508],[972,298],[93,116],[790,-59],[42,-397],[-257,-754],[213,-754],[-152,-567],[380,-322],[256,-490],[133,-618],[-87,-547],[94,-319],[-109,-302],[219,-890],[-115,-237],[-510,-453],[-702,-105],[-273,-187],[-257,-461],[250,-1116],[-368,-370],[-245,-107],[-39,-120],[183,-391],[-125,-308],[250,-160],[93,-208],[-36,-292],[78,-470],[-206,-326],[95,-431],[-14,-357],[557,-985],[-89,-590],[120,-306],[42,-557],[-134,-650],[669,-608],[-100,-289],[-219,-71],[-488,-726],[-160,-826],[196,-251],[150,-408],[550,-303],[474,-387],[251,-543],[-484,-493],[15,-420],[173,-561],[-13,-382],[-595,-263],[-142,-302],[-28,-376],[104,-157],[954,-555],[310,-479],[-23,-212],[-198,-286],[-45,-546],[526,-563],[65,-658],[421,-662],[-172,-497],[213,-414],[-43,-417],[-218,-542],[-118,-648],[257,-374],[34,-467],[170,-355],[493,-308],[297,-488],[548,-525],[997,-379],[442,-44],[235,254],[263,47],[406,-103],[519,15],[111,-157],[354,209],[597,-17],[239,84],[418,-113],[219,99],[207,263],[306,70],[284,-87],[728,-431],[298,-315],[236,-636],[39,-401],[-179,-563],[211,-458],[720,-524],[1157,-245],[737,-347],[548,-431],[295,-604],[351,-207],[547,-905],[-61,-517],[-497,-667],[-472,-1003],[-1087,-1126],[-484,-812],[-16,-142],[318,-1404],[185,-189],[571,-306],[304,-440],[-25,-1551],[353,-760],[268,-456],[228,-174],[240,-51],[375,134]],[[1781724,2834606],[-431,-717],[-149,-431],[-44,-449],[149,-302],[308,-259],[44,-190],[-57,-538],[-231,-459],[309,-607],[175,-647],[163,-232],[62,-469],[433,-752],[1124,-607],[619,-111],[737,-83],[247,326],[663,205],[287,-78],[191,-320],[478,-6],[113,-403],[242,-55],[191,-155],[185,22],[164,-442],[455,-398],[84,-160],[192,-143],[258,110],[467,-569],[433,-276],[124,-426],[225,-259],[-163,-608],[-529,-309],[-39,-271],[106,-22],[141,-333],[-447,-302],[-59,-543],[-211,-456],[42,-116],[409,-50],[135,-149],[-430,-597],[13,-397],[-156,-266],[-4,-389],[105,-352],[-80,-224],[126,-543],[312,-195],[131,-339],[-152,-510],[144,-278],[97,-517],[-215,-659],[33,-199],[-168,-236],[-9,-208],[47,-116],[198,-87],[202,-418],[283,-899],[-106,-153],[-257,-71],[-164,-149],[-26,-854],[-261,-480],[173,-191],[236,-882],[135,-692],[82,-1212],[-493,-343],[-499,-511],[-141,-387],[113,-662],[1377,-1706],[35,-739],[654,-1471],[253,-456],[267,-304],[338,-172],[133,-249],[-154,-912],[260,-559],[103,-995],[-246,-597],[250,-10],[-31,-98],[125,-79],[35,-137],[232,-78],[335,185],[97,-79],[-121,-5],[-10,-63],[427,128],[320,-41],[363,-315],[215,-514],[-46,-447],[76,-121],[759,-509],[454,-110],[274,-166],[281,-193],[204,-283],[267,-104],[351,-317],[-77,-656],[35,-401],[-98,-338],[84,-504],[-7,-808],[888,-818],[904,-1063],[167,-445],[280,-1764],[245,-378],[653,-14],[379,111],[801,55],[176,-83],[204,-739],[161,-69],[478,-82],[885,96],[1314,-152],[428,-338],[190,83],[408,725],[562,441],[274,118],[1166,14],[920,-442],[106,-304],[330,-400],[189,-83],[225,97],[562,34],[334,-476]],[[1740399,2703055],[673,3881],[970,2011],[-110,539],[25,352],[376,50],[312,-204],[818,-95],[333,46],[186,182],[198,-4],[30,87],[345,25],[334,-79],[400,145],[211,-116],[190,286],[721,-54],[274,286],[279,145],[164,41],[211,-74],[447,186],[93,96],[8,157],[175,19],[230,391],[215,605],[287,33],[806,-128],[379,182],[131,502]],[[1761080,2696846],[143,160],[-10,102],[-327,245],[124,132],[-36,270],[135,102],[-54,331],[441,359],[-8,160],[250,586],[284,91],[124,188],[593,456],[101,386],[110,97],[-28,147],[146,392],[-162,745],[120,266],[-120,155],[-288,-7],[-63,100],[-81,981],[127,1457],[126,180],[573,345],[390,539],[264,141],[358,418],[215,618],[24,342],[137,55],[39,211],[-81,193],[260,411],[271,0],[-668,283],[-193,207],[-63,-72],[-95,62],[-180,-73],[-98,146],[-200,69],[-176,-111],[-106,176],[-189,-107],[-324,287],[-316,-66],[-162,242],[-386,190],[-281,445],[-415,225],[-4,207],[-123,65],[0,197],[-242,187],[-25,987],[-274,135],[-541,718],[-970,611],[-485,770],[-334,-138],[-931,-55],[-1290,566],[-1184,236],[-568,331],[-917,89],[-582,177],[-274,-72],[13,-95],[-108,-79],[-149,-361],[-127,-72],[303,-415],[658,-386],[518,-517],[-181,-1755],[160,10],[776,-387],[276,4],[114,-108],[753,-261],[10,-172],[-174,-506],[-152,11],[-1385,866],[-431,-281],[-171,15],[-222,-132],[519,-367],[-107,-472],[-359,-295],[-200,-20],[-263,280],[28,-437],[-1598,-25],[-737,204],[-485,-49],[-600,270],[-60,-733],[-904,35],[92,739],[-1181,-42],[130,-677],[-359,49],[-56,-494],[-256,-625],[-682,-511],[-109,24],[-411,-514],[344,-42],[830,90],[224,-300],[127,-335],[-196,-78],[42,-220],[-139,-120],[232,-601],[-380,-224],[-303,220],[-279,-112],[-80,-219],[-206,-92],[-679,-671],[-43,-91],[211,-336],[63,-629],[-350,-638],[-177,-601],[-261,-195],[-291,-15],[-45,-130],[-458,-431],[-388,599],[-318,-787],[-1577,407],[105,1131],[-809,273],[-165,506],[-99,-137]],[[2022292,2840571],[-116,-670],[-827,-784],[-74,-646],[44,-314],[-270,-596],[-209,-831],[-500,-630],[-73,-355],[-175,-248],[-53,-529],[-180,-213],[-615,-401],[-167,-445],[-234,-1253],[219,-1730],[-15,-290],[-99,-205],[0,-411],[-158,-276],[59,-675],[-192,-710],[-447,-653],[65,-217],[260,-357],[497,-426],[360,-456],[270,-471],[168,-678],[-73,-128],[-946,-684],[-170,-301],[-1526,-1514],[-202,-381],[-333,-2354],[0,-708],[169,-183],[485,-62],[215,-161],[198,-497],[-17,-224],[-321,-626],[-388,-526],[-1147,-895],[-1223,-675],[-185,-278],[-549,-1537],[43,-348],[236,-340],[118,-377],[-47,-891],[76,-568],[249,-700],[274,-489],[21,-729],[161,-775],[-300,-1819],[-523,-974],[13,-447],[-118,-460],[198,-750],[-89,-791],[203,-435],[869,-750],[793,-904],[75,-182],[-392,-2424],[-466,-1036],[101,-1915],[-368,-389],[-396,-246],[-1282,-18],[-435,-215],[-239,-638],[-520,-784],[-256,-192],[-772,-297],[-518,-905],[-522,-226],[-196,-180],[-74,-505],[-547,-1160],[-215,-54],[-440,258],[-172,-95],[-585,-1408],[-1050,-1117],[-393,-532],[-250,-690],[48,-758],[-82,-461],[-319,-451],[-341,-723],[-273,-925],[-56,-601],[91,-797],[-207,-797],[142,-722],[-288,-508],[-14,-568],[-124,-239],[-281,-188],[-473,-24],[-180,-447],[-183,-172],[-972,223],[-1084,-361],[-647,515]],[[1736010,2679927],[-64,42],[-100,790],[-140,2359],[76,1287],[404,1531],[225,1390],[653,1700],[621,3004],[16,904],[1023,6312],[1007,3199],[668,610]]]}
