{"type":"Topology","bbox":[-74.13915863575377,7.6743509459286425,-72.88574990009123,10.867786647713306],"transform":{"scale":[0.000003385120954067422,0.0000034456095261769775],"translate":[-81.73562055563167,-4.229406466336059]},"objects":{"MGN_ADM_MPIO_GRAFICO":{"type":"GeometryCollection","geometries":[{"type":"Polygon","arcs":[[49,50,51,62,63,64,65,66,67,68,46,47,48]],"bbox":[-73.83938247942443,9.818515852363788,-73.08219523929768,10.867786647713306],"properties":{"dpto_ccdgo":"20","mpio_ccdgo":"001","mpio_cdpmp":"20001","dpto_cnmbr":"CESAR","mpio_cnmbr":"VALLEDUPAR"}},{"type":"Polygon","arcs":[[69,29,-7,70,71,15,16,72]],"bbox":[-73.7914220857472,7.990640672384059,-73.45656592097085,8.505869556052353],"properties":{"dpto_ccdgo":"20","mpio_ccdgo":"011","mpio_cdpmp":"20011","dpto_cnmbr":"CESAR","mpio_cnmbr":"AGUACHICA"}},{"type":"Polygon","arcs":[[73,74,75,57]],"bbox":[-73.63347234203042,9.719037659733532,-72.89719837915789,10.267971495786892],"properties":{"dpto_ccdgo":"20","mpio_ccdgo":"013","mpio_cdpmp":"20013","dpto_cnmbr":"CESAR","mpio_cnmbr":"AGUSTÍN CODAZZI"}},{"type":"Polygon","arcs":[[76,77,34,35,78]],"bbox":[-74.13915863575377,9.37850807026146,-73.77462173045217,9.636415388905334],"properties":{"dpto_ccdgo":"20","mpio_ccdgo":"032","mpio_cdpmp":"20032","dpto_cnmbr":"CESAR","mpio_cnmbr":"ASTREA"}},{"type":"Polygon","arcs":[[79,80,-74,58]],"bbox":[-73.64467709238838,9.585940654956367,-72.94335788848755,9.921122658443812],"properties":{"dpto_ccdgo":"20","mpio_ccdgo":"045","mpio_cdpmp":"20045","dpto_cnmbr":"CESAR","mpio_cnmbr":"BECERRIL"}},{"type":"Polygon","arcs":[[-67,81,39,40,82]],"bbox":[-74.03666732862747,9.780314379547063,-73.73078441409699,10.077501646789354],"properties":{"dpto_ccdgo":"20","mpio_ccdgo":"060","mpio_cdpmp":"20060","dpto_cnmbr":"CESAR","mpio_cnmbr":"BOSCONIA"}},{"type":"Polygon","arcs":[[83,84,11,85,86,31,32,33,-78]],"bbox":[-73.99200742788047,8.982094139884326,-73.41189247974002,9.493353681378466],"properties":{"dpto_ccdgo":"20","mpio_ccdgo":"175","mpio_cdpmp":"20175","dpto_cnmbr":"CESAR","mpio_cnmbr":"CHIMICHAGUA"}},{"type":"Polygon","arcs":[[87,60,88,-84,-77,89]],"bbox":[-73.79187907707599,9.239157284194286,-73.20743117411435,9.610152953096813],"properties":{"dpto_ccdgo":"20","mpio_ccdgo":"178","mpio_cdpmp":"20178","dpto_cnmbr":"CESAR","mpio_cnmbr":"CHIRIGUANÁ"}},{"type":"Polygon","arcs":[[7,8,9,10,-85,-89,61]],"bbox":[-73.69554530496515,9.068885598239198,-73.2701371546675,9.411561802446077],"properties":{"dpto_ccdgo":"20","mpio_ccdgo":"228","mpio_cdpmp":"20228","dpto_cnmbr":"CESAR","mpio_cnmbr":"CURUMANÍ"}},{"type":"Polygon","arcs":[[90,-68,-83,41,42,43]],"bbox":[-74.08437383823315,10.00430311801525,-73.73444711496929,10.402663817774675],"properties":{"dpto_ccdgo":"20","mpio_ccdgo":"238","mpio_cdpmp":"20238","dpto_cnmbr":"CESAR","mpio_cnmbr":"EL COPEY"}},{"type":"Polygon","arcs":[[91,-75,-81,92,-90,-79,36,37,38,-82,-66]],"bbox":[-73.83991055829325,9.52384043446608,-73.43361818602322,9.884426916990027],"properties":{"dpto_ccdgo":"20","mpio_ccdgo":"250","mpio_cdpmp":"20250","dpto_cnmbr":"CESAR","mpio_cnmbr":"EL PASO"}},{"type":"Polygon","arcs":[[-71,-6,-5,93]],"bbox":[-73.77955385168224,8.153828185153326,-73.61490833871831,8.489895710288998],"properties":{"dpto_ccdgo":"20","mpio_ccdgo":"295","mpio_cdpmp":"20295","dpto_cnmbr":"CESAR","mpio_cnmbr":"GAMARRA"}},{"type":"Polygon","arcs":[[21,94,18,19,20]],"bbox":[-73.41558226157996,8.327707424282321,-73.33928840551718,8.460663159068911],"properties":{"dpto_ccdgo":"20","mpio_ccdgo":"310","mpio_cdpmp":"20310","dpto_cnmbr":"CESAR","mpio_cnmbr":"GONZÁLEZ"}},{"type":"Polygon","arcs":[[-72,-94,-4,-3,95,96,14]],"bbox":[-73.82029039724348,8.449220289832478,-73.41175707490186,8.823716698013602],"properties":{"dpto_ccdgo":"20","mpio_ccdgo":"383","mpio_cdpmp":"20383","dpto_cnmbr":"CESAR","mpio_cnmbr":"LA GLORIA"}},{"type":"Polygon","arcs":[[59,-88,-93,-80]],"bbox":[-73.57727594907193,9.423714467244903,-73.06771030673522,9.694446344545208],"properties":{"dpto_ccdgo":"20","mpio_ccdgo":"400","mpio_cdpmp":"20400","dpto_cnmbr":"CESAR","mpio_cnmbr":"LA JAGUA DE IBIRICO"}},{"type":"Polygon","arcs":[[97,54,55]],"bbox":[-73.12837505935306,10.351820403606407,-72.88574990009123,10.436110349445276],"properties":{"dpto_ccdgo":"20","mpio_ccdgo":"443","mpio_cdpmp":"20443","dpto_cnmbr":"CESAR","mpio_cnmbr":"MANAURE BALCÓN DEL CESAR"}},{"type":"Polygon","arcs":[[-86,12,98,99]],"bbox":[-73.69909968196691,8.826996918282521,-73.4256834625069,9.07048780666887],"properties":{"dpto_ccdgo":"20","mpio_ccdgo":"517","mpio_cdpmp":"20517","dpto_cnmbr":"CESAR","mpio_cnmbr":"PAILITAS"}},{"type":"Polygon","arcs":[[13,-97,100,-99]],"bbox":[-73.80840862269471,8.646664052510998,-73.42874699697032,8.89243248879415],"properties":{"dpto_ccdgo":"20","mpio_ccdgo":"550","mpio_cdpmp":"20550","dpto_cnmbr":"CESAR","mpio_cnmbr":"PELAYA"}},{"type":"Polygon","arcs":[[-91,44,45,-69]],"bbox":[-73.79173013175402,10.319087113107726,-73.43728088689552,10.740853838378472],"properties":{"dpto_ccdgo":"20","mpio_ccdgo":"570","mpio_cdpmp":"20570","dpto_cnmbr":"CESAR","mpio_cnmbr":"PUEBLO BELLO"}},{"type":"Polygon","arcs":[[17,-95,22,101,-73]],"bbox":[-73.65492723863728,8.060366026755775,-73.35871222955163,8.368672275939039],"properties":{"dpto_ccdgo":"20","mpio_ccdgo":"614","mpio_cdpmp":"20614","dpto_cnmbr":"CESAR","mpio_cnmbr":"RÍO DE ORO"}},{"type":"Polygon","arcs":[[-98,56,-76,-92,-65,102,-63,52,103,53]],"bbox":[-73.62468456803366,9.757211567674046,-72.89609821484781,10.46192830162492],"properties":{"dpto_ccdgo":"20","mpio_ccdgo":"621","mpio_cdpmp":"20621","dpto_cnmbr":"CESAR","mpio_cnmbr":"LA PAZ"}},{"type":"Polygon","arcs":[[26,104,25]],"bbox":[-73.66924291515204,7.6743509459286425,-73.27513359319569,7.993373040738316],"properties":{"dpto_ccdgo":"20","mpio_ccdgo":"710","mpio_cdpmp":"20710","dpto_cnmbr":"CESAR","mpio_cnmbr":"SAN ALBERTO"}},{"type":"Polygon","arcs":[[-64,-103]],"bbox":[-73.59433695868044,9.865744822139096,-73.11884932898832,10.35791913246774],"properties":{"dpto_ccdgo":"20","mpio_ccdgo":"750","mpio_cdpmp":"20750","dpto_cnmbr":"CESAR","mpio_cnmbr":"SAN DIEGO"}},{"type":"Polygon","arcs":[[24,-105,27,28,-70,-102,23]],"bbox":[-73.76345421642469,7.749196476056259,-73.29779359286222,8.112756519601296],"properties":{"dpto_ccdgo":"20","mpio_ccdgo":"770","mpio_cdpmp":"20770","dpto_cnmbr":"CESAR","mpio_cnmbr":"SAN MARTÍN"}},{"type":"Polygon","arcs":[[-101,-96,-2,-1,30,-87,-100]],"bbox":[-73.87336570868231,8.734492639333249,-73.67302748037869,9.059265456442112],"properties":{"dpto_ccdgo":"20","mpio_ccdgo":"787","mpio_cdpmp":"20787","dpto_cnmbr":"CESAR","mpio_cnmbr":"TAMALAMEQUE"}}]}},"arcs":[[[2324279,3821064],[176,-699],[-16,-791],[-118,-425],[-456,-732],[-1,-1562],[-201,-1013],[-439,-935],[-157,-990],[-475,-14],[518,-3220],[120,39],[296,-1544],[1077,-2462],[1928,-2411],[957,-984],[2218,-1724],[1865,-1941],[3229,-3638],[819,-781],[1416,-1772],[851,-931],[958,-866]],[[2338844,3791668],[862,14],[794,-206],[1437,-818],[534,-686],[234,-784],[400,-720],[493,-669],[797,-211],[590,-378],[370,-348],[305,-543],[128,-479],[35,-598],[-30,-1675],[106,-1752],[496,-1892],[252,-1295],[-21,-498],[-229,21],[-255,-1600],[305,-33],[-26,-166],[-165,-598],[-192,-1373],[-262,-482],[-1,-2059],[266,-784],[201,-196],[133,-229],[34,-261],[334,-425],[33,-262],[434,-1013],[233,-784],[-1,-511]],[[2347468,3767375],[-33,-665],[-134,-229],[-502,-718],[-837,-849],[-267,-65],[-687,-423],[-272,-413],[-513,-313],[-769,-261],[-936,-554],[-267,-33],[-1016,-796],[-121,-260],[-236,-214],[-467,-1255],[-776,-1623],[-63,-373],[118,-497],[533,-1061],[246,-784],[339,-368],[66,-1347],[100,-262],[367,-490],[0,-294],[267,-1078],[33,-850],[-102,-688],[-247,-774],[-1812,-3313],[-16,-1226],[-83,-549],[-506,-655],[-68,-1822],[-214,-656],[-322,-245]],[[2338271,3741372],[140,-2578],[59,-285],[145,-228],[28,-1140],[262,-769],[57,-1738],[117,-285],[377,-1938],[262,-513],[262,-1026],[547,-729],[826,-900],[1537,-1530],[399,-899],[295,253],[516,-413],[648,-746],[826,-3467],[246,-1382],[1385,-3226],[681,-1117],[1476,-3055],[2031,-1384],[285,-319],[77,-546],[-174,-975],[-826,-2016],[101,-1740],[-205,-3341],[-509,-3394],[-29,-1330],[101,-791],[360,-904],[865,-1498],[433,-1060],[-15,-833],[634,-975],[779,-863],[1382,-1854],[1336,-1045],[903,-477],[674,-689],[487,-884],[473,-660],[803,-773],[631,-814],[257,-1123],[66,-1396],[-282,-2330]],[[2360000,3679647],[-588,-1197],[-268,-939],[372,-3478],[-470,-6361],[129,-732]],[[2359175,3666940],[59,-334],[-59,-2149],[106,-733],[43,-1686],[-90,-902],[-313,-1003],[-30,-319],[595,-5282],[-118,-668],[-847,-1972],[-503,-926],[-388,-1207],[-662,-2455],[-187,-1025],[18,-803],[368,-1106],[444,-533],[473,-422],[504,-303],[617,-572],[179,135],[162,-147],[356,-628],[94,-670],[-208,-539],[-611,-705],[80,-108],[-718,-435],[-832,-350],[-746,-561],[-546,-673],[-237,-471],[-193,-1085],[52,-1065],[418,-1562],[1230,-2302],[1015,-1695],[266,-700],[-9,-801],[-225,-657],[-422,-421],[-2318,-1532],[-557,-743],[-242,-539],[-522,-2400],[-9,-776],[94,-716],[-35,-1332],[-337,-901],[-301,-388],[-698,-488],[-337,-362],[-1146,-1626],[-173,-396],[-320,-2065],[-319,-1095],[-785,-2065],[30,-520],[189,-379],[792,-1071],[249,-1012],[-44,-640],[-190,-742],[-53,-1449],[120,-683],[224,-523],[472,-1711],[223,-1551],[258,-784],[256,-2259],[-62,-2208]],[[2352769,3594144],[-504,-1610],[-491,-985],[-201,-191]],[[2471738,3888340],[-49,-442]],[[2471689,3887898],[-217,-590],[-490,-791],[-182,-730],[52,-229],[-63,-176],[-701,-89],[-835,-362],[-584,-617],[-171,-318],[-512,-159],[-321,-50],[-983,449],[-396,-25],[-514,133],[-164,227],[-371,202],[-915,141],[-891,796]],[[2463431,3885710],[-93,53]],[[2463338,3885763],[-625,784],[-473,227],[-728,70],[-396,-163],[-651,-531],[-637,-958],[-841,-891],[-265,-1129],[-767,-1688],[200,-1878],[-87,-590],[-150,-149],[-55,-227],[13,-714],[-1448,-1160],[-785,-798],[-364,-541],[-137,-463]],[[2455142,3874964],[-313,-1571],[-406,-573],[-475,-2612],[-214,-635],[-11,-354],[201,-501],[500,-615],[640,-282],[1054,-700],[404,-1000],[181,-73],[425,-772],[201,-896],[238,-529],[59,-1403],[271,-2342],[-51,-1600],[-190,-372],[-142,-688],[88,-996],[748,-1100],[566,-436],[-141,-420],[-193,-275],[-649,-587],[-282,-112],[-122,-141],[-377,-779],[-203,-670],[-21,-1014],[274,-733],[89,-676],[284,-574],[-13,-112],[-415,-532],[-263,-178],[-708,-64],[-347,-122],[-289,-535],[48,-166],[344,-367],[-110,-1256],[18,-198],[153,-180],[7,-991],[-298,-825],[-166,-346],[-236,-269],[-698,-425],[-851,-816],[-130,-470],[-303,-266],[-270,-18],[-151,-117],[-317,-711],[-168,-183],[-405,-19],[-338,-288]],[[2451669,3839479],[-124,-227],[-25,-1287],[-259,-290],[-152,-311],[12,-425],[-300,-646],[103,-247],[271,-130],[306,-296],[87,-379],[-32,-198],[-321,-118],[-66,-198],[38,-677],[-334,-563],[-161,-1156],[35,-281],[103,-148],[288,-147],[307,-377],[-13,-562],[-133,-413],[-28,-925],[172,-395],[71,-478],[306,-345],[393,-691],[127,-1220],[-116,-414],[277,-956],[-62,-924],[171,-214],[36,-445],[326,-692],[24,-1072],[256,-379],[32,-267],[-28,-752],[-225,-705],[12,-1055],[-133,-179],[-16,-179],[282,-310],[248,-1064],[74,-808],[-740,-442],[-1014,-925],[-362,-712],[0,-469],[313,-353],[384,-176],[2200,-1705],[347,-398],[216,-405],[-112,-385],[-228,-175],[-248,-962],[-3,-829],[-290,-641],[-255,-1025],[4,-575],[-258,-641],[-67,-513],[75,-509],[-65,-239],[-1053,-1698],[-189,-179],[-1329,-203],[-1304,16],[-857,323],[-201,-80]],[[2448462,3802034],[-7,-757],[-161,-533],[-117,-1226],[467,-1481],[231,-283],[128,-528],[753,-625],[375,-160],[48,-996],[1214,-999],[165,-479],[234,-253],[337,-193],[647,-1022],[279,-153],[256,-279],[308,-591],[76,-367],[-5,-649],[-23,-160],[-259,-404],[85,-464],[-394,-392],[-90,-271],[214,-221],[714,-213]],[[2453937,3788335],[73,-165],[1,-516],[221,-500],[20,-462],[-120,-875],[-178,-321],[-12,-330],[219,-467],[346,-169],[540,-718],[73,-291],[-91,-1480],[148,-507],[1031,-2076],[692,-678],[478,-1236],[338,-394],[589,-129],[606,-403],[45,-640],[-417,-807],[-780,-1096],[300,-889],[100,-839],[-48,-754],[-449,-1011],[-1142,163],[-692,-155],[-462,123],[-356,-1],[-1647,-429],[-409,125],[-663,-189],[-1141,-35],[-618,-130],[-247,-639],[-909,-904],[-290,-145],[-1185,-138],[-185,-134],[-388,-610],[-257,-166],[-220,-299],[-164,-67],[-533,275],[-527,-52],[-447,-331],[-203,-343],[-528,-598],[-536,-314],[-251,-483],[-120,-506],[-433,-648],[-162,-448],[-480,-540],[-49,-705],[-442,-857],[-259,-314],[-362,-788],[-136,-1589],[-430,-814],[-189,-969],[229,-1476],[203,-186],[-76,-329],[290,-273],[-17,-71],[-487,-481],[-375,-64],[-342,-312],[-137,-352],[-242,-71],[-274,-260],[-353,344],[-327,-293],[-312,148],[-168,-9],[-184,-598],[-501,-147],[-457,-522],[-241,110],[-121,697],[-309,12],[-174,-150],[-258,-14],[-72,-190],[107,-394],[-27,-315],[-203,-85],[-95,-162],[-684,-545],[236,-449],[-66,-147],[-225,-143],[-44,-341],[-47,-57],[-336,93],[119,-365],[-598,-201],[-188,-279],[-247,34],[-275,315],[-195,72],[-190,-36],[-244,-295],[-374,-200],[-163,36],[56,257],[-105,101],[-114,-21],[-186,-258],[-288,79],[-114,-47],[84,-501],[-439,-140],[-113,-217],[-217,-169],[-105,-379],[235,-630],[-44,-228],[60,-346],[-248,-29],[-572,-492],[-384,-465],[-88,-279],[-148,-50],[31,-139],[-346,-664],[-181,-87],[-133,-237],[-109,-375],[109,-281],[-23,-1074],[-52,-211],[-298,-324],[-110,-473],[-431,-342],[-636,-253],[-725,-419],[3,-218],[-185,-549],[205,-587],[-61,-284],[35,-629],[-210,-388],[23,-459],[-162,-388],[85,-90],[713,-174],[29,-113],[-106,-714],[-380,-1180],[-381,-596],[-379,-305],[-253,-697],[-350,-388],[-1556,-1192],[-598,-339],[-410,-384],[-705,-246],[-671,-60],[-788,128],[-685,-1172],[-1312,-1659],[-117,-485],[-337,-521],[-133,-496],[-363,-558],[-18,-139],[442,-332],[3,-173],[-181,-419],[107,-732],[-18,-497],[499,-455],[82,-174],[-242,-487],[1244,-1346],[1028,-648],[70,-149],[-588,-740],[-1008,-970],[52,-1725],[82,-378],[233,-206],[63,-856],[-113,-654],[-176,-428],[-89,-981],[1002,-401],[411,-344],[247,77],[798,-352],[179,-334],[-33,-280],[139,-591],[214,-258],[80,-526],[247,-296],[334,-281],[596,-297],[585,-151],[315,-223],[341,-101],[819,-827],[148,-348],[351,-430],[202,-580],[2,-403],[270,-487],[262,-180],[682,207],[408,-108],[325,-872],[-310,-524],[900,-1348],[-732,-742],[-597,-68],[-557,63],[-468,195],[-703,39],[-780,363],[-649,-30],[-492,-122],[-296,-262],[-54,-172],[-306,-195],[-165,-474],[-413,-132],[-278,-268],[-296,-112],[-176,-239],[-283,-42],[-5,-414],[-475,59],[-369,-318],[-613,-120],[-4,-298],[-150,-146],[-292,126],[-152,-61],[-114,-467],[-177,-154],[-13,-784],[-171,-171],[-407,-84],[-401,-465],[-294,78],[-40,-112],[-117,-8],[-210,-219],[-129,-235],[3,-164],[-215,-79],[-115,-136],[-227,140],[-176,-104],[-386,-12],[-46,197],[-185,25],[-206,-205],[-218,30],[-294,-92],[-216,67],[-275,-177],[-617,-154],[-688,233],[-278,268],[-181,-213],[-21,-189],[-244,105],[-540,-141],[-64,184],[-433,55],[-231,-172],[-424,97],[-264,-71],[-274,-255]],[[2410266,3696040],[324,48],[622,-265],[421,-716],[365,-359],[159,-397],[411,-644],[-587,-13],[-235,-223],[-498,-116],[-74,-144],[-276,-100],[-78,-122],[-231,135],[-395,-60],[-267,104],[188,-267],[-17,-264],[196,-168],[77,-452],[439,-122],[241,-176],[567,61],[371,-222],[245,197],[338,12],[201,-227],[163,-25],[257,243],[266,50],[240,150],[762,-92],[139,61],[161,-79],[325,-323],[128,-243],[30,-227],[150,-174],[-5,-333],[115,-209],[-76,-700],[65,-248],[-250,-342],[120,-626],[1297,99],[670,129],[217,-251],[-40,-899],[214,-804],[1076,-611],[338,174],[244,439],[338,-76],[781,107],[287,134],[227,257],[476,318],[1040,77],[1655,567],[648,587],[1176,731],[154,29],[191,-308],[294,-34],[323,-213],[767,266],[847,-210],[507,120],[405,-180],[1524,-348],[694,-250],[1831,89],[319,-230],[877,-268],[468,-463],[461,-814],[648,-257],[428,-393],[1536,370],[523,-23],[431,-306],[249,-267],[889,-1434],[498,-1362],[146,-1122],[-2,-855],[138,-333],[-254,-373],[101,-838],[-222,-441],[-401,-374],[-1017,-327],[-796,-444],[-766,-866],[-945,-686],[-393,-406],[-268,-1033],[147,-637],[-301,-128],[-176,-329],[-546,-255],[-185,-812],[39,-517],[-123,-393]],[[2435047,3671746],[-359,-243],[-96,-205],[-62,-397],[87,-505],[-36,-290],[-548,-941],[-297,-340],[-507,-542],[-1032,-738],[-1566,-1715],[-486,-196],[-349,-333],[-319,22],[-136,-68],[-249,-385],[-407,-67],[-756,-820],[11,-879],[-128,-213],[4,-239],[-323,-370],[-179,-79],[-37,-116],[105,-215],[-230,-290],[-294,-197],[-906,11],[-172,-64],[-590,-432],[-222,-467],[-514,-213],[-428,-433],[551,-16],[450,509],[312,143],[897,-69],[216,174],[170,24],[166,244],[331,-75],[746,9],[611,283],[769,0],[707,-245],[948,-6],[270,123],[1456,-56],[996,-224],[452,15],[341,130],[529,-91],[1423,71],[532,-526],[1132,-529],[788,-935],[660,-284],[608,-399],[535,-206],[-155,-219],[267,-318],[205,-704],[277,-385],[184,-580],[612,218],[142,-138],[550,-215],[463,-377],[311,-370],[524,-170],[345,19],[331,-260],[418,52],[285,-163],[219,12],[119,-80]],[[2445719,3654173],[-860,-1154],[-57,-238],[-416,-621],[136,-555],[-92,-474],[435,-814],[832,-753],[817,-182],[937,-339],[638,-46],[445,-201],[462,-33],[458,-213],[292,42],[333,-400],[303,519],[72,678],[445,435],[51,217],[-65,601],[473,953],[84,876],[-74,343],[369,1280],[1,321],[531,639],[45,260],[292,25],[310,242],[292,60],[498,-150],[208,14],[14,-214],[189,-234],[113,-536],[189,-189],[167,-351],[214,-36],[304,121],[773,1450],[3570,745]],[[2459447,3656261],[-475,247],[203,277],[37,211],[268,84],[696,-150],[253,28],[739,517],[914,797],[224,56],[477,-81],[333,103],[597,373],[371,374],[365,1078],[-914,1087],[-367,659],[-903,211],[-362,523],[619,159],[180,-60],[132,54],[334,369],[95,288],[-38,465],[-102,254],[-320,360],[-191,563],[-703,641],[-660,1278],[485,478],[-115,303],[18,479],[-293,59],[0,92],[236,168],[157,347],[583,180],[72,418],[335,590],[1,362],[-220,272],[-398,286],[-247,946],[-348,230],[-1237,171],[-391,257],[-234,362],[-349,1118]],[[2459304,3674144],[-65,698],[-108,318],[-607,637],[-357,2295],[-49,2272],[-292,787],[350,1409]],[[2458176,3682560],[1041,-221],[794,-509],[944,-372],[810,-131],[520,59],[647,270],[461,268],[551,638],[1508,131],[846,-228],[1204,22],[562,82],[631,399],[885,-229],[755,-52],[852,-180],[1407,-734],[640,-624],[567,-267],[828,-618],[878,-1118],[949,-818],[881,-1031],[416,-354],[669,-39],[540,-431],[585,-788],[136,-384],[-51,-370],[-151,-271],[-382,-391],[34,-529],[482,-1124],[379,-1196],[370,-424],[-461,-344],[-289,-328],[-238,-823],[-194,-319],[-1079,-1032],[-146,-484],[-380,-342],[-393,-191],[-59,-512],[191,-443],[-6,-292],[-81,-577],[-197,-627],[304,-647],[282,-321],[167,-693]],[[2477785,3663021],[47,-1041],[-356,-250],[-106,-224],[361,-756],[3,-422],[-155,-711],[-207,-394],[-8,-370],[-484,-1146],[181,-526],[-172,-386],[-77,-471],[-537,-470],[-191,-292],[-29,-273],[297,-478],[-66,-1904],[289,-304],[16,-116],[16,-632],[-265,-473],[-107,-613],[118,-228],[65,-856],[262,-588],[55,-381],[25,-759],[144,-710],[-45,-614],[222,-541],[-107,-430],[27,-302],[-60,-86],[-198,-23],[-252,140],[-241,-68],[-262,52],[-300,-109],[-217,-248],[-385,27],[-342,-90],[-405,-574]],[[2474339,3644381],[-73,-55],[-13,-184],[331,-433],[-29,-325],[71,-5],[-23,-475],[-96,-109],[76,-44],[-136,-255],[-297,160],[-241,-74],[-179,44],[-337,-218],[-221,-38],[-177,-161],[-942,-303],[-184,-248],[-203,203],[-516,-204],[-328,-978],[-213,-23],[-490,-624],[-201,-142],[-107,-258],[-467,-239],[48,-286],[261,-228],[81,-236],[-150,-382],[-267,-223],[-247,-874],[169,-412],[370,-271],[-244,-844],[150,-303],[16,-610],[-88,-282],[510,-138],[261,-320],[392,-221],[-106,-487],[86,-244],[-157,-381],[18,-360],[-208,-511],[274,-624],[455,-557],[46,-219],[-184,-660],[35,-419],[-299,-182],[-166,-406],[-182,-177],[-75,-381],[86,-124],[-41,-186],[-277,-178],[-25,-286],[108,-285],[-151,-177],[44,-177],[177,-198],[-40,-111],[-561,-25],[-4,-164],[-176,-89],[-530,155],[-461,-55],[-756,476],[-764,-255],[-180,72],[-103,174],[-369,130],[-194,210],[-41,193],[-365,33],[-159,107],[-347,-170],[-162,15],[-159,-143],[-175,-588],[-169,-127],[-151,-526],[-118,197],[-321,-169],[-288,15],[-125,-290],[-102,184],[-217,65],[-179,-455],[-512,-233],[-1196,-1461],[-245,-158],[-286,-30],[-24,-110],[-316,231],[-179,624],[-214,180],[6,492],[-431,200],[-244,270],[-842,195],[-1041,640],[-437,104],[-930,-238],[-499,79],[-198,-59],[3,-86],[-101,-48],[-439,26],[-332,114],[-161,-256],[-278,-19],[-250,-118],[13,-103],[-174,42],[-322,-202],[-126,-304],[-256,-176],[-183,-343],[-634,-384],[-427,-184],[-698,174],[-469,-331],[92,-152],[-107,-302],[-20,-649],[-280,-483],[-88,-346],[-36,-334],[1497,-243],[628,-429],[272,-22],[262,151],[564,-16],[110,-318],[232,-85],[343,-376],[253,-93],[-63,-156],[-405,-330],[-15,-427],[-337,-305],[190,-204],[60,-679],[255,-88],[-223,-559],[-1,-214],[266,70],[29,-102],[-73,-338],[-205,-400],[-202,-302],[-165,-56],[-4,-211],[-97,-134],[43,-105],[290,-124],[296,-784],[-54,-301],[-263,-51],[32,-254],[-438,-364],[72,-214],[-49,-250],[-195,-175],[89,-666],[-228,-567],[64,-202],[-49,-218],[122,-116],[7,-194],[-389,-91],[-11,-553],[-132,-156],[-32,-249],[-555,-72],[21,-166],[220,-221],[-46,-138],[105,-176],[-230,-220],[103,-232],[-309,-89],[59,-307],[-48,-173],[-557,-436],[-177,-400],[-336,-191],[-125,-299],[-428,71],[-372,-348],[-157,-297],[-305,-49],[-325,-488],[-335,-58],[-288,-196],[-27,-89],[237,-108],[17,-135],[-493,-202],[507,55],[286,196],[196,4],[214,-171],[245,-467],[268,-75],[829,-460],[276,-564],[793,-613],[125,-332],[334,-355],[-1,-358],[116,-153],[281,-97],[366,65],[317,-123],[999,-34],[-535,-680],[-19,-539],[-173,-180],[-8,-260],[-127,-143],[-254,-896],[144,49],[223,318],[4,-162],[122,-67],[39,-238],[105,-121],[-2,-133],[-161,-252],[211,-131],[228,-415],[-115,-68],[-107,82],[-184,-145],[150,-251],[-84,-138],[248,43],[379,-69],[327,-149],[53,-108],[-184,-16],[-114,-121],[-191,33],[-67,-216],[-231,-55],[-17,-171],[-205,-199],[24,-168],[250,-295],[-298,-85],[-178,-294],[-24,-341],[-211,-478],[113,-226],[-596,-94],[-325,82],[-57,-128],[-110,30],[-134,-101],[3,-135],[-358,-55],[120,-262],[-128,-147],[-374,26],[109,-485],[405,0],[26,-469],[-345,-271],[84,-150],[166,81],[83,-59],[-130,-264],[19,-264],[239,-258],[3,-234],[268,-259],[122,-412],[324,-275],[-143,-161],[-410,-171],[-189,-223],[571,-202],[258,239],[335,-110],[458,2],[237,-222],[82,-206],[271,-89],[52,-427],[232,-196],[177,4],[206,-191],[236,-18],[529,223],[232,-40],[-61,-773],[-674,-595],[-430,-257],[-604,-69],[-395,-297],[-561,-72],[262,-126],[168,-326],[-169,-419],[240,-189],[78,-315],[425,-217],[581,-39],[210,186],[134,21],[481,-222],[1189,-1272],[180,-42],[232,-307],[222,-82],[570,-558],[535,51],[621,311],[545,405],[207,-189],[438,-205],[211,-285],[153,-73],[183,-445],[557,635],[230,-50],[176,211],[341,194],[128,202],[55,367],[389,316],[122,380],[301,2],[365,306],[172,-298],[-125,-362],[5,-356],[201,-356],[70,-544],[-229,-1033],[45,-378],[-82,-119],[-27,-1004]],[[2463477,3580201],[231,91],[209,300],[443,216],[90,370],[0,354],[-110,213],[40,252],[309,-312],[749,-331],[401,20],[695,373],[443,-21],[222,-528],[316,-373],[548,-103],[991,-819],[-10,-279],[580,-1513],[84,-590],[369,-642],[67,-550],[-362,-983],[200,-902],[42,-828],[181,-210],[662,-311],[81,-322],[-36,-525],[-289,-1236],[-36,-442],[64,-379],[796,-725],[204,-396],[-318,-1068],[-48,-579],[-194,-494],[-611,-406],[-505,-665],[-118,-523],[75,-711],[-72,-391],[240,-482],[157,-689],[567,-1144],[62,-1125],[-48,-792],[456,-1642],[638,-1106],[625,-1499],[37,-1150],[-424,-1666],[129,-114],[684,90],[1073,436],[272,364],[140,74],[527,74],[362,224],[568,187],[1025,-63],[585,177],[846,-131],[753,73],[414,-439],[827,658],[744,327],[652,515],[213,106],[426,54],[346,2],[535,-284],[349,-416],[296,-547],[1092,-941],[269,-7],[358,113],[860,-54],[368,61],[521,227],[800,31],[830,148],[114,-64]],[[2489148,3553819],[386,-421],[302,-154],[9,-532],[168,-218],[829,-567],[149,-248],[171,-770],[469,-1174],[-44,-143],[-601,-473],[-77,-198],[46,-208],[70,-111],[782,-469],[400,-680],[74,-1140],[168,-693],[-58,-542],[63,-156],[168,-125]],[[2492622,3544797],[408,130],[2255,2148],[495,-150],[319,6],[1206,418],[353,-1056],[269,-215],[173,-317],[-8,-288],[265,-358],[-142,-260],[-11,-364],[236,-390],[109,-524],[52,-462],[-121,-423],[73,-552],[113,-181],[-54,-437],[110,-261],[-22,-260],[127,-247],[-100,-215],[219,-434],[-55,-916],[173,-684],[114,-1122],[138,-368],[-149,-232],[43,-1497],[-233,-1051],[31,-767],[-153,-198],[-908,-491],[568,-651],[174,-71],[35,-170],[-339,-627],[-98,-501],[-518,-114],[-315,-257],[-292,67],[-202,-191],[-263,-28],[-168,-219],[-562,-129],[-383,-360],[27,-511],[-295,-328],[-72,-255],[-201,-149],[-528,-277],[-786,35],[-139,-139],[5,-242],[-235,-77],[-210,-363],[-1004,-112],[-151,-111],[-479,-27],[-309,-141],[-52,-189],[271,-592],[-99,-189],[-51,-1149],[-108,-128],[-430,71],[-151,-164],[481,-690],[-77,-236],[-94,-27],[-238,117],[-74,-208],[384,-759],[70,-419],[-91,-131],[-719,199],[-255,258],[-516,132],[-60,-264],[-508,-246],[-252,-19],[-165,-208],[-380,-66],[-406,-399],[-124,375],[-207,84],[-5,541],[-147,214],[-105,-63],[-216,-492],[-261,-16],[-235,298],[-184,64],[-825,-146],[-335,90],[-277,-28],[-282,-249],[-546,118],[-225,-75],[-329,-263],[-18,-550],[-289,-94],[-349,89],[-107,106],[-164,281],[-87,431],[-267,122],[-292,-205],[-145,-241],[39,-195],[323,-314],[-66,-169],[-181,-47],[-601,165],[-541,-27],[-444,-546],[-677,-108],[-628,-479],[-672,-68],[-119,-264],[-273,-38],[-43,-264],[363,-203],[-3,-195],[-211,-266],[-794,-285],[-40,-322],[-397,-232],[-60,-139],[206,-375],[-111,-269],[28,-411],[300,-234],[161,-431],[5,-86],[-176,-130],[161,-284],[90,-641],[-125,-1005],[-751,-778],[-25,-182],[93,-230],[738,-582],[-173,-370],[115,-208],[-46,-207],[-126,-125],[-762,-151],[151,-740],[-182,-648],[105,-697],[-356,-22],[-401,-299],[137,-483],[181,-137],[47,-210],[272,-289],[664,-402],[169,286],[204,-63],[49,-236],[-155,-314],[338,-33],[53,-73],[-172,-530],[352,-233],[-90,-454],[528,-348],[-387,-399],[93,-278],[409,-240],[51,-141],[-234,-251],[77,-503],[-348,-560],[228,-150],[-54,-437],[187,-206],[286,-788],[-374,-942],[-400,-150],[-64,-625]],[[2477607,3499626],[-21,-227],[-164,-335],[133,-321],[182,-1155],[92,-160],[304,-221],[-50,-338],[375,-44],[267,-304],[93,-575],[-111,-576],[37,-94],[374,-191],[137,-259],[-83,-134],[-551,-233],[-357,-39],[-579,129],[-97,-100],[70,-325],[208,-354],[12,-266],[-471,-393],[-123,-370],[250,-497],[63,-831],[-213,-293],[-479,-22],[-73,-62],[-196,-708],[27,-739],[-192,-531],[-513,-805],[-247,-230],[-267,-48],[-737,152],[-615,-384],[-574,-742],[-298,-48],[-136,-127],[-169,-432],[-424,-374],[-124,-757],[-158,-447],[-99,-88],[-607,-197],[-580,-1],[-226,-124],[-155,-241],[-702,-381],[-189,-208],[-97,-464],[-350,-629],[-546,-192],[-353,-703],[-678,-643],[-172,-476],[-22,-405],[-310,-307],[-396,-189],[201,-542],[-103,-260],[-1742,-644],[-32,-158],[127,-353],[-40,-227],[-522,-302],[-11,-109],[444,-370],[11,-163],[-505,-369],[-574,-1152],[-347,-479],[-175,-149],[-620,-185],[-221,-193],[-87,-372],[254,-593],[-144,-263],[-286,-314],[-752,-387],[-723,-755],[-227,-385],[-99,-413],[78,-397],[256,-345],[540,-206],[-14,-289],[-217,-188],[-241,-23],[-971,579],[-308,36],[-270,-125],[-193,-402],[39,-287],[262,-247],[621,-84],[98,-80],[-22,-482],[-72,-135],[-400,-25],[-258,350],[-168,28],[-142,-200],[-77,-493],[-191,-464],[-707,-690],[-344,-199],[-714,-167],[-2475,-1660],[-1051,-265],[-241,-191],[-56,-331],[-390,-531],[-402,-187],[-316,-254],[-579,-762],[-812,-512],[-273,-133],[-400,-5],[-667,270],[-216,-71],[-678,-553],[-290,-121],[-966,2],[-731,-180],[-562,-2],[-695,-418],[-418,-105],[-391,-12],[-427,129],[-209,-43],[-220,-296],[-185,-724],[-540,-924],[-253,-281],[-945,-429],[-679,-546],[-710,-39],[-651,-431],[-342,-3],[-559,289],[-234,-19],[-106,-279],[229,-509],[-75,-330],[-128,-115],[-584,-92],[-451,121],[-602,-93],[-353,-380],[-161,-40],[-130,188],[7,449],[-243,100],[-95,-107],[-44,-601],[-244,-104],[-142,143],[-82,397],[-354,164],[21,364],[-68,114],[-185,71],[-349,-131],[38,335],[-95,77],[-599,-357],[-67,41],[51,496],[-134,-3],[-191,-283],[-104,-23],[-386,274],[-496,197],[-369,-173],[-200,3],[-417,418],[-350,225],[-485,-168],[-125,41],[-154,412],[-155,188],[-80,388],[-891,1068],[-806,649],[-87,591],[-232,86],[-338,-276],[-135,67],[24,561],[-273,211],[8,441],[-158,283],[13,416],[-304,347],[28,462],[-91,470],[-212,137],[-317,-22],[-110,150],[9,118],[227,265],[-31,361],[-311,61],[-307,-202],[-469,451],[-250,-6],[-142,-141],[-97,-364],[-499,-349],[-238,-383],[-219,-44],[-353,196],[-107,339],[-95,78],[-123,-1],[-332,-215],[-929,112],[-423,515],[-497,388],[-522,128],[-108,349],[-164,153],[-708,-349],[-265,-32],[-140,70],[-106,194],[-446,225],[-872,128],[-115,106],[-165,575],[-329,538],[-139,198],[-358,230],[-189,471],[-434,383],[-251,591],[129,231],[78,416],[-293,857],[-168,166],[-249,10],[-350,-383],[-229,-34],[-188,344],[-576,452],[-368,190],[-615,140],[-489,379],[-667,271],[-525,402],[-271,84],[-1729,1031],[-479,90],[-327,-173],[-178,-11],[-347,215],[-432,445],[-642,323],[-758,-106],[-173,-164],[-540,-82],[-323,81],[-1201,604],[-923,144],[-370,-35],[-348,102],[-132,-26],[-270,-302],[-490,74],[-418,-304],[-679,219],[-998,-99],[-254,263],[-280,-80],[-406,256],[-1100,23],[-1204,517],[-494,-12],[-628,99],[-691,906],[-264,157],[-296,49]],[[2393586,3476483],[-35318,446]],[[2358268,3476929],[-19,136],[-197,121],[-449,-49],[-663,-257],[-372,136],[22,333],[468,1359],[-8,317],[-151,269],[-251,106],[-259,0],[-413,-175],[-168,7],[-257,379],[-15,313],[133,243],[182,90],[686,-149],[360,73],[269,285],[35,476],[-198,402],[-537,300],[-548,24],[-419,-127],[-366,19],[-72,117],[143,179],[1069,109],[200,90],[85,141],[-148,193],[-824,252],[-85,77],[2,156],[789,789],[995,262],[731,-22],[370,-137],[425,-296],[259,16],[272,262],[277,650],[328,237],[778,333],[327,-42],[642,-446],[123,0],[720,1595],[222,808],[-13,295],[-165,188],[-821,92],[-374,317],[-204,300],[-42,242],[116,795],[225,546],[45,433],[-257,218],[-702,55],[-308,179],[-91,279],[95,600],[-227,481],[-223,58],[-648,-90],[-287,110],[-103,129],[51,999],[-151,492],[-427,706],[93,253],[336,389],[133,480],[-7,523],[-195,519],[81,486],[636,453],[248,273],[324,1012],[720,642],[126,654],[177,178],[1067,327],[1127,456],[1125,-85],[341,91],[141,175],[-155,847],[108,243],[536,-195],[1008,-761],[265,10],[11,809],[1000,599],[197,398],[-238,147],[-214,334],[-670,294],[13,190],[562,341],[89,215],[-30,150],[-155,141],[-644,304],[-58,82],[57,102],[366,128],[994,28],[370,-474],[169,-77],[55,366],[-248,848],[236,548],[471,476],[1412,569],[160,174],[488,1562],[916,58],[580,163],[304,481],[231,2],[275,-118],[310,88],[312,778],[261,433],[155,61],[486,-137],[8,122],[-320,562],[183,246],[616,-26],[527,-248],[179,5],[9,212],[-113,240],[-13,856],[322,908],[708,1421],[935,323],[538,574],[350,171],[658,30],[474,187],[561,-139],[651,111],[1278,808],[232,493],[-82,647],[-942,1978],[76,321],[183,111],[320,23],[382,-101],[-10,155],[-330,399],[14,571],[-1098,923],[-574,746],[-72,277],[14,290],[245,681],[-24,209],[-151,186],[-3,287],[196,313],[359,196],[293,340],[621,1416],[-41,544],[-168,249],[-492,426],[-385,1188],[156,924],[331,378],[98,322],[-50,149],[-170,195],[-227,104],[-298,-7],[-1347,-393],[-188,-105],[-366,-417],[-195,47],[-47,741],[-394,558],[-107,622],[79,278],[155,171],[614,225],[208,622],[-120,252],[-468,-7],[-697,-274],[-186,449],[-263,96],[-288,-204],[-285,-418],[-261,-115],[-568,91],[-803,-77],[-465,156],[-177,364],[111,882],[-76,401],[-711,487],[-890,370],[-60,189],[98,1077],[-218,605],[-530,574],[-891,631],[-261,46],[-245,-70],[-463,-269],[-732,-613],[-471,-158],[-884,248],[-1146,28],[-181,101],[-170,236],[6,616],[134,239],[411,327],[182,311],[-17,239],[-337,614],[55,678],[164,444],[611,772],[42,235],[-314,256],[-459,122],[-833,-146],[-536,20],[-272,172],[-31,231],[658,616],[465,258],[378,97],[955,-24],[91,109],[-90,280],[-264,362],[-385,175],[-383,-55],[-559,-350],[-372,-94],[-255,67],[-71,142],[52,261],[244,308],[289,227],[979,410],[366,556],[105,695],[-80,448],[-383,560],[-880,656],[-211,424],[17,189],[218,288],[705,31],[476,112]],[[2367644,3551941],[-91,405],[-156,96],[-107,209],[-737,397],[-665,618],[-213,271],[-99,396],[-311,528],[-206,181],[-1127,605],[-694,188],[-390,326],[-184,556],[206,534],[1114,520],[277,423],[-14,403],[-389,868],[-369,300],[-1385,-184],[-287,81],[-350,373],[-699,1175],[-264,263],[-389,207],[-642,140],[-387,300],[-78,358],[68,277],[234,273],[300,150],[1185,-195],[481,195],[130,221],[53,308],[-202,421],[-491,505],[-244,114],[-94,1],[-672,-560],[-290,-54],[-102,50],[-108,217],[241,1337],[-276,473],[-450,427],[-460,96],[-808,-157],[-326,27],[-327,288],[-327,487],[-1241,-97],[-183,75],[-340,361],[-172,406],[-10,381],[184,796],[-207,204],[-873,532],[-296,375],[-57,315],[62,189],[149,92],[457,-40],[298,66],[270,171],[60,302],[-234,279],[-1220,609],[-104,288],[-19,958],[-110,227],[-1244,578],[-117,198],[-91,331],[47,323],[679,524],[-58,205],[-446,419],[-378,189],[-920,-59],[-72,62],[-14,802],[-170,373],[-204,209],[-209,-57],[-785,-697],[-728,-70],[-68,125],[54,475],[-96,260],[-151,169],[-959,613],[-208,269],[154,839],[545,523],[302,81],[513,-59],[340,-184],[421,-693],[380,-290],[1174,-211],[479,8],[423,162],[213,235],[209,562],[-91,608],[-280,730],[77,418],[324,369],[1260,880],[-68,294],[-891,927],[-199,569],[4,452],[314,756],[19,296],[-261,1018],[-623,998],[-44,200],[-99,1386],[112,1276],[67,99]],[[2324279,3821064],[186,342],[405,1194],[746,1386],[685,355],[988,717],[984,402],[804,637],[462,559],[300,728],[58,530],[-541,1320],[923,415],[505,32],[905,-142],[333,94],[335,231],[466,419],[181,359],[148,952],[225,557],[814,674],[565,650],[29,167],[-93,301],[-277,227],[-799,374],[-101,322],[858,923],[361,111],[210,342],[428,1294],[-7,190],[-229,532],[141,390],[670,151],[683,902],[73,566],[-69,317],[210,320],[85,1086],[141,344],[-282,675],[120,713],[-325,508],[-64,377],[5,487],[277,503],[-175,453],[529,650],[1339,1003],[721,-173],[515,-421],[244,-65],[262,35],[344,330],[388,165],[860,72],[136,713],[-98,236],[-376,136],[-614,-190],[-144,114],[84,758],[191,445],[-4,423],[192,41],[432,-208],[593,57],[866,-645],[237,162],[147,409],[-146,450],[-525,400],[-120,349],[-414,182],[-349,378],[-553,404],[1,191],[97,150],[228,173],[424,99],[562,-86],[584,381],[792,-535],[743,180],[366,-115],[179,133],[-444,1004],[93,1168],[-46,1140],[-93,273],[-276,281]],[[2344573,3856697],[-377,358],[-513,319],[-513,684],[-233,183],[-326,456],[-94,274],[-839,821],[-140,228],[-1026,730],[-1307,639],[-746,593],[-1027,548],[-700,684],[-139,228],[-514,319],[-373,456],[-2799,1962],[-1353,1232],[-1052,620],[-416,441],[-713,564],[-3147,2143],[-907,887],[-213,313],[-2666,4431],[-427,573],[-106,573],[55,3909],[616,714],[720,1265],[2030,2970],[535,1615],[107,573],[1,1251],[-623,1699],[-764,647],[-854,469],[-1441,418],[-1334,-52],[-1068,-624],[-927,-826],[-1050,-1206],[-213,-417],[-432,-503],[-423,18],[-288,71],[-1171,787],[-1515,194],[95,49],[-244,258],[-472,-197],[-166,16],[24,212],[-92,-5],[1,-202],[-192,-41],[-615,228],[-150,-74],[-15658,2793],[128,445],[325,433],[777,445],[569,1163],[-209,342],[-336,251],[-302,160],[-310,45],[-120,309],[-35,1448],[-220,160],[-650,125],[-209,160],[-70,1825],[-441,1232],[12,205],[232,1004],[441,707],[261,246],[273,16],[406,502],[1115,912],[720,331],[765,806],[594,1155],[46,686],[229,1136],[-53,1001],[-162,1125],[-511,1629],[691,605],[1029,1278],[147,356],[84,1003],[75,148],[277,25],[-164,322],[-62,890],[-164,309],[-113,1200],[-240,371],[-125,519],[151,754],[597,1456],[128,22],[108,308],[-486,304],[22,89],[-463,127],[-82,116],[37,87],[-87,37],[-52,-129],[-205,80],[48,129],[-360,186],[-190,225],[-172,-113],[-1520,1342],[-939,1642],[-460,34],[-879,-241],[-1282,293],[-1178,-52],[-1247,52],[-721,276],[-439,276],[-194,277],[-333,941],[-983,383],[-106,127],[-287,-220],[-80,74],[215,230],[-116,87],[-93,-67],[-56,57],[74,60],[-139,126],[65,58],[-679,573],[-304,414],[-71,784],[-164,484],[-539,852],[-94,369],[23,253],[309,480],[-76,-31],[-192,224],[16,104],[289,-43],[81,55],[-99,302],[-101,-45],[-126,89],[69,30],[-134,296],[389,176],[269,-701],[91,43],[30,-60],[107,40],[218,557],[0,1104],[-92,538],[1,2179],[-92,806],[-298,1100]],[[2288226,3941400],[666,1652],[221,1333],[632,1054],[40,761],[105,381],[-82,996],[112,499],[-83,814],[88,487],[-59,941],[120,555],[515,840]],[[2290501,3951713],[401,272],[93,252],[316,-23],[343,291]],[[2291654,3952505],[-227,60],[-172,223],[-1080,64],[102,481],[-40,153],[-313,215],[-573,58],[-193,353],[-440,214],[-71,332],[-309,-5],[-381,260],[-251,15],[-250,-111],[-322,146],[-70,167],[-279,-33],[-187,-191],[-475,-31],[-304,-279],[-319,-60],[-6,-259],[-277,-199],[-553,340],[-287,64],[-143,285],[-256,48],[48,263],[-205,99],[80,270],[-179,191],[-793,-143],[-108,-240],[-104,7],[-348,300],[-4,316],[-135,130],[56,122],[-45,203],[-405,294],[179,216],[-35,240],[-582,322],[-18,239],[-949,900],[-109,318],[-342,0],[-216,295],[-419,275],[-453,21],[-210,98],[-19,230],[-174,110],[-150,266],[119,332],[-257,282],[-670,42],[-397,378],[-719,-106],[-178,57],[-231,231],[-465,54],[-321,527],[39,434],[-123,174],[-311,94],[-240,-19],[-255,-130],[-287,-399],[-216,-119],[-459,6],[-372,147],[-428,-161],[-404,45],[-57,233],[-91,61],[-632,-5],[-752,365],[-454,473],[-428,191],[-639,584],[-243,475],[-325,122],[-250,378],[-359,150],[-194,311],[-136,439],[-473,511],[-267,72],[-558,-66],[-171,649],[-234,173],[-119,411],[-712,777],[-77,344],[95,322],[-12,295],[-416,584],[-521,437],[-746,161],[-94,219],[40,304],[-96,119],[-935,114],[-709,889],[-345,170],[-419,389],[-588,159],[-1403,1411],[-340,216],[-425,98],[-364,679],[-375,1291],[-933,1317],[-169,82],[-211,-15],[-85,-48],[-30,-176],[-200,-74],[-316,83],[-591,-44],[-405,191],[-70,-318],[-151,-24],[-240,210],[-537,249],[-234,274],[-524,183],[-148,288],[-133,18],[-72,164],[-87,-61],[32,-133],[-108,88],[-48,-137],[-169,279],[-98,-173],[-391,93],[-58,-43],[28,-139],[-83,-30],[95,-136],[-339,54],[81,-125],[-84,-66],[-128,16],[-432,375],[-196,-153],[-73,135],[-261,4],[-160,151],[-311,-47],[-178,135],[102,85],[-45,157],[-196,24],[-127,370],[-225,52],[-37,177],[145,128],[-146,182],[73,220],[-2423,159],[-304,92],[-155,359],[-64,621],[-500,537],[-67,189],[-267,74],[-395,-21],[-481,421],[-137,0]],[[2244074,3982804],[437,362],[77,181],[-25,194],[457,100],[341,-54],[721,214],[307,229],[213,417],[690,216],[709,44],[386,111],[106,89],[98,469],[417,89],[68,201],[113,82],[628,-38],[91,60],[41,343],[287,286],[23,529],[226,341],[96,515],[112,168],[429,134],[578,9],[767,712],[27,258],[-250,506],[-16,161],[89,162],[276,52],[442,-220],[667,271],[434,-316],[444,138],[234,624],[860,641],[0,199],[-212,95],[432,1341],[185,382],[308,365],[60,311],[-69,420],[671,896],[492,116],[165,112],[623,991],[469,442],[212,120],[463,63],[621,539],[169,201],[203,501],[192,201],[368,194],[264,2],[265,142],[181,951],[621,1125],[163,84],[528,-25],[324,184],[410,628],[218,849],[427,297],[161,369],[422,62],[443,335],[17,235],[241,477],[282,73],[168,179],[146,-5],[346,-198],[568,-770],[189,-113],[341,55],[671,501],[496,81],[410,-102],[238,932],[930,1046],[92,737],[234,236],[157,432],[674,926],[597,285],[340,518],[420,367],[309,883],[820,394],[191,368],[3469,-135],[1039,266],[2182,20],[1122,-653],[104,714],[-125,1041],[1891,-81],[395,-123],[1517,-1021],[914,-265],[-228,-612],[-291,-368],[0,-633],[-104,-367],[-187,-225],[769,-653],[1558,-245],[1164,612],[-457,1021],[686,327],[3250,137],[2369,291],[1762,305],[503,160],[857,-88],[839,462],[983,32],[216,494],[578,587],[567,387],[746,295],[276,213],[491,143],[945,-59],[797,266],[242,-65],[170,168],[364,-11],[157,436],[164,125],[129,-5],[446,-417],[228,-33],[137,320],[700,406],[636,639],[898,339],[364,-96],[406,44],[270,-55],[375,-199],[373,-423],[265,-60],[199,-208],[381,-121],[515,472],[213,363],[621,628],[327,146],[708,70],[206,112],[436,662],[4,261],[331,-19],[368,234],[106,527],[464,457],[544,345],[786,-360],[713,140],[745,-131],[257,68],[562,-225],[225,-188],[129,-219],[-72,-233],[39,-400],[-50,-367],[-276,-575],[22,-227],[196,-341],[474,-427],[390,-1033],[816,-352],[238,3],[431,307],[135,388],[373,433],[324,112],[680,-625],[398,-228],[19092,10280]],[[2343301,4024200],[-442,242],[-265,423],[119,62],[296,-305],[166,43],[160,500],[-128,322],[-396,200],[-307,-30],[-676,225],[78,152],[305,65],[277,-1],[259,-163],[284,-30],[190,77],[57,137],[-51,183],[-115,88],[-552,-55],[-263,118],[125,229],[223,72],[442,-45],[-5,178],[-254,92],[-555,-114],[-292,302],[37,93],[227,63],[482,-40],[174,146],[-24,143],[-362,352],[-410,-239],[-145,42],[50,244],[258,274],[-4,89],[-512,91],[-2,371],[-168,280],[37,115],[619,238],[238,311],[-73,292],[-517,132],[33,127],[425,98],[61,186],[-578,316],[9,174],[228,202],[-86,238],[-245,173],[-135,7],[-441,-194],[-66,52],[21,719],[115,43],[309,-135],[302,27],[298,489],[186,96],[101,208],[-108,181],[-593,-203],[-203,52],[-7,127],[148,125],[525,74],[-53,210],[-491,-5],[-262,144],[62,150],[594,508],[41,180],[-645,-129],[-427,38],[-290,119],[94,191],[267,65],[34,167]],[[2341109,4034984],[277,395],[-37,472],[-112,122],[-429,165],[-414,335],[-104,135],[-27,240],[397,481],[485,22],[58,297],[-131,50],[-723,-109],[-116,279],[406,37],[406,181],[105,87],[-16,245],[-131,200],[-186,19],[-329,-268],[-224,-68],[-305,107],[-18,289],[58,135],[215,110],[178,-4],[368,-192],[255,-12],[379,468],[105,297],[-84,108],[-133,9],[-1330,-198],[-124,109],[-31,230],[155,204],[921,-137],[426,383],[273,115],[-119,84],[-246,-132],[-236,285],[-403,-83],[-225,111],[72,225],[396,2],[-73,337],[381,308],[74,167],[-376,34],[-100,74],[126,360],[-17,166],[-131,-41],[-147,-240],[-210,78],[16,260],[180,318],[-35,126],[-97,-16],[-124,-215],[-411,8],[-129,528],[146,683],[-42,137],[-382,77],[-318,-233],[-221,126],[82,292],[519,140],[165,171],[-56,146],[-176,77],[-234,-315],[-237,-52],[-257,287],[-59,248],[91,182],[136,44],[247,-110],[98,101],[-11,201],[-231,533],[-223,41],[-78,-488],[-168,-84],[-195,134],[-62,415],[-112,135],[-234,-116],[-118,-310],[-144,-76],[-516,52],[-309,192],[125,192],[555,317],[236,332],[-19,167],[-119,20],[-528,-475],[-274,16],[67,246],[-68,256],[415,213],[76,113],[-55,379],[-159,19],[-182,-208],[-41,-250],[-246,-56],[-94,-220],[-202,-51],[-101,22],[-159,378],[-329,134],[-109,145],[288,150],[74,221],[375,472],[440,28],[46,137],[-230,43],[-284,214],[-795,10],[265,647],[-40,361],[-170,195],[-216,-30],[-104,-403],[-205,-168],[-247,-53],[-441,77],[-4,80],[297,121],[35,163],[-523,109],[-158,165],[-28,166],[161,204],[344,-101],[169,43],[-154,721],[-150,137],[-188,26],[-52,-91],[150,-152],[-8,-141],[-261,6],[-188,-163],[-115,7],[-155,265],[133,319],[-338,37],[-613,451],[328,78],[404,-145],[502,158],[78,151],[-293,305],[17,405],[-887,152],[-325,178],[-86,225]],[[2332476,4053165],[180,51],[356,-86],[270,-181],[165,61],[7,157],[-114,156],[-337,42],[114,240],[246,111],[-89,246],[367,39],[-18,90],[-187,63],[-57,107],[43,101],[259,12],[-130,567],[148,24],[348,-165],[82,584],[504,-31],[-22,122],[-311,116],[-107,396],[428,83],[94,-344],[165,-44],[69,578],[130,81],[258,-54],[44,83],[-31,172],[-248,215],[18,213],[96,55],[286,-130],[453,122],[11,213],[-286,5],[-108,112],[157,175],[34,199],[296,-19],[96,205],[-77,303],[-246,49],[-54,189],[-206,135],[216,399],[-244,343],[-205,536],[-499,205],[-254,227],[12,127],[290,311],[-281,173],[-79,145],[368,291],[-20,97],[-219,106],[-41,99],[180,387],[-173,123],[49,331],[-255,201],[19,408],[-89,11],[-144,-136],[-132,69],[-52,294],[-179,128],[48,364],[-354,219],[115,274],[-323,61],[146,247],[-118,189],[5,280],[-193,82],[-50,129],[255,239],[-243,392],[184,165]],[[2333312,4066099],[100,86],[-234,455],[76,298],[-379,389],[60,359],[-49,168],[-396,108],[152,479],[-446,150],[-94,108],[79,170],[496,78],[104,182],[-407,171],[-156,362],[-134,-104],[-150,-321],[-136,28],[114,379],[-94,419],[-196,295],[180,100],[-39,205],[156,242],[-355,135],[-290,265],[-475,209],[-256,-103],[-178,156],[-92,-156],[-112,-29],[-928,152],[-5,127],[316,218],[-43,209],[-179,-15],[-76,-244],[-177,-43],[-107,91],[-22,293],[-528,193],[40,110],[399,122],[158,171],[-299,40],[-291,473],[64,155],[339,193],[-133,264],[-247,-61],[-97,-363],[-138,-79],[-253,512],[-496,32],[65,437],[-100,115],[-551,73],[-91,-288],[192,-212],[-13,-86],[-297,-57],[-173,-157],[-110,150],[-11,263],[-325,311],[-254,-125],[-108,-187],[-315,95],[-26,451],[-505,-117],[-305,165],[-113,153],[178,492],[98,-3],[125,-145],[47,41],[34,525],[-376,169],[-63,321],[-323,-174],[-170,5],[-190,382],[-170,-285],[-463,-228],[27,-501],[-142,19],[-73,293],[-108,96],[-324,-234],[-133,-274],[-107,-44],[-36,261],[-351,113],[39,148],[250,156],[-284,63],[-33,448],[-87,0],[-70,-158],[-99,-35],[-134,193],[-328,22],[-78,70],[-51,410],[-495,166],[4,102],[403,109],[-360,411],[-127,393],[-268,306],[193,243],[10,160],[-181,218],[-299,154],[-181,281],[-352,110],[-217,230],[19,160],[472,148],[25,171],[-146,85],[-807,40],[1,139],[327,261],[-238,400],[-225,97],[-321,-26],[-101,-114],[29,-181],[-514,-289],[-516,193],[17,-343],[-474,238],[-489,66],[-15,71],[193,146],[-350,136],[-43,84],[175,236],[227,38],[-163,142],[41,221],[-182,-16],[-230,191],[-289,-256],[-208,125],[206,281],[-243,301],[221,323],[-201,132],[320,251],[-330,314],[63,204],[-131,102],[-131,591],[-137,17],[-166,-235],[-155,-63],[192,484],[-152,13],[-212,-129],[-273,16],[116,220],[-34,485],[126,215],[-13,122],[-228,211],[-65,201],[-248,43],[147,236],[-47,110],[-539,142],[-148,325],[261,31],[-95,251],[-271,244],[-297,2],[226,183],[58,167],[-78,120],[-235,-36],[-91,235],[311,61],[-184,296],[85,244],[165,51],[313,-406],[238,240],[-33,255],[-109,61],[-145,-42],[-92,78],[99,399],[-348,-121],[-147,48],[10,86],[273,210],[-52,165],[-308,-220],[-54,256],[-303,-224],[-79,222],[-161,28],[-57,215],[-216,-168],[-262,-56],[-182,303],[-344,-44],[294,324],[-275,100],[-100,236],[-254,201],[-2,144],[183,300],[-73,384],[109,266],[-109,7],[-184,-228],[-120,-21],[-28,240],[-450,154],[-247,209],[-45,423],[219,505],[-57,121],[-179,30],[-183,-230],[-135,8],[-163,482],[116,274],[-36,101],[-594,52],[-177,-38],[-104,-113],[-233,90],[-195,-175],[-206,4],[16,121],[245,298],[-340,279],[-37,129],[381,189],[-61,355],[199,-104],[97,151],[-80,118],[-212,67],[-120,222],[-174,113],[249,296],[4,283],[-285,399],[-219,149],[81,245],[-484,15],[-125,223],[89,311],[-332,69],[47,310],[-117,257],[-130,30],[-91,-136],[-214,-24],[-93,419],[-235,-143],[-307,130],[-595,673],[2,78],[158,61],[110,155],[182,-62],[16,151],[-178,145],[-13,114],[254,143],[15,97],[-338,-20],[-67,415],[-310,-13],[2,148],[-374,157],[24,219],[-256,-53],[86,215],[-306,-35],[-106,388],[-243,6],[-3,206],[205,25],[-118,326],[-255,-83],[181,421],[-224,-75],[-426,150],[-87,305],[-285,-45],[-152,403],[-103,42],[-237,-131],[-178,322],[-168,-111],[-219,73],[-208,-34],[-107,331],[-165,120],[-59,180],[-245,111],[-50,265],[-379,60],[-116,348],[-478,-342],[-253,499],[180,225],[-75,291],[-262,285],[298,75],[76,324],[-294,323],[66,162],[-222,203],[79,277],[-70,320],[123,226],[-328,22],[56,220],[-259,157],[138,283],[-210,16],[-415,-242],[-461,259],[-73,180],[335,261],[13,117],[-379,-42],[-61,117],[173,249],[-353,123],[-330,-10],[-178,346],[-451,47],[111,-224],[-142,-89],[-217,66],[71,-225],[-57,-82],[-184,135],[-240,-76],[-253,134],[-304,-34],[-139,155],[-320,-217],[-11,235],[-340,257],[108,356],[-65,158],[-249,1],[-219,-272],[-69,13],[-41,274],[-110,122],[-179,-224],[-263,-40],[-64,197],[228,262],[-62,129],[-127,58],[-231,-196],[-148,-22],[-52,154],[-405,399],[-195,-369],[-278,-160],[-164,90],[26,146],[194,144],[-133,93],[-210,-127],[-115,-300],[-130,-84],[-81,206],[39,121],[-62,33],[-466,-220],[-935,105],[-180,-142],[-67,-219],[19,-68],[217,-46],[-19,-109],[-217,-25],[-638,-283],[4,282],[-130,251],[-475,-39],[-114,163],[634,106],[125,81],[14,134],[-1027,-158],[-457,-250],[-137,156],[-3,458],[-304,-57],[-157,-174],[-226,72],[-115,155],[102,261],[-65,114],[-601,-126],[-73,93],[86,268],[-221,100],[-395,-184],[-185,40],[-117,111],[-40,260],[-164,258],[-289,-199],[-295,-11],[-141,73],[6,120],[146,76],[-23,156],[-108,101],[-157,3],[-163,307],[114,237],[221,152],[28,256],[-207,198],[151,349],[-70,68],[-431,48],[263,237],[5,86],[-150,257],[21,431],[-392,247],[106,479],[-242,163],[-58,231],[-116,97],[70,400],[-126,123],[-103,351],[189,253],[30,220],[-116,136],[-251,-84],[-352,94],[-6,84],[267,323],[-178,330],[-467,340],[102,903],[-94,134],[-408,210],[83,185],[-23,204],[-169,141],[-117,282],[-130,555],[-78,935],[-317,295],[-119,18],[-57,-71],[-562,271],[-242,-16],[-27,-102],[-173,-55],[-19,249],[-126,184],[-119,4],[11,-157],[-100,-86],[-256,39],[-36,140],[167,79],[48,124],[-136,51],[-60,345],[-668,-38],[-174,253],[-77,-134],[-130,-8],[-125,68],[-181,475],[-255,69],[-132,-78],[-53,738],[-37,42],[-116,-130],[-173,162],[79,408],[-64,179],[-206,87],[-152,-224],[-228,279],[32,160],[223,59],[-50,125],[-109,57],[-146,-101],[-123,21],[-75,318],[-250,-157],[-306,256],[154,110],[-51,90],[-232,-97],[-228,67],[17,162],[208,-34],[158,245],[-116,86],[-199,-56],[-294,436],[-429,306],[163,221],[-23,285],[-268,285],[62,90],[-41,75]],[[2274971,4129252],[-41,277],[76,234],[-106,458],[-98,54],[20,242],[-110,58],[-168,-163],[-192,34],[35,159],[192,154],[-228,123],[165,185]],[[2274516,4131067],[-72,80],[-252,10],[34,417],[-559,-24],[-319,102],[-157,-101],[-179,17],[-90,129],[91,219],[-21,192],[-211,319],[-713,208],[-275,226],[-681,2],[-385,320],[-313,-448],[-325,-38],[-276,527],[-19,300],[-484,779],[-240,106],[113,398],[-54,359],[-442,178],[266,250],[-275,366],[-100,525],[-346,742],[160,628],[-226,514],[-534,781],[157,472],[-35,194],[-308,545],[-511,446],[-113,204],[-8,198],[178,283],[-60,303],[-455,331],[-188,282],[-715,195],[-173,131],[-195,258],[166,392],[-108,85],[-229,-43],[-105,71],[-380,666],[-89,321],[-443,170],[-194,-40],[-153,-160],[-160,-1],[-137,108],[-39,175]],[[2263335,4144736],[106,283],[-295,277],[30,100],[272,59],[-10,120],[-188,194],[41,406],[153,50],[-141,187],[67,273],[-200,49],[-213,-276],[-155,36],[-355,337],[294,172],[17,102],[-267,25],[-225,332],[5,230],[-649,358],[11,249],[-80,124],[-440,137],[-140,532],[-302,104],[-11,141],[127,116],[-411,583],[37,260],[-124,76],[139,199],[-127,117],[-42,236],[104,109],[49,256],[413,115],[-50,258],[187,368],[517,639],[175,561],[608,815],[459,358],[225,574],[-279,236],[5,147],[290,18],[197,132],[237,307],[127,528],[514,348],[183,-15],[63,73],[-152,211],[23,89],[288,7],[288,178],[-141,483],[269,14],[125,198],[265,85],[53,165],[-81,96],[-283,83],[-26,109],[164,168],[-218,559],[99,168],[261,180],[176,687],[-127,580],[-64,877],[-101,415],[-146,167],[47,179],[-265,287],[-438,301],[-193,64],[-207,-95],[-126,43],[-84,544],[261,111],[115,398],[-274,100],[-108,289],[-234,-150],[-146,13],[-103,236],[321,575],[54,740],[444,-83],[352,138],[-56,372],[341,179],[274,-129],[200,-250],[197,108],[349,-105],[79,484],[334,242],[-47,267],[172,62],[249,-118],[135,32],[92,812],[-133,144],[-355,145],[-66,188],[138,127],[346,-21],[103,77],[26,141],[-198,165],[21,250],[130,183],[242,-40],[158,180],[28,202],[-174,539],[380,264],[-56,208],[-464,80],[-309,248],[103,285],[484,151],[121,527],[-83,389],[109,301],[-168,191],[15,330],[-240,192],[-177,770],[-158,1398],[214,332],[-101,58],[-288,-34],[-169,302],[-261,92],[-102,124],[159,305],[7,402],[386,113],[75,113],[-66,118],[-543,136],[-80,149],[28,330],[73,100],[357,142],[460,412],[144,389],[340,282],[248,370],[-142,321],[21,212],[429,336],[218,355],[-360,1057],[97,152],[323,163],[125,461],[408,78],[446,242],[410,-325],[129,-18],[43,130],[-103,347],[70,97],[131,21],[245,-209],[120,29],[783,896],[130,541],[200,225],[-332,635],[76,153],[410,190],[-2,516],[161,69],[370,-31],[535,166],[152,119],[-15,185],[91,133],[518,70],[72,114],[-94,407],[35,170],[494,295],[94,144],[-6,460],[220,254],[45,199],[-83,179],[-319,210],[-53,159],[235,310],[-92,631],[35,265],[290,280],[101,460],[-344,520],[-792,-35],[-309,249],[-9,199],[430,551],[125,478],[173,100],[233,-178],[231,21],[69,477],[596,132],[567,578],[9,421],[78,171],[893,516],[260,44],[192,-203],[138,17],[122,140],[-55,254],[102,123],[477,53],[179,-155],[115,-254],[157,-86],[139,38],[156,209],[12,242],[344,261],[84,290],[552,230],[633,480],[458,506],[185,35],[571,-252],[211,-15],[173,102],[192,421],[358,-100],[359,89],[172,206],[327,695],[207,618],[-203,225],[-190,63],[-426,827],[89,261],[197,134],[46,237],[-285,561],[-284,189],[-223,469],[21,195],[176,103],[616,90],[540,331],[242,468],[-289,335],[46,149],[315,199],[488,168],[712,517],[-2,177],[-194,266],[196,181],[290,-20],[138,94],[-19,510],[246,357],[433,168],[1756,151],[408,145],[561,683],[467,271],[165,342],[-26,250],[633,-35],[436,396],[1754,907]],[[2291655,4210170],[460,255],[849,693],[340,693],[461,432],[275,415],[2,813],[298,50],[282,-147],[475,27],[323,-135],[161,309],[359,403],[170,684],[16,677],[-313,850],[135,272],[426,475],[110,281],[-515,1279],[104,799],[304,245],[386,10],[344,-184],[283,-38],[142,37],[127,165],[-18,726],[-1136,451],[-340,235],[-137,246],[-1,180],[97,84],[526,32],[257,159],[-72,303],[-299,286],[11,245],[239,334],[991,946],[397,268],[148,331],[-196,464],[-627,535],[218,308],[-28,194],[-817,137],[-44,390],[174,177],[2,96],[-138,254],[-290,275],[33,276],[307,387],[612,456],[175,-47],[149,-215],[140,-50],[471,197],[276,-57],[233,168],[196,246],[13,477],[-151,199],[-590,126],[-11,112],[161,148],[296,112],[485,7],[785,-311],[378,-27],[73,150],[-262,598],[18,272],[177,79],[584,-16],[278,1077],[414,339],[324,176],[453,-106],[216,206],[113,242],[144,76],[1468,79],[476,254],[289,364],[100,302],[-19,882],[543,252],[148,203],[-28,104],[-596,317],[-358,299],[-116,232],[42,120],[178,99],[622,97],[422,723],[1037,-82],[300,183],[425,386],[-59,464],[354,833],[206,-14],[254,-319],[260,-156],[316,71],[148,266],[93,937],[131,183],[246,38],[262,-99],[690,496],[216,-3],[323,-148],[340,76],[533,498],[230,571],[109,92],[231,-64],[87,-131],[502,-208],[557,-372],[261,-57],[230,72],[192,160],[180,316],[204,617],[336,324],[630,1],[382,-292],[299,99],[-23,617],[-320,326],[47,408],[127,194],[199,37],[649,-183],[840,-89],[487,630],[723,483],[175,-44],[2,-171],[-253,-904],[-195,-411],[22,-109],[225,-142],[196,44],[301,314],[654,399],[897,-226],[504,-15],[637,-135],[357,45],[126,103],[85,754],[309,456],[240,212],[599,93],[429,-254],[126,-474],[326,-241],[478,48],[137,356],[396,-34],[375,-583],[266,-228],[168,-430],[134,-79],[382,-4],[143,554],[145,221],[484,394],[829,128],[840,592],[994,1015],[514,325],[11,461],[89,83],[348,-67],[164,-335],[33,-263],[303,-215],[159,-21],[89,63],[145,493],[268,458],[127,-4],[114,-204],[196,-118],[645,-98],[546,310],[494,495],[295,-82],[190,-355],[-41,-260],[-196,-308],[-249,-686],[16,-137],[260,-40],[508,425],[267,87],[1091,-668],[132,-307],[-184,-706],[4,-220],[102,-163],[160,-83],[363,6],[74,30],[53,260],[199,45],[469,-589],[625,-288],[-30,-183],[-616,-75],[-194,-79],[-78,-119],[47,-343],[349,-236],[292,-16],[218,110],[158,221],[106,392],[162,134],[478,29],[70,132],[-92,460],[639,185],[156,170],[129,386],[411,323],[458,529],[300,195],[182,-65],[110,-302],[125,-92],[341,5],[313,115],[291,-73],[641,-647],[188,-96],[214,26],[113,124],[-14,226],[-149,310],[30,165],[179,148],[205,3],[194,-125],[-1,-582],[122,-163],[143,24],[293,308],[458,-593],[205,0],[175,115]],[[2346708,4243585],[132,166],[51,434],[331,753],[164,17],[325,-304],[131,-21],[169,119],[165,356],[229,223],[164,-73],[166,-316],[613,-18],[796,-252],[316,31],[193,209],[-95,400],[81,486],[311,640],[346,478],[181,75],[495,-157],[595,-27],[364,133],[1053,1714],[408,226],[188,199],[-21,165],[-208,232],[164,272],[152,-14],[723,-464],[212,2],[414,151],[101,133],[-236,696],[55,135],[659,60],[753,-107],[638,178],[98,189],[-303,304],[-54,255],[129,177],[500,173],[149,205],[-20,313],[554,368],[173,483],[490,591],[86,382],[361,269],[-14,663],[438,98],[190,-35],[506,-562],[384,-90],[166,93],[-4,225],[-342,716],[-48,275],[135,330],[292,281],[241,-110],[181,-638],[271,-99],[209,128],[81,486],[158,168],[777,-151],[373,161],[336,-29],[250,-270],[137,-368],[110,-34],[143,231],[54,661],[122,14],[117,-93],[23,-316],[259,-255],[581,364],[224,41],[247,246],[318,-476],[275,-6],[473,-171],[336,191],[316,-409],[327,-131],[489,31],[706,405],[164,-148],[-15,-231],[330,-204],[-173,-417],[-1,-211],[370,-200],[342,115],[266,426],[524,147],[647,-44],[-111,-400],[86,-96],[158,23],[285,373],[-278,591],[12,197],[235,529],[195,124],[389,69],[187,-78],[84,70],[290,814],[-115,166],[-321,82],[-170,545],[-123,38],[-231,-243],[-563,476],[111,405],[-182,109],[243,621],[365,141],[-21,187],[407,398],[96,409],[175,42],[278,-97],[131,197],[-290,345],[-160,381],[-438,483],[-236,407],[-3,316],[-363,630],[8,520],[319,504],[338,115],[266,-151],[544,92],[762,-333],[369,73],[748,324],[544,362],[203,-54],[162,-251],[226,-144],[336,35],[308,192],[389,-43],[223,-135],[-76,-270],[174,-228],[524,-310],[1481,-114],[818,-287],[99,-143],[640,-116],[679,142],[131,-74],[-128,-293],[36,-101],[746,-406],[275,-21],[278,133],[227,6],[686,-492],[246,-86],[194,88],[98,233],[437,-130],[1281,1340],[470,-85],[285,188],[237,299],[127,328],[-334,369],[134,280],[11,276],[475,-110],[593,346],[194,-54],[137,359],[152,-215],[149,-12],[94,116],[68,372],[327,-86],[101,63],[-184,296],[-279,16],[-479,451],[-58,208],[189,502],[-557,128],[-243,355],[-92,-153],[-227,-105],[30,-265],[-148,-29],[-326,194],[12,259],[142,124],[359,49],[21,95],[-95,101],[-370,3],[-101,95],[-329,-178],[-11,282],[219,136],[5,373],[217,207],[165,-153],[89,147],[297,40],[-105,451],[474,-55],[68,-113],[140,-9],[56,-173],[68,84],[-41,510],[73,186],[303,244],[456,-44],[1,251],[-95,133],[42,132],[-268,233],[-41,273],[-226,-11],[-24,-132],[-133,-113],[-77,90],[18,112],[211,184],[-9,199],[-213,142],[18,147],[599,365],[-151,257],[-86,11],[-234,-299],[-132,-1],[-160,383],[561,370],[17,251],[266,443],[8,218],[272,264],[479,288],[243,421],[391,207],[191,292],[420,-26],[52,148],[178,-10],[29,-314],[117,-77],[-6,-135],[161,-32],[262,-242],[310,-79],[165,-189],[96,-333],[265,-19],[294,-296],[478,-61],[275,-123],[544,17],[204,188],[204,-85],[136,248],[268,-230],[232,3],[17,245],[-142,302],[75,258],[210,22],[207,216],[621,113],[198,-206],[211,-50],[91,179],[442,234],[117,182],[323,21],[165,179],[911,-215],[165,-211],[397,-182],[387,356],[540,187],[146,3],[471,-286],[191,37],[171,-176],[318,127],[156,188],[262,81],[174,-270],[-49,-242],[197,-148],[87,-201],[470,-62],[155,-192],[222,-109],[2,-223],[229,-101],[375,18],[226,-157],[204,15],[400,-296],[85,481],[151,130],[29,167],[427,618],[165,41],[182,172],[310,-72],[406,150],[49,139],[163,67],[75,201],[299,235],[99,-55],[249,97],[42,-213],[149,-78],[129,-209],[255,-43],[330,-214],[192,106],[159,-46],[110,200],[162,-207],[235,-10],[186,119],[295,-248],[199,19],[102,-87],[413,181],[86,-116],[202,16],[379,260],[116,200],[356,-109],[119,3],[133,168],[474,-49],[120,67],[10,200],[262,218],[176,16],[129,242],[435,138],[339,541],[165,431],[-36,213],[243,502],[-293,315],[-889,489],[-486,1133],[52,249],[-159,314],[39,280],[164,189],[39,376],[-185,513],[-8,774],[370,1426],[-120,155],[-88,394],[-810,703],[-17,479],[-578,160],[-275,206],[505,408],[23,425],[-175,343],[-447,324],[-390,46],[-440,274],[-242,-71],[-467,155],[-169,-33],[-227,576],[-45,-167],[-226,133],[-407,-132],[-697,80],[-142,226],[-253,17],[84,197],[-57,86],[-255,-45],[-354,95],[-285,-28],[-170,104],[-208,6],[-506,280],[-139,457],[-376,97],[-166,-34],[-193,136],[44,518],[-178,130],[-574,62],[81,370],[-157,321],[506,568],[30,136],[-506,158],[33,202],[-235,133],[-349,579],[-330,-61],[-1183,196],[-682,296],[-975,207],[-1002,-112],[-435,33],[172,230],[16,289],[157,152],[30,159],[533,231],[93,-170],[107,279],[485,39],[87,296],[404,-51],[224,407],[489,230],[85,118],[-79,274],[40,128],[121,62],[115,-76],[214,291],[378,17],[245,143],[192,314],[144,548],[109,84],[-2,235],[239,194],[342,1294],[225,347],[37,395],[-327,188],[-28,472],[330,1068],[125,160],[-25,597],[87,278],[-231,493],[26,177],[224,421],[312,184],[-42,464],[-446,260],[-89,104],[47,393],[-271,167],[-78,270],[-460,289],[-179,205],[116,649],[-332,188],[-32,267],[118,233],[-339,250],[-96,198],[558,444],[94,479],[-57,121],[-371,160],[-28,361],[386,201],[-110,302],[89,175],[243,182],[54,257],[326,430],[43,271],[-85,236],[247,614],[175,176],[-68,323],[230,199],[-60,700],[-566,888],[162,312],[-114,246],[-348,357],[-1616,316],[-760,22],[-1967,579],[-422,35],[-667,532],[43,36]],[[2398403,4316861],[645,800],[79,480],[-114,551],[289,551],[279,153],[105,173],[97,1328],[-36,745],[-230,562],[-31,737],[523,1627],[-110,195],[4,203],[694,225],[1139,140],[686,351],[825,1270],[527,1339],[552,467],[9,765],[-207,763],[118,183],[284,145],[407,884],[81,896],[300,624],[-281,797],[146,591],[1122,651],[178,68],[315,-39],[828,432],[-235,789],[-27,264],[103,460],[71,137],[296,-8],[118,73],[127,225],[315,272],[505,-116],[522,-931],[508,-204],[540,34],[162,-127],[1698,40],[146,214],[-58,180],[177,179],[623,191],[225,179],[501,107],[189,-46],[170,153],[170,662],[-137,387],[-225,103],[-153,192],[-27,123],[146,166],[-95,312],[-207,119],[-71,151],[60,615],[146,161],[1037,507],[111,329],[470,413],[154,337],[-161,99],[-519,694],[-8,487],[135,298],[-169,399],[-480,598]],[[2414479,4344735],[316,191],[454,133],[425,-24],[83,65],[60,383],[185,222],[501,263],[190,260],[579,53],[408,750],[185,171],[36,180],[284,0],[473,202],[465,-66],[710,53],[186,543],[217,317],[257,150],[15,178],[-508,239],[-419,386],[-328,60],[-162,202],[-352,167],[-114,333],[-358,64],[-1425,-133],[-266,118],[-629,99],[-668,-59],[-816,64],[-555,343],[-522,917],[-652,518],[-1011,191],[-328,-108],[-290,20],[-445,538],[-614,506],[-633,-16],[-431,414],[-121,399],[-235,328],[-175,167],[-549,167],[-130,116],[-266,333],[-362,721],[-186,136],[-360,603],[-482,-134],[-1398,2],[-1481,347],[-667,268],[-556,124],[-192,190],[-300,664],[-278,190],[-387,159],[-618,0],[-604,206],[-481,-47],[-810,-257],[-446,-351],[-1451,325],[-583,12],[-690,330],[-587,-190],[-241,-187],[-1379,254],[-505,-187],[-536,48],[647,1796],[449,353],[216,281],[122,454],[-569,800],[-327,281],[-560,201],[506,798],[346,353],[188,508],[533,226],[795,635],[590,761],[50,262],[241,411],[960,996],[544,392],[616,587],[2083,1459],[724,427],[833,285],[906,480],[665,511],[742,286],[536,435]],[[2403762,4372336],[733,429],[666,192],[2744,1164],[1404,196],[488,-199],[711,74],[538,-64],[665,238],[766,99],[186,169],[486,221],[452,486],[1009,222],[683,-152],[1108,157],[181,-50],[484,-379],[423,-93],[571,-18],[658,91],[613,-152],[467,-1],[1748,207],[1585,781],[1429,-72],[715,48],[373,-203],[238,199],[438,95],[591,-293],[126,8],[209,166],[973,448],[109,253],[1368,525],[460,16],[235,119],[112,128],[228,672],[595,381],[1355,677],[537,-283],[829,-35],[473,-226],[638,498],[1503,716],[1177,1078],[1130,527],[2143,23],[1053,120],[393,-174],[72,-185]],[[2442633,4381180],[1044,67],[1630,277],[1175,50],[294,-114],[185,-425],[309,-23],[128,-92],[267,144],[157,231],[215,87],[1157,-313],[212,-122],[737,-91],[681,132],[597,-68],[1288,367],[1472,25],[1773,-146],[1155,89],[613,232],[1031,-338],[1024,112],[523,-29],[349,102],[1015,-160],[285,-157],[423,-64],[232,88],[764,51],[638,321],[444,74],[262,-112],[163,-289],[316,-228],[477,-557],[971,-438],[479,-534],[549,2],[481,262],[804,112],[328,-192],[116,-436],[126,19],[708,-335],[298,50],[312,179],[483,41],[693,323],[769,79],[1068,-549],[821,-13],[440,121],[106,141],[739,459],[1461,-250],[109,152],[214,-67],[566,57],[440,-101],[349,185],[667,43],[426,235],[352,16],[335,196],[1493,-925],[288,-337],[452,105],[294,-226],[194,-31],[344,269],[246,-156],[349,46],[943,-1143],[848,-636],[1056,-557],[401,-848],[545,-324],[808,481],[503,46],[693,312],[421,383],[178,413],[656,220],[146,208],[18,167],[336,252],[75,210],[283,-13],[312,178],[351,-246],[221,32],[210,204],[390,850],[411,283],[46,212],[243,326],[311,160],[138,0],[327,-209],[130,-392],[323,-236],[21,-142],[165,-163],[176,-48],[254,-329],[470,-203],[461,173],[487,18],[231,-234],[234,-605],[159,-1483],[200,-408],[245,-20],[311,124],[182,-40],[72,-279],[231,-246],[832,28],[877,-481],[233,-4],[415,245],[193,-83],[187,-629],[-11,-309],[-251,-364],[-247,-121],[-201,-214],[417,-595],[-69,-256],[39,-230],[288,-313],[-108,-419],[123,-542],[242,-386],[378,-251],[426,-25],[686,137],[639,-321],[278,-327],[28,-195],[-177,-558],[46,-358],[252,-503],[298,-914],[270,-504],[-5,-430],[259,-719],[-129,-101],[-533,-75],[-402,-818],[-8,-184],[128,-142],[432,-102],[239,-174],[406,-612],[57,-254],[-137,-1547],[-40,-83],[-475,-49],[-172,-132],[-241,-527],[-310,-172],[-18,-516],[-322,-749],[-192,-1260],[-391,-538],[74,-261],[382,-273],[234,-361],[38,-445],[-81,-316],[230,-444],[766,-251],[428,-313],[50,-261],[-143,-288],[-36,-389],[90,-566],[-344,-538],[-110,-388],[-202,-330],[-417,-407],[-398,-1005],[-681,-564],[-242,-510],[-217,-89],[-377,68],[-281,-110],[-212,-355],[-93,-611],[-155,-166],[-720,29],[-189,-93],[227,-562],[-247,-505],[-41,-388],[-189,-155],[-458,-49],[-166,-155],[17,-178],[296,-345],[5,-200],[-389,-254],[-595,-226],[-505,-410],[-156,-849],[427,-601],[50,-445],[-133,-392],[-406,-489],[-202,-522],[-53,-438],[-344,-627],[618,-78],[241,164],[370,-34],[297,163],[339,-27],[120,83],[85,258],[231,182],[40,399],[180,-22],[400,-245],[225,239],[444,162],[398,415],[283,-82],[588,141],[493,-193],[493,43],[685,-150],[539,287],[1650,-228],[417,292],[251,355],[564,541],[575,30],[354,-138],[56,305],[348,622],[81,403],[601,189],[343,-112],[754,-524],[471,-604],[143,-849],[595,-377],[573,-196],[396,244],[319,-96],[645,396],[323,110],[1036,-419],[276,-329],[180,-72],[377,18],[132,-81],[-15,-1230],[221,-622],[185,-184],[-21,-347],[214,-201],[36,-411],[145,-172],[-52,-261],[128,-178],[33,-314],[-140,-200],[-21,-188],[271,-76],[176,-361],[143,-95],[73,-595],[342,-207],[18,-273],[429,-448],[43,-326],[452,287],[657,140],[2334,-429],[733,272],[416,301],[307,-116],[590,342],[1583,176],[467,-156],[673,310],[101,131],[99,-37],[88,93],[175,21],[51,129],[104,25],[163,-194],[469,135],[433,-179],[753,370],[823,89],[593,298],[676,130],[593,280],[1231,-19],[348,-87],[137,-134],[-839,-475],[-251,-268],[23,-254],[383,-463],[117,-729],[163,-201],[195,-510],[33,-379],[276,-226],[334,-707],[313,-172],[1556,-1333],[148,-460],[343,-222],[320,-409],[1248,-703],[898,-836],[1500,-649],[604,44],[364,-93],[771,-489],[466,-160],[849,201],[321,-17],[443,-195],[746,-550],[275,3],[137,87],[896,-144],[381,-126],[504,-339],[1016,-57],[274,-159],[-27,-396],[466,-247],[290,-297],[85,-362],[470,-493],[93,-300],[222,-259],[-64,-1420],[726,-656],[204,-401],[522,-268],[-161,-520],[-169,-1290],[-223,-604],[998,-565],[919,-843],[120,-243],[-60,-798],[64,-146],[314,-279],[213,-354],[242,-154],[356,-403],[50,-84],[-51,-319],[327,-286],[405,-737],[377,-396],[78,-306],[412,-418],[-64,-390]],[[2556248,4311998],[-107,65],[-179,-117],[33,-215],[222,-148],[33,-105],[-32,-69],[-195,24],[-207,-256],[38,-338],[-274,-22],[-136,155],[-320,-278],[-20,-178],[185,-346],[-337,-285],[55,-344],[-267,-343],[159,-190],[-51,-153],[-190,-53],[-166,-166],[-137,-374],[68,-347],[433,-291],[62,-116],[-642,-664],[39,-360],[-131,-239],[201,-267],[283,90],[159,-137],[301,-816],[358,-234],[-64,-338],[-467,-347],[-43,-473],[44,-146],[294,-254],[-130,-406],[389,-280],[-135,-762],[-158,-275],[9,-102],[236,-245],[-362,-404],[-35,-635],[-81,-76],[-289,-81],[-90,58],[-18,282],[-127,84],[-191,-16],[-27,-200],[304,-582],[-300,-1058],[-181,-155],[-104,-241],[-600,-193],[-104,-138],[135,-214],[-268,-17],[-227,174],[-112,-51],[-28,-110],[241,-308],[23,-162],[-627,-116],[-152,21],[-109,119],[-228,-155],[-141,58],[-153,321],[-102,36],[-446,-180],[-135,-477],[152,-240],[-151,-137],[-103,-470],[-166,-223],[29,-250],[-138,-353],[27,-439],[215,-197],[-156,-345],[74,-264],[-56,-81],[283,-383],[53,-355],[299,-148],[-116,-338],[386,-285],[-143,-142],[-8,-125],[169,-122],[406,63],[439,-237],[-5,-172],[-133,-225],[-612,-182],[135,-275],[-50,-114],[-505,163],[-128,-481],[195,-447]],[[2551319,4290033],[-333,-165],[253,-135],[65,-128],[136,39],[-39,-367],[-154,-84],[-462,42],[-149,-59],[9,-294],[120,-151],[-116,-206],[-260,64],[-99,212],[-135,83],[-128,-523],[-617,-753],[20,-153],[186,-191],[29,-199],[-69,-180],[-201,-123],[-64,-241],[-398,-181],[-128,-190],[-117,41],[-120,296],[-276,-120],[-153,24],[-179,326],[-215,-145],[-56,-262],[-85,-68],[-204,40],[-356,254],[-355,-79],[-313,-287],[103,-144],[314,0],[-25,-114],[-272,-169],[128,-295],[-600,-654],[-185,-48],[108,-194],[-35,-80],[-234,-2],[-356,212],[-200,-126],[-22,-362],[-175,-208],[-148,-56],[-353,128],[-247,-40],[18,-467],[-307,-217],[-59,-128],[134,-275],[239,-104],[-36,-117],[-481,-85],[-88,117],[-286,37],[-161,-469],[-139,-34],[-271,313],[0,289],[-212,341],[-224,30],[-368,-96],[-132,54],[-77,462],[49,195],[-222,219],[-237,-6],[-126,-275],[-293,-64],[-234,-238],[-493,193],[-192,-56],[-73,-314],[297,-193],[72,-263],[-189,-389],[-421,-160],[-224,-373],[109,-237],[236,-86],[178,-427],[-35,-288],[-175,-163],[-307,-57],[-142,-229],[100,-236],[-101,-353],[149,-619],[-49,-306],[-64,-94],[-225,-35],[-497,87],[-328,-29],[-222,-541],[17,-170],[270,-309],[2,-213],[-109,-133],[-411,-46],[-378,-216],[-826,111],[-179,-176],[203,-526],[355,-506],[140,-13],[515,232],[392,-132],[15,-155],[-158,-212],[-13,-257],[-174,-341],[120,-322],[-33,-263],[-512,-297],[-284,233],[-361,107],[-260,-275],[-425,-169],[-561,-364],[-358,122],[-205,174],[-337,-60],[-83,-87],[4,-208],[183,-252],[-115,-151],[-393,-191],[-38,-159],[245,-431],[-52,-210],[-307,10],[-184,-217],[-164,-28],[-161,86],[-186,335],[-236,22],[-162,-231],[294,-279],[-8,-298],[127,-420],[-182,-86],[-287,307],[-253,97]],[[2532535,4271765],[-215,84],[-63,384],[-214,189],[-641,241],[-442,-93],[-144,-340],[180,-974],[383,-558],[787,-143],[-16,-227],[-93,-109],[-594,49],[-390,-173],[-536,-24],[-308,-363],[-441,-141],[-341,144],[-213,-342],[-367,-52],[-26,-165],[169,-381],[-45,-355],[147,-349],[281,-173],[686,-27],[131,-753],[-255,-444],[-262,-30],[-477,118],[-255,550],[-468,-157],[-116,-212],[153,-394],[-54,-297],[-539,-442],[-165,-566],[-173,-123],[-513,85],[-146,-99],[17,-131],[421,-214],[85,-177],[-180,-991],[88,-448],[510,-745],[232,-199]],[[2528113,4262198],[232,97],[-13,163],[-157,104],[-2,210],[111,130],[148,-34],[18,403],[350,200],[127,-17],[67,-135],[-88,-226],[189,-95],[249,400],[411,-59],[107,58],[82,123],[-95,170],[68,83],[844,-7],[66,-146],[335,-106],[-158,-172],[210,-235],[154,33],[300,-363],[281,63],[45,-80],[-81,-158],[109,-30]],[[2532037,4262511],[105,-90],[355,67],[34,-429],[-171,-145],[359,-214],[190,-10],[120,193],[274,-190],[120,-285],[194,154],[179,-275],[301,-132],[671,-197],[240,54],[47,-257],[-128,-127],[-15,-390],[221,-218],[401,-10],[120,-141],[-54,-97],[-215,1],[-71,-161],[35,-154],[170,-60],[353,53],[292,-171],[-247,-364],[22,-235],[313,-61],[70,-324],[161,-49],[218,87],[12,-173],[180,22],[-38,-241],[569,-106],[-152,-262],[128,-243],[110,4],[112,268],[117,-37],[45,-84],[-69,-299],[525,-303],[7,-132],[-104,-109],[404,-155],[-75,-164],[123,-50],[-42,-162],[127,-229],[-234,-387],[-206,-48],[-184,-417],[117,-351],[-65,-215],[260,-175],[-426,-815],[-6,-196],[75,-74],[-146,-156],[24,-297],[-163,-267],[80,-374],[200,-153],[127,-282],[-232,-1348],[106,-312],[-77,-357],[191,-230],[-186,-508],[-169,-177],[90,-447],[-243,-176],[-101,-236],[-3,-209],[249,-259],[-132,-431],[40,-706],[-193,-254],[10,-140],[464,-298],[13,-326],[703,-388],[398,264],[453,81],[262,-2],[485,-214],[582,39],[1054,539],[449,108],[225,-57],[99,-152]],[[2542670,4245476],[280,103],[803,674],[475,716],[339,-86],[237,39],[372,232],[785,60],[104,215],[89,922],[82,138],[234,45],[285,-136],[446,11],[195,361],[178,115],[388,34],[97,94],[224,461],[588,157],[568,24],[192,71],[231,304],[205,26],[68,-130],[120,14],[360,350],[527,97],[152,205],[10,287],[158,256],[271,113],[369,-32],[300,409],[873,557],[823,260],[547,641],[996,371],[369,-232],[547,194],[703,-595],[275,-70],[741,-16],[263,-115],[150,122],[915,15],[419,-283],[314,-542],[921,-478],[206,-588],[310,34],[412,-263],[396,93],[286,-174],[201,-383],[98,-15],[398,217],[296,-184],[741,-15],[336,-212],[345,-58],[191,-105],[124,-334],[457,-201],[276,-507],[396,-51],[268,-269],[231,6],[770,-313],[175,-230],[203,-76],[182,-211],[440,-27],[369,-632],[340,-140],[324,107],[134,329],[754,402],[482,142],[504,576],[346,44],[792,326],[246,371],[109,28],[389,-246],[941,3],[577,307],[511,37],[339,-152],[248,49],[249,-240],[48,-737],[307,-569],[501,-479],[167,-8],[866,280],[575,-189],[384,-369],[1236,266],[219,-194],[1075,-433],[477,-374],[650,113],[433,-222],[370,-34],[226,94],[324,-90],[572,397],[525,105],[481,325],[318,62],[643,-314],[581,293],[511,462],[67,526],[238,285],[182,412],[796,407],[778,229],[901,25],[696,290],[877,19],[431,138],[510,500],[304,692],[1748,827],[1520,1246],[231,634],[158,128],[229,62],[668,-48],[175,-190],[215,-21],[743,52],[896,446],[491,538],[1246,570],[1143,185],[1062,288],[411,204],[590,-79],[330,56],[930,-51],[278,-84],[911,223],[1695,-56],[241,42],[83,512]],[[2609913,4256291],[643,-988],[655,-562],[70,-415],[352,-953],[-36,-914],[-134,-276],[-393,-400],[246,-1002],[-7,-939],[541,-711],[-77,-408],[-197,-303],[-281,-187],[-717,-255],[-78,-1071],[-288,-1153],[7,-256],[830,-518],[2748,-875],[149,-354],[-99,-1371],[125,-292],[-138,-98],[-68,-203],[174,-248],[224,7],[36,-192],[144,-22],[-604,-1036],[-286,-185],[-4,-149],[-435,-423],[9,-539],[-659,-576],[153,-826],[-165,-566],[-11,-605],[-273,-685],[307,-451],[-957,-253],[-845,94],[-202,-67],[-520,-546],[-220,-444],[-251,-175],[-75,-224],[-636,-796],[-221,-494],[-213,-150]],[[2608236,4232236],[0,-329],[-237,-641],[0,-1061],[-189,-666],[78,-485],[170,-296],[-43,-138],[95,-258],[204,-235],[-73,-327],[44,-308],[365,-163],[93,-257],[-65,-88],[-11,-609],[-348,-482],[89,-655],[-86,-597],[-177,-118],[-29,-349],[109,-659],[204,-404],[491,-488],[193,-604],[714,-539],[234,-356],[345,-185],[238,-379],[571,-311],[72,-249],[-96,-201],[-559,-549],[-221,-580],[-84,-684],[-327,-580],[52,-600],[-221,-1181],[297,-1276],[-410,-33],[-309,-172],[-411,-674],[-545,-513],[-102,-277],[12,-226],[607,-1216],[101,-480],[-146,-409],[-574,-851],[-84,-668],[79,-641],[-203,-365],[-73,-331]],[[2608070,4207493],[242,-840],[-101,-332],[22,-646],[321,-547],[495,-348],[-12,-679],[338,-719],[-214,-359],[17,-188],[467,-812],[281,-237],[-703,-1492],[73,-657],[-157,-315],[-57,-404],[298,-1701],[169,-332],[-247,-386],[-51,-453],[477,-1197],[759,-819],[475,-1062],[-449,-1027],[-184,-1546],[-97,-112],[-878,-319],[-897,-87],[-465,-138],[-466,-310],[-132,-173],[62,-1709],[-88,-976],[246,-328],[395,-1700],[-70,-320],[-316,-638],[9,-1010],[123,-1028],[-44,-872],[-255,-293],[-264,-596],[-351,-310],[-281,-467],[-194,-604],[-158,-172],[-457,-199],[-220,-889],[-432,-710],[84,-341],[-108,-943],[-230,-384],[-245,-1532],[-369,-881],[220,-527],[9,-224],[-318,-766],[29,-414],[-350,-514],[-185,-149],[84,-278],[337,-505],[857,-2267],[560,-907],[186,-920],[561,-949],[76,-381],[409,-435],[33,-764],[-260,-511],[-253,-235],[-344,14],[-717,311],[-359,-166],[-112,-200],[-534,-104],[-520,-304],[-204,-317],[28,-677],[-338,-428],[-232,-511],[-112,-760],[-352,-1333],[99,-656],[-190,-179],[-738,-332],[-562,-580],[-204,-7],[-352,-269],[-35,-939],[-794,-725],[-197,-28],[-1033,297],[-141,-55],[-218,-725],[-534,-877],[-140,-539],[-211,-325],[-113,-531],[-140,-228],[-393,-271],[-764,-78],[-88,-69],[-307,-777],[-264,-319],[-1028,17],[-105,-60],[-80,-302],[176,-1442],[-193,-768],[-202,-328],[-485,-344],[-484,-541],[310,-260],[455,-1453],[585,-497],[62,-967],[-248,-558],[523,-856],[-101,-1293],[276,-530],[-79,-464],[12,-779],[-193,-362],[-413,-259],[-211,-501],[-176,-181],[-1889,-1218],[-158,-189],[-105,-328],[52,-130],[526,-690],[-88,-601],[202,-712],[9,-593],[-498,-530],[-59,-307],[-384,-576],[-447,-1143],[-346,-647],[-122,-58],[-825,49],[-1564,-929],[-62,-1326],[-653,-746],[-258,-862],[-394,-221],[-214,-337],[62,-519],[-270,-563],[-489,-144],[-281,-547],[17,-668],[315,-1404],[827,-1081],[33,-797],[-102,-502],[-123,-211],[-573,-127],[-720,-624],[-321,-50],[-45,-77],[-236,-1343],[-348,-718],[56,-1282],[-163,-667],[-724,-580],[-605,-642],[-267,-435],[42,-1181],[-731,-1022],[-302,-898],[-408,-628],[-35,-111],[197,-449]],[[2581041,4106829],[1146,-393],[168,-366],[-140,-339],[0,-214],[337,-241],[689,-35],[661,442],[675,104],[1258,-228],[211,-138],[70,-297],[-872,-152],[-246,-131],[-196,-263],[-134,-366],[21,-255],[295,-629],[288,-241],[155,-318],[-91,-159],[-366,-193],[-211,-221],[-70,-304],[84,-428],[-604,-511],[-211,-415],[-28,-248],[1462,-1692],[155,-118],[956,-255],[618,-263],[204,-455],[-295,-725],[-766,-104],[-1146,-642],[-1188,-366],[-408,-283],[-766,-877],[-183,-429],[99,-241],[365,-194],[190,-462],[387,96],[531,-30],[1274,-440],[316,-251],[264,-405],[510,-294],[1704,-181],[624,-250],[272,-415],[62,-1502],[-150,-1645],[22,-180],[133,-145],[633,-69],[822,118],[324,-81],[913,-484],[930,-688],[784,15],[1695,-406],[440,-311],[448,-768],[158,-121],[343,-95],[562,156],[98,-190],[-53,-425],[-517,-777],[-116,-860],[-116,-114],[-1434,-476],[11,-528],[232,-508],[-63,-217],[-327,-177],[-643,0],[-169,-362],[-633,-570],[-52,-248],[253,-570],[0,-207],[-443,-757],[-232,-82],[-559,124],[-221,-42],[-201,-590],[-200,-207],[-590,-207],[-464,83],[-180,-73],[-95,-394],[-221,-404],[-369,-165],[-485,-353],[-717,-1957],[-337,-197],[-95,-145],[-169,-591],[-495,-93],[-190,-456],[-1128,-1160],[-296,-72],[-516,52],[-390,-104],[-148,-114],[-127,-456],[-653,-259],[-897,-2113],[-1033,-994],[-74,-1057],[-369,-176],[74,-332],[-559,-642],[-126,-466],[-21,-528],[-612,-663],[-232,-995],[-242,-279],[-74,-239],[53,-549],[-60,-215],[-309,-251],[63,-124],[696,-207],[52,-363],[-116,-300],[-432,-549],[-411,-176],[-401,-922],[-126,-477],[-21,-756],[274,-352],[10,-290],[-126,-559],[-253,-435],[-42,-332],[-528,-559],[-738,-498],[-242,-600],[-158,-145],[-802,310],[-833,-549],[-558,-911],[-369,-301],[-11,-227],[211,-291],[-84,-341],[-728,-508],[-285,-394],[-1461,-1526],[-99,-359],[190,-942],[-517,-145],[-633,-52],[-253,-290],[-137,-342],[-337,-290],[74,-1336],[-527,-871],[-43,-580],[-717,-476],[-442,166],[-591,-1088],[-358,-321],[-306,-135],[-232,-290],[-127,-404],[158,-114],[-263,-342],[-63,-600],[-433,-177],[-21,-321],[-126,-145],[-538,-134],[-749,-549],[-211,-549],[-653,-1047],[-183,-1760],[-115,-460],[-323,-706],[-286,-1186],[-886,-1260],[0,-373],[127,-415],[464,-994],[295,-373],[0,-373],[-506,-83],[-211,-165],[-422,-829],[-253,-1119],[-211,-331],[-506,-415],[-168,-331],[-127,-787],[-422,-456],[-168,-415],[-545,-446]],[[2559878,4023069],[-510,-714],[-590,-538],[-506,-871],[-591,-2154],[-211,-1036],[0,-622],[211,-331],[1012,-373],[1139,-290],[759,-539],[-126,-331],[-380,-373],[-1012,-539],[-380,-373],[-253,-828],[-590,-1285],[-422,-1243],[-253,-538],[-337,-208],[-253,-414],[-169,-953],[56,-569],[-267,-1586],[-253,-704],[-590,-1036],[0,-456],[421,-1243],[43,-1243],[-85,-414],[-169,-249],[-295,-124],[-4344,332],[-337,-42],[-1982,-829],[-675,-165],[-295,0],[-1013,414],[-801,41],[-1265,-124],[-1454,122],[-448,-217],[-588,-625],[-281,-440],[-270,-129],[-468,86],[-483,-26],[-220,-86],[-228,-154],[-300,-508],[-869,-978],[-281,-190],[-466,-87],[-474,-233],[-88,-155],[-193,-1122],[-167,-302],[-1187,-795],[-399,-909],[-89,-476],[-1733,-2983],[-1038,-707],[-580,43],[-264,-87],[-168,-731],[-545,-1229],[-527,-574],[-697,-590],[-809,-498],[-285,-435],[-569,-590],[-64,-446],[118,-783],[83,-263],[337,-290],[63,-518],[559,-777],[200,-1118],[-164,-1339],[-324,-671],[-394,-421],[-204,-35],[-724,166],[-478,-173],[-632,49],[-281,-62],[-345,-187],[-344,-476],[-366,-104],[-1131,62],[-1364,290],[-605,-14],[-280,-209],[-433,-911],[-923,-838],[-97,-172],[-81,-284],[46,-208],[800,-1701],[1739,-647],[238,-156],[571,-1778],[202,-414],[176,-190],[905,-389],[149,-129],[62,-207],[-299,-475],[-967,-466],[-1985,-1576],[-664,-216],[-453,-574],[-169,-110],[-129,-652],[-28,-812],[-732,-658],[-326,-1127],[-343,-436]],[[2519316,3962469],[-292,-161],[-1946,-259],[-1023,121],[-608,453],[-208,39],[-101,-1022],[-630,-1138],[-703,-343],[-427,-381],[-484,-701],[-528,-371],[-354,-386],[-1787,-1040],[-766,-684],[-450,-1806],[-1,-340],[359,-823],[-14,-291],[-703,-1208],[-20,-221],[-225,-315],[-299,-702],[-770,-1138],[-499,-594],[-436,-324],[-598,-228],[-516,-368],[-1072,-350],[-422,-463],[-358,-628],[-303,-1658],[-182,-1733],[428,-1278],[0,-966],[274,-311],[254,-470],[77,-614],[-422,-608],[-485,-2866],[-625,-1167],[14,-408],[-324,-386],[-1349,-959]],[[2500792,3933373],[-682,-671],[-211,-456],[-134,-83],[-330,249],[-202,458],[-304,253],[-661,339],[-647,-180],[-527,21],[-358,-415],[-113,-524],[-196,-442],[-493,-567],[-639,-483],[-21,-180],[105,-290],[-14,-697],[183,-371],[-232,-271],[-329,-207],[-177,-249],[-78,-380],[22,-173],[281,-490],[-42,-490],[-246,-877],[-169,-173],[-331,-138],[-126,-421],[-15,-639],[119,-232],[194,-121],[119,-324],[-260,-479],[-1211,-919],[-7,-491],[203,-826],[-633,-494],[13,-153],[274,-120],[361,-522],[-164,-714],[-762,-1424],[180,-797],[-84,-318],[-278,-152],[-917,54],[-288,-83],[-696,-648],[-211,-248],[-127,-401],[-1153,-2127],[-154,-608],[-225,-248],[-745,-415],[-563,-566],[0,-1257],[-126,-373],[-358,-205],[-204,-307],[-563,-1242],[-188,-986],[-299,-362],[-1163,-641],[-501,-939],[-500,-1763],[-536,-216],[-237,-311],[-222,-800],[28,-365],[-88,-432],[-395,-69],[-442,340],[-887,380],[-1472,308],[-1420,428],[-689,92],[-1081,-372],[-383,-293],[-107,-221],[-90,-809],[-516,-1496],[62,-425],[-540,-573],[-405,-891],[-888,-431],[-68,-127],[141,-829],[-147,-326],[523,-309],[208,-221],[135,-321],[-22,-359],[-843,-1107],[-462,-418],[73,-646],[-135,-707],[54,-1319],[-426,-352],[-55,-174],[-160,-62],[-143,-236],[66,-195],[233,-210],[-115,-961]],[[2528113,4262198],[45,-325],[-98,-178],[-1060,-565],[-465,-498],[-309,-71],[-349,212],[-347,2],[-302,-278],[58,-491],[-147,-73],[-335,64],[-202,-128],[-62,-222],[88,-216],[996,-1034],[-451,-1072],[83,-243],[311,-362],[110,-937],[-322,-426],[-856,-126],[-714,-314],[-584,-90],[-370,-232],[-281,-463],[-28,-419],[196,-473],[546,-638],[-99,-424],[-592,-460],[-644,68],[-517,-517],[-350,-190],[-429,-607],[-99,-312],[-291,-176],[-321,83],[-160,250],[13,217],[223,447],[-32,222],[-164,120],[-294,-86],[-181,-282],[-67,-972],[-110,-336],[56,-325],[264,-151],[90,-172],[-246,-566],[-431,-323],[-237,-69],[-620,193],[-490,-322],[-402,-606],[-52,-288],[147,-311],[347,-159],[436,-8],[574,-303],[61,-271],[-211,-350],[-345,-270],[-1032,-60],[-216,59],[-359,255],[-278,426],[-228,20],[-225,-248],[-78,-321],[148,-517],[348,-707],[-64,-497],[65,-362],[-111,-144],[-386,-178],[-934,34],[-218,144],[-216,407],[-187,124],[-565,-361],[-216,-619],[-487,-771],[-261,-93],[-811,149],[-292,-136],[-45,-351],[235,-325],[661,-340],[681,-628],[-232,-683],[-392,-423],[-290,-988],[39,-156],[444,-241],[492,-64],[520,342],[167,489],[245,154],[189,-25],[488,-313],[142,-209],[-12,-663],[205,-712],[-140,-201],[-146,-55],[-278,136],[-75,-48],[-301,-549],[64,-403],[-47,-110],[-326,-479],[-214,-104],[-383,-54],[-639,55],[-444,192],[-473,449],[-274,-19],[-45,-225],[297,-981],[-36,-639],[-476,-562],[-492,-190]],[[2510597,4233027],[-435,-267],[-426,-877],[-285,-335],[-690,-276],[-605,-52],[-86,-183],[91,-161],[29,-548],[125,-227],[560,-203],[409,-252],[140,37],[297,307],[697,494],[375,-78],[231,-241],[-288,-615],[-379,-418],[-566,-182],[-377,-23],[-631,85],[-314,139],[-554,-11],[-209,155],[-163,348],[-332,214],[-103,22],[-391,-193],[-224,-319],[70,-578],[115,-289],[493,-605],[20,-249],[-266,-656],[-790,-468],[-118,-203],[56,-389],[289,-367],[838,-372],[437,33],[626,456],[314,-20],[119,-162],[24,-214],[-247,-761],[-252,-214],[-518,-125],[-309,-179],[-321,-362],[-56,-326],[101,-908],[-49,-223],[-354,-267],[-410,-181],[-370,-348],[-84,-280],[82,-196],[636,-639],[174,-683],[196,-320],[545,-203],[1220,90],[117,-152],[-15,-142],[-203,-229],[-671,-416],[-1042,-75],[-433,-143],[-478,-494],[-830,-1140],[-277,-189],[-430,46],[-915,413],[-350,-291],[-458,32],[-187,-147],[-44,-268],[198,-344],[219,-123],[553,-116],[338,-301],[55,-172],[-52,-262],[-447,-388],[-96,-461],[60,-217],[536,-598],[138,-480],[102,-93],[263,-119],[329,134],[229,3],[132,-156],[-19,-186],[-348,-142],[-567,-600],[-90,-457],[21,-650],[-105,-172],[-263,-123],[-232,-4],[-288,386],[-520,-15],[-571,141],[-348,-98],[-186,-189],[23,-245],[-373,-506],[-291,-806],[-1036,-253],[-313,-195],[-219,-405],[-780,-137],[-104,-300],[109,-565],[283,-203],[321,-79],[241,1],[225,112],[694,594],[425,-190],[305,-202],[87,-287],[-19,-293],[-205,-501],[137,-334],[253,-72],[609,244],[228,-41],[256,-259],[-53,-496],[-227,-295],[-611,-156],[-330,-190],[-211,-328],[-331,-964],[-181,-237],[-103,-57],[-332,53],[-493,440],[-107,16],[-332,-76],[-248,-169],[-313,-445],[-74,-368],[380,-1091],[-147,-518],[-161,-155],[-605,-244],[-530,-593],[-424,-30],[-313,-112],[-283,-565],[-193,-194],[-768,-560],[-643,-251],[-57,-182],[102,-512],[-74,-187],[-228,-107],[-467,46],[-115,-93],[-81,-179],[25,-243],[140,-170],[421,-256],[90,-211],[-58,-293],[-450,-413],[-521,-128],[-247,-246],[-67,-385],[-589,-887],[18,-833],[-130,-362],[-162,-85],[-255,11],[-374,372],[-112,532],[-273,54],[-193,-105],[-159,-751],[-323,-322],[-209,-35],[-507,359],[-515,137],[-241,-33],[-566,-318],[-279,-313],[-7,-639],[-161,-182],[-1079,-16],[-361,-275],[-260,-69],[-972,212],[-486,272],[-127,-161],[-38,-226],[288,-424],[-77,-312],[-88,-102],[-382,-55],[-403,-254],[-270,-15],[-390,263],[-212,-64],[-120,-373],[-440,-608],[-56,-909],[-167,-364],[-296,-100],[-179,170],[-619,180],[-361,-37],[-193,-135],[-195,-480],[111,-598],[-500,-401],[-80,-470],[-347,-412],[-195,-151],[-351,65],[-292,660],[136,501],[-67,87],[-202,39],[-491,-464],[-261,-1079],[-321,-394],[-433,-168],[-740,76],[-319,-152],[-176,-597],[197,-327],[331,-94],[182,41],[326,361],[315,82],[163,-49],[174,-318],[93,-422],[-186,-407],[-193,-182],[-200,-10],[-365,180],[-438,370],[-198,4],[-1126,-1023],[-121,-654],[-252,-380],[-317,-91],[-555,53],[-94,-50],[-101,-255],[274,-392],[179,-617],[-30,-441],[-336,-417],[-245,-114],[-479,-39],[-342,341],[-232,30],[-478,-428],[-332,-8],[-119,131],[7,142],[388,412],[72,260],[-167,363],[-208,55],[-222,-186],[-317,-572],[30,-279],[272,-400],[-124,-390],[-395,-201],[-165,32],[-159,129],[-60,382],[-129,120],[-202,-62],[-129,-142],[46,-449],[-141,-632],[56,-481],[-29,-214],[-127,-147],[-230,-107],[-282,1],[-288,287],[-181,493],[-91,33],[-201,-98],[-176,-359],[69,-532],[-45,-209],[-574,-442],[-186,-777],[-796,-1],[-215,-384],[-49,-445],[-426,-477],[-35,-477],[-110,-108],[-406,15],[-159,-64],[-170,-787],[-183,-328],[-366,-202],[-300,11],[-268,-295],[-56,-479],[195,-608],[-512,-395],[44,-185],[184,-109],[270,-13],[424,384],[261,85],[374,-121],[105,-232],[-89,-310],[-128,-116],[-835,-411],[-110,-141],[119,-423],[389,-230],[100,-290],[-163,-81],[-462,89],[-181,261],[-233,90],[-171,-38],[-140,-76],[-116,-323],[87,-181],[413,-361],[108,-248],[-116,-369],[-351,18],[-207,369],[-398,-50],[-495,-363],[-108,-414],[-201,-169],[-693,71],[-3,-290],[603,-451],[37,-437],[-274,-139],[-247,5],[-458,319],[-101,-30],[-694,-703],[-353,-185],[-91,-314],[203,-400],[-59,-261],[-676,-115],[-170,-140],[-34,-742],[-318,-263],[-50,-202],[145,-378],[-115,-212],[-367,-242],[-385,-27],[-231,309],[-157,77],[-182,-24],[-200,-239],[-11,-170],[188,-382],[0,-170],[-254,-194],[-136,7],[-128,156],[-256,-55],[-59,-645],[-343,-357],[-125,-399],[-226,-281],[-204,-443],[-139,-97],[-349,-52],[-190,-159],[-230,-787],[-356,-83],[-506,289],[-136,-111],[-90,-493],[-570,-78],[-620,112],[-1161,-911],[-684,314],[-596,-346],[-242,56],[-114,209],[73,666],[-125,194],[-160,-30],[-475,-378],[-653,-148],[-254,-298],[132,-271],[-44,-475],[-667,-246],[-186,-169],[-22,-524],[-165,-319],[-317,-142],[-114,83],[-49,677],[-727,-623],[-322,-108],[-345,106],[-91,125],[-45,328],[-247,-45],[-584,-1149],[-1125,-636],[6,-112],[353,-17],[74,-144],[-126,-267],[-125,-77],[-400,-33],[-81,-438],[-160,-217],[-376,-55],[-868,-476],[-240,-38],[-370,89],[-1119,-286],[-342,-161],[-647,-920],[-508,-200],[-297,-21],[-154,-145],[-687,-1121],[155,-242],[329,-39],[158,-190],[-308,-533],[37,-218],[193,-218],[-78,-546],[-87,-164],[-461,-299],[57,-488],[-378,-511],[288,-841],[214,-191],[13,-112],[-276,-267],[-321,-39],[-72,54],[80,259],[-82,104],[-605,-99],[-63,-220],[126,-321],[-174,-123],[-226,183],[-282,-48],[-622,184],[-180,-113],[-238,-484],[-405,-188],[-17,-401],[399,-393],[83,-243],[-156,-305],[-458,58],[-164,-297],[92,-239],[347,-227],[57,-175],[-232,-197],[-198,50],[-256,233],[-232,-55],[-48,-245],[231,-337],[-11,-206],[-464,-150],[-193,-248],[134,-305],[318,-17],[133,55],[216,401],[235,128],[200,-80],[10,-259],[-247,-303],[-670,-176],[12,-162],[319,-221],[-81,-239],[-649,64],[-166,-196],[121,-228],[725,-240],[-115,-302],[-430,-20],[-232,-215],[-755,47],[-142,-74],[-303,-388],[-229,305],[-185,37],[-385,-499],[-198,-54],[-212,115],[-103,247],[-370,327],[-329,85],[-290,289],[-316,-530],[-82,-309],[-421,-227],[-390,-416],[-212,-558],[-140,-1],[-146,185],[-341,-123],[-531,55],[-571,-377],[-113,177],[206,451],[-389,82],[-127,452],[-161,32],[-399,-205],[-534,454],[-202,294],[-324,123],[-236,-106],[-185,-193],[43,-621],[-99,-314],[-592,-114],[-157,-160],[212,-315],[434,12],[44,-371],[-109,-266],[-328,-49],[-124,62],[-283,478],[-746,170],[-68,-513],[224,-485],[-137,-69],[-220,136],[-143,-4],[-137,-168],[87,-257],[500,-371],[29,-623],[-443,-35],[-340,-118],[14,-152],[430,-132],[28,-154],[-341,-247],[-530,-79],[-541,-769],[-34,-94],[73,-113],[577,-11],[-7,-189],[-524,13],[-313,-439],[-698,-451],[-17,-135],[197,-155],[12,-185],[-183,-547],[190,-228],[24,-146],[-90,-31],[-466,228],[-190,17],[-36,-631],[-191,-591],[-182,-200],[-383,-95],[-62,-133],[4,-111],[241,-229],[47,-179],[-251,-529],[-358,-289],[-54,-749],[-142,-152],[-473,-168],[-115,-119],[-73,-264],[-396,-181],[121,-173],[329,-167],[-467,-566],[74,-510],[-118,-100],[-519,88],[27,-210],[259,-298],[368,58],[166,-88],[-47,-204],[-289,-120],[-599,155],[4,-571],[141,-27],[259,201],[211,-165],[-108,-778],[-75,-21],[-258,234],[-160,-46],[-136,-346],[-216,-255],[-110,-563],[-225,-120],[-154,11],[-217,287],[-163,-49],[-161,-169],[-163,-589],[-496,-195],[-162,-468],[-408,-14],[113,-425],[-57,-469],[537,8],[43,-88],[-577,-924],[109,-100],[308,196],[186,-197],[-54,-129],[-432,-286],[-45,-148],[104,-352],[-97,-165],[-380,-182],[14,-213],[226,-227],[-55,-167],[-190,-172],[249,17],[225,287],[90,-64],[-170,-589],[-172,-310],[67,-405],[-456,-67],[-109,-255],[-207,-101],[-260,22],[-291,146],[-142,-31],[27,-133],[265,-190],[-682,-994],[7,-394],[196,-361],[-326,-170],[-23,-309],[-343,92],[-300,-599],[-472,-38],[-275,-180],[-245,382],[-185,-11],[-225,-272],[270,-173],[-218,-204],[-549,451],[-143,-18],[-128,-239],[-187,47],[-509,815],[-498,-302],[-284,-310],[7,-460],[-431,-160],[8,-147],[341,-225],[68,-184],[-73,-179],[-401,-159],[-16,-253],[124,-130],[329,18],[93,-119],[-154,-196],[-467,-15],[-88,-70],[81,-116],[491,-57],[-61,-138],[-298,-91],[-17,-252],[543,-89],[53,-468],[369,-522],[-61,-162],[-232,-175],[111,-404],[-40,-203],[-300,-221],[235,-267],[14,-123],[-100,-128],[-373,-99],[491,-1069],[-441,-169],[-357,-264],[-3,-397],[-336,-31],[89,-428],[-248,-309],[194,-69],[290,98],[103,-72],[26,-150],[-103,-119],[-427,23],[-125,-284],[-156,-100],[-284,154],[-221,-66],[-51,-116],[119,-310],[-133,-477],[58,-109],[238,-112],[135,-773],[140,22],[117,147],[114,-78],[-201,-726],[-34,-435],[179,0],[226,173],[199,6],[11,-368],[137,-150],[78,140],[26,402],[196,71],[165,-388],[-36,-207],[-156,-216],[23,-107],[78,-67],[376,62],[63,-94],[13,-543],[-96,-207],[137,-300],[-15,-210],[-241,-307],[-189,-513],[-344,-311],[-184,-324],[92,-223],[165,-109],[374,315],[204,30],[138,-146],[39,-378],[-48,-115],[-310,-109],[-247,177],[-271,-14],[-36,-153],[273,-364],[-465,-342],[-112,-222],[148,-200],[362,-35],[245,-292]],[[2406784,4090927],[-886,-639],[-35,-172],[73,-53],[478,140],[81,-92],[-184,-275],[-472,-69],[-74,-171],[89,-176],[-25,-158],[-243,80],[-198,330],[-164,-88],[-225,-316],[-369,10],[-227,212],[-37,389],[-147,47],[-121,-140],[67,-174],[-38,-156],[-207,-188],[-148,-20],[-206,282],[-202,91],[-90,-72],[133,-118],[-8,-144],[-98,-66],[-287,8],[-106,-91],[-101,-232],[34,-727],[-257,230],[-311,23],[-286,134],[32,-262],[287,-75],[77,-126],[-190,-543],[12,-207],[84,-40],[429,292],[180,-56],[-12,-125],[-415,-235],[-66,-558],[-422,36],[-294,-329],[-211,82],[-309,-75],[-380,169],[38,-429],[-148,-143],[-161,-939],[-359,134],[-631,-191],[262,-263],[150,-273],[-13,-135],[-349,0],[-132,-108],[-231,0],[-754,451],[-219,-212],[-51,-300],[51,-135],[437,-584],[-64,-403],[-448,-798],[-65,-501],[186,-254],[-240,-97],[144,-308],[-49,-179],[142,-155],[534,-60],[293,-189],[164,-18],[84,-208],[-58,-160],[-133,-75],[123,-156],[6,-156],[-171,-615],[-276,61],[-359,-238],[92,-312],[-258,-451],[106,-285],[-76,-203],[-369,-190],[-93,-387]],[[2397894,4077050],[-259,130],[-291,-68],[-191,142],[245,676],[-108,196],[-183,-99],[36,-316],[-327,-70],[-388,158],[-511,53],[-212,298],[-290,89],[-277,232],[140,407],[584,418],[83,322],[-273,313],[-609,257],[-123,-45],[0,-268],[-251,-360],[-158,22],[-364,301],[-165,6],[-108,-94],[184,-618],[-186,-603],[-123,27],[-120,312],[-189,214],[-566,388],[-164,-38],[-369,-307],[-376,-479],[-307,-105],[-208,144],[-44,202],[574,208],[229,208],[59,175],[-59,245],[-697,815],[-63,471],[309,466],[609,182],[97,344],[-94,308],[-489,331],[-184,500],[-13,416],[-81,171],[65,337],[-166,508],[321,287],[34,138],[-3617,2891],[52,-2437],[160,-2520],[-54,-1925],[81,-447],[-9019,1016],[-1385,306],[-2065,277],[-4302,-995],[-4862,-1249],[-344,2037],[-958,-253],[-1431,385],[-111,254],[26,321],[-158,125],[-449,109],[-256,350],[-342,83],[-51,71],[124,46],[-598,971],[-291,75],[-213,150],[-290,734],[-30,312],[283,766],[-4,500],[95,329],[-50,1196],[-154,462],[259,1874],[-252,730],[39,579],[288,782],[128,621],[172,225],[13,383],[629,320],[210,629],[244,295],[-62,804]],[[2363332,4096179],[-2146,7731],[2294,-726],[959,-225],[268,147],[-2,193],[-218,59],[-25,82],[-130,-14],[3,220],[-98,44],[39,147],[-151,-48],[-36,142],[-143,5],[-255,259],[-84,322],[-434,637],[-70,340],[-219,73],[-234,242],[-60,376],[-482,619],[62,189],[-70,91],[34,316],[195,154],[180,683],[-213,233],[-6,212],[-348,344],[-58,393],[-213,318],[3,358],[-517,1945],[-660,1117],[-344,783],[-156,1167],[-273,478],[-849,642],[-316,647],[-504,450],[-284,1267],[2,1587],[-256,805],[18,383],[-137,606],[98,144],[40,744],[-62,422],[30,1783],[-368,2500],[-148,311],[-496,456],[-222,572],[-1053,1378],[-97,406],[-233,472],[-963,579],[-702,123],[-1807,912],[-142,-11],[-422,300],[-239,512],[-308,327],[-97,267],[-205,245],[-627,300],[-125,833],[-227,434],[-370,1239],[-751,1583],[-280,234],[-148,327],[65,1555],[177,922],[-51,189],[-901,-99],[-474,-194],[-570,-94],[-394,145],[-102,422],[143,966],[-85,678],[86,372],[-39,233],[-211,72],[-1130,-310],[-143,-233],[-422,-160],[-126,-206],[-445,-338],[-891,-1066],[-610,-216],[-645,56],[-268,-311],[-399,-138],[-542,6],[-747,139],[-234,222],[-233,489],[-200,234],[-68,527],[-125,73],[-656,-316],[-577,-578],[-793,-565],[-343,-139],[-433,84],[-387,483],[-86,228],[-222,200],[-605,6],[-388,-111],[-382,89],[-365,406],[7,516],[382,644],[18,584],[228,560],[81,606],[565,627],[245,111],[114,144],[178,883],[-120,417],[172,349],[342,317],[925,299],[445,766],[501,379],[811,422],[503,215],[1194,178],[420,-184],[287,212],[449,77],[77,118]],[[2340477,4151326],[1806,1179],[643,257],[434,337],[18,266],[-350,549],[-28,369],[-688,374],[-500,496],[37,451],[-73,263],[138,339],[-504,1713],[222,895],[89,1043],[1219,1321],[204,110],[87,361],[-132,247],[42,183],[317,452],[86,908],[467,508],[444,721],[813,733],[525,647],[141,267],[4,680],[505,186],[2080,2919],[567,255],[1117,191],[1440,501],[444,221],[297,469],[1292,873],[706,14],[361,197],[1341,-110],[630,128],[166,74],[560,599],[-718,266],[-1102,19],[-1622,156],[186,517],[297,395],[-65,174],[-136,-38],[-271,-267],[-1291,281],[-264,-6],[-648,-434],[-387,-35],[-445,264],[-320,695],[-284,151],[-238,-99],[-17,-669],[-295,-848],[-261,26],[-419,312],[-645,46],[-273,287],[-114,26],[-225,-265],[13,-275],[136,-248],[-132,-82],[-233,18],[-361,257],[49,450],[-88,322],[5,441],[-102,120],[-255,-98],[-106,47],[5,476],[-563,1227],[-215,43],[-124,-318],[-282,-244],[-308,35],[-220,395],[-339,240],[-585,759],[-13,232],[366,381],[93,437],[330,270],[-53,197],[80,351],[-13,451],[-277,291],[-13,167],[256,523],[282,111],[669,-116],[824,287],[62,115],[-171,549],[-704,1004],[-150,510],[45,283],[-181,210],[216,236],[-8,201],[-718,464],[22,158],[159,167],[639,381],[-9,159],[-334,296],[-9,210],[662,1174],[106,596],[84,76],[-250,286],[-211,480],[-384,262],[-25,181],[91,217],[473,656],[0,101],[-112,189],[-599,488],[-195,395],[1,89],[546,116],[662,293],[46,415],[-810,669],[-294,379],[-393,69],[-116,93],[394,1075],[792,950],[-203,104],[-823,118],[-154,-48],[-194,-427],[-116,-4],[-712,383],[-496,649],[9,193],[140,153],[199,48],[472,-101],[203,101],[87,258],[-58,378],[327,217],[-90,274],[-124,117],[-741,428],[-91,141],[21,197],[269,463],[-49,604],[-529,339],[-253,-395],[-435,-338],[-277,299],[-356,69],[-252,-109],[-66,411],[-662,339],[-72,418],[48,343],[-264,902],[256,137],[-8,113],[-205,224],[-374,-31],[-128,33],[-70,141],[-46,475],[232,80],[207,379],[-301,427],[356,595],[716,64],[100,113],[-91,528],[170,314],[54,366],[580,-85],[298,286],[298,20],[397,221],[-31,1125],[1102,455],[371,310],[200,45],[674,-290],[365,22],[492,911],[969,987],[206,717],[639,38],[228,83],[269,322],[623,483],[183,527],[211,261],[251,77],[52,-114],[276,59],[232,427],[828,621],[427,161],[253,411],[-244,422],[-76,431],[-235,330],[-59,526],[443,447],[680,949],[29,432],[515,258],[16,544],[116,473],[2363,1332],[2223,-26],[1198,-366],[299,24],[875,1238],[895,1789],[-4,627],[474,914],[1461,758],[83,1604],[-96,225],[75,490],[-93,483],[206,444],[-39,184],[-458,691],[-7,242],[240,668],[652,595],[39,559]],[[2363630,4231654],[203,-415],[1268,-1730],[-138,-762],[637,-1165],[1909,-2141],[495,21],[390,349],[537,264],[454,456],[851,415],[286,294],[411,-11],[211,-117],[200,77],[336,-328],[155,56],[936,-74],[2650,608],[634,444],[372,1055],[531,149],[474,-134],[456,-217],[160,-161],[-114,-294],[-122,-972],[-5,-657],[1441,-1594],[571,132],[303,156],[576,-384],[748,-285],[1141,-34],[536,-673],[314,-139],[366,-3],[398,-303],[253,-354],[288,-113],[519,-7],[475,-341],[1388,-394],[555,324],[911,-72],[509,303],[235,577],[-40,313],[662,510],[101,240],[-466,1223],[746,363],[838,232],[975,-205],[624,168],[394,433],[286,471],[280,67],[719,-101],[703,82],[539,-600],[445,-228],[779,536],[1657,40],[457,-291],[918,-279],[295,-287],[1141,-288],[1429,739],[530,146],[513,674],[240,-121],[29,-418],[289,-347],[292,-191],[304,245],[-56,524],[248,302],[367,105],[730,403],[355,39],[412,273],[947,118],[546,-353],[423,13],[609,-310],[651,-81],[194,-146],[180,11],[284,171],[490,-383],[755,67],[223,-61],[429,-322],[260,-14],[165,-126],[377,51],[215,-192],[363,-26],[318,-180],[677,178],[788,-407],[268,-349],[538,47],[448,-149],[417,-5],[1009,494],[1313,112],[723,-90],[518,-460],[354,-3],[331,211],[538,595],[69,858],[235,510],[272,47],[660,-583],[459,-823],[1105,-560],[414,-73],[-24,-340],[985,-2],[472,216],[445,70],[1126,-131],[150,35],[39,248],[-149,1859],[1570,-28],[644,379],[441,73],[562,520],[554,236],[661,510],[603,858],[495,202],[-120,-773],[136,-324],[1012,-1075],[248,148],[471,103],[481,384],[903,-127],[366,-224],[342,723],[166,-202],[370,269],[-262,300],[812,801],[307,-224],[440,-52],[943,590],[311,107],[355,-88],[608,-432],[325,-123],[389,64],[525,-303],[500,45],[55,87],[-427,1113],[-95,504],[919,563],[481,129],[397,258],[241,338],[576,-346],[38,201],[870,60],[99,-105],[217,-843],[727,-854],[-245,-284],[525,-242],[1780,1544],[-985,1690],[-1069,67],[-289,91],[-263,201],[-179,272],[-40,228],[32,183],[292,324],[0,225],[-99,167],[-431,267],[-352,737],[-275,1064],[863,435],[1512,1342],[1001,657],[826,404],[604,824],[47,583],[227,417],[-136,694],[-683,965],[-721,685],[-316,481],[-279,589],[121,511],[-41,525],[-180,236],[-493,229],[-229,989],[-290,717],[-957,1295],[-397,12],[-236,109],[-975,799],[-340,111],[-711,35],[-502,170],[-725,-59],[-194,53],[-320,175],[-416,404],[-777,920],[-1090,1902],[-154,389],[64,486],[-820,1012],[-48,219],[101,775],[321,449],[43,239],[-41,686],[-192,355],[-493,535],[-351,553],[-61,324],[114,174],[-593,766],[-455,928],[-50,489],[-125,206],[-343,239],[-917,1018],[-605,495],[413,505],[-131,389],[-194,112],[-223,-150],[-827,474],[-211,5],[-354,162],[521,899],[58,216],[-229,112],[454,1187],[-611,324],[-468,-72],[-234,140],[332,332],[241,472],[316,1171],[674,49],[491,-73],[744,704],[218,305],[407,943],[143,150],[85,-245],[-41,-749],[91,-45],[1058,670],[692,232],[645,-12],[-70,-711],[854,34],[67,547],[697,321],[65,705],[-307,934],[-581,1045],[-524,462],[-360,178],[-541,695],[-1157,1224],[-1335,1014],[-1295,552],[-902,607],[-102,283],[218,466],[238,215],[-877,-77],[-1155,-295],[-262,4],[-5675,20646],[174,36996],[-2834,1093],[-9841,4094]],[[2391869,3568464],[1965,-5166],[87,33],[468,-1123],[37,180],[-74,162],[500,152],[-422,-281],[261,-497],[-114,-51],[123,-293],[-175,-77],[1107,-2816],[2969,-6454],[-85,-73],[-536,-130],[-263,-165],[-179,49],[-164,-146],[-606,-223],[-149,-102],[-89,-209],[-214,-111],[-371,-388],[-342,195],[-285,-142],[-550,176],[-368,-184],[-342,103],[-778,-276],[-131,-263],[-116,-600],[-145,-234],[43,-418],[-395,-703],[-511,-163],[-174,-219],[-457,-169],[-459,-384],[-348,167],[-305,-259],[-154,-28],[-228,77],[-277,365],[-427,-92],[-428,62],[-217,-57],[-367,-283],[-229,27],[-154,-87],[-238,82],[-159,-92],[-181,36],[-181,-147],[-298,-44],[-209,98],[-278,-113],[-94,65],[-25,185],[-322,-93],[-119,200],[-284,12],[-421,188],[-213,-34],[-283,193],[-251,-54],[-240,168],[-213,3],[-380,181],[-547,-262],[-289,-8],[-185,-118],[-345,-14],[-369,157],[-165,-184],[-335,-77],[-104,217],[-168,-121],[-159,40],[-282,309],[-12,175],[-127,178],[-172,112],[-330,7],[-166,-89],[-465,47],[-349,-263],[-200,130],[-288,-313],[-404,-89],[-120,76],[-319,-38],[-136,194],[-516,347],[-266,-322],[-245,-160],[-218,-351],[-529,-297],[-498,-75],[-65,-194],[-488,-226],[-1320,-236],[-1039,-60],[-272,53],[-334,-169],[-172,258],[-441,368],[120,270],[-244,255],[-1069,192],[-422,289],[-479,-11],[-318,220],[-90,194],[139,628],[-105,894],[-494,711],[-367,1117]],[[2352769,3594144],[850,-227],[5983,131],[-675,1455],[-141,3092],[81,502],[-51,153],[622,872],[-1318,1453],[-11,588],[-478,117],[-92,-45],[51,71],[-198,34],[512,468],[103,403],[244,-30],[-40,400],[688,185],[545,-227],[477,-524],[424,-298],[2476,-245],[2862,1102],[3136,113],[9679,-33],[-1623,4296],[-1682,6429],[-306,30],[124,206],[-915,1441],[443,82],[334,154],[488,463],[238,118],[75,1224],[-286,3796],[373,1368],[251,279],[3833,19872],[4,811],[-501,738],[120,861],[498,224],[1227,-72],[983,178],[649,330],[1206,81],[115,375],[-221,504],[-4,225],[676,441],[462,953],[358,375],[1005,336],[218,158],[486,608],[-76,408],[55,175],[379,292],[2633,2948],[45,2546],[-260,-87],[-409,751],[708,202],[-354,183],[-629,938],[-64,237],[-383,221],[-429,492],[-26,317],[-480,763],[-21,262],[239,217],[4,283],[192,108],[67,148],[-215,50],[-254,274],[324,187],[292,-64],[1011,80],[273,216],[281,75],[660,-218],[638,0],[230,191],[320,37],[443,433],[200,33],[354,212],[477,33],[59,-154],[158,-51],[191,13],[-38,79],[64,62],[456,-134],[298,96],[213,-159],[702,291],[341,-50],[379,-188],[234,-234],[302,-4],[349,108],[38,-167],[175,-92],[93,-237],[243,108],[307,8],[446,-317],[582,-60],[-704,3581],[-488,1204],[-1192,4852],[-3367,14058],[-1024,4648]],[[2392168,3690742],[352,-303],[882,-202],[595,-374],[504,327],[308,-51],[846,-1023],[415,-110],[370,-310],[286,-44],[558,453],[451,144],[455,-70],[558,366],[504,-45],[294,336],[364,62],[299,258],[398,-83],[338,91],[408,213],[183,261],[363,-95],[257,94],[608,40],[221,119],[870,-353],[621,132],[215,-60],[665,150],[286,-79],[209,197],[177,446],[541,603],[90,296],[343,-165],[164,72],[377,763],[-60,384],[314,3],[180,-98],[203,367],[782,-127],[154,54],[14,583],[172,796],[288,238],[245,783],[431,259]],[[2445719,3654173],[-346,20],[-645,-542],[-427,-199],[-422,-89],[-112,-305],[-503,-701],[-53,-217],[-348,-316],[-181,-579],[-272,-385],[-759,-755],[-527,-380],[-135,-232],[-329,-94],[-109,-237],[-226,-103],[-267,-282],[-182,-379],[-596,-443],[-200,-508],[-96,-903],[-293,-212],[-112,-893],[-366,-493],[-105,-326],[-226,-177],[-25,-290],[-451,-547],[-981,-642],[-447,-107],[-105,-244],[-303,-324],[-709,-158],[-102,-219],[-657,-457],[-148,-625],[-203,-222],[-807,-327],[-1583,-1384],[-436,-272],[-247,-304],[-173,-584],[-391,-239],[-6,-119],[219,-296],[-264,-240],[-93,-281],[-203,-59],[-78,-359],[91,-300],[-31,-227],[-297,-155],[-202,42],[-324,-438],[-347,-72],[-147,-312],[-455,-270],[-100,-265],[-241,-72],[-484,-654],[-143,13],[-260,220],[-391,38],[-492,-254],[-324,678],[-440,-564],[-113,-35],[-140,118],[-135,-14],[-143,-132],[112,-181],[-32,-190],[241,-101],[-12,-78],[-130,-100],[-140,41],[-267,-77],[-19,-224],[-160,-189],[-16,-229],[-562,-422],[-199,-270],[27,-250],[-126,-138],[-332,-236],[-824,-326],[16,-109],[164,-139],[-360,-444],[245,-105],[61,-138],[-60,-102],[-89,5],[-180,-468],[246,-478],[152,-922],[-599,-795],[-2,-1554],[-262,-590],[1,-395],[-266,-877],[-225,-455],[-139,-15],[-12,-277],[-242,-140],[-101,-287],[-266,-24],[-322,-200],[-537,50],[-179,-69],[-200,-263],[-516,-398],[-300,-189],[-227,-5],[-114,-193],[-66,-562],[46,-197],[280,-315],[-327,-194],[-372,-73],[-283,-267],[94,-421],[-275,-319],[-65,-232],[265,-484],[-127,-431],[216,-279],[-214,-78],[273,-303],[-101,-532],[251,-596],[-156,-784],[123,-653],[-123,-391],[-449,-435],[32,-289],[-153,-76],[-11,-265],[-223,-234],[53,-429],[-462,-115],[-76,-83],[25,-188],[258,-289],[-61,-167],[-287,-187],[233,-310],[49,-276],[-85,-33],[-169,144],[-228,49],[162,-350],[3,-286],[-49,-87],[-327,-135],[-49,-141],[330,-532],[-95,-364],[-126,-24],[-199,139],[-305,-98],[-527,38],[-11,-342],[101,-250],[-459,-349],[-165,-9],[-436,232],[-163,-71],[-43,-337],[-400,-91],[-229,300],[-303,31],[-103,-90],[101,-359],[-45,-76],[-207,-31],[-456,167],[-323,-95],[-445,-294],[-322,-66],[-595,-612],[-47,-238],[-385,-52],[-233,58],[-4,-150],[158,-213],[-26,-115],[-457,167],[-193,-56],[-194,-291],[-358,-17],[-101,-330],[-395,-139],[-285,-415],[-135,-16],[-206,123],[-184,-301],[-360,-75],[-427,117],[-284,-20],[-353,-446],[-32,-470],[-340,180],[-175,-164],[-109,-563],[-330,-666],[-209,-247],[-470,-287],[-467,-75],[-90,-431],[-315,-319],[-144,90],[-91,-104],[-134,88],[-206,-29],[-210,274],[-40,-74],[-60,-362],[688,-1346],[530,-1721],[9337,-17371],[-1591,94],[-182,472],[-370,392],[-522,50],[-269,326],[-386,224],[-2041,603],[-293,-138],[-256,-259],[106,-561],[-171,10],[25,-104],[-223,-86],[-60,-103],[-1179,-361],[-354,16],[-306,104],[9,110],[-151,13],[4,-96],[-811,-141],[-236,-198],[-300,-622],[-185,-164],[-1018,-629],[-740,-238],[-1446,152],[-955,509],[-1194,285],[-1288,121],[-978,-113],[-1003,151],[-1597,-60],[-867,65],[-488,170],[-1371,-160],[-1658,198],[-403,-83],[-814,562],[4748,-12508]],[[2581041,4106829],[-117,-336],[-292,-443],[-441,-457],[-598,-259],[-732,212],[-1012,-38],[-357,-180],[-301,-304],[-317,-1054],[-257,-208],[-1369,-231],[-1113,-636],[-1086,-774],[-273,-568],[-190,-1540],[-588,-1262],[-514,-332],[-1541,-397],[-530,-929],[-428,-40],[-341,139],[-456,44],[-2542,-1548],[-1282,-38],[-842,-219],[-912,30],[14,-305],[212,-306],[156,-542],[-258,-430],[-131,-888],[-172,-249],[-335,-95],[-866,-570],[-1729,-402],[-213,130],[-865,-75],[-347,-181],[-125,-78],[-21,-764],[-227,-299],[0,-139],[-366,-365],[-126,-266],[-206,-66],[-103,-122],[-706,-15],[-834,-486],[-644,146],[-604,-26],[-120,-88],[-372,-549],[-721,-825],[-783,-698],[-395,-532],[-297,-260],[-401,-726],[-378,-477],[-1006,-947],[-572,-820],[-432,-392],[-65,-400],[-138,-120],[-1292,-575],[-890,-169],[-2153,-956],[-795,-152],[-185,-203],[-13,-333],[626,-510],[188,-242],[-57,-483],[-185,-295],[-347,-278],[-565,-286],[-577,-153],[-488,35],[-1125,-284],[-304,-441],[-262,-187],[-1219,-451],[-1471,-266],[-1625,0],[-393,-32],[-257,-108],[-364,-403],[-326,-207],[-416,-624],[-335,-196],[-350,-369],[-937,-1738],[12,-421],[-660,-485],[-236,-283],[-190,-553],[-714,-286],[-451,-657],[-1217,166],[-1744,1129],[-620,296],[-633,107],[-1383,698],[-369,267],[-1734,1715],[-290,156],[-602,896],[-603,557],[-1253,264],[-1641,76],[-659,874],[-666,368],[-666,135],[-610,7],[-1232,-330],[-484,-21],[-1622,-1096],[-428,-160],[-877,75],[-1083,-125],[-502,40],[-760,-168],[-1175,-125],[-410,-5],[-638,146],[-1430,448],[-3013,769],[-425,-140],[-513,-24],[-721,-505],[-621,-741],[-443,-287],[-384,-473],[-377,-163],[-720,-649],[-166,-520],[-250,-213],[-59,-193],[-922,-134],[-249,-146],[143,-437],[4,-490],[-91,-238],[-186,-167],[-207,-783],[-1074,-759],[-142,-215],[-286,-81],[-372,-246],[-464,90],[-435,-192],[-333,-10],[-174,-260],[-201,-57],[-148,-161],[-388,-187],[-126,45],[-421,-218],[-533,46],[-388,-176],[-308,120],[-887,-8],[-333,-347],[-183,6],[-93,144],[-252,-167],[-395,141],[-10,-165],[-142,-17],[-152,-163],[-149,-858],[-574,-144],[-136,-113],[-731,-242],[-96,-152],[1,-262],[-188,-354],[-607,-229],[75,-173],[-67,-123],[-559,-296],[-295,-332],[-572,-175],[-230,-177],[-236,-3],[-347,236],[-522,72],[-190,-42],[-342,-247],[-264,0],[-294,360],[51,338],[-329,71],[161,226],[-254,153],[21,233],[-78,125],[-389,12],[-288,214],[-285,-33],[-398,226],[-70,-1],[-1,-159],[-87,-25],[-377,448],[-359,-72],[-300,-326],[-449,-9],[-343,217],[-104,268],[-349,194],[-200,-87],[-314,-309],[-208,-52],[-163,-234],[-78,-2],[-899,515],[-120,-26],[-176,-228],[-119,30],[-275,410],[-618,167],[-152,205],[-189,-23],[-189,-235],[-209,-78],[-279,134],[-753,146],[-445,447],[-96,-137],[10,-238],[-227,-73],[-125,122],[66,300],[-433,94],[-761,-146],[-322,-294],[-285,-39],[-103,-316],[-132,-76],[-834,167],[-305,235],[-401,137],[-396,-541],[-297,48],[-438,-165],[-464,48],[-137,-122],[-36,-313],[-561,31],[-301,-383],[-537,-289],[-106,237],[-237,-111],[-90,274],[-213,-43],[146,357],[-46,111],[-542,-368],[-100,66],[-8,230],[-134,24],[-116,-60],[2,-257],[-109,-73],[-101,27],[-80,187],[-76,19],[-26,-73],[-129,65],[54,-170],[-122,-209],[95,-196],[-123,-202],[-133,-21],[-230,-298],[-126,33],[-197,-114],[-329,-382],[-662,-137],[-115,67],[-205,-223],[-137,-2],[-262,223],[-317,-110],[-3413,-9],[-445,-314],[-239,-540],[-194,-136],[9,-242],[-235,40],[-528,-87],[-749,311],[-279,-104],[-459,100],[-258,-169],[-404,159],[-155,-137],[88,-421],[-729,-501],[-96,-261],[-206,-141],[-147,84],[-95,-54],[-232,50],[-469,-146],[-105,-73],[-71,-211],[-119,118],[-321,50],[-41,247],[-213,-84],[-114,65],[-209,-131],[-207,54],[-50,188],[-186,44],[97,55],[12,128],[-117,-45],[-80,-230],[-161,243],[-124,-160],[-175,-38],[-86,100],[-8,253],[-353,-123],[130,209],[-349,67],[57,248],[-437,-99],[-16,-75],[154,-69],[-84,-125],[-125,146],[-307,-130],[-186,166],[-102,-82],[89,-134],[-94,-26],[-126,187],[-123,43],[-42,-125],[-226,-138],[-61,145],[91,226],[-164,79],[43,125],[-135,108],[-490,-33],[-303,253],[-132,-203],[12,-128],[-216,2],[-50,-177],[-342,-81],[-71,181],[70,75],[-290,-124],[-641,518],[-191,-139],[-292,14],[-54,273],[-143,-76],[99,232],[-70,114],[-210,-123],[-267,122],[-235,-59],[-150,114],[-93,-180],[68,-427],[-260,-11],[24,-487],[-101,18],[-288,-158],[110,-228],[423,-428],[38,-378],[176,-151],[-10,-118],[-161,-55],[85,-304],[-111,-51],[-323,91],[-73,-250],[-209,-61],[-105,-491],[-459,-212],[25,-314],[-368,126],[-278,-21],[-539,-755],[-116,-34],[-185,208],[-163,40],[-156,-225],[-269,-112],[-318,-276],[-240,-382],[-1163,-922],[-1014,-185],[-189,-103],[-251,-347],[-18,-519],[-579,-579],[-31,-883],[-545,-184],[-216,2],[-237,139],[-121,267],[-135,-112],[14,-196],[141,-69],[71,-257],[-90,-173],[-277,-149],[-147,112],[-120,-159],[-186,182],[-139,-11],[-26,278],[163,416],[-657,325],[-364,-16],[-61,437],[-218,-142],[-156,17],[-43,113],[88,-10],[41,104],[-218,129],[-12,133],[-225,-49],[-143,65],[-56,292],[-144,135],[-135,-110],[-100,188],[-234,-30],[35,162],[-128,178],[78,71],[180,-58],[-125,183],[60,128],[-283,-64],[12,186],[-78,63],[-183,-123],[-6,139],[138,95],[-218,66],[-2,177],[-102,61],[-341,-178],[-13,104],[172,161],[-115,91],[-219,-89],[144,267],[-157,115],[-78,345],[176,43],[48,110],[-283,130],[-287,-102],[104,387],[-106,86],[-349,-133],[162,-158],[-80,-83],[-161,89],[-39,303],[-468,-129],[-139,37],[-45,-240],[-127,59],[30,251],[-102,4],[-209,-348],[-228,33],[-135,-84],[-66,-345],[81,-217],[-90,-83],[-189,4],[-89,-304],[-87,-31],[-195,182],[-124,-314],[-136,275],[-163,-95],[-64,-201],[162,-186],[-258,-196],[-524,375],[47,138],[309,66],[80,205],[-64,74],[-363,-72],[-201,159],[-464,-139],[265,-259],[-497,-312],[-194,109],[-75,252],[-171,153],[-400,-90],[-427,306],[-313,43],[-181,-266],[-117,-16],[-70,91],[130,185],[-55,81],[-274,-202],[-348,44],[-203,-190],[-110,118],[-102,-61],[-248,59],[-231,-223],[-211,-53],[-140,90],[-232,-2],[-251,-133],[-37,120],[117,306],[-486,-280],[-55,96],[-256,75],[-95,-95],[-282,39],[-428,-95],[-79,88],[9,262],[-483,124],[-121,121],[-39,261],[-133,73],[-142,-215],[174,-296],[-309,-77],[-50,-182],[-274,159],[-553,-72],[-199,101],[-197,-248],[-310,-93],[-480,80],[-399,245],[-248,-14],[-222,190],[-21,206],[-145,106],[-233,-506],[-211,-255],[-63,217],[-313,-104],[10,147],[-142,61],[-86,-100],[-257,-9],[112,-120],[8,-168],[-156,-136],[47,-177],[-88,-83],[-272,-96],[-141,202],[-208,-37],[-92,84],[-83,-71],[-138,81],[-288,-73],[-193,-263],[11,-216],[-271,-33],[-113,86],[-142,-131],[-260,130],[-169,-33],[-145,-231],[-287,-106],[-283,147],[-115,249],[223,376],[-72,59],[-86,-89],[-147,57],[-104,190],[-305,113],[-271,-154],[-70,159],[-133,29],[-130,184],[-230,-65],[-128,-246],[-227,80],[-214,-51],[-215,54],[-481,-278],[-16,-218],[-313,-307],[-45,-227],[74,-325],[-164,-385],[69,-270],[-57,-70],[-444,-67],[-79,146],[-262,-81],[-176,113],[-296,-291],[-241,-10],[-177,-551],[-433,-269],[-351,39],[-213,-89],[-27,-190],[-195,-87],[-48,-302],[-784,-155],[-25,-304],[-176,-145],[-896,-247],[-361,271],[-172,-307],[-211,108],[-146,-24],[-43,-94],[105,-248],[264,-252],[-66,-106],[-1258,-15],[-571,-338],[-146,-203],[563,-554],[-2,-586],[-367,12],[160,-291],[-63,-129],[-367,269],[-173,-83],[-155,-218],[-367,129],[-109,-106],[-161,-17],[-402,-480],[91,-336],[-66,-177]],[[2397517,4049291],[-136,-58],[-46,-302],[295,-217],[118,-227],[-33,-179],[-169,-129],[-446,126],[-671,457],[-360,620],[-298,255],[-243,28],[-184,-154],[-172,156],[-16,255],[78,147],[1020,1045],[-177,408],[22,220],[255,115],[227,186],[-2,83],[-238,528],[-562,160],[-67,72],[25,283],[-318,169],[42,185],[342,92],[117,130],[-111,170],[-236,77],[-49,99],[198,369],[-41,252],[-177,80],[-250,-22],[-115,-93],[-98,-299],[-318,99],[-273,-355],[-250,-58],[-426,598],[-248,216],[-67,314],[58,143],[170,53],[101,-330],[188,-56],[327,68],[284,172],[344,-116],[277,157],[-6,244],[-270,79],[-267,321],[-122,599],[-529,503],[92,117],[1057,-448],[152,-35],[107,80],[-234,801],[151,377],[257,188],[-338,257],[-100,563],[21,546],[403,43],[192,-174],[47,-214],[191,-216],[146,-15],[131,211],[-84,157],[10,273],[275,655],[98,58],[275,-377],[-100,-406],[113,-79],[171,34]],[[2397047,4059425],[832,-75],[207,89],[192,-181],[166,434],[514,179],[111,259],[144,-25],[220,189],[70,-98],[73,57],[134,-47],[-16,626],[617,114],[-487,618],[127,87],[638,-83],[152,52],[37,172],[-70,87],[-624,38],[-136,231],[117,357],[131,153],[108,3],[94,-231],[520,141],[-84,128],[-101,-141],[-86,0],[-21,128],[-307,202],[204,262],[218,-69],[-86,-97],[65,-56],[199,-2],[103,85],[-162,70],[-18,904],[155,215],[-263,416],[12,270],[540,-80],[26,99],[-179,134],[241,51],[221,-93],[-64,175],[73,82],[395,-132],[709,120],[84,-69],[-7,-223],[211,-55],[45,-181],[187,-31],[38,-222],[126,-114],[319,66],[511,-181],[437,516],[232,-208],[83,125],[159,-112],[117,192],[63,369],[135,148],[135,3],[472,-254],[18,230],[-122,267],[211,213],[58,329],[230,89],[232,-77],[63,167],[299,205],[166,23],[122,200],[358,-31],[177,118],[179,-90],[27,253],[-85,73],[-128,-23],[-145,178],[351,408],[226,-108],[-117,-264],[167,-222],[101,-3],[3,306],[129,372],[194,55],[56,147],[-90,27],[-45,258],[-134,22],[-16,75],[204,262],[296,-60],[66,50],[-195,133],[89,365],[537,134],[480,259],[176,296],[319,174],[-271,280],[149,217],[-128,148],[-67,322],[-166,43],[78,138],[270,36],[125,-135],[162,158],[368,22],[35,490],[148,178],[345,183],[-98,132],[41,69],[263,46],[78,-122],[118,118],[135,-3],[58,292],[189,102],[202,-66],[807,97],[619,542],[155,296],[8,184],[134,85],[230,-82],[375,183],[462,-7],[125,-112],[1,-270],[300,-134],[255,34],[15,-186],[204,41],[-25,-413],[109,-95],[164,0],[33,238],[161,103],[-34,167],[65,99],[-127,332],[131,141],[-101,122],[214,322],[236,69],[122,212],[253,-93],[381,6],[450,348],[-126,366],[21,167],[52,155],[253,180],[-148,191],[-216,86],[203,288],[-236,36],[-118,148],[91,92],[416,49],[-48,122],[-195,105],[105,263],[-120,147],[270,408],[466,84],[132,194],[406,65],[625,542],[1006,137],[162,-145],[304,216],[216,20],[243,213],[392,98],[610,-153],[27,303],[-247,299],[94,116],[333,-6],[131,274],[-258,190],[-188,279],[10,128],[-212,86],[307,190],[128,-30],[55,109],[162,-17],[114,174],[128,1],[91,196],[145,-73],[73,166],[125,21],[206,262],[330,-164],[372,71],[81,348],[223,276],[-257,211],[371,245],[344,69],[-52,-290],[397,-616],[341,-35],[-9,505],[194,208],[252,22],[140,223],[-33,67],[-234,-21],[-13,71],[168,56],[10,78],[-350,168],[-76,214],[-16,255],[332,346],[-466,674],[116,443],[407,278],[-19,509],[277,-43],[671,435],[683,201],[144,115],[-2,702],[-328,144],[299,492],[396,423],[635,156],[548,305],[314,288],[107,410],[285,262],[66,29],[130,-144],[152,46],[-64,264],[169,438],[180,1141],[316,276],[13,114],[-156,169],[-38,291],[204,181],[788,-98],[83,84],[-259,604],[13,418],[-138,427],[391,341],[338,21],[200,189],[-398,326],[23,806],[507,67],[233,-250],[633,-47],[598,-204],[432,-271],[477,73],[173,-133],[52,-152],[173,-59],[165,143],[27,304],[-195,422],[-350,123],[-61,169],[287,152],[468,37],[186,206],[217,-25],[161,329],[247,130],[685,126],[460,607],[439,320],[48,202],[-70,68],[-701,221],[-181,135],[-27,194],[456,274],[633,176],[130,148],[-60,207],[-541,203],[-49,80],[51,119],[153,57],[40,236],[126,-94],[401,-7],[-54,332],[173,257],[82,13],[57,-108],[196,114],[160,-57],[33,-72],[-132,-67],[142,-191],[204,19],[-22,-197],[115,-164],[151,-97],[146,29],[92,-160],[234,-106],[46,72],[-187,234],[308,-71],[-90,41],[-9,129],[228,22],[71,253],[146,-65],[132,261],[100,-238],[263,107],[163,318],[-11,165],[377,319],[249,528],[248,63],[1465,-369],[299,632],[450,255],[142,360],[380,321],[117,-47],[512,-595],[134,76],[133,368],[514,785],[186,696],[304,630],[303,237],[362,122],[35,328],[480,466],[143,246],[-8,122],[-226,320],[-142,910],[51,139],[311,81],[68,115],[-58,696],[388,174],[303,24],[176,-87],[-5,-259],[487,-46],[90,41],[82,204],[470,166],[-7,358],[132,108],[299,-138],[30,-425],[209,-109],[121,149],[273,130],[100,273],[-216,186],[-361,86],[18,138],[328,243],[-613,825],[171,201],[-114,180],[98,487],[-301,96],[-26,158],[-180,191],[-288,-16],[-159,209],[-168,24],[-235,207],[-15,158],[-157,185],[-348,74],[-307,213],[-43,242],[-243,-11],[-213,602],[146,433],[-26,349],[-349,97],[56,-221],[-301,-41],[-443,-260],[-179,-22],[-422,637],[-580,33],[-99,128],[-164,-10],[-152,97],[-63,241],[144,492],[-99,195],[-241,-18],[-13,151],[-253,-117],[-897,90],[-206,169],[-483,53],[-297,291],[-404,76],[-111,324],[-153,29],[-245,268],[-10,246],[-409,540],[17,200],[418,504],[151,-139],[530,61],[203,-577],[254,-280],[406,-247],[231,162],[149,232],[154,486],[-99,107],[124,164],[2,303],[91,74],[152,-34],[77,199],[281,-91],[14,174],[112,38],[223,-47],[54,-379],[422,-529],[1303,278],[-144,49],[15,265],[-100,183],[44,60],[116,-34],[15,118],[-253,376],[-263,81],[581,2274],[250,62],[692,-364],[595,-56],[367,543],[279,-53],[847,803],[-194,159],[-64,160],[187,402],[62,396],[200,203],[91,262],[-128,439],[771,880],[-94,109],[-226,-144],[9,234],[-87,31],[-64,-213],[-94,-15],[-216,420],[177,228],[242,46],[15,216],[72,-12],[60,-194],[99,-3],[47,247],[88,69],[131,-38],[96,-138],[181,308],[337,-97],[111,165],[2,274],[329,10],[-60,192],[164,214],[5,161],[362,-179],[189,82],[52,-177],[152,19],[88,164],[-105,353],[-238,123],[-45,254],[194,389],[244,-106],[182,35],[30,97],[-97,182],[123,88],[449,-127],[66,-147],[89,-9],[28,137],[-203,221],[27,343],[422,-214],[83,-215],[454,-420],[144,39],[-69,322],[114,-96],[307,56],[35,-269],[124,-26],[77,81],[-40,267],[-375,169],[-40,97],[407,89],[206,183],[29,311],[383,329],[-199,183],[318,138],[87,170],[391,-40],[332,175],[396,275],[-106,273],[410,38],[129,145],[125,-19],[53,-124],[172,60],[528,-143],[30,132],[-175,89],[273,214],[27,97],[-97,72],[144,234],[796,-204],[23,87],[331,113],[187,296],[212,-68],[169,128],[39,93],[-129,17],[-36,81],[165,211],[-61,107],[115,105],[-99,189],[218,115],[-80,95],[177,375],[-119,115],[-64,-82],[-262,5],[110,122],[-149,62],[76,339],[194,86],[214,745],[197,155],[113,304],[594,295],[383,465],[556,-55],[144,256],[251,74],[770,823],[417,324],[-47,349],[685,298],[204,174],[413,131],[-38,587],[209,294],[207,120],[113,293],[351,143],[122,339],[139,-87],[332,82],[188,-57],[13,304],[233,437],[176,185],[184,-18],[73,260],[236,58],[72,94],[342,-6],[504,183],[738,431],[604,196],[44,376],[237,461],[16,319],[484,184],[190,458],[502,131],[258,151],[878,98],[640,245],[348,235],[172,684],[519,316],[148,-2],[558,-269],[429,80],[999,1263],[528,195],[1198,-515],[1005,-52],[1851,-951],[1075,-4],[246,390],[692,544],[432,862],[369,443],[978,362],[456,69],[502,-437],[1796,-393],[1199,-414],[2539,150],[464,-57],[1624,-2850],[862,-258],[1617,-126],[677,-1506],[947,47],[589,175],[52,665],[317,246],[101,282],[7,349],[252,266],[194,58],[108,-204],[180,-14],[77,105],[206,38],[96,348],[108,-2],[205,-199],[220,368],[565,-102],[351,138],[409,-99],[676,192],[174,156],[388,-50],[218,338],[199,131],[115,-10],[176,-187],[217,46],[255,364],[550,331],[817,417],[1171,425],[2631,1256],[202,-306],[793,34],[313,-304],[612,-260],[525,94],[1043,463],[493,123],[632,-586],[255,-48],[-49,-413],[65,-145],[535,-184],[192,-256],[276,-490],[63,-618],[280,-431],[124,-473],[648,-380],[70,-413],[277,-251],[160,-385],[128,-126],[705,-303],[70,-167],[182,-112],[67,-334],[260,-315],[704,-354],[1467,261],[642,-206],[1273,292],[684,-168],[165,34],[833,580],[134,537],[269,368],[493,262],[363,-134],[319,47],[514,434],[418,56],[511,327],[323,557],[54,310],[409,277],[548,620],[36,377],[373,119],[292,298],[494,184],[428,728],[891,739],[541,570],[358,212],[104,395],[-56,492],[111,180],[152,868],[329,370],[220,138],[656,-16],[605,151],[324,-97],[283,23],[685,492],[5,151],[-152,230],[-420,307],[147,555],[-270,367],[-81,256],[231,910],[4,463],[-190,255],[-375,222],[-291,322],[-153,238],[-6,148],[654,1455],[449,399],[852,495],[502,632],[271,224],[320,1021],[473,235],[50,288],[361,384],[358,572],[598,231],[908,212],[224,-213],[-76,-313],[122,-215],[563,-628],[-23,-410],[667,-196],[1020,-154],[251,-606],[389,-190],[248,-391],[242,-174],[547,165],[185,-180],[727,-1],[181,-184],[-70,-345],[64,-107],[428,-155],[655,13],[551,-291],[280,30],[965,564],[190,424],[196,113],[2552,8],[674,-360],[386,249],[282,306],[385,175],[311,492],[330,172],[180,-57],[142,120],[211,26],[373,-202],[485,-116],[143,225],[-66,666],[945,673],[285,504],[125,-36],[306,-312],[428,-599],[899,345],[37,471],[-190,743],[179,374],[359,421],[238,-20],[236,94],[189,380],[656,295],[458,362],[409,81],[160,449],[608,742],[439,137],[298,209],[255,37],[317,251],[119,-31],[329,-328],[350,-112],[75,462],[238,272],[-42,228],[529,606],[145,375],[316,210],[562,-164],[323,91],[126,244],[14,380],[221,120],[109,187],[-80,456],[255,210],[317,85],[104,178],[223,115],[-29,238],[190,73],[643,-100],[662,269],[338,340],[67,140],[-122,263],[-285,258],[97,288],[-81,144],[588,313],[87,123],[-56,355],[301,214],[282,423],[648,86],[42,367],[478,231],[77,460],[92,35],[324,-153],[292,239],[366,54],[76,323],[102,-7],[86,-125],[362,14],[189,105],[272,-198],[220,-299],[15,-232],[175,-37],[706,320],[819,203],[188,-20],[411,575],[694,212],[295,-29],[246,-134],[336,409],[1286,187],[524,364],[690,270],[281,379],[222,79],[265,-78],[464,77],[131,194],[658,409],[40,191],[210,106],[130,255],[-69,354],[55,163],[488,386],[163,366],[338,-192],[252,57],[188,-47],[118,474],[300,98],[256,-34],[111,-201],[155,-52],[57,90],[-53,173],[613,-145],[135,306],[243,-177],[526,370],[95,192],[345,226],[301,382],[43,409],[541,-26],[47,149],[-264,305],[271,27],[7,218],[163,182],[431,105],[398,450],[6,256],[238,134],[211,472],[471,-12],[311,82],[-46,364],[503,591],[-198,181],[111,348],[273,167],[184,524],[211,-41],[317,204],[296,61],[78,127],[-91,208],[167,92],[208,-58],[-77,200],[67,37],[186,-26],[309,-220],[151,408],[-114,118],[43,105],[325,37],[55,163],[268,-1],[192,353],[465,286],[411,116],[1,296],[76,115],[960,326],[227,354],[202,83],[-28,191],[169,374],[-49,121],[229,70],[-25,255],[246,28],[35,204],[298,40],[-230,266],[152,149],[250,1138],[444,51],[145,464],[325,36],[262,162],[231,761],[106,127],[218,57],[66,-156],[95,-14],[72,157],[244,9],[-29,165],[230,287],[419,-10],[236,149],[212,-70],[467,320],[171,-70],[121,133],[405,155],[55,180],[214,48],[464,315],[-3,937],[245,141],[393,-14],[326,230],[298,-47],[218,80],[183,254],[236,18],[236,180],[155,254],[-46,306],[171,559],[492,557],[247,167],[26,296],[149,291],[262,259],[27,254],[439,259],[459,101],[193,230],[-33,346],[653,551],[-70,219],[-232,222],[-127,369],[210,776],[-42,702],[-258,305],[85,489],[-40,793],[500,765],[1037,779]],[[2348523,3991528],[328,-488],[0,-222],[-125,-92],[-372,34],[-921,459],[-361,102],[-342,-192],[-66,-180],[192,-428],[1302,-775],[156,-357],[-43,-216],[-467,-591],[-69,-305],[65,-285],[672,-801],[108,-338],[34,-575],[-1009,-1887],[-675,-892],[1,-226],[107,-139],[831,-572]],[[2347869,3982562],[-709,-91],[-1079,-299],[-243,16],[-299,-135],[-493,534],[-274,83],[-227,-301],[-152,-491],[-65,-442],[47,-455],[558,-848],[248,-602],[46,-393],[331,-620],[101,-461],[95,-123],[88,-780],[146,-310],[-68,-373],[462,-284],[38,-489],[210,-363],[-6955,-394],[-182,175],[-320,126],[-448,-151],[-994,161],[-608,-39],[-506,-424],[-670,27],[-227,-100],[-155,-337],[-192,-814],[-266,-338],[-330,-180],[94,-239],[-44,-143],[-400,-203],[-417,-485],[-746,-380],[-515,102],[-557,681],[-310,168],[-773,-75],[-627,-299],[-599,27],[-564,147],[-697,-233],[-262,87],[-384,396],[-372,179],[-901,-126],[-249,407],[-461,101],[-109,-358],[-217,-208],[-604,-186],[-404,-238],[-676,-113],[-616,-1137],[-213,-26],[-399,212],[-484,-64],[-129,-286],[-306,-169],[-120,-390],[-1088,-1146],[-1348,-577],[-441,-49],[-777,61],[-341,-100],[-333,9],[-342,-220],[-775,-943],[-937,-622],[-1245,-1461],[-489,-363],[-740,-1236],[-241,-1092],[-818,-811],[12,-7667],[-746,-159],[-379,57],[-349,183],[-335,377],[-153,53],[-103,-93],[-41,-466],[-103,-131],[-627,167],[-355,-103],[-298,96],[-284,-133],[-166,137],[-194,-213],[-485,18],[-28,-178],[-142,-172],[111,-540],[-24,-620],[-93,-130],[-257,-120],[-50,-645],[-247,-80],[-9,-153],[-199,36],[-105,-142],[96,-200],[-235,-45],[-177,-189],[-138,-21],[-317,133],[-156,-166],[-146,-27],[-129,94],[-75,203],[-158,43],[-975,-203],[-264,28],[-208,-179],[-451,-117],[-191,-329],[-145,208],[-80,-7],[-315,-568],[-319,-244],[-389,117],[-222,-189],[-365,0],[-130,41],[-272,289],[-542,50],[-147,325],[-273,40],[-190,140],[-185,470],[-226,-64],[-273,371],[-625,113],[-226,194],[-144,-54],[-226,-285],[-329,95],[-88,-158],[-73,9],[-121,208],[-166,0],[-60,86],[0,108],[134,108],[-5,154],[-240,32],[-130,230],[-273,18],[-180,149],[-281,719],[-871,193],[-88,-61],[21,-181],[-81,-25],[-465,377],[-296,96],[-124,-65],[-92,-199],[-519,-169],[-269,3],[-139,-184],[-203,-3],[-215,127],[-527,-159]],[[2343301,4024200],[-4,-191],[-177,-207],[-20,-136],[144,15],[157,262],[528,112],[100,-121],[76,-538],[336,-200],[-156,-226],[193,-22],[275,158],[297,496],[140,-211],[-205,-519],[20,-184],[429,-35],[396,230],[-40,-281],[-501,-386],[-172,-414],[60,-211],[104,-74],[396,27],[96,-371],[120,27],[100,379],[148,-36],[92,-191],[-100,-457],[496,-195],[-48,-141],[-416,-109],[-281,-277],[96,-109],[428,11],[189,-168],[-21,-121],[-452,-296],[88,-199],[736,89],[237,301],[116,-16],[132,-125],[-28,-297],[-309,-277],[-8,-394],[160,-102],[340,16],[24,-442],[116,-15],[313,308],[244,101],[4,-460],[420,-16],[148,-86],[28,-317],[324,43],[213,226],[140,-19],[-169,-258],[-440,-199],[-69,-113],[169,-121],[480,132],[176,-113],[37,-462],[-55,-86],[-242,-170],[-565,8],[76,-222],[156,-137],[552,19],[60,-78],[-156,-629],[-113,-19],[-312,172],[-76,-35],[256,-512],[164,-125],[260,-4],[-521,-401],[-20,-211],[149,-479],[114,-127],[156,275],[188,80],[-8,172],[95,23],[235,-281],[12,-191],[-137,-148],[-300,-102],[-24,-149],[148,-54],[536,62],[-48,-382],[501,109],[757,-407],[68,-111],[-76,-338],[-149,-50],[-316,65],[-85,-86],[-98,-626],[212,-167],[37,-182],[-302,-262],[109,-49],[179,152],[220,-38],[88,-126],[9,-289],[273,-212],[-65,-187],[-218,-154],[-649,101],[-376,-206],[-208,241],[-400,-264],[-675,1],[-36,-241],[-235,-22],[-62,-195],[-364,-318],[-209,-42],[6,-109],[182,-138],[-35,-77],[-845,-343],[-232,32],[-329,-414],[-240,24],[-48,-160],[-376,-4],[-21,-418],[-300,-316],[-228,-136],[-409,-94],[-216,-175],[-129,-398],[104,-679],[715,-306],[48,-194],[-150,-503],[-310,-349],[-25,-617],[356,-272],[502,0],[74,-128],[-165,-115],[-399,44],[-497,-95],[-94,-236],[117,-335],[-59,-179],[-162,-7],[-622,414],[-193,-45],[-171,-186],[100,-399],[535,-254],[149,-281],[-23,-276],[-483,-472],[0,-114],[18,-181],[430,-613],[65,-698],[306,-323],[852,-646],[174,-280],[-46,-383],[64,-182],[578,-402],[225,-387],[-14,-326],[-121,-108],[-892,-151],[-251,228],[-131,486],[-237,11],[-137,-184],[-45,-441],[446,-592],[445,-290],[634,-91],[240,-295],[-27,-196],[-253,-158],[-482,-32],[-253,-136],[-73,-142],[47,-267],[86,-99],[222,-49],[730,147],[229,-32],[264,-371],[554,-1287],[493,-733]],[[2559878,4023069],[-667,67],[-515,-194],[-826,133],[-246,110],[-290,0],[-1216,-295],[-1617,47],[-1432,-580],[-1040,-137],[-806,-199],[-231,277],[-656,26],[-181,-59],[-287,109],[-600,629],[-336,203],[-254,25],[-3928,1453],[-268,-255],[-340,-637],[-900,-340],[-268,-477],[-192,-177],[-468,-146],[-494,-37],[-854,-557],[-395,-905],[-1016,-625],[-238,-370],[-370,-116],[-308,-347],[-288,-191],[-337,-65],[-457,-229],[-244,-16],[-934,178],[-39,182],[-150,144],[-1365,-130],[-323,160],[-592,470],[-247,-2],[-257,-192],[-253,385],[-430,203],[-307,-6],[-531,-258],[-297,152],[-135,212],[-333,-72],[-395,174],[-398,-111],[-170,161],[-1,510],[-79,105],[-319,-119],[-193,-277],[-205,144],[-250,-101],[-541,120],[-277,118],[-247,218],[-307,93],[-140,218],[-474,265],[-879,-18],[-401,409],[-245,105],[-361,-248],[-160,-468],[-276,-227],[-359,-26],[-1242,539],[-419,-667],[-224,-64],[-409,-478],[-572,-376],[-881,-264],[-851,138],[-851,-232],[-326,-337],[-749,-9],[-338,-405],[-118,-39],[-323,122],[-198,-47],[-1006,-1399],[-1160,-293],[-260,-308],[-509,-244],[-418,-566],[8,-455],[-316,-284],[-365,-78],[-984,-748],[-4,-506],[-792,-723],[-52,-207],[-378,-16],[-471,99],[-202,-634],[-138,-144],[-307,-97],[-202,-21],[-621,290],[-509,13],[-392,-377],[-420,223],[-1145,-393],[-278,148],[-172,266],[-729,165],[-466,388],[-306,-110],[-865,260],[-840,-204],[-1447,540],[-135,-37],[-227,-247],[-598,-108],[-259,-520],[-192,-170],[-495,-87],[-278,-163],[-203,93],[-215,269],[-394,1165],[-258,147],[-212,10],[-101,-53],[-161,-526],[-314,-453],[-8,-141],[138,-236],[-121,-101],[-603,-77],[-229,-206],[-1201,-173],[-208,-103],[-772,10],[-145,-152],[69,-321],[-352,-90],[-516,23],[-109,-559],[-77,-164],[-117,-56],[-314,-33],[58,268],[-438,187],[-150,-180],[-19,-212],[243,-378],[-396,64],[-128,-101],[-21,-65],[186,-68],[4,-232],[-437,-371],[-77,-271],[-167,278],[-407,-152],[-584,199],[-308,-18],[-359,183],[-329,-136],[-334,-439],[-296,-74],[-656,397],[-248,379],[-274,25],[-611,-337],[-144,189],[-219,46],[-523,-119],[-167,176],[-164,7],[-82,164],[-150,-233],[-172,16],[-136,117],[-140,-15],[-68,-99],[27,-158],[-95,-96],[-245,163],[-53,-250],[-413,370],[85,214],[-279,459],[-115,-47],[76,-160],[-44,-82],[-224,134],[-231,-173],[164,-443],[-194,-218],[-150,153],[116,109],[-31,125],[-230,-26],[-95,545],[-209,381],[168,463],[-72,203],[-906,25],[-218,-297],[-411,678],[12,154],[572,768],[-123,169],[-381,-34],[-95,-385],[-159,-208],[-214,-74],[-293,96],[-309,351],[-256,14],[-157,-145],[92,-273],[-218,-166],[-119,37],[-78,226],[-288,260],[-571,831],[-425,-72],[-505,263],[2,68],[434,246],[-15,190],[-253,95],[-384,-67],[-238,313],[-284,-151],[-270,237],[-232,-232],[-154,9],[-281,406],[-148,-46],[-16,-140],[-130,-25],[-35,228],[150,194],[290,-34],[200,99],[-21,187],[-133,186],[-1401,-362],[-669,-15],[-268,123],[-294,-178],[-238,121],[-34,272],[206,270],[68,354],[263,-111],[30,-394],[195,-59],[63,89],[-37,306],[351,206],[129,176],[-386,216],[-195,277],[-358,165],[-372,-13],[-253,174],[85,245],[462,13],[289,154],[56,208],[-176,275],[-293,256],[-481,88],[-228,194],[-135,-17],[-137,-174],[-222,-104],[-512,93],[-270,208],[-336,-202],[-252,54],[-239,250],[330,230],[166,376],[-122,126],[-326,40],[182,422],[86,53],[174,-47],[44,132],[-158,218],[-153,53],[-329,-156],[-249,314],[-31,298],[256,175],[-16,122],[-152,36],[-196,-162],[-489,-70],[-71,146],[57,171],[-229,115],[117,147],[27,249],[-93,124],[-86,-43],[-159,-456],[-363,15],[-133,115],[25,228],[252,59],[62,90],[-61,352],[737,504],[171,736],[302,-60],[107,-231],[264,-47],[187,148],[180,874],[-22,58],[-285,1],[-152,-210],[-161,-41],[-69,-183],[-232,-29],[-70,105],[165,239],[507,441],[35,119],[-356,84],[-180,253],[-126,26],[51,-513],[-169,-66],[-39,194],[-196,238],[-258,59],[-21,249],[-361,-22],[-4,278],[-122,122],[191,283],[-119,185],[-49,294],[52,490],[-172,180],[31,366],[-288,45],[-254,-131],[-151,-247],[266,-235],[-54,-125],[-407,-5],[-258,130],[-193,-214],[-287,194],[-141,199],[-343,170],[-246,-76],[-186,31],[-331,-125],[-213,46],[-285,351],[387,251],[1,155],[-117,48],[-164,-49],[-306,-306],[-237,-71],[-219,117],[-62,221],[-116,96],[-389,-63],[-88,271],[266,72],[81,196],[-238,97],[-78,-99],[-104,17],[-52,118],[207,248],[-375,17],[-68,85],[25,155],[314,11],[298,239],[16,166],[-210,186],[181,282],[-5,249],[-300,176],[-245,-16],[73,-301],[-524,-350],[-173,-216],[-393,-142],[-45,-75],[75,-224],[-69,-60],[-224,155],[-119,225],[83,207],[164,47],[-74,134],[-391,-26],[-231,89],[-76,-239],[-297,23],[150,-158],[-66,-82],[-327,89],[-229,391],[182,403],[134,8],[98,-93],[-26,-228],[217,-48],[59,62],[-119,290],[-456,322],[103,132],[244,61],[-20,106],[-360,-16],[-121,-178],[-211,62],[-222,-168],[-209,160],[-359,-101],[-173,56],[-71,-101],[27,-171],[-244,-70],[158,-186],[-127,-204],[-239,71],[-292,341],[-254,-43],[-53,53],[273,513],[-83,208],[-170,-93],[-49,170],[343,179],[241,-182],[255,-2],[159,178],[-12,121],[-744,255],[-256,236],[-194,34],[-43,372],[-441,131],[-26,212],[-135,120],[-331,-75],[146,-242],[-63,-242],[-237,-68],[-125,95],[-151,175],[18,170],[256,247],[-159,347],[-224,-59],[-204,132],[-239,-48],[-48,83],[114,249],[-3,226],[100,46],[183,-62],[-22,172],[-182,133],[-420,63],[-335,373],[39,68],[294,41],[24,201],[160,0],[-62,97],[-306,67],[148,271],[-902,114],[-186,135],[-205,375],[-112,-56],[-84,-214],[-163,-72],[-163,47],[92,604],[-192,179],[-281,36],[71,142],[135,-55],[257,258],[-24,67],[-228,50],[20,85],[-209,21],[-257,-160],[48,-242],[-213,-167],[-85,-581],[-142,-63],[-203,265],[-236,9],[-287,165],[-34,285],[-492,45],[-527,286],[-33,153],[-109,-49],[28,-239],[-85,-120],[-641,43],[-35,642],[-229,388],[46,309],[-86,115],[-158,-329],[-389,-204],[-271,38],[-50,242],[193,-15],[14,54],[-238,68],[-208,-297],[-223,-90],[15,-386],[144,-84],[21,-140],[-332,26],[-175,-168],[-140,1],[-17,279],[-168,180],[313,234],[-5,146],[-319,183],[-114,-39],[-59,-173],[-416,96],[151,274],[-258,357],[-320,101],[-112,-201],[-375,156],[134,344],[-179,-103],[-52,-223],[59,-207],[-429,-208],[-132,41],[36,172],[83,46],[126,-62],[48,59],[-161,168],[42,228],[-66,82],[-399,-327],[-79,131],[-108,-1],[-125,344],[-664,-244],[-135,91],[-3,263],[-165,84],[-126,-94],[24,-186],[-142,-249],[-136,-72],[-220,51],[-35,126],[393,129],[-152,231],[62,174],[-120,79],[-422,-60],[-89,-70],[62,-108],[-71,-56],[-68,106],[218,284],[17,413],[425,410],[-171,108],[-47,224],[-264,160],[-32,158],[-154,31],[-145,-85],[-102,-352],[-388,-49],[-67,-203],[-383,-113],[-441,31],[-240,299],[-316,-114],[-85,290],[-359,-108],[-246,35],[-356,-622],[-64,-365],[-106,-80],[-370,320],[116,192],[38,292],[-145,19],[-249,-155],[-185,83],[209,-439],[-120,-326],[281,-410],[-122,-142],[-487,-56],[-254,-239],[-39,-695],[-116,-148],[155,-104],[27,-172],[-215,-78],[-185,-237],[-181,-85],[-1065,258],[-121,-81],[38,-110],[361,-291],[419,-155],[-40,-144],[-348,-283],[-94,-267],[45,-144],[248,-101],[100,-166],[-147,-55],[-208,61],[-565,-408],[-252,-52],[-189,152],[94,307],[-118,48],[-150,-116],[-13,-189],[-254,-237],[-235,-42],[-162,148],[-240,-198]],[[2435853,4035159],[-97,-342],[-374,90],[-490,-249],[-316,153],[44,-481],[71,-95],[498,410],[170,5],[-7,-232],[179,-422],[-90,-80],[-339,97],[-66,-284],[-404,-51],[-517,-841],[-417,-1],[85,289],[-348,105],[-506,521],[-243,27],[-146,-114],[-160,-314],[39,-158],[257,-161],[-17,-205],[-320,-28],[-279,223],[-214,63],[-291,-290],[-153,-50],[-207,289],[-189,-271],[-520,-470],[-333,62],[-173,318],[-423,-278],[-168,0],[-146,122],[-58,-220],[-249,-306],[-800,353],[-186,-165],[2,-216],[-215,-397],[-986,302],[-80,117],[148,115],[-67,80],[-386,-112],[-49,-187],[-76,-7],[-43,495],[72,76],[138,-92],[59,57],[-141,146],[-634,-475],[2,401],[157,172],[-213,247],[-229,12],[-91,131],[-87,-210],[-106,-1],[58,293],[-53,530],[-288,217],[-204,-191],[-135,2],[-6,-139],[-403,-21],[-143,108],[-217,-78],[-181,140],[-180,-204],[0,209],[-60,1],[-247,-316],[320,-499],[-18,-172],[-78,-96],[-292,49],[-154,-199],[111,-703],[-170,-116],[-254,162],[-182,12],[-167,-357],[-210,121],[-1,445],[-336,333],[-542,-175],[-226,-242],[-545,211],[-492,-211],[-797,91],[-44,152],[139,92],[98,273],[-320,147],[-62,165],[-125,-135],[-108,-377],[-439,-424],[44,-211],[-129,16],[-137,236],[-479,124],[-141,-208],[5,-132],[296,-189],[-15,-228],[-198,20],[-508,561],[-213,87],[-142,-25],[-150,-191],[18,-187],[117,-160],[-66,-304],[-214,31],[-334,316],[-355,20],[-93,-170],[6,-553],[-316,-133],[443,-7],[-93,-224],[-476,132],[-84,-109],[-210,173],[-10,200],[-276,8],[-92,165],[-39,-407],[-142,4],[-216,190],[-95,-6],[-121,-130],[101,-183],[-53,-127],[-766,-486],[-438,-68],[-504,-262],[-558,487],[-552,-115],[-73,295],[-279,264],[-257,-81],[-199,-269],[-577,242],[-160,-139],[-103,-478],[-99,-97],[-169,19],[-192,205],[-150,-14],[-54,-191],[105,-276],[-196,-154],[-399,124],[-99,243],[-156,-146],[-116,160],[-159,54],[-246,-447],[-4,-231],[-273,16],[10,211],[-109,-50],[-240,62],[-178,-114],[-146,-307],[-95,-38],[-55,95],[120,187],[-162,95],[-143,-464],[109,-295],[-460,116],[-334,-155],[-48,-198],[-339,-309],[380,-106],[-109,-135],[-377,203],[13,239],[-261,97],[120,247],[-177,-22],[-26,-312],[-158,8],[-101,-204],[-142,131],[-232,57],[24,96],[177,62],[-7,131],[-234,5],[-103,-152],[-201,58],[-36,-288],[-106,-94],[-184,452],[-166,35],[-131,-129],[160,-204],[-3,-155],[-310,-104],[-157,89],[-158,-105],[-55,84],[149,214],[-38,241],[209,191],[6,138],[-93,118],[-517,161],[-379,-469],[-103,192],[-262,24],[-104,-164],[-185,204],[-288,106],[-170,-264],[-161,-59],[-189,188],[-179,42],[-239,303],[-145,42],[-115,-146],[9,-153],[278,-611],[-355,-415],[-254,-592],[-703,-60],[-99,76],[63,119],[-69,73],[-185,-196],[-42,-216],[-285,260],[33,109],[151,34],[-19,74],[-112,10],[-489,-221],[48,-128],[268,-182],[-162,-89],[-328,161],[-127,415],[-130,100],[-238,-166],[-4,-256],[-247,227],[-291,-5],[47,-116],[293,-161],[-52,-235],[-197,-176],[-236,54],[-72,149],[23,216],[-102,51],[-127,-31],[-164,-290],[-362,-34],[-10,-123],[140,-56],[-100,-144],[-8,-196],[-218,-132],[-314,54],[-107,-68],[-196,375],[-224,75],[-229,-39],[-45,-159],[113,-500],[-167,-276],[-74,-423],[-79,-40],[-366,882],[-311,463],[-90,400],[-235,-2],[-495,-197],[-402,106],[-8,163],[190,312],[518,355],[-92,405],[187,383],[-11,127],[-119,54],[-169,-56],[-121,-664],[-87,-54],[-192,139],[129,794],[-49,258],[-252,13],[-565,-614],[-314,-22],[-218,192],[-42,514],[81,541],[97,0],[436,413],[815,321],[125,95],[60,202],[-401,587],[-153,527],[-189,182],[-279,0],[-668,-327],[-351,11],[-210,150],[37,497],[364,259],[73,152],[-517,1147],[14,159],[123,102],[792,-92],[182,80],[60,119],[-51,403],[-344,564],[135,250],[473,383],[263,460],[-138,103],[-603,6],[-490,273],[-347,387],[-25,344],[80,191],[488,369],[18,333],[-248,484],[-5,189],[456,313],[74,147],[-17,208],[-583,207],[-13,672],[36,118],[249,104],[270,-93],[197,26],[469,447],[280,134],[301,-58],[282,-441],[134,-73],[433,263],[79,764],[175,274],[218,37],[658,-158],[163,51],[56,212],[-52,173],[-750,430],[-364,362],[-74,150],[49,212],[502,318],[608,88],[703,325],[601,842],[11,403],[-165,535],[116,320],[466,252],[803,-8],[168,301],[3,160],[-184,285],[83,350],[358,164],[614,32],[139,101],[37,221],[-239,687],[-253,564],[-106,46]],[[2363332,4096179],[-858,-875],[-9466,-8774],[-2929,-2693],[-535,-368],[-4219,-3967],[-1960,-1725],[-226,-394],[-2778,-1466],[-507,-56],[-853,43],[-361,-256],[-179,-493],[-113,-38],[44,-124],[-245,28],[-50,-295],[-553,-172],[28,-145],[70,-15],[-203,-294],[-399,-389],[-252,-105],[-99,-273],[-525,-377],[-634,-815],[-521,-389],[-210,-309],[-86,-201],[35,-854],[-296,-590],[-175,-753],[484,-962],[-100,-406],[-132,-83],[-157,-281],[-36,-948],[-93,-131],[-503,-271],[-428,136]],[[2274516,4131067],[906,-95],[637,237],[51,233],[400,592],[-30,172],[1938,2237],[1549,2559],[456,58],[1456,-673],[307,19],[2331,880],[596,63],[2294,778],[706,497],[506,193],[730,203],[1041,23],[505,-82],[762,79],[2085,1171],[328,116],[440,-57],[2719,-938],[6197,3116],[5045,2707],[290,174],[42,143],[1131,167],[652,324],[2006,-20],[2638,820],[1012,-96],[2376,406],[413,233],[741,259],[941,48],[3929,974],[958,694],[1325,372],[559,383],[772,23],[586,-342],[447,-32],[1559,655],[1145,52],[1726,446],[1083,70],[327,-53],[473,516],[480,220],[406,75],[293,369],[357,-3],[238,182],[222,-237],[492,78],[175,-96],[632,52],[63,-224],[225,-33],[737,-441],[353,88],[202,-75]],[[2347869,3982562],[213,-237],[68,-287],[-757,-964],[-47,-420],[135,-221],[161,-16],[508,247],[789,37],[708,215],[196,-14],[115,-226],[7,-623],[108,-550],[228,-275],[1108,103],[1045,425],[144,-59],[377,-598],[384,-168],[253,100],[650,538],[411,143],[228,-37],[409,-583],[487,-438],[383,-196],[745,-7],[-7,-175],[-246,-356],[-959,-718],[94,-225],[693,-434],[192,-354],[78,-504],[214,-13],[532,472],[250,40],[320,-161],[501,-621],[-101,-312],[-758,-275],[-252,-191],[36,-246],[333,-373],[157,-435],[-58,-765],[-265,-139],[-713,-14],[-265,-91],[34,-691],[-63,-135],[-933,-672],[-243,-404],[28,-152],[311,-273],[215,-347],[-118,-951],[313,-29],[529,255],[102,-113],[-136,-374],[-411,-625],[-434,-321],[-35,-154],[255,-157],[1240,-139],[129,-178],[-286,-639],[119,-83],[756,-28],[160,-129],[24,-239],[-290,-551],[-162,-715],[13,-194],[337,-601],[35,-221],[-72,-210],[-382,-88],[-218,-185],[116,-629],[176,-408],[244,-84],[649,648],[341,43],[159,-235],[-53,-319],[-253,-307],[9,-225],[234,-45],[599,127],[209,-172],[7,-190],[-407,-1125],[-24,-312],[129,-144],[480,-221],[65,-224],[-381,-608],[-181,-558],[73,-189],[607,-183],[232,-272],[-134,-234],[-485,-462],[-76,-293],[128,-155],[668,-228],[325,-249],[137,-232],[36,-375],[-231,-492],[0,-150],[692,-437],[-450,-557],[-256,-112],[-449,-7],[-228,-147],[-448,-812],[19,-243],[397,-100],[-23,-381],[117,-458],[-72,-217],[-319,-163],[20,-578],[-149,-286],[26,-105],[179,-317],[1356,-1387],[322,-186],[702,-190],[347,-284],[-208,-749],[34,-356],[384,-430],[59,-228],[-225,-414],[17,-266],[-123,-253],[99,-375],[-37,-278],[1670,-839],[-81,-786],[-295,-733],[-2,-400],[453,-427],[127,-31],[111,114],[336,9],[685,-288],[319,221],[198,-18],[194,374],[152,-335],[143,49],[54,177],[-113,237],[242,343],[61,320],[194,-51],[152,-293],[101,-45],[441,351],[788,55],[257,-95],[1260,-1829],[-131,-412],[38,-440],[413,-508],[-38,-737],[-351,-445],[152,-585],[430,-74],[433,-219],[724,-914],[4,-610],[73,-199],[548,-185],[353,-492],[225,-40],[538,282],[554,91],[337,-375],[213,-441],[578,36],[136,-155],[50,-187],[-51,-145],[-482,-164],[-124,-127],[36,-137],[174,-74],[506,80],[-32,-672],[234,-366],[-75,-172],[-418,-415],[-95,-815],[-490,-166],[-285,104],[-159,-31],[29,-496],[-148,-176],[-29,-408],[-1727,-1030],[214,-666],[330,-676],[-7,-399],[-267,-627],[3,-449],[-210,-833],[-88,-60],[-19,-739],[272,-143],[-88,-265],[54,-286],[-80,-65],[-292,32],[-178,-130],[-180,-2343],[85,-698],[499,-410],[483,-1270],[602,-676],[405,-659],[196,-50],[493,186],[525,3],[234,-204],[136,-896],[147,-287],[476,99],[457,-30],[205,-251],[10,-145],[-164,-289],[14,-642],[-321,-339],[-18,-396],[-291,-378],[-32,-248],[199,-278],[497,-308],[496,69],[122,-84],[-1,-614],[176,-272],[51,-286],[-228,-189],[-555,-188],[-74,-214],[206,-743],[154,-251],[369,-231],[629,-17],[352,-296],[59,-307],[-86,-287]],[[2378260,3908936],[-453,-352],[-502,-727],[-116,-354],[-462,-211],[-257,-212],[-172,-1183],[-209,-183],[-226,0],[-95,-178],[-91,-1054],[-555,-1812],[375,-121],[-164,-65],[111,-285],[346,-285],[203,-12],[459,-422],[376,-74],[142,107],[-16,-146],[129,83],[540,73],[410,-307],[29,-122],[-123,-76],[171,-293],[-322,-297],[-417,-5],[-201,146],[-375,-268],[-270,-16],[-356,222],[-189,-26],[-45,-89],[217,-200],[919,-296],[337,-296],[203,-489],[17,-623],[172,-57],[160,49],[62,114],[123,-27],[262,-713],[155,-212],[46,-611],[583,-283],[343,-564],[249,-94],[-360,-95],[-146,-203],[105,-395],[-114,-197],[144,-246],[145,-38],[-105,-158],[27,-193],[116,-89],[193,3],[165,156],[-28,272],[89,130],[409,111],[261,-89],[126,-311],[469,-422],[644,-172],[777,244],[-913,-447],[-64,-107],[405,-229],[116,-222],[204,52],[-103,-162],[78,-207],[-292,-156],[55,-379],[187,-168],[-95,-82],[40,-162],[305,-78],[199,-488],[516,-451],[242,-108],[117,-210],[359,-211],[-68,-220],[100,-308],[-115,-135],[-848,-289],[-130,-118],[145,-316],[-50,-264],[408,-798],[677,39],[235,-150],[13,-127],[-166,-248],[-93,-372],[55,-537],[203,-570],[-243,-172],[339,-92],[-35,-88],[138,-135],[-41,-193],[333,-120],[179,-308],[129,-56],[-71,-140],[63,-117],[392,-222],[-131,-483],[35,-161],[-178,-196],[362,-305],[-13,-164],[168,-262],[1,-481],[223,-212],[4,-789],[382,-650],[-213,-264],[54,-296],[-238,-237],[-264,-928],[-1136,-512],[270,-223],[-347,-917],[74,-61],[-49,-250],[-373,-622],[-271,-792],[-169,-237],[-88,-737],[276,-478],[-63,-159],[282,-270],[-43,-282],[605,-536],[249,-72],[168,-302],[344,-325],[950,-32],[367,-248],[83,-870],[154,-298],[24,-277],[155,-199],[-120,-449],[-316,-164],[62,-522],[248,-178],[-14,-220],[88,-214],[-80,-466],[328,-137],[32,-206],[280,-210],[397,-480],[-61,-219],[-332,-64],[-379,-579],[135,-379],[55,-530],[350,-516],[374,-19],[-19,-329],[70,-105],[197,0],[323,173],[430,-51],[144,-552],[332,-348],[144,-329],[-122,-780],[620,-800],[-23,-114],[-225,-142],[-5,-173],[295,-306],[93,-302],[205,-210],[281,-69],[276,128],[112,-370],[257,132],[159,-37],[122,-173],[0,-306],[126,-129],[340,141],[167,185],[240,-111],[137,198],[456,319],[79,-106],[-93,-563],[277,-222],[237,97],[11,271],[169,177],[106,3],[97,-173],[113,-31],[452,368],[95,-8],[92,-134],[103,20],[124,278],[253,-260],[71,-201],[100,10],[55,178],[-75,489],[87,93],[388,-32],[29,515],[271,51],[548,-100],[313,37],[313,254],[331,559],[384,168],[53,199],[-67,316],[138,178],[116,546],[299,51],[183,161],[570,30],[39,82],[-162,176],[78,58],[909,-233],[281,0],[746,365],[422,414],[235,414],[72,381],[-50,397],[480,159],[611,567],[354,10],[264,148],[331,-82],[1136,227],[237,228],[694,-184],[292,17],[274,144],[137,-62],[267,-402],[249,-69],[387,34],[221,-378],[241,-138],[460,124],[169,144],[520,85],[331,277],[494,892],[808,695],[514,347],[324,116],[153,311],[338,250],[980,222],[557,222],[262,548],[576,319],[157,293],[772,625],[95,279],[510,218],[186,264],[337,4],[495,139],[440,-62],[130,-153],[64,-355],[312,-317],[398,-16],[659,-465],[407,-80],[477,182],[508,-68],[140,317],[345,249],[175,798],[435,294],[463,190],[422,463],[187,818],[509,548],[126,541],[221,448],[1634,-38],[1929,983],[460,483],[532,250],[8961,614],[533,322],[533,88],[954,-91],[514,-323],[752,-19],[422,-180],[955,-20],[1360,966],[2094,355],[900,375],[440,-288],[1193,-468],[1137,-719],[385,-484],[678,-575],[1174,-253],[1945,-954],[1284,-325],[512,-321]],[[2451669,3839479],[-2671,-26],[-505,-333],[-461,-695],[-342,-144],[-460,117],[-1083,16],[-1381,-375],[-1602,-26],[-76,-826],[-253,-348],[-1395,-12],[-1024,-114],[-1842,-1055],[-861,-115],[-846,-245],[-1040,-868],[-268,-130],[-1661,394],[-251,565],[-267,204],[-1039,103],[-2121,829],[-800,857],[-548,377],[-326,479],[-445,117],[-1484,-143],[-2419,91],[-2831,917],[-601,824],[-355,122],[-49,333],[-552,-105],[-397,512],[-404,67],[-170,172],[-336,1],[-198,106],[-171,266],[-44,1006],[-181,261],[33,455],[-895,1229],[-516,1373],[-97,739],[-214,522],[41,233],[-95,1099],[202,831],[320,550],[-213,825],[2,894],[-73,342],[-161,273],[-702,726],[-131,297],[-826,433],[-413,24],[-142,378],[-468,527],[18,1150],[181,628],[382,560],[413,233],[46,235],[146,34],[122,251],[-46,233],[-234,123],[-1255,165],[-746,182],[-676,873],[-352,223],[-375,34],[-666,-496],[-34,374],[-306,268],[-535,378],[-443,95],[-376,6],[-580,-579],[-554,-374],[-268,-383],[-180,-530],[-476,-611],[-1140,-1056],[-811,-288],[-656,-17],[-466,-315],[86,-499],[-95,-229],[8,-233],[-488,-170],[-666,-390],[-61,-193],[-165,-144],[-513,-41],[-295,-249],[-335,-80],[-261,-415],[79,-213],[-182,-247],[93,-205],[-188,-598],[-633,-489],[-899,87],[-207,94],[-808,-234],[-633,9],[-1684,661],[-918,16],[-779,246],[-2075,-1453],[-2347,-1372],[-1408,-1117],[-1209,440],[-1557,-101],[-553,267],[-580,-37],[-645,203],[-287,199],[-368,39],[-313,330],[-420,-253],[-110,-20],[-166,107],[-221,-373],[-260,131],[-202,-191],[-875,702],[-207,54],[-255,-108],[-298,31],[-557,510],[-808,207],[-549,292],[-617,-124],[-490,133],[-342,-307],[-156,-15]],[[2376275,3850459],[-633,-159],[-322,288],[-549,86],[-283,-167],[-454,-508],[-327,-113],[-211,119],[-179,-37],[-426,-380],[-167,74],[-219,249],[-398,121],[-617,-85],[-195,358],[-267,-4],[-218,160],[-187,-20],[-823,394],[-150,118],[-134,346],[-474,-19],[-204,-134],[-540,39],[-188,-81],[-222,43],[-157,162],[-249,81],[-431,-38],[-270,222],[-5,230],[-209,90],[-283,0],[-127,94],[83,230],[-191,264],[-192,-21],[-427,132],[-288,188],[-641,-42],[-544,267],[-350,60],[-533,290],[-537,467],[-414,70],[-314,-215],[-429,181],[-461,70],[-157,166],[-116,312],[-232,59],[-290,204],[-120,191],[-361,110],[-205,-166],[-87,-221],[-302,71],[-201,-86],[-134,-284],[-119,78],[-165,319],[-268,84],[-168,285],[-303,-102],[-13118,1748]],[[2437113,4008346],[-15,-92],[-819,-424],[-829,-615],[-365,-173],[-393,-502],[-276,-416],[-108,-330],[-677,-797],[-10,-408],[-265,-524],[17,-1135],[-123,-348],[-150,-192],[-2129,-1198],[-60,-226],[56,-74],[-110,-155],[-141,-538],[-578,-734],[-163,-72],[-30,-198],[-169,-160],[-286,49],[189,-261],[-176,-161],[112,-58],[-86,-154],[40,-227],[-181,-93],[-168,87],[-38,-137],[-105,64],[-98,-83],[-194,47],[-81,-71],[-171,26],[-982,-217],[-215,-9],[-113,146],[-103,3],[268,-426],[70,121],[47,-50],[-97,-148],[-355,-154],[-79,-178],[-245,33],[-50,-272],[134,-401],[-141,-146],[36,-257],[-194,-197],[-30,-226],[-348,-110],[44,-265],[-430,-25],[29,-239],[-156,-93],[-290,15],[146,-174],[-177,-223],[-183,148],[-202,-81],[44,-115],[292,-48],[-242,-173],[236,-138],[-378,21],[-55,188],[-145,41],[41,-399],[-287,-5],[-154,-225],[134,-384],[-167,-283],[-451,363],[-65,-196],[-62,6],[-37,257],[-146,91],[-250,-149],[32,-144],[-183,-166],[-190,-3],[-262,-142],[-41,67],[174,189],[-20,207],[209,62],[-35,124],[-532,207],[-275,-220],[-168,318],[-246,28],[-251,335],[-313,-322],[-97,274],[-504,80],[-162,-143],[-501,-74],[-204,272],[-133,-60],[-30,-385],[-85,-68],[-314,93],[-79,228],[-279,-82],[-169,277],[-152,-171],[-537,-100],[-772,123],[-439,-73],[-280,-267],[31,-271],[-380,-149],[100,-264],[-273,-463],[-146,7],[-262,-150],[-174,19],[-83,146],[-159,51],[60,294],[-84,49],[-341,-437],[-559,-228],[-330,4],[-191,-132],[-379,25],[-225,-284],[-154,93],[-234,-42],[48,171],[-77,83],[-145,-13],[-42,-142],[-80,-8],[-116,209],[-525,142],[-314,240],[-119,-24],[91,-151],[-52,-129],[-184,70],[-173,-88],[-210,109],[-364,-9],[-282,-507],[1222,-3979],[193,-84],[151,144],[196,53],[226,-135],[155,19],[85,229],[488,150],[60,210],[151,134],[525,-17],[198,139],[179,-37],[74,90],[323,-25],[265,131],[588,33],[197,-60],[274,-284],[679,-84],[179,-417],[277,-161],[105,-351],[555,-475],[729,68],[523,144],[192,-72],[249,29],[434,-258],[224,-15],[364,373],[489,-65],[140,-190],[193,-52],[416,-649],[519,-86],[352,-440],[629,-427],[203,-340],[57,-265],[386,-159],[202,-405],[325,-349],[131,-861],[231,-105],[1003,-106],[808,-296],[472,-369],[1113,-204],[277,-312],[585,-26],[80,-205],[187,-182],[-9,-96],[543,-9],[-9,-113],[364,-486],[382,-395],[433,-290],[103,-255],[-154,-165],[167,-107],[-28,-204],[168,-334],[1033,-585],[532,-23],[280,141],[317,304],[220,59],[-41,220],[203,27],[-6,208],[377,-42],[584,686],[382,-164],[122,80],[1270,-78],[400,-228],[941,13],[330,145],[774,-351],[226,86],[-6,170],[158,-50],[55,229],[92,-68],[63,-431],[309,-276],[175,-433],[641,9],[175,167],[97,-132],[22,-343],[1089,-90],[102,-218],[481,-178],[160,324],[627,98],[-32,102],[-208,59],[90,240],[165,-88],[-54,239],[313,82],[-67,266],[117,-7],[158,-332],[431,-72],[112,95],[-103,337],[304,236],[359,15],[-40,298],[-207,356],[67,194],[256,-207],[194,-48],[216,133],[1,187],[129,139],[57,21],[98,-173],[415,336],[233,-265],[358,-2],[307,-105],[146,90],[274,-50],[45,86],[-189,195],[118,244],[723,185],[374,11],[189,160],[210,-259],[261,-167],[514,-964],[170,-172],[115,24],[-98,340],[158,208],[239,-260],[225,-67],[1041,20],[146,-143],[57,-255],[366,-318],[171,-11],[213,325],[312,-73],[337,34],[-57,315],[120,53],[135,-312],[457,106],[322,-183],[-61,-126],[-218,145],[-197,-63],[-45,-268],[411,-345],[309,-127],[113,-194],[103,-559],[-83,-102],[-215,21],[-15,-177],[215,-268],[527,-359],[523,-61],[1310,203],[458,-39],[196,86],[1398,-59],[441,-242],[437,-524],[-13,-222],[146,-297],[346,-153],[207,-356],[691,-177],[9,-187],[238,-153],[356,176],[471,66],[293,-212],[723,-126],[151,219],[100,437],[279,209],[189,401],[250,121],[174,-362],[426,-144],[594,-460],[512,-178],[291,-351],[299,31],[426,-397],[719,-119],[-26,-340],[-178,-153],[-6,-867],[377,-421],[-1,-434],[379,-771],[238,-39],[469,-522],[3,-263],[-285,-222],[7,-219],[152,-101],[584,-77],[548,-282],[320,114],[-89,299],[114,127],[417,69],[238,-198],[15,-382],[379,-396],[405,207],[285,37],[278,354],[406,148],[492,357],[304,709],[89,106],[353,117],[207,222],[19,534],[117,236],[139,56],[214,-60],[221,145],[58,781],[588,436],[120,17],[111,-116],[73,-273],[116,-63],[393,80],[567,-109],[253,76],[482,345],[369,97],[790,-196],[285,329],[-32,308],[108,171],[961,92],[758,-108],[166,-322],[548,-125],[159,48],[436,392],[331,34],[130,-179],[409,-236],[-19,-639],[206,-105],[431,65],[209,-177],[504,-831],[760,-459],[100,-143],[35,-267],[92,-77],[630,-105],[520,384],[392,152],[754,-71],[268,-240],[1047,91],[535,-286],[100,-19],[156,115],[391,-395],[882,-663],[403,-530],[320,-158],[918,-206],[285,42],[390,-161],[1118,49],[1636,-308],[170,298],[295,289],[353,123],[789,41],[685,380],[220,297],[120,406],[306,283],[-154,396],[85,192],[322,289],[156,-83],[184,130],[351,55],[-152,385],[240,181],[-70,172],[671,611],[171,-74],[239,101],[122,325],[-113,161],[244,126],[218,370],[477,474],[223,80],[27,111],[370,-312],[129,-474],[328,-21],[385,156],[164,-134],[152,-12],[671,348],[737,141],[307,160],[203,-5],[104,129],[-14,184],[166,13],[296,-221],[227,-38],[390,-562],[661,3],[325,-111],[312,36],[423,-535],[453,-15],[618,-393],[589,-93],[534,21],[348,-217],[1275,-17],[273,-97],[796,-826],[523,-328],[1542,-482],[154,-387],[472,-255],[310,-327],[364,-107],[131,-295],[339,-300],[141,-249],[599,-250],[491,36],[386,-236],[42,-79],[-100,-317],[440,-763],[-139,-510],[208,-359],[16,-199],[-80,-440],[-182,-397],[-178,-1195],[-187,-391],[117,-413],[-35,-280],[806,-1164]],[[2500792,3933373],[-454,434],[-457,589],[-463,777],[-1171,1119],[-161,393],[-741,278],[-689,-105],[-537,143],[-114,576],[-148,197],[-392,68],[-507,439],[-751,230],[-596,445],[-379,152],[-181,23],[-462,-160],[-906,256],[-274,184],[-359,-118],[-590,21],[-455,287],[-310,-154],[-155,7],[-717,738],[534,173],[-23,74],[-471,255],[-193,489],[-504,343],[-461,55],[-892,-609],[-165,-13],[-593,211],[-298,-460],[-333,-92],[-494,30],[-179,-335],[-168,-73],[-395,399],[-705,189],[-1093,842],[-600,36],[-422,246],[-514,-64],[-271,68],[-217,220],[-583,319],[-865,-567],[-1768,-586],[-205,30],[-230,174],[-284,81],[-770,616],[-326,149],[-651,757],[-494,300],[-267,120],[-1035,134],[-432,229],[-639,181],[-76,78],[-369,1484],[-16,267],[159,379],[-184,203],[-89,393],[156,299],[-13,225],[-135,158],[-1031,542],[-197,303],[133,383],[244,86],[370,308],[159,515],[305,331],[657,468],[201,286],[-91,422],[31,624],[-249,615],[75,602],[-435,344],[-197,476],[-246,293],[-273,-21],[-640,-335],[-243,111],[-552,-75],[-1052,59],[-53,60],[176,780],[214,303],[43,192],[51,1152],[-117,242],[-398,272],[-424,638],[-412,250],[-333,51],[-608,-317],[-269,-2],[-423,-277],[-196,-37],[-647,132],[-722,462],[-687,-270],[-662,1],[-638,336],[-131,-11],[-154,-150],[-176,-479],[4,62],[-946,-210],[-645,12],[-282,147],[-1122,236],[-359,168],[-1260,962],[-456,225],[-414,59],[-786,-649],[-1393,-174],[-1058,-282],[-87,-144],[5,-418],[-1094,-478],[-450,24],[-165,104],[-224,428],[-213,208],[-639,-33],[-189,-208],[-25,-461],[-213,-219],[-1125,-702],[-995,-345],[-296,-242],[-261,-519],[-213,-69],[-1101,37],[-177,-92],[-61,-1016],[-191,-623],[-21,-929],[-178,-599],[-166,-133],[-901,-325],[-144,-159],[-70,-248],[44,-164],[192,-154],[35,-176],[-998,-1117],[-320,-206],[-829,155],[-296,-160],[-237,-679],[-621,-849],[207,-615],[-11,-121],[-308,-416],[95,-480],[-271,-138],[-269,313],[-141,59],[-135,-158],[-3,-659],[-389,-624],[26,-292],[249,-333],[13,-271],[-816,-1096],[-516,-1087],[-185,-147],[-307,-90],[-63,-406],[-299,471],[-1,-354],[-128,-103],[-127,-13],[-618,327],[-160,-118],[-42,-263],[-243,-61],[90,-448],[-216,-242],[1,-231],[-270,-93],[313,-183],[28,-141],[-442,-287],[-78,-141],[238,-255],[5,-181],[-193,-194],[-348,-145],[-83,-337],[-92,13],[66,234],[-455,-58],[-87,-300],[-278,-121],[111,-173],[-16,-175],[-240,-350],[-36,-260],[-180,-233],[-386,-236],[173,-294],[-232,-502],[-111,-26],[-144,183],[-116,407],[-245,-162],[-199,-31],[-214,565],[-302,-13],[-144,-347],[-281,-37],[65,-247],[-93,-350],[-158,-238],[116,-433],[-302,-270],[-142,-632],[-20,-198],[136,-330],[-490,-421],[-286,11],[17,260],[-242,19],[-11,143],[-359,-126],[-598,75],[-387,-185],[-446,-66],[-266,181],[-296,-92],[-375,114],[-599,-137],[32,-279],[-76,-103],[-318,-13],[-341,-233],[-367,-111],[-685,-14],[-264,-279],[-125,165],[-305,-169],[-242,24],[-857,349],[-339,-346],[-289,-53],[-410,-215],[-390,-58],[-70,-184],[-473,-449],[35,-107],[254,-126],[-300,-384],[-16,-353],[-910,-50],[-152,-165],[16,-491],[246,-291],[-67,-238],[-570,-498],[-567,-255],[42,-261],[166,-215],[-109,-890],[-552,0],[-317,-112],[-245,-189],[-125,-396],[-797,-380],[-221,-251],[-195,-978],[95,-156],[-55,-299],[149,-207],[-81,-348],[54,-246],[-168,-191],[-99,-310],[-229,-195],[-886,144],[-637,232],[-215,-78],[-176,-242],[-317,-164],[79,-286],[-340,156],[-24,209],[-101,116],[-161,41],[-263,-118],[-208,171],[-228,-205],[-120,116],[-82,-21],[-66,-135],[-167,-50],[-55,-166],[-489,-191],[-647,61],[-198,-177],[-22,199],[-122,14],[-223,-267],[-152,-451],[-145,-61],[-175,135],[-362,-593],[-412,-165],[152,-268],[-176,-261],[-330,11],[-398,-142],[-159,-166],[-405,18],[-272,-156],[-614,-579],[-113,69],[-332,537],[-314,-43],[-525,213],[-90,146],[-164,-66],[-93,221],[-356,-124],[-166,86],[-119,188],[-231,-146],[-68,179],[-274,-88],[-200,119],[-288,11],[-130,265],[150,193],[-277,105],[-101,125],[110,106],[-42,100],[-195,19],[-167,-159],[-248,-44],[-210,-303],[-169,80],[12,245],[-226,-30],[-60,-209],[68,-215],[-418,9],[45,-207],[-128,-164],[-158,144],[-433,-26],[-150,170],[-422,-53],[-323,224],[-311,-114],[-370,201],[-466,127],[-355,5],[-550,-229],[9,-95],[185,-149],[-28,-103],[-354,-8],[-170,-294],[-180,233],[-106,2],[-244,-192],[-78,-170],[-281,-147],[-34,-88],[210,-163],[0,-127],[-348,54],[-197,-327],[-564,-118],[-309,196],[-285,58],[83,373],[-286,-261],[-313,413],[-346,-146],[-177,43],[81,122],[299,108],[10,135],[-77,61],[-260,-20],[-10,228],[-346,-220],[-178,542],[-421,84],[-49,505],[79,164],[-102,140],[110,271],[-241,421],[-260,86],[-150,160],[-530,-237],[-281,-496],[-278,-40],[-2,-238],[-86,-86],[-211,187],[111,280],[-88,33],[-360,-296],[-43,46],[84,92],[-76,349],[-292,21],[-173,106],[17,234],[-84,53],[-96,-74],[-101,-362],[-235,166],[-173,-199],[-219,16],[209,-187],[-2,-235],[-82,-36],[-142,93],[-90,-204],[-183,24],[-163,-109],[-62,-200],[113,-97],[-23,-86],[-345,146],[-224,-237],[-278,128],[-490,-204],[-224,72],[27,-232],[-78,-64],[-219,329],[-386,-84],[-131,-183],[-192,90],[-106,-273],[-352,128],[-134,-199],[-137,42],[-305,384],[7,-205],[-133,-185],[-277,23],[-71,-58],[216,-314],[3,-177],[-320,-132],[-210,-196],[46,-177],[-125,-35],[-23,-189],[-217,67],[-380,-249],[-115,101],[7,186],[-228,-57],[-15,-425],[190,-704],[-136,-346],[-339,-91],[-394,41],[-254,-124],[-777,-94],[-385,-395],[-311,-1237],[41,-266],[-101,-918],[-134,-17],[-331,201],[-318,-16],[-570,209],[-444,-134],[-378,0],[-142,-135],[-26,-245],[-226,-188],[-122,-392],[-551,-268],[-75,-438],[263,-448],[-64,-1121],[-280,-489],[-597,-524],[-68,-144],[147,-726],[373,-623],[0,-174],[-137,-114],[-277,30]],[[2348523,3991528],[86,58],[1540,16],[42617,-58],[111,4235],[-591,251],[-314,-12],[-537,301],[-918,311],[-1169,854],[19,434],[239,719],[183,1463],[15,1593],[-109,1175],[108,1696],[219,388],[568,295],[1346,431],[800,503],[304,275],[338,649],[325,420],[394,404],[1000,765],[261,4],[307,-413],[188,-101],[1433,371],[279,-6],[264,-119],[503,220],[1154,765],[279,274],[494,61],[554,773],[477,365],[97,270],[944,1155],[837,506],[800,95],[608,261],[1363,1098],[1153,69],[286,241],[332,-72],[373,-170],[269,-252],[64,-187],[-117,-312],[70,-249],[521,-212],[241,117],[101,-97],[158,148],[375,58],[369,-125],[410,-19],[1828,261],[916,14],[354,136],[940,628],[728,764],[475,103],[346,180],[448,904],[-8,167],[-136,210],[5431,-1665],[1845,-335],[1205,-586],[562,-82],[520,-489],[3954,-2159],[770,-854],[499,-285],[1166,-429],[4726,-1348]],[[2346708,4243585],[226,-347],[149,-507],[348,-385],[33,-286],[238,-302],[71,-362],[676,-523],[-233,-631],[213,-864],[374,-354],[671,-1126],[27,-186],[-138,-595],[633,-787],[254,-2032],[395,-1189],[184,-1313],[305,-432],[1457,-173],[1819,-847],[442,-100],[1112,-8],[965,-304],[673,-80],[1164,16],[1857,187],[741,198],[1019,561],[1247,840]],[[2397894,4077050],[-211,-165],[21,-338],[-223,-185],[-789,-1260],[14,-705],[-321,-605],[-49,25],[-245,-630],[-27,-315],[157,-110],[745,-1],[884,-189],[504,-262],[270,-228],[266,-492],[730,-711],[46,-165],[-78,-78],[-277,-27],[-510,256],[-557,117],[-831,-713],[-186,115],[-124,511],[-206,68],[-140,-126],[-92,-274],[-426,-474],[8,-313],[144,-267],[184,-103],[984,387],[320,270],[439,-418],[118,162],[75,351],[123,48],[175,-168],[48,-299],[-516,-794],[-844,-913],[-19,-128],[607,-58],[584,-409],[118,83],[77,428],[134,148],[174,82],[393,-3],[131,-86],[86,-490],[-1812,-1230],[4,-310],[447,-464],[-124,-368],[119,-232],[17,-246],[-328,-539],[-41,-241],[735,-255],[130,-203],[-294,-202],[-458,-37],[-345,-123],[-143,254],[-330,321],[-147,-16],[8,-777],[167,-267],[-40,-438],[117,-132],[191,-59],[356,171],[21,-413],[230,-142],[-52,-175],[-417,-118],[-127,-154],[-38,-375],[290,-344],[369,32],[25,-74],[-581,-750],[-684,-268]],[[2435853,4035159],[178,-491],[-48,-1028],[-735,-4444],[-235,-367],[-99,38],[-164,-196],[-228,-117],[-226,-442],[-234,-681],[-93,-728],[-125,-124],[-19,-450],[-263,-670],[-281,-206],[919,-368],[670,-376],[1383,-333],[897,13],[271,-69],[2426,-1145],[1840,-229],[598,-2653],[-13,-389],[372,650],[570,2085],[280,507],[-71,59],[566,104],[266,-64],[1495,-785],[2601,560],[332,-12],[1835,-1043],[1161,-849],[819,-322],[-907,-299],[-747,1],[-823,-336],[-348,-235],[105,-441],[-3,-405],[-287,-432],[-94,-319],[-93,-872],[149,-240],[795,-436],[193,-241],[-13008,-7880],[-317,-113]],[[2360000,3679647],[792,219],[880,1070],[626,63],[481,425],[533,240],[91,-175],[241,-161],[171,105],[234,-135],[235,99],[389,9],[600,-140],[646,-8],[398,-138],[190,187],[442,75],[618,343],[512,117],[585,549],[431,235],[144,-45],[119,-246],[965,108],[670,-276],[391,-48],[516,210],[449,47],[194,166],[375,7],[463,294],[271,6],[699,-168],[464,371],[588,147],[326,-62],[436,-377],[393,-51],[272,83],[62,228],[142,118],[367,125],[552,-7],[581,-129],[554,95],[239,-103],[447,-39],[650,251],[640,-64],[273,309],[153,576],[310,269],[-67,213],[293,226],[44,448],[-760,514],[-47,299],[95,517],[272,37],[183,347],[435,-76],[-6,284],[220,42],[134,201],[190,-180],[134,207],[93,17],[238,-183],[14,487],[124,243],[179,-14],[35,145],[310,215],[72,255],[226,335],[540,161],[47,316],[-78,551],[167,201],[1277,522],[369,-8],[274,221],[407,105],[163,125],[588,-166],[547,366],[262,54],[552,4],[420,-97],[42,-105],[-171,-242],[-17,-160],[226,-180],[219,50],[480,330],[253,50],[1036,-365],[354,9]],[[2474339,3644381],[-3105,4312],[-162,37],[-336,267],[-183,401],[-325,71],[-51,388],[-354,43],[-109,397],[-209,115],[-118,395],[146,144],[6,198],[-377,290],[-192,538],[-58,461],[118,461],[206,203],[299,647],[-3027,2323],[-3290,-724],[-1793,-707],[-845,-439],[-371,226],[130,311],[-208,242],[9,421],[-353,353],[-212,483],[-128,23]],[[2347468,3767375],[336,-317],[65,-327],[-54,-297],[101,-123],[597,-222],[347,87],[197,-41],[36,-199],[-210,-326],[-6,-134],[304,-403],[102,-339],[388,-181],[268,-456],[159,-41],[314,170],[286,-92],[394,52],[224,-136],[-166,-258],[-354,-170],[107,-351],[112,-109],[81,70],[-31,337],[94,79],[305,4],[295,-484],[376,-68],[474,-395],[296,-52],[168,-213],[87,370],[117,39],[282,-123],[202,351],[186,79],[-30,114],[174,-33],[105,232],[339,-131],[277,149],[282,-176],[-9,-170],[90,-132],[448,22],[63,213],[-265,286],[54,267],[175,167],[882,140]],[[2356532,3764104],[45,-117],[788,-646],[208,-263],[-34,-312],[-205,-304],[-200,-96],[-184,54],[205,234],[26,154],[-964,-537],[-741,117],[-597,-174],[-512,-295],[225,-1130],[-128,-8],[68,-404],[-175,-279],[26,-92],[153,38],[294,-367],[311,-171],[38,-371],[-200,-170],[-22,-138],[-238,317],[-401,317],[-647,159],[-281,146],[-1327,-254],[-473,-262],[-384,-1199],[-700,-649],[-554,-250],[-955,-45],[-933,-362],[-329,-299],[-331,-140],[-578,-567],[-1392,-717],[-173,-233],[-287,-151],[-500,-93],[-382,94],[-645,787],[-627,-451],[-179,-757],[-11,-791],[266,-413],[48,-436],[262,-304],[342,-615],[-168,-514],[-287,-451],[8,-194],[262,-476],[-41,-147],[152,-333],[-124,-121],[-48,-379],[-186,-350],[-54,-858],[59,-666],[587,-440],[424,-86],[199,-196],[100,-260],[16,-457],[-450,-331],[-1507,-569],[-461,-560],[-199,-436],[-47,-460],[156,-579],[254,-448],[733,-300],[983,-162],[1281,-37],[357,130],[273,-188],[158,112],[138,-204],[287,-126],[148,7],[344,237],[516,39],[822,-396],[284,49],[141,-86],[206,241],[131,62],[263,-36],[179,273],[300,-23],[118,161],[435,-139],[188,149],[257,-553],[114,-49],[177,53],[209,-139],[292,27],[250,420],[106,10],[263,-180],[1169,42],[199,-64],[110,86],[548,-46],[82,-134],[240,-133],[298,-55],[96,-537],[741,3],[133,-205],[168,-78],[128,46],[49,168],[448,-31],[93,283],[298,38],[114,246],[3,451],[578,689],[161,87],[604,22],[117,-101],[233,13],[442,-327],[367,-474],[248,-1098],[875,-590],[741,-12],[239,-90],[756,441],[747,-87],[479,-212],[477,152],[319,-64],[245,214],[164,-370],[373,30],[683,-406],[124,-168],[350,-196],[212,-516],[373,-235],[230,-35],[533,208],[45,217],[-75,477],[111,234],[1283,95],[401,-165],[296,38],[1051,-136],[356,269],[162,292],[117,-196],[165,130],[182,-191],[58,364],[102,65],[150,-269],[205,-9],[262,165],[88,-74],[62,-274],[228,93],[127,-146],[351,30],[764,-159],[372,70],[950,-255],[585,-348],[462,25],[252,-150],[436,-547],[298,-184],[1056,-44],[183,70],[154,-146],[232,38],[92,-119],[296,-48],[670,-448],[238,-469],[9061,2145],[80,418],[532,46],[-36,270],[370,336],[51,144],[-273,260],[-244,-123],[-208,116],[187,354],[-268,239],[104,365],[-75,122],[-241,-59],[-21,-207],[-94,-59],[-337,91],[-125,144],[97,330],[-201,81],[32,620],[-280,285],[103,375],[294,433],[207,140],[364,64],[39,-96],[-152,-269],[34,-77],[203,-27],[475,185],[94,166],[-83,228],[569,357],[172,-271],[271,58],[17,-246],[172,-73],[81,9],[-89,223],[45,116],[236,-113],[224,144],[262,-180],[166,148],[328,-88],[122,140],[149,20],[104,-100],[-6,-233],[-512,-54],[-130,-222],[73,-84],[566,158],[410,753],[-123,111],[-66,235],[282,875],[-6,246],[-148,293],[228,408],[181,123],[160,-8],[168,-627],[221,-22],[238,856],[-64,290],[409,103],[73,340],[407,303],[222,75],[292,-52],[469,320],[701,89],[90,247],[-53,240],[143,421],[-85,231],[37,108],[1434,709],[-33,462],[171,569],[-76,148],[-682,438],[-78,227],[488,632],[-93,269],[103,615],[226,422],[18,356],[224,267],[-87,127],[-224,73],[-102,212],[207,311],[11,381],[314,383],[22,208],[-119,344],[-571,398],[-214,411],[254,920],[-63,229],[-135,86],[-539,-241],[-125,144],[-34,391],[213,394],[217,1153],[154,344],[549,1063],[675,1056],[47,256],[-408,696],[330,447],[457,225],[407,501],[350,52],[307,189],[872,690],[229,265],[323,995],[215,243],[-374,659],[26,148],[241,118],[296,16],[224,133],[163,440],[446,230],[256,434],[632,-86],[693,688],[82,215],[356,299],[-1,1110],[283,1030],[229,304],[371,111],[502,-273],[237,391],[236,126],[308,-142],[344,13],[322,-165],[223,0],[619,-285],[248,-7],[262,171],[179,-115],[160,128],[358,-174],[269,163],[344,-155],[297,201],[310,-78],[219,239],[286,-77],[94,40],[66,177],[187,99],[199,52],[452,-110],[340,185],[497,-372],[554,299],[-129,304],[-181,63],[-9,163],[70,57],[413,-103],[381,415],[380,-168],[248,104],[58,269],[1028,35],[87,125],[164,-2],[360,-196],[85,-200],[485,4],[183,365],[144,-21],[107,105],[-49,513],[154,247],[494,262],[164,-108],[154,111],[302,45],[413,330],[200,-251],[588,143],[346,-81],[90,124],[160,-184],[241,-103],[59,435],[-95,166],[219,191],[39,300],[122,66],[431,-314],[474,0],[212,-101],[329,410],[133,-71],[164,81],[327,-370],[-379,-123],[-246,36],[-121,-223],[225,-284],[255,-34],[144,-108],[-560,-474],[-255,-72],[8,-147],[182,-153],[363,170],[358,-78],[124,-160],[-199,-146],[-80,-262],[69,-88],[140,-5],[482,257],[224,-268],[159,5],[69,-73],[-30,-194],[-169,-165],[64,-190],[219,87],[189,-170],[383,19],[129,199],[213,104],[-64,309],[503,-11],[-2,169],[-161,235],[264,427],[130,428],[333,130],[114,-238],[184,-78],[85,330],[343,53],[339,160],[15,131],[-124,73],[-368,-72],[-70,243],[-283,93],[-15,141],[299,238],[149,9],[219,-93],[279,-301],[168,267],[304,53],[75,593],[-243,199],[-64,326],[129,92],[229,-209],[109,-5],[65,170],[-158,379],[223,63],[185,199],[527,-64],[79,-248],[124,-25],[105,292],[438,184],[308,-5],[507,178],[234,-146],[120,238],[532,-78],[543,402],[1238,329],[537,-49],[447,-307],[408,-25],[616,-429],[567,155],[592,-215],[189,92],[75,199],[1418,504],[452,-30],[447,-259],[517,-39],[393,57],[264,170],[1764,282],[151,225],[343,-20],[582,291],[2283,-38],[369,374],[517,281],[260,383],[80,282],[289,330],[679,205],[152,153],[310,47],[576,278],[119,174],[-163,472],[887,1102],[1114,37],[428,232],[140,399],[389,363],[786,203],[129,97],[324,554],[36,437],[175,607],[381,684]],[[2608236,4232236],[-854,770],[-304,451],[-498,207],[-302,354],[-1385,510],[-1144,313],[-621,16],[-382,-110],[-651,-431],[-403,-75],[-1476,293],[-364,140],[-702,51],[-1091,306],[-708,387],[-194,688],[-1119,504],[-606,26],[-1325,-221],[-599,23],[-452,321],[-965,472],[-731,134],[-350,-124],[-133,-364],[-190,-200],[-204,-90],[-446,-19],[-297,-127],[-748,-768],[-972,-410],[-265,-318],[-143,-14],[-409,321],[-1240,516],[-1335,403],[-338,-8],[-283,-135],[-457,-464],[-377,-30],[-438,-183],[-200,-343],[-208,-162],[-1195,0],[-394,-229],[-468,-23],[-449,-311],[-294,-902],[-623,-900],[-435,321],[-517,-24],[-602,-175],[-722,199],[-258,-130],[-97,-221],[-279,-228],[-89,66],[-255,-33],[-28,83],[-495,292],[-314,20],[-236,-93],[-534,13],[-141,-118],[-309,24],[-664,-145],[-222,66],[-335,-280],[-95,62],[-329,-19],[-344,-176],[-770,-157],[-627,50],[-329,105],[-399,257],[-692,229],[-39,127],[-349,-66],[-455,188],[-133,6],[-651,-337],[-549,-18],[-638,451],[-295,63],[-308,253],[-306,108],[-171,284],[30,451],[-489,86],[-7,296],[-197,418],[-455,335],[-241,75],[-496,-10],[-1046,588],[-102,215],[-531,74],[-536,212],[-440,579],[-184,114],[-553,643],[-689,477],[-51,147],[-165,-3],[-1066,1338],[-528,361],[-761,967],[-453,77],[-150,232],[-259,103],[-102,353],[-374,127],[148,211],[-42,245],[-656,109],[-233,294],[-261,80],[-443,-71],[-189,199],[-967,246],[-203,228],[-115,381],[-282,168],[-325,524],[-202,1],[-266,154],[-197,-49],[-480,92],[-311,-78],[-340,105],[-646,15],[-406,-192],[-429,-395],[-499,-125],[-451,19],[-437,-520],[-328,-167],[-504,218],[-546,11],[-273,310],[-403,31],[-455,168],[-230,293],[-311,183],[-311,523],[-207,101],[-370,-6],[-208,387]],[[2448462,3802034],[-48,389],[-490,49],[-1010,-442],[-572,-654],[-344,-559],[-432,-369],[-104,-200],[308,-209],[-142,-337],[-2,-297],[-256,-393],[-290,-217],[-52,-328],[-356,-273],[-91,-444],[142,-384],[-92,-150],[-185,35],[-74,-101],[24,-121],[214,-173],[-357,-34],[-252,139],[-138,202],[-611,289],[-156,-212],[-249,56],[-149,-97],[20,-461],[-177,-444],[-518,82],[-320,321],[-328,-17],[-210,111],[-852,-349],[-239,-41],[-187,72],[-291,-212],[-281,47],[-366,-142],[-334,239],[-892,-3],[-316,-179],[-129,-197],[-284,-32],[-228,-123],[-410,-15],[-255,295],[-474,85],[-348,-162],[-283,21],[-228,-89],[-246,106],[-275,-20],[-281,174],[-232,9],[-288,-149],[-458,13],[-282,-328],[-25,-215],[-460,10],[-279,-292],[-258,-16],[-202,147],[-230,-22],[-426,-271],[-109,-180],[-117,-583],[-478,-212],[89,-370],[-179,-196],[-435,-220],[-184,-387],[-409,205],[-435,-87],[-550,63],[-555,-312],[-571,235],[-477,-12],[-209,-206],[-111,-248],[246,-729],[-137,-317],[-491,-232],[-161,329],[-202,22],[-272,-359],[-579,318],[-653,-41],[-290,-441],[-215,-142],[-128,-23],[-216,107],[-105,-44],[11,-134],[156,-62],[-25,-209],[144,-197],[8,-332],[-73,-168],[-385,44],[-151,-207],[-432,69],[-225,-591],[-343,451],[-86,7],[-111,-413],[-127,-61],[-20,443],[-144,183],[-382,-142],[-253,-240],[-73,75],[16,282],[-372,195],[-178,430],[-256,145],[-498,-174],[-261,61],[-281,-155],[-274,192],[-204,264],[-549,117],[-2399,43],[-474,-116],[-390,-446],[-652,129],[-624,488],[-484,45],[-171,509],[-439,93],[-149,208],[136,296],[-77,271],[359,99],[60,115],[-119,322],[51,296],[-170,322],[41,244],[159,105],[303,-78],[110,301],[-44,238],[-247,143],[-101,221],[189,77],[68,165],[-271,193],[-303,553],[-364,286],[-86,1137],[-156,63],[-396,-74],[-159,41],[143,321],[-365,447],[-135,908],[-205,156],[-194,-228],[-143,-6],[-45,78],[177,390],[-28,223],[-143,-33],[-12,-229],[-402,-5],[-183,283],[-324,132],[-47,310],[-211,301],[-142,51],[-189,-112],[155,412],[-381,22],[-138,100],[-47,205],[-528,146],[-179,333],[-389,408],[-385,22],[-474,251],[-8,327],[-356,185],[-208,583],[-324,-47],[-218,304],[-715,246],[23,134],[260,125],[-16,122],[-567,208],[-286,-47],[-336,126],[-93,423],[89,332],[-1193,505],[-123,454],[-392,484],[-522,1321],[-320,276],[-281,75],[-973,-599],[-320,-312],[-615,-966],[106,-525],[-188,-333],[-500,-553],[-342,-1024],[-581,-420],[-801,-283],[-111,-116],[-278,-712],[-680,-1291],[-985,-278],[-512,-436],[-470,-683],[-179,-79],[-448,9],[-1348,-732],[-976,-69],[-508,-179],[-269,-233],[-294,-674],[-180,-108],[-417,-8],[-99,-88],[-124,-241],[9,-350],[174,-296],[443,-325],[-31,-667],[-187,17],[-281,342],[-460,259],[-452,-191],[-695,209],[-1202,-157],[-581,-708],[-329,-279],[-592,276],[-145,-58],[-158,-487],[-845,-1045],[-171,-79],[-307,361],[-94,-5],[-686,-620],[90,-146],[-81,-140],[51,-77]],[[2381704,3793175],[-119,-78],[-304,230],[-230,-203],[-353,-85],[-749,-499],[-428,-141],[-144,70],[-222,457],[-361,485],[-132,380],[30,631],[-620,1028],[249,454],[-58,557],[187,628],[52,525],[-11,831],[-289,444],[-213,120],[-299,35],[-379,-160],[-211,13],[-360,239],[-560,-488],[-186,-487],[-121,-129],[-410,-57],[-510,176],[-664,-26],[45,428],[449,131],[22,72],[-99,108],[-229,50],[-227,279],[-123,26],[-48,1426],[258,1405],[-56,22],[975,4071],[-397,12754],[84,630],[663,2557],[71,586],[-311,17346],[335,3758],[83,1],[139,412],[-12,139],[-160,2],[524,6131]],[[2356532,3764104],[7972,1244],[356,315],[186,41],[91,136],[295,-69],[235,62],[144,-121],[131,-4],[309,195],[598,203],[652,-56],[229,141],[94,223],[80,-118],[229,49],[151,-145],[235,89],[1,-196],[249,-20],[118,168],[208,75],[7,148],[151,151],[346,-40],[98,125],[154,29],[151,-227],[319,105],[165,-144],[229,-57],[204,153],[331,-1],[403,-79],[170,-179],[224,-36],[215,149],[323,21],[157,175],[322,105],[246,-180],[184,-13],[349,-365],[726,-7],[306,106],[363,-372],[-234,-385],[519,-553],[143,-275],[-27,-290],[205,-69],[319,-260],[195,-33],[-726,9394],[458,23],[145,84],[38,163],[-204,330],[11,294],[484,487],[725,367],[478,31],[391,-69],[142,150],[1045,4295],[138,1445],[-4,1651],[496,1249],[1382,7865],[148,592],[248,370],[-49,436]],[[2463477,3580201],[-288,-6],[43,194],[-80,52],[-211,-80],[-638,51],[-226,-198],[-188,-18],[-98,-173],[-135,-5],[-64,-249],[-342,-127],[-263,-241],[-325,115],[-176,-270],[-161,26],[-221,-135],[-472,-430],[16,-431],[-71,-75],[-143,0],[-372,210],[-342,-105],[-338,-426],[-103,-15],[-169,174],[-183,-298],[-316,-21],[-24,-117],[275,-493],[-228,-50],[8,-122],[268,-111],[129,-243],[-24,-649],[-402,-149],[71,-288],[-39,-327],[-138,-205],[283,-132],[53,-184],[-542,-30],[-283,-555],[-344,135],[-269,-75],[-67,-176],[288,-140],[-37,-122],[-623,-41],[82,-364],[-205,-278],[-387,-58],[-286,-227],[-457,181],[-47,345],[-204,193],[-64,187],[-161,93],[-46,273],[-170,50],[-97,-52],[-251,200],[-311,-203],[-135,125],[-119,-124],[-439,96],[-472,-122],[-279,-404],[48,-220],[-112,-67],[-450,5],[2,-68],[182,-57],[-45,-140],[-429,-258],[-99,-250],[-722,203],[-472,-205],[-439,141],[-402,-84],[-220,177],[-284,6],[-299,323],[-296,188],[-584,-232],[-831,412],[-1534,92],[-282,354],[-314,171],[-396,38],[-265,-93],[-348,174],[-181,-52],[-304,117],[-66,153],[-142,73],[-244,-137],[-764,215],[-382,-374],[-203,121],[-587,-17],[-285,119],[-283,-39],[-255,292],[-136,-182],[-139,41],[-176,-182],[-108,-6],[-124,125],[-665,-101],[-128,-108],[-339,-6],[-120,-304],[-283,-81],[-226,-432],[-391,192],[-455,-82],[-81,-78],[4,-192],[-311,-115],[-225,-183],[-1037,74],[-859,-499],[-102,39],[-57,189],[-273,12],[-118,-178],[-318,-21],[-75,-360],[-677,-214],[-25,-253],[-99,-69],[146,-42],[-37,-144],[-133,-45],[-145,206],[-102,-4],[22,-441],[-426,122],[-172,-449],[-417,-236],[-321,17],[-76,-71],[9,-466],[-179,-276],[-312,74],[-15,-169],[-118,-95],[-45,-224],[-140,-49],[-55,-208],[-261,52],[64,245],[-65,36],[-416,-520],[-193,59],[-228,-151],[-248,26],[-489,-382],[-175,24],[-287,-106],[-221,15],[-282,715],[-311,36],[-222,160],[-284,-2],[-237,126],[-480,-57],[-304,77],[-317,-55],[-130,68],[-445,-130],[-445,239],[-396,9],[-271,93],[-199,221],[-175,-106],[-330,-590],[-67,-279],[-195,27],[-21,167],[-318,-173],[-210,92],[-168,-117],[-198,6],[-69,288],[-81,35],[-81,-59],[-66,-411],[-162,-38],[-270,50],[9,256],[150,97],[-102,253],[-213,-179],[-948,-16],[-897,319],[-396,23],[-523,363],[-424,-135],[-747,-55],[-741,303],[-304,43],[-320,-131],[-598,-547],[-187,-84],[-1531,-3],[-500,292],[-354,-52],[-374,50],[-278,-189],[-264,78],[-555,-22],[-65,-157],[190,-669],[-195,-338],[-470,-268],[-79,-175],[-327,-134],[-417,36],[-340,-283],[-635,119],[-1001,-432],[-274,-264],[-628,-159],[-676,312],[-136,317],[-258,267],[-368,44],[-269,692],[-708,445],[-178,-44],[-808,-579],[-267,-23],[-169,72],[-240,-28],[-534,183],[-1595,115],[-252,154],[-101,160],[-323,117],[-181,177],[-643,-37],[-843,-270],[-648,-102],[-1143,167],[-350,121],[-305,-6],[-465,-168],[-578,-88],[-330,173],[-801,232],[-653,-599],[-290,-134]],[[2406784,4090927],[353,14],[554,-184],[72,343],[265,333],[841,86],[655,437],[683,135],[517,463],[166,610],[439,713],[73,326],[-16,230],[-131,248],[-157,201],[-343,171],[-75,247],[24,395],[434,1227],[58,364],[367,617],[206,714],[1583,2245],[109,730],[313,549],[422,317],[1015,121],[625,224],[303,-33],[371,-203],[335,120],[1043,-233],[371,-280],[780,1574],[1102,2789],[3780,8155],[9483,20005],[406,-429],[141,6],[217,212],[189,-127],[104,-241],[358,-7],[160,-351],[18,-314],[167,-161],[586,-35],[106,40],[70,149],[345,31],[46,163],[112,-151],[195,244],[173,45],[228,-81],[244,113],[86,203],[358,213],[-25,132],[193,30],[229,212],[324,-3],[196,109],[315,-193],[452,197],[132,276],[185,31],[18,197],[640,-25],[276,106],[75,-67],[-44,-145],[189,-75],[290,249],[171,-109],[720,-119],[182,188],[426,27],[307,337],[-6,222],[11548,-21],[-27,173],[415,721],[32,318],[194,88],[-12,203],[-95,19],[343,892],[-223,598],[24,279],[527,665],[28,635],[196,406],[151,-10],[343,214],[178,362],[157,96],[-30,200],[-186,239],[153,246],[41,452],[313,464],[642,384],[663,737],[257,582],[123,949],[246,428],[866,613],[515,836],[889,439],[142,140],[652,2132],[1138,610],[14,499],[517,56],[149,209],[22,237],[447,215],[135,298],[15,425],[483,599],[1068,555],[981,79],[433,487],[263,49],[224,-103],[580,520],[270,118],[174,225],[406,154],[461,296],[459,-140],[837,-591],[242,25],[279,229],[323,-211],[519,-49],[248,-236],[583,27],[196,189],[985,306],[257,-99],[146,37],[154,-122],[161,199],[161,23],[238,-94],[315,9],[78,-149],[135,-42],[301,79],[538,-133],[382,103],[308,-708],[359,-451],[170,-61],[237,182],[434,173],[293,-182],[336,300],[534,311],[424,34],[411,212],[291,-230],[220,-46],[364,289],[778,-83],[405,78],[290,-32],[161,111],[33,146],[209,-25],[409,696],[314,122],[135,155],[118,-112],[167,-5],[312,428],[143,43],[259,-81],[862,339],[247,-41],[112,150],[205,67],[376,-93],[179,133],[254,1],[401,267],[257,-45],[163,179],[53,-107],[190,-46],[111,88],[87,-48],[205,84],[261,-106],[288,85],[497,-7],[744,-1079],[358,-8],[20,5694],[38,-177],[71,0],[98,122],[337,127],[44,232],[102,73],[109,-42],[115,-313],[149,245],[319,22],[299,280],[697,-101],[-26,245],[109,66],[111,-82],[140,-332],[271,54],[92,-65],[54,-439],[-226,-280],[109,-62],[169,71],[140,-114],[-44,-233],[88,-263],[149,-24],[300,184],[86,-102],[22,-377],[492,-18],[206,98],[406,-160],[66,541],[744,-292],[315,348],[532,-36],[155,112],[116,223],[246,-89],[86,362],[724,-472],[174,314],[152,-30],[85,-153],[100,38],[22,109],[-154,194],[113,61],[185,0],[366,-267],[321,228],[-96,374],[296,140],[396,329],[493,-81],[337,-342],[476,-13],[72,-272],[155,-52],[98,51],[29,207],[355,-117],[286,254],[191,-141],[197,0],[248,353],[191,-146],[298,294],[171,-376],[539,185],[133,-346],[253,7],[139,-169],[105,-14],[405,192],[441,-61],[286,365],[345,116],[196,-39],[54,-165],[99,-27],[249,221],[265,-88],[670,285],[196,-130],[217,209],[861,-124],[365,337],[461,211],[248,-8],[323,170],[81,166],[-7,327],[281,-76],[163,256],[231,-126],[235,269],[433,184],[223,-109],[716,-115],[550,14],[198,-338],[583,-120],[947,-913],[165,-10],[135,-125],[468,-11],[182,-167],[-32,-156],[-685,-379],[16,-123],[15186,-12],[76,26261],[13537,-31],[61,40678],[-460,-10],[-386,-262],[-432,-143],[-441,148],[-236,-71],[-105,-119],[-248,38],[-350,-212],[-1194,-16],[-355,-243],[-313,92],[-413,-44],[-422,-364],[-792,-168],[-283,-221],[-282,-21],[-380,-614],[-1072,-207],[-327,160],[-420,43],[-543,216],[-677,568],[-468,47],[-291,179],[-630,203],[-769,-44],[-232,261],[-454,191],[-363,41],[-218,131],[-381,-43],[-583,346],[-553,-56],[-244,392],[-301,62],[-319,330],[-450,-61],[-217,46],[-495,-440],[-341,-167],[26,-131],[-54,94],[-683,-8],[-192,87],[-194,-194],[-577,358],[-238,-170],[-177,-9],[-205,129],[-129,233],[-92,-73],[-319,-16],[-287,261],[-298,87],[-134,134],[-135,-28],[-90,127],[-310,-17],[-88,154],[-871,431],[-330,350],[-391,185],[-152,384],[-144,-65],[-107,104],[-507,14],[-713,-198],[-286,157],[-122,-59],[-192,202],[-54,199],[-222,163],[-68,409],[-215,148],[-46,198],[-142,58],[-174,-63],[-215,160],[-546,6],[-247,286],[-192,-85],[-531,80],[-58,-98],[73,-195],[-102,60],[-75,-85],[-243,9],[-6,213],[-306,-281],[-52,53],[70,172],[-96,11],[-217,-160],[-18,135],[-323,135],[2,201],[-249,87],[-175,-36],[-97,261],[-299,31],[-54,165],[-248,-205],[-85,16],[-87,180],[-154,-122],[-621,308],[-472,-46],[-246,-196],[-13,-92],[-109,70],[-97,-125],[-492,0],[-161,71],[-232,-138],[-107,104],[120,214],[-193,-82],[-57,47],[-107,-100],[-226,-29],[124,-229],[-241,15],[-252,-334],[-279,14],[-225,108],[-119,157]],[[2532022,4262572],[15,-61]],[[2393586,3476483],[-505,197],[-462,-116],[-453,328],[-533,178],[-893,-57],[-400,132],[-219,226],[-336,943],[-124,93],[-308,42],[-177,177],[-6,453],[-558,812],[-721,286],[-110,796],[-245,618],[83,274],[-83,574],[-149,140],[-237,61],[-159,219],[-312,712],[139,467],[-430,323],[228,283],[28,237],[-467,666],[-202,33],[-278,-212],[-133,-12],[-311,368],[-29,223],[72,169],[372,-32],[107,71],[177,614],[-47,413],[-244,400],[118,398],[-332,262],[-188,546],[68,396],[-476,261],[68,416],[-244,121],[-436,51],[-10,350],[-463,200],[-261,309],[-487,288],[-126,1113],[313,636],[64,371],[-27,348],[-196,219],[101,326],[-2,363],[170,241],[269,790],[204,289],[-21,352],[435,599],[471,-217],[207,110],[-96,278],[-393,183],[-448,51],[-20,375],[224,261],[314,-33],[428,117],[106,250],[10,371],[189,27],[166,342],[167,-11],[1,-274],[89,-79],[296,58],[-119,-243],[89,-220],[184,67],[83,241],[326,-213],[235,271],[54,-225],[152,-80],[19,-242],[317,269],[78,-26],[44,-172],[251,57],[6,-175],[265,-33],[143,-181],[5,-392],[81,-111],[148,68],[283,-36],[293,129],[94,-242],[96,-46],[90,96],[344,-49],[397,84],[86,-108],[9,-326],[145,-224],[-136,-259],[132,-289],[-185,-91],[0,-144],[127,-161],[64,-301],[384,-157],[202,12],[80,-120],[-4,-222],[177,-38],[13,-127],[-173,-64],[123,-246],[-209,-297],[345,-393],[48,-273],[227,-153],[11,-338],[564,-315],[153,276],[114,-9],[278,-445],[88,-29],[176,108],[536,-265],[123,45],[77,293],[210,-204],[-176,-188],[57,-145],[719,177],[399,-161],[202,145],[438,-260],[108,65],[431,-66],[84,260],[245,18],[228,288],[191,113],[98,647],[259,359],[324,-115],[319,79],[210,-62],[313,-206],[143,3],[121,-165],[371,-194],[259,193],[348,-158],[98,97],[42,295],[198,190],[493,110],[426,-298],[198,-8],[139,143],[169,462],[432,-32],[175,140],[152,6],[327,286],[59,-352],[881,-538],[-86,-327],[-167,-250],[-288,-133],[156,-346],[235,-139],[392,36],[196,-302],[614,-163],[312,-168],[325,-16],[85,-137],[332,-127],[169,-374],[590,-368],[685,75],[296,-123],[143,238],[564,95],[334,-240],[320,-22],[199,-258],[177,-92],[97,17],[175,255],[97,-342],[225,-22],[8,-116],[370,-302],[72,-242],[331,-30],[224,-131],[-92,305],[123,107],[53,-209],[215,-190],[139,-3],[240,189],[118,-15],[35,-102],[-127,-182],[43,-76],[183,80],[154,-57],[7,197],[335,150],[158,-101],[695,110],[18,230],[258,-10],[24,-182],[93,112],[163,-52],[48,130],[359,-41],[113,264],[202,166],[148,-41],[179,-222],[213,74],[64,-120],[213,4],[114,-95],[134,-355],[175,116],[122,-175],[409,59],[510,239],[334,-23],[400,269],[370,-108],[159,-194],[401,-21],[-124,-312],[113,-302],[231,-213],[199,17],[461,233],[223,-24],[158,-172],[331,-47],[638,-11],[301,105],[171,176],[260,35],[425,380],[554,279],[136,299],[-236,327],[-58,375],[101,111],[-64,84],[155,32],[65,250],[193,-64],[68,113],[159,-21],[58,474],[165,184],[93,673],[390,113],[78,175],[-8,271],[-232,268],[89,218],[-126,78],[769,461],[216,238],[-12,1008],[65,75],[194,-117],[67,55],[-602,955],[139,799],[121,112],[718,-407],[1182,-364],[495,-231],[1076,-221],[432,-446],[369,-31],[135,112],[227,-29],[146,107],[183,-70],[161,104],[210,-46],[337,386],[215,33],[237,-86],[639,-482],[174,-43],[292,171],[86,166],[240,-22],[148,190],[533,-66],[103,126],[292,46],[95,142],[191,-100],[17,150],[209,114],[274,-92],[217,73],[150,155],[286,-79],[157,93],[241,-157],[-9,272],[120,102],[31,149],[255,48],[107,290],[204,9],[36,253],[217,41],[57,196],[359,264],[268,-11],[485,159],[111,268],[363,310],[184,-162],[144,64],[304,-116],[251,-260],[253,-73],[181,468],[106,42],[211,-103],[187,172],[35,210],[-219,195],[0,107],[301,34],[40,166],[-315,217],[3,123],[44,61],[220,-5],[-131,403],[214,325],[-90,54],[-438,-161],[11,229],[119,53],[-7,239],[102,99],[-186,276],[69,55],[469,-52],[120,306],[-221,180],[318,275],[42,221],[109,70],[-152,194],[183,373],[127,35],[355,-102],[-124,216],[37,83],[349,-89],[112,139],[236,67],[28,249],[-206,129],[-36,255],[67,221],[87,11],[159,-169],[102,167],[334,42],[101,169],[27,553],[-72,69],[-350,33],[-189,403],[-84,424],[199,114],[-122,285],[25,118],[258,66],[134,153],[0,319],[88,147],[-257,114],[26,171],[506,691],[88,318],[152,119],[-222,304],[183,182],[387,-87],[167,90],[58,-183],[279,-149],[259,24],[173,104],[63,-87],[160,68],[-102,171],[-12,280],[109,33],[152,415],[-234,-29],[-215,219],[77,154],[-144,447],[311,327],[447,-113],[89,198],[187,108],[-11,243],[239,157],[92,392],[-278,603],[100,122],[-15,522],[208,298],[275,679],[-53,330],[119,108],[-73,121],[17,415],[199,210],[220,35],[11,333],[261,97],[120,265],[321,71],[49,184],[-136,200],[82,219],[-91,108],[95,159],[-24,175],[196,159],[12,181],[146,213],[137,93],[325,-440],[51,29],[-261,490],[530,234],[329,-20],[137,87],[-224,696],[-151,53],[-224,-145],[-297,254],[159,186],[-80,232],[147,382],[-169,276],[361,667],[-313,290],[-388,-138],[-152,75],[-35,544],[121,150],[20,215],[146,106],[562,121],[497,2],[235,151],[119,393],[-79,622],[139,113],[4,338],[-199,151],[-27,148],[491,228],[331,412],[-2,208],[-207,805],[-170,91],[-270,-36],[-177,299],[-119,34],[-9,131],[113,92],[45,-84],[202,103],[19,214],[190,1],[283,-152],[167,253],[360,-81],[282,401],[179,408],[-238,76],[175,643],[91,84],[163,-91],[96,193],[-100,344],[31,739],[259,162],[132,715],[351,341],[108,210],[9,242],[-145,55],[40,154],[-206,218],[365,161],[21,181],[157,135],[245,77],[243,-83],[503,347],[515,53],[359,358],[247,-45],[209,119],[349,-143],[224,375],[569,119],[331,-100],[459,50],[284,-165],[680,-61],[504,65],[269,-203],[235,-457],[461,371],[239,-7],[84,-203],[225,-137],[402,468],[142,-30],[146,-153],[-165,-321],[285,-11],[74,-175],[-14,-289],[284,-414],[221,-273],[509,-347],[-29,-181],[-298,-157],[-5,-126],[338,-379],[85,-350],[227,-433],[-141,-296],[103,-79],[222,44],[129,-205],[-61,-50],[-213,56],[-48,-237],[-155,-132],[332,-720],[-101,-566],[441,-843],[121,-642],[403,-157],[331,244],[167,-35],[31533,19233]]]}
