{"type":"Topology","bbox":[-76.51452847531147,7.347086953132353,-74.78094371743542,9.447747593689988],"transform":{"scale":[0.000003385120954067422,0.0000034456095261769775],"translate":[-81.73562055563167,-4.229406466336059]},"objects":{"MGN_ADM_MPIO_GRAFICO":{"type":"GeometryCollection","geometries":[{"type":"Polygon","arcs":[[48,49,50,51,52,53,-4,-3,54,55,56]],"bbox":[-76.26547158623691,8.269400819880355,-75.64525311015363,8.952299954311474],"properties":{"dpto_ccdgo":"23","mpio_ccdgo":"001","mpio_cdpmp":"23001","dpto_cnmbr":"CÓRDOBA","mpio_cnmbr":"MONTERÍA"}},{"type":"Polygon","arcs":[[40,41,42,-23,-22,-21,57,58,59,39]],"bbox":[-75.33996597691106,8.04013685322759,-74.78094371743542,8.522801281263988],"properties":{"dpto_ccdgo":"23","mpio_ccdgo":"068","mpio_cdpmp":"23068","dpto_cnmbr":"CÓRDOBA","mpio_cnmbr":"AYAPEL"}},{"type":"Polygon","arcs":[[60,-59,61,62,63]],"bbox":[-75.58749279131439,8.003799455164527,-75.23967161328396,8.375856371801119],"properties":{"dpto_ccdgo":"23","mpio_ccdgo":"079","mpio_cdpmp":"23079","dpto_cnmbr":"CÓRDOBA","mpio_cnmbr":"BUENAVISTA"}},{"type":"Polygon","arcs":[[-55,-2,64]],"bbox":[-76.36434081394236,8.611308653162896,-76.11608958365487,8.82977407956062],"properties":{"dpto_ccdgo":"23","mpio_ccdgo":"090","mpio_cdpmp":"23090","dpto_cnmbr":"CÓRDOBA","mpio_cnmbr":"CANALETE"}},{"type":"Polygon","arcs":[[65,66,-50,67]],"bbox":[-76.05164365093134,8.785908024682861,-75.70520360225017,8.978135134538748],"properties":{"dpto_ccdgo":"23","mpio_ccdgo":"162","mpio_cdpmp":"23162","dpto_cnmbr":"CÓRDOBA","mpio_cnmbr":"CERETÉ"}},{"type":"Polygon","arcs":[[68,69,70,71,72,73,74]],"bbox":[-75.74840790098693,8.983293211999436,-75.56116332053365,9.239308891013438],"properties":{"dpto_ccdgo":"23","mpio_ccdgo":"168","mpio_cdpmp":"23168","dpto_cnmbr":"CÓRDOBA","mpio_cnmbr":"CHIMÁ"}},{"type":"Polygon","arcs":[[31,32,33,34,35,75,76,77]],"bbox":[-75.59163956448312,8.882264495082401,-75.1561099025328,9.161269280855056],"properties":{"dpto_ccdgo":"23","mpio_ccdgo":"182","mpio_cdpmp":"23182","dpto_cnmbr":"CÓRDOBA","mpio_cnmbr":"CHINÚ"}},{"type":"Polygon","arcs":[[78,-77,79,80,81,-66,82,-75]],"bbox":[-75.74470457866317,8.578788990454838,-75.49818653030418,9.042978060211873],"properties":{"dpto_ccdgo":"23","mpio_ccdgo":"189","mpio_cdpmp":"23189","dpto_cnmbr":"CÓRDOBA","mpio_cnmbr":"CIÉNAGA DE ORO"}},{"type":"Polygon","arcs":[[-70,83,84]],"bbox":[-75.8449549357179,9.000118123315758,-75.72410611765768,9.11545301098548],"properties":{"dpto_ccdgo":"23","mpio_ccdgo":"300","mpio_cdpmp":"23300","dpto_cnmbr":"CÓRDOBA","mpio_cnmbr":"COTORRA"}},{"type":"Polygon","arcs":[[-20,85,-62,-58]],"bbox":[-75.39243196657816,7.943515070894536,-75.16841820232179,8.141734095716444],"properties":{"dpto_ccdgo":"23","mpio_ccdgo":"350","mpio_cdpmp":"23350","dpto_cnmbr":"CÓRDOBA","mpio_cnmbr":"LA APARTADA"}},{"type":"Polygon","arcs":[[86,87,88,-71,-85,89,90,91,92]],"bbox":[-76.15437191652443,9.023982414894059,-75.68709320514591,9.343896922571014],"properties":{"dpto_ccdgo":"23","mpio_ccdgo":"417","mpio_cdpmp":"23417","dpto_cnmbr":"CÓRDOBA","mpio_cnmbr":"LORICA"}},{"type":"Polygon","arcs":[[-56,-65,-1,43,93]],"bbox":[-76.41975524396044,8.70948095978273,-76.11295834677236,8.936615539748317],"properties":{"dpto_ccdgo":"23","mpio_ccdgo":"419","mpio_cdpmp":"23419","dpto_cnmbr":"CÓRDOBA","mpio_cnmbr":"LOS CÓRDOBAS"}},{"type":"Polygon","arcs":[[94,-72,-89,95,26]],"bbox":[-75.7097261238448,9.16167930838867,-75.58420922398894,9.353206959510743],"properties":{"dpto_ccdgo":"23","mpio_ccdgo":"464","mpio_cdpmp":"23464","dpto_cnmbr":"CÓRDOBA","mpio_cnmbr":"MOMIL"}},{"type":"Polygon","arcs":[[-13,96,97,-63,-86,-19,-18,98,99]],"bbox":[-76.05759130844763,7.357199817091683,-75.32857843002158,8.17222774002311],"properties":{"dpto_ccdgo":"23","mpio_ccdgo":"466","mpio_cdpmp":"23466","dpto_cnmbr":"CÓRDOBA","mpio_cnmbr":"MONTELÍBANO"}},{"type":"Polygon","arcs":[[-92,100,45,101]],"bbox":[-76.19332111822192,9.08421511502116,-76.03892575150691,9.313396387045294],"properties":{"dpto_ccdgo":"23","mpio_ccdgo":"500","mpio_cdpmp":"23500","dpto_cnmbr":"CÓRDOBA","mpio_cnmbr":"MOÑITOS"}},{"type":"Polygon","arcs":[[-64,-98,102,-52,103,104]],"bbox":[-75.80098221452455,8.041766626533471,-75.35400068838663,8.56142656405243],"properties":{"dpto_ccdgo":"23","mpio_ccdgo":"555","mpio_cdpmp":"23555","dpto_cnmbr":"CÓRDOBA","mpio_cnmbr":"PLANETA RICA"}},{"type":"Polygon","arcs":[[105,38,-60,-61,-105,106,-81]],"bbox":[-75.64581842535296,8.30372598198013,-75.18514069983488,8.640120840020787],"properties":{"dpto_ccdgo":"23","mpio_ccdgo":"570","mpio_cdpmp":"23570","dpto_cnmbr":"CÓRDOBA","mpio_cnmbr":"PUEBLO NUEVO"}},{"type":"Polygon","arcs":[[-91,107,-57,-94,44,-101]],"bbox":[-76.32457241297398,8.877164992983658,-76.0654210932144,9.111094314934865],"properties":{"dpto_ccdgo":"23","mpio_ccdgo":"574","mpio_cdpmp":"23574","dpto_cnmbr":"CÓRDOBA","mpio_cnmbr":"PUERTO ESCONDIDO"}},{"type":"Polygon","arcs":[[108,-14,-100]],"bbox":[-75.99711612260322,7.347086953132353,-75.50991597441002,8.034272425814038],"properties":{"dpto_ccdgo":"23","mpio_ccdgo":"580","mpio_cdpmp":"23580","dpto_cnmbr":"CÓRDOBA","mpio_cnmbr":"PUERTO LIBERTADOR"}},{"type":"Polygon","arcs":[[24,25,-96,-88,109]],"bbox":[-75.78153469464344,9.206392983209868,-75.62813455348892,9.375207176335383],"properties":{"dpto_ccdgo":"23","mpio_ccdgo":"586","mpio_cdpmp":"23586","dpto_cnmbr":"CÓRDOBA","mpio_cnmbr":"PURÍSIMA DE LA CONCEPCIÓN"}},{"type":"Polygon","arcs":[[36,37,-106,-80,-76]],"bbox":[-75.5705333353345,8.579919150379423,-75.25163801585659,9.01176083790471],"properties":{"dpto_ccdgo":"23","mpio_ccdgo":"660","mpio_cdpmp":"23660","dpto_cnmbr":"CÓRDOBA","mpio_cnmbr":"SAHAGÚN"}},{"type":"Polygon","arcs":[[30,-78,-79,-74,110,29]],"bbox":[-75.59574910132136,9.019630610062498,-75.44759589764564,9.248825664524738],"properties":{"dpto_ccdgo":"23","mpio_ccdgo":"670","mpio_cdpmp":"23670","dpto_cnmbr":"CÓRDOBA","mpio_cnmbr":"SAN ANDRÉS DE SOTAVENTO"}},{"type":"Polygon","arcs":[[23,-110,-87,111,47]],"bbox":[-75.87476769596036,9.283736580243964,-75.70000067134377,9.432828104441642],"properties":{"dpto_ccdgo":"23","mpio_ccdgo":"672","mpio_cdpmp":"23672","dpto_cnmbr":"CÓRDOBA","mpio_cnmbr":"SAN ANTERO"}},{"type":"Polygon","arcs":[[-112,-93,-102,46]],"bbox":[-76.09962097021334,9.199005596385746,-75.85564176256987,9.447747593689988],"properties":{"dpto_ccdgo":"23","mpio_ccdgo":"675","mpio_cdpmp":"23675","dpto_cnmbr":"CÓRDOBA","mpio_cnmbr":"SAN BERNARDO DEL VIENTO"}},{"type":"Polygon","arcs":[[-107,-104,-51,-67,-82]],"bbox":[-75.80099236988741,8.507902465672798,-75.59311547721909,8.861890605954116],"properties":{"dpto_ccdgo":"23","mpio_ccdgo":"678","mpio_cdpmp":"23678","dpto_cnmbr":"CÓRDOBA","mpio_cnmbr":"SAN CARLOS"}},{"type":"Polygon","arcs":[[-99,-17,-16,-15,-109]],"bbox":[-75.69514979301658,7.582677058875177,-75.43945129663015,7.948697267621906],"properties":{"dpto_ccdgo":"23","mpio_ccdgo":"682","mpio_cdpmp":"23682","dpto_cnmbr":"CÓRDOBA","mpio_cnmbr":"SAN JOSÉ DE URÉ"}},{"type":"Polygon","arcs":[[-84,-69,-83,-68,-49,-108,-90]],"bbox":[-76.1109509700466,8.904285385564197,-75.6990765333233,9.073103024299238],"properties":{"dpto_ccdgo":"23","mpio_ccdgo":"686","mpio_cdpmp":"23686","dpto_cnmbr":"CÓRDOBA","mpio_cnmbr":"SAN PELAYO"}},{"type":"Polygon","arcs":[[-53,-103,-97,-12,-11,-10,-9,-8,112]],"bbox":[-76.51452847531147,7.3646319968396465,-75.75198597383537,8.335952767878462],"properties":{"dpto_ccdgo":"23","mpio_ccdgo":"807","mpio_cdpmp":"23807","dpto_cnmbr":"CÓRDOBA","mpio_cnmbr":"TIERRALTA"}},{"type":"Polygon","arcs":[[28,-111,-73,-95,27]],"bbox":[-75.60123976750884,9.152731060449188,-75.47772008901589,9.285459385007051],"properties":{"dpto_ccdgo":"23","mpio_ccdgo":"815","mpio_cdpmp":"23815","dpto_cnmbr":"CÓRDOBA","mpio_cnmbr":"TUCHÍN"}},{"type":"Polygon","arcs":[[-113,-7,-6,-5,-54]],"bbox":[-76.42957886496914,8.007117577138237,-76.04530331938437,8.400292634560765],"properties":{"dpto_ccdgo":"23","mpio_ccdgo":"855","mpio_cdpmp":"23855","dpto_cnmbr":"CÓRDOBA","mpio_cnmbr":"VALENCIA"}}]}},"arcs":[[[1572179,3802921],[9582,-23150],[-530,-508],[-352,-506],[-247,-655],[-503,-659],[-810,-712],[-713,-311],[-1174,-367],[-1120,-516],[-657,-661],[-98,-302],[-1058,-1317],[-506,-458],[-98,-252],[-860,-814],[-508,-307],[-860,-814],[-704,-962],[-404,-406],[-197,-554],[56,-300],[417,-445],[310,-490],[323,-754],[466,-344],[516,-193],[563,7],[260,-246],[258,-97],[615,8],[255,104],[1281,18],[617,-142],[1351,-1234],[515,-193],[1037,-787],[937,-990],[1141,-936],[362,-195],[1089,-887],[1601,-830],[1352,-1334],[95,-1791],[244,-379],[950,-1079]],[[1586973,3755181],[304,-608],[383,-1698],[473,-795],[780,-791],[210,-348],[162,-549],[43,-3006],[473,-846],[162,-549],[572,-593],[106,-249],[61,-701],[487,-1797],[38,-1244],[-95,-279],[-52,-1026],[-317,-445],[0,-114],[44,-128],[800,-836],[316,-756],[285,-1471],[274,-538],[-274,-560],[52,-290],[138,-72],[274,41],[495,207],[707,135],[242,155],[306,218],[380,590],[1233,839],[570,674],[1275,994],[1160,487],[1265,383],[781,52],[516,135],[137,-83],[148,-549],[137,-114],[1265,-114],[1065,-342],[232,-10],[303,-99],[625,-461],[559,-290],[232,93],[53,767],[326,207],[264,31],[274,-83],[914,-547],[736,-58],[-5,-69],[152,-31],[84,-286],[746,-203],[460,63],[905,-35],[-257,-1042],[-28,-276],[63,-48],[415,-21],[1291,-358],[667,-453],[303,-317],[587,0],[998,-354],[513,-50],[-151,-649],[-229,-363],[-88,-815],[-305,-870],[-42,-438],[-290,-487],[172,-778],[193,-345],[806,-798],[317,-602],[723,-237],[1590,-40],[1399,-1022],[333,-537]],[[1620194,3726689],[104,-291],[-164,-939],[-456,-388],[-379,-873],[-212,-2390]],[[1619087,3721808],[-32,-494],[-348,-490],[-1203,-294],[-121,-530],[-313,-423],[-439,-228],[-464,-390],[-228,-66],[9,-74],[683,-423],[455,-419],[707,-345],[704,-497],[435,-440],[463,-310],[986,-524],[602,-166],[653,-21],[327,-111],[300,-257],[445,6],[589,210],[446,-52],[447,-168],[739,97],[623,-21],[1567,253],[561,181],[474,6],[387,-169],[214,-432],[-140,-639],[-8,-1536],[-56,-262],[-319,-468],[-236,-148],[-737,-232],[-889,-41],[-531,-181],[-267,26],[-239,141],[-534,51],[-324,-120],[-175,-205],[-18,-870],[281,-1068],[665,-890],[689,-571],[775,-337],[42,-869],[243,-489],[989,-741],[424,-719],[391,-406],[478,-313],[303,-489],[210,-171],[565,-137],[210,-172],[122,-259],[130,-810],[239,-141],[151,-259],[747,-454],[391,-401],[80,-3708],[156,-549],[11,-869],[-144,-263],[63,-289],[211,-273],[7,-492],[-162,-1162],[22,-1622],[-131,-1248],[-20,-2916],[-111,-581],[-438,-498],[-289,-482],[-93,-1914],[-195,-901],[-516,-1282],[-463,-847],[12,-840],[-289,-583],[-306,-1424],[33,-290],[723,-889],[1020,-943],[93,-260],[37,-550],[-260,-496],[33,-260],[362,-529],[1077,-739],[623,-50],[239,-142],[151,-230],[63,-289],[391,-430],[562,65],[470,296],[327,-82],[508,-313],[944,-1929],[1181,-1898],[308,-866],[663,-832],[1170,-1115],[477,-169]],[[1640927,3665354],[134,-1134],[-317,-457],[-687,-506],[-830,-191],[-1433,-19],[-229,-138],[-600,-53],[-277,-94],[-639,-596],[-733,-462],[-1725,-34],[-1993,-343],[-1638,-501],[-191,-371],[-354,-287],[-304,-55],[-433,55],[-1079,-252],[-225,-129],[-444,-525],[-715,-362],[-115,-119],[-59,-254],[-655,-450],[-399,-669],[-709,-715],[-264,-80],[-984,121],[-416,-83],[-293,-406],[-1335,-795],[-286,-364],[-240,-642],[-528,-365],[-670,-286],[-907,-625],[-367,-54],[-881,-340],[-793,-510],[-1185,-998],[-76,-91],[-63,-522],[-456,-493],[-247,-531],[-409,-418],[-1447,-1152],[-1198,-1438],[-835,-1322],[-409,-460],[-278,-194],[-434,-112],[-347,-576],[-124,-658],[-278,-607],[-897,-1529],[-340,-445],[-907,-405],[-41,-142],[-1010,-91],[-398,-260],[-209,-236],[-62,-951],[515,-1205],[444,-615],[189,-794],[-838,-1149],[-147,-310],[12,-580],[-124,-326],[-56,-685],[112,-1121],[-455,-6],[-681,-155],[-528,-292],[-529,-553],[6,-376],[-101,-298],[-760,-1044],[45,-807],[-202,-320],[-180,-199],[-495,-238],[-321,-279],[-657,-58],[-287,-143],[-501,-564],[-511,-408],[-225,-796],[50,-740],[-118,-216],[56,-806],[130,-161],[79,-475],[-209,-458],[-337,-72],[-197,-210],[-73,-398],[-416,-983],[-141,-580],[231,-437],[11,-243],[-320,-353],[-225,-83],[-489,-437],[-383,-210],[-365,-370],[33,-1497],[220,-519],[-146,-249],[-372,-215],[-433,-884],[-290,-861],[-616,-612],[-896,-1908],[-154,-845],[-342,-251],[-663,-113],[-329,-186],[-965,-1338],[-169,-315],[-117,-1171],[-457,-1471],[-99,-926],[12,-898],[192,-1848],[1010,-2744],[507,-484],[756,-453],[563,-482],[649,-699],[427,-757],[508,-565],[1630,-1340],[399,-730],[7,-489],[-219,-275],[-388,-141],[-437,-550],[-193,-112],[-1034,368],[-560,292],[-422,376],[-868,506],[-394,321],[-615,319],[-222,-30],[-331,-195],[-273,-411],[7,-545],[-487,-1013],[-384,-358],[-916,-67],[-447,131],[-812,425],[-1631,1421],[-306,-31],[-877,-909],[-265,-983],[100,-1256],[-63,-1525],[-357,-2400],[-44,-817],[-183,-873],[10,-762],[-159,-557],[-141,-1934],[-741,-744],[-1881,-677],[-1277,-98],[-1276,-207],[-1411,-508],[-635,-308],[-704,-185]],[[1575702,3578918],[14,-320],[-220,-137],[-379,-6],[-608,-186],[-649,13],[-181,-69],[206,-1092],[11,-1307],[451,-859],[-209,-642],[-337,-267],[56,-677],[-51,-204],[-234,-89],[-35,-164],[216,-335],[21,-193],[-153,-1657],[-224,-104],[-502,-59],[-256,-149],[-279,-364],[-371,-172],[-350,80],[-605,320],[-372,693],[-1149,-189],[-526,117],[-166,-66],[29,-376]],[[1568850,3570458],[102,-38],[316,-479],[42,-266],[14,-1064],[-381,-538],[-35,-266],[4,-305],[278,-490],[4,-267],[-74,-267],[-269,-231],[-1126,-53],[-191,-192],[-71,-534],[81,-265],[8,-532],[360,-794],[85,-532],[-452,-1070],[4,-304],[552,-602],[84,-531],[-31,-533],[-457,-690],[198,-264],[782,-408],[197,-188],[278,-491],[394,-413],[7,-533],[-35,-266],[-1109,-1307],[-187,-535],[-192,-193],[160,-363],[469,-184],[392,-261],[389,-71],[160,-341],[1208,-326],[433,-451],[1214,-745],[311,-937]],[[1572766,3551338],[-740,-1860],[-541,-3088],[-281,-2247],[68,-2205],[-72,-3386],[51,-912],[370,-1566],[-112,-305],[-384,-310],[-502,-234],[-698,-47],[-502,-273],[91,-949],[163,-607],[130,-1063],[163,-530],[137,-1558],[417,-2162],[5,-430],[-109,-534],[-189,-420],[-461,-348],[-228,-422],[437,-755],[91,-949],[-110,-496],[-651,-693],[-654,-503],[-387,-81],[-1013,292],[-700,105],[-1040,-659],[-591,-506],[-487,-1150],[-311,-479],[-341,-437],[-445,-383],[-574,-810],[-152,-867],[-353,-419],[-268,-479],[-92,-934],[214,-952],[-135,-371],[-414,-276],[-1085,-102],[-286,-96],[-299,-185],[-238,-288],[-414,36],[-920,-221],[-348,-162],[-274,-215],[-274,-408],[-258,-883]],[[1557170,3511556],[-44,-518],[70,-401],[-180,-588],[-44,-561],[29,-182],[356,-453],[46,-914],[-99,-349],[-485,-696],[-42,-166],[-47,-925],[216,-432],[-905,-1381],[-652,-730],[-934,-768],[-129,-690],[-287,-287],[-444,-1089],[-129,-541],[-866,-1144],[-169,-326],[-242,-884],[11,-304],[551,-1591],[68,-657],[-129,-442],[-456,-740],[-708,-1602],[286,-592],[23,-850],[-214,-1614],[371,-986],[23,-1964],[427,-1348],[-213,-1259],[-507,-1890],[-19,-986],[-171,-1658],[-578,-102],[-721,-245],[-1147,-914],[-332,-477],[-526,-385],[-576,-291],[-89,-569],[152,-566],[64,-1182],[153,-661],[247,-423],[252,-754],[441,-562],[447,-931],[13,-994],[160,-1133],[-126,-917]],[[1549366,3467942],[-143,-743],[197,-281],[584,-324],[198,-376],[55,-520],[-420,-1165],[-33,-1136],[395,-705],[55,-472],[-89,-569],[264,-1747],[493,-799],[-702,-1759],[-204,-2894],[-539,-3130],[-236,-428],[-184,-712],[-284,-383],[-336,-146],[-331,-572],[-138,-522],[10,-804],[250,-659],[392,-469],[346,-611],[-34,-1088],[-427,-573],[-1479,-1391],[-615,-1001],[-478,-945],[-116,-483],[100,-980],[-375,-900],[-276,-365],[-486,-225],[-1073,-298],[-365,-695],[-200,-559],[6,-406],[1050,-1125],[15,-1178],[-610,-901],[-682,-1715],[-365,-654],[-191,-1222],[1217,-1244],[384,-808],[778,-2518],[93,-811],[429,-1132],[771,-2489]],[[1546037,3420310],[154,-293],[579,-470],[1850,-812],[320,-293],[57,-646],[-169,-674],[-56,-161],[-433,-491],[-17,-172],[753,-243],[546,-602],[416,-320],[444,16],[422,271],[292,55],[1277,-337],[433,-950],[473,-351],[280,-317],[57,-172],[-186,-431],[6,-248],[303,-459],[203,-1138],[197,-630],[562,-265],[416,-685],[146,-99],[1288,38],[1085,-403],[96,-149],[118,-768],[17,-790],[169,-575],[643,-774],[560,-380],[388,27],[124,-66],[460,-492],[57,-320],[382,-392],[-196,-1078],[62,-712],[-203,-785],[369,-588],[76,-261],[-48,-154],[-917,-770],[-157,-522],[289,-344],[181,-95],[1485,-284],[579,-190],[627,-332],[166,-176],[29,-367],[228,-691],[229,-173],[386,-915],[264,-310],[527,-225],[271,-549],[-340,-548],[66,-366],[164,-215],[55,-247],[-87,-635],[273,-301],[-44,-763],[241,-291],[635,-53],[164,-119],[416,-408],[362,-624],[1226,-731],[119,-253],[68,-539],[375,-597],[560,-657],[158,-448],[-349,-1476],[10,-781],[189,-448],[594,-955],[247,-147],[466,-535],[541,-1646],[282,-537],[529,-714],[494,-325],[1565,-192],[308,-146],[460,-25],[554,-264],[346,-777],[434,-385],[250,-388],[464,-355],[343,-536],[277,-147],[651,-623],[1120,-1369],[588,-564],[1174,-797],[889,-169]],[[1581833,3372732],[96269,-7859]],[[1678102,3364873],[26275,-2157]],[[1704377,3362716],[35627,-2935],[-161,498],[-37,723],[162,866],[745,604],[463,586],[215,422],[175,617],[267,354],[130,380],[869,1185],[411,328],[236,476],[-130,443],[5,333],[-315,567],[-98,1338],[170,1555],[-220,1010],[479,1242],[-13,356],[111,552],[196,323],[295,1200],[601,1005],[66,458],[204,292],[194,166],[456,26],[731,360],[673,211],[721,637],[623,836],[-43,224],[-777,1189],[-242,585],[-446,366],[-785,100],[-279,109],[-202,140],[-124,251],[-74,398],[74,1442],[363,514],[297,186],[221,545],[255,98],[-442,1184],[11,321],[252,255],[771,251],[2078,251],[979,685],[686,2],[592,-318],[684,-51],[721,23],[384,168],[503,359],[197,300],[755,491],[281,589],[198,222],[989,393],[321,670],[347,284],[281,548],[203,1385],[-100,558],[42,246],[-184,517],[-92,1209],[215,861],[437,891],[958,866],[373,638],[-408,1866],[921,1044],[240,569],[1028,1153],[105,253],[-147,232],[-387,236],[-1318,532],[-173,295],[-687,643],[-871,1210],[590,320],[1494,1628],[150,-8],[347,386],[34,437],[438,414],[356,136],[547,-156],[525,4],[331,55],[346,226],[495,469],[206,599],[-82,143],[271,240],[-148,323],[-205,200],[21,138],[-173,243],[-43,376],[-519,42],[-546,382],[-115,285],[-12,581],[-77,195],[107,122],[-94,366],[-261,213],[-205,583],[-347,172],[-224,373],[240,197],[110,217],[291,115],[284,593],[5,512],[-219,351],[373,569],[28,165],[-232,1425],[-215,394],[125,595],[-44,662],[646,122],[381,188],[261,4],[422,245],[431,460],[114,428],[231,264],[4,265],[93,199],[371,176],[363,483],[31,330],[149,254],[337,190],[24,700],[-392,1770],[33,265],[293,348],[10,222],[-433,612],[24,605],[-427,375],[-180,650],[-326,558],[-35,409],[122,635],[385,143],[618,55],[189,162],[171,418],[892,506],[369,357],[215,-21],[177,76],[546,647],[317,171],[3,742],[118,131],[1063,-43],[497,-247],[742,-43],[336,-106],[425,-395],[259,-90],[426,-421],[281,-929],[155,-276],[179,-127],[487,-140],[297,-406],[556,-308],[329,-577],[390,-231],[532,-834],[1312,-1376],[435,-313],[340,-363],[1012,-511],[549,-479],[201,-330],[676,-652],[291,-185],[1630,238],[723,-26],[1993,-297],[589,538],[278,138],[2016,576],[342,-67],[639,-429],[380,-45],[223,240],[410,228],[705,2294],[301,645],[244,175],[982,334],[245,158]],[[1791179,3432452],[286,141],[232,-53],[783,-971],[732,-250],[1154,-173],[744,-250],[778,0],[574,176],[278,-10],[732,-417],[72,-830],[284,-117],[178,-248],[368,-42],[442,-334],[1760,168],[626,-377],[305,10],[815,-193],[402,-398],[932,87],[775,-154],[2369,-62],[354,200],[928,80],[1206,651],[509,-71],[373,127],[320,-246],[313,15],[193,68],[470,527],[223,480],[331,202]],[[1812020,3430188],[148,412],[-6,608],[-286,942],[-5,439],[-246,470],[133,441],[342,307],[721,176],[657,-196],[618,108],[685,412],[784,751],[304,577],[581,479],[824,211],[685,412],[1639,1334],[913,1562],[612,783],[752,6],[581,314],[666,14],[291,-34],[850,-377],[667,-188],[291,1],[532,85],[664,881],[130,867],[217,358],[35,320],[-255,296],[-391,736],[-306,973],[-122,142],[-509,224],[-280,213],[-85,118],[48,238],[144,155],[194,48],[1321,40],[1089,372],[145,167],[-50,546],[-195,332],[-487,485],[-294,1056],[118,785],[144,392],[242,310],[119,380],[-86,404],[83,475],[-49,155],[-218,201],[-245,617],[119,511],[458,761],[1159,1258],[840,426],[480,118],[253,191],[157,357],[-63,665],[71,297],[302,370],[739,216],[181,167],[457,1106],[58,558],[-97,202],[-862,413],[-146,142],[-111,403],[-1,452],[143,511],[338,643],[616,619],[-50,297],[-207,380],[-14,522],[-658,853],[-61,178],[-14,689],[-99,392],[23,309],[532,595],[94,678],[590,1083],[399,345],[496,216],[2085,31],[1054,157],[400,-69],[1323,-459],[401,-177],[1024,-721],[1187,-424],[728,-141],[1019,106],[1120,757],[476,613],[643,532],[974,1124],[227,490],[641,1000],[134,427]],[[1846432,3472692],[461,2000],[1015,1063],[350,1000],[-23,713],[123,713],[-211,856],[-147,244],[98,1997],[226,632],[20,367],[351,715],[82,489],[413,674],[394,449],[1370,616],[332,286],[996,574],[1224,1003],[1284,1593],[764,1836],[143,735],[-3,917],[-189,386],[-337,1303],[-209,326],[-730,772],[-730,446],[-1460,1279],[-335,549],[18,835],[144,694],[372,510],[605,551],[910,632],[90,181],[437,422]],[[1854280,3501050],[1420,-670],[2172,-628],[983,-899],[731,-426],[1691,-1348],[595,-269],[617,-225],[869,-135],[845,158],[777,247],[778,718],[320,494],[137,360],[5,297],[142,133],[290,1184],[-150,927],[15,512],[322,1083],[2087,220],[613,244],[481,342],[58,366],[-647,1668],[-12,1289],[905,1231],[1131,623],[1462,590],[1318,337],[4366,116],[2597,889],[765,547],[1466,123],[956,-134],[659,186],[1712,1240],[582,545],[397,615],[574,1228],[10,1276],[-157,427],[7,706],[-130,569],[50,223],[277,371],[365,816],[-25,791],[323,474],[563,255],[416,343],[261,377],[394,895],[144,591],[-16,753],[-80,309],[-261,439],[-16,288],[213,1485],[218,356],[604,437],[533,601]],[[1892002,3527610],[35,143],[285,-12],[217,326],[168,1548],[-8,755],[-374,680],[-1690,90],[-518,366],[-238,1651],[424,1053]],[[1890303,3534210],[63,-286],[172,-173],[485,158],[522,-278],[1038,112],[147,-101],[221,-569],[282,-194],[482,218],[154,307],[333,193],[220,292],[471,339],[477,-82],[490,158],[355,-363],[285,-574],[173,-107],[446,208],[531,461],[303,90],[454,-2],[135,770],[271,253],[353,150],[143,231],[954,428],[47,769],[404,443],[388,-45],[498,245],[825,-53],[341,168],[260,35],[103,189],[446,112],[187,474],[839,898],[-42,194],[-340,277],[-99,391],[167,301],[62,564],[452,598],[177,422],[506,543],[437,251],[266,391],[1167,748],[174,463],[66,694],[291,202],[52,123],[93,734],[574,307],[160,698],[732,26],[597,-91],[408,122],[154,474],[10,1108],[170,339],[229,225],[515,191],[633,-29],[1004,123],[708,313],[440,94],[523,-72],[304,-228],[269,51],[655,482],[408,555],[526,536],[97,-106],[188,129],[199,348],[151,-96],[65,115],[-122,68],[348,362],[-17,491],[279,562],[-108,283],[94,625],[325,540],[-17,1111],[311,461],[1130,557],[77,230],[-50,498],[108,149],[3,196],[-128,464],[-191,184],[-695,206],[-394,-6],[-178,282],[-750,110],[-137,180],[-100,389],[-295,351],[-684,339],[-39,226],[191,465],[79,575],[144,265],[496,445],[639,48],[303,257],[619,235],[227,182],[102,365],[207,233],[1108,232],[264,152],[167,527],[615,216],[102,1321],[585,656],[306,820],[727,343],[290,226],[160,318],[834,116],[2,480],[87,118],[162,-24],[644,-591],[138,-343],[-11,-674],[488,-375],[64,-303],[345,69],[655,-147],[229,-422],[538,-441],[1375,-193],[575,-222],[770,313],[134,-25],[107,-241],[1004,159],[369,-710],[-72,-596],[46,-459],[537,-284],[-219,-224],[-17,-202],[1436,-923],[682,-79],[294,90],[629,746],[503,0],[183,101],[508,700],[1507,29],[426,175],[275,397],[222,163],[721,66]],[[1940020,3564577],[528,157],[1038,-129],[382,150],[610,544],[260,93],[1007,-672],[105,-127],[-34,-413],[67,-84],[716,-159],[876,23],[299,97],[645,10],[690,440],[205,0],[371,-270],[363,-4],[1386,676],[788,14],[532,-284],[370,-532],[52,-658],[-318,-1189],[114,-308],[451,-578],[466,-355],[455,-98],[428,33],[797,256],[423,308],[579,798],[1057,1144],[995,481],[773,253],[317,211],[423,-129],[190,69],[386,318],[637,318],[561,457],[1078,1482],[173,363],[150,785],[31,1056],[147,478],[224,159],[487,0],[649,-379],[216,-1094],[441,-554],[641,-129],[1036,274],[278,-145],[124,-1609],[-2,-1073],[193,-334],[1561,-8],[649,-205],[1256,-142],[773,-285],[1072,-705],[1434,10],[575,-196],[519,-434],[800,-434],[718,-580],[253,-140],[282,-20],[365,209],[297,434],[89,498],[121,136],[90,341],[347,647],[124,102],[867,-178],[1234,693],[1035,213],[1275,-26],[727,343],[382,269],[1147,1128],[735,1583],[1200,1798],[848,351],[656,403],[1039,297],[547,269],[985,29],[2245,-155],[629,28],[1421,1128],[1176,378],[629,109],[711,430],[764,913],[520,376],[190,456],[464,564],[492,215],[603,-132],[768,-910],[1536,-1444],[466,-347],[385,-428],[356,-214],[438,-26],[875,217],[1451,-24],[466,-374],[165,-295],[739,-105],[821,28],[1890,-532],[985,-52],[465,243],[328,509],[52,965],[709,1181],[-1,536],[245,697],[655,805],[273,483],[1257,1155],[303,696]],[[2015349,3578192],[457,1015],[198,241],[437,161],[1473,205],[499,229],[253,263],[1013,1649],[872,349],[553,519],[106,372],[-92,466],[9,810],[329,876],[472,559],[1222,820],[300,400],[228,661],[105,640],[415,1079],[937,1564],[683,737],[650,1089],[234,1441],[206,174],[712,84],[703,236],[439,309],[267,324],[464,1207],[-801,550],[42,106],[225,42],[-2,105],[-431,148],[-243,-158],[-52,135],[-111,-33],[106,272],[-106,218],[87,23],[238,480],[280,250],[31,363],[208,178],[43,149],[-146,360],[169,385],[-21,284],[226,530],[-10,518],[-666,2279],[122,464],[122,1857],[809,1078],[1270,397],[4210,263],[3760,-36],[968,-577]],[[2039820,3607301],[-191,894],[106,698],[-302,520],[-12,627],[-368,765],[43,517],[-153,348],[79,928],[-177,624],[268,769],[969,620],[250,22],[273,-101],[432,77],[186,1428],[1775,-516],[274,-245],[303,-669],[236,-122],[117,181],[441,346],[173,371],[884,589],[592,236],[99,541],[-12,546],[571,777],[372,1060],[521,322],[1492,264],[658,258],[281,265],[355,588],[-243,1258],[-362,494],[-810,429],[-1521,627],[-355,291],[-357,495],[-82,265],[14,1113],[-412,817],[263,1215],[-208,355],[38,481],[-57,207],[219,-107],[-29,124],[225,52],[72,227],[465,-143],[233,-146],[27,-279],[400,-81],[4,-292],[566,-390],[327,-16],[437,-264],[1084,-240],[952,416],[428,555],[456,358],[854,287],[1037,780],[464,203]],[[1782970,3958996],[-106,-107],[-17,-530],[-1714,-791],[71,-165],[310,-215],[-235,-1709],[301,0],[525,-453],[180,-70],[57,-258],[179,-73],[21,-124],[-858,-6980]],[[1781684,3947521],[930,-133],[663,59],[214,-80],[282,-310],[231,-71],[216,-186],[545,-725],[653,-146],[757,-615],[170,-367],[47,-1073],[211,-542],[45,-521],[282,-304],[283,-63],[140,117],[118,-96],[365,191],[365,61],[12,-297],[150,-373],[-132,-395],[133,-231],[-75,-345],[996,-573],[-342,-997],[180,-95],[209,695],[84,181],[129,58],[625,-446],[309,-72],[925,-758],[678,1387],[1583,2036],[837,860],[53,215],[-98,646],[46,97],[1680,-291],[472,-209],[349,-32],[972,901],[154,-28]],[[1798130,3944651],[800,-1652],[71,-1011],[282,-70],[384,-281],[759,-888],[648,15],[470,-89],[321,245],[368,833],[1105,314],[160,13],[275,-230],[442,-121]],[[1804215,3941729],[403,261],[264,-19],[102,-255],[22,-968],[139,-536],[1602,-1909],[1370,-791],[371,-1867],[565,11],[665,-573],[589,-673],[267,-25],[423,189],[243,10],[729,-419],[640,-220],[-9,-373],[647,-1739],[-68,-171],[-358,23],[-22,-182],[248,-432],[774,-900],[105,-259],[-89,-389],[758,-793],[441,-654],[1134,-779],[-163,-462],[-409,-316],[-38,-591],[-326,-377],[-119,225],[-386,60],[-455,-337],[-491,228],[312,405],[-256,33],[-817,1109],[-336,-558],[-1049,-324],[-414,-1016],[153,-974],[-888,-1409],[-309,-1131],[-590,-239],[170,-577],[870,-52],[700,-266],[896,82],[342,-71],[380,-208],[1257,247],[463,-133],[504,-274],[534,5],[780,-716],[189,-299],[-2,306],[220,23],[79,-534],[206,19],[6,-458]],[[1817183,3918717],[1607,208],[572,722],[2225,1021],[572,-245],[1338,-1022],[1093,-990],[266,-139],[72,-1022],[485,-784],[755,-228],[214,-233],[282,-147],[101,-179],[176,16],[493,-551],[354,-252],[839,15],[184,-218],[-2,-145],[252,-7],[120,614],[577,-306],[-75,-109],[170,-110],[897,-115],[61,304],[178,193],[803,-71],[993,98],[102,-253],[64,51],[139,-96],[-35,-57],[285,50],[-1,-86],[134,253],[185,128],[484,21],[437,180],[374,-76],[379,67],[896,747],[287,-34],[39,86],[545,-70],[75,321],[384,-134],[-258,-557],[523,-492],[318,-127],[214,-269],[77,-284],[94,200],[342,305],[-16,69],[323,84],[-9,742],[135,228],[-95,34],[26,93],[959,843],[-352,299],[31,206],[-129,545],[28,815],[899,1152],[512,452],[260,47],[-54,183],[141,666],[327,219],[-119,99],[665,659],[327,-120],[13,-197],[205,-79],[97,153]],[[1843042,3922101],[68,90],[217,-716],[-194,-132],[-329,-481],[-178,-626],[1124,-175],[351,-323],[-420,-441],[368,-246],[414,215],[341,-347],[-419,-269],[-523,-10],[-423,-1147],[-417,-456],[3,-648],[-227,-82],[-663,-1492],[670,-245],[366,1042],[88,18],[262,-268],[432,-79],[595,-369],[147,10],[524,-296],[611,-1367],[60,404],[1187,77],[523,-269],[-254,-542],[532,-173],[-53,-222],[173,-129],[-86,-100],[97,-84],[-201,-129],[-36,-513],[77,71],[103,-95],[14,216],[249,-270],[434,-249]],[[1848649,3911254],[292,332],[380,9],[109,117],[87,-220],[-89,-71],[54,-223],[72,-78],[126,153],[163,-195],[108,-307],[20,-255],[-21,-90],[-81,12],[29,-222],[-86,-42],[93,-195],[99,28],[-41,175],[110,-15],[22,97],[-80,20],[45,151],[203,-25],[8,-152],[74,-1],[7,206],[270,42],[-39,131],[100,24],[-22,82],[542,83],[221,-151],[194,-2],[-65,-169],[135,-109],[-67,-196],[134,-243],[473,-134],[49,-281],[243,-50],[35,-266],[109,-148],[394,0],[245,-93],[78,-270],[113,31],[24,195],[61,14],[763,-237],[278,-207]],[[1854620,3908509],[51,-56],[-156,-159],[-12,-185],[-233,-374],[-173,-645],[12,-360],[215,-273],[-78,-417],[-233,-376],[-50,-939],[-564,-32],[-157,-133],[-461,-1848],[-376,-869],[-247,-143],[-100,-289],[244,-463],[-138,-290],[35,-475],[-148,-172],[159,-155],[17,-212],[181,-293],[-135,-437],[637,-385],[116,-146],[-181,-253],[345,-122],[-284,-25],[-148,-173],[252,-231],[-96,-184],[226,-141],[-213,-226],[114,-86],[-272,-292],[-58,-315],[407,-296],[191,359],[562,-366],[-279,-500],[499,-301],[-481,-816],[473,-554],[134,-1746],[545,90],[276,-601],[516,-251],[-21,-774],[-598,-45],[-501,-284],[-17,-593],[110,-335],[-120,-109],[-566,-1405],[-314,189],[-444,-718],[-89,-27],[-1235,127],[-62,-68],[334,-1447],[-5,-508],[72,-92],[336,-231],[233,-60],[733,303],[169,-258],[136,41],[239,-629],[602,129],[365,-1232],[524,-816],[2113,-1091],[-281,-547],[-91,-721]],[[1857176,3880152],[1201,191],[1333,-170],[779,82],[572,-41],[576,152],[196,325],[129,974],[260,414],[233,597],[215,191],[108,-174],[183,99],[-67,106],[424,410],[-66,145],[384,-449],[53,-428],[-85,-241],[474,234],[897,802],[182,-450],[955,-1155],[639,-345],[367,418],[305,899],[296,582],[90,-49],[691,-1744],[332,303],[829,399],[710,596],[437,207],[1037,1165],[260,626],[624,471],[575,165],[525,275],[478,567],[210,-222],[608,-1017],[386,-442],[2369,-2025],[-35,-538],[-195,-294],[-954,-438],[-215,-751],[-71,-262],[44,-105],[89,-114],[234,-31],[241,-493],[355,-26],[331,-334],[1966,361],[879,264],[1367,85],[328,-678],[569,199],[960,-207],[966,-64],[-206,-1583],[91,-736],[2795,-1439],[1060,533],[294,65],[422,-192],[612,1173],[958,625],[827,104],[335,-164],[906,47],[242,-581],[-222,-436],[-7,-388],[963,-1543],[125,-229],[-21,-128],[229,83],[254,-546],[221,-21],[330,-759],[979,418],[2246,143],[-242,-646],[92,-101],[-418,-1575],[15,-602],[30,-88],[1529,-1135],[-249,-308],[-115,-766],[-295,-433],[-603,-485],[-308,-32],[369,-597],[797,-421],[-571,-1159],[465,-10],[491,142],[317,-51],[858,349],[711,699],[309,526],[580,593],[1116,-98],[-22,-405],[-403,-928],[52,-412],[-126,-1036],[-1144,-1192],[1094,-184],[696,-472],[429,-105],[798,35],[286,230],[95,219],[111,-51],[820,-1098],[741,-599],[260,-768],[1957,558],[484,421],[428,145],[1234,-720],[752,-157],[843,10],[697,-424],[749,-247],[1546,-184],[356,176],[7,192],[163,7],[-3,-55],[199,98],[-21,365],[237,1],[99,-325],[113,-30],[-13,-101],[812,-24],[262,-281],[482,-213],[260,-350],[440,368],[1180,-905],[1546,973],[862,18],[1152,748]],[[1923560,3860715],[1145,-1171],[332,-869],[849,-829],[147,-471],[-75,-308],[167,-238],[-179,-371],[366,-194],[510,-446],[72,-524],[210,-589],[800,-623],[172,-236],[480,-1598],[-836,-464],[-544,-2049],[1048,-211]],[[1928224,3849524],[-198,-604],[-109,-919],[-135,-10],[73,-1010],[-109,-12],[64,-484],[306,-279],[218,-90],[-141,-873],[92,-1288],[376,13],[930,-305],[-1139,-2231],[2075,-1322],[-190,-258],[-424,-307],[101,-89],[3377,-2249],[-403,-701],[303,-190],[191,263],[849,-360],[385,-665],[-367,-929],[491,-1829],[-8,-231],[-104,-930],[-408,-641],[-36,-935],[1596,114],[608,-185],[1257,-1290],[532,-1276],[1752,-1731],[3130,-1852],[497,-712],[-3412,252],[-1208,-4698],[-2195,1939],[191,0],[-563,422],[-997,1349],[-482,452],[-747,452],[-500,-884],[141,-112],[-839,-1371],[3399,-1838],[-1720,-4480]],[[1934724,3814610],[-231,279],[-76,229],[-365,274],[-142,341],[-312,-127],[-162,27],[-280,232],[-191,434],[-230,29],[-382,-121],[-429,166],[-316,-19],[-319,170],[-236,17],[-398,244],[-222,-275],[183,-550],[-356,-427],[-83,-214],[-547,-377]],[[1929630,3814942],[-949,498],[-1005,149],[-573,-61],[29,-88],[-1440,-383],[-670,-397],[-493,-781],[-858,-637],[-511,-539],[-166,-850],[-403,-800],[-62,-288],[-833,-967],[-395,-690],[-263,-192],[-1382,-395],[-490,-846],[-905,-1184],[300,-426],[-1060,-738],[-1202,1186],[-781,1225],[-472,-187],[-88,55],[-851,931],[-186,330],[-350,165],[-152,176]],[[1913419,3809208],[-209,180],[-206,30],[10,83],[-170,103],[-391,-327],[-534,-281],[-498,169],[-267,495],[-114,-46],[-57,397],[-183,424],[63,473],[-92,394],[149,266],[0,227],[-1199,2174],[-504,465],[-603,-812],[-901,-2118],[-1183,-34],[144,432],[-614,418],[-1219,-710],[105,-521],[421,-610],[-208,-487],[-850,-398],[-1104,184],[-42,-74],[1772,-2120],[-2668,-5164],[-1663,-2204],[1078,-811],[-206,-704],[-256,-418],[-392,61],[-326,-269],[-524,-102],[-782,382],[-343,323],[-406,114],[-1060,-226],[-1130,37],[-732,-254],[-1757,1220],[-731,394],[-1232,510],[-619,-2807],[-385,262],[-207,-984],[-1174,-208],[-819,-376],[-1084,-39],[-889,-266],[-496,35],[422,-1129],[268,-1127],[-581,-41],[-640,-446],[-264,-80],[-166,-330],[-119,-508],[-299,-440],[-563,-621],[-633,-355],[-491,-611],[-611,-478],[-470,-206],[-913,3],[-1077,-571],[260,-3402],[317,-79],[-24,-308],[330,-54],[-65,-864],[468,-77],[-14,-1166],[-549,-2450],[485,-98],[-494,-1560],[103,-187],[877,-668],[415,-650],[813,-604],[1081,-523],[1218,-391],[617,-440],[436,-73],[507,-305],[1318,-436],[421,-366],[530,-878],[137,-104],[1465,-264],[-1104,-1642],[386,92],[1202,-464],[-23,-50],[410,-199],[14,-329],[-237,-1394],[2709,-671],[-32,-528],[167,-1806],[-1079,-203],[-693,-40],[-508,-231],[241,-1129],[308,-70],[69,-84],[61,-529],[337,-904],[-293,-1033],[-1055,-189],[783,-552],[73,-1378],[-1404,-609],[-515,-542],[-188,-1901],[-877,243],[386,554],[-8,593],[-289,23],[-312,-64],[-248,-651],[-326,-211],[-192,-407],[130,-645],[274,-128],[1740,-405]],[[1890554,3755720],[-196,-1109],[-66,26],[-370,-791],[-667,232],[-14,-1123],[499,-476],[335,-719],[256,-349],[-37,-90],[-107,-25],[21,-77],[-1235,-317],[26,277],[-160,17],[-589,766],[-457,-14],[-236,294],[-915,405],[-394,-518],[271,-64],[-871,-966],[-155,121],[-430,-379],[546,-54],[233,-368],[435,-112],[472,-519],[138,-47],[-21,-560],[-155,-57],[-269,-447],[-206,-804],[-348,-764],[125,-22],[-221,-447],[-506,163],[-176,-391],[-1444,490],[-128,-365],[1267,-564],[160,-139],[-703,-2032],[980,207],[336,-2253],[369,-1520],[1801,186],[-244,-1294],[56,-794],[-78,-408],[67,-208],[271,-229],[1818,-727],[-172,-426],[19,-260],[-461,-1616],[857,-1285],[295,-798],[-103,-1124],[303,-202],[107,-165],[746,-1529],[197,-485],[19,-399],[103,-269],[605,-671],[110,-1053],[739,-614],[335,-515],[627,-627],[148,-308],[61,-1128],[259,-502],[710,-910],[167,-508],[421,-756],[85,-641]],[[1895815,3719971],[91,-2803],[123,-674],[-88,-8],[87,-163],[-161,-29],[85,-210],[-49,-158],[-614,-324],[-203,-332],[-271,-1375],[-163,-455],[-1092,-1103],[-402,8],[-369,151],[-125,-1673],[-155,56],[-316,-1176],[490,-335],[514,-131],[801,-514],[502,-652],[-344,-1631],[-512,-281],[-300,-342],[142,-293],[362,219],[89,-407],[-435,-253],[-144,-440],[-83,84],[74,-355],[2405,950],[368,-17],[393,-193],[224,-379],[496,-2144],[1942,-1065],[49,-299],[-512,-608],[1162,-1081],[-772,-1012],[-1454,-1255],[-744,-2196],[2205,-1684],[600,309],[407,25],[504,238],[993,259],[368,-25],[862,-284],[625,67],[957,380],[652,-132],[338,-134],[734,-687],[844,-275],[-128,-33],[386,-68],[-90,-1107],[604,-106],[306,-134],[641,-579],[307,-147],[279,-29],[510,136],[941,-267],[310,1],[213,44],[26,118],[1472,195],[1194,-83],[1269,-109],[658,-502],[584,458],[270,44],[289,-4],[1008,-309],[416,44],[458,-442],[1204,-604],[55,-1663],[-953,-376],[-973,-658],[171,-872],[1064,-5],[1177,-318],[592,-679],[376,309],[-174,424],[17,217],[2106,2983],[253,222],[297,40],[266,-117],[480,251],[-141,544],[95,479],[444,-223],[603,-67],[224,-729],[161,-1182],[452,-1379],[1453,-2351],[465,-1123],[1524,-2607],[1485,-1324],[1279,-1481],[-1337,-1235],[-775,-518],[-1728,-530],[-669,-410],[-486,-504],[-432,-904],[-169,-1146],[592,-844],[542,-385],[475,-194],[1034,-136],[1768,404],[16,-429],[-142,-728],[7,-844],[124,-1290],[99,-285],[218,-306],[924,-501],[932,-890],[980,-1375],[187,-525]],[[1935080,3664387],[228,326],[475,346],[675,211],[935,23],[2398,2504],[-638,563],[1773,1592],[746,-246],[1193,400],[657,769],[8,4158],[199,-42],[344,89],[894,-356],[480,58],[376,-301],[426,-201],[755,-158],[2532,-74],[41,562],[-1122,673],[1571,2077],[86,157],[29,592],[1314,1958],[-196,354],[-1319,1349],[-3,985],[938,1239],[484,425],[587,760],[12639,-709],[6761,-3649],[553,378],[270,296],[407,574],[264,547],[265,743],[87,651],[-54,156],[-272,228],[262,124],[157,6],[588,-335],[-21,-79],[671,-240],[403,157],[95,405],[-111,55],[189,151],[823,86],[143,-208],[-166,-1177],[161,-459],[431,-389],[391,-34],[311,-229],[332,9],[173,96],[655,539],[897,1434],[162,1012],[672,622],[-207,1353],[-174,2256],[-96,0],[-160,1978],[300,548],[70,377],[-46,816],[159,456],[-50,347],[2773,-550],[1008,1482],[3862,2569],[-384,885],[117,1354],[826,1191],[804,-68]],[[1988886,3700934],[140,-63],[269,-507],[491,-549],[402,-603],[297,-1074],[567,-394],[521,-598],[7404,-988],[12658,-1887],[-324,-4649],[-107,-8778],[4223,230],[3877,104],[109,-148],[-12,-160],[-246,-922],[-17,-568],[236,-301],[304,-187]],[[2019678,3678892],[1087,-365],[128,-225],[74,-579],[212,-614],[322,-472],[539,-531],[489,-100],[1039,44],[545,-224],[297,-324],[79,-367],[-127,-189],[-725,40],[-265,-95],[-67,-148],[86,-390],[461,-933],[460,-537],[-101,-592],[388,-880],[315,-194],[927,-1352],[116,-319],[160,-1696],[128,-472],[322,-751],[369,-383],[1040,-258],[2643,-1295],[1016,-371],[-204,-520],[-332,-172],[1149,-1356],[450,-823],[714,-524],[598,60],[676,273],[-480,1471],[2741,889]],[[2036947,3663618],[494,-468],[-990,-1599],[778,-630],[2725,1685],[97,-329],[256,-205],[196,-482],[330,-360],[331,-128],[468,22],[2709,515],[2097,-163],[1293,-1943],[-695,-682],[715,-2541],[-1082,-449],[-682,-158],[-1010,-631],[-153,1258],[-672,745],[-1011,-10],[69,-859],[-1223,-905],[-1411,-1621],[542,-1124],[1200,-1051],[640,-350],[651,18],[448,-90],[746,-298],[413,-312],[245,-667],[135,-985],[89,-191],[187,-160],[789,-33],[754,-194],[818,-663],[271,-342],[-121,-14],[274,-354],[373,-715],[60,-242],[-67,-729],[1144,-659],[-177,-300],[-363,-174],[-861,-2080],[580,-803],[353,180],[2048,277],[410,-1544],[-1719,-780],[-1014,-640],[641,-1339],[-470,-101],[-931,16],[-137,-118],[-62,-104],[142,-273],[-7,-868],[90,-633],[298,-642],[329,-368],[723,-329],[342,-21],[-82,-2436],[121,-357],[1125,408],[3,-898],[626,589],[624,-360],[1110,-467],[575,-440]],[[1572179,3802921],[-101,353],[-287,313],[192,364],[-75,276],[66,317],[-36,749],[-175,876],[-305,279],[-28,203],[-156,29],[55,445],[477,166],[141,186],[704,503],[1067,508],[2048,611],[2603,1109],[1631,539],[6431,1894],[1590,684],[3232,1223],[1920,954],[1249,737],[2039,1672],[1208,1446],[128,228],[12,448],[96,239],[575,829]],[[1598480,3821101],[579,1106],[-52,323],[278,739],[-40,927],[450,1311],[-73,593],[-85,146],[-415,282],[-11,250],[-116,230],[1323,757],[3543,1732],[1206,706],[908,956],[1698,923],[427,364],[246,379],[1409,1002],[278,406],[44,437],[1003,602],[2209,1556],[1076,608],[1591,1222],[367,428],[140,401],[-75,174],[-13,652],[-192,301],[12,434],[177,306],[52,446],[-146,288],[-212,148],[221,75],[131,450],[-173,440],[-189,20],[-100,172],[175,-13],[241,304],[28,306],[-172,73],[-42,133],[253,168],[16,103],[-116,167],[163,14],[249,242],[348,651],[49,331],[-103,74],[-6,146],[-158,47],[160,190],[-96,168],[141,97],[161,311],[153,711],[-64,382],[-186,225],[-112,541],[-239,308],[-42,322],[-147,143],[99,323],[164,-31],[730,613],[335,758],[-38,265],[310,213],[34,171],[95,2],[114,183],[7,270],[439,465],[55,474],[-197,270],[255,192],[120,241],[-90,228],[18,412],[155,264],[249,47],[255,214],[450,1186],[620,436],[235,364],[1143,841],[636,598],[1607,938],[460,405],[841,503],[591,879],[152,1030],[1270,539],[3610,2480],[332,416],[-63,354],[43,354],[406,312],[224,41],[3035,2429],[128,146],[-9,666],[1823,1711]],[[1637253,3871739],[1513,1541],[407,800],[23,698],[171,312],[1,208],[-21,334],[-244,323],[974,1268],[461,978],[97,510],[-148,333],[-213,167],[96,302],[24,729],[-74,323],[224,145],[761,1456],[508,1327],[-17,360],[73,101],[-202,35],[-101,186],[-160,53],[-148,312],[11,177],[214,385],[33,365],[204,426],[76,479],[-117,198],[-93,1125],[804,1560],[140,437],[-42,416],[-297,792],[-425,668],[-489,407],[-341,95],[-11,114],[182,239],[161,416],[546,634],[985,1582],[-73,51],[300,832],[98,864],[-49,471],[-343,561],[-160,125],[-416,64],[13,791],[183,614],[642,613],[717,842],[535,811],[233,689],[156,1132],[-404,584],[55,864],[-84,156],[-192,63],[118,552],[-52,427],[1101,830],[2605,785],[3513,1272],[3506,1688],[2249,1411],[1599,1211],[68,-63],[1052,771],[2524,2263],[375,426],[1243,1913],[450,936],[194,624],[77,562],[3,1218],[-339,949],[-732,1314],[-202,219],[-352,147],[-374,-10],[-106,104],[96,150],[-104,-5],[-88,134],[-1098,162],[-106,125],[0,188],[110,508],[402,558],[144,1284],[371,398],[169,410],[2507,1809]],[[1664933,3930452],[327,354],[55,197],[199,125],[762,933],[533,747],[332,696],[135,91],[-22,95],[164,100],[127,-77],[158,133],[-70,62],[47,64],[92,-72],[542,272],[1019,1754],[8,196],[-166,280],[-19,311],[503,136],[812,450],[1414,228],[422,151],[98,353],[147,-156],[238,7],[8174,2018],[4730,1347],[3502,1263],[4751,2301],[3745,1968],[3146,1962],[2362,1940],[1940,1948],[481,615],[539,1699],[572,849],[235,901],[196,364],[2,382],[-510,1586],[-414,741],[-351,282],[-212,490],[-330,251],[-193,-177],[-75,-249],[117,-94],[385,-65],[-143,-78],[130,-200],[313,-157],[-137,-105],[-435,152],[-611,627],[397,-956],[-116,35],[-682,888],[-293,148],[-117,-468],[53,-113],[196,-79],[-90,-86],[9,-139],[370,-35],[-239,-99],[221,-134],[-546,135],[-41,-261],[290,-212],[273,-34],[5,-122],[91,-45],[660,-163],[-342,-43],[-807,169],[340,-529],[221,-161],[17,-150],[551,-324],[-80,-72],[-330,51],[-318,217],[90,-278],[256,-45],[-86,-277],[-569,279],[-243,345],[-75,-83],[272,-384],[177,-6],[176,-128],[-1,-172],[239,-201],[-143,-83],[255,-439],[16,-256],[500,-235],[-17,-55],[-228,40],[-165,-100],[-523,307],[221,-373],[364,-112],[-34,-66],[-387,34],[249,-350],[250,-146],[-86,-55],[12,-111],[96,-161],[96,-12],[-40,-66],[-176,111],[-521,785],[-375,-15],[-341,189],[-221,301],[-158,417],[-27,722],[358,1470],[-32,534],[123,1176],[173,750],[412,654],[1040,1185],[1822,1799],[959,758],[611,603],[92,300],[-73,372],[903,919],[444,276],[2388,831],[2255,381],[2388,254],[69,-221],[1037,-288],[363,-408],[104,-951],[278,-328],[694,-1471],[3671,-1670],[3459,-1244],[1146,-278],[2058,-190],[1048,14],[4176,372]],[[1735211,3962781],[2981,495],[140,118],[312,60],[94,-126],[-203,-239],[-94,-410],[-485,-133],[-404,27],[121,-159],[728,0],[0,-119],[-81,-27],[67,-264],[445,-424],[27,225],[148,159],[68,26],[27,-145],[417,106],[-148,198],[404,318],[-161,252],[54,92],[-95,239],[122,79],[943,238],[108,-39],[-68,-239],[95,-397],[-27,-291],[81,185],[81,-26],[94,569],[458,132],[41,93],[485,13],[445,186],[-14,106],[-121,13],[-122,-93],[-485,-26],[14,185],[997,278],[1051,133],[162,119],[54,-265],[404,238],[378,-331],[269,-39],[364,132],[95,-238],[-54,-477],[107,-464],[580,-410],[836,-265],[633,159],[243,278],[107,675],[405,358],[94,278],[216,238],[-54,252],[-351,40],[-121,-106],[-153,85],[590,213],[931,193],[206,-85],[107,169],[217,-190],[2155,349],[1116,59],[239,-22],[927,-421],[195,-220],[593,-348],[280,-581],[-111,-764],[366,-857],[260,-1076],[79,-2039],[-162,-336],[-160,99],[-79,262],[-59,-219],[-102,-67],[-64,99],[-42,556],[67,424],[101,121],[-172,272],[-1018,-877],[-154,-459],[-170,-170],[-33,276],[-541,575],[-167,1],[-775,498],[-666,37],[-232,-105],[-275,100],[119,609],[-37,140],[-210,-91],[-1074,348],[-842,57],[-125,-242],[-196,-8],[-501,-245],[-1305,62],[-880,-148],[-949,-506],[-109,-330],[166,-10],[96,-208],[-117,-197],[-203,1],[-65,258],[-244,-116],[-21,-297],[-163,62],[-427,-395],[-20,-157],[-184,-111],[-154,102],[-260,-402],[-271,-162],[-141,88],[-51,-138],[76,-161],[256,-96],[293,4],[119,-138],[-22,-144],[-109,-153],[-561,-94],[-146,128],[-506,-30],[-36,-240],[52,-62],[169,158],[103,0],[222,-160],[81,-218],[200,-69],[23,185],[164,42],[103,-69],[565,-39],[34,-84],[-477,-274],[-326,-30],[-40,-231],[-340,-472],[-684,-4],[-224,-218],[76,-162],[619,-189],[524,-21],[236,-125],[57,-125],[-47,-185],[-331,-144],[-14,-167],[614,177],[391,323],[403,111],[185,-100],[185,-282],[-199,-167],[-179,50],[6,-100],[-102,-43],[258,-47],[3,-222],[178,-187],[97,193],[396,154],[401,-444],[198,6],[78,398],[447,-64],[-228,369],[250,329],[-147,57],[46,268],[213,423],[511,67],[51,-144],[312,-94],[178,-200],[0,-180],[293,-170],[652,-84],[518,185],[255,-94],[813,328],[71,274],[511,-83],[90,112],[-51,187],[160,74],[187,498],[532,279],[108,-63],[44,-218],[-166,-106],[108,-187],[-167,-193],[319,-76],[18,-199],[372,-606],[129,-362],[115,-69],[275,111],[244,330],[140,-182],[479,-82],[45,62],[178,-219],[192,-1],[117,121],[478,120],[198,-150],[-294,-613],[54,-122],[1126,277],[185,-182],[1884,-243],[352,142],[250,217],[14,330],[115,87],[268,-144],[275,105],[306,-39],[76,177],[136,-3],[164,138],[-99,339],[142,242],[-51,63],[195,-30],[67,104],[119,547],[-142,117],[-206,-39],[-150,87],[-411,27],[51,157],[-210,198],[61,181],[463,52],[457,189],[-7,257],[146,127],[85,-99],[-91,-698],[102,-237],[401,-192],[581,-39],[1045,242],[1403,598],[1312,772],[772,832],[106,199],[-92,99],[46,152],[369,485],[1323,700],[681,500],[716,656],[218,613],[780,-405],[1020,-48],[168,-246],[272,-13],[931,181],[922,475],[607,-263],[68,89],[329,-12],[192,-135],[226,-477],[508,-529],[77,-338],[-61,-49],[260,-199],[630,-96],[-121,-257],[52,-18],[92,172],[666,-205],[1134,156],[114,-67],[15,-149],[159,-44],[904,410],[372,50],[297,-175],[375,-82],[1267,44],[280,-177],[693,161],[53,-322],[210,-93],[10,-109]],[[1668577,3822415],[319,-396],[145,84],[85,-166],[1813,-230],[529,-697],[390,212],[197,1169],[349,-203],[665,-214],[112,698],[-276,1123],[1485,841],[160,-404],[668,-230],[-41,-328],[1193,-775],[1082,-110],[355,206],[426,-387],[314,-150],[232,524],[-110,160],[-201,-20],[-141,465],[709,618],[-103,97],[173,171]],[[1679106,3824473],[309,-355],[936,-362],[216,335],[352,-77],[4,135],[132,11],[-129,179],[269,194],[510,-132],[929,527],[298,355],[614,-107],[720,-650],[367,337],[1466,-431],[367,-695],[-432,-406],[459,-1080],[-105,-158],[226,-94],[45,64],[676,-317],[1210,-210],[1001,-706],[-1025,-1349],[808,-289],[-69,-476],[116,2],[172,-593],[-111,-1],[-10,-243],[596,-318],[-7,-1085],[243,199],[238,-295],[-930,-532],[1182,-882],[-79,-656],[301,-2],[-218,-954],[-250,-610],[727,-66],[1001,-312],[-17,-261],[754,-28],[33,-522],[704,-52],[25,-264],[1581,-66],[13,156],[195,-23],[0,-146],[340,-17],[-37,-213],[415,-36],[-236,-909],[-297,-21],[31,-979],[259,-149],[171,109],[793,-289],[481,-230],[391,-335],[1281,1656],[470,-125],[-1070,-1406],[1695,-1128],[1438,800],[1116,-302],[939,338],[412,-603],[800,288],[105,-261],[641,155],[112,-209],[676,257],[46,-78],[891,226],[87,-279],[579,225],[84,-223],[1243,605],[1408,15],[-232,-87],[-347,-508],[-403,-1111],[-1175,83],[-252,-527],[842,-1253],[830,315],[422,416],[-339,922],[350,-92],[221,554],[744,-292],[-80,-223],[203,-401],[490,-9],[348,-240],[-385,-927],[1090,-172],[758,2484],[1871,-1272],[1992,-824],[1134,-1684],[1800,352],[29,464],[215,-267],[276,320],[58,-129],[402,166],[358,-602],[-600,-350],[236,-626],[619,-839],[998,99],[953,369],[1452,-1929],[88,57],[62,-61],[270,-658],[2577,2],[1207,-565],[373,3997],[335,384],[2585,-3100],[4291,-2238],[140,-248],[691,-398],[113,-177],[1,-275],[-96,-121],[-855,-14],[-286,-145],[-96,-724],[-484,-532],[-133,-457],[76,-467],[288,-376],[179,-446],[46,-259],[-76,-655],[82,-676],[211,-335],[517,-538],[73,-514],[573,-181],[840,-592],[916,-796],[414,-75],[399,135],[150,184],[33,498],[-283,438],[-429,389],[-239,392],[-5,654],[-80,14],[-3,121],[74,464],[114,-1],[-40,143],[281,396],[-21,110],[482,123],[55,-106],[-358,-163],[-248,-547],[-42,-387],[-161,-84],[101,31],[79,-100],[-30,-167],[132,-166],[22,-355],[-111,-31],[13,-74],[174,-51],[36,-210],[155,119],[123,-99],[-191,-211],[248,-304],[63,39],[73,-227],[534,-345],[156,368],[698,1039],[750,880],[357,-224],[-31,-262],[209,-210],[-98,-148],[2857,-3082],[316,236],[111,155],[-60,146],[573,531],[185,-520],[834,-280],[1742,252],[-7,-407],[473,-225],[418,-335],[436,-153],[962,-1699],[401,147],[843,-1891],[162,48],[149,-448],[-41,-310],[761,200],[1373,-198],[-17,-672],[186,-130],[-928,-1488]],[[1755453,3780983],[-575,327],[-637,-1048],[-150,-608],[-662,85],[-223,-161],[-51,-181],[256,-326],[278,-93],[331,296],[152,-97],[221,-637],[-202,-103],[135,-550],[1130,498],[170,578],[539,-18],[341,82],[652,-2452],[-389,-714],[-585,-661],[-240,-459],[54,-250],[-308,-590],[-83,-61],[-217,122],[-564,-190],[11,-113],[-211,-3],[24,-59],[-575,-14],[-315,-403],[-470,-919],[585,-481],[69,-120],[-26,-443],[681,-455],[-139,-1349],[-561,-192],[-84,-381],[-246,-119],[1,-788],[230,-630],[1764,1563],[560,-1840],[1391,636],[442,-236],[8,-782],[142,-18],[508,-357],[46,-53],[-75,-75],[1321,-1209],[59,-712],[347,-719],[168,-163],[-2011,-2070],[987,-524],[111,-80],[-3,-92],[471,-289],[1590,-876],[184,-180],[330,-700],[211,-146],[410,-69],[242,-324],[927,71],[522,-316],[623,-22],[-319,-1795],[-1228,-936],[1073,-1328],[260,-599],[14,-563],[-185,-402],[-151,-1542],[-77,-204],[-162,-80],[-69,-294],[183,-378],[10,-235],[181,-171],[-60,-140],[-375,-126],[161,-115],[42,-162],[-307,-93],[33,-170],[-475,14],[145,-498],[-24,-225],[-514,-429],[-141,-227],[-570,-1217],[-117,-636],[-162,-71],[35,-258],[-496,-452],[-422,-1362],[-102,-75],[-125,-707],[114,-354],[333,-409],[-12,-254],[104,-208],[22,-1137],[171,-154],[291,-84],[416,-522],[56,-388],[177,184],[620,-1470],[94,-80],[169,-14],[287,118],[619,-131],[220,157],[159,-60],[155,90],[231,408],[335,48],[350,-142],[165,-266],[124,-763],[-372,-274],[14,-92],[747,17],[254,78],[642,-293],[76,-135],[472,-35],[319,-161],[-217,-268],[64,-95],[181,51],[8,-109],[-276,-107],[-100,-307],[-171,-220],[-301,-101],[-33,-220],[-124,-109],[-131,-356],[24,-730],[-135,-544],[127,-169],[-57,-109],[170,-587],[-51,-190],[278,-111],[369,7],[226,-158],[153,54],[2238,-860],[522,-1484],[2291,-495],[487,-1117],[3843,257],[91,-555],[607,-115],[0,161],[481,-383],[1638,164],[117,-611],[309,336],[298,-905],[-626,-895],[210,-206],[-294,-387],[277,-741],[879,815],[228,-224],[273,-456],[-69,-568],[-747,-172],[-291,20],[-38,-165],[-404,-160],[-96,-150],[166,-347],[149,-123],[-538,-690],[-173,-375],[120,-928],[431,-265],[362,392],[238,-116],[444,434],[1337,-1229],[-193,-534],[199,-107],[998,-144],[736,195],[143,379],[-362,271],[513,775],[923,-485],[68,-370],[-306,103],[-148,-237],[268,-139],[-174,-264],[627,-49],[88,-94],[1497,-306],[212,67],[748,-930],[288,-16],[172,-557],[18,-855],[-918,-126],[-310,-392],[-92,147],[-442,-326],[-145,1],[26,-424],[223,-249],[-201,-277],[95,-107],[-634,-80],[-85,-694],[93,-43],[20,-528],[-309,-831],[48,-431],[-122,-324],[-858,-614],[-989,-459],[942,-642],[544,-722],[2,-180],[-531,-1045],[538,-625],[483,-850],[-42,-645],[352,-21],[280,358],[186,-385],[-34,-609],[495,-27],[-103,-1267],[207,-182],[217,-43],[1033,132],[375,-65],[-74,-773],[-738,-108],[-20,-1321],[-1244,-1818],[-569,350],[-593,-68],[-499,-171],[245,-1133],[-201,-271],[-692,-272],[220,-629],[534,392],[506,-1026],[549,759],[430,355],[508,587],[1126,92]],[[1789394,3698471],[312,-235],[94,-348],[-100,-427],[51,-406],[-391,-821],[102,-208],[238,-164],[-155,-339],[-27,-314],[1058,40],[462,-87],[1888,-623],[-26,-2186],[-577,-440],[-122,-239],[-272,-210],[-154,-432],[-337,114],[-36,-89],[-145,-20],[201,-889],[903,-354],[32,-1257],[-434,-301],[-735,-202],[409,-326],[-382,-716],[-374,-1409],[57,-927],[-58,-198],[-73,5],[289,-841],[736,-435],[311,82],[374,-337],[-263,-388],[-369,41],[-172,-437],[-1590,-818],[-137,205],[-68,456],[-533,-76],[-109,-169],[-466,75],[27,-504],[1642,-430],[-67,-318],[635,-364],[-157,-414],[-203,-147],[26,-112],[-120,-164],[-718,-206],[-59,-647],[-183,-454],[-962,-385],[38,-405],[-192,-1002],[131,-453],[-1312,-276],[-203,-482],[453,-400],[419,-98],[35,-183],[385,-339],[1083,403],[-135,-1624],[-697,-1378],[353,-1212],[772,-26],[288,156],[166,-244],[823,21],[614,-106],[52,-144],[471,-130],[48,1007],[81,238],[689,54],[398,-79],[438,114],[160,-2828],[-409,50],[-186,-702],[645,-958],[79,-401],[886,925],[729,247],[233,-42],[1954,448],[13,-1789],[1189,-1605],[-876,-1735],[389,-473],[-2295,-278],[-829,-1247],[-202,-1545],[-960,87],[-39,-479],[-849,125],[-144,-668],[-269,-490],[-475,-490],[-668,-993],[296,1],[29,-180],[1237,9],[211,-542],[73,-1572],[981,-164],[591,-1240],[-1207,-120],[197,-1048],[-3353,-265],[-323,-834],[-276,103],[-804,-860],[154,-158],[-411,-671],[1195,-188],[-126,-532],[42,-526],[707,22],[345,115],[384,352],[124,-1083],[-768,-634],[2136,-242],[-244,-320],[231,-379],[-155,-113],[870,-920],[-1053,-1069],[195,-362],[-1123,-226],[426,-1081],[-857,-116],[-166,1033],[-1505,-336],[-344,102],[-1,94],[-154,-71],[-502,351],[-1073,99],[328,-726],[560,-777],[-680,-360],[-1142,265],[-180,-1443],[-190,-389],[-108,-1110],[974,-1352],[-2410,520],[-1587,167],[110,567],[-54,501],[-387,1019],[-1593,1114],[-939,-1559],[23,-179],[-170,-92],[18,-1168],[93,-7],[2,-132],[352,-18],[-10,-159],[-484,31],[7,-379],[145,-35],[-140,-40],[-184,-603],[51,-257],[-265,-730],[71,-662],[-29,-696],[-2061,366],[-3084,236],[-504,103],[-1932,-329],[-255,-1191],[-1049,-577],[-290,189],[-893,1076],[-828,748],[-667,-450],[-1358,-2221],[-1583,751],[103,467],[-211,2045],[-1412,414],[-474,86],[-342,-30]],[[1763262,3635670],[-769,323],[-853,840],[-317,192],[-316,336],[-47,717],[-413,528],[-415,360],[-792,-228],[-2771,-1235],[-1008,-371],[-764,1946],[-252,912],[-168,256],[-193,134],[-1168,282],[-1197,1024],[-469,117],[-356,347],[-330,103],[-1198,-1015],[-540,47],[-302,-79],[-111,-157],[-210,-8],[112,-155],[-96,-86],[-130,173],[-111,-33],[116,-135],[-29,-205],[-73,20],[-24,134],[-75,-18],[-70,-293],[-281,-65],[62,-195],[-173,-45],[81,-130],[-118,-45],[31,-171],[-79,-12],[-9,-93],[-173,39],[17,-343],[178,-181],[14,-381],[120,-200],[-308,-274],[159,-23],[-118,-228],[85,-192],[-351,29],[28,-348],[-206,23],[-19,-178],[-150,-226],[-287,-127],[-296,71],[21,-151],[-145,-12],[-57,-243],[-224,-274],[-27,-304],[-605,-477],[-68,-516],[-152,-138],[119,-118],[-63,-150],[-96,114],[-75,-144],[-121,73],[34,-157],[-161,-274],[42,-248],[188,-274],[340,-90],[224,-414],[-4,-304],[163,-74],[-116,-39],[116,-166],[-118,-467],[-244,-445],[-133,-4],[-53,-153],[-122,-13],[203,-272],[-224,-71],[127,-71],[-117,-20],[70,-110],[-82,-38],[80,-216],[-38,-218],[-285,-233],[-129,28],[-74,-213],[-231,19],[-201,-296],[-262,-131],[-310,-612],[-307,-72],[78,-127],[-139,-56],[-43,-280],[-411,-232],[-232,72],[-303,693],[-2281,-744],[74,-574],[-100,-453],[-806,481],[-955,886],[-232,-683],[-3588,249],[-493,789],[-218,72],[-192,-60],[-226,-328],[-384,-175],[6,955],[-240,967],[96,688],[90,120],[-453,2397],[21,2034],[187,433],[25,547],[147,332],[107,824],[-14,398],[-229,582],[-95,730],[61,671],[-101,578],[32,347],[-1814,-173],[-37,978],[-1242,-79],[-143,-398],[-1488,1507],[-930,160],[3,1159],[-1982,-390],[-644,-404],[-491,200],[-4217,251],[12,96],[-392,-60],[-15523,584],[-13,2031],[-2069,19],[-312,-1198],[656,-208],[322,-264],[-42,-222],[-289,-191],[-9778,276],[-16145,758]],[[1675644,3645725],[176,269],[664,621],[199,547],[39,566],[-460,999],[132,470],[284,353],[247,166],[835,237],[354,263],[272,375],[31,346],[-95,226],[-219,202],[-459,149],[-874,19],[-601,174],[-231,348],[-272,-224],[48,-425],[-164,-188],[-429,-99],[-542,-279],[-223,54],[-419,-363],[-1144,-451],[-295,-270],[-281,-482],[-264,18],[-321,-178],[-492,-32],[-465,300],[-387,88],[-84,247],[-515,360],[-230,456],[-726,591],[-44,405],[-294,191],[-224,300],[133,302],[237,48],[105,155],[-210,226],[-40,272],[-83,76],[-339,2],[-231,190],[-204,3],[31,249],[-143,106],[168,227],[186,101],[251,-120],[270,9],[-446,498],[-127,741],[93,109],[591,215],[225,-17],[101,138],[-43,177],[79,331],[335,-21],[38,222],[-181,155],[-214,373],[-631,233],[-108,742],[-203,140],[-22,224],[-334,64],[-199,157],[-134,-28],[-43,280],[-321,170],[-128,-41],[-109,-293],[-246,29],[-357,-162],[-51,228],[-559,537],[-234,648],[-16,310],[-129,190],[-166,72],[-415,-153],[-200,37],[-163,154],[-294,99],[-249,258],[-282,73],[-154,334],[-180,56],[-73,167],[-398,154],[-146,-85],[-311,160],[-414,560],[-298,185],[-152,377],[-192,136],[-548,-141],[-1115,184],[-268,296],[-541,122],[-474,298],[-798,55],[-606,-177],[-52,-619],[-167,-491],[-841,-459],[-322,-449],[-260,-180],[-237,-57],[-135,-259],[165,-252],[-144,-261],[-953,-455],[-154,-221],[-392,72],[-230,-77],[-322,219],[-251,67],[-331,-67],[-267,86],[-509,-28],[-315,-186],[-132,174],[48,505],[-257,333],[-223,83],[-427,-222],[-227,-368],[-528,-153],[-219,-338],[-128,-73],[-232,27],[-192,145],[-716,-15],[-425,-465],[-427,269],[-239,-138],[-833,34],[-157,68],[-532,1032],[-248,960],[6,85],[120,52],[-137,238],[23,546],[-188,434],[-76,622],[-1011,350],[-233,920],[-807,97],[-1134,372],[-317,-93]],[[1620194,3726689],[1147,1380],[1680,1173],[4,-212],[155,-122],[222,17],[265,-188],[267,17],[191,134],[160,-39],[265,1744],[409,133],[301,1483],[590,-246],[373,155],[557,-838],[383,389],[392,628],[161,534],[10,526],[688,-88],[-183,-338],[89,-82],[788,-453],[603,-184],[-200,-512],[1964,-564],[49,195],[218,100],[200,277],[32,295],[210,342],[182,121],[346,-9],[142,121],[-13,122],[-239,87],[-111,130],[325,182],[-49,165],[263,490],[-47,564],[-827,1247],[428,828],[-1071,1377],[486,322],[868,-800],[-1,-399],[217,-409],[944,-431],[669,-427],[443,-344],[363,-434],[1393,22],[35,-368],[-67,-113],[-315,-38],[-205,-230],[-97,117],[23,174],[-80,126],[-156,-143],[21,-430],[-403,10],[-111,-65],[-77,-286],[102,-117],[-98,-169],[26,-447],[327,-287],[396,168],[787,-1191],[1554,-1474],[1308,1312],[-894,913],[1143,1208],[-132,508],[237,550],[173,0],[236,307],[31,83],[-177,273],[10,452],[94,238],[316,359],[354,-239],[570,576],[677,-557],[450,519],[578,441],[-292,617],[-186,209],[867,345],[1398,84],[78,-782],[884,246],[719,394],[-119,491],[101,556],[-351,163],[-218,-242],[-54,-300],[-550,305],[-656,150],[524,211],[298,286],[-1148,549],[272,624],[56,981],[-66,157],[-297,10],[2,111],[628,2],[330,1813],[51,1072],[-260,1147],[-459,569],[756,39],[247,-130],[666,-63],[448,-211],[35,183],[201,29],[-1,117],[-457,1043],[-73,502],[-186,339],[604,256],[241,19],[1268,567],[192,-404],[474,142],[115,-299],[124,-1953],[348,-764],[-236,-343],[-195,-73],[370,-1129],[732,81],[122,785],[689,523],[103,395],[187,225],[108,572],[241,299],[-210,1367],[72,204],[1426,613],[946,1807],[-48,468],[-607,501],[-495,565],[173,217],[-478,530],[245,277],[765,415],[-510,530],[341,1084],[-304,355],[155,392],[-182,256],[392,299],[-308,1328],[-888,-71],[-563,53],[183,490],[-213,-30],[-258,-164],[1163,1832],[396,1148],[108,838],[1355,-45],[275,-222],[257,-78],[573,120],[253,-96],[311,120],[171,-694],[-34,-1215],[-674,-1378],[17,-91],[2947,-368],[479,1587],[-1087,129],[188,689],[1366,1276],[144,590],[-104,981],[-942,-41],[-78,542],[-318,661],[-293,1732],[-697,-281],[-276,23],[-307,119],[150,3],[84,269],[-262,23],[287,508],[42,-102],[62,52],[5,160],[57,-108],[156,30],[-71,217],[340,-88],[406,-280],[647,199],[602,382],[530,103],[-181,658],[-175,322],[26,645],[-535,180],[-654,-47],[-519,399],[709,1363],[-1915,479],[126,412],[610,866],[40,178],[-394,179],[2,712],[-956,1291],[-1024,2284],[-62,44],[-662,-163],[-485,1103],[-571,769],[-1395,-348],[-260,613],[-376,586],[230,214]],[[1651647,3781036],[375,1042],[767,69],[47,1387],[-29,400],[-623,-124],[-89,254],[-327,355],[-450,751],[-127,338],[22,241],[316,29],[51,175],[-228,587],[871,710],[650,703],[428,957],[278,378],[-515,385],[-331,363],[-1245,1544],[-386,730],[22,187],[832,473],[-13,1537],[260,3290],[785,335],[-29,150],[196,104],[60,-113],[332,66],[269,-38],[171,404],[-190,491],[45,892],[-102,250],[235,116],[1087,72],[10,383],[992,-365],[1008,551],[412,-812],[482,-383],[-105,-395],[32,-240],[358,-342],[1443,489],[-519,1419],[92,421],[425,254],[-56,886],[-613,518],[494,248],[1476,1472],[-1809,1291],[-195,-412],[-380,274],[708,983],[105,521],[-1515,329],[-677,269],[1,175],[-345,109],[-159,-291],[-175,38],[49,633],[-1421,-497],[-955,-14],[-204,355],[-122,425],[-42,366],[78,279],[-2343,-760],[-304,1013],[-559,-120],[-12,429],[-64,38],[-631,-365],[49,-833],[-513,-299],[-444,-382],[-281,34],[329,307],[5,288],[-269,92],[-282,-299],[-392,-116],[58,-375],[-1415,-84],[-201,13],[-101,288],[-533,139],[-60,-138],[-417,101],[-81,188],[-209,-41],[17,-163],[-409,55],[-1299,416],[-2090,1388],[-144,-84]],[[1641340,3810193],[-78,188],[505,895],[-587,387],[-229,63],[436,669],[-180,175],[417,755],[203,-68],[655,1352],[-70,81],[-648,-269],[-162,596],[179,217],[-23,236],[-647,-18],[-538,-112],[-112,353],[951,665],[171,467],[2304,979],[1,316],[1107,587],[41,319],[667,435],[707,61],[299,602],[323,-31],[90,460],[630,-357],[658,1003],[913,-1145],[359,-120],[842,924],[203,549],[8,351],[-693,627],[195,882],[1528,-3],[1283,-124],[-48,1363],[87,302],[2330,-499],[439,1245],[68,102],[152,-23],[1084,-540],[474,-345],[33,-85],[-380,-1081],[-2190,481],[-117,-32],[136,-701],[552,-17],[1454,-511],[295,675],[689,-195],[-3,145],[1169,-42],[564,815],[724,-545],[-349,-395],[953,-571],[186,267],[180,-5],[478,589],[1016,-501],[-855,-1121],[505,-314],[1333,405],[423,329],[1081,482],[263,-288],[-303,-380],[267,-298],[-188,-204],[235,-272],[225,177],[153,-139],[797,476],[351,-493],[1266,1019]],[[1940020,3564577],[-177,3995],[-142,321],[-102,1303],[-334,778],[-625,4107],[-215,2],[139,2088],[125,-11],[223,1795],[-128,-23],[-430,1220],[-792,-92],[-1228,-382],[-1016,1292],[-398,362],[-278,132],[375,690],[-90,900],[-528,1139],[-8,304],[-369,842],[-2804,-659],[-966,157],[-108,88],[-382,-16],[-278,265],[-475,-10],[-307,263],[-485,38],[-889,588],[-244,84],[-106,-199],[202,-963],[-27,-498],[-144,-325],[-64,-1862],[498,-247],[195,-907],[-502,-194],[-327,26],[-506,434],[-977,-726],[-169,-333],[-1485,-748],[-647,813],[-854,38],[125,288],[-15,156],[-591,263],[133,720],[-923,379],[-929,-1065],[-687,641],[-416,764],[-306,1017],[22,844],[-222,687],[253,655],[-1749,162],[-143,743],[-30,776],[115,1013],[-787,-324],[-399,395],[-287,-61],[-905,-755],[-1435,-447],[-429,838],[-337,457],[33,642],[297,215],[-745,341],[-1080,-1295],[-1801,-1288],[-244,563],[-1836,840],[-439,64],[-795,-39],[-344,311],[-1338,750],[-1431,567],[-264,-290],[-728,222],[-339,212],[-3283,-1269],[-308,-6],[-1089,399],[-2641,620]],[[1893854,3590151],[47,261],[-223,237],[-379,112],[-755,8],[-217,159],[-44,200],[234,801],[-4,309],[-142,258],[-880,977],[-77,221],[158,549],[477,576],[427,912],[1077,867],[118,221],[-66,218],[-310,232],[-644,284],[-893,223],[-199,200],[-14,327],[208,265],[359,118],[955,71],[138,101],[26,159],[-182,261],[-656,228],[-425,247],[-291,452],[-20,410],[263,329],[1368,123],[193,146],[-11,144],[-83,110],[-189,45],[-600,-120],[-768,105],[-2104,899],[-335,282],[-22,566],[353,423],[348,136],[420,-54],[1408,-628],[510,103],[337,248],[26,296],[-168,377],[-655,688],[-166,335],[-5,317],[412,692],[81,686],[-760,906],[-57,301],[458,621],[385,274],[405,139],[331,9],[431,-110],[1233,-737],[479,12],[274,125],[192,510],[-249,710],[-324,292],[-550,217],[-392,304],[-186,333],[184,314],[721,131],[711,-77],[326,-398],[847,-1701],[515,-269],[298,36],[162,125],[168,611],[-133,456],[-324,613],[30,572],[305,669],[437,492],[16,121],[-99,86],[-385,43],[-832,-170],[-81,58],[-7,170],[167,355],[455,368],[1491,645],[256,473],[13,191],[-129,329],[-322,198],[-352,-19],[-624,-271],[-480,86],[-126,189],[-18,293],[322,565],[249,155],[791,172],[402,338],[250,88],[300,-99],[1578,-1284],[436,-19],[274,215],[157,559],[-144,445],[-372,396],[-725,359],[-149,226],[-28,213],[291,598],[534,664],[766,366],[103,465],[-77,241],[-356,445],[-410,312],[-573,290],[-127,383],[322,520],[525,170],[845,-251],[808,-530],[232,-21],[151,114],[-248,970],[130,1013],[-224,135],[-744,-90],[-201,131],[-49,170],[64,286],[179,196],[430,213],[623,54],[169,161],[-68,262],[-442,332],[-317,387],[-40,286],[121,251],[363,278],[668,56],[286,180],[7,164],[-109,144],[-716,480],[-116,240],[39,170],[195,119],[311,-43],[486,-198],[206,-217],[188,-499],[-46,-1179],[192,-273],[342,-103],[482,-3],[486,224],[372,458],[135,293],[-15,690],[-147,398],[-207,342],[-441,295],[-1188,120],[-44,144],[129,284],[322,181],[600,58],[247,172],[202,307],[24,708],[317,310],[955,-162],[326,136],[805,555],[552,92],[331,-146],[731,-662],[298,-5],[17,213],[-390,699],[-162,600],[46,359],[274,342],[390,164],[396,-2],[238,-114],[701,-751],[313,-32],[193,211],[-300,623],[-574,581],[-422,211],[-729,71],[-11,294],[431,792],[388,275],[518,125],[1421,-181],[350,35],[331,161],[160,413],[-114,473],[-219,353],[-7,172],[92,105],[235,-103],[238,-596],[513,-808],[232,-101],[194,77],[294,284],[278,632],[280,1691],[217,88],[635,-2],[365,152],[410,693],[932,1136],[295,575],[62,326],[-46,632],[-193,353],[-354,294],[-668,321],[-1773,658],[-405,269],[-114,185],[131,236],[1454,820]],[[1916999,3644452],[324,379],[277,763],[117,151],[267,121],[890,92],[458,-97],[228,-140],[536,-621],[348,260],[-36,879],[102,603],[315,645],[567,777],[-102,170],[-175,17],[-1168,-449],[-239,46],[-179,170],[-2,298],[261,369],[283,683],[213,1279],[-243,522],[-725,876],[-27,122],[170,185],[530,288],[873,-36],[396,150],[593,561],[1029,1206],[643,1172],[761,232],[129,610],[386,399],[1008,342],[177,141],[154,936],[582,591],[23,1228],[156,481],[1042,282],[1018,632],[392,18],[551,-250],[202,2],[137,265],[-141,321],[13,155],[78,185],[139,97],[1788,249],[1478,37],[985,245],[312,288],[129,408],[58,600]],[[1885115,3658344],[1921,-5780],[-238,-30],[-177,-129],[-510,-49],[-656,-526],[-334,41],[-118,230],[-115,55],[-720,-104],[-413,-344],[-217,-560],[-659,-130],[-161,-716],[-327,-512],[-417,-227],[-100,-393],[154,-188],[-5,-231],[219,-545],[-17,-163],[339,-921],[914,-486],[313,-325],[548,-1406],[325,49],[639,-137],[1750,-787],[193,-247],[236,-144],[138,-704],[286,-170],[671,-248],[380,6],[192,-121],[380,-31],[-11,589],[517,629],[225,31],[544,478],[792,-169],[174,289],[331,114],[139,208],[566,-376],[899,45],[343,-104],[387,-314],[168,-36],[468,279],[491,179],[448,381],[402,-54],[1743,-811],[318,-310],[27,-237],[-187,-253],[-40,-523],[27,-205],[162,-245],[-211,-263],[-377,-249],[1386,-862],[-90,-818],[3074,-279],[196,-998],[3805,-1066],[41,151],[502,599],[69,286],[-2,268],[-258,920],[-185,357],[1101,-85],[256,47],[1906,-281],[468,74],[224,283],[871,1992],[708,1337],[558,-106],[1191,1231],[1153,1550],[261,-9],[144,-535],[316,-475],[1430,-573]],[[1893854,3590151],[-203,-209],[-565,-348],[-138,-276],[55,-1378],[-96,-627],[0,-741],[243,-618],[229,-188],[585,455],[556,242],[415,6],[198,-232],[9,-248],[-92,-192],[-831,-699],[-466,-618],[-188,-392],[846,-1419],[195,-680],[191,-1488],[-25,-743],[-144,-405],[-677,-762],[-383,-766],[-275,-213],[-361,-82],[-313,85],[-172,150],[-272,970],[-402,546],[-447,232],[-744,50],[-220,-53],[-237,-138],[-201,-245],[-10,-342],[106,-172],[310,-132],[814,28],[230,-60],[370,-351],[26,-355],[-192,-411],[-415,-210],[-374,0],[-1012,377],[-393,72],[-399,-63],[-300,-282],[-74,-455],[131,-289],[725,-565],[227,-298],[29,-477],[-237,-379],[-239,-91],[-1293,405],[-735,22],[-885,-135],[-1025,-302],[-721,-47],[-339,-313],[-121,-330],[-58,-612],[-441,-1327],[45,-282],[230,-352],[236,-65],[1022,269],[946,-12],[964,-449],[240,-380],[22,-219],[-80,-223],[-278,-226],[-325,0],[-1042,320],[-613,-6],[-546,-232],[-351,-386],[-93,-254],[-9,-734],[175,-333],[285,-182],[1028,-358],[929,-960],[185,-439],[103,-590],[6,-605],[-102,-292],[-281,-157],[-221,56],[-667,1089],[-227,160],[-345,82],[-658,-41],[-312,-100],[-745,-553],[-814,-266],[-275,-13],[-428,116],[-673,399],[-419,-13],[-223,-188],[-470,-807],[-383,-244],[-319,-69],[-572,81],[-1376,722],[-617,78],[-361,-94],[-48,-191],[380,-835],[-16,-571],[-166,-238],[-1025,-427],[-888,-913],[-121,-317],[51,-379],[246,-305],[428,-176],[1044,-59],[329,-267],[102,-260],[-51,-264],[-824,-1267],[29,-672],[329,-634],[-74,-221],[-223,-30],[-801,462],[-476,56],[-304,-125],[-274,-433],[51,-600],[967,-997],[-3,-462],[-128,-254]],[[1874754,3554902],[-632,-740],[-83,-298],[52,-487],[281,-584],[1120,-1068],[-4,-156],[-214,-334],[-200,-160],[-2143,-613],[-850,-73],[-1556,566],[-602,745],[-581,1045],[-314,265],[-351,131],[-395,-29],[-444,-327],[-155,-359],[-29,-472],[-799,750],[-473,222],[-562,-20],[-682,-197],[-140,-132],[-182,7],[-56,-251],[-147,0],[-124,-111],[-304,78],[-199,-50],[-135,263],[-143,-176],[46,388],[-159,207],[20,186],[-236,43],[-21,91],[224,172],[-15,94],[-176,119],[40,122],[-67,150],[-201,87],[-61,406],[-191,22],[-40,92],[58,308],[-76,144],[215,203],[-185,72],[185,191],[52,222],[-102,340],[-101,-1],[-169,175],[-119,33],[-181,-198],[-95,36],[-166,301],[-172,2],[-136,109],[-142,-66],[-472,169],[-222,320],[-159,75],[-250,-156],[-135,25],[-241,313],[-253,-138],[-49,-225],[-77,103],[-109,-10],[-103,-330],[-212,263],[-159,-62],[-53,202],[-247,171],[-31,128],[-266,-100],[55,284],[-71,123],[-93,108],[-197,-6],[-245,237],[-184,12],[6,240],[-168,-15],[-132,-183],[-139,189],[-52,-173],[-300,-92],[-78,283],[-153,-100],[-631,67],[-117,-78],[31,-182],[-104,150],[-79,-127],[-210,69],[-79,-59],[29,-162],[-120,70],[-84,-99],[-41,170],[-379,232],[-186,-89],[-186,82],[-156,-198],[-252,210],[-116,-40],[-173,110],[-110,167],[85,161],[-4,278],[134,119],[40,267],[-371,750],[-224,37],[-88,134],[-178,57],[-328,388],[-102,288],[-182,51],[37,566],[-170,283],[-285,176],[42,233],[-60,98],[-163,-32],[-108,221],[-251,149],[-232,-38],[-68,109],[-103,-111],[-147,32],[-16,425],[143,199],[-54,189],[114,149],[-65,212],[-93,61],[-222,-246],[-412,-62],[-163,161],[-267,79],[-107,153],[-277,-91],[-109,97],[7,153],[-149,36],[145,161],[19,156],[-216,231],[-482,-204],[-121,-213],[-175,104],[-236,-1],[-173,-118],[-143,47],[-85,350],[-209,40],[264,418],[-67,589],[119,129],[-95,82],[45,102],[-180,7],[-127,387],[-200,95],[-2,211],[194,180],[-51,69],[86,159],[-186,141],[-31,215],[-202,227],[-125,381],[-581,359],[-932,-240],[-309,99],[-90,-61],[-419,307],[-251,262],[97,127],[2,405],[-148,623],[-676,455],[-34,188],[138,343],[-452,431],[-367,130],[-526,-22],[-196,109],[-200,309],[-124,57],[-919,-154],[-867,285],[-433,349],[-548,41],[-720,336],[-516,475],[-699,-32],[-520,88],[-523,-203],[-663,181],[-490,1],[-321,265],[-128,-9],[-394,454],[-252,626],[-193,233],[-297,105],[-484,-75],[-108,83],[-287,716],[-157,-24],[-305,-216],[-747,62],[-290,-109],[-216,15],[-395,177],[-310,279],[-235,-26],[-464,-278],[-708,501],[18,-122],[-252,119],[-312,-198],[73,-113],[205,109],[94,-121],[1,-173],[-65,51],[-224,-125],[-100,210],[-100,-48],[-46,77],[-212,-157],[-79,32],[-1,143],[175,29],[-41,73],[85,101],[-4995,-903],[-306,-229],[-119,129],[-218,-33],[-262,208],[-362,-208],[-153,-8],[-242,314],[-122,623],[-362,368],[-425,718],[-58,285],[70,363],[-89,281],[-150,214],[-247,131]],[[1820277,3578178],[-199,194],[-27,277],[-327,206],[30,131],[-88,146],[-313,30],[-88,204],[-515,1663],[-398,817],[-59,248],[151,494],[-14,190],[-104,131],[-490,191],[-707,987],[-75,214],[6,492],[246,297],[352,106],[392,720],[363,482],[20,300],[190,529],[-181,294],[74,107],[215,76],[45,288],[215,452],[158,1581],[-68,291],[-270,318],[-80,290],[-77,945],[109,339],[-492,400],[-44,597],[-94,47],[-234,-69],[-179,222],[-241,15],[-75,246],[-353,129],[-294,361],[121,60],[-90,157],[232,17],[-157,163],[-1,126],[444,614],[41,507],[198,145],[146,386],[224,122],[129,343],[253,139],[-9,324],[408,154],[542,1042],[43,145],[-74,234],[115,82],[287,-72],[-4,267],[265,245],[62,250],[230,230],[59,254],[-139,341],[121,206],[-183,644],[75,326],[-41,274],[-420,193],[-163,190],[-58,394],[-252,263],[0,131],[134,58],[-102,437],[-282,234],[60,131],[-74,88],[-475,322],[-407,563],[-435,180],[-273,212],[-69,92],[142,231],[-347,142],[56,393],[-234,147],[27,460],[-145,335],[16,155],[568,437],[79,184],[-61,302],[-205,104],[-43,110],[911,750],[363,512],[-95,254],[-283,170],[-281,437],[-85,692],[-330,495],[83,52],[-90,132],[132,572],[-266,250],[-8,207],[50,90],[256,-68],[14,406],[-127,321],[34,231],[-96,130],[73,243],[-154,450],[55,337],[-103,31],[-100,244],[79,181],[-201,87],[-327,447],[-323,1323],[205,335],[83,947],[95,181],[-110,1097],[-172,351],[-7,293],[114,146],[-183,216],[101,178],[-46,187],[231,101],[-36,327],[314,425],[-413,59],[-87,252],[46,238],[-179,331],[0,158],[156,216],[582,470],[44,226],[-163,353],[57,137],[243,246],[465,144],[177,202],[84,178],[21,522],[403,122],[809,509],[-59,806],[52,130],[291,147],[376,638],[452,316],[103,237],[385,-63],[327,137],[275,4],[165,391],[452,-123],[480,-2],[227,205],[347,-84],[353,101],[236,168],[281,391],[-6,281],[72,118],[444,-3],[97,264],[436,285],[428,-123],[155,136],[81,300],[196,-175],[541,-210],[-35,-228],[222,-218],[176,-6],[256,177],[343,-292],[1242,-629],[137,43],[-20,142],[70,53],[356,-16],[-43,251],[1066,0],[470,-130],[438,-269],[202,45],[99,-253],[171,208],[176,53],[137,-417],[242,21],[216,-152],[307,43],[121,-122],[511,206],[-63,146],[444,306],[186,344],[288,-173],[451,-54],[166,87],[151,-23],[245,420],[416,70],[194,229],[276,-175],[518,-116],[708,216],[317,256],[281,389],[493,105],[276,202],[-16,279],[419,210],[134,159],[372,68],[304,195],[294,-22],[47,173],[155,58],[94,332],[296,136],[351,-59],[5,-111],[92,-35],[418,162],[36,-316],[503,-36],[228,282],[229,19],[709,571],[132,181],[0,286],[91,143],[333,84],[249,205],[219,446],[33,335],[-210,307],[165,382],[53,537],[134,124],[180,-35],[140,170],[189,-3],[209,119],[69,157],[172,53],[39,170],[245,195],[435,72],[10,268],[152,59],[-49,174],[173,35],[330,1120],[336,75],[2,522],[-56,56],[124,91],[23,174],[202,145],[85,201],[285,15],[-39,267],[257,142],[116,-17],[11,157],[165,5],[57,-180],[226,324],[131,-32],[53,-222],[129,-24],[156,80],[95,271],[313,-64],[245,103],[51,-134],[99,-23],[480,287],[93,-231],[1051,-570],[251,-323],[106,153],[97,-22],[-33,-291],[112,-314],[-254,-272],[72,-209],[277,-218],[473,-72],[271,-386],[365,-138],[334,111],[-78,533],[297,163],[384,-13],[87,264],[122,109],[247,-200],[187,58],[265,235],[337,-86],[378,384],[110,-20],[67,-152],[123,58],[143,-136],[111,10],[309,504],[92,771],[461,676],[98,17],[55,-167],[132,-97],[334,2],[127,85],[43,318],[284,-261],[81,167],[169,47],[97,221],[333,26],[329,254],[715,48],[175,-171],[239,-4],[45,-187],[198,-116],[169,-481],[-300,-304],[1,-154],[191,-90],[427,35],[53,-59],[-65,-192],[238,74],[256,-89],[-63,361],[326,10],[-72,406],[125,143],[184,-78],[173,116],[178,-241],[226,192],[301,82],[137,-173],[195,82],[275,-116],[-43,-140],[240,34],[31,-216],[250,164],[231,-60],[-19,244],[73,69],[360,-100],[262,367],[132,20],[241,-138],[307,99],[36,97],[-199,196],[4,169],[84,75],[248,-36],[58,156],[156,10],[-89,477],[146,117],[199,2],[19,202],[178,-81],[50,161],[286,-231],[311,253],[288,-50],[44,-51],[-108,-240],[264,-97],[34,-141],[184,-17],[204,-222],[175,71],[256,-365],[394,201],[412,-172],[131,304],[485,321],[256,20],[110,354],[435,78],[-10,278],[175,225],[445,-74],[132,148],[252,10],[175,298],[221,-156],[172,188],[273,-57],[108,285],[-119,437],[337,151],[48,322],[139,172],[-201,334],[254,-52],[223,271],[209,-138],[330,308],[20,128],[-151,123],[218,96],[-184,304],[347,136],[81,511],[137,251],[105,61],[101,-223],[113,-39],[245,479],[515,-82],[729,765],[474,81],[71,145],[-16,435],[321,-79],[113,60],[-111,314],[90,365],[230,-161],[81,-513],[200,163],[250,57],[37,138],[-326,62],[-170,224],[25,82],[253,20],[-253,295],[61,104],[265,66],[-104,276],[128,291],[715,535],[220,-31],[61,201],[160,112],[84,293],[345,73],[128,309],[290,-29],[209,91],[153,841],[72,69],[163,-121],[139,85],[123,409],[-51,205],[116,7],[216,-152],[88,38],[46,270],[-74,335],[160,107],[9,141],[96,90],[-44,224],[136,101],[615,127],[58,85],[-99,114],[76,57],[297,-66],[-26,124],[82,118],[174,65],[125,177],[207,-4],[86,223],[178,-12],[77,153],[144,31],[6,228],[293,178],[-21,181],[109,-20],[72,-226],[95,-30],[56,166],[-144,318],[371,67],[126,100],[35,159],[255,207],[499,380],[160,-1]],[[1586973,3755181],[668,93],[50,620],[335,941],[-57,104],[-275,44],[-547,-64],[-341,74],[-69,1159],[519,943],[810,685],[740,-9],[447,103],[602,1349],[320,259],[1470,280],[435,-6],[111,-43],[313,-725],[746,72],[-3,325],[133,139],[-97,732],[356,-187],[672,1288],[-553,1049],[874,10],[2125,859],[1057,-49],[76,173],[-97,908],[352,-46],[199,223],[117,319],[205,154],[581,34],[492,241],[581,543],[-300,563],[1488,901],[-958,1454],[-217,-46],[-1084,639],[-574,-1005],[196,-135],[-869,-1049],[-467,452],[424,42],[297,434],[-22,208],[101,224],[-26,444],[139,193],[39,485],[91,197],[-83,246],[59,419],[-171,236],[1588,-267],[1404,-483],[657,77],[503,213],[410,291],[234,272],[498,95],[-27,315],[693,-19],[53,243],[-141,417],[-1437,-312],[-8,335],[-168,284],[-28,205],[196,73],[-93,602],[-205,-37],[1068,613],[155,-31],[369,324],[-230,144],[-298,-90],[-225,533],[555,358],[-126,101],[47,330],[783,602],[-730,1082],[1032,913],[23,508],[-195,291],[5,169],[891,1118],[408,-40],[89,199],[293,43],[990,-136],[1409,561],[271,442],[287,919],[247,1325],[180,175],[271,65],[117,116],[211,-137],[198,197],[161,-39],[106,67],[216,-86],[155,-275],[123,-23],[79,-225],[277,33],[184,-161],[103,-312],[465,-516],[38,102],[85,-81],[191,66],[117,-107],[228,10],[200,186],[332,-670],[1017,401],[-601,991],[-351,295],[205,637],[-128,81],[-623,78],[112,444],[-395,-151],[-305,8],[-277,786],[115,221],[428,392],[-49,139],[910,560],[866,415],[749,219],[129,228],[301,-313],[-125,-356],[240,-135],[-59,-295],[106,-208],[349,3],[278,282],[473,-234],[284,10],[243,1517],[82,-603],[3450,-189],[579,-1391],[-179,-39],[-18,107],[-564,-50],[-479,219],[-34,-134],[-390,-63],[-162,-533],[691,-218],[12,-379],[411,-243],[134,-194],[-74,-1033],[737,437],[692,-1010],[746,138],[-137,702],[-964,298],[-336,793],[764,2],[-43,123],[89,9],[-496,1227],[649,408],[156,32],[167,-849],[277,-811],[124,-52],[260,86],[-163,487],[449,268],[-13,130],[627,602],[414,242],[1039,366],[383,238],[307,-508],[-170,-239],[-341,-249],[35,-159],[617,-568],[210,-103],[375,493],[1637,-465],[-51,136],[59,87],[994,-125],[4,-529],[577,-268],[228,-304],[-141,-408],[-51,-502],[1261,2],[320,130],[186,297],[222,-1],[313,825],[371,-66],[-28,276],[75,135],[403,174],[1639,33],[183,110],[257,-45],[148,639],[-127,217],[109,141],[-548,849],[76,307],[-464,465],[190,257],[-25,275],[147,2],[-12,-172],[95,-128],[1126,143],[7,-433],[245,104],[259,-58],[284,97],[54,-248],[385,351],[307,-306],[-122,-412],[-276,-357],[-289,-605],[543,-359],[-226,-345],[-28,-528],[153,-122],[6,-273],[178,-40],[103,158],[279,-180],[-130,-501],[826,-163],[48,82],[1478,8],[24,-727],[-122,-1401],[60,-103],[3184,141],[663,-187],[1155,365],[72,-30],[-29,-135],[178,-397],[742,45],[873,-250],[636,-314],[303,138],[208,-191],[153,45],[601,-335],[-42,-133],[156,-183],[302,-65],[576,497],[1225,-1550]],[[1777680,3832157],[-50,-382],[879,-1215],[-972,-498],[-1193,-447],[-1995,-1213],[-1400,-1876],[1988,-987],[-259,-675],[425,-59],[662,-390],[302,-27],[349,-298],[341,-146],[259,17],[1086,523],[840,-347],[477,362],[709,-5],[498,236],[378,-150],[194,160],[125,-3],[124,-909],[-28,-492],[-1097,-2488],[-1120,-344],[-3030,-5689],[-2486,126],[-3907,-6960],[299,-1394],[5226,-520],[-442,-1080],[-84,-2538],[-174,8],[-49,-338],[156,-656],[1037,-1719],[629,485],[1265,-1048]],[[1777642,3799181],[-2449,-1150],[542,-2333],[-1348,295],[-1719,-1010],[-340,1393],[-122,-11],[-2179,-666],[-370,-643],[-15,-118],[200,-395],[513,-697],[894,-404],[-142,-283],[-126,17],[27,-592],[106,-22],[-158,-276],[-628,-367],[198,-366],[-216,-1664],[-2183,-3361],[1285,-2368],[208,-131],[421,-16],[-8358,-2400],[1426,-221],[1044,17],[-89,-785],[-163,-393],[-613,-620],[-499,-1002],[-243,70],[184,403],[-224,188],[-312,192],[-388,-252],[-83,272],[-150,-34],[-184,-306],[-275,-908],[-283,-503],[-368,-369],[-532,607],[-932,629],[-367,552],[-580,-116],[75,710],[-360,51],[-101,-909],[-153,37],[34,419],[-178,7],[-36,-395],[-158,16],[16,392],[-108,0],[-636,766],[-994,855]],[[1679106,3824473],[809,697],[344,516],[773,581],[441,-416],[289,695],[813,-654],[641,809],[1130,-547],[367,-95],[42,-305],[303,-192],[806,1386],[227,914],[260,-77],[526,-466],[678,419],[500,-3506],[386,87],[510,-273],[264,625],[828,1036],[659,311],[180,-152],[418,-149],[763,38],[1375,852],[440,352],[112,297],[16,394],[130,273],[1870,-597],[999,22],[1163,-286],[169,-118],[-557,-1585],[640,-386],[235,340],[956,-171],[-39,-529],[732,-47],[894,328],[256,-112],[1841,-221],[668,-1287],[1137,81],[1036,-140],[391,243],[-210,-1192],[147,-2458],[223,11],[301,440],[76,-92],[-126,-88],[277,-773],[208,50],[406,395],[1091,159],[2512,-1327],[-369,-59],[-98,-302],[-462,-750],[578,-244],[-127,-386],[3033,-687],[-282,-1291],[1843,-247],[556,56],[-413,-423],[137,-1337],[2798,-123],[5,575],[880,266],[841,56],[885,-106],[704,-338],[129,478],[324,302],[845,-1152],[379,881],[104,458],[313,-40],[150,827],[803,-149],[1143,151],[243,195],[-80,572],[207,300],[402,-59],[437,-309],[1637,-1636],[479,289],[-234,120],[374,422],[123,595],[1001,-148],[1220,-409],[26,88],[673,-492],[234,484],[143,-67],[123,302],[1634,-137],[271,-278],[935,200],[912,32],[191,104],[287,402],[838,96],[-815,239],[-576,512],[1564,-359],[911,-616],[131,-228],[-164,-726],[35,-239],[1517,-2049],[283,0],[505,581],[401,106],[305,-106],[216,-277],[333,-135],[273,-242],[554,-54],[752,-287],[830,-62],[500,162],[168,239],[-79,208],[-263,249],[-287,463],[-28,313],[114,225],[300,139],[285,-65],[556,-968],[984,4072],[871,31],[378,-214],[319,247],[1091,1263],[-161,293],[1132,881],[-1595,3950],[350,295],[184,22],[659,-280],[826,-557],[5763,-462],[1837,52],[993,-176],[153,18],[888,788],[674,142],[1038,364],[195,246],[-81,662],[102,376],[425,394],[574,126],[109,96],[-70,1709],[332,720],[-154,245],[-588,282],[-119,972],[413,430],[-110,330],[-212,255],[-7,353],[-138,334],[32,252],[367,-203],[442,13],[-3,331],[360,692],[915,748],[231,371],[244,-52],[135,-333],[245,-69],[32,-202],[560,-224],[315,131],[293,-78],[933,204],[210,-53],[131,-199],[255,-69],[73,-139],[2840,721],[644,78],[173,-838],[2088,427],[159,-137],[-121,-251],[409,-148],[548,711],[1608,-308],[-21,-166]],[[1779770,3834811],[198,437],[-1344,457],[-82,-202],[-464,117],[-76,-202],[-1354,180],[38,326],[-88,365],[-666,16],[-124,588],[-365,77],[-317,343],[72,169],[-450,233],[760,685],[246,131],[-36,102],[-176,37],[-438,-391],[-124,54],[355,280],[-3,435],[188,-15],[24,-256],[398,-33],[201,-134],[790,-19],[230,149],[38,365],[-65,368],[-637,874],[-271,1421],[41,290],[645,832],[14,248],[-805,789],[-127,271],[614,391],[245,31],[-32,174],[80,80],[130,-128],[85,62],[113,443],[-762,852],[409,778],[-488,193],[161,2046],[-1043,1329],[972,4102],[-1473,516],[152,1060],[994,2444],[1,246],[-323,668],[-1004,-230]],[[1774827,3859255],[267,378],[91,267],[13,457],[217,-43],[-33,435],[406,191],[76,188],[-91,604],[-160,341],[45,327],[-157,821],[-223,242],[-586,224],[-456,421],[-11,109],[-107,-99],[-11,176],[293,502],[-206,191],[-79,241],[-286,-27],[-69,185],[41,273],[-307,377],[-54,174],[-233,-117],[21,577],[-425,322],[80,281],[-418,332],[-43,363],[185,441],[-19,514],[-200,259],[-587,238],[-126,424],[370,502],[24,648],[-226,342],[-102,579],[-512,530]],[[1771229,3872445],[-346,408],[-262,509],[-469,554],[-244,432],[-877,720],[-295,435],[-51,250],[133,1230],[-100,317],[-3,547],[5109,2685],[5727,4880],[1504,21],[479,237],[220,-9],[365,-424],[512,-227],[-20,-78],[-420,-205],[-54,-214],[342,-508],[429,-187],[139,-408],[3384,3234]],[[1786431,3886644],[190,-224],[5739,10575],[3323,1891],[225,736],[2533,670],[2021,49],[476,-109],[641,37],[-214,-1303],[1012,54],[399,999],[1313,36],[454,1242],[1122,-99],[73,1215],[142,472],[608,837],[486,899],[666,2052],[862,-132],[1559,464],[431,40],[126,574],[1110,1331],[362,-352],[229,191]],[[1812319,3908789],[1243,-307],[797,-6673],[161,-341],[210,-187],[1096,-290],[76,-1535],[-213,-573],[416,-499],[52,-701],[395,-760],[-88,-139],[1886,-870],[826,-492],[2387,-1091],[92,-1213],[155,-73],[-293,-568],[-37,-301],[122,-42],[-114,-124],[343,-149],[-720,-950],[-4,-681],[227,-125],[-65,-323],[265,-310],[-191,-259],[-8,-388],[155,-154],[-55,-144],[68,-154],[201,7],[155,-180],[-137,-232],[200,-242],[-25,-340],[408,-132],[311,-351],[0,-144],[141,28],[182,-83],[257,239],[76,-124],[178,44],[549,-162]],[[1823999,3886701],[-257,-906],[84,-441],[-1028,382],[-128,-751],[-272,137],[-167,-579],[-519,93],[-34,-366],[127,-79],[-100,-183],[-191,-37],[-58,-1151],[-236,-625],[-104,-117],[-450,-35],[5,-708],[1292,-316],[0,-320],[-111,-293],[-435,-366],[-405,-512],[779,-679],[-2414,-2027],[194,-219],[61,-386],[276,-15],[17,-503],[-490,-198],[-174,-606],[310,-207],[202,-404],[188,38],[-25,-201],[-251,-418],[254,-379],[461,-291],[179,-418],[10,-431],[-1209,-436],[-321,-202],[-448,-452],[-215,-82],[515,-548],[-144,-435],[-3,-1068],[-83,25],[-54,-142],[-168,-5],[7,-96],[98,5],[-75,-418],[-440,-252],[-48,-154],[64,-78],[164,101],[241,-246],[624,-334],[-472,-806],[-655,-486],[-711,-270],[-210,-1041],[-671,-580],[-836,-1000],[-539,-431],[-182,-331],[-279,-203],[-271,-54],[-486,-470],[1188,-820],[-212,-241],[-89,-303],[-701,-613],[619,-737],[235,-60],[556,-336],[417,71],[68,-616],[193,5],[37,-72],[-69,-196],[120,-696],[-759,-108],[-678,163],[-246,-10],[-483,-1460],[7,-1355],[1208,-100],[-254,-1006],[543,-604],[119,86],[688,-506],[-50,-616],[-813,-1166]],[[1815426,3850399],[-811,342],[-249,482],[-741,104],[-184,-217],[-877,860],[-409,-495],[-670,332],[-1207,-68],[-120,-307],[-447,216],[-103,-78],[-59,180],[-796,-383],[-342,-75],[-354,297],[-425,-664],[-556,-290],[-426,-954],[-2149,-1152],[83,-178],[355,-155],[16,-319],[-2329,-1513],[-223,182],[-725,-802],[-653,318],[9,259],[-404,-306],[80,-65],[-483,-444],[-650,236],[-656,-1135],[-1378,-627],[-540,612],[-523,360],[-41,203],[-679,-33],[-411,-416],[-1234,-759],[-771,575],[-1604,-2462],[-1119,99],[-134,474],[-204,258],[-2678,80],[-137,-2969],[-415,-396],[-325,-479],[-510,-316],[-801,-31],[-223,-152],[-495,-98],[-689,-299],[-926,742],[-1268,-1940],[-1096,-2385],[-950,163]],[[1913419,3809208],[1158,526],[849,285],[-440,1160],[450,164],[-2,446],[-1012,1671],[-388,-119],[-248,563],[419,46],[-1015,1260],[-93,414],[-324,725],[-1,1840],[-2047,-51],[-836,197],[817,2196],[569,98],[514,1370],[636,-95],[-193,159],[-11,268],[-164,163],[-1484,525],[25,114],[-1985,951],[-25,-120],[-285,-174],[26,-199],[-85,-72],[337,-267],[222,-427],[134,-48],[-36,-316],[203,-94],[-153,-86],[181,-93],[-166,-102],[62,-74],[-84,-346],[75,-27],[-2567,-1967],[-495,342],[-140,-132],[-398,341],[-289,-172],[-268,347],[-105,-107],[-206,279],[-192,-256],[-163,196],[216,192],[-69,125],[-1728,-895],[-540,709],[-1062,-36],[-1306,433],[-1918,1635],[-323,416],[-81,130],[166,1083],[-1089,409],[-505,-104],[-114,246],[-450,308],[-859,333],[-906,647],[-1451,-35],[-22,-637],[-487,-17],[55,-1204],[-50,-144],[-270,87],[-395,-113],[-1273,-657],[-542,141],[-703,-5],[-469,146],[-312,-91],[-156,146],[-212,484],[-584,303],[-391,360],[-264,55],[-533,-132],[-111,163],[-134,645],[-146,198],[-424,209],[-142,413],[-465,549],[-245,175],[-325,-152],[-465,-33],[-222,-586],[-455,-422],[-140,228],[-268,1706],[-510,1496],[-562,385],[-2227,839],[-815,463],[-166,140],[-44,234],[-121,120],[-1102,1006],[-580,368],[-600,250],[-1021,-1829],[-497,513],[739,1477],[-734,-100],[-377,-1353],[-272,-68],[-83,14],[113,1365],[-258,711],[-417,-208],[-278,-242],[-347,260],[-312,-254],[-915,72],[543,937],[-635,75],[-443,-1031],[-408,-71],[-274,45],[464,1163],[-574,181],[-940,63],[-965,381],[-441,277],[-872,-124],[-34,106],[-1523,743],[-18,875],[310,328],[15,649],[203,-2],[65,660],[-1296,70],[-413,-76],[-1032,625],[-337,48],[33,179],[-1148,308],[-7,660],[-267,497],[-1888,-255],[92,505],[-902,201],[-118,-374],[-406,14],[29,188],[-143,139],[-641,424],[-255,-42],[-850,423],[-560,493],[-402,48],[-30,-1230],[-304,-141],[130,-664],[-322,134],[-650,-83],[-511,-514],[-1168,-553],[-1860,-211],[-1221,-281],[854,-1327],[896,-559],[-1179,-1137],[-207,170],[-612,223],[-36,358],[-697,526],[-706,280],[-826,774],[-177,-276],[-1399,-875],[-544,-454],[-585,-885],[-537,-144],[-11,79],[-218,-12],[-329,184],[80,112],[-273,145],[-355,-455],[-25,-855],[-362,-165],[-1439,18],[-1251,1438],[-424,-582],[-256,-594],[-103,-491],[-334,-295],[-292,-223],[-1316,33],[-274,-516],[-255,-18],[296,-3232],[-8009,1777],[-2882,548],[144,-1930]],[[1825024,3831007],[-1278,396],[-461,-884],[-624,-48],[-1319,1433],[-382,279],[-1423,555],[-2106,1346],[-390,-8],[-699,2553],[-5,503],[-1341,651],[1849,2706],[2311,-1253],[444,555],[144,324],[332,1915],[-81,1062],[-1415,172],[-1889,975],[70,647],[559,219],[136,586],[1363,215],[933,-225],[2164,-745],[347,36],[11,283],[-537,474]],[[1821737,3845729],[632,-58],[207,-163],[913,-49],[1189,398],[574,-9],[536,-81],[1086,-568],[1836,211],[486,322],[1134,531],[-334,1090],[-202,-54],[-44,172],[176,54],[-190,535],[242,1010],[91,322],[713,51],[414,-294],[212,1106],[437,-436],[378,-559],[422,-199],[214,-16],[239,114],[858,680],[268,49],[292,-109],[301,248],[298,93],[1178,-233],[95,-162],[1426,-555],[-30,-633],[774,504],[629,237],[72,233],[-151,498],[88,441],[678,391],[741,717],[236,1226],[-63,416],[167,114],[36,299],[229,547],[408,554],[-1309,1528],[-9,860],[-1680,941],[127,318],[-5,469],[126,348],[1170,-669],[563,935],[659,-607],[175,120],[42,293],[1566,-311],[517,1143],[-751,959],[-403,234],[148,739],[109,170],[134,136],[575,266],[-183,265],[70,20],[-90,313],[87,36],[67,-101],[193,92],[125,-76],[303,15],[-16,51],[305,67],[0,-94],[116,83],[387,-27],[0,72],[142,-1],[-2,169],[74,-172],[253,-15],[36,511],[-75,448],[-81,247],[-350,518],[1131,734],[519,204],[618,2077],[1161,-26],[148,631],[-1051,-102],[-1105,94],[138,453],[-99,471],[96,283],[375,446],[215,457],[134,643],[654,1419],[237,1],[228,662],[173,-39],[252,547],[1201,-261],[435,202],[1084,85],[1640,-203],[227,623],[140,961],[709,788],[459,381],[239,27],[432,-162],[410,812],[87,375],[327,388],[393,907],[617,804],[209,463]],[[1815426,3850399],[-251,-386],[1197,-964],[992,-198],[131,-329],[565,674],[1457,-580],[586,-415],[67,-466],[408,-379],[449,282],[436,130],[381,295],[120,-656],[-251,-32],[-330,-824],[-1214,-99],[-125,-517],[490,-76],[834,30],[369,-160]],[[1825024,3831007],[486,-175],[2371,-1873],[1106,308],[966,-624],[-626,-1452],[-466,-1335],[-343,-1641],[32,-58],[1285,-19],[885,-563],[-391,-748],[-1303,-1556],[114,-1052],[-59,-99],[-827,27],[-425,-114],[221,-817],[1788,87],[853,-838],[363,-791],[177,104],[420,-626],[1057,-715],[894,-464],[-803,-966],[190,-254],[-128,-109],[141,-279],[230,81],[746,-942],[-2173,-2373],[22,-146],[-289,-604],[-147,-76],[-187,33],[142,-163],[336,-1178],[242,18],[-224,-816],[-496,-708],[67,-34],[-757,79],[-343,177],[-125,-30],[-35,-134],[-159,102],[-24,-171],[-135,90],[-175,-309],[-361,-260],[-228,-44],[-220,-288],[36,-239],[242,-219],[494,-851],[22,-293],[305,-422],[133,-329],[188,-111],[467,34],[162,-206],[-19,-211],[-200,-124],[-137,-311],[191,-172],[-115,-299],[106,-197],[-24,-172],[460,-330],[-295,-98],[115,-182],[-62,-221],[41,-215],[-171,-408],[-249,27],[-303,-293],[112,-87],[-118,-257],[118,-113],[-136,-87],[103,-102],[-85,-118],[201,-294],[130,-54],[-115,-56],[-18,-109],[66,-38],[100,79],[32,-62],[-71,-54],[208,-145],[-118,-2],[-86,-218],[100,-56],[116,114],[-18,-194],[441,-98],[327,37],[234,-89],[42,-213],[-201,-801],[212,-104],[154,-311],[-156,-283],[-19,-245],[115,-394],[-113,-146],[-70,-419],[-727,-248],[-232,-262],[-8,-202],[-120,-26],[-95,-173],[-384,-99],[-58,-248],[-153,-77],[56,-316],[117,-150],[-44,-195],[305,-677],[-113,-705],[-130,-73],[69,-79],[-81,-115],[-4,-346],[-279,-184],[-75,-145],[83,-111],[191,8],[-23,-185],[84,-191],[-220,-143],[239,-17],[-116,-436],[162,-61],[-92,-197],[88,-258],[-160,-114],[-46,-226],[-150,-92],[41,-190],[-182,-24],[-40,-110],[112,-285],[165,-153],[115,45],[67,-103],[-186,-400],[50,-151],[276,-124],[-12,-117],[-178,-105],[69,-192],[273,-298],[483,-247],[216,-402],[21,-791],[-130,-459],[74,-389],[-190,-302],[-42,-352],[23,-242],[276,-347],[-271,-219],[33,-205],[-323,-456],[-33,-654],[737,-844],[-21,-217],[170,-99],[99,-644],[519,-920],[-49,-230],[129,-116],[250,-646],[82,-94],[752,65],[391,-465],[190,-1004],[-18,-958],[-267,-1184],[179,12],[116,-149],[-825,-1000],[-377,245],[358,-1048],[-121,-608],[205,-715],[-88,-650],[169,-728],[-102,-595],[414,-1080],[-102,-909],[180,-1057],[-60,-235],[-714,-801],[-294,43],[-444,-268],[-1522,348],[-517,-512],[-642,482],[-423,-702],[-353,67],[-534,-86],[-1118,89],[-342,-60],[-261,-305],[-292,-852],[-136,-1043],[117,-547],[-292,-1299],[-804,65],[-872,285],[-458,-750],[225,-252],[55,-238],[-1187,-17],[-708,-1617],[-537,-559],[782,-1029],[2050,204],[-177,-673],[477,-36],[345,-1401],[145,-121],[816,106],[185,135],[90,623],[-256,979],[655,265],[-69,329],[449,549],[596,-20],[399,136],[481,-70],[111,-503],[212,-306],[222,-77],[476,89],[155,-212],[173,-34],[-139,-507],[63,-504],[102,-112],[272,223],[388,-255],[438,195],[599,-35],[799,275],[83,-18],[1,-188],[61,-12],[1152,48],[126,-153],[314,-65],[63,-492],[-106,-462],[8,-355],[570,-180],[744,57],[429,-79],[118,-479],[331,-327],[-419,-743],[4,-906],[139,-308],[787,-626],[756,-1076],[467,-984],[550,46],[1560,907],[738,596],[899,-910],[652,-427],[-7,-670],[-1322,-242],[-442,-45],[-190,56],[203,-979],[-1230,-151],[187,-1403],[-303,-269],[596,-614],[412,-130],[-787,-796],[36,-167],[-251,-339],[9,-313],[-218,-870],[-692,-1436],[1041,-913],[228,-77],[-201,-452],[147,-591],[194,-407],[216,-118],[330,-2103],[341,69],[317,-359],[593,-433],[154,-1051],[-401,52],[-534,-1208],[207,-694],[223,-361],[-4,-242],[154,-315],[-15,-210],[454,56],[194,118],[821,9],[-180,-838],[213,-1044],[-189,-193],[-1074,-592],[576,-218]],[[1841903,3728485],[-126,-122],[-496,-4],[-120,-306],[-388,26],[-39,-114],[104,-393],[-298,-155],[-154,95],[-221,-357],[-142,-7],[-56,194],[-242,-74],[-178,153],[-57,-114],[-124,186],[-180,-140],[-13,-137],[-288,-325],[-351,47],[-116,-255],[-138,123],[-226,41],[-352,-82],[-96,88],[-144,-21],[-62,112],[-126,-130],[-38,-202],[-1142,100],[-331,95],[-398,-100],[-147,122],[-215,-81],[-716,352],[-102,-166],[-164,-25],[-197,-172],[-387,87],[-49,-163],[-175,11],[-4,-152],[-242,73],[59,-160],[-118,15],[-366,306],[7,-174],[-197,-196],[-142,-68],[-223,29],[24,-138],[-186,-92],[87,-619],[-245,-1187],[-130,-1252],[665,-1001],[1041,179],[607,-727],[823,-211],[168,117],[307,512],[283,1157],[1603,-526],[697,-85],[189,-62],[1,-77],[-159,-107],[-27,-110],[779,-998],[456,-1168],[-116,-191],[-575,-131],[-213,47],[-2926,-1353],[-125,-171],[-608,-300],[-201,-221],[-1850,63],[-243,-344],[-197,-98],[-323,841],[14,238],[351,68],[-396,1142],[-1913,-367],[-370,1660],[-731,99],[-847,-1174],[-139,74],[-1153,1328],[-146,316],[95,1021],[-228,495],[-391,157],[-16,208],[-228,322],[120,313],[429,424],[-271,149],[-1530,370],[-977,521],[-459,-27],[-1119,1149],[-162,-315],[-436,-398],[-76,29],[-267,593],[-812,465],[-613,90],[49,1666],[-804,263],[-123,159],[359,501],[-865,663],[-368,-521],[-1055,16],[-22,115],[165,95],[-33,108],[-172,55],[346,1051],[659,14],[-112,407],[-532,9],[273,849],[232,379],[176,662],[-157,161],[-404,219],[-864,690],[-744,249],[-1344,199],[-914,-215],[-631,77],[-563,-182],[-366,278]],[[1811508,3735009],[320,427],[-2140,948],[-291,312],[-752,462],[1555,1239],[-487,321],[-516,-286],[-589,-10],[-134,-366],[-255,-201],[-227,-25],[-256,255],[-132,195],[155,217],[-264,346],[-23,174],[-49,488],[58,529],[-141,654],[-1,416],[-343,299],[-210,360],[52,598],[100,190],[-27,263],[-427,507],[-701,-267],[-223,56],[-248,191],[144,246],[184,742],[1166,-282],[189,256],[838,357],[365,344],[344,411],[299,629],[-1084,850],[-935,416],[-262,196],[464,1412],[-307,242],[315,274],[842,399],[827,-444],[779,-265],[21,52],[-94,1006],[-630,408],[-5,640],[90,60],[56,651],[-42,186],[-1042,850],[-496,215],[306,231],[584,227],[568,417],[678,-1512],[794,-238],[467,22],[542,356],[429,608],[-173,414],[-5,675],[252,986],[235,267],[391,-236],[768,548],[-236,163],[215,122],[214,7],[359,-125],[402,578],[-958,667],[-64,533],[-327,329],[-214,514],[-469,59],[-362,234],[-468,-426],[-80,795],[136,425],[-1217,530],[-542,435],[1287,1733],[904,-513],[423,562],[750,-401],[471,-443],[262,324],[-485,484],[-239,-42],[-90,407],[-196,312],[143,-13],[227,226],[614,-271],[792,-217],[134,313],[-502,375],[-375,1217],[-355,271],[-344,4],[-3,231],[-78,80],[-665,147],[-856,69],[-1020,569],[-224,413],[720,944],[24,574],[-497,297],[-582,-107],[196,-1027],[-964,-32],[150,1490],[-799,178],[-348,-607],[331,-48],[-65,-497],[-601,-41],[-11,-140],[-618,31],[-450,-116],[-553,293],[-415,620],[387,291],[-107,155],[-12,260],[86,346],[212,224],[-109,295],[130,156],[-189,347],[555,509],[219,71],[-103,481],[-144,216],[-446,-366],[-379,-20],[-374,768],[-1722,1894],[-109,35],[-66,-77],[-356,69],[-134,-294],[-550,49],[-658,-63],[-8,325],[-790,-7],[315,772],[307,382],[23,579],[165,558],[572,57],[722,315],[-121,412],[50,678],[-92,244],[-134,-54],[-439,1898],[-755,-176],[9,650],[400,457],[-230,946],[-565,-2],[-216,-642],[-339,170],[-752,129],[-562,208],[-122,75],[31,492],[-168,100],[-843,178],[-1223,-41],[-697,1240],[-103,672],[-779,-599],[-690,-199],[-1228,2632],[-855,-183],[-497,688],[-290,173],[-996,2546],[-3143,2140],[410,441],[-4485,262],[-494,-535],[-63,-1117],[-170,-299],[-308,-150],[-581,78],[-452,-66],[-1075,951],[-792,581],[2606,2288],[-4037,5388],[-661,-206]],[[1777680,3832157],[790,-151],[3423,-1001],[458,287],[514,1671],[-86,90],[157,382],[127,-11],[195,452],[-314,-42],[-321,-298],[-652,-325],[244,827],[-715,222],[-80,-262],[-501,101],[-361,119],[112,209],[-1030,207],[130,177]],[[1774827,3859255],[-316,-459],[-520,-81],[-115,-109],[-146,-541],[-269,-207],[-356,-13],[-376,-263],[-205,-300],[51,-168],[-550,-161],[-429,-234],[-88,0],[-43,217],[-30,-164],[98,-125],[-269,-301],[-159,301],[-125,-42],[31,-451],[202,-272],[-760,-752],[102,-342],[431,-456],[479,-16],[-67,-807],[-658,54],[-52,-608],[-129,9],[-29,-1089],[-665,22],[-27,-708],[-364,-458],[581,-435],[-162,-212],[-39,-207],[143,-411],[-89,-318],[70,-375],[-185,-237],[20,-417],[295,-803],[-357,-798],[-106,-113],[-620,-244],[-360,455],[-1856,957],[-483,461],[-1002,473],[6,-756],[-191,-917],[308,-292],[-644,-1001],[263,-321],[415,-262],[-77,-230],[-256,112],[-339,-432],[-808,547],[-99,-346],[-363,-461],[169,-41],[-139,-399],[-1452,563],[-53,-247],[-224,-168],[-2465,956],[-27,-235],[-778,30],[544,-1469],[22,-308],[-781,-2589],[-769,172],[84,473],[-881,169],[-788,389],[-195,8],[4,-163],[-242,8],[8,-146],[-170,-29],[-21,167],[-155,14],[-285,-893],[-359,-434],[-929,-445],[-46,742],[-278,357],[-277,820],[-882,708],[-445,919],[-1050,-810],[-491,241],[-1786,-1323],[-1123,-1004],[-581,-58],[-121,689],[-1436,-181],[-421,1608],[-178,34],[375,3491],[217,2911],[-922,665],[-239,2],[-98,98],[-228,686],[427,165],[92,176],[203,47],[82,152],[-341,81],[52,153],[150,-40],[-45,139],[-1744,786],[-1451,27],[-713,175],[349,622]],[[1740708,3852609],[141,359],[-30,344],[-109,394],[-461,572],[81,58],[114,-124],[426,-35],[7,81],[297,-27],[20,88],[-1014,210],[-16,67],[61,177],[149,-18],[240,166],[85,208],[109,-63],[131,222],[-34,106],[229,-32],[61,167],[-120,156],[40,87],[-144,34],[-3,452],[46,337],[241,495],[549,458],[278,344],[105,724],[94,181],[197,86],[426,-103],[760,25],[523,174],[254,268],[398,-385],[-240,-117],[620,-1059],[-296,-564],[526,-271],[661,-43],[-9,-79],[196,9],[137,336],[184,-65],[217,-147],[635,-777],[895,-299],[68,-573],[-92,-467],[361,47],[21,-130],[534,24],[51,-159],[-447,-153],[60,-238],[-960,17],[-43,-588],[1242,-342],[160,-310],[1086,225],[1285,373],[390,189],[1613,-205],[162,239],[2060,88],[375,545],[114,908],[1095,-234],[-36,223],[206,487],[20,451],[-679,906],[-37,708],[-570,663],[256,558],[-67,187],[-277,146],[-242,-18],[-215,81],[-357,343],[63,1624],[193,592],[-260,414],[-340,159],[0,229],[92,141],[-64,98],[-182,38],[-340,518],[-328,45],[-535,-24],[-722,-514],[-736,1078],[-66,242],[126,160],[2385,2695],[1512,1108],[732,422],[4571,2001],[2349,1294],[-47,56],[-295,-76],[-1649,-953],[-90,123],[63,138],[242,-113],[19,119],[-139,149],[119,109],[-178,77],[-106,-142],[-76,35],[-127,416],[38,86],[494,173],[103,164],[-216,162],[-48,-48],[-196,244],[-155,5],[-194,-253],[-434,365],[-100,-187],[-68,5],[15,-83],[-102,25],[-95,101],[4,210],[1495,-5],[351,-344],[386,-87],[169,14],[704,380],[246,-126],[552,-92],[412,155],[74,101],[2841,-124],[1516,-1047],[364,-14],[338,-137],[182,169],[41,168],[416,350],[206,120],[202,-40]],[[1890303,3534210],[-682,55],[127,516],[-1902,905],[465,871],[270,712],[262,710],[184,895],[-270,314],[-646,-216],[-1492,-96],[-1156,2807],[150,504],[-275,1376],[-333,-112],[-608,966],[-319,897],[-987,-743],[-588,-297],[-93,555],[290,1361],[-164,468],[-301,337],[-199,22],[-556,781],[-1722,579],[-622,26],[-238,185],[-65,-56],[-31,175],[-139,-48],[-91,411],[-557,367],[189,167],[-11,95],[-150,8],[-269,531],[-402,468],[-50,156],[63,209],[-103,302],[57,96],[-84,79],[135,147],[-115,-7],[-2,147],[-188,160],[-194,-34],[-131,79],[-76,173],[113,174],[-606,283],[-8,326],[-80,122],[-392,1],[-186,348],[-379,58],[-328,296],[-42,144],[123,313],[-145,624]],[[1734488,3937381],[1531,-2086],[251,-912],[48,-692],[198,-145],[-61,-1672],[527,-650],[-113,-462],[-356,-383],[-70,-1785],[-102,-760],[452,-553],[240,-497],[614,-478],[450,342],[909,416],[0,75],[1210,88],[212,-622],[-514,-657],[-198,-505],[143,0],[2,-103],[1109,-1162],[956,718],[-704,1623],[495,280],[228,472],[410,189],[-576,605],[1876,1144],[460,683],[1123,-442],[655,224],[3210,669],[220,-573],[52,-361],[-96,-624],[628,154],[721,305],[278,-339],[1537,-1299],[717,-775],[-358,-793],[589,-462],[232,-938],[-448,-965],[1526,176],[324,-83],[730,-849],[53,-152],[-172,-784],[100,-137],[706,294],[399,292],[-62,121],[182,91],[67,-122],[400,181],[-150,304],[374,20],[254,108],[201,346],[660,-194],[238,7],[171,474],[548,-255],[-640,-1232],[679,-176],[389,-201]],[[1760152,3921902],[630,-645],[1328,345],[226,-365],[-393,-211],[260,-243],[-841,-795],[514,-365],[-402,-606],[431,-422],[-100,-85],[-46,-329],[54,-606],[199,-453],[113,-532],[-611,-420],[-307,-420],[-353,-1167],[796,-464],[552,-477],[382,-586],[-505,-1080],[-886,-819],[-910,-546],[596,-1175],[173,18],[60,-138],[-299,-54],[51,-588],[299,-648],[37,-1081],[323,-930],[-1312,-691],[-648,-829],[-664,-605],[555,-390],[521,-172],[199,-160],[244,-505],[25,-692],[674,-388],[962,40],[382,-55],[1106,-539],[430,10],[722,279],[161,-157],[124,-540],[959,-880],[514,-59],[392,77],[285,275],[145,1157],[292,650],[425,327],[384,18],[591,-490],[190,-413],[-208,-472],[-700,-627],[-81,-215],[48,-218],[308,-204],[890,112],[1305,-262],[400,112],[417,350],[422,690],[188,824],[229,318],[344,157],[643,63],[476,-43],[539,-260],[209,65],[140,225],[-99,900],[119,160],[1084,-90],[1348,-705],[519,-530],[201,-85],[923,590],[489,183],[577,82],[502,-118]],[[1780413,3902285],[339,-394],[91,-374],[-611,-1380],[-120,-605],[71,-360],[406,-213],[409,68],[354,230],[315,408],[142,17],[177,-141],[173,-410],[325,-183],[71,-260],[4,-299],[-105,-290],[-596,-385],[-374,-466],[124,-986],[-61,-1068],[120,-437],[538,-220],[887,44],[199,-96],[195,-261],[679,-1371],[-138,-219],[-703,-580],[-57,-168],[152,-215],[496,-282],[458,-671],[248,-126],[1130,687],[478,42],[79,-90],[-27,-176],[-424,-399],[-61,-234],[172,-114],[637,-17],[181,-132],[-53,-243],[-596,-391],[57,-174],[441,-352],[-266,-2030],[62,-325]],[[1740708,3852609],[-1757,-26],[-119,-265],[77,-291],[-92,-197],[-959,-13],[-312,-715],[-1583,375],[-1782,620],[-591,-806],[-3329,1354],[200,272],[-379,705],[29,1519],[-577,38],[-139,-453],[-419,-715],[-369,326],[-609,283],[-978,14],[229,2465],[-336,56],[-653,-4088],[-1909,198],[441,1176],[-624,336],[-80,-388],[-1417,227],[-684,293],[241,721],[-539,196],[39,601],[-441,494],[-614,378],[209,1630],[267,112],[-50,428],[-805,200],[-465,-38],[219,-379],[-388,-1937],[-1770,1068],[-164,-194],[-169,-676],[-237,-173],[-231,-30],[-1551,453],[52,239],[234,266],[-40,189],[170,84],[-123,171],[229,1132],[-102,869],[-755,-150],[-811,19],[-519,-96],[-406,46],[-237,-222],[1020,-2014],[-618,-356],[-450,-815],[-300,-332],[-855,-498],[-503,-178],[-66,-148],[-220,12],[-330,-232],[-564,-172],[-190,-340],[-320,-247],[-160,-320],[-451,-462],[-125,-299],[-344,-119],[-376,-271],[-197,-520],[-353,-126],[-22,-148],[99,-126],[-95,-116],[23,-314],[-912,105],[-727,-442],[-566,122],[-573,-80],[-243,42],[-282,-126],[38,-928],[350,-696],[-1359,-953],[323,-500],[10,-131],[-505,38],[-9,-399],[-241,122],[-260,-600],[161,-95],[-14,-123],[-27,-61],[-180,61],[-346,-765],[-1733,832],[-2185,612],[84,-622],[-534,36],[37,567],[-539,2055],[-662,-139],[-780,-305],[326,-725],[-347,-122],[20,-2338],[-269,-62],[-297,389],[174,823],[-642,831],[-583,-129],[-61,-446],[-1125,126],[-21,113],[-261,-30],[-1430,-1342],[-201,55],[-1044,-482],[-751,448],[-10,394],[-481,-112],[-496,94],[-165,-239],[-972,1102],[-148,-120],[-308,269],[-37,228],[-964,13],[112,-302],[-341,-605],[-2969,44],[-375,301],[-418,538],[-196,385],[-378,108],[-105,344],[428,141],[-166,231],[461,529],[506,253],[-104,313],[1003,191],[595,722],[-1053,785],[-337,374],[-762,-455],[-91,126],[-296,-138],[-554,702],[-868,693],[-1475,891],[-401,11],[98,2256],[-3621,-50],[25,-347],[-516,-347],[-614,511],[-1673,-704],[-360,169],[-418,434],[-1021,658],[-2191,-1313],[-735,-521],[-361,13],[-202,-250],[-71,85],[76,140],[-515,-239],[-162,134],[-183,-184],[-186,52],[-201,233],[-290,-24],[-106,74],[-301,-161],[-99,130],[-185,50],[162,201],[-226,88],[-248,-56],[-137,-118],[-240,-9],[18,170],[-81,147],[54,127],[-164,78],[-32,449],[-178,13],[-311,-153],[-75,71],[-6,195],[-388,-24],[-239,656],[-105,101],[25,409],[-385,-67],[-143,49]],[[1661771,3857842],[-83,424],[212,126],[198,-22],[388,214],[-169,485],[-99,-3],[-14,-244],[-94,-44],[-381,236],[-126,172],[-336,98],[-168,-86],[-127,29],[-288,366],[-377,70],[-84,174],[-275,-220],[42,263],[-161,23],[-84,112],[149,401],[-37,103],[-606,-354],[-82,-276],[-157,36],[-255,-139],[5,316],[-331,97],[-50,167],[177,638],[304,234],[154,-59],[-211,118],[-151,-80],[-13,410],[-263,36],[119,201],[-109,85],[1,260],[-227,100],[-220,-276],[-97,139],[43,244],[-352,186],[-250,-1],[-260,-187],[-309,931],[-273,146],[-142,221],[-225,-1],[-433,-369],[-151,-5],[74,-180],[-381,-185],[-162,174],[-319,51],[-35,340],[-194,-70],[-173,69],[-78,256],[-234,199],[-196,29],[86,227],[-69,117],[-218,67],[-104,-122],[54,-475],[-124,-333],[-675,-456],[-544,-540],[-544,-76],[-94,101],[12,648],[-109,164],[-488,-164],[-322,44],[-461,209],[-342,-173],[-656,149],[-79,-120],[-220,-28],[-102,80],[28,386],[-65,213]],[[1648759,3863938],[184,305],[599,340],[188,-51],[-160,-307],[194,-194],[259,216],[8,209],[316,-363],[399,348],[410,70],[271,-74],[104,407],[-373,52],[-34,85],[85,120],[-113,152],[41,125],[-225,74],[35,158],[158,96],[279,-100],[87,578],[64,-12],[16,-150],[162,11],[-105,-159],[167,11],[4,-194],[262,233],[-100,307],[164,-109],[323,116],[185,-120],[297,309],[42,-119],[-83,-403],[111,-63],[118,119],[164,527],[555,286],[173,-31],[25,-290],[139,-58],[88,67],[64,366],[168,61],[201,-481],[-22,-233],[322,-170],[112,48],[157,303],[350,21],[120,209],[107,7],[34,-436],[222,-104],[-103,-281],[180,-77],[239,301],[571,166],[348,374],[28,619],[88,226],[-30,299],[-301,102],[-56,129],[357,218],[539,128],[131,555],[150,135],[215,-1],[162,109],[226,-98],[72,79],[6,201],[-151,127],[253,95],[544,717],[30,209],[242,300],[-165,165],[344,248],[315,475],[-107,165],[242,79],[-87,142],[90,246],[282,132],[-79,194],[130,135],[86,367],[185,312],[-89,419],[-321,415],[38,95],[263,70],[53,139],[-510,724],[-14,230],[-138,254],[11,356],[271,287],[270,81],[68,374],[203,286],[-64,357],[392,245],[38,171],[-307,1057],[-361,322],[-217,-4],[-304,137],[-49,378],[-196,220],[181,142],[-139,118],[-24,226],[200,313],[-167,251],[101,522],[361,310],[-41,473],[66,616],[196,207],[435,279],[586,106],[1052,492],[293,-27],[347,-240],[1945,1095],[1538,1228],[955,-532],[185,-299],[129,339],[232,299],[1162,638],[275,499],[559,420],[603,-355],[75,-411],[100,-122],[430,-117],[326,-363],[386,-148],[484,-3],[472,168],[530,-165],[291,-175],[951,-262],[421,138],[459,392],[642,-215],[989,112],[333,-262],[341,69],[199,-148],[914,-288],[454,449],[260,673],[-159,723],[132,637],[300,554],[681,710],[84,663],[-99,610],[305,232],[-23,193],[-543,736],[-150,365],[-602,258],[-17,484],[-522,543],[-196,543],[-831,549],[-473,-138],[-333,-10],[-381,165],[-158,317],[-226,-84],[-648,79],[-837,-406],[-426,52],[-690,-973],[-235,-135],[-550,210],[-1287,763],[1009,1362],[451,771],[-158,621],[-219,459]],[[1673376,3897253],[3325,1024],[248,-731],[1858,993],[222,-379],[1737,682],[1563,546],[206,-1],[8870,3124],[219,3279],[2649,-195],[390,-144],[93,60],[7,933],[-372,1693],[-278,535],[-48,286],[396,303],[121,264],[521,163],[139,438],[249,203],[9,91],[1236,-38],[1311,2746],[564,-136],[1147,-21],[1324,-157],[160,759],[197,246],[606,-106],[813,1030],[-198,511],[2135,555],[-48,429],[561,85],[559,-184],[2506,4751],[-670,358],[544,792],[159,963],[319,622],[638,632],[1314,738],[678,770],[909,795],[902,586],[-549,622],[28,295],[967,956],[2047,942],[327,-670],[721,435],[251,390],[266,-136],[229,720],[-158,560],[-809,1317],[125,386],[188,255],[463,281],[606,176],[1156,70],[217,-118],[164,-209],[222,-751],[821,201],[2114,15],[-24,3726],[312,903],[339,379],[581,307],[1724,585],[429,275],[779,242],[372,-159],[165,8],[267,-410],[959,-52],[861,-461],[164,-298],[585,-147],[4413,-400]],[[1598480,3821101],[1326,-864],[8,-119],[296,-184],[289,-359],[190,33],[102,-95],[218,-461],[63,-1019],[6060,-4017],[2380,-1191],[-487,-329],[-1104,-503],[1046,-1319],[251,519],[333,344],[390,185],[498,82],[395,-106],[209,-290],[642,-429],[321,-47],[446,898],[231,241],[2176,-1213],[376,-3204],[207,-1046],[183,42],[234,-334],[-589,-345],[284,-621],[325,-1188],[2047,175],[1036,177],[59,-667],[597,141],[396,-22],[4167,640],[1718,147],[1506,284],[2008,124],[24,-138],[2379,-471],[102,1670],[1065,-348],[1017,-532],[956,1897],[-59,359],[-268,188],[188,158],[51,270],[261,120],[439,-502],[37,-305],[194,87],[184,-256],[202,129],[241,33],[21,-144],[327,-242],[-68,-325],[168,-666],[357,149],[44,-303],[218,-418],[324,-79],[226,400],[16,197],[160,101],[684,1136],[415,453],[-157,254],[351,533],[876,968],[1052,659]],[[1817183,3918717],[-92,-307],[-14,-602],[-53,9],[31,172],[-350,50],[-71,-225],[141,-31],[-65,-256],[-151,32],[-25,-91],[-262,83],[-446,-645],[-97,-548],[-919,-2951],[-139,21],[-5,118],[-156,32],[-65,-167],[-331,61],[-226,-1133],[-34,-430],[145,-31],[-100,-369],[-1321,-1648],[432,-412],[-850,-609],[159,-51]],[[1780413,3902285],[1815,2512],[2129,6873],[-445,2238],[470,172],[-1000,1620],[-153,489],[-47,471],[-348,-238],[-257,862],[45,755],[478,2566],[1680,1849],[-560,1118],[-611,677],[92,482],[-197,342],[-17,171],[201,67],[185,-50],[338,-317],[-30,378],[65,248],[259,587],[226,167],[1459,-730],[124,226],[-1329,862],[590,999],[892,-705],[-105,-200],[427,-272],[68,1098],[-153,101],[-221,831],[-746,595],[-31,109],[106,264],[-1048,129],[31,141],[-211,134],[193,614],[31,50],[757,-327],[144,381],[590,-6],[262,227],[59,-43],[-75,-253],[48,-109],[575,-101],[-30,373],[286,39],[3,301],[139,206],[-334,168],[66,158],[467,277],[834,-100],[216,1009],[2348,3058],[290,13],[-85,-111],[68,-53],[527,738],[820,-36],[33,-61],[109,107],[79,-13],[-12,-109],[347,-47],[92,200],[776,-112],[20,131],[96,14],[3,153],[766,48],[668,-353],[997,-242],[1257,-812],[210,70],[491,410],[746,459],[459,506],[745,1453],[149,878],[486,765],[768,564],[657,315],[782,243],[231,-53],[393,366],[84,470]],[[1678102,3364873],[-31,702],[157,432],[-7,590],[-74,408],[-748,650],[-50,363],[128,909],[-9,794],[567,1050],[88,387],[-33,869],[66,273],[753,916],[-38,1270],[269,775],[824,780],[-101,816],[-142,226],[-421,358],[-191,520],[-10,908],[249,479],[66,318],[183,207],[856,9],[618,552],[113,251],[-287,791],[-329,450],[-145,543],[43,273],[160,229],[483,254],[388,413],[268,843],[183,206],[43,273],[459,391],[431,731],[677,1505],[-45,1906],[136,228],[507,256],[109,525],[272,525],[17,545],[-99,544],[20,2315],[212,1636],[296,457],[27,1657],[289,1093],[272,479],[253,139],[2199,-43],[577,142],[688,575],[89,273],[320,252],[992,413],[1285,359],[527,63],[1163,789],[986,930],[554,236],[435,407],[371,809],[1216,1277],[123,805],[-113,1255],[158,550],[84,1322],[509,301],[583,138],[100,88],[779,1256],[689,653],[101,593],[292,762],[75,1449],[518,292],[340,438],[507,344],[250,470],[368,306],[1422,723],[357,993],[-3,534],[836,554],[660,98],[611,260],[697,123],[-50,698],[200,95],[422,527],[385,164],[243,204],[111,565],[-146,751],[46,544],[-71,681],[-579,579],[-661,1158],[-54,246],[25,279],[514,1272],[352,522],[-38,625],[-345,694],[-60,853],[468,770],[330,342],[179,549],[503,911],[-63,698],[144,428],[-109,428],[39,411],[147,397],[380,432],[-197,777],[-70,966],[1490,877],[309,391],[-105,155],[-399,253],[-667,-32],[-514,127],[-580,320],[-289,434],[-101,-10],[-65,-221],[-101,-27],[-473,506],[-404,1016],[-56,1034],[-735,262],[-175,221],[28,478],[-133,456],[-32,1432],[-479,1029],[-72,547],[15,1525],[152,1065],[-104,482],[-301,416],[-76,836],[-233,256],[-921,86],[-530,316],[-467,543],[-760,378],[-204,578],[-41,644],[-272,802],[26,3384],[293,229],[84,1290],[157,646],[162,227],[660,514],[1039,603],[499,164],[906,558],[948,837],[242,488],[-342,562],[4,222],[192,414],[592,662],[137,420],[349,314],[195,2622],[-314,779],[74,261],[153,107],[-124,254],[-16,528],[239,279],[36,446],[-256,769],[-32,795],[205,945],[220,490],[6,1168],[-121,942],[141,427],[-310,615],[-416,167],[-77,311],[-297,487],[-591,1675],[-44,525],[-195,601],[-29,467],[302,735],[288,1130],[-346,2361],[-273,636],[-29,706],[158,1315],[-187,678],[-316,721],[-547,961],[-403,325],[-704,99],[-245,127],[-317,439],[-258,1823],[43,523],[-173,608],[-72,890],[-187,382],[-201,862],[0,819],[446,1117],[-87,763],[58,382],[460,1540],[-259,608],[-417,523],[-892,537],[-316,71],[-648,-127],[-762,226],[-403,367],[-762,1061],[-1574,574],[-969,74],[-533,286],[-2300,884],[-868,2076],[304,1078],[47,876],[167,567],[132,963],[-32,5092],[-338,1692],[-1511,3289],[-329,900],[-184,942],[101,1160],[194,624],[627,686],[457,344],[1610,499],[229,173],[680,968],[798,857],[83,284],[887,660],[199,201],[83,311],[286,173],[809,142],[1532,1871],[373,1651],[187,5805],[-252,1484],[662,1476],[777,843],[1688,3021],[486,552],[75,1174],[485,1138],[187,1394],[934,1669],[75,2055],[298,2019],[523,1614],[299,477],[1009,587],[485,37],[411,-73],[1382,-844],[971,-955],[971,-183],[1270,-844],[710,-183],[635,367],[264,356],[732,-156],[372,52],[456,351],[756,319],[1106,978],[1033,612],[-107,332],[42,276],[487,819],[614,509],[557,278],[932,61],[889,179],[149,623],[518,407],[210,352],[-28,206],[-303,406],[-22,239],[375,233],[320,384],[425,678],[110,552],[579,791],[153,641],[165,319],[289,1501],[323,575],[394,113],[1236,-113],[388,-112],[286,-181],[52,-427],[120,-250],[-6,-269],[-112,-140],[194,-926],[256,-574],[972,-1271],[141,356],[455,45],[654,693],[267,498],[20,376],[876,719],[814,237],[997,19],[335,196],[63,904],[150,680],[135,224],[548,513],[615,315],[353,904],[552,161],[393,-23],[1579,-624],[300,24],[398,822],[1071,430],[149,611],[-25,395],[-278,743],[101,494],[25,1133],[166,884],[1055,108],[534,-36],[374,80],[894,1624],[25,586],[-523,781],[-45,324],[192,601],[200,290],[42,389],[238,412],[-116,754],[-82,114],[-896,157],[-443,-18],[-299,264],[1000,2349],[59,568],[-154,585],[533,1206],[-107,156],[-467,151],[-11,600],[453,552],[-23,351],[236,101],[242,235],[584,30],[253,408],[746,37],[792,1441],[795,-6],[599,-193],[243,369],[285,136],[-44,528],[267,343],[328,688],[250,202],[271,-192],[115,13],[240,591],[399,110],[464,459],[311,123],[291,-10],[274,-113],[409,-353],[132,20],[416,751],[71,356],[250,422],[366,1007],[253,-73],[403,-445],[24,-592],[109,-93]],[[1753330,3598051],[1034,-580],[-406,-565],[57,-625],[-65,-379],[-158,-391],[-186,-957],[-452,-868],[1674,-420],[-515,-2117],[661,-188],[437,-477],[514,-196],[288,-1075],[-329,-313],[658,-941],[-275,-444],[92,-471],[223,-696],[347,-580],[207,-538],[205,-1000],[-532,-496],[30,-1054],[1117,-38],[1270,527],[7,726],[929,422],[31,458],[1918,95],[734,223],[31,-159],[185,-18],[-35,558],[883,272],[326,301],[608,-322],[-51,389],[69,154],[477,206],[9,184],[610,347],[1095,1029],[206,-28],[1864,-2238],[952,-324],[-69,-208],[875,-390],[232,-1984],[-835,-1376],[-488,-1023],[0,-1599],[324,-1323],[-870,44],[-304,-2636],[-300,-629],[-391,-1812],[-572,-1835],[-39,-1149],[400,-954],[141,-13],[403,-1502],[-344,-46],[-532,-352],[698,-2930],[-164,-75],[18,-1816],[2277,-442],[136,922],[510,-100],[1228,203],[-331,1342],[140,518],[759,143],[116,232],[478,408],[2207,2909],[1702,-891],[497,-363],[-63,-183],[845,-550],[616,391],[546,36],[305,245],[719,-309],[359,-358],[310,69],[372,-154],[1380,2],[1056,-265],[372,-244],[581,508],[-421,330],[-312,122],[12,224],[2116,55],[-48,808],[-178,894],[108,321],[352,409],[2685,-996],[-515,-771],[82,-667],[399,-164],[-175,-267],[-106,-567],[188,-691],[1775,-482],[274,-496],[-17,-285],[673,-383],[61,67],[109,-150],[-76,-77],[146,-161],[184,-1022],[864,338],[511,1268],[621,-527],[639,52],[-901,1072],[1729,2693],[803,-424],[358,834],[1654,-600],[-304,-640],[257,-100],[116,-210],[638,-167],[572,28],[812,-178],[464,-167],[178,-221],[195,375],[143,9],[267,289],[782,-17],[474,-142],[254,-1288],[-5,-543],[797,119],[1180,12],[509,-69],[520,125],[-29,681],[343,961],[3139,-976],[1072,2491],[-1218,350],[-466,246],[73,241],[280,224],[-39,329],[258,477],[-128,521],[1362,582],[1916,59],[402,1725],[337,-4],[159,898],[161,-2],[-80,85],[41,280],[211,-14],[80,315],[-4,78],[-444,241],[35,494],[-931,459],[717,1492],[241,689],[440,-159],[207,319],[18,-118],[642,-245],[4665,1582]],[[1854280,3501050],[-445,1175],[-573,772],[-175,775],[-285,522],[-296,226],[-67,155],[-196,864],[-38,970],[174,257],[1154,-832],[3228,465],[266,566],[-301,1466],[471,292],[286,366],[776,1650],[-39,550],[-233,1070],[-478,55],[-375,206],[-88,361],[540,161],[185,205],[-138,665],[159,310],[19,562],[-260,455],[81,202],[-88,389],[118,143],[-140,405],[-1,268],[-100,140],[86,620],[-158,504],[90,160],[236,157],[151,347],[197,114],[13,127],[-130,226],[129,190],[208,112],[170,-22],[204,172],[76,-182],[142,-7],[296,286],[33,177],[469,399],[35,100],[-108,200],[0,320],[-97,274],[491,471],[-101,54],[-441,-76],[-393,470],[16,495],[-757,953],[-78,1328],[-622,-7],[-469,-101],[257,-945],[-50,-134],[-2069,303],[-290,-524],[-536,-359],[-154,-378],[-819,-934],[-1497,1032],[-698,624],[-813,906],[-323,-16],[53,137],[-89,77],[190,375],[-239,544],[-510,90],[-545,250],[-452,301],[-530,522],[-245,-403],[-201,-163],[35,-251],[-59,-144],[-108,-46],[-343,76],[-324,-237],[205,-805],[-251,-239],[-69,-283],[-214,-203],[-38,-395],[-302,-184],[-552,-63],[-378,-468],[-120,212],[-241,137],[-582,-191],[-148,154],[-247,22],[-370,-355],[-100,-216],[-172,-5],[-270,224],[-175,40],[-280,-255],[-145,446],[-713,193],[173,131],[-357,81],[-352,354],[-884,-359],[-1987,-248],[249,-682],[-471,-573],[244,-847],[-269,-900],[-1882,299],[-866,659],[-1170,305],[-1311,-135],[145,-198],[22,-259],[196,-169],[-37,-143],[-288,-19],[-154,-221],[58,-150],[-268,-181],[-1850,-926],[-741,-156],[-2784,-198],[-1922,-407],[-1356,-482],[-122,-204],[-705,138],[93,175],[-157,225],[145,200],[72,454],[285,153],[138,410],[-187,923],[-257,310],[-339,176],[129,194],[162,732],[249,389],[57,326],[-215,870],[-206,298],[16,363],[114,86],[452,-192],[253,-24],[484,94],[480,199],[692,654],[158,318],[22,543],[-372,659],[-163,166],[-369,154],[258,551],[405,45],[439,420],[70,542],[204,292],[51,272],[312,154],[181,276],[10,474],[192,268],[23,333],[254,141],[164,223],[264,-591],[576,-268],[693,183],[582,265],[253,208],[1421,-306],[407,-371],[601,-238],[199,-160],[5733,3053],[281,35],[-83,-82],[213,-109],[216,-329],[84,32],[5,477],[-185,188],[185,73],[-31,126],[573,307],[-182,562]],[[1839003,3533627],[135,19],[-505,824],[-732,250],[-224,225],[-32,189],[204,913],[-7,451],[-79,264],[-224,203],[-488,155],[-767,20],[-493,-211],[-866,-746],[-374,2],[-449,160],[-658,673],[-1391,1059],[-173,257],[-78,433],[192,715],[-12,387],[-153,422],[-301,291],[-382,169],[-350,-22],[-254,-310],[-138,-523],[-355,-412],[-622,-283],[-806,-160],[-288,24],[-82,204],[131,630],[-96,365],[-503,264],[-974,703],[-908,856],[-315,544],[26,201],[184,142],[477,56],[644,-84],[133,64],[83,218],[-114,618],[-400,349],[-131,256],[-90,432],[116,630],[-45,633],[-676,1500],[-275,234],[-451,-89],[-315,-251],[-627,-903],[-210,-78],[-451,11],[-965,766],[-579,759],[-278,223],[273,1513],[224,499],[-290,28],[-803,-488],[-737,-125],[-352,17],[-554,443],[-569,877],[-258,20],[-528,-216],[-760,147],[-140,210],[113,803],[-91,824],[-251,491],[-1319,65],[-755,399],[-199,-10],[-55,-261],[82,-271],[477,-609],[290,-788],[170,-1373],[-118,-307],[-463,-481],[-570,-311],[-775,-104],[-273,36],[-1068,686],[-249,469],[165,895],[-10,367],[-246,234],[-425,141],[-232,-27],[-228,-428],[-86,-928],[145,-1095],[-74,-638],[-79,-111],[-216,92],[-190,239],[-349,938],[-354,539],[-315,256],[-291,89],[-506,-132],[-891,-943],[-344,-513],[-271,-212],[-249,-36],[-162,77],[-1082,1066],[-293,51],[-379,-66],[-406,-261],[-312,-338],[-352,-595],[-709,-12],[-270,580],[-483,324],[-386,106],[-1011,-111],[-704,124],[-587,455],[-835,920],[-487,212],[-570,-82],[-259,55],[-345,300],[-234,499],[-262,143],[-528,60],[-776,-372],[-721,-37],[-158,121],[-154,324],[-52,297],[52,621],[-370,315],[-286,51],[-1082,-139],[-672,239],[-684,88],[-401,-57],[-222,272],[-105,321],[83,793],[-178,915],[-401,436],[-157,373],[-198,96],[-157,16],[-200,-134],[-469,-88],[-373,-184],[-493,-848],[-718,-1008],[-353,-1325],[-163,-228],[-312,-114],[-474,0],[-1040,265],[-819,695],[-133,324],[195,569],[498,646],[368,769],[113,535],[-86,731],[-219,396],[-529,470],[-801,327],[-745,-9],[-812,-519],[-681,-188],[-2463,-207],[-1189,-307],[-144,-362],[172,-925],[-146,-351],[-318,-152],[-253,3],[-585,296],[-180,13],[-1164,-345],[-239,-190],[-551,-799],[-647,-403],[-590,-528],[-129,-174],[-96,-373],[202,-635],[-53,-254],[-143,-102],[-849,-3],[-124,-105],[168,-1597],[-53,-265],[-1903,-906],[-785,196],[-259,3],[-109,-72],[73,-246],[326,-406],[576,-384],[12,-232],[-279,-458],[-542,-332],[-923,33],[-143,-58],[59,-522],[295,-776],[104,-754],[-135,-1461],[-236,-749],[-593,-1138],[-217,-171],[-542,72],[-1035,293],[-379,-50],[-85,-205],[-169,-1966],[-118,-329],[-362,-470],[-357,-96],[-329,152],[-282,516],[-483,478],[-242,633],[-335,530],[-826,342],[-433,20],[-203,-111],[-306,-663],[-166,-196],[-731,-47],[-1414,-362],[-1299,216],[-683,1080],[-183,22],[-349,-210],[-132,-1099],[-121,-147],[-281,-49],[0,-420],[79,-161],[703,-113],[177,-135],[396,-776],[472,-478],[99,-243],[-25,-296],[-116,-185],[-613,-398],[-126,-193],[-90,-354],[70,-450],[146,-110],[1280,-166],[674,-265],[473,-542],[28,-290],[-79,-215],[-230,-177],[-1125,-169],[-1431,174],[-1234,36],[-1044,-400],[-202,-329],[-25,-632],[73,-467],[-757,-525],[-151,-337],[31,-182],[236,-257],[852,-332],[151,-127],[43,-337],[-59,-190],[-661,-487],[-439,-649],[-374,-276],[-663,-3],[-1119,365],[-478,72],[-504,-152],[-464,-285],[-247,-613],[-70,-945],[500,-436],[894,-324],[714,-382],[127,-180],[-116,-332],[-607,-231],[-1287,-308],[-220,119],[26,273],[-93,127],[-380,127],[-216,-165],[-158,-525],[-348,-66],[-284,121],[-638,774],[-1347,212],[-740,321],[-332,-125],[-382,-853],[-90,-470],[219,-1262],[588,-423],[73,-212],[-50,-180],[-135,-88],[-363,41],[-748,420],[-228,44],[-402,-63],[-365,-255],[-442,-558],[-28,-563],[203,-669],[-408,-350],[-852,-197],[-166,-157],[-67,-602],[70,-1232],[-87,-718],[-265,-199],[-236,-44],[-714,392],[-239,30],[-87,-657],[-197,-357],[-1015,-1082],[-704,-1023],[163,-1265],[838,-713],[323,-502],[-360,-1012],[35,-353],[319,-379],[518,-377],[168,-300],[-84,-221],[-308,-182],[-887,-218],[-321,-486],[-491,-399],[-340,-1178],[-663,-1511],[-26,-473],[759,-886],[399,-741],[568,-207],[657,-6],[387,-206],[220,-22],[357,192],[193,543],[251,258],[1072,96],[330,184],[441,-209],[433,-524],[33,-482],[-966,-801],[-78,-305],[642,-606],[254,-74],[609,27],[209,-123],[45,-217],[-151,-850],[70,-239],[260,-148],[178,11],[238,239],[156,845],[198,22],[1284,-236],[863,109],[952,395],[519,-43],[53,-107],[-167,-1221],[-352,-1237],[-541,-1001],[-308,-294],[-494,-271],[-603,55],[-352,-146],[-312,-378],[-439,-170],[-293,-239],[-335,-590],[-823,-641],[-123,-705],[92,-338],[1069,6],[118,-74],[53,-173],[-67,-362],[-626,-1265],[-259,-1637],[-266,-420],[-460,-414],[-425,-137],[-1299,-151],[-471,-485],[-335,-598],[-139,-47],[-419,110],[-173,-129],[-104,-505],[475,-921],[-67,-450],[-92,-239],[-338,-282],[-681,-162],[-148,-228],[-25,-219],[329,-996],[609,-590],[-42,-463],[-173,-225],[-290,-116],[-1877,-1673],[2,-454],[248,-241],[432,244],[675,881],[278,61],[371,-89],[372,-241],[466,-573],[406,-1118],[-493,-305],[-892,-851],[-1079,-580],[-183,-394],[-30,-424],[98,-1150],[-26,-1181],[-559,-1763],[-88,-16],[-131,-213],[-231,-510],[-766,-315],[-382,-436],[84,-478],[129,-167],[479,-366],[664,-281],[97,-135],[35,-325],[-545,-1174],[-198,-257],[-1016,-298],[-606,-330],[-201,-265],[71,-436],[210,-230],[983,-84],[498,-146],[460,-436],[445,-252],[867,-202],[127,-215],[9,-243],[-340,-556],[-700,-9],[-190,-163],[-146,-583],[117,-724],[-318,-1829],[-406,-258],[-709,-74],[-524,-409],[-299,-443],[-486,-456],[192,-859],[22,-454],[-161,-299],[-342,-255],[-369,-539],[-224,-1754],[77,-352],[429,-625],[38,-298],[-361,-310],[-520,-92],[-438,-376],[-805,-1530],[-225,-79],[-523,99],[-669,-831],[-1118,-430],[-488,-563],[-880,-487],[-243,-376],[-152,-476],[-444,-530],[-96,-343],[-75,-1192],[-194,-344],[-561,-554],[-400,-836],[38,-473],[147,-262],[-40,-214],[-390,-505],[-758,-411],[-191,-271],[53,-111],[269,-156],[392,-71],[2,-288],[-284,-530],[-813,-785],[-297,-497],[9,-195],[549,-576],[124,-559],[-135,-257],[-704,-615],[-145,-1218],[-863,-1994],[-358,-1086],[-9,-430],[568,-1075],[-9,-108],[-444,-540],[-711,-236],[-737,-448],[-285,-648],[-215,-207],[-839,-441],[-234,-521],[-274,-278],[272,-712],[-269,-432],[-87,-1008],[-287,-449],[-138,-611],[30,-227],[192,-377],[-72,-502],[-99,-186],[-303,-128],[-600,178],[-217,-145],[374,-671],[93,-1390],[-167,-216],[-461,-244],[-518,-1574],[-856,-1038],[-262,-579],[-927,-885],[-169,-39],[-451,168],[-226,-456],[-551,-379],[-201,-236],[-45,-429],[590,-393],[154,-226],[0,-187],[-238,-147],[-412,-91],[-1019,29],[-642,-298],[-265,-520],[-463,-145],[-187,-553],[-264,-234],[-964,-1460],[-750,-389],[-158,-190],[-115,-247],[-116,-926],[-110,-292],[-675,-567],[-436,-218],[35,-131],[566,-341],[350,-346],[179,-626],[59,-926],[-513,-1372],[-318,-406],[-588,-364],[-354,-332],[-1042,-153],[-506,-256],[-467,-28],[-385,-285],[-298,-56],[-533,-299],[-1455,-49],[-344,-510],[-607,-245],[-304,-433],[-335,-238],[-342,-195],[-849,-284],[-831,-488],[-678,-185],[-155,-517],[-32,-887],[-198,-137],[-624,-153],[-529,-707],[-141,-364],[-47,-431],[60,-197],[668,-333],[120,-156],[-39,-123],[-311,-251],[-18,-443],[-315,-677],[-199,-235],[-200,-1199],[193,-1755],[383,-1071],[83,-110],[605,-287],[358,-315],[138,-426],[516,-290],[148,-164],[400,-812],[121,-594],[184,-213],[-81,-430],[113,-300],[328,-70],[111,-296],[144,-107],[630,-100],[265,-200],[-25,-135],[-253,-140],[-79,-179],[146,-374],[226,-158],[-27,-789],[472,-302],[-6,-678],[195,-224],[410,-187],[196,-347],[2,-150],[-196,-241],[-53,-250],[-476,-742],[171,-438],[-209,-925],[-362,-916],[190,-160],[53,-274],[-67,-166],[-239,-179],[88,-365],[-157,-268],[7,-238],[278,-355],[96,-434],[188,-236],[280,-652],[168,-715],[1255,-1317],[-28,-257],[-329,-170],[402,-638],[325,-282],[-291,-540],[171,-261],[7,-299],[218,-373],[-178,-284],[7,-127],[475,-411],[28,-203],[-80,-208],[334,-511],[293,-867],[346,-290],[-53,-502],[319,-648],[-78,-598],[266,-465],[250,-243],[-11,-460],[118,-688],[118,-245],[-66,-570],[141,-424],[-402,-721],[23,-268],[-79,-139]],[[1648759,3863938],[-142,111],[-109,305],[-388,18],[-271,-87],[114,421],[-231,-126],[-85,46],[-92,327],[304,307],[-608,241],[167,373],[-402,171],[-43,395],[-116,29],[-83,-90],[-151,-465],[-165,-21],[-91,164],[-200,62],[165,503],[-58,191],[-164,131],[95,217],[-53,51],[-133,-64],[-329,135],[-42,212],[214,825],[-299,-4],[-119,316],[5,97],[248,-36],[50,82],[-211,163],[-268,8],[-311,-178],[-159,-506],[-175,-51],[-142,97],[-86,510],[69,688],[-196,367],[-226,227],[-90,606],[-162,220],[-253,-6],[-363,-193],[-395,-379],[-107,-222],[67,-529],[-547,-104],[-264,186],[405,506],[85,324],[-119,180],[-604,449],[-393,-223],[-306,-322],[-455,315],[-110,2],[-263,-608],[-204,-168],[-216,-53],[-829,438],[-641,21],[-545,206],[-146,146],[-334,847]],[[1664933,3930452],[285,-311],[110,-309],[347,-421],[277,-132],[207,118],[32,-146],[160,-71],[241,191],[85,-19],[-73,-367],[1079,-547],[535,-456],[450,-790],[-326,-464],[612,-309],[789,-563],[-140,-198],[57,0],[-82,-197],[385,-241],[26,-453],[368,-115],[18,-1151],[324,-10],[270,-165],[-273,-418],[809,-230],[218,-137],[314,-14],[54,-547],[-268,-605],[150,-237],[-10,-286],[-414,-833],[383,-242],[-58,-165],[187,-386],[-140,-299],[61,-190],[147,47],[504,-207],[722,-100],[58,-534],[830,-1171],[321,2],[209,583],[212,-65],[-168,-514],[535,139],[73,126],[912,185],[-25,-1068],[-320,-1214],[66,-791],[-504,-1496],[1279,-666],[-715,-1449],[-464,-1192],[882,-31],[2256,392],[1636,-757],[267,623],[304,-37],[581,-334],[435,-1083],[-12,-456],[532,-471],[328,-1297],[-1365,-832],[-433,-183],[-470,-521],[-1620,-1005],[-718,-348],[-822,-160],[-1105,6],[-476,330],[-382,-427],[-204,148],[-214,-217],[-920,-1441],[-345,-875],[-107,-889],[-111,-167],[-8,-758],[-187,-1309]],[[1753330,3598051],[1509,2722],[112,807],[384,1345],[891,-450],[63,41],[-55,516],[893,1570],[509,1457],[-61,811],[905,1424],[300,163],[492,660],[520,-61],[201,514],[536,545],[101,326],[362,330],[-179,126],[249,948],[507,532],[153,619],[534,915],[908,1275],[1288,-1193],[1695,2165],[430,312],[1051,1880],[-843,616],[471,3848],[-840,-259],[-97,350],[-48,668],[53,609],[207,228],[301,572],[140,642],[-991,242],[-64,385],[-260,219],[-170,2],[-119,-192],[-208,-114],[-222,125],[-176,-65],[-235,227],[20,203],[-177,108],[-117,-145],[-107,41],[-43,141],[-185,-67],[-137,52],[72,153],[-110,63],[-89,346],[-190,190],[-108,465],[-239,69],[-122,178],[-119,274],[40,217],[-119,254],[-186,120],[-430,1474],[-23,382],[223,669],[294,286],[343,166],[491,669],[344,692],[113,560],[-183,325],[-97,407],[2,526],[-170,288],[-256,111]],[[1789394,3698471],[21,404],[163,285],[1200,1269],[655,-356],[76,195],[-427,239],[417,822],[202,-77],[61,96],[-435,514],[426,1758],[-1022,467],[217,267],[419,-11],[1,74],[-205,1],[-269,451],[4,115],[425,-265],[524,776],[773,170],[54,-156],[1160,-196],[270,-553],[908,39],[394,961],[1071,143],[615,298],[228,-106],[116,28],[113,1001],[44,1856],[143,746],[-52,551],[204,874],[-101,891],[2265,170]],[[1800052,3712212],[204,-528],[-129,-402],[268,-135],[81,-239],[478,-288],[-170,-348],[-20,-480],[491,-127],[312,-388],[387,-199],[1288,-240],[1461,48],[486,234],[682,570],[244,80],[538,-318],[1280,-280],[503,-19],[438,-181],[723,-664],[-74,-146],[41,-385],[472,-157],[1448,-795],[-92,-224],[252,-284],[317,88],[953,-492],[633,597],[323,750],[344,491],[154,-383],[288,-198],[464,-31],[377,-228],[72,-158],[-171,-975],[54,-206],[380,-129],[690,24],[449,-518],[522,192],[136,-1236],[-74,-79],[-204,128],[-165,-281],[-307,-69],[205,-529],[-100,-52],[-262,96],[-163,-143],[-171,-820],[-115,-139],[-22,-183],[-156,-125],[53,-303],[-188,-33],[38,-193],[-443,-400],[74,-242],[-211,-55],[45,-338],[-218,-256],[-301,-134],[-52,-392],[-337,-181],[19,-150],[-162,-179],[-158,76],[-112,-87],[-306,-649],[146,-82],[-153,-188],[317,-492],[-18,-321],[833,-837],[-30,-324],[132,-217],[344,-157],[84,-123],[-70,-482],[150,-591],[-120,-317],[365,-822],[-189,-141],[169,-176],[124,-351],[294,183],[184,-42],[178,-170],[123,-327],[146,-74],[74,-230],[351,70],[-122,-291],[251,-270],[76,-373],[-65,-186],[223,-186],[28,-240],[-188,-9],[118,-408],[-83,-74],[-398,-47],[-178,-145],[-4,-373],[-492,-575],[3,-356],[231,-375],[320,-197],[877,295],[305,31],[249,-55],[292,-227],[339,-118],[148,511],[-92,749],[106,0],[46,902],[-189,54],[-197,201],[656,996],[1060,-192],[-125,-712],[23,-1259],[244,-10],[-267,-431],[0,-1295],[894,-853],[159,-7],[125,-197],[371,-141],[160,73],[104,-270],[371,-82],[-39,-359],[150,53],[717,-1690],[1423,1209],[358,202],[584,-375],[751,-166],[49,-2039],[405,-39],[36,-214],[543,-316],[78,-146],[-12,-466],[393,-136],[186,-191],[-76,-355],[-148,-240],[229,-92],[-112,-290],[229,92],[231,-269],[-48,-146],[-201,-29],[-51,-167],[48,-110],[218,-75],[-84,-198],[26,-207],[-134,-164],[172,-282],[-152,-84],[-30,-336],[-325,-113],[-206,-248],[211,-704],[-36,-123],[-160,-74],[-83,-218],[103,-192],[894,-785],[-233,-321],[25,-181],[1392,900],[83,482],[165,322],[239,235],[245,89],[1095,-57],[136,69],[164,143],[466,783],[545,460],[432,551],[207,109],[971,1024],[1021,9],[499,-122],[246,-436],[129,-81],[901,-126],[738,30],[1427,-442],[595,-105],[313,75],[180,-74],[850,-871],[156,-796],[192,-350],[174,-134],[485,-142],[353,-1016],[349,-307],[1157,-610],[1180,5],[462,-118],[285,-164],[878,-24],[227,-244],[363,-207],[1083,-1102],[1121,-321],[928,-995],[539,-285],[435,-138],[1529,-124],[150,-115],[859,-260],[581,-123],[379,4],[410,-186],[160,275],[910,462],[764,556],[397,-5],[41,-1166],[1188,-296],[623,-37],[0,-63],[1163,-283],[286,-1120],[912,-111],[117,495],[-139,346],[45,197],[1275,567],[1752,-1634],[-140,-678],[1198,-483],[360,-369],[289,-482],[995,298],[186,670],[644,-417],[452,634],[468,207],[469,602],[288,225],[279,78],[813,4],[792,308],[279,-124],[903,-777],[529,-295],[2629,-819],[1378,-947],[585,-188],[447,-660],[427,-204],[97,-164],[4068,1298],[-211,-2293],[338,-255],[268,-2554],[981,-2844],[-82,-81]],[[1841903,3728485],[175,20],[172,-228],[145,157],[-26,-210],[173,-94],[-18,-201],[207,-160],[28,-238],[385,113],[91,-177],[294,175],[-192,-354],[284,-462],[246,-185],[-235,-122],[113,-157],[-279,-191],[93,-356],[310,-234],[108,-235],[-77,-435],[282,-550],[-24,-234],[462,-92],[574,473],[361,-38],[153,-316],[648,-627],[327,-547],[75,-234],[-402,-135],[-24,-133],[106,-62],[220,166],[98,-110],[-50,-223],[261,-347],[-54,-251],[106,-50],[0,111],[83,17],[175,-494],[-186,20],[-8,-108],[266,-96],[70,193],[133,28],[24,-140],[166,-118],[11,-275],[326,84],[128,-183],[37,-266],[278,-197],[509,295],[446,-228],[357,27],[591,319],[206,194],[404,-144],[345,81],[179,-157],[271,52],[140,-304],[225,-125],[59,-523],[225,-74],[325,111],[218,-116],[-123,-309],[46,-130],[291,110],[164,296],[95,-67],[56,-253],[282,-89],[620,229],[151,190],[-207,71],[-20,223],[482,249],[-248,123],[-8,89],[258,241],[-3,216],[136,-100],[65,66],[46,171],[-139,261],[337,-201],[102,19],[84,103],[15,328],[75,40],[100,-66],[169,-584],[-9,-255],[468,60],[127,-315],[364,-69],[307,-323],[530,126],[68,-63],[-26,-201],[423,32],[183,-284],[501,-60],[71,53],[-27,94],[-406,88],[347,339],[156,12],[149,-288],[314,276],[253,-25],[-40,138],[97,166],[276,-49],[-85,227],[67,92],[349,-1],[76,-63],[22,-236],[-172,-161],[141,-128],[181,113],[130,-357],[173,-128],[62,421],[501,-231],[236,-202],[100,48],[49,320],[68,0],[156,-247],[378,44],[79,-261],[-204,52],[-212,-123],[109,-174],[-4,-185],[121,-44],[188,201],[508,-468],[67,-406],[226,-133],[261,1],[54,-74],[-69,-118],[241,68],[-47,453],[159,-116],[197,22],[304,-268],[482,37],[423,-164],[87,-254],[335,-161],[300,108],[99,306],[103,57],[262,-27],[24,-142],[139,46],[45,-119],[107,-27],[155,316],[288,144],[343,55],[186,162],[254,-337],[392,222],[56,-242],[90,-69],[389,303],[150,-330],[128,-43],[263,231],[175,348],[137,66],[479,-110],[257,-204],[150,-18],[481,499],[313,-415],[222,0],[288,159],[-69,276],[51,133],[-140,130],[64,62],[518,-71],[91,-256],[87,-39],[408,327],[371,-304],[394,160],[41,-363],[264,160],[281,-7],[67,-78],[1,-387],[272,-94],[65,-192],[509,41],[98,-68],[-235,-367],[58,-80],[643,33],[460,286],[237,7],[75,66],[13,363],[273,-52],[56,-231],[112,-28],[130,204],[56,327],[487,103],[262,-103],[45,-142],[-96,-313],[98,-92],[161,-4],[251,206],[219,34],[275,-323],[180,-43],[355,96],[193,-171],[183,-47],[170,168],[108,341],[105,89],[1000,-34],[524,324],[544,-151],[219,437],[255,170],[141,25],[396,-178],[87,144],[180,66],[684,-258],[45,-206],[163,-128],[247,32],[123,-179],[322,23],[186,-69],[33,-149],[-134,-267],[36,-101],[165,155],[387,108],[189,332],[445,-158],[116,149],[128,2],[31,-194],[119,-110],[423,256],[825,-224],[139,263],[414,-18],[107,228],[294,-24],[199,182],[259,-75],[68,110],[234,87],[226,-160],[224,43],[81,80],[-16,186],[329,98],[74,171],[190,108],[119,-41],[369,-469],[334,142],[49,-327],[355,-133],[-40,-314],[298,-62],[257,-252],[78,392],[307,60],[54,160],[613,98],[365,-197],[512,378],[430,46],[219,281],[-58,172],[240,-74],[69,69],[62,217],[-214,214],[463,160]],[[1800052,3712212],[180,172],[-57,292],[216,418],[-78,62],[-900,54],[365,862],[-645,22],[-142,680],[242,589],[81,-1],[71,958],[152,588],[163,126],[210,438],[-88,555],[307,740],[46,696],[503,-180],[-21,-170],[396,-49],[763,-252],[219,664],[276,194],[353,799],[-533,475],[159,888],[231,562],[101,5],[33,124],[33,1070],[662,-51],[-156,850],[626,54],[61,192],[-67,512],[-398,398],[695,1706],[-103,1228],[58,649],[137,456],[-15,887],[189,272],[280,971],[496,585],[1329,-143],[460,-1052],[714,140],[25,-527],[-134,-277],[602,24],[553,340],[1029,-102],[5,1157],[-170,652],[-190,1559],[233,495],[1191,45],[590,239],[118,157]],[[1661771,3857842],[-182,-722],[16,-371],[248,-543],[276,42],[107,-183],[160,-50],[39,-164],[246,24],[72,-59],[-63,-188],[-187,-62],[273,-185],[163,-677],[98,11],[138,209],[138,19],[-5,-216],[188,-162],[503,-104],[30,-314],[432,93],[-120,-558],[413,-304],[201,-331],[424,257],[46,-98],[166,-28],[-59,-164],[198,-123],[36,-114],[-48,-89],[-189,-32],[93,-108],[215,-40],[239,286],[166,12],[564,-568],[526,-172],[-201,-158],[-27,-174],[479,-1087],[1163,284],[278,-649],[1423,-112],[94,-117],[47,-296],[468,-226],[-105,-194],[101,-409],[-65,-182],[72,-113],[-105,-220],[206,-354],[-130,-199],[16,-132],[197,-197],[-830,-7],[-288,-1894],[-28,-756],[2139,301],[110,2351],[768,194],[756,455],[372,-142],[-18,-137],[-243,-487],[-460,-579],[-141,-861],[-611,-1286],[2267,-125],[-272,-750],[6,-834],[-180,-800],[47,-192],[-984,-1617],[-1403,454],[-332,-576],[-3,-355],[-851,260],[-783,-1082],[1235,-246],[-1269,-1249],[-254,-624],[-60,-41],[-390,118],[-479,347],[-327,-290],[72,-131],[-114,-85],[-273,286],[-1082,-521],[-644,-965],[79,-938],[350,-638],[-84,-869],[-542,78],[-7,-1749],[836,-197],[14,-729],[606,-474],[-764,-726],[301,-229],[846,-52],[263,-100],[277,-279],[289,-38],[660,71],[441,270],[688,-84],[1545,385],[334,15],[-7,-1055],[-198,-1322],[-756,-111],[-19,-86],[-165,31],[-1,-95],[-884,-113],[-178,47],[-298,-128],[-632,2],[-59,-522],[771,-699],[-405,-489],[59,-379],[-95,-254],[-338,-338],[-198,30],[-325,-416],[167,-485],[-690,-585]],[[1839003,3533627],[-599,558],[-390,-22],[-275,-418],[9,-235],[165,-311],[263,-229],[-54,-157],[-375,25],[-636,324],[-1078,-222],[-1085,469],[88,719],[-37,129],[-310,126],[-137,-147],[-35,-443],[-410,-150],[-137,-175],[-5,-207],[625,7],[192,-296],[-53,-271],[-578,85],[-236,-193],[-24,-249],[228,-664],[-119,-248],[-589,-242],[-240,19],[-102,249],[586,643],[20,378],[-169,152],[-113,-36],[-176,-515],[-377,-220],[-155,42],[-159,291],[-101,594],[-193,10],[-123,-184],[18,-165],[309,-481],[190,-526],[9,-244],[-551,-261],[-107,462],[-239,120],[-204,-497],[111,-276],[-188,-166],[-1857,376],[-264,-161],[-396,-58],[-349,-275],[-466,-91],[-108,33],[-126,226],[137,216],[6,337],[-211,120],[-743,118],[-249,-68],[-30,-396],[-161,-198],[-784,390],[-461,-127],[-11,-240],[-156,-290],[172,-387],[137,-1],[174,138],[555,-94],[-10,-97],[-244,74],[-193,-45],[56,-194],[262,-268],[-14,-147],[-372,15],[-194,-188],[-99,-230],[140,-236],[-43,-225],[-489,121],[-137,-101],[74,-313],[343,-154],[23,-198],[-339,6],[-400,-160],[-475,62],[-34,-235],[206,-199],[47,-171],[-228,-455],[-207,-119],[187,-222],[409,-190],[553,-574],[51,-235],[-194,-271],[-637,-422],[-899,-181],[-70,185],[161,276],[514,293],[95,179],[-33,83],[-174,29],[-437,-8],[-207,-183],[-790,-1177],[-289,-252],[-229,-362],[-193,-66],[-321,29],[-40,-445],[-70,-70],[-154,-7],[-91,237],[-294,-172],[-86,-231],[42,-274],[-268,-240],[-225,-66],[136,-292],[-32,-91],[-388,-105],[-507,34],[-577,-347],[-355,32],[-386,-162],[-78,-143],[31,-294],[-72,-251],[122,-338],[-416,-219],[-457,50],[-246,-171],[-88,525],[-154,59],[-17,-411],[-287,-536],[301,-275],[39,-127],[-124,-158],[-485,-71],[1,-161],[338,-4],[242,-158],[320,80],[17,-105],[-313,-184],[694,-231],[163,-4],[194,182],[-268,-488],[29,-179],[-554,-125],[335,-368],[153,-16],[209,112],[38,-109],[-56,-126],[-508,-295],[-124,223],[-282,-5],[-1,-65],[173,-62],[-19,-58],[-368,-65],[-224,-270],[111,-117],[51,-684],[105,-203],[112,10],[60,282],[477,-274],[-286,-358],[16,-172],[424,-90],[-72,-242],[211,-57],[128,-233],[194,383],[105,-8],[61,-100],[-217,-396],[121,-209],[133,-569],[-463,296],[-314,-337],[-359,80],[-136,315],[-119,62],[32,-277],[-306,-514],[316,-736],[-359,12],[-79,-112],[32,-210],[450,-585],[-265,-47],[-264,-345],[-9,142],[-87,63],[-17,-238],[-362,-234],[-42,-138],[134,-203],[544,-408],[32,-501],[-482,-117],[284,-285],[8,-119],[-134,-184],[-244,-63],[-281,219],[-119,10],[-213,-297],[-249,-153],[344,-446],[-95,-439],[250,-24],[223,-254],[-228,-602],[-8,-433],[-278,-199],[-446,209],[-697,-89],[118,-190],[-191,-97],[-45,-132],[206,-32],[58,-112],[-267,-2],[-64,-77],[219,-45],[24,-83],[-188,-77],[-30,-233],[-504,-79],[169,-187],[-35,-77],[-167,-8],[-1,-282],[307,-182],[72,-195],[-91,-83],[-410,67],[230,-477],[-337,-56],[-174,-275],[342,-217],[160,-287],[519,-68],[137,-199],[260,-24],[120,-161],[-433,-550],[-334,1],[-141,-77],[83,-695],[79,-63],[246,25],[41,-84],[-81,-263],[-346,-60],[-121,-255],[167,-988],[210,-242],[877,-649],[283,-360],[223,28],[151,496],[176,0],[270,-489],[396,-108],[-34,-275],[379,-691],[-33,-140],[-323,-286],[-133,-339],[-10,-287],[282,-429],[-15,-146],[-123,-157],[-235,-74],[-212,-195],[-56,-157],[17,-1063],[-89,-100],[-305,-94],[-71,-221],[157,-336],[550,-234],[196,-245],[77,-408],[184,-308],[-195,-278],[29,-181],[884,-244],[412,-398],[87,-227],[149,-1646],[-73,-180],[-341,-200],[-1302,-1075],[-336,-519],[-711,-390],[-1285,-539],[-71,-120],[216,-351],[-124,-264],[-135,-57],[-222,145],[-191,-28],[-327,-485],[-437,-81],[-100,-95],[-83,-444],[300,-326],[76,-282],[-147,-872],[157,-388],[-371,-501],[-671,-627],[-15,-94],[210,-501],[400,-162],[164,-147],[-331,-685],[-328,-140],[-536,14],[-602,-150],[-167,-215],[-128,-427],[-156,-98],[-584,559],[-117,-5],[-315,-398],[-264,-65],[-424,171],[-292,365],[-163,90],[-1404,25],[-179,-117],[-253,-410],[-206,-68],[-1520,140],[-267,-40],[-399,-219],[-476,392],[-202,6],[-547,-411],[-324,-513],[-264,-65],[-227,1],[-518,241],[-358,-7],[-33,224],[238,163],[62,154],[-790,246],[-274,174],[-841,153],[-528,-43],[-224,-101],[-710,18],[-771,265],[-526,-315],[-18,-307],[-236,-397],[-209,-148],[-22,-347],[-110,-209],[-868,-859],[-309,-525],[-297,-219],[-27,-229],[108,-501],[191,-490],[-178,-168],[-354,128],[-151,-71],[-28,-484],[-235,-285],[-209,-41],[-293,-524],[40,-434],[-163,-403],[0,-92],[332,-389],[593,-227],[327,-399],[135,-517],[-186,-208],[63,-454],[-95,-808],[-318,-842],[-178,-735],[-792,-1340],[-393,-1251],[-560,-1378],[-336,-607],[-12,-989],[-113,-580],[-270,-335],[-1140,-223],[-863,-597],[-871,-324],[-113,-607],[-290,-761],[-177,-272],[-482,-398],[-317,-589],[-1094,-241],[-260,-317],[-80,-1833],[211,-581],[323,-310],[257,-618],[-57,-372],[-335,-697],[-11,-554],[-299,-598],[127,-862],[-120,-91],[-66,-299],[202,-536],[-57,-499],[137,-391],[369,-364],[676,-111],[100,-381],[-196,-626],[-839,-1667],[-150,-635],[-326,-534],[-455,-325],[-444,74],[-195,-245],[-19,-154],[137,-490],[-206,-726],[340,-845],[-1,-435],[322,-564],[1125,-1210],[301,-1426],[545,-437],[702,-384],[332,-391],[545,-374],[1267,-530],[675,-184],[175,-164],[26,-508],[-94,-408],[-381,-616],[-76,-408],[138,-391],[820,-1182]],[[1760152,3921902],[899,1210],[1,237],[-616,277],[129,1319],[2287,93],[749,168],[-27,967],[711,279],[50,786],[123,516],[348,565],[1698,-27],[1581,-252],[-19,-607],[214,-1853],[258,-683],[296,-367],[267,12],[621,497],[223,291],[-67,82],[19,288],[355,852],[2114,-227],[236,500],[-44,308],[-584,412],[-493,820],[-319,309],[-115,550],[50,93],[2167,-435],[508,-218],[281,272],[207,941],[286,641],[290,347],[409,-314],[302,-67],[580,-390],[529,377],[159,298],[757,-11],[221,74],[169,386],[-89,457],[408,398],[277,-106],[73,736],[-331,-10],[100,429],[-237,-30],[-79,205],[109,160],[482,187],[82,1686],[421,2391],[149,39],[1580,-706],[514,24],[136,361],[-382,296],[-532,6],[-154,819],[26,104],[347,72],[370,860],[212,-63],[246,668],[-2412,1131],[-2,559],[-174,471],[60,436],[-89,343],[492,1147],[343,223],[-661,346],[-651,136],[553,802],[339,329],[1263,2267],[933,-870]],[[1823999,3886701],[390,-13],[101,-85],[57,-405],[-62,-465],[212,-454],[267,32],[105,-87],[22,-154],[-224,-214],[203,-385],[222,68],[229,-125],[47,-150],[408,138],[154,-181],[722,-264],[1451,-122],[184,442],[379,364],[373,20],[476,352],[614,220],[30,309],[312,352],[40,449],[265,211],[294,533],[408,153],[380,270],[10,103],[-110,104],[18,307],[-248,262],[39,250],[-214,195],[84,213],[189,71],[33,219],[164,154],[0,199],[205,148],[168,322],[198,57],[12,180],[154,163],[-25,363],[89,75],[276,-26],[16,259],[94,42],[194,-68],[141,178],[-16,223],[-168,254],[39,97],[150,275],[202,34],[94,88],[-22,98],[197,67],[-83,246],[133,80],[394,776],[434,481],[105,292],[241,314],[37,202],[458,393],[320,147],[75,344],[157,192],[-42,124],[80,113],[-110,11],[191,160],[-87,383],[220,57],[-16,251],[199,257],[99,374],[-77,188],[-122,28],[50,161],[-92,59],[332,613],[136,853],[386,1000],[-20,710],[519,-10],[380,-120],[9,-252],[313,-110],[-46,-217],[631,5],[875,205],[631,271],[-134,-651],[77,-42],[-10,-261],[-257,181],[-205,-78],[29,-322],[577,-85],[33,-177],[131,-16],[95,-387],[263,60],[337,-158],[119,-323],[237,310],[-122,281],[174,145],[50,282],[346,33],[8,-187],[695,-235],[237,577],[-561,353],[237,-3],[212,321],[34,200],[-158,298],[37,169],[450,-52],[-48,-188],[300,-35],[294,-222],[112,547],[114,-2],[198,-168],[84,386],[-136,319],[125,160],[334,100],[-6,314],[183,1],[-24,164],[118,-3],[32,93],[-122,668],[142,449],[-1407,600],[-424,-487],[-541,384],[571,449],[-144,179],[79,180],[-47,95],[134,262],[210,-70],[443,-457],[486,-54],[207,110],[404,490],[159,432],[-24,337],[287,694],[21,377],[205,98],[138,321],[188,178],[102,310],[95,99],[185,16],[281,589],[171,159],[451,201],[198,219],[227,586],[204,251],[92,634],[336,259]],[[1734488,3937381],[1890,3516],[304,60],[230,187],[5,120],[-259,190],[157,139],[65,244],[127,136],[-100,699],[-866,339],[-1064,10],[-891,379],[-440,92],[-631,508],[-336,134],[-952,-135],[-238,169],[-132,250],[51,190],[276,202],[-179,361],[2999,6585],[-147,156],[-159,436],[-477,416],[-80,245],[44,131],[372,318],[447,135],[-36,398],[292,-152],[447,-478],[177,10],[86,203],[-258,473],[-1,8734]],[[1572766,3551338],[40,1638],[565,1339],[1405,1923],[707,689],[565,345],[600,310],[2047,756],[530,587],[1201,999],[425,966],[36,760],[317,896],[828,105],[547,509],[237,422],[213,124],[502,91],[711,-101],[615,46],[730,-303],[627,-1],[694,-160],[364,-582],[443,-381],[139,-243],[1046,-389],[452,-463],[211,-36],[23,142],[180,63],[614,-575],[358,58],[155,-45],[115,-160],[224,155],[362,37],[3,-197],[470,-173],[297,295],[114,343],[429,-13],[105,70],[-78,198],[92,7],[329,-337],[183,20],[-74,149],[298,-64],[26,-200],[-175,-285],[58,-100],[93,-16],[180,175],[287,-123],[183,62],[100,177],[6,362],[79,39],[333,-284],[507,-183],[316,-281],[550,131],[167,146],[210,-32],[291,222],[16,148],[115,81],[152,6],[194,-149],[171,273],[196,97],[244,-5],[168,162],[60,201],[216,108],[277,-31],[281,-141],[285,125],[90,-446],[89,-5],[252,272],[238,83],[118,139],[-27,116],[-230,13],[37,116],[222,60],[155,-65],[176,108],[142,-70],[104,80],[-87,603],[80,207],[306,-115],[-28,-235],[170,65],[88,-87],[150,302],[134,-170],[365,386],[1014,443],[215,251],[576,135],[51,111],[-85,121],[178,-27],[38,75],[-56,93],[-134,0],[255,121],[-113,195],[152,77],[140,235],[214,28],[0,170],[226,29],[244,-97],[57,70],[-91,74],[102,27],[262,-176],[138,-8],[98,191],[105,-94],[-126,-154],[65,-108],[255,243],[435,-122],[31,87],[-107,157],[78,59],[152,-108],[115,45],[64,-102],[147,111],[151,-208],[123,95],[32,181],[394,188],[8,300],[78,24],[121,-193],[97,37],[-72,261],[260,59],[-235,138],[15,93],[434,-80],[222,73],[200,-138],[415,458],[23,163],[451,2],[653,330],[63,390],[225,226],[400,3],[801,-264],[350,13],[425,555],[721,220],[480,455],[129,231],[27,497],[457,452],[529,-61],[722,-508],[506,202],[295,-234],[129,-7],[262,559],[155,92],[46,352],[208,308],[229,48],[490,-57],[191,69],[607,662],[225,138],[184,285],[571,219],[492,79],[229,-51],[414,-268],[531,-28],[188,175],[209,31],[178,297],[188,131],[520,17],[76,221],[-108,642],[69,94],[227,57],[40,134],[-141,201],[-44,238],[268,202],[105,212],[-137,354],[70,354],[666,7],[237,-145],[120,-295],[455,119],[626,516],[9,266],[441,787],[348,185],[268,345],[311,-10],[313,197],[353,626],[20,249],[291,159],[180,-183],[179,29],[724,708],[668,95],[114,394],[202,-29],[39,188],[271,37],[88,-106],[105,124],[239,-22],[12,267],[109,81],[-48,119],[108,107],[-84,94],[36,103],[-158,113],[49,300],[-218,808],[353,684],[86,414],[144,236],[-5,215],[240,232],[321,99],[2,301],[181,-50],[140,98],[26,96],[-160,110],[-23,190],[307,183],[6,77],[-235,282],[649,621],[222,-10],[231,-209],[214,252],[325,-66],[0,249],[324,147],[41,487],[172,263],[256,7],[269,-163],[154,187],[151,-42],[-20,265],[140,10],[342,-161],[22,120],[-106,126],[111,119],[377,-119],[365,89],[-3,191],[-117,176],[295,195],[33,100],[-198,182],[-19,112],[87,60],[302,-28],[160,130],[75,204],[-99,176],[260,475],[196,62],[215,-137],[162,49],[49,323],[998,375],[155,560],[360,114],[-5,163],[-377,77],[-234,223],[118,451],[206,6],[116,-125],[170,-481],[150,20],[322,348],[20,179],[-356,261],[-139,251],[124,181],[310,-83],[265,94],[165,76],[39,146],[-152,91],[-227,-48],[-500,65],[-163,206],[127,461],[395,-290],[335,85],[11,101],[-224,364],[134,198],[308,-29],[206,-605],[89,-54],[311,177],[171,381],[194,-7],[619,-276],[160,196],[538,329],[88,-134],[38,-369],[99,-98],[186,121],[126,315],[464,260],[-56,-384],[298,116],[359,-8],[209,-86],[149,-173],[7,-156],[-351,29],[-111,-120],[98,-279],[256,-115],[395,139],[297,-118],[334,116],[536,-91],[341,57],[289,-69],[670,38],[266,326],[375,-119],[151,27],[410,512],[170,79],[161,-182],[454,-52],[351,-477],[332,88],[385,-263],[405,16],[628,-187],[594,50],[647,-349],[714,312],[305,-132],[587,-24],[333,-147],[751,375],[780,169],[227,-125],[91,-460],[91,-116],[413,202],[812,-154],[1203,-1060],[642,566],[161,557],[-84,386],[-573,898],[-213,590],[-19,343],[357,592],[232,126],[251,27],[270,-67],[330,-319],[448,-807],[474,-630],[614,-1485],[592,-319],[693,3],[322,142],[548,415],[197,322],[114,598],[-95,439],[-971,1233],[-30,491],[106,348],[216,231],[264,83],[1656,-24],[666,195],[436,298],[576,796],[128,292],[-35,944],[90,704],[-82,461],[79,252],[218,268],[715,201],[1012,126],[1547,646],[1457,-724],[707,-98],[501,142],[306,290],[144,422],[-8,373],[-127,442],[195,301],[278,217],[305,-9],[343,101],[415,-404],[447,-112],[238,-240],[287,-134],[353,98],[428,342],[-19,599],[-368,1391],[-33,870],[279,421],[764,698],[286,628],[-3,337],[-195,384],[-386,342],[-665,326],[-84,343],[19,421],[178,310],[228,153],[564,106],[978,-75],[566,250],[175,329],[-150,434],[-509,554],[-478,102],[-1096,0],[-408,179],[-272,317],[81,589],[705,586],[765,162],[552,-176],[624,-374],[503,-169],[422,-4],[1564,763],[224,242],[100,407],[-153,513],[-1115,1023],[-165,492],[4,858],[-110,444],[86,702],[78,262],[511,698],[-222,25],[76,172],[151,-19],[-55,450],[-363,825],[-1142,445],[-1209,802],[-369,168],[-260,100],[-760,92],[-414,-29],[-389,228],[-238,365],[0,468],[217,504],[124,557],[599,1293],[-75,628],[-290,709],[-523,542],[-1061,130],[-314,113],[-130,81],[-233,398],[3,721],[257,427],[278,250],[434,224],[327,139],[470,66],[417,12],[711,-118],[542,-210],[1257,-1782],[329,-304],[394,-179],[508,-7],[761,257],[336,337],[182,655],[-9,759],[-159,406],[-770,921],[-904,547],[-437,731],[-17,568],[77,418],[748,985],[104,464],[-41,300],[-314,356],[-920,203],[-311,219],[-358,1047],[-704,857],[-512,1205],[-63,371],[39,319],[387,596],[127,808],[-210,587],[-638,865],[-11,759],[147,718],[620,868],[188,517],[2,223],[-125,635],[-199,319],[-488,504],[-46,355]]]}
