{"type":"Topology","bbox":[-77.8837760500222,3.964883533456085,-76.00184513657605,8.677729667999008],"transform":{"scale":[0.000003385120954067422,0.0000034456095261769775],"translate":[-81.73562055563167,-4.229406466336059]},"objects":{"MGN_ADM_MPIO_GRAFICO":{"type":"GeometryCollection","geometries":[{"type":"Polygon","arcs":[[-7,45,46,47,48,49,50,-10,51]],"bbox":[-77.14011236810694,5.6209640680701565,-76.16018755432351,6.346674900864025],"properties":{"dpto_ccdgo":"27","mpio_ccdgo":"001","mpio_cdpmp":"27001","dpto_cnmbr":"CHOCÓ","mpio_cnmbr":"QUIBDÓ"}},{"type":"Polygon","arcs":[[52,43]],"bbox":[-77.4562555842492,8.269704033518657,-77.07494878974114,8.677729667999008],"properties":{"dpto_ccdgo":"27","mpio_ccdgo":"006","mpio_cdpmp":"27006","dpto_cnmbr":"CHOCÓ","mpio_cnmbr":"ACANDÍ"}},{"type":"Polygon","arcs":[[53,54,55,-50,56,57,58,59]],"bbox":[-77.29335679369758,5.278573849453949,-76.85615488199595,6.0478613059253785],"properties":{"dpto_ccdgo":"27","mpio_ccdgo":"025","mpio_cdpmp":"27025","dpto_cnmbr":"CHOCÓ","mpio_cnmbr":"ALTO BAUDÓ"}},{"type":"Polygon","arcs":[[60,61,62,-48]],"bbox":[-76.70921016650084,5.402643357272531,-76.4749428708746,5.694476147311141],"properties":{"dpto_ccdgo":"27","mpio_ccdgo":"050","mpio_cdpmp":"27050","dpto_cnmbr":"CHOCÓ","mpio_cnmbr":"ATRATO"}},{"type":"Polygon","arcs":[[-1,19,20,63,64,65,66,-2]],"bbox":[-76.43564161659788,5.334234225739813,-76.00184513657605,5.688642730383323],"properties":{"dpto_ccdgo":"27","mpio_ccdgo":"073","mpio_cdpmp":"27073","dpto_cnmbr":"CHOCÓ","mpio_cnmbr":"BAGADÓ"}},{"type":"Polygon","arcs":[[67,68,-55,69,39,70,71]],"bbox":[-77.48330608579316,5.986470880997484,-77.2162234276382,6.809048134400765],"properties":{"dpto_ccdgo":"27","mpio_ccdgo":"075","mpio_cdpmp":"27075","dpto_cnmbr":"CHOCÓ","mpio_cnmbr":"BAHÍA SOLANO"}},{"type":"Polygon","arcs":[[72,73,37,74,-60,75]],"bbox":[-77.53947201266305,4.4395541473917515,-76.93038381427675,5.5652037691080345],"properties":{"dpto_ccdgo":"27","mpio_ccdgo":"077","mpio_cdpmp":"27077","dpto_cnmbr":"CHOCÓ","mpio_cnmbr":"BAJO BAUDÓ"}},{"type":"Polygon","arcs":[[-11,-51,-56,-69,76]],"bbox":[-77.39655897622423,6.017212609190034,-76.76177770979655,6.864525893381741],"properties":{"dpto_ccdgo":"27","mpio_ccdgo":"099","mpio_cdpmp":"27099","dpto_cnmbr":"CHOCÓ","mpio_cnmbr":"BOJAYÁ"}},{"type":"Polygon","arcs":[[77,78,79,80,-58,81]],"bbox":[-76.89498221933911,5.239555767179521,-76.65167326564456,5.514339681282609],"properties":{"dpto_ccdgo":"27","mpio_ccdgo":"135","mpio_cdpmp":"27135","dpto_cnmbr":"CHOCÓ","mpio_cnmbr":"EL CANTÓN DEL SAN PABLO"}},{"type":"Polygon","arcs":[[-14,-13,-12,-77,-68,82,83]],"bbox":[-77.4164973386437,6.7668463089241495,-76.50868237142379,7.332977182122658],"properties":{"dpto_ccdgo":"27","mpio_ccdgo":"150","mpio_cdpmp":"27150","dpto_cnmbr":"CHOCÓ","mpio_cnmbr":"CARMEN DEL DARIÉN"}},{"type":"Polygon","arcs":[[-65,84,85,-78,86,-62,87]],"bbox":[-76.72125442685541,5.267372172884349,-76.33571961627572,5.501914813331215],"properties":{"dpto_ccdgo":"27","mpio_ccdgo":"160","mpio_cdpmp":"27160","dpto_cnmbr":"CHOCÓ","mpio_cnmbr":"CÉRTEGUI"}},{"type":"Polygon","arcs":[[88,89,90,91,92]],"bbox":[-76.72595297473966,4.979746472077199,-76.28808080908912,5.211818610493797],"properties":{"dpto_ccdgo":"27","mpio_ccdgo":"205","mpio_cdpmp":"27205","dpto_cnmbr":"CHOCÓ","mpio_cnmbr":"CONDOTO"}},{"type":"Polygon","arcs":[[-5,-4,-3,-67,93,-46,-6]],"bbox":[-76.38147629621184,5.655134177741253,-76.05100386307102,6.02125430916424],"properties":{"dpto_ccdgo":"27","mpio_ccdgo":"245","mpio_cdpmp":"27245","dpto_cnmbr":"CHOCÓ","mpio_cnmbr":"EL CARMEN DE ATRATO"}},{"type":"Polygon","arcs":[[94,95,31,32,33,34,35,36,-74]],"bbox":[-77.53133418188948,3.964883533456085,-76.44438538402224,4.573109418235896],"properties":{"dpto_ccdgo":"27","mpio_ccdgo":"250","mpio_cdpmp":"27250","dpto_cnmbr":"CHOCÓ","mpio_cnmbr":"EL LITORAL DEL SAN JUAN"}},{"type":"Polygon","arcs":[[96,-95,-73,97,-80,98,99,100,101]],"bbox":[-77.1598882447206,4.37927665434081,-76.52395942228951,5.283201303047605],"properties":{"dpto_ccdgo":"27","mpio_ccdgo":"361","mpio_cdpmp":"27361","dpto_cnmbr":"CHOCÓ","mpio_cnmbr":"ISTMINA"}},{"type":"Polygon","arcs":[[-71,40,102]],"bbox":[-77.8837760500222,6.647862520766207,-77.37168849257469,7.499458697598952],"properties":{"dpto_ccdgo":"27","mpio_ccdgo":"372","mpio_cdpmp":"27372","dpto_cnmbr":"CHOCÓ","mpio_cnmbr":"JURADÓ"}},{"type":"Polygon","arcs":[[-61,-47,-94,-66,-88]],"bbox":[-76.61637322433555,5.428419962137861,-76.1398260517848,5.741577629533982],"properties":{"dpto_ccdgo":"27","mpio_ccdgo":"413","mpio_cdpmp":"27413","dpto_cnmbr":"CHOCÓ","mpio_cnmbr":"LLORÓ"}},{"type":"Polygon","arcs":[[-9,-8,-52]],"bbox":[-76.98777176981105,5.811385678534327,-76.24607822829105,6.209670574884175],"properties":{"dpto_ccdgo":"27","mpio_ccdgo":"425","mpio_cdpmp":"27425","dpto_cnmbr":"CHOCÓ","mpio_cnmbr":"MEDIO ATRATO"}},{"type":"Polygon","arcs":[[-59,-81,-98,-76]],"bbox":[-77.28366857752704,4.907915850284988,-76.78983697738482,5.387689411928923],"properties":{"dpto_ccdgo":"27","mpio_ccdgo":"430","mpio_cdpmp":"27430","dpto_cnmbr":"CHOCÓ","mpio_cnmbr":"MEDIO BAUDÓ"}},{"type":"Polygon","arcs":[[103,-91,104,105,-102]],"bbox":[-76.96432980720414,4.489270847244958,-76.6529088347928,5.127287471988097],"properties":{"dpto_ccdgo":"27","mpio_ccdgo":"450","mpio_cdpmp":"27450","dpto_cnmbr":"CHOCÓ","mpio_cnmbr":"MEDIO SAN JUAN"}},{"type":"Polygon","arcs":[[-90,106,107,-105]],"bbox":[-76.84390412926318,4.657285658960401,-76.41928132702688,5.026482719690263],"properties":{"dpto_ccdgo":"27","mpio_ccdgo":"491","mpio_cdpmp":"27491","dpto_cnmbr":"CHOCÓ","mpio_cnmbr":"NÓVITA"}},{"type":"Polygon","arcs":[[-16,-15,-84,108,-17]],"bbox":[-77.14051519750048,7.132167058937064,-76.48527087490547,7.781505956583221],"properties":{"dpto_ccdgo":"27","mpio_ccdgo":"493","mpio_cdpmp":"27493","dpto_cnmbr":"CHOCÓ","mpio_cnmbr":"NUEVO BELÉN DE BAJIRÁ"}},{"type":"Polygon","arcs":[[-70,-54,-75,38]],"bbox":[-77.52327420889783,5.485644645148607,-77.13787480315631,6.005952357258488],"properties":{"dpto_ccdgo":"27","mpio_ccdgo":"495","mpio_cdpmp":"27495","dpto_cnmbr":"CHOCÓ","mpio_cnmbr":"NUQUÍ"}},{"type":"Polygon","arcs":[[-92,-104,-101,109]],"bbox":[-76.68176699092622,5.094519725394154,-76.33269331814279,5.267485877998713],"properties":{"dpto_ccdgo":"27","mpio_ccdgo":"580","mpio_cdpmp":"27580","dpto_cnmbr":"CHOCÓ","mpio_cnmbr":"RÍO IRÓ"}},{"type":"Polygon","arcs":[[-63,-87,-82,-57,-49]],"bbox":[-76.9687033834768,5.412453007593555,-76.66338578414563,5.691030537784965],"properties":{"dpto_ccdgo":"27","mpio_ccdgo":"600","mpio_cdpmp":"27600","dpto_cnmbr":"CHOCÓ","mpio_cnmbr":"RÍO QUITO"}},{"type":"Polygon","arcs":[[-18,-109,-83,-72,-103,41,110]],"bbox":[-77.74860817032629,6.724568680037958,-76.88331032228949,7.956811678056052],"properties":{"dpto_ccdgo":"27","mpio_ccdgo":"615","mpio_cdpmp":"27615","dpto_cnmbr":"CHOCÓ","mpio_cnmbr":"RIOSUCIO"}},{"type":"Polygon","arcs":[[22,23,24,25,26,111,-107,-89,112]],"bbox":[-76.51093347685826,4.7477777019463865,-76.05884041807968,5.185277080313655],"properties":{"dpto_ccdgo":"27","mpio_ccdgo":"660","mpio_cdpmp":"27660","dpto_cnmbr":"CHOCÓ","mpio_cnmbr":"SAN JOSÉ DEL PALMAR"}},{"type":"Polygon","arcs":[[27,28,29,30,-96,-97,-106,-108,-112]],"bbox":[-76.84334558430577,4.3332536478996655,-76.28569091369556,4.796250536760644],"properties":{"dpto_ccdgo":"27","mpio_ccdgo":"745","mpio_cdpmp":"27745","dpto_cnmbr":"CHOCÓ","mpio_cnmbr":"SIPÍ"}},{"type":"Polygon","arcs":[[-113,-93,-110,-100,113,-85,-64,21]],"bbox":[-76.62847503174633,5.119858737849659,-76.13248710955638,5.414585839890259],"properties":{"dpto_ccdgo":"27","mpio_ccdgo":"787","mpio_cdpmp":"27787","dpto_cnmbr":"CHOCÓ","mpio_cnmbr":"TADÓ"}},{"type":"Polygon","arcs":[[44,-19,-111,42,-53]],"bbox":[-77.30158602273691,7.847437694866617,-76.93828468658354,8.34950090453539],"properties":{"dpto_ccdgo":"27","mpio_ccdgo":"800","mpio_cdpmp":"27800","dpto_cnmbr":"CHOCÓ","mpio_cnmbr":"UNGUÍA"}},{"type":"Polygon","arcs":[[-114,-99,-79,-86]],"bbox":[-76.72587173183676,5.185087571789715,-76.5842145752719,5.404827873712126],"properties":{"dpto_ccdgo":"27","mpio_ccdgo":"810","mpio_cdpmp":"27810","dpto_cnmbr":"CHOCÓ","mpio_cnmbr":"UNIÓN PANAMERICANA"}}]}},"arcs":[[[1691679,2843345],[-42,797],[666,993],[125,572],[52,1565],[-337,1119],[-41,463],[-207,327],[-912,832],[-221,300],[1,205],[278,612],[679,408],[623,571],[312,192],[1089,345],[52,123],[21,153],[-155,459],[-885,1410],[-578,1363],[56,722],[647,1036],[35,980],[-96,203],[-263,341],[-539,450],[-663,369],[-373,682],[-26,667],[-830,165],[-387,260],[-650,219],[-1272,847],[-207,259],[-233,926],[-691,860],[-1119,901],[-511,300],[-1263,1346],[-1046,116],[-885,423],[-387,83],[-3068,2266],[-3127,1449],[-441,124],[-194,232],[155,1116],[-83,191],[-332,232],[-1182,434],[-194,196],[-382,665]],[[1672648,2875214],[-241,404],[-371,381],[-609,372],[-1248,466],[-1055,897],[-449,726]],[[1668675,2878460],[417,843],[49,421],[281,602],[258,987],[196,277],[306,746],[233,330],[270,169],[61,168],[-98,1072],[61,180],[882,951],[515,349],[588,253],[588,542],[147,325],[62,927],[85,265],[944,692],[1213,1156],[25,397],[-356,349],[-171,722],[-478,1337],[-748,794],[-600,875],[0,200],[257,494],[686,602],[613,866],[86,73],[282,12],[386,214],[396,1051],[172,925],[-121,130],[-472,179],[-172,169],[-325,514],[-102,654]],[[1675091,2900272],[-85,428],[-391,4],[-623,-198],[-402,-234],[-642,-684],[-402,0],[-678,522],[-366,522],[-239,126],[-256,0],[-348,180],[-256,269],[128,558],[696,270],[384,612],[385,234],[202,768],[146,234],[824,702],[236,578],[-161,227],[-1370,698],[-866,674],[-385,342],[-531,648],[-678,392],[-421,612],[-110,270],[0,270],[129,234],[586,468],[476,216],[220,414],[0,1349],[146,504],[0,396],[-311,461],[-92,251],[0,432],[-311,468],[36,216],[495,396],[55,234],[-256,252],[-403,198],[-660,594],[-513,1079],[-1831,911],[-385,378],[-513,144],[-494,521],[-220,396],[110,900],[-185,1239],[93,830],[37,2136],[55,324],[201,414],[495,378],[540,729],[324,591],[336,1168],[1489,1387],[510,1195],[750,1011],[309,762],[-37,1485],[202,444],[513,162],[659,767],[550,198],[458,270],[439,-18],[623,-198],[696,-36],[366,36],[385,198],[275,36],[403,-90],[531,-378],[330,90],[55,666],[183,791],[494,684],[476,432],[-402,1044],[0,1272],[164,720],[92,989],[192,716],[-155,400],[-477,450],[-219,1416],[-513,792],[-55,594],[91,413],[110,126],[202,144],[513,108],[294,343],[457,305],[455,718]],[[1678450,2948961],[39,230],[-146,396],[-92,1206],[-440,1368],[19,647],[329,540],[1081,918],[18,432],[-677,774],[-770,557],[-952,324],[-1011,729],[-601,81],[-513,234],[-247,216],[-110,414],[18,1043],[276,1078],[36,2019],[-73,306],[-385,378],[-751,396],[-92,198],[-18,774],[-146,162],[-165,72],[-440,0],[-513,341],[-1282,648],[-925,36],[-641,-378],[-146,-18],[-129,90],[-110,558],[-384,342],[-128,324],[-19,498],[-238,594],[-18,1332],[-531,288],[-568,486],[-586,18],[-550,125],[-151,107]],[[1665718,2969844],[-307,307],[-393,900],[-403,594],[-317,1193],[-214,444],[-550,738],[-146,144],[-653,-128],[-615,64],[-344,262],[-110,342],[-312,180],[-531,108],[-1547,-432],[-568,-18],[-385,108],[-513,-540],[-110,-396],[-91,-1385],[-257,-450],[-366,-324],[-256,-360],[-440,-342],[-201,-846],[-495,-1025],[-183,-216],[-1264,90],[-421,-54],[-476,-180],[-495,36],[-659,-468],[-367,-36],[-109,36],[-642,828],[-567,576],[-385,215],[-871,-145],[-466,379],[-362,130],[-609,-310],[-384,0],[-293,162]],[[1647041,2970025],[-587,481],[-970,522],[-220,396],[-55,503],[-257,288],[-293,648],[-824,486],[-476,522],[-55,306],[55,342],[110,162],[146,36],[92,198],[-128,377],[36,198],[220,252],[238,540],[19,306],[-238,576],[-422,396],[-55,288],[111,1261],[-98,679],[-494,1130],[-154,553],[-624,576],[-1368,443],[-518,325],[-396,1008],[-1531,1328],[-339,427],[-236,529],[-97,1974],[-629,1209],[-271,1441],[-554,1361],[-151,2356],[-27,2784],[48,304],[278,509],[173,549],[-15,834],[-546,1500],[-521,652],[-291,807],[-455,1793],[-12,1190],[-360,2680],[226,534],[560,663],[45,255],[-50,302],[-183,251],[-1065,977],[-183,252],[-80,303],[-3,278],[525,754],[809,1751],[22,977],[-314,630],[-376,265],[-437,104],[-829,398],[-704,98],[-470,156],[-451,313],[66,682],[-78,268],[23,406],[-404,652],[215,448],[322,367],[775,110],[-84,330],[-8,809],[314,1001],[-968,798],[-435,208],[-1141,-221],[-659,161],[-969,0],[-203,129],[-378,426],[128,891],[-259,492],[-827,670],[-1085,1078],[-225,470],[-448,530],[-312,758],[-209,287],[-336,226],[-465,-95],[-632,-298],[-735,-150],[-487,-290],[-170,-271]],[[1621668,3028183],[-766,-117],[-480,26],[-467,128],[-629,253],[-253,764],[-175,197],[-921,241],[-581,-61],[-1175,-486],[-1697,-1372],[-1079,-360],[-273,-163],[-511,-861],[-617,-559],[-1151,-639],[-778,-219],[-543,248],[-1740,1501],[-800,363],[-380,1],[-1421,-237],[-2368,-23],[-283,23],[-595,247],[-1368,366],[-875,-8],[-825,143],[-978,42],[-257,-79],[-178,-229],[-327,-738],[-586,-613],[-538,-207],[-618,-6],[-1161,292],[-1079,-238],[-2599,-51],[-1693,-624],[-1669,-421],[-1327,-45],[-1277,266],[-1333,81],[-546,-35],[-2104,-408],[-849,-59],[-591,-107],[-1894,-1031],[-2644,-684],[-483,-536],[-504,-1043],[-31,-2024],[-763,-843],[-1111,-757],[-771,-384],[-962,-178],[-901,67],[-542,147],[-1544,35],[-1214,444],[-854,421],[-566,-5],[-743,-311],[-849,-9]],[[1562831,3017709],[-901,-9],[-593,121],[-983,522],[-2042,890],[-544,324],[-1550,516],[-308,-3],[-1332,-646],[-584,-689],[-127,-255],[244,-3079],[-206,-125],[-286,1],[-301,156],[-1428,-14],[-127,172],[-111,562],[-104,179],[-1798,1648],[-1554,892],[-1234,501],[-432,78],[-1111,-144],[-1184,-12],[-1058,343],[-1711,1223],[-543,197],[-848,-59],[-947,-516],[-565,-107],[-1261,-13],[-1261,316],[-2010,114],[-696,-235],[-1346,-14],[-949,88],[-2083,486],[-968,350],[-1253,657],[-622,599],[-467,224],[-1845,-19],[-823,232],[-257,295],[-461,262],[-75,228],[46,355],[311,340],[-557,327],[-352,-82],[-132,-120],[-16,-329],[-182,-278],[-453,-486],[-486,-327],[-245,46],[-242,327],[-241,37],[-190,-60],[-436,-337],[-373,14],[-310,-262],[-310,-13],[-457,341],[0,389],[-85,158],[-418,332],[-228,327],[-285,67],[-472,-252],[-363,104],[-691,-560],[-411,1],[-297,-305],[-363,-178],[-243,1],[-280,-258],[-725,66],[-395,-293],[-516,28],[-144,-153],[-205,-564],[-507,-520],[-579,-108],[-450,267],[-648,16],[-332,-358],[-87,-378],[-402,-382],[-608,161],[-197,-330],[-222,22],[-321,-538],[-509,-603],[-222,-50],[-613,133],[-334,-145],[-215,-257],[-535,-1197],[-170,-224],[-338,-182],[-452,-24],[-213,64],[-297,288],[-532,254],[-665,20],[-469,410],[-722,416],[-562,-129],[-570,-4],[-627,-391],[-683,-242],[-751,328],[-215,9],[-172,-167],[-88,-288],[-311,-148],[-468,591],[-354,609],[-317,152],[-162,-167],[-30,-909],[-67,-48],[-363,198],[-368,497],[-351,109],[-452,-52],[-794,-573],[-626,128],[-247,-93],[-26,-229],[344,-130],[586,-66],[77,-170],[-831,-719],[-343,-1163],[-580,-340],[-413,50],[-257,160],[-118,271],[52,706],[-78,108],[-903,-646],[-503,-144],[-405,207],[-697,560],[-402,86],[-113,238],[-227,182],[-849,364],[-2831,404],[-756,190]],[[1482950,3018433],[-537,275],[-733,1269],[-111,385],[44,714],[263,1050],[134,230],[1253,1248],[162,296],[79,478],[-56,275],[-487,555],[-1107,533],[-218,198],[-313,549],[-107,742],[23,819],[89,412],[878,2198],[190,544],[12,269],[-96,335],[-335,517],[-341,269],[-1466,637],[-341,308],[-154,229],[-85,448],[40,348],[720,1989],[331,486],[79,563],[-118,144],[-163,33],[-1322,-287],[-781,11],[-1046,480],[-1457,807],[-1372,497],[-1040,575],[-1164,895],[-472,503],[-748,530],[-709,978],[-304,768],[-112,624],[11,254],[197,580],[1395,1972],[804,702],[551,646],[247,652],[51,299],[-101,707],[-911,1011],[-658,442],[-979,226],[-3554,-176],[-2187,259],[-815,387],[-625,525],[-236,353],[-371,741],[-186,801],[-61,889],[90,834],[455,1741],[-34,569],[-298,696],[-667,1042],[-644,743],[-372,315],[-139,395],[-17,591],[151,569],[437,425],[286,149],[653,93],[1691,-178],[351,187],[168,382],[-4,260],[-134,561],[-978,1279],[-666,391],[-1890,505],[-208,132],[-69,502],[54,583]],[[1460740,3068195],[305,1558],[454,1067],[256,327],[1007,753],[1116,412],[1000,229],[640,327],[623,557],[216,336],[130,484],[-48,646],[-121,357],[-229,438],[-303,285],[-454,174],[-2167,365],[-848,455],[-359,289],[-212,332],[-52,374],[69,539],[134,289],[208,345],[441,416],[653,238],[636,64],[515,-89],[1942,-778],[355,-47],[493,111],[437,352],[549,973],[191,672],[34,761],[-143,697],[-415,845],[-281,353],[-571,476],[-1864,884],[-2107,1258],[-1451,645],[-1136,629],[-551,680],[-393,801],[-135,939],[129,696],[247,558],[462,453],[568,260],[843,99],[596,-60],[472,-155],[2120,-840],[1075,-138],[815,55],[1035,520],[669,613],[309,414],[304,608],[377,1149],[-158,641],[-815,1210],[-377,298],[-304,133],[-410,44],[-833,-105],[-489,-227],[-1653,-1204],[-1468,-597],[-815,-66],[-832,122],[-776,303],[-355,232],[-331,288],[-366,475],[-129,525],[50,1265],[343,1359],[422,851],[776,845],[1738,1215],[354,398],[523,845],[141,669],[-12,414],[-376,1884],[95,492],[281,193],[439,0],[574,-398],[185,-375],[56,-1365],[225,-475],[619,-381],[348,-66],[732,49],[258,122],[793,1475],[62,353],[-68,818],[-118,646],[-163,398],[-540,757],[-697,624],[-1490,1790],[-877,558],[-512,227],[-1968,679],[-1006,640],[-465,605],[-995,2033],[-223,309],[-321,302],[-471,174],[-642,-103],[-412,-154],[-361,-277],[-1777,-2833],[-815,-1756],[-285,-391],[-408,-338],[-463,-217],[-338,-26],[-296,84],[-194,238],[-226,597],[55,1869],[-205,1180],[-387,1308],[-29,643],[143,1542],[125,414],[831,1772],[165,978],[-91,554],[-416,206],[-290,0],[-1690,-218],[-734,-329],[-1143,-777],[-1394,-598],[-177,16],[-580,531],[-313,487],[-922,2057],[-307,1000],[-279,1308],[-256,2795],[-284,1906],[-284,1001],[-363,843],[-106,176],[-1093,973],[-883,616],[-1652,1363],[-550,192],[-900,68],[-628,-93],[-606,-234],[-554,-374],[-730,-800],[-597,-1061],[-500,-679],[-290,-268],[-277,-97],[-517,88],[-576,310],[-1382,1757],[-931,801],[-128,226],[-277,1015],[-747,1266],[-164,993],[14,1294],[141,651],[793,1650],[974,1814],[815,1282],[726,652],[995,420],[545,116],[540,71],[1254,-16],[990,-160],[1417,-387],[1400,398],[428,259],[371,348],[332,514],[320,812],[51,796],[-17,370],[-281,768],[-557,707],[-366,293],[-922,497],[-753,293],[-1845,503],[-956,60],[-613,-99],[-1428,-354],[-2992,-994],[-2159,-155],[-377,44],[-838,343],[-343,226],[-629,674],[-625,989],[-337,691],[-84,691],[61,668],[293,779],[259,486],[320,387],[2913,2425],[1018,1514],[185,453],[107,834],[-528,961],[-349,393],[-461,458],[-1001,718],[-613,-27],[-1254,-586],[-1648,-1779],[-770,-1165],[-450,-1359],[-236,-1260],[-276,-591],[-528,-426],[-495,-187],[-174,16],[-1693,553],[-1029,508],[-602,536],[-253,293],[-157,342],[-214,1409],[-45,1939],[-304,1370],[-208,1497],[49,736],[371,1725],[-87,540],[-198,85],[-266,-145],[-942,-1594],[-593,-621],[-755,-558],[-1180,-423],[-670,-88],[-1433,346],[-671,425],[-297,285],[-252,349],[-264,671],[-7,729],[110,463],[168,399],[251,279],[871,469],[1735,139],[749,368],[1071,1128],[335,526],[303,545],[478,1299],[264,374],[335,291],[565,309],[1706,690],[151,180],[8,212],[-364,1532],[-385,873],[-513,624],[-667,525],[-656,259],[-754,155],[-826,-61],[-1232,-265],[-894,-22],[-450,188],[-253,215],[-500,680],[-152,376],[-304,1508],[-270,707],[-1214,1287],[-467,768],[-118,597],[230,961],[996,2387],[236,828],[152,934],[-229,1663],[-711,2322],[-54,630],[58,493],[238,820],[449,638],[1354,1534],[150,526],[-230,472],[-378,226],[-810,122],[-1566,0],[-740,282],[-239,182],[-267,343],[-263,800],[-21,731],[243,1632],[592,1078],[2697,989],[953,174],[1053,4],[2697,-242],[476,-121],[1520,-835],[596,-249],[669,-49],[357,151],[420,391],[136,257],[208,742],[366,1984],[912,1696],[720,1932],[536,1076],[562,792],[641,546],[352,263],[899,409]],[[1424494,3214609],[-100,-427],[-467,-717],[3,-279],[159,-46],[516,361],[146,-7],[612,-504],[682,-162],[699,-641],[887,-614],[195,-52],[566,117],[26,-124],[-195,-328],[417,-212],[33,-140],[-182,-130],[-490,-136],[-135,-205],[202,-478],[458,-453]],[[1428526,3209432],[252,226],[-92,284],[77,105],[429,214],[467,644],[28,592],[171,409],[160,104],[596,-55],[642,242],[585,535],[21,146],[-147,174],[9,138],[360,389],[196,473],[550,582],[374,365],[1024,301],[536,707],[316,135],[547,-61],[291,-162],[525,-563],[543,-328],[307,-90],[715,-766],[383,-176],[1050,-202],[375,489],[633,253],[449,51],[867,-188],[480,-352],[393,-551],[181,-1380],[127,-468],[236,-364],[400,-307],[595,-290],[1801,-394],[578,-319],[712,-572],[342,-74],[152,174],[34,264],[-364,908],[-119,669],[176,469],[405,357],[618,214],[1086,-76],[664,-179],[1278,-760],[472,-117],[234,10],[249,127],[239,551],[-15,1602],[-104,434],[-229,434],[-799,816],[-1034,811],[-1558,516],[-275,209],[-145,285],[15,266],[130,352],[287,343],[559,268],[294,29],[1484,-318],[773,-49],[2711,500],[925,569],[775,208],[1220,-367],[863,44],[1072,718],[590,616],[242,384],[273,867],[1389,1718],[129,310],[8,737],[-582,2025],[-180,1058],[-1206,804],[-540,561],[-604,1171],[-194,630],[-17,654],[211,1094],[-413,1953],[-110,2061],[-180,1215],[67,727],[372,1293],[14,516],[-79,379],[-655,1243],[-104,588],[-108,1907],[-238,132],[-772,-181],[-490,0],[-353,129],[-576,408],[-247,347],[-209,614],[-22,1453],[-100,534],[-162,329],[-319,353],[-438,221],[-787,46],[-816,-359],[-603,-559],[-613,-970],[-506,-455],[-660,-209],[-250,37],[-219,151],[-140,414],[131,467],[347,482],[1178,1136],[341,590],[303,859],[591,983],[92,382],[-91,623],[-237,367],[-273,131],[-384,59],[-502,-143],[-448,-324],[-439,-570],[-494,-433],[-290,-166],[-225,40],[-144,145],[-9,344],[540,862],[66,664],[-91,390],[-565,1013],[-141,611],[-3,599],[-111,228],[-189,30],[-1694,-562],[-682,43],[-590,254],[672,1126],[1657,2051],[1292,976],[1621,820],[34892,5647],[2008,-238],[1054,-349],[1347,57],[860,-52],[1420,-456],[487,299],[361,45],[54,205],[517,378],[350,565],[484,403],[163,546],[80,30],[704,-321],[141,-139],[100,-297],[141,-153],[215,-660],[294,-377],[595,-259],[828,-87],[833,-428],[742,-176],[250,-131],[399,-487],[643,-189],[366,-512],[252,-187],[278,-418],[125,-620],[102,-120],[538,-145],[428,-234],[507,-64],[405,-234],[241,9],[289,170],[318,378],[141,418],[176,228],[621,206],[481,267],[1063,245],[1284,-89],[498,437],[348,-139],[233,4],[243,-208],[344,-61],[483,-312],[256,-73],[1501,700],[307,267],[333,-384],[620,-213],[332,-232],[55,-435],[180,-139],[515,-860],[834,-219],[252,-756],[2,-344],[468,-1121],[79,-28],[297,250],[400,671],[825,643],[105,219],[111,808],[256,423],[288,179],[158,239],[241,-146],[346,-54],[395,-420],[270,-635],[53,-512],[310,-1158],[-15,-958],[371,-510],[338,-1126],[630,-680],[140,-1010],[-123,-610],[192,-332],[57,-308],[274,-27],[621,-263],[420,36],[726,-338],[343,56],[251,-58],[333,110],[209,-14],[139,-96],[109,-292],[142,-124],[205,-3],[335,175],[186,579],[556,669],[904,374],[262,943],[990,167],[956,595],[393,420],[699,353],[603,940],[987,1134],[174,407]],[[1532637,3259906],[506,2052],[-596,573],[-475,1034],[-23,334],[372,177],[855,759],[635,1052],[186,927],[588,463],[520,838],[-1,568],[175,696],[478,612],[345,216],[-220,2003],[-20,1293],[120,206],[553,431],[489,598],[490,1752],[-297,303],[-228,459],[-463,263],[-452,509],[-187,101],[-489,76],[-290,797],[221,267],[143,441],[385,693],[1415,1530],[404,227],[-15,253],[-393,1205],[187,812],[-124,1057],[22,722],[767,1162],[489,36],[423,212],[585,-11],[191,109],[-470,512],[78,531],[-79,433],[42,193],[-224,368],[417,405],[755,341],[517,405],[331,72],[780,-62],[241,108],[152,216],[225,945],[304,413],[678,1422],[-15,527],[394,1001],[-95,298],[153,975],[-269,869],[55,439]],[[1543878,3298124],[278,651],[116,692],[240,152],[195,12],[498,-412],[408,-108],[253,-220],[1337,8],[169,-64],[125,-80],[135,-802],[294,-262],[592,-255],[781,-30],[972,391],[446,-200],[199,208],[70,447]],[[1550986,3298252],[-7,293],[-324,269],[-307,538],[-605,421],[-34,435],[-348,366],[-121,343],[-342,220],[-455,155],[-490,351],[-125,410],[-169,153],[-234,859],[-334,277],[202,241],[-257,200],[-40,240],[637,735],[-204,242],[-97,491],[-412,127],[20,154],[-164,374],[87,286],[-217,382],[41,186],[200,112],[-274,241],[-36,124],[144,378],[-774,516],[-48,736],[-325,233],[-430,150],[223,256],[-272,266],[273,171],[-42,718],[-558,381],[24,741],[-407,150],[-178,221],[36,233],[358,543],[-143,447],[603,435],[-372,319],[13,125],[235,278],[-178,345],[538,240],[75,243],[-137,164],[-57,244],[-245,244],[-506,164],[-335,17],[24,192],[280,459],[-8,126],[-201,283],[-286,174],[-241,28],[-131,261],[-395,322],[-291,100],[-224,419],[28,134],[339,210],[67,129],[-148,233],[-165,723],[-353,507],[-145,491],[-371,312],[-167,248],[-45,272],[125,330],[-137,165],[-222,842],[90,510],[-51,364],[-929,718],[-143,253],[-668,103],[-121,247],[-70,364],[305,-61],[69,48],[30,550],[-300,442],[167,555],[-646,931],[-93,324],[-23,1087],[-551,879],[-606,1621],[-144,764],[-74,79],[-274,-22],[-312,304],[-719,1370],[-281,309],[-147,-54],[-37,-175],[150,-113],[301,-644],[40,-700],[-491,-470],[-135,46],[-752,708],[-475,776],[-423,-370],[-73,-292],[-240,-111],[-201,47],[-244,246],[-499,104],[-99,173],[54,301],[-305,616],[-386,-14],[-325,134],[-234,237],[-173,479],[-518,248],[-278,562],[-381,-136],[-167,55],[-335,412],[-501,258],[-343,289],[-663,818],[-338,154],[-266,530],[-725,1047],[-521,1961],[-201,1064],[-533,788],[-479,981],[-399,589],[-877,583],[-320,362],[18,667],[-155,203],[-316,90],[-397,-116],[-294,-276],[-199,-392],[-458,-359],[-19,-226],[190,-159],[216,-15],[391,142],[241,-56],[25,-185],[-193,-204],[-348,-177],[-505,143],[-282,-270],[-314,-38],[-317,217],[-95,191],[26,221],[350,195],[73,126],[-110,384],[-211,199],[-435,5],[-466,-408],[-231,-36],[-239,208],[200,648],[-89,211],[-195,134],[-317,-40],[-406,-628],[-161,-90],[-256,-9],[-201,102],[-582,549],[-96,536],[-270,324],[-580,230],[-332,-5],[-403,-280],[-315,96],[-201,305],[30,256],[754,120],[270,222],[-41,272],[-344,353],[-464,102],[-291,-40],[-153,-95],[-136,-272],[-553,-226],[-609,172],[-947,-157],[-298,133],[-116,142],[-2,707],[-555,62],[-12644,38577],[-6605,5726]],[[1492580,3394834],[-34889,30249],[-5771,1866],[-1342,935],[-21805,11],[-10872,705],[-2098,1349],[-441,566],[-328,688],[-102,654],[79,442],[-407,767],[-486,1442],[-214,1352],[-803,1819],[-552,1698],[-136,680],[-1238,2729],[86,956],[-103,352],[-500,906],[-12663,8945],[-10581,9657],[-21853,22258]],[[1365561,3485860],[-912,928],[-830,174],[-528,321],[-421,466],[-172,399],[-198,689],[-79,642],[11,3936],[-140,774],[-1028,3848],[-75,847],[187,572],[351,551],[436,437],[460,240],[384,28],[801,-215],[611,-286],[2796,-1772],[546,-268],[737,-156],[715,-42],[887,187],[726,343],[456,314],[708,625],[543,621],[431,635],[1402,2719],[560,723],[212,198],[1131,524],[610,133]],[[1376879,3504995],[2437,184],[777,146],[621,235],[992,627],[1153,1346],[1104,1644],[506,621],[2193,1962],[1399,1049],[1616,1665],[837,1394],[640,1603],[632,3204],[633,2196],[358,856],[1687,3322],[851,3018],[-7,822],[-99,476],[-168,304],[-731,656],[-605,401],[-963,980],[-154,269],[35,436],[407,359],[563,186],[2804,117],[1006,325],[414,221],[598,559],[246,346],[267,683],[14,594],[-162,553],[-1314,2175],[-190,608],[105,3922],[612,3522],[1230,3453],[429,1872],[302,897],[619,1264],[428,615],[1217,1236],[836,483],[780,138],[4014,42],[1181,393],[1764,1009],[1532,1388],[2158,2348],[1948,2755],[520,1036],[133,511],[99,981],[-71,469],[-696,1733],[-70,422],[-126,3059],[-127,753],[-197,601],[-393,621],[-225,187],[-703,290],[-801,207],[-317,255],[-105,435],[133,1775],[-37,465],[-251,889],[-836,2168],[-293,1562],[7,946],[295,2286],[92,3418],[154,1374],[731,3308],[295,2155],[277,909],[-399,262],[-715,1389],[-723,959],[-1297,1259],[-1638,1294],[-302,482],[-659,2587],[-1671,4890],[-1150,2943],[-424,2368],[102,3401],[-239,2238]],[[1691679,2843345],[-2557,-1073],[-813,-176],[-1355,14],[-305,90],[-541,540],[-1335,357],[-1354,109],[-181,-106],[-72,-213],[-527,-702],[-360,-256],[-1302,-1384],[-1084,-300],[-610,-353],[-221,-179],[-290,-479],[-292,-310],[-341,-169],[-668,-141],[-1282,2],[-519,-254],[-397,-55],[-908,-342],[-434,-127],[-835,-57],[-519,-243],[-506,-568],[-182,-444],[-396,-618],[-762,-855],[-677,-669],[-928,-713],[7,-635],[420,-1002],[1352,-1186],[78,-347],[0,-1034],[333,-706],[72,-355],[69,-1370],[215,-1172],[-60,-749],[365,-798],[61,-724],[-339,-753],[-285,-263],[-470,-746],[-330,-2505],[-1,-942],[286,-1671],[360,-658],[125,-551],[-145,-391],[-416,-568],[-182,-852],[-199,-515],[-525,-639],[-435,-853],[-329,-2558],[-705,-710],[-109,-231]],[[1668339,2808187],[-235,-230],[-307,-124],[-361,-53],[-361,72],[-342,160],[-675,677],[-653,172],[-1307,-400],[-470,-426],[-150,-257],[-68,-525],[-1101,-229],[-344,-142],[-235,-390],[-545,-2008],[-525,-1243],[-1448,-2308],[-704,-390],[-235,1],[-1127,450],[-316,-21],[-1950,-584],[-1500,-780],[-1426,56],[-307,-142],[-1518,-1259],[-810,-1379],[-337,34],[-622,939],[-216,249],[-289,178],[-939,-70],[-1065,-265],[-1155,-176],[-452,-230],[-362,-373],[-1013,-1420],[-506,-479],[-307,-195],[-271,-18],[-234,196],[-432,996],[-486,552],[-323,1529],[-302,566],[-310,305],[-469,1],[-1354,-282]],[[1637875,2798922],[-148,-203],[-73,-384],[230,-839],[-45,-1507],[331,-552],[-100,-1402],[-254,-491],[-847,-822],[-164,-330],[100,-926],[-262,-1016],[-29,-849],[-274,-356],[-70,-488],[-711,-970],[-88,-259],[621,-987],[65,-487],[-825,-536],[-700,-297],[-568,-534],[180,-576],[572,-694],[158,-323],[-377,-315],[-112,-212],[-48,-445],[74,-377],[-142,-494],[-253,-206],[-161,-26],[-2,-85],[-281,-257],[-245,-745],[-433,-116],[-504,40],[-586,-80],[538,-486],[445,-680],[265,-189],[209,-12],[149,291],[258,153],[130,18],[115,-105],[395,-1359],[471,-909],[-6,-497],[-132,-550],[-445,-644],[8,-225],[441,-393],[833,129],[266,-153],[-119,-1056],[-395,-676],[-457,-336],[17,-201],[202,-174],[617,-68],[385,-392],[2,-594],[480,-711],[210,-170],[405,-135],[171,-175],[23,-702],[202,-433],[-15,-457],[312,-556],[86,-464],[540,-289],[252,-685],[439,-448],[774,-1090],[625,-293],[656,-658],[284,-417],[24,-261],[357,-433],[147,-1611],[135,-304],[-140,-1831],[113,-239],[1025,-907],[91,-260],[31,-1046],[-303,-808],[-62,-524],[115,-631],[624,-539],[356,-150],[1217,-143],[223,-107],[492,-649],[181,-500],[228,-870],[-38,-728],[90,-217],[377,-128],[1404,-1165],[864,-189],[752,6],[581,-693],[180,-434],[471,-672],[421,-192],[776,-190],[135,-239],[24,-261],[-303,-809],[3,-348],[565,-1412],[79,-1590],[-145,-539],[-81,-1576],[-130,-350],[-151,-1048],[109,-378],[382,-296],[410,-82],[301,-189],[136,-296],[-56,-862],[218,-593],[218,-269],[682,-1402],[53,-1104],[190,-647],[313,-439]],[[1655224,2731841],[705,-888],[1056,-912],[548,-1223],[795,-245],[484,-275],[371,-416],[116,-250],[276,-213],[427,-91],[194,71],[376,410],[878,-21],[883,-551],[143,-222],[912,-635],[399,-387],[1134,-19],[987,538],[568,-219],[515,-610],[683,-385],[425,3],[1022,-271],[230,-417],[61,-558],[258,-444],[569,-275],[1363,-408],[173,-361],[-25,-391],[-196,-336],[-53,-475],[87,-306],[1366,-715],[800,-831],[172,-334],[342,-192],[282,114],[1077,-48],[398,-192],[200,-194],[288,-640],[-19,-1122]],[[1676494,2716905],[-140,-224],[-78,-838],[261,-807],[402,-694],[15,-1953],[-194,-504],[-562,-618],[-212,-692],[-10,-570],[183,-887],[-22,-837],[-83,-252],[-393,-394],[-283,-86],[-648,-507],[-508,-227],[-476,-646],[-126,-1954],[-164,-810],[9,-1116],[87,-594],[424,-1209],[-8,-234],[-86,-220],[-137,-115],[-496,-132],[-328,-374],[-136,-676],[321,-1229],[-76,-777],[-181,-548],[-212,-297],[-451,-310],[-140,-224],[3,-279],[-386,-637],[-56,-777],[179,-936],[-171,-415]],[[1671615,2692306],[-101,42],[-390,-127],[-586,-412],[-258,-95],[-1005,-139],[-376,-193],[-519,-2],[-267,-265],[-686,-68],[-92,-121],[-49,-660],[-171,-187],[-242,-775],[-852,-963],[-260,-522],[357,-1347],[-224,-795],[65,-1479],[259,-500],[65,-1116],[231,-472],[3,-360],[-83,-280],[-782,-1429],[-129,-971],[-266,-582],[-19,-243],[483,-1294],[74,-382],[449,-690],[135,-509],[694,-839],[243,-425],[388,-1380],[-34,-313],[-314,-379],[-28,-197],[354,-656],[-31,-806],[230,-976],[25,-423],[-432,-571],[276,-442],[112,-553],[-478,-627],[-29,-1127],[200,-613],[-64,-304],[137,-202],[-131,-181],[-115,-452],[74,-223],[704,-714],[-359,-278],[-666,-771],[-582,-223],[-143,-130],[11,-185],[398,-938],[-77,-151],[-482,-330],[-55,-127],[111,-353],[111,-1135],[-577,-736],[-133,-649],[-469,-683],[-34,-318],[116,-487],[-43,-299],[-114,-298],[-258,-314],[-381,-147],[-379,-410],[-417,-4],[-469,114],[-697,-141],[-261,-198],[-259,-2],[-1096,217],[-894,-578],[-1280,-372],[-577,220],[-707,40],[-855,269],[-351,-4],[-193,-122],[-49,-477],[-268,-141],[11,-282],[323,-197],[-4,-166],[-173,-244],[21,-259],[84,-111],[810,-818],[567,-185],[240,-157],[1256,-1117],[426,-508],[854,-368],[445,-509],[2,-1114],[-935,-1259],[152,-1238],[-103,-307],[-518,-421],[-235,-393],[-595,-599],[-240,-78],[-526,61],[-713,-538],[20,-117],[366,-223],[2,-189],[-392,-461],[-147,-334],[-480,-517],[-159,-753],[-505,-452],[20,-190],[356,-738],[56,-1212],[-583,-703],[-1286,-814],[-289,-396],[-258,-1699]],[[1653652,2633221],[-242,-473],[-230,-227]],[[1653180,2632521],[-336,-305],[-1318,-658],[-1622,-370],[-1020,-132],[-2017,49],[-1942,-491],[-863,-430],[-1799,-385],[-1263,191],[-1023,-93],[-2365,-1040],[-1151,-67],[-1002,86],[-269,-151],[-519,0],[-673,264],[-750,133],[-1365,-38],[-346,-151],[-922,-548],[-865,-925],[-577,-775],[-423,-1020],[-135,-831],[-442,-1199],[-192,-283],[-692,-661],[-692,-1228],[-346,-302],[-904,-378],[-1038,-642],[-1814,-920],[-1250,-396],[-884,-76],[-1115,19],[-1269,321],[-615,0],[-346,-378],[-385,-1057],[-327,-642],[-1310,-1984],[-271,-223],[-297,-510],[-69,-291],[-405,-402],[-359,-221],[-218,-491],[-618,-745],[-527,-139],[-352,-497],[-169,-62],[-1258,14],[-499,-345],[-330,-97],[-436,-677],[-1019,-829],[-584,-669],[-823,-129],[-1228,-563],[-1134,-688],[-304,-269],[-502,-71],[-871,-446],[-559,-455],[-46,-185]],[[1602116,2606038],[867,-363],[433,-373],[111,-286],[-59,-614],[186,-558],[338,-494],[289,-374],[619,-389],[639,-583],[612,-422],[453,-1087],[397,-529],[489,-90],[352,-530],[274,-659],[777,-983],[187,-1347],[498,-965],[388,-260],[-105,-597],[-356,-494],[-146,-952],[-256,-749],[-594,-50],[-197,-125],[-1114,-256],[-617,-386],[-123,-198],[21,-202]],[[1606479,2591123],[93,-1077],[-169,-368],[68,-1073],[-100,-866],[68,-166],[335,-291],[-631,-1294],[-507,-691],[-323,-262],[61,-213],[597,-793],[-152,-362],[-426,-314],[-122,-449],[-495,-987],[-49,-303],[152,-1009],[-7,-711],[57,-175],[327,-307],[434,-800],[-26,-206],[-209,-168]],[[1605455,2578238],[-36,-340],[-403,-1260],[-217,-292],[-761,-616],[-209,-707],[-727,-1264],[-552,-1192],[-34,-486],[274,-815],[-1016,-255],[-784,-1069],[-468,-972],[-544,-501],[-156,-247],[-31,-388],[270,-572],[58,-621],[266,-400],[-221,-568],[-95,-741],[-552,-1009],[-125,-131],[-491,-93],[-697,-400],[-886,-191],[-46,-396],[190,-322],[-42,-258],[-372,-733],[-31,-303],[-384,-710],[-339,-970],[-465,-560],[-207,-415],[-861,-498],[-294,-425],[-537,101],[-1074,-407],[51,-566],[135,-306],[-129,-342],[-396,-357],[168,-1583],[585,-542],[87,-180],[300,-197],[-180,-560],[-273,-436],[-546,-448],[-153,-307],[-372,-23],[-393,-266],[-384,-32],[-897,-309],[-1644,-292],[-658,-501],[-403,-150],[-713,229],[-441,448],[-213,100],[-721,-207],[-505,144],[-1123,35],[-360,-94],[-634,208],[-1314,115],[-605,-393],[-226,-325],[-96,-1169],[131,-584],[-129,-1009],[-160,-273],[-961,-444],[-238,-255],[-685,-365],[-306,-334],[-307,-173],[-848,-269],[-440,-246],[-211,-230],[-727,-336],[-359,-347],[-393,-243],[-83,-163],[42,-142],[289,-183],[806,-60],[330,-264],[145,-244],[1033,-710],[310,-467],[82,-426],[889,-1279],[640,-284],[661,-183],[310,-446],[351,-325],[620,-203],[310,-284],[248,-406],[-62,-386],[-165,-223],[41,-223],[269,-305],[144,-609],[1178,-1603],[62,-366],[461,-718],[283,-662],[1301,-1055],[537,-61],[377,-209]],[[1586579,2531309],[-209,-343],[-351,-173],[-364,-324],[-349,-75],[-374,64],[-449,331],[-760,57],[-507,285],[-815,8],[-585,319],[-587,-70],[-559,-415],[-443,-511],[-80,-1085],[100,-1355],[-383,-454],[-663,-504],[-475,-642],[-559,-127],[-727,-511],[-1022,89],[-560,133],[-351,-77],[-407,-337],[-485,-1133],[-673,-523],[-266,-61],[-215,-213],[-281,-134],[-118,-398],[38,-309],[391,-449],[149,-306],[11,-204],[-123,-101],[-142,-380],[-362,-413],[-1064,6],[-649,-464],[-623,-993],[-27,-267],[253,-665],[-127,-242],[-281,-122],[-1150,-10],[-333,-112],[-640,-13],[-523,155],[-517,315],[-278,19],[-329,-620],[-416,-366],[-216,-844],[-206,-161],[-837,-129],[-1985,72],[-896,-192],[-397,-172],[-229,-437],[-58,-636],[-606,-572],[-75,-209],[-443,-220],[-904,-109],[-204,-150],[-20,-246],[-165,-153],[-851,-114],[-489,-403],[-751,-385],[-976,-350],[-784,-526],[-299,-106],[-619,-480],[-603,-829],[-488,-322],[-439,-506],[-219,-404],[-626,-458],[-872,24],[-1988,-276],[-471,56],[-731,223],[-154,-46],[-190,-235],[-444,-135],[-595,177],[-422,-40],[-149,-415],[-166,-161],[-438,-202],[-523,-75],[-228,-214],[-200,-376],[-829,-548],[-276,-301],[-603,-239],[-574,-358],[-606,-11],[-403,232],[-712,187],[-698,-42],[-824,-192],[-1853,-814],[-804,-128],[-65,-270],[-156,-124],[-193,-535],[-390,-54],[-398,-266],[-882,12],[-616,84],[-217,119],[-218,298],[-72,656],[-99,179],[-281,63],[-543,322],[-603,-18],[-458,-162],[-657,-758],[-32,-223],[184,-1065],[-112,-804],[-632,-1160],[-281,-369],[-43,-552],[155,-456],[-225,-525],[-337,-395],[168,-566],[-70,-525],[-779,-1646],[6,-218],[183,-553],[1107,-1804],[366,-359],[351,-138],[788,-704],[899,-1243],[366,-663],[112,-594],[-173,-437],[47,-1013],[-211,-387],[-28,-553],[-99,-234],[62,-780]],[[1532106,2486219],[391,-49],[1645,-677],[1640,-1100],[399,-991],[1728,-785],[499,-344],[110,-461],[-260,-736],[21,-332],[351,-604],[123,-795],[387,-638],[0,-605],[-70,-207],[-598,-587],[-105,-431],[-422,-829],[35,-1968],[949,-2182],[1494,-1606],[878,-2210],[194,-242],[474,-207],[211,-639],[1019,-518],[492,-51],[194,-104],[123,-190],[175,-665],[18,-811],[88,-345],[632,-1191],[106,-380],[-35,-121],[-422,-414],[0,-190],[351,-518],[826,-501],[317,-380],[263,-138],[633,-86],[524,-276],[773,-570],[1089,-311],[176,-121],[879,-1105],[-23,-1073],[87,-203],[631,-27],[2122,-422],[658,-385],[494,-170],[618,-452],[182,-36],[934,488],[764,179],[594,-36],[1601,-321],[521,-227],[363,-353]],[[1559947,2454970],[139,-203],[25,-604],[229,-735],[0,-552],[-145,-307],[20,-429],[729,-818],[104,-341],[-125,-1186],[166,-735],[312,-470],[645,-287],[354,-572],[62,-914],[354,-1471],[270,-1656],[0,-347],[-145,-307],[-125,-695],[-42,-1860],[167,-1116],[-125,-327],[-229,-307],[-270,-2534],[-375,-940]],[[1561942,2435257],[-41,-450],[-333,-491],[-188,-490],[-332,-1472],[0,-347],[-500,-1574],[-624,-928],[-333,-143],[-208,-266],[-312,-593],[-146,-470],[-665,-981],[-458,-490],[-187,-368],[-328,-814],[-984,-1928],[-839,-2624],[-188,-327],[-541,-2064],[-624,-511],[-1165,-1349],[-312,-838],[-174,-256],[-1199,-1114],[-395,-715],[-1311,-1664],[-541,-1185],[-270,-1268],[-437,-981],[-895,-817],[-437,-838]],[[1546975,2406901],[-290,-263],[-272,-85],[-249,-20],[-895,368],[-291,0],[-1080,-272],[-427,121],[-833,691],[-236,94],[-905,44],[-905,154],[-464,132],[-356,201],[-141,0],[-187,-164],[-104,-633],[-167,-450],[0,-470],[-249,-205],[-541,-81],[-479,-184],[-333,-225],[-499,-695],[-437,-348],[-541,-715],[-269,-822],[-126,-1099],[-149,-546],[-387,-207],[-527,-34],[-246,-121],[-141,-932],[35,-1520],[246,-1035],[209,-461],[-6,-133],[-404,-541],[-61,-844],[69,-326],[703,-1105],[404,-346],[143,-289],[59,-456],[-237,-325],[-914,-708],[-193,-241],[-510,-190],[-1247,-35],[-461,237],[-2896,-876],[-228,-207],[-53,-518],[193,-535],[123,-760],[256,-599],[131,-1017],[-176,-908],[-281,-604],[-1019,-725],[-545,-294],[-1186,-328],[-1090,-189],[-537,-357],[-1315,-1695],[-256,-141],[-889,83],[-1150,-1654],[-808,-622],[-369,-172],[-299,-35],[-366,211],[-379,473],[92,291],[541,417],[843,1036],[264,569],[0,1692],[-211,760],[-71,1122],[-158,414],[-263,208],[-756,1070],[-281,155],[-193,242],[-36,190],[-755,587],[-264,52],[-246,-52],[-752,-534],[-291,0],[-341,131],[-654,368],[-879,691],[-404,552],[-475,311],[-650,415],[-193,0],[-861,310],[-633,311],[-826,518],[-634,518],[-208,-20],[-897,-584],[-352,-466],[-1318,-1226],[-1617,-950],[-1757,-1277],[-1353,-760],[-1125,-1502],[-193,-432],[-17,-673],[-334,-656],[-1223,-956],[-774,-1347],[-1195,-363],[-755,-500],[-598,-173],[-1072,-587],[-246,-52],[-439,-431],[-70,-225],[-668,-794],[-475,-414],[-404,-121],[-369,52],[-88,121],[-386,189],[-492,121],[-492,259],[-1160,397],[-514,707],[-910,571],[-386,604],[-194,543],[-248,285],[-365,166],[-810,128],[-1230,0],[-1318,570],[-1283,155],[-123,0],[-140,-138],[-492,-17],[-774,207],[-1980,-121],[-861,121],[-1146,-10],[-453,79],[-1090,397],[-509,380],[-264,52],[-105,-86],[-563,-121],[-404,259],[-246,742],[-193,242],[-334,880],[-123,87],[-141,86],[-604,62],[-598,-172],[-481,-43],[-892,550],[-1368,-732],[-738,-656],[-316,-17],[-317,155],[-439,639],[-844,915],[-105,293],[-439,467],[-686,535],[-1499,881],[-1448,442],[-415,463],[-903,707],[-471,601],[-169,418],[-102,79],[-650,-86],[-249,-349],[-510,-114],[-105,-269],[-580,-570],[-190,-34],[-559,207],[-1803,-611],[-262,47],[-211,275],[-377,216],[-744,21],[-198,278],[-217,539],[-1157,417],[-407,926],[18,693],[-168,565],[-515,595],[-302,130],[-75,122],[196,1130],[569,290],[-181,308],[-219,171],[463,578],[-18,106],[-355,107],[205,449],[-497,119],[-112,-201],[-205,-27],[-180,139],[-202,30],[-434,704],[-1247,62],[-1642,314],[-289,-30],[-554,332],[-160,-45],[-208,-284],[-641,198],[-410,-139],[-208,-162],[-1006,414],[-928,-707],[-162,-891],[-802,-116],[-186,-192],[-326,-115],[-277,-208]],[[1440471,2397009],[-195,21],[-60,399],[-69,38],[-847,157],[-588,-102],[-601,246],[-271,371],[-92,440],[-306,212],[-459,518],[-401,221],[-108,463],[95,645],[0,1002],[-152,425],[-350,322],[-1249,366],[-358,339],[-290,599],[-168,123],[-329,38],[-152,100],[-154,487],[44,206],[231,272],[-182,420],[93,380],[0,450],[-68,78],[-182,-17],[-310,226],[-412,1245],[-631,280],[-254,685],[-322,227],[67,256],[-285,518],[-267,149],[-825,-745],[-175,-18],[-874,90],[-230,185],[-643,244],[-30,202],[79,215],[-298,304],[-154,622],[43,141],[178,130],[18,638],[243,333],[-176,102],[-873,18],[-595,715],[-612,-441],[-849,-435],[-267,-101],[-297,113],[-255,512],[6,524],[-224,620],[-61,494],[29,1382],[143,721],[-53,364],[-211,109],[-243,-21],[-592,-308],[-510,148],[-424,656],[-1116,447],[-297,643],[-376,143],[-158,358],[-266,217],[-1360,26],[-362,-256],[-223,344],[-641,596],[-194,29],[-454,-102],[-557,75],[-145,220],[-7,167],[188,566],[-30,268],[-419,128],[-1316,71],[-442,181],[-849,1174],[-721,769],[-615,60],[-518,-233],[-1072,52],[-809,-458],[-342,-60],[-1072,259],[-510,-466],[-237,-69],[-378,241],[-738,1105],[-105,26],[-220,-138],[-79,-302],[-387,-604],[-167,-52],[-518,78],[-350,-406],[-414,-256],[-36,-255],[-232,-242],[-506,-124],[-302,55],[-225,207],[-267,408],[-7,462],[-63,56],[-591,-152],[-112,69],[-218,449],[-260,152],[-633,62],[-611,-270],[-162,-227],[-56,-228],[70,-643],[-232,-483],[-105,-628],[-204,-366],[-499,-498],[-197,-400],[-253,-884],[-436,-767],[-28,-607],[-169,-249],[-780,-90],[-58,-355],[-151,-211],[-228,-162],[-194,-8],[-245,104],[-350,427],[-232,62],[-413,-87],[-645,613],[-338,149],[-430,-4],[-110,190],[-291,50],[-135,-54],[-190,-270],[-565,-53],[-84,-306],[-628,-668],[-384,-128],[21,-476],[-426,-54],[0,-253],[-89,-137],[-274,-25],[-164,510],[-156,29],[-338,-249],[-476,13],[12,-361],[-354,241],[-164,-9],[-169,-310],[42,-245],[-228,-70],[-265,223],[-224,651],[-261,311],[156,344],[-93,223],[-742,-29],[-435,145],[-316,-186],[-443,-79],[-358,66],[-372,257],[-506,-803],[-194,-116],[-177,0],[-375,215],[-135,423],[-603,816],[-198,91],[-376,-157],[-131,66],[-185,617],[-160,170],[-245,-83],[-548,79],[-262,-431],[-750,-298],[-152,-750],[-258,-83],[-156,-236],[-350,153],[-350,-228],[-177,514],[-312,240],[-624,282],[-89,149],[-215,591],[80,735],[-146,543],[-257,148],[-496,113],[-190,144],[-542,-53],[-407,515],[-751,103],[-168,103],[-32,363],[-965,1368],[367,803],[-454,1059],[-624,-409],[-550,-72],[-251,-341],[-426,-112],[-184,-509],[-913,-188],[-623,-829],[-801,-707],[-136,-453],[-497,-321],[-398,-408],[-302,155],[-583,684],[-587,259],[-935,176],[-559,356],[-109,110],[88,349],[-98,114],[-609,24],[-857,331],[-74,118],[14,545],[-506,339],[-206,338],[-139,620],[22,471],[713,1229],[1237,1181],[-10,66],[-1445,1095],[-1971,1926],[-478,343],[-90,656],[-362,395],[-90,235],[211,809],[-398,309],[-83,190],[217,727],[-310,197],[-412,77],[-149,-96],[-180,-346],[-390,-39],[-375,306],[-153,406],[-152,162],[-717,149],[-472,231],[-132,234],[101,577],[-508,356],[-1053,1339],[-1551,2795],[-456,561],[-523,481],[-416,330],[-437,217],[-1013,185],[-1209,-185],[-2281,-976],[-2751,-1714],[-806,-369],[-610,-178],[-2544,336],[-1322,-66],[-872,-224],[-765,-982],[-175,-956],[-369,-1213],[-449,-745],[-1223,-974],[-1012,-135],[-464,52],[-527,197],[-854,642],[-1403,1792],[-3289,2797],[-960,1036],[-1349,1885],[-433,953],[-94,601],[-85,2973],[612,5645],[0,1368],[-127,922],[-190,777],[-242,507],[-243,311],[-696,373],[-1307,145],[-770,-83],[-833,-218],[-1676,-890],[-1624,-995],[-696,-590],[-1012,-1191],[-1634,-2984],[-327,-818],[-127,-601],[159,-1502],[274,-963],[232,-1316],[0,-777],[-538,-1958],[-506,-942],[-327,-415],[-959,-414],[-348,-248],[-612,-518],[-981,-1088],[-1054,-901],[-685,-373],[-411,-135],[-401,31],[-422,93],[-443,208],[-664,393],[-1518,1264],[-1371,1616],[-1118,1720],[-474,600],[-548,611],[-1350,1150],[-2161,1015],[-1591,387],[-791,93],[-769,-52],[-1097,-435],[-1908,-1077],[-823,-642],[-1645,-1554],[-917,-1109],[-147,-1388],[-380,-1263],[-253,-384],[-1002,-859],[-2551,-1565],[-253,-424],[-32,-394],[527,-994],[106,-363],[28,-763],[-123,-483],[-229,-303],[-342,-215],[-519,-251],[-1081,-285],[-2135,104],[-3321,-898],[-2047,-224],[-1186,155],[-1257,371],[-1889,242],[-1871,-2641],[-308,-829],[-62,-414],[0,-1321],[141,-794],[536,-1278],[677,-1010],[1994,-2529],[510,-872],[422,-1183],[87,-535],[36,-621],[-123,-1269],[-97,-613],[-527,-1502],[-1591,-3608],[-2451,-5050],[-611,-1937],[-843,-3127]],[[1266129,2399552],[-517,411],[-1599,1958],[-1673,3215],[-1009,1740],[-5750,8924],[-617,661],[-1178,717],[-2692,1102],[-1178,110],[-1066,606],[-393,772],[-427,1303],[-266,337],[-1242,1268],[-1625,1384],[-668,446],[-515,546],[-253,2455],[-168,2704],[76,1522],[239,1807],[453,1971],[72,775],[-345,4408],[-83,858],[-125,357],[-25,688],[290,970],[163,272],[-128,349],[-513,775],[-263,824],[-164,206],[-404,-67],[-261,61],[-185,195],[-100,438],[1138,6326],[505,3307],[224,2369],[0,1544],[168,1598],[-112,1378],[785,2149],[618,1323],[1009,1929],[561,771],[2132,1874],[1851,1488],[270,403],[509,386],[1947,226],[266,-212],[211,-64],[675,104],[1162,-14],[261,-153],[91,-184],[142,-727],[208,-508],[-36,-188],[-184,-90],[-144,-226],[-34,-581],[-292,-451],[-9,-402],[-150,-82],[-233,-364],[-79,-377],[-141,-12],[-139,-308],[-194,-57],[-115,-421],[-160,-167],[86,-461],[-213,-466],[-705,-485],[-1921,-1059],[-139,-9],[-196,-302],[-389,-354],[-75,-230],[243,-520],[259,-77],[103,254],[331,134],[259,245],[165,-129],[-213,-224],[55,-64],[996,-94],[-58,-341],[68,-104],[-108,-152],[95,-57],[14,-592],[2223,269],[57,458],[451,296],[616,24],[368,182],[1162,1238],[1181,769],[409,17],[415,-377],[493,85],[350,-370],[5,612],[254,59],[184,200],[204,89],[575,-202],[-137,249],[-2,190],[254,121],[256,271],[390,171],[91,170],[368,75],[286,207],[206,-136],[122,-224],[-103,487],[34,247],[253,78],[174,258],[266,17],[493,277],[-63,224],[-255,71],[50,85],[-192,56],[99,361],[648,647],[505,217],[409,55],[480,-85],[241,-348],[738,106],[-70,325],[103,170],[946,384],[810,94],[335,-223],[1275,-561],[291,-63],[385,53],[792,264],[1063,727],[-66,270],[66,655],[103,221],[239,161],[765,342],[1668,238],[111,1829],[-532,519],[-616,374],[-644,99],[-361,137],[-1092,606],[-1063,400],[-897,113],[-1735,791],[-1911,460],[-690,73],[-347,-43],[-213,-221],[-948,-50],[-575,259],[-735,202],[-154,125],[-25,187],[159,109],[164,0],[84,105],[460,102],[491,-215],[-97,420],[59,163],[296,-123],[57,-212],[135,49],[-182,769],[31,189],[100,58],[185,-76],[-6,-233],[113,-130],[101,-446],[189,181],[94,238],[100,-19],[273,-394],[127,-60],[533,205],[192,-150],[266,146],[216,16],[284,-171],[722,-211],[181,-322],[378,112],[1154,631],[779,314],[1244,808],[677,686],[1469,2008],[1307,2548],[639,1627],[209,260],[715,435],[170,510],[452,632],[655,1267],[418,394],[839,569],[322,386],[1194,931],[606,605],[914,1638],[615,794],[844,1468],[2724,3453],[509,34],[352,-224],[123,-777],[-106,-311],[-1318,-1882],[-791,-259],[-790,-690],[-405,-553],[-348,-819],[-247,-184],[-139,-296],[1020,-236],[66,275],[404,483],[896,328],[2059,69],[868,-778],[613,327],[-264,359],[-366,917],[-30,1117],[-119,757],[41,364],[-247,635],[47,557],[317,230],[81,594],[445,503],[419,874],[72,1242],[-511,456],[-166,971],[107,519],[375,782],[298,456],[51,-17],[-141,-251],[107,-117],[-281,-167],[-277,-515],[204,-264],[-30,-251],[-272,67],[-64,-83],[26,-557],[319,-267],[715,355],[128,197],[-137,-50],[-13,129],[409,408],[364,210],[271,-13],[588,377],[121,652],[751,1240],[265,778],[390,28],[156,-88],[297,138],[514,-351],[262,138],[524,-9],[118,84],[-96,170],[29,270],[-124,22],[-141,-167],[-128,-15],[-175,119],[-32,113],[603,467],[109,380],[-36,257],[116,760],[539,793],[131,336],[243,195],[521,166],[1175,176],[-581,844],[-997,-129],[-412,60],[-309,-392],[-540,-151],[-540,-446],[-281,-348],[-211,31],[-144,-147],[71,-521],[-87,-941],[-70,-41],[-112,421],[-86,953],[-236,223],[-83,251],[296,1258],[432,854],[351,1060],[144,1008],[176,2610],[241,1812],[362,2314],[236,886],[574,4069],[29,822],[182,962],[-1,1048],[182,909],[93,2084],[511,1712],[134,930],[135,463],[437,671],[336,380],[426,242],[230,-66],[67,-258],[-336,-457],[101,-496],[796,-220],[-23,418],[359,424],[1474,1327],[1059,545],[-10,202],[-96,52],[-9,384],[-158,94],[-74,276],[146,268],[-8,352],[-153,166],[-95,431],[22,166],[136,111],[-286,626],[-738,82],[-877,-152],[-1207,108],[-314,171],[-247,650],[146,1514],[560,2208],[410,3171],[285,1079],[236,518],[1020,137],[420,1091]],[[1302703,2553663],[-258,275],[-102,347],[394,2202],[190,4295],[24,6248],[-211,4414],[65,2566],[144,508],[-127,2599],[145,4002],[669,2662],[481,598],[-74,2407],[88,1514],[-9,122],[-1304,-41],[-617,221],[-280,114],[-499,685],[-59,754],[75,574],[263,463],[688,558],[259,313],[70,362],[16,883],[-480,2850],[-133,1885],[-214,3496],[94,1519],[120,760],[303,846],[190,255],[669,305],[430,383],[490,-89],[950,-618],[3854,-1686],[1356,1981],[-609,349],[-433,475],[-517,2336],[-2396,4840],[-56,392],[56,143],[956,89],[501,486],[73,215],[-28,376],[-265,425],[-213,-44],[-23,-519],[-168,-127],[-229,-37],[-490,8],[-1568,394],[-190,120],[-321,-74],[-1539,-891],[-177,-191],[-202,-513],[-173,-71],[-776,75],[-784,443],[-433,142],[-368,5],[-1267,-656],[-537,-586],[-208,22],[-411,320],[-112,11],[-169,-88],[-590,-657],[-400,-144],[-230,17],[-45,66],[17,122],[382,452],[270,680],[-28,867],[-349,641],[23,425],[123,188],[1080,680],[729,696],[1188,589],[544,422],[555,501],[388,588],[628,616],[10,147],[-154,185],[-2816,1957],[-179,14],[-258,-110],[-602,-398],[-410,122],[-771,784],[-230,481],[-585,2546],[-810,4397],[-2233,9651],[-154,1243],[0,1016],[307,603],[1035,904],[957,471],[-380,1513],[-174,320],[-2049,1316],[-330,413],[0,461],[640,1385],[250,1375],[-190,1817],[-290,1345],[-900,2956],[-1389,3113],[-650,1886],[-240,334],[-822,811],[-330,611],[8,302],[292,30],[1020,-722],[359,-147],[989,-151],[58,762],[-590,58],[198,818],[-256,187],[32,107],[-459,351],[-93,296],[-1198,1166],[-150,1989],[-270,2091],[53,641],[277,943],[82,862],[-817,11541],[-202,1378],[-143,4095],[-180,1966],[-292,6423],[-172,1716],[-8,1716],[326,2183],[-470,2213],[-172,2245],[-209,1149],[-150,147],[-600,167],[-970,-49],[-170,59],[-70,137],[130,452],[850,128],[200,108],[170,216],[300,1267],[-120,2779],[-450,3977],[-90,1611],[0,668],[190,844],[430,540],[-1270,1523],[-450,-10],[-559,-138],[-200,0],[-130,89],[-380,815],[-320,1227],[-250,374],[-310,1031],[40,903],[330,1954],[200,1925],[930,5539],[339,7248],[10,2671],[-119,3329],[-130,923],[-190,3133],[40,481],[732,962],[-97,1363],[2,2572],[304,1022],[368,589],[-468,1864],[-1023,7000],[-640,158],[-398,387],[-613,265],[-785,81],[-319,274],[-324,524],[32,2109],[82,347],[217,393],[-23,345],[286,396],[1425,846],[-306,2748],[-476,242],[-583,736],[-321,514],[-492,1332],[-416,1695],[-539,2809],[-739,5001],[-282,1023],[-795,2211],[-24,620],[174,787],[309,697],[258,265],[214,8],[736,-490],[351,-339],[190,-305],[309,-195],[96,-471],[-337,-296],[27,-117],[341,51],[294,-98],[416,129],[363,-6],[450,222],[416,-130],[921,-565],[544,-1072],[136,-515],[373,-342],[747,-1185],[58,-40],[261,119],[-629,977],[-417,1021],[-258,1021],[-455,1007],[339,249],[1566,654],[679,23],[996,-239],[142,185],[-311,295],[-261,78],[-721,24],[-519,-56],[-1838,-509],[-303,-25],[-350,143],[-117,91],[-85,269],[174,980],[-37,549],[-370,1339],[253,18],[199,109],[580,-304],[583,-84],[80,-102],[22,-332],[321,430],[582,160],[452,230],[180,-28],[109,-143],[107,150],[254,51],[435,366],[-164,201],[-413,-260],[-664,-160],[-912,170],[-224,151],[-279,373],[-428,833],[-19,275],[683,1203],[174,485],[292,47],[-118,354],[140,2031],[-170,763],[-678,-40],[-261,-156],[-355,582],[-212,0],[49,-695],[-97,-336],[-61,-37],[-174,149],[-200,8],[-188,-97],[-80,-199],[-268,33],[-343,-148],[-103,22],[-148,220],[-368,-12],[-274,83],[-395,361],[9,308],[230,256],[39,246],[-54,227],[-174,104],[74,468],[373,446],[679,563],[-32,145],[-515,-169],[-603,96],[-1160,554],[-738,-783],[-447,-93],[-17,-147],[-190,-159],[-381,-13],[-164,-176],[-248,-97],[-276,-391],[-450,-291],[-8,-158],[-422,8],[-97,-192],[-517,-416],[338,-110],[137,-138],[-92,-552],[-376,-89],[112,-123],[-27,-140],[345,-147],[35,-888],[-53,-84],[-265,23],[-118,-104],[-221,47],[-628,-140],[-960,330],[-415,227],[-239,283],[-124,530],[76,4997],[133,701],[134,185],[233,113],[167,-10],[197,-189],[81,82],[-163,345],[-665,388],[-283,498],[-177,654],[240,402],[-257,114],[-266,611],[-144,46],[-135,-73],[-125,162],[50,139],[-286,-14],[-28,363],[-390,87],[-110,271],[-284,74],[-226,426],[-52,305],[-209,186],[-621,284],[-333,22],[-142,303],[-88,-103],[46,-400],[-115,-566],[-151,58],[-258,334],[84,427],[153,200],[-92,215],[-305,26],[25,192],[-179,180],[-355,-57],[-141,60],[-60,333],[-96,115],[-852,684],[-264,48],[-128,208],[-705,419],[-85,238],[-195,-266],[-261,-87],[-89,-138],[-168,-62],[-183,73],[-221,231],[-199,-19],[-143,187],[-644,12],[-128,129],[-117,373],[-603,-30],[-271,-118],[-173,-271],[200,-366],[-27,-369],[-532,-187],[-200,103],[-87,336],[-162,13],[-118,195],[-10,117],[140,179],[-104,152],[-350,36],[-167,178],[-132,-178],[-104,148],[-110,16],[-116,-27],[-48,-160],[-156,-74],[-144,203],[-10,-343],[-141,-146],[5,-222],[-321,-433],[-25,-657],[-213,176],[-164,34],[-235,293],[-404,-10],[-297,-296],[-347,-172],[-254,-321],[-734,-296],[-250,-282],[-374,-150],[-454,-459],[-167,-67],[141,-278],[25,-299],[-500,-465],[-338,-1025],[-271,-424],[-430,-324],[-131,220],[-53,473],[57,319],[-77,459],[-472,585],[-388,75],[-45,226],[-753,565],[-253,3],[-239,-182],[-57,243],[-109,104],[-775,8],[-194,298],[-355,279],[-1103,162],[-365,347],[-868,-135],[-636,104],[-223,-51],[-335,-178],[-735,-114],[-1476,-608],[-149,-5],[-595,263],[-1404,321],[-1319,-130],[-722,-196],[-63,362],[116,621],[-132,1231],[237,182],[901,207],[306,295],[73,207],[-16,750],[79,248],[180,197],[347,186],[813,191],[746,368],[121,160],[153,532],[480,612],[350,777]],[[1244371,2825187],[287,1039],[58,1015],[84,300],[881,638],[562,236],[206,181],[200,528],[1390,1268],[353,538],[132,626],[569,482],[37,372],[-182,1330],[-562,1007],[112,1249],[-58,533],[47,135],[464,321],[142,367],[186,1402],[386,697],[-14,269],[-358,621],[239,1414],[-28,621],[-225,517],[-267,311],[-133,297],[119,103],[590,55],[-112,331],[442,-69],[337,159],[186,221],[221,766],[36,476],[-415,303],[292,400],[0,328],[-49,286],[-327,755],[-47,735],[126,150],[406,140],[200,186],[42,176],[-95,409],[274,326],[37,331],[131,228],[653,155],[16,223],[326,716],[-76,957],[179,128],[419,-85],[70,898],[177,352],[1230,1243],[515,316],[93,-62],[54,-385],[103,-173],[269,-102],[406,40],[219,-758],[-6,-732],[156,-170],[-111,-285],[265,-203],[431,-37],[35,-216],[127,-22],[5,189],[135,71],[220,-338],[172,98],[-135,211],[37,115],[819,402],[17,-96],[-180,-242],[50,-272],[-104,-37],[-123,127],[0,-110],[265,-175],[60,39],[1324,-581],[960,-221],[671,-1],[487,46],[1387,366],[1456,504],[1464,704],[908,620],[1267,678],[1386,1090],[2444,2591],[283,460],[206,929],[210,-20],[113,-308],[268,-15],[216,107],[252,282],[179,626],[335,-187],[676,403],[373,-37],[331,-178],[301,60],[694,651],[108,187],[41,586],[139,96],[149,-91],[36,-541],[372,-61],[428,23],[1091,258],[1011,465],[-155,-435],[340,-500],[879,-60],[329,81],[190,161],[1021,-333],[343,142],[186,503],[111,10],[193,-266],[113,-31],[113,389],[291,-228],[239,425],[133,15],[93,-102],[36,-499],[344,65],[72,-179],[159,-76],[-47,-278],[113,-422],[75,-77],[562,-127],[78,-131],[-277,-473],[-210,-20],[-167,-133],[51,-510],[445,5],[187,-124],[390,-457],[153,-396],[136,-6],[538,-1012],[586,-567],[1102,-478],[943,-298],[1394,23],[343,-188],[214,-16],[705,292],[617,37],[757,169],[1970,856],[2452,1321],[998,700],[462,442],[273,699],[958,802],[1077,1768],[269,665],[139,710],[346,522],[219,646],[4,230],[-242,424],[-583,372],[-110,191],[70,147],[626,465],[62,423],[-58,404],[254,439],[346,158],[43,-170],[-116,-264],[293,-114],[142,87],[438,-3],[112,162],[319,-208],[423,612],[150,548],[204,-15],[162,-193],[238,114],[31,555],[-96,446],[69,151],[246,178],[23,128],[-161,193],[-97,306],[-361,-94],[-216,378],[43,162],[131,53],[88,-227],[154,-72],[154,310],[150,-321],[130,121],[208,-4],[-427,1311],[27,817],[454,94],[496,-317],[154,-242],[-50,-223],[169,-189],[139,-416],[294,-195],[508,46],[882,270],[1966,1251],[596,729],[288,786],[440,633],[1868,2107],[1304,1742],[554,903],[980,1885],[277,737],[81,899],[235,390],[350,162],[92,-106],[109,-504],[494,0],[206,103],[244,340],[201,518],[1106,695],[578,671],[527,862],[1053,2206],[913,2683],[396,600],[19,1205],[346,2194],[-92,3043],[-81,1111],[-654,3544],[-150,1478],[77,472],[420,805],[196,227],[231,53],[961,-235],[181,-778],[-166,-684],[535,-1224],[273,-915],[412,-997],[654,-178],[311,68],[285,185],[-58,325],[-354,548],[-665,442],[-54,514],[237,309],[624,27],[474,363],[115,344],[-35,438],[243,344],[-193,170],[-177,314],[-359,312],[-143,352],[150,307],[308,223],[173,-39],[55,-337],[248,62],[-127,167],[173,524],[-432,190],[-623,111],[-165,207],[-147,433],[-185,165],[-230,1405],[594,805],[161,887],[101,82],[75,-45],[84,122],[-1188,697],[-289,428],[-75,451],[153,904],[-372,-199],[-165,-496],[-26,-408],[420,-760],[757,-810],[-438,-490],[-926,-1445],[-490,-1242],[441,43],[130,-133],[26,-221],[-133,-159],[-283,-20],[-256,204],[-629,1012],[-490,501],[-289,508],[-24,586],[-469,1678],[-678,1528],[-1143,2026],[-491,584],[-233,164],[-153,-20],[-181,-258],[-156,20],[-234,663],[-689,828],[0,93],[388,-99],[422,122],[182,465],[-49,275],[-130,204],[-5,221],[295,285],[547,290],[-55,113],[-329,0],[293,190],[-221,-40],[-380,-456],[-199,-144],[-107,13],[-107,-168],[43,-423],[-158,-431],[-185,8],[-358,295],[-496,167],[-205,173],[-51,530],[141,1239],[-23,1218],[-429,1122],[-505,480],[6,245],[120,18],[-189,362],[131,106],[244,-64],[10,103],[165,-101],[347,-425],[-72,-66],[155,-256],[130,-52],[-44,260],[-395,776],[-159,142],[-381,-37],[-279,156],[-306,-20],[-208,-227],[-332,-62],[-427,142],[-698,-23],[-317,-442],[-366,-96],[-49,-547],[-113,-153],[-502,348],[-121,162],[9,249],[75,71],[280,-71],[-21,252],[-106,156],[95,272],[-20,819],[320,499],[-72,241],[-194,184],[-126,65],[-191,-48],[-63,65],[222,383],[92,394],[-208,340],[-452,173],[-142,-31],[-78,-196],[-135,111],[-277,-32],[-355,-249],[277,553],[-248,110],[-202,-224],[-72,49],[98,303],[29,748],[430,884],[328,468],[4,117],[-531,730],[-500,37],[-92,-315],[-150,-39],[-69,65],[-6,147],[147,150],[-17,139],[159,165],[-98,150],[26,93],[170,37],[207,-255],[217,94],[135,190],[-29,192],[148,185],[-70,195],[-366,454],[-242,107],[-101,-99],[-87,187],[-458,230],[-381,-247],[-583,142],[-29,-122],[159,-247],[-32,-54],[-196,49],[118,-202],[-210,-19],[3,-573],[-667,57],[-49,136],[156,127],[-237,3],[-138,187],[-193,-113],[-147,8],[294,454],[81,365],[527,465],[260,14],[78,91],[-72,468],[-214,232],[-2,607],[-162,425],[26,1225],[94,241],[-218,703],[-915,966],[-452,816],[-20,433],[107,585],[-148,423],[-93,841],[-632,1234],[43,132],[462,298],[103,317],[819,168],[227,298],[4,299],[-435,468],[297,673],[-549,704],[-58,718],[-188,321],[-120,49],[-300,-87],[-69,862],[-288,49],[-231,514],[-269,177],[-8,586],[-127,291],[-754,839],[-361,113],[-111,112],[-458,-14],[-50,-102],[115,-98],[-15,-117],[-204,-102],[-112,355],[162,276],[-235,23],[89,158],[-143,193],[4,197],[-435,423],[-34,91],[73,105],[254,-313],[442,3],[165,103],[243,661],[-81,895],[-877,1618],[-197,77],[-343,-52],[75,133],[-162,224],[9,439],[202,20],[63,-369],[89,71],[-14,717],[-676,1076],[-254,91],[-26,566],[196,401],[-158,340],[-265,-110],[-247,231],[-15,461],[169,246],[-73,340],[-461,85],[-85,92],[-161,692],[92,861],[-208,371],[46,347],[-111,231],[0,313],[-69,148],[-300,223],[-8,597],[-269,396],[42,541],[-277,185],[-215,276],[-16,298],[226,274]],[[1300399,2965815],[324,308],[-184,208],[123,181],[-127,469],[88,378],[-198,231],[-152,373],[-354,204],[8,170],[285,152],[-318,549],[-846,904],[-1058,595],[-54,695],[-522,457],[-33,578],[-409,530],[-525,242],[-514,97],[-124,125],[0,526],[235,662],[103,898],[90,84],[292,-4],[70,106],[-82,311],[-222,194],[-37,281],[74,515],[41,105],[298,195],[95,262],[-319,186],[12,339],[-358,513],[62,223],[206,250],[-284,720],[148,161],[-4,138],[-218,363],[-185,21],[-194,715],[-268,213],[-342,475],[-50,219],[124,242],[-300,143],[-129,-404],[-93,-15],[-129,152],[-317,-119],[-171,22],[-148,100],[-275,703],[-752,270],[-10,161],[152,12],[43,88],[-170,857],[207,707],[-383,769],[-139,40],[-80,188],[-537,267],[-206,-3],[-155,-122],[-3,-136],[192,-133],[126,-385],[25,-485],[117,-243],[-145,-403],[142,-139],[120,-313],[9,-342],[-92,-321],[339,-440],[-52,-358],[361,-130],[-6,-239],[145,-125],[-62,-545],[276,-366],[-17,-501],[198,-267],[18,-279],[86,-51],[-24,-619],[182,-142],[213,-394],[457,-1491],[186,-5905],[217,-482],[121,-891],[-121,-576],[16,-409],[265,-382],[-34,-137],[-114,-51],[-241,58],[-364,297],[-93,170],[-518,-46],[-475,130],[-49,88],[65,194],[-164,91],[-530,-78],[-270,-153],[-231,-30],[-146,-232],[2,-263],[-174,72],[111,811],[-57,473],[68,7],[99,-423],[279,22],[304,273],[-136,443],[247,-60],[241,375],[-354,145],[-71,500],[-373,392],[0,520],[-417,-27],[198,356],[-177,394],[-380,206],[-217,321],[-238,148],[-47,324],[-159,27],[-123,125],[-26,192],[329,-95],[328,-268],[92,17],[26,178],[-147,249],[147,-2],[226,-179],[250,440],[106,508],[-163,189],[-398,94],[-262,-41],[-52,452],[-154,230],[-167,-29],[-71,-184],[-195,-155],[-161,41],[-168,225],[119,305],[-204,-50],[-229,258],[-18,146],[118,236],[425,114],[84,188],[-163,213],[-76,418],[-477,555],[65,202],[257,-29],[-7,277],[-120,152],[-195,80],[-173,-262],[-202,-9],[44,378],[-224,148],[51,229],[74,25],[129,-120],[118,63],[111,-193],[139,39],[28,323],[86,111],[-431,189],[63,254],[-121,182],[-131,0],[-172,-150],[-208,146],[139,309],[-51,386],[58,137],[-368,145],[-70,259],[109,64],[81,-159],[308,202],[-30,75],[-449,434],[-2435,3021],[-3022,3226],[-3024,2742],[-1604,1147],[-2292,1897],[-1924,1821],[-877,974],[-633,882],[-300,270],[-181,45],[-194,283],[-395,113],[-119,283],[-317,376],[25,282],[-96,224],[135,43],[72,198],[-29,473],[-325,315],[-37,190],[82,130],[-259,210],[-292,513],[-384,419],[-196,450],[-555,234],[-173,546],[-173,190],[-279,-4],[-436,-174],[-223,166],[-148,-146],[-144,33],[-37,173],[128,182],[-165,328],[46,456],[-75,154],[-98,109],[-358,8],[-239,303],[169,283],[-78,279],[-433,-111],[-207,67],[-43,182],[139,167],[355,27],[203,221],[-170,343],[136,175],[-6,140],[-278,-191],[-67,-318],[-121,-67],[40,221],[-135,9],[151,131],[-6,91],[-186,-37],[79,137],[-42,57],[-243,9],[-6,103],[-186,194],[-323,100],[-10,113],[-247,-34],[65,-148],[-65,-279],[-86,127],[-89,-61],[-105,355],[-417,140],[-12,336],[240,36],[13,128],[-213,133],[-293,-51],[-37,142],[151,94],[197,-3],[62,148],[-333,173],[-547,120],[-160,253],[130,288],[262,39],[-52,161],[321,458],[-96,521],[-299,249],[108,-258],[-59,-73],[-256,376],[-207,-6],[-145,-212],[19,303],[-170,-55],[-296,70],[123,297],[-354,-27],[-74,145],[-263,-51],[-9,73],[262,184],[222,-93],[121,130],[-358,200],[-99,-6],[-173,-240],[-176,13],[105,294],[185,139],[4,164],[191,309],[-179,558],[-231,24],[-34,-188],[-71,-24],[-321,306],[-281,18],[19,206],[-149,91],[-46,136],[-342,128],[172,357],[139,64],[192,-52],[64,64],[-231,749],[-145,112],[-52,291],[-583,361],[-257,-22],[-105,-275],[-253,-40],[-24,85],[240,218],[99,331],[-345,127],[-13,291],[-314,400],[-127,721],[-290,-48],[-204,164],[284,-70],[488,718],[-525,597],[-21,161],[172,124],[-481,482],[-37,228],[80,282],[-172,394],[61,175],[-61,182],[-263,325],[-333,12],[-43,60],[185,282],[204,-127],[89,91],[-37,558],[-200,175],[-155,-127],[-327,-24],[-117,100],[49,194],[-391,191],[-244,-58],[-256,-342],[-195,3],[84,1276],[-207,385],[-170,745],[611,967],[-80,1689],[333,688],[247,303],[167,1932],[1141,1908],[131,366],[148,2204],[-274,663],[93,162],[269,59],[285,1013],[-49,194],[-219,146],[-11,86],[356,91],[-88,388],[373,259],[-87,361],[455,1008],[219,862],[225,345],[104,722],[-32,808],[-236,738],[109,809],[-131,328],[-33,652],[-198,723],[66,91],[324,86],[99,157],[148,1099],[-302,442],[-6,280],[127,264],[438,334],[66,426],[-186,630],[-302,437],[-274,205],[153,894],[-334,717],[175,889],[-334,851],[22,652],[-527,765],[-71,54],[-379,-32],[-292,491],[84,247],[247,-21],[323,-437],[192,-43],[401,264],[66,410],[126,48],[38,-312],[220,-108],[202,-361],[72,-324],[-44,-560],[-187,-361],[44,-388],[461,-690],[905,-625],[-49,-442],[126,-210],[285,-264],[444,-140],[28,-140],[-170,-216],[-17,-204],[708,-658],[11,-253],[-231,-307],[-54,-286],[332,-474],[80,66],[483,-390],[1337,-432],[718,-90],[790,140],[434,-329],[987,135],[378,167],[785,49],[120,59],[94,259],[137,102],[225,-102],[389,-378],[422,-32],[302,-339],[11,-114],[-269,-242],[22,-178],[313,-264],[340,-43],[120,-345],[291,-167],[-27,-291],[258,-54],[137,-167],[133,-511],[-35,-297],[94,-394],[225,-291],[-50,-258],[269,-323],[49,-464],[439,-1045],[274,-173],[22,-242],[593,-1099],[1228,-1536],[708,-657],[820,-1152],[1082,-1832],[107,173],[282,85],[2067,224],[300,-90],[240,110],[113,169],[-49,218],[407,525],[27,250],[184,102],[433,679],[-236,695],[121,441],[22,615],[170,943],[-55,679],[-93,253],[-307,253],[-50,334],[-214,184],[-340,86],[-373,-248],[-241,113],[622,651],[571,762],[1637,2370],[1700,1999],[1278,2021],[39,619],[-209,669],[-311,268],[-270,465],[-447,192],[-101,282],[669,1088],[175,1024],[-258,1035],[308,431],[741,1971],[378,1841],[482,5100],[-99,189],[-416,-48],[-17,118],[44,59],[197,-21],[170,124],[99,97],[28,242],[-33,210],[-466,496],[-72,297],[61,27],[197,-189],[263,70],[94,194],[-68,168],[46,161],[384,-173],[389,81],[132,97],[559,970],[417,1132],[0,323],[-181,323],[44,59],[279,-48],[160,59],[-144,592],[89,1167],[-39,794],[-312,961],[-137,161],[-330,113],[-5,534],[-461,-27],[-153,496],[-297,549],[-515,615],[-494,377],[-1130,232],[-691,-11],[-323,-119],[-88,-161],[-38,-852],[-286,33],[-236,-194],[-307,-27],[17,-491],[-234,-61],[-314,227],[-131,295],[25,116],[258,193],[89,292],[-55,264],[-357,269],[-274,-91],[-93,43],[-83,646],[-148,405],[-433,716],[-362,329],[-110,-84],[-108,66],[-305,384],[-14,259],[-593,512],[-428,135],[-44,345],[-426,159],[-457,-57],[-220,-759],[-436,-143],[-55,-81],[191,-214],[-9,-206],[-75,-26],[-163,37],[-185,240],[-234,87],[29,531],[-324,399],[-181,108],[-515,-102],[-149,41],[-16,83],[351,344],[138,254],[-61,151],[-208,156],[115,64],[241,-102],[132,92],[-99,1083],[209,210],[43,199],[522,329],[120,194],[181,-86],[203,113],[466,517],[406,43],[22,-280],[187,-167],[351,-59],[312,91],[50,-339],[142,-162],[1130,-75],[170,178],[225,-216],[466,70],[214,-323],[431,-107],[441,-362],[664,38],[790,474],[872,1094],[203,361],[-39,927],[467,-577],[274,-43],[214,124],[104,-81],[93,-221],[22,-463],[77,-76],[392,-228],[173,131],[50,-368],[164,-267],[27,-356],[121,-124],[395,-108],[-11,-264],[713,-27],[801,140],[872,538],[430,356],[988,273],[60,455],[145,124],[33,160],[900,1349],[5,194],[-77,82],[-361,171],[-145,465],[-190,133],[-351,-48],[-236,447],[-20,370],[322,632],[-39,227],[-636,539],[-93,-17],[-236,-420],[-143,38],[-400,350],[-93,555],[291,430],[-374,195],[-109,189],[-28,434],[-353,206],[-34,405],[-227,183],[-93,658],[-152,113],[-349,29],[-74,-42],[3,-416],[-63,-63],[-265,45],[-131,269],[22,884],[-966,86],[-72,-49],[8,-204],[-84,-11],[-192,145],[-129,384],[157,177],[71,490],[315,508],[5,206],[100,41],[38,144],[117,-39],[237,-534],[166,38],[175,458],[211,117],[53,-233],[462,-306],[262,3],[183,-190],[422,141],[177,408],[547,243],[284,1006],[78,731],[158,195],[283,8],[119,97],[-54,323],[157,347],[-37,437],[-301,226],[-115,841],[-292,347],[-312,-56],[-128,558],[49,141],[292,137],[190,352],[45,352],[-99,573],[33,445],[396,429],[735,153],[234,122],[836,-9],[222,-323],[243,-24],[168,214],[288,804],[313,1596],[-177,1512],[-131,485],[-198,183],[-247,67],[-292,271],[-362,142],[-86,137],[-95,606],[-292,65],[-41,162],[-181,145],[-292,12],[-132,-72],[-173,173],[-28,239],[197,396],[-41,214],[-82,101],[-333,-65],[-70,85],[497,271],[46,129],[-17,873],[-288,287],[95,93],[238,20],[535,813],[162,-14],[225,-387],[259,51],[979,1050],[1017,527],[763,948],[56,259],[-221,574],[75,305],[162,240],[863,50],[606,553],[328,71],[135,114],[86,421],[251,298],[0,638],[129,412],[-173,227],[294,165],[38,123],[-57,128],[-299,198],[294,544],[29,208],[125,109],[-19,322],[-227,265],[414,231],[-183,644],[419,718],[-34,256],[-178,66],[-255,501],[68,85],[134,-23],[227,-185],[106,15],[134,312],[246,108],[38,142],[371,426],[-111,227],[169,374],[-24,818],[-68,146],[-274,138],[-19,208],[106,4],[77,-151],[110,-38],[410,128],[115,359],[212,317],[-5,502],[433,0],[410,208],[110,-95],[429,473],[14,1036],[-72,373],[102,315],[-107,124],[-34,295],[-481,1362],[-303,473],[-121,558],[-317,463],[-145,615],[-221,407],[-424,165],[-82,-23],[-43,-194],[-135,-5],[-375,274],[-121,161],[-130,549],[159,236],[5,137],[-231,355],[-433,345],[-121,336],[-346,260],[-284,416],[-212,100],[-298,-95],[-174,57],[87,444],[-145,119],[-57,227],[-424,227],[-448,406],[-361,175],[-300,36],[-202,165],[-258,-11],[-82,-175],[-541,344],[-557,48],[-163,-165],[-323,-38],[-63,-350],[-134,-85],[-248,42],[-82,-302],[-139,-62],[-807,780],[-891,667],[-202,-28],[-164,-170],[-126,-554],[-130,-129],[-600,39],[-106,52],[-164,298],[-265,-23],[-231,572],[-197,71],[-116,203],[20,294],[-102,250],[-178,24],[-168,284],[-279,-67],[-179,109],[-182,591],[-207,-127],[-207,1002],[38,204],[510,-133],[328,5],[82,109],[288,23],[130,142],[44,166],[-63,340],[308,861],[-33,241],[-304,677],[-250,80],[-510,-137],[-207,85],[-116,270],[226,203],[-9,98],[-775,318],[-203,322],[-356,345],[68,218],[-467,425],[-101,232],[-342,237],[-193,-185],[-236,-24],[-77,81],[77,321],[-62,114],[-332,180],[-438,104],[-482,440],[-727,94],[-539,544],[-284,766],[-250,237],[-313,-85],[-246,208],[-197,-43],[-477,95],[-110,-175],[-188,-52],[-472,227],[-38,175],[62,132],[395,109],[101,99],[-43,502],[86,463],[-120,170],[-231,114],[-149,350],[-150,151],[-178,33],[-115,-165],[-332,246],[361,-24],[86,180],[92,-123],[197,-62],[366,52],[347,227],[72,327],[-130,841],[64,658],[-531,870],[-438,298],[-342,35],[-207,-120],[-202,345],[-212,-38],[-159,-189],[-269,118],[-20,124],[376,141],[115,128],[-57,104],[-294,57],[-135,108],[39,114],[317,76],[-86,293],[173,208],[-34,558],[-282,317],[-184,-74],[-155,74],[-178,397],[140,62],[327,-360],[217,-19],[226,152],[197,354],[251,190],[520,-142],[914,123],[236,241],[255,657],[227,998],[-236,563],[-337,426],[-5,685],[-352,553],[-621,-84],[-221,-138],[-438,332],[-101,14],[-164,-152],[-212,171],[-332,47],[-91,118],[149,355],[-10,137],[-149,114],[106,184],[-96,449],[91,153],[559,193],[-154,231],[38,194],[323,43],[548,-62],[525,90],[125,246],[-47,774],[-202,567],[-1296,1878],[-502,506],[-616,380],[-422,-200],[-53,371],[-948,485],[-1188,263],[-440,8],[-192,-118],[-49,-558],[-187,19],[-87,-66],[-39,-322],[-399,-147],[-140,95],[-216,-76],[-198,152],[-211,-5],[-285,-393],[53,-591],[-582,-61],[-284,511],[-679,383],[239,686],[180,1230],[172,189],[-18,202],[-135,139],[-383,295],[-636,148],[-34,269],[-131,229],[-1178,717],[-2715,1116],[-873,208],[-1900,114],[-1052,-25],[-2838,-745],[-1195,92],[-571,-310],[80,-89],[597,95],[102,-34],[-11,-78],[-2396,-953],[-1054,-508]],[[1256178,3171347],[-840,-456],[-982,-325],[-1860,-819],[-1027,-583],[-1175,-852],[-742,-958],[123,-820],[-164,-527],[16,-126],[233,-272],[-28,-228],[-299,-229],[-191,-347],[197,-588],[-664,-652],[-63,-378],[-442,-510],[-149,-587],[299,32],[111,-92],[-1,-625],[158,-239],[-161,-180],[-324,33],[-121,-57],[-112,-698],[228,-180],[175,-322],[328,0],[382,131],[29,-567],[191,-111],[349,98],[208,221],[548,-164],[-17,-159],[-340,-45],[-191,-204],[0,-208],[328,-534],[-225,-408],[-253,57],[-461,428],[-257,41],[-166,-130],[-154,363],[-320,85],[-257,168],[-457,-123],[-216,449],[-278,192],[-540,49],[-461,489],[-121,621],[-133,118],[-191,-176],[-1088,-357],[-610,-394],[-362,-345],[-153,-511],[477,-196],[329,-1134],[-34,-139],[-145,-77],[-163,-21],[-117,105],[-185,5],[-50,-175],[58,-261],[-50,-86],[-224,33],[-174,298],[162,461],[-5,244],[-392,81],[-301,307],[21,69],[195,-16],[-133,604],[324,-98],[62,212],[-100,102],[-203,-32],[-191,175],[-444,783],[-250,33],[-178,-175],[-166,89],[-79,290],[-278,49],[-104,-229],[-200,-191],[-162,-820],[-166,-29],[-174,131],[0,412],[241,555],[270,273],[606,241],[104,236],[-33,245],[-121,192],[-382,77],[-166,225],[-145,8],[66,608],[-145,143],[-341,69],[-37,139],[79,159],[-100,147],[175,85],[-324,359],[95,94],[299,-85],[204,28],[207,110],[79,147],[58,698],[-62,347],[-170,114],[-279,-16],[-91,102],[25,118],[332,232],[158,649],[-245,335],[-12,367],[-137,220],[-67,319],[-349,526],[-116,135],[-233,-78],[-232,33],[-366,183],[-41,90],[141,175],[465,-28],[332,151],[100,269],[-95,82],[-208,8],[-17,110],[411,86],[179,147],[-104,595],[303,82],[154,465],[303,110],[548,-314],[229,-20],[141,179],[-37,290],[-362,269],[-564,208],[20,131],[337,265],[25,232],[-88,221],[-224,232],[-87,257],[-166,135],[129,433],[-187,183],[-58,188],[-275,200],[196,281],[-241,824],[-362,388],[-24,192],[-216,45],[83,485],[-69,315],[-384,595],[-349,294],[-789,261],[-212,522],[-415,371],[-104,551],[-394,673],[20,433],[432,930],[108,804],[-386,824],[-336,282],[-179,265],[0,644],[112,380],[-191,65],[-178,-90],[-117,111],[96,799],[158,184],[-59,126],[-365,208],[-129,184],[117,282],[-245,208],[4,493],[-511,482],[-478,57],[0,220],[-216,176],[-178,-25],[-191,-290],[-75,98],[17,192],[-358,0],[59,118],[378,241],[-9,233],[-361,416],[-390,-33],[-320,200],[37,310],[187,372],[-17,367],[-556,387],[-474,119],[-332,355],[63,289],[417,-94],[272,531],[8,277],[-286,437],[-25,167],[328,310],[104,396],[-125,433],[-187,204],[-178,40],[-212,-147],[-164,184],[-251,-241],[-204,62],[42,322],[-221,379],[113,404],[-191,376],[-245,-74],[-18,-451],[-139,-202],[-113,0],[46,240],[-177,201],[20,569],[144,51],[286,-118],[154,122],[-29,172],[-262,199],[34,927],[116,69],[266,-90],[186,110],[54,155],[-132,470],[-341,416],[-141,967],[-274,299],[-474,864],[-427,8],[-100,171],[8,310],[-286,249],[-370,176],[-120,-41],[-67,-159],[-124,98],[-304,-94],[-83,138],[154,139],[25,314],[-116,151],[-333,110],[-132,568],[70,171],[-174,232],[-270,-12],[-46,-232],[-154,77],[-216,-81],[-83,57],[-45,167],[104,192],[-30,220],[-357,384],[208,742],[-198,442],[-467,395],[-481,-107],[-71,274],[-124,49],[-183,-37],[-212,-303],[-274,83],[-112,400],[62,57],[295,-147],[120,212],[171,53],[50,147],[-38,534],[-136,442],[-350,411],[-1428,1196],[-424,-5],[-424,237],[-290,49],[-299,-204],[25,-233],[-283,8],[-33,119],[154,302],[-353,755],[-216,-94],[-154,-241],[-120,12],[465,678],[-54,179],[-290,338],[-155,62],[-261,-69],[-158,138],[-216,4],[-104,131],[-33,229],[-295,183],[13,233],[-503,457],[-2056,1432],[-287,11],[-50,365],[-489,590],[-227,144],[-162,9],[-69,-52],[427,-242],[-424,123],[-2840,1612],[-782,539],[-115,379],[-907,111],[-847,391],[-1517,429],[-380,0],[-128,-68],[-28,-168],[-127,6],[-614,514],[-1249,640],[-249,456],[-100,-58],[19,-120],[-184,-140],[-567,-43],[-289,-159],[-131,-175],[-31,-587],[-159,-300],[-137,9],[-193,309],[-203,110],[-66,-232],[-80,-28],[-81,132],[-13,557],[-271,272],[-40,177],[84,144],[299,187],[-9,260],[-78,70],[-483,31],[-62,125],[-87,640],[74,187],[-81,229],[31,462],[-305,276],[-321,97],[165,368],[-40,186],[-364,215],[-232,31],[-152,183],[25,137],[287,-21],[140,80],[-143,651],[-446,291],[-694,193],[-1835,141],[-345,143],[-246,-261],[-452,-97],[-318,19],[-131,-175],[-1189,-612],[-726,-578],[-75,-251],[329,-315],[-14,-493],[-144,-238],[66,-264],[-103,-369],[47,-322],[187,-230],[-250,-125],[-594,-820],[239,-392],[-13,-160],[-231,-95],[-62,-148],[207,-481],[-399,-68],[-143,-107],[-17,-282],[179,-290],[-125,-232],[125,-157],[-411,-76],[-81,-315],[37,-441],[90,-134],[274,-89],[94,-318],[-150,-31],[-479,196],[-306,-395],[7,-199],[361,-70],[384,-514],[-267,-488],[11,-222],[246,-214],[10,-138],[-163,-188],[-223,-54],[-207,-205],[153,-422],[-41,-116],[-121,-37],[-449,150],[-847,-80],[-237,49],[-9,358],[-196,349],[-268,199],[93,422],[-93,426],[-486,410],[-364,39],[-570,-306],[-153,25],[-118,339],[358,144],[134,150],[-9,113],[-187,31],[-78,211],[46,527],[231,465],[-240,269],[-336,37],[-59,143],[308,-3],[121,790],[-246,401],[-211,58],[-119,-181],[-143,49],[-56,254],[128,153],[-16,208],[-140,144],[-249,16],[-50,137],[87,144],[389,254],[-84,692],[236,466],[-105,422],[88,378],[-454,285],[-217,253],[31,355],[-252,520],[-116,911],[-127,310],[-753,642],[-238,316],[-147,48],[-208,-73],[-74,69],[211,331],[38,465],[-50,502],[-237,432],[171,506],[249,265],[261,102],[-54,335],[353,285],[-99,421],[369,183],[-128,457],[-279,49],[-95,98],[731,408],[37,665],[-100,122],[-278,-28],[-108,204],[299,771],[191,326],[237,160],[17,183],[153,163],[-75,168],[-490,106],[511,604],[-16,183],[-125,127],[287,714],[-75,110],[315,175],[133,396],[216,4],[686,331],[146,8],[211,-192],[-13,-135],[-191,-147],[54,-171],[465,184],[528,501],[290,568],[215,684],[-24,895],[-253,436],[-490,-130],[-149,-168],[-117,86],[50,180],[440,171],[9,204],[-137,253],[240,37],[308,448],[-75,204],[-270,53],[-41,204],[-212,111],[-29,310],[-249,342],[49,690],[125,159],[693,375],[-24,119],[-299,224],[199,282],[-17,253],[-732,211],[-69,152],[224,81],[565,-73],[490,290],[124,-33],[104,-220],[391,28],[959,531],[635,644],[453,771],[698,-114],[361,224],[162,-57],[33,441],[411,841],[137,828],[142,289],[282,151],[660,147],[324,254],[113,29],[130,-387],[-27,-181],[-391,-515],[15,-194],[301,-548],[9,-233],[124,-73],[1205,-286],[1574,935],[527,200],[-87,236],[365,396],[586,934],[706,1477],[897,1196],[-312,114],[-170,-155],[-71,226],[-62,2038],[-191,1678],[-932,3759],[17,136],[332,150],[-26,167],[-331,34],[-242,296],[-961,1849],[-2737,4143],[-106,407],[295,-11],[189,144],[-5,90],[-201,-50],[-793,205],[-472,329],[-589,631],[-289,595],[-14,473],[62,470],[329,736],[-524,843],[-258,159],[-553,81],[-491,-173],[-560,9],[-592,206],[-504,336],[-1755,1730],[-3320,3495],[-2953,2812],[-2181,1835],[-5268,4110],[-172,242],[39,383],[-147,515],[14,281],[-373,178],[-671,570],[-674,-143],[-786,381],[-3692,3476],[-1236,1297],[-918,1115],[-407,189],[-15,325],[-212,0],[-89,128],[164,201],[-302,40],[-119,108],[270,446],[-269,595],[-48,419],[-455,467],[-366,585],[-303,690],[-138,20],[-114,-109],[23,231],[-85,103],[-240,-22],[-406,164],[18,99],[149,94],[321,107],[-29,94],[-235,115],[62,388],[764,479],[17,138],[-131,-15],[-491,-342],[-320,67],[-915,1110],[-145,64],[-193,-102],[-273,40],[-10,107],[198,164],[-240,52],[-19,83],[393,180],[6,102],[-456,152],[-327,413],[-136,-69],[-144,32],[-96,-105],[-114,61],[-13,238],[231,239],[-217,32],[-42,123],[-187,-19],[22,246],[-83,119],[-713,255],[-488,751],[127,277],[-26,112],[-418,282],[-344,-2],[-1233,486],[488,-278],[156,-180],[913,-272],[301,-209],[-191,-298],[-17,-387],[-264,6],[-866,657],[-1178,418],[-517,64],[-447,-83],[-158,-112],[-23,-804],[-144,-242],[-76,418],[-230,-129],[-66,53],[98,354],[-70,131],[-128,5],[73,152],[-56,186],[-252,93],[-211,-311],[-59,-434],[-276,-157],[99,-190],[-17,-301],[-121,-192],[-133,-62],[-324,59],[-96,362],[-191,300],[21,278],[401,152],[24,234],[-366,18],[-106,113],[-212,-73],[-27,125],[89,186],[-75,48],[-244,-217],[-197,-15],[8,94],[-95,31],[-153,-252],[-106,-35],[-7,281],[-341,186],[8,106],[206,131],[17,96],[-197,-33],[-36,177],[-177,35],[-105,112],[-89,-29],[-68,-206],[44,-1008],[-38,-96],[-68,13],[-85,100],[-2,186],[-189,0],[-93,104],[-170,471],[-561,517],[-163,274],[23,192],[-375,35],[219,196],[171,-54],[123,79],[26,182],[-113,175],[-314,185],[-212,-179],[8,-117],[-112,-31],[-100,-303],[-187,-25],[-49,165],[111,333],[119,118],[-274,123],[-55,119],[23,96],[219,131],[-11,100],[-178,98],[-520,-81],[-202,223],[112,259],[317,-17],[-28,240],[333,-144],[-165,250],[202,-54],[12,98],[-274,146],[183,290],[-321,54],[162,202],[-221,-31],[11,208],[-208,-66],[-510,156],[-416,303],[-15,-151],[-149,2],[-76,-279],[-51,357],[-282,135],[-70,267],[66,305],[-81,285],[155,23],[-36,230],[397,12],[44,244],[109,123],[-30,90],[-219,69],[-91,119],[-195,707],[-385,79],[192,186],[-155,340],[309,141],[164,205],[-2,108],[-406,290],[-178,21],[-310,-317],[-274,200],[-465,-258],[278,362],[-66,905],[-1082,922],[-202,-125],[-257,-37],[-424,50],[-72,-34],[-13,-148],[-231,-71],[-94,25],[-49,263],[-136,27],[-256,-480],[-244,-168],[-249,35],[-89,-356],[-297,-57],[-49,-415],[-533,-8],[-2,175],[-284,108],[-41,128],[438,267],[146,-148],[134,73],[34,169],[155,-46],[-15,265],[233,185],[-346,182],[372,314],[-344,-41],[206,204],[312,-37],[53,77],[-155,294],[-520,-77],[0,142],[-206,-32],[30,186],[-132,4],[40,90],[289,10],[-30,167],[100,92],[4,173],[115,46],[-17,173],[115,102],[-100,273],[-535,482],[-282,-44],[53,186],[-136,50],[-635,-138],[-414,21],[-127,-125],[23,-161],[-105,-163],[-328,-108],[-416,125],[-138,-252],[-93,31],[-34,261],[-295,183],[231,32],[70,288],[-459,143],[-267,-70],[-125,62],[278,205],[4,310],[327,109],[37,102],[-156,265],[-596,123],[-36,156],[115,126],[497,139],[249,303],[-76,146],[-304,6],[117,235],[-588,453],[195,206],[-17,126],[-435,279],[-301,-77],[-412,119],[-217,-77],[-144,136],[-274,-65],[-140,-124],[-83,159],[-246,-94],[-23,632],[-363,86],[-43,77],[334,342],[63,329],[213,140],[23,117],[-217,-6],[17,109],[-174,208],[-263,-7],[-221,-200],[55,-210],[-63,-81],[-750,14],[-20,-265],[-438,19],[-11,77],[152,56],[10,148],[-378,494],[-81,420],[-694,431],[23,98],[342,153],[4,119],[-176,85],[29,84],[26742,70330],[222,163],[795,238],[498,454],[303,-11],[170,118],[185,-48],[175,-183],[-22,-278],[352,-71],[222,52],[179,-180],[297,133],[220,-119],[259,-5],[209,-175],[162,-29],[125,87],[200,-334],[231,6],[299,267],[215,33],[95,-86],[62,-269],[-71,-95],[70,-120],[321,-79],[148,32],[87,241],[372,408],[172,-15],[418,175],[373,-87],[346,34],[93,-77],[32,-246],[119,-14],[26,-177],[279,-83],[110,-296],[-51,-161],[258,-129],[235,-17],[298,127],[66,107],[-26,175],[202,275],[380,267],[194,18],[328,368],[264,181],[530,37],[107,74],[532,727],[576,475],[430,28],[142,-96],[528,-751],[563,13],[364,108],[844,40],[281,83],[148,107],[163,375],[-217,1107],[107,103],[339,97],[451,4],[498,355],[1050,228],[157,148],[228,351],[318,294],[24,409],[411,151],[48,476],[74,107],[148,114],[562,167],[115,115],[235,538],[398,455],[209,715],[337,25],[263,139],[269,530],[197,115],[328,450],[388,173],[188,573],[15,415],[232,477],[117,98],[676,97],[145,198]],[[1188853,3403864],[174,404],[270,187],[273,22],[97,153],[169,42],[67,175],[384,109],[85,152],[156,81],[59,144],[154,94],[134,402],[144,-20],[70,-119],[224,3],[275,206],[138,-46],[231,189],[-147,245],[47,240],[-152,8],[-122,125],[4,167],[-103,67],[88,501],[-200,125],[-96,178],[145,260],[-107,94],[-70,380],[-186,381],[103,280],[229,105],[-20,278],[-316,700],[-326,103],[-207,170],[-28,138],[-101,-33],[-246,117],[-167,211],[-36,242],[-380,581],[-71,257],[-371,272],[115,302],[-14,298],[-320,307],[-97,395],[94,206],[-69,263],[31,272],[-556,236],[-18,98],[-131,46],[-162,214],[-330,186],[31,362],[-131,554],[-79,132],[-88,-38],[-322,237],[-120,329],[12,224],[-174,245],[-4,190],[118,120],[-105,180],[63,320],[-127,223],[-144,26],[-38,166],[-297,16],[-39,64],[-31,374],[-120,161],[7,247],[-289,283],[-101,427],[-132,95],[-46,253],[-199,166],[-104,394],[32,345],[-396,836],[-115,9],[-85,789],[-736,469],[-145,-26],[-251,154],[-183,12],[-165,185],[-356,181],[-171,522],[-208,236],[-14,166],[101,68],[-28,307],[-231,407],[78,737],[-402,477],[-121,357],[-163,62],[-223,294],[-109,816],[10,278],[87,78],[-412,807],[80,617],[169,459],[331,343],[-132,41],[-255,291],[-125,450],[68,321],[-74,532],[166,418],[30,459],[206,416],[-320,243],[-329,54],[-139,169],[-138,12],[-137,211],[-235,54],[-272,227],[-588,34],[-61,64],[-419,-118],[-210,94],[-276,-4],[115,436],[-141,200],[42,128],[-80,469],[89,124],[83,661],[-415,49],[-197,264],[-30,451],[185,255],[-31,289],[188,134],[-3,523],[173,295],[118,35],[163,441],[102,43],[64,467],[-52,189],[499,540],[551,261],[147,221],[105,545],[-82,222],[-294,210],[59,337],[-141,138],[-72,350],[121,327],[-81,578],[402,715],[-86,587],[-201,166],[-28,246],[-110,1],[-162,306],[-536,399],[-146,419],[-246,19],[-146,147],[95,342],[-117,607],[191,119],[179,428],[218,259],[-63,267],[79,408],[99,24],[-70,455],[524,130],[30,250],[-154,120],[-17,114],[29,619],[-368,65],[24,205],[-131,299],[-194,167],[198,20],[137,148],[33,258],[-103,220],[55,251],[239,267],[35,178],[485,498],[5,236],[-184,174],[-166,625],[82,147],[289,155],[131,416],[-68,157],[-143,69],[-139,440],[359,92],[193,256],[129,-48],[294,90],[14,113],[157,131],[319,91],[26,319],[247,409],[-9,264],[150,158],[296,67],[1268,-111],[91,93],[587,42],[259,237],[82,110],[-132,321],[7,720],[-241,150],[-83,219],[-19,270],[245,301],[-147,253],[-36,260],[373,128],[97,-95],[372,85],[1129,-19],[374,159],[294,-108],[243,-334],[381,-194],[397,118],[190,-47],[459,97],[182,-149],[354,-93],[189,-201],[163,-6],[280,-231],[311,-53],[62,94],[219,-11],[180,141],[154,-35],[138,128],[320,96],[89,-78],[337,16],[65,-75],[579,76],[479,-136],[133,41],[62,-73],[737,47],[41,-412],[386,-210],[88,-147],[181,-2],[26,-174],[435,-91],[89,-526],[155,-198],[-35,-135],[176,12],[-5,-143],[88,-99],[-38,-106],[198,-179],[115,152],[297,62],[-3,124],[207,34],[149,164],[725,-17],[148,-366],[-96,-239],[25,-279],[-68,-57],[46,-177],[-68,-161],[80,-139],[410,-49],[193,-195],[160,283],[210,43],[87,-82],[147,132],[8,131],[135,-42],[143,201],[227,6],[117,-450],[168,105],[60,-60],[49,-594],[217,-41],[74,-145],[290,-179],[511,-100],[132,-632],[102,-151],[-6,-494],[168,-132],[25,-151],[178,-214],[276,-891],[297,-254],[407,-13],[39,-105],[261,-173],[485,-141],[418,-248],[123,-226],[436,-339],[547,120],[96,-89],[573,-118],[24,-109],[312,-269],[319,-169],[554,-131],[112,-328],[466,-607],[12,-178],[207,28],[184,-204],[176,-471],[1411,-587],[182,-331],[214,-56],[211,-454],[276,-212],[54,-143],[-27,-310],[-452,-286],[-64,-207],[72,-613],[-84,-104],[30,-234],[190,-382],[119,-49],[29,-212],[-160,-59],[-11,-80],[107,-401],[-66,-249],[92,-247],[-114,-199],[125,-338],[-72,-100],[336,-185],[80,-355],[158,-101],[89,-272],[228,-7],[204,-313],[217,-111],[-66,-238],[-299,-274],[251,-594],[161,-76],[233,-348],[126,-30],[5,-220],[167,-297],[-61,-485],[-112,-105],[116,-198],[39,-317],[380,-80],[84,-391],[-59,-47],[-21,-317],[81,-256],[-53,-124],[69,-154],[-128,-722],[130,-107],[360,-1],[268,-180],[-62,-61],[97,-569],[281,-103],[12,-113],[212,-239],[121,-24],[27,-184],[497,-526],[28,-309],[-228,-122],[-106,-926],[100,-422],[233,-232],[-89,-854],[125,-15],[121,-214],[519,-138],[78,-355],[213,-218],[73,-243],[131,-59],[32,-560],[103,-22],[152,-259],[105,-23],[-45,-89],[238,-603],[49,-473],[-64,-147],[116,-229],[-64,-236],[97,-239],[56,-565],[375,-308],[45,-174],[159,-122],[268,-458],[592,-286],[172,-315],[237,-229],[103,-213],[-31,-234],[155,-32],[163,-352],[159,-81],[23,-348],[135,-78],[406,-618],[208,-30],[32,-217],[388,-448],[-5,-179],[273,-165],[262,-1],[231,-212],[-246,-274],[55,-596],[-139,-229],[-74,-559],[69,-646],[-96,-319],[111,-576],[-146,-126],[25,-135],[-80,-132],[502,-131],[134,-345],[542,-330],[134,-1558],[333,-253],[205,51],[105,-72],[352,-10],[116,59],[618,-101],[157,-271],[-72,-314],[234,-250],[269,-86],[656,13],[267,-189],[136,80],[359,-121],[143,57],[226,-473],[-174,-212],[10,-137],[327,-311],[349,-30],[105,-122],[113,-3],[-81,-410],[-121,-135],[86,-435],[-133,-200],[-361,-43],[-65,-143],[160,-140],[148,5],[95,-120],[233,1],[126,-315],[-76,-481],[113,-81],[-44,-236],[275,-210],[98,-207],[-49,-250],[247,-213],[-2,-146],[111,-107],[380,-97],[227,-297],[146,-489],[464,-300],[539,22],[314,-197],[477,44],[140,167],[175,26],[180,161],[504,-15],[296,-199],[57,-164],[256,-167],[-23,-79],[250,-240],[659,-66],[260,-420],[-64,-215],[304,-215],[162,-262],[1242,-11],[245,-97],[359,232],[-53,908],[100,455],[325,-25],[298,284],[-46,261],[543,351],[-34,237],[435,352],[-16,151],[268,529],[376,-71],[382,206],[330,33],[231,296],[293,20],[510,428],[12,110],[162,153],[-81,118],[-14,472],[222,204],[88,284],[-62,275],[193,180],[-54,432],[345,254],[118,221],[384,377],[88,325],[153,19],[137,177],[327,136],[25,163],[442,490],[488,186],[22,383],[211,44],[126,219],[476,204],[239,226],[343,4],[119,438],[120,58],[11,188],[424,385],[-13,334],[101,72],[4,307],[-82,181],[108,65],[25,164],[173,70],[165,412],[103,39],[195,388],[250,229],[1,248],[118,122],[-174,318],[15,107],[210,273],[436,25],[400,324],[-198,202],[34,369],[-72,198],[-225,154],[-67,395],[-231,258],[-176,448],[374,656],[195,77],[60,216],[191,230],[7,159],[193,163],[15,123],[737,61],[185,340],[388,287],[371,23],[2,364],[336,-116],[738,7],[248,-284],[151,14],[135,-279],[761,-56],[437,-365],[372,-24],[124,-177],[160,12],[237,-390],[223,-91],[163,-301],[627,-222],[75,195],[300,82],[145,-162],[243,75],[283,-139],[639,-129],[363,178],[1017,-173],[312,56],[108,274],[286,66],[274,228],[34,399],[314,171],[-264,196],[8,291],[105,206],[-38,205],[162,85],[-2,472],[200,404],[-209,88],[-548,11],[-141,272],[-441,455],[-27,513],[-122,45],[-20,117],[174,321],[39,712],[151,149],[33,189],[422,312],[-48,460],[234,122],[-5,107],[-223,133],[-32,121],[95,18],[67,133],[-5,276],[198,87],[65,340],[226,182],[-11,217],[175,76],[156,458],[227,93],[18,322],[300,380],[-48,164],[63,78],[233,24],[-8,280],[488,386],[104,368],[-89,237],[56,213],[240,94],[43,471],[247,181],[-131,287],[87,329],[68,65],[172,-62],[89,95],[-132,335],[201,550],[124,169],[226,72],[72,156],[198,61],[116,213],[109,-39],[156,101],[39,196],[174,171],[-5,224],[164,353],[-33,115],[159,142],[252,510],[200,60],[312,330],[611,107],[294,139],[101,154],[-28,269],[86,234],[-35,549],[236,458],[-115,123],[97,185],[-54,251],[183,47],[184,178],[239,10],[-47,391],[169,233],[-183,196],[81,428],[-87,226],[89,96],[11,179],[-102,51],[-24,159],[74,347],[-294,193],[-192,423],[-29,256],[-401,533],[-6,184],[-130,66],[-83,340],[-201,210],[38,315],[-81,180],[145,81],[170,-25],[256,148],[-4,257],[106,291],[207,151],[68,241],[804,62],[304,-104],[1333,102],[814,91],[369,146],[330,-17],[175,113],[170,-32],[204,92],[220,-146],[117,42],[512,-232],[301,-28],[55,-103],[389,-40],[456,313],[638,143],[-25,218],[-177,46],[-16,431],[-96,82],[16,424],[115,184],[-57,381],[108,142],[14,205],[202,17],[174,253],[111,41],[28,143],[229,48],[4,443],[105,95],[-136,400],[417,503],[-76,350],[149,179],[-113,309],[295,55],[53,202],[-217,98],[154,102],[111,337],[-25,269],[147,86],[71,210],[-49,348],[-100,91],[-21,338],[214,-31],[100,154],[26,418],[235,94],[180,265],[101,269],[-82,94],[37,538],[191,149],[76,-82],[6,272],[107,88],[372,0],[128,135],[148,-43],[-7,200],[169,217],[147,105],[102,-27],[338,273],[163,-61],[88,209],[234,-26],[311,-160],[113,449],[241,-248],[114,2],[-143,267],[164,330],[-80,109],[8,381],[114,84],[77,-81],[152,102],[354,26],[261,335],[298,125],[104,-52],[65,81],[173,-47],[82,213],[248,2],[10,187],[-113,118],[88,412],[-55,159],[98,169],[291,105],[92,164],[-20,401],[-200,311],[1,316],[246,49],[22,73],[-74,90],[66,214],[-106,328],[109,234],[-154,48],[-90,180],[153,548],[-32,473],[-135,66],[6,443],[-207,352],[151,35],[-15,121],[165,164],[151,-22],[-3,212],[213,33],[19,142],[413,60],[195,445],[-145,104],[9,301],[325,210],[461,-29],[180,118],[16,-101],[97,80],[274,-154],[281,23],[88,-315],[286,-126],[44,92],[167,-74],[451,158],[237,-11],[40,164],[-122,159],[157,228],[337,80],[313,-182],[517,118],[379,-26],[-83,138],[118,186],[-4,324],[-176,109],[102,147],[-98,158],[54,292],[331,-39],[171,160],[16,142],[325,79],[-73,324],[-217,53],[-82,206],[164,225],[21,164],[-63,46],[103,215],[-62,137],[-134,13],[-55,257],[233,239],[-43,366],[100,-18],[128,101],[136,275],[179,101],[59,246],[-108,312],[239,71],[78,221],[-243,138],[-132,573],[-199,198],[96,102],[353,-57],[157,518],[7,246],[-292,129],[-103,364],[275,92],[155,213],[286,144],[-37,91],[344,483],[-77,183],[59,89],[-5,588],[97,207],[100,19],[60,322],[130,133],[12,309],[302,30],[1026,-165],[342,-277],[344,6],[-67,-234],[668,-88],[68,86],[204,32],[107,388],[101,102],[175,-27],[92,-117],[379,88],[57,408],[227,26],[46,92],[626,10],[114,89],[-39,153],[-76,135],[-296,59],[7,175],[-56,144],[-92,26],[-120,586],[-200,92],[-244,346],[62,225],[-153,293],[204,125],[147,210],[137,-21],[100,-220],[242,90],[136,-68],[379,15],[202,146],[0,299],[156,-84],[139,70],[-55,-252],[190,-88],[763,-37],[114,-71],[-59,-268],[163,-179],[142,149],[289,-73],[217,46],[192,-298],[347,-71],[315,359],[90,-113],[197,30],[54,-92],[-65,-212],[344,1],[264,183],[114,-52],[91,57],[157,-81],[86,-227],[225,-105],[231,70],[116,-83],[274,96],[154,-179],[437,91],[96,-248],[242,-80],[143,-150],[256,-30],[304,-342],[619,69],[248,-287],[137,124],[81,-71],[65,112],[271,-159],[511,-84],[144,291],[200,61],[84,217],[486,206],[293,272],[50,-101],[224,98],[-8,364],[-169,55],[-123,263],[72,757],[-58,100],[-192,-51],[-99,73],[-152,209],[-17,210],[-253,307],[154,165],[790,72],[174,118],[58,388],[-48,294],[112,40],[84,212],[263,49],[248,437],[12,200],[-138,80],[38,390],[-106,83],[-85,-130],[-134,-1],[-57,186],[75,183],[-131,140],[37,145],[-455,188],[-77,156],[-203,8],[-53,295],[109,296],[-370,284],[44,124],[-99,153],[-39,299],[-434,3],[-48,142],[-277,-44],[-160,149],[71,571],[-150,164],[95,134],[-305,318],[-209,-48],[-261,159],[-16,187],[-213,37],[-21,895],[153,57],[-54,162],[99,153],[-211,365],[62,68],[-51,397],[-74,-55],[-279,69],[51,152],[-121,114],[-411,-62],[-153,88],[-742,-62],[-96,155],[-124,-3],[-18,215],[-230,40],[-35,290],[274,300],[80,398],[-51,99],[-127,-58],[-305,67],[43,209],[-225,82],[98,642],[-44,84],[-115,3],[-174,279],[43,424],[-228,209],[65,254],[-124,512],[439,72],[122,-67],[293,98],[-59,455],[-588,486],[-81,97],[11,211],[-93,88],[-242,-29],[-882,378],[-72,-76],[-283,-8],[-198,564],[-152,26],[-46,181],[-142,9],[20,160],[-212,-64],[-130,49],[-210,-138],[-169,199],[-205,-41],[95,390],[104,88],[518,-30],[126,68],[43,810],[274,54],[42,358],[585,-49],[238,126],[247,16],[722,-111],[78,101],[184,32],[4,152],[127,34],[215,323],[367,78],[49,84],[-110,121],[56,249],[-50,412],[285,108],[445,694],[122,-72],[513,70],[131,-353],[454,51],[98,-56],[143,186],[0,360],[245,49],[23,308],[395,72],[-145,483],[158,22],[200,302],[-270,-2],[-128,269],[-340,162],[-36,77],[109,151],[603,0],[607,-180],[-49,342],[508,143],[75,443],[-471,-103],[17,369],[220,59],[208,176],[478,85],[-57,313],[229,408],[587,60],[207,548],[-189,58],[-163,173],[-196,-104],[-164,233],[17,307],[-552,217],[24,300],[-134,174],[78,88],[-24,119],[360,95],[146,391],[-148,81],[35,287],[-95,-68],[-104,73],[-41,295],[101,17],[43,170],[112,10],[249,451],[175,68],[274,329],[123,271],[-31,165],[194,26],[53,177],[143,108],[130,481],[527,-16],[180,176],[185,41],[18,422],[159,127],[162,-46],[82,65],[11,336],[262,177],[46,177],[173,-59],[-10,306],[215,60],[60,205],[1085,73],[229,308],[219,-1],[-85,128],[103,163],[0,295],[-249,150],[40,315],[-127,112],[-30,179],[110,250],[-476,368],[233,494],[-82,241],[97,138],[-79,176],[93,74],[-92,313],[473,52],[487,234],[403,26],[363,-95],[88,118],[-59,160],[51,67],[495,6],[-1,191],[152,168],[793,-103],[254,-122],[4,-114],[158,-126],[161,7],[508,177],[129,201],[327,126],[26,231],[159,242],[775,-228],[78,206],[368,386],[-17,180],[303,-139],[220,82],[60,-130],[118,-20],[7,176],[267,291],[396,175],[69,59],[-22,135],[399,248],[246,348],[1,243],[207,159],[163,626],[176,108],[267,-78],[369,-425],[536,-125],[281,-220],[604,-6],[228,29],[351,192],[634,-37],[613,121],[533,-168],[557,-48],[149,-105],[591,9],[381,534],[100,-21],[248,157],[-3,179],[289,294],[369,54],[-3,160],[299,111],[133,336],[554,118],[135,170],[610,149],[366,226],[61,117],[391,-1],[38,107],[82,2],[-6,167],[521,31],[106,206],[152,8],[80,121],[288,-14],[364,292],[791,38],[510,-77],[125,-108],[260,-42],[257,67],[506,-146],[210,98],[394,-49],[419,-126],[299,-332],[128,13],[48,101],[499,-71],[652,31],[57,436],[482,461],[135,-121],[373,-115],[198,49],[192,-217],[398,51],[136,183],[243,94],[756,-34],[651,-95],[128,-267],[426,-267],[145,-188],[337,-125],[104,-149],[525,-116],[1019,-15],[89,59],[960,8],[48,171],[271,202],[-7,242],[322,83],[106,168],[263,5],[2,252],[98,90],[-30,336],[112,90],[339,-53],[98,69],[367,2],[949,-450],[202,13],[404,-229],[134,71],[455,-34],[212,83],[372,-206],[582,-102],[116,15],[69,232],[371,85],[115,163],[215,85],[99,242],[460,54],[494,-53],[109,-240],[477,-279],[853,-148],[219,-231],[368,-187],[158,75],[219,-40],[393,-289],[85,36],[248,-133],[246,86],[506,-170],[507,61],[146,285],[244,306],[124,2],[21,109],[115,-31],[185,153],[210,23],[32,86],[110,-32],[129,257],[683,92],[117,137],[178,600],[216,192],[133,-70],[58,56],[170,601],[414,157],[89,244],[190,70],[220,274],[207,36],[139,174],[196,-1],[252,386],[387,276],[-7,133],[-191,103],[-85,223],[-444,20],[-120,-73],[-137,353],[-170,-41],[-130,182],[-92,-46],[-338,87],[-212,182],[-73,330],[-496,28],[-67,-145],[-779,-102],[-285,52],[106,468],[-24,302],[155,38],[-149,1048],[50,203],[-250,137],[-88,367],[-226,22],[-57,191],[-271,281],[-187,22],[-105,601],[-187,227],[-135,17],[-123,284],[-135,63],[-171,-151],[-168,68],[87,255],[-47,59],[163,65],[-145,76],[-5,87],[-177,17],[-140,173],[-181,-93],[-214,68],[-265,-38],[-425,521],[70,125],[217,13],[167,134],[69,-78],[192,13],[48,255]],[[1345930,3536738],[378,20],[241,117],[578,993],[215,112],[759,-41],[47,175],[303,165],[12,420],[439,16],[293,558],[497,345],[529,624],[568,-69],[217,85],[4,194],[-540,247],[-203,551],[-255,199],[14,344],[-383,131],[-591,689],[-382,146],[-65,191],[-837,-12],[-54,-109],[-77,7],[-69,321],[-587,91],[-68,116],[-95,-21],[-136,101],[54,116],[-71,166],[-545,110],[-246,130],[-19,204],[-355,2],[-354,283],[-115,-40],[-125,135],[26,192],[-525,518],[-253,497],[-135,149],[-253,100],[-85,182],[-474,103],[-281,-34],[-316,-346],[-293,45],[-164,197],[-141,483],[-281,449],[-316,207],[-563,656],[-653,806],[14,162],[-660,426],[-657,-35],[-188,150],[-176,365],[-176,81],[-13,173],[-190,158],[8,89],[-229,-15],[-55,239],[-360,160],[-152,265],[28,123],[-302,159],[-127,178],[-775,226],[-166,236],[-64,354],[-319,201],[-97,218],[31,586],[-687,675],[199,407],[268,167],[-129,217],[208,273],[-9,310],[-187,-40],[-200,152],[-196,-15],[-152,284],[-323,97],[-271,527],[-182,76],[-31,141],[-274,229],[-38,134],[-476,25],[-253,-386],[-294,-211],[-165,-2],[-376,-184],[-411,-452],[-406,28],[-172,97],[-100,-46],[-89,103],[-216,12],[-67,136],[-157,21],[-454,490],[333,100],[421,467],[353,39],[106,323],[212,155],[438,33],[187,687],[516,237],[9,116],[142,52],[3,165],[105,93],[-34,432],[-115,235],[120,194],[-19,620],[-136,188],[-229,78],[-226,370],[37,452],[-108,122],[-736,208],[115,123],[59,258],[120,86],[156,-20],[-79,126],[96,293],[-320,228],[39,416],[-63,240],[-168,74],[-88,153],[-66,877],[-134,238],[265,209],[299,-18],[389,476],[-218,899],[74,211],[95,40],[107,648],[224,541],[-248,144],[-79,180],[-303,18],[-153,92],[-172,512],[225,41],[181,204],[234,-6],[40,238],[141,133],[2,257],[595,159],[134,175],[874,302],[399,-73],[44,183],[-55,642],[-81,136],[63,183],[-56,244],[55,257],[343,467],[-3,595],[-93,335],[173,211],[39,299],[89,59],[-15,605],[125,170],[-173,348],[-303,295],[-124,305],[-13,379],[-206,251],[31,145],[-117,24],[-213,276],[-347,152],[-270,830],[-561,617],[-93,694],[211,191],[-78,165],[41,147],[-162,178],[-145,39],[-153,487],[-249,293],[13,524],[-563,451],[-41,356],[-252,420],[-443,83],[-110,116],[-84,377],[46,217],[-210,565],[27,173],[-165,563],[179,539],[-75,227],[14,410],[-129,103],[-3,152],[-402,628],[106,577],[489,418],[273,602],[314,-12],[569,-413],[203,9],[79,107],[175,65],[63,-66],[160,112],[-135,506],[90,79],[-19,416],[-455,344],[-91,323],[-205,158],[-116,252],[-286,187],[-179,-17],[-287,323],[-126,1],[-221,189],[-1266,324],[-534,348],[-159,209],[-154,-29],[-523,192],[-179,324],[-541,124],[-592,497],[-331,40],[-113,89],[-1045,50],[-124,254],[103,112],[29,245],[-40,156],[-203,199],[48,241],[127,149],[-332,148],[-101,195],[-445,102],[-620,471],[10,90],[250,65],[136,-63],[364,99],[122,136],[3,310],[116,151],[141,5],[202,365],[290,-103],[584,22],[267,224],[2,204],[-111,171],[154,279],[-70,575],[212,263],[-75,627],[-81,51],[78,735],[-173,116],[34,136],[89,-16],[127,160],[78,348],[-73,511],[-278,437],[-158,58],[33,834],[-238,119],[-96,136],[7,238],[-159,151],[0,165],[147,244],[-222,508],[29,266],[-332,126],[-31,343],[-465,59],[-401,-68],[-308,82],[-236,178],[-358,484],[-419,134],[-102,104],[6,255],[-173,189],[43,384],[107,153],[-14,494],[170,252],[-235,1165],[107,36],[91,269],[296,202],[-95,157],[-42,353],[-116,60],[-22,280],[-218,304],[10,213],[-96,116],[83,270],[-353,513],[-699,171],[-434,18],[-391,-338],[-454,-24],[-255,92],[-646,526],[-356,65],[-201,132],[-289,547],[-535,172],[-85,116],[-583,142],[-220,-55],[-129,-198],[-140,25],[-130,144],[26,185],[-124,130],[76,133],[13,389],[-110,776],[184,149],[0,151],[-179,538],[273,372],[-176,426],[36,101],[-234,154],[-304,430],[-227,170],[-112,310],[-284,245],[24,183],[-93,123],[-467,108],[-256,346],[-95,13],[6,280],[-238,405],[-113,444],[-120,60],[22,497],[-356,483],[-3,210],[127,268],[-128,209],[243,85],[71,269],[117,9],[-97,206],[38,442],[-119,130],[26,138],[312,43],[123,-136],[239,63],[104,-88],[210,17],[52,179],[139,19],[9,137],[174,237],[47,352],[-121,24],[-37,334],[-132,132],[-183,22],[-14,159],[-120,30],[48,371],[-83,73],[-135,-24],[-26,182],[-115,93],[-342,20],[-263,470],[-283,142],[-507,-35],[-335,119],[2,293],[-235,317],[59,128],[-110,168],[-15,428],[-219,213],[-48,216],[-285,294],[-320,71],[-201,164],[-515,124],[-32,402],[-171,184],[-28,177],[-304,128],[229,417],[175,72],[22,556],[131,52],[49,223],[134,52],[78,154],[190,44]],[[1310882,3629702],[95,245],[-104,288],[-139,111],[49,253],[-231,134],[-118,222],[-347,43],[-630,-107],[-68,225],[-143,87],[-7,186],[-695,109],[-328,-334],[8,-283],[-271,-17],[-150,-169],[-32,-215],[-211,-182],[8,-676],[-70,-250],[-106,-154],[-114,-26],[-50,-166],[-257,-22],[-82,-110],[238,-657],[-257,-116],[-47,-182],[-110,-81],[-133,22],[-192,-105],[-484,327],[-97,148],[-720,368],[-341,88],[-60,135],[-729,-239],[-342,217],[-562,160],[-133,-99],[-335,-4],[11,-214],[-239,-124],[-686,161],[-224,127],[-589,-228],[-192,10],[-325,234],[7,737],[185,88],[73,141],[-17,198],[85,88],[-36,231],[194,359],[-24,240],[-585,75],[-74,280],[-303,105],[-785,583],[-193,353],[-361,277],[17,553],[-117,139],[88,237],[-211,57],[-366,341],[-303,94],[-208,260],[-758,309],[-253,327],[-286,66],[-344,189],[-111,144],[14,99],[-245,282],[-40,457],[-85,142],[82,697],[-108,101],[-7,204],[-110,196],[-391,391],[-47,161],[30,544],[-56,213],[-156,154],[62,889],[-78,412],[-149,141],[4,183],[-282,125],[-131,611],[198,400],[-46,636],[60,182],[232,230],[-6,361],[195,353],[23,199],[-186,153],[195,661],[119,131],[0,417],[218,434],[464,241],[-103,120],[382,425],[-1,484],[-265,563],[123,462],[-60,267],[159,114],[49,226],[-73,201],[95,202],[-173,605],[154,238],[-37,330],[254,426],[13,260],[128,173],[581,371],[42,328],[-280,81],[-141,216],[45,438],[-195,188],[121,257],[-52,234],[-133,195],[-103,-24],[-81,179],[112,145],[-388,303],[-214,438],[-244,149],[-309,-58],[-174,147],[-27,155],[-226,29],[-157,173],[-667,208],[-343,276],[-3,179],[-157,166],[56,407],[-100,123],[-22,269],[-282,394],[-159,1141],[-143,226],[-27,270],[-278,229],[-1,138],[268,400],[74,294],[186,38],[322,318],[14,228],[90,49],[-44,192],[78,273],[551,766],[25,200],[250,52],[107,345],[2,167],[-401,451],[-12,333],[-116,58],[-1,268],[108,190],[-32,208],[-244,341],[-5,247],[-92,29],[-93,201],[-133,47],[-77,237],[143,208],[-40,326],[-210,105],[110,150],[-16,141],[-637,555],[-105,11],[-64,296],[-148,222],[-505,111],[-250,234],[-114,-27],[-513,330],[-284,67],[-263,212],[-361,-17],[-201,278],[14,281],[-159,224],[-109,6],[-407,578],[-294,225],[-49,187],[-202,108],[-316,526],[-137,66],[45,111],[-103,352],[-353,794],[-17,387],[-348,354],[-108,409],[-299,233],[-124,379],[-553,355],[-759,897],[-176,422],[14,1638],[-164,677],[-1019,994],[-337,562],[-311,887],[-394,477],[-479,321],[-3,353],[228,298],[-17,339],[-451,307],[-379,477],[-222,619],[-11,496],[-395,321],[-27,144],[-433,60],[-499,219],[-438,549],[40,503],[166,53],[13,396],[-108,145],[4,229],[240,465],[409,323],[76,160],[-60,295],[-160,122],[40,146],[-123,173],[-208,103],[-205,-26],[-235,129],[-769,-85],[-381,152],[-582,-134],[-471,-9],[-197,233],[-341,145],[-165,-106],[-262,51],[-432,-143],[-127,88],[-127,-61],[-86,152],[-125,9],[-85,-19],[-55,-146],[-468,-82],[-148,-98],[-347,-68],[-228,103],[-112,-121],[-699,-111],[-93,-244],[-239,-205],[-511,39],[-626,-316],[-99,-147],[-624,84],[-26,-166],[-695,-165],[-177,-174],[-452,-96],[-282,-254],[-454,24],[-220,125],[-698,46],[-94,105],[-140,-51],[-748,162],[-157,214],[-308,-57],[-108,201],[27,252],[-108,195],[-41,338],[134,93],[99,361],[375,632],[112,27],[-111,214],[-206,937],[-171,158],[40,983],[-94,328],[-189,34],[28,150],[-172,369],[32,284],[-155,22],[43,235],[178,204],[0,183],[235,253],[-91,116],[-62,-24],[-81,298],[-282,326],[41,483],[-116,86],[-36,251],[86,148],[-410,440],[-1,140],[-182,44],[-217,457],[-408,128],[-226,163],[-7,131],[-111,14],[-82,268],[-159,106],[14,244],[-188,157],[15,263],[175,255],[306,160],[465,87],[911,446],[447,-54],[101,176],[446,130],[30,108],[371,-1],[122,299],[242,255],[-13,148],[194,435],[261,203],[-11,271],[174,178],[-58,61],[13,313],[162,143],[26,192],[250,46],[-55,681],[282,87],[67,157],[75,655],[-47,168],[210,398],[-90,566],[-86,112],[324,695],[-111,125],[188,346],[-90,161],[-15,337],[190,113],[64,145],[-88,157],[200,200],[-114,319],[-522,278],[-58,174],[234,251],[102,248],[-127,173],[-29,591],[273,293],[-147,100],[-48,221],[-175,149],[61,172],[-39,247],[-164,142],[83,180],[-81,224],[44,207],[-102,76],[-32,347],[-110,122],[73,204],[237,114],[67,456],[108,180],[-45,100],[262,433],[225,206],[-22,163],[100,252],[635,-14],[580,-508],[313,-75],[65,-155],[472,-292],[-30,-147],[139,1],[223,-270],[636,2],[225,166],[143,345],[183,-12],[114,-112],[126,178],[-89,203],[148,278],[-57,363],[104,57],[-3,87],[432,52],[194,98],[31,112],[178,54],[38,113],[443,6],[69,203],[176,51],[191,334],[669,65],[216,-168],[346,-44],[328,153],[447,-199],[-11,-70],[398,73],[-112,460],[-421,285],[-88,224],[167,738],[-173,243],[-33,228],[73,252],[142,29],[-95,271],[175,245],[-147,126],[-269,24],[-71,103],[-27,529],[-191,63],[83,69],[12,172],[-116,-14],[-154,122],[-162,351],[-69,-54],[-176,50],[-270,328],[-598,169],[35,134],[-155,-37],[-209,227],[21,454],[134,121],[51,291],[152,144],[433,-49],[109,126],[184,-25],[194,143],[269,17],[136,-21],[192,-240],[553,-76],[87,-305],[251,77],[374,-351],[552,52],[157,-259],[421,-138],[205,15],[147,150],[90,-75],[222,32],[208,135],[258,-39],[71,63],[-9,161],[500,-23],[525,-523],[147,88],[351,-167],[114,67],[123,-76],[90,67],[325,-27],[97,183],[265,-63],[289,173],[90,-109],[105,16],[-181,475],[138,313],[-705,321],[179,410],[-2,198],[-116,340],[54,236],[-159,120],[-68,480],[57,173],[-66,105],[-416,200],[-66,142],[-534,86],[-68,208],[-322,170],[-175,436],[76,134],[-37,147],[-187,78],[-10,105],[-127,48],[-383,454],[-74,249],[63,370],[-167,402],[-229,253],[-345,92],[-66,165],[51,96],[-147,157],[23,310],[-124,160],[61,355],[217,178],[-60,149],[66,243],[236,139],[185,6],[151,335],[399,227],[123,214],[-39,170],[-112,-1],[-144,148],[-68,302],[-132,137],[-216,844],[-253,359],[-7,683],[-150,304],[18,160],[-268,507],[-185,8],[-53,493],[-152,-31],[-195,95],[-243,253],[10,183],[-141,93],[-55,193],[-299,241],[28,360],[116,235],[-272,606],[127,565],[-63,412],[86,-22],[162,136],[17,129],[-114,39],[-31,101],[248,242],[-1,167],[128,28],[375,393],[322,12],[93,120],[232,16],[378,213],[45,226],[107,1],[11,169],[185,26],[84,92],[346,19],[40,117],[231,-173],[473,-12],[403,360],[958,96],[233,-78],[95,-194],[183,-89],[-42,-205],[350,-399],[744,-128],[54,-194],[235,-25],[81,-431],[313,-402],[117,-375],[180,95],[167,-63],[455,30],[555,287],[158,-278],[254,-132],[-39,-175],[66,-69],[131,50],[109,-245],[429,-103],[367,35],[380,-618],[163,4],[281,-323],[284,-70],[303,180],[108,194],[385,115],[518,292],[244,296],[519,68],[-393,457],[-159,36],[-19,314],[-225,146],[35,469],[-148,123],[-82,178],[62,171],[-86,32],[135,410],[-123,128],[-43,308],[-114,1],[-48,184],[-182,103],[-82,626],[-92,53],[74,527],[-163,953],[100,227],[-147,545],[318,139],[35,501],[352,424],[250,50],[316,198],[588,124],[3,662],[80,225],[-179,368],[-175,117],[-221,28],[-343,-136],[-222,174],[51,177],[-258,305],[26,114],[-309,175],[197,345],[-16,96],[-186,24],[-454,381],[389,-110],[55,212],[152,62],[346,-290],[54,-294],[-210,-365],[21,-166],[305,132],[211,-387],[113,-67],[182,61],[384,-63],[312,97],[77,345],[345,353],[532,-208],[120,0],[239,201],[148,-96],[66,-328],[-120,-145],[63,-164],[-85,-72],[84,-85],[-409,-51],[6,-515],[99,-149],[-236,-130],[-28,-189],[113,-109],[-134,-239],[-175,-92],[44,-920],[95,-397],[-305,-448],[-188,-144],[-101,229],[-179,-21],[-223,279],[-312,-92],[-121,-141],[27,-219],[-157,-203],[-26,-189],[-82,9],[-5,-109],[-75,-23],[212,-979],[299,-239],[353,3],[176,125],[-33,169],[61,96],[328,8],[601,392],[562,-97],[253,91],[48,-53],[3,153],[24,-78],[80,23],[2,-123],[227,167],[237,-255],[-66,-134],[65,-103],[-88,-3],[138,-116],[71,-298],[650,-330],[914,-1036],[497,-334],[144,-507],[149,32],[-32,-159],[95,-150],[350,-179],[-49,-225],[51,-192],[-78,-223],[-412,-656],[29,-398],[-127,-387],[12,-109],[151,-81],[-2,-106],[-231,-522],[41,-312],[348,-664],[489,-570],[539,-342],[-95,-404],[90,-508],[-118,-326],[213,-243],[51,144],[416,121],[129,-143],[-5,-122],[213,-38],[400,-393],[433,-160],[540,0],[202,-271],[692,-44],[112,-55],[191,-492],[68,149],[275,155],[276,-105],[219,72],[11,193],[90,22],[119,205],[-29,-282],[62,-33],[51,320],[79,33],[56,210],[112,17],[-39,-293],[118,-663],[-51,-121],[-506,-569],[-309,-105],[-51,-232],[551,-210],[-50,-243],[202,44],[748,-520],[315,-983],[141,-1447],[382,-835],[709,-348],[292,17],[-22,-238],[314,-88],[17,-254],[118,-44],[113,88],[697,-409],[203,44],[202,-306],[118,-423],[130,-16],[-6,160],[112,149],[180,-6],[152,-204],[101,-342],[-174,-724],[225,-735],[186,-331],[298,-249],[583,-159],[-67,-171],[89,-22],[280,337],[453,83],[159,-166],[168,-528],[886,-487],[348,-746],[696,-611],[158,-352],[137,93],[-95,-238],[95,-197],[-53,-135],[63,-114],[-63,-103],[42,-373],[317,-156],[537,156],[85,279],[-127,425],[253,104],[412,-31],[316,-145],[-95,-83],[-148,31],[-105,-238],[126,-425],[74,-135],[499,-35],[114,-94],[492,-985],[-107,-339],[96,-21],[-32,-375],[-64,-208],[-95,-41],[-54,-293],[300,-95],[325,-492],[211,198],[193,-95],[501,-535],[334,-405],[70,-423],[694,-1105],[97,-958],[290,-639],[44,-337],[-149,-392],[-372,-323],[32,-198],[278,-209],[88,-164],[-68,-96],[-134,-16],[-302,-567],[-32,-521],[264,-855],[219,-328],[791,-397],[360,-95],[-205,-1011],[181,-198],[305,53],[176,-61],[317,-371],[87,-242],[-416,-701],[-149,-532],[469,-947],[96,-292],[-21,-218],[-418,221],[-316,-129],[-360,-371],[-261,-1198],[-348,-456],[-120,-428],[-6,-399],[120,-399],[211,-408],[676,-700],[2223,-1476],[3022,-1615],[220,61],[264,-639],[-69,-519],[-127,-250],[64,-520],[457,-420],[-71,-173],[36,-181],[249,-257],[-10,-104],[-362,-157],[61,-181],[382,-359],[101,-246],[53,-215],[-107,-227],[181,-271],[-74,-437],[191,-136],[65,-385],[106,-135],[1321,-791],[2044,-1031],[7210,-4392],[4951,-2621],[446,-71],[378,-190],[510,-328],[573,-516],[543,-156],[553,0],[448,-104],[2789,-832],[1097,-219],[692,-21],[787,188],[416,208],[-75,209],[0,510],[330,188],[170,-229],[64,-542],[320,-281],[-96,-344],[-277,-31],[-127,-167],[32,-239],[308,-375],[501,-906],[138,-73],[362,52],[277,-323],[181,-427],[203,-10],[212,-135],[-42,-115],[-107,0],[0,-114],[422,-337],[-6,-424],[160,-166],[212,0],[149,239],[171,63],[394,-104],[149,-156],[213,156],[53,219],[266,-52],[224,-792],[298,-291],[841,-261],[298,-31],[341,94],[117,-167],[1086,-291],[245,0],[287,323],[202,41],[160,-52],[160,-229],[-22,-583],[331,-531],[266,-94],[138,104],[234,-20],[117,146],[267,-32],[223,-520],[266,-167],[-10,-625],[117,-219],[53,-489],[192,-354],[-224,-458],[89,-1020],[135,-397],[320,-385],[266,-156],[21,-292],[192,-125],[766,-145],[96,-157],[-21,-302],[287,-364],[-10,-375],[298,-167],[106,-177],[458,-218],[532,-94],[288,0],[191,229],[75,-10],[159,-396],[139,-937],[96,-167],[394,-219],[149,0],[-107,-239],[224,-229],[159,-354],[-340,-42],[-234,114],[-54,292],[-202,94],[-223,-73],[-565,-417],[-170,-718],[-426,20],[-85,-166],[0,-458],[181,-802],[1086,-1094],[187,-392],[838,-601],[533,-181],[100,-336],[289,-216],[-84,-119],[2,-250],[-116,-114],[105,-418],[179,-320],[501,-427],[117,-312],[830,-729],[937,-344],[244,-16],[509,-494],[348,-535],[298,-163],[67,-535],[149,-324],[-66,-941],[912,-1666],[321,-340],[325,-606],[332,-308],[116,-454],[398,-195],[535,-80],[973,-536],[959,-154],[326,-268],[215,-498],[23,-522],[192,-299],[-11,-100],[-136,-66],[11,-255],[-79,-56],[-125,23],[-45,99],[-193,11],[-371,-462]],[[1375862,3641540],[-128,-302],[-32,-385],[117,-281],[969,-932],[884,-698],[-68,-133],[-396,167],[-238,-144],[-91,-178],[-79,-643],[123,-471],[956,-926],[706,-522],[817,-430],[293,-235],[86,-245],[35,-598],[-130,-269],[35,-245],[1300,-859],[964,-362],[585,-337],[224,-421],[-74,-452],[54,-172],[365,-132],[393,-544],[-13,-424],[-95,-212],[54,-238],[203,-106],[650,13],[299,-388],[-70,-237],[32,-218],[522,-365],[830,-364],[-43,-323],[-447,-188],[-127,-427],[425,-591],[666,-434],[58,-131],[-32,-166],[-149,-167],[42,-167],[352,-583],[241,-167],[190,-345],[-193,-150],[-11,-125],[150,-547],[433,-145],[135,-358],[488,-186],[42,-335],[116,-128],[1341,-271],[2564,-272],[1169,-61],[2448,83],[3522,458],[2107,93],[1121,403],[1124,201],[812,-17],[316,155]],[[1647041,2970025],[-235,-517],[-690,-650],[-431,-169],[-604,-819],[-29,-2260],[173,-932],[201,-254],[172,-678],[-86,-395],[-575,-1045],[-431,-452],[-287,-102],[-1265,-1271],[-29,-254],[287,-424],[58,-762],[230,-452],[0,-621],[-460,-848],[-259,-1694],[-259,-113],[-718,-1074],[0,-112],[345,-170],[1207,-1853],[173,-734],[-259,-1130],[-403,-762],[-517,-311],[-518,-170],[-661,-1016],[-666,-53],[-187,-185],[-268,-716],[-408,-502],[-233,-716],[-511,-745],[58,-1146],[-72,-230],[-292,-143],[-1006,-244],[-635,58],[-1881,-29],[-219,-158],[-481,-71],[-204,-272],[-172,-87],[-660,15],[-466,-387],[-467,-100],[-598,-530],[-481,-86],[-307,71],[-1013,15],[-525,-144],[-511,-300],[-306,0],[-671,-283],[-525,15],[-1699,415],[-685,-57],[-394,-258],[-321,-358],[-335,-702],[-29,-602],[-482,-358],[-393,-538],[-365,-1561],[-58,-831],[-263,-344],[-219,-788],[-277,-530],[-160,-129],[-890,28],[-62,-114],[150,-230],[131,-845],[15,-1367],[-453,-774],[59,-558],[262,-445],[44,-401],[-131,-258],[-832,-888],[-320,-716],[-1182,14],[-1174,358],[-175,158],[-510,960],[-584,544],[-379,15],[-481,-258],[-335,-43],[-555,-430],[-495,14],[-248,129],[-1087,272],[-437,659],[-1065,574],[-554,-72],[-234,-158],[-525,-644],[-233,-144],[-292,-659],[-87,-702],[-190,-297],[-379,-243],[-729,-115],[-511,-301],[-233,-372],[-58,-315],[-248,-273],[-452,-300],[-73,-273],[-277,-172],[-832,29],[-145,-100],[-132,-444],[-189,-215],[-554,-43],[-540,272],[-452,29],[-204,-86],[-263,-373],[-525,-301],[-219,-358],[-284,-845],[-613,-445],[-320,-1060],[-926,-885],[-540,-688],[-481,-330],[-263,-458],[-729,-311],[-1185,-56],[-506,-260],[-603,-129],[-401,26],[-450,267],[-264,8],[-108,-300],[-248,-229],[-484,-238],[-582,4],[-433,-514],[-577,-210],[-379,-289],[-227,-404],[59,-371],[-237,-200],[-84,-186],[60,-260],[190,-172],[-47,-78],[-609,-204],[-245,75],[-203,244],[-205,111],[-324,-29],[-152,-148],[-117,-796],[-607,-659],[110,-350],[-47,-239],[-699,-433],[-214,-303],[-71,-709],[100,-282],[257,-265],[-27,-279],[-806,-391],[-429,-566],[-459,-223],[-57,-433],[-212,-277],[98,-338],[-102,-298],[-1097,-763],[-136,-293],[-3,-405],[-330,-294],[-135,-418],[-149,-84],[-226,4],[-149,-195],[-245,-47],[-78,-177],[30,-294],[-120,-197],[115,-148],[445,-228],[460,8],[442,-220],[805,-20],[394,-160],[289,-388],[46,-383],[-395,-473],[220,-394],[-64,-154],[-302,-91],[-75,-171],[57,-514],[-88,-511],[244,-168],[98,-708],[-250,-330],[-389,-63],[-313,-330],[-24,-297],[-517,-496],[-168,6],[-157,-97],[-238,-644],[-383,-80],[-728,197],[-240,-104],[-274,-753],[-255,-222],[-314,-491],[-371,-205],[11,-154],[122,-85],[429,10],[168,-125],[69,-309],[-76,-205],[399,-942],[212,-1261],[-148,1],[121,-59],[-704,-1384],[-211,-879],[249,-389],[281,-112],[892,84],[1025,-451],[431,-258],[83,-211],[1,-146],[-544,-214],[-247,-342],[-177,-976],[-315,130],[-664,-102]],[[1583077,2888576],[-67,433],[-262,378],[-251,20],[-398,185],[-586,679],[-335,268],[-653,1406],[-980,1344],[-1152,534],[-984,0],[-251,-82],[-796,-699],[-335,-638],[-126,-679],[-20,-946],[-210,-205],[-440,-124],[-335,-473],[-41,-782],[104,-658],[272,-658],[524,-699],[-230,-412],[-482,-267],[-461,-473],[-942,-124],[-1319,41],[-188,-102],[-314,-453],[-524,-247],[-523,-20],[-869,-638],[-440,21],[-293,123],[-628,-21],[-314,-123],[-440,103],[-146,-62],[-335,-432],[-230,-144],[-189,-62],[-523,62],[-984,-514],[-21,-165],[-461,-617],[-63,-444],[42,-309],[628,-699],[0,-206],[-84,-288],[-376,-246],[-168,-206],[0,-1152],[-42,-288],[-188,-288],[-733,-103],[-251,-206],[-524,-102],[-649,-247],[-272,-268],[-900,-102],[-230,123],[-189,350],[-1089,864],[-167,267],[-147,555],[-544,432],[-440,185],[-858,62],[-503,-226],[-209,-473],[-712,-988],[-188,-144],[-377,-144],[-230,-185],[-629,0],[-188,124],[-579,-107]],[[1554040,2878195],[-761,-222],[-502,-391],[-1058,103],[-314,-62],[-1047,-391],[-481,-370],[-419,-144],[-1319,0],[-293,62],[-1173,884],[-984,268],[-481,20],[-377,206],[-126,185],[-209,1152],[-335,164],[-63,247],[-251,165],[-880,82],[-2282,-62],[-481,-61],[-796,-247],[-460,-329],[-294,-62],[-523,-535],[-1403,-1008],[-272,-349],[-301,-907],[-63,-448],[-311,-156],[-228,-563],[-333,-154],[-71,-323],[-261,-314],[-181,-614],[-178,-196],[-501,-279],[-804,-1357],[-496,-527],[-725,-1133],[-402,-24],[-908,206],[-487,-204],[-157,7],[-862,688],[-24,111],[93,94],[-61,140],[-195,-213],[-188,-47],[-251,195],[76,-530],[-66,-453],[-97,-69],[-95,85],[-300,-250],[-162,323],[-131,-72],[2,-191],[227,-203],[-205,-325],[287,-184],[38,-123],[-391,116],[-132,-29],[-93,-99],[42,-210],[-60,-76],[-342,339],[-92,-16],[-231,-307],[-330,209],[-365,2],[-187,-400],[-352,-199],[6,-165],[282,-49],[-69,-328],[49,-119],[310,-70],[16,-96],[-109,-90],[-547,89],[-303,183],[-126,-471],[-162,-90],[-353,-27],[-227,368],[-173,136],[-106,-268],[-125,-34],[-108,130],[-22,316],[-85,118],[-1120,216],[-23,-104],[330,-174],[-41,-161],[-220,-233],[-484,-11],[-274,-630],[-210,-104],[-892,87],[-56,220],[-331,348],[67,218],[-50,97],[-639,-81],[-161,69],[-59,310],[410,680],[-87,124],[-316,-145],[-298,25],[-111,-394],[-268,125],[-335,497],[-388,360],[6,174],[257,551],[-29,94],[-665,-278],[-101,-431],[-116,116],[-82,346],[-295,-72],[-241,178],[-122,4],[-1075,-661],[-239,-296],[26,-135],[303,-346],[-213,-195],[-190,-764],[-272,-416],[34,-703],[-527,-849],[-84,-489],[-1696,201],[-137,124],[-156,359],[-510,149],[-403,-108],[63,-632],[-179,-222],[-268,75],[-255,510],[-188,93],[-327,-108],[180,-646],[-51,-174],[-148,25],[-147,540],[-177,-51],[-76,-264],[90,-229],[32,-533],[-345,-4],[-465,-571],[117,-368],[-175,-276],[19,-397],[-148,-165],[257,-165],[-170,-406],[164,-132],[-67,-337],[183,-146],[-156,-265],[-336,-67],[-236,-323],[-185,565],[-534,-19],[-226,-214],[-291,-79],[-437,37],[-30,104],[-548,128],[-268,196],[-675,-845],[-351,-113],[-519,-569],[-464,-79],[-233,-135],[-253,17],[-129,-260],[-434,-81],[-359,-259],[-30,-219],[-469,-37],[-603,-319],[-371,51],[-547,411],[-40,131],[213,309],[448,238],[149,170],[112,479],[-116,465],[-788,931],[-721,507],[-587,529],[-710,884],[-200,483],[-274,1561],[-148,324],[-483,330],[-696,242],[-1194,106],[-611,-27],[-781,158],[-456,248],[-241,452]],[[1493778,2867808],[-80,637],[145,584],[766,889],[621,1026],[1076,2940],[354,548],[369,326],[1066,1383],[296,282],[-76,1002],[-1400,37],[-204,154],[-2622,719],[-1395,7],[-821,-274],[-868,-586],[-1162,-411],[-465,-434],[-85,-335],[79,-760],[506,-1028],[156,-543],[-169,-186],[-455,-170],[-899,257],[-2855,1458],[-1486,1116],[-292,394],[-242,175],[-1285,525],[-1018,-75],[-1939,-507],[-1222,-643],[-547,-154],[-369,-12],[-249,162],[-72,524],[-148,329],[-258,268],[-402,208],[-377,22],[-2466,-589],[-961,58],[-976,249],[-557,-83],[-1119,124],[-385,185],[-259,260],[-298,1160],[-174,127],[-242,-47],[-576,-466],[-425,-130],[-1524,53],[-184,-51],[-1262,-704],[-78,-225],[28,-355],[-588,-365],[-526,306],[-893,98],[-502,178],[-359,-30],[-341,86],[-345,-187],[-1688,554],[-781,-93],[-740,-381],[-717,210],[-152,-430],[-505,-842],[-194,-256],[-305,-214],[-309,-132],[-301,-16],[-214,78],[-543,436],[-254,66],[-579,-436],[-804,-241],[-408,-214],[-36,-90],[198,-490],[-79,-561],[83,-257],[-182,-245],[-583,-439],[-394,-802],[0,-156],[408,-506],[-439,-971],[-495,6],[-223,-132],[-590,142],[-277,-454],[-246,-53],[-175,-162],[-253,53],[-489,-56],[-261,266],[-218,-277],[-299,193],[-288,-356],[-378,239],[-574,138],[-866,-313],[-191,379],[-582,351],[-220,334],[-337,92],[-395,348],[-117,193],[67,641],[-480,653],[23,510],[-248,270],[-958,-83],[-381,146],[-333,248],[-434,-121],[-369,3],[-249,615],[-234,170],[-222,43],[-164,371],[-495,446],[-319,153],[-618,66],[-196,-584],[-293,-199],[-337,-31],[-958,385],[-5,317],[-212,336],[-816,38],[-416,169],[-1393,-118],[-572,-291],[-526,-545],[-169,-67],[-212,0],[-267,118],[-162,219],[-776,414],[-324,322],[-249,130],[-700,-112],[-196,-364],[-1345,-143],[-168,-853],[-235,-83],[-746,-22],[-72,-622],[-197,-512],[-1036,-331],[-314,-539],[-594,-452],[-275,-517],[-1047,-250],[-306,194],[-683,249],[-393,440],[-274,63],[-354,-44],[-602,-294],[-671,-489],[-78,-135],[71,-451],[-490,-714],[-159,-112],[-448,21],[-907,204],[-850,4],[-219,127],[-214,353],[-738,157],[-447,412],[-1073,680],[-680,-14]],[[1414009,2872412],[-733,497],[-213,448],[-43,873],[124,1223],[-41,1698],[-141,681],[53,1100],[-162,564],[9,748],[-184,502],[-59,1272],[427,432],[431,224],[31,809],[-62,340],[-605,12],[-400,126],[-561,359],[-375,370],[-3,359],[-468,696],[-698,303],[-584,417],[-81,404],[84,607],[-340,248],[-287,463],[-468,77],[-673,-166],[-531,83],[-602,-328],[-109,107],[-50,325],[-221,236],[-521,62],[-78,82],[-150,564],[-87,71],[-1058,214],[-1851,651],[-134,179],[-136,611],[-474,413],[-363,20],[-957,-353],[-252,46],[-507,740],[-115,452],[-181,317],[136,425],[-42,129],[-255,227],[-42,531],[150,330],[-24,266],[-341,497],[-580,72],[-1149,480],[-163,627],[-260,495],[-21,433],[-175,747],[-45,1308],[307,564],[50,1008],[396,673],[71,818],[-992,1198],[118,371],[-186,417],[-1127,657],[11,379],[-129,425],[239,492],[-115,994],[-183,475],[42,337],[464,149],[70,127],[-219,1172],[-208,1895],[-175,483],[-11,384],[737,1130],[658,563],[-40,1368],[-295,795],[-121,119],[-230,105],[-627,-6],[-720,462],[22,563],[-154,671],[84,406],[-450,271],[-78,158],[22,284],[270,605],[-700,2110],[132,263],[697,710],[96,364],[-127,614],[-379,320],[-76,321],[-554,464],[301,569],[-335,555],[352,497],[115,472],[-276,351],[-303,-77],[-199,46],[-521,531],[73,597],[-346,304],[-138,456],[-674,836],[-222,572],[-183,826],[-248,486],[175,290],[45,368],[-118,381],[-259,420],[17,1119],[-155,715],[-457,179],[-214,212],[-54,639],[-256,1142],[287,575],[-116,508],[29,351],[331,690],[-101,813],[16,466],[125,391],[-165,611],[-191,336],[231,170],[24,173],[-99,307],[-192,169],[-851,491],[-64,658],[-571,633],[-11,266],[397,600],[21,335],[-165,394],[-423,397],[503,377],[73,159],[-141,360],[-59,455],[-134,247],[-159,118],[303,485],[-151,450],[5,1152],[-188,372],[-80,369],[-947,261],[-609,-49],[-610,665],[-431,180],[-444,495],[-498,145],[-164,570],[-649,663],[-679,51],[-66,-86],[56,-291],[-65,-136],[-1034,-235],[-365,655],[-400,176],[-321,-42],[-355,654],[-376,415],[89,262],[-140,613],[-249,147],[-132,258],[-476,165],[-232,247],[-516,873],[-283,217],[-285,-112],[-461,-33],[-324,119],[-1003,-73],[-411,-153],[-1010,-1030],[-388,-172],[10,-311],[-165,-385],[-501,-283],[-90,-181],[-151,-812],[-538,83],[-118,84],[-307,742],[33,223],[-128,394],[232,362],[-125,822],[82,1442],[-452,236],[-569,675],[-1004,952],[-576,289],[-481,427],[-247,352],[-229,1229],[-12,842],[-176,859],[-59,1143],[71,888],[-59,346],[-553,763],[-1233,2809],[-824,491],[-814,281],[-1000,482],[-172,150],[-147,599],[-110,1174],[67,440],[-410,393],[434,1071],[-443,501],[-177,856],[-285,650],[-1048,679],[-1314,234],[-1334,341],[-471,253],[-1261,373]],[[1357561,2979576],[723,105],[188,126],[133,201],[322,1074],[207,359],[582,596],[522,799],[55,399],[-109,418],[182,202],[971,537],[497,423],[134,250],[0,513],[-587,1766],[-122,1663],[-462,1149],[-57,1901],[166,579],[712,1231],[-16,1392],[164,725],[170,240],[545,651],[240,139],[276,70],[1415,50],[754,450],[551,210],[1103,114],[1307,524],[135,239],[195,1089],[18,2621],[518,909],[103,376],[236,1377],[-73,815],[550,676],[56,226],[993,-543],[181,72],[438,431],[486,186],[271,278],[761,-232],[1071,-173],[898,-102],[284,89],[271,372],[507,241],[192,581],[24,761],[381,535],[294,69],[693,-381],[279,-25],[207,71],[685,1374],[1034,1757],[214,182],[807,239],[625,413],[65,545],[347,287],[249,428],[61,221],[-32,539],[138,131],[0,151],[-303,754],[-225,290],[-209,102],[183,268],[-92,322],[-381,346],[572,290],[198,487],[288,362],[-18,210],[255,469],[-34,262],[152,367],[-136,274],[362,172],[751,974],[111,357],[46,496],[-556,165],[-251,390],[-117,375],[-169,182],[-73,407],[843,720],[-168,509],[-173,249],[114,438],[-20,463],[511,1226],[18,533],[175,607],[-423,805],[-23,444],[-279,842],[-446,473],[43,427],[-368,898],[-152,14],[-489,-318],[-357,-66],[-239,-263],[-239,-124],[-998,-127],[-265,99],[-832,857],[-346,188],[-438,66],[-335,-113],[-337,-293],[-422,-1006],[-470,9],[-157,110],[-211,782],[-11,447],[56,412],[239,351],[34,547],[185,366],[60,819],[-121,579],[23,370],[118,401],[310,589],[453,458],[621,443],[389,779],[992,461],[-5,222],[-168,451],[98,1033],[356,948],[413,725],[548,596],[463,267],[481,682],[592,595],[544,989],[943,970],[216,527],[503,638],[814,396],[306,-17],[369,214],[390,51],[17,221],[-464,349],[-59,266],[-172,231],[105,781],[-102,407],[105,87],[580,24],[218,355],[211,180],[309,539],[-112,1070],[200,425],[471,338],[169,287],[474,155],[211,290],[289,173],[583,-59],[629,183],[703,-269],[727,-107],[169,-342],[457,-276],[1469,-128],[482,-373],[204,-21],[421,-511],[222,-404],[541,-186],[95,-546],[692,-335],[777,-3],[724,-542],[172,-332],[109,-625],[271,-369],[-64,-304],[1023,-421],[362,-473],[584,-1109],[-109,-397],[457,-362],[333,-394],[819,-552],[331,-429],[239,66],[752,-7],[720,159],[271,-356],[365,-165],[1916,-342],[112,-239],[81,-600],[1185,-843],[468,-509],[314,-553],[877,-146],[467,7],[474,148],[338,214],[154,4],[1301,-1036],[21,-100],[-204,-256],[14,-204],[605,-825],[520,-202],[56,-116],[-369,-252],[-70,-690],[1061,-805],[158,-290],[517,11],[422,234],[284,-100],[123,52],[64,173],[232,-4],[411,228],[364,-204],[337,-76],[674,-382],[93,99],[29,561],[381,395],[269,31],[167,-376],[268,59],[332,-75],[276,-228],[196,332],[181,50],[87,351],[256,204],[516,-266],[370,-81],[163,70],[451,-377],[151,121],[196,25],[193,-372],[468,126],[272,-262],[148,-43],[217,-295],[214,137],[234,456],[313,-13],[255,-208],[154,-25],[393,294],[122,214],[234,-194],[149,-13],[223,205],[324,111],[509,14],[245,-168],[683,-181],[73,91],[34,463],[273,130],[600,21],[166,-61],[156,-403],[199,-163],[34,-394],[601,75],[450,429],[273,-113],[61,672],[316,244],[245,334],[812,361],[-3,129],[-166,208],[49,361],[-236,181],[3,199],[123,186],[251,148],[184,277],[460,-48],[337,412],[643,9],[107,355],[224,253],[693,160],[217,177],[212,419],[707,168],[83,286],[433,432],[35,431],[124,332],[161,27],[87,264],[264,176],[350,-38],[59,54],[44,786],[285,160],[563,-106],[278,183],[496,135],[226,344],[76,541],[167,127],[122,329],[244,0],[179,118],[427,16],[-16,487],[152,269],[352,25],[363,162],[953,-250],[269,-226],[104,-275],[147,-136],[540,63],[43,133],[-239,391],[-121,391],[-292,383],[92,134],[358,169],[235,382],[-246,413],[57,235],[439,196],[607,-25],[788,901],[637,124],[1404,554],[265,233],[52,279],[177,253],[473,255],[0,179],[-208,304],[174,429],[-168,566],[417,452],[17,171],[-90,191],[52,81],[247,183],[405,99],[-100,516],[338,143],[-375,404],[160,321],[-11,138],[-325,104],[-212,275],[28,349],[117,212],[-134,258],[36,209],[-159,63],[-67,118],[209,457],[283,140],[183,450],[187,180],[-3,195],[-396,492],[-107,467],[-388,408],[-76,343],[470,428],[711,431],[453,547],[118,279],[556,332],[124,270],[-204,169],[-288,459],[-116,366],[14,252],[598,653],[471,252],[207,449],[594,51],[49,208],[-176,500],[71,314],[509,166],[1223,787],[324,38],[583,-272],[95,-125],[-11,-984],[1009,-110],[155,117],[165,477],[896,491],[77,566],[160,320],[416,212],[101,-19],[1424,-1362],[450,-326],[505,35],[386,190],[609,58],[594,182]],[[1482950,3018433],[-43,-1814],[293,-524],[0,-431],[-144,-76],[-354,-11],[-474,259],[-458,-95],[-375,-263],[-203,-435],[13,-174],[-200,-144],[-793,-301],[-676,-470],[-532,-12],[-409,-222],[-123,28],[-398,459],[-577,475],[-695,47],[-185,-480],[93,-381],[-57,-182],[-400,-222],[-981,-61],[-238,-256],[-22,-147],[229,-156],[65,-239],[-50,-400],[-188,-351],[-685,-512],[-409,-42],[-367,-211],[-414,-118],[-224,-587],[-43,-685],[-342,-1294],[-585,-977],[-362,-302],[-1240,241],[-410,-4],[-266,-97],[-521,273],[-501,127],[-309,-493],[-146,-710],[-935,-241],[-349,-170],[-382,-679],[-564,-514],[-503,-130],[-680,-3],[-971,-131],[-550,-233],[-398,-369],[-888,-216],[-732,-104],[-2451,-48],[-719,-118],[-259,-189],[33,-334],[-300,-314],[-136,-43],[-277,85],[-439,-32],[-317,350],[-616,-229],[-143,59],[-110,196],[-426,-62],[-342,152],[-404,380],[-630,118],[-632,310],[-141,209],[-250,139],[-153,454],[-435,412],[-425,-27],[-762,187],[-152,396],[114,326],[3,302],[-279,69],[-280,-135],[-264,59],[-388,-72],[-284,712],[-482,124],[-323,300],[23,170],[-247,283],[-203,165],[-679,266],[-320,-208],[-317,34],[-413,-158],[-632,-699],[-60,-117],[39,-201],[-141,-238],[-404,-83],[-120,-276],[-348,-162],[-204,96],[-224,353],[-271,234],[-494,932],[-314,-68],[-34,-217],[-343,-303],[-743,87],[-101,-103],[-46,-493],[-304,182],[-329,-211],[-219,-336],[-9,-414],[-455,-585],[-434,-99],[-456,-920],[-131,-95],[-447,16],[-459,-356],[-477,62],[-569,-128],[-574,-286],[-270,-270],[-164,-37],[-992,270],[-497,385],[-536,153],[-80,245],[-467,187],[-88,190],[-204,134],[-478,-224],[-376,-48],[-225,86],[-246,431],[-127,-17],[-291,-238],[-559,290],[-327,5],[-325,-100],[-118,419],[-523,319],[-105,1023],[-118,212],[-369,208],[-401,38],[-247,194],[-431,116],[-356,434],[-297,-33],[-332,181],[-541,-166],[-257,25],[-357,129],[-441,445],[-332,157],[-491,-605],[-1011,73],[-150,833],[-322,416],[-754,-130],[-576,-322],[-951,153],[-370,259],[-68,525],[-213,228],[-135,326],[-1208,928],[-169,646],[-408,31],[-276,-151],[-340,-313],[-379,-563],[-324,312],[-199,721],[-180,44],[-304,-182],[-401,-31],[292,-796],[-54,-1247],[-471,-1131],[-579,-449],[-65,-210],[102,-365],[-304,-228],[-422,-754],[-550,-283],[-424,6],[-121,-63],[111,-639],[-124,-307],[327,-377],[-317,-148],[-28,-265],[183,-314],[-374,-680],[-248,-14],[-334,-164],[-227,-488],[-305,-321],[-292,-53],[-609,86],[-691,-119],[-174,-98],[23,-250],[165,-133],[559,122],[466,4],[557,-311],[70,-340],[-94,-140],[-149,-33],[-467,269],[-248,-237],[-114,-231],[13,-401],[438,-929],[-40,-258],[-683,-752],[-192,-69],[-129,184],[-111,749],[-377,665],[-575,461],[-267,27],[-205,-71],[-118,-257],[175,-892],[7,-770],[-94,-454],[-295,-238],[-613,-32],[-135,-69],[53,-635],[-56,-304],[-253,-254],[-364,-202],[65,-161],[859,-844],[414,-64],[168,-180],[-862,-652],[-210,-304],[12,-246],[84,-54],[477,58],[375,-47],[249,109],[119,-44],[-160,-421],[145,-376],[-113,-173],[-323,-187],[-377,421],[-199,92],[-78,-59],[-178,-660],[-116,-46],[-438,79],[-186,-175],[-94,-245],[75,-173],[440,-143],[504,352],[162,-6],[97,-458],[-394,-398],[-111,-475],[96,-70],[603,85],[84,-113],[3,-349],[-207,-246],[-375,200],[-230,29],[-220,-511],[-516,-446],[-29,-258],[270,-525],[-62,-359],[-128,-191],[-208,-124],[-219,0],[-532,440],[-315,18],[-59,-290],[308,-449],[-17,-139],[-884,-584],[-509,-492],[-464,-93],[-115,-112],[105,-280],[318,170],[96,-21],[-5,-721],[-185,-146],[-728,-171],[-47,-277],[650,-850],[111,-7],[444,308],[163,-61],[-426,-568],[290,-165],[5,-198],[-209,-196],[-647,-246],[-4,-103],[128,-126],[-75,-526],[-398,-393],[41,-76],[419,-82],[-228,-1099],[113,-60],[394,68],[72,-212],[-373,-575],[-370,-237],[-163,-387],[-381,-96],[556,-776],[-41,-115],[-151,-85],[-475,27],[-289,-201],[69,-122],[335,-6],[230,-180],[15,-187],[-222,-446],[-425,405],[-164,-52],[-163,-247],[-5,-126],[166,-235],[-122,-271],[314,-568],[45,-276],[-99,-391],[-468,-1011],[-30,-362],[62,-52],[366,122],[544,347],[236,266],[90,279],[360,364],[102,1399],[321,149],[559,-61],[204,88],[122,684],[-77,896],[326,252],[283,571],[950,587],[325,520],[177,132],[398,-162],[-207,-476],[-44,-303],[268,-522],[584,-381],[853,17],[385,141],[642,-48],[82,-86],[20,-288],[430,-867],[171,-193],[381,-225],[922,93],[326,523],[256,246],[243,113],[291,-169],[154,-273],[309,-54],[952,132],[763,305],[1849,6],[-254,-386],[-215,-7],[-374,-225],[-366,-503],[-96,-802],[-292,-441],[65,-565],[293,-176],[231,-494],[148,-62],[1271,1159],[152,-162],[71,-640],[73,-101],[215,33],[362,255],[90,-121],[-35,-283],[122,-51],[500,424],[221,84],[101,-124],[24,-300],[-246,-312],[28,-129],[139,-58],[433,156],[79,-82],[-29,-239],[-498,-159],[194,-500],[641,-482],[474,435],[218,-28],[164,-138],[80,-291],[-36,-470],[-301,-410],[76,-155],[343,-293],[-10,-147],[-166,-47],[-316,91],[-674,769],[-112,-37],[-124,-196],[-63,-280],[422,-680],[43,-631],[134,-485],[195,16],[376,275],[115,-105],[110,-449],[160,7],[288,242],[94,-28],[-303,-881],[171,-145],[515,-179],[-158,-337],[28,-85],[564,-62],[132,-127],[-367,-516],[52,-343],[845,378],[187,303],[405,141],[39,145],[-234,939],[111,174],[348,86],[214,-51],[42,-85],[-156,-450],[10,-189],[136,-90],[473,115],[159,-350],[-618,-949],[-14,-314],[213,-220],[305,-83],[249,109],[-138,747],[250,329],[190,-22],[240,-325],[245,137],[288,479],[10,614],[156,-114],[167,-535],[200,-335],[609,-179],[-48,-232],[-430,-491],[161,-602],[-437,-439],[419,-500],[-20,-598],[-261,-76],[-910,261],[-94,-126],[-8,-344],[87,-330],[161,-134],[598,344],[360,-294],[187,-306],[506,91],[221,-728],[-280,-481],[28,-486],[-127,-72],[-90,64],[-163,469],[-303,260],[-189,30],[-627,-313],[-272,385],[-131,24],[-127,-54],[-76,-213],[142,-610],[-160,-65],[-401,93],[-73,-72],[44,-277],[-109,-52],[-101,189],[23,670],[-179,227],[-191,25],[-621,-275],[-214,47],[-132,134],[-32,280],[521,300],[-34,85],[-429,195],[-189,684],[-176,22],[-150,-262],[132,-686],[-980,-3],[-468,-186],[-415,-315],[28,-203],[521,-780],[210,-90],[243,24],[68,-129],[-403,-277],[-44,-507],[-358,312],[-228,84],[-440,-80],[-174,-151],[-23,-129],[197,-94],[117,-281],[327,-294],[-46,-139],[-301,-150],[-227,-231],[356,-385],[-58,-303],[254,-90],[-503,-155],[-277,-303],[250,-102],[172,-186],[33,-322],[-319,-192],[-306,122],[-134,-585],[-231,-218],[-268,-111],[149,-966],[10,-744],[509,-521],[521,-282],[169,-454],[-25,-666],[-84,-166],[-956,-487],[-299,-455],[-298,-208],[-28,-328],[-113,-169],[-710,-338],[-35,-100],[348,-1219],[710,-328],[214,-249],[320,-207],[127,-276],[-32,-981],[-123,-397],[239,-680],[49,-380],[-35,-162],[-278,-135],[-119,-366],[200,-117],[88,-170],[-218,-442],[-372,-462],[225,-325],[174,-684],[226,-59],[71,-144],[-57,-760],[285,-1326],[-207,-614],[31,-366],[-95,-508],[272,-431],[351,-356],[113,-332],[-256,-1146],[764,-376],[907,-922],[1030,-380],[316,-687],[232,-235],[171,-336],[532,-9],[521,146],[-135,-1128],[316,-872],[230,-132],[454,-87],[369,-370],[597,-217],[426,-520],[539,-270],[279,-285],[251,-57],[223,77],[167,-34],[516,-240],[346,-445],[110,-32],[541,144],[279,-23],[414,-468],[246,-486],[184,-187],[397,-1079],[411,-424],[72,-980],[646,-836],[49,-256],[265,-136],[216,-231],[286,-638],[122,-533],[1015,-49],[226,-303],[603,80],[307,132],[331,-309],[547,48],[743,-438],[280,102],[290,-14],[141,-226],[57,-553],[114,-304],[259,34],[532,302],[732,-212],[5,-1081],[298,-442],[-1094,-673],[94,-309],[-47,-367],[129,-631],[-251,-456],[-40,-302],[915,-318],[859,71],[136,-415],[453,-447],[303,-473],[542,104],[225,-108],[300,-443],[110,-424],[101,-122],[256,-92],[549,4],[732,-523],[737,-150],[506,-361],[364,-5],[997,696],[228,231],[53,375],[425,473],[612,147],[385,351],[472,-63],[1330,-398],[270,-171],[272,-318],[157,-30],[408,632],[174,661],[-85,410],[287,203],[154,46],[237,-124],[1744,-97],[1233,-219],[384,174],[505,462],[442,163],[569,423],[162,77],[751,66],[790,474],[302,73],[442,-51],[524,-239],[310,-29],[1114,253],[590,-21],[221,-109],[929,-1116],[391,-116],[797,305],[346,-15],[236,-94],[672,-645],[228,-7],[170,58],[479,536],[0,1080],[325,369],[265,152],[694,94],[295,167],[3901,2667],[885,413],[1520,434],[1040,8],[693,-131],[1283,-724],[679,-515],[656,-732],[428,-159],[199,22],[251,116],[162,190],[251,505],[620,1891],[1644,1573],[679,1369],[111,486],[7,862],[258,986],[133,239],[265,137],[1271,334],[-94,1018],[-231,476],[-781,917],[-1277,972],[-652,768],[632,436],[145,238],[485,-188],[167,20],[365,732],[145,134],[350,50],[458,-321],[207,-284],[556,-131],[766,-383],[1310,-406],[924,215],[266,197],[45,-185],[-211,-461],[132,-125],[206,136],[130,-35],[134,-271],[13,-555],[117,-73],[459,-92],[361,325],[312,145],[121,-85],[-109,-306],[168,-94],[157,228],[355,-162],[171,309],[149,-87],[239,92],[118,-179],[-64,-348],[70,-252],[288,-161],[341,-20],[424,564],[625,346],[430,706],[210,194],[377,125],[656,36],[163,751],[132,25],[277,-115],[595,79],[1077,333],[748,369],[863,53],[563,130],[198,166],[171,405],[581,383],[729,-75],[190,-473],[644,-219],[100,106],[20,240],[-78,331],[207,78],[77,-201],[99,-32],[110,96],[-34,255],[143,73],[230,17],[178,-92],[272,36],[135,-154],[34,-329],[395,-118],[206,36],[159,205],[526,-39],[36,417],[404,236],[-141,231],[297,371],[199,120],[309,-89],[237,363],[556,343],[62,161],[-97,353],[85,317],[102,186],[265,175],[597,123],[1117,422],[736,130],[735,558],[375,-15],[357,98],[432,-61],[450,92],[922,429],[422,313],[1078,481],[590,-85],[406,206],[894,152],[484,-40],[552,155],[497,-345],[523,-121],[860,372],[259,268],[335,104],[113,145],[-17,680],[116,322],[143,74],[554,-3],[74,80],[-92,477],[-399,768],[146,198],[325,197],[20,165],[-51,788],[-140,483],[-331,684],[-1011,1335],[-65,433],[239,499],[509,259],[331,47],[1936,-205],[454,37],[1434,466],[1174,506],[1792,1117],[1233,1261],[409,527],[72,563],[732,1331],[363,387],[382,221],[284,403],[371,139],[1605,93],[986,640],[1099,121],[512,157],[889,487],[839,319],[358,245],[265,771],[82,818],[-1762,-102],[-255,42],[-4,140],[411,743],[86,332],[225,227],[445,1007],[320,454],[449,353],[1448,671],[407,730],[983,975],[385,726],[-294,186],[-121,279],[18,406],[-326,313],[97,338],[-215,333],[52,430],[-301,269],[-22,285],[-116,170],[145,346],[-33,388],[-101,187],[-149,88],[-77,235],[447,100],[574,423],[630,-57],[361,-154],[267,-249],[138,-530],[240,-222],[378,-51],[487,132],[922,-159],[314,-235],[941,-445],[1331,-420],[238,132],[276,386],[731,13],[419,250],[501,51],[266,196],[238,-4],[290,-221],[255,-72],[410,0],[95,178],[497,208],[614,608],[502,242],[972,-47],[363,-429],[186,-81],[432,5],[705,314],[761,-157],[246,-234],[100,9],[354,594],[350,132],[1029,692],[195,21],[116,-254],[350,-13],[748,887],[121,242],[458,247],[31,335],[-178,306],[-13,229],[268,602],[1325,1060],[376,971],[675,786],[47,204],[402,577],[26,208],[411,574],[13,153],[384,411],[817,-12],[727,505],[665,149],[437,-111],[640,-25],[808,123],[674,-238],[605,38],[437,-250],[558,-145],[683,43],[397,204],[212,187],[199,505],[-97,888],[67,196],[878,883],[87,259],[348,387],[116,274],[1533,1209],[232,274],[116,342],[395,365],[1509,889],[394,342],[1091,160],[1027,639],[812,68],[302,114],[580,68],[534,639],[279,1277],[255,342],[186,479],[278,343],[581,364],[209,229],[887,250],[185,229],[952,387],[650,685],[395,729],[1323,502],[2345,1870],[1811,2099],[209,91],[394,433],[488,867],[650,502],[255,0],[516,433],[232,776],[70,1072],[371,821],[325,296],[929,753],[1114,274],[905,410],[790,205],[1044,1027],[1556,159],[787,445],[302,69],[278,319],[130,456],[325,456],[581,1300],[278,274],[1091,228],[488,228],[1230,981],[743,867],[998,-69],[558,205],[399,354],[580,251],[650,1482],[697,411],[464,730],[163,844],[-47,1665],[-278,866],[162,536],[418,593],[511,1095],[371,570],[627,662],[1161,958],[302,0],[743,182],[626,776],[24,205],[301,365],[583,188],[958,598],[1042,15],[435,-106],[345,175],[438,563],[200,456],[217,1794]],[[1375862,3641540],[-358,-171],[101,-466],[-163,-395],[-364,-278],[-91,-160],[-219,-46],[194,-349],[-23,-160],[-92,-26],[-248,152],[-328,-413],[-208,-83],[-392,-5],[-171,-383],[-253,-89],[-162,-245],[-252,186],[-189,-91],[85,-155],[-78,-143],[-191,9],[-569,284],[-219,-117],[-80,-177],[-189,14],[-195,242],[-48,619],[-153,126],[-115,-117],[-63,-412],[-122,373],[-173,102],[-32,186],[-138,110],[-48,474],[213,399],[-48,402],[-215,246],[112,252],[-108,200],[-199,1085],[176,349],[-31,141],[-104,73],[-169,-35],[-468,-349],[-139,131],[-193,19],[-178,121],[-285,6],[-16,271],[-106,139],[-392,37],[-41,484],[-288,312],[-29,407],[-101,35],[-274,-104],[-236,203],[-239,39],[-281,425],[-60,235],[-166,60],[-98,228],[-509,413],[-107,240],[-310,118],[-341,473],[-42,206],[-361,68],[-149,132],[-110,449],[-733,298],[-132,207],[-182,100],[-163,401],[-369,228],[-42,584],[-325,435],[-101,377],[-282,230],[-9228,-17749],[-74,-292],[20,-641],[-115,-238],[-1651,315],[-1906,91],[-1667,252],[-732,5],[-1307,171],[-751,243],[-124,149],[15,221],[-108,64],[-1035,-611],[-1198,-319],[-441,-38],[-337,329],[-267,805],[-287,311],[-405,203],[-910,85],[-675,260],[-364,-190],[-862,-207],[-489,-276],[-522,-39],[-843,-871],[-1232,-649],[-321,-64],[-133,50],[-79,156],[308,603],[-27,734],[-274,534],[-359,326],[-225,48],[-630,-350],[-436,-518],[-573,-265],[-451,-379],[-494,-235],[-142,-450],[156,-384],[-20,-177],[-109,-1],[-261,233],[-230,-36],[-188,-425],[-686,-624],[-247,-417],[-474,-103],[-124,-310],[92,-417],[-499,-302],[-245,-452],[-223,-24],[-97,209],[-257,-53],[-1257,-885],[-83,-288],[-98,-80],[-185,6],[-733,573],[-122,-39],[-233,-361],[-500,-28],[-697,-269],[-172,189],[-98,327],[-185,139],[-1088,-244],[-443,181],[-155,-7],[-355,-515],[-303,-144],[-352,51],[-457,279],[-694,-116],[-129,62],[-357,444],[-44,393],[-509,10],[-672,447],[-644,-353],[-320,13],[-279,-278],[-407,-10],[-200,116],[-285,-249],[-808,-38],[-585,284],[-722,-122],[-756,171],[-820,618],[-723,428]],[[1319526,2825708],[255,234],[97,510],[-273,522],[-64,640],[-292,817],[313,1017],[-17,370],[135,117],[377,94],[234,-67],[401,-444],[821,-670],[788,103],[553,-457],[978,144],[669,-264],[1354,-817],[384,-73],[434,30],[964,390],[289,260],[614,1284],[869,944],[231,153],[163,70],[203,-30],[211,-623],[441,-200],[180,3],[92,90],[135,480],[143,144],[591,136],[383,224],[173,720],[285,130],[2441,-347],[723,27],[278,114],[731,913],[762,432],[756,919],[100,710],[-277,631],[-87,355],[19,326],[-185,399],[188,518],[229,161],[242,668],[180,282],[-259,924],[461,598],[527,1056],[174,790],[-5,317],[-476,1976],[-963,961],[-937,1625],[-460,1624],[-26,503],[712,1565],[343,1634],[153,342],[1027,1277],[437,264],[734,643],[389,449],[469,887],[462,524],[316,587],[1136,646],[196,241],[-610,1004],[-40,635],[-477,355],[-20,275],[104,363],[-289,343],[-284,1186],[172,749],[421,1032],[241,134],[164,209],[165,749],[4,386],[-108,386],[-193,272],[-441,162],[-834,579],[-827,1056],[-220,197],[-746,394],[-121,150],[100,378],[-52,229],[65,520],[-61,165],[-1560,1053],[-152,709],[-442,406],[-8,118],[434,930],[-53,650],[-421,1025],[-537,524],[-1443,194],[-777,443],[-304,771],[20,374],[-124,656],[354,1158],[223,1247],[-58,761],[-359,878],[-413,373],[-1321,605],[24,692],[541,1187],[114,907],[281,580],[187,863],[20,951],[1058,2642],[659,1135],[208,176],[1499,568],[459,592],[291,187],[519,-50],[713,-563],[590,-108],[1118,423],[789,455],[223,21],[131,-79],[131,-277],[447,-539],[299,-190],[253,194],[308,439],[405,237],[768,49],[1341,266],[911,-290],[894,443],[185,514],[275,373],[21,675],[-97,916],[-304,725],[-63,973],[-135,601],[59,1003],[-224,907],[38,705],[359,1570],[-475,524],[-278,489],[-925,-229],[-816,-53],[-650,925],[-254,1639],[305,1700],[72,945],[-236,1325],[-623,734],[21,532],[236,470],[1114,1026],[475,841],[181,567],[476,681],[39,627],[2021,1126],[385,289],[409,731],[113,484],[580,806],[120,67],[653,-39],[620,303],[370,-35],[486,559],[588,4],[149,987],[530,395],[736,731],[316,32],[725,-278],[1077,57],[893,228],[254,296],[156,339],[250,923],[-51,388],[182,321],[381,1500],[-95,367],[-417,457],[-366,951],[-650,396],[-634,253],[-262,267],[-235,856],[-443,1053],[-333,505],[-725,402],[-898,725],[-291,87],[-827,-427],[-363,-286],[-514,-107],[-595,-315],[-375,-50],[-422,916],[-671,427],[-211,53],[-556,-140],[-463,428],[-562,214],[-435,-13],[-341,104],[-266,253],[-498,932],[-379,95],[-814,-8],[-1092,253],[-469,132],[-573,324],[-194,203],[-236,990],[-186,91],[-363,25],[-358,530],[-110,394],[-50,754],[-376,-104],[-375,-435],[-569,174],[-351,-252],[-362,-63],[25,-849],[-205,-477],[-330,-426],[-203,-39],[-613,336],[-274,-71],[-275,43],[-533,-1000],[-242,-231],[-217,-61],[-668,99],[-1090,-4],[-216,86],[-224,177],[-867,1138],[-247,196],[-184,879],[-328,216],[-795,55],[-376,428],[-507,-137],[-975,-730],[-407,-83],[-1327,357],[-419,-15],[-616,282],[-551,28],[-371,369],[47,455],[-343,824],[367,554],[176,467],[228,192],[1139,-184],[391,43],[472,341],[123,240],[380,39],[224,212],[299,373],[-63,251],[247,334],[-399,1232],[-456,232],[4,530],[-216,337],[-223,597],[-176,212],[-472,283],[-511,1008],[-731,420],[72,978],[-92,608],[132,938],[220,495],[-68,177],[-368,294],[-447,2033],[-92,71],[-304,-137],[-192,7],[-283,204],[-656,-86],[-899,459],[-491,589],[-236,593],[20,377],[-655,271],[-376,-52],[-1014,48],[-396,-75],[-312,-196],[-147,-432],[-176,51],[-799,758],[-264,785],[-967,676],[-525,137],[-1111,807],[-557,130],[-697,1141],[-665,34],[-224,103],[-385,396],[-309,83],[-471,-39],[-237,171],[-74,351],[96,618],[-135,966],[1093,887],[129,338],[50,807],[134,632],[-182,445],[157,458],[-111,679],[877,707],[145,317],[-115,1290],[199,962],[-132,208],[-678,529],[-176,243],[-222,1905]],[[1313473,2970551],[284,691],[80,595],[321,455],[519,455],[179,297],[525,2682],[74,121],[451,279],[1247,546],[284,428]],[[1317437,2977100],[650,38],[349,-104],[858,-902],[691,-366],[1729,-17],[1767,-551],[2102,-69],[158,44],[830,761],[205,23],[421,-251],[27,-450],[190,-192],[777,-83],[750,-340],[659,-175],[358,15],[362,228],[508,-42],[548,125],[582,-136],[535,74],[458,-385],[551,-12],[163,-402],[226,-110],[108,21],[69,192],[118,63],[572,-172],[406,112],[566,-121],[301,314],[412,88],[933,395],[30,220],[-213,555],[183,464],[866,878],[517,268],[165,185],[254,564],[207,841],[338,397],[71,296],[894,1114],[1872,1529],[310,162],[2881,528],[390,0],[495,-197],[749,-394],[285,-269],[284,-476],[253,-1047],[306,-642],[53,-321],[92,-172],[200,-111],[1009,-77],[1420,1124],[1066,302],[604,-211],[588,-59],[527,11],[703,221],[165,-16],[346,-400],[522,-318],[1049,-389],[704,303]],[[1414009,2872412],[6,-377],[-98,-246],[-602,-400],[-441,-69],[-250,-174],[-87,-641],[-293,-825],[30,-671],[135,-223],[27,-265],[-327,-302],[-127,-336],[-377,-3810],[19,-235],[312,-597],[250,-189],[-162,-374],[-300,-355],[-377,-821],[-119,-903],[-293,-745],[-76,-502],[631,-2436],[48,-696],[-265,-767],[-96,-748],[356,-1061],[-159,-393],[-761,-194],[-357,-237],[-276,-553],[63,-708],[-144,-522],[-17,-545],[84,-534],[-445,-674],[-26,-953],[-192,-686],[65,-1016],[-69,-1168],[-342,-840],[71,-1201],[-43,-974],[-162,-617],[-24,-1328],[61,-495],[-134,-424],[-17,-533],[82,-257],[-116,-611],[-18,-1852],[-215,-3097],[-201,-1483],[42,-879],[288,-1309],[-150,-2227],[25,-489],[183,-298],[-385,-843],[87,-687],[-129,-713],[-5,-818],[113,-995],[16,-1571],[917,-151],[443,-314],[532,53],[481,-117],[240,24],[347,-313],[403,-198],[274,-294],[562,-141],[147,-494],[-3,-254],[-366,-738],[141,-281],[11,-406],[239,-343],[-186,-293],[124,-312],[-242,-304],[141,-254],[405,-295],[81,-268],[14,-567],[245,-69],[427,-497],[290,-160],[188,-276],[-36,-254],[-388,-357],[62,-657],[-152,-602],[8,-652],[45,-194],[332,-425],[374,-876],[357,-130],[3,177],[166,296],[-175,486],[31,152],[479,582],[649,571],[106,320],[686,527],[143,384],[217,144],[402,555],[157,801],[141,257],[517,235],[53,547],[523,748],[-56,859],[678,881],[265,186],[-54,361],[295,779],[39,448],[-22,812],[-301,680],[798,5],[681,655],[104,315],[-419,616],[14,400],[545,934],[314,78],[429,-97],[229,260],[462,953],[166,480],[3,394],[-418,255],[412,354],[366,944],[58,437],[-30,389],[-519,478],[-66,550],[178,199],[677,343],[109,160],[93,636],[-11,1076],[445,445],[-104,901],[683,261],[150,316],[-134,464],[-259,99],[-470,403],[262,829],[224,281],[58,234],[589,96],[355,153],[312,1620],[450,902],[341,311],[306,528],[1245,824],[503,158],[215,282],[585,69],[338,175],[606,-446],[617,-75],[718,-533],[694,-70],[270,-344],[486,-300],[292,-295],[320,-791],[284,-381],[488,-1473],[612,-1135],[109,-732],[262,-915],[-207,-394],[153,-719],[-123,-960],[-16,-1406],[169,-909],[82,-148],[267,-147],[74,-212],[-404,-612],[-49,-594]],[[1435698,2827873],[-98,-690],[-123,-271],[-197,-159],[-229,-1081],[-145,-289],[-8,-188],[155,-244],[-349,-671],[-66,-434],[23,-1247],[-285,-538],[-35,-380],[-373,-204],[-137,-497],[63,-636],[429,-535],[186,-549],[276,-206],[-826,-356],[-205,-390],[-240,-163],[-205,-324],[-54,-965],[57,-176],[-270,-406],[-315,-945],[-154,-804],[81,-590],[-209,-203],[-371,-765],[-180,-1166],[-303,-367],[-700,-1514],[-665,-2093],[-248,-1326],[86,-66],[639,85],[447,-64],[628,130],[279,-80],[103,-237],[42,-917],[1029,-71],[104,-259],[33,-509],[464,-212],[97,-236],[-52,-273],[63,-139],[310,-340],[325,-151],[230,-365],[92,-47],[412,192],[324,29],[327,-199],[489,-22],[340,-568],[48,-358],[397,-647],[-175,-306],[25,-141],[681,-514],[272,-993],[-94,-796],[266,-239],[266,-35],[0,-304],[162,124],[131,303],[109,7],[69,-52],[-72,-340],[246,119],[182,-113],[-74,-360],[280,-82],[146,-137],[71,-488],[363,-24],[413,-147],[-321,-302],[60,-82],[190,23],[45,-62],[-3,-195],[-233,-24],[-88,-176],[211,-318],[-250,-26],[-81,-82],[372,-84],[126,-166],[377,-180],[-19,-256],[137,-176],[-127,-189],[205,-167],[-118,-215],[319,-148],[-57,-163],[76,-239],[-176,-161],[297,-336],[-344,-165],[9,-561],[-90,-249],[-420,-64],[-269,-322],[-17,-221],[-241,-71],[-104,-166]],[[1439967,2791116],[-272,-509],[-561,-230],[19,-423],[-369,-480],[-437,-57],[-273,-140],[23,-122],[192,-137],[12,-150],[-546,-121],[-106,-160],[39,-132],[360,-31],[-26,-177],[-126,-27],[-663,187],[-197,-55],[56,-418],[-221,-596],[-440,-72],[-61,-131],[123,-238],[-16,-125],[-453,-122],[-102,-132],[-7,-153],[363,-263],[13,-155],[-225,-93],[-373,297],[-225,-104],[-88,-278],[218,-511],[-407,-513],[-86,-566],[-275,-176],[-311,195],[-142,-31],[-77,-309],[267,-85],[10,-91],[-678,-295],[-74,-485],[-437,-304],[44,-138],[252,-185],[87,-231],[-360,-601],[-371,-254],[101,-271],[334,-231],[-81,-399],[-325,-445],[80,-197],[362,-118],[95,-171],[-26,-155],[-255,-323],[77,-452],[-158,-76],[-474,105],[-86,-65],[26,-416],[-221,-280],[7,-416],[-816,-836],[165,-297],[-28,-104],[-699,-143],[-334,-711],[-228,-140],[-153,12],[-320,304],[-116,2],[-128,-123],[-95,-300],[-399,-147],[-292,-438],[208,-359],[47,-325],[269,-207],[158,-318],[-28,-116],[-271,-177],[-65,-139],[311,-283],[538,-84],[-151,-358],[111,-373],[-290,-500],[-323,-252],[158,-554],[-335,-343],[-173,-377],[-120,-63],[-371,65],[-654,-462],[192,-255],[-9,-96],[-480,3],[17,-276],[227,-300],[-257,-270],[-15,-207],[296,-296],[33,-352],[196,-108],[-438,-259],[261,-427],[-135,-39],[-360,83],[-21,-431],[-532,-81],[-34,-160],[268,-308],[11,-165],[-120,-11],[-297,202],[-158,-233],[-267,-200],[-352,-636],[16,-201],[346,-330],[-100,-116],[-318,159],[56,-962],[86,-73],[378,-31],[7,-155],[-234,-196],[-446,-752],[-311,-203],[-273,11],[-38,-100],[386,-351],[141,200],[172,5],[596,-235],[51,-146],[-645,-2],[-320,-590],[-125,9],[-70,292],[-118,-14],[-247,-401],[5,-314],[-229,216],[-383,-24],[41,-446],[-623,636],[-203,373],[-343,228],[-265,307],[-944,-104],[-471,162],[-327,22],[-163,-357],[-377,309],[-287,42],[-318,-184],[-142,-238],[3,-131],[190,-229],[-51,-145],[-819,-440],[-475,-364],[-115,238],[47,275],[500,625],[81,291],[-339,804],[-47,330]],[[1419034,2762011],[381,884],[102,607],[-310,636],[-989,1495],[-373,296],[-267,95],[-643,3],[-1099,-193],[-269,108],[-68,142],[3,264],[94,117],[573,193],[410,238],[253,230],[189,327],[131,598],[-42,911],[-225,454],[-421,287],[-330,23],[-1102,-561],[-526,-38],[-863,187],[-1486,711],[-83,188],[78,126],[1221,1050],[63,322],[-197,142],[-263,-44],[-815,-444],[-731,-99],[-461,73],[-1304,565],[-316,14],[-208,-98],[-111,-302],[-104,-1221],[-680,-2682],[-1369,-696],[-396,-78],[-419,-516],[-197,-124],[-214,-53],[-118,83],[-571,1215],[-329,478],[-359,194],[-408,-42],[-920,-646],[-494,-249],[42,-199],[722,-1105],[113,-386],[-39,-125],[-459,-317],[-478,-556],[324,-613],[-121,-632],[95,-459],[161,-246],[416,-298],[-113,-180],[-315,-171],[-427,-149],[-481,55],[-318,113],[-267,354],[-45,522],[256,685],[433,2019],[28,429],[-287,386],[-92,263],[-416,306],[-636,91],[-259,-113],[-100,-1182],[-667,-1602],[-37,-337],[147,-506],[-116,-177],[-427,-116],[-442,235],[-759,1108],[-236,199],[-233,-6],[-304,-141],[-394,-439],[-312,53],[-126,102],[-3,218],[874,1064],[54,262],[-129,354],[-405,489],[-284,82],[-473,-96],[-242,185],[-168,776],[-380,1025],[-216,345],[-279,100],[-396,-64],[-188,-188],[-296,-533],[-461,-276],[-343,27],[-630,271],[-132,133],[-8,190],[216,180],[520,299],[546,195],[728,752],[37,135],[-62,108],[-942,110],[-501,-199],[-354,39],[-211,224],[-244,536],[-691,875],[76,254],[506,496],[-29,198],[-194,40],[-588,402],[-798,128],[-303,209],[-363,54],[-409,174],[-624,25],[-287,185],[40,279],[538,1028],[10,259],[-103,244],[68,28],[-220,374],[80,402],[299,122],[655,-250],[535,520],[6,228],[-137,422],[-483,761],[-73,669],[158,255],[807,132],[47,141],[-196,224],[-713,110],[-221,128],[-144,147],[-34,402],[59,257],[456,412],[266,468],[717,744],[-64,926],[-257,473],[-204,130],[-243,15],[-474,-187],[-517,-669],[-732,-1382],[-341,-106],[-253,181],[-95,862],[-118,188],[-701,350],[-573,-74],[-215,161],[-42,243],[90,238],[494,499],[-19,197],[-123,184],[-246,145],[-441,77],[-485,195],[-261,-278],[-106,-646],[-251,-91],[-198,169],[-335,846],[-300,207],[-263,37],[-329,-132],[-91,-131],[-2,-151],[322,-502],[45,-207],[-59,-296],[-323,-290],[-595,-282],[-542,-56],[-816,560],[-360,368],[-241,9],[-251,-195],[-622,-1357],[-470,-437],[-257,-25],[-224,414],[9,469],[508,607],[107,553],[-107,224],[-428,389],[-36,294],[620,734],[44,279],[-137,160],[-278,108],[-639,29],[-84,180],[160,654],[228,29],[674,-236],[165,38],[107,250],[-757,543],[-584,883],[-194,573],[9,353],[143,395],[-95,392],[-424,217],[-663,-780],[-255,-53],[-684,73],[-272,-83],[-178,-473],[211,-371],[-367,-312],[-1195,411],[-378,17],[-327,326],[-135,456],[-19,620],[-220,359],[-119,71],[-621,25],[-226,128],[-368,706],[-678,347],[-606,454],[-230,235],[-341,586],[-215,-19],[-281,-273],[-343,-551],[-47,-509],[-446,-45],[-183,164],[-143,613],[-217,378],[-287,153],[-555,75],[-447,252],[-344,452],[-235,665],[-227,200],[-290,-72],[-346,-691],[-589,-402],[-508,93],[-866,782],[-99,195],[-28,634],[-130,165],[-360,-88],[-446,-543],[-213,-111],[-343,-60],[-565,74],[-478,-161],[-370,-645],[9,-323],[132,-154],[350,-2],[304,558],[170,97],[290,-12],[114,-76],[58,-247],[-66,-920],[52,-171],[164,-81],[625,176],[378,-156],[-186,-599],[-963,-511],[-626,31],[-706,705],[-204,57],[-365,-154],[-628,-725],[-334,-33],[-365,254],[-454,549],[-465,279],[-306,320],[-366,23],[-442,-1078],[70,-150],[358,-90],[118,-110],[445,-729],[-16,-169],[-164,-36],[-325,231],[-207,7],[-262,-232],[-170,-690],[-250,-12],[-397,162],[-47,-319],[114,-618],[-113,-151],[-349,290],[-341,-17],[-93,61],[-14,167],[291,456],[-81,136],[-783,-171],[-320,-360],[-432,-154],[-245,-176],[-102,27],[28,435],[181,187],[489,200],[12,171],[-585,4],[-933,322],[-130,151],[95,302],[-51,222],[-260,218],[-295,24],[-262,-107],[-246,-181],[-267,-354],[-600,238],[-133,93],[-9,116],[209,262],[32,180],[-181,235],[-308,188],[-727,-86],[293,-827],[-232,-285],[-314,34],[-259,1364],[35,138],[217,197],[37,349],[-67,333],[-187,169],[-400,-62],[-288,-264],[-568,69],[-868,-628],[-643,-232],[-114,-146],[-9,-297],[487,-674],[-652,-544],[-36,-160],[162,-335],[-26,-138],[-434,-432],[-1299,-248],[-341,-487],[-169,65],[-295,403],[-202,41],[-617,-394],[-219,-60],[-738,413],[-396,480],[-587,-14],[-365,282],[-470,157],[-135,171],[-283,-81],[-170,66],[-79,86],[104,388],[-309,128],[-160,331],[167,462],[-8,304],[-1085,-54],[-400,-252],[-431,-91],[-324,651],[-535,686],[-26,1252],[-392,555],[-65,325],[-358,392],[5,196],[285,404],[-243,77],[-592,-38],[-131,186],[-428,156],[-55,83],[58,149],[-352,198],[-319,-46],[-543,-289],[-167,-17],[-536,111],[-435,-25],[-294,115],[-914,125],[-569,1084],[-436,-31],[-482,-151],[-500,-15],[-646,247],[-89,355],[122,811],[-29,582],[-255,865],[-610,717],[-525,400],[-525,16],[-2295,935],[-1434,214],[-391,457],[-353,951],[-1248,1665],[-726,1701],[-223,943],[0,311],[186,622],[0,348],[-324,1316],[194,566],[284,342],[742,193],[1023,408],[453,469],[619,439],[1894,269],[341,138],[172,646],[-246,387],[-60,345],[29,149],[238,303],[306,878],[92,835],[-187,642],[-418,670],[-1349,1195],[-264,1381],[-225,418],[-397,397],[-503,300],[-945,746],[7,1245],[-327,724],[-528,456],[-542,-226]],[[1554040,2878195],[-50,-645],[69,-122],[-165,-798],[-1075,-813],[-95,-1160],[-171,-359],[-488,-576],[-147,-311],[-245,-1080],[24,-407],[170,-648],[-1,-1056],[73,-360],[364,-1223],[706,-1488],[266,-1296],[-98,-647],[-342,-840],[-195,-287],[-537,-479],[-902,-575],[-1098,-503],[-1901,-598],[-951,-622],[-684,-1319],[-636,-1871],[-244,-191],[-1366,-1678],[-951,-983],[-220,-311],[-74,-360],[-73,-768],[48,-527],[316,-720],[145,-1008],[486,-1152],[244,-360],[730,-648],[463,-624],[-1,-768],[-220,-527],[-74,-720],[48,-696],[146,-408],[-25,-311],[-293,-1008],[-1,-647],[219,-936],[389,-912],[1339,-1416],[389,-577],[97,-359],[-25,-432],[-195,-288],[-292,-167],[-1316,145],[-1023,552],[-1794,1141],[-531,228],[-594,-472],[-343,-113],[-310,-16],[-1189,290],[-1155,-394],[-490,-15],[-160,-114],[-314,-49],[-341,-333],[-550,-229],[-477,286],[81,530],[-239,-17],[-229,-149],[-222,3],[-90,-72],[-141,-494],[-172,-184],[-239,-101],[169,-203],[-27,-92],[-232,-32],[-228,208],[-307,-195],[5,-231],[241,-238],[-157,-182],[-33,-227],[-367,208],[-238,-245],[-46,190],[-273,189],[-523,-559],[-100,9],[-36,232],[-310,179],[-72,-77],[-228,-7],[-200,-333],[-193,-5],[-49,192],[118,352],[-530,227],[-386,-45],[16,153],[259,345],[-428,64],[-549,-215],[-203,-379],[62,-172],[-146,-132],[-226,-443],[-133,45],[-99,264],[-223,221],[-449,101],[-91,-87],[32,-281],[-184,-248],[-97,4],[-46,215],[-126,77],[-113,-100],[-200,-538],[-369,-53],[-357,224],[-182,-85],[-337,51],[-164,332],[-262,-129],[-133,60],[-89,161],[31,603],[-65,134],[-271,-106],[-275,172],[-546,-61],[-149,216],[-334,-165],[88,-204],[-1,-288],[136,-235],[-44,-68],[-297,-24],[-382,312],[-400,-214],[-272,52],[-456,-49],[81,-109],[-69,-161],[33,-210],[282,-196],[-74,-325],[-133,-142],[-175,37],[-302,258],[-59,275],[-241,-3],[99,233],[-76,74],[-244,-122],[-179,61],[-216,-127],[-510,332],[-165,13],[-90,-147],[29,-634],[-369,-105],[-125,-114],[-419,-602],[-559,-1138],[-764,-947],[-356,-257],[-597,-295],[-1068,-324],[-2782,92],[-614,-151],[-300,-280],[-98,-1503],[-255,-648],[-428,-463],[139,-274],[171,-93],[329,313],[281,-87],[337,-619],[39,-318],[320,-204],[-137,-119],[0,-102],[260,-24],[-13,-418],[180,-86],[70,-167],[214,53],[364,-73],[149,-327],[226,107],[77,-258],[109,-89],[292,24],[372,160],[500,-109],[315,-278],[286,207],[272,-152],[262,339],[270,-107],[76,-176],[-61,-238],[170,-87],[-8,-358],[246,-76],[-18,-416],[295,-455],[202,-703],[133,-129],[419,-118],[142,-219],[-43,-302],[-157,-292],[9,-275],[590,-619],[656,-206],[508,-1461],[669,-718],[83,-515],[-324,-507],[-184,-963],[324,-941],[284,-352],[5,-116],[-57,-254],[-354,-485],[131,-1268],[-315,-567],[-206,-1066],[14,-503],[153,-305],[-320,-868],[241,-524],[-599,-975],[-145,-744],[31,-279],[127,-142],[201,9],[319,541],[324,365],[214,138],[783,73],[149,193],[109,426],[110,99],[175,8],[651,-167],[1098,-611],[717,-275],[573,-696]],[[1526103,2809430],[-877,-628],[-806,-1199],[-790,-775],[-234,-382],[-217,-1035],[-222,-607],[-622,-953],[133,-738],[-21,-292],[-163,-275],[143,-328],[7,-247],[-100,-326],[22,-361],[-235,-215],[185,-314],[-401,-299],[-213,-378],[-47,-179],[97,-268],[-677,-148],[-122,-181],[-295,-71],[-1701,-68],[-267,-215],[-388,-527],[-3,-169],[162,-348],[-297,-108],[-16,-423],[-369,-202],[-363,29],[-249,-90],[-130,308],[-157,29],[-422,-241],[-212,132],[-301,-434],[-572,42],[-167,-286],[-297,-250],[-389,-103],[-399,-742],[-180,-109],[-235,45],[-304,350],[-536,-32],[-209,-154],[-628,-10],[-899,427],[-359,331],[-454,963],[-498,551],[-239,155],[-2101,-193],[-335,-5],[-225,142],[-96,310],[43,437],[407,968],[43,724],[350,781],[167,681],[-72,480],[-459,418],[-1287,438],[-402,56],[-1886,-99],[-1732,245],[-1076,540],[-340,90],[-2654,58],[-1901,-232],[-2533,564],[-567,56]],[[1492914,2804541],[-959,5394],[-1452,3798],[-376,373],[-396,849],[-284,1270],[-155,76],[-308,-143],[-230,281],[179,106],[104,550],[342,222],[-432,483],[-37,196],[314,491],[-136,280],[26,193],[395,577],[241,156],[138,231],[375,142],[775,-205],[328,291],[195,-52],[197,175],[307,8],[187,99],[116,347],[275,254],[672,300],[470,-68],[190,196],[155,10],[65,118],[226,88],[606,465],[466,563],[172,8],[240,449],[390,255],[123,331],[-218,167],[-365,120],[-2226,214],[-1040,760],[-943,547],[-2394,1630],[-533,570],[-822,1188],[-1040,1141],[-411,309],[-493,679],[871,-244],[492,59],[477,-42],[495,225],[947,-18],[313,201],[209,281],[470,140],[543,-167],[794,129],[439,-178],[917,121],[-1453,886],[-912,134],[-277,133],[-254,-93],[-1029,150],[-150,195],[-70,746],[72,223],[381,252],[78,171],[-35,796],[-129,449],[-409,335],[-450,127],[-1060,-29],[-508,240],[-325,287],[-59,393],[573,1618],[-6,190],[-411,183],[-406,-73],[-418,55],[-273,208],[-70,234],[132,240],[300,125],[703,-92],[206,43],[216,322],[46,210],[-100,238],[-324,384],[-778,374],[-218,375],[-195,620],[107,245],[334,293],[666,209],[367,377],[102,226],[-7,350],[-645,1689],[-256,383],[-44,409],[-167,87],[-241,-82],[-395,-405],[-255,985],[158,360],[-61,259],[291,333],[318,84],[410,-176],[154,164],[195,1248],[-19,354],[927,3710],[118,1058],[410,1072],[369,464],[92,475],[-4,554],[391,623],[256,120],[201,250],[152,32],[528,-219],[589,541],[259,102],[416,519],[446,846],[282,745],[981,626],[-14,441],[-130,484],[-330,209],[-137,526],[16,607],[371,402],[10,330],[-211,250],[-139,358],[-353,265],[22,343],[227,195],[-291,228],[-28,113],[318,157],[538,-203],[326,168],[-21,153],[101,54],[-125,173],[255,12],[11,299],[177,283],[-4,199],[476,673]],[[1637875,2798922],[-1409,-176],[-198,-89],[-145,-373],[-128,-639],[18,-267],[-102,-268],[-188,-336],[-397,-319],[-1535,-531],[-812,-70],[-777,-354],[-326,-960],[-39,-1866],[-181,-479],[-163,-178],[-542,-123],[-613,1],[-163,-107],[-362,-532],[-199,-480],[-705,-710],[-759,-994],[-779,-1652],[-1227,-176],[-668,-177],[-940,-691],[-127,-249],[-72,-515],[-2,-1404],[-73,-427],[-145,-302],[-506,-479],[-686,54],[-288,143],[-1118,1085],[-559,161],[-614,-123],[-632,-355],[-704,-230],[-596,36],[-775,605],[-433,90],[-379,-17],[-1192,-585],[-307,-18],[-686,161],[-506,-532],[-451,-213],[-1245,250],[-1697,-157],[-957,-568],[-1138,-229],[-469,-160],[-199,-159],[-470,-995],[-1230,-1491],[-506,-906],[-579,-604],[-1246,-674],[-570,58],[-675,-287],[-777,-497],[-559,-17],[-651,-266],[-289,-177],[-126,-337],[-197,-179],[-598,-265],[-415,54],[-1100,428],[-1714,1175],[-1515,748],[-956,357],[-1147,188],[-434,729],[-977,2765],[-234,462],[-143,1315],[-216,729],[-215,1280],[-126,178],[-505,267],[-1191,-87],[-957,-444],[-560,19],[-577,143],[-524,-284],[-452,-462],[-387,-600],[-372,-412],[-614,-426],[-668,1],[-939,143],[-433,-159],[-379,-444],[-37,-213],[270,-498],[-72,-551],[-741,-284],[-669,-1314],[-2040,-726],[-578,-53],[-271,89],[-414,320],[-667,1298],[-486,516],[-1158,796],[-60,200]],[[1574834,2782845],[-189,463],[-555,855],[-1343,691],[-320,377],[56,381],[136,229],[-275,1165],[-78,1197],[136,1355],[383,623],[460,311],[67,442],[312,718],[-11,503],[-935,345],[-768,-138],[-413,306],[-418,451],[-187,332],[-555,512],[-774,265],[-1178,-32],[-533,614],[-362,217],[-585,91],[-764,-481],[-271,106],[-201,272],[79,287],[512,479],[139,299],[324,234],[474,-28],[561,148],[295,205],[-40,513],[236,51],[244,195],[144,1106],[176,292],[502,89],[297,-173],[218,-396],[241,195],[183,440],[22,854],[101,316],[321,425],[518,386],[156,889],[176,147],[468,89],[718,1171],[632,425],[229,257],[-3,290],[-256,505],[235,25],[233,-172],[194,0],[175,-114],[213,-286],[117,-401],[591,-1062],[895,-940],[564,-1018],[253,-211],[2376,-827],[603,-78],[780,19],[1557,-807],[1694,-60],[1539,-404],[720,18],[195,115],[176,306],[196,1036],[137,211],[798,114],[858,306],[332,421],[292,115],[214,191],[820,1227],[2455,534],[468,172],[506,-173],[428,-288],[760,-1],[477,264]],[[1595187,2802937],[438,271],[20,323],[-174,522],[-38,383],[-505,1286],[-39,288],[-408,633],[-545,346],[-272,269],[-603,902],[254,440],[955,939],[98,230],[235,1419],[-193,1324],[313,1035],[80,1457],[156,153],[1072,210],[447,318],[1131,198],[176,134],[273,479],[138,1304],[488,862],[411,1112],[-50,674],[-174,215],[343,1336],[40,441],[273,537],[742,766],[273,536],[1,652],[-97,422],[137,710],[-76,1247],[196,786],[0,287],[-136,326],[21,1324],[40,748],[157,767],[244,197],[1043,491],[955,210],[858,689],[272,65],[276,-12],[1283,-592],[506,95],[2088,2376],[137,421],[40,480],[1288,2261],[644,325],[2026,228],[624,325],[1346,1149],[449,747],[566,671],[-77,901],[1289,1974],[157,517],[-156,326],[20,288],[273,249],[566,249],[487,-1],[1013,190],[761,402],[1228,420],[546,671],[254,153],[740,-40],[292,58],[702,363],[818,-116],[876,-443],[526,-173],[974,-21],[1013,-289],[1617,36],[546,230],[663,536],[172,209],[297,691],[1579,190],[975,478],[682,498],[527,555],[489,1188],[158,1112],[21,978],[528,1572],[60,825],[-330,671],[-39,269],[59,249],[175,172],[663,-39],[877,133],[351,115],[526,382],[234,77],[1053,75],[640,230],[627,593],[508,804],[488,287],[175,192],[294,471],[117,468],[2339,552],[1112,804],[1072,37],[292,95],[664,632],[351,210],[175,230],[137,307],[40,518],[216,651],[312,383],[663,460],[1034,439],[1131,1091],[566,287],[488,440]],[[1653056,2868735],[1345,593],[195,134],[332,459],[507,-154],[467,-288],[623,-78],[722,306],[624,401],[430,498],[254,479],[1090,103],[235,87],[702,613],[585,152],[450,709],[507,172],[312,478],[79,288],[0,249],[-136,307],[-700,673],[-19,479],[343,998],[674,24],[245,108],[294,386],[735,553],[637,145],[760,0],[466,180],[1017,-36],[269,109],[540,12],[257,60],[778,526]],[[1291901,3203485],[66,-444],[106,-153],[624,-260],[509,73],[2,-470],[394,54],[888,-351],[118,-220],[301,-232],[48,-167],[-76,-297],[334,-359],[485,-857],[96,-116],[403,73],[259,-142],[311,-549],[-54,-360],[323,-153],[204,-284],[481,-316],[488,-872],[620,-353],[1190,-494],[272,-466],[817,-779],[1240,-963],[760,-1041],[1194,-641],[539,-594],[397,-289],[235,-47],[464,112],[627,-147]],[[1306566,3191381],[-12,-238],[-100,-159],[-803,-748],[-224,-108],[-526,-35],[-94,-296],[-737,-1105],[-620,-258],[-334,17],[-631,430],[-1230,68],[-806,163],[-761,412],[-712,249],[-863,0],[-491,200],[-692,569],[-309,33],[-347,198],[-238,-209],[-225,-73],[-703,-738],[-87,-373],[-312,-306],[-56,-229],[146,-329],[-20,-213],[-154,-340],[-11,-381],[-318,-809],[-152,-243],[-427,-50],[-495,-1381],[-45,-395],[-343,-859],[-146,-196],[-383,-108],[-503,-867],[-326,-241],[-748,-168],[-399,-837],[-1046,-942],[-1043,-75],[-304,-182],[-433,3],[-582,-301],[-790,298],[-599,47],[-891,-362],[-217,-622],[-509,-171],[-818,6],[-633,-895],[-98,-572],[-433,-638],[-129,-495],[33,-196],[678,-1356],[-37,-497],[57,-260],[424,-610],[245,-31],[630,158],[261,-315],[264,-144],[616,439],[298,89],[641,-517],[366,-166],[691,-149],[476,47],[832,-339],[-3,-97],[-394,-492],[-42,-431],[-477,-1225],[0,-273],[127,-307],[-173,-381],[-9,-278],[304,-186],[848,-87],[219,-141],[139,-261],[422,-410],[71,-572],[127,-265],[-17,-149],[-396,-357],[-106,-248],[-17,-585],[161,-497],[-477,-348],[-37,-525],[-176,-79],[-327,55],[-313,-418],[102,-670],[172,-290],[531,-404],[450,-1381],[-840,-905],[-362,-711],[-155,-518],[-172,-242],[-1546,-628],[-296,-197],[159,-1384],[-341,-1185],[-46,-514],[292,-908],[-292,-370],[-67,-407],[67,-466],[225,-318],[-25,-832],[155,-1053],[351,-577],[-21,-335],[162,-159],[499,52],[207,107],[496,470],[88,386],[60,18],[509,-221],[696,-66],[239,-197],[387,-69],[699,-27],[169,265],[446,-580],[281,-165],[601,369],[457,28],[92,110],[629,-217],[1254,-1703],[1209,-431],[193,-1048],[-39,-1104],[179,-533],[-80,-498],[127,-927],[101,-113],[339,-67],[1,-484],[441,-836],[322,-238],[139,607],[379,50],[755,-935],[152,-64],[473,298],[205,307],[558,447],[182,-35],[326,-238],[485,-98],[410,-234],[538,-107],[-313,-908],[-195,-1090],[-420,-756],[-66,-703],[-203,-845],[1422,539],[594,-116],[540,248],[274,-62],[72,-476],[131,-294],[405,-315],[582,-713],[29,-327],[262,-324],[-107,-745],[91,-629],[274,-784],[295,-453],[548,-602],[74,-1813],[147,-506],[234,-334],[511,-452],[621,-372],[202,-44],[155,-166],[-177,-1470],[-121,-276],[-518,-453],[-39,-1323],[-399,-539],[-177,-392],[-93,-804],[-593,-1370],[-287,-1354],[-740,-1671],[-42,-88],[-683,-166],[-574,31],[-410,-926],[-110,-472],[-379,-522],[36,-199],[208,-50],[301,-522],[132,-608],[-140,-328],[-358,-304],[124,-412],[-31,-201],[-461,-539],[-48,-448],[-115,-69],[-39,-185],[-3,-232],[300,-649],[1174,-720],[565,-229],[264,-359],[-970,-216],[-360,-475],[-39,-646],[301,-108],[143,-243],[20,-989],[230,-257],[431,-171],[267,-240],[528,-213],[672,-403],[166,-130],[214,-379],[537,-232],[284,-489],[108,-1293],[-338,-614],[-250,-245],[-319,-678],[-578,-232],[-570,-113],[-883,77],[-287,286],[-209,41],[-263,-191],[-28,-122],[143,-632],[-78,-500],[134,-510],[486,-72],[375,-287],[555,-163],[601,-519],[-69,-495],[143,-436],[963,-1255],[97,-346],[-83,-386],[213,-268],[92,-482],[426,-823],[-421,-718],[-162,-118],[-370,-55],[-417,209],[-703,209],[-551,-9],[-1184,141],[-97,55],[-190,432],[-287,-69],[-319,-463],[-172,-750],[-647,-300],[-500,95],[-324,-73],[-518,-282],[-148,-941],[-551,-882],[287,-336],[509,-377],[310,-482],[972,-941],[14,-377],[259,-546],[462,-327],[121,-228],[1342,-759],[439,68],[676,-372],[6,-154],[-168,-170],[-160,-459],[0,-495],[-220,-700],[135,-1195],[349,-541],[664,-370],[718,-968],[875,-505],[283,-387],[245,-792],[616,-589],[597,-65],[248,-557],[245,-297],[476,-335],[1142,-215],[1060,-675],[0,-530],[-1226,-813],[28,-623],[-131,-228],[-4,-286],[211,-497],[29,-568],[-194,-219],[-430,-154],[-152,-580],[1076,-1305],[185,-725],[300,-572],[-169,-483],[236,-216],[-363,-273],[-995,-440],[-1926,58],[-238,-459],[-409,-173],[-918,71],[-602,-550],[-187,-739],[141,-663],[20,-1324],[-643,-1625],[5,-336],[280,-547],[51,-626],[323,-534],[10,-698],[591,-800],[139,-620],[110,-173],[887,-661],[144,-171],[0,-199],[-754,-271],[-1068,-682],[-166,-581],[-428,-460],[-588,-1229],[-533,-210],[-235,-260],[-479,27],[-747,-147],[-415,-227],[-546,-100],[-204,-137],[-89,-150],[75,-474],[-122,-808],[-228,-584],[1047,-1298],[536,-357],[717,-317],[686,-561],[336,-110],[153,-200],[89,-644],[468,-44],[296,-250],[75,-197],[-60,-997],[408,-996],[140,-966],[417,-290],[276,-405],[594,156],[702,-44],[706,271],[300,401],[298,79],[245,301],[545,383],[238,261],[681,51],[333,-60],[288,-336],[265,-73],[547,139],[563,377],[800,90],[1232,-189],[253,-284],[627,-347],[725,-666],[188,-73],[612,5],[426,136],[1563,-3],[388,-97],[606,-373],[1719,18],[860,-405],[305,-484],[401,-417],[501,-912],[216,-199],[184,-72],[693,27],[389,-308],[320,-1731],[1102,-906],[536,-654],[188,-50],[381,273],[239,17],[592,-190],[1361,-889],[17,-151],[-256,-113],[-597,-738],[-671,-655],[-311,-180],[-940,-271],[-414,-991],[-291,-351],[-406,-1065],[-210,-39],[-303,147],[-98,-63],[-64,-794],[260,-1021],[-68,-144],[-223,-99],[-135,-247],[133,-510],[-484,-1382],[552,-125],[347,23],[628,-478],[442,-218],[239,-305],[408,0],[496,202],[156,-110],[87,-563],[-68,-643],[517,-364],[339,-1051],[438,-402],[-314,-259],[-20,-327],[87,-249],[-52,-490],[-241,-310],[-131,-453],[-229,-273],[534,-759],[175,-943],[552,-1194],[-108,-536],[148,-879],[281,-113],[212,-372],[722,-780],[160,-74],[350,48],[215,-218],[219,-806],[121,-32],[360,164],[307,-32],[359,-399],[559,-234],[288,-337],[134,-363],[-14,-401],[-408,-1040],[37,-2574],[-105,-223],[-317,-267],[-89,-281],[22,-345],[-151,-404],[-153,-304],[-429,-360],[-134,-470],[-382,-21],[-301,-370],[-808,-482],[-568,-30],[-1004,296],[-385,27],[-211,-116],[-420,-24],[-338,-361],[-1716,-248],[-597,-573],[-935,-539],[-506,-559],[-633,-532],[-1152,-1340],[-703,-974],[-204,-421],[-84,-856],[-190,-235],[-401,-939],[-211,-263],[-471,-179],[-604,-2065],[-134,-159],[-2017,-1526],[-654,-7],[-935,-352],[-477,-787],[-89,-404],[-156,-134],[-521,-831],[-413,-274],[-945,-426],[-560,5],[-294,-288],[-142,-641],[-384,-507],[19,-926],[129,-339],[249,-133],[342,-489],[536,-431],[-117,-393],[17,-615],[-213,-1291],[-236,-336],[-571,-219],[-158,-544],[-6,-1099],[144,-370],[523,-251],[570,-74],[397,352],[505,102],[681,280],[605,-166],[527,-42],[848,-261],[410,18],[485,-415],[350,-154],[449,-874],[148,-765],[664,-597],[174,-267],[8,-213],[-178,-213],[-293,-142],[-634,-88],[43,-1178],[-330,-745],[-191,-673],[-735,-251],[-506,-333]],[[1313473,2970551],[-956,-1235],[-2140,-1264],[-727,-962],[-442,-314],[-483,-500],[-546,-103],[-496,-260],[-770,82],[-797,545],[-680,814],[-532,-326],[-157,-202],[-76,-290],[-148,-136],[-883,-235],[-523,-646],[-900,13],[-452,-635],[-563,491],[-803,427]],[[1256178,3171347],[262,555],[402,138],[748,1119],[717,467],[312,668],[360,285],[188,638],[203,339],[250,224],[779,183],[1096,676],[439,478],[332,191],[2,257],[-219,315],[-45,381],[132,704],[439,660],[-51,672],[71,245],[143,147],[177,11],[706,-307],[236,42],[90,339],[554,561],[25,517],[93,218],[551,696],[366,196],[523,-33],[269,213],[0,362],[-323,149],[-90,179],[42,307],[104,105],[161,108],[213,19],[436,-260],[191,-25],[442,202],[121,166],[115,472],[188,149],[211,-24],[332,-194],[827,-14],[317,94],[796,586],[194,450],[-694,895],[-399,957],[188,402],[617,555],[-23,173],[-502,476],[11,380],[120,101],[718,-189],[103,72],[-503,929],[-23,314],[228,28],[610,-134],[143,73],[169,230],[107,397],[330,377],[368,-247],[258,-15],[44,182],[-149,651],[244,302],[180,11],[306,-153],[500,119],[603,-147],[136,62],[461,650],[515,-61],[344,129],[378,-187],[410,-479],[389,-32],[227,630],[-414,732],[172,226],[167,450],[104,83],[269,-59],[229,662],[250,179],[146,229],[306,56],[203,347],[249,-113],[385,709],[316,113],[336,629],[187,-19],[319,-360],[237,-6],[97,58],[132,305],[291,146],[104,359],[685,65],[254,310],[222,62],[53,109],[619,80],[152,153],[256,-59],[649,167],[463,-227],[260,125],[97,483],[154,-250],[221,118],[315,-31],[233,288],[418,145],[260,229],[254,471],[276,286],[300,207],[264,64],[74,110],[-37,376],[411,304],[-94,315],[156,453],[383,65],[294,426],[453,322]],[[1289149,3203316],[369,135],[274,-33],[225,128],[438,-206],[332,2],[508,287],[221,-117],[385,-27]],[[1405801,2654876],[394,-723],[374,-198],[167,-227],[236,-913],[662,-1338],[-31,-217],[202,-406],[-173,-253],[-321,-149],[-580,-591],[-262,-626],[108,-186],[354,-292],[26,-364],[560,-454],[26,-109],[-590,-738],[-421,-324],[-324,-384],[-471,-1025],[-388,-377],[54,-403],[-345,-414],[-71,-456],[-118,-115],[-290,-28],[-193,-618],[-352,-115],[-156,-175],[21,-137],[285,-238],[67,-772],[-699,-196],[-304,-235],[-329,26],[-304,484],[-771,28],[-204,-222],[-831,44],[-129,-77],[190,-829],[-441,-565],[-24,-226],[-124,-207],[4,-224],[-248,-328],[-9,-746],[-243,-318],[-456,-334],[261,-372],[-71,-763],[120,-86],[385,77],[603,523],[117,-335],[428,-232],[156,-295],[279,-215],[337,-115],[290,-249],[179,-613],[309,-97],[1939,-1101],[310,-71],[1308,-889],[529,-220],[837,-62],[771,80],[833,-256],[659,-44],[623,5],[2132,251],[572,-95],[304,-299],[364,-1015],[402,-818],[661,-701],[743,-496],[751,-206],[812,-438],[258,-560],[110,-507],[-168,-1251],[-844,-1066],[-825,-682],[-979,-1316],[-522,-507],[-275,-489],[0,-186],[739,-1451],[1202,-1840],[138,-439],[-35,-526],[86,-422],[601,-641],[155,-287],[171,-788],[256,-195],[389,-117],[164,-245],[67,-807],[-206,-699],[-357,-351],[-493,-140],[-298,-204],[-461,-45],[-234,147],[-188,555],[-118,55],[-141,-62],[-497,-963],[-93,-444],[-84,-86],[-627,-340],[-762,-132],[-464,-346],[-312,-129],[-225,-290],[-298,-108],[-318,-517],[-380,-121],[-759,-829],[-587,0],[-563,-376],[-188,104],[-23,216],[287,446],[206,649],[-9,208],[-1202,499],[-209,193],[-447,711],[-361,146],[-690,53],[-730,-212],[-203,-248],[-566,49],[-759,-975],[-611,-205],[-262,-268],[-297,-512],[-80,-336],[-948,-1517],[-73,-453],[-335,-314],[-143,-541],[-291,-373],[-45,-244],[237,-421],[-26,-315],[-177,-289],[-711,-689],[-326,-699],[-829,-311],[-2011,-1002],[-890,-43],[-466,-137],[-1236,161],[-1194,34],[-996,247],[-630,-230],[-601,-548],[-193,-713],[337,-404],[151,-426],[623,-367],[123,-716],[-324,-696],[-630,-776],[-831,-623],[-681,6],[-1192,-726],[-709,-271],[-157,-174],[-145,-602],[-153,-125],[-520,-6],[-178,-103],[-290,-419],[-311,-243],[-79,-243],[-267,-346],[-1255,221],[-311,-88],[-1027,-67],[-24,-732],[392,-540],[136,-519],[-775,-171],[-783,335],[-474,-369],[-85,-325],[-335,-480],[-364,-1036],[413,-846],[197,-1207],[638,-791],[196,-534],[287,-98],[674,94],[313,-116],[265,-179],[118,-197],[-105,-440],[-713,-363],[-335,-286],[-504,-35],[-948,-511],[-286,-229],[-622,-885],[125,-727],[-209,-342],[-366,-342],[12,-525],[-280,-586],[230,-565],[-34,-355],[-665,-732],[93,-512],[-258,-214],[-370,-39],[-106,-107],[-88,-584],[48,-746],[-756,-449],[83,-431],[-240,-43],[-310,293],[-517,264],[-275,320],[-601,389],[-615,130],[-457,-52],[-229,-103],[-211,-225],[-386,-138],[-861,17],[-1055,-431],[-211,-156],[-246,-414],[18,-380],[299,-1001],[-369,-881],[-246,-1053],[-703,-2097],[-563,-691],[-210,-811],[-440,-380],[-334,-501],[18,-1157],[-158,-362],[-2765,-587],[-875,-888],[-1018,-111],[-169,-222],[-735,-583],[-480,-139],[-537,28],[-593,-139],[-255,-139],[-335,-432],[-284,-729],[-219,-1231],[97,-1078],[-76,-545],[-353,-489],[-800,-718],[-350,-398],[-100,-275],[-364,-324],[97,-415],[370,-257],[97,-209],[-51,-680],[102,-1107],[-197,-1550],[-122,-405],[-673,-936],[-595,-595],[-833,-388],[-635,-473],[-64,-399],[139,-1052],[-332,-561],[-526,-492],[-1326,-817],[-192,-202],[-119,-928],[53,-604],[139,-533],[469,-1000],[-53,-520],[-172,-156],[-1382,-520],[-244,-175],[-728,-1039],[-535,-461],[-225,-494],[33,-429],[106,-240],[1798,-2040],[714,-2364],[147,-244],[626,-465],[544,-85],[1017,240],[478,-30],[2253,-669],[616,-70],[641,175],[1617,949],[325,15],[1185,-195],[489,-150],[274,-175],[260,-239],[344,-654],[486,-247],[324,-334],[386,-53],[723,-305],[772,-111],[588,69],[292,-342],[682,-293],[185,-475],[234,111],[542,895],[442,89],[473,292],[293,647],[194,40],[352,-137],[1290,824],[911,-27],[412,81],[1085,784],[-45,608],[216,264],[220,711],[165,183],[249,-29],[243,-172],[283,73],[235,-150],[709,-20],[507,281],[257,322],[544,125],[408,-205],[209,11],[188,137],[32,315],[191,521],[535,247],[255,-102],[275,-487],[219,-173],[550,111],[194,256],[208,62],[588,-483],[87,-159],[263,-131],[966,145],[322,-156],[280,-9],[93,-153],[-58,-316],[304,-279],[715,46],[465,-296],[171,-341],[345,-17],[56,-409],[-208,-659],[584,-627],[-495,-550],[-247,-114],[-307,14],[-292,-342],[-66,-161],[111,-390],[-289,-348],[-60,-381],[-221,-149],[-113,-270],[-1296,305],[-278,-18],[-525,-368],[-851,-785],[-232,-836],[129,-634],[310,-506],[107,-356],[-137,-1178],[-299,-532],[-576,-643],[-581,-434],[-464,-230]],[[1381006,2525450],[-327,-49],[-393,68],[-742,474],[-950,-209],[-489,156],[-566,407],[-539,575],[-362,679],[-413,561],[-173,69],[-345,-451],[-261,-50],[-549,543],[-665,308],[-572,627],[-540,-15],[-522,99],[-269,-85],[-322,-317],[-251,-124],[-636,126],[-606,-258],[-302,80],[-366,253],[-536,217],[-600,-23],[-537,-298],[-742,-733],[-121,-386],[-49,-889],[-188,-701],[345,-309],[-89,-1455],[304,-439],[514,-79],[29,-88],[-76,-272],[-434,-680],[18,-108],[259,-231],[0,-241],[-701,-429],[137,-106],[380,-73],[147,-151],[-1,-138],[-268,-414],[-435,-425],[174,-334],[-110,-374],[306,-369],[-182,-655],[494,-501],[-4,-254],[124,-294],[-45,-259],[-225,-419],[-392,16],[-220,-309],[-270,160],[-920,-62],[-360,105],[-288,306],[-63,357],[-512,589],[-93,-34],[-162,-362],[-410,-8],[312,489],[-442,149],[-3,487],[-600,414],[-414,395],[-305,749],[-680,-410],[-340,-4],[-1,-75],[290,-161],[-305,-474],[-159,19],[-665,567],[-161,-25],[-227,-430],[-20,-393],[245,-385],[-13,-226],[-279,-341],[-454,-273],[-367,56],[-332,-307],[-171,-54],[-299,58],[-263,278],[-147,-43],[-226,-244],[-195,32],[-162,198],[-233,85],[-590,-89],[-109,-116],[109,-476],[-177,-189],[-175,-52],[-275,205],[-175,0],[-533,-472],[-275,128],[-259,-215],[-473,-162],[-767,82],[-601,-70],[-214,-221],[-360,-36],[-236,-174],[-415,-92],[-514,2],[-158,134],[-307,-59],[-353,279],[-402,818],[-213,742],[393,224],[-16,176],[-547,95],[-55,63],[27,321],[-68,56],[-105,2],[-154,-216],[-78,-4],[-73,378],[-355,-157],[-200,131],[-280,-168],[-15,443],[-59,53],[-465,-313],[-470,-87],[-93,-491],[-427,-332],[-485,104],[-768,-358],[-348,60],[-339,182],[-128,-167],[-35,-301],[-147,-61],[-733,568],[-480,-586],[-493,151],[-115,-160],[-89,-379],[-975,-14],[-48,162],[312,396],[425,-21],[60,131],[-730,271],[-575,467],[-609,-177],[-486,802],[-294,218],[-50,380],[77,644],[-960,437],[142,291],[645,429],[96,180],[-428,1313],[-23,980],[-203,77],[-555,-315],[-205,20],[-237,-162],[-242,36],[-86,78],[-30,274],[-180,113],[-267,599],[-97,66],[-326,-25],[-219,255],[27,218],[803,832],[29,386],[-309,30],[-321,-336],[-290,444],[-474,-332],[-657,182],[-43,419],[-338,93],[-924,656],[-38,271],[646,5],[24,111],[-139,261],[-342,1],[-284,411],[-493,-145],[-366,394],[-703,43],[-47,191],[108,683],[-786,544],[-99,324],[-293,266],[-922,200],[-258,-79],[-261,-276],[-231,-65],[-239,188],[80,515],[-163,117],[-793,201],[-960,-134],[-281,117],[-106,253],[45,182],[196,107],[488,-61],[293,53],[177,143],[141,288],[-70,97],[-251,50],[-387,-227],[-188,38],[-105,148],[161,436],[-21,132],[-229,189],[-803,336],[10,382],[274,221],[63,198],[-49,332],[-245,247],[21,321],[335,250],[464,98],[70,441],[-95,79],[-489,39],[-108,537],[-660,563],[-257,448],[-160,-19],[-291,-369],[-490,-172],[-335,13],[-80,364],[10,1074],[-234,126],[-356,-126],[-120,31],[-295,292],[-346,561],[52,245],[709,118],[365,228],[46,190],[-268,292],[-12,152],[109,142],[428,125],[64,145],[-70,182],[-320,187],[65,503],[-49,99],[-229,148],[-483,33],[-835,-384],[-123,179],[222,507],[-108,131],[-403,112],[-242,-193],[-156,-6],[-165,130],[-126,402],[-666,118],[-1082,-35],[-277,75],[-145,145],[-4,198],[307,483],[-206,46],[1,110],[-185,145],[-161,18],[-220,-408],[-418,-280],[-470,-35],[-451,255],[-17,197],[124,338],[-571,292],[-72,228],[194,341],[378,247],[63,205],[-224,209],[-527,205],[-124,131],[-15,186],[74,342],[202,371],[1036,1017],[31,228],[-234,259],[-506,-135],[-597,206],[-674,-100],[-135,155],[858,692],[211,382],[-24,147],[-565,110],[-499,290],[-275,-98],[-350,-280],[-122,-4],[-120,214],[-36,406],[110,182],[303,195],[7,190],[-555,349],[-590,-133],[-557,217],[-243,193],[-417,905],[-344,249],[-479,0],[-158,-182],[131,-1009],[-29,-245],[-87,-78],[-732,-193],[-468,-222],[-396,-47],[-270,244],[131,485],[-53,222],[-316,194],[-454,40],[-126,-58],[-110,-228],[80,-543],[-213,-298],[-152,-60],[-447,136],[-249,207],[-160,330],[171,389],[569,450],[89,576],[-481,468],[-993,553],[-926,96],[-1297,-1005],[-814,-377],[-1250,32],[-829,330]],[[1244371,2825187],[1169,-246],[406,-168],[224,-280],[224,-538],[311,-169],[207,79],[329,294],[1157,600],[386,51],[334,-594],[-11,-1121],[103,-271],[570,-577],[403,-283],[1503,-368],[288,147],[46,555],[104,147],[657,0],[446,121],[187,-116],[190,-418],[265,-159],[83,24],[389,514],[507,911],[144,481],[-166,1082],[-358,1008],[-32,320],[422,237],[910,319],[716,-102],[1182,720],[2450,-446],[231,136],[631,1025],[191,208],[253,82],[290,-12],[484,-185],[387,-12],[601,-181],[14,290],[175,290],[691,6],[645,650],[504,265],[42,142],[-164,502],[102,663],[301,650],[279,323],[-7,496],[104,337],[329,410],[599,-82],[509,475],[749,-72],[619,233],[327,-172],[495,21],[314,196],[377,43],[314,457],[129,48],[301,-1],[520,-160],[262,83],[472,-19],[377,278],[503,647],[239,-72],[554,-389],[701,-242],[-92,850],[447,613],[-139,369],[265,650],[-17,1247],[1105,1115],[625,182],[392,-174],[303,104],[237,-42],[261,-609],[131,-1491],[329,-560],[734,-112],[784,506],[359,41],[168,199],[228,754],[485,174],[106,141],[-9,792],[165,248],[303,-21],[515,-457],[130,-36],[249,116],[144,444],[67,754],[156,634],[232,402],[21,352],[388,526],[188,626],[387,-247],[350,48],[193,-555],[713,-735],[313,-584],[953,-680],[196,-663],[-298,-435],[42,-452],[376,-691],[228,-804],[331,-114],[485,-28],[664,704],[404,-145],[899,30],[593,208],[438,298],[537,167],[2147,-56],[402,56],[572,208],[142,229],[-101,802],[340,348],[-11,128],[-515,693],[-4,120],[120,154],[160,19],[612,-253],[458,-425],[274,-130],[82,-347],[-67,-1009],[201,-841],[289,-533],[526,-167],[176,111],[647,1522],[411,265],[1175,112],[865,-189],[804,51],[436,227],[999,912],[447,-216],[203,-8],[518,240],[768,-12],[46,-129],[-552,-1193],[46,-646],[-329,-1662],[722,-253],[1050,-70],[211,-141],[447,-593],[215,-489],[17,-1404],[80,-593],[299,-286],[215,-726],[1310,-292],[796,140],[227,-1038],[-60,-331],[68,-247],[277,68],[157,-235],[574,-223],[1635,-1434],[364,-35],[214,292],[832,174],[49,-242],[-89,-655],[74,-1309],[143,-709],[299,-510],[38,-968],[-590,-1366],[118,-635],[-110,-702],[-435,-1235],[-37,-500],[82,-201],[112,-45],[262,75],[1335,627],[900,86],[537,630],[216,77],[349,461],[276,163],[56,390],[441,687],[293,133],[607,-155],[363,116],[191,337],[335,2110],[150,426]],[[1419034,2762011],[-143,160],[-68,359],[-712,257],[-595,717],[-605,488],[-251,-21],[-436,-189],[-350,147],[-427,34],[-244,236],[-148,27],[-288,-236],[-269,-569],[-372,-148],[-235,92],[68,708],[-85,274],[-174,219],[-146,88],[-336,-21],[-489,272],[-280,24],[-137,-70],[-558,-880],[-278,-143],[-272,-2],[-375,115],[-381,343],[-309,95],[-298,253],[-1138,127],[-979,311],[-765,-260],[-467,-681],[-1097,-481],[-460,-297],[-165,-306],[-41,-276],[188,-719],[-55,-260],[-681,-836],[-120,-387],[-376,-466],[-619,-69],[-681,110],[-274,132],[-647,-42],[-408,125],[-239,334],[-517,-72],[-189,-114],[-149,-342],[-447,-536],[-341,-864],[-759,-213],[-790,-331],[-371,-423],[-253,91],[-270,238],[-250,-17],[-197,-296],[-98,-334],[-408,-442],[458,-273],[273,-660],[-138,-506],[124,-461],[444,-290],[-129,-442],[79,-649],[-93,-232],[-71,-843],[90,-246],[349,-201],[42,-300],[-103,-417],[240,-416],[26,-280],[-72,-240],[-335,-423],[10,-493],[-82,-192],[-1135,-879],[-48,-714],[-116,-191],[-329,21],[-367,402],[-122,-54],[-232,-382],[-717,-171],[-523,26],[-376,216],[-1271,166],[-384,466],[-122,35],[-494,-170],[-15,-408],[-139,-215],[-653,-108],[-859,-729],[-755,-166],[-59,-201],[180,-346],[-26,-166],[-394,-261],[-68,-242],[-137,-156],[-579,-137],[368,-393],[257,-631],[-30,-429],[139,-276],[47,-331],[-102,-371],[-333,-349],[-126,-357],[148,-409],[24,-865],[-136,-212],[-487,-373],[-684,88],[-615,-502],[-240,-67],[-252,51],[-452,353],[-653,188],[-319,-26],[-973,-340],[-547,126],[-673,-111],[-681,114],[-222,-121],[-126,-179],[89,-499],[-223,-946],[-344,-288],[-332,120],[-341,-34],[-150,-378],[-167,-192],[-132,-43],[-86,-145],[-156,5],[-153,-190],[-167,2],[65,-318],[-146,-89],[173,-454],[-97,-75],[-454,59],[-38,-271],[-469,-649],[100,-144],[214,-27],[661,-349],[300,-314],[-140,-54],[98,-162],[-124,-189],[113,-219],[-34,-127],[-352,-251],[254,-152],[-4,-569],[133,-148],[-6,-198],[-211,-361],[-263,175],[-347,-172],[6,-110],[272,-129],[109,-209],[-73,-106],[-349,-150],[-244,-344],[-572,371],[-59,128],[183,61],[22,188],[-368,232],[-202,366],[-177,-59],[-126,137],[-112,-63],[-346,108],[-48,123],[-141,65],[89,186],[-605,179],[-262,167],[-606,-3],[-798,507],[-118,-51],[-78,-384],[-715,107],[-365,241],[-200,418],[-408,404],[-842,327],[-65,211],[179,207],[-162,166],[-5,134],[315,296],[-339,192],[-12,322],[-135,189],[-763,389],[-45,99],[106,136],[-25,124],[-494,303],[-466,668],[-73,366],[294,852],[-54,348],[-956,1598],[-372,68],[-942,573],[-110,443],[-114,-496],[-787,-482],[-59,-309],[-215,-259],[-19,-516],[-179,-422],[112,-1020],[-205,-300],[-411,-228],[-125,-213],[-523,-230],[-552,-462],[-487,4],[-272,395],[-475,193],[-466,-557],[-270,-180],[-45,-163],[-441,369],[-62,271],[66,470],[672,823],[-191,561],[25,564],[-481,714],[-443,243],[-50,319],[-558,136],[-60,-805],[-620,-114],[-462,-359],[104,-1342],[-424,-794],[-107,-426],[-201,-292],[39,-173],[142,-24],[92,-127],[47,-436],[-773,-222],[-116,-585],[185,-228],[30,-182],[-361,33],[-191,-207],[182,-273],[48,-233],[-188,-100],[-484,33],[-326,-280],[-322,-83],[40,-209],[-405,-26],[-180,-372],[-334,37],[-857,-642],[-525,-104],[-229,-181],[-467,-754],[-623,156],[-385,269],[-384,-363],[-268,-871],[649,-656],[54,-313],[-286,-398],[-634,-51],[-99,-91],[-90,-961],[322,-433],[96,-475],[1049,-173],[690,-413],[203,-488],[-259,-550],[-166,-45],[-358,182],[-232,-23],[-308,-375],[-137,-690],[-225,-291],[-146,2],[-302,320],[-157,-4],[-673,-542],[-974,-298],[-454,-409],[-308,58],[-81,303],[133,453],[152,190],[215,55],[303,-76],[124,128],[-47,422],[-181,172],[-810,-168],[-293,-324],[-1093,-791],[-35,-458],[-470,-668],[120,-694],[-376,-300],[-49,-126],[120,-272],[531,-146],[41,-178],[-672,-208],[-124,-166],[-41,-254],[10,-1084],[110,-596],[363,-702],[57,-790],[209,-933],[-32,-291],[-624,-623],[-122,-379],[40,-408],[266,-474],[-212,-244],[-795,0],[-257,-144],[-5,-218],[458,-518],[45,-711],[-159,-139],[-339,-44],[-112,-147],[-62,-500],[159,-648],[-10,-327],[-338,-1127],[-527,-1229],[-221,-36],[-152,241],[-246,79],[-1082,-357],[-152,-156],[-12,-347],[544,-777],[0,-330],[-221,-86],[-485,245],[-393,603],[-189,459],[-567,516],[-368,-340],[-40,-124],[124,-462],[232,-459],[-35,-169],[-249,98],[-348,435],[-259,-5],[-875,-543],[-164,-603],[-396,-333],[-181,110],[-266,755],[-450,218],[-135,-39],[-246,-411],[-537,-481],[-274,-132],[-335,161],[-274,474],[-367,315],[-680,-359],[-787,46],[-869,338],[-715,70],[-553,264],[-103,210],[7,232],[197,164],[1068,276],[399,221],[365,433],[-23,232],[-188,274],[-697,617],[-363,-373],[-553,-201],[-272,-257],[-399,27],[-861,387],[-295,356],[-718,309],[-476,402],[106,-719],[127,-287],[813,-18],[171,-105],[104,-231],[-283,-756],[16,-896],[-414,-221],[-308,-321],[-41,-373],[-410,-189],[-245,-224],[-93,-549],[-157,-263],[-243,-34],[-443,118],[-365,-256],[-389,-40],[-114,-420],[-605,-420],[-345,-405],[-32,-302],[105,-641],[-114,-330],[126,-930],[238,-252],[529,-152],[456,-470],[73,-339],[266,-352],[360,-1298],[80,-458],[-21,-758],[228,-379],[17,-411],[155,-318],[-37,-533],[-388,-461],[118,-304],[-5,-304],[618,-216],[613,103],[205,-75],[54,-116],[14,-693],[230,-353],[170,-608],[-420,-391],[-72,-179],[33,-161],[242,-293],[105,-337],[-206,-1078],[21,-315],[147,-423],[504,-469],[47,-368],[-112,-588],[213,-781],[-108,-270],[-171,-106],[-542,111],[-242,-44],[-712,-561],[-262,-508],[-426,-410],[-403,-215],[-440,-34],[68,-1512],[150,-709],[-176,-1119],[387,-1079],[250,-235],[384,35],[109,-70],[188,-799],[298,8],[455,254],[179,14],[326,-81],[275,-196],[620,-1058],[24,-190],[-128,-184],[7,-123],[267,-566],[-472,204],[-259,-2],[-49,-425],[-149,-119],[-1387,14],[-539,112],[23,-321],[-67,-55],[-415,69],[-383,-213],[-250,235],[-130,-409],[-597,-407],[-726,-71],[-334,266],[-314,-149],[-503,343],[-415,-128],[-290,209],[-813,-181],[-738,314],[-209,-116],[-305,-40],[-174,423],[-144,102],[-717,-232],[-786,-604],[-347,-26],[-199,-96],[-227,240],[6,536],[-115,230],[-307,90],[-455,-40],[-447,-188],[-557,-385],[-497,-528],[-336,-656],[-687,-384],[148,-488],[-223,-430],[-116,-471],[-424,-606],[49,-221],[549,-491],[-18,-165],[-279,-296],[-6,-298],[241,-363],[221,-1050],[361,-725],[225,-714],[163,-107],[569,-71],[459,-396],[1108,898],[768,208],[353,203],[207,460],[131,964],[244,445],[271,129],[403,-37],[1137,-371],[463,-59],[1796,102],[185,-234],[540,-1172],[800,-1323],[150,-132],[787,-368],[590,-141],[266,9],[981,279],[790,356],[716,448],[1643,1382],[444,555],[403,905],[237,1041],[494,1387],[753,1001],[393,245],[169,344],[41,178],[-88,734],[-378,1178],[72,273],[518,191],[2279,449],[1405,394],[691,-46],[2689,-433],[3321,-259],[2315,218],[1238,249],[396,292],[298,716],[12,319],[-281,875],[158,585],[357,408],[900,595],[490,43],[118,90],[410,1022],[869,1617],[1385,1917],[514,382],[379,137],[2517,-456],[167,-54],[276,-311],[526,-912],[632,-790],[1157,-882],[558,-556],[712,-1209],[1,-353],[444,-339],[1171,-409],[1086,-155],[486,19],[906,192],[380,-13],[1261,-730],[1710,-844],[633,-677],[657,-1992],[484,-543],[268,-168],[309,-47],[722,268],[547,-392],[405,-443],[1374,-862],[-9,-98],[-342,-385],[-90,-573],[-294,-240],[-132,-290],[1071,-498],[409,-547],[-365,-347],[-365,-196],[-712,42],[-153,-623],[-394,106],[-278,-383],[-313,29],[-21,-170],[240,-70],[295,-407],[-9,-125],[-119,-115],[-632,6],[-453,-462],[-226,-38],[-684,430],[-209,313],[-173,81],[-466,-564],[-643,-320],[-326,-289],[-695,-135],[-273,-455],[-305,-70],[33,-516],[-171,-289],[-438,-149],[-387,98],[-248,-62],[-84,-238],[364,-554],[67,-271],[-78,-146],[-378,-69],[-196,-327],[-163,-47],[-428,174],[-797,-106],[-522,-684],[-140,-714],[-127,-21],[-365,224],[-166,-2],[-694,-576],[-494,81],[-229,-101],[-266,-345],[-228,-93],[-145,-315],[-530,48],[-377,-170],[-106,-459],[282,-663],[260,-56],[104,-317],[-26,-119],[-257,65],[-4,-128],[420,-287],[318,259],[223,321],[231,-356],[-245,-588],[-408,116],[-592,-213],[35,-426],[214,-621],[-30,-480],[-166,-129],[-122,-251],[14,-426],[-374,-438],[-304,86],[-285,-147],[-115,-352],[-296,-176],[-357,-662],[64,-297],[631,-402],[-17,-366],[198,-485],[206,29],[384,517],[92,22],[78,-449],[152,-169],[175,5],[256,178],[174,-13],[53,-149],[-236,-400],[101,-158],[148,-20],[292,146],[521,-169],[16,-384],[291,134],[587,-434],[546,269],[267,817],[320,84],[64,-192],[-139,-294],[0,-321],[276,317],[347,103],[338,-613],[313,-274],[455,-171],[659,-623],[909,-298],[-145,-323],[209,-523],[-139,-411],[303,-467],[4,-484],[204,-40],[784,162],[485,-139],[480,121],[700,326],[353,282],[272,374],[501,350],[88,354],[219,219],[614,206],[-106,322],[395,52],[95,255],[934,217],[1140,-72],[-95,532],[108,149],[92,490],[-25,536],[-244,407],[-342,282],[-293,95],[-487,487],[496,344],[77,157],[-463,945],[-54,331],[32,1331],[308,760],[58,798],[141,379],[151,176],[267,120],[434,-22],[116,59],[69,504],[198,419],[477,175],[153,170],[763,420],[127,593],[342,530],[265,73],[809,-454],[265,-447],[544,-82],[757,141],[413,-368],[566,-132],[324,-295],[174,-567],[284,-324],[75,-537],[1158,-625],[320,12],[136,476],[251,71],[264,316],[97,420],[666,-26],[638,-187],[329,-247],[163,-653],[428,-319],[64,-333],[260,-233],[247,-435],[266,153],[682,30],[204,153],[399,102],[116,236],[268,126],[104,345],[650,309],[502,381],[657,-290],[301,210],[189,-7],[126,-624],[284,-428],[539,-492],[155,-409],[439,-167],[-376,-779],[249,-192],[476,-117],[504,-267],[398,-402],[439,-115],[299,-373],[580,80],[368,217],[690,200],[380,434],[281,115],[134,-126],[150,-503],[510,-495],[-121,-401],[69,-121],[457,70],[308,-75],[194,102],[278,-24],[224,99],[711,-167],[278,157],[144,-5],[308,-291],[783,-175],[452,-506],[231,83],[1146,-308],[357,-883],[596,-520],[192,-274],[307,-137],[-25,-445],[70,-87],[285,-150],[279,-37],[532,349]],[[1306566,3191381],[168,110],[758,-24],[890,683],[1567,77],[422,193],[178,206],[1019,461],[388,32],[614,-79],[599,-143],[469,-318],[598,0],[162,79],[727,1033],[195,111],[663,16],[258,64],[486,317],[743,-15],[292,174],[129,286],[97,604],[291,572],[32,381],[162,223],[1197,524],[1294,397],[275,0],[1681,-429],[583,-397],[355,-32],[1440,-937],[1957,16],[1051,-413],[1116,-48],[695,80],[340,238],[598,32],[453,-223],[275,-254],[307,-64],[1019,128],[792,381],[292,-16],[339,-143],[1520,-1192],[1052,-238],[210,-159],[841,-95],[1196,63],[437,143],[212,222],[149,487],[17,966],[176,501],[17,449],[352,604],[211,855],[35,483],[369,553],[35,190],[-228,776],[35,622],[140,449],[-35,483],[-211,415],[36,725],[87,224],[-35,466],[-457,618],[-211,846],[-35,2928],[88,1071],[299,673],[439,639],[932,759],[1019,259],[562,0],[703,-207],[826,-380],[562,-69],[1230,-759],[914,-121],[440,-173],[1476,-150],[580,-414],[474,-190],[967,-173],[351,-172],[457,-415],[299,-121],[1247,-86],[246,-69],[387,-294],[984,-276],[861,-17],[387,-259],[527,-121],[545,-293],[140,-466],[246,-380],[53,-587],[721,-639],[298,-518],[457,-414],[169,-700],[-35,-276],[-106,-259],[-632,-759],[0,-432],[70,-224],[158,-139],[-53,-362],[492,-484],[1371,-483],[387,-397],[404,-207],[597,-743],[36,-466],[105,-172],[158,-35],[738,-552],[94,-147],[0,-562],[-177,-840],[55,-252],[192,-149],[405,47],[60,-297],[134,-169],[645,-158],[328,-383],[123,-45],[978,375],[257,176],[-33,172],[-288,288],[-15,405],[395,374],[520,206],[655,-77],[186,113],[0,399],[-224,455],[87,592],[-179,415],[231,224],[60,308],[291,227],[26,107],[-346,246],[-54,235],[72,161],[265,196],[553,-69],[271,316],[150,-21],[319,-304],[420,164],[370,47],[329,205],[61,281],[-96,264],[122,324],[-78,290],[-401,439],[371,147],[278,396],[555,166],[277,718],[-213,358],[-583,438],[-183,609],[837,9],[449,353],[393,657],[908,30],[97,236],[199,202],[60,302],[1085,190],[653,358],[475,69],[544,-34],[809,103],[281,121],[580,0],[2488,863],[598,518],[949,156],[1230,-277],[1001,-587],[1403,-604],[1001,-293],[334,0],[897,-225],[228,138],[176,277],[562,414],[914,915],[949,604],[615,242],[1107,898],[2330,949],[1054,121],[1248,-104],[510,-120],[861,-397],[1107,-380],[1266,-317],[814,1046],[921,1448],[443,481],[548,393],[333,108],[984,841],[788,232],[376,-146],[1050,-162],[642,88],[831,390],[458,423],[312,424],[950,-208],[1089,-501],[2988,87],[386,120],[1245,915],[456,139],[528,397],[2837,1592],[323,272],[680,313],[1393,371],[1276,536],[277,202],[1842,483],[974,45],[591,-206],[290,-297],[42,-425],[-244,-742],[-276,-486],[-1868,-2039],[-511,-436],[-760,-482]],[[1481296,2800981],[359,-242],[812,190],[259,-77],[189,-165],[45,-432],[-773,-973],[6,-200],[151,-175],[194,-73],[393,9],[739,859],[363,115],[123,-109],[-28,-136],[-594,-514],[-64,-199],[83,-197],[138,-42],[677,317],[262,3],[24,-205],[-403,-505],[56,-182],[184,-175],[311,-66],[415,99],[514,584],[157,78],[262,-51],[-231,-559],[37,-142],[246,-142],[1231,432],[187,-6],[225,-299],[-165,-688],[99,-319],[138,-126],[279,-46],[1033,307],[456,-74],[518,26],[78,-177],[-292,-493],[102,-320],[393,-120],[567,194],[401,-41],[430,-1207]],[[1491882,2794717],[-107,-99],[-18,-464],[-102,-2],[-207,248],[-107,4],[4,-378],[-690,-106],[-89,-162],[-240,-161],[-18,-163],[200,-274],[323,-216],[686,-124],[-75,-577],[54,-108],[656,-43],[251,-181],[182,224],[260,-43],[19,-244],[178,-219],[-23,-751],[267,-102],[199,261],[166,-41],[-104,-401],[-52,-937],[563,-356],[214,-335],[542,-541],[99,-222],[-116,-175],[40,-92],[221,-103],[685,-98],[407,-353],[452,-574],[222,-479],[-225,-447],[216,-166],[-133,-316],[178,-166],[-10,-535],[790,-178],[396,-443],[426,-75],[100,-241],[227,-184],[71,-305],[118,-111],[-19,-181],[-229,-22],[-300,162],[-293,-292],[29,-457],[276,-399],[-308,-225],[-86,-174],[468,-273],[543,-193],[-364,-481],[-211,-131],[-40,-128],[161,-144],[58,-301],[384,-178],[42,-303],[234,-120],[890,215],[217,-327],[64,-326],[-200,-379],[593,-750],[-87,-189],[72,-40],[-61,-2235],[-13905,417],[-732,-305],[-268,-450],[-667,-227],[-371,155],[-871,843],[-357,139],[-229,-101],[-315,-293],[-554,-72],[-142,-144],[-88,-269],[-535,-179],[-411,-16],[-366,-264],[-334,-67],[-252,-148],[-336,-261],[-142,-605],[29,-387],[463,-304],[837,-185],[91,154],[-103,181],[-404,50],[-174,169],[39,171],[103,57],[375,-26],[326,-176],[286,-535],[339,-52],[414,-217],[235,82],[335,299],[260,9],[17,-139],[-355,-385],[73,-222],[415,-99],[338,-308],[1166,-113],[181,-130],[173,-504],[123,-123],[850,-165],[-18,-249],[-501,-310],[-20,-281],[110,-79],[801,194],[204,-40],[66,-138],[-42,-360],[-380,-48],[-107,-159],[100,-147],[463,-144],[130,-294],[0,-152],[-319,-623],[-239,-300],[34,-276],[149,-80],[174,63],[402,302],[262,392],[194,-61],[230,-299],[-29,-325],[-349,-24],[-198,-111],[7,-355],[-156,-370],[92,-141],[190,10],[294,547],[126,95],[435,12],[267,171],[180,18],[103,-108],[-2,-373],[269,-905],[718,-385],[138,-165],[112,72],[-107,599],[90,86],[164,-1],[181,-337],[312,-50],[443,-229],[329,-43],[646,-472],[247,3],[413,188],[168,-7],[796,-388],[54,-232],[-421,-268],[169,-234],[774,-83],[537,241],[715,-63],[111,-294],[-180,-407],[431,-105],[649,-468],[12,-154],[-176,-306],[294,-210],[114,-178],[-142,-280],[11,-273],[190,-138],[267,1],[61,-118],[-24,-372],[-219,-349],[254,-304],[343,-118],[-24,-138],[-254,-208],[149,-351],[222,-53],[578,96],[277,201],[164,-43],[270,-240],[31,-240],[-145,-655],[44,-178],[137,-105],[419,15],[156,-160],[-49,-238],[-267,-367],[-8,-177],[99,-149],[672,-175],[553,207],[478,58],[155,400],[293,97],[70,171],[67,-195],[-7003,-9207],[-8056,1676],[-575,32]],[[1486217,2749832],[-13854,1056],[2101,4551],[205,599],[429,479],[263,820],[470,859],[64,558],[152,487],[12,641],[-46,757],[-230,136],[-2168,-211],[-1111,216],[-329,-3],[-805,-173],[-1242,-40],[-4368,-810],[-769,-432],[-753,-682],[-653,-198],[-1003,-691],[-632,-99],[-705,63],[-300,-536],[-1082,-351],[-185,22],[-185,178],[-51,453],[-69,20],[-599,-294],[-11,-401],[-595,-93],[-287,165],[-210,-821],[-361,56],[-336,-99],[-246,225],[-284,85],[-119,-208],[-253,-97],[-88,-116],[-785,-154],[-117,-301],[-157,-75],[-107,40],[-292,407],[-590,0],[-336,39],[-247,125],[-529,28],[-239,-73],[-168,-161],[-270,305],[-141,-14],[-133,-185],[-205,95],[-272,6],[-939,358],[-555,24],[-605,-348],[-431,-438],[-418,144],[-619,46],[-484,138],[-229,-31],[-689,-398],[-205,664],[-6,279],[-426,189]],[[1445790,2756612],[25,279],[267,205],[155,492],[342,199],[256,379],[-45,336],[95,803],[-120,715],[139,239],[-74,547],[226,844],[783,442],[722,664],[-91,509],[746,536],[-75,453],[-518,344],[-317,643],[-231,90],[-62,170],[-354,227],[342,862],[-141,122],[-216,34],[-144,246],[52,399],[347,770],[-240,287],[22,110],[107,173],[349,226],[104,441],[284,292],[129,308],[-223,115],[-409,503],[204,433],[-201,299],[4,248],[516,457],[336,176],[949,225],[343,286],[137,233],[-12,449],[-461,1531],[433,851],[-459,329],[-25,176],[366,663],[-91,326],[218,445],[17,496],[260,183],[152,578],[-347,540],[-516,-19],[-205,112],[28,451],[-189,295],[-72,457],[-1048,486],[-728,-48],[-156,156],[-87,368],[-171,239],[-679,280],[-34,362],[-135,209],[-95,491],[-227,199],[-19,254],[-217,182],[-91,302],[-453,301],[-368,21],[-273,166],[-23,172],[167,682],[-31,563],[-79,253],[21,328],[-213,323],[-252,214],[-924,91],[-905,690],[-722,819],[-722,239],[-976,1938]],[[1435698,2827873],[167,-190],[532,-177],[241,-688],[169,-171],[239,-86],[425,205],[593,-387],[131,-399],[464,187],[146,-56],[617,-677],[236,-649],[261,-336],[542,-348],[662,-1061],[467,-122],[54,-432],[-455,-375],[90,-305],[-84,-561],[-233,-393],[206,-308],[454,-314],[39,-127],[656,-386],[83,-530],[141,-222],[9,-500],[610,-290],[453,27],[112,-85],[31,-150],[-104,-279],[230,-535],[866,-398],[237,-439],[672,-194],[337,0],[183,-342],[143,-75],[332,91],[959,-107],[180,52],[351,-75],[383,23],[231,77],[40,435],[236,324],[261,-12],[367,-214],[276,-326],[229,-59],[366,-314],[322,-454],[313,30],[327,-137],[142,-533],[347,53],[181,-477],[596,-156],[80,-455],[721,-217],[65,-181],[-165,-352],[-22,-255],[93,-403],[344,-312],[28,-402],[105,-153],[324,-120],[241,-371],[-62,-424],[-276,-374],[-90,-733],[269,-502],[362,-436],[104,-414],[-75,-331],[221,-231],[122,-378],[-116,-307],[8,-488],[-178,-450],[107,-245],[333,-56],[403,307],[488,-152],[650,55],[139,-164],[-41,-383],[72,-119],[329,54],[502,-129],[62,-116],[-24,-330],[305,-224],[401,-146],[616,-55],[156,-326],[730,-116],[118,31],[239,534],[325,-10],[436,-157],[378,347],[775,82],[460,-58],[384,178],[125,381],[367,210],[2066,-588],[374,-170],[286,-351],[1397,-579],[1265,-708],[492,-363],[2056,-863],[1172,-984],[1248,-811],[914,-744],[493,-230],[1019,-287],[776,-16],[727,295],[1987,1713],[1327,637]],[[1291901,3203485],[255,870],[21,994],[-153,1201],[-469,317],[-57,760],[258,917],[-68,997],[251,751],[24,370],[383,824],[353,457],[179,136],[167,-77],[152,38],[158,190],[385,161],[333,255],[388,638],[34,456],[158,161],[-13,77],[-355,253],[-428,57],[-351,151],[-320,615],[-210,200],[-403,195],[-140,326],[-481,344],[-532,111],[-182,639],[-527,605],[-353,280],[118,199],[-66,447],[-387,377],[-290,828],[36,533],[-172,217],[-459,94],[-280,-92],[-887,18],[-396,-129],[-359,253],[-832,339],[-865,59],[-210,289],[-580,245],[-397,272],[-574,35],[-1111,543],[-120,-18],[-156,-165],[-265,-487],[-431,-459],[-272,-128],[-384,44],[-649,370],[-465,65],[-250,132],[-474,638],[17,474],[-311,594],[-182,310],[-463,503],[254,493],[40,795],[155,284],[-275,1254],[217,411],[89,554],[472,1075],[538,791],[427,1293],[337,336],[49,485],[-364,625],[-618,118],[-238,111],[-209,239],[-38,579],[369,634],[-351,545],[-825,823],[-200,2],[-352,-206],[-151,-9],[-1340,760],[-186,279],[-120,508],[1017,736],[758,244],[492,-33],[277,81],[852,475],[495,84],[489,343],[1069,318],[655,756],[1224,781],[0,134],[-253,133],[-61,197],[437,771],[-7,163],[-153,227],[31,216],[385,578],[-99,384],[-224,406],[-190,1053],[539,1155],[180,84],[296,-215],[826,-132],[337,-157],[159,155],[118,277],[291,-34],[163,195],[235,47],[90,-33],[10,-352],[446,-318],[183,22],[106,171],[119,739],[351,-26],[126,103],[-65,153],[-385,49],[324,562],[126,-5],[193,-225],[381,116],[538,-116],[746,358],[746,752],[826,344],[29,279],[-270,117],[-90,176],[165,747],[105,176],[417,258],[544,-40],[149,351],[330,329],[388,70],[250,407],[188,74],[309,-223],[184,344],[173,143],[632,105],[243,484],[359,-370],[161,94],[-93,287],[49,149],[221,-142],[488,324],[408,-115],[193,71],[-21,147],[-304,84],[-199,270],[-304,36],[-31,102],[670,489],[40,187],[-205,239],[-10,120],[389,229],[298,483],[105,-20],[45,-215],[84,-52],[491,113],[232,268],[217,-194],[295,-82],[407,223],[310,-120],[693,818],[1064,471],[25,578],[539,208],[268,524],[493,531],[199,134],[375,75],[210,375],[381,40],[417,562],[451,-27],[690,563],[433,31],[131,481],[176,127],[339,-48],[92,341],[218,264],[856,243],[163,289],[322,57],[860,569],[570,487],[521,290],[151,194],[53,262],[458,296],[50,105],[-242,511],[-399,460],[-30,373],[166,459],[-13,294],[-105,73],[-173,-16],[-304,-357],[-317,-31],[20,243],[195,328],[51,467],[380,350],[-26,375],[-196,244],[198,719],[0,162],[-147,290],[30,188],[497,-184],[207,367],[157,824],[420,3],[-121,593],[137,459],[162,138],[93,-45],[97,-480],[163,-113],[92,275],[-3,412],[674,118],[161,367],[185,162],[163,24],[-114,-344],[71,-160],[794,-337],[280,24],[229,551],[394,231],[444,-134],[417,231],[257,-21],[508,552],[398,-203],[90,389],[462,598],[904,601],[443,2],[184,368],[-142,296],[572,238],[399,-199],[100,59],[138,161],[21,321],[301,322],[-235,227],[-73,457],[208,253],[276,573],[132,1053],[253,413],[303,93],[-122,777],[-443,-3],[-51,640],[279,47],[470,-477],[116,-22],[184,367],[186,116],[256,24],[-25,183],[-211,182],[70,46],[326,-89],[46,206],[-216,389],[-261,55],[-109,134],[768,238],[61,120],[-40,370],[221,94],[-485,488],[-18,157],[81,79],[575,207],[672,96],[98,-75],[1516,-42],[395,-101],[118,71],[6,103],[-34,255],[-190,328],[95,182],[167,57],[433,-110],[335,108],[151,134],[359,111],[1446,1128],[1068,255],[359,254],[573,176],[715,604],[277,47],[79,103],[-9,208],[151,174],[1775,1042],[1428,229],[607,-129],[340,177],[419,-199],[391,59],[631,-355],[276,-30],[1353,680],[1344,165],[534,501],[206,431],[407,464],[688,319],[720,-495],[23,-289],[-118,-252],[-11,-324],[208,-1665],[56,-94],[503,-166],[192,-989],[1737,-2215],[793,-61],[411,202],[795,724],[-166,439],[71,563],[-163,401],[-12,641],[-208,458],[10,231],[470,159],[529,356],[33,328],[85,78],[1275,88],[-157,687],[-314,482],[20,281],[121,118],[792,16],[447,229],[1375,1079],[547,288],[744,1032],[1490,814],[172,161],[190,448],[88,662],[602,220],[279,475],[286,230],[234,354],[516,417],[753,302],[360,-42],[574,80],[957,-140],[461,147],[599,-311],[1160,-287],[1969,464],[1623,793],[357,55],[1053,628],[733,573],[639,756],[714,499],[1278,332],[695,277],[676,628],[263,111],[1391,1550],[658,591],[1428,2216],[395,498],[15,190],[-308,79],[-212,335],[-124,1051],[-153,311],[-366,297],[-658,278],[-619,131],[-835,505],[-849,992],[-252,466],[-306,968],[-379,217],[-307,296],[-463,148],[-493,-298],[-282,80],[-1031,779],[-829,938],[-321,244],[4,154],[400,333],[9690,3439],[23616,13783],[505,3058],[-148,610],[-430,667],[-553,571],[-499,394],[-681,164],[-328,259],[-880,464],[-696,664],[-131,224],[-174,690],[135,597],[312,739],[541,657],[1248,504],[859,-46],[373,-143],[749,-653],[334,-97],[399,-307],[180,-39],[210,135],[92,178],[-267,811],[46,405],[-96,475],[56,93],[196,135],[784,150],[1065,572],[685,-232],[-40,-452],[1038,-525],[251,132],[963,929],[356,143],[1097,217],[260,459],[658,-746],[303,-133],[595,121],[228,136],[321,250],[105,380],[208,120],[372,20],[230,-401],[311,16],[151,136],[29,428],[297,-322],[121,8],[192,207],[116,24],[438,-197],[350,-275],[170,435],[151,46],[314,-86],[324,257],[150,-72],[303,77],[248,-299],[160,151],[107,-146],[1014,-104],[684,421],[329,-70],[342,104],[540,-129],[864,140]],[[1418258,3344952],[326,-369],[-243,-272],[133,-274],[592,-166],[348,-26],[128,78],[172,-172],[320,-82],[1278,81],[795,-195],[482,519],[185,77],[56,181],[2742,92],[167,262],[-123,217],[83,210],[279,129],[238,228],[365,-24],[216,344],[443,218],[224,-138],[255,149],[150,-214],[154,32],[235,-167],[147,14],[151,161],[41,236],[358,15],[176,123],[242,-168],[174,-250],[447,240],[186,203],[339,61],[171,-204],[311,-12],[233,-111],[363,237],[69,667],[405,59],[422,-62],[319,-116],[13,-75],[787,863],[-14,274],[-155,94],[32,255],[309,743],[167,80],[45,253],[760,164],[513,-496],[899,722],[705,-770],[1820,-2602],[1,253],[161,313],[661,572],[250,64],[346,-117],[443,37],[367,316],[36,-159],[323,-53],[58,-101],[141,59],[348,-159],[304,55],[308,224],[373,-177],[304,-214],[86,-150],[49,-750],[154,-123],[174,-5],[299,466],[470,439],[-62,211],[268,775],[-362,854],[-57,316],[59,218],[611,599],[375,197],[468,401],[446,-122],[410,14],[242,80],[287,300],[763,-28],[158,93],[294,385],[1123,-399],[339,-586],[360,62],[187,166],[74,309],[480,436],[117,51],[178,-100],[338,253],[107,261],[430,157],[97,308],[73,-48],[97,86],[145,503],[126,75],[522,-88],[546,-589],[-49,-574],[179,-628],[-44,-567],[157,-336],[839,159],[306,-44],[173,185],[-27,330],[255,273],[93,630],[297,893],[396,-274],[363,-136],[-146,-473],[558,-1086],[2129,-1880],[-30,113],[209,179],[741,319],[372,-77],[781,170],[498,-136],[269,18],[194,-177],[139,166],[87,500],[291,254],[31,212],[196,21],[-11,272],[201,402],[159,116],[236,15],[112,311],[-12,234],[543,97],[480,-172],[123,225],[233,80],[190,-131],[147,47],[245,-56],[165,-160],[274,50],[195,411],[-354,845],[752,131],[426,674],[479,567],[1990,1218],[561,-235],[47,-403],[482,-446],[382,-150],[319,41],[57,-331],[209,107],[186,-12],[576,-417],[164,-289],[232,-126],[810,-251],[391,-17],[337,72],[323,183],[811,606],[165,169],[132,504],[543,675],[551,485],[326,103],[127,-31],[446,-324],[628,-873],[917,-999],[63,-613],[-220,-891],[339,-389],[482,-164],[320,66],[948,480],[1165,805],[1087,309],[736,711],[305,79],[347,-83],[849,-751],[1180,-733],[1183,-122],[261,-128],[1705,-1467],[276,-160],[390,-42],[545,202],[526,545],[380,594],[406,460],[715,397],[515,59],[255,-97],[248,-237],[396,-786],[13,-471],[179,-420],[5,-211],[-345,-653],[-12,-356],[124,-132],[846,-1788],[277,251],[297,-260],[-258,-639],[-484,-328],[-68,-1002],[-524,-1014],[-264,-859],[-251,-13],[-153,-131],[-246,194],[-478,39],[-316,-94],[-394,-277],[-413,130],[-49,-170],[86,-145],[1,-662],[303,-955],[-299,-404],[-336,-899],[-308,-384],[-128,-847],[12,-564],[-105,-208],[183,-423],[-207,-351],[46,-380],[105,-30],[-21,-177],[-183,-160],[-93,-224],[-198,-26],[-141,-395],[-495,-328],[-357,-66],[-122,-261],[-244,-237],[44,-253],[-97,-118],[-200,-120],[-539,4],[-181,-327],[-507,-187],[-91,-149],[68,-151],[-97,-271],[184,-362],[-28,-341],[270,-242],[-26,-117],[-208,-160],[-25,-410],[-117,-134],[9,-312],[266,40],[38,-75],[-249,-169],[-296,-505],[72,-157],[-62,-305],[171,-176],[-90,-167],[41,-351],[151,-65],[230,165],[645,25],[1118,671],[180,134],[130,255],[190,72],[5,158],[107,88],[669,77],[225,320],[84,404],[149,43],[146,-121],[124,39],[-19,336],[-162,346],[133,506],[365,348],[522,2],[366,620],[825,177],[839,-178],[384,149],[121,202],[192,99],[378,-8],[356,-239],[545,121],[227,144],[-1432,1735],[328,95],[441,7],[277,293],[372,182],[-5,558],[219,532],[328,163],[430,592],[-24,649],[393,427],[107,611],[-134,743],[-308,392],[-226,1076],[757,1973],[146,61],[-173,248],[185,23],[153,161],[206,-17],[128,153],[-8,208],[377,-98],[397,269],[184,-63],[287,180],[231,234],[-118,367],[161,195],[334,58],[174,-153],[283,-72],[268,180],[153,-147],[495,-195],[166,-384],[469,-102],[890,-493],[368,134],[147,434],[281,61],[97,134],[456,259],[464,48],[462,-152],[351,262],[293,33],[112,-171],[508,-300],[393,94],[12,-172],[1252,-461],[144,94],[600,83],[365,-65],[236,-440],[448,-174],[83,-256],[125,-85],[202,105],[214,356],[1263,346],[409,-367],[56,-507],[145,-145],[260,-50],[211,114],[193,3],[667,-371],[289,-288],[426,23],[184,-287],[326,-247],[375,14],[243,118],[68,304],[229,152],[552,-46],[494,-444],[316,-84],[431,138],[179,192],[498,99],[269,231],[256,48],[398,-63],[445,-383],[41,-435],[162,-430],[348,-232],[294,-360],[-88,-491],[-147,-281],[-142,-121],[-301,69],[-99,-168],[171,-236],[385,-69],[18,-395],[457,-208],[622,-1506],[1183,-1628],[752,-12934],[-1193,366],[-591,268],[-524,119],[-1105,39],[-1694,785],[-1300,370],[-1247,236],[-1112,60],[900,4384],[1952,1296],[-431,658],[1388,956],[137,759],[-1621,2331],[-2668,290],[-303,209],[-25,133],[-357,46],[-412,308],[-99,-1],[-23,-99],[-543,84],[-189,-87],[-197,-239],[63,-192],[-72,-152],[-128,-11],[-277,-206],[-403,-466],[-85,6],[-39,100],[-312,131],[-899,-52],[-132,623],[-146,65],[-82,159],[-379,45],[-334,264],[-103,275],[-135,81],[-257,-99],[-150,-470],[-152,-74],[-88,14],[-37,369],[-269,44],[-309,187],[-368,-405],[-558,-202],[-82,70],[67,177],[-40,196],[-459,59],[79,238],[-43,70],[-104,12],[-291,-234],[-1081,181],[-391,-140],[-507,-559],[-544,-39],[-485,-382],[-528,-98],[-101,-164],[-847,78],[-138,-79],[-178,-331],[-369,-246],[-986,-11],[-494,-210],[1803,-3456],[-207,-219],[-564,-264],[147,-275],[1029,-1167],[1099,-1607],[-364,-595],[-306,-217],[18,-617],[-105,-210],[-144,-129],[-295,0],[-212,-110],[-207,-397],[-316,-262],[-599,-97],[-192,-278],[-56,-368],[-418,-110],[177,-2977],[-2857,-704],[231,-221],[-123,-246],[173,-60],[138,142],[160,-409],[171,-36],[27,74],[-122,137],[326,232],[-202,225],[260,143],[390,-162],[209,169],[238,24],[-114,-287],[-485,-383],[-91,-189],[441,-410],[39,-186],[106,192],[347,-42],[-1,-473],[417,-654],[419,-60],[524,-558],[237,63],[-8,-173],[523,80],[183,-303],[598,-24],[203,-300],[331,211],[-48,310],[90,147],[-11,198],[216,-165],[224,4],[117,-96],[122,54],[26,294],[95,80],[356,-115],[417,123],[81,-83],[-9,-265],[92,-38],[446,137],[170,-465],[515,-198],[-71,-238],[-224,-207],[17,-243],[533,48],[495,-398],[-6,-173],[-280,122],[-122,-15],[-41,-96],[354,-506],[126,-1149],[310,-353],[532,-159],[41,-429],[664,-147],[73,65],[-13,164],[121,23],[514,-289],[377,22],[450,-96],[167,-160],[21,-188],[-337,-358],[78,-151],[1819,267],[217,-149],[86,-390],[275,-75],[1640,358],[316,-10],[276,-110],[186,-142],[96,-676],[93,-130],[268,-69],[182,-204],[447,126],[462,-190],[366,24],[444,-97],[461,-428],[187,-806],[474,20],[116,-384],[348,207],[177,12],[66,-829],[333,-376],[195,-386],[-179,-529],[208,-119],[713,74],[380,-75],[101,322],[100,42],[1318,-404],[178,137],[160,539],[742,-366],[453,92],[-252,593],[54,77],[560,15],[553,-180],[555,56],[376,847],[289,2],[532,-166],[45,141],[-101,150],[288,138],[181,-31],[274,112],[46,-165],[187,-29],[726,273],[95,135],[497,15],[433,-208],[824,193],[363,350],[34,258],[195,305],[15,484],[242,287],[618,55],[278,102],[319,286],[125,314],[139,116],[1332,0],[809,353],[307,-1058],[278,-525],[43,-636],[-255,-330],[56,-116],[490,-541],[73,-420],[281,-508],[1136,-928],[258,-116],[282,-525],[798,-801],[-157,-475],[56,-177],[483,-635],[-286,-1282],[-73,-912],[-720,-828],[-23,-536],[85,-475],[258,-343],[889,-99],[2019,-531],[180,-55],[331,-343],[855,-88],[484,-541],[388,-260],[427,-657],[242,-50],[208,-160],[202,-310],[260,-215]],[[1574834,2782845],[-817,-514],[-748,-808],[-338,-1782],[-232,-559],[-295,-166],[-717,518],[-253,83],[-401,21],[-400,-145],[-506,0],[-464,166],[-232,0],[-253,-21],[-675,-539],[-63,-145],[-696,-248],[-759,828],[-311,136],[-390,14],[-354,-129],[-421,21],[-254,124],[-168,352],[-1034,725],[-590,42],[-380,-125],[-1391,-82],[-1245,-974],[-274,-62],[-485,145],[-611,0],[-633,-228],[-347,-290],[-454,-104],[-1793,-62],[-316,-103],[-1349,-995],[-907,-269],[-332,-275],[-651,-85],[-492,-297],[-134,-346],[-548,-48],[-351,-231],[-1083,462],[-643,156],[-555,-397],[-88,-249],[67,-352],[-229,-214],[-176,-674],[-214,-255],[-105,-342],[-521,-380],[-158,-856],[14,-349],[211,-193],[388,-147],[-455,-368],[-379,-124],[-32,-124],[204,-508],[-72,-185],[-280,-309],[-704,14],[-1062,-353],[-180,-272],[-30,-536],[-332,-45],[-253,-595],[-506,-211],[-459,-868],[-393,-174],[-177,-793],[-343,-102],[-401,-406],[-281,-27],[-380,-539],[-297,-222],[-109,-279],[-682,-16],[-552,107],[-268,-57],[-403,-1189],[-138,-136],[-372,-130],[-377,-741],[-409,-1340],[-217,13],[-515,391],[-146,383],[-1057,-320],[109,-650],[-379,-291],[-350,-835],[-567,253],[-102,-58],[-137,-296],[-257,-143],[-247,-100],[-215,85],[-183,-147],[-376,-106],[-529,-634],[-156,-8],[-320,143],[-277,-10],[-1499,-550],[-457,-283],[-190,41],[-184,-180],[-337,-118],[-496,-524],[-244,-112],[-258,7],[-34,-298],[-293,-91],[-24,-119],[-97,-33],[-168,51],[-713,-174],[-447,422],[-451,25],[-144,-195],[468,-509],[-16,-323],[-692,-373],[-484,-147],[-1231,-60],[-659,526],[-1436,291],[-462,215],[-488,67],[-854,357],[-1622,150],[-459,165]],[[1517664,2757968],[-18,669],[90,370],[541,1084],[-551,1209],[30,524],[465,720],[-37,505],[-253,72],[-497,323],[10,257],[-350,333],[77,409],[-106,434],[-344,274],[26,567],[-237,523],[-403,111],[37,197],[-125,-4],[-99,-155],[-72,4],[-494,558],[-202,878],[98,372],[-129,114],[-99,383],[-192,269],[-367,-29],[-59,381],[12,119],[316,193],[-33,69],[-237,-2],[-91,78],[188,753],[334,343],[615,267],[15,300],[458,22],[179,87],[103,240],[-54,366],[-94,277],[-199,168],[116,78],[304,-38],[135,119],[-212,294],[-98,343],[-177,78],[199,220],[30,212],[-248,73],[-62,-57],[79,-155],[-51,-107],[-361,-29],[-307,365],[-134,-63],[-327,176],[-155,404],[-329,447],[-663,260],[-199,182],[20,161],[420,487],[-218,691],[248,19],[91,82],[141,731],[-49,101],[-241,-103],[-198,166],[173,601],[241,224],[-152,355],[-373,373],[126,262],[-28,163],[-294,-34],[232,392],[94,334],[-444,-220],[96,561],[-217,-146],[-241,440],[61,383],[210,386],[-182,566],[-3870,-1990],[40,1145],[660,326],[141,426],[34,767],[-557,1496],[-561,741],[-107,897],[-392,448],[141,420],[-259,131],[-270,-141],[-199,106],[-525,-31],[-305,426],[200,253],[-32,139],[-795,48],[-238,95],[-57,178],[135,284],[179,77],[490,10],[272,197],[23,139],[-751,263],[-517,-458],[-320,21],[-331,895],[29,192],[270,417],[-395,429],[-254,-9],[-107,-364],[-401,-279],[-776,80],[-272,76],[-314,211],[-141,288],[90,373],[619,575],[125,212],[-78,431],[-122,106],[-502,35],[-421,496],[-245,82],[-983,-663],[-377,0],[-308,232],[-155,466],[-418,153],[-233,-103],[-183,-240],[9,-596],[-136,-281],[-850,-330],[-325,244],[-36,954],[-260,590],[-27,285],[-424,211],[-571,-349],[-221,-44],[-191,179],[-374,816],[87,590],[-126,320],[-206,50],[-209,-312],[-825,-110],[-295,169],[-270,606],[-294,217],[-498,-181],[-887,-46],[-393,-430],[-169,-874],[-144,20],[-132,138]],[[1481296,2800981],[2313,1324],[1010,175],[2276,783],[1479,224],[1335,338],[1482,498],[1723,218]],[[1526103,2809430],[1321,-475],[1134,-208],[574,-14],[287,148],[264,399],[795,-135],[647,427],[542,507],[49,157],[-342,559],[-35,391],[213,466],[424,380],[163,405],[219,161],[887,332],[907,153],[740,-53],[600,-332],[173,3],[569,408],[353,83],[763,-104],[237,-448],[554,-218],[307,112],[405,332],[755,-279],[599,194],[645,10],[401,458],[166,605],[700,902],[352,-16],[495,141],[228,-413],[274,-64],[189,-138],[-46,-384],[437,141],[453,-304],[511,323],[861,205],[-17,356],[235,653],[195,252],[528,240],[85,-25],[120,-378],[486,138],[1059,-173],[1215,906],[1114,-71],[254,-208],[219,-653],[341,-390],[412,-164],[95,-291],[173,-113],[233,19],[708,364],[1124,-545],[557,29],[171,-111],[619,102],[316,513],[87,517],[298,519],[414,296],[626,221],[-9,297],[69,129],[574,275],[125,138],[39,277],[-196,351],[-92,515],[68,247],[330,442],[-74,380],[-170,189],[-24,142],[119,261],[-145,95],[-120,-1],[-120,-143],[-193,71],[-3,569],[217,191],[120,0],[171,-474],[120,25],[-1,355],[71,143],[145,-142],[242,-46],[-267,355],[216,214],[169,1],[96,142],[-315,236],[216,262],[57,453],[422,237],[200,457],[275,30],[31,-461],[98,-261],[241,-46],[553,334],[119,238],[-605,638],[22,640],[71,214],[120,48],[193,-47],[99,-545],[337,72],[168,143],[289,-22],[387,-188],[169,-261],[-22,-498],[-192,-190],[-553,-97],[-48,-167],[460,-615],[-119,-237],[-289,-2],[-216,-190],[122,-474],[194,-260],[241,-23],[240,238],[23,237],[216,238],[193,1],[386,-259],[458,49],[192,119],[462,-1113],[219,-307],[216,72],[264,285],[458,-45],[145,-142],[845,-281],[1185,-1182],[1,-119],[-120,-142],[-602,-50],[73,-261],[363,-378],[291,-473],[123,-688],[-71,-190],[-411,212],[-242,260],[-434,70],[-168,-96],[-167,-356],[97,-166],[434,-236],[121,-189],[-623,-690],[-48,-190],[121,-71],[1227,384],[336,405],[241,96],[144,-47],[-18,-1424],[121,-94],[312,215],[502,974],[364,-449],[338,-165],[433,25],[47,333],[433,239],[96,142],[-268,687],[23,166],[410,-22],[243,-378],[-47,-356],[97,-308],[507,-70],[195,-592],[50,-427],[218,-260],[96,0],[168,72],[167,404],[362,25],[504,382],[285,-28],[286,-342],[491,18],[240,191],[19,151],[494,32],[60,554],[178,120],[444,-237],[271,-437],[382,-4],[2,-236],[-348,-462],[-1122,-204],[-287,-144],[-42,-183],[397,-180],[408,-336],[881,9],[502,-395],[610,-291],[6,-307],[-318,-503],[675,-686],[139,-248],[-16,-423],[-327,-365],[-67,-241],[155,-449],[132,-7],[120,177],[419,-578],[-216,-295],[-252,-165],[0,-83],[263,-201],[-36,-189],[528,-48],[96,221],[229,95],[226,-56],[-71,271],[144,71],[383,-12],[108,82],[196,-82],[56,-131],[132,24],[132,330],[108,-24],[108,-177],[359,165],[204,-71],[329,288],[355,172],[300,11],[215,-236],[228,117],[97,284],[107,0],[60,-331],[120,-59],[12,-142],[-360,-364],[192,-66],[417,118],[206,-125],[324,483],[95,-354],[168,-59],[12,-283],[180,11],[235,177],[671,-414],[776,-686],[301,-100],[488,-7],[412,-178],[280,-959],[133,-104],[535,-146],[479,30],[929,539],[1331,38],[214,-185],[790,-392],[168,-247],[154,-477],[257,-248],[776,-272],[518,-343],[404,-115],[1230,-910]],[[1608544,2715310],[-982,660],[-821,61],[-821,162],[-820,-7],[-818,-209],[-441,-340],[-272,-103],[-547,-4],[-616,130],[-1127,91],[-857,263],[-820,94],[-548,197],[-820,-40],[-340,-104],[-441,-340],[-811,-1083],[-818,-175],[-1016,-1084],[-374,-205],[-576,-577],[-608,-812],[-510,-307],[-779,-747],[-3620,5],[-308,31],[-822,329],[-274,32],[-1093,-9],[-2286,-221],[-612,-234],[-475,-447],[-476,-273],[-818,-209],[-272,-137],[-169,-203],[-885,-377],[-818,-141],[-611,-510],[-742,-1116],[-340,-70],[-515,298],[-173,201],[-547,96],[-1093,-9],[-307,65],[-516,332],[-379,401],[-308,98],[-1093,25],[-581,96],[-274,133],[-1204,1033],[-202,72],[-245,-60],[-186,-134],[26,-825],[-230,-1079],[-278,-232],[-940,-1157],[-953,-378],[109,-739],[313,-704],[214,-974],[145,-1041],[8,-909],[143,-772],[243,-570],[311,-401],[175,-476],[7,-808],[172,-200],[5,-538],[-32,-270],[-305,-392],[-37,-326],[67,-242],[572,-669],[124,-720],[-29,-544],[-141,-124],[-15,-389],[-252,-214],[-193,-387],[-205,-136],[34,-338],[-73,-147],[-297,-221],[-313,-108],[-152,-346],[-124,-690],[-568,-324],[-292,-823],[-188,-196],[-74,-362],[-309,-433],[-880,-556],[-185,-232],[-138,-66],[-381,29],[-178,-265],[-560,-317],[0,-306],[-298,-395],[58,-643],[-273,-301],[-137,-387]],[[1563413,2686285],[-341,-230],[-853,-1043],[-230,-113],[-563,24],[-300,-83],[-1386,205],[-584,-211],[-462,131],[-284,-384],[-388,-41],[-256,-125],[-525,196],[-644,69],[-200,-591],[-568,-106],[-228,-106],[-127,-166],[-325,-92],[7,-326],[-228,-53],[18,-216],[-251,74],[-60,-379],[-118,-75],[-175,31],[-351,-507],[40,-638],[-171,-808],[236,-562],[-45,-352],[-478,-492],[-514,-227],[-272,-36],[-373,-373],[-437,-744],[-114,-1065],[-176,-135],[-2124,3],[-273,-69],[-134,-237],[-98,-572],[-304,-440],[-1054,-412],[-202,-345],[2,-336],[139,-302],[-61,-841],[-503,-464],[-153,41],[-230,247],[-351,1141],[-449,669],[-308,99],[-1400,22],[-274,99],[-1099,798],[-548,231],[-1639,-14],[-274,65],[-480,266],[-490,932],[-409,406],[-821,296],[-859,632],[-345,400],[-720,432],[-1139,82],[-738,-52],[-738,415],[-633,121],[-1212,638],[-1072,-86],[-105,86],[-949,190],[-826,-449],[-2056,-845],[-369,-242],[-106,-242],[-1257,-903],[-800,85],[-524,-113],[-308,61],[-321,-179],[-1003,481],[-509,-304],[-395,61],[-351,-104],[-232,53],[-312,248],[-451,-61],[-474,384],[-87,307],[-490,502],[-675,-31],[-368,-333],[-200,101],[-91,198],[-307,46],[-291,230],[-380,9],[-330,103],[-390,169],[-301,248],[-107,-20],[-193,-217],[8,-432],[-124,-264],[-111,-47],[-163,172],[-261,601],[-963,217],[-346,-334],[-166,-393],[2,-340],[-283,-125],[112,-557],[-510,-265],[59,-261],[-78,-211],[23,-255],[-306,-458],[-673,-184],[-362,24],[-308,-74],[-456,-304],[-271,140],[-324,557],[-232,19],[-203,-189],[-266,-985],[-220,-280],[-438,-183],[-1076,-88],[-224,-158],[-151,-311],[-279,-88],[-904,18],[-356,116],[-504,525],[-253,448],[-121,445],[-106,1702],[-140,460],[-304,399],[-320,264],[-270,150],[-401,72],[-586,-118],[-1467,-970],[-710,-108],[-417,-153],[-632,-383],[-769,-683],[-847,-367],[-456,7],[-905,246],[-839,80],[-1276,-130],[-2084,-550],[-643,-66],[-1033,44],[-1281,251],[-243,-50],[-1423,-683],[-1826,-112]],[[1485430,2675918],[-720,59],[-279,303],[-224,446],[-166,118],[-764,-125],[-519,174],[-220,379],[122,450],[-27,222],[-193,121],[-326,-283],[-107,-7],[-181,459],[59,58],[345,-11],[439,182],[39,417],[-483,7],[-399,256],[-157,-69],[-319,-346],[-411,-40],[-283,61],[-9,396],[-322,207],[-43,225],[179,69],[506,-220],[133,78],[16,149],[-211,207],[-911,484],[-77,138],[13,231],[123,118],[242,-20],[436,-492],[308,-107],[89,138],[-155,303],[216,241],[-286,218],[-82,497],[-680,456],[-68,188],[111,171],[374,42],[189,101],[118,180],[-16,550],[408,261],[206,229],[132,-9],[211,-262],[414,-32],[48,442],[150,42],[156,229],[-1,445],[71,149],[155,82],[-196,206],[12,154],[281,122],[114,273],[213,-45],[266,62],[237,-88],[303,228],[81,170],[-69,95],[127,111],[-111,251],[7,376],[210,450],[531,408],[278,-124],[504,207],[402,296],[312,493],[549,346],[192,358],[-30,177],[-568,343],[-154,275],[278,648],[425,204],[363,-200],[406,-67],[669,239],[-161,1848],[-568,407],[-1526,94],[-472,134],[-130,100],[-170,401],[2332,677],[760,338],[-7,343],[-311,513],[-6,142],[72,161],[853,512],[274,517],[-23,240],[-238,158],[-115,181],[25,185],[720,690],[710,129],[-88,339],[-510,895],[72,136],[485,269],[-2,555],[-200,569],[49,406],[165,74],[396,-184],[185,408],[-81,294],[343,104],[190,-100],[138,276],[391,17],[243,317],[689,421],[-198,541],[105,373],[-206,199],[42,507],[484,970],[0,626],[-150,736],[243,510],[-140,205],[-10,452],[74,54],[447,-42],[248,197],[283,475],[128,855],[156,215]],[[1494421,2710280],[742,-966],[337,-136],[389,-312],[452,172],[401,-263],[356,-17],[725,-233],[344,45],[197,315],[263,205],[711,-202],[194,-3],[278,245],[410,-171],[266,378],[573,-142],[449,282],[195,39],[1510,-740],[675,-233],[762,-78],[336,-208],[294,-366],[149,5],[814,533],[431,16],[190,-140],[230,-493],[309,71],[306,-136],[328,-30],[1032,-670],[779,-52],[648,96],[300,204],[261,28],[620,510],[333,77],[461,-197],[357,-309],[146,-285],[503,-252],[27,-379],[419,-287],[2504,-170],[114,373],[522,297],[323,27],[310,137],[400,-187],[323,-304],[468,20],[272,-137],[231,775],[25,409],[489,410],[142,395],[789,213],[351,-25],[321,148],[1199,60],[218,327],[598,381],[466,773],[479,-114],[909,220],[470,-153],[404,401],[354,100],[287,207],[445,-39],[211,226],[300,123],[155,555],[296,423],[389,202],[605,165],[2697,-52],[1247,634],[894,49],[268,107],[243,202],[60,677],[327,447],[209,616],[458,336],[516,-250],[643,-187],[646,-472],[137,-43],[117,65],[198,322],[-5,515],[-532,826],[-90,748],[-555,551],[-139,345],[6,270],[323,492],[-101,181],[-451,261],[-167,573],[-187,1238],[71,425],[107,128],[467,0],[416,-155],[340,-3],[371,-178],[226,14],[385,428],[108,367],[444,25],[448,-136],[526,708],[409,1],[295,111],[302,679],[398,255],[219,-19],[389,-302],[448,-114],[281,165],[679,-91],[598,161],[544,-101],[310,119],[380,15],[761,-2],[864,-261],[462,108],[894,-90],[280,-198],[89,-334],[-43,-317],[-310,-296],[131,-211],[331,-208],[11,-128],[-318,-253],[-518,-739],[18,-94],[670,-33],[452,-385],[683,194],[949,-747],[524,-146],[162,-315],[731,-197],[157,-232],[865,161],[349,-411],[919,-204],[773,-386],[557,278],[413,7],[13,560],[355,803],[-11,802],[242,711],[388,741],[606,607],[739,1152],[828,85],[235,157],[552,5],[1042,339],[255,99],[332,449],[531,121],[276,-17],[399,-443],[792,-2038],[253,-1646],[122,-235],[883,-777],[1520,-616],[1098,-655],[296,-344],[242,-524],[-223,-550],[117,-538],[-268,-510],[-38,-850],[-93,-357],[-466,-469],[-546,-215],[-97,-141],[-9,-206],[391,-104],[849,-480],[936,-326],[629,-575],[348,2],[356,277],[236,355],[312,827],[761,485],[66,-64],[388,-3],[440,254],[427,-60],[507,318],[623,-277],[484,-40],[1284,926],[473,146],[1057,96],[180,157],[350,-449],[545,-113],[139,-194],[593,-448],[1024,-278],[553,207],[685,-70],[125,-122],[217,-622],[1465,-82],[658,188],[1218,128],[691,354],[440,553],[2100,1391],[633,733],[549,954],[136,991],[582,715],[150,320],[-8,584],[89,438],[-66,181],[295,1083],[-23,337],[-346,444],[-10,367],[-239,175],[184,388],[278,114],[399,-334],[260,-44],[1485,274],[931,353],[927,93],[340,273],[25,197],[288,371],[843,366],[243,344],[150,404],[-522,831],[175,856],[-22,735],[128,464],[-142,838],[-350,457],[-365,241],[-249,515],[-31,357],[-384,31],[-355,140],[-606,512],[-851,40],[82,1204],[-487,402],[-652,241],[-1081,1182],[-376,72],[-885,-276],[-643,-63],[-353,285],[-150,545],[20,408]],[[1587982,2735948],[570,39],[602,324],[1144,244],[1728,120],[496,325],[362,364],[469,834],[168,512],[364,408],[540,153],[988,711],[561,89],[562,-37],[175,-212],[282,-147],[843,-14],[304,-83],[978,-630],[196,-212],[803,-334],[306,-466],[380,-1455],[351,-621],[742,-803],[110,-276],[503,-677],[739,-483],[1278,-373],[500,-294],[175,-212],[330,-742],[525,-698],[417,-785],[5,-553],[383,-1892],[7,-830],[113,-532],[877,-1568],[33,-1384],[245,-828],[374,-764],[525,-762],[67,-255],[4,-553],[-255,-513],[5,-554],[67,-255],[217,-168],[111,-255],[9,-1128],[-491,-686],[-255,-534],[30,-1193]],[[1653056,2868735],[-500,402],[-259,337],[-338,1077],[-464,559],[-274,166],[-379,118],[-296,0],[-1349,-393],[-928,41],[-780,642],[-2214,821],[-1193,185],[-240,114],[-1309,931],[-409,1065],[-948,1425],[-234,150],[-537,149],[-868,42],[-372,-121],[-869,-636],[-331,-447],[-814,-337],[-413,-447],[-291,-732],[-414,-636],[-221,-230],[-317,-135],[-1755,-166],[-1055,62],[-358,228],[-42,207],[-409,650],[-245,179],[-968,3],[-867,-418],[-611,0],[-359,83],[-1138,539],[-461,63],[-862,-58],[-1081,-337],[-570,-82],[-1117,-21],[-742,-201],[-364,108],[-315,754],[-618,837],[-694,269],[-131,172],[-101,655],[-511,1032],[-160,702],[44,372],[320,402],[73,229],[-131,243],[-204,86],[-88,316],[-320,558],[-292,1319],[-569,501],[-1663,287],[-743,-58],[-671,115],[-620,-213],[-340,-11],[-513,138],[-379,0],[-263,186],[-481,817],[-496,415],[-1006,43],[-1014,-86],[-1385,674],[-642,114],[-665,385],[-502,160],[-889,14],[-977,158],[-336,-57],[-685,-330],[-1007,-72],[-321,-200],[-525,-559],[-510,-1275],[-131,-172],[-292,-172],[-525,72],[-627,-72],[-598,229],[-831,-100],[-336,243],[-641,287],[-219,0],[-350,-401],[-715,-186],[-481,-660],[-554,-315],[-365,86],[-642,0],[-670,-329],[-963,0],[-617,-401],[-280,-53],[-372,575],[-463,459],[-704,43],[-962,-258],[-540,-544],[-204,0],[-219,229],[-73,1390],[-160,329],[-255,201],[-621,-33],[-575,-168],[-729,-516],[-802,-14],[-438,57],[-204,115],[-146,229],[-87,1376],[-1036,654],[-627,803],[-58,315],[28,2502]],[[1381006,2525450],[2068,-513],[816,-346],[1224,-1256],[47,-429],[-161,-267],[0,-231],[-380,-130],[-113,-187],[-531,-126],[-315,-308],[-318,-37],[-194,-249],[-1025,-730],[-139,-221],[0,-169],[191,-227],[33,-520],[256,-22],[61,-127],[559,-212],[43,-106],[118,22],[616,-436],[-21,-107],[171,-62],[-53,-92],[134,48],[154,-225],[-169,-4],[176,-122],[-123,-54],[116,-149],[248,104],[-45,-100],[137,-14],[-29,-102],[94,35],[16,132],[195,-102],[25,-59],[-163,-65],[205,-195],[-49,-242],[248,-6],[52,138],[136,-22],[15,-111],[124,25],[94,-100],[-105,-93],[-1,-232],[359,-5],[144,-232],[112,-7],[7,-138],[231,161],[52,-282],[159,-104],[7,-103],[121,56],[67,-152],[42,-192],[-101,-210],[120,31],[-36,-122],[135,-12],[-161,-84],[76,-278],[92,99],[97,-55],[-15,171],[112,-140],[58,87],[86,-89],[132,102],[-4,118],[180,67],[41,-120],[59,145],[60,-38],[-27,-115],[107,-68],[159,141],[14,-94],[82,79],[137,-170],[210,141],[5,-188],[182,261],[111,-74],[39,236],[120,-24],[29,214],[-270,148],[-42,176],[189,247],[63,-195],[194,159],[-9,207],[-174,8],[217,239],[-12,167],[89,-29],[114,150],[128,-21],[11,-227],[166,65],[98,155],[-14,145],[153,-50],[-28,101],[139,276],[-65,212],[1908,154],[311,124],[449,-159],[265,258],[237,-337],[272,226],[-59,-299],[84,-110],[337,212],[190,-155],[208,100],[181,-273],[200,194],[156,-35],[123,73],[167,-66],[102,131],[180,-109],[55,-226],[-76,-136],[175,-44],[-105,-269],[396,-325],[114,-315],[53,-340],[-72,-158],[509,-357],[353,-101],[293,749],[417,345],[174,-296],[-19,-153],[151,-327],[428,-293],[63,-214],[235,-284],[2874,-785],[340,-206],[564,-559],[276,-136],[548,117],[839,655],[32,176],[-254,298],[109,868],[-122,229],[-41,354],[30,322],[276,294],[110,31],[89,-83],[181,-579],[301,-203],[199,42],[329,-194],[608,-602],[256,163],[572,-144],[1506,1097],[463,-245],[523,-511],[313,-199],[293,-26],[426,265],[156,13],[569,-275],[310,-49],[180,-209],[143,-602],[473,-438],[482,-828],[636,144],[593,-294],[169,-13],[387,271],[399,438],[356,-39],[200,-150],[123,-193],[-17,-232],[-625,-664],[-47,-167],[203,-200],[1032,-314],[246,-196],[97,-183],[-27,-494],[-339,-929],[140,-255],[223,226],[112,391],[548,649],[568,423],[-56,149],[-523,276],[-65,188],[321,287],[1571,647],[301,-213],[560,-740],[295,-605],[222,-155],[163,77],[419,826],[377,481],[202,133],[315,-61],[191,-666],[51,-798],[259,-826],[208,-337],[298,5],[163,185],[8,260],[-326,1362],[107,86],[177,0],[571,-186],[275,17],[1136,873],[42,130],[-191,226],[-599,271],[-73,207],[239,177],[447,11],[349,193],[177,282],[256,716],[250,281],[228,130],[236,-135],[436,-437],[365,-193],[90,-174],[-523,-776],[-151,-672],[-557,-842],[-48,-193],[242,-136],[230,108],[563,47],[362,-456],[144,-50],[784,592],[1676,5],[180,88],[104,302],[-67,466],[-321,768],[48,75],[1265,301],[127,-124],[59,-268],[-141,-542],[247,-110],[521,-31],[790,1241],[627,1748],[329,119],[686,47],[939,199],[28,-497],[-149,-373],[-172,-108],[-826,39],[-163,-119],[-17,-182],[514,-1329],[656,262],[359,-2],[374,-89],[371,-306],[352,-705],[171,-652],[-33,-781],[-175,-1161],[256,-331],[377,-213],[132,55],[408,719],[1018,776],[199,-25],[82,-787],[169,-310],[194,-138],[430,285],[1931,25],[186,91],[112,243],[-50,193],[-509,594],[-93,221],[-90,959],[25,163],[102,55],[137,-69],[338,-500],[413,-412],[1125,-878],[531,30],[1029,688],[332,-1290],[695,-1069],[306,-224],[363,119],[1006,588],[54,205],[-329,398],[39,254],[762,304],[397,364],[36,257],[-523,517],[-115,254],[28,188],[242,204],[436,0],[821,-478],[374,-329],[-79,-732],[-256,-468],[-59,-277],[90,-351],[140,-180],[172,-69],[995,285],[667,351],[410,320],[121,-260],[70,-599],[76,-100],[214,-55],[273,188],[301,624],[163,125],[407,60],[481,-105],[427,139],[209,290],[191,519],[211,99],[196,-44],[152,-157],[211,-862],[278,-39],[127,116],[37,205],[-206,511],[175,190],[281,97],[341,-182],[153,6],[651,502],[309,66],[-24,-510],[217,-447],[517,-303],[199,-291],[27,-170],[-127,-260],[-1229,-573],[-232,-231],[-47,-886],[-262,-1526],[256,-37],[575,541],[155,15],[250,-118],[187,-351],[95,-1402],[85,-192],[231,-97],[873,-102],[494,-190],[123,-127],[98,-333],[-85,-183],[-184,-9],[-588,416],[-373,78],[-775,-414],[-89,-230],[76,-217],[240,-140],[605,6],[1296,-248],[605,-572],[414,0],[797,249],[263,6],[379,-401],[250,-118],[547,74],[298,227],[386,1697],[-67,755],[-348,824],[-54,1367],[744,628],[487,158],[304,-202],[398,-767],[339,-206],[347,-99],[529,72],[1331,658],[484,-15],[326,-246],[177,-528],[633,-892],[468,-360],[266,21],[259,302],[604,326],[1417,131],[465,236],[301,0],[455,-330],[1101,-519],[715,-111],[810,-243],[743,-12],[2232,-1183],[888,381],[304,392],[160,50],[309,-196],[225,-428],[-351,-407],[-692,-541],[-22,-213],[340,-864],[-141,-649],[435,-204],[249,-930],[290,-486],[140,-2],[352,684],[204,-29],[172,-585],[254,-435],[133,-566],[177,-186],[300,-104],[1311,-205],[861,558],[168,17],[317,-220],[448,-728],[138,-58],[351,1385],[133,264],[426,-39],[846,148],[256,-51],[795,-675],[398,-38],[359,89],[532,-5],[357,-217],[137,26],[337,315],[138,319],[-236,730],[-187,331],[339,365],[256,703],[507,636],[528,-26],[487,222],[396,12],[134,94],[119,383],[228,130],[483,-220],[171,-243],[0,-218],[-283,-274],[-275,-733],[730,-739],[860,312],[236,-2],[569,-195],[577,59],[516,-126],[526,257],[617,-610],[613,-464],[220,-400],[291,-180],[65,-143],[429,48],[186,-202],[296,-17],[126,-163],[260,57],[285,-103],[249,-373],[220,59],[339,-164],[369,-16],[143,85],[648,86],[134,95],[680,107],[512,-19],[573,201],[747,-428]],[[1506064,2498887],[594,-203],[-235,-847],[47,-187],[529,-355],[314,124],[228,-338],[598,-262],[-72,-418],[102,-326],[528,-461],[300,-582],[53,-581],[-137,-551],[246,-579],[122,-716],[146,-390],[382,-747],[708,-103],[404,-456],[58,-977],[283,-658],[-505,-445],[-306,-159],[-76,-165],[994,-278],[667,219],[263,-67],[230,-550],[370,-285],[-377,-1272],[377,-520],[591,61],[652,-75],[404,107],[571,-39],[212,240],[379,60],[195,138],[631,-177],[657,146],[1183,-264],[703,0],[351,-83],[535,-594],[295,-179],[590,0],[506,96],[211,221],[1266,249],[745,55],[126,152],[352,14],[208,-83],[787,55],[366,221],[1012,249],[253,262],[197,69],[731,-96],[1965,-567],[1828,-69],[520,277],[185,21]],[[1501486,2531036],[177,-219],[-126,-157],[-200,-48],[-215,94],[-277,-238],[-429,-171],[-523,-88],[-733,-454],[-51,-255],[-182,-228],[-93,-288],[-223,166],[-211,-292],[-257,59],[-279,194],[-527,-61],[47,-338],[-110,-147],[-21,-505],[226,-314],[44,-968],[-123,-67],[-210,120],[-169,1],[-413,-610],[-207,-105],[-1063,11],[-159,-56],[-38,-395],[-359,-194],[-91,-464],[-164,-155],[-788,-297],[15,-450],[153,-336],[-128,-241],[167,-387],[-194,-215],[-202,-791],[56,-227],[-295,-234],[52,-305],[-436,-590],[168,-239],[406,-128],[-5,-230],[78,-87],[350,13],[199,-92],[903,89],[671,-357],[76,-134],[20,-627],[-132,-605],[1043,-232],[292,-350],[-12,-277],[378,-175],[44,-137],[-152,-663],[224,-207],[92,-234],[-320,-299],[8,-109],[211,-203],[114,-305],[352,-336],[196,-507],[378,-160],[-59,-368],[131,-278],[115,-104],[717,-196],[294,-419],[-5,-205],[-305,-211],[-313,-1022],[228,-85],[705,-29],[389,-699],[493,-229],[125,-515],[191,-130],[114,-214],[-191,-268],[157,-407],[-224,-373],[126,-561],[-168,-773],[129,-315],[340,-484],[329,-80],[466,-389],[310,-13],[182,-257],[181,-69],[386,108],[74,-44],[61,-326],[-172,-158],[-12,-593],[-207,-247],[69,-1467],[190,-691],[344,-402],[155,133],[404,83],[334,-155],[192,77],[384,-19],[303,-742],[-207,-244],[189,-491],[18,-848],[593,-594]],[[1405801,2654876],[390,673],[295,180],[134,282],[177,121],[379,-77],[165,-119],[336,33],[284,295],[128,272],[690,-198],[221,158],[280,65],[257,305],[564,120],[290,144],[217,314],[-26,533],[316,299],[385,39],[510,606],[221,80],[173,181],[385,103],[403,425],[681,147],[1012,-255],[570,185],[116,624],[319,70],[372,265],[524,219],[131,392],[360,289],[57,301],[372,149],[-152,275],[-43,638],[192,343],[217,-28],[72,59],[-144,399],[202,309],[197,55],[476,-67],[153,312],[639,185],[235,-2],[14,317],[506,708],[302,-27],[457,419],[-36,170],[-294,272],[133,192],[420,56],[45,326],[-60,472],[106,43],[185,-66],[246,167],[205,380],[390,401],[333,-69],[282,-183],[208,33],[318,218],[322,-42],[398,-222],[288,-456],[1192,94],[461,-234],[131,-213],[216,-103],[907,75],[901,-282],[-13,-891],[178,-59],[641,100],[212,-212],[305,-79],[191,-180],[140,-232],[20,-308],[-288,-447],[20,-397],[1003,-765],[525,-578],[64,-171],[553,-7],[350,-131],[544,56],[496,-443],[314,28],[573,344],[388,-150],[28,343],[-127,313],[67,221],[-111,247],[66,191],[-260,381],[-16,150],[477,673],[486,142],[268,260],[115,242],[-72,603],[-264,480],[-122,677],[332,277],[109,473],[261,-7],[166,147],[268,738],[100,648],[-99,597],[95,123],[312,101],[448,723],[7,402],[-216,1398],[-245,517],[-124,1599],[504,217],[245,270],[36,807],[181,340],[251,156],[578,99],[225,349],[387,115],[146,463],[497,128],[423,559],[553,543],[731,217],[82,485],[562,630],[1044,917],[1327,996],[-238,457],[-588,482],[78,355],[634,798],[-46,205],[-188,156],[-660,291],[-1438,1006],[-708,227],[-13,221],[377,242],[957,1130],[571,96],[1073,640],[888,321],[1464,707],[638,131],[884,425],[346,389],[475,113],[239,207],[1038,344],[329,241],[326,425],[10,225],[207,439],[169,127],[553,167],[187,149],[361,1353],[-35,176],[-152,144],[-834,368],[-392,285],[-339,490],[-513,373],[-13,201],[716,493],[307,317],[186,386],[676,536],[144,49],[371,-60],[233,163],[193,260],[210,511],[57,448],[901,781],[618,160],[320,446],[248,610],[1573,1038],[530,-74],[600,269],[106,107],[173,490],[552,181],[377,227],[-518,426],[-149,607],[-373,582],[-820,332],[-788,456],[-1015,-94],[-341,80],[-11,367],[-301,851],[-4,443],[-692,561],[-92,363],[355,408],[103,261],[241,88],[174,286],[-270,704],[11,460],[323,272],[106,262],[629,143],[184,227],[178,701],[120,1025],[320,206],[1104,453],[905,196],[857,572],[291,369],[101,478],[-360,945],[-444,588],[-713,513],[20,489],[227,391],[700,78],[159,126],[137,266],[-64,1095],[372,506],[57,644],[-201,368],[-320,107],[-9,192],[509,628],[317,707],[777,98],[301,183],[6,120],[-167,278],[292,269],[28,162],[-49,183],[-165,179],[-21,353],[-149,207],[176,338],[-155,278],[-15,886],[-226,132],[-615,-168],[-527,141],[-280,-213],[-725,57],[-265,-66],[-228,255],[-463,8],[-467,738],[-889,473],[-715,-446],[-301,-528],[-26,-453],[-378,38],[-233,-90],[-329,-2],[-308,-285],[-140,-277],[-122,-54],[-199,145],[0,744],[-128,202],[131,323],[-73,215],[-403,31],[-320,213],[-187,-60],[-292,-310],[-459,210],[-61,415],[-676,-134],[-353,197],[-400,-218],[-270,29],[-158,328],[40,375],[-61,228],[-494,-8],[-102,74],[-85,252],[-203,94],[-137,-13],[-26,-234],[-310,-154],[-379,-423],[-94,-10],[-133,388],[10,402],[-534,178],[-24,412],[-460,631],[38,238],[388,259],[3,337],[438,530],[33,162],[-187,245],[-246,128],[-127,229],[-876,390],[-407,323],[-112,287],[44,566],[-65,241],[-335,17],[-165,223],[-388,120],[-94,186],[-311,174],[-482,-4],[240,435],[-53,245],[-352,607],[-223,136],[-56,285],[-454,281],[167,739],[-15,339],[-109,232],[-450,310],[89,239],[487,393],[57,691],[-146,264],[-217,174],[-391,190],[-439,46],[-93,109],[107,186],[359,258],[87,425],[314,335],[66,270],[172,224],[68,593],[-68,161],[-207,155],[-25,157],[456,220],[442,577],[209,159],[-135,251],[8,266],[-304,217],[-96,202],[83,609],[-61,595],[-274,319],[-652,199],[93,484],[-59,745],[652,952],[-128,548],[38,413],[-452,337],[56,441],[-134,232],[256,285],[-144,551],[28,199],[321,346],[-193,214],[-93,389],[-203,159],[-62,229],[-384,337],[-511,663],[-542,380],[374,50],[1215,-190],[645,193],[427,18],[237,-30],[215,-245],[168,-19],[321,267],[436,615],[892,369]],[[1486217,2749832],[-38,-175],[199,-583],[-210,-255],[-52,-283],[-216,-103],[-615,34],[-79,-119],[43,-232],[-172,5],[135,-297],[-251,-180],[350,-567],[199,-44],[115,-164],[-18,-325],[149,-258],[-59,-181],[120,-282],[175,-134],[838,-267],[-117,-685],[-278,-458],[463,-309],[399,-1051],[269,-194],[358,-106],[2417,-160],[1182,-266],[1003,-353],[394,-353],[375,-494],[185,-469],[-11,-1330],[-182,-823],[-353,-873],[-232,-407],[-849,-1087],[45,-257],[-186,-36],[-68,-227],[300,-456],[911,-185],[772,-377],[639,-680],[584,233],[342,-363],[-67,-209],[202,-136],[-68,-173],[71,-462],[72,-171],[167,-129],[332,-58],[272,150],[191,195],[167,347],[805,29],[649,480],[515,141],[236,426],[186,177],[1044,720],[383,85],[551,-129],[365,232],[524,603],[999,179],[243,697],[547,447],[796,-83],[442,192],[99,-26],[147,-213],[210,12],[286,729],[394,186],[75,375],[393,239],[75,712],[154,310],[514,133],[408,212],[1133,1110]],[[1508704,2740985],[247,-487],[551,-668],[250,-556],[416,-281],[624,-116],[287,-130],[793,-801],[-11,-257],[-144,-346],[-365,-403],[-96,-770],[135,-205],[250,-88],[-112,-445],[200,-920],[340,-116],[927,93],[334,590],[480,454],[486,245],[461,4],[409,103],[199,-72],[158,-232],[181,-683],[-125,-390],[169,-128],[139,15],[323,296],[455,196],[426,472],[421,-133],[341,228],[359,90],[103,-277],[102,-16],[179,733],[652,622],[101,333],[206,-162],[19,-255],[94,-55],[137,211],[409,27],[114,101],[-5,351],[401,316],[140,232],[128,39],[86,-165],[138,-40],[300,466],[152,111],[293,-333],[171,78],[280,-22],[917,498],[590,824],[183,-133],[362,4],[101,793],[106,58],[232,-234],[442,220],[257,438],[-72,148],[58,162],[-109,133],[59,147],[407,285],[330,-28],[219,110],[497,617],[-1,498],[74,145],[120,-23],[172,-266],[332,-57],[448,-254],[163,106],[256,453],[267,-90],[232,-222],[307,435],[399,115],[622,788],[120,-66],[4,-223],[359,-191],[112,272],[476,227],[-32,240],[-295,445],[436,31],[56,193],[633,620],[653,348],[481,372],[610,649],[0,398],[785,906],[382,-7],[259,269],[465,129],[505,-249],[647,-579],[-304,-277],[-388,-618],[111,-727],[254,-358],[33,-259],[-195,-492],[26,-688],[-451,-191],[-73,-113],[527,-986],[-304,-107],[-243,-584],[90,-176]],[[1536121,2741717],[278,-255],[301,-119],[412,-452],[652,56],[1403,-248],[265,-88],[128,-141],[-67,-395],[-294,-421],[-301,-236],[-27,-1054],[268,-658],[-539,-516],[94,-477],[-59,-242],[-161,-224],[-573,32],[-381,124],[-200,-37],[-20,-274],[-560,-606],[249,-895],[-228,-382],[-29,-407],[-194,-217],[-31,-403],[-417,-295],[-383,-125],[-230,-618],[-773,-91],[-134,-218],[-798,-504],[-653,-108],[-570,104],[-391,-163],[-658,-646],[-401,-532],[-320,-919],[-109,-107],[-237,-95],[-724,-6],[-563,-201],[-122,-101],[-288,-566],[-450,-227],[-591,95],[-991,-157],[-244,137],[-106,356],[-354,166],[-1369,-36],[-633,-97],[-897,291],[-1105,-794],[-417,-133],[-652,-65],[-219,97],[-337,338],[-216,453],[-512,155],[-315,359],[-362,-115],[-871,-521],[-564,-79],[-494,359],[-640,-104],[-816,450],[-659,-8],[-384,94],[-421,-223],[-358,-417],[-407,-223],[-230,-517],[-599,-318],[-262,-572],[-596,-265],[-725,-1574],[-551,25],[-155,-238],[-495,-373],[-292,-873],[-206,-309],[-126,-699],[-1063,-1014],[-503,-652],[-155,-679],[-320,-445],[-470,-453],[-199,-339],[-207,-141],[-296,-767],[-460,-139],[-255,-217],[112,-577],[-258,-218],[-524,-193],[-262,-235],[-112,-215],[-77,-708],[-134,45],[-312,455],[-325,187],[-157,870],[40,366],[-241,109],[-221,444],[-244,28],[-39,331],[-187,409],[-367,-6],[-544,-176],[-333,402],[-300,66],[-661,339],[-389,73],[-868,-99],[-322,-87],[-303,-216],[-567,110],[-505,-192],[-831,-121],[-1428,-1648],[-430,-307],[-453,-29],[-322,-225],[-219,-550],[-443,-543]],[[1492961,2715472],[-529,-153],[-195,-456],[-309,-319],[-166,-672],[-420,-197],[-5,-297],[-149,-191],[10,-232],[-247,-15],[-36,-118],[-100,28],[-89,-280],[-164,111],[-11,-193],[-86,-7],[-59,-236],[-270,14],[-97,713],[-624,1374],[-327,311],[-298,39],[-242,139],[-134,193],[60,321],[-644,153],[-585,-59],[-511,98],[-137,-37],[-92,-158],[170,-683],[-264,-275],[-464,5],[-702,385],[-512,81],[-261,-352],[-432,-211],[-252,-245],[-261,161],[-247,17],[-651,-250],[-371,-520],[-275,-188],[-418,146],[-252,-55],[-226,-518],[-492,-183],[-364,-323],[-949,302],[-761,-551],[-321,-23],[-400,-582],[-213,-156],[75,-205],[144,-89],[369,168],[100,-229],[204,-126],[-67,-250],[-314,-318],[-196,-411],[-638,-368],[-872,-1328],[-189,59],[-186,-42],[-446,-457],[-4,-183],[221,-524],[-95,-449],[266,-191],[0,-114],[-439,-276],[-527,-35],[-143,-898],[-508,-607],[-167,-363],[-265,-311],[-386,-196],[-766,-737],[-941,-254],[-326,-406],[-336,-271],[-44,-427],[-286,-393],[-27,-641],[-427,-575],[-17,-417],[121,-195],[195,-20],[434,457],[236,6],[57,-248],[-212,-638],[-272,-343],[-4,-116],[232,-182],[528,-145],[485,-453],[145,-63],[292,50],[263,-223],[59,-221],[-131,-410],[261,-546],[95,-723],[-193,-518],[0,-553],[229,-690],[17,-536],[-401,-1621],[-413,-612],[-621,-454],[-66,-271],[-230,-61],[-211,-181],[-140,45],[-209,-232],[-45,-273],[-602,-225],[-219,-249],[-209,-2],[-649,310],[-81,-24],[292,-833],[-101,-142],[-379,4],[260,-286],[-39,-330],[-529,-555],[-268,-84],[20,-219],[318,-327],[-32,-708],[-256,-369],[-115,-363],[-569,-195],[-209,-260],[-281,-1157],[53,-674],[383,-614],[46,-217],[205,-99],[15,-212],[214,-299],[-45,-493],[270,-195],[127,-341],[344,519],[-97,214],[37,121],[301,98],[69,-148],[79,-10],[115,139],[-4,209],[649,257],[220,229],[323,-379],[437,355],[22,312],[346,445],[31,226],[211,110],[139,-44],[81,444],[273,114],[-53,170],[212,215],[55,239],[602,-223],[640,-377],[336,-297],[482,-630],[165,-28],[451,144],[245,-84],[440,-427],[133,-281],[139,-771],[283,-66],[213,-211],[353,115],[245,-99],[-741,-1547],[-448,-536],[-459,-872],[-175,-193],[-1434,-1257],[-489,-262],[-846,-263],[-1156,-668],[-421,-147],[-1285,116],[-625,-27],[-677,580],[-853,61],[-400,341],[-246,98],[-1180,-72],[-1180,-223],[-889,-853],[-1053,-845],[-537,-739],[-2359,-1353],[-449,-356],[-500,-611],[-706,-629],[-166,256],[-50,417],[469,391],[93,211],[-27,174],[-365,205],[-900,281],[-592,-288],[-310,13],[-61,161],[49,330],[588,274],[28,183],[-277,193],[-1166,184],[-208,458],[95,77],[290,-4],[41,170],[-776,870],[-466,27],[188,150],[-23,51],[-416,305],[-188,66],[-302,-77],[-217,91],[-70,-238],[-310,134],[-24,-223],[-100,-57],[-315,182],[-313,-88],[-97,-217],[-153,-80],[-353,22],[-65,-305],[330,-218],[-21,-287],[81,-119],[213,-71],[31,-205],[-209,-236],[-116,-391],[-133,96],[-34,177],[-109,-6],[-282,-566],[389,-339],[298,-91],[85,103],[317,-38],[72,-594],[453,-435],[-105,-494],[-309,-556],[-463,-574],[-304,-203],[-420,-756],[-718,-817],[-120,-21],[-377,180],[-327,-31],[-162,-128],[-148,-397],[-274,23],[-246,-95],[-176,-219],[-252,-7],[6,-212],[-244,-277],[-20,-635],[173,-255],[-164,-76],[-223,111],[-199,-178],[-288,182],[-142,-102],[-20,-155],[211,-355],[-202,-32],[0,-111],[278,-108],[3,-87],[-542,-295],[-99,-169],[49,-223],[-71,-76],[-647,-138],[-303,-450],[-392,237],[-245,-133],[-117,-253],[-419,-13],[-116,-78],[-368,76],[-252,-475],[-197,-192],[-591,60],[-435,-408],[-509,52],[-249,-322],[-182,-33],[-187,78],[-653,-149],[-1437,-676],[75,-143],[-16,-451],[120,-170],[289,-82],[125,-190],[-415,-831],[-75,-429],[56,-209],[604,-613],[128,-250],[9,-282],[-193,-746],[-302,-502],[-276,-260],[-807,-297],[-99,-162],[-144,63],[-219,298],[-359,144],[-621,-470],[-150,-375],[-161,-179],[-199,-20],[9,-189],[-324,-182],[-189,45],[-157,-191],[-67,-1089],[-154,-472],[619,-489],[44,-131],[-314,-315],[-76,-214],[39,-219],[-243,-565],[-231,-295],[-56,-348],[-253,-136],[-32,-330],[-352,-293],[-172,-379],[-419,-274],[-118,-217],[-64,-549],[-452,-397],[162,-443],[-310,-26],[-4,-702],[-218,-275],[-4,-166],[559,-164],[401,-1052],[972,-883],[152,-246],[44,-433],[464,-135],[664,-1021],[238,-112],[443,319],[1346,85],[248,-411],[75,-475],[-946,-1061],[-739,-1388],[-386,-972],[-431,-1682],[-308,-1803],[-59,-928],[68,-2652],[-118,-1388],[-224,-1119],[-223,-509],[-1363,-2101],[-333,-1525],[-118,-1380],[101,-513],[1025,-1562],[591,-792],[615,-543],[861,-961],[666,-945],[68,-228],[55,-1570],[-51,-816],[-464,-1040],[-1106,-1225],[0,-337],[228,-1068],[-30,-383],[-288,-631],[104,-410],[887,-871],[1261,-425],[1363,-979],[535,-879],[162,-697],[-6,-601],[-384,-496],[-541,-301],[-1375,-100],[-246,-95],[-439,-525],[-322,-249],[-428,-712],[-6,-360],[78,-148],[768,-649],[217,-643],[-60,-578],[-487,-1375],[-84,-448],[6,-614],[241,-527],[1149,-1240],[190,-317],[176,-573],[-53,-812],[-183,-908],[-675,-1364],[-615,-597],[-949,-577],[-629,-266],[-882,-62],[-569,66],[-355,134],[-889,864],[-633,1343],[-165,891],[-520,1011],[-366,339],[-801,542],[-482,197],[-868,148],[-650,-107],[-408,-217],[-429,-432],[-144,-307],[43,-163],[154,-124],[468,-62],[499,-273],[298,-328],[180,-421],[105,-546],[-7,-676],[-492,-871],[-439,-438],[-464,-221],[-795,-180],[-892,14],[-492,-190],[-440,-255],[-1687,-1520],[-203,-55],[-819,242],[-998,722],[-823,452],[-766,41],[-333,-100],[-213,362],[-331,20],[-29,466],[-162,94],[-113,218],[-320,50],[-197,125],[-68,241],[-357,490],[-706,188],[-945,50],[-172,-154],[-4,-186],[-152,-299],[-166,-108],[-153,69],[-206,335],[-245,171],[-149,371],[-221,103],[-271,-299],[-392,-1204],[-439,-235],[-197,-491],[-469,-479],[-329,-124],[-604,205],[-421,-354],[-1202,-572],[-727,-152],[-415,-342],[-3,-757],[333,-1252],[298,-743],[-137,-358],[538,-638],[124,-668],[-61,-486],[398,-805],[120,-473],[-74,-223],[-524,-585],[-86,-307],[-394,64],[-379,-76],[50,-393],[-69,-204],[56,-511],[101,-60],[457,85],[117,-183],[-6,-219],[99,-101],[541,287],[398,-126],[253,-260],[158,68],[121,-47],[46,-194],[252,-292],[0,-210],[627,-630],[205,-369],[-29,-160],[-392,-478],[-82,-295],[88,-214],[-189,-109],[-230,-2],[-155,93],[-78,-60],[-94,-441],[186,-183],[-25,-349],[168,-438],[-47,-92],[-148,-28],[-47,-128],[-168,-51],[-48,-124],[22,-191],[164,-130],[292,74],[239,-205],[-122,-170],[240,-167],[71,-199],[-123,-288],[249,-168],[-222,-394],[44,-142],[217,-215],[305,7],[264,-306],[148,15],[176,192],[110,-33],[91,-116],[5,-341],[-201,-167],[3,-100],[420,11],[336,-342],[399,70],[378,-117],[479,186],[347,-361],[-368,-279],[-37,-112],[218,-123],[340,-50],[822,-395],[516,-1190],[1805,-3006],[1229,-1694],[1680,-1909],[367,205],[274,39],[1261,-414],[731,391],[277,-12],[278,-201],[354,56],[359,170],[150,186],[-41,174],[-398,303],[19,149],[143,18],[312,-174],[399,-729],[-59,-611],[-228,-750],[236,-226],[471,102],[269,255],[47,161],[-80,398],[133,147],[453,-62],[491,193],[224,10],[177,-160],[266,-704],[194,-166],[293,67],[150,679],[196,234],[308,-76],[529,-371],[122,-13],[428,402],[-839,305],[-186,431],[-221,192],[-68,234],[55,338],[403,42],[99,80],[-105,605],[116,1113],[276,155],[289,-416],[198,-52],[49,131],[-57,580],[92,145],[878,-767],[388,-70],[54,159],[-145,205],[-529,228],[-19,307],[128,337],[110,160],[186,50],[158,-83],[90,-319],[108,-93],[624,60],[99,180],[-647,209],[-47,131],[1013,613],[318,-44],[624,-277],[-93,-127],[-430,-45],[-2,-203],[182,-226],[-13,-85],[-510,-400],[168,-54],[397,116],[211,-145],[2,-308],[101,-280],[-165,-358],[57,-230],[171,-13],[369,288],[-10,89],[-255,205],[54,158],[327,112],[251,-15],[-2,-483],[240,-236],[327,-76],[336,87],[516,-206],[426,-10],[-160,-621],[-240,-274],[40,-87],[430,66],[685,396],[2,-561],[133,-309],[920,-630],[115,91],[-78,230],[302,176],[127,193],[-51,777],[582,-429],[274,-41],[125,85],[-420,507],[-167,647],[-185,304],[82,174],[274,25],[932,-292],[-44,-802],[86,-153],[150,45],[215,471],[150,35],[506,-323],[200,-392],[144,-122],[634,-106],[456,-410],[21,168],[-177,375],[-154,628],[65,190],[527,33],[-219,-493],[198,-197],[171,-12],[192,404],[-78,276],[559,8],[299,-158],[108,21],[4,305],[110,273],[-403,104],[365,435],[84,-19],[68,-224],[196,-70],[362,-12],[346,120],[99,-282],[184,-52],[154,62],[105,174],[-192,413],[555,37],[82,-58],[7,-332],[347,-478],[152,-555],[-124,-429],[955,-154],[865,174],[311,140],[193,-345],[-199,-294],[67,-173],[352,-282],[553,-60],[9,-138],[-257,-193],[-570,-117],[271,-265],[223,-560],[224,21],[70,316],[216,119],[115,-78],[134,-381],[283,-73],[96,141],[-87,445],[150,138],[168,31],[33,-476],[198,-309],[303,-143],[309,-24],[29,156],[-470,162],[-42,138],[78,87],[335,80],[112,378],[142,61],[596,-307],[754,-681],[-42,-98],[-446,-272],[-35,-199],[63,-127],[936,395],[132,-47],[350,-374],[228,-85],[129,169],[-88,456],[657,237],[335,-119],[115,-347],[94,-71],[1297,98],[228,-140],[116,-186],[-12,-744],[300,-489],[132,-37],[138,87],[270,735],[186,-21],[145,-186],[297,-640],[-63,-71],[-386,-49],[-95,-100],[-32,-273],[127,-129],[217,13],[152,195],[360,163],[146,365],[183,72],[110,-199],[25,-426],[142,-110],[485,184],[265,9],[108,-75],[228,-445],[873,-332],[480,-338],[154,52],[28,288],[223,-21],[118,-169],[2,-237],[-181,-298],[2,-128],[112,-145],[493,-189],[93,-126],[-139,-116],[-424,35],[-31,-110],[82,-110],[329,-87],[377,-493],[365,-170],[105,139],[-42,570],[167,97],[131,-134],[67,-392],[184,-425],[-363,-217],[-129,-226],[36,-182],[211,-73],[327,139],[417,-307],[534,23],[228,-195],[21,-155],[-135,-128],[-338,124],[-208,-35],[276,-711],[-546,-574],[310,-168],[419,384],[217,18],[167,-110],[-2,-223],[-420,-249],[-12,-344],[280,-445],[232,-50],[247,110],[346,-218],[168,-480],[7,-245],[-78,-149],[-424,-265],[-74,-216],[515,-727],[362,-279],[232,-396],[359,-73],[156,458],[432,-56],[458,541],[215,70],[312,-188],[-321,-321],[59,-576],[462,-73],[789,-603],[557,-155],[172,201],[180,66],[36,288],[331,139],[240,-93],[156,201],[219,-350],[163,-67],[411,27],[124,-342],[201,-51],[190,91],[90,298],[443,-50],[337,154],[167,375],[333,395],[30,307],[160,56],[439,-197],[-74,-190],[61,-145],[578,169],[702,-459],[54,-214],[-332,-364],[237,-187],[461,152],[49,138],[-92,146],[125,81],[162,-33],[283,-328],[371,121],[219,-45],[120,-318],[105,-83],[230,49],[192,186],[102,-28],[88,-60],[61,-278],[223,-224],[498,-40],[622,238],[-148,-727],[137,-122],[211,50],[290,-318],[206,-67],[135,-644],[149,40],[512,414],[205,-4],[213,-234],[288,-14],[287,-328],[465,-76],[49,-226],[-514,-902],[82,-170],[301,174],[413,-207],[314,52],[172,191],[16,273],[264,24],[265,-103],[-30,-451],[501,-435],[121,45],[71,181],[355,26],[420,254],[21,-649],[79,-68],[383,-15],[371,-152],[474,317],[432,-24],[79,-114],[-72,-340],[64,-102],[175,-7],[299,166],[79,-424],[153,-246],[496,-145],[8,-67],[-342,-256],[-139,-210],[-49,-287],[88,-247],[659,-53],[179,205],[212,-15],[234,-176],[39,-182],[-200,-497],[151,-29],[131,245],[183,-221],[4,-616],[-190,-950],[79,-792],[186,-104],[218,28],[222,-225],[311,12],[65,-124],[-241,-211],[371,2],[96,-64],[-168,-254],[17,-139],[-362,-233],[60,-168],[257,-109],[-37,-179],[107,-140],[-185,-205],[-42,-251],[-321,-46],[-173,-197],[102,17],[153,-150],[278,119],[93,-173],[358,187],[95,-289],[229,-74],[284,-406],[220,61],[55,-238],[-166,-721],[169,-607],[-16,-210],[311,-477],[314,135],[116,-23],[146,-490],[795,-374],[17,-289],[-388,-149],[204,-259],[15,-167],[558,-273],[253,-420],[343,-336],[239,15],[131,283],[270,-3],[229,-128],[384,-620],[575,9],[671,-207],[53,-390],[265,-285],[148,51],[190,273],[334,-88],[223,99],[151,-25],[49,69],[-65,284],[83,117],[313,-223],[318,-3],[460,-162],[322,82],[220,189]],[[1188853,3403864],[191,-150],[459,187],[602,90],[485,-280],[542,-641],[-78,-127],[-741,-343],[-329,-388],[6,-771],[167,-354],[314,-303],[129,-452],[-157,-967],[207,-443],[-50,-237],[-227,-225],[-204,-685],[-262,-376],[-63,-1249],[58,-234],[204,-302],[365,-261],[877,-362],[481,-521],[216,-453],[-464,-929],[38,-73],[539,-193],[28,-99],[-662,-498],[-316,-617],[-178,-195],[-485,-370],[-801,-450],[-1163,-907],[-239,-615],[623,-965],[42,-313],[-110,-430],[-676,-1000],[-280,-91],[-968,-25],[-414,-242],[-484,-38],[-245,-158],[-558,-701],[-108,-69],[-513,-19],[-282,59],[-443,497],[-450,120],[-133,124],[-127,322],[-238,161],[-576,109],[-811,-25],[-252,-73],[-194,-165],[-140,-304],[-130,-670],[31,-1468],[114,-459],[613,-1362],[115,-576],[483,-504],[619,-333],[197,-216],[446,244],[372,-79],[-61,-345],[61,-706],[-195,-451],[-3,-457],[267,-1031],[213,-302],[3,-124],[-201,-315],[-112,-648],[-342,-153],[-357,-616],[49,-611],[-226,-174],[-73,-217],[-200,-204],[-117,-767],[0,-899],[-902,-861],[-320,-493],[-39,-184],[218,-458],[193,-738],[489,-406],[88,-179],[-257,-943],[-177,-358],[75,-662],[229,-286],[320,-212],[1084,-429],[549,-565],[3,-503],[151,-302],[84,-543],[7,-689],[310,-972],[716,-377],[160,-853],[211,-416],[-86,-1138],[-108,-397],[44,-428],[-105,-232],[161,-452],[-235,-223],[-99,-255],[99,-952],[-43,-588],[548,-475],[460,4],[442,-168],[308,263],[140,-26],[633,-1648],[-19,-241],[-100,-161],[-465,-487],[20,-140],[261,-346],[24,-564],[252,-343],[579,-509],[155,-347],[33,-355],[273,-195],[244,-772],[325,-226],[743,-273],[471,-263],[413,-423],[127,-650],[-89,-503],[115,-743],[-89,-682],[156,-722],[-218,-451],[-59,-486],[260,-731],[167,-853],[261,-590],[260,-196],[849,-236],[295,-284],[288,-472],[692,-163],[1536,-180],[180,-146],[140,-315],[254,-265],[429,-165],[734,-92],[205,-310],[50,-268],[-251,-908],[111,-362],[-32,-428],[225,-495],[-206,-736],[-152,-254],[137,-856],[-418,-1374],[532,-470],[206,-467],[25,-643],[-202,-651],[101,-482],[-340,-357],[-39,-288],[340,-354],[122,-380],[252,-138],[808,-729],[913,-520],[602,-683],[79,-271],[-34,-541],[138,-329],[-87,-445],[267,-456],[-87,-601],[277,-411],[422,-123],[142,-938],[456,-176],[1024,54],[630,-166],[266,254],[339,167],[1155,75],[771,-520],[1024,-292],[581,173],[440,292],[141,-75],[270,-356],[699,6],[964,555],[238,-228],[460,-963],[323,-291],[305,-501],[737,-801],[421,-839],[408,-400],[188,-307],[1034,-449],[1609,-143],[726,-293],[316,0],[593,224],[158,-286],[123,-62],[965,906],[635,117],[494,-58],[807,-328],[474,-100],[466,-344],[179,-459],[488,-82],[56,-841],[379,-576],[91,-514],[779,-703],[423,-574],[75,-502],[202,-367],[18,-633],[171,-362],[-436,-949],[-6,-310],[121,-132],[300,-62],[442,37],[256,-145],[55,-677],[339,-355],[45,-362],[203,-263],[-92,-251],[147,-284],[87,-590],[-37,-661],[-158,-360],[-24,-279],[-360,-233],[-570,53],[-98,-63],[-47,-1187],[-440,-257],[-301,-487],[-952,19],[-507,-368],[-282,-42],[-80,-329],[-262,-297],[47,-394],[-100,-173],[-169,-6],[-650,244],[-332,-39],[14,-1424],[388,-988],[256,-339],[105,-453],[592,43],[171,-125],[47,-256],[-227,-654],[-538,-711],[31,-584],[-350,-754],[199,-273],[3,-398],[-401,-1054],[25,-160],[139,-152],[37,-403],[378,-224],[106,-266],[-112,-368],[-393,-141],[-138,-165],[256,-291],[-25,-607],[212,-925],[-475,-903],[-183,-134],[-99,-426],[235,-506],[528,-375],[102,-535],[-30,-254],[-242,-351],[-402,-970],[169,-178],[59,-418],[147,-348],[15,-480],[363,-366],[80,-481],[228,-298],[88,-420],[430,-287],[202,-381],[592,-428],[353,19],[449,-167],[69,-256],[-95,-334],[37,-130],[618,-292],[494,-8],[62,-61],[-215,-395],[38,-230],[952,-437],[239,-480],[465,-211],[678,-1205],[96,-338],[2,-635],[-177,-469],[268,-464],[47,-495],[219,-507],[-440,-455],[130,-543],[-277,-311],[-9,-617],[248,-306],[-9,-479],[-263,-450],[219,-344],[302,-67],[326,-286],[257,-426],[42,-258],[-332,-274],[78,-543],[-335,-559],[-372,-294],[-388,3],[-297,-201],[-76,-395],[-221,-373],[-8,-808],[-201,-250],[-115,-490],[184,-348],[720,-696],[-148,-617],[176,-260],[67,-286],[776,-227],[440,-480],[433,-318],[418,58],[229,-488],[237,-260],[564,-140],[346,-556],[-9,-642],[73,-189],[145,-159],[335,-85],[75,-101],[6,-644],[441,-356],[654,-76],[220,-436],[22,-292],[273,-302],[-58,-270],[-235,-356],[-223,-161],[575,-484],[317,-698],[-477,-1053],[69,-591],[-627,-1539],[11,-204],[230,-394],[-55,-1325],[-279,-541],[-333,-400],[-304,-1113],[56,-833],[-83,-550],[228,-388],[-59,-344],[78,-265],[-200,-213],[-417,-951],[-112,-77],[-770,-24],[-526,-662],[-1024,-3],[-182,-720],[-271,-637],[-290,-273],[-375,-129],[-351,-258],[-284,-715],[-24,-444],[-730,-671],[-370,-203],[-22,-1246],[-87,-362],[-299,-372],[-455,-47],[-596,-563],[-152,-1244],[240,-621],[132,-71],[439,189],[560,-118],[860,-6],[421,-160],[493,0],[271,-307],[376,-184],[-49,-263],[-363,-269],[-13,-260],[268,-618],[284,-215],[62,-289],[300,-269],[52,-378],[-98,-295],[312,-407],[127,-332],[0,-250],[221,-224],[181,-346],[49,-204],[-98,-748],[257,-560],[137,-125],[-29,-847],[442,-1077],[124,-79],[543,22],[706,-328],[560,-583],[180,-421],[50,-475],[-322,-482],[90,-952],[248,-289],[719,-556],[191,-603],[881,-1373],[777,-166],[809,323],[377,30],[302,-288],[32,-499],[506,-151],[231,-385],[385,-123],[229,-166],[209,-347],[45,-820],[-177,-99],[-128,-255],[-19,-538],[-93,-326],[73,-217],[-50,-276],[689,-955],[421,-186],[331,-252],[561,96],[134,-62],[72,-619],[112,-237],[-51,-287],[142,-268],[47,-617],[68,-193],[306,-259],[121,-270],[-60,-318],[-346,-116],[-32,-336],[-499,-473],[64,-641],[-492,-259],[-171,-529],[-535,-326],[-257,-287],[-192,-617],[-122,-932],[261,-683],[413,-662],[528,-480],[385,-161],[232,-574],[146,-151],[-136,-483],[0,-626],[333,-593],[-81,-397],[52,-144],[466,-435],[323,-89],[114,-172],[-39,-307],[352,-144],[272,-310],[439,72],[602,-403],[542,-90],[88,-155],[-47,-166],[-400,-353],[-172,-526],[18,-284],[145,-236],[3,-475],[-538,-538],[-58,-159],[-152,-1039],[29,-386],[49,-104],[319,-159],[-7,-497],[-113,-130],[-512,44],[-348,-278],[48,-618],[-387,-326],[55,-558],[-251,-571],[-70,-744],[-189,-66],[-932,73],[-423,-148],[-549,0],[-686,-196],[-114,-159],[76,-896],[479,-589],[6,-344],[698,-322],[70,-103],[-129,-471],[-749,-164],[-89,-207],[224,-232],[498,-183],[-275,-236],[-63,-419],[-25,-1090],[435,-544],[-190,-414],[-135,-801],[215,-314],[641,-585],[464,-770],[624,-498],[-574,-443],[-274,-319],[-232,-79],[-350,-302],[-207,-663],[-253,-452],[-4,-136],[358,-634],[-58,-547],[468,-1132],[291,-111],[691,294],[1565,236],[363,157],[417,42],[232,-361],[1240,-1247],[-29,452],[308,940],[468,357],[236,12],[245,195],[-118,530],[240,576],[-228,713],[363,646],[704,904],[1105,921],[1172,729],[607,247],[85,112],[102,729],[164,195],[898,-45],[325,-527],[472,-186],[668,114],[286,155],[244,303],[713,-104],[869,95],[278,-203],[316,-522],[254,-178],[143,25],[643,889],[45,284],[-145,561],[220,394],[-62,631],[281,507],[-517,248],[-368,293],[-813,228],[-129,315],[-172,102],[-114,235],[-638,225],[-372,310],[-146,524],[73,107],[1226,-100],[368,312],[505,-454],[152,-41],[357,1097],[514,1],[135,382],[308,352],[768,42],[-21,319],[-452,543],[215,526],[-421,965],[-38,319],[687,253],[241,386],[502,198],[160,307],[206,179],[103,27],[218,-103],[274,63],[367,414],[173,530],[-152,696],[39,720],[699,1531],[14,499],[429,89],[533,562],[99,263],[246,196],[-66,364],[149,401],[-167,417],[244,744],[-45,377],[358,865],[546,776],[534,20],[364,189],[394,384],[338,-208],[514,55],[85,-203],[223,-188],[1372,29],[587,-128],[705,-281],[435,117],[71,-52],[23,-229],[253,24],[138,-119],[-150,-516],[81,-229],[232,-182],[902,-333],[424,343],[240,-25],[271,256],[360,17],[479,615],[380,20],[281,-250],[335,-540],[625,-414],[198,99],[97,402],[934,45],[65,-600],[82,-83],[380,21],[229,-317],[812,-119],[392,12],[286,128],[42,151],[-184,288],[38,122],[544,-37],[229,197],[562,-441],[271,-118],[175,19],[147,460],[472,50],[487,244],[345,74],[78,185],[-56,358],[64,258],[724,341],[264,-81],[248,-215],[556,33],[669,-475],[465,-123],[428,-710],[791,-470],[279,-24],[-7,-205],[263,-99],[397,-310],[217,-312],[66,-240],[336,70],[17,-134],[-155,-224],[99,-217],[239,332],[748,-12],[219,157],[94,-89],[-99,-268],[189,-57],[182,192],[209,460],[235,-221],[-96,-170],[32,-77],[481,57],[434,-200],[178,119],[163,-112],[345,-7],[348,-129]],[[1492961,2715472],[118,-507],[568,-688],[124,-361],[-27,-202],[-337,-262],[-65,-790],[116,-656],[519,-423],[112,-176],[-4,-198],[-263,-225],[-94,-287],[693,-417]],[[1485430,2675918],[186,-132],[175,-847],[401,-525],[-34,-191],[-326,-284],[129,-389],[282,-358],[347,-257],[267,-46],[189,163],[173,400],[107,77],[638,-282],[304,-312],[-214,-718],[-19,-327],[-272,-294],[-275,-728],[239,-72],[264,59],[23,-302],[368,-134],[-102,-249],[128,-702],[175,-412],[1181,-1072],[349,-620],[498,-147],[170,-234],[-180,-381],[-184,-1054],[-121,-850],[-17,-876],[-231,-424],[-469,-449],[-57,-323],[177,-728],[176,-124],[267,118],[282,-707],[392,-309],[108,-564],[642,-871],[56,-377],[-286,-1038],[-908,-1401],[-236,-752],[-119,-748],[433,-544],[142,-482],[-49,-300],[-612,-575],[-208,-311],[-373,-1211],[-461,-33],[-264,75],[-139,205],[-236,901],[-195,321],[-340,164],[-403,0],[-327,-116],[-1402,-1273],[-911,-643],[-526,-253],[-319,-27],[-848,237],[-548,26],[-580,-103],[-443,-202],[-342,-254],[-97,-323],[59,-409],[321,-680],[-29,-388],[-233,-506],[-90,-421],[-637,-782],[-153,-775],[-405,-793],[-90,-514],[-791,-976],[-602,-463],[-599,-300],[-979,-386],[-940,-212],[-1004,493],[-295,300],[-647,434],[-312,103],[-589,39],[-888,-212],[-279,-180],[-711,49],[-463,-59],[-401,-320],[-192,-333],[-587,-511],[-623,-57],[-49,-148],[254,-54],[57,-305],[-295,-130],[-200,-375],[4,-390],[-238,-336],[-154,-43],[-232,102],[-105,-77],[-70,-1193],[-685,-587],[-4,-389],[-446,-59],[52,-488],[-705,-684],[-280,-19],[-249,-201],[-258,-471],[-887,-444],[-260,131],[-177,-15],[-130,-617],[-363,99],[-181,-74],[-112,-121],[14,-218],[-165,-57],[-97,-186],[-359,-106],[-280,-246],[-140,-408],[-211,-246],[55,-579],[164,-245],[314,-154],[144,-254],[-24,-573],[315,-376],[719,-1491],[231,-278],[-184,-279],[210,-111],[-72,-195],[244,-320],[-279,-181],[-265,22],[113,-306],[-126,-238],[-27,-353],[-111,-14],[-242,203],[-148,-87],[107,-310],[567,-12],[79,-268],[-64,-253],[-169,-29],[-346,143],[-158,-23],[-29,-88],[141,-218],[317,-189],[174,14],[179,250],[135,-24],[33,-107],[-252,-570],[-249,-155],[-417,-499],[-266,16],[-108,411],[-200,283],[-175,75],[-175,-70],[-692,-881],[-46,-682],[-148,-167],[-236,-15],[-987,477],[-251,-65],[-25,-294],[137,-271],[540,-394],[91,-221],[-102,-487],[39,-801],[-194,-2023],[81,-708],[-130,-96],[-889,50],[-457,411],[-610,-84],[-384,-208],[-145,-223],[-25,-217],[340,-1267],[-84,-386],[-145,-165],[-436,87],[-703,585],[-497,201],[-99,198],[-24,350],[-133,78],[-153,-67],[-490,-657],[-731,-512],[34,-171],[347,-396],[219,-703],[195,-47],[371,313],[289,-36],[360,-409],[224,-438],[40,-467],[-330,-694],[0,-184],[134,-199],[488,-303],[120,-222],[-415,-461],[255,-512],[40,-287],[-300,-733],[-427,-508],[-1162,-783],[-936,198],[-222,126],[-156,243],[-40,690],[-220,403],[-231,122],[-279,-377],[27,-1065],[-80,-206],[-132,-47],[-528,387],[-633,288],[-561,374],[-292,353],[-124,474],[-147,195],[-247,19],[-448,-337],[-370,-159],[-196,211],[19,609],[-86,153],[-386,227],[-641,81],[-1390,-946],[-215,-261],[-110,-205],[-24,-303],[201,-567],[-128,-195],[-201,-5],[-744,234],[-193,-5],[-120,-153],[-67,-677],[96,-353],[199,-245],[568,-380],[274,-279],[212,-324],[104,-514],[-391,-483],[-775,-421],[-59,-380],[139,-701],[-171,-332]],[[1445260,2606531],[-26,-328],[139,-301],[663,-767],[-35,-694],[584,-1863],[15,-784],[-300,-519],[-142,-490],[78,-926],[294,-793],[374,-486],[810,-440],[413,-711],[260,-898],[197,-237],[576,-188],[1205,-96],[238,-161],[191,-329],[180,-1363],[29,-953],[219,-573],[808,-907],[119,-513],[-51,-407],[-220,-263],[-178,-93],[-175,12],[-579,210],[-246,-355],[-12,-644],[426,-536],[234,-525],[-49,-362],[-225,-337],[45,-474],[165,-314],[746,-847],[631,-293],[15,-113],[-503,-634],[200,-436],[461,-175],[35,-430],[-147,-347],[108,-190],[277,-180],[-57,-192],[205,-297],[459,-71],[410,-301],[616,-191],[146,-159],[26,-457],[-599,-446],[10,-894],[-188,-395],[-78,-1478],[-211,-587],[0,-235],[183,-335],[867,-894],[542,-1067],[973,-874],[542,-216],[290,69],[379,400],[203,100],[1778,119],[295,-166],[375,-801],[61,-1650],[742,-574],[1096,-1222],[526,-184],[651,-42],[292,65],[378,234],[464,116],[426,25],[452,-149],[2508,-1726],[743,-738],[413,-955],[696,-283],[190,-153],[219,-365],[582,-435],[178,-371],[84,-760],[169,-165],[3683,-649],[886,-70],[1602,-455],[858,-373],[949,-670],[260,-76],[155,21],[274,200],[609,639],[267,16],[197,-209],[40,-660],[196,-302],[2266,-811],[736,-533],[222,-751],[185,-250],[878,-561],[580,-570],[1202,-1651],[369,-777],[179,-683],[95,-808],[-137,-1875],[21,-963],[90,-200],[325,-125],[111,-162],[33,-291],[491,-415],[157,-246],[558,-300],[422,-99],[725,-627],[-82,-167],[-391,-128],[208,-631],[534,-304],[295,-304],[449,-150],[573,69],[178,-142],[221,64],[25,-254],[511,-780],[131,-409],[269,-353],[472,-15],[256,-314],[34,-379],[304,-208],[-3,-63],[-234,-29],[-141,-152],[-80,-411],[-246,-292],[55,-473],[-507,-579],[182,-217],[83,-289],[212,-66],[483,118],[380,-285],[83,-479],[386,-100],[242,39],[152,-211],[209,30],[284,-120],[57,-334],[149,-132],[385,4],[270,-183],[352,-74],[21,-288],[-277,-145],[-83,-170],[56,-318],[353,-128],[-241,-612],[131,-391],[-96,-331],[222,-160],[245,-28],[222,-452],[644,158],[29,-147],[-182,-289],[30,-105],[491,-220],[158,-250],[478,-76],[611,-341],[-532,-911],[52,-646],[-113,-527],[243,-497],[379,248],[-42,-727],[192,-203],[-12,-280],[529,-148],[-126,-440],[387,-157],[-190,-300],[-44,-449],[584,-423]],[[1563413,2686285],[495,-206],[580,-89],[629,-411],[456,-169],[292,-303],[551,-304],[433,-387],[619,-254],[124,-158],[36,-528],[-628,-237],[-140,-225],[-15,-755],[98,-880],[249,-939],[146,-237],[204,-196],[643,-155],[238,-259],[515,-869],[-147,-373],[-409,-640],[-677,-475],[-435,-487],[-430,-704],[-226,-201],[-118,-425],[-417,-437],[183,-1102],[287,-193],[253,-445],[679,-549],[59,-298],[211,-321],[186,-790],[306,-484],[373,-217],[100,-1921],[323,-312],[199,-331],[-60,-426],[120,-522],[796,-727],[293,-434],[115,-574],[-53,-915],[-387,-708],[-931,-794],[-1090,-1044],[-246,-363],[-369,-276],[-1370,-173],[-1002,-483],[-984,-190],[-404,0],[-591,172],[-369,18],[-386,-156],[-1354,-880],[-1933,-570],[-650,-86],[-1265,-17],[-1388,-277],[-317,-121],[-298,-466],[-211,-1001],[-158,-207],[-211,-553],[-141,-2209],[387,-657],[597,-466],[176,-293],[70,-501],[-70,-639],[-404,-849],[-53,-328],[-158,-363],[-633,-690],[-158,-553],[141,-742],[-194,-293],[36,-691],[-176,-553],[158,-1312],[-369,-604],[-176,-449],[-228,-293],[-1178,-950],[-1031,-628],[-1687,-138],[-931,-795],[-229,18],[-879,-432],[-527,-397],[-228,-276],[-141,-328],[-12,-643],[293,-738],[88,-1053],[-52,-1088],[-299,-1019],[0,-880],[-650,-863],[-141,-328],[-155,-1158],[-548,-862],[-193,-574],[-90,-589],[371,-2311],[0,-1606],[-387,-1191],[-1114,-1253],[-176,-794],[-17,-864],[281,-379],[106,-484],[0,-483],[316,-570],[17,-173],[-175,-466]],[[1543972,2619466],[-510,-172],[-264,-225],[-825,-362],[-440,155],[-246,242],[-334,17],[-1001,-535],[-1617,-104],[-422,-328],[-826,-1157],[-914,-2089],[-946,-1657],[-193,-570],[0,-241],[-299,-639],[-461,-580],[12,-733],[-166,-422],[-843,-794],[-246,-139],[-475,-518],[-104,-446],[-335,-641],[-1169,-1241],[-9,-917],[-327,-859],[-94,-557],[-194,-397],[-825,-984],[-651,-1070],[-615,-657],[-914,-1398],[-667,-466],[-826,-777],[-369,-242],[-1174,-1695],[-343,-103],[-619,-595],[-328,-735],[-140,-1255],[-285,-329],[-138,-416],[-10,-218],[227,-535],[-233,-462],[-97,-694],[63,-571],[-246,-527],[-690,-928],[199,-753],[-37,-462],[430,-316],[66,-486],[193,-344],[-5,-321],[475,-480],[646,-973],[-235,-519],[-522,-328],[-1041,-97],[-309,162],[-337,399],[-475,250],[-637,-74],[-523,97],[-1079,-207],[-344,252],[-609,-10],[-827,402],[-476,-80],[-587,-226],[-775,-38],[-10,-176],[143,-92],[1352,-236],[204,-194],[508,-805],[-61,-105],[-500,-206],[-470,-864],[-1015,-57],[-313,-301],[-177,-598],[-171,-79],[-332,25],[-255,295],[-467,3],[-280,98],[-329,-95],[-735,85],[-866,-611],[-287,-79],[-477,-519],[-335,-225],[-435,-172],[-718,43],[-534,-640],[-197,-108],[-560,56],[-787,533],[-797,65],[-144,73],[-587,830],[-730,825],[-1003,765],[-161,572],[-416,568],[4,221],[241,398],[-302,262],[-13,366],[-105,163],[-941,735],[-473,168],[-324,210],[-590,594],[-219,348],[-171,13],[-311,-151],[-315,198],[-179,284],[-338,1424],[-326,83],[-671,-39],[-469,529],[-717,82],[-365,223],[-138,228],[-109,719],[-247,199],[-543,177],[-86,766],[37,523],[-267,324],[-405,190],[-285,372],[-252,169],[-284,48],[-465,-168],[-406,541],[-627,57],[-239,138],[-175,305],[4,922],[-453,221],[-342,294],[-88,660],[-511,278],[101,493],[-181,249],[-562,261],[-1198,108],[-283,141],[-507,436],[-388,178],[-650,108],[-1375,-156],[-506,-166],[-755,-746],[-538,-193],[-1343,-145],[-569,103],[-570,-83],[-432,-278],[-917,-115],[-401,83],[-780,745],[-443,270],[-1771,290],[-2236,-21],[-1054,-476],[-844,186],[-147,435],[232,787],[63,1264],[-183,815],[-1000,1791],[-560,336],[-520,138],[-478,-69],[-282,-124],[-393,27],[-225,138],[-225,304],[-56,470],[168,1160],[-56,387],[-1181,939],[-1502,1515],[-423,186],[-787,133],[-653,-232],[-1419,-199],[-620,-7],[-651,197],[-643,628],[-507,119],[-592,452],[-769,157],[-1740,-401],[-1596,-149],[-998,74],[-151,-74],[-212,-386],[-522,-342],[-318,-52],[-922,141],[-545,297],[-617,658],[-710,941],[-305,626],[-254,254],[-321,203],[-445,133],[-818,-11],[-295,-71],[-368,-310],[-1422,-2952],[-840,-1299],[-358,-264]],[[1418258,3344952],[680,368],[106,174],[-1,241],[207,79],[318,300],[72,464],[-85,505],[120,202],[64,469],[-75,281],[141,787],[185,175],[70,689],[133,199],[-4,270],[124,113],[-51,260],[229,578],[-163,442],[62,468],[-96,440],[-143,162],[-240,74],[-15,83],[216,424],[95,670],[346,510],[-198,242],[113,436],[256,487],[163,157],[109,603],[233,329],[-5,118],[-137,112],[61,264],[224,114],[393,569],[396,1054],[-65,454],[66,139],[-103,582],[989,496],[785,272],[792,635],[1381,-5],[1321,234],[809,-29],[679,-177],[1194,233],[-27,259],[630,182],[439,504],[255,145],[166,266],[268,55],[655,-215],[621,256],[143,144],[-107,207],[148,178],[-6,251],[229,520],[-18,389],[-213,400],[47,139],[-63,169],[106,106],[-117,282],[-166,118],[-294,10],[-174,218],[-307,119],[-412,358],[-343,-42],[-137,90],[-151,-87],[-94,417],[-69,-5],[-79,-182],[9,-309],[-186,-99],[-20,-165],[-81,-33],[-69,92],[74,278],[-52,112],[-128,52],[-163,-83],[-167,95],[-156,-43],[-518,157],[-89,69],[-24,235],[-168,-38],[-237,79],[-379,458],[-801,66],[-161,-82],[-351,31],[-358,-144],[-92,33],[-47,194],[-270,-10],[-476,733],[-81,248],[-267,61],[-255,329],[-52,407],[-575,186],[-340,646],[-488,231],[-126,468],[-332,416],[-635,297],[-525,113],[-215,-51],[-239,205],[-157,-61],[-72,304],[-610,568],[-265,12],[-522,300],[-458,107],[-208,309],[254,169],[-31,542],[-239,39],[-111,132],[-492,43],[-258,145],[-317,-104],[-256,92],[-175,185],[-300,-280],[-353,110],[-381,-95],[-271,122],[-368,-90],[-198,297],[-324,89],[-281,211],[-251,-364],[-725,-324],[-102,49],[-18,330],[-426,95],[-561,-80],[-252,216],[-659,169],[-178,-21],[-289,126],[-346,-339],[-521,26],[-423,-218],[-280,133],[-612,-25],[-852,566],[-245,-230],[-142,-37],[-338,63],[-320,231],[-279,-154],[-618,150],[-388,-35],[-271,423],[198,272],[-50,127],[-266,93],[-157,343],[-352,25],[-294,184],[-300,357],[-250,150],[-38,284],[-369,273],[17,671],[-88,392],[-181,311],[87,862],[-101,219],[112,276],[-92,279],[-392,170],[-181,311],[-443,22],[-209,184],[-667,-430],[-131,1],[-248,197],[-249,-177],[-450,-108],[-765,1249],[-228,150],[-438,76],[22,338],[-326,77],[-467,395],[-184,8],[11,325],[-357,-7],[-242,412],[-307,-219],[-310,51],[-404,341],[-186,413],[-251,186],[-811,152],[-194,141],[-145,551],[-560,796],[-199,699],[-241,460],[-30,747],[186,691],[-76,700],[121,1099],[89,135],[764,441],[94,212],[-140,375],[76,248],[667,-629],[7167,679],[2331,304],[1274,-29],[874,-282],[270,40],[294,171],[710,-22],[1081,461],[509,654],[333,-116],[248,8],[256,227],[184,-60],[300,114],[561,-57],[306,109],[146,252],[151,54],[-6,164],[96,103],[239,-130],[359,148],[138,353],[238,47],[179,186],[-185,289],[47,167],[214,81],[288,-18],[108,81],[64,90],[-61,185],[61,204],[219,170],[23,160],[406,212],[299,-178],[9,186],[303,143],[-38,165],[181,-27],[102,205],[210,114],[130,-69],[118,160],[235,-56],[272,168],[168,-130],[214,14],[306,232],[215,-210],[131,52],[91,-99],[421,-1],[186,-240],[182,-20],[145,-192],[532,-133],[218,198],[281,66],[88,147],[-14,312],[241,-7],[86,198],[686,-360],[62,-152],[465,-92],[19,226],[442,227],[119,341],[205,251],[415,130],[463,351],[-245,1407],[516,426],[1042,-374],[190,866],[1257,1478],[393,254],[215,32],[5,125],[1961,1266],[708,-602],[206,266],[-36,178],[149,228],[868,852],[434,198],[78,-70],[160,122],[278,48],[37,243],[150,123],[20,501],[197,323],[-11,136],[-123,77],[-155,-67],[-19,83],[-148,17],[-5,93],[-270,185],[-412,-130],[-501,347],[120,102],[226,2],[31,163],[148,90],[-4,150],[140,6],[156,133],[242,-36],[354,867],[715,1235],[-2658,1284],[573,1566],[-1803,451],[379,1032],[-231,325],[-198,139],[-696,66],[-110,-310],[-164,-58],[-138,181],[-4,413],[-155,29],[-253,-196],[-190,-18],[-58,359],[-124,56],[-159,-81],[-138,-300],[-236,-106],[-87,138],[80,493],[-136,90],[-242,-190],[-45,-471],[-174,-134],[-448,179],[-418,21],[-268,-364],[-295,238],[-113,-20],[-193,-288],[336,-323],[-9,-131],[-84,-46],[-1041,63],[-138,393],[-164,106],[-194,-126],[22,-413],[-77,-188],[-193,-46],[-267,70],[-166,-259],[-170,18],[-237,209],[-534,40],[-99,396],[-436,-360],[-312,-86],[-90,164],[126,546],[-187,43],[-416,-187],[-93,85],[54,384],[-169,1],[-251,-168],[-109,42],[-71,508],[-239,471],[138,293],[316,202],[9,153],[-139,97],[-611,7],[-234,1037],[-166,275],[-231,193],[-521,219],[-614,118],[-240,-265],[-119,-30],[-436,343],[-226,-118],[-305,-368],[-373,15],[-265,-211],[-109,11],[-212,390],[-136,79],[-489,-164],[-251,197],[-170,21],[-139,-70],[-188,-324],[-122,14],[-421,504],[-357,246],[-188,577],[-517,224],[-397,419],[42,341],[-56,97],[-521,341],[-352,15],[-681,231],[-86,347],[-123,142],[-586,78],[-205,107],[-210,885],[-649,673],[-281,454],[42,158],[326,121],[114,148],[-159,332],[-48,421],[-467,5],[-86,69],[127,759],[-198,431],[-199,65],[-227,-344],[-215,19],[-256,314],[-456,209],[-409,423],[-419,190],[-354,30],[-86,285],[-269,164],[73,340],[-366,110],[-74,130],[15,310],[-247,243],[-380,-59],[-209,178],[-316,-30],[-6,138],[168,272],[-36,99],[-299,-55],[-170,-524],[-529,168],[-65,95],[64,296],[-420,126],[-286,354],[-179,6],[-326,-292],[-10,528],[-76,76],[-338,32],[54,353],[-306,51],[-294,156],[-440,-171],[-410,-1],[-493,156],[-213,204],[-517,-213],[-298,166],[-203,-606],[-381,109],[-105,-60],[-161,-486],[40,-289],[-315,-185],[106,-374],[-177,-239],[-86,-485],[-423,-54],[-270,-241],[-494,-18],[-112,-308],[-835,-786],[-193,-25],[-241,176],[-195,407],[-291,-50],[-557,138],[-430,244],[-233,328],[-337,64],[-500,-306],[-417,97],[-115,-41],[-924,-616],[-1123,-35],[-788,181],[-201,-187],[-125,-341],[-421,-206],[27,-281],[-87,-92],[-475,122],[-1683,-114],[-513,89],[-733,353],[-547,105],[-941,-869],[-317,-9],[-825,417],[-735,-76],[-903,-538],[-979,-265],[-298,109],[-907,-816],[-798,226],[-328,-90],[-968,-655],[-847,-162],[-1225,-772],[-1610,931],[-2556,1043],[-1857,1031],[-402,429],[61,139],[-40,477],[-485,801],[-795,798],[-1929,1178],[-499,368],[-384,429],[-269,414],[-137,423],[-123,848],[-57,1360],[150,1769],[1022,4965],[-79,1715],[-506,2066],[-436,1105],[-2080,3030],[-492,1468],[-151,961],[-39,2157],[391,2499],[-17,866],[-363,1825],[-935,2503],[-202,2572],[-3,1169],[-734,3624],[-76,706],[149,-19],[82,714],[-215,14],[282,1082],[722,1932],[1819,2818],[180,348],[40,257],[73,1193],[-47,1150],[-283,781],[-719,1136],[-261,663],[-165,900],[-14,2072],[170,771],[301,266],[409,88],[361,-18],[3165,-1002],[609,-71],[558,158],[591,325],[216,327],[82,285],[14,725]],[[1536121,2741717],[629,-79],[178,45],[910,749],[84,183],[-182,89],[-37,208],[41,159],[189,93],[-32,405],[276,-65],[129,155],[403,-18],[-19,143],[-268,265],[310,57],[179,518],[150,-79],[215,-314],[577,-227],[2,-243],[-373,-284],[612,-350],[1176,224],[52,376],[200,248],[12,287],[85,87],[419,-265],[339,3],[361,134],[91,247],[158,138],[221,-152],[6,-563],[254,-222],[122,54],[130,333],[132,-219],[315,-60],[64,578],[217,-284],[192,169],[259,-268],[-3,205],[59,-16],[334,-331],[141,290],[382,46],[538,-83],[167,-343],[252,-188],[442,-30],[368,-207],[577,-717],[-135,-359],[121,-365],[567,-126],[458,-284],[276,-713],[270,-79],[302,497],[575,439],[-81,490],[-167,279],[139,340],[-57,337],[145,445],[-176,583],[178,387],[-86,354],[178,362],[286,118],[58,203],[264,-37],[87,115],[269,83],[-262,327],[286,438],[-37,206],[-331,435],[217,160],[477,694],[34,489],[328,317],[-290,446],[162,323],[379,297],[112,249],[-103,46],[-434,-178],[-55,62],[38,200],[-77,87],[-862,131],[-141,208],[143,413],[-30,239],[-98,99],[-257,9],[-165,315],[-165,128],[-473,166],[-234,721],[162,256],[53,1014],[351,171],[360,-6],[491,-196],[143,-238],[550,-384],[722,-338],[221,-301],[262,49],[801,445],[572,57],[711,-64],[406,-219],[553,-582],[775,-219],[739,617],[407,0],[775,-655],[701,-401],[848,-801],[443,0],[260,727],[1,1673],[259,895],[368,5],[401,152],[609,2],[570,401],[308,693],[566,488],[747,13],[1196,-242],[959,-77],[555,-407],[221,-70],[967,7],[937,234],[229,-41],[442,-238],[527,273],[538,-68],[277,148],[431,-307],[708,-95],[770,382],[648,551],[1025,232],[923,-110],[440,-214],[302,-811],[112,-832],[-32,-556],[122,-1214],[-186,-580],[80,-1372],[-83,-959],[-653,-1463],[-38,-546],[184,-837],[558,-1648],[1041,-375],[196,-190],[264,-508],[228,-1403],[29,-830],[463,-1061],[438,-741],[436,-337],[1190,-161],[541,-165],[844,-15],[539,90],[865,-36],[239,-168],[570,-953],[764,-845],[1457,-1010],[795,-432]],[[1345930,3536738],[531,-272],[-16,-146],[137,-268],[-30,-189],[93,-169],[802,-723],[731,502],[387,-233],[283,-420],[427,-18],[114,-207],[-90,-187],[69,-69],[256,-29],[389,-185],[542,69],[583,-304],[338,34],[142,-238],[36,-311],[108,-93],[555,-44],[355,-180],[226,12],[844,-428],[741,112],[401,211],[208,24],[868,-654],[768,-155],[337,-447],[669,74],[528,-653],[-180,-369],[65,-290],[194,-145],[262,14],[293,-138],[287,-223],[306,-398],[126,-369],[-12,-657],[756,-461],[347,-419],[138,-25],[356,133],[656,-476],[343,25],[439,-102],[716,-485],[538,-627],[209,54],[139,171],[65,767],[355,-164],[195,161],[129,412],[-218,236],[401,486],[101,269],[-17,230],[802,-389],[264,-19],[439,-316],[833,-126],[736,-455],[178,45],[103,-131],[362,-57],[374,-223],[178,-290],[335,-46],[88,-163],[-112,-258],[234,-349],[304,-193],[397,-59],[143,-96],[105,-374],[327,-555],[46,-343],[-175,-777],[274,-555],[519,-555],[206,-434],[817,-546],[1289,-1038],[235,-518],[-70,-238],[-349,-436],[-104,-574],[-575,-1099],[-1012,-1192],[-1328,-2557],[3412,-5112],[2353,-3741]],[[1602116,2606038],[-301,184],[-1557,-128],[-220,47],[-299,310],[-1036,294],[-1110,-48],[-244,-142],[-667,0],[-457,-155],[-615,-87],[-650,121],[-440,207],[-1124,881],[-1564,777],[-440,-104],[-843,-34],[-352,-138],[-562,-881],[-896,-898],[-387,0],[-756,294],[-1472,69],[-927,5],[-637,-195],[-932,34],[-770,-551],[-1145,-502],[-242,57],[-1480,1048],[-439,104],[-1125,52],[-369,155],[-685,52],[-721,-225],[-492,-535],[-931,-535],[-1248,-52],[-334,-103],[-348,-18],[-720,190],[-510,311],[-457,104],[-1037,587],[-773,328],[-1160,-87],[-773,-449],[-791,-172],[-1353,-87],[-1001,259],[-317,0],[-299,-190],[-801,-138],[-369,225],[-316,466],[-281,0],[-932,-294],[-580,346],[-334,34],[-474,-293],[-141,-173],[-492,-224],[-1704,-380],[-281,103],[-422,812],[-246,224],[-1148,490],[-1097,2041],[-464,138],[-1096,-188],[-808,52],[-703,535],[-1072,1537],[-1019,483],[-510,656],[-175,449],[-264,1623],[-106,173],[-369,345],[-755,52],[-422,638],[-474,518],[-334,587],[-703,208],[-352,431],[-245,1241],[-170,267],[-477,290]],[[1608544,2715310],[241,-36],[429,149],[1663,115],[143,-37],[315,-444],[457,-295],[1405,-10],[539,111],[1708,-72],[824,-312],[1110,-928],[261,-126],[864,7],[492,685],[134,602],[1,604],[-127,434],[38,554],[473,301],[583,133],[193,193],[710,410],[540,68],[447,749],[169,577],[12,1107],[275,790],[255,492],[684,921],[859,752],[209,811],[387,322],[775,368],[1967,37],[797,241],[1427,11],[541,-102],[499,-209],[1081,-13],[106,235],[52,1662],[556,643],[775,453],[299,492],[81,555],[343,428],[539,154],[237,151],[1842,102],[266,-41],[734,-452],[554,-213],[3517,71],[1082,183],[2167,39],[265,89],[395,395],[261,482],[615,528],[153,219],[151,524],[-9,1046],[263,350],[1084,-35],[1308,-382],[1418,-206],[1086,-319],[532,-61],[1061,9],[727,398],[840,72]],[[1508704,2740985],[883,-717],[434,-747],[648,-16],[341,-142],[402,-301],[825,-155],[319,-147],[437,284],[172,303],[201,-5],[268,-382],[485,-353],[524,471],[270,804],[380,478],[343,49],[945,-102],[376,-160],[273,8],[1310,735],[566,539],[421,182],[498,69],[1116,594],[281,290],[48,450],[225,293],[84,260],[-73,403],[-472,564],[-332,132],[-742,756],[-517,748],[-1108,923],[-54,240],[121,351],[343,392],[1071,796],[953,875],[147,221],[126,782],[-326,508],[11,860],[374,312],[-15,135],[-225,153],[-30,129],[123,416],[276,31],[101,102],[49,327],[-22,68],[-423,-97],[-224,48],[-1059,922],[315,349],[-87,162],[33,172],[-177,49],[27,309],[-138,12],[-102,362],[-192,-36],[-116,132],[-939,454],[-276,567],[-282,193],[-280,32],[26,547]]]}
