{"type":"Topology","bbox":[-76.62466338555205,1.5521264732363917,-74.4130318465426,3.843208724258197],"transform":{"scale":[0.000003385120954067422,0.0000034456095261769775],"translate":[-81.73562055563167,-4.229406466336059]},"objects":{"MGN_ADM_MPIO_GRAFICO":{"type":"GeometryCollection","geometries":[{"type":"Polygon","arcs":[[-14,48,49,39,50,51]],"bbox":[-75.62214288940021,2.723409747517362,-74.9446413965322,3.284017308645409],"properties":{"dpto_ccdgo":"41","mpio_ccdgo":"001","mpio_cdpmp":"41001","dpto_cnmbr":"HUILA","mpio_cnmbr":"NEIVA"}},{"type":"Polygon","arcs":[[-3,-2,52,53,54,55]],"bbox":[-76.1697471358978,1.5521264732363917,-75.83728086651502,1.859347355418909],"properties":{"dpto_ccdgo":"41","mpio_ccdgo":"006","mpio_cdpmp":"41006","dpto_cnmbr":"HUILA","mpio_cnmbr":"ACEVEDO"}},{"type":"Polygon","arcs":[[56,57,58,59,60]],"bbox":[-75.79853138695381,2.1625920042082187,-75.63557843446691,2.3638982951655825],"properties":{"dpto_ccdgo":"41","mpio_ccdgo":"013","mpio_cdpmp":"41013","dpto_cnmbr":"HUILA","mpio_cnmbr":"AGRADO"}},{"type":"Polygon","arcs":[[42,61,62,-51,40,41]],"bbox":[-75.58850494247964,3.0577958152042592,-75.17277485298968,3.4195779242337894],"properties":{"dpto_ccdgo":"41","mpio_ccdgo":"016","mpio_cdpmp":"41016","dpto_cnmbr":"HUILA","mpio_cnmbr":"AIPE"}},{"type":"Polygon","arcs":[[-11,-10,63,64,65,66,-12]],"bbox":[-75.44559867628274,2.314574394798359,-75.13261039286967,2.7088486016597386],"properties":{"dpto_ccdgo":"41","mpio_ccdgo":"020","mpio_cdpmp":"41020","dpto_cnmbr":"HUILA","mpio_cnmbr":"ALGECIRAS"}},{"type":"Polygon","arcs":[[67,68,69,70,71,-59,72]],"bbox":[-75.85994086618155,1.9885956143553338,-75.6684919655033,2.1700345207847613],"properties":{"dpto_ccdgo":"41","mpio_ccdgo":"026","mpio_cdpmp":"41026","dpto_cnmbr":"HUILA","mpio_cnmbr":"ALTAMIRA"}},{"type":"Polygon","arcs":[[73,34,74,75,45]],"bbox":[-75.16363164129274,2.9573425150780954,-74.76596455721366,3.2907017911261924],"properties":{"dpto_ccdgo":"41","mpio_ccdgo":"078","mpio_cdpmp":"41078","dpto_cnmbr":"HUILA","mpio_cnmbr":"BARAYA"}},{"type":"Polygon","arcs":[[-66,76,77,78,79]],"bbox":[-75.44229479823157,2.5094063854560362,-75.17058467973239,2.780313988842175],"properties":{"dpto_ccdgo":"41","mpio_ccdgo":"132","mpio_cdpmp":"41132","dpto_cnmbr":"HUILA","mpio_cnmbr":"CAMPOALEGRE"}},{"type":"Polygon","arcs":[[-1,33,-74,46,47,-33]],"bbox":[-74.90920595038503,3.0966174977356955,-74.4130318465426,3.843208724258197],"properties":{"dpto_ccdgo":"41","mpio_ccdgo":"206","mpio_cdpmp":"41206","dpto_cnmbr":"HUILA","mpio_cnmbr":"COLOMBIA"}},{"type":"Polygon","arcs":[[80,81,82,83,84]],"bbox":[-76.02611983893767,1.954721827103488,-75.86249324738091,2.0504270773025794],"properties":{"dpto_ccdgo":"41","mpio_ccdgo":"244","mpio_cdpmp":"41244","dpto_cnmbr":"HUILA","mpio_cnmbr":"ELÍAS"}},{"type":"Polygon","arcs":[[-8,-7,85,-73,-58,86]],"bbox":[-75.70816558308498,2.0079082557495553,-75.39053968396483,2.317761583610073],"properties":{"dpto_ccdgo":"41","mpio_ccdgo":"298","mpio_cdpmp":"41298","dpto_cnmbr":"HUILA","mpio_cnmbr":"GARZÓN"}},{"type":"Polygon","arcs":[[-64,-9,-87,-57,87,88,89,90]],"bbox":[-75.66588203724773,2.251716140212313,-75.38628458692557,2.5339012235776286],"properties":{"dpto_ccdgo":"41","mpio_ccdgo":"306","mpio_cdpmp":"41306","dpto_cnmbr":"HUILA","mpio_cnmbr":"GIGANTE"}},{"type":"Polygon","arcs":[[-6,91,-68,-86]],"bbox":[-75.79075576412231,1.8807170257002586,-75.58770266881353,2.089131609110126],"properties":{"dpto_ccdgo":"41","mpio_ccdgo":"319","mpio_cdpmp":"41319","dpto_cnmbr":"HUILA","mpio_cnmbr":"GUADALUPE"}},{"type":"Polygon","arcs":[[-77,-65,-91,92]],"bbox":[-75.53080555581757,2.4518440327117235,-75.37818399248249,2.678813223420054],"properties":{"dpto_ccdgo":"41","mpio_ccdgo":"349","mpio_cdpmp":"41349","dpto_cnmbr":"HUILA","mpio_cnmbr":"HOBO"}},{"type":"Polygon","arcs":[[93,94,95,-17,96]],"bbox":[-75.81180106109375,2.5338185289490003,-75.58433447346424,2.798269060083083],"properties":{"dpto_ccdgo":"41","mpio_ccdgo":"357","mpio_cdpmp":"41357","dpto_cnmbr":"HUILA","mpio_cnmbr":"ÍQUIRA"}},{"type":"Polygon","arcs":[[97,98,-24,99]],"bbox":[-76.42609896062837,1.8539894326057036,-76.10069743867673,2.2790880622882623],"properties":{"dpto_ccdgo":"41","mpio_ccdgo":"359","mpio_cdpmp":"41359","dpto_cnmbr":"HUILA","mpio_cnmbr":"ISNOS"}},{"type":"Polygon","arcs":[[100,101,102,103,104,-23]],"bbox":[-76.36047500581282,2.0904581687777037,-75.8889005759436,2.283674168567604],"properties":{"dpto_ccdgo":"41","mpio_ccdgo":"378","mpio_cdpmp":"41378","dpto_cnmbr":"HUILA","mpio_cnmbr":"LA ARGENTINA"}},{"type":"Polygon","arcs":[[-20,105,106,-101,-22,-21]],"bbox":[-76.20821565041982,2.151455794219615,-75.81632696780935,2.5040484626428308],"properties":{"dpto_ccdgo":"41","mpio_ccdgo":"396","mpio_cdpmp":"41396","dpto_cnmbr":"HUILA","mpio_cnmbr":"LA PLATA"}},{"type":"Polygon","arcs":[[107,108,-18,-96]],"bbox":[-75.83997542279445,2.4749296165371097,-75.73076465057433,2.6803913125830423],"properties":{"dpto_ccdgo":"41","mpio_ccdgo":"483","mpio_cdpmp":"41483","dpto_cnmbr":"HUILA","mpio_cnmbr":"NÁTAGA"}},{"type":"Polygon","arcs":[[109,-84,110,-104]],"bbox":[-76.1502319135976,2.0003795989348587,-75.96238139649353,2.129710552499912],"properties":{"dpto_ccdgo":"41","mpio_ccdgo":"503","mpio_cdpmp":"41503","dpto_cnmbr":"HUILA","mpio_cnmbr":"OPORAPA"}},{"type":"Polygon","arcs":[[111,-88,-61,112,-106,-19,-109]],"bbox":[-75.84360765757818,2.3254039455391338,-75.5636649249187,2.4847599405152927],"properties":{"dpto_ccdgo":"41","mpio_ccdgo":"518","mpio_cdpmp":"41518","dpto_cnmbr":"HUILA","mpio_cnmbr":"PAICOL"}},{"type":"Polygon","arcs":[[113,-79,114,115,116,38,-50]],"bbox":[-75.6241773470936,2.722606920497763,-75.28954121517927,3.1046388767126354],"properties":{"dpto_ccdgo":"41","mpio_ccdgo":"524","mpio_cdpmp":"41524","dpto_cnmbr":"HUILA","mpio_cnmbr":"PALERMO"}},{"type":"Polygon","arcs":[[-53,-32,-31,117]],"bbox":[-76.2279238246144,1.5718732614309117,-76.05778764546297,1.7760083978092664],"properties":{"dpto_ccdgo":"41","mpio_ccdgo":"530","mpio_cdpmp":"41530","dpto_cnmbr":"HUILA","mpio_cnmbr":"PALESTINA"}},{"type":"Polygon","arcs":[[-60,-72,118,-102,-107,-113]],"bbox":[-75.92017909355917,2.1614721811122113,-75.72959339872422,2.3534891087870022],"properties":{"dpto_ccdgo":"41","mpio_ccdgo":"548","mpio_cdpmp":"41548","dpto_cnmbr":"HUILA","mpio_cnmbr":"PITAL"}},{"type":"Polygon","arcs":[[-82,119,-54,-118,-30,120,-98,121]],"bbox":[-76.32197264008126,1.664673862799436,-75.96224260653442,1.9981537351809484],"properties":{"dpto_ccdgo":"41","mpio_ccdgo":"551","mpio_cdpmp":"41551","dpto_cnmbr":"HUILA","mpio_cnmbr":"PITALITO"}},{"type":"Polygon","arcs":[[-13,-67,-80,-114,-49]],"bbox":[-75.33548746188883,2.6906316640948402,-75.13525078721383,2.868390659550311],"properties":{"dpto_ccdgo":"41","mpio_ccdgo":"615","mpio_cdpmp":"41615","dpto_cnmbr":"HUILA","mpio_cnmbr":"RIVERA"}},{"type":"Polygon","arcs":[[-111,-83,-122,-100,-105]],"bbox":[-76.38471247184394,1.9597661994498115,-76.00441444338018,2.2707048943110735],"properties":{"dpto_ccdgo":"41","mpio_ccdgo":"660","mpio_cdpmp":"41660","dpto_cnmbr":"HUILA","mpio_cnmbr":"SALADOBLANCO"}},{"type":"Polygon","arcs":[[-121,-29,-28,-27,-26,-25,-99]],"bbox":[-76.62466338555205,1.6617829964069735,-76.19457361297492,2.191810772990199],"properties":{"dpto_ccdgo":"41","mpio_ccdgo":"668","mpio_cdpmp":"41668","dpto_cnmbr":"HUILA","mpio_cnmbr":"SAN AGUSTÍN"}},{"type":"Polygon","arcs":[[122,37,-117]],"bbox":[-75.76754737486122,2.8203244066601423,-75.49442904604516,3.024452651819445],"properties":{"dpto_ccdgo":"41","mpio_ccdgo":"676","mpio_cdpmp":"41676","dpto_cnmbr":"HUILA","mpio_cnmbr":"SANTA MARÍA"}},{"type":"Polygon","arcs":[[-69,-92,-5,-4,-56,123]],"bbox":[-75.95087537037065,1.740225742879919,-75.68814597776262,1.9976162200948648],"properties":{"dpto_ccdgo":"41","mpio_ccdgo":"770","mpio_cdpmp":"41770","dpto_cnmbr":"HUILA","mpio_cnmbr":"SUAZA"}},{"type":"Polygon","arcs":[[-71,124,-85,-110,-103,-119]],"bbox":[-76.0062864152678,2.0333954294146865,-75.73349305806332,2.2206987632576674],"properties":{"dpto_ccdgo":"41","mpio_ccdgo":"791","mpio_cdpmp":"41791","dpto_cnmbr":"HUILA","mpio_cnmbr":"TARQUI"}},{"type":"Polygon","arcs":[[125,-89,-112,-108,-95]],"bbox":[-75.79546446736943,2.4224185273581726,-75.55833335941604,2.666257422306665],"properties":{"dpto_ccdgo":"41","mpio_ccdgo":"797","mpio_cdpmp":"41797","dpto_cnmbr":"HUILA","mpio_cnmbr":"TESALIA"}},{"type":"Polygon","arcs":[[-63,126,-75,35,-15,-52]],"bbox":[-75.26678304700508,2.895490378473693,-74.90245940432358,3.183233230004732],"properties":{"dpto_ccdgo":"41","mpio_ccdgo":"799","mpio_cdpmp":"41799","dpto_cnmbr":"HUILA","mpio_cnmbr":"TELLO"}},{"type":"Polygon","arcs":[[-123,-116,127,-97,-16,36]],"bbox":[-76.02899380662767,2.680983957421545,-75.49078665589859,2.9825437031525546],"properties":{"dpto_ccdgo":"41","mpio_ccdgo":"801","mpio_cdpmp":"41801","dpto_cnmbr":"HUILA","mpio_cnmbr":"TERUEL"}},{"type":"Polygon","arcs":[[-124,-55,-120,-81,-125,-70]],"bbox":[-75.99674714441923,1.8529454129192722,-75.82083933404111,2.046536984147526],"properties":{"dpto_ccdgo":"41","mpio_ccdgo":"807","mpio_cdpmp":"41807","dpto_cnmbr":"HUILA","mpio_cnmbr":"TIMANÁ"}},{"type":"Polygon","arcs":[[44,-76,-127,-62,43]],"bbox":[-75.27563175317901,3.1317248131979127,-75.00793977325232,3.435820527540188],"properties":{"dpto_ccdgo":"41","mpio_ccdgo":"872","mpio_cdpmp":"41872","dpto_cnmbr":"HUILA","mpio_cnmbr":"VILLAVIEJA"}},{"type":"Polygon","arcs":[[-78,-93,-90,-126,-94,-128,-115]],"bbox":[-75.59489605084093,2.4863345840687554,-75.41941138058208,2.7763928852013855],"properties":{"dpto_ccdgo":"41","mpio_ccdgo":"885","mpio_cdpmp":"41885","dpto_cnmbr":"HUILA","mpio_cnmbr":"YAGUARÁ"}}]}},"arcs":[[[2162314,2313156],[-552,330],[-1494,12],[-544,-170],[-1279,-1241],[-657,-366],[-478,-377],[-1226,-624],[-220,-241],[-540,-281]],[[1644217,1688348],[405,-111],[894,-55],[822,-615],[787,52],[559,-152],[589,-408],[512,18],[387,-154],[418,-222],[373,-535],[866,-679],[669,-807],[290,-154],[638,55],[329,134],[604,-184],[444,-39],[1838,-1397],[1978,-1107],[200,-328],[116,-2188],[470,-669],[337,-701],[169,-155],[391,105],[410,282],[1027,1022],[379,155],[346,13],[503,166],[664,536],[1409,504],[1065,752]],[[1665105,1681482],[332,216],[1417,437],[888,522],[301,453],[59,1191],[138,473],[289,431],[385,232],[1041,-216],[489,97],[145,238],[600,306],[304,359],[250,-30],[110,75],[295,889],[183,279],[866,49],[961,-115],[959,326],[818,-969],[513,-135],[256,13],[354,-212],[875,-260],[638,202],[1111,624],[644,155],[343,179],[1227,-639],[611,-152],[942,97],[758,238],[1140,1315],[1511,649],[556,380],[267,698],[731,1070],[1075,926],[78,186],[0,401],[204,442],[877,493],[206,389],[253,891],[595,419],[494,683],[388,340],[548,191],[1263,121],[429,-53],[929,-310],[365,51],[599,448],[355,499],[495,451],[1692,513],[763,877],[112,842],[-314,454],[75,775],[296,1033],[77,801],[734,1319],[-130,1326],[-148,388],[-391,708],[-381,444],[-234,124],[493,839],[63,592],[538,320],[647,107],[653,511],[384,88],[1514,-268],[1055,-304],[291,0],[369,332],[451,255],[1618,450],[557,311],[195,334],[-140,890],[29,399],[150,256],[328,101],[340,431],[1420,381],[604,568],[766,1482],[435,550],[116,1260],[159,140],[566,229],[188,893],[442,551],[604,464],[251,107],[1073,-79],[1083,489],[377,409],[309,493],[4,1048],[155,333],[1408,1357],[684,449],[393,442],[1560,934],[974,461],[1095,99],[2457,-55],[934,-315],[915,-585],[601,-151],[340,17],[821,244],[1040,-45],[753,61],[838,696],[782,33],[841,610],[297,118],[562,48],[1146,1174],[266,187],[1132,443],[292,-99],[337,-273],[548,-150],[327,-363],[317,-124],[555,7],[422,131],[672,396],[310,374],[-282,410],[3,415],[377,483],[188,396],[108,1132],[401,537],[214,958]],[[1742431,1732533],[331,532],[316,342],[654,235],[284,528],[355,259],[116,186],[423,63],[1281,591],[483,330],[740,164],[1016,636],[239,-6],[893,-579],[1092,-103],[541,194],[289,3],[1093,-331],[268,-268],[853,88],[401,276],[256,325],[1490,2213],[1522,971],[313,27]],[[1757680,1739209],[339,-62],[258,-300],[633,8],[318,-82],[210,-176],[743,247],[1048,55],[425,318],[432,828],[162,166],[783,-28],[1375,486],[551,326],[461,591],[341,1015],[373,394],[715,-33],[1074,563],[972,6],[895,171],[421,348],[945,243],[517,243],[340,256],[718,894],[129,281],[-96,735],[194,604],[-85,704],[65,850],[689,1041],[0,425],[-510,1956],[76,870],[354,1989],[186,978],[194,538],[506,688],[1063,1061],[1484,472],[599,265],[1772,1152],[1037,788],[262,315],[1324,3182],[143,1036],[85,2610],[202,870],[287,481],[936,928],[768,414],[629,102],[397,300],[543,1173],[89,442],[436,371]],[[1786487,1773307],[1145,239],[953,514],[633,108],[1231,563],[329,224],[498,605],[481,290],[674,257],[566,190],[767,0],[532,-149],[598,158],[355,373],[472,1151],[219,349],[810,770],[486,260],[400,1439],[211,340],[1763,1765],[219,348],[93,290],[-89,471],[93,485],[409,1099],[76,597],[-68,447],[-792,1567],[-827,795],[-194,434],[140,508],[796,1428],[363,837],[413,1202],[186,2005],[-25,479],[304,416],[537,391],[1335,612],[632,539],[861,986],[1386,1924],[820,1482],[260,702],[1195,1627],[50,382],[-126,608],[14,1226],[88,417],[824,537],[1462,589],[2146,1404],[1532,178],[540,165],[925,938],[810,223],[145,249],[-44,528]],[[1816099,1811868],[-236,287],[-181,543],[-81,1415],[123,350],[304,480],[818,427],[456,439],[-161,804],[5,358],[634,1028],[799,863],[730,234],[540,364],[672,232],[597,62],[321,183],[84,270],[-207,1050],[-406,1105],[366,619],[1374,1786],[221,561],[858,991],[553,149],[691,423],[725,1133],[-78,466],[80,583],[-71,930],[410,656],[35,580],[233,349],[619,423],[1963,298],[942,1416],[199,481],[-78,1064],[-230,519],[-2,475],[340,1821],[273,406],[777,625],[382,421],[107,458],[-162,821],[296,1258],[1735,906],[340,481],[506,132],[416,26],[782,-163],[877,16],[287,-185],[307,67],[452,377],[236,17],[284,-112],[497,150],[467,39],[1655,-144],[817,43],[271,-104],[2385,1379],[126,154],[228,771],[652,263],[517,721],[448,268],[1094,337],[553,-43],[839,-260],[558,35],[443,270],[282,369],[958,880],[676,389],[1082,235],[1028,391],[1411,159],[1026,330],[956,-359],[1351,-126],[217,95],[602,715],[95,804],[313,370],[-349,528],[18,276],[775,1605],[135,430],[-24,675],[939,1245],[204,922],[0,508],[369,331],[630,344],[248,433],[364,233],[568,727],[24,2003],[445,498],[-2,2005]],[[1863846,1864530],[-363,674],[-1064,473],[-745,-36],[-471,571],[-179,62],[-133,518],[-992,2197],[-179,900],[-24,370],[266,609],[-69,1114],[988,2362],[842,1034],[710,391],[1791,366],[1911,980],[1330,980],[789,737],[281,387],[-103,505],[-182,282],[-616,214],[39,456],[1281,1978],[383,1076],[-274,997],[977,916],[247,1041],[593,1495],[1221,1692],[492,1546],[579,661],[1231,1091],[-475,746],[-110,415],[-360,397],[-216,925]],[[1873242,1895652],[83,476],[348,715],[1316,1814],[671,566]],[[1875660,1899223],[1276,492],[798,587],[857,208],[946,1705],[410,339],[585,153],[572,51],[702,-89],[701,-557],[70,-147],[-53,-207],[343,-492],[466,-302],[453,-161],[486,22],[493,320],[720,104],[1275,564]],[[1886760,1901813],[184,83],[333,352],[1046,1651],[123,328],[101,863],[258,345],[5,371],[140,484],[702,1038],[381,877],[159,1028],[751,1653],[386,1386],[637,1139],[432,536],[364,179],[841,-290],[1496,-932],[396,-139],[383,-605],[432,-90],[273,23],[1569,782],[591,1028],[420,565],[194,663],[648,536],[307,894],[209,1043],[141,277],[163,184],[934,160],[532,191],[523,402],[500,558],[478,984],[364,513],[1046,2101],[0,379],[-478,1520],[46,491],[273,402],[22,157],[-113,916],[250,558],[1137,1296],[432,626],[421,1288],[491,438],[514,138],[513,-162],[723,-486],[421,0],[257,230],[281,553],[212,1546],[257,299],[561,230],[677,507],[258,346],[304,761],[187,184],[258,761],[467,184],[864,137],[1309,644],[94,392],[-23,300],[-303,462],[-280,254],[-326,762],[24,300],[1613,1428],[609,1268],[1122,1360],[1029,852],[467,553],[819,1337],[632,714],[281,600],[219,1591],[181,554],[561,1037],[376,1084],[0,346],[-186,554],[-23,438],[468,668],[-209,854],[-443,324],[119,1361],[350,184],[537,-232],[280,23],[584,-139],[2218,20],[1097,-232],[980,-417],[397,-1],[794,299],[538,507],[1984,182],[561,-186],[233,-208],[793,-324],[583,-439],[817,-462],[630,68],[327,138],[164,184],[117,300],[468,668],[585,1268],[235,692],[47,577],[118,253],[163,254],[538,368],[70,300],[-886,463],[-560,531],[-420,162],[-443,24],[-210,115],[-187,254],[1,208],[304,738],[305,530],[585,293],[443,328],[445,992],[141,576],[959,1245],[94,392],[-22,738],[93,207],[211,254],[2150,1381],[211,299],[-69,1177],[748,276],[561,368],[117,323],[213,1776],[467,460],[188,369],[-209,716],[0,346],[235,761],[0,346],[141,230],[491,369],[2733,1287],[933,739],[914,597],[304,345],[514,230],[304,253],[24,231],[-521,902]],[[1950077,1981786],[-84,688],[188,602],[0,392],[-326,347],[-513,300],[-608,834],[-137,321],[-1095,1247],[-756,550],[-1145,1013],[155,2092],[-239,556],[-102,1088],[-556,899],[-242,219],[-639,1496],[-171,959],[202,1454],[412,1736],[554,641],[1164,1062],[427,182],[1440,1045],[326,518],[206,1188],[504,1045],[84,963],[167,742],[308,743],[532,798],[134,369],[166,1361],[-328,195],[-979,138],[-224,110],[-944,859],[-513,303],[-548,208],[-812,-4],[-299,90],[-116,65],[-537,757],[-317,72],[-281,207],[-283,44],[-75,182],[25,305],[139,466],[308,241],[25,177]],[[1944674,2013651],[158,776],[755,1443],[264,777],[552,929],[450,301]],[[1946853,2017877],[808,307],[717,456],[1184,151],[2401,667],[741,-42],[784,221],[320,17],[344,-3],[155,-104],[552,-792],[162,-109],[435,-129],[361,-271],[165,10],[162,74],[335,424],[689,615],[780,960],[1448,966],[1027,7],[907,684],[1307,-884],[176,-249],[279,-718],[213,-214],[184,-112],[329,78],[862,507],[273,308],[1074,1432],[467,842],[408,441],[190,358],[608,501],[532,215],[198,-47],[248,-354],[229,-775],[85,0],[19,411],[162,457],[199,271],[912,793],[1340,1746],[1045,1017],[844,1771],[1066,759],[1015,915],[328,438],[198,820],[1141,720],[285,561],[-41,761],[123,440],[774,641],[150,359],[624,536],[857,266],[1915,1122],[-81,961],[367,961],[1304,1121],[-82,641],[-326,1081],[286,841],[367,721],[448,640],[326,641],[978,1402],[734,80],[693,801],[530,1241],[652,921],[734,321],[652,560],[652,1282],[489,680],[122,481],[816,681],[611,720],[245,601],[0,321],[570,1121],[530,480],[734,401],[693,80],[1141,320],[897,120],[937,1402],[286,721],[611,480],[1508,361],[408,801],[40,640],[236,173],[1069,268],[707,52],[164,207],[189,1583],[570,801],[612,681],[978,560],[326,601],[455,522]],[[2006126,2068194],[890,1000],[408,961],[733,680],[204,481],[408,320],[694,227]],[[1685797,2080879],[39512,-24699],[-30,-180],[480,-792],[183,-100],[407,-17],[107,-103],[95,-475],[517,-589],[191,-303],[-1,-228],[357,-432],[115,-308],[358,-313],[130,-339],[279,-31],[295,-239],[300,-84],[222,-519],[191,-112],[-71,-250],[91,-365],[191,-250],[338,-246],[390,-114],[1111,-124],[892,330],[590,30],[208,94],[189,311],[624,-92],[135,130],[523,206],[430,396],[327,59],[250,166],[301,311],[530,204],[786,450],[246,-52],[1028,186],[693,-9],[666,194],[600,-277],[253,-353],[423,-170],[1211,233],[1489,-703],[408,142],[600,-455],[290,-107],[139,110],[-88,112],[90,132],[543,-42],[230,-241],[149,-329],[618,-273],[232,-493],[20,-260],[277,-504],[288,-148],[522,-37],[329,-241],[106,-426],[-19,-291],[-373,-193],[26,-281],[709,-653],[275,-410],[132,-65],[280,116],[304,9],[196,-242],[450,-179],[181,175],[608,-23],[333,-556],[-159,-876],[-41,-878],[-312,-623],[50,-474],[501,-282],[181,-10],[0,-91],[-303,-251],[-308,-824],[-18,-387],[-208,-182],[-88,-212],[-43,-545],[214,-708],[-71,-417],[-151,-142],[-145,-725],[-97,-762],[90,-310],[-427,-426],[-111,-276]],[[1750358,2036257],[5,-222],[-391,-1077],[-14,-935],[620,-521],[-64,-157],[215,-148],[-88,-94],[254,-278],[143,-512],[533,-474],[116,-300],[9,-556],[246,-324],[167,-73],[196,444],[279,-44],[230,-592],[252,-311],[415,-144],[636,39],[217,-260],[349,-129],[118,-372],[298,-39],[254,-234],[662,46],[274,-411],[-12,-454],[177,-80],[1034,474],[149,145],[319,611],[282,182],[1060,-433],[308,-318],[40,-657],[290,-391],[35,-347],[230,-169],[14,-283],[93,-64],[300,-50],[225,113],[297,-94],[725,225],[881,-240],[606,-515],[297,-63],[459,118],[915,-618],[438,-180],[792,-848],[863,-432],[310,-571],[496,-315],[-483,-1309],[-352,-187],[-72,-235],[319,-878],[6,-561],[83,-268],[367,-367],[144,-363],[180,-218],[-18,-394],[314,-574],[-4,-314],[411,-594],[49,-408],[-140,-338],[-289,91],[-199,-210],[-381,-121],[-205,-352],[-29,-651],[-497,-158],[-104,-111],[-65,-286],[270,-453],[108,-649],[-207,-417],[-375,-268],[27,-698],[-190,-366],[81,-174],[337,-19],[130,-105],[56,-88],[-42,-345],[314,-428],[38,-172],[-242,-64],[-211,400],[-300,-2],[-190,-140],[5,-153],[-162,-345],[-128,12],[-142,-165],[-155,-1133],[351,-906],[-86,-1113],[-157,-813],[-319,-506],[-808,-56]],[[1764950,2005353],[-322,30],[-340,-135],[-234,-198],[-177,-437],[-755,-265],[-266,1],[-701,199],[-362,-147],[-820,-1588],[53,-557],[-75,-765],[-379,-367],[-476,-301],[-238,-456],[-375,-275],[-236,-624],[-678,-612],[-196,-17],[-647,375],[-925,-177],[-134,-86],[-73,-392],[208,-544],[-25,-735],[-106,-190],[-448,-90],[-172,-170],[58,-261],[340,-207],[73,-142],[-392,-530],[48,-1354],[-234,-521],[250,-216],[-88,-383],[500,-702],[69,-266],[-157,-195],[-463,-102],[42,-1069],[-468,-295],[-595,17],[-657,-194],[-71,-92],[46,-113],[576,-286],[99,-207],[-388,-230],[-353,-63],[-122,-423],[-133,-123],[-578,11],[-183,-119],[-72,-846],[-369,-562],[-131,-528],[-247,-119],[191,-489],[-487,-338],[-263,-503],[-456,-388],[-125,-374],[-250,-335],[9,-165],[343,-282],[126,-332],[-74,-66],[-554,6],[-174,-126],[-104,-300],[60,-478],[-192,-423],[-517,-401],[-479,-622],[-636,-503],[-611,-5],[-130,61],[35,216],[-546,31],[-57,-138],[88,-339],[-1160,-731],[-273,-297],[-37,-179],[279,-493],[-123,-231],[-450,-289],[66,-816],[-146,-272],[98,-188],[370,-344],[-241,-190],[-316,-425],[-244,-1057],[-541,-454],[-178,-445],[-288,-34],[-644,-489],[-335,-95],[-420,195],[-232,-141],[-35,-232],[237,-172],[3,-78],[-437,-55],[-252,-387],[-23,-320],[-199,-305],[-56,-274],[169,-726],[-587,-594],[12,-335],[223,-337],[180,-72],[150,-300],[163,-18],[257,194],[84,-33],[-6,-309],[151,-319],[-46,-328],[506,-18],[223,-280],[-175,-632],[-143,-217],[47,-177],[195,-191],[-130,-531],[85,-533],[-140,-201],[-283,-161],[-192,-404],[-450,-140],[240,-553],[425,-557],[744,-329],[734,-483],[109,-143],[27,-472],[79,-139],[668,-52],[236,-502],[525,-325],[-46,-241],[-216,-264],[-42,-174],[549,-609],[106,-780],[337,-196],[159,-261],[633,-45],[104,-70],[-87,-415],[68,-500],[-150,-385],[284,-979],[-333,-354],[-37,-375],[-380,-801],[-48,-365],[-148,-338],[20,-1000],[126,-286],[5,-318],[-47,-448],[-259,-489],[-6,-198],[237,-771],[932,-474],[258,-448],[353,-365],[99,-339],[395,-177],[264,-539]],[[1749281,1948398],[-38,-136],[-483,-29],[-315,-201],[-399,-114],[-351,46],[-125,380],[-154,95],[-218,-15],[-622,-260],[-69,-203],[54,-616],[-113,-637],[-164,-402],[-226,-248],[-239,-14],[-149,148],[81,840],[-93,191],[-261,132],[-496,-196],[-197,-352],[275,-767],[-9,-341],[-130,-213],[-387,-111],[-452,106],[-381,-784],[-1936,-687],[-1022,-813],[-100,-272],[51,-311],[133,-257],[277,-188],[427,-71],[647,259],[485,373],[175,-123],[-73,-922],[-137,-244],[-274,-104],[-453,115],[-572,-274]],[[1741248,1941178],[-345,4],[-478,304],[-460,23],[-557,-255],[-425,-312],[-106,-503],[38,-146],[662,-676],[488,-359],[-127,-306],[-404,-268],[-582,-99],[-344,113],[-345,257],[-56,230],[159,1024],[-392,-77],[-345,-336],[-104,-179],[47,-430],[618,-658],[98,-212],[-19,-342],[-2512,-1791],[-173,-423],[51,-186],[177,-169],[861,-75],[293,-176],[66,-531],[-164,-755],[-184,-334],[-601,-375],[-816,-1046],[-574,-450],[-217,-91],[-200,27],[-515,418],[-327,79],[-1132,-268],[-497,-231],[-293,6],[-155,223],[74,226],[528,593],[191,359],[-58,176],[-154,43],[-2016,-551],[-162,-170],[-205,-435],[-91,-36],[-383,175],[-289,370],[-282,-35],[-583,-571],[-100,-191],[-54,-438],[-176,-40],[-124,83],[-203,438],[4,285],[384,466],[23,135],[-283,112],[-810,51],[-187,122],[-69,168],[56,172],[123,65],[661,-19],[227,315],[-124,253],[-202,99],[-333,-49],[-1247,-323],[-16,350],[148,373],[-34,230],[-1431,859],[-514,841],[-495,267],[-317,-74],[-386,-310],[-238,18],[-219,212],[-175,833],[-153,66],[-630,-23],[-145,107],[-123,481],[-98,1130],[-363,978],[-166,113],[-550,49],[-604,179],[-290,212],[8,2841],[60,242],[441,699],[52,321],[-395,544],[-43,287],[-974,-46],[-263,80],[-184,155],[-38,602],[-411,522],[-142,316],[66,349],[-56,112],[-260,27],[-363,-404],[-454,-61],[-254,130],[-107,135],[-50,280],[-120,40],[-252,-329],[-135,-631],[-214,-45],[-531,474],[-418,654],[-800,647],[-35,377],[179,502],[-111,197],[-369,91],[-830,-36],[-1782,-628],[-1571,284],[-260,224],[-203,624],[-1208,111],[-753,1805],[-433,486]],[[1705481,1952544],[-103,104],[-291,15],[-178,125],[-215,-80],[-72,139],[-168,80],[-728,-71],[93,363],[-204,156],[-694,-90],[-349,210],[-232,-123],[-187,312],[-321,25],[-340,471],[-398,31],[-699,-178],[65,-176],[-283,-210],[117,-302],[-169,-107],[-74,-226],[-204,-202],[29,-363],[-219,-177],[-146,-334],[-368,-112],[0,-320],[-313,-427],[-274,-59],[-176,-835],[-146,-234],[113,-389],[-142,-215],[94,-242],[-171,-234],[14,-313],[-120,-209],[36,-446],[-99,-104],[-251,61],[-292,-471],[167,-372],[-33,-131],[-444,-28],[-124,-48],[-186,-255],[-857,-183],[-67,-292],[-593,-497],[62,-436],[-191,-337],[-409,-102],[-178,-219],[32,-108],[345,-213],[-213,-275],[47,-431],[-240,-187],[-275,-63],[-286,-245],[-434,-120],[-419,-418],[42,-121],[196,-125],[26,-204],[-116,-194],[-413,-214],[-6,-465],[-122,-157],[-360,-105],[-201,-198],[-625,-245],[-503,-403],[-191,-371],[-646,-690],[-588,-188],[-169,-125],[-473,-449],[-82,-182],[-378,-231],[-149,-596],[-506,-562],[346,-687],[-133,-316],[5,-180],[137,-211],[-112,-333],[64,-316],[-113,-306],[21,-481],[-378,-487],[-73,-743],[-336,-1337],[-780,-520],[-223,-238],[-81,-234],[-10,-1058],[-76,-411],[-267,-763],[-763,-1527],[-71,-267],[0,-828],[-62,-299],[-200,-281],[-180,-116],[-964,-255],[-394,-16],[-542,-189],[-363,3],[-1559,1121],[-809,264],[-1242,40],[-1147,284],[-573,261],[-654,604],[-565,308],[-464,112],[-649,-25],[-1295,634],[-883,-46],[-2020,779],[-1147,126],[-1304,-33],[-306,-247],[-366,-480],[-543,-974],[-529,-42],[-621,123],[-143,-91],[-138,-164],[-31,-903],[-147,-189],[-1138,173],[-281,-130],[-177,-266],[-355,-992],[-1030,-1538],[-1068,-679],[-1884,-713],[-391,-255],[-169,-386],[-479,-1874],[-242,-314],[-861,-479]],[[1657098,1918215],[-5999,-24958],[7478,-20086],[-1343,-400],[-1670,-102],[-1428,-605],[-360,-470],[-252,-638],[-317,-1338],[-78,-768],[-241,-404],[-455,-452],[-324,-492],[-502,-226],[-190,-358],[-727,-565],[-380,-181],[-727,-133],[-602,-424],[-569,9],[-617,-201],[-402,-25],[-1191,241],[-801,-226],[-426,-230],[-3368,200],[-700,-197],[-1336,-11],[-855,-273],[-1756,-80],[-632,-173],[-276,56],[-1028,608],[-464,133],[-1707,-57]],[[1632853,1865389],[-311,118],[-484,699],[-115,710],[-162,370],[-253,263],[-244,127],[-1150,41],[-616,465],[-161,428],[-48,404],[-304,798],[-705,685],[-289,695],[-387,424],[-1210,1033],[-755,831],[-320,209],[-545,177],[-444,38],[-510,156],[-228,387],[-645,582],[-676,945],[-661,1159],[-611,651],[-206,345],[-169,398],[61,717],[-126,328],[-926,691],[-843,236],[-1839,1651],[-540,779],[-649,710],[-1246,363],[-886,1348],[-361,722],[-494,517],[-383,270],[-2213,744],[-297,-159],[-863,80],[-648,477],[-540,186],[-648,397],[-1188,1326],[-1133,345],[-297,-79],[-108,-160],[-405,-238],[-783,-212],[-1754,79],[-1161,-345],[-324,0],[-351,160],[-837,53],[-621,-345],[-917,-212],[-513,-239],[-891,-186],[-872,-654],[-1287,-639],[-957,-338],[-1423,0],[-637,-96],[-393,-217],[-368,-48],[-2109,-48]],[[1587874,1886491],[-638,1084],[-245,843],[-491,290],[-981,216],[-1572,0],[-961,-959],[-1035,-1321],[-1046,-475],[-303,-315],[-287,-1304],[17,-436],[-388,-204],[-265,-404],[-343,-2652],[-326,-458],[-225,-691],[0,-364],[602,-393],[1,-752],[-1497,-1844],[-295,-249],[-643,-1118],[-53,-373],[53,-415],[-179,-1004],[-296,-953],[-400,-694],[31,-643],[-200,-901],[-429,-1145],[-18,-801],[-203,-1051],[-459,-877],[-490,-556],[-294,-211],[-435,-297],[-1638,-738],[-837,-587],[-662,-145]],[[1570444,1863594],[-1590,-230],[-1608,-392],[-995,-453],[-225,-381],[-79,-851],[-371,-657],[11,-221],[191,-343],[-108,-213],[-327,-290],[42,-155],[232,-259],[1044,-881],[148,-321],[-11,-228],[-126,-248],[-369,-487],[-349,-211],[-653,-607],[-148,-301],[-21,-1181],[390,-1740],[195,-677],[791,-1036],[567,-2320],[422,-835],[780,-891],[295,-156],[348,-642],[95,-248],[0,-373],[-126,-435],[-443,-777],[-338,-363],[-442,-725],[-601,-601],[-675,-228],[-2341,-51],[-453,-73],[-1666,-818],[-1350,-788],[-432,-352],[-717,-984],[-348,-279],[-622,-746],[-327,-239],[-780,-901],[-770,-383],[-306,-73],[-348,114],[-316,280],[-590,104],[-158,103],[-148,218],[-401,1512],[-158,332],[-527,259],[-1244,228],[-95,321],[31,621],[-305,663],[-369,508],[-158,507],[-85,363],[85,207],[21,445],[-190,508],[-949,1139],[-359,73],[-833,-249],[-1592,-290],[-1455,-165],[-168,-187],[-264,-10],[-285,134],[-105,632],[-327,321],[-538,819],[-1750,735],[-1065,-228],[-896,-93],[-1392,425],[-1392,-228],[-2045,-62],[-1602,-192],[-534,132],[-1173,479],[-1277,950],[-436,90],[-243,-146]],[[1530643,1848322],[-687,-681],[-752,-947],[-1131,-496],[-1283,-971],[-620,-304],[-316,-246],[-650,-843],[-827,-1658],[-438,-198],[-897,-604],[-1678,-1498],[-1268,-510],[-210,-391],[20,-577],[339,-624],[-211,-785],[58,-304],[-24,-1302],[1124,-1281],[858,-655],[262,-371],[-13,-140],[-378,-647],[-52,-510],[304,-835],[143,-703],[292,-573],[272,-863],[89,-627],[-18,-1056],[297,-1428],[453,-822],[118,-436],[-6,-325],[-188,-351],[-1668,-2032],[-799,-2246],[75,-1502],[224,-464],[760,-763],[705,-376]],[[1522922,1816377],[447,67],[832,299],[641,-144],[118,-149],[265,-2415],[11,-381],[-203,-475],[-1338,-1619],[-472,-856],[174,-1409],[-6,-723],[-140,-139],[-972,-363],[-1436,-25],[-246,162],[-276,470],[-63,865],[-286,63],[-596,-78],[-410,-237],[-681,-630],[-545,-862],[-634,-629],[-2273,-321],[-872,-370],[-472,-1492],[-214,-392],[-838,-845],[-1366,-2713],[-428,-122],[-341,-295]],[[1510302,1800619],[-353,-283],[-119,-612],[141,-1148],[640,-2646],[257,-462],[477,-599],[804,-531],[523,-935],[220,-173],[826,-363],[306,-402],[-1088,-1920],[88,-509],[-88,-311],[-255,-302],[-360,-682],[-835,-682],[-183,-656],[116,-797],[1328,-249],[942,35],[253,-401],[366,-262],[843,-428],[436,-76],[612,-339],[2200,-83],[183,-103],[442,-822],[120,-456],[331,-569],[1126,-982],[574,-403],[92,-235],[35,-1036],[396,-496],[225,-499],[187,-177],[1291,-489],[-22,-189],[-492,-484],[-695,-1010],[-192,-818],[-66,-720],[-164,-382],[-388,-355],[-433,-237],[-938,-283],[-333,-199],[-215,-351],[132,-1031],[419,-1639],[-70,-369],[35,-807]],[[1519979,1769662],[394,-139],[129,-441],[90,-56],[499,-80],[581,-280],[566,-414],[789,-254],[305,-307],[148,-440],[202,-187],[581,-254],[823,-93],[1107,-641],[162,-174],[24,-240],[-92,-600],[81,-747],[2699,-1682],[216,-267],[229,-894],[378,-334],[513,-147],[580,40],[1107,600],[391,107],[498,-127],[609,-367],[715,-881],[648,-614],[1499,-1079],[358,-352],[569,-1306],[285,-300],[770,104],[1001,331],[907,-31],[85,52],[-32,228],[-295,393],[-32,270],[717,455],[221,322],[243,176],[580,290],[822,311],[675,-11],[369,-135],[886,-1201],[253,-114],[1202,307],[138,-83],[613,-808],[378,-231],[504,-125],[396,-18],[432,195],[433,81],[812,-20],[232,-79],[2878,-1602],[486,-356],[773,-783],[229,-97],[977,-63],[504,-214],[486,-321],[881,-978],[540,-410],[2985,-1781],[200,-217],[496,-1036],[295,-342],[2182,-943],[1651,-522],[286,-205],[250,-323],[1166,-2537],[402,-1064],[341,-622],[180,-1139],[450,-908],[89,-854],[666,-1049],[647,-1851],[-36,-462],[-559,-1904],[-198,-391],[-342,-391],[-1440,-676],[-198,-302],[-54,-267],[54,-338],[971,-1780],[107,-1957],[252,-373],[738,-570],[971,-1566],[468,-356],[540,-196],[665,249],[487,925],[684,800],[612,1584],[378,551],[1926,1405],[702,355],[378,89],[504,658],[2466,1245],[576,373],[666,569],[522,107],[751,-626],[1426,-478],[468,-232],[198,-267],[18,-231],[-522,-711],[-90,-231],[-73,-890],[720,-285],[378,-285],[-253,-1049],[-288,-392],[-126,-551],[-450,-1014],[-234,-1067],[-198,-392],[-1,-462],[378,-1174],[-19,-1246],[-405,-834],[-477,-642],[-180,-427],[-54,-356],[126,-516],[503,-783],[0,-711],[-90,-196],[-109,-1601],[18,-267],[198,-338],[-54,-196],[-792,-444],[-396,-338],[-18,-409],[413,-748],[0,-338],[-864,-942],[-234,-374],[-90,-587],[0,-213],[108,-214],[558,-356],[287,-302],[990,-534],[1458,230],[324,196],[180,747],[162,302],[396,232],[1098,142],[1619,-659],[1169,-303],[270,-160],[774,-837],[637,-401],[442,63],[1620,782],[769,-31],[581,-203],[647,-105],[1422,160],[560,-27],[676,-267],[199,125],[563,1342],[18,267],[-108,231],[18,481],[703,1138],[161,607],[487,1118],[432,676],[309,192]],[[1600959,1716324],[594,141],[1005,609],[630,249],[396,463],[1068,227],[606,-10],[2051,-717],[923,-564],[338,-78],[736,1],[353,-119],[222,-540],[270,-1032],[504,-569],[557,-321],[1404,-249],[1295,-356],[1072,240],[728,488],[540,36],[3122,-894],[184,-3],[337,334],[769,514],[388,540],[136,402],[423,496],[280,159],[882,188],[363,-488],[-95,-898],[287,-358],[180,-395],[315,-218],[84,-170],[433,-209],[79,-119],[311,-1107],[220,-339],[904,-641],[1112,316],[354,-310],[159,-417]],[[1627478,1710606],[-380,-468],[-67,-325],[235,-995],[580,-1007],[1706,-1439],[215,-542],[244,-243],[868,-488],[345,-387],[643,-1058],[35,-461],[-99,-338],[-850,-539],[-102,-159],[240,-642],[388,-239],[506,-1069],[212,-155],[65,-246],[486,-470],[-277,-1643],[303,-903],[74,-1024],[-67,-352],[-203,-342],[-656,-681],[-167,-654],[32,-141],[367,-323],[143,-270],[125,-1137],[594,-372],[2067,-1973],[302,-1538],[-828,-1703],[-76,-407],[91,-233],[464,-293],[568,-730]],[[1635604,1684617],[189,-56],[249,63],[453,-31],[262,-157],[331,-359],[456,-158],[296,-239],[190,-7],[352,177],[343,478],[281,205],[506,-61],[450,-246],[304,-3],[208,207],[199,462],[698,544],[416,450],[1180,730],[417,574],[379,980],[267,185],[187,-7]],[[2155324,2310198],[-749,-117],[-2443,-29],[-668,108],[-1088,965],[-1174,753],[-716,820],[-210,480],[-19,343],[339,1072],[286,505],[440,457],[393,641],[219,795],[27,487],[-457,896],[-86,1688],[411,2324],[328,583],[718,1883],[61,415],[265,713],[1024,1823],[-110,424],[9,533],[274,406],[980,856],[259,541],[-275,1011],[-211,1597],[-183,316],[-651,2107],[-137,248],[-622,334],[-347,27],[-595,-46],[-559,-320],[-678,-41],[-809,93],[-1618,591],[-968,244],[-499,205],[-623,423],[-596,41],[-332,-14],[-346,-219],[-317,-606],[-319,-416],[-607,-448],[-759,-298],[-1215,49],[-1417,448],[-708,398],[-405,348],[-861,-50],[-1598,854],[-425,821],[-3,868],[-203,496],[-177,222],[-681,444],[-1033,468],[-855,21],[-1083,343],[-504,222],[-429,370],[-1840,936],[-554,196],[-381,23]],[[2162314,2313156],[-115,-145],[-155,-781],[42,-1715],[617,-535],[106,-242],[359,-990],[-82,-545],[-133,-133],[-686,-135],[-686,-283],[-266,-414],[-396,-1456],[-549,-1110],[-582,-928],[-318,-150],[-452,-1],[-1140,243],[-1473,28],[-536,-52],[-367,-398],[-48,-545],[153,-694],[186,-346],[69,-463],[-183,-414],[-517,-630],[-1068,-1005],[-685,-184],[-1440,-89],[-267,-232],[-463,-696],[-278,-585],[-208,-885],[-677,-1465],[-63,-435],[-255,-754],[-15,-311],[-279,-533],[-190,-723],[-289,-637],[-520,-326],[-501,-547],[-300,-134],[-1524,-5],[-770,-169],[-351,16],[-1023,326],[-152,281],[-85,429],[-270,346],[-351,32],[-469,-151],[-434,-266],[-367,-414],[-747,-1722],[-616,-895],[-533,-580],[-1268,-1178],[-368,-216],[-1053,-335],[-651,-564],[-349,-745],[-594,-802],[-564,-967],[-204,-996],[-266,-497],[-3,-604],[-213,-1037],[-447,-852],[-235,-760],[-286,-1821],[-213,-830],[-140,-253],[-160,-923],[35,-439],[321,-842],[-30,-793],[-117,-248],[-267,-84],[-1072,-21],[-217,-166],[-535,-101],[-467,-349],[-433,-695],[-564,-1523],[-282,-447],[-99,-529],[3,-794],[76,-244],[116,-231],[840,-464],[92,-253],[-282,-645],[-732,-722],[-1648,-2469],[-648,-1109],[-617,-845],[-1701,-1742],[-1016,-1160],[-802,-549],[-350,-447],[-1297,-2305],[-566,-763],[-867,-844],[-329,-714],[-821,-1312],[-844,-1012],[-467,-230],[-327,255],[1,230],[-279,393],[-210,139],[-327,47],[-771,-136],[-656,-437],[-841,-20],[-350,93],[-233,162],[-255,623],[2,738],[-537,278],[-560,2],[-1053,-459],[-281,-253],[-331,-1405],[-328,-415],[-1755,-1356],[-1264,-688],[-140,-253],[44,-1038],[-95,-576],[-328,-643],[-399,-347],[-218,-368],[-31,-361],[-1155,-1027],[-1210,-2108],[-1699,-1498],[-145,-413],[28,-359],[-1045,-918],[-1706,-2487],[0,-810],[1211,-703],[495,-486],[990,-541],[495,-108],[1000,-486],[246,-280],[240,-1558],[330,-919],[440,-540],[55,-919],[-110,-757],[-275,-540],[-165,-595],[-385,-702],[-221,-919],[-605,-595],[110,-702],[716,-973],[110,-1351],[330,-649],[2176,-1179],[162,-277],[-24,-346],[-334,-468],[-55,-486],[-605,-1027],[-825,-865],[-770,-540],[-991,-487],[-495,-702],[-1175,-961],[-134,-239],[-216,-639],[-80,-692],[-188,-693],[27,-239],[1052,-1730],[-54,-293],[-512,-586],[-2264,-666],[-674,-267],[-1266,-879],[-512,-480],[0,-213],[755,-1144],[1700,-1782],[0,-692],[81,-347],[270,-266],[917,-611],[-107,-1012],[162,-665],[623,-632],[275,-541],[110,-810],[605,-811],[605,-649],[495,-810],[440,-1730],[-55,-1027],[-825,-1891],[-385,-1135],[-495,-811],[-605,-757],[-110,-594],[-385,-973],[990,-1135],[940,-375],[659,-816],[258,-592],[28,-563],[-1060,-225],[-1260,-535],[-659,-168],[-545,-507],[-2149,-1267],[-171,-422],[-29,-732],[-143,-506],[-1519,-986],[-200,-900],[-230,-507],[-280,-290],[-439,-279],[-359,-114],[-182,-161],[-689,-1210],[84,-490],[-1659,-2024],[-401,-345],[-386,-1188],[14,-936],[-1294,-1363],[-941,-1114],[-57,-281],[-229,-197],[-201,-986],[0,-1745],[-487,-844],[201,-929],[286,-366],[143,-422],[-86,-1323],[-200,-788],[-516,-929],[-258,-1070],[-172,-337],[115,-395],[-287,-422],[-401,-985],[-172,-1154],[-659,-281],[-888,-169],[-1002,-366],[-659,-338],[-860,-535],[-1816,-1468],[-1024,-675],[-854,-271],[-478,68],[-641,-328],[-1118,-338],[-1346,169],[-401,-225],[-197,-595],[-856,-921],[-203,-481],[-530,-681],[-734,-400],[-326,-521],[0,-480],[122,-681],[-244,-481],[-449,-480],[-81,-401],[-245,-280],[-41,-520],[327,-1162],[-734,-1201],[-1019,-401],[-693,-520],[-1101,-601],[-570,-520],[-2079,-1442],[-448,-601],[-490,-400],[0,-481],[245,-640],[-326,-721],[-82,-681],[123,-1041],[-571,-601],[-856,-320],[-693,-80],[-326,-281],[-408,-120],[-1059,40],[-612,-120],[-326,-360],[-163,-441],[-41,-520],[326,-481],[-163,-480],[-117,-116]],[[2058909,2126262],[-412,-405],[-244,-440],[-1182,-601],[-612,-481],[-652,-1241],[-611,-601],[-408,-560],[-530,-361],[-652,-240],[-204,-481],[-366,-520],[-938,-320],[-367,-481],[41,-961],[326,-441],[82,-1441],[265,-335],[93,-370],[-74,-297],[-814,-680],[-376,-542],[-525,-119],[-1086,344],[-829,-64],[-230,-70],[-967,-761],[-1188,238],[-671,-12],[-1100,-207],[-539,-272],[-198,-510],[-318,-468],[-692,-556],[29,-608],[234,-616],[-303,-662],[-58,-392],[-744,-189],[-255,-177],[-466,-115],[-173,-169],[-518,-941],[-89,-552],[-637,-829],[-448,-281],[-204,-440],[117,-220],[22,-253],[-383,-448],[-489,-361],[-693,-1361],[-856,-1241],[-245,-521],[-652,-681],[-367,-681],[-122,-720],[-204,-441],[-207,-175],[-155,-376],[-175,-823],[-315,-404],[-374,-714],[-422,-344],[-378,-133],[-299,44],[-860,407],[-287,59],[-643,-226],[-766,25],[-281,-161],[-172,-743],[-438,-363],[-464,-598],[-449,-785],[-52,-197],[52,-179],[560,-445],[85,-310],[-930,-2169],[-1508,-1201],[-571,0],[-693,481],[-693,120],[-611,0],[-285,-681],[-128,-622],[-445,-553],[-420,-183],[-561,24],[-1049,648],[-467,1],[-748,-276],[-524,-313],[-740,-607],[-1013,-1308]],[[2018001,2086027],[-135,-396],[70,-185],[373,-370],[232,-577],[46,-369],[-93,-254],[-258,-253],[-188,-461],[46,-461],[-117,-484],[-1288,-1843],[21,-853],[-656,-1222],[-468,-391],[-912,-575],[-352,-945],[-934,-877],[-1114,-631],[-530,-481],[-448,-600],[0,-721],[-489,-441],[-938,-640],[-406,-134]],[[1685797,2080879],[11141,12179],[795,26],[231,-119],[788,-1062],[36,-788],[659,-1000],[-177,-455],[180,-598],[-336,-754],[-143,-142],[362,-136],[389,-457],[-29,-564],[279,-818],[-164,-421],[9,-360],[556,-600],[416,-212],[225,-295],[59,-606],[554,-720],[1243,-751],[579,-138],[1040,5],[321,-1823],[263,-524],[175,-155],[934,265],[305,-53],[262,-511],[135,-841],[185,-232],[73,-608],[192,-574],[-180,-492],[-83,-619],[630,-1155],[427,-490],[566,-283],[355,-66],[236,55],[406,390],[331,599],[753,481],[523,60],[1277,-420],[326,0],[1187,529],[617,-134],[557,14],[545,-163],[-106,-433],[8,-723],[-160,-355],[-16,-342],[286,-376],[180,-155],[1445,-160],[685,335],[395,-70],[696,-497],[617,-214],[1038,-217],[500,-259],[129,-116],[79,-382],[-28,-1204],[163,-895],[228,-234],[508,116],[326,-101],[418,-472],[250,-953],[623,-26],[427,-289],[383,280],[649,752],[276,210],[160,26],[1656,-201],[899,35],[169,-158],[80,-218],[212,-1267],[223,-708],[394,-605],[1018,19],[190,-62],[329,-328],[396,-687],[983,-817],[447,-319],[668,-289],[1082,-291],[587,-943],[400,-456],[791,-435],[1033,186],[1202,-82],[1023,-228],[917,238],[923,-1],[865,524],[857,-62],[780,288],[1441,854],[995,719],[519,794],[239,175],[1883,578],[527,74],[2746,-25],[323,73],[335,167],[932,821],[189,510],[2,466],[149,253],[968,756],[514,163],[209,603],[159,65],[459,-42],[597,138],[215,374],[132,618],[265,122],[210,498],[284,226],[338,505],[230,678],[55,478],[108,173],[473,0],[699,550],[282,2],[852,-257],[246,259],[1366,476]],[[1763031,2073566],[495,-201],[222,-14],[388,11],[253,100],[48,96],[-70,511],[-667,1246],[-540,704],[389,974],[88,531],[-188,518],[175,802],[252,753],[414,469],[201,863],[326,481],[415,346],[791,308],[756,91],[651,571],[275,38],[268,-109],[389,64],[183,148],[575,811],[369,286],[239,395],[250,201],[1101,32],[761,324],[536,3],[269,-97],[170,-208],[269,-55],[833,-11],[620,142],[578,365],[421,421],[660,965],[633,574],[818,157],[1311,465],[875,130],[493,308],[1097,898],[761,463],[576,602],[84,251],[547,866],[418,1326],[433,1020],[194,810],[520,672],[39,795],[-86,334],[81,120],[216,23],[632,-432],[984,-518],[756,-259],[1634,-155],[1969,-52],[456,-173],[1730,-252],[908,20],[291,-162],[291,19],[1363,1083],[563,259],[826,760],[580,311],[369,362],[1335,-293],[1195,0],[615,-328],[334,0],[1229,872],[1344,1516],[162,390],[-326,871],[-33,373],[105,242],[774,259],[1036,552],[545,812],[422,1381],[265,501],[684,656],[199,103]],[[1808443,2104973],[495,1055],[442,386],[163,822],[302,479],[1354,1335],[496,194],[381,269],[143,1633],[127,216],[176,850]],[[1812522,2112212],[-158,481],[0,259],[-421,904],[-856,896],[-218,161],[-254,-1],[-922,296],[-1371,242],[-597,345],[-457,466],[-738,1761],[-123,725],[-211,398],[-211,897],[141,501],[386,673],[756,725],[316,501],[334,673],[0,277],[158,414],[317,518],[333,380],[703,535],[812,1369],[217,243],[77,274],[248,290],[356,731],[78,670],[495,777],[63,1081],[62,275],[201,259],[479,410],[894,329],[1125,-34],[1388,423],[791,587],[624,828],[343,328],[-246,915],[131,648],[-72,831],[127,401],[179,263],[-2,837],[349,373],[119,314],[1093,901],[162,608],[-424,136],[-511,-78],[-681,553],[-377,-6],[-514,952]],[[1817015,2141727],[-354,644],[-567,658],[-172,344],[463,814],[296,1419],[606,823],[192,422],[291,300],[4,699],[-147,332],[-605,752],[-63,530],[56,138],[467,398],[90,530],[337,144],[79,232],[793,547],[399,585],[293,934],[-102,713],[-309,464],[-39,359],[382,652],[106,376],[822,505],[302,345],[-49,117],[-464,283],[-274,1029],[-190,201],[288,241],[366,649],[626,401],[-457,877],[-14,214],[196,836],[-56,193],[-295,352],[-647,477],[-495,178]],[[1819170,2162434],[81,680],[232,603],[178,779],[201,94],[907,870],[106,911],[519,885],[195,790],[261,303],[338,104],[-89,76],[195,-29],[61,163],[159,91],[135,-95],[673,926],[494,271],[220,293],[660,228],[11,347],[158,359],[430,507],[216,405],[504,478],[484,163],[594,-30],[265,156],[211,710],[309,384],[550,1309],[209,1496],[164,308],[374,384],[343,893],[334,357],[1348,867],[186,279],[1144,1130],[589,399],[33,145],[-290,615],[-83,573],[228,521],[631,291],[1120,957],[477,833],[349,361],[58,499],[-144,649],[71,489],[-187,860],[-213,403],[62,236],[169,121],[-477,633],[-962,742],[-11,318],[231,324],[905,906],[217,121],[285,-13],[228,333],[439,144],[104,199],[476,194],[31,-89],[87,62],[104,-39],[155,205],[-31,70],[167,57],[127,-89],[29,-244],[163,-50],[117,95],[53,254],[115,131],[497,119],[24,197],[207,-25],[63,170],[154,-9],[74,-165],[451,-245],[78,-215],[192,-201],[511,-169],[660,-382],[245,-71],[308,145],[88,-230],[235,-136],[359,126],[154,-422],[246,-154],[152,56],[123,257],[170,2],[165,-138],[599,428],[234,42],[150,232],[286,145],[-12,217],[531,69],[87,205],[-157,114],[74,112],[452,194],[30,208],[207,123],[110,253],[508,563],[51,433],[105,129],[-243,238],[69,478],[-181,112],[-4,494],[-107,322],[133,169],[54,426],[28,842],[-69,401],[230,226],[210,649],[503,579],[574,390],[177,255],[-180,523],[-225,22],[264,230],[106,215],[-321,471],[235,465],[267,73],[446,311],[261,15],[585,-214],[355,-584],[261,-162],[129,27],[437,405],[236,33],[255,-116],[228,-446],[137,-109],[173,-2],[165,207],[299,10],[344,-346],[251,0],[356,-584],[231,-97],[815,45],[318,97],[298,-45],[786,155],[751,-226],[426,-37],[169,81],[337,455],[458,19],[525,216],[438,-46],[374,-557],[432,-1670],[305,-587],[-143,-237],[40,-129],[152,-188],[174,5],[235,629],[165,199],[192,52],[320,-140],[357,475],[400,-230],[677,114],[342,302],[137,282],[306,232],[472,160],[609,29],[43,85],[-205,675],[354,83],[156,361],[405,449],[323,889],[1139,277],[-4,138],[-178,169],[59,168],[148,157],[422,106],[230,434],[350,326],[-56,172],[-210,35],[-112,110],[-61,296],[80,272],[405,232],[363,137],[261,-11],[42,-329],[175,-203],[194,91],[224,-21],[185,-76],[43,-199],[78,-44],[187,0],[21,274],[140,188],[358,-342],[175,19],[394,263],[551,162],[436,410],[161,499],[345,56],[264,340],[491,211],[451,361],[425,-31],[303,-133],[279,31],[870,-356],[385,288],[133,10],[533,-408],[270,-83],[225,120],[1248,-6],[1057,-207],[281,15],[239,112],[-133,185],[-626,486],[129,452],[-6,849],[236,327],[371,305],[213,126],[435,13],[54,124],[-172,188],[567,412],[129,230],[-79,234],[-431,439],[-23,898],[-263,348],[11,186],[70,188],[160,121],[697,17],[126,279],[-30,292],[-274,461],[-16,220],[304,420],[299,711],[795,613],[483,175],[337,-378],[374,688],[221,165],[408,94],[252,-408],[120,22],[205,223],[420,-198],[80,-505],[-431,-125],[-104,-173],[137,-163],[344,-68],[174,-414],[883,62],[533,-161],[326,45],[298,418],[327,185],[800,102],[449,-317],[189,366],[583,12],[100,-452],[296,-295],[94,-215],[-121,-362],[-408,-707],[29,-103],[332,-15],[205,198],[182,433],[569,-178],[593,0],[685,412],[557,70],[259,108],[189,181],[232,427],[389,-38],[178,61],[40,207],[420,351],[350,584],[224,100],[266,-30],[225,131],[87,173],[-77,106],[-315,105],[-153,138],[-73,204],[81,1119],[180,423],[135,-4],[124,99],[73,504],[421,114],[281,275],[172,-112],[-64,-409],[52,-332],[86,-198],[367,-370],[549,-108],[464,76],[234,-42],[95,-30],[168,-263],[512,-167],[231,-175],[-31,-222],[-265,-130],[-105,-172],[68,-192],[349,-134],[146,-236],[18,-430],[199,-488],[-122,-412],[93,-53],[612,365],[194,-46],[371,-404],[99,20],[128,244],[258,20],[316,-281],[23,-157],[-190,-851],[68,-234],[551,-78],[870,-904],[317,-122],[389,12],[680,-637],[193,-95],[321,92],[76,-371],[411,-254],[824,-245],[210,-271],[596,-69],[279,-108],[351,-754],[273,-238],[349,-91],[379,-480],[265,-210],[210,33],[149,146],[364,-4],[938,178],[867,-482]],[[1910531,2209047],[176,-584],[279,-392],[749,-302],[989,-67],[631,-345],[350,-361],[22,-121],[-144,-142],[-673,-247],[-4,-280],[800,-113],[123,-472],[308,-274],[358,-119],[487,-869],[243,-72],[244,154],[297,300],[-5,599],[193,708],[-255,811],[23,164],[123,132],[643,184],[120,123],[-139,349],[72,435],[227,310],[395,209],[160,216],[68,425],[-93,699],[130,354],[-56,602],[-128,342],[-325,332],[183,1088],[577,253],[184,159],[67,428],[560,710],[101,304],[-122,594],[88,295],[318,157],[157,221],[567,342],[120,281],[116,81],[422,102],[356,427],[415,171],[745,590],[526,616],[337,263],[155,25],[188,-202],[208,-50],[391,-522],[478,-279],[377,-52],[852,312],[1162,-9],[853,-190],[161,-367],[-42,-169],[-321,-359],[-17,-130],[87,-237],[234,-127],[264,69],[799,656],[420,-52],[598,-224],[978,111],[202,-138],[127,-831],[-222,-669],[-80,-574],[-202,-202],[-239,-779],[-30,-586],[405,-60],[174,-252],[-30,-973],[166,-1419],[-120,-346],[113,-435],[196,-111],[469,37],[2541,-981],[575,-89],[923,-290],[1747,201],[242,-171],[355,-587],[333,-111],[627,297]],[[1938733,2207952],[152,1181],[-46,1471],[-483,1704],[-277,1529],[77,1946],[167,979],[686,1024],[676,379],[1238,335],[2253,-42],[462,256],[844,880],[507,67],[687,780],[-1023,867],[-243,507],[-27,357],[320,1128],[285,485],[556,595],[677,256],[1126,-116],[650,-230],[1135,-676],[423,-119],[401,7],[919,-470],[2290,148],[469,239],[261,435],[16560,-511],[221,-59],[218,0],[585,322],[264,-41],[232,156],[274,32],[359,-208],[570,-83],[380,-177],[2616,107],[432,-197],[402,-531],[348,-208],[443,-41],[622,313],[433,84],[505,-249],[322,-341]],[[1979681,2222222],[-611,-556],[-339,-637],[-709,-421],[-150,-197],[-249,-841],[-229,-58],[-84,-100],[-76,-284],[1,-731],[195,-496],[-134,-241],[86,-384],[-234,-586],[61,-178],[215,-216],[235,-43],[162,-194],[217,-11],[752,-293],[346,-281],[438,-119],[638,-792],[354,-24],[279,-155],[14,-264],[240,-246],[341,-635],[163,-1498],[-120,-127],[-1367,43],[-426,-38],[-220,-136],[266,-281],[310,-572],[131,-282],[9,-220],[-841,-258],[-836,4],[-686,134],[-686,-95],[-405,-476],[-413,-213],[-524,-79],[-458,-410],[-798,-100],[-480,77],[-414,-177],[-505,-402],[-171,-282],[126,-785],[-23,-330],[156,-316],[332,-1312],[-31,-154],[-212,-180],[-306,-32],[-332,-326],[-510,-121],[-154,-189],[381,-334],[336,-163],[287,-399],[586,-488],[-43,-511],[-663,-515],[-239,-596],[-269,-141],[-289,-627],[302,-1179],[528,-520],[401,-967],[11,-144],[-251,-374],[-74,-794],[-263,-615],[131,-325],[529,-303],[106,-542],[-31,-206],[-444,-483],[-171,-922],[-807,-1484],[252,-487],[303,-1065],[45,-451],[-117,-528],[-488,-378],[-1073,-49],[-347,-262],[-556,-1238],[-120,-626],[-984,-636],[-201,-312],[456,-382],[14,-131],[-338,-1077],[502,146],[261,-340],[332,-228],[546,36],[347,-99],[223,-137],[311,-653],[181,-192],[339,159],[251,524],[238,44],[173,-69],[114,-248],[165,-131],[305,-89],[727,95],[291,-109],[765,-57],[437,164],[435,2],[334,178],[225,-166],[152,-8],[234,-348],[160,-82],[246,-8],[437,-262],[405,-47],[602,-293],[154,-149],[245,-67],[270,6],[146,340],[130,38],[376,-30],[633,-271],[603,-13],[388,142],[382,30],[196,199],[388,-79],[343,29],[488,163],[869,-363],[1124,104],[383,-58],[823,-511],[374,-1161],[118,-193],[341,-260]],[[1987427,2179530],[619,-118],[166,-557],[196,-162],[728,-116],[367,-251],[1075,224],[487,0],[859,358],[459,435],[62,243],[-59,273],[301,473],[1301,184],[576,-33],[1105,461],[338,24],[664,-152],[603,-504],[232,160],[337,35],[619,-226],[996,79],[896,-257],[148,-257],[-55,-541],[921,-271],[492,-469],[246,95],[383,607],[1186,636],[266,17],[819,-435],[302,-29],[669,462],[938,227],[426,-42],[466,461],[1107,447],[613,150],[329,-33],[534,-348],[487,-487],[388,-34],[191,93],[664,670],[243,48],[511,-67],[635,200],[379,672],[271,350],[318,239],[336,55],[1207,-268],[506,213],[314,6]],[[2016594,2182470],[667,3],[1020,622],[1253,1486],[1192,846],[444,734],[441,62],[186,-77],[135,85],[344,969],[111,89],[565,44],[130,147],[173,288],[224,688],[417,621],[437,398],[525,-130],[394,198],[142,199],[6,922],[215,133],[690,120],[428,445],[24,279],[-324,190],[-218,460],[341,511],[208,165],[232,62],[1444,52],[642,163],[551,780],[292,268],[1118,294],[315,538],[22,203],[590,490],[1747,1070],[678,97],[134,83],[137,293],[-10,263],[-436,1367],[67,608],[189,635],[904,1321],[1024,700],[702,623],[297,705],[922,1136],[562,394],[770,307],[3,384],[1192,1688],[7,580],[-113,397],[204,943],[120,211],[-43,555],[243,836],[453,366],[190,4],[517,-197],[632,480],[391,621],[267,45],[376,-121],[232,135],[130,672],[-830,1179],[-109,649],[67,279],[439,981],[1186,559],[387,666]],[[2045598,2217331],[216,439],[767,56],[565,148],[14,625],[109,211],[168,80],[454,-83],[600,357],[958,351],[1117,1001],[421,160],[414,420],[1393,246],[507,196],[373,407],[282,569],[663,271],[2,277],[342,509],[157,152],[587,292],[42,553],[305,215],[324,75],[656,-44],[835,840],[543,239],[864,125],[64,87],[15,859],[110,408],[-88,507],[44,159],[224,307],[570,352],[-59,699],[107,321],[-98,372],[-432,358],[-506,55],[-103,80],[-5,263],[231,630],[-307,330],[-135,268],[-229,143],[-466,53],[-1010,557],[-675,898],[-67,405],[-319,312],[-30,598],[-108,133],[-427,207],[-20,567],[-179,95],[-265,2],[-189,427],[-276,311],[-130,389],[322,1303],[3,282],[-347,543],[-32,794],[-309,473],[-248,623],[177,1289],[496,543],[103,424],[-17,292],[216,553],[-170,492],[327,483],[12,118],[-228,217],[-273,483],[74,118],[754,362],[214,456],[240,1253],[126,231],[307,189],[-113,552],[159,1028],[678,840],[678,555],[275,338],[435,118],[1693,184],[1105,253],[717,-48],[410,-89],[389,-278],[299,-659],[155,-108],[481,24],[715,-90],[133,87],[250,608],[646,128],[379,630],[614,266],[258,371],[385,331],[113,449],[401,398],[108,309],[280,294],[557,980],[116,427],[-34,340],[76,128],[626,413],[690,763],[44,900],[506,1042],[-137,476],[172,608],[-292,231],[-202,27],[-280,319],[-614,226],[-742,459],[182,519],[108,702],[-88,142],[-224,27],[-64,123],[-302,1175],[54,758],[-74,306],[-280,396],[-17,292],[-162,32],[-501,-244],[-123,17],[-179,243],[292,628],[-329,644],[133,480],[159,111],[-83,401],[169,331],[438,490],[803,502],[891,760],[462,207],[339,589],[35,345],[347,452],[284,98],[136,218],[12,412],[93,162],[-65,190],[124,154],[-61,228],[123,123],[-39,333],[676,429],[148,167],[201,566],[411,351],[798,299],[132,-30],[401,-378],[211,-384],[829,-511],[150,18],[384,280],[281,-112],[177,43],[546,522],[1115,322],[263,410],[262,-79],[133,66],[471,790],[-287,97],[-59,121],[80,373],[-44,214],[246,567],[-30,372],[289,614],[21,754],[-185,209],[268,578],[2,228],[-279,498],[-20,198],[139,323],[347,440],[-7,276],[114,335],[-5,534],[197,95],[710,-88],[189,267],[382,172],[206,362],[221,177],[506,769],[49,1304],[334,166],[133,447],[322,232],[241,312],[468,359],[319,87],[128,446],[499,253],[87,115],[18,243],[304,125],[102,272],[327,304],[504,795],[-101,345],[197,992],[160,181],[113,74],[557,-237],[226,-10],[264,115],[452,426],[609,215],[264,-109],[923,-70],[872,853],[66,225],[-176,377],[478,401],[460,613],[419,84],[404,-225],[680,484],[403,51],[331,141],[313,-150],[343,265],[157,-183],[146,-38],[190,551],[475,491],[577,16],[274,358],[413,-92],[155,254],[0,177],[-143,176],[43,55],[217,66],[614,-57],[188,417],[423,340],[363,101],[348,462],[684,538],[684,288],[243,284],[871,115],[140,182],[60,402],[184,29],[356,640],[373,237],[466,663],[716,629],[144,377],[546,831],[1054,643],[579,199],[673,1023],[583,498],[227,82],[511,13],[432,368],[524,-24],[376,70],[486,741],[571,289],[604,688],[465,336],[229,478],[547,452],[290,461],[-20,514],[89,623],[126,288],[208,86],[166,365],[844,427],[188,231],[89,290],[450,155],[560,537],[311,596],[553,523],[404,258],[237,267],[871,512],[919,875],[200,389],[1346,1322],[118,356],[-15,723],[63,137],[364,166],[447,-179],[216,63],[53,235],[-149,418],[-28,364],[112,780],[180,421],[382,64],[411,385],[24,855],[416,844],[-95,372],[33,348],[613,772],[409,200],[224,384],[139,464],[581,692],[-180,1469],[83,1280],[285,519],[264,794],[930,1771],[258,135],[308,25],[298,193],[105,213],[227,201],[344,49],[122,148],[89,204],[28,519],[347,540],[-8,189],[-510,503],[-137,263],[-21,864],[489,444],[121,274],[-16,963],[88,292],[192,192],[447,188],[307,311],[72,442],[-237,880],[-847,634]],[[1946853,2017877],[-248,967],[342,1127],[182,212],[773,464],[850,984],[156,749],[109,73],[-15,1059],[61,314],[218,481],[537,794],[0,386],[-51,216],[-386,430],[-493,355],[-264,524],[-107,487],[-162,105],[-464,49],[-757,277],[-1149,116],[-196,82],[-392,398],[-297,44],[-542,-45],[-302,-210],[-50,-228],[106,-420],[-218,-193],[-184,11],[-709,423],[-1202,457],[-313,296],[-164,459],[-739,695],[-347,228],[-26,110],[110,206],[1077,265],[450,723],[823,344],[170,232],[-138,941],[-321,511],[-418,251],[-595,212],[-490,425],[-33,181],[163,505],[-46,374],[-268,70],[-144,220],[-562,491],[-294,71],[-594,-117],[-92,71],[-46,245],[29,465],[296,1030],[-80,716],[130,372],[449,258],[1205,190],[601,330],[384,293],[137,208],[160,372],[173,1099],[-327,830],[-239,264],[-915,612],[-450,207],[-1914,198],[-835,200],[-809,458],[-696,256],[-340,613],[31,1172],[-788,203],[-551,-48],[-357,143],[-958,774],[-719,-215],[-219,342],[56,215],[-160,247],[-478,229],[-178,179],[-462,-31],[-1000,801],[-202,218],[-68,205],[138,328],[-17,232],[-1167,1691],[-453,389],[-203,454],[-208,249],[159,251],[-148,332],[150,672],[-46,268],[-286,524],[-397,468],[-122,301],[-106,110],[-486,64],[-83,78],[10,197],[-448,398],[-85,154],[27,326],[-416,543],[-352,11],[-307,-117],[-139,103],[-141,349],[-242,77],[-112,-68],[-162,-458],[-85,-61],[-283,179],[-698,-66],[-678,76],[-338,-79],[-169,-158],[-1084,-54],[-750,198],[-210,-79],[-51,-315],[-142,-262],[-532,-142],[-184,-207],[-803,131],[-186,-26],[-184,-178],[-216,-21],[-501,184],[-229,221],[-417,-54],[-125,-118],[-1026,-377],[-1025,590],[-537,-86],[-507,99],[-1084,-92],[-337,145],[-212,401],[-203,113],[-827,-142],[-893,798],[-490,93],[-636,-123],[-253,97],[-314,260],[-375,-94],[-99,-95],[-579,-90],[-148,46],[-156,331],[-193,181],[-804,111],[-514,-74],[-339,77],[-254,197],[-65,260],[-240,277],[-416,177]],[[1904035,2059954],[22,1255],[182,1326],[-230,2092],[96,423],[-791,879],[-309,580],[-62,752],[73,718],[213,823],[-335,377],[-611,122],[-138,106],[107,290],[255,280],[-32,135],[85,117],[632,235],[222,219],[49,321],[-87,254],[35,211],[-409,397],[-561,-156],[-387,725],[-40,423],[130,459],[11,404],[-133,316],[167,749],[-148,591],[-894,404],[-305,309],[-683,-9],[-285,236],[-99,475],[183,463],[-15,240],[-466,533],[-19,128],[377,608],[106,374],[-485,486],[-772,450],[-212,439],[107,930],[-23,1080],[279,1282],[283,883],[535,901],[1011,797],[324,765],[-14,2629],[-185,190],[-406,-54],[35,119],[-63,49],[-214,-228],[-148,20],[-710,-664],[-137,-338],[193,-84],[-111,-154],[-805,234],[-554,11],[-559,228],[-34,-251],[-80,-21],[-554,258],[-236,335],[-154,729],[-236,425],[-14,307],[-612,1704],[-311,754],[-252,326],[6,235],[-229,148],[140,149],[-138,180],[-77,866],[-631,1327],[-122,574],[-481,1243],[-236,224],[-204,777],[-291,494],[-39,318],[-274,183],[-373,545],[-284,176],[-510,612],[-506,1239],[-43,484],[663,2740],[317,853],[-374,195],[-534,449],[-24,314],[81,86],[-378,589],[119,105],[-138,57],[61,164],[-329,439],[-6,428],[-211,49],[-82,232],[-169,101],[-644,-82],[-210,124],[-370,-304],[-274,66],[-253,-64],[-186,266],[-226,74],[-132,156],[-748,147],[-235,149],[-68,-80],[-231,10],[-137,235],[1,281],[-405,-78],[-178,44],[-148,285],[41,302],[-162,128],[-535,-30],[53,-1090],[-443,-762],[-426,-258],[-170,16],[-208,225],[136,190],[-77,111],[-411,14],[-287,135],[-467,29],[-123,-69],[-84,171],[-547,156],[-180,-47],[-135,-229],[-386,-86],[-70,315],[-262,366],[-464,37],[-253,109],[-221,-4],[-474,-364],[-163,-252],[-234,-17],[-88,84],[-38,267],[-441,34],[-437,138],[-244,230],[-219,468],[-171,38],[-161,177],[-681,237],[-178,499],[-305,259],[-442,-169],[-426,315],[-586,111],[-535,261],[-637,-33],[-235,-231],[-852,-55],[-944,171],[-255,-121],[42,232],[178,239],[607,311],[367,363],[238,546],[-474,757],[-204,6],[-65,104],[62,179],[412,82],[269,420],[-408,107],[293,125],[19,259],[-132,195],[294,606],[46,990],[-110,496],[-372,271],[-160,395],[-476,319],[-315,361],[-526,71],[-427,316],[-318,363],[-749,178],[65,337],[-1280,1149],[-417,-54],[-316,312],[-89,-60],[-589,59],[-87,321],[-306,183],[-117,-103],[-227,-29],[-638,178],[-301,472],[-9,342],[112,227],[-165,373],[152,573],[-319,407],[-999,38],[-207,-98],[-198,-411],[3,-504],[-164,-382],[10,-355],[-136,-147],[-174,-438],[-67,-639],[-146,-149],[-189,-1009],[-257,-375],[-131,-1111],[-237,-346],[130,-321],[-126,-698],[-486,-739],[100,-362],[-134,-335],[269,-756],[-319,-537],[3,-309],[125,-199],[-342,-938],[91,-535],[-285,-318],[72,-771],[170,-232],[-256,-478],[-271,-221],[-3,-401],[-675,-647],[-183,-312],[-225,-106],[-430,-447],[-569,-275],[-43,-384],[-832,-90],[-238,-237],[-239,-15],[-264,-544],[-210,-153],[-157,-253],[228,-348],[-160,-708],[-475,-218],[201,-428],[-15,-123],[-144,-79],[-289,11],[-296,-235],[-298,-38],[-135,88],[-159,-137],[-167,-374],[-11,-239],[-606,-347],[-368,-718],[-382,-513],[-340,323],[-610,308],[-1276,48],[-240,224],[-174,371],[-571,172],[-322,484],[-196,-9],[-210,124],[-473,-155],[-1646,-193],[-257,-121],[-1248,-213],[-449,192],[-248,23],[6,259],[458,834],[242,268],[28,210],[-95,636],[-149,215],[-155,122],[-745,257],[-1952,69],[-160,-235],[-920,-396],[-472,105],[-461,286],[-321,95],[-299,197],[-154,208],[-203,-10],[-489,210],[-289,-123],[-352,249],[-411,-194],[-355,78],[-263,-94],[-334,4],[-943,270],[-1007,-545],[-930,262],[-301,17],[-507,-114],[-348,84],[137,439],[457,663],[112,721],[302,335],[106,584],[183,255],[-21,335],[228,408],[-218,556],[-604,863],[1197,1445],[115,375],[357,200],[-97,218],[37,245],[-94,284],[239,285],[-104,390],[7,409],[-708,107],[-397,-63],[-255,175],[-191,-79],[-586,206],[-252,-73],[-221,126],[-194,274],[-672,-17],[-482,126],[-332,186],[-57,256],[-248,251],[-15,381],[-188,107],[171,298],[-16,438],[-168,270],[207,228],[-62,288],[-1335,703],[-965,781],[-1395,1340],[687,579],[-638,1223],[-1951,1742],[129,489],[-246,77],[-202,-176],[-486,-148],[-485,-18],[-811,-394],[-356,-271],[-802,-219],[-356,-324],[-668,-402],[-971,-438],[-543,-735],[-766,-350],[-1025,-779],[-543,-577],[-1033,-1681],[-882,-866],[-412,-581],[-246,-502],[-213,-1009],[-25,-1064],[-549,-1479],[-33,-646],[-515,-1173],[-257,-799],[-51,-289],[104,-765],[-95,-622]],[[1817015,2141727],[889,792],[323,497],[464,270],[253,573],[612,532],[42,324],[253,228],[253,850],[387,248],[0,228],[618,1651],[-126,1381],[204,476],[35,684],[604,980],[-42,291],[274,435],[-91,518],[105,103],[29,283],[260,332],[35,352],[197,166],[-14,379],[281,242],[84,484],[647,973],[-28,187],[-127,152],[99,428],[175,214],[236,28],[295,446],[336,-42],[165,-162],[135,28],[76,329],[86,28],[95,-138],[70,292],[166,65],[-57,301],[65,127],[496,128],[118,214],[161,-26],[162,511],[487,201],[12,93],[-170,143],[395,78],[-148,250],[231,61],[297,-44],[22,391],[241,93],[141,200],[262,-71],[189,74],[473,403],[2,184],[522,139],[68,278],[332,27],[303,266],[-23,325],[197,48],[107,181],[242,-67],[129,542],[288,-66],[116,59],[119,249],[822,291],[105,471],[-59,269],[230,153],[864,1216],[331,-7],[181,182],[219,-87],[467,290],[84,-33],[168,-521],[192,-18],[426,248],[193,-133],[271,-427],[561,-410],[273,-80],[59,101],[-144,225],[433,376],[332,-83],[460,65],[502,-116],[485,44],[161,-198],[-76,-307],[192,-94],[542,125],[-95,243],[121,335],[192,-247],[-6,-340],[72,-92],[443,-174],[92,269],[175,45],[457,-121],[252,-255],[428,100],[341,-45],[93,131],[426,113],[138,443],[292,-159],[206,156],[250,-41],[242,-389],[474,75],[359,-127],[86,142],[182,87],[967,125],[493,-130],[339,170],[89,324],[330,488],[-24,319],[-117,262],[59,373],[171,79],[421,-134],[79,47],[3,273],[239,639],[126,145],[-19,167],[-183,114],[-101,222],[485,363],[52,416],[466,546],[-7,175],[272,343],[569,135],[686,370],[675,-132],[140,-103],[199,111],[84,-29],[640,-785],[51,-455],[186,-357],[433,-396],[118,-230],[286,-193],[468,-27],[139,81],[201,501],[767,279],[113,389],[184,284],[80,48],[515,-127],[377,268],[87,216],[6,345],[192,73],[430,-54],[449,301],[472,-118],[477,-415],[471,-27],[-79,-455],[153,-323],[378,-100],[129,-118],[710,-57],[187,-145],[169,-425],[69,-17],[589,431],[315,-231],[494,129],[90,97],[-60,315],[951,268],[69,553],[107,162],[109,43],[483,-84],[739,-456],[525,83],[194,418],[522,53],[286,522],[603,311],[295,-25],[513,170],[508,-243],[704,-571],[241,-65],[516,206],[1160,167],[137,603],[483,290],[542,178],[337,-321],[293,58],[205,595],[95,584],[1394,402],[949,37],[101,199],[-95,122],[-500,177],[4,230],[871,435],[673,74],[99,77],[9,155],[-123,137],[-44,249],[65,872],[114,72],[561,-2],[880,696],[322,408],[340,670],[194,157],[499,20],[448,279],[894,70],[248,-67],[208,-531],[151,-1019],[266,-428],[113,-476],[174,-189],[536,-272],[478,55],[660,872],[125,535],[-144,786],[845,892],[391,561],[-176,397],[156,420],[626,298],[371,485],[171,8],[219,-345],[223,-27],[236,-204],[669,-40],[924,-214],[455,-262],[215,-235],[1124,-286],[514,-396],[231,-595],[451,-296],[-60,-665],[-281,-583],[-383,-408],[-866,-1504],[-1635,-1427],[-450,-205],[-376,-436],[-821,-636],[-889,-911],[-489,-917],[-298,-370],[-484,-415],[-180,0],[-118,-160],[-348,-1149],[-997,-1340],[-323,-575],[-495,-114],[-412,376],[-182,71],[-624,-874],[-610,-1261],[-1018,-1212],[-218,-469],[-20,-590],[-1169,-1161],[-228,-424],[-570,-1886],[-134,-243],[-495,-473],[-442,-681],[-91,-375],[47,-451],[-56,-180],[-456,-1008],[-481,-740],[-414,-1944],[-707,-1925],[-234,-304],[-142,-952],[-282,-519],[-413,-1179],[-1323,-2712],[-348,-1919],[-911,-1354],[54,-520],[-78,-455],[218,-741],[-97,-210],[-230,-11],[-209,-196],[72,-299],[-57,-78],[-396,-207],[-242,-832],[1124,-331],[267,-153],[199,-303],[358,77],[217,-67],[246,-390],[342,-55],[97,-356],[-39,-798],[-161,-709],[-620,-1375],[-989,-1729],[16,-332],[162,-423],[374,-365],[227,-92],[248,25],[127,111],[179,958],[268,28],[149,-123],[494,277],[606,77],[612,-36],[161,280],[52,816],[476,-297],[699,-119],[146,-187],[690,-39],[175,-534],[404,-534],[426,-111],[694,131],[905,11],[201,-117],[36,-274],[294,-294],[245,-100],[397,-16],[661,-332],[294,206],[190,-31],[178,135],[282,53],[482,503],[254,-291],[8,-208],[132,-114],[77,-221],[174,-132],[120,-279],[728,-546],[151,-285],[-8,-156],[184,-110],[-210,-875],[42,-717],[-182,-345],[51,-334],[-70,-199],[1284,-1146],[595,279],[182,209],[253,-39],[163,58],[29,453],[101,7],[195,-200],[103,28],[101,266],[-175,149],[-14,216],[572,88],[247,123],[153,205],[111,15],[134,-111],[183,-186],[83,-308],[188,-110],[565,147],[521,338],[434,52],[192,-85],[74,-151],[-19,-268],[-325,-990],[-213,-1206],[175,-277],[247,-15],[369,243],[300,588],[423,48],[97,-83],[53,-247],[-124,-1415],[189,-489],[0,-186],[-99,-897],[-248,-549],[-5,-239],[742,-651],[194,-349],[-52,-244],[-155,-217],[48,-85],[529,72],[216,-272],[541,63],[212,-245],[489,187],[335,-240],[606,-107],[72,165],[355,-19],[75,179],[400,20],[145,113],[52,-138],[140,49],[11,-88],[80,52],[65,-85],[257,227],[261,-174],[692,100],[176,-263],[213,-61],[290,64],[412,-220],[274,83],[274,-158],[178,-309],[-65,-329],[124,-631],[206,-739],[178,-180],[305,96],[246,-364],[491,-304],[273,-17],[242,594],[-56,369],[613,-421],[67,-354],[225,23],[352,-109],[1062,483],[574,-582],[248,-555],[561,102],[775,1206],[14,1102],[2652,2028],[68,738],[171,240],[77,514],[29,1384],[221,1421],[569,1534],[-19,538],[193,1204],[-154,365],[138,384],[-20,248],[115,485],[258,161],[94,-115],[311,-73],[306,335],[377,43],[61,114],[-86,618],[147,65],[361,-33],[158,382],[165,-34],[350,-396],[318,-156],[375,-127],[191,52],[4,141],[-278,409],[-320,700],[-91,462],[79,886],[153,482],[365,559],[-42,1236],[98,498],[-262,1182],[80,92],[289,-99]],[[1910962,2135801],[249,-317],[1768,-467],[625,-39],[180,-121],[298,-445],[-57,-257],[-216,-351],[-309,-232],[-220,-392],[-87,-94],[-306,22],[-231,-77],[-166,-188],[-25,-188],[138,-389],[500,-743],[42,-196],[-17,-517],[-225,-1039],[158,-936],[-71,-716],[-84,-98],[-438,-149],[-232,-311],[-33,-515],[185,-958],[70,-1365],[272,-508],[800,-803],[545,-371],[825,-890],[897,-1588],[272,-216],[678,-205],[271,110],[536,43],[1316,-188],[647,-288],[75,-245],[389,-103],[257,-348],[26,-581],[108,-363],[-67,-96],[52,-693],[150,-177],[492,64],[145,-46],[-167,-509],[-415,-236],[-265,-448],[-489,-449],[-92,-535],[-118,0],[29,-542],[-127,-820],[20,-446],[-1137,-866],[-153,-287],[-297,-291],[-1875,-1312],[-281,-292],[-2,-431],[387,357],[317,-150],[321,-454],[345,-195],[448,-867],[347,-344],[193,64],[86,589],[85,97],[599,247],[1384,-77],[1152,-219],[427,156],[473,56],[350,-719],[417,111],[252,-122],[106,-217],[10,-533],[248,-101],[294,-450],[171,-12],[492,377],[82,-14],[349,-680],[596,-64],[218,-132],[305,-531],[235,-130],[439,-78],[353,-195],[288,-247],[16,-241],[202,-167],[491,55],[226,-776],[177,-1545],[589,-957],[298,-158],[779,-170],[941,-570],[861,-268],[420,-535],[276,-1004],[580,-121],[222,-232],[206,-62],[345,-33],[243,93],[1567,-1866],[568,-319],[769,-154],[134,-152],[207,156],[414,143],[234,283],[305,182],[775,344],[205,-36],[686,-421],[559,-90],[373,57],[479,389],[-41,490],[258,324],[714,94],[858,588],[307,-525],[88,-36],[636,315],[487,-63],[229,326],[1292,-201],[854,-236],[805,-31],[154,700],[134,79],[665,-460],[46,-328],[259,174],[254,421],[461,29],[173,-226],[-143,-327],[124,-85],[192,358],[451,314],[591,-426],[76,-4],[121,209],[254,96],[230,-324],[1,-129],[627,-156],[84,-172],[250,-62],[352,48],[434,298],[254,-4],[168,-151],[131,-475],[195,-140],[941,169],[-59,-197],[248,-368],[-86,-211],[309,-505],[-130,-383],[759,-436],[-358,-656],[76,-566],[-45,-148],[-323,-149],[-18,-74],[251,-400],[43,-468],[-69,-240],[163,-283],[267,-181],[79,-334],[123,-119],[-141,-420],[124,-321],[12,-482],[77,-158],[-39,-512],[232,-354],[23,-297],[242,-259],[101,-364],[-137,-678],[228,-230],[-53,-169],[-127,-293],[-241,-209],[-313,-4],[-43,-95],[1058,-634],[50,-437],[346,-104],[416,-532],[453,-1344],[264,-295],[153,-1054],[373,-63],[109,-177],[-6,-916],[544,-340],[638,-172],[119,255],[198,127],[131,-82],[74,-254],[453,92],[464,-196],[487,227],[329,-174],[356,396],[191,-74],[19,-211],[125,-70],[536,260],[89,135],[718,-111],[850,777],[225,98],[435,653],[174,39],[126,210],[468,328],[87,-2],[154,-200],[432,456],[255,-90],[174,301],[181,-106],[295,400],[247,80],[348,-64],[234,99],[43,135],[97,29],[257,-403],[376,7],[151,-183],[382,-22],[-75,-394],[126,-172],[300,64],[-11,-425],[112,-260],[752,-67],[348,-278],[752,-68],[682,-270],[323,17],[145,139],[-55,222],[195,403],[-47,549],[703,14],[363,281],[159,345],[506,19],[481,-357],[319,-585],[242,6],[296,-340],[501,-1033],[7,-310],[200,-63],[314,111],[117,-31],[69,-72],[15,-273],[218,-183],[81,0],[191,260],[236,148],[507,-18],[318,187],[227,-20],[230,-145],[140,-240],[295,-186],[264,-12],[271,108],[325,-320],[5,-170],[180,-87],[217,-383],[991,-70],[857,-438],[662,301],[352,-1],[352,-154],[625,-620],[185,-24],[312,107],[475,412],[1257,121],[735,-503],[380,-48],[344,-529],[219,31],[1005,597],[284,-42],[815,-293],[252,-341],[360,-149],[1095,-135],[396,-406],[317,-85],[110,22],[301,512],[-35,52],[175,111],[505,-242],[290,-47],[679,477],[17,254],[241,158],[502,-54],[138,109],[164,-19],[112,-168],[-177,-291],[316,-663],[-241,-500],[21,-732],[-274,-345],[0,-359],[-267,-400],[-3,-133],[162,-275],[285,149],[125,-50],[365,-511],[-17,-482],[-624,-1130],[-143,-514],[-295,-245],[-665,-343],[-90,-127],[-32,-283],[359,-349],[277,-1001],[771,-1579],[197,-28],[81,-161],[244,-160],[710,43],[471,-84],[646,231],[510,444],[242,60],[993,-210],[162,-160],[236,-26],[663,-322],[425,-308],[417,-155],[553,121],[347,209],[853,39]],[[1644217,1688348],[802,353],[584,781],[878,358],[226,267],[266,150],[238,330],[560,356],[172,-35],[163,263],[277,-25],[310,93],[120,189],[273,100],[113,310],[251,63],[147,-70],[70,-184],[257,-101],[160,258],[372,333],[289,-29],[337,-217],[252,46],[175,-195],[252,-105],[190,83],[117,190],[157,-32],[39,211],[-161,41],[-203,309],[27,329],[386,622],[558,514],[-1,359],[418,480],[86,402],[148,116],[610,57],[264,205],[143,226],[610,251],[326,397],[410,-220],[95,19],[307,229],[373,111],[430,383],[335,126],[340,522],[628,588],[19,248],[118,205],[-160,98],[0,98],[175,555],[-184,560],[638,410],[162,455],[698,49],[785,480],[735,49],[461,398],[922,476],[100,185],[38,418],[423,554],[1205,393],[-21,202],[-625,640],[-867,140],[-294,259],[-403,70],[-256,345],[-381,43],[-605,539],[-136,27],[-485,-220],[-753,276],[-1552,188],[-793,199],[340,253],[465,58],[1420,440],[287,161],[458,74],[801,-16],[508,228],[103,484],[33,825],[310,1049],[199,224],[94,477],[123,1371],[207,323],[335,57],[457,290],[187,1013],[268,352],[-320,311],[-475,-346],[-480,-32],[-1199,872],[-253,553],[-327,393],[154,446],[-951,1450],[4,955],[298,431],[1666,664],[319,407],[220,686],[-255,738],[595,833],[496,480],[270,1073],[1112,1220],[198,324],[696,373],[991,158],[560,322],[601,6],[1096,156],[237,194],[1036,405],[959,225],[186,219],[1535,338],[1018,330],[1398,602],[639,394],[-64,41],[47,212],[362,650],[4,116],[-206,344],[21,157],[253,311],[582,361],[316,352]],[[1677291,1731881],[292,-179],[301,-431],[405,-128],[125,32],[-14,109],[1007,244],[79,148],[346,70],[164,168],[667,301],[399,309],[438,597],[268,148],[124,167],[170,-135],[373,-13],[294,-244],[137,186],[432,116],[340,263],[667,-334],[1151,-308],[412,-32],[385,205],[380,418],[333,899],[124,874],[327,443],[327,174],[373,-39],[379,219],[405,321],[569,700],[347,186],[549,938],[255,167],[719,970],[334,190],[176,542],[170,200],[85,404],[-98,1060],[-523,533],[-530,1733],[-516,599],[-190,508],[615,565],[33,193],[457,751],[942,514],[118,141],[117,821],[691,403],[883,773],[287,112],[246,0],[668,604],[837,1166],[56,221],[-225,414],[-17,255],[102,614],[191,518],[-332,685],[45,282],[298,370],[44,306],[322,226],[381,29],[140,86],[567,-79],[323,198],[21,152],[134,90],[302,0],[246,-132],[295,228],[-98,612],[-140,319],[759,874],[-51,194],[421,343],[38,404],[180,269],[-65,309],[-256,308],[91,244],[-96,214],[-115,846],[55,313],[302,119],[127,661],[432,353],[212,398],[694,129],[1062,-414],[35,154],[270,195],[298,-45],[609,232],[228,179],[124,227],[287,67],[735,516],[133,125],[210,1117],[-67,719]],[[1705449,1765666],[308,305],[3117,386]],[[1708874,1766357],[448,-753],[166,-942],[857,-325],[327,-19],[897,-365],[459,-424],[1350,-514],[1326,1183],[1708,903],[950,294],[1223,112],[249,249],[94,275],[-30,229],[368,610],[414,176],[496,59],[280,-134],[238,-458],[120,-611],[375,-285],[404,-80],[287,113],[402,-13],[803,-166],[772,-374],[1310,-252],[504,-220],[1905,414],[470,24],[996,-193],[392,-377],[257,-742],[312,-66],[220,112],[282,-91],[137,-214],[-256,-866],[611,-678],[109,-541],[1123,-1084],[301,-397],[-37,-695],[54,-181],[-82,-189],[192,-100],[64,-409],[-191,-195],[-65,-217],[-64,-663],[-175,-591],[-239,-336],[-200,-126],[608,-874],[770,-479],[165,-262],[90,-587],[292,-199],[164,-514],[1013,-938],[415,-1012],[309,-245],[587,-193],[330,-276],[20,-825],[113,-369],[-173,-701],[261,-331],[-75,-237],[124,-480],[-127,-155],[238,-327],[100,-423],[-251,-192],[-54,-177],[51,-219],[271,-402],[285,-195],[28,-241],[-76,-100],[80,-342],[318,-184],[87,-266],[195,-237],[-7,-121],[137,-145],[102,16],[94,-91],[115,59],[245,-147],[350,-453],[-62,-699],[-128,-135],[-1,-354],[133,-66],[66,-236],[305,-105],[27,-341],[278,-394],[-53,-486],[106,-367],[-67,-315],[159,-354],[159,-145],[-212,-196],[-27,-302],[93,-223],[172,-118],[40,-552],[199,-196],[39,-171],[199,-105],[40,-538],[-110,-380],[65,-307],[299,-365],[382,-28],[385,-359],[652,-885],[-76,-485],[169,-622],[-110,-333],[-3,-309],[27,-124],[305,-232]],[[1793064,1911160],[413,-1051],[-104,-105],[48,-390],[-150,-227],[-9,-183],[301,-406],[91,-607],[641,-1037],[766,25],[692,-561],[438,-148],[247,-208],[344,16],[420,-144],[342,107],[226,224],[422,77],[266,177],[309,9],[457,-399],[222,-378],[312,1],[220,-107],[735,-645],[68,-158],[-24,-306],[170,-439],[-70,-259],[-254,-321],[-900,-249],[-569,-374],[-225,-378],[163,-744],[793,-1156],[307,-665],[569,-481],[-55,-252],[-1754,-597],[-168,-668]],[[1798764,1898153],[-374,-526],[-14,-569],[-825,-1670],[94,-394],[406,-500],[488,-385],[511,-156],[517,2],[310,-155],[206,-468],[-74,-345],[-361,-666],[-469,-522],[193,-738],[213,-353],[299,-210],[1102,771],[539,97],[377,-173],[114,-463],[-76,-442],[-308,-636],[-838,-341],[-1972,-1236],[-307,-276],[-745,-1429],[-651,-936],[745,-663],[365,-184],[834,140],[495,-13],[335,-127],[152,-228],[-482,-727],[-424,-132],[-294,-193],[-611,-727],[-45,-180],[180,-612],[-74,-632],[-195,-600],[-433,-386],[-166,-378],[444,-1188],[16,-807],[421,-2471],[-17,-1089],[205,-479],[-105,-263],[-1021,-583],[-1742,-473],[-225,-200],[-160,-1038],[17,-224],[122,-182],[-302,-345],[-865,-376],[-300,10],[-1999,951],[-277,-104],[-279,-404],[5,-200],[418,-871],[123,-618],[-70,-165],[-1244,-1116],[-345,-525],[-284,-210],[-264,-622],[18,-300],[277,-256],[619,-248],[1344,-367],[452,59],[313,525],[396,216],[841,-209],[74,-131],[-43,-753],[159,-690],[434,-613],[47,-185],[-671,-1713],[-236,-331],[-100,-522],[-662,-680],[-180,0],[-231,170],[-261,351],[-400,153],[-355,17],[-331,-142],[-769,-1388],[-362,-500],[260,-256],[-127,-383],[-2246,-190],[-516,-791],[-512,-363]],[[1787005,1856680],[-423,178],[-388,311],[-861,105],[-315,-204],[-959,-1143],[-644,-642],[-292,-171],[-450,359],[-551,293],[-635,177],[-606,-97],[-626,-224],[-412,109],[-186,170],[-336,38],[-1727,-203],[-1042,321],[-267,8],[-1417,-929],[-495,174],[-130,-22]],[[1774243,1855288],[-529,550],[-353,248],[-290,1216],[-657,1258],[-12,180],[-796,2028],[-265,353],[-132,25],[-442,416],[-537,142],[-524,720],[-700,217],[-663,353],[-297,440],[-681,7],[-568,198],[-221,192],[-19,180],[145,645],[-467,490],[-1048,322],[-839,360],[-543,347],[-252,292],[-152,446],[19,471],[-543,205],[-240,744],[-107,912],[-574,440],[-354,136],[25,193],[-195,452],[-530,143],[-404,-149],[-998,87],[-94,180],[-373,310],[-258,31],[-606,-174],[-346,472],[-266,50],[-88,-75],[-359,672],[-29,526],[-608,916],[-50,422],[303,-58],[321,-261],[384,-16],[666,575],[316,100],[650,-66],[84,-166],[367,-315],[481,-211],[2087,-38],[536,-74],[389,108],[208,-64],[335,44],[242,-207],[154,191],[144,47],[160,-75],[107,97],[149,0],[79,135],[672,202],[261,226],[180,-33],[486,105],[419,-38],[321,-332],[3,-146],[126,-103],[245,53],[444,-287],[475,19],[144,-177],[166,-11],[224,-260],[394,119],[135,409],[377,202],[379,0],[504,-136],[202,487],[298,-36],[132,124],[256,69],[56,127],[321,69],[138,-144],[129,78],[205,-69],[73,254],[290,0],[225,337],[360,105],[93,232],[-90,279],[64,155],[-433,428],[-464,663],[-354,-3],[-427,188],[-338,-185],[-489,464],[-2230,384],[-489,-136],[-351,83],[-431,-64],[-154,104],[-497,28],[-308,-66],[-535,-265],[-425,90],[-279,-29],[-449,-312],[-1752,-153],[-3358,-536],[-731,2127],[-286,570],[-117,1440],[499,824],[-157,1172],[-43,1260],[-188,482],[107,161],[2,310],[-158,85],[-123,263],[-265,127],[-46,149],[181,151],[155,363],[256,333],[259,794],[160,109],[191,564],[-5,181],[-195,253],[-206,1229],[78,167],[-27,311],[185,167],[-130,660],[-496,1158],[-343,1332],[-518,1030],[-67,358],[-93,93],[-262,7],[-110,79],[-371,447],[-211,401],[-283,190],[-141,328],[-264,138],[-235,354],[-341,273],[-135,390],[-5,442],[-153,195],[-255,83],[-531,745],[-233,185],[343,717],[287,387],[174,83],[1061,77],[302,446],[782,317],[749,861],[1171,974]],[[1758747,1902527],[105,148],[-431,39],[-168,171],[22,651],[578,97],[59,151],[-573,300],[-106,461],[-223,130],[-149,240],[-268,28],[-102,140],[22,286],[-160,128],[-323,608],[126,431],[-141,185],[549,861],[-38,537],[278,676],[-204,282],[190,260],[-83,1139],[-298,274],[57,750],[-60,260],[130,56],[99,333],[-18,334],[-220,357],[1414,494],[296,204],[1008,-164],[354,83],[1163,-143],[176,-143],[105,-363],[603,-498],[207,-375],[214,-164],[758,-257],[650,146],[503,498],[95,292],[1029,910],[125,-310],[239,-80],[94,-21],[169,111],[162,-96],[214,37],[578,-164],[287,58],[123,-196],[88,21],[-97,196],[-194,146],[1,126],[236,87],[422,-88],[330,157],[85,-114],[-183,-118],[-3,-101],[129,-90],[348,-556],[312,-233],[337,45],[257,-250],[818,41],[291,-233],[471,-14],[123,76],[407,-126],[274,11],[109,-91],[18,-163],[122,-31],[566,20],[11,156],[-95,156],[141,28],[232,222],[116,305],[-25,171],[387,-81],[217,134],[533,-91],[997,207],[723,-231],[445,-264],[364,-1015],[715,-614],[230,-494],[410,-392],[238,-81],[187,-218],[297,-78],[410,-467],[198,-35],[115,-139],[270,56],[212,-255],[424,-47],[390,-245],[114,-344],[357,-254],[-1,-187],[-158,-179],[38,-191],[246,-103],[473,-523],[793,-630],[268,-356],[328,-677],[183,30],[788,-807],[256,212],[62,170],[590,356],[225,-3],[196,104],[366,-411],[-84,-483],[533,-421],[171,-290],[335,-200],[218,-552],[260,339],[373,279],[93,415],[335,199],[83,178],[-142,1058],[-148,304],[-134,71],[-12,521],[-155,365],[192,926],[256,555],[-293,391],[6,250],[129,252],[442,461],[483,146],[52,228],[198,166],[355,-99],[433,116],[426,463],[506,239],[189,233],[297,-51],[345,338],[635,220],[191,231]],[[1938733,2207952],[-52,-691],[-697,-488],[-862,-301],[-739,-681],[-774,-551],[-857,-71],[-787,-497],[-190,-980],[-1286,-1658],[-802,-1201],[-569,-553],[-307,-448],[-234,-463],[-162,-739],[-351,-401],[-514,21],[-507,292],[-1144,1524],[-753,504],[-283,116],[-623,77],[-310,-138],[-225,-352],[-49,-525],[134,-1091],[344,-352],[1462,-753],[1237,-994],[542,-905],[246,-759],[-59,-536],[-187,-286],[-4397,-291],[-382,-173],[-340,-375],[-238,-477],[-113,-1298],[-228,-508],[-454,-578],[-1507,-558],[-909,-172],[-640,-284],[-517,-376],[-516,-771],[-155,-740],[652,-2659],[21,-394],[-626,-1388],[22,-304],[738,-1161],[537,-563],[524,-917],[266,-887],[115,-602],[-306,-2430],[128,-363],[-115,-865],[89,-413],[217,-526],[701,-777],[800,-515],[341,-922],[280,-1412],[-286,-401],[-140,-1473],[38,-313],[242,-276],[383,-250],[64,-764],[-61,-1931],[-579,-1618],[-1449,-227],[-51,-1608],[-253,-1475],[67,-928],[304,-878],[371,-1592],[-911,-629],[-1216,-569],[-1635,-227],[-1130,-630],[-2025,-1436],[-1055,-373],[-506,-518],[-794,-1866],[-281,-423],[-554,-535],[-404,-207],[-202,-277],[0,-751],[-246,-932],[-193,-380],[-536,-509],[-1380,-509],[-518,-872],[-79,-760],[395,-1182],[352,-389],[246,-1372],[558,-201],[405,-497],[400,-867],[57,-771],[421,-292]],[[1911182,2138665],[276,-219],[60,-295],[-217,-998],[-314,-644],[-25,-708]],[[1875660,1899223],[-138,665],[-773,933],[-1038,1708],[-236,1625],[-221,433],[-1344,848],[-241,237],[-161,315],[-140,631],[40,532],[-180,1104],[-241,729],[-361,434],[-422,335],[-1224,296],[-822,0],[-402,-79],[-2086,118],[-1244,532],[-683,149],[-276,183],[-489,718],[-200,577],[96,1467],[-180,719],[-194,416],[-461,671],[-1247,321],[-366,342],[-207,536],[-163,746],[-236,431],[-497,500],[-161,456],[-872,989],[-152,2066],[82,167],[441,264],[253,884],[411,690],[-141,569],[17,444],[439,882],[281,387],[365,1779],[-3,399],[-158,454],[364,384],[259,558],[477,614],[158,309],[116,775],[802,1355],[-58,1092],[-193,510],[-442,736],[-78,435],[55,529],[172,209],[590,313],[515,601],[198,489],[125,681],[-1,322],[-113,325]],[[1863071,1939062],[296,326],[734,121],[1129,-177],[230,177],[518,160],[500,304],[236,459],[22,645],[1137,565],[377,270],[-130,503],[23,359],[199,542],[-1,341],[185,277],[835,531],[230,620],[394,484],[643,487],[450,199],[427,11],[490,199],[540,513],[461,625],[196,533],[76,869],[156,321],[182,107],[-45,244],[62,163],[518,133],[119,380],[327,239],[264,585],[301,290],[105,242],[700,509],[267,346],[312,540],[219,625],[-118,458],[26,261],[267,226],[372,506],[498,374],[79,214]],[[1877879,1955768],[588,164],[802,459],[541,121],[706,307],[478,-24],[594,411],[362,534],[44,-80],[286,25],[291,334],[231,134],[63,244],[351,424],[118,370],[12,391],[124,308],[-18,191],[61,20],[-106,123],[53,130],[-52,317],[140,279],[301,251],[260,102],[426,17],[319,177],[119,175],[401,120],[0,454],[239,354],[38,314],[114,169],[-27,147],[111,136],[-3,145],[82,36],[-68,298],[460,285],[248,515],[-27,203],[506,33],[-74,208],[37,104],[140,42],[669,-127],[-105,214],[-175,134],[198,431],[312,315],[-46,510],[-30,170],[-118,103],[0,357],[-236,277],[-76,220],[400,285],[338,96],[646,-17],[404,-132],[611,180],[270,-22],[292,474],[318,243],[708,-183],[285,-156],[800,29],[477,-234],[282,-26],[238,82],[234,224],[516,187],[189,332],[379,190],[132,153],[214,382],[-23,120],[779,392],[400,422],[299,-103],[364,12],[103,214],[459,318],[729,179],[220,400],[498,262],[143,245],[296,219],[714,-46],[432,123],[181,311],[449,206],[381,-144],[83,329],[-162,400],[169,437],[-535,426],[37,253],[-138,102],[87,133],[-129,176],[10,195],[301,162],[257,261],[341,700],[450,152],[620,476],[142,570],[207,262],[782,448],[624,34],[101,71],[-28,221],[68,122],[697,646],[79,160],[67,210],[-197,592],[507,546],[11,382],[444,602],[304,99],[675,486],[410,150],[158,420],[438,187],[579,78],[208,304],[922,222],[611,75],[324,-44],[277,184],[611,676],[253,56],[129,427],[-220,733],[176,186],[184,754],[446,173],[529,-48],[605,136],[893,429],[703,165],[850,442],[352,83],[477,-14],[219,1630],[67,190],[204,200],[221,529],[2232,99],[277,103],[460,455],[629,268],[1069,815],[548,311],[401,366],[-16,268],[186,70],[282,274],[1219,505],[164,234],[-192,740],[1150,1196],[1277,349],[728,-277],[548,125],[290,185],[309,721],[12,472],[272,329],[42,693],[277,720],[284,260],[620,118],[500,-56],[1481,926],[705,118],[250,144],[184,391],[759,1051],[600,558],[760,387],[1780,610],[787,1450],[21,368],[-746,1096],[285,591],[63,453],[683,858],[-551,810],[146,1858]],[[1938975,2012044],[575,411],[1569,382],[1502,-630],[405,99],[480,213],[676,967],[492,165]],[[1780573,1833794],[-173,-409],[-394,-1782],[-47,-1096],[-262,-299],[-877,-663],[-672,-903],[-307,-246],[-126,-406],[-397,-276],[-632,-754],[-338,-160],[-421,165],[-130,-74],[-707,-583],[-583,-235],[-506,-577],[-800,-581],[-151,-170],[-134,-535],[26,-264],[281,-547],[-44,-230],[-186,-217],[-375,-226],[-125,9],[-227,73],[-297,320],[-161,-41],[-454,-1163],[-243,-299],[-724,204],[-448,-119],[-349,-311],[-42,-104],[167,-227],[521,-363],[30,-128],[-93,-236],[-215,-237],[-705,-132],[-130,-448],[17,-331],[134,-211],[-37,-423],[-300,-518],[-371,-435],[-283,-137],[-636,-21],[-1472,-1027],[-819,-945],[-2163,-936],[-401,-67],[-173,63],[-177,364],[-342,1239],[-472,460],[-240,-4],[-583,-452],[-660,-1116],[-82,-1047],[-649,-1616],[-84,-890],[-140,-237],[-1155,-1151],[-354,-742],[-123,-731],[-326,-294],[-315,-94],[-97,-103],[115,-391],[311,-372],[21,-116],[-164,-406],[-89,-29],[-426,356],[-375,-99],[-38,-153],[530,-1422]],[[1756705,1805490],[-219,-68],[-721,49],[-701,-814],[-439,79],[-166,-120],[-300,30],[-212,127],[-209,2],[-116,423],[-444,363],[-234,-84],[-360,265],[-653,-49],[-518,226],[-516,45],[-380,183],[-157,244],[-108,-10],[-485,-472],[-682,40],[-269,157],[-120,554],[-297,24],[-308,187],[-253,-56],[-576,419]],[[1747262,1807234],[-613,605],[-274,-183],[-1378,90],[-200,613],[155,1177],[-104,646],[201,581],[7,231],[-105,159],[102,307],[14,504],[98,211],[-21,321],[-457,542],[-327,73],[-186,179],[-253,480],[-32,463],[-126,356],[31,193],[-249,421],[-320,62],[-67,283],[-414,114],[28,138],[-464,484],[67,269],[-343,690],[-226,164],[-1692,-106],[-424,159],[-342,-34],[-67,191],[159,427],[-52,169],[-120,146],[-297,78],[-705,533],[-638,943],[-620,1294],[-348,195],[-335,28],[-303,-96]],[[1736022,1821334],[-276,196],[58,439],[253,115],[822,90],[569,765],[1209,994],[420,464],[380,581],[139,453],[-23,723],[-477,966],[-167,854],[72,90],[299,23],[823,-215],[218,234],[-14,153],[-359,420],[-117,699],[54,440],[399,696],[904,683],[250,766],[-38,474],[109,375],[315,427],[308,227],[629,860],[1092,735],[501,82],[918,-16],[1601,755],[1010,122],[408,417],[74,231],[-5,316],[-181,460],[14,414],[101,138],[660,-59],[453,-305],[502,-181],[451,204],[1016,220],[1280,677],[571,16],[132,74],[215,192],[170,422],[-69,767],[-184,852],[-29,767],[201,293],[1286,987],[422,206],[1231,76],[1332,214],[1816,-262],[637,-181],[327,-251],[207,-654],[-26,-865],[1516,-1850],[671,-443],[580,60],[465,262],[413,589],[270,-20],[545,-282],[86,57],[149,468],[391,53],[513,375],[804,-16],[1455,431],[232,186],[106,152],[460,1638],[132,153],[376,59],[117,115],[172,635],[646,1421],[3,203],[-287,682],[-221,1782],[20,547],[-272,823],[-23,293],[123,655],[476,1127],[551,392],[548,882],[568,1348],[591,823]],[[1773091,1854789],[652,415],[500,84]],[[1787005,1856680],[-220,-76],[-368,-285],[14,-141],[133,-136],[-8,-153],[455,-15],[275,-253],[-5,-122],[-236,-155],[-172,-262],[-99,-661],[4,-787],[5513,-4456],[2,-179],[-792,-667],[-490,-528],[-376,-963],[-41,-619],[-373,-368],[-585,-353],[-371,-416],[-62,-551],[-192,-61],[-1217,274],[-454,-261],[-507,-507],[-235,-90],[-83,-732],[-116,-199],[-964,-266],[-1143,44],[-753,-130],[-247,-87],[-337,-257],[188,-320],[202,11],[93,-127],[-54,-482],[49,-461],[-232,-489],[-388,-401],[-189,-323],[0,-386],[255,-464],[-11,-103],[-165,-318],[-453,-410],[-101,-564],[-124,-210],[-1128,-1378],[26,-351],[431,-537],[-38,-166],[-743,-989]],[[2016594,2182470],[515,-1240],[-278,-492],[-35,-202],[160,-764],[252,-604],[135,-121],[210,17],[548,436],[290,-571],[325,-144],[132,-142],[-20,-190],[-224,-365],[28,-482],[-141,-317],[155,-186],[-209,-352],[2,-153],[290,-472],[-57,-1671],[587,-614],[162,-288],[-183,-523],[40,-148],[672,-884],[139,-387],[369,-443],[580,-151],[101,-716],[99,-184],[249,-126],[287,-26],[195,-139],[136,-740],[91,-25],[385,180],[489,-351],[129,-193],[-26,-341],[154,-373],[1276,-70],[755,-687],[856,-350],[66,-104],[-107,-389],[36,-408],[616,-394],[154,-298],[932,-752],[313,-104],[609,-521],[252,-90],[239,-421],[222,-235],[326,-166],[172,-307],[296,-293],[49,-218],[-307,-436],[253,-595],[254,-53],[-28,-470],[404,-279],[86,-677],[287,-425],[306,-138],[147,-159],[-384,-504],[41,-191],[270,-391],[-53,-235],[156,-1221],[674,-657],[-12,-352],[135,-302],[-97,-167],[102,-179],[-87,-193],[319,-301],[266,-410],[146,-764],[267,-377],[-32,-285],[131,-125],[369,3],[310,221],[368,-471],[290,-157],[291,-421],[291,-74],[-35,-239],[261,-415],[-72,-255],[124,-435],[-363,-509],[92,-389],[-237,-44],[-275,-221],[-149,-277],[-53,-808],[-262,-343],[-100,-327],[115,-340],[-344,-490],[91,-362],[-114,-132],[-561,-187],[-108,-115],[255,-522],[-113,-399],[-1259,-782],[9,-162],[189,-322],[204,-130],[444,-620],[105,-879],[102,-250],[-107,4],[53,-146],[178,-140],[316,-32],[202,-280],[-15,-191],[157,-25],[216,-324],[-61,-367],[167,-275],[340,-268],[807,-232],[319,-298],[222,125],[432,-275],[384,-658],[-66,-209],[67,-296],[-53,-303],[233,-496],[269,-51],[268,-397],[722,-523],[160,69],[675,-192],[546,30],[243,-146],[494,89],[237,-89],[860,513],[711,247],[278,-18],[342,-178],[497,85],[577,-16],[147,-223],[-200,-225],[-24,-250],[205,-545],[356,-536],[8,-161],[-98,-152],[169,-161],[-24,-356],[257,-426],[-22,-187],[151,-325],[570,-343],[28,-335],[248,-493],[382,-334],[169,-296],[100,-12],[82,-229],[806,-328],[177,-178],[72,-226],[96,-8],[141,-240],[240,-135],[20,-116],[235,18],[568,-561],[321,111],[273,-2],[336,-205],[353,26],[423,-330],[684,253],[456,-132],[708,-925],[721,-355],[180,-424],[174,-178],[667,209],[825,-224],[151,104],[278,-21],[121,98],[236,-4],[484,240],[162,0],[223,-547],[507,-295],[383,30],[389,282],[827,-260]],[[2018001,2086027],[-2180,-257],[-624,681],[-204,655],[-238,468],[-476,667],[-476,334],[-509,-33],[-1156,801],[-340,434],[102,501],[-407,367],[-612,200],[-851,61],[-477,245],[-1530,-102],[-337,434],[-475,364],[585,1579],[-157,171],[140,401],[-24,520],[338,491],[-542,444],[19,928],[139,617],[-23,972],[512,754],[145,611],[193,324],[-76,414],[-146,205],[-262,869],[-442,532],[64,657],[-151,423],[285,68],[483,372],[100,614],[627,723],[151,760],[-640,2201],[233,640],[792,331],[-70,464],[-245,547],[-297,211],[-268,336],[-594,319],[-188,6],[-481,303],[-322,327],[-353,640],[-605,-8],[-204,-135],[-412,36],[-679,-247],[-257,133],[-192,211],[-295,46],[-420,462],[-1109,-40],[-61,618],[114,495],[-176,-13],[-20,144],[-292,-20],[-62,125],[-997,-323],[-628,77],[-602,-160],[-310,811],[-32,496],[-428,-36],[-164,-262],[-382,-307],[-677,483],[-534,129],[-808,468],[-202,-549],[-262,153],[-51,415],[-221,295],[48,672],[-527,667],[-373,905],[-547,-224],[-685,906],[-615,292],[-2095,311],[-1920,-102],[-647,352],[-681,576],[-938,301],[-649,-20],[-651,-242],[-570,41],[-587,572],[-145,299],[-241,157],[-390,83],[-232,-32],[-1550,-1263],[-580,10],[-264,-114],[-295,218],[-812,93],[-337,269],[-21,777],[-222,725],[-221,290],[-959,483],[-253,-83],[-116,239],[-211,103],[-74,404],[-569,394],[-243,0],[-147,176],[-116,414],[-274,166],[-205,9],[-116,225],[-351,76],[-257,171],[-357,-105],[-346,84],[-310,401],[20,195],[-139,183],[-580,83],[-728,451],[-406,446],[-648,-6],[-63,55],[34,403],[-154,23],[-251,-277],[-281,-74],[-115,-296],[-314,-186],[-91,-257],[-171,-71],[-69,-124],[-150,-20],[-186,-264],[-211,-22],[-2,-341],[-452,-484],[-46,-251],[-148,-91],[-135,-241],[-212,-558],[-453,-633],[63,-300],[-146,-138],[108,-301],[23,-400],[-186,-708],[-223,-355],[-196,-81],[-801,622],[-557,-125],[-554,-865],[-438,-1059],[-200,-13],[-194,92],[86,371],[-689,406],[-263,-18],[-333,157],[-1022,1003],[-1000,669],[-83,-544],[-368,-1096],[-996,-1728],[-732,374],[-749,819],[-647,299],[-183,194],[-182,67],[-44,211],[-189,65],[-111,144],[-72,6],[-72,-145],[-272,47],[107,193],[-119,64],[-118,430],[97,14],[-20,128],[151,-19],[-63,227],[153,157],[-116,70],[17,124],[-147,228],[-140,-46],[41,178],[-209,194],[33,187],[-225,519],[-315,184],[120,596],[-166,65],[-126,607],[-222,84],[293,499],[-196,-86],[-480,20],[-302,-78],[-215,154],[-40,282],[-501,154],[28,235],[-567,99],[-104,-231],[-319,155],[104,265],[-234,220],[-262,-46],[-248,127],[-325,-166],[-116,251],[183,228],[-153,138],[192,495],[-61,91],[-809,480],[-524,14],[-327,442],[-786,-57],[-107,49],[-73,245],[-290,-125],[84,194],[-145,388],[167,107],[-77,232],[-215,242],[-281,-156],[-381,157],[86,198],[186,-78],[-15,189],[-325,135],[-250,-323],[-324,80],[-562,530],[-6,158],[174,258],[-87,140],[-385,77],[-159,-46],[-85,-47],[66,-132],[-54,-61],[-312,104],[-226,-13],[-35,107],[126,86],[-50,135],[-335,0],[-613,308],[33,186],[420,232],[122,194],[42,373],[-145,190],[-247,-49],[-260,-169],[-110,99],[-684,70],[-391,363],[206,621],[-72,279],[-154,-48],[-232,-238],[-377,-100],[-167,116],[63,307],[-1039,393],[-194,153],[-22,500],[518,1039],[4,225],[-75,69],[-289,-44],[-39,358],[151,334],[-26,165],[-384,-32],[-19,151],[-66,15],[-286,-271],[-126,33],[-66,266],[258,151],[21,170],[-68,55]],[[1941705,2137270],[-271,808],[574,710],[934,907],[487,801],[53,193],[-354,616],[191,691],[489,486],[17,287],[812,838],[189,755],[383,506],[-74,365],[317,1093],[172,251],[609,406],[451,533],[1815,5976],[112,188],[663,-127],[508,2123],[342,612],[320,-424],[267,-176],[119,228],[313,-9],[113,-53],[71,-303],[620,-193],[295,142],[268,4],[34,245],[336,209],[96,-114],[22,-630],[266,-637],[9,-284],[429,-16],[416,110],[242,-120],[497,201],[263,215],[192,4],[73,-303],[316,-233],[-4,-529],[403,-30],[439,188],[211,-32],[133,-82],[150,-260],[89,-356],[320,249],[395,767],[442,12],[-9,-212],[88,-37],[284,23],[72,86],[315,-62],[295,-419],[453,171],[343,15],[203,-200],[191,-603],[-78,-565],[739,474],[202,-13],[691,-564],[162,-452],[-81,-248],[135,-26],[234,99],[253,-41],[205,72],[256,358],[30,417],[375,489],[184,95],[389,35],[290,177],[388,52],[86,62],[65,287],[187,8],[262,-118],[250,-348],[552,266],[700,-152],[360,348],[200,329],[706,238],[618,467],[232,327],[184,33],[339,-136],[342,61],[195,-50],[315,480],[381,144],[-11,336],[507,-122],[146,58],[116,129],[102,397],[120,63],[315,-21],[194,-136],[135,32],[436,320],[231,367],[129,68],[473,-66],[67,-150],[289,197],[126,-17],[730,-912],[740,-316],[526,27],[939,670],[-796,1218],[-422,889],[-1291,3902],[-53,777],[216,504],[293,1352],[282,587],[1616,1951],[984,1381],[1292,967],[659,733],[839,1836],[1531,2961],[681,1051],[803,775],[777,1135],[1960,811],[544,17],[340,314]],[[1877879,1955768],[11,407],[93,5],[70,127],[-80,174],[-947,458],[-948,652],[-74,346],[-146,25],[221,1636],[-107,571],[-145,184],[38,290],[-218,105],[-132,200],[69,153],[-58,136],[57,505],[408,658],[-232,451],[-7,197],[-324,387],[-37,254],[97,172],[-68,621],[-81,149],[4,107],[261,81],[123,398],[-135,772],[231,24],[296,424],[-97,255],[45,147],[-71,40],[-76,323],[7,334],[-371,409],[-119,327],[-322,224],[-73,217],[-463,223],[141,127],[-52,374],[-262,108],[-402,423],[-261,-66],[-72,115],[-309,-7],[-139,152],[-189,890],[163,173],[-6724,9610],[-32,-43],[-103,105],[-310,-249],[-208,170],[-479,701],[53,164],[-88,311],[104,90],[-5,277],[-4920,7032],[-167,3511],[1506,1552],[45,331],[292,503],[-90,732],[281,600],[-563,696],[17,406],[-72,41],[-293,-134],[-221,493],[4,155],[137,85],[112,232],[118,450],[-167,178],[129,184],[-285,259],[177,222],[182,-19],[86,100],[-500,101],[173,216],[-57,89],[-198,18],[-403,-238],[-65,263],[-386,19],[-242,153],[8,71],[331,192],[91,835],[390,214],[-329,174],[-105,306],[61,91],[221,-103],[316,64],[43,124],[-13,369],[-306,120],[144,454],[-388,-55],[96,337],[422,392],[-174,436]],[[1860843,2004612],[239,266],[25,315],[-103,670],[-154,367],[-289,417],[-708,246],[-289,183],[-450,462],[12,234],[161,246],[193,133],[348,82],[96,132],[193,1100],[13,588],[167,688],[244,436],[1094,518],[482,487],[309,765],[144,857],[-305,451],[-497,151],[-190,529],[-295,279],[-332,-4],[-269,274],[-76,609],[405,315],[889,352],[1126,99],[801,187],[140,107],[182,549],[204,204],[-78,196],[165,796],[206,129],[673,-237],[555,53],[-74,473],[-1041,1579]],[[1864759,2020895],[-18,539],[253,223],[215,5],[658,-510],[431,132],[753,-196],[571,0],[630,202],[396,387],[380,892],[511,823],[298,307],[400,27],[450,-312],[345,-917],[121,-674],[1419,-2593],[377,-923],[286,-342],[478,-321],[287,166],[197,298],[776,492],[545,508],[1406,2100],[281,364],[731,669],[287,674],[-78,867],[-192,663],[141,812],[798,1022],[1575,531],[641,364],[579,2072],[484,1199],[416,353],[236,61],[383,-83],[1512,-44],[1007,-248],[1512,983],[765,983],[2581,1370],[398,572]],[[1890981,2034392],[560,-511],[54,-243],[-308,-1500],[-25,-1589],[522,-383],[259,-762],[910,-499],[-228,-508],[28,-131],[202,-60],[264,-376],[190,-128],[433,-886],[-110,-242],[143,-165],[216,-17],[202,-303],[-65,-228],[-444,-653],[6,-162],[637,-348],[252,-253],[-72,-569],[358,-303],[428,-739],[681,229],[31,233],[339,335],[196,94],[243,-28],[79,107],[-5,303],[450,144],[-23,215],[105,322],[253,65],[288,-55],[489,361],[295,-68],[548,46],[500,-172],[304,117],[432,-118],[378,158],[120,-45],[120,-274],[87,-31],[127,205],[199,25],[167,-78],[127,152],[308,31],[183,192],[419,-90],[424,371],[302,82],[208,-34],[385,267],[579,-98],[451,122],[216,202],[409,132],[221,171],[547,53],[301,-95],[427,60],[378,-47],[259,148],[421,-32],[567,-325],[192,87],[80,-135],[450,-97],[815,-537],[519,-43],[254,-477],[760,-48],[115,-250],[431,-128],[1480,100],[941,-607],[223,-242],[24,-601],[322,-589],[751,-431],[243,-721],[397,-184],[380,-788],[-19,-370],[122,-204],[581,-25],[116,-199],[899,-765],[119,-269],[395,-316],[238,-53],[347,130],[535,-316],[-81,-351],[369,-373],[279,18],[87,-221],[322,-100],[327,83],[264,-143],[1100,-1081],[311,-462],[1127,-1206],[523,-342],[495,-210],[1532,-1541],[324,-233],[-346,-1657],[-127,-169],[-280,-983],[-413,-582],[103,-114],[835,-77],[1055,448],[492,372],[702,-52],[739,267],[579,18],[501,-164],[958,-52],[1028,181],[1063,285],[527,397],[349,407],[635,247],[431,-12],[1019,-494],[850,770],[658,1062]],[[1734983,1820492],[-240,-200],[-392,-826],[-53,-1442],[-486,-130],[-275,-227],[-150,-636],[-245,-318],[-312,-291],[-1140,-50],[-442,-353],[-1528,-1443],[-162,-275],[63,-551],[-197,-558],[-584,-112],[-150,-140],[-158,-434],[-135,-59],[-698,66],[-426,-165],[-126,-234],[-4,-450],[-312,-461],[59,-310],[245,-197],[-20,-145],[-249,-364],[-470,-105],[-599,61],[-624,-674],[-691,-202],[-262,58],[-138,395],[-286,92],[-186,-111],[20,-428],[-110,-193],[-517,-293],[-1125,-119],[-194,-525],[-194,-177],[-832,-58],[-239,-135],[-377,268],[-37,-135],[203,-614],[-39,-287],[-597,-262],[-47,-312],[-133,-158],[-348,17],[-264,-127],[-253,82],[-74,-66],[85,-530],[-751,-155],[-87,-97],[171,-491],[-106,-299],[-119,-85],[-809,-25],[-116,-83],[34,-226],[-346,-144],[-303,-6],[-157,163],[-422,127],[-136,572],[-272,80],[109,365],[-22,130],[-177,171],[-740,169],[-334,414],[-945,409],[-447,450],[-1299,-334],[-110,-257],[-312,-78],[-132,-223],[-284,-147],[-121,-320],[-185,-97],[-852,-848],[-220,-367],[-256,38],[-59,-165],[-382,-213],[-112,-22],[-141,91],[-250,-91],[-720,-41],[-585,450],[-171,282],[-251,2],[-157,-212],[-231,-114],[-28,-417],[-433,-768],[-497,-298],[-667,113],[-14,-229],[-194,-105],[-275,-381],[0,-119],[-186,-185],[-93,-1061],[-157,-677],[44,-1485],[-225,-1056],[-738,-442],[-380,-525],[-218,-55],[-140,-263],[-528,125],[-576,-228],[-647,-663],[-534,-83],[-822,-442],[-260,-393]],[[1698165,1794785],[154,1001],[-351,559],[-900,41],[-309,90],[-324,-69],[-337,-214],[-309,35],[-92,-270],[-295,-34],[-330,-152],[-401,-35],[-1008,252],[-228,-9],[-489,-58],[-436,-208],[-315,7],[-1051,-331],[-1114,450],[-513,418],[-600,45],[-720,825],[-670,1402],[-103,704],[-99,216],[-426,508],[-253,1118],[372,160]],[[1687018,1801236],[614,-112],[378,155],[1596,1357],[257,372],[-32,178],[-279,313],[-68,189],[179,295],[919,449],[580,406],[182,56],[746,-94],[293,147],[43,635],[550,792],[82,337],[0,161],[-522,779],[83,589]],[[1692619,1808240],[1472,-204],[544,123],[340,212],[204,160],[58,268],[-111,846],[221,257],[53,818],[227,211],[1012,434],[553,-160],[575,-5],[861,280],[187,188],[110,749],[710,154],[692,1326],[180,760],[943,606],[1693,1372],[378,-23],[296,-183],[338,-11],[262,125],[157,177],[151,635],[727,623],[23,194],[-291,943],[6,412],[146,382]],[[1705336,1819909],[855,418],[192,205],[116,332],[76,1080],[250,52],[366,-206],[1001,697],[756,51],[1012,-205],[1077,-75],[762,-382],[954,-1218],[942,-1583],[529,-206],[315,40],[494,263],[628,-274],[1140,-903],[1461,-349],[762,332],[901,46],[983,388],[582,46],[285,-97],[582,-435],[855,-308],[570,11],[314,40],[105,137],[58,789],[309,497],[331,880],[279,189],[390,86],[471,-97],[471,-378],[326,-377],[355,-1080],[198,-109],[227,6],[994,634],[489,189],[151,172],[-52,480],[-477,274],[-111,457],[146,149],[931,148],[424,429],[518,-406],[343,120],[122,417],[-128,378],[24,274],[238,177],[1175,-366],[344,-520],[1756,-183],[308,-179],[172,-364]],[[1816099,1811868],[-1858,490],[-266,0],[-392,214],[-403,27],[-220,156],[-147,226],[-272,20],[-108,-276],[-207,-191],[-269,-91],[-206,-208],[-402,-196],[-155,-177],[-80,-261],[-585,-390],[-325,-342],[-67,-266],[-305,-45],[-186,-268],[-467,-69],[-200,53],[-177,156],[-334,-34],[-330,79],[-291,248],[-186,621],[-681,264],[-370,485],[29,201],[-82,175],[-405,121],[-176,143],[-40,447],[-122,170],[-586,167],[-316,191],[-139,242],[26,428],[-129,210],[-427,143],[-274,270],[-490,154],[-318,397],[-538,356],[-144,662],[116,170],[214,115],[37,129],[-224,468],[-37,575],[-95,104],[-342,228],[-858,-39],[-607,314],[-180,-141],[-62,-220],[-165,-49],[-241,3],[-212,270],[-483,167],[-219,-100],[-155,-281],[-259,-6],[-474,328],[-296,386],[-131,-5],[-335,-216],[-370,60],[-219,-48],[-250,217],[-192,-28],[-209,142],[-77,386],[81,206],[-115,429],[-190,152],[-688,-73],[-899,-368],[-426,109],[-143,207],[81,378],[-47,98],[-446,97],[-369,377],[-298,23],[-397,421],[-825,362],[-264,269],[-114,352],[-505,73],[-71,169],[-322,39],[-133,480],[-340,419],[-153,430],[-83,24],[-174,306],[101,651],[-137,27],[-240,-187],[-275,62],[-31,325],[-343,349],[-223,449],[472,491],[-627,442],[-10,150],[266,309],[-190,303],[-479,1],[-356,-147],[-337,187],[-243,-183],[-469,150],[-1024,-611],[-330,494],[-302,166],[-21,464],[-320,186],[-58,173],[140,201],[52,339],[434,957],[-475,767],[-792,243],[28,195],[-139,220],[54,205],[-72,180],[104,310],[182,167],[-300,476],[-426,104],[-240,-160],[-230,49],[-239,-260],[-695,-229],[-715,550],[-37,561],[-199,190]],[[1798764,1898153],[351,-178],[172,97],[418,-79],[255,160],[216,-311],[187,0],[330,150],[349,-44],[162,-165],[172,5],[94,-107],[260,165],[177,-54],[236,63],[274,-88],[113,61],[36,201],[242,78],[345,-28],[358,392],[322,51],[258,168],[296,70],[178,159],[235,-56],[207,447],[1554,397],[492,335],[718,106],[457,-215],[168,-235],[494,-139],[660,-63],[502,-190],[580,82],[162,-491],[606,78],[313,-83],[310,-584],[550,72],[354,-112],[251,-189],[314,-59],[240,-415],[217,60],[671,-255],[152,-355],[125,-97],[278,238],[133,-29],[304,-273],[88,-389],[143,-170],[701,-71],[132,-74],[41,-107],[-134,-263],[11,-166],[177,-10],[187,150],[158,10],[64,-117],[-204,-262],[11,-233],[145,-42],[308,109],[235,-267],[194,-70],[180,-518],[462,-118],[59,-116],[-50,-165],[-315,-185],[287,-252],[67,-338],[413,74],[172,-58],[50,-231],[-115,-313],[285,-233],[49,-224],[-53,-283],[356,-34],[125,-165],[344,97],[177,-146],[24,-297],[177,-136],[81,-229],[-234,-320],[122,-629],[482,-270],[230,-331],[330,38],[64,107],[152,20],[339,-394],[231,38],[197,-92],[787,354],[34,-195],[-108,-136],[267,-133],[-76,-275],[49,-107],[497,-180],[449,129],[88,-405],[478,-384],[342,-450],[659,435],[101,-60],[395,-332],[246,-691],[267,170],[508,-144],[457,-309],[525,-160],[215,1],[304,256],[360,-157],[203,116],[251,-30],[300,251],[506,-106],[314,-346],[0,-397],[217,-262],[66,-422],[-150,-158],[34,-263],[730,-822],[-83,-214],[42,-453],[332,-120],[137,-148],[97,-372],[286,-253],[386,-218],[350,46],[308,-251],[221,-372],[93,-23],[107,103],[-85,-309],[255,-87],[-52,-194],[264,-16],[43,142],[459,162],[159,-450],[666,36],[165,205],[343,201],[158,-6],[169,-199],[259,230],[300,-64],[504,518],[198,62],[110,276],[329,80],[464,562],[270,83],[73,429],[188,105],[441,529],[238,35],[6,281],[319,342],[327,143],[535,-81],[506,191],[317,-126],[65,-149],[586,-460],[157,-291],[688,-682],[320,-99],[101,-321],[334,-446],[799,-279],[156,-352],[144,-58],[162,99],[232,-63],[270,68],[246,-76],[589,0],[553,258],[775,578],[274,646],[63,379],[91,90],[393,-4],[480,-243],[690,-523],[200,-35],[298,99],[234,349],[34,305],[132,226],[379,203],[356,-76],[145,-162],[186,-40],[301,390],[412,107],[195,-72],[428,-375],[470,-81],[162,153],[223,29],[73,293],[554,401],[-16,280],[433,241],[381,53],[177,176],[-14,196],[100,167],[653,366],[330,622],[755,281],[276,-8],[149,241],[264,-36],[789,955],[221,24],[116,-185],[254,-2],[173,63],[190,220],[197,50],[36,126],[228,-17],[114,103],[1272,219],[629,382],[551,141],[306,396],[323,257],[855,442],[300,-39],[123,146],[305,122],[536,399],[713,215],[575,29],[167,224],[432,212],[138,180],[683,88],[309,360],[335,-43],[482,311],[349,69],[501,267],[290,282],[604,210],[231,165],[384,6],[187,126],[456,80],[-278,867],[71,283],[-34,398],[171,239],[444,105]],[[1793064,1911160],[148,2],[249,149],[798,883],[-11,860],[130,452],[496,325],[411,104],[186,383],[436,235],[516,117],[687,317],[551,11],[611,128],[299,159],[343,1130],[-48,229],[125,408],[1194,443],[217,338],[801,573],[215,69],[938,-371],[482,-85],[537,242],[821,-18],[1028,-376],[670,-374],[606,-81],[520,-397],[1047,-515],[147,547],[134,206],[672,411],[123,566],[359,116],[548,354],[10,317],[-306,466],[-281,1478],[-164,469],[9,480],[415,2176],[141,321],[502,604],[552,373],[404,170],[-70,165],[216,1034],[287,379],[369,828],[221,163],[207,756],[493,393],[716,356],[159,173],[457,241],[386,404],[229,567],[10,279],[-201,205],[1019,801],[355,514],[135,391],[75,935],[1222,878],[464,-52],[1184,220],[972,478],[163,430],[276,187],[83,146],[285,113],[827,64],[360,443],[158,85],[165,419],[299,338],[407,151],[-641,1696],[-376,280],[-573,280],[-708,592],[-76,236],[109,228],[278,355],[496,395]],[[1821769,1942100],[527,252],[1404,228],[355,148],[276,231],[226,358],[278,759],[-1266,3375],[-284,384],[-602,469],[-506,89],[-692,613],[-24,129],[322,423]],[[1821783,1949558],[158,-99],[135,-287],[281,-100],[776,365],[146,230],[101,654],[299,442],[399,284],[597,143],[314,324],[483,1528],[178,373],[370,356],[315,39],[2030,-1496],[613,-24],[435,452],[226,704],[-194,919],[-306,514],[-524,428],[-64,815],[290,1021],[32,349],[-153,351],[100,460],[281,232],[825,1226],[1011,1856],[448,587],[650,143],[1450,530],[369,-52]],[[1833854,1962825],[49,-193],[-352,-63],[-135,-159],[191,-486],[-178,-412],[-4,-333],[152,-375],[606,-597],[90,-177],[36,-722],[-68,-168],[-381,-334],[-180,-276],[35,-280],[180,-213],[178,-508],[458,-393],[294,-418],[204,-73],[330,37],[327,267],[333,-153],[212,34],[534,360],[500,211],[320,-152],[745,0],[63,-433],[361,-787],[677,96],[178,-103],[123,-322],[234,-66],[135,112],[413,-13],[909,-1025],[286,-204],[-98,-335],[2,-347],[95,-226],[280,0],[-47,-289],[392,-132],[-246,-161],[139,-229],[-38,-240],[-177,-149],[-282,70],[-78,-99],[113,-150],[330,3],[-149,-150],[-60,-209],[240,-217],[-18,-281],[174,-88],[-57,-293],[341,-32],[196,-369],[260,-236],[-44,-255],[-409,-92],[-18,-757],[544,-417],[179,-352],[456,-69],[318,-224],[336,16],[264,-214],[258,139],[197,-91],[336,87],[450,-170],[297,49],[260,-110],[190,23],[154,-161],[276,-108],[195,-249],[183,-6],[134,-178],[193,14],[263,-128],[863,-1],[271,58],[43,82],[309,29],[180,128],[209,-360],[281,232],[374,-193],[96,-270],[590,1],[44,-219],[235,-326],[104,121],[169,-43],[102,139],[211,-259],[527,418],[263,-190],[720,-8],[135,206],[291,-16],[316,227],[486,87],[252,-159],[14,-150],[217,-304],[109,-5],[78,146],[230,104],[699,-343],[375,-56],[424,-520],[313,-165],[48,-253],[356,-51],[-34,-273],[557,-79],[308,260],[535,5],[592,-338],[185,12],[180,-246],[324,0],[533,-583],[18,-423],[-98,-297],[41,-429],[168,-521],[278,-406],[-115,-354],[2,-313],[323,-332],[504,-1038],[327,-335],[337,-112],[139,-315]],[[1786487,1773307],[-1042,206],[-444,185],[-1006,964],[-794,1579],[-85,697],[-359,798],[-227,233],[-841,287],[-463,558],[-76,501],[66,455],[-160,409],[-190,195],[-207,696],[28,381],[246,530],[-67,455],[-699,102],[-1045,456],[-1167,898],[-1680,490],[28,400],[-295,353],[-162,338],[324,1436],[-211,498],[-106,542],[345,418],[105,517],[-197,325],[-239,787],[-105,69],[-211,-76],[-661,76],[-274,415],[-786,192],[-959,41],[-622,363],[-665,-301],[-1275,-145],[-327,-435],[-401,31],[-654,280],[-390,-321],[-348,-156],[-801,1016],[-569,1046],[-549,20],[-759,-236],[-1877,868],[-759,1119],[-358,280],[-601,746],[-841,1628],[-363,2850],[58,770],[-135,472],[-557,354],[-650,-47],[-168,66],[-360,478],[0,312],[332,1437],[47,607],[-104,75],[-911,28],[-518,259],[-679,48],[-188,213],[178,69],[-37,401],[-315,582]],[[1833854,1962825],[35,104],[809,389],[474,440],[-70,345],[-583,514],[-1034,487],[-387,354],[-131,380],[44,311],[852,371],[492,-43],[413,-199],[826,-595],[334,-112],[474,-78],[659,78],[545,250],[211,423],[290,1277],[413,700],[676,552],[589,95],[553,-337],[1310,-1027],[456,-78],[396,61],[808,880],[234,433],[-155,992],[-219,630],[-475,639],[-984,233],[-255,181],[44,388],[343,449],[518,199],[738,147],[475,466],[-18,362],[-272,363],[580,1847],[96,648],[317,189],[905,52],[2135,-224],[764,-484],[352,-423],[386,-181],[352,242],[316,906],[-105,699],[-369,458],[-528,397],[-553,803],[-167,570],[-193,2658],[325,441],[536,276],[545,630],[1142,941],[1028,-406],[307,112],[668,2763],[-53,449],[-263,630],[-237,1389],[114,665],[202,354],[176,958],[650,570],[870,104],[1458,-190],[1063,-9],[958,337],[1019,569],[484,613],[228,656],[53,570],[-79,941],[-211,406],[-404,233],[-967,-52],[-1116,-233],[-299,112],[27,682],[474,682],[633,570],[756,259],[861,-147],[536,708],[105,405],[-18,354],[-140,44],[-176,-69],[-343,-441],[-333,69],[-246,164],[-320,1011],[990,1908],[135,442],[-437,1365],[-161,796],[155,234],[302,63],[276,-82],[560,-543],[1151,164],[289,139]],[[1816167,2006361],[-129,-652],[-361,-985],[-431,-2255],[-513,-847],[24,-332],[-606,-778],[-117,-676],[198,-435],[303,-412],[466,-1534],[758,-1133],[116,-469],[303,-664],[-58,-653],[117,-584],[23,-1396],[-140,-584],[12,-298],[319,-1581],[-776,-116],[-287,-232],[0,-2618],[135,-730],[338,-696],[101,-679],[-186,-547],[-388,-348],[-316,-594],[-176,-699],[-97,-915],[18,-1131],[659,-664],[263,-648],[273,-224],[26,-639],[-220,-553],[12,-241],[281,-312],[107,-257],[-442,-1019],[-368,-1348],[169,-403],[531,-357],[129,-234],[27,-540],[-387,-1013],[119,-519],[-71,-901],[51,-657],[95,-541],[653,-854],[306,-699],[101,-320],[-75,-351],[98,-221]],[[1817154,1967273],[-212,-306],[-512,-353],[-534,-602],[-338,-791],[-443,-108],[-130,-253],[-751,-275],[-960,58],[-286,-238],[-152,-543],[-266,-218],[-105,-207],[-616,-64],[-399,-518],[-710,81],[-148,375],[-312,33],[-137,155],[-510,73],[-247,207],[-346,-209],[-192,91],[-270,-27],[-177,321],[34,220],[-211,16],[-304,162],[-84,-199],[-202,66],[-237,-50],[-223,208],[-405,-237],[-367,9],[-219,-79],[-199,91],[-168,-327],[-523,79],[-245,-228],[-358,-71],[-139,265],[-148,42],[-72,244],[-93,42],[30,124],[-152,70],[-198,-360],[-186,-99],[-361,208],[-211,-107],[-551,142],[-222,245],[-492,245],[-632,-242],[-264,-55],[-183,55],[-284,501],[-394,369],[373,297],[132,384],[45,585],[9,511],[-161,481],[152,748],[-107,266],[65,516],[-51,246],[-317,602],[78,199],[-98,450],[-205,61],[-183,-44],[-351,-320],[-239,107],[-189,409],[113,268],[-45,235],[205,483],[-87,655],[-678,1132],[-599,47],[-427,476],[-6,69],[401,264],[73,241],[-275,83],[-164,985],[-24,1065],[-181,514],[-419,571],[104,293],[-262,171],[-17,501],[77,244],[84,152],[191,96],[64,349],[181,56],[262,349],[-101,376],[168,366],[138,1055],[-63,295],[297,468],[-257,1692],[-152,77],[-25,251],[362,495],[117,306],[-107,941],[46,275],[-87,221],[138,245],[-82,285],[-148,95],[214,336],[163,1046],[112,175],[-61,251],[133,150],[-31,961],[214,551],[260,280],[0,716],[179,226],[-469,445],[-332,65],[-438,-50],[-443,-470],[-1065,1747],[-112,906],[-143,200],[-234,65],[-1769,-616],[-1111,-245],[-1498,-771],[-657,-791],[-1259,-776],[-1376,-586],[-1223,-345],[-1600,-1066],[-372,-461],[-504,-215],[-617,-416],[-983,-202],[-296,463],[-360,315],[-404,802],[-554,-51],[-342,225],[-331,-17],[-449,255],[-258,14],[-107,-80],[-127,88],[-93,246],[-295,3],[-225,168],[-427,-50],[-827,152],[-585,-36],[-267,97],[-317,243],[-34,329],[-124,113],[118,232],[-28,108],[132,135],[-208,227],[-14,193],[-343,108],[-64,146],[137,243],[6,218],[188,163],[34,288],[231,320],[-3,511],[-110,354],[200,447],[-37,348],[146,304],[-225,254],[166,282],[208,1238],[-494,933],[-284,895],[-45,619],[-1203,578],[-1073,213]],[[1773897,2001290],[-217,34],[-289,249],[-590,14],[-190,173],[-131,-6],[-154,224],[-442,240],[-154,-19],[-161,-285],[-525,-33],[-133,260],[-188,110],[-132,326],[-290,373],[-329,144],[-241,356],[-242,-16],[34,-431],[-178,-11],[-157,185],[-191,11],[-152,-31],[-219,-193],[-206,359],[-278,28],[-267,182],[-65,555],[-543,345],[-337,-55],[-267,-229],[-256,55],[-413,232],[-503,31],[-237,-72],[29,212],[-150,122],[43,163],[-155,91],[31,221],[-102,149]],[[1750358,2036257],[24120,2468],[15080,878],[843,-373],[481,323],[527,0],[380,-91],[481,-331],[299,29],[363,273],[131,12],[569,-132],[173,74],[388,-24],[472,-224],[586,-71],[152,191],[207,41],[-25,-294],[341,-277],[101,-191],[106,-17],[274,79],[131,-45],[21,211],[72,37],[523,-45],[84,165],[244,13],[136,-312],[298,-10],[617,-1178],[253,-171],[537,-163],[186,28],[298,230],[417,-232],[403,103],[187,-55],[126,-359],[-41,-381],[-186,-203],[33,-213],[216,-210],[276,20],[5,-240],[159,-155],[26,-331],[162,-182],[328,56],[408,-149],[-32,-207],[-195,-268],[67,-174],[185,-86],[119,-195],[-97,-171],[88,-242],[-95,-323],[46,-185],[243,-31],[59,-338],[440,-295],[110,-762],[340,-171],[293,-578],[18,-249],[-283,-524],[-43,-503],[-161,-235],[91,-222],[-118,-185],[139,-145],[-68,-109],[249,-154],[-223,-378],[223,-134],[220,38],[104,-406],[-113,-224],[51,-240],[330,-214],[-72,-151],[-136,-48],[20,-185],[-383,-255],[-408,60],[438,-431],[1452,-773],[292,-293],[225,-536],[473,-627],[55,-666],[130,-306],[281,-351],[174,-685],[-11,-365],[208,-751],[33,-437],[467,-900],[51,-276],[-191,-459],[573,-911],[-50,-912],[-686,-597],[-23,-160],[101,-248],[-33,-553],[-203,-586],[79,-464],[303,-265],[78,-372],[57,-959],[214,-834],[29,-2278],[131,-230],[694,-121],[682,-540],[494,-261],[909,-126],[804,-287],[1608,-1476],[1026,-412],[850,-35],[1119,504]],[[1655301,1807016],[-180,64],[-241,-76],[-1121,-1623],[-519,-425],[-661,-250],[-192,-527],[-154,-200],[-1596,-1327],[-419,-500],[-308,118],[-1702,144],[-306,-465],[222,-260],[7,-956],[140,-151],[343,-42],[221,-137],[105,-240],[-4,-303],[-175,-392],[-471,-229],[-604,-686],[-509,-281],[-485,-420],[4,-221],[263,-553],[457,-288],[203,268],[237,26],[287,-372],[434,-200],[361,-381],[650,-111],[396,-298],[473,-21],[338,-335],[255,-72],[980,51],[312,519],[441,150],[36,429],[571,264],[72,-133],[-159,-160],[-13,-169],[267,-376],[1941,-1118],[282,-282],[448,-97],[281,-537],[254,-206],[239,-35],[297,183],[246,11],[633,-527],[606,-181],[796,97],[253,274],[238,90],[1219,-6],[441,-145],[1068,-553],[386,-437],[111,-345],[-147,-865],[88,-605],[215,-85],[335,124],[354,-35],[248,118],[15,-479],[211,-342],[-1641,-660],[-809,21],[-1089,-90],[-253,-131],[-640,-825],[-1620,-1191],[-1673,-1685],[-309,-114],[-1357,-28],[-550,221],[-380,-146],[-732,-640],[-276,-357],[-314,-186],[-1071,47],[-302,-93],[-468,-369],[-1177,207],[-309,-104],[-327,-407],[-271,-515],[-84,-462],[14,-591],[-179,-576],[478,-774],[348,-753],[-39,-300],[-88,-111],[-576,-314],[-25,-86],[151,-287],[313,-234],[14,-581],[-154,-165],[-935,-370],[-327,-324],[-257,-90],[-952,28],[-306,-356],[-373,-1019],[-748,-359],[-74,-179],[162,-149],[481,-169],[-17,-639],[-158,-735],[618,-591],[-98,-317],[-675,-843],[0,-604],[-158,-843],[-317,-549],[-341,-300],[-562,287],[-334,621],[-460,86],[-555,-127],[-369,269],[-320,79],[-173,-203],[64,-612],[-85,-203],[-1444,-404],[-1522,-190],[-1272,-287],[-253,-72],[-577,-432]],[[1636883,1768011],[-277,-21],[-1516,437],[-452,-51],[-1395,-426],[-173,-271],[-215,48],[-430,304],[-230,-7],[-1375,-771],[-91,-118],[-15,-637],[-701,-248],[-177,-507],[-777,303],[-953,-496],[-845,22],[-177,163],[42,589],[267,367],[505,470],[12,548],[-46,207],[-128,134],[-188,-4],[-238,-133],[-313,59],[-230,252],[61,914],[-208,252],[-241,108],[-396,522],[-3,181],[384,748],[-456,252],[-328,22],[-154,145],[-204,407],[-185,33],[-554,-259],[-241,-33],[-320,37],[-227,144],[-101,211],[75,378],[151,185],[-34,293],[-106,126],[-166,55],[-580,-255],[-792,-148],[-380,59],[-27,204],[151,251],[-15,223],[-121,155],[-196,59],[-708,-11],[-234,866],[-271,572],[-1241,530],[-413,572],[-266,92],[-468,-108],[-334,129],[-159,371],[124,618],[-136,468],[-331,412],[-730,244],[-470,485],[-1,362],[127,352],[-91,405],[-355,332],[-386,635],[-466,324],[17,209],[196,346],[-52,273],[-486,137],[-292,223],[110,222],[564,231],[3,223],[-178,164],[-382,128],[-297,216],[-363,496],[-893,-25],[-332,187],[-107,258],[-31,584],[-424,538],[38,188],[317,253],[19,219],[-731,747],[-301,706],[-272,385],[127,496],[0,659],[188,458],[-137,316],[107,409],[-125,300],[90,161],[12,351],[-33,662],[-190,369],[-243,817],[231,232],[-109,884],[371,232],[133,408],[-364,318],[-124,261],[-5,994],[-254,717],[102,286],[194,185],[9,138],[-105,133],[-358,151],[-156,465],[264,47],[290,-94],[96,96],[-371,461],[-96,323],[75,64],[597,33],[73,433],[394,166],[462,400],[226,558],[36,646],[356,347],[57,181],[-191,565],[124,263],[215,-54],[389,-486],[85,3],[148,104],[39,500],[152,434],[244,59],[590,-292],[120,14],[169,191],[-60,486],[53,149],[325,292],[-155,475],[145,511],[-135,576],[65,557],[-399,901],[135,295],[39,550],[-281,304],[-695,287],[-93,116],[-11,108],[290,309],[5,158],[-95,188],[-242,74],[-135,182],[34,384],[-169,362],[0,387],[-70,69],[-925,144],[-526,284],[-557,627],[-469,69],[-630,359],[-495,-500],[-259,86],[-194,246],[-180,740],[-317,829],[-180,273],[-408,230],[-261,-45],[-355,-226],[-196,80],[-220,602],[-132,125],[-309,41],[-256,141],[-273,367],[-751,417],[-174,210],[-70,857],[-453,-94],[-351,547],[-225,-9],[-155,-99],[-936,83],[-1038,-17],[-368,-522],[-439,-3],[-494,-317],[-661,33],[-672,478],[20,693],[-93,130],[-700,323],[-459,77],[-337,282],[-633,105],[-112,337],[-563,72],[-292,406],[-160,30],[-20,476],[-281,80],[-222,276],[-568,132],[-70,111],[-183,52],[-357,556],[-318,-22],[-194,91],[-112,102],[-135,425],[-282,61],[-334,395],[-290,-110],[-154,157],[-197,64],[123,743],[-244,33],[-596,348],[115,690],[-28,302],[-354,828],[42,83],[458,199],[25,174],[-275,238],[-446,697],[-397,-122],[-518,290],[-559,-8],[-532,290],[-261,-56],[-274,129],[-1122,227],[-283,224],[-143,611],[-268,220],[-763,66],[-738,375],[-816,725],[-409,73],[-220,199],[-114,18],[-305,-211],[-142,184],[-257,-116],[-413,36],[-220,244],[89,423],[253,298],[63,240],[-417,473],[-59,199],[93,192],[246,216],[323,124],[0,172],[-409,462],[-156,373],[-279,133],[-38,254],[-278,-24],[-42,134],[-228,156],[-40,120],[127,319],[-116,242],[-298,54],[-124,178],[-453,-16],[-171,155],[154,226],[63,288],[396,211],[-128,162],[-287,149],[97,284],[-344,248],[-97,164],[9,261],[1309,653],[141,501],[-153,394],[-93,660],[-148,272],[9,996],[-168,218],[16,205],[-118,99],[-774,199],[-371,239],[-108,493],[-848,667],[-154,1181],[-128,172],[-492,285],[-714,707],[-43,497],[-350,313],[180,236],[259,166],[-55,230],[65,207],[-385,-58],[-125,85],[-259,505],[-289,357],[-49,553],[-276,601],[-348,190],[-139,454],[-23,713],[127,164],[327,-72],[128,58],[-52,456],[-282,178],[-249,-247],[-419,20],[-94,136],[-304,-79],[-208,366],[-227,-60],[-65,116],[-167,38],[20,172],[-173,201],[83,150],[-82,56],[-66,-141],[-76,15],[-260,469],[52,105],[266,107],[25,94],[-295,245],[-218,313],[33,147],[395,237],[-103,152],[-234,131],[75,200],[-91,74],[12,230],[-466,90],[-132,-180],[-126,-39],[-393,279],[-124,230],[-394,-23],[-157,250],[-173,49],[-108,-72],[-269,161],[-150,408],[-515,110],[-68,149],[150,97],[-49,180],[-208,25],[-113,193],[-321,-30],[-168,85],[-539,766],[-70,373],[-578,927],[-151,1667],[357,1353],[119,148],[-152,220],[101,270],[7,324],[-75,136],[208,108],[555,819],[836,425]],[[1587874,1886491],[-84,-293],[-470,-871],[-730,-538],[-443,-871],[-365,-973],[-991,-1076],[53,-538],[-261,-691],[134,-748],[-160,-2275],[-253,-988],[-910,-1699],[-172,-683],[-43,-728],[357,-1107],[100,-1372],[-514,-378],[-313,-812],[-399,0],[-271,126],[-983,98],[-200,-56],[-214,-336],[-14,-728],[29,-294],[199,-532],[1354,-2184],[271,-631],[0,-910],[-128,-1232],[142,-1204],[185,-420],[385,-448],[1026,-700],[581,-864],[488,-494],[271,-701],[171,-182],[513,70],[275,-393],[28,-165],[35,-504],[-105,-1451],[-211,-566],[-828,-1225],[-1043,-1025],[-2021,-1040],[464,-229],[576,-129],[265,-168],[327,-331],[437,-756],[373,-296],[519,-224],[905,78],[259,-273],[19,-180],[228,-56],[-34,-226],[200,-352],[-99,-365],[169,-907],[-152,-435],[97,-261],[-80,-311],[-215,-269],[-21,-288],[-302,-295],[-17,-818],[-493,-323],[-76,-222],[-186,-172],[-63,-273],[127,-342],[-186,-711],[344,-437],[65,-265],[215,-145],[87,-172],[158,-8],[135,-131],[34,-528],[324,-172],[137,-354],[433,114],[234,-131],[122,-286],[120,-51],[312,-9],[213,-134],[226,80],[508,-128],[226,-711],[249,-182],[286,-646],[-118,-307],[454,-70],[213,-141],[52,-717],[-88,-450],[369,-327],[-53,-356],[146,-226],[33,-611],[201,-249],[274,-110],[57,-230],[223,17],[53,-66],[-27,-183],[307,-323],[197,-418],[67,-309],[-139,-383],[116,-65],[110,-269],[183,-17],[264,193],[255,-4],[-2,-251],[215,-2],[95,-118],[-91,-114],[-200,-58],[29,-209],[173,-56],[253,120],[175,-286],[154,-87],[262,50],[200,350],[86,-43],[108,-290],[173,16],[95,-85],[105,73],[179,-25],[32,-284],[202,-128],[81,-253],[181,-75],[202,149],[190,-49],[40,-152],[-80,-279],[323,-127],[128,-387],[104,-66],[531,8],[162,-162],[237,-10],[107,-89],[215,66],[66,338],[371,317],[63,443],[194,19],[175,-112],[363,46],[-76,-152],[-272,-116],[6,-89],[458,87],[451,-130],[628,321],[43,261],[527,-64],[78,-160],[-346,-91],[-17,-83],[226,-43],[266,68],[118,-114],[25,-180],[230,120],[253,-149],[-63,-417],[183,-114],[72,34],[-13,145],[114,16],[276,-145],[-244,-222],[94,-215],[154,91],[270,-64],[232,305],[226,-102],[365,19],[88,-139],[-71,-158],[59,-176],[-110,-33],[0,-112],[451,-540],[331,84],[348,-140],[188,207],[245,14],[151,-101],[131,-278],[637,-219],[-4,-309],[400,255],[127,-96],[114,-302],[268,81],[234,-222],[158,44],[7,367],[313,-69],[288,-197],[102,-400],[292,-14],[267,-359],[478,-175],[46,-536],[315,-683],[332,-519],[345,-328],[345,-152],[998,176],[358,-38],[13,-430],[-116,-556],[103,-177],[678,50],[509,-252],[881,-176],[277,208],[336,110],[477,-103],[395,153],[878,-72],[387,106],[127,282],[217,126],[312,42],[127,-22],[160,-476],[763,-609],[329,-63],[722,54],[726,-398],[453,126],[275,-34],[213,-180],[118,-351],[149,-179],[251,-15],[326,103],[265,-63],[114,-311],[250,-231],[-23,-284],[78,-181],[253,-49],[276,137],[231,-159],[117,-504],[439,-605],[317,-803],[188,-281],[373,-112],[518,47],[405,-149],[446,-322],[383,-520],[350,-209],[653,111],[586,366],[275,2],[271,-105],[977,-965],[232,-414],[24,-470],[214,-254],[306,35],[332,480],[383,189],[224,-86],[187,-260],[239,-149],[928,-58],[507,-290],[376,-111],[447,96],[549,408],[490,-236],[295,-10],[212,123],[160,221],[178,49],[159,-138],[22,-283],[222,-143],[466,-59],[414,191],[283,28],[331,-240],[879,-184],[212,-178],[76,-318],[277,-121],[350,77],[302,239],[332,-48],[352,71],[316,251],[180,15],[299,-339],[465,-264],[311,-44],[224,-323],[366,-178],[120,-265],[-106,-273],[36,-177],[538,130],[220,-37],[49,-168],[-70,-333],[312,-33],[166,-472],[424,-359],[386,-138],[74,-255],[1318,-276],[826,-376],[161,-320],[-43,-497],[290,-213],[554,-83],[76,-168],[-104,-296],[45,-171],[467,-456],[371,-580],[652,-519],[574,127],[331,-232],[1344,-150],[461,-314],[1226,618],[478,-22],[158,-149],[399,-55],[401,534],[864,-1114]],[[1632853,1865389],[187,-332],[974,-404],[449,-368],[-75,-699],[-300,-808],[-112,-589],[75,-404],[374,-936],[1765,-1245],[260,117],[285,0],[142,-234],[734,-610],[521,-656],[662,-1827],[189,-187],[569,70],[711,444],[285,0],[450,-304],[-119,-679],[-404,-937],[-166,-211],[95,-562],[308,-445],[308,-23],[734,-399],[853,-118],[853,0],[521,164],[640,-71],[164,107],[722,-574],[278,-278],[105,-227],[637,-257],[452,33],[257,232],[422,-54],[746,66],[671,-186],[750,8],[1198,257],[135,145],[120,412],[630,732],[233,456],[121,58],[68,157],[-57,194],[855,627],[509,489],[113,226],[-51,309],[309,243],[85,409],[368,61],[429,629],[713,531],[283,-175],[232,46],[88,91],[-109,692],[92,33],[245,-261],[148,-25],[126,87],[-67,622],[480,199],[152,244],[-8,315],[312,203],[13,249],[561,161],[269,556],[228,4],[21,-178],[249,-286],[350,-100],[578,120],[236,-298],[473,-29],[29,-62],[-156,-220],[30,-91],[236,-182],[42,-307],[84,-70],[249,4],[240,311],[380,253],[118,4],[194,-187],[380,-83],[594,137],[928,551],[709,66],[586,365],[169,286],[181,141],[734,21],[236,140],[160,-33],[38,-493],[182,-58],[860,265],[139,121],[127,414],[21,286],[-93,373],[236,559],[241,265],[181,13],[375,-149],[161,49],[307,344],[540,-257],[519,4],[245,357],[88,49],[447,-66],[620,473],[536,45],[244,-124],[165,16],[363,290],[278,34],[827,-71],[308,-124],[514,-373],[186,37],[219,207],[447,663],[143,-8],[359,-311],[101,-236],[114,-37],[612,476],[611,-199],[1468,315],[535,-95],[262,-220],[434,25],[612,369],[548,50],[211,141],[236,41],[793,-149],[287,58],[742,402],[780,112],[258,8],[670,-489],[945,-373],[160,-153],[599,-1073],[751,-38],[274,96],[742,-232],[367,33],[194,178],[-147,435],[392,207],[118,149],[-13,344],[85,58],[269,-62],[549,58],[84,83],[-38,228],[203,58],[523,505],[615,423],[148,427],[578,-365],[122,29],[173,365],[443,91],[468,319],[101,464],[97,75],[147,4],[236,-379],[110,-55],[976,-25],[475,130],[53,699],[214,547],[267,168],[394,88],[39,92],[-82,245],[304,274],[-39,378],[368,547],[-135,257],[180,785],[-87,290],[512,138],[559,389],[85,213],[-85,461],[369,522],[382,47],[65,72],[-53,365],[324,463],[-157,347],[-9,347],[83,131],[339,100],[304,217],[28,391],[157,233],[523,131],[368,1224],[-299,155],[-19,83],[622,852],[313,-458],[74,-288],[451,-197],[-152,-383],[38,-141],[304,-83],[217,79],[57,-195],[299,-89],[576,-717],[-32,-259],[-466,-822],[-6,-199],[150,-226],[-561,-659],[333,-178],[38,-114],[-137,-379],[495,-435],[16,-187],[177,-325],[41,-516],[747,-43],[174,-144],[328,19],[119,-282],[211,-53],[166,260],[242,-155],[610,290],[51,205],[211,199],[376,1074],[242,265],[363,161],[-54,566],[93,168],[293,230],[53,519],[124,80],[-121,533],[34,77],[385,152],[36,155],[-129,152],[93,196],[236,-86],[70,268],[225,152],[-5,127],[545,451],[1636,751],[34,174],[-101,116],[98,243],[-73,105],[144,58],[382,-166],[-22,431],[154,337],[686,165],[113,310],[750,174],[328,622],[606,41],[308,148],[119,207],[34,312],[138,96],[545,179],[536,346],[188,49],[229,-120],[270,55],[658,282],[21,111],[144,106],[340,-210],[469,254],[227,-32],[443,101],[175,141],[258,13],[154,176],[272,-89],[234,200],[262,-93],[186,145],[17,222],[204,87],[74,180],[101,37],[553,-387],[189,-236],[538,-19],[241,100],[35,207],[194,2],[30,141],[377,-114],[150,85],[49,91],[-55,174],[154,219],[249,21],[46,162],[257,-118],[127,172],[105,19],[209,-197],[222,307],[781,128],[344,-59],[169,59],[688,-243],[151,29]],[[1727182,1883484],[-484,-702],[-694,-516],[-400,-681],[-240,-612],[-597,-717],[-17,-166],[186,-298],[-106,-314],[-250,-315],[-115,-726],[-694,-900],[-890,-1381],[-632,-350],[-151,-219],[-328,-199],[7,-150],[232,-411],[471,-350],[107,-201],[-418,-262],[-925,-149],[-721,-446],[-935,-848],[-26,-253],[106,-298],[-62,-183],[-1352,-359],[-214,-209],[-98,-350],[0,-525],[258,-717],[276,-507],[614,-743],[848,-692]],[[1719938,1867735],[-473,-473],[-426,-153],[-303,-411],[-313,-223],[-139,-315],[-527,-241],[-1312,-1015],[-299,-878],[-207,-203],[-1316,-800],[-847,-381],[-1114,-1214],[-540,-336],[-881,-335],[-671,-38],[-792,-480],[-144,-394],[-266,-190],[-2859,-344],[-1274,-369],[-202,-178],[-9,-634],[-548,-91],[-978,-460],[-363,-63],[-359,-182],[-248,-269],[-224,-1073],[-1009,-359],[-184,-218],[95,-325],[343,-193],[-190,-687],[-265,-308],[-50,-1143],[476,-339],[662,-932],[130,-1762],[-1871,-1008],[-740,-932],[-507,-970],[-610,-689],[-3885,-2637],[-767,-1075],[-1427,-1207]],[[1692505,1841208],[-1157,-966],[-160,-526],[-2238,-1636],[-2103,-1716],[-578,-604],[-1562,580],[-910,-242],[-1427,-592],[-358,-401],[-2569,-167],[-221,-241],[-648,-246],[-533,-175],[-691,-97],[-652,254],[-453,614],[-848,242],[-1279,145],[-1353,-49],[-2755,2066],[-495,49],[-735,-109],[-2720,-1137],[-1289,-253],[-1100,98],[-2860,2870],[-197,1962],[-294,1667],[-809,528],[-237,780],[-809,606],[-987,605],[-1095,454],[-1500,-73],[-587,-143],[-1283,-1096],[-650,-363],[-2381,-1699]],[[1649982,1842197],[-238,-266],[-190,-1953],[-1217,9],[-684,-115],[-535,-309],[-260,1],[-1151,367],[-1003,184],[-408,515],[-631,1212],[2,3010],[-408,477],[-966,295],[-3603,2],[-1374,257],[-557,184],[-817,515],[-668,587],[-371,772],[-148,807],[-371,992],[1,954],[-148,1065],[-483,698],[-1262,1469],[-1225,772],[-1188,918],[-966,1029],[-1188,771],[-2637,846],[-1559,405],[-1523,294],[-1560,111],[-929,331],[-705,0],[-669,-146],[-1003,147],[-520,184],[-705,331],[-1374,1065],[-446,441],[-743,221],[-1336,882],[-1411,698],[-1337,551],[-259,186],[-150,108],[-100,751],[-279,683],[-799,323],[-880,623],[-1319,760],[-828,1006],[-339,154],[-164,176],[-1047,447],[-735,110],[-403,-104],[-719,398],[0,514],[-346,430],[-736,604],[-886,326],[-557,698],[-36,514],[-669,1028],[-816,955],[-743,331],[-353,231],[-167,246],[-879,106],[-221,91],[-323,773],[-1527,833],[-310,453],[-1012,2519],[45,735],[-79,508],[-618,906],[-979,385],[-316,701],[-72,759],[-131,486],[-560,442],[-321,475],[-258,221],[-139,339],[-564,484]],[[1741248,1941178],[-2,-320],[-269,-151],[78,-255],[-200,-380],[-101,-463],[284,-797],[-216,-453],[-27,-292],[237,-359],[652,-259],[745,-501],[399,-399],[231,-467],[718,-254],[567,-490],[111,-172],[-27,-354],[158,-349],[-69,-719],[194,-401],[369,-505],[321,-209],[247,-307],[148,20],[200,-375],[389,-380],[311,-152],[249,-272],[529,-252],[450,107],[425,-3],[209,110],[59,-917],[-383,-444],[-116,-542],[10,-541],[315,-406],[144,-764],[-296,-660],[45,-281],[-435,-305],[55,-299],[242,-286],[-88,-277],[25,-445],[-450,-598],[-26,-617],[137,-395],[-257,-685],[69,-820],[-260,-527],[-499,-597],[-405,-340],[-541,-714],[-204,-125],[-418,56],[-148,-73],[-134,-625],[108,-649],[-175,-236],[-450,-340],[3,-222],[337,-510],[-275,-1083],[421,-657],[3,-145],[-218,-306],[179,-559],[-169,-580],[-201,-347],[-53,-302],[56,-347],[-112,-212],[-22,-704],[-260,-274],[-18,-115],[123,-423],[793,-602]],[[1745069,1910285],[98,-156],[-63,-101],[-520,-294],[122,-250],[246,-202],[15,-156],[-330,21],[-433,-534],[-203,28],[-299,375],[-200,-27],[-116,-139],[108,-294],[-77,-156],[-648,98],[-294,-243],[-59,-515],[-380,-444],[-32,-750],[-299,-357],[189,-695],[-88,-373],[106,-112],[21,-402],[-321,-689],[-199,-891],[-190,-223],[-2476,-515],[-1180,131],[-150,-130],[-175,-425],[-107,-66],[-648,-9],[-753,-255],[-567,-678],[-595,-269],[-877,-1051],[-1071,-1744],[-538,-31],[-1149,-466],[-464,-42],[-559,91],[-538,396],[-1412,31],[-1118,1274],[-920,785],[-997,-747],[-359,-431],[-332,-773],[-1349,-2180],[468,-65],[232,-185],[289,37],[676,-105],[360,-308],[592,-934],[326,-923],[-20,-1110],[-271,-756],[-487,-739],[-1006,-920],[-799,-291],[-801,45],[-512,-83],[-342,-623],[-242,-1760],[708,-950],[769,-142],[322,-211],[371,-117],[312,510],[1284,430],[550,35],[877,-223],[579,-478],[-489,-612],[307,-421],[193,-464],[76,-406],[-29,-447]],[[1773897,2001290],[-456,-900],[-339,-886],[-755,-650],[-619,-365],[-477,-392],[-223,-864],[145,-972],[-68,-490],[-295,-435],[-431,-434],[-601,-313],[-515,-148],[-494,-364],[-1389,-1350],[-166,-623],[-294,-646],[-254,-56],[187,-616],[-591,-247],[-477,-664],[-454,-200],[-45,-268],[193,-301],[-34,-412],[-45,-234],[-382,-478],[265,-813],[1183,-1339],[602,74],[192,-136],[164,29],[692,-179],[283,-372],[1155,-663],[97,-199],[909,-701],[504,-149],[317,-7],[127,-163],[161,-62],[-27,-672],[-83,-196],[225,-357],[37,-256],[248,-366],[37,-992],[162,-363],[-3,-522],[-162,-561],[169,-239],[199,-44],[-307,-390],[-694,-318],[-312,246],[-397,75],[-998,-102],[-531,116],[-1055,-241],[-329,20],[-537,237],[-346,-36],[-337,205],[-115,-58],[33,-249],[-340,20],[-343,-244],[-343,-11],[-75,-45],[-20,-211],[98,-512],[-239,-668],[-267,-296],[-291,-539],[-896,-967],[-353,-757],[-246,-186],[-518,-651],[-70,-211],[701,-575],[-61,-1858],[222,-163],[-246,-191],[-283,-37],[-267,-188],[256,-191],[-191,-502],[403,-1195],[86,-864],[155,-489],[-42,-204],[-325,-464],[-115,-765],[454,-1745],[-356,-1315],[49,-678],[454,-931],[-121,-2098],[-583,-990],[-348,-1796],[-463,-703],[-386,-293],[-327,-1066],[-305,-140],[-438,-380],[79,-406],[-412,-593],[-22,-218],[-30,-381],[246,-535],[-57,-99],[-618,-567],[-501,-78],[-290,-234],[-543,-25],[-828,-640],[-26,-260],[-174,-141],[-16,-224],[-148,-187],[-749,-322],[-195,-239],[-26,-188],[-394,-205],[-150,-487],[-506,-744],[-417,27],[157,-421]],[[1754946,1945973],[-395,52],[-1172,-263],[-806,87],[-135,170],[275,1127],[-89,186],[-1084,-12],[-316,820],[-1080,220],[-76,211],[-105,44],[-563,-254],[-119,37]],[[1692505,1841208],[429,-191],[1825,-117],[719,359],[203,-89],[264,-519],[242,-232],[439,-61],[1051,514],[602,77],[467,-77],[483,-409],[456,-624],[843,-232],[804,-88],[799,381],[247,-39],[737,-845],[-489,-459],[236,-961],[34,-1088],[-68,-934],[-118,-216],[478,-519],[787,-298],[-821,-1542],[-652,-1977],[-933,-1420],[-422,-470],[-473,-790],[-253,-801],[-16,-425],[584,-708],[190,-514],[810,-1160],[459,-1500],[26,-352],[717,-1562],[421,-369],[1724,-1042]],[[1692619,1808240],[-574,566],[-713,41],[-1214,481],[-365,8],[-1295,636],[-848,139],[-223,106],[-498,-131],[-166,29],[-209,71],[-424,377],[-796,238],[-250,21],[-197,-83],[-1226,307],[-433,-55],[-623,65],[-616,-125],[-349,368],[-98,-14],[-231,-249],[-466,873],[-393,349],[-354,74],[-220,-176],[-300,3],[-327,717],[-431,-56],[-312,302],[-560,25],[-260,329],[-302,-45],[-96,203],[-280,88],[-183,217],[-266,144],[-59,438],[-545,249],[-171,160],[-378,-13],[-377,141],[-278,289],[-242,114],[-216,321],[-366,-20],[-459,232],[-314,4],[-145,-85],[-176,-165],[-116,-458],[-309,-124],[-460,-333],[-396,-8],[-1249,-1181],[-1259,-463],[-374,-71],[-387,46],[-310,-275],[-305,197],[-107,365],[-606,-303],[-413,55],[-287,189],[-384,-28],[-181,249],[-64,451],[-451,403],[-482,285],[-261,561],[-31,248],[-339,94],[-817,-47],[-398,226],[-205,282],[-429,204],[62,436],[-261,186],[-69,300],[-246,166],[-55,556],[67,69],[397,-10],[11,514],[273,10],[141,164],[-10,236],[-164,222],[348,556],[-57,313],[-463,453],[-68,418],[-633,701],[-264,562],[-650,567],[-147,303],[8,428],[254,701],[-47,307],[71,262],[-11,260],[-167,373],[72,460],[-64,558],[205,463],[375,224],[545,120],[156,121],[54,302],[144,33],[50,100],[-8,1023],[283,435],[-17,216],[-215,248],[168,195],[42,331],[140,253],[-469,178],[-126,539],[223,1106],[-206,725],[329,817],[-527,199],[-161,679],[-388,116],[-236,423],[-219,120],[-262,-21],[-164,158],[-47,547],[127,642],[-34,224],[-160,16],[-181,-215],[-447,-116],[-878,795],[-354,443],[-72,663],[-674,601],[-34,419],[-118,174],[-536,12],[-890,-311],[-464,21],[-249,104],[-937,5],[-404,-76],[-246,290],[-123,605],[-201,190],[-1266,490],[-459,508],[-320,180],[-1131,312],[-139,188]],[[1754946,1945973],[644,-467],[651,-266],[1843,-1600],[440,-236],[970,-6],[277,-85],[676,-833],[450,-223],[1071,-85],[614,-460],[478,-490],[473,-651],[236,-51],[147,65],[300,984],[88,92],[171,15],[517,-317],[770,-805],[541,-172],[142,22],[268,-136],[464,-667],[1104,-425],[346,-17],[404,-221],[556,-551],[173,-75],[133,164],[-148,652],[-350,566],[-228,166],[-21,167],[268,547],[230,96],[267,-27],[504,-216],[594,-534],[174,-295],[207,-892],[344,-415],[648,-416],[529,123],[522,323],[245,252],[578,292],[666,2],[200,-327],[199,-651],[510,-559],[643,-8],[978,472],[650,-454],[377,-735],[321,-191],[487,143],[219,609],[-124,323],[34,301],[-218,95],[-598,58],[-266,253],[-122,269],[-64,568],[57,147],[369,280],[357,31],[1162,-825],[111,-153],[89,-259],[-27,-176],[-249,-477],[2,-201],[116,-437],[200,-76],[780,567],[260,315],[-32,153],[-379,230],[-338,382],[15,317],[169,87],[244,-7],[437,-203],[352,48],[110,75],[293,772],[350,272],[190,-37],[241,-202],[378,-101],[182,35],[299,361],[11,826],[242,647],[161,161],[628,309],[388,110],[352,-129],[68,-565],[-194,-427],[352,-369],[320,-31],[281,170],[352,1088],[392,176],[251,-222],[255,-684],[287,-397],[1135,-487],[236,-33],[202,12],[243,164],[516,1073],[203,217],[791,-540],[318,-481],[57,-396],[-262,-598],[-28,-140],[75,-119],[299,-91],[696,244],[308,-282],[85,-274],[-349,-403],[-286,-168],[-61,-232],[101,-381],[-365,-441],[-139,-67],[-828,60],[-222,-350],[158,-586],[244,-56],[709,277],[873,-37],[329,73],[839,294],[924,566],[232,26],[238,-370],[97,-504],[-34,-1050],[-512,-1069],[178,-263],[292,-769],[323,-288],[301,-112],[643,17],[361,118],[500,342],[890,963],[664,856],[822,273],[146,116],[285,681],[145,148],[294,40],[53,-171],[712,-304],[350,-456],[74,-247],[-38,-401],[-245,-218],[-265,-96],[-1082,-90],[-926,-323],[-165,-202],[-36,-646],[163,-1036],[222,-63],[1261,201],[375,-58],[82,-118],[-198,-731],[-17,-585],[138,-227],[537,-273],[215,-21],[685,131],[320,149],[295,348],[-35,394],[-450,725],[141,432],[130,55],[450,-76],[1458,504],[839,423],[233,30],[436,-187],[1197,-878],[293,-89],[221,24],[181,86],[164,681],[207,480],[208,183],[597,-10],[499,-141],[169,248],[176,549],[214,231],[457,290],[457,140],[335,308],[1112,1507],[349,255],[984,431],[161,183],[28,384],[-221,117],[-622,-93],[-555,45],[-317,421],[9,151],[1276,900],[564,800],[250,217],[506,45],[398,-194],[13,-230],[-429,-453],[71,-494],[147,-217],[352,-35],[397,156],[1233,-42],[535,-687],[319,-822],[352,-217],[207,48],[865,718],[622,1582],[17,1208],[138,328],[256,292],[222,102],[745,142]],[[1758747,1902527],[-467,248],[-662,623],[-332,-159],[-442,533],[-1994,-388],[-796,-409],[-557,12],[-577,386],[-70,165],[172,278],[-395,338],[-214,13],[-242,146],[-708,217],[-123,-5],[-406,-333],[-79,284],[-186,23],[-13,78],[139,215],[218,-23],[41,95],[-201,179],[-410,5],[-70,64],[175,219],[-19,266],[259,319],[-146,77],[-115,342],[-107,659],[22,608],[-370,672],[-1218,985],[-1507,720],[-244,-19],[-342,226],[-594,96],[-323,212],[-123,-82],[-131,105],[-99,-188],[-239,86],[-183,-130]],[[1904035,2059954],[-108,-621],[-155,-384],[-2145,-2818],[-233,-1081],[19,-419],[350,-1679],[7,-304],[-160,-360],[-771,-814],[-291,-145],[-1309,-320],[-1059,-494],[-568,-369],[-372,-515],[-885,-3377],[-586,-1241],[-78,-478],[-369,-1113],[-548,-748],[-1167,-1277],[-478,-1262],[-264,-1373],[-200,-378],[-430,-453],[-560,-172],[-570,-431],[-220,-339],[-219,-1669],[180,-229],[135,-699]],[[1864759,2020895],[-431,-199],[-792,63],[-126,-300],[-150,-15],[-93,225],[-29,556],[-111,89],[-457,66],[-445,1001],[-26,343],[261,514],[-45,299],[-659,36],[-262,176],[-316,404],[-125,1089],[593,45],[288,-285],[158,160],[-148,418],[-416,594],[17,284],[304,496],[378,286],[21,190],[-479,723],[-21,195],[170,391],[-5,174],[-104,49],[-335,-107],[-152,134],[-2,109],[269,420],[-379,1051],[-353,377],[-338,678],[-65,691],[185,103],[273,13],[30,111],[-7,232],[-177,171],[-431,75],[-621,-191],[-766,161],[-266,-45],[-286,99],[-310,-150],[-203,144],[-744,207],[-1141,-134],[-166,-121],[-70,-252],[-352,-533],[-617,-287],[-46,-358],[-425,-316],[-172,-517],[-403,-571],[-424,-74],[-445,-185],[-968,343],[-1132,-359],[-506,63],[-344,-239],[-515,42],[-240,192],[-583,-184],[-921,-121],[-450,104],[-1121,-290],[-429,81],[-1043,585],[-953,393],[-678,-9],[-309,94]],[[1842578,2030592],[309,362],[335,627],[331,340],[124,1017],[534,1176],[135,716],[311,641],[28,259],[-84,305],[188,488],[-42,456],[-154,304],[-788,890],[120,1216],[-211,967],[-63,973],[-64,90],[-1328,283],[-408,-27],[-513,-283],[-538,-761],[-440,-185],[-394,-34],[-612,-281],[-230,-209],[-403,50],[-273,212],[-633,76],[-255,151],[-398,32],[102,822],[-198,941],[-346,129],[-860,49],[-23,254],[149,1536],[-253,471],[17,611],[189,183],[24,391],[130,156],[610,75],[193,177],[-93,604],[-108,-73],[-393,19],[-214,-313],[-579,-220],[-422,262],[-233,-143],[-328,-4],[-173,-250],[-313,104],[-344,-271],[-273,-80],[-204,48],[-156,-429],[-373,28],[-144,-328],[-449,-44],[-219,163],[79,280],[-205,108],[-56,253],[-145,202],[-255,58],[-143,309],[137,156],[-117,224],[-228,32],[-207,320],[-224,182],[-587,278],[-107,237],[-143,114],[-212,1],[-323,155],[56,150],[-117,321],[-349,-26],[-567,404],[-261,-68],[-132,-190],[-440,62],[-194,-242],[-347,-142],[-259,-281],[-490,-143],[-812,-454],[-335,-359],[-804,-320],[-461,-575],[-164,-76],[-622,2],[-158,-180],[-1086,-176],[-193,-230],[-427,-150],[-752,-929],[-599,-534],[-172,195],[-64,572],[-219,530],[59,763],[-143,543],[125,957],[-380,932],[-176,1509],[-144,97],[-102,286],[-596,487],[-498,1103],[-844,828],[-641,282],[-354,11],[-501,-215],[-573,-83],[-922,88],[-1562,910],[-879,-21],[-843,-145],[-1258,704],[-754,210],[-1152,-8]],[[1807036,2054619],[-432,216],[-469,460],[-243,496],[-200,1765],[-1,1233],[-271,869],[-36,408],[493,639],[179,364],[62,586],[-172,638],[18,231],[152,284],[565,462],[799,303],[817,125],[395,488],[2872,1299],[1049,711],[1680,82],[540,-104],[540,16],[539,199],[964,522],[854,-679],[612,-307],[1362,-306],[1004,20],[299,-149],[160,-261],[494,120],[924,-654],[172,-278],[338,-307],[438,-74],[511,-293],[461,10],[451,-262],[897,252],[210,-181],[420,50],[718,-447],[172,122],[233,-59],[121,204],[447,9],[432,417],[273,60],[127,273],[362,212],[-51,399],[368,47],[77,234],[302,152],[4,243],[186,-43],[281,215],[64,223],[195,170],[498,225],[52,368],[399,651],[222,117],[235,295],[50,233],[-73,667],[219,325],[-210,241],[2,131],[374,367],[10,363],[217,52],[158,335],[204,158],[57,395],[108,80],[415,38],[718,1189],[-77,571],[71,137],[255,107],[24,418],[191,-2],[64,75],[-38,118],[-172,53],[-23,151],[66,127],[167,62],[26,382],[217,94],[206,384],[-2,743],[627,599],[271,859],[43,456],[487,365],[77,440],[420,387],[365,845],[239,55],[203,237],[383,30],[102,82],[391,928],[-236,244],[39,220],[550,192],[-75,258],[184,105],[8,227],[339,144],[393,368],[76,421],[368,49],[243,408],[142,25],[306,417],[180,83],[397,-29],[182,257],[402,34],[465,287],[163,352],[368,467],[187,431],[-120,260],[-280,248],[46,258],[-553,843],[-174,800],[55,638],[-192,89],[-612,-92],[-372,37],[-326,665],[-228,228],[-334,112],[-606,-151],[-384,-186],[-292,47],[-296,-224],[-155,110],[-136,-13],[-288,-275],[-364,-107],[-173,26],[-208,165],[-171,344],[-1277,276],[-1662,669],[-610,3],[-504,160],[-194,287],[-509,205],[-202,326],[-413,221],[-281,-47],[-737,-357],[-194,-218],[-967,237],[-456,387],[-292,11],[-96,226],[-259,260],[-171,517],[-1399,-94],[-715,-523],[-404,-215],[-311,-62],[-284,31],[-321,299],[-157,209],[-74,404],[-809,27],[-906,-77],[-534,-304],[-703,66],[-500,-618],[-983,-461],[-169,-22],[-478,271],[-669,144],[-167,191],[-380,1333],[-7,1315],[-81,397],[-481,273],[-285,359],[-263,535],[-14,750],[-734,1806],[-574,707],[-781,910],[-1239,899],[-365,470],[-253,560],[-525,672],[-752,423],[-388,425],[-798,558],[-389,514],[-523,133],[-818,19],[-1050,-272]],[[1627478,1710606],[212,160],[489,182],[317,2],[2274,1778],[1241,791],[956,-64],[1317,946],[208,492],[2072,607],[944,362],[801,1351],[436,525],[648,241],[520,498],[689,1744],[926,908],[62,296],[-157,608],[-30,695],[58,145],[1264,1026],[1138,1211],[479,653],[87,93],[44,-56],[223,363],[14,677],[686,1035],[252,927],[362,468],[155,1564],[635,1151],[448,629],[337,299],[1432,853],[163,332],[0,471],[262,3],[476,588],[425,302],[231,415],[409,-90],[249,47],[127,132],[544,908],[467,391],[-87,784],[52,334],[162,367],[657,975],[33,489],[458,432],[312,116],[277,-16],[233,-109],[309,-365],[631,-2],[447,109],[11,-188],[319,-188],[44,-170],[519,-295],[170,9],[428,356],[41,88],[-91,113],[77,136],[123,-30],[845,1036],[449,1041],[290,268],[1134,363],[1265,-190],[395,51],[826,-423],[633,-1156],[738,-156],[685,87],[273,-268],[114,-302],[246,-60],[838,679],[515,288],[420,116],[544,390],[469,98],[552,266],[89,258],[268,-96],[955,-649],[287,-71],[563,58],[117,-102],[-6,-174],[830,-540],[249,-289],[1347,-77],[1046,-173],[216,-643],[287,-404],[-59,-501],[164,-591],[124,-154],[438,-1272],[379,-527],[-228,-263],[65,-354],[-52,-128],[130,-334],[327,-1882],[576,-771],[176,-611],[277,-167]],[[1773091,1854789],[-156,119],[-1054,-81],[-896,411],[-234,-152],[-133,0],[-1137,854],[-46,458],[-274,124],[-399,331],[-1145,282],[-127,236],[108,757],[-148,118],[-299,-15],[143,450],[-418,325],[134,221],[-190,186],[-356,-134],[-163,104],[-76,209],[-173,-23],[-128,251],[-306,-6],[6,310],[-97,181],[-238,-40],[-76,178],[-200,25],[6,143],[158,125],[-225,236],[208,474],[-253,211],[34,201],[-801,402],[-26,234],[-206,264],[-129,56],[-217,-96],[-213,42],[-63,85],[44,153],[-202,27],[-357,393],[-137,75],[-263,-29],[-336,244],[-346,-372],[-310,-152],[-512,-68],[-327,130],[-328,3],[-254,335],[-339,51],[-249,248],[-389,-106],[-233,615],[-319,153],[-427,767],[-297,107],[-121,212],[-161,57],[-13,302],[-89,90],[-1097,-231],[-655,191],[-742,-237],[-211,-151],[-329,25],[-339,-123],[-112,7],[-251,300],[-114,280],[-82,-25],[-44,-178],[-184,99],[-546,-193],[-169,131],[-217,29],[-169,-79],[-122,-176],[-493,-232],[-161,162],[-211,-4],[-520,-357],[8,-122],[-116,-106],[-287,-159],[-864,-50],[-492,-255],[-156,46],[-253,-85],[-332,-593],[-478,243],[-693,120],[-335,552],[-361,185],[-7,468],[-346,257],[-284,-16],[-427,-360],[-269,51],[-304,409],[-218,151],[91,225],[-123,412],[2,627],[-243,263],[-297,524],[-315,254],[-249,346],[-417,276],[-421,590],[-413,197],[-338,50],[-339,306],[-265,-64],[-216,240],[-489,-47],[-334,-193],[-253,-35],[-263,-259],[-276,12],[-499,-241],[-359,-31],[-244,162],[-334,-4],[-181,-131],[-45,-169],[-302,-337],[-152,-305],[-839,-190],[286,542],[24,217],[-433,266],[-324,-8],[-348,135],[-488,337],[-295,378],[-602,199],[-167,176],[-540,288],[-248,300],[-615,186],[-208,-6],[-270,187],[-167,249],[-408,-108],[-553,-322],[-581,-153],[-834,-621],[-794,-29],[-315,-473],[-1336,-1245],[-115,-322],[0,-538],[-519,-587],[-140,-492],[-155,-257],[-258,-321],[-756,-294],[-208,12],[-181,162],[-532,21],[-198,-266],[-827,-207],[-1442,95],[-1294,1379],[-447,323]],[[1698165,1794785],[18,-691],[110,-257],[189,-154],[-88,-845],[-481,-1578],[-253,-415],[93,-298],[-5,-419],[-202,-435],[-84,-518],[409,-1114],[84,-477],[-152,-203],[-33,-572],[-291,-468],[-351,-381],[-527,-1119],[-63,-397],[143,-647],[-80,-605],[72,-882],[-418,-386],[-535,-667],[-397,-1061],[258,-377],[324,-244],[127,-916],[-224,-311],[519,-662],[118,-510],[300,-443],[-5,-643],[85,-339],[371,-726],[207,-165],[982,418],[1291,-654],[451,-734],[627,-1615],[-122,-561],[-220,-497],[-364,-802],[-287,-337],[86,-484],[319,-521],[647,-309],[768,-737],[723,-1194],[621,-756],[796,-663],[370,-167],[1358,419]],[[1600959,1716324],[-801,844],[-220,1106],[-483,533],[-138,601],[-69,833],[525,1038],[-96,737],[180,1120],[-318,574],[97,792],[401,492],[636,327],[400,41],[912,300],[719,-27],[290,95],[332,451],[691,559],[428,724],[871,450],[304,301],[221,341],[207,574],[180,136],[42,710],[193,478],[650,246],[911,-158],[1133,243],[639,202],[1724,776],[537,106],[1728,-755],[447,5],[856,252],[464,559],[848,286],[773,578],[1413,723],[1262,869],[624,956],[126,552],[391,353],[467,888],[647,706],[239,546],[131,722],[265,482],[712,452],[351,537],[-257,1531],[42,642],[-138,177],[-456,1134],[97,614],[401,629],[318,928],[374,328],[289,99],[996,665],[55,314],[366,365],[1234,410],[366,400],[904,509],[299,949],[305,466],[62,288],[414,597],[762,1428],[1408,860],[135,888],[-128,527],[106,394],[321,529],[276,127],[696,566],[974,358],[190,191],[-169,435],[-82,523],[-206,321],[649,295],[817,652],[447,212],[368,476],[-690,225],[-140,192],[74,1127],[122,356],[-12,608],[166,399],[197,1539],[-247,744],[-588,293],[-62,262],[266,369],[110,350],[238,119],[386,-53],[-6,320],[89,169],[944,585]],[[1655301,1807016],[336,-44],[474,405],[410,-87],[1047,-1343],[363,-37],[381,-393],[1017,-363],[212,-734],[152,-272],[221,-76],[505,72],[470,-285],[426,-101],[37,-447],[385,-90],[345,-224],[217,-79],[507,378],[261,76],[312,-285],[393,108],[1733,-396],[132,10],[283,253],[525,69],[84,-58],[-68,-383],[60,-174],[416,166],[410,-283],[513,-47],[460,-513],[220,240],[111,19],[571,-146],[516,-4],[281,-271],[1039,-1577],[372,-260],[368,-57],[434,-405],[220,80],[373,541],[342,118],[348,-471],[169,-98],[557,71],[412,-369],[186,-36],[1319,91],[395,-487],[164,-25],[329,153],[156,-32],[436,-421],[624,-33],[14,-569],[407,-597],[314,-1045],[3531,1728],[461,35],[351,-128],[21,-221],[-199,-510],[34,-108],[482,78],[165,181],[80,835],[118,287],[157,112],[312,-409],[232,-176],[292,-28],[123,76],[120,615],[-8,476],[-35,311],[-372,359],[119,380],[369,487],[218,528],[130,80],[795,-117],[525,116]],[[1807036,2054619],[-461,-353],[-556,-2],[-251,-90],[-465,-338],[-176,-780],[-949,-607],[-571,-640],[-229,-1135],[-357,-1128],[-211,-345],[-547,-385],[-1133,-1458],[-404,-310],[-1839,-595],[-1043,-169],[-1083,115],[-760,-395],[-390,103],[-568,461],[-710,369],[-483,569],[-337,145],[-127,-42],[-116,-362],[-228,-93],[-858,403],[-1634,373],[-443,208],[-348,776],[-439,66],[-1228,406],[-916,88],[-274,114],[-306,310],[-348,726],[-117,703],[-1246,872],[-114,1858],[129,213],[383,1479],[-467,968],[-175,1040],[-574,566],[-1134,275],[-1027,618],[-1401,458],[-854,473],[-374,303],[-400,513],[-562,1553],[-41,382],[146,632],[-169,695],[-359,248],[-228,370],[38,452],[-993,1038],[-1117,372],[-633,687],[253,456],[42,278],[-485,1092],[-186,213],[-428,-140],[-236,11],[-393,160],[-591,11],[-214,144],[-298,315],[-196,613],[-276,282],[-222,398],[-689,723],[-461,282],[-416,1149],[-399,282],[-535,210],[-545,45],[-624,-173],[-103,-206],[62,-422],[-143,-304],[-424,-373],[-525,-689],[-325,-95],[-334,138],[-439,398],[-527,319],[-203,311],[-314,280],[-1320,142],[-302,112],[-132,212]],[[1708874,1766357],[393,720],[400,83],[223,177],[149,345],[718,1004],[180,475],[262,361],[92,549],[490,290],[132,-13],[152,-161],[198,-27],[145,277],[276,195],[213,779],[374,430],[72,328],[254,366],[108,367],[364,97],[356,343],[831,496],[392,463],[129,213],[-41,311],[-398,960],[-26,228],[83,748],[539,87],[189,140],[232,455],[377,209],[307,294],[929,321],[181,316],[-127,278],[482,317],[904,109],[200,180],[125,340],[826,691],[591,-5],[394,136],[580,546],[93,-77],[75,58],[-19,169],[119,185],[473,262],[389,60],[612,-134],[407,9],[489,239],[414,418],[541,888],[214,710],[-46,295],[-221,255],[-69,532],[204,255],[78,469],[166,295],[1068,985],[92,398],[-78,949],[171,360],[75,398],[340,273],[159,430],[874,296],[1175,81],[308,384],[172,832],[673,-11],[1207,159],[412,347],[86,193],[-96,396],[143,370],[298,259],[30,258],[410,485],[148,16],[533,416],[941,233],[1042,434],[951,770],[464,864],[402,173],[15,102],[472,400],[444,127],[331,-250],[570,-109],[242,69],[1225,-254],[453,-325],[662,65],[239,280],[520,226],[-198,397],[-357,287],[-78,374],[-365,336],[-182,61],[-277,404],[-457,237],[-235,592],[75,331],[-79,297],[421,55],[128,375],[-149,392],[363,165],[93,130],[150,266],[114,512],[455,141],[339,507],[-365,219],[-122,361],[395,961],[649,232],[210,222],[34,245],[462,233],[233,283],[883,407],[631,139],[494,399],[107,233],[519,287],[155,12]],[[1736022,1821334],[99,-485],[-72,-311],[-231,-309],[-372,27],[-463,236]],[[1817154,1967273],[4629,-17715]],[[1911182,2138665],[423,60],[270,-86],[364,-235],[82,-214],[445,-90],[32,-247],[117,-125],[967,135],[206,-316],[-13,-161],[216,-216],[28,-328],[278,-180],[301,59],[311,187],[241,-16],[172,-120],[247,21],[337,150],[261,405],[344,69],[901,-505],[388,48],[138,-112],[428,611],[324,124],[186,-189],[198,-544],[592,-340],[400,-130],[750,499],[465,45],[692,-124],[-571,734],[-346,55],[326,209],[-114,265],[-108,1091],[-182,886],[-75,1131],[517,1667],[-60,498],[-587,496],[297,1815],[410,730],[44,499],[91,150],[875,476],[772,1204],[840,1102],[325,1521],[195,-88],[226,-256],[-176,-570],[71,-991],[-49,-536],[235,-556],[210,-313],[346,-198],[1044,-117],[170,-204],[104,-307],[-254,-304],[-519,-190],[-14,-332],[130,-155],[524,23],[697,631],[431,206],[332,43],[861,-145],[411,-183],[333,-235],[318,-500],[168,-71],[213,10],[738,378],[337,-45],[976,-569],[297,-322],[272,-497],[225,81],[362,373],[248,-49],[411,-1163],[273,-199],[-9,-431],[135,-77],[249,64],[293,393],[-68,804],[70,319],[185,197],[125,-103],[166,-533],[-183,-1162],[34,-255],[118,-296],[784,-995],[25,-313],[-120,-561],[163,-478],[441,-628],[393,-212],[444,-373],[4,-134],[-243,-170],[0,-112],[107,-95],[431,167],[783,568],[180,400],[572,-72],[118,-305],[453,-240],[-73,-137],[-264,-171],[-614,-53],[-126,-118],[-59,-316],[236,-813],[222,-119],[177,81],[167,224],[221,22],[209,-105],[142,-190],[-50,-139],[61,-107],[634,-179],[299,44]],[[1842578,2030592],[115,-379],[-11,-445],[-105,-321],[-295,-383],[-433,-321],[-84,-177],[32,-165],[-591,-145],[-1803,-1109],[-592,-671],[112,-387],[-202,-33],[-326,-320],[-1193,-370],[-1034,-785],[-748,-155],[-360,-486],[-568,-348],[-990,-1215],[-225,-398],[-62,-315],[-1124,-690],[-338,-310],[-629,-933],[-152,-465],[-236,-392],[-310,-348],[-1344,-2121],[-596,-1276],[-202,-912],[-771,-1718],[124,-768],[-737,-757],[-551,-1403],[-292,-116],[-152,160],[-320,66],[-419,22],[-113,-85],[-5,-221],[185,-303],[-43,-141],[-296,-299],[-770,-1475],[80,-154],[377,-72],[337,-327],[-25,-192],[-304,-98],[-109,-373],[-446,-29],[-822,122],[-84,-62],[-50,-289],[-235,-50],[-468,213],[-667,-304],[-416,52],[-349,188],[-120,240],[-450,208],[-630,-53],[-442,260],[-298,-11],[-188,-282],[-450,-210],[-256,99],[-464,-38],[-362,320],[-282,119],[-390,-100],[-444,5]]]}
