{"type":"Topology","bbox":[-74.93334524790849,1.6177308786148012,-71.07752661029895,4.8991019811170275],"transform":{"scale":[0.000003385120954067422,0.0000034456095261769775],"translate":[-81.73562055563167,-4.229406466336059]},"objects":{"MGN_ADM_MPIO_GRAFICO":{"type":"GeometryCollection","geometries":[{"type":"Polygon","arcs":[[-18,41,42,43,44,45]],"bbox":[-73.76824077745374,3.935023881302234,-73.17499156001152,4.288502071373678],"properties":{"dpto_ccdgo":"50","mpio_ccdgo":"001","mpio_cdpmp":"50001","dpto_cnmbr":"META","mpio_cnmbr":"VILLAVICENCIO"}},{"type":"Polygon","arcs":[[46,47,-20,-19,-46,48]],"bbox":[-74.0371886372544,3.842430016505281,-73.41599186121539,4.2039226943346115],"properties":{"dpto_ccdgo":"50","mpio_ccdgo":"006","mpio_cdpmp":"50006","dpto_cnmbr":"META","mpio_cnmbr":"ACACÍAS"}},{"type":"Polygon","arcs":[[34,49,-6,33]],"bbox":[-73.09177851671863,4.354678447933434,-72.8429552009899,4.736324495881373],"properties":{"dpto_ccdgo":"50","mpio_ccdgo":"110","mpio_cdpmp":"50110","dpto_cnmbr":"META","mpio_cnmbr":"BARRANCA DE UPÍA"}},{"type":"Polygon","arcs":[[50,-7,-50,35,51]],"bbox":[-73.12491208061705,4.150102273535728,-72.73890673822474,4.475212760378156],"properties":{"dpto_ccdgo":"50","mpio_ccdgo":"124","mpio_cdpmp":"50124","dpto_cnmbr":"META","mpio_cnmbr":"CABUYARO"}},{"type":"Polygon","arcs":[[52,53,54,-47]],"bbox":[-73.74213472465597,3.705535950030269,-73.35737849189572,3.9207762859114936],"properties":{"dpto_ccdgo":"50","mpio_ccdgo":"150","mpio_cdpmp":"50150","dpto_cnmbr":"META","mpio_cnmbr":"CASTILLA LA NUEVA"}},{"type":"Polygon","arcs":[[55,56,57,58,59,-2,60]],"bbox":[-74.39890573680127,3.7043127586484763,-73.72574396899638,4.014486528194928],"properties":{"dpto_ccdgo":"50","mpio_ccdgo":"223","mpio_cdpmp":"50223","dpto_cnmbr":"META","mpio_cnmbr":"CUBARRAL"}},{"type":"Polygon","arcs":[[-8,-51,61,62,-9]],"bbox":[-73.57448322428483,4.14680137960965,-73.03754887903447,4.373432900584415],"properties":{"dpto_ccdgo":"50","mpio_ccdgo":"226","mpio_cdpmp":"50226","dpto_cnmbr":"META","mpio_cnmbr":"CUMARAL"}},{"type":"Polygon","arcs":[[63,-42,-17,-16,-15,64]],"bbox":[-73.81157032566581,4.272442085372168,-73.5996685241831,4.462184910759682],"properties":{"dpto_ccdgo":"50","mpio_ccdgo":"245","mpio_cdpmp":"50245","dpto_cnmbr":"META","mpio_cnmbr":"EL CALVARIO"}},{"type":"Polygon","arcs":[[65,66,67,68,-58]],"bbox":[-74.0455972777043,3.5021037179952543,-73.74330597650608,3.751348774290318],"properties":{"dpto_ccdgo":"50","mpio_ccdgo":"251","mpio_cdpmp":"50251","dpto_cnmbr":"META","mpio_cnmbr":"EL CASTILLO"}},{"type":"Polygon","arcs":[[69,-66,-57]],"bbox":[-73.90281964610365,3.6505199027258017,-73.76423617936508,3.7677292019777635],"properties":{"dpto_ccdgo":"50","mpio_ccdgo":"270","mpio_cdpmp":"50270","dpto_cnmbr":"META","mpio_cnmbr":"EL DORADO"}},{"type":"Polygon","arcs":[[70,71,72,73]],"bbox":[-73.74633904488093,3.2309239114565473,-73.42343912731434,3.5510486013145988],"properties":{"dpto_ccdgo":"50","mpio_ccdgo":"287","mpio_cdpmp":"50287","dpto_cnmbr":"META","mpio_cnmbr":"FUENTE DE ORO"}},{"type":"Polygon","arcs":[[-73,74,75,-68,76]],"bbox":[-73.88128689171482,3.360943986926836,-73.64102116175798,3.646068175217981],"properties":{"dpto_ccdgo":"50","mpio_ccdgo":"313","mpio_cdpmp":"50313","dpto_cnmbr":"META","mpio_cnmbr":"GRANADA"}},{"type":"Polygon","arcs":[[-55,77,-61,-1,-21,-48]],"bbox":[-74.20240623565957,3.8033705869165377,-73.71196991183427,4.0779133083527945],"properties":{"dpto_ccdgo":"50","mpio_ccdgo":"318","mpio_cdpmp":"50318","dpto_cnmbr":"META","mpio_cnmbr":"GUAMAL"}},{"type":"Polygon","arcs":[[26,27,78,79,80,81,82]],"bbox":[-72.91595533436437,2.725477113233068,-71.07752661029895,3.486408966603518],"properties":{"dpto_ccdgo":"50","mpio_ccdgo":"325","mpio_cdpmp":"50325","dpto_cnmbr":"META","mpio_cnmbr":"MAPIRIPÁN"}},{"type":"Polygon","arcs":[[83,84,85,86]],"bbox":[-74.3015496581623,2.5701352533549056,-73.95067848615226,3.6454376286746903],"properties":{"dpto_ccdgo":"50","mpio_ccdgo":"330","mpio_cdpmp":"50330","dpto_cnmbr":"META","mpio_cnmbr":"MESETAS"}},{"type":"Polygon","arcs":[[31,32,-5,87,88]],"bbox":[-74.75083306654899,1.6177308786148012,-73.44175263167585,2.639891618212358],"properties":{"dpto_ccdgo":"50","mpio_ccdgo":"350","mpio_cdpmp":"50350","dpto_cnmbr":"META","mpio_cnmbr":"LA MACARENA"}},{"type":"Polygon","arcs":[[-86,89,-88,-4,-24,-23,-22,-3,-60,90]],"bbox":[-74.93334524790849,2.507142619997338,-73.93356331460849,3.787382958715078],"properties":{"dpto_ccdgo":"50","mpio_ccdgo":"370","mpio_cdpmp":"50370","dpto_cnmbr":"META","mpio_cnmbr":"URIBE"}},{"type":"Polygon","arcs":[[-69,-76,91,-87,-91,-59]],"bbox":[-74.25510241355154,3.4454957990896924,-73.85816313047759,3.806633579137827],"properties":{"dpto_ccdgo":"50","mpio_ccdgo":"400","mpio_cdpmp":"50400","dpto_cnmbr":"META","mpio_cnmbr":"LEJANÍAS"}},{"type":"Polygon","arcs":[[28,92,-79]],"bbox":[-72.94170933458292,2.5242362888567023,-72.43590117650521,3.020776186455014],"properties":{"dpto_ccdgo":"50","mpio_ccdgo":"450","mpio_cdpmp":"50450","dpto_cnmbr":"META","mpio_cnmbr":"PUERTO CONCORDIA"}},{"type":"Polygon","arcs":[[25,-83,93,94,39,40,24]],"bbox":[-72.40671466363924,3.2728500881710696,-71.07756384662943,4.8991019811170275],"properties":{"dpto_ccdgo":"50","mpio_ccdgo":"568","mpio_cdpmp":"50568","dpto_cnmbr":"META","mpio_cnmbr":"PUERTO GAITÁN"}},{"type":"Polygon","arcs":[[36,37,38,-95,95,96,-44,97,-62,-52]],"bbox":[-73.26026275684448,3.6372232955642847,-72.06844291182024,4.441549155307408],"properties":{"dpto_ccdgo":"50","mpio_ccdgo":"573","mpio_cdpmp":"50573","dpto_cnmbr":"META","mpio_cnmbr":"PUERTO LÓPEZ"}},{"type":"Polygon","arcs":[[-81,98,99,100,-71,101]],"bbox":[-73.60019321793098,2.9202333004811694,-72.875743482551,3.4982274072783053],"properties":{"dpto_ccdgo":"50","mpio_ccdgo":"577","mpio_cdpmp":"50577","dpto_cnmbr":"META","mpio_cnmbr":"PUERTO LLERAS"}},{"type":"Polygon","arcs":[[29,102,-99,-80,-93]],"bbox":[-73.51913649668583,2.412567529722832,-72.8256809287613,3.092375952408972],"properties":{"dpto_ccdgo":"50","mpio_ccdgo":"590","mpio_cdpmp":"50590","dpto_cnmbr":"META","mpio_cnmbr":"PUERTO RICO"}},{"type":"Polygon","arcs":[[-63,-98,-43,-64,103,-10]],"bbox":[-73.63287656074249,4.129945457807592,-73.11040683732887,4.462060868816739],"properties":{"dpto_ccdgo":"50","mpio_ccdgo":"606","mpio_cdpmp":"50606","dpto_cnmbr":"META","mpio_cnmbr":"RESTREPO"}},{"type":"Polygon","arcs":[[-45,-97,104,-53,-49]],"bbox":[-73.45873916862335,3.6906336888295534,-73.07854607890918,3.984830167003123],"properties":{"dpto_ccdgo":"50","mpio_ccdgo":"680","mpio_cdpmp":"50680","dpto_cnmbr":"META","mpio_cnmbr":"SAN CARLOS DE GUAROA"}},{"type":"Polygon","arcs":[[-75,-72,-101,105,-84,-92]],"bbox":[-74.0565786100793,3.121529254609955,-73.46111213841216,3.502079598728571],"properties":{"dpto_ccdgo":"50","mpio_ccdgo":"683","mpio_cdpmp":"50683","dpto_cnmbr":"META","mpio_cnmbr":"SAN JUAN DE ARAMA"}},{"type":"Polygon","arcs":[[-11,-104,-65,-14,-13,-12]],"bbox":[-73.74675541475828,4.358844189850581,-73.56776375919101,4.5624762672381145],"properties":{"dpto_ccdgo":"50","mpio_ccdgo":"686","mpio_cdpmp":"50686","dpto_cnmbr":"META","mpio_cnmbr":"SAN JUANITO"}},{"type":"Polygon","arcs":[[-54,-105,-96,-94,-82,-102,-74,-77,-67,-70,-56,-78]],"bbox":[-73.78764090564151,3.239307079433736,-72.27975570225694,3.8113230537029548],"properties":{"dpto_ccdgo":"50","mpio_ccdgo":"689","mpio_cdpmp":"50689","dpto_cnmbr":"META","mpio_cnmbr":"SAN MARTÍN"}},{"type":"Polygon","arcs":[[-100,-103,30,-89,-90,-85,-106]],"bbox":[-74.05836256882209,2.3239602351476654,-73.06955858277614,3.24728021987731],"properties":{"dpto_ccdgo":"50","mpio_ccdgo":"711","mpio_cdpmp":"50711","dpto_cnmbr":"META","mpio_cnmbr":"VISTAHERMOSA"}}]}},"arcs":[[[2240672,2389782],[-581,241],[-187,220],[-155,402],[-18,694],[-167,874],[-528,568],[-837,296],[-358,478],[-1738,-83],[-1082,-539],[-326,-18],[-607,157],[-777,534],[-979,-1002],[-275,-759],[-1200,-923],[-1132,521],[-704,510],[-624,180],[-421,254],[-451,738],[-99,43],[-946,-174],[-1090,-536]],[[2225390,2392458],[-596,121],[-541,-30],[-1672,-878],[-1615,-134],[-57,-145],[23,-645],[-124,-245],[-530,-468],[-260,-557],[-688,-790],[-169,-301],[-1354,-1269],[-485,-668],[-175,-844],[-29,-740],[-489,-858],[-389,-978],[164,-690],[-21,-299],[-970,-895],[-446,-670],[-525,-1067],[-259,-1272],[-960,-2015],[-69,-780],[-131,-191],[-459,-425],[-651,-384],[-290,-272],[-636,-873],[-121,-7],[-693,335],[-1032,202],[-382,-14],[-325,-195],[-99,-161],[49,-230],[630,-1542],[403,-1961],[85,-683],[-70,-1500],[-127,-105],[-198,-21],[-904,440],[-680,-196],[-693,153],[-1568,-514],[-495,-255],[-405,-362],[-226,-395],[-86,-677],[-164,-201],[19,-475],[-245,-1040],[18,-739],[-662,-1604],[-504,-493],[-667,-1492],[-958,-945],[-644,-948],[-461,-432],[-1201,-1557],[-1289,-1081],[-154,-62],[-693,159],[-1192,-190],[-943,727],[-354,579],[-445,272],[-1351,-1738],[-551,-328],[-85,-154],[-141,-516],[299,-441],[309,-771],[248,-302],[538,-2062],[233,-573],[727,-1119],[116,-297],[1042,-1286],[297,-612],[155,-612],[26,-191],[-258,-880],[-426,-918],[-271,-918],[51,-230],[827,-395],[1318,-38],[233,-76],[228,-265],[535,-1010],[504,-434],[142,-280],[130,-804],[-39,-306],[-310,-1453],[-478,-1161],[-284,-280],[-258,-64],[-621,127],[-1007,-153],[-285,89],[-232,191],[-323,64],[-401,-128],[-297,-268],[-1176,-497],[-1068,-167],[-122,177],[-115,1150],[-220,1135],[-168,178],[-311,153],[-503,89],[-569,255],[-801,217],[-285,-13],[-129,-153],[-542,-1276],[-1021,77],[-846,-141],[-91,-212],[240,-770],[0,-306],[-479,-1779],[-216,-190],[-196,-8],[-957,638],[-297,63],[-284,-63],[-1535,-1377],[-581,-164],[-852,-22],[-16,-146],[243,-190],[152,-265],[-37,-1558],[-120,-143],[-703,-282],[-598,-385],[-268,-313],[-329,-699],[-220,-289],[-524,-373],[-256,-433],[-55,-712],[-139,-291],[-294,-50],[-524,318],[-715,169],[-298,-109],[-914,-622],[-1184,-414],[-146,-145],[64,-470],[-77,-252],[137,-583],[-79,-248],[-202,-171],[-734,-107],[-375,-135],[-907,-668],[-489,-114],[-1469,-839],[-828,-271],[130,-391],[648,-561],[187,-433],[252,-320],[152,-419],[612,-547],[123,-1322],[-115,-1003],[-763,-632],[-252,-71],[-180,42],[-375,469],[-561,455],[-649,128],[-237,-93],[-432,-682],[-21,-491],[286,-1343]],[[2167628,2314384],[-374,-668],[-177,-689],[-520,-859],[-751,65],[-514,-163],[-283,26],[-975,435],[-752,598],[-615,139],[-261,-16],[-92,-96]],[[2009463,2071863],[537,127],[945,-1048],[1722,-242],[615,-605],[246,-725],[124,-121],[-246,-363],[122,-242],[493,-1935],[491,-483],[246,-484],[494,-484],[307,-544],[616,-363],[307,182],[246,483],[248,242],[122,484],[493,0],[0,242],[246,725],[369,0],[737,242],[370,0],[0,242],[370,967],[985,968],[369,1451],[370,0],[367,121],[739,725],[740,242],[491,363],[1479,605],[367,362],[124,484],[370,0],[1600,363],[124,121],[61,-61],[3261,-302],[245,-121],[740,242],[491,-121],[494,-484],[491,-121],[494,121],[984,484],[370,363],[2522,-2358],[800,302],[370,363],[307,907],[-183,302],[367,726],[615,604],[494,242],[491,484],[494,242],[1970,242],[367,362],[370,968],[248,0],[1291,423],[185,544],[246,0],[739,363],[369,363],[122,484],[248,-1],[246,121],[491,484],[246,121],[248,-121],[1106,-1088],[308,-544],[553,-303],[618,-604],[245,-484],[122,-363],[-122,-363],[-248,-241],[-245,-484],[-246,-1209],[-246,-242],[-369,-726],[124,-242],[982,-967],[124,-967],[246,-1],[248,-120],[246,-242],[1476,-242],[493,-242],[-247,-726],[124,-604],[491,-968],[369,-1572],[-245,-1088],[124,-484],[737,-725],[493,-1209],[616,-605],[491,-121],[0,-242],[432,-786],[553,-181],[985,241],[739,-241],[246,121],[985,967],[739,363],[1600,-484],[1352,363],[864,363],[369,0],[0,483],[615,0],[737,242],[616,-363],[985,-241],[493,-242],[985,-121],[0,363],[122,362],[124,968],[245,0],[740,363],[1476,241],[1231,484],[493,484],[491,242],[246,242],[1970,362],[985,-242],[493,121],[1353,605],[1600,-363],[1230,-484],[985,-241],[1725,-242],[121,-121],[124,-484],[-245,-1088],[121,-605],[124,-121],[-245,-604],[121,-484],[1848,-1814],[-248,-363],[248,-604],[-431,-1875],[1047,-1149],[121,-362],[-245,-605],[369,-484],[246,-1451],[370,-1330],[-124,-605],[-616,-604],[-1291,-544],[-309,-545],[-491,-483],[-124,-242],[677,-1270],[553,-302],[370,-363],[124,-363],[-370,-846],[-124,-726],[124,-725],[494,-484],[122,-363],[-370,-846],[-122,-726],[0,-726],[492,1],[0,-484],[861,0],[1232,242],[368,-121],[-246,-605],[370,-2418],[491,-1452],[248,-1209],[246,-484],[369,-362],[492,-242],[369,-363],[492,-967],[124,-968],[245,0],[370,-242],[370,-967],[-246,-484],[122,-242],[369,-1814],[-245,-725],[0,-363],[860,0],[1849,-242],[2091,242],[1107,-121],[1724,-483],[-615,-1331],[-678,-423],[-307,-544],[-246,-242],[-246,-967],[-615,-363],[-617,-605],[-246,-484],[-122,-725],[122,-726],[246,-242],[247,-483],[370,-1572],[-124,-605],[-615,-363],[-370,-362],[-245,-1210],[-246,-483],[-124,-121],[-739,-242],[-370,-363],[-246,-484],[-245,-241],[-124,-726],[248,-1451],[245,0],[1231,-363],[1230,-121],[1231,121],[246,121],[739,-363],[246,-242],[1230,-483],[494,-484],[-246,-484],[-493,-1572],[245,-1209],[1355,0],[1354,-121],[492,-242],[739,-725],[739,-242],[985,-484],[370,-363],[121,-725],[1479,0],[-2,-242],[124,-242],[245,-242],[863,-1572],[-369,-363],[-246,-725],[-1478,-1451],[-246,-968],[-246,-484],[-245,-241],[-494,-1693],[-124,-726],[0,-726],[-122,-483],[-615,-605]],[[2107937,1992581],[-615,-121],[-863,242],[-246,0],[-122,-484],[-369,-362],[-246,-121],[-248,0],[-122,-968],[-248,-242],[-245,-483],[-246,-1210],[-370,-241],[-369,241],[-122,242],[0,242],[-1230,121],[-248,242],[-370,121],[-615,-242],[-246,0],[-122,-1693],[-124,-242],[0,-242],[-245,0],[-711,-470],[-768,-376],[-737,-242],[-369,-605],[-370,-363],[-985,-483],[-739,-242],[-1107,-1088],[-245,-484],[-494,-484],[-370,-1209],[370,-1209],[494,-968],[121,-363],[0,-362],[-245,0],[-246,-121],[-1970,-1935],[-1230,-242],[-494,-242],[-246,-242],[-491,-241],[-1479,-1452],[-245,-121],[-246,0],[-246,-725],[0,-242],[-245,0],[-248,-121],[-615,-605],[-246,-483],[-491,-484],[-248,-484],[-368,-362],[-739,-363],[-246,0],[0,-726],[122,-725],[739,-968],[246,-1451],[370,-242],[245,0],[0,-604],[124,-605],[122,-121],[-122,-121],[-245,-725],[-740,-726],[-124,-363],[740,-2297],[-246,-363],[1231,-1209],[1230,-484],[491,-242],[248,-242],[1231,-484],[1231,-241],[369,-363],[246,-726],[245,-1209],[246,-484],[370,-363],[615,-362],[248,-968],[246,-483],[245,-242],[370,-605],[-370,-363],[-124,-241],[0,-242],[-1600,241],[-1846,-241],[0,-484],[-245,0],[-370,-242],[-122,-484],[492,-3265],[-124,-1088],[-737,-1451],[-246,-1209],[-985,-3144],[-248,-484],[-985,-968],[-121,-241],[121,-242],[370,-1693],[-246,-726],[494,-846],[-124,-121],[-246,-968],[-248,-1451],[-121,-121],[-1109,-121],[-1107,121],[-370,121],[-369,-121],[-122,-121],[-370,242],[-739,-363],[-739,-241],[-861,-847],[-739,-1451],[-246,-242],[-246,-967],[-493,-484],[-246,-1209],[-245,-484],[-246,-242],[-246,-725],[-248,-1452],[-491,-483],[-246,-1693],[-369,-363],[121,-121],[124,-605],[-124,-604],[-245,-242],[-246,-484],[-246,-967],[-739,-968],[-246,-483],[-984,-968],[-494,-967],[-246,-242],[-369,-726],[0,-241],[-1107,0],[-1109,-121],[-121,-121],[-985,-1935],[-246,-726],[-494,-483],[-245,-484],[-494,-1451],[-246,-1209],[-245,-726],[-492,-967],[-247,-242],[-246,-1210],[-246,-2176],[-369,-484],[369,-725],[122,-605],[-367,-1572],[-494,-484],[-122,-242],[246,-483],[-124,-242],[-246,-2419],[-493,-1209],[-737,-2177],[-124,-604],[0,-605],[-246,0],[-246,-121],[616,-605],[121,-241],[0,-242],[248,0],[1722,-605],[124,-121],[370,363],[985,242],[491,483],[-246,363],[0,242],[492,0],[0,967],[369,0],[616,-241],[245,0],[0,-242],[124,-242],[492,-484],[369,-967],[-245,-484],[0,-242],[-492,0],[0,-242],[122,-241],[370,-363],[739,-242],[491,-242],[494,-363],[491,242],[246,-121],[493,-483],[492,-121],[493,121],[-124,120],[-369,1452],[124,483],[739,1451],[491,484],[491,1693],[124,121],[3325,363],[1352,-242],[-367,-1209],[-370,-363],[-985,-242],[-369,-363],[-246,-483],[-124,-484],[124,-484],[370,-363],[982,-121],[985,121],[124,121],[246,-725],[124,-121],[985,-242],[491,-242],[246,-363],[0,-242],[493,0],[0,-1209],[246,0],[245,-121],[985,-725],[494,-242],[861,-121],[861,0],[0,-484],[248,0],[1476,-725],[246,121],[861,121],[863,-121],[985,-968],[491,-242],[-124,-121],[-122,-725],[122,-726],[124,-121],[985,-242],[246,-362],[-246,-726],[246,-1330],[-246,-1209],[0,-363],[-1600,-242],[-1109,0],[-122,-1209],[-245,-726],[-248,-242],[-368,-967],[0,-242],[-617,0],[-616,-121],[370,-605],[370,-362],[245,-121],[370,242],[124,-121],[2215,-726],[616,-363],[121,121],[1479,484],[246,242],[369,121],[370,0],[0,-726],[246,-1209],[0,-484],[245,0],[2216,-1088],[248,-242],[-248,-363],[248,-362],[615,-121],[615,0],[0,-242],[246,-363],[615,-121],[615,0],[0,242],[246,484],[0,241],[739,121],[492,484],[1232,484],[122,121],[124,363],[0,362],[737,121],[370,363],[124,605],[0,604],[491,0],[494,-121],[985,-967],[245,-121],[246,121],[739,121],[739,0],[-2,-968],[1724,0],[0,-241],[124,-242],[492,-484],[124,-846],[0,-847],[-246,0],[-739,-484],[-246,0],[0,-242],[246,-483],[0,-242],[245,0],[494,-363],[-124,-121],[-246,-725],[-124,-1089],[124,-1088],[122,-363],[-122,-363],[-124,-121],[492,-362],[248,0],[0,-484],[-246,0],[-370,-242],[-248,-1451],[-121,-121],[-616,-121],[-615,0],[-124,484],[-246,242],[-369,-363],[-739,-242],[-246,-363],[0,-242],[-491,0],[0,-241],[245,-363],[-124,-121],[-121,-363],[0,-363],[245,0],[370,-242],[245,-725],[492,-484],[248,-483],[245,-726],[370,-242],[246,0],[0,-967],[739,0],[-124,-968],[-124,-242],[248,-725],[0,-605],[1231,-242],[737,-242],[863,-846],[121,-484],[248,0],[368,-242],[248,-725],[121,-121],[370,-121],[861,363],[1109,121],[1106,-121],[616,-605],[369,363],[494,242],[1119,268],[-126,136],[160,135],[401,-537],[426,-159],[105,138],[81,-47],[110,210],[124,-39],[-66,-155],[284,-144],[-54,-79],[86,-79],[94,-42],[218,178],[119,-138],[611,1200],[-246,605],[0,363],[246,0],[1354,-726],[246,-1693],[245,-967],[370,-605],[-246,-242],[370,-604],[737,-726],[248,-484],[246,-241],[615,362],[246,242],[1724,242],[-246,242],[491,484],[985,483],[370,363],[246,484],[215,212],[400,392],[493,242],[368,121],[369,-121],[494,-483],[246,-121],[615,241],[370,0],[0,847],[121,846],[494,1210],[246,242],[124,-121],[737,-242],[124,-121],[615,604],[369,121],[861,-241],[0,241],[124,242],[616,605],[861,121],[861,0],[0,363],[123,362],[124,121],[-124,121],[-369,847],[246,604],[-246,484],[0,242],[369,0],[1355,363],[122,121],[493,-484],[124,-242],[-124,-242],[-124,-725],[124,-726],[246,-242],[246,-2418],[369,-363],[-245,-242],[245,-242],[616,-363],[369,-1934],[-491,-1572],[0,-363],[-1231,0],[0,-484],[-248,-725],[124,-242],[861,-847],[-121,-121],[-124,-483],[124,-484],[121,-121],[246,-121],[370,242],[615,-363],[248,-242],[491,-121],[0,-483],[246,0],[1230,-363],[124,-121],[124,-726],[1231,-242],[0,-362],[122,-363],[493,-484],[370,242],[245,0],[0,242],[246,363],[739,242],[1231,241],[491,363],[370,-242],[369,-604],[616,-121],[615,121],[370,604],[861,-846],[2463,-121],[0,-242],[-370,-484],[-493,-967],[-492,-484],[-123,-242],[0,-241],[493,0],[1722,362],[246,242],[617,363],[246,-484],[122,-725],[369,0],[370,-121],[245,-242],[1231,-363],[1479,484],[615,-242],[369,121],[492,484],[245,121],[494,-242],[861,483],[246,726],[124,-121],[739,-242],[122,-121],[124,121],[739,121],[737,0],[0,-725],[124,-726],[369,363],[985,121],[983,0],[2,-242],[122,-242],[370,-363],[615,-363],[105,-558],[1342,-963],[1259,-1463],[-82,25],[-106,-603],[158,131],[261,-81],[236,27],[211,-242],[-11,-223],[126,-326],[82,-41],[180,155],[359,-470],[1337,-346],[4785,138],[3588,553],[2885,70],[1478,-70],[4081,-691],[2392,0],[6122,-345],[4785,138],[2111,-69],[3236,-622],[1689,-484],[1407,-1521],[634,-2489],[211,-1659],[140,-2212],[1408,-2489],[1618,-1659],[1900,-2696],[2251,-2488],[1408,-968],[351,-370],[98,0],[0,484],[985,0],[0,-242],[369,-483],[124,-726],[492,0],[0,-242],[245,-363],[1231,-362],[493,121],[246,241],[370,121],[1354,-604],[246,-242],[491,-121],[0,-242],[124,-242],[124,-121],[367,-121],[1109,363],[246,242],[1109,363],[370,0],[0,-242],[367,-726],[248,-242],[245,242],[124,-121],[983,-120],[985,120],[615,1089],[124,725],[492,0],[0,726],[-246,0],[-246,121],[-369,363],[-370,1209],[124,242],[124,725],[861,0],[1600,-242],[0,-483],[122,-484],[124,-121],[1600,-121],[1600,121],[861,363],[1355,-363],[124,-121],[121,-363],[-121,-362],[-124,-121],[491,-484],[494,-242],[2461,-484],[739,-725],[739,-242],[122,-121],[246,-1935],[247,-483],[368,-242],[1970,604],[493,484],[985,363],[246,0],[0,-484],[245,0],[370,-242],[615,363],[246,242],[985,242],[246,242],[369,120],[370,-120],[1724,-242],[246,-121],[739,363],[615,120],[985,1],[368,-121],[369,-363],[246,-484],[369,-363],[494,-242],[985,-241],[737,-363],[1354,484],[370,-121],[491,-484],[494,-242],[1293,-302],[183,423],[113241,-102479]],[[2565067,2602074],[-11586,-75781]],[[2553481,2526293],[-9561,-62523],[-227,-806]],[[2543693,2462964],[-3570,-12818],[-589,-121],[-315,243],[-29,154],[356,893],[-108,445],[-231,205],[-285,53],[-239,-71],[-153,-93],[-290,-423],[-464,-266],[-712,77],[-212,95],[-217,288],[10,377],[68,102],[106,93],[524,142],[314,221],[255,514],[14,183],[-146,410],[-639,891],[-239,53],[-191,-250],[-100,-533],[36,-543],[-150,-607],[-155,-78],[-256,38],[-139,634],[-424,848],[-687,748],[-230,455],[-347,204],[-760,30],[-266,102],[-501,386],[-404,174],[-970,788],[-724,129],[-181,129],[-133,276],[-7,265],[90,347],[-22,500],[185,535],[-398,787],[-403,291],[-486,32],[-224,-114],[-182,-245],[-88,-549],[-122,-180],[-192,-81],[-272,59],[-116,98],[-291,601],[-81,398],[-603,698],[-76,666],[-615,342],[-316,937],[-201,189],[-416,193],[-142,-15],[-370,-433],[-239,-78],[-591,179],[-152,286],[59,1062],[-48,314],[-204,397],[-635,359],[-210,-14],[-826,203],[-446,220],[-453,560],[-182,658],[-370,533],[-278,167],[-753,-78],[-93,181],[26,162],[-191,95],[-676,-149],[-854,-23],[-309,521],[-1291,421],[-496,80],[-1152,1178],[-1576,242],[-366,137],[-975,495],[-457,570],[-1076,64],[-458,102],[-996,-84],[-693,120],[-1681,544],[-1119,239],[-1364,741],[-110,317],[-106,73],[-284,6],[-209,-88],[-87,-219],[-370,-238],[-258,-295],[-342,-108],[-577,-2],[-1643,650],[-2212,1329],[-453,197],[-781,55],[-1302,338],[-850,32],[-1024,-213],[-1630,253],[-1987,479],[-1755,616],[-882,190],[-996,1],[-684,187],[-1051,411],[-1011,1045],[-342,146],[-831,0],[-616,246],[-867,548],[-55,136],[-545,481],[-1098,469],[-1406,927],[-1360,358],[-898,-52],[-1823,-361],[-2064,-280],[-635,-52],[-1286,72],[-1305,-290],[-729,3],[-317,178],[-579,66],[-777,-207],[-542,-332],[-1043,46],[-440,-489],[-559,-271],[-272,31],[-980,378],[-716,-191],[-1044,-621],[-1133,-14],[-1046,-355],[-1160,-1232],[-554,-374],[-416,-142],[-903,-63],[-289,44],[-346,266]],[[2454267,2477351],[-713,-38],[-299,-169],[-221,-246],[-221,-594],[-397,-376],[-8,-478],[-86,-223],[-325,-52],[-330,104],[-333,-244],[-109,-982],[-806,-404],[-128,-289],[12,-240],[-224,-277],[-483,-301],[-252,4],[-562,-428],[-364,-126],[-409,139],[-438,-175],[-281,-8],[-178,107],[-892,-69],[-339,-399],[-381,-843],[-132,-90],[-335,13],[-207,-175],[-136,-216],[-24,-376],[-151,-250],[-289,-102],[-275,-274],[-318,32],[-429,-169],[-1218,-239],[-507,-186],[-225,-165],[-425,303],[-395,613],[-150,109],[-272,32],[-360,416],[-611,4],[-685,198],[-289,338],[54,335],[-493,373],[-868,-20],[-317,275],[-254,92],[-328,-46],[-750,121],[-379,-116],[-600,-697],[-304,-148],[-228,11],[-275,183],[-489,92],[-639,586],[-471,124],[-530,304],[-263,-8],[-596,630],[-268,53],[-568,-53],[-257,148],[-560,120],[-559,320],[-459,0],[-380,-95],[-631,83],[-224,147],[-294,30],[-196,240],[-394,72],[-444,353],[-1243,359],[-1100,863],[-500,154],[-171,145],[-444,31],[-367,153],[-738,521],[-1039,507],[-524,479],[-904,350],[-212,266],[-194,488],[97,362],[-36,339],[-441,378],[-34,149],[130,305],[59,744],[-84,386],[-190,250],[87,140],[359,108],[16,221],[-115,341],[267,155],[30,138],[-132,932],[483,332],[84,249],[-277,406],[30,389],[-64,197],[-366,20],[-353,429],[-310,144],[-14,386],[74,231],[-237,410],[194,469],[-281,589],[364,674],[19,216],[-125,330],[213,179],[9,309],[-867,1938],[-419,410],[-579,886],[-1077,1053],[-291,454],[-243,156],[-66,137],[51,198],[-365,469],[-155,420],[-416,61],[-99,293],[-266,249],[-51,296],[-522,442]],[[2411758,2496754],[-94,109],[109,333],[-37,277],[-307,283],[-58,157],[35,645],[235,525],[-130,455],[-26,638],[115,357],[-60,216],[32,432],[-305,39],[-84,121],[69,650],[-94,497],[-602,772],[-193,-52],[-146,96],[71,370],[-130,417],[34,282],[185,332],[-159,342],[89,49],[305,-67],[264,401],[-221,735],[-310,499],[175,677],[483,761],[254,1280],[224,694],[-31,167],[-242,461],[-407,226],[-172,422],[-242,67],[-336,-48],[-170,97],[-151,479],[-816,762],[-409,496],[-1491,801],[-386,432],[-197,710],[-365,515],[21,1234],[-250,597],[-872,1081],[-354,257],[-431,179],[-202,374],[-413,391],[-998,515],[-191,494],[-59,569],[101,421],[192,244],[24,457]],[[2402634,2522476],[613,4],[342,202],[-54,452],[-369,485],[-130,297],[-54,553],[75,351],[171,310],[527,660],[192,411],[55,398],[-123,1133],[42,330],[534,1631],[739,863],[1715,1109],[1320,543],[1128,-98],[561,326],[589,609],[58,439],[-57,822],[-444,1644],[0,354],[461,2012],[691,1162],[446,595],[245,269],[863,440]],[[2412770,2540782],[100,126],[-63,270],[-193,304],[-1038,851],[-603,1213],[-587,936],[-408,499],[-176,691],[-274,243],[-592,323],[-1709,461],[-350,8],[-777,-252],[-589,34],[-793,539],[-726,152],[-810,405],[-367,101],[-1680,2071],[-239,84],[-717,-193],[-1118,-16],[-196,177],[-256,808],[-247,345],[-725,270],[-555,345],[-315,9],[-376,-328],[-990,-606],[-1469,-302],[-367,-386],[-231,-589],[-546,-867],[-1268,-1251],[-569,-174]],[[2390951,2547083],[-588,-197],[-908,-149],[-685,-238],[-471,-28],[-256,155],[-556,141],[-884,-14],[-471,240],[-856,127],[-142,-71],[-317,-590],[-474,-260],[-218,-438],[-718,-384],[-376,-296]],[[2383031,2545081],[-851,-659],[-177,-230],[-235,-575],[-474,-432],[-3292,-1052],[-616,-538],[-224,-357],[-85,-717],[208,-425],[569,-683],[-39,-311],[-1432,-569],[-1308,229],[-2148,-30],[-1894,-348],[-870,-265],[-416,-250],[-115,-516],[-116,-175],[-416,-478],[-477,-318],[-409,-782],[-531,-387],[-442,-802],[-73,-40],[-383,194],[-436,41],[-715,-337],[-727,-1257],[-373,-869],[-239,-1298],[-291,-746],[-643,-327],[-831,-214],[-146,-131],[-131,-364],[-25,-301],[115,-301],[318,-127],[904,-72],[155,-245],[189,-1046],[52,-818],[-93,-928],[-1385,-3182],[-910,-635],[-552,-253],[-607,-644]],[[2360414,2520511],[-737,204],[-836,425],[-1504,1372],[-203,-902],[-159,-208],[-1039,-469],[-264,-1197],[-831,-830],[-389,-139],[-270,61],[-391,177],[-137,198],[-433,323],[-1194,-395],[-1490,-164],[-543,-152],[-791,-337],[-530,-938],[-241,-195],[-1958,-948],[-209,-198],[-294,-841],[-774,-618],[-342,-652],[-213,-610],[-546,-593],[-658,-449],[-242,-309],[-198,-441],[-490,-398],[-298,-394],[-395,-1644],[-338,-796],[-117,-894],[-305,-735],[-208,-1851],[153,-588],[665,-1112]],[[2341665,2503274],[961,-204],[282,-236],[159,-976],[609,-1802],[146,-230],[1311,-402],[850,-430],[444,-12],[103,-522],[-24,-481],[-427,-1050],[-421,-583],[-170,-768],[121,-607],[-73,-739],[60,-562],[594,-527],[397,168],[148,-351],[-58,-638],[-408,-1367],[190,-287]],[[2346459,2490668],[289,-314],[130,-905],[430,-665],[89,-648],[163,-168],[454,-113],[228,-223],[170,-1561],[583,-1131],[170,-1530],[15,-834],[327,-738],[76,-1646],[-60,-433],[-233,-492],[-387,-1562],[-69,-670],[68,-297],[-13,-804],[210,-394],[1465,-480],[1204,-206],[489,-308],[541,-652],[610,-1028],[524,-967],[593,-1406],[332,-521]],[[2354857,2469972],[366,-456],[872,-582],[2007,-1766],[1099,-634],[977,-206],[506,-360],[105,-343],[-332,-463],[-1134,-668],[-715,-960],[-353,-965],[-129,-114],[-179,-618],[-217,-400],[-406,-449],[-275,-686],[-333,-335],[-73,-421],[109,-314],[-392,-650],[-377,-1599],[115,-833],[216,-452],[190,-219],[181,-66],[159,-274],[335,-315],[334,-137],[57,-138],[97,-1219],[102,-311],[-204,-790],[99,-330],[-52,-187],[139,-465],[-59,-842],[365,-846],[384,-386],[247,-757],[18,-458],[110,-335],[225,-395],[355,-289],[1189,-453],[639,-447]],[[2361224,2446039],[-67,-269],[-613,15],[-299,-81],[-242,-594],[-412,-422],[-1849,-344],[-1560,305],[-927,325],[-567,-65],[-484,91],[-952,-86],[-541,199],[-597,15],[-572,264],[-628,-35],[-1375,412],[-1864,747],[-479,102],[-705,-86],[-459,87],[-916,-569],[-546,-45],[-809,-346],[-850,31],[-684,305],[-171,360],[-296,171],[-260,1032],[-244,-222],[-562,-155],[-510,-322],[-367,-599],[-342,-900],[27,-553],[193,-488],[-33,-371],[-174,-426],[-471,-628],[-315,-656],[-116,-1622],[-153,-373],[-664,-809],[-316,-654],[-755,-1062],[-82,-488],[-714,368],[-689,196],[-856,599],[-1076,1102],[-163,111],[-832,237],[-198,-25],[-460,-453],[-408,10],[-754,227],[-343,-56],[-198,-170],[-108,-264],[-204,-227],[-287,-176],[-351,-371],[-389,-182],[-861,-75],[-1448,164],[-319,-157],[-606,-655],[-564,-405],[-474,-56],[-500,126],[-566,-15],[-944,-976],[-301,-362],[-174,-377],[-785,-845],[-230,-1253],[-908,-628],[-2755,-1091],[-807,-831],[-187,-332],[-94,-511],[-106,-104],[-1191,117],[-642,166],[-835,587],[-260,108],[-823,54],[-1508,758],[-1097,0],[-301,-94],[-261,-352],[-446,-973],[-335,-110],[-927,-76],[-653,195],[-343,203],[-86,263],[86,839],[-223,271],[-189,101],[-430,26],[-541,-169],[-94,-119]],[[2304858,2431568],[-225,-822],[-885,-1169],[-146,-356],[-172,-694],[59,-449],[-92,-786],[-345,-765],[-52,-364],[-437,-277],[-1031,-399],[147,-773],[-7,-442],[-336,-669],[98,-869],[-749,-759],[-951,-793],[-210,-387],[-98,-607],[-168,-435],[-574,-579],[-7,-359],[-259,-669],[-84,-766],[-601,-386],[-756,-897],[-545,-179],[-238,-221],[-630,-138],[-301,-345],[-125,-373],[-182,-138],[-273,-6],[-413,234],[-328,331],[-952,125],[-118,117],[-28,255],[35,1153],[112,731],[-371,656],[-399,276],[-447,531],[-406,324],[-98,635],[-105,41],[-895,-13],[-482,-318],[-476,-503],[-501,-4],[-230,-94],[-535,-376],[-224,-518],[-123,-80],[-528,282],[-415,-191],[-1958,27],[-284,393],[-126,996],[-91,186],[-294,304],[-342,138],[-231,-104],[-385,-758],[-490,-656],[-643,-359],[-539,-703],[-629,-442],[-203,-428],[-161,-124],[-1203,600],[-322,42],[-503,-76],[-308,-176],[-280,-479],[-70,-545],[28,-746],[-126,-379],[-190,-357],[-385,-135],[-165,-150],[-92,-648],[-502,-885],[-112,-50],[-755,85],[-653,-392],[-160,-186],[-91,-194],[7,-476],[-161,-455],[-119,-2015],[258,-462],[349,-356],[478,-233]],[[2275303,2408093],[298,-131],[-69,-372],[-471,-1331],[-313,-275],[-801,-112],[-194,62],[-512,395],[-392,8],[-509,148],[-696,-74],[-340,800],[-203,86],[-199,-88],[-77,-230],[-130,-104],[-596,-24],[-380,-251],[-573,-139],[-384,-209],[-682,-599],[-620,-846],[-312,-214],[-410,-83],[-208,178],[-67,472],[118,496],[-156,350],[-188,199],[-400,-182],[-386,-460],[-721,-356],[-432,-85],[-934,-1770],[-485,-487],[-472,-650],[-307,-650],[-303,-396],[-84,-342],[337,-278],[55,-191],[-342,-171],[-144,-235],[-476,-1373],[-247,-162],[-674,-146],[-268,-191],[-168,-665],[-377,-469],[-1565,-870],[-208,-396],[-75,-333],[-797,-1158],[-446,-83],[-327,-196],[-332,-704],[153,-669],[-94,-348],[-991,-273],[-1823,53],[-1343,-523],[-1199,-19],[-1778,-401],[-258,-186],[-154,-303],[233,-973],[273,-518],[49,-259],[-911,-34],[-496,-343],[-386,-4],[-659,312],[-788,206],[-258,-54],[-609,-391],[-178,137],[-872,327],[-1239,166],[-411,244],[-1248,429]],[[2162314,2313156],[-115,-145],[-155,-781],[42,-1715],[617,-535],[106,-242],[359,-990],[-82,-545],[-133,-133],[-686,-135],[-686,-283],[-266,-414],[-396,-1456],[-549,-1110],[-582,-928],[-318,-150],[-452,-1],[-1140,243],[-1473,28],[-536,-52],[-367,-398],[-48,-545],[153,-694],[186,-346],[69,-463],[-183,-414],[-517,-630],[-1068,-1005],[-685,-184],[-1440,-89],[-267,-232],[-463,-696],[-278,-585],[-208,-885],[-677,-1465],[-63,-435],[-255,-754],[-15,-311],[-279,-533],[-190,-723],[-289,-637],[-520,-326],[-501,-547],[-300,-134],[-1524,-5],[-770,-169],[-351,16],[-1023,326],[-152,281],[-85,429],[-270,346],[-351,32],[-469,-151],[-434,-266],[-367,-414],[-747,-1722],[-616,-895],[-533,-580],[-1268,-1178],[-368,-216],[-1053,-335],[-651,-564],[-349,-745],[-594,-802],[-564,-967],[-204,-996],[-266,-497],[-3,-604],[-213,-1037],[-447,-852],[-235,-760],[-286,-1821],[-213,-830],[-140,-253],[-160,-923],[35,-439],[321,-842],[-30,-793],[-117,-248],[-267,-84],[-1072,-21],[-217,-166],[-535,-101],[-467,-349],[-433,-695],[-564,-1523],[-282,-447],[-99,-529],[3,-794],[76,-244],[116,-231],[840,-464],[92,-253],[-282,-645],[-732,-722],[-1648,-2469],[-648,-1109],[-617,-845],[-1701,-1742],[-1016,-1160],[-802,-549],[-350,-447],[-1297,-2305],[-566,-763],[-867,-844],[-329,-714],[-821,-1312],[-844,-1012],[-467,-230],[-327,255],[1,230],[-279,393],[-210,139],[-327,47],[-771,-136],[-656,-437],[-841,-20],[-350,93],[-233,162],[-255,623],[2,738],[-537,278],[-560,2],[-1053,-459],[-281,-253],[-331,-1405],[-328,-415],[-1755,-1356],[-1264,-688],[-140,-253],[44,-1038],[-95,-576],[-328,-643],[-399,-347],[-218,-368],[-31,-361],[-1155,-1027],[-1210,-2108],[-1699,-1498],[-145,-413],[28,-359],[-1045,-918],[-1706,-2487],[0,-810],[1211,-703],[495,-486],[990,-541],[495,-108],[1000,-486],[246,-280],[240,-1558],[330,-919],[440,-540],[55,-919],[-110,-757],[-275,-540],[-165,-595],[-385,-702],[-221,-919],[-605,-595],[110,-702],[716,-973],[110,-1351],[330,-649],[2176,-1179],[162,-277],[-24,-346],[-334,-468],[-55,-486],[-605,-1027],[-825,-865],[-770,-540],[-991,-487],[-495,-702],[-1175,-961],[-134,-239],[-216,-639],[-80,-692],[-188,-693],[27,-239],[1052,-1730],[-54,-293],[-512,-586],[-2264,-666],[-674,-267],[-1266,-879],[-512,-480],[0,-213],[755,-1144],[1700,-1782],[0,-692],[81,-347],[270,-266],[917,-611],[-107,-1012],[162,-665],[623,-632],[275,-541],[110,-810],[605,-811],[605,-649],[495,-810],[440,-1730],[-55,-1027],[-825,-1891],[-385,-1135],[-495,-811],[-605,-757],[-110,-594],[-385,-973],[990,-1135],[940,-375],[659,-816],[258,-592],[28,-563],[-1060,-225],[-1260,-535],[-659,-168],[-545,-507],[-2149,-1267],[-171,-422],[-29,-732],[-143,-506],[-1519,-986],[-200,-900],[-230,-507],[-280,-290],[-439,-279],[-359,-114],[-182,-161],[-689,-1210],[84,-490],[-1659,-2024],[-401,-345],[-386,-1188],[14,-936],[-1294,-1363],[-941,-1114],[-57,-281],[-229,-197],[-201,-986],[0,-1745],[-487,-844],[201,-929],[286,-366],[143,-422],[-86,-1323],[-200,-788],[-516,-929],[-258,-1070],[-172,-337],[115,-395],[-287,-422],[-401,-985],[-172,-1154],[-659,-281],[-888,-169],[-1002,-366],[-659,-338],[-860,-535],[-1816,-1468],[-1024,-675],[-854,-271],[-478,68],[-641,-328],[-1118,-338],[-1346,169],[-401,-225],[-197,-595],[-856,-921],[-203,-481],[-530,-681],[-734,-400],[-326,-521],[0,-480],[122,-681],[-244,-481],[-449,-480],[-81,-401],[-245,-280],[-41,-520],[327,-1162],[-734,-1201],[-1019,-401],[-693,-520],[-1101,-601],[-570,-520],[-2079,-1442],[-448,-601],[-490,-400],[0,-481],[245,-640],[-326,-721],[-82,-681],[123,-1041],[-571,-601],[-856,-320],[-693,-80],[-326,-281],[-408,-120],[-1059,40],[-612,-120],[-326,-360],[-163,-441],[-41,-520],[326,-481],[-163,-480],[-117,-116]],[[2058909,2126262],[-412,-405],[-244,-440],[-1182,-601],[-612,-481],[-652,-1241],[-611,-601],[-408,-560],[-530,-361],[-652,-240],[-204,-481],[-366,-520],[-938,-320],[-367,-481],[41,-961],[326,-441],[82,-1441],[265,-335],[93,-370],[-74,-297],[-814,-680],[-376,-542],[-525,-119],[-1086,344],[-829,-64],[-230,-70],[-967,-761],[-1188,238],[-671,-12],[-1100,-207],[-539,-272],[-198,-510],[-318,-468],[-692,-556],[29,-608],[234,-616],[-303,-662],[-58,-392],[-744,-189],[-255,-177],[-466,-115],[-173,-169],[-518,-941],[-89,-552],[-637,-829],[-448,-281],[-204,-440],[117,-220],[22,-253],[-383,-448],[-489,-361],[-693,-1361],[-856,-1241],[-245,-521],[-652,-681],[-367,-681],[-122,-720],[-204,-441],[-207,-175],[-155,-376],[-175,-823],[-315,-404],[-374,-714],[-422,-344],[-378,-133],[-299,44],[-860,407],[-287,59],[-643,-226],[-766,25],[-281,-161],[-172,-743],[-438,-363],[-464,-598],[-449,-785],[-52,-197],[52,-179],[560,-445],[85,-310],[-930,-2169],[-1508,-1201],[-571,0],[-693,481],[-693,120],[-611,0],[-285,-681],[-128,-622],[-445,-553],[-420,-183],[-561,24],[-1049,648],[-467,1],[-748,-276],[-524,-313],[-740,-607],[-1013,-1308]],[[2018001,2086027],[-135,-396],[70,-185],[373,-370],[232,-577],[46,-369],[-93,-254],[-258,-253],[-188,-461],[46,-461],[-117,-484],[-1288,-1843],[21,-853],[-656,-1222],[-468,-391],[-912,-575],[-352,-945],[-934,-877],[-1114,-631],[-530,-481],[-448,-600],[0,-721],[-489,-441],[-938,-640],[-406,-134]],[[3148393,2649316],[92,-50071]],[[3148485,2599245],[16,-397928]],[[3148501,2201317],[11,-137346]],[[3148512,2063971],[-267,197],[-483,173],[-613,87],[-702,0],[-964,-217],[-1228,-779],[-1315,-1343],[-1140,-606],[-789,-303],[-1009,-130],[-920,130],[-1885,736],[-658,649],[-1622,2382],[-439,520],[-658,1342],[-1183,1386],[-1184,1732],[-570,347],[-307,0],[-438,-217],[-307,-433],[0,-1342],[131,-780],[527,-1732],[-88,-1646],[-526,-909],[-614,-650],[-1447,-1126],[-1139,-390],[-702,43],[-438,217],[-307,260],[-570,649],[-1798,1603],[-395,692],[-1096,1429],[-438,953],[-570,1732],[-702,996],[-570,347],[-789,216],[-439,217],[-657,130],[-614,-693],[-263,-693],[0,-910],[-482,-1082],[-658,-477],[-1096,-346],[-2674,346],[-614,0],[-789,-260],[-1578,-1386],[-395,-780],[-394,-1039],[-657,-3205],[-570,-563],[-526,-303],[-1535,-347],[-2192,-260],[-1841,-520],[-1271,86],[-658,217],[-702,866],[-175,563],[0,563],[219,1126],[0,563],[-351,1342],[-351,693],[-877,736],[-658,260],[-789,87],[-745,-174],[-877,-650],[-613,-606],[-833,-1126],[-614,-1126],[-1227,-1300],[-526,-346],[-1666,0],[-1491,346],[-1710,649],[-1052,693],[-439,563],[-175,563],[-176,1905],[44,1862],[232,2532],[-215,2509],[-164,606],[-643,1614],[-812,1353],[-667,670],[-846,448],[-598,218],[-1434,58],[-1106,-135],[-878,3],[-1057,-349],[-650,-459],[-402,-1025],[-358,-1373],[89,-938],[630,-1274],[837,-2048],[106,-620],[-87,-458],[-2127,-4931],[-1013,-2139],[-1274,-2000],[-766,-1015],[-570,-536],[-912,-288],[-1197,75],[-786,531],[-381,517],[-130,440],[38,638],[339,1377],[322,2179],[-106,941],[-489,1820],[-954,1068],[-1466,623],[-787,43],[-1568,-284],[-2270,-1172],[-222,-207],[-139,-289],[-79,-625],[172,-934],[252,-577],[810,-1369],[95,-443],[-764,-3713],[-468,-1504],[-339,-712],[-814,-1353],[-586,-752],[-420,-228],[-467,17],[-862,413],[-953,571],[-1016,764],[-1512,2029],[-1401,731],[-1027,993],[-784,993],[-495,398],[-1423,702],[-939,191],[-796,67],[-442,166],[-1407,751],[-2170,1603],[-2096,1698],[-1327,1360],[-1268,1125],[-137,241],[-149,878],[-187,266],[-606,78],[-447,-140],[-578,-554],[-373,-700],[-87,-615],[247,-2831],[698,-1924],[421,-1844],[111,-1097],[-34,-1261],[-655,-1600],[-499,-394],[-848,-443],[-913,-285],[-717,-9],[-1089,253],[-673,412],[-597,526],[-1290,1634],[-745,2072],[-265,380],[-432,237],[-361,47],[-769,332],[-4351,1305],[-1250,165],[-1429,448],[-2327,71],[-408,-203],[-618,-733],[-846,-1799],[-322,-494],[-882,-1001],[-454,-831],[-461,-435],[-896,-346],[-546,40],[-910,306],[-1252,694],[-1268,950],[-1882,855],[-1074,295],[-1495,547],[-777,179],[-793,57],[-1275,-99],[-439,-180],[-219,-429],[57,-617],[240,-589],[993,-1024],[1119,-613],[234,-203],[1069,-1378],[328,-719],[63,-464],[-126,-458],[-502,-990],[-429,-468],[-1035,-411],[-942,-111],[-1112,156],[-1705,406],[-746,277],[-832,464],[-463,119],[-318,6],[-1094,-220],[-1274,64],[-943,-156],[-1917,-958],[-1718,-476],[-686,-458],[-760,-649],[-845,-1072],[-208,-397],[-196,-505],[-123,-1083],[-282,-482],[-196,-132],[-793,-458],[-1369,-634],[-724,-178],[-749,-76],[-1730,-25],[-956,177],[-2195,610],[-2609,152],[-258,152],[-388,533],[-52,406],[52,812],[129,482],[1524,2335],[233,609],[1291,1471],[517,1422],[206,913],[801,1776],[78,457],[-26,1218],[-181,482],[-388,559],[-671,685],[-543,203],[-749,152],[-1446,101],[-1756,-203],[-956,-279],[-310,-279],[-517,-1446],[-25,-609],[206,-1447],[52,-1421],[-52,-634],[-206,-685],[-646,-1117],[-1266,-1522],[-1188,-838],[-956,-25],[-904,304],[-620,381],[-1678,1345],[-879,533],[-697,685],[-775,609],[-3900,2664],[-878,1422],[-362,761],[-516,1421],[-414,812],[-981,1675],[-594,786],[-1989,1929],[-726,487],[-1418,1213],[-568,127],[-1240,25],[-930,-228],[-362,-279],[-413,-838],[-51,-659],[51,-635],[78,-685],[413,-1066],[1886,-2842],[154,-533],[155,-1700],[440,-888],[-104,-609],[-26,-990],[-155,-913],[-129,-508],[-723,-1243],[-697,-761],[-594,-939],[-1111,-2868],[-723,-939],[-1705,-1827],[-827,-1116],[-361,-153],[-1395,127],[-465,279],[-336,457],[-155,482],[78,2005],[-78,1878],[1085,2461],[362,1802],[77,1040],[0,1218],[-103,812],[-181,609],[-542,1244],[-465,736],[-465,533],[-956,659],[-1265,559],[-879,279],[-2221,482],[-1808,254],[-981,76],[-930,-51],[-1008,-101],[-2169,-406],[-2454,-635],[-2635,-431],[-568,-279],[-103,-330],[0,-279],[103,-229],[258,-279],[465,-76],[465,0],[1343,305],[1602,761],[1291,203],[956,-26],[672,-152],[413,-152],[387,-254],[233,-279],[361,-533],[233,-533],[181,-1142],[310,-355],[232,-990],[-78,-558],[-206,-634],[-919,-1856],[-433,-1514],[-589,-941],[-499,-392],[-615,-131],[-945,169],[-1376,405],[-2840,1042],[-630,67],[-1759,-33],[-950,-89],[-1094,-224],[-1520,-475],[-1091,-228],[-2452,-695],[-1882,-848],[-1666,-536],[-1866,-153],[-1011,-496],[-3072,-573],[-3771,153],[-2320,1007],[-2024,434],[-2682,-365],[-1197,-10],[-469,-84],[-759,-255],[-741,-459],[-1304,-1041],[-917,-878],[-2291,-3024],[-1999,-3055],[-253,-155],[-256,33],[-213,209],[-811,1557],[-279,1226],[-600,1959],[-888,1500],[-612,489],[-855,436],[-1040,405],[-1223,360],[-1098,181],[-2075,63],[-946,-118],[-1876,-393],[-450,-149],[-827,-477],[-1195,-444],[-1478,-929],[-1295,-609],[-1327,-541],[-1247,-260],[-1353,63],[-1417,226],[-2514,997],[-3014,1029],[-714,346],[-807,508],[-3193,2354],[-573,548],[-721,857],[-232,563],[-37,1591],[-197,757],[-399,861],[-766,1192],[-2093,5280],[-313,546],[-675,881],[-1647,1488],[-673,417],[-893,355],[-2357,139],[-717,-473],[-298,-545],[-191,-772],[-223,-1720],[-32,-1415],[-98,-463],[-447,-1010],[-685,-653],[-469,-89],[-637,43],[-2044,340],[-408,159],[-747,77],[-2107,753],[-2491,1213],[-1532,460],[-1043,84],[-1980,-272],[-1256,-523],[-1575,-920],[-575,-628],[-489,-899],[-490,-1505],[-64,-900],[64,-815],[-468,-1422],[-128,-1380],[-404,-1548],[149,-1485],[553,-1840],[-213,-2740],[86,-648],[127,-293],[298,-313],[3342,-2865],[447,-293],[490,-188],[511,-460],[213,-251],[553,-1360],[277,-334],[170,-753],[-34,-975],[-188,-836],[-550,-1307],[-810,-1354],[-1022,-748],[-1647,-604],[-1112,24],[-1821,569],[-1317,571],[-679,402],[-3006,2341],[-1014,942],[-1354,2020],[-516,1653],[-575,1150],[-319,397],[-1341,1004],[-426,586],[-788,2404],[-213,335],[-361,356],[-894,543],[-980,398],[-425,104],[-894,0],[-1554,-564],[-532,-398],[-405,-355],[-1107,-1548],[-149,-564],[-64,-670],[43,-355],[192,-460],[1447,-2050],[362,-794],[106,-439],[-42,-711],[-253,-1737],[-107,-279],[-719,-654],[-1170,-1499],[-1079,-658],[-2497,-1054],[-758,-229],[-958,17],[-1239,301],[-1053,961],[-869,1505],[-539,1302],[-552,1856],[-255,377],[-894,732],[-1171,543],[-553,168],[-447,0],[-931,-187],[-1411,-441],[-3299,-230],[-766,-418],[-1639,-1108],[-1284,-1475],[-449,-69],[-884,-363],[-1119,-621],[-627,-478],[-2215,-3459],[-965,-1810],[-983,-1621],[-2101,-2771],[-2969,-3290],[-2643,-1755],[-2518,-1355],[-306,-72],[-806,-6],[-1583,1047],[-1305,1156],[-523,358],[-2830,1443],[-612,177],[-531,8]],[[2747234,2022679],[-385,-170],[-1346,-1108],[-746,-262],[-1903,-178],[-2544,151],[-2712,-43],[-465,-96],[-378,-278],[-231,-754],[30,-631],[104,-297],[543,-572],[858,-421],[236,-210],[563,-1476],[54,-464],[-83,-2362],[150,-1724],[-167,-1088],[-484,-990],[-784,-991],[-891,-662],[-451,-151],[-1258,-226],[-827,-467],[-926,-240],[-625,70],[-3275,719],[-3149,482],[-759,237],[-1339,857],[-998,1009],[-656,445],[-2967,1147],[-1098,191],[-1040,-399],[-225,-210],[-135,-265],[-45,-618],[427,-1424],[371,-1656],[79,-695],[-248,-563],[-213,-199],[-629,-431],[-394,-154],[-1011,-77],[-281,-254],[-393,-166],[-573,-55],[-870,280],[-952,-26],[-978,304],[-927,177],[-205,152],[-335,75],[-669,-75],[-541,-430],[-875,-961],[-283,-430],[-180,-455],[-77,-936],[51,-935],[129,-405],[438,-455],[694,-354],[773,-151],[1595,-51],[901,-405],[360,-328],[335,-708],[51,-481],[-77,-556],[-283,-885],[-283,-379],[-622,-427],[-1098,-437],[-776,-1],[-1729,207],[-1023,-106],[-1164,-245],[-988,-385],[-951,-628],[-775,-1047],[-281,-1046],[72,-1359],[850,-2300],[815,-2906],[178,-1324],[39,-3207],[178,-1603],[-281,-1151],[-528,-767],[-952,-489],[-1276,-140],[-1212,147],[-797,220],[-234,122],[-214,244],[-189,417],[-62,1440],[658,2732],[64,751],[-146,1335],[-442,1649],[-273,584],[-675,961],[-422,439],[-654,459],[-654,272],[-823,231],[-697,42],[-718,189],[-569,334],[-845,252],[-591,21],[-528,-145],[-444,-375],[-1269,-1668],[-1502,-2335],[-507,-583],[-2114,-1625],[-444,-521],[-254,-605],[41,-1169],[905,-2880],[168,-855],[-22,-772],[-255,-876],[-360,-688],[-697,-521],[-760,-375],[-845,-228],[-803,-41],[-1182,101],[-610,260],[-407,473],[-172,444],[-97,1082],[341,2608],[-20,939],[-252,1168],[-547,1670],[-83,1460],[-126,647],[-232,564],[-400,605],[-1160,1525],[-1202,856],[-866,335],[-823,189],[-1373,147],[-675,-41],[-2324,-581],[-760,-354],[-761,-625],[-613,-646],[-529,-751],[-614,-1668],[-360,-647],[-550,-688],[-571,-896],[-890,-2545],[-359,-792],[-698,-980],[-1078,-1042],[-1205,-833],[-1564,-1334],[-1035,-771],[-1014,-312],[-2323,24],[-1288,168],[-1499,293],[-1372,440],[-760,460],[-759,626],[-1414,962],[-4622,2195],[-507,334],[-506,523],[-422,605],[-442,1273],[-147,689],[-104,1252],[-169,543],[-253,688],[-207,324],[-657,720],[-570,377],[-633,271],[-1246,252],[-1688,100],[-1112,-134],[-504,-196],[-556,-342],[-2163,-1521],[-1785,-1056],[-1060,-507],[-2592,-1013],[-420,-269],[-399,-290],[-903,-891],[-1681,-1947],[-1564,-1201],[-515,-518],[-638,-352],[-580,-518],[-2098,-340],[-409,167],[-700,0],[-1546,-1004],[-378,-342],[-609,-217],[-860,-61],[-242,-104],[-273,-269],[-673,-1399],[-399,-404],[-556,-341],[-514,-83],[-1070,126],[-462,156],[-1056,678],[-684,255],[-568,-18],[-681,-145],[-590,-327],[-939,-854],[-443,-563],[-387,-964],[-19,-510],[110,-582],[606,-1056],[478,-1310],[73,-819],[-38,-764],[-166,-800],[-424,-782],[-1088,-1364],[-1216,-981],[-1490,-585],[-904,-13],[-1411,202]],[[2597813,1960274],[-1093,-54],[-737,-228],[-544,-370],[-726,-713],[-1186,-1659],[-321,-658],[-307,-1083],[14,-617],[-111,-987],[167,-987],[195,-246],[224,-549],[390,-425],[586,-192],[796,165],[488,795],[795,1056],[726,603],[675,56],[996,-117],[453,-139],[234,-235],[388,-779],[585,-816],[570,-1247],[80,-1213],[215,-882],[434,-1321],[193,-301],[2,-1182],[-317,-1372],[-340,-574],[-1483,-1371],[-150,-85],[-745,170],[-1646,1292],[-496,601],[-710,407],[-751,640],[-204,435],[-529,736],[-482,448],[-367,144],[-747,111],[-896,-59],[-710,-308],[-616,-424],[-571,-488],[-485,-572],[-447,-834],[-363,-1662],[-40,-759],[145,-660],[429,-460],[1472,-916],[452,-693],[78,-533],[-498,-885],[-273,-206],[-560,117],[-308,141],[-273,267],[-517,324],[-970,440],[-523,117],[-588,-17],[-471,-304],[-402,96],[-833,-39],[-645,-181],[-617,-531],[-661,-1141],[-665,-582],[-1725,-850],[-3839,-2194],[-2321,-2238],[-499,-328],[-833,-821],[-569,-732],[-497,-922],[-285,-370],[-923,-581],[-599,-70],[-274,111],[-111,220],[-222,1223],[-326,3209],[-258,1127],[-782,985],[-744,484],[-632,-10],[-308,-189],[-206,-212],[-753,-1588],[-491,-539],[-741,-539],[-626,-292],[-463,-34],[-542,36],[-790,227],[-1373,-46],[-894,-557]],[[2560045,1931289],[-434,-645],[-423,-1520],[-382,-685],[-918,-618],[-1322,-543],[-632,-477],[-421,-471],[-1074,-1748],[-1437,-1685],[-1298,-1161],[-2461,-1741],[-643,-1078],[-373,-293],[-292,-123],[-316,-17],[-614,165],[-270,372],[-142,613],[18,314],[239,741],[-544,2452],[-335,1050],[-277,2024],[-248,401],[-224,223],[-680,409],[-606,171],[-1092,-217],[-553,-308],[-763,-219],[-476,-260],[-1215,-1015],[-701,-853],[-183,-435],[-108,-620],[141,-769],[187,-249],[655,-446],[2644,-1098],[962,-549],[519,-592],[276,-737],[41,-310],[-155,-608],[-282,-378],[-398,-260],[-1077,-270],[-555,6],[-910,285],[-784,133],[-1261,-153],[-409,-240],[-2201,-1815],[-1003,-1008],[-683,-401],[-764,-213],[-556,-22],[-1082,241],[-615,498],[-494,804],[-35,1571],[234,1715],[156,611],[615,1621],[135,614],[-43,1571],[-245,578],[-224,222],[-866,390],[-1428,82],[-461,-115],[-1476,-610],[-775,-542],[-236,-583],[-209,-919],[-464,-823],[-126,-96],[-724,-321],[-1246,-255],[-1030,-424],[-929,-599],[-624,-102],[-1478,565],[-2142,17],[-743,280],[-391,267],[-129,605],[137,611],[371,510],[927,862],[500,803],[104,295],[-82,621],[-420,663],[-597,514],[-467,63],[-390,-257],[-1072,-2622],[-952,-1637],[-369,-290],[-1072,-288],[-2051,270],[-1113,-27],[-1038,-399],[-1016,-873],[-1719,-825],[-489,-135],[-1036,58],[-1016,-154],[-1680,173],[-156,-134],[-137,-500],[78,-787],[274,-441],[390,-422],[723,-442],[1192,-77],[1192,192],[977,384],[1290,58],[625,-19],[469,-116],[449,-249],[372,-346],[586,-1055],[176,-500],[117,-1036],[19,-2150],[-19,-326],[-352,-1018],[-488,-633],[-430,-250],[-848,-44],[-587,230],[-1810,1769],[-1033,734],[-2142,603],[-951,27],[-1078,-269],[-2634,-1471],[-694,-648],[-795,-978],[-1390,-1055],[-1320,-1139],[-1440,-985],[-462,-65],[-361,155],[-831,952],[-1236,988],[-1288,1600],[-719,1401],[-1295,1587],[-710,355],[-612,170],[-1741,-137],[-1177,-469],[-403,-481],[-147,-446],[16,-470],[117,-292],[1346,-1550],[289,-559],[126,-454],[-344,-1853],[-637,-1265],[-513,-602],[-597,-520],[-972,-530],[-792,-235],[-1684,-86],[-1121,-296],[-1041,-395],[-235,-21],[-276,155],[-468,630],[-274,1229],[41,781],[584,922],[775,551],[1024,428],[908,632],[940,1631],[134,615],[44,721],[-232,1873],[-159,445],[-327,539],[-337,332],[-1821,1273],[-615,132],[-1110,-87],[-2834,-1049],[-705,-106],[-402,-247],[-178,-259],[-75,-463],[63,-1101],[188,-1245],[27,-1101],[158,-605],[-269,-2028],[64,-1256],[-57,-1101],[-134,-614],[-219,-419],[-513,-600],[-521,-358],[-757,-231],[-1591,-44],[-1656,547],[-799,517],[-317,346],[-131,929],[218,585],[302,365],[1231,994],[815,964],[65,940],[-100,620],[-230,585],[-412,478],[-666,425],[-1186,458],[-3356,524],[-1236,289],[-623,-108],[-1879,-856],[-601,-516],[-423,-665],[-158,-445],[-20,-470],[455,-1994],[22,-785],[-214,-1718],[-159,-444],[-262,-394],[-691,-648],[-588,-230],[-1269,43],[-860,400],[-650,688],[-496,983],[-116,617],[8,1100],[711,1748],[466,637],[993,1021],[279,566],[548,1477],[36,470],[-86,782],[-336,1213],[-873,2197],[-227,918],[-643,1609],[-452,831],[-351,316],[-446,160],[-1207,-91]],[[2448724,1919939],[-1987,-531],[-581,-254],[-175,-253],[-30,-628],[103,-621],[414,-1356],[356,-703],[261,-743],[98,-1087],[348,-1047],[1062,-2284],[251,-742],[69,-466],[-128,-1091],[-239,-582],[-277,-384],[-830,-734],[-595,-222],[-778,-166],[-1185,87],[-427,208],[-220,227],[-345,700],[-87,2990],[-258,740],[-713,1042],[-455,437],[-711,347],[-949,105],[-767,-194],[-1432,-690],[-1482,-566],[-1191,84],[-1026,-55],[-783,144],[-741,269],[-1414,-227],[-724,-318],[-340,-329],[-381,-690],[-106,-932],[116,-455],[695,-1236],[227,-587],[78,-1097],[-84,-301],[-467,-631],[-410,-242],[-598,-214],[-785,-91],[-615,165],[-426,212],[-593,519],[-113,446],[245,910],[734,1216],[342,881],[55,467],[-94,1097],[-348,703],[-1042,1186],[-1006,2142],[-336,1856],[-119,2827],[-502,797],[-532,344],[-604,189],[-620,-98],[-626,-481],[-365,-514],[-221,-589],[-418,-670],[-521,-602],[-390,-275],[-2500,-1022],[-1222,-340],[-1367,-816],[-226,-217],[-1037,-1589],[-963,-1253],[-702,-637],[-1026,-432],[-870,-73],[-1720,330],[-1053,360],[-378,290],[-273,383],[-751,1912],[-6,469],[233,583],[1274,1619],[116,285],[18,476],[-576,2775],[-447,647],[-453,138],[-473,-52],[-1249,-1637],[-1586,-1049],[-2759,-774],[-2228,-70],[-749,-258],[-593,-524],[-1395,-1511],[-901,-648],[-1191,-1273],[-293,-730],[-40,-625],[162,-932],[393,-685],[891,-902],[272,-162],[585,-249],[1843,-496],[848,-442],[529,-784],[133,-451],[-109,-623],[-263,-572],[-378,-506],[-807,-764],[-1196,-420],[-1515,38],[-470,-67],[-406,-249],[-578,-544],[-312,-360],[-225,-414],[-111,-459],[-43,-788],[413,-1517],[499,-3428],[1043,-1391],[67,-301],[-292,-1063],[-1007,-1789],[-294,-372],[-359,-313],[-1284,-621],[-943,-149],[-709,70],[-287,138],[-357,312],[-1186,1852],[-814,576],[-804,180],[29,-66994]],[[2386558,1826394],[49,-129412]],[[2565067,2602074],[555,-593],[281,-691],[412,-596],[141,-531],[-1010,-1776],[-415,-952],[-66,-283],[80,-442],[-31,-834],[-163,-1101],[-11,-904],[-248,-866],[-6,-416],[633,-972],[535,-1783],[306,-216],[557,-193],[416,-397],[174,-305],[-89,-1042],[1309,-1916],[355,-385]],[[2568782,2584880],[-107,-373],[63,-538],[633,-788],[485,-1346],[738,-643],[612,-766],[801,-1512],[316,-767],[633,-601],[464,-269],[590,-332],[1308,-435],[295,-248],[105,-352],[85,-912],[-42,-974],[-232,-290],[-85,-414],[169,-477],[232,-165],[422,-83],[927,-42],[1308,-766],[949,-1119],[169,-435],[42,-497],[126,-332],[591,-435],[1138,-1512],[414,-132],[1084,194],[506,-124],[1181,-663],[843,-829],[612,-249],[1112,-208],[764,-1390],[501,-596],[123,-138],[325,-104],[1072,-944],[694,-3391],[118,-1068],[2,-992],[1010,-2775],[1186,-1081],[1554,-929],[685,-875],[77,-365],[-492,-1679],[-282,-523],[15,-395],[138,-411],[152,-197],[1250,-349],[155,-121],[474,-1235],[1812,-2676],[285,-722],[23,-484],[-202,-1424],[222,-495],[460,-313],[571,-158],[619,-9],[1350,171],[1277,-370],[1125,-1364],[1355,-2028],[894,-945],[1330,-1039],[1436,-1646],[237,-469],[56,-516],[-20,-609],[-144,-675],[121,-1279],[133,-202],[760,-461],[180,-281],[114,-291],[93,-947],[190,-525],[1102,-283],[389,-328],[313,-563],[247,-235],[1681,-499],[209,-179],[247,-431],[342,-263],[1130,-490],[408,-319],[835,-845],[351,-797],[387,-1435],[237,-281],[304,-160],[219,-1],[904,693],[1217,419],[731,-118],[644,-261],[1239,-671],[444,-624],[1707,-3485],[632,-943]],[[2626986,2514032],[419,-374],[722,-271],[908,37],[294,87],[433,281],[477,16],[371,-195],[1013,-774],[565,-140],[719,24],[759,746],[296,189],[308,63],[655,-153],[771,-453],[360,-521],[136,-433],[-1,-511],[-186,-375],[-362,-356],[-547,-307],[-1172,-56],[-635,69],[-391,-77],[-371,-192],[-206,-240],[-108,-289],[238,-589],[585,-630],[2881,-1034],[862,-400],[500,-378],[162,-208],[150,-420],[-19,-1526],[101,-846],[86,-164],[420,-336],[356,-91],[442,84],[1964,757],[712,196],[905,-114],[253,-101],[329,-282],[215,-399],[42,-447],[-157,-659],[-290,-511],[-1149,-1170],[-1087,-417],[-849,-495],[-202,-227],[-123,-318],[-58,-695],[107,-433],[150,-220],[654,-384],[984,-313],[683,-15],[1042,-165],[1077,-640],[984,-406],[762,-58],[897,201],[613,-40],[422,-177],[860,-859],[725,-1171],[84,-1643],[-195,-320],[-495,-371],[-664,-333],[-701,117],[-832,566],[-377,39],[-286,-141],[-195,-282],[-105,-602],[206,-885],[207,-385],[338,-334],[533,-258],[467,-103],[677,166],[846,793],[391,115],[481,-27],[532,-231],[260,-283],[155,-372],[-118,-397],[-260,-320],[-1107,-806],[-443,-461],[-378,-1038],[-14,-526],[246,-333],[1767,-645],[3653,-365],[1390,-400],[1338,-733],[558,-602],[219,-912],[102,-1501],[-266,-1647]],[[2657456,2478267],[261,-224],[458,-25],[515,150],[1183,-18],[515,-215],[1197,-819],[729,-861],[1230,-1991],[814,-774],[536,-244],[536,-86],[1105,-139],[1841,-46],[1285,-670],[1447,-498],[347,28],[745,423],[502,502],[277,519],[197,1750],[-65,995],[-320,1592],[-12,875],[108,398],[216,384],[324,397],[390,291],[1211,303],[1318,223],[1210,-15],[1035,-122],[1768,179],[568,-77],[660,-213],[583,-379],[1763,-1563],[1103,-1244],[751,-562],[572,-227],[1393,774],[1789,-411],[652,-57],[564,54],[159,55],[662,854],[310,204],[346,163],[1009,203],[539,217]],[[2693782,2478320],[955,720],[1144,662],[546,155],[528,51],[422,-53],[932,-453],[1061,-273],[436,-19],[697,-326],[860,-596],[498,-621],[1255,-1157],[1178,-682],[801,-52],[568,83],[939,304],[767,602],[268,432],[190,501],[-118,1223],[-1398,2532],[19,671],[265,814],[568,876],[498,569],[856,579],[670,238],[890,112],[855,238],[1249,669],[325,558],[232,842],[-16,985],[-177,531],[-45,558],[302,1082],[221,318],[300,159],[844,158],[1039,-127],[1142,-652],[208,-274],[850,-2166],[530,-673],[692,-480],[2241,30],[1709,-118],[1210,-205],[1367,-512],[3344,-1573],[1465,-994],[427,-206],[1028,-241],[1329,270],[1223,-264],[1719,-949],[819,-731],[807,-583],[542,-354],[243,-23],[242,68],[209,170],[409,1029],[232,408],[298,270],[231,136],[439,33],[1435,450],[746,451],[304,469],[88,316],[-59,786],[165,538],[747,674],[1318,475],[868,1084],[749,1655],[365,512],[737,434],[1136,493],[823,93],[399,-147],[1453,-942],[1021,-447],[458,-599],[328,-693],[137,-735],[23,-939],[-427,-1264],[-402,-1614],[-114,-845],[42,-547],[276,-624],[216,-249],[1350,-575],[1143,-225],[866,41],[1457,689],[746,631],[1024,946],[1391,1808],[321,196],[615,178],[1889,252],[1534,466],[1613,273],[1170,772],[590,281],[303,24],[572,-120],[502,41],[695,494],[1486,1520],[1112,1376],[336,626],[128,455],[637,557],[243,364],[507,1198],[-18,270],[-449,855],[-208,832],[66,315],[302,278],[676,271],[878,-14],[3174,-793],[647,-70],[632,171],[401,257],[2428,2451],[672,1064],[360,785],[454,1685],[120,1925],[187,904],[473,695],[348,1210],[170,163],[554,237],[637,52],[658,228],[1495,1445],[755,393],[686,199],[762,-21],[478,-137],[2941,-68],[1309,-140],[832,74],[2190,490]],[[2799833,2509658],[645,141],[247,212],[1727,3281],[847,831],[802,372],[2618,285],[2404,-796],[603,-44],[1082,251],[1405,-218],[1616,204],[1776,-406],[546,-259],[1148,-782],[1058,539],[636,-266],[480,-108],[487,3],[1479,394],[601,14],[735,143],[1455,648],[104,379],[21,508],[191,269],[1397,417],[1897,186],[462,202],[392,407],[500,58],[759,-119],[1163,-331],[1543,114],[1069,-27],[712,-165],[687,-307],[1131,-668],[759,-267],[1493,-52],[1493,-197],[1126,-341],[1883,-971],[1272,-438],[635,-509],[611,-315],[2300,-948],[2933,-1770],[1711,-1212],[1655,-804],[551,-138],[289,-166],[195,-205],[418,-887],[203,-822],[-114,-826],[-123,-313],[-924,-554],[-180,-192],[-13,-990]],[[2854431,2502103],[319,-574],[25,-851],[242,-471],[469,-590],[937,-794],[756,-922],[911,-692],[573,-153],[624,-51],[832,155],[1092,617],[1742,593],[2808,1671],[1612,540],[728,104],[1249,-97],[4175,-766],[1192,-120],[1748,-363],[1645,185],[760,163],[617,264],[1479,1198],[1335,711],[986,853],[267,629],[449,2210],[267,690],[328,487],[432,244],[534,142],[1994,84],[453,142],[842,610],[185,263],[20,223],[-290,1541],[164,852],[184,264],[350,243],[966,427],[452,285],[2772,2416],[534,548],[349,426],[247,507],[327,994],[678,1014],[349,325],[432,203],[1726,509],[1665,793],[945,852],[410,589],[924,1055],[493,427],[842,974],[493,446],[267,426],[246,649],[164,731],[346,2818],[513,1136],[349,528],[514,467],[534,325],[1314,1299],[494,264],[2281,834],[2056,407],[1028,488],[884,549],[964,1582],[493,649],[513,1035],[1868,3023],[1397,1644],[1644,1279],[1213,549],[1068,670],[1028,852],[739,386],[1028,792],[1048,1015],[1294,1644],[819,2778],[678,1481],[266,791],[616,1116],[595,812],[761,588],[1316,509],[1069,163],[1049,102],[2385,-38],[782,-283],[2172,-1596],[1429,-63],[1008,41],[859,203],[662,332],[307,-17],[589,-178],[1265,-904],[802,-242],[2901,-525],[1480,-141],[1070,22],[822,223],[761,447],[1911,1604],[1624,995],[2015,1015],[1583,529],[1418,711],[1319,789],[3451,1080],[1255,549],[3176,2267]],[[2973572,2565328],[990,505],[546,131],[3993,386],[737,201],[728,332],[1645,965],[1747,1243],[1948,2305],[2821,1894],[522,248],[787,235],[1521,262],[819,262],[1481,770],[923,580],[826,1094],[434,878],[1172,1694],[1129,1457],[1780,2851],[326,322],[586,343],[674,300],[2455,795],[739,150],[1130,129],[1131,-42],[1217,215],[3216,260],[3891,45],[652,65],[673,171],[1152,622],[413,451],[580,846],[524,1304],[478,653],[570,495],[570,247],[776,248],[2554,451],[935,248],[548,203],[1664,1148],[900,331],[2976,406],[3513,1139],[3580,872],[4452,1574],[1599,680],[1021,591],[1555,1139],[2598,1972],[1620,1358],[1221,1139],[2335,2671],[376,362],[833,460],[1072,60],[714,-310],[1467,-1116],[333,-153],[555,-66],[689,110],[1510,570],[1421,351],[2045,375],[1836,117],[711,147],[563,263],[444,525],[1300,952],[1366,542],[1601,757],[555,49],[1253,-295],[474,32],[348,181],[516,428],[350,427],[449,788],[1865,2743],[450,410],[983,543],[1582,1888],[450,345],[766,362],[1083,378],[350,279],[432,1215],[567,559],[499,197],[967,-98],[350,-230],[200,-296],[566,-443],[917,-295],[450,49],[616,197],[1499,888],[3032,1281],[1000,756],[1665,1035],[1750,870],[1066,345],[849,165],[800,16],[3616,-459],[1798,-53],[968,218],[2065,1084],[2583,1101],[2349,1889],[2632,1905],[1533,591],[1516,756],[599,509],[2934,3104],[566,479],[1024,1142],[400,331],[2312,1143],[1856,704],[1593,416],[1111,171],[4047,1293],[703,440],[305,319],[253,380],[467,1339],[400,401],[2486,1217],[821,884],[1081,573],[996,243],[1308,-58],[451,122],[315,298],[527,772],[298,185]],[[2354857,2469972],[368,253],[484,145],[1712,304],[727,260],[976,166],[228,-123],[455,-73],[434,-333],[756,-102],[330,-355],[367,65],[331,-290],[323,-29],[279,123],[110,-384],[176,-130],[316,108],[264,-29],[199,254],[110,7],[125,-29],[249,-319],[279,0],[74,152],[-15,246],[-212,457],[213,-29],[484,-326],[617,-167],[433,-392],[257,-79],[345,14],[323,72],[118,420],[242,167],[448,-464],[81,7],[184,710],[587,-8],[74,66],[-125,318],[30,239],[661,174],[495,21],[368,-242],[286,-481],[583,-357],[473,-904],[177,-95],[549,-74],[109,40],[205,336],[174,989],[116,232],[208,181],[256,-185],[221,94],[403,914],[887,565],[589,-61],[433,94],[102,-84],[72,-299],[-229,-474],[41,-236],[375,-350],[732,-333],[641,-720],[740,-60],[184,40],[433,427],[1892,177],[712,-259],[1284,-46],[1155,-184],[764,-373],[677,-46],[350,-129],[793,-1355],[482,-357],[130,23],[-34,325],[269,515],[-389,582],[-221,582],[-60,966],[-187,662],[208,443],[309,63],[284,177],[769,168],[334,-29],[387,-254],[234,125],[146,-14],[838,-645],[591,-179],[329,138],[1056,-14],[887,461],[460,111],[487,-54],[772,111],[534,-185]],[[2395139,2471522],[-413,-1112],[23,-944],[-175,-424],[129,-465],[272,-196],[875,-1072],[531,-227],[580,-81],[388,41],[317,-202],[238,-298],[184,-881],[326,-459],[80,-239],[1021,-228],[353,-510],[245,-118],[-108,-589],[131,-1147],[-24,-53],[-201,38],[-30,-105],[105,-70],[234,15],[112,-369],[119,-39],[78,-242],[-39,-187],[119,-22],[51,-256],[-13,-323],[181,-147],[-65,-210],[534,20],[45,-254],[203,-36],[-130,-189],[-633,-77],[-253,-175],[-132,-317],[138,-353],[-143,-35],[-177,-303],[-404,-318],[15,-76],[159,-53],[-30,-64],[-263,4],[-148,137],[-131,14],[-309,-181],[-343,-362],[-238,81],[96,-271],[-251,20],[-295,-202],[-263,95],[-131,-376],[31,-331],[-121,20],[-300,261],[-84,-269],[157,-492],[-65,-60],[-159,44],[4,-264],[-483,-203],[4,-197],[329,-187],[96,-271],[-22,-244],[-185,-78],[137,-332],[-356,-94],[-40,-125],[55,-298],[256,-36],[148,-163],[-34,-349],[-203,-291],[215,-422],[-155,-410],[44,-83],[248,-76],[102,-1002],[-160,-180],[-70,-286],[252,46],[169,-188],[282,137],[520,38],[295,-175],[542,-163],[138,21],[128,143],[132,-102],[233,123],[217,-72],[85,118],[299,48],[68,183],[155,28],[49,139],[149,43],[414,414],[107,289],[122,80],[49,242],[239,237],[13,140],[-87,-3215],[607,-507],[657,26],[145,-155],[60,-240],[380,-373],[808,-274],[142,-243],[-32,-495],[171,-262],[194,12],[45,-447],[151,-143],[266,183],[302,-54],[-67,-289],[361,-234],[281,-847],[400,-501],[895,195],[132,86],[35,285],[358,-173],[49,350],[87,64],[642,-202],[351,171],[393,-36],[584,113],[463,-172],[528,-395],[42,-217],[-72,-171],[472,-480],[-92,-97],[-298,114],[-56,-149],[282,-227],[-7,-236],[128,-181],[531,54],[637,-283],[332,-39],[547,142],[669,-531],[714,434],[71,-43],[86,-534],[268,-289],[229,-90],[228,70],[42,282],[239,359],[222,140],[199,-24],[199,-326],[428,-170],[56,-441],[345,-467],[361,-175],[143,-395],[607,-151],[244,14],[290,172],[123,-89],[307,-420],[-42,-253],[-251,-296],[172,-267],[556,-153],[244,218],[91,197],[-19,604],[167,128],[438,-29],[59,-233],[-469,-524],[27,-448],[105,-147],[878,181],[135,-144],[-13,-311],[212,-179],[207,35],[749,-306],[326,129],[294,-46],[617,-707],[318,242],[240,55],[391,-114],[494,-442],[762,-15],[415,-248],[50,-424],[191,-266],[345,25],[394,195],[265,10],[342,-368],[20,-614],[83,-153],[228,-72],[1510,207],[988,-556],[1234,-1],[860,-287],[259,204],[42,399],[218,409],[301,102],[611,-103],[259,-143],[405,-82],[1659,367],[1679,-257],[352,-215],[985,-185],[249,20],[301,243],[225,26],[1224,-1080],[874,-322],[254,-306],[719,-352],[671,-610],[274,-513],[705,-226],[213,-708],[480,-285],[784,-77],[772,-270],[591,82],[501,-344],[77,-299],[193,-170],[510,57],[1174,358],[762,-89],[1263,-456],[209,22],[495,267],[191,-8],[241,-134],[663,-687],[1036,-300],[456,-29],[417,-304],[887,-181],[363,-163],[974,-676],[2508,-800],[1399,-615],[1482,-154],[612,142],[435,194],[643,122],[1058,-52],[476,-102],[540,71],[425,245],[944,858],[404,266],[301,30],[2239,-145],[1109,9],[622,-174],[560,-52],[301,-154],[186,-296],[99,-436],[311,-200],[1539,-469],[933,-70],[2162,274],[521,299],[374,536],[217,207],[296,115],[459,-8],[2783,-655],[2285,294],[1149,477],[793,425],[923,1086],[268,92],[1545,-600],[676,-41],[297,52],[852,539],[1080,448],[489,23],[1329,-121],[941,-593],[622,-13],[240,-185],[299,-457],[207,-4],[536,189],[514,270],[425,57],[309,-173],[146,-184],[-150,-1362],[10,-345],[112,-173],[225,-100],[1137,171],[423,89],[265,188],[225,50],[926,-849]],[[2503709,2426106],[25190,-26043],[-34,-30546]],[[2528865,2369517],[-186,848],[-725,1020],[-397,429],[-509,38],[-397,-207],[-532,-598],[-443,-856],[-300,-133],[-651,481],[-1578,1975],[-1238,1082],[-255,-5],[-738,-410],[-644,-66],[-760,-272],[-461,185],[-351,576],[-405,171],[-232,-44],[-577,-473],[-780,-67],[-216,85],[-659,568],[-806,441],[-368,957],[-67,680],[-207,213],[-287,31],[-569,-147],[-1282,-631],[-1044,227],[-160,250],[-15,264],[1109,1088],[150,251],[121,806],[-157,177],[-921,304],[-704,-36],[-419,362],[-312,427],[-370,159],[-406,-6],[-745,-329],[-82,43],[6,221],[-102,38],[-201,-177],[-336,-606],[-1330,-886],[-592,-295],[-196,-398],[105,-574],[-304,-495],[-343,70],[-383,598],[-850,422],[-1015,-166],[-1269,130],[-241,-141],[-45,-135],[64,-436],[-97,-321],[-411,-250],[-448,-70],[-977,-603],[-525,-180],[-1036,214],[-607,-1],[-402,-280],[-345,-819],[-312,-194],[-655,-163],[-166,-149],[-404,-57],[-271,155],[-397,848],[-502,341],[-514,575],[-467,731],[-428,131],[-202,-10],[-257,-133],[-516,-585],[-605,-430],[-468,-179],[-428,102],[-133,597],[-201,387],[-181,118],[-446,70],[-638,-76],[-1098,-781],[-608,-83],[-840,-239],[-644,180],[-116,204],[10,616],[-216,814],[42,971],[-314,310],[-485,211],[-163,255],[-131,554],[-317,173],[-309,-328],[-1132,1],[-878,-145],[-411,154],[-1080,751],[-798,222],[-466,-26],[-503,-142],[-595,-480],[-455,-174],[-1327,153],[-1112,-83],[-1192,278],[-471,-1],[-331,-159],[-565,-720],[-343,15],[-1434,538],[-471,-91],[-429,264],[-1285,-10],[-198,226],[-428,191],[-909,197],[-858,721],[-165,882],[-348,196],[-975,-222],[-861,-352],[-461,0],[-134,79],[-176,380],[-321,392],[-1011,585],[-3436,1181]],[[2457471,2383972],[-1599,259],[-1356,98],[-3269,547],[-1010,44],[-267,-142],[-391,102],[-689,-81],[-757,48],[-450,147],[-678,407],[-3479,1369],[-1035,295],[-3523,553],[-778,272],[-309,31],[-596,-192],[-720,-365],[-689,-162],[-730,224],[-894,498],[-1172,132],[-1175,-108],[-1717,246],[-782,169],[-2365,793],[-1239,264],[-1069,57],[-1678,566],[-1478,293],[-689,21],[-5983,1465],[-1151,325],[-3639,1351],[-1038,82],[-2900,-39],[-1141,-445],[-1137,127],[-590,-52],[-1588,350],[-1384,636],[-1492,213],[-1481,-211],[-1201,-430],[-421,-20],[-932,388],[-837,138],[-3132,-12],[-1966,693],[-956,434],[-1017,579],[-2256,207],[-1135,582],[-708,95],[-1222,-100],[-1236,1],[-506,-74],[-833,-352],[-358,59],[-446,412],[-446,73],[-447,30],[-640,-323],[-432,44],[-1845,706],[-417,-44],[-908,-337],[-178,0],[-417,264],[-566,74],[-238,-88],[-297,-279],[-254,-44],[-401,147],[-253,294],[-253,103],[-1131,30],[-536,382],[-774,162],[-238,15],[-194,-88],[-119,-177],[-446,-220],[-715,-14],[-729,-572],[-536,44],[-1101,367],[-1444,265],[-1473,-58],[-1117,103],[-655,206],[-1056,1058],[-996,1777],[-877,730],[-337,119],[-559,50],[-339,276],[-117,332],[-77,818],[-180,600],[-237,630],[-461,793],[-119,1233],[60,485],[864,1248],[223,147],[179,249],[536,940],[164,484],[-78,393],[-814,1441],[-34,569],[171,720],[-176,837],[206,712],[-16,593],[-134,532],[-447,683],[79,193],[930,315],[118,142],[-434,934],[121,889],[-744,941],[-39,545],[104,925],[-41,326],[-233,516],[68,407],[262,380],[671,364],[510,522],[467,83],[678,-154],[754,570],[798,11],[862,395],[972,328],[526,28],[875,802],[2039,912],[707,607],[482,267],[409,351],[1107,570],[326,445],[436,899],[1009,815],[512,715],[523,1092],[338,1218],[489,1359],[884,741],[139,859],[-297,1400],[-731,1651],[20,104],[304,143],[85,117],[-210,780],[40,677],[-73,221],[-1180,1386],[-909,612],[-112,553],[-613,456],[33,565],[-66,111],[-870,254],[-1578,1046],[-475,534],[-259,136],[-490,-183],[-653,-109],[-505,58],[-267,-87],[-868,-622],[-157,-349]],[[2445316,2346282],[-364,-137],[-332,115],[-141,-27],[-119,-298],[-174,-84],[-143,-238],[-40,-485],[-171,-343],[-1013,-390],[-73,-214],[51,-283],[-64,-48],[-283,175],[-202,-60],[39,-491],[-186,-132],[-234,57],[-55,566],[-213,21],[-287,-168],[-272,118],[22,159],[305,181],[-61,177],[-397,-304],[-396,-105],[45,-379],[-67,-135],[-232,153],[-427,-192],[-271,87],[-159,-230],[-372,-94],[-857,166],[-73,139],[-9,483],[-159,197],[-91,-102],[58,-169],[-56,-629],[-433,-217],[-213,10],[-153,322],[-189,69],[-67,-99],[125,-145],[33,-219],[-158,-30],[-171,231],[-158,43],[-92,-124],[189,-114],[37,-127],[-144,-117],[-235,21],[-402,305],[-28,72],[181,225],[-522,326],[-94,-117],[143,-214],[-421,54],[-482,-78],[-165,-562],[-424,-27],[-711,-183],[-201,220],[-327,-24],[-247,96],[-301,452],[-64,475],[-290,-29],[-210,81],[-95,-382],[-216,-3],[-204,635],[-110,75],[-205,-66],[40,-165],[-107,-142],[-357,284],[-204,-533],[-202,-144],[-234,111],[9,334],[-85,106],[-141,12],[-369,-160],[-256,118],[-43,150],[165,241],[-222,199],[-247,-51],[-62,-343],[-402,-75],[-186,39],[-6,160],[421,394],[-34,231],[-146,85],[-416,20],[11,546],[-351,100],[18,-190],[-142,-99],[-203,109],[-475,482],[-403,76],[-45,189],[-341,217],[62,376],[-302,621],[-384,179],[-144,409],[-414,129],[-264,506],[-183,44],[-196,-441],[-720,-208],[-321,269],[-305,-32],[-142,-177],[-179,-72],[-317,510],[-224,16],[-346,-156],[-433,195],[-888,962],[187,100],[415,-161],[118,176],[-77,181],[-439,117],[-143,168],[155,237],[8,185],[-264,144],[-463,25],[-159,794],[-288,326],[-545,289],[-582,-293],[-285,-381],[-113,-36],[-127,109],[-56,305],[-171,205],[-110,32],[-158,-97],[-45,-208],[279,-427],[50,-472],[-97,-124],[-199,23],[-294,476],[-650,265],[-391,569],[-329,7],[-174,92],[-604,-223],[-394,-796],[-179,-25],[-1125,233],[-1121,-488],[-207,-24],[-724,330],[-276,217],[-590,0],[-181,369],[-200,202],[-697,250],[-265,350],[-225,35],[-186,-275],[96,-257],[247,-223],[21,-218],[-107,-140],[-240,40],[-73,297],[-122,120],[-500,226],[-69,0],[-187,-301],[-347,-4],[-159,-143],[0,-228],[397,-407],[43,-150],[-36,-114],[-371,-161],[-68,-247],[576,-477],[195,-585],[-94,-78],[-405,-50],[-130,-121],[-73,-185],[87,-486],[-94,-100],[-181,-21],[-1250,636],[-1383,-199],[-435,217],[-504,20],[-484,518],[-187,53],[-171,-12],[-423,-446],[-596,-75],[-653,-292],[-198,-12],[-833,389],[-582,-36],[-330,109],[-521,238],[-525,479],[-676,283],[-367,-48],[-354,-376],[-137,-48],[-1025,199],[-384,410],[-555,-39],[-888,124],[-482,253],[-723,-274],[-436,377],[-738,97],[-481,590],[-217,120],[-381,-33],[-580,-185],[-155,92],[-73,392],[-107,129],[-500,-237],[-186,6],[-141,388],[-265,280],[128,187],[-18,132],[-363,162],[-111,182],[-815,119],[-136,262],[42,496],[-146,143],[-164,14],[-63,-322],[-381,39],[-34,118],[134,296],[-471,155],[-181,422],[-100,29],[-300,-235],[-537,66],[-547,378],[-361,88],[-102,482],[-824,-37],[-96,50],[-241,432],[-1310,-60],[-287,202],[-83,515],[-214,294],[-744,640],[-641,102],[-164,124],[-387,73],[-276,317],[-333,212],[-527,590],[-1032,198],[-829,257],[-231,188],[-287,437],[-144,603],[-549,531],[-261,769],[-694,640],[-523,-62],[-240,67],[-136,268],[-794,681],[-528,145],[-324,232],[-277,-20],[-804,170],[-303,-134],[-756,-135],[-872,569],[-483,127],[-127,108],[-293,-229],[-160,-28],[-372,562],[-599,311]],[[2365392,2365382],[-403,-112],[-153,48],[-153,220],[-843,729],[-724,496],[-272,-41],[-356,-647],[-557,-47],[-592,330],[-948,-124],[-355,56],[-376,227],[-759,935],[-196,124],[-104,-21],[-258,-405],[-467,-96],[-418,-330],[-139,27],[-509,832],[-425,248],[-466,62],[-565,-192],[-453,165],[-683,55],[-550,324],[-509,-76],[-494,158],[-390,-20],[-474,138],[-1973,-527],[-504,-473],[-515,-83],[-226,-274],[-213,-107],[-234,24],[-314,322],[-648,91],[-322,155],[-1162,76],[-606,-295],[-384,-289],[-230,-69],[-508,14],[-1206,461],[-473,276],[-285,287],[-427,220],[-77,508],[-515,480],[-97,402],[-962,710],[-58,527],[-283,621],[-572,238],[-1002,124],[-545,257],[-182,228],[-231,566],[-1555,803],[-240,642],[-174,219],[-399,48],[-431,327],[-537,59],[-425,-67],[-300,223],[-776,124],[-336,163],[-486,-332],[-596,-169],[-542,-273],[-668,-107],[-323,-5],[-182,183],[-494,189],[-731,34],[-262,-265],[-508,234],[-799,707],[-397,176],[346,1059],[12,245],[-332,214],[-518,839],[-1031,1095],[-224,922],[-1334,1380],[-387,482],[-292,819],[-230,273],[-263,167],[-491,147],[-968,-344],[-691,-60],[-855,87],[-187,62],[-354,298],[-508,137],[-1261,-73],[-755,66],[-292,197],[-222,282],[-713,1392],[-126,106],[-454,195],[-692,-17],[-671,256],[-385,355],[-1030,263],[-1210,-541],[-1461,-788],[-295,-60],[-566,-61],[-1259,194],[-581,572],[-167,6],[-2158,-1317],[-569,-182],[-1492,-219],[-190,50],[-489,739],[-1039,1090],[-260,172],[-426,39],[-1551,-289],[-685,171],[6,239],[-116,165],[-597,447],[-58,528],[-214,435],[-240,218],[-571,281],[473,346],[130,535],[476,-71],[239,258],[67,789],[268,523],[15,564],[-252,590],[144,403],[6,1144],[429,817],[123,452],[-109,826],[-533,600],[-559,265],[-628,421],[-303,528],[-969,880],[-265,586],[-516,615],[-204,143],[-473,96],[-1269,462],[-500,392],[-495,743],[-489,281],[-456,492],[31,394],[-340,70],[-350,246],[-178,269],[-243,42],[-101,278],[-473,547],[-288,173],[-134,262],[-397,371],[-237,36],[96,421],[-317,43],[-850,668],[-483,56],[-511,-149],[-474,93],[-767,757],[-351,112],[-303,440],[-1146,757],[-521,766],[-209,159],[-37,196],[-171,113],[-540,700],[-123,402],[-85,66],[-1128,458],[-427,-160],[-546,95],[-811,-71],[-376,-251],[-1130,-1305],[-26,-595],[109,-607]],[[2457471,2383972],[202,-415],[25,-226],[-567,-2108],[-243,-405],[-922,-1019],[-112,-379],[-789,-1209],[-209,-556],[-22,-279],[-867,-1651],[-212,-589],[-277,-321],[-474,-360],[581,-219],[-356,-402],[-85,-225],[4,-1450],[124,-871],[-234,-927],[-900,-2200],[-370,-603],[-153,-524],[-748,-1068],[-313,-2033],[-324,-1073],[-367,-717],[-103,-422],[-1000,-6932],[430,-630],[566,-1097],[118,-694],[205,-265],[-111,-249],[-106,-55],[-167,-70],[-335,18],[-940,381],[-798,156],[-324,-208],[-21,-953],[-277,-489],[-248,92],[-437,17],[-1238,-417],[186,-242],[53,-3802]],[[2626986,2514032],[-25752,-142],[-6,-360],[339,-797],[610,-431],[832,-398],[320,-400],[107,-389],[-30,-682],[-393,-669],[-57,-344],[-819,-918],[-300,-463],[270,-1461],[192,-270],[518,-258],[468,-84],[706,-639],[225,-856],[471,-1094],[-45,-991],[-281,-497],[-83,-337],[85,-198],[274,-168],[237,-1058],[244,-128],[618,110],[423,-11],[354,-188],[169,-251],[35,-366],[-65,-176],[-665,-493],[408,-281],[112,-335],[-160,-291],[30,-111],[359,-704],[262,-179],[142,-520],[313,-232],[-228,-361],[128,-719],[-364,-55],[-147,-635],[-558,-841],[63,-291],[-122,-472],[104,-432],[-79,-855],[-460,252],[-126,646],[-463,-62],[-265,155],[32,300],[602,327],[57,204],[-80,127],[-483,89],[-293,-610],[-159,-80],[-193,129],[-157,354],[-330,160],[145,251],[39,318],[425,233],[167,-15],[444,-540],[392,-57],[181,165],[95,349],[-393,227],[93,489],[-346,608],[68,91],[548,81],[-263,659],[81,169],[322,217],[33,170],[-705,210],[-398,-459],[-665,-314],[-590,-82],[-70,82],[11,207],[386,1231],[-707,357],[-431,108],[-78,-96],[131,-467],[-203,-275],[-94,-357],[231,-521],[-16,-152],[-228,-205],[-251,315],[-499,-160],[-245,55],[-317,299],[83,153],[258,77],[131,141],[-443,265],[-82,543],[359,421],[-237,318],[-125,995],[-118,6],[-295,-401],[-162,-14],[-195,128],[-548,661],[-38,-127],[202,-420],[-13,-154],[-394,192],[-370,-13],[-5,298],[188,509],[385,425],[79,271],[-130,252],[-630,687],[-370,147],[-240,10],[-112,-93],[-79,-325],[-781,-205],[-419,173],[-415,-39],[-32,156],[181,400],[-10,143],[-377,360],[-290,87],[-537,-857],[-83,-346],[-87,-32],[-750,812],[-232,713],[-580,497],[-89,537],[-306,17],[-152,-98],[128,-422],[-61,-197],[-1111,60],[-115,71],[-134,381],[-424,49],[-144,457],[-151,133],[-192,-6],[-329,-184],[-351,198],[-381,-41],[-409,149],[-535,-55],[-575,118],[-32,104],[143,269],[-75,175],[-395,175],[-499,97],[-287,489],[-338,225],[-120,250],[58,297],[464,350],[181,262],[-15,112],[-361,15],[-4,379],[707,645],[-19,148],[-292,307],[39,195],[413,341],[276,450],[-26,162],[-94,65],[-765,311],[-340,50],[52,129],[624,335],[35,550],[-369,223],[-529,-167],[-252,21],[-112,137],[-133,496],[-752,280],[-568,507],[-382,-131],[-178,57],[-110,166],[76,359],[-80,281],[-704,839],[-270,183],[-201,26],[-386,-229],[-267,249],[-104,413],[55,93],[218,41],[37,121],[-322,321],[-173,19],[-559,-163],[-410,357],[-172,20],[-693,-569],[-203,484],[-185,132],[-115,-100],[-186,-575],[-177,-72],[-258,264],[-544,106],[-54,162],[148,417],[-347,246],[-340,58],[-814,-209],[-334,52],[-226,467],[-10,357],[-412,241],[-795,57],[155,-661],[-198,-72],[-383,420],[-395,7],[-525,286],[0,151],[239,183],[-15,233],[-869,904],[-508,62],[-359,256],[-528,-112],[-280,19],[-1040,676],[-372,-169],[-37,324],[250,144],[-200,234],[-327,12],[-277,-231],[-122,1],[-199,454],[100,465],[-248,87],[-370,-188],[-570,1047],[-293,-90],[-224,-286],[-645,-542],[-87,107],[152,284],[-28,240],[-235,-61],[-226,-358],[-88,106],[-58,343],[-552,99],[-609,457],[-473,11],[-52,274],[670,937],[314,260],[-23,114],[-169,78],[-719,-100],[-841,-814],[-539,49],[-204,-81],[-68,-215],[88,-491],[-116,-524],[-128,106],[58,526],[-142,331],[-324,-25],[-75,-434],[-144,-53],[-207,160],[-506,896],[-131,-54],[-305,-450],[-198,-43],[-183,143],[-98,311],[-300,181],[-250,346],[-151,41],[-273,-518],[-281,-33],[-126,-95],[27,-407],[-155,-92],[-211,30],[-417,-97],[-227,-251],[32,-250],[448,-144],[158,-148],[-10,-621],[-106,-177],[-140,58],[-98,269],[-151,122],[-287,7],[-347,-280],[-202,-39],[-768,472],[-237,-181],[-76,-263],[-172,-23],[-97,232],[109,401],[-197,181],[-28,154],[225,339],[341,150],[84,114],[68,339],[-40,187],[-100,85],[-225,-21],[-275,-165],[-593,-719],[-173,42],[-309,296],[-195,60],[-211,-79],[-624,-558],[-268,-68],[-195,83],[-25,221],[191,168],[87,243],[-348,369],[-340,169],[-61,133],[155,348],[320,385],[-212,765],[249,645],[-445,682],[-300,64]],[[2567721,2439611],[1316,780],[392,568],[72,744],[-195,517],[-408,377],[-230,87],[-1260,98],[-390,80],[-337,175],[-612,579],[-274,411],[-150,464],[54,560],[952,2047],[632,1724],[81,822],[-62,377],[-177,341],[-602,649],[-435,149],[-577,-52],[-497,-472],[-63,-210],[17,-770],[-311,-779],[-569,-550],[-584,-260],[-369,11],[-819,153],[-788,405],[-374,316],[-254,492],[-59,389],[60,507],[330,413],[1056,438],[551,394],[596,690],[282,853],[-145,842],[-363,432],[-718,485],[-789,200],[-431,49],[-547,-236],[-1040,-191],[-734,120],[-333,148],[-445,399],[-239,495],[-3,654],[218,461],[307,44],[142,188],[323,177],[64,273],[161,118],[1127,608],[107,-59],[346,71],[1164,-40],[340,45],[246,177],[114,151],[100,466],[-46,262],[-166,447],[-492,493],[-625,362],[-1437,284],[-1343,829],[-2337,-286],[-206,-105],[-673,-675],[-214,-361],[-446,-131],[-366,-327],[-599,-33],[-213,-150],[-120,-151],[-141,-742],[-387,-551],[-317,-210],[-277,252],[-1262,276],[-419,394],[-359,158],[-533,14],[-872,-268],[-472,40],[-419,302],[-345,596],[-71,982],[-156,463],[27,414],[-385,65],[-766,317],[-965,520],[-347,-131],[-622,76],[-624,334]],[[2657456,2478267],[-199,-342],[-1470,-760],[-184,-252],[-184,-1051],[35,-454],[-174,-1131],[-530,-1834],[-599,-1647],[-532,-1039],[-1068,-3263],[-453,-691],[-657,-587],[-374,-232],[-695,-406],[-669,-257],[-465,-45],[-957,92],[-1493,365],[-652,486],[-244,394],[-465,492],[-182,640],[-464,777],[-609,658],[-652,527],[-822,502],[-1528,697],[-718,-458],[-569,-500],[-654,-261],[-206,-200],[-62,-897],[108,-466],[337,-926],[495,-984],[239,-1265],[-98,-1205],[-284,-1072],[-315,-629],[-438,-293],[-509,-173],[-478,-85],[-885,86],[-2561,3180],[-666,430],[-870,417],[-1068,392],[-694,122],[-619,-6],[-691,-182],[-704,-5],[-327,-153],[-232,-342],[-219,-543],[-96,-610],[292,-424],[148,-792],[651,-1833],[12,-456],[-89,-289],[-327,-449],[-633,-207],[-490,41],[-435,289],[-204,242],[-549,760],[-265,510],[-557,424],[439,945],[122,711],[-109,788],[-347,597],[-1192,832],[-1561,1409],[-656,366],[-775,159],[-445,-93],[-740,-474],[-399,-563],[-118,-513],[14,-705],[178,-594],[992,-1587],[488,-46],[567,212],[339,-184],[111,-196],[219,-1018],[17,-685],[-414,-584],[-346,-1002],[-845,-1535],[-808,-577],[-873,-467],[-230,-75],[-592,-9],[-719,248],[-474,373],[-198,725],[22,916],[-137,660],[-66,221],[-321,388],[-392,152],[-715,-64],[-914,-402],[-138,-95],[-77,-196],[121,-977],[640,-2095],[35,-609],[1072,-3052],[803,-2030],[397,-1349],[17,-994],[-278,-1126],[-556,-763],[-322,-241],[-245,-65],[-444,162],[-856,791],[-861,535],[-465,76],[-515,-135],[-593,-336],[-572,-176],[-2250,-203],[-1935,-707],[-225,-196],[-445,-764],[-191,-1001],[-471,-1535],[-1158,-2716],[-644,-749],[-1159,-869],[-364,-508],[-246,-906],[-317,-518],[-46,-206],[-73,-936],[-211,-513],[20,-604],[149,-463],[-20,-181],[-246,-215],[-761,95],[-606,661],[-285,573],[-372,423],[-367,212],[-577,62],[-582,-276],[-572,-387],[-246,-604],[-598,-704],[-664,-618],[-940,-437],[-214,16],[-209,141],[-439,-100],[-265,101],[-214,202],[-760,268],[-367,247],[-352,45],[-337,-135],[-490,202],[-653,558],[-509,307],[-601,622],[-730,158],[-640,-12],[-987,200],[-1169,-211],[-1374,416],[-863,433],[-2733,2118],[-363,591],[-178,549],[-1196,1651],[-1338,2206],[-496,565],[-931,471],[-640,-201],[-341,-274],[-272,-403],[-12,-246],[119,-593],[943,-2384],[135,-792],[-63,-966],[-307,-966],[-410,-845],[-756,-771],[-436,-234],[-850,-194],[-511,-13],[-918,116],[-292,201],[-190,605],[14,422],[98,292],[338,339],[225,114],[341,590],[233,1214],[14,376],[-196,933],[-577,665],[-667,122],[-514,-174],[-582,-403],[-502,-603],[-418,-305],[-1827,-983],[-367,-34],[-647,118],[-275,-101],[-46,56],[-61,521],[98,566],[68,68],[203,-23],[154,234]],[[2445316,2346282],[271,67],[308,253],[357,21],[165,-163],[-7,-132],[-418,-307],[6,-238],[110,-105],[393,-4],[330,382],[576,-54],[186,-124],[21,-394],[119,-151],[592,15],[430,-82],[113,-96],[18,-292],[207,-126],[235,162],[-97,253],[247,90],[284,-97],[140,-376],[176,-42],[226,0],[287,129],[442,-13],[357,163],[162,-181],[-126,-238],[37,-78],[271,-60],[254,93],[229,198],[213,21],[445,-587],[558,-533],[1034,-203],[603,-428],[363,-75],[171,-211],[220,295],[134,409],[342,-3],[210,99],[22,379],[-183,605],[162,386],[214,72],[408,-118],[174,99],[245,451],[686,141],[-22,176],[-502,776],[-305,87],[-491,-192],[-222,139],[-34,439],[171,304],[263,18],[384,-298],[570,135],[219,-618],[229,-51],[180,181],[199,18],[115,-356],[448,-145],[403,60],[540,343],[363,-142],[250,-358],[686,17],[189,67],[193,255],[589,228],[174,280],[122,51],[134,-72],[140,-382],[286,-88],[397,186],[95,371],[409,228],[232,259],[64,532],[-216,633],[125,108],[397,-64],[119,259],[388,238],[91,350],[9410,-45198]],[[2475020,2304328],[-647,-150],[-979,75],[-1483,-516],[-703,67],[-921,-510],[-201,25],[-321,239],[-284,41],[-1231,-357],[-169,60],[-79,159],[-13,188],[115,291],[-58,238],[-192,155],[-277,-3],[-1047,-416],[-993,-954],[-274,-33],[-1132,607],[-510,960],[-195,199],[-604,-3],[-564,-134],[-359,11],[-173,84],[-127,265],[-166,1302],[-94,354],[-96,98],[-357,-43],[-146,-429],[-319,-227],[-676,350],[-800,201],[-456,376],[-458,-127],[-506,-597],[-400,-87],[-797,813],[-662,19],[-987,-1021],[-179,-32],[-205,189],[-324,790],[-376,239],[-228,25],[-300,-253],[-853,387],[-344,-30],[-294,-124],[-313,81],[-219,303],[-6,624],[-157,148],[-444,-30],[-464,-364],[-256,37],[-238,303],[182,970],[-288,235],[-275,12],[-639,-271],[-295,-364],[44,-859],[-263,-167],[-351,74],[-307,334],[-31,371],[-424,817],[7,285],[-82,72],[-342,-168],[-360,-406],[-1153,-382],[-275,-49],[-138,105],[-432,-235],[-501,75],[-426,291],[-1083,-167],[-908,44],[-269,-191],[-426,-130],[-1227,1],[-245,-111],[-269,-414],[-345,-129],[-444,148],[-675,1206],[-57,266],[-137,92],[-476,32],[-188,99],[-313,352],[-250,87],[-1078,-77],[-244,-102],[-245,-269],[-1516,270],[-243,-322],[17,-239],[-233,64],[-592,-199],[-512,94],[-320,-115],[-167,107],[-207,-38],[-291,-202],[-212,-479],[-244,-181],[-318,136],[-346,303],[-109,291],[-154,49],[-140,-212],[-62,-306],[-823,-192],[-478,385],[168,760],[-200,64],[-372,322],[-281,-62],[-239,-261],[-352,-102],[-89,-157],[-99,-25],[-143,74],[-349,465],[-373,198],[-187,16],[-376,-412],[-276,-84],[-174,145],[-24,343],[-84,75],[-219,-13],[-482,-205],[-303,25],[-286,154],[-348,33],[-296,415],[-932,98],[-239,363],[120,509],[-193,300],[-239,45],[-258,-163],[-193,0],[-442,436],[-27,173],[175,454],[0,318],[-101,282],[-159,82],[-441,3],[-369,340],[-860,293],[-343,293],[-152,392],[-343,186],[-282,7],[-528,-422],[-291,0],[-334,306],[-93,853],[-169,329],[-225,93],[-1005,65],[-230,88],[-174,455],[-342,334],[-329,922],[10,751],[-94,88],[-211,-18],[-273,-149],[-549,135],[-1113,-222],[-315,84],[-446,255],[-291,23],[-930,-833],[-244,-116],[-315,37],[-315,334],[-333,56],[-324,-181],[-240,-375],[-268,-139],[-324,116],[-112,158],[-117,366],[33,464],[-66,199],[-188,204],[-1315,79],[-591,367],[-470,181],[-977,-74],[-432,89],[-563,477],[-183,811],[-169,191],[-187,69],[-371,-55],[-1527,172],[-258,181],[-234,417],[-320,135],[-296,19],[-253,-292],[-1480,65],[-277,-236],[-747,-273],[-131,-287],[-263,-139],[-236,200],[-707,1130],[-511,-38],[-461,261],[-310,640],[-134,80],[-757,111],[-630,245],[-847,-133],[-301,-121],[-676,276],[-1051,149],[-395,142],[-657,-154],[-151,68],[-225,297],[-651,291],[-394,505],[-482,261],[-307,272],[-182,359],[-212,198],[-313,130],[-971,-26],[-392,158],[-545,95],[-819,454],[-1312,317],[-315,-22],[-825,-377],[-277,-7],[-555,245],[-345,429],[-217,81],[-390,-36],[-390,89],[-525,555],[-307,37],[-645,-133],[-1125,237],[-1275,442],[-749,381],[-960,277],[-1368,242],[-378,263],[-462,495],[-582,1007],[-365,295]],[[2368166,2331885],[-599,2005],[-40,684],[-281,443],[-49,719],[-182,489],[-1221,2079],[-487,382],[-812,903],[-182,140],[-210,3],[-277,285],[-276,869],[324,755],[-289,1219],[-674,790],[-499,-73],[-234,325],[-462,140],[-357,292],[82,392],[348,785],[571,687],[1164,997],[327,403],[327,664],[959,1280],[1085,1879],[3673,2920],[375,542],[-30,260],[-483,695],[-29,376],[-396,58],[-59,130],[133,434],[-153,897],[-432,475],[-112,322],[-144,114],[-145,0],[-430,-255],[-239,211],[-130,23],[-411,-303],[-469,130],[-228,195],[-237,412],[-11,454],[-110,201],[-498,283],[-924,283],[-239,166],[-211,696],[-20,318],[72,204],[387,437],[-518,1317],[1,298],[314,570],[722,755],[151,343]],[[2359168,2333616],[-125,-293],[4,-351],[1062,-1569],[1133,-1429],[367,-322],[1065,-638],[745,-1317],[1729,-3834],[1014,-2031],[39,-276],[-367,-1840],[-271,-264],[-764,-277],[-1627,-257],[-688,-32],[-666,163],[-1354,527],[-979,-13],[-447,-174],[-282,-10],[-2811,1099],[-217,-633],[-1577,-1822],[269,-790],[-337,-504],[472,-1561],[-1360,-476],[-1216,-599],[-540,-419],[-482,-542],[-367,-571],[-382,-202],[-79,-331],[-1010,-1705],[-1135,-1537],[-68,-501]],[[2347916,2308285],[-434,990],[-790,1302],[-62,646],[-207,268],[-90,271],[-586,752],[-917,646],[-813,165],[-402,543],[-1707,1143],[-839,193],[-3189,1768],[-951,332],[-3164,2468],[-1291,640],[-145,140],[-127,412],[-1688,-1377],[-400,104],[-309,-62],[-322,142],[-820,10],[-1445,-176],[-211,-146],[-390,-911],[-443,-461],[-422,-87],[-918,8],[-900,-556],[-747,-238],[-339,-761],[-508,-668],[-81,-220],[-40,-884],[-280,-1029],[23,-573],[-105,-247],[-393,-417],[-271,-450],[-1495,-155],[-158,-76],[-70,-774],[-121,-225],[-493,-222],[-783,-133]],[[2318073,2310380],[-167,283],[-1798,126],[-334,212],[-294,228],[-96,212],[-95,816],[-367,373],[-381,216],[-851,46],[-169,128],[-879,256],[-269,20],[-509,-148],[-320,60],[-1416,1663],[-572,389],[-2750,759],[-1291,191],[-555,0],[-1277,-588],[-833,-186],[-1241,172],[-2007,-14],[-553,-176],[-698,-482],[-465,-148],[-1027,125],[-796,-11],[-370,-86],[-567,-322],[-283,-280],[-1632,-755],[-131,-172],[68,-721],[-354,-566],[-37,-187],[472,-1577],[88,-966],[-142,-969],[261,-1230],[-17,-212],[-233,-150],[-665,-97],[-985,-285],[-1270,-671],[-1538,-685],[-585,-15],[-461,-379],[-646,-907],[-217,-177],[-463,-186],[-764,-135],[-1695,-609],[-476,231],[-1196,319],[-916,446],[-3761,511],[-1610,412],[-198,195],[-481,221],[-847,81],[-453,305],[-1631,106]],[[2272328,2305390],[411,667],[47,353],[-305,551],[-512,488],[-354,889],[-611,894],[-141,524],[47,718],[310,610],[187,658],[-27,1473],[-694,213],[-1141,668],[-335,430],[-939,703],[-537,659],[-398,647],[-814,415],[-1097,217],[-553,197],[-110,108],[-232,598],[-187,221],[-191,40],[-1590,-221],[-642,56],[-224,93],[-553,850],[-569,1228],[-106,377],[37,606],[-150,349],[-818,915],[-386,722],[-77,490],[-878,734],[-285,24],[-504,-261],[-496,-120],[-594,12],[-646,-128],[-879,104],[-1179,-108],[-349,-221],[-338,-454],[-118,-228],[-36,-614],[-256,-125],[-480,24],[-1171,-377],[-390,-4],[-480,201],[-1265,-40],[-1679,-318],[-573,514],[-1342,923],[-1069,148],[-911,1084],[-840,550],[-808,808],[-265,166],[-526,128],[-987,-38],[-1100,316],[-656,-428],[-185,-32],[-1046,160],[-824,-112],[-656,96],[-396,-64],[-1382,-642],[-1073,-717],[-1182,-413],[-916,-444],[-1128,-813],[-688,-139],[-315,679],[-856,990],[-136,305],[-38,385],[-450,845],[-211,225],[-472,230],[-461,727],[-163,434],[49,289],[-119,85],[-49,332],[158,824],[-174,262],[-971,278],[-542,-112],[-266,133],[-385,48],[-141,113],[-254,-6],[-564,353],[-651,-128],[-168,187],[-43,262],[130,862],[-239,240],[-374,134],[-2407,139],[-1052,-17],[-829,209],[-488,-64],[-222,-487],[-846,-1033],[-845,-1857],[97,-358],[299,-578],[195,-743],[450,-476],[569,-188]],[[2215714,2326471],[-486,-1046],[55,-339],[227,-377],[-94,-501],[234,-108],[406,-600],[-140,-355],[62,-554],[-164,-640],[188,-1695],[-93,-539],[46,-223],[-70,-193],[-195,-23],[16,-277],[-141,-293],[-343,-262],[-593,-770],[-1062,-786],[-313,-544],[-230,-167],[-113,-321],[-385,-313],[-566,-280],[-303,-41],[-490,-615],[-537,-126],[-728,-437],[-317,0],[-401,-346],[-872,-287],[-1163,-1070],[-385,-168],[-449,-589],[-577,-343],[-348,-93],[-257,-317],[-317,-115],[-313,-414],[-136,11],[-174,-205],[-434,-213],[-653,-641],[-226,75],[-363,-474],[-98,60],[-94,-60],[-389,-548],[-808,-33],[-551,-340],[-227,-272],[-366,-26],[-782,-496],[-226,-56],[-276,-365],[-287,-82],[-139,-294],[-378,-198],[-276,361],[-68,373],[-797,633],[-151,-178],[-200,-79],[-766,82],[-1269,-362],[-1487,-11],[-1171,204],[-842,-264],[-208,55],[-177,164],[-997,123],[-1412,-161],[-582,19],[-317,-172],[-423,-476],[-447,-319],[-455,-148],[-1069,43],[-2014,-752],[-236,8],[-167,104],[-1349,1218],[-709,61],[-526,-312],[-1138,562],[-526,-104],[-254,-303],[-621,-277],[-316,35],[-333,155],[-656,-86],[-394,-467],[-228,-52],[-88,60],[-35,510],[166,502],[0,337],[-149,112],[-402,-233],[-141,129],[27,355],[288,1046],[9,311],[-79,130],[-1060,613],[-403,320],[-928,431],[-535,1859],[-526,371],[-710,830],[-963,518],[-887,-32],[-221,80],[-400,325],[-318,-80],[-332,66]],[[2225390,2392458],[288,-659],[-195,-1538],[84,-530],[381,-1117],[62,-582],[-146,-958],[118,-434],[1176,-1649],[676,-1307],[653,-796],[741,-744],[11,-959],[107,-362],[314,-355],[635,-460],[1017,-544],[253,-634],[969,-1446],[211,-228],[980,-606],[289,-341],[192,-323],[307,-891],[1057,-1137],[559,-884],[298,-715],[212,-1295],[249,-607],[462,-401],[661,-298],[290,-299],[281,-61],[1030,160],[519,-113],[1081,-569],[774,-518],[377,-132],[640,10],[744,285],[657,-4],[472,-252],[1015,-859],[1047,-534],[2581,42],[530,-77],[531,-207],[876,3],[1379,-152],[1327,-336],[557,-24],[213,-182],[584,-51],[1885,-490],[902,-102],[822,56],[1512,-126],[1592,-308],[704,-239],[1351,-145],[5675,-1069],[1371,-428],[1009,-90],[494,152],[1085,60],[591,-467],[724,-223],[4474,-698],[2324,-499],[1064,-144],[1799,-401],[687,-268],[1355,-200],[561,-20],[175,77],[154,-86],[417,134],[1333,-382],[182,-86],[290,-356],[360,-71],[401,-195],[519,246],[107,-39],[-36,-157],[210,-172],[654,180],[718,-156],[71,-59],[-16,-117],[-174,-419],[297,-145],[377,20],[103,78],[-40,219],[72,184],[241,70],[496,8],[63,-195],[115,-40],[924,67],[297,-137],[333,66],[394,-37],[668,-172],[319,-219],[707,-77],[1645,-372],[1471,-125],[839,-300],[17527,-2711],[959,126],[523,551],[291,126],[532,67],[643,358],[812,-85],[695,175],[460,-145],[392,105],[607,10],[211,53],[627,390],[328,91],[92,104],[289,20],[294,175],[201,-30],[760,-310],[375,-252],[732,-148],[235,-128],[229,-347],[351,4],[501,-310],[496,-437],[-19,-394],[75,-178],[385,-30],[293,-552],[379,-1150],[331,-144],[424,-583],[310,-168],[171,-193],[234,-83],[389,155],[232,-67],[199,-309],[554,-310],[226,-549],[135,-92],[442,-41],[546,-165],[244,49],[395,-141],[1610,298],[252,-46],[196,-134],[390,-692],[171,-1535],[583,-971],[218,-215],[147,-731],[484,-611],[539,-262],[385,-309],[234,-426],[678,-862],[270,-129],[344,-321],[669,-331],[493,-670],[1115,-587],[651,-157],[344,-220],[1190,-441],[493,-468],[651,-257],[660,-432],[520,-55],[316,-211],[465,-101],[251,-340],[268,-166],[288,-464],[375,-282],[538,-810],[185,-39],[1070,-793],[1766,-993],[507,-484],[321,-71],[764,158],[916,-569],[192,-439],[121,-95],[248,-2]],[[2567721,2439611],[-12,249],[-313,406],[-468,283],[-323,62],[-817,-246],[-1130,-647],[-443,-28],[-388,115],[-163,211],[-22,240],[467,1357],[-199,358],[-378,115],[-490,-24],[-389,-143],[-58,-150],[69,-212],[-389,-475],[-436,-351],[-469,-203],[-588,79],[-167,76],[-101,240],[-3,519],[-141,853],[-348,308],[-541,79],[-1115,-385],[-269,80],[-311,-86],[-306,-272],[-106,-269],[-44,-397],[319,-445],[1068,110],[315,-158],[283,-283],[25,-161],[-523,-429],[-113,-519],[-442,11],[-536,293],[-967,358],[-368,7],[-233,-299],[116,-268],[277,-229],[129,-287],[51,-331],[-149,-363],[-866,-565],[-459,-643],[-1602,-1016],[-1149,-305],[-122,64],[-638,892],[-155,121],[-394,71],[-819,-120],[-874,-753],[-423,-495],[-221,-130],[-439,10],[-239,111],[-247,244],[-74,363]],[[2547861,2436209],[97,741],[-309,378],[-257,-17],[-413,-365],[-141,105],[-80,211],[-126,-12],[-257,-276],[-148,383],[-373,52],[-830,-28],[-547,-258],[-183,638],[-17,415],[190,320],[58,268],[186,106],[123,232],[-348,569],[-148,103],[-359,-16],[-1138,-558],[-593,553],[-188,44],[-729,-149],[-450,-320],[-285,-49],[-626,168],[-217,-58],[-164,-146],[-227,19],[-303,322],[-1308,-41],[-56,117],[149,962],[-105,230],[-199,127],[-401,85],[-674,17],[-152,216],[-323,161],[447,546],[118,447],[296,-62],[87,71],[69,277],[-427,482],[-244,-101],[-92,-183],[-285,-146],[-487,41],[-437,-137],[-149,-135],[-124,-318],[26,-541],[61,-174],[296,-39],[1,-416],[-62,-93],[-357,137],[-182,-192],[-242,753],[-215,103],[-502,-643],[-462,-40],[-278,-259],[-406,-171],[-1270,-108],[-1040,-626],[-253,-240],[-147,87],[-402,-180],[-463,68],[-473,-87],[-3,199],[198,179],[-299,399],[-365,177],[-391,68],[-342,18],[-141,-140],[-141,67],[-223,-68],[-215,262],[-160,52],[-190,-34],[-92,-110],[-21,-316],[-185,-13],[-277,-279],[-369,34],[-236,-226],[-426,-225],[-402,24],[-442,-220],[-420,7],[-254,167],[-317,-144],[-53,132],[102,143],[53,342],[-214,259],[-353,40],[-293,-221],[-399,-77],[-147,-127],[-179,321],[-334,-5],[10,70],[158,36],[15,164],[-357,176],[-33,132],[347,257],[47,455],[-81,175],[-132,72],[-510,38],[-204,-78],[-225,97],[-200,-57],[-72,-459],[109,-313],[-100,-328],[-368,-65],[-144,-405],[-322,-149],[-1136,154],[-99,182],[-649,173],[-554,-23],[-330,357],[-464,57],[-126,-55],[-35,-351],[-279,-153],[16,-342],[-82,-83],[-256,101],[-215,298],[105,297],[-115,193],[183,239],[-356,31],[24,399],[-124,99],[-120,8],[-181,-129],[-205,-463],[-267,-84],[-187,44],[-163,-138],[-355,92],[-115,315],[-510,251],[-310,9],[-244,-259],[-123,170],[-114,23],[-172,-485],[-263,185],[-198,-7],[-349,-427],[-466,131],[-216,-191],[92,-573],[284,-141],[-135,-162],[-36,-312],[-100,-157],[-442,-111],[-506,94],[-415,-327],[-123,-539],[-239,-59],[-288,118],[-386,-180],[-594,-447],[-112,-392],[-438,-394],[-613,55],[-318,-296],[-193,-2],[-271,273],[-206,34],[-381,-151],[-131,-115],[-46,-181],[-114,129],[-198,-107],[-219,215],[-172,20],[1,218],[-265,38],[-414,598],[-112,35],[-112,-125],[182,-191],[-132,-150],[-100,0],[-48,214],[-362,53],[-658,-458],[-390,-713],[30,-444],[-206,-166],[-547,32],[-289,-78],[-352,-319],[-389,-207],[-193,-339],[-346,237],[-133,-22],[-120,-337],[-223,-148],[-269,66],[-418,320],[-451,-267],[-329,43],[-190,-143],[-211,-445],[-789,-469],[-372,-131],[-463,-72],[-178,224],[-167,33],[-536,-125],[-704,-42],[-421,-242],[-1680,321],[-161,-46],[-200,-329],[-273,-28],[-444,157],[63,345],[-248,168],[220,120],[29,93],[-234,125],[-185,-108],[-291,38],[-168,-80],[-139,-500],[-151,-239],[-10,260],[-185,87],[-434,-121],[-197,378],[-279,-158],[-1285,-189],[-65,-61],[104,-168],[-168,-116],[-688,50],[-426,-132],[-286,-303],[-98,18],[-227,337],[-500,367],[-239,-240],[-299,-120],[-169,-204],[-388,-199],[-221,443],[-168,-129],[-310,93],[-215,-228],[-173,-41],[-183,60],[-138,265],[-172,-211],[-491,-328],[-186,121],[-461,-366],[-462,-69],[-109,-316],[78,-43],[261,188],[23,-243],[108,-171],[-57,-259],[-124,-110],[-81,214],[-406,72],[-184,252],[-67,-61],[80,-280],[-48,-83],[-260,37],[-167,326],[-156,-47],[50,-215],[-53,-70],[-304,-121],[-110,2],[-24,242],[-438,31],[-67,-194],[179,-147],[-93,-101],[-241,206],[-435,136],[-20,-205],[115,-119],[-52,-111],[-324,325],[-325,-125],[-340,152],[-64,201],[-437,25],[-315,-186],[-200,-19],[-666,418],[-181,358],[-259,6],[-151,279],[-196,-270],[-424,48],[-153,-140],[-801,-169],[-421,-176],[-1005,86],[-272,-321],[-788,-20],[-1179,-323],[-385,-284],[-336,-32],[-456,-266],[-112,49],[-246,373],[-360,-222],[-162,70],[-51,173],[-95,-150],[-140,-38],[-542,160],[-642,-190],[-512,143],[-299,191],[-402,72],[-133,134],[-114,-90],[-291,82],[-756,397],[-320,314],[-605,165],[-178,129],[-300,277],[-45,464],[-130,213],[-707,221],[-213,175],[-52,146],[-262,169],[-482,-284],[-811,188],[-369,-76],[-790,-378],[-454,-473],[-452,10],[-51,77],[78,174],[-578,207],[-233,-139],[-299,31],[-533,-149],[-103,90],[-46,252],[-393,78],[-351,499],[-254,-41],[380,375],[-76,593],[-292,233],[-323,-122],[-362,96],[-129,111],[-283,580],[-338,-185],[-416,666],[-36,465],[-306,197],[-21,225],[-1076,470],[-115,-191],[-475,-47],[-151,143],[-256,36],[-112,303],[209,283],[43,611],[203,-12],[-25,109],[170,276],[137,-43],[29,80],[-166,720],[-276,224],[-144,-5],[-361,624],[8,392],[-314,129],[-154,152],[35,66],[145,-1],[86,163],[-73,46],[-167,-89],[-89,70],[147,199],[-320,144],[14,163],[138,191],[-192,268],[-217,-231],[-342,488],[-424,32],[-28,103],[202,289],[-211,189],[-24,178],[-219,93],[-117,163],[-336,-7],[-97,-126],[-204,-18],[-249,45],[-102,139],[-501,41],[-368,900],[-392,227],[26,74],[153,-30],[-20,116],[-99,35],[-118,-78],[-80,-259],[-151,-62],[-201,58],[-337,518],[-8,124],[92,73],[-187,294],[-320,35],[-282,167],[-660,-34],[-75,363],[104,644],[-534,326],[258,268],[-71,195],[-216,214],[-297,115],[-263,-63],[-559,381],[-229,15],[-63,150],[-194,23],[-109,226],[-493,90],[-234,172],[57,116],[-129,246],[-163,169],[-162,20],[-39,193],[-157,121],[92,377],[-147,249],[-273,228],[-83,184],[-236,21],[-170,151],[-153,-35],[22,341],[-118,273],[-233,152],[-297,393],[71,275],[-199,86],[88,172],[-204,6],[-99,137],[-126,-42],[-28,92],[-158,12],[-147,424],[-331,-36],[-197,134],[-115,-116],[-101,49],[-208,540],[-208,68],[-185,224],[12,331],[-365,270],[-55,216],[150,-10],[-15,117],[-373,372],[79,237],[-131,78],[21,231],[-125,103],[55,127],[113,17],[-47,153],[-339,-115],[-35,199],[-833,707],[-196,252],[-232,48],[-135,179],[-242,770],[-716,1155],[176,662],[-62,180],[-134,108],[-421,73],[-165,506],[-580,314],[8,340],[-388,232],[-763,163],[-355,348],[-181,-111],[-162,7],[-86,274],[-136,10],[-15,144],[215,60],[-37,217],[-110,-16],[-35,-97],[-78,68],[109,169],[31,403],[-276,273],[-129,383],[-224,341],[-432,408],[-158,730],[-868,984],[4,316],[-528,-33],[-295,-100],[-657,-405],[-1237,-285],[-696,-426],[-443,-143],[-1377,-194],[-503,49],[-67,-504],[-1299,-190],[-269,451],[-124,723],[-167,134],[-156,325],[-88,426],[-304,234],[22,208],[-135,317],[145,316],[-348,694],[6,474],[-216,294],[-747,613],[-85,368],[-354,288],[-68,219],[35,233],[-212,295],[-171,91],[-204,649],[-292,192],[-236,307],[-385,-48],[-549,146],[-358,-146],[-604,43],[-353,303],[-209,405],[-62,313],[215,382],[-37,272],[90,154],[-74,112],[13,249],[328,277],[-72,387],[149,399],[-486,628],[-22,227],[144,91],[186,280],[13,160],[175,137],[-149,126],[-27,176],[-272,462],[-227,99],[-183,241],[-179,380],[-222,111],[-665,61],[-541,640],[-206,75],[20,204],[-222,374],[93,443],[-37,438],[817,14547]],[[2393769,2503481],[39,-667],[556,-605],[174,-494],[455,-398],[165,-295],[180,-1087],[151,-339],[195,-233],[570,-221],[551,-386],[139,-182],[131,-514],[769,-1044],[194,-394],[702,-528],[511,-981],[21,-689],[73,-188],[1346,-1287],[873,-700],[175,-985],[501,-1575],[872,-1035],[324,-660],[-84,-869],[-111,-211],[-980,-1029],[-378,-952],[-704,-844],[-290,-621],[-378,-332],[-1523,-751],[-301,-288],[-324,-343],[-398,-672],[-114,-368],[-414,-552],[-277,-840],[-57,-1112],[154,-704],[-33,-336],[-260,-288],[-243,-80],[-179,-192],[-203,-920],[-398,-880],[-292,-320],[-90,-752],[56,-848],[118,-438],[-54,-196],[-540,-734]],[[2360414,2520511],[-420,-944],[93,-524],[687,-2072],[141,-1381],[300,-834],[-204,-1509],[29,-1215],[209,-839],[372,-932],[199,-239],[613,-452],[688,-1203],[290,-1044],[50,-1005],[253,-807],[360,-420],[596,-414],[484,-569],[635,-1199],[776,-1044],[450,-238],[518,-149],[1009,639],[694,628],[397,163],[257,399],[613,123],[111,253],[419,-186],[547,19],[548,123],[475,-205],[616,241],[102,-24],[263,376],[338,-52],[329,345],[382,162],[310,498],[722,72],[41,254],[250,189],[-102,568],[103,77],[246,-38],[191,173],[47,258],[832,106],[95,-225],[251,-109],[173,-217],[39,-138],[-220,-242],[-17,-210],[112,-253],[341,-403],[81,-246],[-91,-352],[-507,-956],[130,-349],[4,-449],[320,-245],[-56,-452],[147,-757],[-31,-466],[140,-266],[-386,-1156],[31,-259],[497,-562],[51,-304],[386,-376],[209,-124],[470,-15],[74,-270],[668,-815],[176,-673],[200,-349],[569,-514],[172,-267],[394,-268],[88,-277],[924,-853],[480,-702],[130,541],[480,1022],[21,533],[557,1017],[456,202],[1005,1101],[10,388],[-353,534],[33,356],[-78,331],[256,115],[415,-150],[250,159],[349,754],[683,498],[528,791],[173,472],[130,144],[199,11],[447,-292],[317,-107],[444,190],[220,14],[426,313],[332,20],[452,157],[384,393],[123,247],[167,139],[237,57],[251,278],[167,341],[1371,392]],[[2318073,2310380],[-225,-192],[-146,-670],[48,-415],[486,-1169],[-336,-263],[-69,-377],[-140,-183],[-23,-355],[-150,-228],[-290,-206],[-197,-492],[-336,-274],[-290,-57],[-660,92],[-267,-58],[-394,-274],[-208,-23],[-440,92],[-371,309],[-127,0],[-47,-115],[332,-1023],[373,-768],[-16,-753],[292,-592],[-41,-721],[105,-744],[252,-353],[162,-600],[336,-568],[580,-617],[178,-51],[537,-392],[425,5],[193,-73],[969,-712],[190,-18],[309,139],[463,-428],[-37,-255],[104,-137],[483,37],[113,-79],[38,-607],[350,-269],[354,-86],[386,130],[239,-296],[911,-26],[69,-154],[-61,-600],[104,-227],[167,-126],[539,-293],[663,-129],[574,123],[950,-22],[838,424],[1110,158],[734,-262],[793,26],[644,-412],[1136,199],[427,-61],[2370,-1072],[199,-105],[472,-558],[237,-483],[546,-327],[376,-845],[464,-294],[516,-1154],[345,-226],[307,-325],[209,-757],[177,-263],[225,-144],[161,-391],[389,-418],[592,200],[314,268],[425,196],[1197,292],[-319,442],[-245,105],[643,579],[628,50],[328,-60],[886,137],[1021,-323],[1439,-58],[188,-86],[142,110],[509,44],[350,140],[284,-253],[287,311],[150,-130],[2778,94],[-170,-241],[582,-14],[2960,424],[1461,118]],[[2354581,2289292],[59,-186],[442,-374],[284,-452],[221,-63],[426,-312],[679,-1310],[221,-1294],[536,-1138],[48,-343],[680,-671],[528,-1450],[179,-1061],[119,-296],[599,-577],[18,-796],[275,-756],[-45,-498]],[[2359850,2277715],[-18,-645],[151,-1054],[75,-1509],[-23,-1449],[-63,-347],[-230,-422],[202,-415],[-127,-391],[187,-193],[75,-259],[134,-1442],[202,-355],[75,-340],[-240,-821],[256,-995],[14,-987],[-285,-550],[748,-899],[30,-326],[-165,-673],[84,-1260],[-103,-1327],[-411,-2117],[-322,-827],[-213,-2884],[90,-346],[377,-268],[150,-215],[443,-1364],[-190,-3349],[-110,-280],[-478,-501],[-253,-612],[-161,-50],[-454,142],[-597,28],[-545,-65],[-195,170],[-156,-102],[-562,76],[-133,136],[-268,11],[-355,-162],[-218,12],[-538,-445],[-222,-11],[-260,512],[-167,106],[-191,-147],[-573,-135],[-363,-185],[-569,-588],[-203,-53],[-213,-218],[-370,87],[-107,-106],[0,-366],[-195,-135],[-443,19],[-210,279],[-293,45],[-282,-310],[-346,-151],[-150,-280],[-255,53],[-585,-333],[-284,16],[-258,210],[-299,-110],[-382,112],[-226,175],[-120,-15],[-1100,-550],[-84,-378],[-220,-222],[-776,-78],[-456,389],[-157,-5],[-1479,-1418],[-304,-134],[-414,10],[-361,-165],[-640,119],[-341,-147],[-512,-63],[-281,379],[-473,-58],[-231,73],[-596,-306],[-281,141],[-236,457],[-241,131],[-291,-29],[-738,-316],[-527,321],[-201,2],[-479,-425],[-187,-82],[-379,5],[-675,170],[-236,-53],[-157,111],[-30,253],[-394,195],[-438,-102],[-79,73],[-438,38],[-417,-158],[-593,211],[-520,-43],[-379,259],[-471,120],[-345,207],[-457,57],[-607,-191],[-326,148],[-887,125],[-386,-83],[-299,25],[-445,191],[-145,-18],[-95,-194],[-197,-126],[-492,87],[-393,-151],[-762,338],[-353,-54],[-336,187],[-408,36],[-488,-190],[-452,111],[-944,-136],[-339,194],[-583,-193],[-1361,-30]],[[2320252,2245580],[-863,-19],[-732,90],[-2322,1824],[-1069,559],[-961,282],[-677,399],[-1278,117],[-1018,434],[-775,102],[-305,179],[-249,290],[-155,-184],[-146,8],[-554,633],[-214,31],[-400,-90],[-285,102],[-83,-82],[-229,309],[-428,113],[-360,-4],[-313,270],[-39,-434],[-293,-394],[-226,0],[-704,668],[233,250],[-27,78],[-190,39],[-68,227],[-688,316],[-151,-215],[-316,-54],[-64,125],[-119,-125],[-514,238],[-281,235],[-99,187],[297,-54],[162,93],[-63,125],[-333,114],[-47,297],[443,58],[4,121],[-1183,567],[-139,-66],[-91,-246],[-88,20],[-85,167],[-318,-63],[275,-338],[19,-354],[-90,-347],[-355,-3],[-77,-92],[294,-564],[-38,-277],[-144,-172],[-250,-53],[-508,105],[-228,113],[-121,157],[-243,30],[-152,307],[-273,60],[-83,-15],[-53,-262],[-152,202],[-296,-307],[-181,195],[-145,-38],[99,-239],[-159,-397],[38,-97],[326,-143],[22,-67],[-121,-75],[-561,-149],[-546,464],[-349,576],[61,277],[-76,157],[-311,330],[243,75],[23,82],[-129,547],[91,119],[204,68],[84,-53],[23,-284],[98,-83],[137,-7],[83,90],[15,112],[-113,150],[212,149],[8,120],[-220,195],[-23,254],[288,232],[190,292],[-23,547],[296,-217],[76,30],[-129,239],[68,202],[-182,128],[0,209],[341,-15],[84,210],[-402,52],[53,345],[-432,516],[-61,322],[326,929],[-341,479],[243,-83],[53,120],[-197,524],[-380,567],[-98,77],[-341,30],[-8,247],[-364,270],[16,868],[-516,-30],[-463,457],[-333,52],[-69,367],[-401,195],[-334,374],[99,262],[-251,696],[-144,128],[-303,60],[-326,292],[-311,-307],[-106,37],[-463,554],[-576,487],[-296,644],[15,786],[-220,157],[-447,1325],[-387,195],[-1660,554],[-145,180],[-220,90],[-1903,449],[-576,329],[-182,465],[-455,726],[-86,506],[-406,346],[-244,105],[-570,906],[-168,1866],[-82,267],[-272,506],[-705,824],[-514,185],[-811,-2],[-541,158],[-380,426],[-326,719],[-462,665],[-208,539],[-773,-69],[-717,-234],[-1193,-626],[-637,78],[-165,489],[-232,137],[-160,703],[70,850],[398,391],[311,506],[189,166],[349,748],[-2,533],[-435,692],[-382,1013],[-2,827],[352,292],[-226,967],[-102,1047],[-185,625],[-1127,1933],[-297,412],[-976,930],[-652,806],[-81,267],[25,533],[293,1068],[485,642],[1509,1258],[161,214],[80,561],[-55,266],[-381,666],[-704,424],[-353,399],[-300,746],[-732,825],[-245,479],[-380,425],[-921,638],[-571,985],[-32,1627],[215,480],[188,188],[188,507],[-2,581]],[[2347916,2308285],[515,-333],[460,-564],[296,-556],[34,-489],[180,-304],[60,-538],[278,-285],[139,-438],[319,-166],[135,-167],[-87,-960],[173,-512],[-75,-374],[375,-901],[93,-451],[325,-443],[-13,-432],[187,-468],[0,-246],[603,-550],[141,-653],[436,-525],[25,-347],[335,-363],[268,-471],[668,-752],[-151,-1189],[138,-510],[78,-1216],[189,-1232],[111,-280],[253,-125],[363,-453],[63,-358],[-221,-468],[-80,-670],[52,-204]],[[2455505,2198455],[-2816,-10467],[-518,-30],[-271,-110],[-327,110],[-257,-267],[-91,-228],[-219,242],[-103,-14],[-74,-323],[-71,256],[-188,-56],[-62,129],[-83,6],[-83,-183],[-85,144],[-97,-43],[-11,121],[-185,-104],[8,186],[-114,25],[-290,-323],[-89,-360],[-97,23],[-122,228],[-123,-85],[219,-630],[-57,-146],[66,-273],[-242,54],[51,-250],[-302,-127],[-80,-250],[-285,73],[-17,-219],[-143,-107],[-1053,-78],[-576,296],[-578,-135],[-435,93],[-205,217],[-513,200],[-504,475],[92,217],[-148,211],[-57,343],[-191,357],[214,65],[-34,121],[80,168],[-490,147],[-313,287],[-63,135],[111,53],[-14,71],[-233,143],[-333,557],[12,445],[-72,160],[166,219],[-9,222],[-139,-64],[-20,188],[-188,-28],[23,129],[-140,-64],[-65,93],[-120,-113],[-188,-22],[-46,-149],[-458,-365],[-86,0],[-142,180],[-171,-37],[-14,327],[-128,90],[63,160],[-273,552],[-112,79],[43,114],[-118,-11],[-89,113],[37,58],[-126,-92],[-14,-262],[-69,-56],[-324,26],[-285,306],[-179,-154],[-15,-177],[-168,-124],[-111,110],[-159,-17],[-242,211],[-325,-247],[-202,3],[-632,458],[-291,-354],[-755,-238],[-148,11],[-253,183],[-86,-295],[-325,-135],[-871,498],[-222,-19],[-17,98],[137,93],[-35,65],[-487,-113],[-116,245],[-211,93],[-94,186],[-922,585],[-496,-461],[298,-1434],[-467,0],[-276,293],[-171,-14],[-453,-450],[-23,-374],[-205,-205],[216,-428],[390,-177],[339,-307],[-217,-47],[-299,-281],[-268,76],[-470,-270],[-336,84],[-834,-275],[-431,-241],[-450,51],[-498,-107],[-336,42],[-396,-193],[-220,-259],[-239,-905],[-610,-804],[-428,-354],[-984,-1590],[-474,-442],[-661,-157],[-361,-184],[-832,0],[-224,64],[-827,972],[-733,349],[-827,-168],[-704,324],[-626,28],[-1403,-350],[-466,-34],[-320,69],[-452,-103],[-543,309],[-104,254],[-229,234],[-661,268],[-104,248],[-661,-247],[-432,-474],[-327,-69],[-890,296],[-925,-89],[-473,248],[-494,7],[-584,172],[-390,7],[-1972,443],[-957,132],[-753,26],[-648,-71],[-1248,-307],[-407,-213],[-385,-805],[-72,-616],[359,-1540],[695,-711],[641,-398],[96,-344],[216,-213],[469,-107],[322,-205],[470,160],[628,-193],[949,54],[1727,-765],[363,-430],[717,-184],[-37,-317],[61,-202],[866,-935],[653,23],[587,-229],[674,184],[644,38],[934,-367],[1389,-1117],[528,-1100],[267,-1101],[297,-332],[511,-362],[681,-1586],[64,-382],[-122,-375],[-530,-411],[-154,-478],[13,-570],[894,-2102],[68,-316],[23,-722],[-92,-745],[-347,-505]],[[2418814,2165170],[-629,253],[-758,538],[-277,106],[-224,179],[-86,306],[-266,95],[-459,380],[-118,-21],[21,-243],[-149,0],[-299,243],[-256,95],[-320,-169],[256,-211],[-395,-157],[-86,-222],[-138,-105],[-97,-21],[-96,179],[-74,-10],[85,-359],[-320,-95],[-43,-137],[-139,-31],[-149,-221],[-182,-74],[-192,-42],[-416,274],[-160,-21],[-171,-179],[-107,-10],[-203,158],[-352,84],[-128,201],[-181,-137],[-331,-63],[-107,158],[-267,74],[-374,-190],[-352,53],[-171,-211],[-106,21],[-32,106],[-289,-32],[-202,64],[-289,190],[-138,369],[-288,137],[128,337],[-128,221],[-267,-10],[-32,348],[107,189],[-147,169],[-309,-151],[-163,132],[-47,402],[165,24],[66,212],[107,57],[-115,610],[182,203],[304,122],[-24,529],[107,317],[-65,447],[-462,90],[-321,268],[-288,521],[-741,903],[-82,675],[-140,98],[-840,187],[-156,98],[-148,342],[-511,301],[-206,-106],[-453,49],[-288,-219],[-379,49],[-346,594],[-444,504],[-824,269],[-617,504],[-255,-16],[-248,-154],[-494,163],[-963,1106],[-560,236],[-585,106],[-551,497],[-568,667],[-478,358],[-173,65],[-140,-106],[-404,-748],[-197,-97],[-503,-24],[-601,293],[-115,187],[-123,854],[57,366],[75,65],[329,8],[222,171],[182,16],[304,-285],[173,-25],[74,106],[4,712],[140,328],[201,229],[-146,382],[85,669],[-925,37],[-444,616],[-313,-60],[-76,-98],[-194,244],[-230,-185],[-132,60],[-65,156],[-196,-66],[-649,252],[-105,118],[30,227],[-148,164],[-562,231],[-326,48],[-222,-129],[-202,15],[-315,354],[-63,274],[13,1125],[-249,21],[74,191],[-130,414],[-217,204],[-575,137],[-430,271],[-709,896],[-438,198],[-410,714],[-137,37],[-295,-210],[-901,-210],[-366,125],[-463,395],[-609,114],[-214,155],[-486,49],[-181,138],[-141,0],[-280,-171],[-502,82],[-651,-89],[-576,130],[-608,2],[-362,200],[-596,166],[-147,124],[-109,280],[49,641],[-243,380],[-616,76],[-347,-164],[-269,0],[-398,89],[-449,291],[-154,330],[-167,165],[-384,228],[-963,330],[-1219,-241],[-372,0],[-282,115],[-693,709],[-1450,938],[-179,427],[-337,294],[-269,381],[-1047,660],[-706,310],[-1155,913],[-452,37],[-307,153],[-715,619],[-1051,648],[-270,271],[-144,300],[-1009,778],[-236,522],[-573,506],[-552,350],[-844,50],[-410,322],[-276,45],[-484,228],[-405,572],[-388,256],[-163,483],[-247,261]],[[2360117,2202905],[598,1907],[1300,1792],[157,592],[487,1211],[363,594],[451,-41],[88,2061],[-387,835],[-42,279],[130,167],[10,164],[438,521],[137,314],[-214,65],[1853,3302],[-267,206],[469,555],[342,662],[974,663],[-500,468],[-427,7],[-98,304],[-1254,646],[615,104],[1814,549],[242,-27],[-490,1367],[493,-116],[959,405],[601,-172],[20,1280],[388,167],[230,344],[288,-14],[200,197],[152,12],[425,-174],[85,-308],[73,-39],[845,-77],[225,89],[735,858],[-44,607],[-205,550],[3,574],[-369,566],[-95,306],[2084,1460],[598,829],[225,-426],[153,-3],[306,171],[149,236],[76,873],[186,441],[2159,1653],[100,70],[708,-519],[254,330],[98,311],[-108,207],[-266,261],[-586,352],[-78,162],[47,313],[371,636],[-22,356],[-229,187],[-576,267],[-127,299],[-34,367],[193,484],[974,34],[-168,612],[271,103],[440,347],[-85,637],[-218,186],[-7,612],[428,945],[716,848],[669,477],[-68,132],[520,369],[10,188],[261,361],[467,111],[290,193],[172,1111],[252,687],[276,181],[515,-20],[271,263],[105,349],[327,22],[-88,1176],[4617,81],[111,630],[-208,765],[2306,1774],[323,3264],[-1207,926],[1361,1614],[-1513,755],[915,1801]],[[2390631,2258078],[240,-110],[975,-95],[940,-736],[327,-520],[460,-87],[212,107],[748,-206],[591,-268],[609,-162],[387,-239],[361,-545],[-145,-513],[343,-792],[88,-68],[231,111],[154,-47],[152,-595],[577,-604],[15,-691],[474,-1225],[876,-723],[622,-766],[1084,-524],[58,-305],[117,-152],[-52,-369],[76,-131],[186,-113],[435,-26],[907,-563],[201,-837],[390,-451],[439,-204],[534,-120],[185,-171],[155,-301],[156,-73],[-16,-387],[328,-329],[152,-280],[-370,-72],[-315,-522],[-1,-131],[167,-171],[18,-215],[96,-103],[896,-687],[232,-13],[-58,-591],[266,-376],[-164,-510],[6,-234],[156,-221],[418,-151],[196,-256],[208,-461],[-349,-285],[15,-111],[297,-595],[283,-147],[127,-197],[-71,-147],[-313,-39],[-241,-178],[-188,-497],[-8,-237],[371,-10],[176,-245],[303,33],[273,134],[68,615],[289,14],[65,-191],[332,-112],[62,44],[-60,260],[261,57],[116,-296],[212,-131],[-27,-484],[199,44],[111,-110],[-87,-471],[50,-451],[-115,-329],[457,-155],[50,-230],[702,-581],[353,-439],[-43,-250],[-195,-61],[55,-407],[290,-309],[216,-17],[326,-333],[23,-192],[-124,-437],[126,-472],[279,-427],[119,-493],[-160,-136],[-43,167],[-152,43],[-272,-315],[-113,-618],[95,-545],[89,-137],[198,-135],[159,24],[101,-104],[511,-32],[20,-212],[273,-79],[133,42],[395,390],[238,-52],[67,-224],[87,-46],[73,158],[466,405],[-82,-334],[381,-95],[681,-341],[226,148],[235,-29],[61,212],[455,-73],[434,165],[-117,-310],[194,25],[-97,-138],[174,-254],[270,-124],[25,-252],[242,-5],[131,-559],[216,-50],[151,-216],[19,-132],[-162,-212],[13,-203],[137,-160],[-54,-63],[476,-173],[31,-133],[607,-405],[239,-97],[46,141],[322,-304],[238,-416],[177,70],[46,-103],[230,-66],[-111,-133],[150,-279],[27,-397],[183,-94],[88,168],[154,-46],[-70,-195],[319,-134],[54,-274],[114,5],[41,168],[224,-269],[-105,-111],[309,36],[1,-193],[161,-45],[80,10],[57,166],[170,-252],[96,40],[-36,-175],[208,-217],[197,158],[78,-242],[174,5],[-113,-528],[75,-665],[88,-70],[257,51],[38,-96],[-109,-158],[214,-40],[65,114],[82,-185],[-197,-149],[-32,-287],[546,293],[159,197],[168,-47],[167,127],[-211,-286],[12,-220],[302,-352],[335,-67],[113,-190],[-122,-662],[-406,-706],[65,-148],[357,-48],[569,296],[125,-44],[228,-301],[324,-116],[479,96],[61,-129],[-97,-152],[101,-136],[32,-305],[609,-357],[179,-273],[499,-184],[174,-297],[439,-337],[605,360],[259,-200],[321,84],[98,-80],[-4,-105],[357,-8],[235,116],[313,-36],[467,409],[422,-9],[216,88],[93,-68],[276,84],[402,629],[581,164],[479,269],[1279,79],[345,268],[183,52],[820,-293],[118,20],[142,197],[475,-105],[500,389],[373,-73],[195,273],[471,96],[435,-1],[182,-208],[491,-305],[1125,-338],[174,-164],[-77,-349],[93,-168],[414,40],[219,-257],[337,-197],[260,273],[154,-68],[362,180],[304,-41],[463,-393],[-74,-497],[102,-252],[872,-522],[158,-637],[256,-32],[248,72],[166,-213],[105,-513],[240,-141],[507,0],[134,-116],[-269,-994],[130,-245],[-65,-180],[122,-341],[-33,-236],[89,-257],[268,-20],[125,-882],[329,-229],[-126,-156],[101,-156],[423,-45],[304,-192],[313,160],[235,-245],[97,16],[200,297],[312,-81],[337,497],[305,-4],[544,-293],[426,-429],[93,-20],[69,156],[106,16],[97,-417],[89,-64],[98,0],[260,276],[134,32],[170,-277],[243,-84],[203,-253],[317,-68],[190,-521],[138,-40],[264,88],[94,-80],[72,-698],[53,-68],[321,24],[69,-89],[117,-493],[-46,-439],[62,-223],[186,-235],[231,89],[294,-138],[-117,-198],[198,-424],[-147,-268],[472,55],[-124,-524],[195,-365],[150,-754],[-249,-977],[28,-678],[-73,-168],[56,-978],[317,-345],[328,-818],[329,-389],[239,-658],[154,-104]],[[2360117,2202905],[-495,223],[-186,255],[-810,372],[-1366,-245],[-493,-7],[-394,281],[-1926,1509],[-815,773],[-350,627],[-1518,1469],[-2023,2124],[-1339,1016],[-391,390],[-527,274],[-1857,1318],[25,374],[-130,190],[168,205],[-54,89],[-293,73],[-87,-317],[-219,49],[-61,92],[152,844],[49,107],[80,-3],[13,125],[919,112],[607,-133],[484,20],[183,137],[322,795],[337,404],[-153,342],[-341,76],[-224,402],[-391,16],[-61,157],[-268,92],[114,165],[-69,149],[-507,3],[-449,386],[-79,404],[-232,250],[-375,99],[-9,293],[-486,69],[-213,-114],[-363,138],[-190,226],[-280,160],[-156,-3],[-440,-283],[-500,-60],[-64,118],[-125,-24],[-31,114],[-394,-17],[-343,188],[-397,-181],[-444,193],[-545,-12],[-409,158],[-740,-58],[-332,193],[-217,324],[-221,-83],[-222,213],[-179,16],[-243,151],[-105,266],[-211,-193],[-265,42],[-157,-224],[-185,-36],[-146,200],[-327,73],[-111,-156],[-205,-36],[-196,-156],[-21,-284],[-147,-135],[-753,26],[-239,126],[-365,-152],[-415,193],[-158,281],[-280,109],[-90,287],[-279,5],[-85,-198],[-126,78],[-290,-41],[-185,219],[-105,0],[-459,-240],[-132,57],[-79,261],[-232,135],[-317,-15],[-269,-255],[-79,130],[-148,26],[-63,224],[-322,234],[-960,-161],[-448,250],[-232,318],[-446,165],[-137,280],[38,1076],[-152,444],[-61,678],[426,1669],[215,310],[-370,119],[-148,141],[26,140],[233,162],[10,88],[-316,-109],[-285,42],[-143,-89],[-16,-166],[-432,-73],[-48,114],[132,68],[11,104],[-301,193],[-290,-245],[-412,177],[-179,-135],[-206,-15],[-116,72],[-195,-145],[-132,140],[48,245],[-248,-21],[-295,202]],[[2324569,2227596],[-37,321],[124,490],[912,2355],[-167,1655],[84,435],[1048,47],[550,-141],[-196,965],[-45,1111],[-586,67],[-577,288],[-304,-17],[-239,-111],[-509,82],[-175,-199],[-224,-48],[-5,1075],[90,214],[402,3414],[-222,1349],[-351,100],[9,1760],[-1667,1029],[-547,855],[-1289,619],[-396,269]],[[2359850,2277715],[888,907],[662,287],[551,415],[1465,877],[-179,277],[88,66],[1579,613],[776,430],[690,561],[333,413],[1648,1228],[882,841],[464,282],[-46,189],[568,554],[2423,-1843],[1197,447],[180,-494],[495,-647],[290,-549],[225,-880],[-50,-549],[709,-587],[4,-153],[-267,-602],[81,-730],[467,-597],[428,-867],[619,-223],[965,-830],[112,-368],[20,-785],[595,-601],[253,-772],[405,-384],[217,-477],[-19,-245],[-431,-62],[-77,-74],[-131,-533],[229,-374],[542,-370],[145,-947],[281,-281],[795,-112],[206,-194],[173,-462],[-85,-323],[80,-369],[738,-703],[325,-30],[56,408],[215,30],[300,-122],[30,311],[106,116],[193,-51],[71,-202],[785,85],[513,-601],[24,-599],[78,-153],[348,-235],[522,-51],[73,-197],[755,-375],[366,-311],[13,-609],[-253,-294],[150,-206],[553,-162],[-68,-239],[-242,-335],[80,-376],[190,-270],[156,-516],[210,-109],[1113,-1394],[555,-53],[242,51],[568,-150],[294,-434],[19,-221],[-166,-717],[94,-275],[351,-251],[139,-659],[-160,-841]],[[2368166,2331885],[-272,-49],[-950,-528],[-355,30],[-565,267],[-589,119],[-186,131],[-144,148],[-385,866],[-415,273],[-294,-41],[-353,-261],[-496,-176],[-463,-52],[-1795,49],[-459,133],[-841,671],[-436,151]],[[2747234,2022679],[-427,331],[-638,171],[-185,326],[-272,145],[-25,231],[171,224],[-8,103],[-543,963],[-884,1225],[-586,501],[-382,81],[-1011,473],[-566,-48],[-420,-448],[-399,-220],[-876,120],[-1145,-85],[-771,-583],[-33,-636],[-73,-167],[-1039,-535],[-541,-26],[-178,-474],[-396,140],[-359,-96],[-99,273],[-110,64],[-1144,-670],[-450,-520],[185,-382],[-8,-147],[-719,-180],[-263,38],[4,119],[214,169],[-17,252],[-111,139],[-212,-78],[-261,-649],[-203,38],[-367,332],[-174,63],[-49,-195],[206,-337],[-238,-109],[14,-390],[-159,-91],[-118,-211],[-249,45],[-170,175],[238,154],[-16,403],[-342,87],[-201,320],[-97,35],[-302,-135],[-77,-250],[-148,-46],[-88,92],[-69,354],[-111,75],[-395,-65],[1,-136],[163,-212],[-85,-140],[-239,2],[-579,339],[-134,-33],[-213,-514],[-266,-76],[-52,-261],[-184,-151],[-100,377],[-105,104],[-261,-160],[-223,-17],[-107,243],[121,278],[-97,242],[387,428],[15,302],[-769,-119],[-212,97],[-108,198],[-350,-89],[-124,430],[-343,119],[-149,292],[-385,7],[-245,-125],[-201,498],[-240,45],[-275,-131],[-164,39],[-115,494],[-273,213],[-277,-71],[-41,-395],[-104,-130],[-299,174],[72,317],[-97,177],[-143,-19],[-198,-214],[-118,14],[-18,504],[191,214],[-15,133],[-193,245],[-539,408],[-18,231],[61,158],[130,54],[432,-125],[68,81],[-61,191],[-774,406],[10,144],[221,128],[-33,125],[-176,8],[-159,-118],[-260,-42],[-218,-164],[-380,304],[51,158],[374,-34],[126,234],[396,-13],[-65,278],[-858,200],[-426,-96],[-40,-272],[-183,-48],[-527,491],[154,357],[-205,313],[-259,-12],[-194,-203],[-104,-6],[-679,827],[-157,-46],[-19,-255],[-112,-62],[-663,246],[-152,340],[-644,-77],[-198,71],[-307,518],[-168,61],[-110,184],[52,642],[353,368],[8,161],[-166,56],[-305,-255],[-210,130],[23,111],[510,433],[24,513],[-241,950],[-266,-27],[-211,-343],[-493,-244],[-96,-400],[-114,-95],[-297,98],[-400,-151],[-902,-11],[-642,200],[-117,609],[-364,128],[-33,96],[27,321],[333,53],[63,292],[-81,397],[-423,133],[576,141],[-89,267],[114,220],[-498,-37],[-210,308],[-329,-160],[-361,136],[-127,131],[38,142],[132,35],[461,-176],[27,101],[-248,227],[171,2],[158,135],[-102,119],[-483,9],[-144,344],[-404,179],[290,548],[-50,392],[-158,211],[-163,117],[-239,21],[-145,-720],[-178,-137],[-51,-254],[-448,-228],[-21,-392],[-125,-124],[-262,139],[-203,-201],[-100,-2],[-42,190],[-126,90],[-693,155],[-43,131],[125,210],[-363,30],[-181,195],[-365,73],[-45,164],[137,357],[500,601],[295,127],[88,126],[-428,411],[-500,304],[-62,244],[141,674],[-161,155],[-423,190],[13,252],[-288,61],[117,307],[-287,46],[-184,-322],[-197,157],[-136,3],[-70,-126],[33,-368],[-333,-23],[-242,-183],[-1071,-3],[-69,57],[126,269],[-201,444],[200,437],[-87,85],[-284,23],[-64,193],[-377,74],[-39,109],[194,320],[-389,125],[-309,-60],[-206,-160],[-708,-119],[-196,-242],[-292,-71],[8,-175],[-113,-116],[-284,-4],[-52,80],[120,226],[-10,254],[148,511],[-212,241],[-346,9],[-68,115],[-316,22],[185,386],[215,-232],[240,57],[3,96],[-310,230],[62,179],[-457,125],[59,317],[-260,235],[-123,275],[161,338],[-408,372],[-414,132],[-23,221],[254,252],[50,150],[-479,276],[-14,87],[136,150],[-72,97],[-456,-98],[5,84],[230,114],[-8,92],[-217,8],[-405,-135],[-705,531],[218,115],[-236,152],[239,299],[-210,95],[-29,235],[-96,37],[-209,-148],[101,-321],[-99,-202],[-564,-283],[-85,68],[14,303],[-347,494],[-101,-2],[-94,-286],[-188,-139],[-33,-305],[-152,-192],[19,-221],[-232,-71],[-171,86],[-22,-123],[-193,-168],[-225,268],[-268,119],[-111,271],[-292,32],[-77,579],[-90,22],[-242,-190],[-112,10],[-162,412],[144,89],[68,219],[-323,-27],[10,203],[-156,132],[-85,313],[-92,59],[-230,-210],[-52,-186],[-354,-146],[-101,68],[-35,216],[-149,84],[-53,-375],[147,-336],[-161,-354],[-111,-15],[-289,232],[-167,-52],[85,-348],[-150,-255],[208,-402],[-108,-233],[-233,492],[-155,7],[155,-259],[-61,-96],[-392,476],[-145,-81],[-36,-179],[-140,-134],[-224,-22],[-210,239],[-165,-147],[-44,431],[-126,76],[-132,-196],[-278,186],[-112,345],[-247,-194],[-177,263],[-350,-150],[-51,314],[-229,-60],[-23,349],[-408,162],[-57,392],[-127,-19],[-78,249],[-158,110],[93,163],[308,-80],[-73,224],[125,160],[-36,312],[-228,75],[33,225],[-208,-26],[-106,153],[501,757],[-357,157],[-91,527],[-208,379],[119,241],[160,-84],[166,111],[111,-54],[293,659],[-109,145],[-526,198],[-119,341],[-65,7],[-106,-213],[-155,6],[-38,79],[210,137],[-20,106],[-185,24],[-275,-130],[-2,141],[178,183],[-30,122],[-332,155],[-155,-162],[-174,195],[-321,-26],[-64,-104],[223,-144],[17,-135],[-205,-129],[-492,140],[206,-338],[-363,-312],[-394,547],[171,257],[-409,124],[-61,-570],[-164,94],[-17,-160],[-177,-167],[-447,133],[-127,-174],[78,-289],[-310,124],[-360,-280],[-56,70],[176,387],[-134,28],[-398,-239],[-83,55],[41,299],[-58,23],[-295,-348],[257,-202],[-104,-261],[-186,20],[-54,203],[-127,-176],[-315,176],[-190,-164],[-83,155],[-171,-292],[-57,32],[-262,291],[276,0],[54,68],[-159,377],[37,139],[276,40],[-129,198],[-18,236],[-437,-151],[-309,183],[-336,388],[23,99],[292,46],[-74,146],[34,198],[-389,231],[61,167],[294,-54],[56,59],[22,295],[-150,256],[100,269],[-142,435],[-327,315],[37,1301],[-323,331],[334,251],[96,259],[332,-268],[141,-52],[114,55],[34,252],[142,56],[176,254],[-171,435],[57,197],[295,154],[296,12],[139,248],[164,63],[83,-67],[-113,-320],[51,-62],[258,85],[207,144],[155,312],[-337,-99],[-12,423],[-72,92],[-270,-11],[-178,164],[-158,-60],[-387,56],[-61,155],[114,149],[-31,87],[-317,-59],[-231,115],[-132,-141],[-229,-15],[134,-388],[-151,-99],[-595,202],[-268,-102],[-151,181],[33,322],[-255,67],[-170,271],[-4,216],[187,151],[-58,396],[157,-46],[61,108],[-78,179],[-124,-61],[-138,273],[-109,1],[-212,-180],[-135,303],[-199,8],[-237,299],[-251,-195],[-252,96],[-124,-60],[-53,205],[-413,-28],[-283,279],[-207,-171],[-450,-97],[-27,132],[156,128],[-234,196],[27,239],[-240,208],[131,192],[-387,204],[282,80],[27,80],[-392,64],[-202,188],[76,409],[212,144],[-73,94],[-301,55],[148,232],[-118,39],[-453,-161],[-288,160],[-222,-70],[-549,297],[-201,208],[-169,423],[-87,1310],[-556,478],[-351,810],[-122,144],[-1578,552],[-79,517],[-507,935],[-52,643],[-288,604],[152,458],[-18,194],[-321,657],[-427,419],[-190,382],[-175,21],[-322,-106],[-124,49],[-38,428],[-238,357],[-162,61],[-282,-22],[-362,-162],[-391,-552],[-213,-41],[-183,477],[-142,92],[-209,346],[-156,446],[-486,714],[-104,287],[-158,123],[-699,84],[-185,-100],[-192,-280],[-151,115],[-378,22],[-69,193],[199,179],[68,488],[-420,391],[31,325],[-331,-19],[-132,332],[-164,59],[4,-413],[-61,-63],[-130,42],[-444,591],[-204,109],[-1,219],[-370,56],[-97,152],[-365,-198],[-109,75],[-81,248],[-317,-74],[-254,149],[-44,381],[-129,254],[-203,57],[-218,318],[111,245],[-242,16],[-78,124],[-148,6],[-97,118],[-154,-77],[-138,68],[-53,180],[142,617],[-226,300],[-196,661],[-198,109],[-78,350],[-364,47],[-195,-99],[-194,87],[-135,-135],[-154,207],[38,279],[-191,217],[35,158],[-239,174],[-197,573],[-185,-52],[-232,164],[-50,345],[-222,0],[-53,220],[-95,50],[-358,-266],[-326,-109],[-3,348],[-119,52],[135,146],[-59,53],[-258,-40],[-238,536],[-100,-96],[-91,47],[115,257],[-190,-12],[-209,191],[-179,-70],[2,249],[-209,-58],[-45,355],[-125,-29],[-86,-233],[-76,-20],[-443,438],[-453,274],[-113,-39],[-104,-281],[19,231],[-285,688],[-130,38],[-20,119],[-100,-57],[-60,211],[-242,-117],[-224,133],[-443,641],[-235,189],[-85,197],[43,109],[-139,263],[-154,39],[-64,170],[-168,51],[-131,187],[-18,214],[-373,365],[-47,341],[-370,-15],[-183,-130],[-292,46],[-215,-65],[-93,114],[-76,-45],[-166,277],[-123,-63],[-168,209],[-97,-62],[-64,61],[-4,245],[-269,37],[-247,519],[-83,378],[-180,-57],[-166,93],[-89,-213],[-260,-53],[-373,147],[-137,151],[-690,158],[-319,-257],[-376,150],[-27,-171],[-267,16],[28,-161],[-299,-78],[-224,203],[-271,38],[-124,504],[-379,148],[-565,-79],[-87,-111],[-145,71],[12,-118],[-189,-103],[-227,127],[-243,6],[-95,120],[-191,-40],[-133,246],[-190,4],[5,145],[-148,105],[-37,358],[-154,76],[-20,140],[-129,89],[56,230],[-115,129],[202,234],[139,506],[-44,225],[114,157],[197,71],[87,255],[-40,231],[-137,161],[68,79],[-77,87],[32,93],[-101,87],[54,239],[-178,235],[5,125],[-231,212],[69,757],[-97,182],[307,759],[24,442],[-195,19],[-193,146],[-551,19],[-647,482],[-229,558],[95,466],[-66,186],[-427,-58],[-306,-141],[-587,-633],[-265,-508],[-100,-1214],[-418,-850],[-11,-456],[102,-494],[-142,-1217],[116,-384],[535,-837],[12,-257],[-242,-348],[-642,-481],[-469,-886],[278,-833],[1065,-1267],[137,-305],[-254,-253],[-454,-702],[-1041,-490],[-646,-730],[-986,-225],[116,-222],[-4,-182],[-264,-395],[-1014,-1007],[-387,-110],[-223,-552],[91,-229],[-74,-232],[-415,-725],[-57,-316],[91,-554],[-387,-290],[-587,-47],[-204,-250],[108,-441],[-281,-309],[375,-549],[-84,-166],[175,-452],[-443,-190],[-99,-333],[-316,-163],[-127,-243],[-366,-211],[-211,-274],[77,-202],[228,-215],[-98,-278],[171,-656],[-176,-368],[-159,-1072],[73,-157],[271,-163],[411,-7],[225,-87],[91,-330],[312,-514],[-95,-157],[-236,-69],[-81,-225],[520,-563],[20,-535],[-102,-420],[175,-180],[150,-330],[-120,-292],[-283,-220],[-293,33],[-470,-126],[-353,-359],[-22,-402],[-242,-229],[-186,73],[-60,281],[-333,327],[-176,-90],[-292,62],[-56,-288],[-67,-34],[-271,94],[-40,342],[-420,47],[-277,-180],[-159,7],[4,-128],[158,-209],[31,-469],[368,-330],[25,-274],[235,-153],[-32,-83],[-284,-80],[-89,-180],[-327,-201],[-99,-517],[95,-171],[-102,-395],[-859,-207],[-966,-381],[-1150,-1027],[-969,-1243],[-143,-87],[-106,-46],[-151,59],[-84,246],[-228,33],[-59,308],[-464,51],[26,204],[-152,179],[-302,-41],[-285,91],[-609,-109],[-388,-196],[12,-529],[-324,-219],[-873,-36],[-503,151],[-96,-81],[-53,-346],[-398,-161],[-201,-171],[-543,166],[-422,-187],[-464,102],[-191,-56],[-320,-264],[-349,-27],[-109,-200],[-238,-131],[-169,-234],[-71,-319],[-455,-443],[-72,-312],[-71,-42],[-76,69],[-374,-167],[-233,-326]],[[2612957,2065568],[-39,76],[-762,238],[13,262],[232,540],[-5,222],[-436,447],[-64,302],[-141,145],[-172,137],[-170,-66],[-97,83],[-24,103],[165,154],[-64,120],[-546,375],[-33,158],[156,187],[-314,17],[-82,623],[-182,226],[-16,220],[-175,99],[103,266],[-491,101],[-218,-253],[-87,505],[-198,57],[-519,-40],[-8,536],[-117,214],[-334,36],[-158,124],[-291,-158],[-148,99],[-17,147],[224,418],[-492,458],[-46,233],[123,248],[-153,275],[120,13],[201,-138],[134,24],[-283,354],[-10,122],[152,65],[468,-96],[69,121],[-36,154],[-199,25],[-351,-122],[-852,96],[-81,109],[-94,592],[-485,474],[76,115],[195,21],[436,-217],[152,47],[-15,180],[-388,266],[-152,466],[90,173],[-178,264],[259,36],[-185,285],[327,342],[753,107],[-58,-235],[139,-107],[393,282],[81,-356],[424,-73],[61,105],[-73,152],[529,496],[-123,200],[245,42],[-616,348],[-324,597],[876,270],[-129,335],[-366,-139],[-79,44],[130,333],[332,24],[116,152],[-29,213],[-243,179],[-201,477],[-251,158],[147,163],[235,-89],[54,357],[-463,126],[-106,289],[-371,-35],[-306,150],[-169,183],[92,116],[229,10],[68,89],[-302,539],[27,70],[410,-433],[112,-14],[66,99],[-54,253],[-459,226],[-13,379],[174,206],[-190,4],[-446,-249],[-645,214],[-461,516],[-276,527],[194,708],[289,451],[-21,-373],[59,-83],[76,342],[262,129],[108,268],[201,-34],[146,-159],[392,533],[-447,1056],[-423,525],[144,47],[40,204],[500,-309],[40,455],[79,61],[398,-144],[-360,-294],[153,-163],[153,-31],[32,255],[221,75],[16,239],[218,-69],[129,87],[555,90],[-27,118],[-347,87],[-21,85],[249,-1],[204,140],[1335,360],[40,102],[-77,92],[-424,11],[124,259]],[[2609894,2089692],[235,175],[95,178],[-76,296],[45,168],[952,741],[78,314],[-89,319],[240,-52],[-49,-227],[85,-76],[158,204],[362,202],[38,137],[-260,87],[-424,-32],[514,477],[-76,116],[-464,210],[-315,365],[60,186],[133,70],[-162,373],[11,251],[163,102],[266,-42],[96,155],[-48,153],[-257,214],[-37,205],[-591,-70],[-31,194],[-350,69],[-21,162],[327,150],[-19,96],[-393,-85],[-226,33],[-27,-144],[128,-256],[-97,-139],[-419,163],[-297,292],[-15,135],[94,187],[335,256],[0,178],[913,660],[-88,196],[41,208],[849,-155],[191,124],[650,-9],[140,104],[43,161],[-59,101],[-289,-117],[-281,53],[-21,169],[120,359],[-168,767],[-165,3],[-49,-276],[-82,-66],[-265,67],[-207,-67],[59,281],[-159,103],[-13,169],[90,150],[208,119],[14,108],[-328,247],[-377,-65],[163,236],[30,279],[187,340],[-41,244],[-414,-90],[-200,-410],[-258,-119],[-128,29],[-149,151],[179,292],[-588,322],[-126,287],[-295,190],[-31,294],[-407,-50],[-347,198],[-286,-16],[-237,180],[-26,196],[74,180],[106,-218],[231,-41],[136,256],[31,479],[-263,-49],[-101,148],[135,281],[-93,129],[18,156],[160,140],[225,12],[-153,183],[-13,153],[285,-97],[382,186],[-286,200],[-24,355],[-517,208],[65,73],[437,50],[-64,176],[496,441],[-174,103],[-119,212],[1,343],[-329,27],[-76,100],[316,368],[301,-55],[150,223],[-41,134],[-357,-23],[-92,277],[-207,126],[70,60],[253,-55],[103,147],[-112,226],[-215,-146],[-222,336],[104,205],[-9,176],[118,71],[-37,226],[118,131],[-211,136],[43,108],[164,74],[1,104],[-195,59],[102,139],[185,-24],[-50,329],[347,-36],[108,-89],[45,267],[179,40],[-113,266],[157,197],[-12,137],[341,161],[-115,188],[-361,193],[-45,637],[152,196],[262,-247],[103,-11],[100,282],[-55,299],[284,591],[-78,85],[-229,-72],[-165,58],[-37,111],[105,181],[-53,282],[-431,-43],[-53,289],[-235,83],[73,131],[-69,244],[-240,184],[148,307],[-156,698],[29,346],[63,75],[144,-72],[424,485],[319,603],[-108,351],[247,89],[54,136],[297,204],[226,24],[218,-85],[57,268],[230,-168],[101,26],[-214,260],[212,99],[-11,208],[-660,-36],[14,-151],[-128,-37],[-414,255],[-77,148],[192,316],[243,25],[-49,165],[135,158],[271,-108],[171,61],[117,433],[-74,28],[-255,-190],[-84,192],[386,578],[152,29],[84,170],[-489,255],[-48,-45],[104,-234],[-108,-65],[-209,27],[-410,405],[-330,42],[-70,239],[148,437],[156,63],[56,162],[259,68],[233,369],[-19,494],[256,85],[234,447],[108,9],[118,-196],[67,6],[-95,349],[109,243],[-82,59],[141,111],[-92,190],[138,28],[162,-195],[153,198],[-82,161],[-191,18],[33,384],[190,-74],[253,240],[209,-206],[279,96],[-69,375],[-294,59],[-251,-149],[-209,367],[15,162],[221,92],[238,483],[11,217],[-107,189],[82,197],[-189,28],[-486,368],[-164,339],[-84,-83],[-117,72],[-187,-30],[-85,-226],[-160,-18],[-32,-204],[-218,29],[-131,-91],[-230,479],[282,624],[-56,628],[49,228],[489,386],[-278,212],[129,342],[-10,199],[-389,256],[-188,332],[-121,1318],[99,203],[-21,351],[153,134],[-300,304],[-103,398],[22,457],[-319,184],[-219,9],[-249,-104],[-202,-204],[-486,-117],[-310,-203],[-139,35],[-90,146],[59,163],[187,108],[-15,186],[-281,117],[-35,285],[-222,90],[-59,181],[-239,117],[-294,22],[-334,208],[-170,419],[-123,-19],[-9,165],[254,147],[488,-17],[244,322],[376,159],[-193,202],[-63,239],[-545,360],[362,181],[316,635],[21,498],[110,172],[449,235],[418,336],[646,158],[286,500],[277,-57],[117,59],[270,285],[146,404],[444,71],[199,566],[286,133],[274,324],[364,32],[256,-237],[78,7],[71,567],[528,92],[169,202],[35,159],[-169,386],[243,307],[175,650],[650,438],[349,23],[192,298],[254,809],[-154,954],[-559,933],[28,487],[-179,529],[57,633],[150,522],[-7,592],[-168,453],[-593,470],[-237,428],[193,1503],[-159,938],[208,661],[-258,451],[-263,113],[-42,336],[-221,234],[-117,300],[117,392],[-6,269],[762,492],[40,98],[-3,1236],[-462,1074],[176,435],[-207,277],[-36,335],[-414,326],[87,419],[-392,429],[-175,599],[-513,167],[-26,95],[127,258],[-157,274],[176,295],[473,145],[38,127],[-92,235],[235,202],[-79,271],[61,264],[207,146],[7,159],[138,125],[-41,121],[69,138],[-139,193],[126,425],[-28,328],[150,180],[-331,183],[71,282],[-65,257],[172,199],[-212,190],[163,551],[92,71],[341,-1],[240,-228],[264,204],[192,-100],[-10,-157],[212,-14],[148,-304],[341,114],[11,636],[227,265],[94,352],[-243,317],[312,117],[108,367],[166,-297],[239,281],[-87,510],[131,212],[-35,136],[116,23],[-93,212],[82,177],[-13,337],[221,-15],[128,-129],[-11,-255],[506,-326],[188,270],[420,187],[-25,154],[-282,268],[32,144],[291,-87],[232,113],[252,-72],[56,42],[-43,299],[270,-51],[-14,346],[122,135],[-66,212],[171,57],[-111,262],[126,252],[149,-16],[104,150],[215,-10],[40,341],[-298,565],[-105,-42],[-221,252],[-236,62],[-20,152],[-280,181],[-11,149],[181,262],[258,91]],[[2616568,2174692],[46,-342],[201,-233],[105,49],[132,337],[-115,486],[54,138],[454,317],[519,-51],[581,-770],[422,444],[217,49],[325,-260],[301,-697],[791,-219],[128,379],[362,-257],[48,-195],[-167,-455],[81,-20],[461,73],[210,122],[252,332],[78,536],[86,134],[449,95],[314,-169],[42,-344],[-186,-371],[116,-184],[220,-54],[373,574],[64,230],[-114,179],[-422,268],[-46,142],[40,803],[190,234],[846,141],[216,-92],[78,-236],[-184,-561],[85,-229],[100,-23],[326,141],[481,443],[746,120],[63,-128],[-216,-318],[7,-141],[755,-361],[368,221],[1223,486],[594,523],[116,-68],[121,-687],[163,-191],[120,-27],[326,228],[113,797],[238,103],[231,-180],[183,-765],[-344,-421],[-534,-91],[-245,-184],[-186,-233],[7,-272],[206,-157],[600,-150],[538,-35],[454,-149],[488,95],[646,369],[563,4],[295,191],[50,126],[-149,1381],[28,372],[81,263],[163,138],[182,30],[271,-157],[267,-475],[387,-348],[27,-203],[-272,-245],[-77,-252],[116,-191],[193,-58],[492,-24],[497,218],[507,26],[1515,-220],[480,-261],[353,126],[489,573],[422,76],[271,-76],[128,-268],[-455,-907],[-125,-554],[47,-214],[279,160],[466,657],[170,84],[779,-158],[166,81],[291,378],[121,34],[108,-34],[35,-104],[26,-474],[147,-46],[547,194],[186,233],[16,161],[-418,617],[59,348],[-131,535],[113,345],[-77,486],[54,137],[167,80],[225,-65],[1021,-923],[163,-20],[190,31],[341,282],[520,168],[248,528],[214,183],[139,-23],[321,-276],[271,61],[98,260],[-515,441],[0,183],[1097,263],[500,-89],[325,88],[59,114],[-82,154],[-386,440],[356,325],[121,581],[252,88],[364,-234],[-63,-589],[47,-92],[139,-27],[686,252],[496,3],[799,244],[310,-50],[143,-265],[-195,-283],[-283,-194],[-39,-180],[74,-149],[371,-207],[183,34],[488,500],[450,141],[953,-471],[-5,-303],[-217,-118],[-116,-287],[-56,-1036],[325,-295],[252,83],[125,490],[256,394],[124,7],[100,-176],[39,-295],[-718,-607],[-473,-271],[-160,-834],[860,-9],[337,-115],[163,157],[-162,482],[39,157],[368,152],[360,-46],[481,84],[101,-50],[30,-169],[-8,-834],[204,-551],[128,-46],[233,95],[496,405],[256,46],[174,-157],[177,-509],[345,-81],[784,1082],[706,622],[-57,433],[82,451],[-151,322],[-290,203],[108,172],[233,-20],[220,-195],[128,-555],[297,-536],[131,-478],[186,-123],[608,-35],[268,53],[112,298],[-196,743],[-278,585],[148,624],[-131,558],[325,122],[1209,-166],[766,-685],[263,-116],[74,61],[261,934],[-236,275],[-658,426],[-77,218],[302,363],[431,248],[396,463],[252,49],[104,-92],[201,-532],[305,-310],[437,-808],[263,-241],[74,-157],[22,-532],[236,-238],[546,-287],[302,57],[164,960],[373,550],[-50,490],[388,389],[558,118],[697,-379],[175,-12],[453,298],[252,15],[217,-131],[65,-413],[101,-69],[213,115],[59,152],[-66,337],[295,421],[24,474],[225,443],[-839,767],[-635,385],[199,1065],[466,627],[-65,509],[-159,318],[35,264],[400,435],[291,195],[1078,312],[523,397],[140,8],[201,-169],[18,-558],[120,-215],[477,-115],[228,-188],[-20,-260],[-454,-336],[-39,-203],[240,-211],[469,-16],[128,-180],[3,-137],[-159,-245],[-686,-232],[-97,-245],[58,-126],[410,-273],[275,-65],[477,30],[430,-169],[1147,515],[574,57],[92,-54],[290,-704],[226,-1894],[341,-242],[387,80],[217,279],[238,1086],[2,983],[256,455],[198,183],[364,161],[1185,-392],[380,45],[248,248],[44,360],[-159,344],[-1060,675],[-260,253],[-81,222],[67,226],[636,446],[330,865],[264,397],[779,-16],[867,-231],[302,-238],[341,-429],[459,-1087],[147,-149],[635,-250],[608,-43],[528,765],[137,466],[100,881],[449,659],[118,524],[599,223],[145,129],[187,469],[179,61],[406,-157],[399,-579],[481,-320],[7,-163],[-110,-122],[-414,-197],[-21,-347],[255,68],[524,428],[627,298],[228,292],[84,768],[-825,1110],[-151,823],[-288,354],[-221,123],[-847,137],[-296,144],[-20,122],[242,353],[1716,1120],[886,447],[240,-48],[495,-694],[686,-230],[252,29],[1381,640],[524,115],[393,-75],[149,-158],[7,-225],[-536,-372],[-168,-243],[71,-124],[370,-166],[254,62],[223,191],[-3,652],[225,422],[365,238],[193,40],[935,-80],[106,112],[96,415],[131,55],[152,6],[193,-136],[158,-333],[183,-183],[571,46],[430,-151],[289,136],[290,407],[297,258],[144,31],[128,-97],[-24,-282],[-358,-335],[-4,-145],[429,-83],[341,105],[273,193],[103,272],[-12,1163],[132,550],[-288,769],[21,177],[303,190],[972,101],[248,135],[113,238],[-50,456],[60,289],[354,220],[311,721],[510,13],[441,734],[324,-55],[351,-531],[124,6],[758,468],[158,0],[303,-238],[32,-188],[-322,-492],[-49,-394],[103,-511],[458,-535],[8,-154],[-114,-120],[-141,-5],[-922,224],[-217,-169],[-7,-314],[292,-231],[561,-43],[541,95],[213,-163],[14,-320],[-371,-959],[-400,-299],[-55,-197],[169,-196],[358,-15],[386,284],[210,53],[144,-162],[19,-230],[-113,-110],[-744,-217],[-36,-257],[739,-704],[414,-118],[415,6],[447,424],[224,82],[100,-38],[90,-161],[-131,-690],[48,-365],[420,-339],[213,-79],[914,-45],[1150,480],[105,90],[179,481],[437,442],[204,792],[240,107],[585,-108],[90,134],[-17,419],[143,113],[177,-67],[223,-331],[449,-342],[731,1],[46,-155],[-147,-430],[148,-256],[278,-210],[657,221],[167,-27],[139,-274],[-80,-538],[72,-56],[203,36],[676,294],[138,128],[397,1180],[-6,579],[259,154],[301,-116],[547,-579],[93,-192],[-101,-384],[-277,-457],[102,-210],[277,0],[592,622],[352,37],[314,-100],[140,-265],[-157,-530],[56,-311],[389,-310],[38,-420],[176,-219],[519,-109],[268,55],[509,348],[342,-100],[288,-539],[232,-182],[953,56],[222,183],[9,201],[-179,1764],[-277,82],[-695,-74],[-250,255],[-46,220],[8,246],[111,202],[430,504],[-49,618],[-199,62],[-410,-285],[-355,-40],[-279,81],[-157,261],[375,844],[634,727],[515,248],[201,-18],[648,-520],[1622,-761],[163,-217],[165,-818],[126,-198],[126,-50],[1425,126],[51,137],[-98,619],[141,129],[584,-338],[434,38],[378,149],[445,-173],[527,119],[390,-198],[245,0],[107,56],[56,205],[-101,422],[63,118],[477,224],[36,632],[258,305],[156,372],[-82,316],[-371,341],[-57,236],[182,124],[471,-130],[233,75],[200,695],[495,783],[36,732],[-207,285],[-510,365],[19,205],[301,75],[1214,-619],[503,-92],[761,-638],[540,-161],[466,-340],[119,12],[201,261],[74,621],[-25,248],[-297,731],[82,292],[238,323],[433,211],[635,-210],[478,-452],[573,-706],[333,-74],[314,348],[131,434],[-32,118],[-214,248],[-1107,836],[-69,297],[93,335],[1111,926],[597,175],[358,-173],[347,-831],[208,-279],[276,-111],[208,43],[269,373],[231,1408],[213,305],[571,211],[340,-5],[81,-81],[342,-1345],[327,-608],[786,-458],[218,-82],[241,31],[145,167],[-71,797],[-296,266],[-503,186],[-157,334],[12,317],[226,347],[332,249],[402,38],[484,-111],[151,6],[119,112],[44,186],[-57,174],[-315,440],[-364,260],[-13,204],[69,56],[169,56],[1238,-116],[459,-210],[389,143],[138,224],[125,602],[-547,638],[30,422],[88,155],[333,180],[163,-18],[767,-415],[472,-117],[829,-42],[333,162],[131,366],[25,446],[69,187],[125,87],[258,-74],[264,-409],[296,-199],[635,94],[144,112],[520,1142],[31,435],[-586,725],[-45,558],[100,509],[-119,229],[-214,-13],[-641,-304],[-169,49],[-63,118],[181,639],[124,1086],[213,273],[666,423],[527,459],[289,-55],[321,-620],[277,-217],[497,175],[170,246],[82,372],[-94,205],[-551,546],[-503,918],[-367,99],[-495,-276],[-185,-10],[-143,130],[0,130],[345,509],[674,574],[718,88],[591,-179],[210,139],[77,471],[-212,375],[-210,48],[-597,-59],[-203,108],[-20,333],[94,185],[487,313],[243,20],[273,-123],[703,-788],[1583,-26],[600,-384],[256,-63],[796,231],[244,328],[52,212],[-14,1470],[382,1351],[408,2596],[36,115],[330,168]],[[2756092,2224487],[34,-345],[-105,-175],[266,-60],[23,-73],[-239,-450],[14,-173],[309,61],[19,-269],[-139,-177],[318,-322],[110,55],[220,354],[296,-118],[-7,-85],[-319,-250],[340,-89],[-58,-268],[318,-28],[-3,-75],[-244,-146],[-14,-102],[209,-66],[255,67],[78,-63],[-258,-496],[647,-150],[-312,-168],[82,-435],[251,-50],[491,225],[215,-39],[159,124],[161,-175],[-325,-526],[60,-36],[182,114],[118,-66],[-29,-133],[-226,-76],[89,-501],[-214,-363],[267,-660],[385,55],[191,-562],[177,47],[62,182],[506,-154],[612,-29],[403,-132],[500,-485],[311,54],[361,-200],[49,-413],[-131,-331],[-135,-65],[-235,134],[-128,-160],[-349,-92],[-24,-76],[256,-228],[4,-180],[127,-47],[159,149],[-45,293],[199,-129],[246,11],[10,-124],[-271,-124],[14,-99],[110,-60],[140,68],[114,-167],[139,72],[307,-366],[297,-66],[11,-244],[-269,-1],[-52,-128],[351,-189],[78,-367],[87,10],[67,153],[127,-59],[-56,-379],[69,-255],[71,-82],[281,-28],[117,-222],[339,-241],[30,-232],[-71,-164],[86,-205],[-129,-60],[-368,57],[-38,-122],[240,-279],[543,-310],[56,-338],[-160,-90],[-467,264],[45,-390],[432,-175],[148,-186],[-21,-158],[83,-115],[220,-45],[178,-184],[265,60],[157,-255],[238,-43],[-258,-252],[-212,-90],[84,-147],[510,79],[397,212],[776,89],[405,-197],[122,111],[146,-269],[481,-295],[-49,-256],[172,-614],[-125,-209],[198,-178],[-230,-208],[-29,-574],[243,-201],[363,-14],[520,-730],[435,-411],[322,-130],[19,-125],[-249,-170],[35,-122],[538,-100],[509,102],[385,-126],[142,122],[403,-158],[289,227],[344,-256],[482,197],[351,336],[482,155],[75,-47],[-32,-308],[177,-126],[227,159],[94,-19],[185,-398],[162,48],[157,198],[527,87],[130,-72],[-132,-148],[77,-76],[340,333],[-148,262],[81,186],[161,37],[-16,-200],[126,-66],[47,123],[179,-20],[61,170],[136,-181],[143,151],[308,-30],[19,-105],[-254,-15],[-113,-157],[286,-276],[153,104],[231,-467],[215,51],[26,146],[104,43],[1310,-93],[6,86],[-107,71],[-246,24],[153,445],[174,92],[177,-87],[85,-322],[358,-200],[-117,-258],[78,-113],[597,176],[80,112],[243,-218],[-13,-147],[202,97],[251,-87],[188,149],[160,-236],[425,87],[108,-138],[90,68],[242,-85],[-71,-334],[107,-4],[80,167],[81,-39],[63,-201],[344,-394],[-22,-115],[110,-156],[-340,-78],[-269,-257],[-504,-248],[-7,-103],[229,-215],[195,234],[232,27],[305,-175],[235,-344],[290,-168],[263,66],[169,230],[75,309],[-17,111],[-200,18],[13,124],[143,87],[-59,116],[-66,65],[-285,5],[-39,147],[669,71],[401,388],[275,-217],[359,265],[30,94],[-159,177],[97,212],[-168,-86],[-104,319],[165,31],[-153,152],[272,306],[368,227],[241,-274],[-188,-219],[250,-62],[-94,-239],[98,-157],[450,222],[369,-35],[81,177],[249,-21],[25,-162],[146,-101],[-204,-208],[126,-91],[390,116],[131,-40],[58,-519],[84,127],[186,69],[-12,275],[205,59],[133,144],[73,-38],[-30,-151],[636,202],[-145,-335],[-339,-233],[20,-87],[273,-48],[152,64],[211,-89],[263,86],[223,-214],[242,-14],[119,38],[34,201],[161,79],[203,26],[296,171],[280,-72],[68,132],[-183,234],[103,129],[442,72],[753,-75],[-12,212],[-316,159],[21,290],[173,361],[355,120],[172,-371],[493,-128],[272,-199],[-57,-77],[-838,-197],[282,-672],[301,-98],[266,104],[-75,364],[192,190],[972,-580],[102,20],[356,399],[585,43],[138,103],[130,-103],[143,55],[171,-309],[212,-41],[121,353],[241,-415],[-147,-614],[84,-64],[229,41],[139,-166],[-16,-142],[279,-87],[411,394],[1183,530],[239,226],[253,492],[261,142],[465,-332],[-43,-163],[123,-196],[-121,-188],[-29,-234],[165,-103],[607,54],[519,590],[783,-324],[222,381],[334,-202],[47,-460],[179,-221],[148,154],[-3,309],[102,127],[740,-140],[197,107],[35,186],[110,55],[113,-113],[96,-361],[154,-48],[595,564],[77,600],[-218,277],[53,162],[194,174],[142,-121],[-79,-153],[289,-114],[293,-273],[114,-19],[137,172],[266,-85],[-54,-477],[-328,-300],[43,-359],[-78,-401],[148,-282],[229,-76],[119,152],[157,-17],[-3,227],[312,98],[27,118],[360,-322],[12,-229],[322,-92],[106,12],[1,151],[101,45],[585,-190],[132,304],[217,-37],[12,52],[-2,-196],[182,-270],[-126,-231],[-216,-47],[150,-117],[-161,-158],[55,-175],[-129,-111],[233,-23],[-134,-257],[326,82],[127,-218],[93,107],[122,-13],[132,193],[87,-21],[56,-119],[-211,-274],[84,-59],[-8,-170],[203,-46],[110,-232],[85,66],[-46,193],[156,184],[191,-86],[270,88],[87,-136],[264,130],[333,-164],[11,-104],[-220,-55],[38,-166],[171,103],[231,-19],[72,-215],[145,-39],[-93,-126],[12,-211],[-172,-42],[29,-192],[-172,-133],[93,-53],[293,56],[-118,-218],[69,-121],[103,83],[70,-36],[-71,-367],[137,-12],[287,263],[325,-126],[196,115],[-5,-222],[182,-347],[212,36],[30,-208],[158,30],[239,-137],[56,-381],[349,52],[240,-211],[222,55],[176,-130],[205,-229],[-301,-372],[-78,-256],[548,-455],[404,-93],[191,-503],[212,-229],[267,-94],[-94,-144],[46,-138],[-120,-134],[-33,-394],[-174,-551],[143,-152],[-13,-170],[172,-282],[-179,-179],[-22,-443],[-238,-239],[161,-189],[-47,-96],[87,-632],[382,-221],[4,-293],[159,-106],[-127,-229],[243,-183],[85,-181],[-17,-328],[192,-76],[211,-217],[91,-333],[216,-112],[77,-165],[-95,-363],[163,-275],[-82,-66],[-222,14],[-73,-196],[43,-202],[297,-176],[41,-140],[-275,-363],[-296,-198],[-16,-529],[105,-145],[485,-230],[273,-474],[-22,-151],[108,-190],[189,-94],[-102,-353],[-168,-32],[29,-279],[-162,-189],[219,-309],[-44,-282],[746,-267],[54,-321],[101,-122],[-35,-149],[694,-89],[-35,-280],[-479,-652],[-88,-381],[-294,-322],[-146,-351],[11,-426],[169,-174],[-120,-425],[340,-66],[369,-213],[177,-252],[-163,-465],[171,-1051],[88,-141],[1258,-350],[212,-241],[347,-169],[1741,-333],[1035,68],[539,363],[208,229],[229,42],[376,224],[593,-28],[517,280],[443,672],[188,158],[348,156],[496,35],[443,342],[170,-110],[233,63],[293,-143],[345,-47],[301,-253],[353,-101],[237,42],[378,258],[749,139],[557,387],[365,540],[604,462],[665,788],[451,61],[292,497],[523,401],[933,947],[483,184],[273,-13],[295,-179],[457,172],[455,537],[295,785],[219,113],[557,68],[16,110],[-218,332],[252,391],[290,-126],[204,248],[286,-78],[250,103],[49,-78],[-57,-146],[488,-261],[190,-440],[167,-101],[219,-5],[263,137],[157,351],[317,163],[1554,1314],[694,162],[1235,-38],[1300,431],[483,85],[179,601],[396,288],[-33,361],[171,241],[164,65],[158,-56],[-12,-245],[759,-448],[314,123],[346,-11],[437,-379],[118,118],[149,-71],[152,137],[162,-25],[194,-123],[-62,-161],[170,-278],[247,-192],[235,-52],[107,-262],[230,-10],[210,-133],[180,-227],[5,-158],[544,40],[135,110],[83,222],[200,91],[493,25],[367,-225],[368,407],[-68,178],[145,130],[269,-2],[91,192],[219,138],[456,779],[-58,237],[-410,350],[95,65],[-82,110],[140,254],[-80,623],[175,208],[60,290],[165,18],[80,178],[484,54],[185,287],[32,240],[579,811],[-9,230],[149,251],[136,63],[664,-76],[587,-198],[219,208],[24,173],[98,34],[334,-12],[883,-368],[701,202],[211,424],[-269,647],[391,650],[-146,306],[124,237],[-55,284],[194,267],[258,76],[91,185],[248,97],[219,488],[239,171],[49,126],[579,52],[479,393],[440,141],[358,372],[562,57],[397,181],[203,186],[577,-144],[155,-191],[64,-300],[489,-212],[737,102],[306,288],[340,124],[191,482],[185,186],[592,64],[246,-102],[121,27],[288,306],[97,411],[237,51],[224,-54],[197,93],[131,300],[-204,392],[12,189],[364,222],[160,303],[456,37],[157,123],[67,188],[176,111],[489,-14],[473,198],[382,-20],[322,-279],[210,-599],[161,-102],[246,3],[385,387],[677,31],[391,348],[467,129],[179,522],[206,180],[477,72],[346,-212],[437,9],[88,87],[-64,210],[437,294],[66,411],[507,480],[105,380],[128,135],[148,63],[307,-62],[458,195],[474,-260],[370,15],[1001,909],[173,231],[69,407],[224,531],[15,261],[-155,419],[152,285],[172,114],[249,18],[623,-386],[604,-38],[950,-491],[428,16],[641,-222],[598,13],[264,-189],[222,-2],[112,147],[30,326],[501,201],[163,162],[258,708],[701,-71],[258,132],[27,269],[-152,234],[-52,509],[3,132],[200,330],[-119,644],[318,405],[206,84],[183,-110],[185,-267],[76,12],[15,186],[88,45],[140,-234],[209,-50],[534,474],[449,69],[128,-168],[-46,-186],[623,106],[203,-198],[146,-36],[73,54],[33,300],[331,-96],[79,57],[102,771],[146,195],[276,27],[367,-195],[146,195],[437,-233],[188,27],[30,132],[-130,279],[84,353],[146,39],[307,-188],[24,96],[-143,269],[106,141],[-64,159],[134,60],[434,84],[36,-242],[884,-278],[100,51],[61,219],[309,18],[179,339],[137,24],[130,-231],[-30,-572],[134,-210],[-148,-117],[39,-93],[531,13],[225,210],[-7,149],[-236,57],[24,189],[495,-48],[397,-203],[225,-279],[392,79],[21,-174],[134,3],[-15,-351],[146,-203],[385,36],[37,-165],[276,-128],[309,153],[207,-15],[58,-90],[-128,-147],[131,-87],[130,18],[167,180],[321,708],[91,15],[55,-225],[519,291],[40,-72],[-116,-146],[52,-186],[258,63],[234,-141],[76,-138],[106,69],[64,-182],[294,-45],[19,-96],[-152,-39],[-21,-84],[367,-104],[176,108],[6,311],[209,-101],[97,234],[-65,393],[-197,318],[52,304],[-163,303],[121,169],[-8,303],[-159,262],[38,161],[-152,94],[231,397],[26,225],[144,34],[50,-300],[95,-41],[360,195],[4,244],[265,116],[342,-15],[228,-243],[189,-19],[459,241],[277,-23],[190,413],[276,187],[183,-86],[64,-240],[186,147],[87,-146],[99,22],[38,94],[-72,127],[129,68],[22,172],[84,-26],[30,-161],[99,-26],[478,517],[314,922],[318,315],[349,-7],[281,-150],[4,-154],[-262,-176],[479,-149],[22,-87],[-144,-138],[4,-90],[387,-37],[-64,-210],[53,-60],[482,8],[155,-191],[180,190],[131,-29],[248,206],[205,-1],[81,-289],[-121,-431],[525,-450],[593,188],[237,357],[257,-58],[66,-108],[-29,-210],[89,-33],[784,249],[0,198],[-197,-56],[-67,61],[378,747],[-268,234],[44,217],[276,-30],[412,-438],[438,95],[274,-296],[570,186],[95,-29],[97,-230],[-162,-246],[182,-349],[-136,-100],[435,-176],[347,79],[536,663],[552,429],[116,-94],[-165,-563],[41,-118],[274,-38],[587,237],[94,-82],[-64,-337],[398,86],[222,-229],[300,132],[258,295],[-426,669],[35,202],[339,-35],[135,142],[-11,364],[-143,140],[107,377],[309,-62],[231,52],[68,-119],[-65,-442],[180,-179],[380,173],[551,436],[135,3],[227,-147],[162,126],[156,-14],[244,-211],[9,-97],[-363,-307],[-178,-544],[553,-38],[185,421],[175,131],[-30,396],[60,159],[210,113],[358,-23],[304,306],[8,127],[-121,164],[68,347],[-149,345],[145,255],[92,28],[317,-162],[221,67],[588,-107],[99,-164],[42,-548],[97,-52],[141,98],[-19,-263],[254,-258],[-59,-157],[-228,-11],[-73,-99],[146,-196],[275,-21],[-6,-107],[-149,-103],[-299,-7],[-198,-253],[-164,40],[-29,-246],[-145,-198],[40,-592],[139,-300],[320,-202],[503,-134],[45,420],[264,32],[81,196],[154,44],[242,-520],[333,-258],[-43,-140],[-306,-272],[29,-74],[196,6],[58,-88],[-382,-224],[39,-170],[175,-114],[149,24],[186,345],[135,1],[273,-198],[374,358],[181,-31],[95,-180],[61,-1464],[152,-210],[284,198],[185,-39],[130,-181],[23,-428],[236,218],[103,-141],[123,-7],[111,325],[288,145],[843,15],[-26,145],[-383,24],[-191,246],[4,108],[731,-33],[153,165],[271,133],[311,24],[135,152],[251,-44],[262,95],[25,626],[64,51],[242,-134],[544,-585],[66,-678],[146,-113],[284,440],[244,21],[110,120],[-31,124],[-216,45],[65,107],[347,83],[520,-73],[162,619],[386,208],[441,48],[527,595],[555,64],[386,-140],[250,111],[187,439],[363,83],[77,128],[-560,647],[198,322],[-539,70],[-46,105],[94,168],[183,120],[487,-47],[378,-345],[101,12],[60,269],[242,126],[-10,553],[775,277],[96,97],[23,168],[-334,24],[8,139],[370,-67],[376,177],[262,-147],[244,53],[240,325],[160,557],[634,738],[351,260],[292,-218],[163,41],[57,252],[-237,203],[45,170],[140,30],[298,-168],[198,-477],[676,310],[431,86],[6,693],[-255,78],[-31,82],[199,299],[225,176],[-318,405],[23,250],[307,-77],[378,192],[346,-121],[376,55],[168,-513],[225,-252],[947,-242],[329,26],[323,-172],[139,87],[67,283],[294,451],[315,216],[195,-263],[277,-855],[284,-6],[95,373],[187,-107],[22,-311],[-180,-659],[103,-130],[301,94],[-104,-654],[128,-43],[200,196],[245,-99],[90,213],[-306,419],[203,579],[396,346],[40,270],[793,40],[-11,147],[-190,153],[38,100],[354,-30],[276,-276],[28,175],[-111,219],[-77,76],[-194,-7],[-11,95],[249,220],[498,91],[-101,268],[57,99],[325,10],[202,-192],[774,-1],[150,-113],[82,-262],[130,-42],[208,141],[52,151],[-398,300],[-92,381],[419,169],[329,432],[145,26],[523,-480],[90,-295],[76,-40],[1484,532],[265,503],[-289,175],[444,251],[211,-129],[75,35],[-14,297],[-189,249],[303,222],[-46,98],[-150,29],[-226,-129],[-79,55],[59,463],[-329,72],[-70,98],[133,346],[272,15],[263,-259],[138,-30],[31,117],[-195,284],[10,127],[370,213],[36,198],[272,290],[67,203],[462,41],[427,295],[499,-20],[46,172],[920,849],[257,112],[422,-5],[-37,462],[87,340],[597,-20],[416,213],[273,-40],[41,-340],[293,-162],[-30,-208],[-170,-163],[114,-538],[555,-360],[972,31],[190,-325],[134,-40],[226,269],[149,15],[386,-304],[46,426],[98,173],[159,0],[350,-188],[257,-10],[123,102],[-10,127],[-360,117],[26,167],[334,-5],[349,259],[802,77],[191,173],[-21,106],[-201,71],[11,158],[154,106],[0,300],[467,452],[31,381],[164,142],[-51,320],[77,264],[-289,258],[-134,549],[262,193],[36,279],[232,-51],[195,51],[-72,97],[-154,25],[30,147],[309,-45],[118,96],[10,198],[113,142],[-5,721],[164,346],[329,101],[360,-121],[278,-244],[78,-563],[493,117],[139,-330],[98,-41],[118,92],[77,376],[159,101],[83,-416],[103,-61],[190,71],[185,244],[144,-15],[46,-127],[-77,-218],[72,-51],[232,269],[20,259],[-453,122],[-31,380],[160,46],[457,-106],[149,132],[221,442],[160,117],[210,25],[186,-81],[82,-157],[21,-401],[164,-51],[761,280],[200,487],[103,-96],[62,-315],[103,-20],[262,543],[-165,366],[46,96],[618,-55],[385,274],[226,-213],[232,-30],[-51,-341],[277,36],[149,-76],[226,457],[-262,553],[396,371],[442,-203],[195,686],[164,178],[16,324],[313,168],[288,417],[82,340],[144,-36],[77,-319],[190,-16],[355,153],[339,427],[448,-213],[468,188],[77,112],[-16,421],[98,239],[257,111],[406,-126],[252,370],[632,-182],[437,-10],[98,-183],[129,-50],[216,10],[468,346],[385,-71],[576,-198],[72,-284],[232,-391],[468,-71],[267,143],[160,350],[180,10],[108,-248],[-26,-488],[268,-380],[72,-269],[252,-163],[41,-223],[160,-51],[195,203],[144,16],[-108,-396],[72,-46],[257,320],[119,41],[139,-604],[87,-31],[535,-60],[365,274],[170,15],[344,-263],[42,-122],[-329,-320],[-103,-249],[57,-142],[354,-152],[525,203],[190,320],[853,300],[170,-406],[268,315],[159,-46],[0,-386],[252,249],[270,22],[560,483],[132,-101],[64,-546],[314,-376],[323,380],[199,109],[590,-155],[567,333],[551,-186],[751,202],[317,304],[386,152],[231,338],[183,852],[-241,526],[624,398],[632,-340],[149,-178],[-6,-235],[-261,-147],[50,-141],[279,-158],[434,29],[335,-416],[114,27],[249,302],[837,-53],[512,342],[208,9],[253,-649],[356,-339],[186,-363],[135,-94],[163,64],[289,387],[286,100],[841,-576],[1256,-173],[544,229],[269,538],[150,92],[172,-12],[704,-920],[51,-812],[644,-395],[210,-606],[867,-565],[244,-484],[519,-64],[843,281],[916,-108],[174,-185],[-143,-497],[193,-112],[297,161],[285,591],[309,62],[163,-118],[156,-418],[233,-100],[406,36],[287,-509],[426,-311],[230,-776],[356,-55],[613,168],[510,-331],[122,54],[72,206],[17,1111],[89,88],[131,-9],[371,-260],[488,-148],[154,-132],[32,-198],[-100,-431],[316,-395],[173,-427],[-43,-113],[-270,-175],[26,-61],[377,-68],[520,215],[258,-2],[486,-324],[264,-447],[274,-65],[304,166],[39,546],[356,-266],[180,-43],[448,367],[855,265],[247,-492],[488,-445],[12,-492],[248,-82],[627,35],[414,746],[608,-328],[317,-414],[713,-46],[197,134],[260,428],[564,396],[-46,198],[-460,151],[-2,123],[136,124],[933,93],[558,370],[963,81],[792,522],[479,-253],[435,91],[181,167],[-9,143],[-410,425],[-89,304],[108,161],[209,70],[577,-208],[154,17],[20,244],[-224,527],[27,125],[141,-43],[393,-386],[341,-156],[805,222],[89,-394],[337,-130],[745,152],[559,-49],[267,373],[298,55],[189,316],[144,73],[243,-114],[483,-555],[389,-83],[127,132],[71,616],[210,163],[212,-44],[185,-157],[37,-510],[109,-112],[224,20],[575,349],[406,-144],[44,101],[-86,389],[204,444],[-83,321],[348,35],[65,110],[-146,292],[-460,306],[-26,131],[269,57],[490,-140],[-184,438],[163,244],[367,126],[539,-169],[261,38],[306,648],[208,88],[572,29],[477,363],[450,137],[423,566],[230,-53],[322,-471],[513,-202],[435,-345],[173,164],[-31,537],[60,171],[126,20],[312,-239],[187,12],[126,127],[138,394],[467,222],[162,316],[331,-321],[841,-59],[570,-421],[942,-195],[297,508],[-489,819],[-2,264],[168,183],[194,31],[173,-81],[300,-516],[169,-122],[156,53],[344,410],[249,108],[272,-63],[529,-372],[220,17],[458,225],[281,-201],[1106,868],[174,-143],[-62,-678],[117,-382],[401,-395],[701,-439],[-40,-133],[-330,-341],[34,-259],[737,-519],[924,-170],[294,97],[104,633],[197,253],[653,124],[1715,620],[326,-167],[284,308],[327,-452],[905,-334],[251,82],[94,404],[137,-57],[335,-404],[422,178],[54,-664],[217,-205],[255,106],[213,248],[-19,587],[80,164],[193,49],[391,-179],[142,18],[722,943],[210,115],[1618,-95],[976,170],[92,-117],[-186,-404],[82,-173],[1273,-185],[688,-334],[446,-420],[367,206],[400,530],[173,110],[756,212],[196,-336],[161,-36],[98,170],[-2,429],[149,122],[312,-120],[388,-299],[-110,-464],[99,-186],[382,-113],[435,0],[144,113],[24,187],[-502,660],[-9,127],[120,36],[315,-132],[786,-570],[327,-411],[222,0],[480,236],[261,39],[302,-96],[329,-282],[159,-243],[-11,-167],[-731,-299],[-156,-186],[-19,-185],[170,-228],[574,-221],[227,-197],[253,-481],[37,-600],[131,-100],[194,73],[175,200],[35,598],[131,214],[281,88],[561,-71],[265,143],[108,249],[27,569],[111,211],[157,-21],[152,-337],[138,-85],[218,70],[616,454],[853,-328],[124,149],[-239,285],[-13,121],[120,112],[188,-6],[234,-201],[92,-325],[-52,-279],[-235,-435],[15,-297],[200,-180],[493,-60],[71,-124],[-135,-281],[-548,-172],[-160,-186],[77,-134],[485,119],[181,-145],[-533,-792],[55,-218],[345,-264],[-388,-582],[3,-166],[116,-162],[598,-405],[242,378],[171,54],[508,-562],[212,-84],[282,133],[240,450],[152,6],[591,-833],[178,-814],[189,-77],[411,52],[-168,-616],[116,-503],[180,-125],[298,-27],[582,327],[225,-40],[401,-375],[-53,-629],[190,-222],[1019,-150],[572,-512],[208,-41],[452,230],[616,124],[34,193],[-198,500],[58,156],[131,30],[454,-500],[790,-375],[84,-175],[-50,-350],[94,-113],[435,163],[473,45],[376,230],[177,-28],[277,-506],[192,-754],[417,565],[702,274],[1424,811],[467,97],[80,459],[366,141],[-8,173],[-401,779],[-220,665],[-269,434],[-16,280],[108,166],[219,25],[512,-182],[259,39],[118,185],[-102,345],[26,171],[157,163],[281,115],[1447,-124],[198,-128],[39,-193],[-117,-121],[-500,-191],[-65,-195],[77,-220],[316,-224],[584,35],[388,-444],[250,-61],[205,658],[855,926],[69,275],[252,85],[148,-78],[84,76],[-122,451],[-131,108],[-227,56],[-215,-61],[-153,101],[476,505],[440,323],[1019,-167],[141,94],[136,296],[201,12],[61,-637],[176,-432],[233,-134],[681,52],[80,-83],[-24,-226],[-271,-44],[41,-59],[243,-92],[485,173],[269,-405],[176,31],[272,258],[680,995],[106,15],[65,-81],[5,-306],[80,-102],[273,-75],[159,125],[245,493],[334,435],[569,326],[410,-31],[167,-190],[-38,-131],[-334,-310],[-393,-163],[-246,-220],[-45,-345],[90,-503],[-95,-302],[188,-125],[316,213],[250,-18],[524,-277],[256,-519],[646,-90],[44,-139],[-607,-583],[137,-100],[330,126],[739,34],[273,104],[642,376],[308,553],[211,100],[453,39],[159,-44],[88,-138],[-36,-385],[146,-159],[484,90],[132,-255],[224,-52],[648,318],[135,-9],[165,-142],[162,-370],[450,-10],[232,357],[326,300],[-3,883],[-113,532],[9,362],[280,314],[291,-8],[258,-176],[231,-500],[314,-15],[310,177],[370,-247],[205,-35],[61,-217],[-101,-137],[-593,-14],[-117,-160],[-8,-171],[74,-122],[635,-293],[856,203],[75,-138],[-91,-197],[-282,-210],[20,-158],[329,-142],[497,-55],[402,-247],[165,6],[511,400],[283,48],[303,-103],[117,-127],[-39,-231],[-520,-48],[-67,-74],[26,-119],[883,-175],[330,-301],[313,-130],[187,-498],[-14,-285],[236,-376],[-143,-189],[-227,-66],[-161,-213],[-88,-1035],[184,-115],[376,42],[688,-285],[108,-274],[-111,-294],[682,-337],[620,-93],[79,-214],[-286,-201],[36,-101],[372,-25],[461,246],[387,-56],[124,84],[83,297],[143,88],[551,-305],[261,39],[229,148],[375,-151],[94,-127],[0,-318],[-260,-599],[213,-813],[198,-119],[319,166],[99,-98],[-111,-319],[-226,-194],[-156,7],[-387,228],[-332,-170],[-62,-193],[79,-494],[-92,-101],[4,-355],[-474,-258],[255,-255],[148,-617],[350,-339],[-168,-518],[244,-317],[-10,-111],[-404,-367],[-125,-320],[429,-237],[753,-126],[166,-102],[-33,-147],[-461,-238],[-172,-207],[162,-221],[624,-331],[1181,-282],[147,137],[-73,338],[33,127],[107,39],[212,-67],[295,-291],[212,-92],[431,157],[132,-22],[6,-119],[-445,-352],[-143,-386],[1283,-563],[288,-318],[-24,-252],[-344,-926],[119,-356],[436,-314],[394,-21],[288,128],[186,-120],[22,-85],[-284,-274],[128,-262],[371,-100],[-31,-168],[-329,-400],[-12,-382],[118,-299],[311,-208],[387,-59],[286,129],[571,446],[308,9],[122,-86],[135,-280],[10,-482],[-106,-247],[-382,-245],[-26,-104],[158,-73],[563,217],[353,-39],[169,-225],[63,-397],[365,-127],[-127,-452],[277,-133],[175,-218],[260,-42],[369,167],[293,444],[887,355],[66,224],[-277,169],[26,267],[450,138],[990,-377],[126,126],[189,487],[360,465],[207,37],[213,-310],[153,10],[138,234],[-195,386],[95,96],[119,-65],[429,-699],[259,-76],[156,116],[-135,643],[54,91],[236,-23],[211,-288],[76,-299],[-68,-215],[-395,-402],[53,-277],[220,-92],[1179,-149],[1380,935],[847,192],[573,223],[225,-29],[95,-170],[142,-893],[166,-205],[320,-127],[177,-238],[39,-940],[-68,-183],[-322,-350],[-213,-109],[-420,-35],[20,-186],[790,-55],[586,72],[132,-124],[-22,-350],[-283,-555],[463,148],[282,372],[225,-54],[37,-362],[-164,-500],[91,-114],[918,-202],[244,-215],[-41,-708],[-210,-212],[-65,-211],[123,-142],[286,-112],[206,-289],[-18,-171],[-436,-111],[136,-333],[183,-155],[340,-105],[599,-654],[594,-14],[88,-88],[0,-174],[-158,-172],[-9,-220],[143,-128],[488,-130],[309,-191],[436,27]],[[2269968,2230192],[98,-49],[541,316],[633,138],[287,-454],[344,-283],[1059,-106],[1083,-518],[205,-32],[484,-406],[107,-194],[953,-538],[387,-311],[352,-747],[572,-752],[1523,-1681],[397,-255],[397,-41],[360,-401],[364,-962],[111,-725],[212,-660],[707,-1272],[95,-837],[215,-540],[235,-994],[772,-1158],[49,-927],[312,-1505],[-29,-222],[-625,-541],[-10,-472],[264,-647],[-49,-483],[-69,-154],[-664,-598],[-362,-1264],[49,-193],[218,-272],[45,-481],[225,-550],[72,-474],[524,-269],[665,-1564],[1002,-582],[249,-595],[463,-381],[-146,-561],[44,-1011],[711,-835],[52,-571],[-59,-434],[225,-492],[391,-213],[840,-77],[196,-96],[792,29],[215,-97],[780,-825],[425,-215],[315,21],[757,305],[484,-213],[914,-241],[586,-280],[794,-152],[614,100],[312,-267],[709,-1239],[238,-178],[832,-51],[743,271],[158,-51],[72,-140],[-175,-390],[159,-398],[-102,-608],[-191,-448],[-519,-780],[-106,-697],[-323,-772],[-176,-241],[-675,-473],[-263,-521],[-773,-1071],[-127,-879],[-244,-666],[-499,-569],[-909,-820],[-691,-914],[-327,-196],[-389,-502],[-206,-463],[-19,-627],[156,-647],[489,-936],[664,-659],[20,-180],[-157,-541],[0,-830],[-146,-251],[-108,-559],[68,-724],[-156,-454],[215,-540],[-10,-386],[88,-319],[215,-241],[792,-579],[224,-270],[114,-384],[-79,-433],[-583,-247],[-238,-249],[-676,-2044],[-747,-899],[-322,-627],[-1056,-1525],[-372,-878],[118,-511],[254,-309],[997,-406],[553,51],[112,-104],[634,-169],[-137,-718],[-195,-239],[-575,-312],[-40,-160],[299,-712],[389,-607],[-170,-456],[-372,-280],[-478,-88],[-89,-272],[44,-411],[-349,-368],[-966,-109],[-111,-149],[-71,-821],[-111,-195],[-729,-477],[-253,-845],[-507,-883],[-792,-915],[-562,-806],[-127,-86],[-134,32],[-56,164],[198,539],[-47,313],[308,454],[8,109],[-118,117],[-895,571],[-79,-93],[134,-471],[-87,-272],[-87,-63],[-538,94],[-111,-55],[-95,-641],[-293,39],[-214,102],[-79,164],[182,383],[-71,149],[-396,297],[-56,172],[24,149],[467,234],[64,477],[-88,313],[-71,47],[-79,-70],[-71,-423],[-190,-86],[-681,-172],[-396,110],[8,141],[134,109],[420,94],[230,258],[-56,133],[-649,594],[40,321],[435,70],[800,-133],[198,47],[134,156],[135,438],[-87,71],[-166,-16],[-270,-195],[-419,-126],[-72,47],[-95,610],[24,673],[-71,39],[-451,-414],[-111,7],[-111,493],[-222,31],[-111,-109],[-23,-282],[-222,-524],[-111,-54],[-111,86],[-39,1008],[-222,391],[198,942],[423,427],[101,205],[-419,271],[-93,186],[31,746],[260,614],[-86,270],[-844,321],[-807,32],[-298,251],[-917,-261],[-685,152],[-210,-21],[-210,-426],[-1304,284],[-88,-88],[44,-403],[-44,-88],[-166,11],[-961,546],[-407,10],[-216,-219],[-404,42],[-233,163],[-258,338],[-141,53],[-115,-102],[117,-170],[-17,-121],[-187,11],[-86,-94],[109,-360],[-81,-162],[-717,-670],[-136,-268],[-50,-518],[-441,-602],[-237,-117],[-186,-334],[-85,-452],[-660,-602],[85,-451],[-271,-234],[-440,-1319],[-419,-185],[-251,-429],[-337,-375],[-146,-346],[19,-826],[8576,-23818]],[[2277092,2136710],[9416,-26155],[-458,-901],[-70,-553],[-173,-469],[-570,-313],[-182,-294],[109,-323],[489,-586],[37,-522],[126,-304],[-48,-253],[-409,-542],[-262,-715],[-323,-268],[-360,-609],[-1215,-620],[-256,-404],[174,-1021],[198,-303],[-77,-457],[74,-232],[-15,-377],[94,-134],[397,-166],[201,-194],[62,-1202],[262,-470],[67,-685],[368,-443],[91,-381],[-90,-491],[-299,-216],[-51,-136],[245,-315],[-5,-216],[-195,-170],[-274,-5],[-102,-89],[-14,-101],[151,-202],[-22,-170],[-580,-165],[-54,-444],[-207,-296],[-100,-395],[143,-253],[339,-135],[-8,-275],[95,-74],[519,200],[182,-23],[101,-229],[123,-43],[335,179],[178,-8],[88,-71],[73,-363],[519,-186],[67,-483],[218,-50],[341,76],[308,-127],[79,-176],[-82,-465],[307,-294],[158,-600],[207,-271],[35,-308],[-40,-128],[-287,-64],[-201,-185],[63,-554],[-335,-201],[-74,-531],[-161,-300],[-929,-525],[-162,-234],[-68,-324],[-243,-225],[-65,-302],[94,-342],[-163,-463],[74,-511],[-140,-361],[-523,64],[-494,-171],[-169,-129],[-93,-212],[-165,-66],[-122,71],[-119,372],[-284,55],[-95,-141],[-78,-515],[-90,-82],[-291,-56],[-534,92],[-137,-78],[-164,-416],[220,-322],[-23,-183],[-240,-274],[-296,158],[-28,-573],[-81,-167],[-203,-152],[88,-154],[297,-134],[85,-147],[-21,-171],[-221,-229],[-27,-332],[521,-728],[231,-832],[-23,-116],[-209,-86],[-103,-174],[-50,-580],[146,-175],[100,-10],[493,363],[430,-83],[344,53],[68,-155],[-215,-421],[244,-284],[-103,-143],[-234,16],[-143,-77],[-130,-389],[-767,-916],[-1108,-725],[14,-319],[264,-574],[-157,-213],[-283,-10],[-144,-102],[-64,-571],[-438,-624],[155,-281],[613,-278],[76,-271],[-97,-103],[-161,-19],[-300,337],[-325,131],[-261,-134],[-192,-310],[152,-226],[766,2],[214,-285],[-16,-102],[-253,-59],[-567,206],[-136,-156],[-65,-311],[274,-194],[9,-224],[-640,-136],[-265,-138],[-933,106],[-75,389],[-302,-80],[-136,-236],[-136,-586],[-195,-111],[-340,34],[-146,-132],[161,-183],[382,-77],[69,-180],[-1133,-266],[-238,-147],[-110,-191],[-27,-304],[290,-290],[34,-190],[-346,-173],[-309,-408],[-90,-274],[66,-379],[-283,-32],[-58,-106],[130,-276],[467,-319],[-10,-310],[-328,-185],[-312,396],[-365,-64],[-47,-221],[313,-111],[179,-257],[-27,-170],[-174,-97],[-512,35],[-499,448],[-315,-80],[-213,-199],[-49,-267],[279,-106],[131,-210],[-75,-804],[640,-14],[262,-169],[104,-226],[-137,-193],[-339,123],[-220,-96],[-128,-301],[-259,-1263],[-105,-56],[-461,65],[-404,-514],[31,-214],[373,-135],[131,-124],[32,-246],[-131,-273],[-185,-119],[-293,26],[-696,555],[-181,-20],[-330,-205],[-346,248],[-253,-12],[-145,-226],[-24,-823],[-408,-434],[86,-359],[-45,-168],[-189,-68],[-259,132],[-182,3],[-208,-374],[-146,-83],[-88,74],[32,397],[-128,103],[-177,4],[-395,-182],[-357,-351],[-32,-224],[71,-205],[402,-459],[140,-861],[429,-673],[-320,-602],[67,-265],[226,-311],[-9,-267],[-887,-801],[-78,-228],[189,-23],[722,422],[612,-70],[220,48],[229,282],[-94,302],[42,128],[198,-99],[88,-331],[-99,-613],[-261,-460],[-117,-511],[-185,8],[-109,382],[-251,57],[-358,-308],[-153,-575],[-227,-19],[-298,281],[-109,-146],[132,-352],[309,-272],[589,-177],[308,-217],[193,-341],[73,-661],[137,-123],[244,-21],[190,-112],[22,-232],[-140,-223],[-643,-279],[10,-294],[163,-74],[447,26],[640,291],[134,195],[15,180],[-265,652],[84,147],[227,-25],[272,-203],[171,-256],[124,-758],[-54,-183],[-134,-116],[-576,-86],[7,-236],[218,-161],[795,-152],[312,-490],[166,66],[80,148],[13,676],[-127,125],[-421,-37],[-112,103],[23,123],[325,454],[424,164],[398,342],[248,-93],[176,-301],[348,-318],[32,-185],[-179,-221],[37,-183],[386,-36],[178,-117],[-43,-205],[-213,-285],[108,-179],[215,29],[195,165],[163,734],[167,155],[358,-75],[130,-221],[85,-421],[302,-155],[126,77],[-16,393],[180,143],[481,-55],[702,-387],[112,35],[137,201],[-13,544],[166,33],[386,-158],[406,-436],[-15,-352],[-593,-501],[-663,-325],[-98,-178],[154,-103],[597,-5],[250,-82],[139,-156],[-41,-345],[217,-94],[362,295],[343,572],[93,49],[192,-88],[72,-141],[-102,-342],[63,-375],[154,-229],[338,-162],[65,-152],[-187,-190],[-435,-58],[-232,-121],[-97,-269],[138,-245],[261,-79],[880,107],[815,-231],[198,70],[227,346],[446,91],[927,-267],[298,-213],[66,-255],[-187,-508],[17,-292],[455,-537],[213,-547],[341,-404],[112,-353],[342,-211],[101,-169],[-116,-346],[-395,24],[-215,-134],[-87,-358],[121,-256],[433,-3],[620,256],[443,-264],[523,-81],[294,-225],[427,-29],[268,-125],[567,145],[455,-26],[405,-276],[810,-347],[224,13],[197,256],[359,-153],[627,6],[150,-183],[-68,-280],[132,-275],[-47,-226],[302,-471],[272,-168],[507,145],[158,-121],[-15,-291],[-174,-534],[-278,-326],[-712,-592],[-296,-370],[-582,-425],[-604,-1180],[-39,-243],[548,-672],[322,-786],[270,-264],[387,-42],[497,290],[220,34],[877,-177],[233,-215],[43,-247],[-141,-601],[-62,-1296],[176,-528],[493,-807],[93,-413],[-324,-840],[194,-604],[3,-253],[-495,-685],[-66,-500],[176,-309],[686,-391],[848,-941],[128,-234],[-5,-215],[-160,-212],[-536,-325],[-180,-214],[5,-207],[265,-563],[-100,-276],[-271,-82],[-275,46],[-859,560],[-391,23],[-302,-89],[-238,-298],[-136,-667],[-237,-275],[-1146,-669],[-420,-57],[-663,65],[-181,-71],[-324,-797],[-220,-331],[-1167,-1196],[-651,-422],[-178,-221],[-218,-139],[-103,58],[-30,366],[-148,205],[-266,44],[-252,-190],[-741,-1463],[-29,-278],[222,-366],[340,-337],[343,-137],[598,-438],[339,34],[666,406],[365,1],[143,-230],[77,-706],[197,-322],[401,-283],[218,6],[132,116],[342,-232],[474,0],[44,205],[-44,278],[-296,88],[-148,146],[0,249],[192,175],[341,117],[1967,-119],[121,18],[0,365],[563,73],[281,-103],[237,-307],[59,-585],[163,-498],[-148,-585],[178,-219],[296,-59],[267,146],[118,161],[45,556],[177,103],[311,-30],[15,-175],[400,-644],[266,-615],[0,-556],[134,-395],[133,-58],[148,58],[104,571],[222,-29],[266,-425],[45,-702],[285,-61],[115,105],[44,527],[119,160],[207,-87],[132,-538],[-43,-443],[685,-750],[-300,-25],[-445,-629],[-444,-264],[-214,-19],[-296,-223],[-198,-608],[693,-232],[-89,-439],[-563,-673],[-414,-264],[-119,-292],[119,-132],[1912,-103],[279,-166],[285,-856],[-101,-525],[-6,-1013],[-917,-928],[-29,-216],[137,-122],[208,-32],[778,222],[406,-8],[208,74],[559,-272],[178,-207],[4,-174],[-1121,-772],[-173,-216],[-12,-151],[126,-88],[539,-72],[1078,-299],[567,-476],[258,-460],[-277,-485],[-119,-629],[-127,-1782],[-361,-325],[-459,58],[-298,397],[-646,-387],[-270,-26],[-256,163],[-568,619],[-405,193],[-346,-58],[-173,-286],[-22,-325],[81,-337],[696,-1138],[103,-380],[178,-922],[155,-1597],[313,-547],[611,-620],[-7,-1037],[-77,-663],[-373,-540],[-163,15],[-385,424],[-296,15],[-578,-351],[-193,-293],[-177,-600],[0,-322],[-425,-1098],[-117,-643],[53,-591],[249,-777],[449,-875],[416,-575],[104,-499],[-50,-309],[-154,-282],[-230,-203],[-355,-161],[-326,-380],[326,-235],[503,59],[178,-146],[-237,-571],[-207,-234],[-645,-236],[-181,-169],[-463,-794],[-697,-791],[-4,-419],[382,-641],[-169,-626],[10,-747],[-306,-658]],[[2293415,1973393],[-1088,92],[-984,252],[-296,103],[-869,583],[-135,433],[28,537],[-68,424],[-307,811],[-316,348],[-439,131],[-840,64],[-1787,1042],[-1,321],[400,368],[495,793],[-12,688],[-434,2018],[-239,527],[-392,386],[-1023,497],[-545,452],[-324,37],[-105,-86],[-114,-236],[1,-216],[96,-179],[554,-489],[230,-349],[173,-659],[-122,-679],[-200,-151],[-334,-39],[-487,65],[-210,113],[-383,480],[-154,791],[380,444],[85,311],[-268,386],[-181,104],[-220,-57],[-380,-558],[-427,-877],[-315,-180],[-486,65],[-1013,450],[-764,224],[-58,368],[523,689],[133,381],[-20,320],[-134,245],[-277,244],[-669,253],[-420,9],[-554,300],[-68,424],[324,576],[-30,531],[-68,235],[-699,951],[-125,405],[-325,404],[-162,132],[-449,65],[-334,-133],[-133,-179],[-27,-462],[278,-895],[1,-264],[-218,-359],[-353,-10],[-402,178],[-162,151],[-48,188],[341,887],[75,443],[18,396],[-229,292],[-401,65],[-1183,-229],[-544,-11],[-267,207],[-20,358],[-77,113],[-487,348],[-372,-1],[-754,-219],[-487,169],[-191,235],[-68,424],[256,729],[-39,282],[-201,254],[-487,273],[-450,432],[-105,188],[-1,321],[334,246],[496,1],[1146,-535],[591,77],[296,218],[114,207],[-39,396],[-929,1065],[-230,528],[-137,1545],[38,142],[343,29],[488,-452],[506,-74],[219,95],[200,227],[294,547],[-1,274],[-661,1320],[-239,197],[-821,92],[-181,94],[-115,170],[-155,744],[-105,132],[-143,84],[-392,9],[-609,-360],[-544,-77],[-583,150],[-354,370],[10,151],[782,181],[199,246],[-96,471],[-355,800],[-78,528],[95,132],[315,10],[1041,-233],[314,180],[57,274],[-154,408],[-124,104],[-869,196],[-469,432],[104,462],[733,775],[-96,283],[-602,470],[-707,130],[-906,35],[-1557,591],[-439,55],[-201,132],[-614,1554],[-50,640],[180,711],[209,283],[133,113],[1011,173],[409,510],[38,245],[-259,678],[-1054,1564],[-58,217],[228,340],[401,189],[656,907],[66,230],[-68,443],[-1119,1166],[-544,112],[-1384,-51],[-334,94],[-602,423],[-353,144],[-346,308],[-283,593],[-86,551],[80,529],[265,710],[-48,363],[-916,1286],[-361,190],[-498,55],[-482,426],[-329,174],[-258,284],[-329,40],[-602,-348],[-185,32],[-1189,1381],[-153,592],[57,915],[-201,403],[-81,615],[-225,229],[-449,253],[-547,773],[8,1279],[-136,315],[-378,395],[-691,466],[-907,142],[-627,473],[-337,395],[-1454,813],[-145,55],[-675,-71],[-200,47],[-266,237],[-16,1444],[-48,142],[-618,592],[-205,854],[0,244],[139,353],[0,625],[-222,543],[-1992,1044],[-290,403],[-278,605],[-736,1079],[-664,1352],[-24,558],[434,806],[-169,581],[-338,273],[-289,48],[-411,-83],[-217,-143],[-217,0],[-906,795],[-181,581],[-121,854],[25,771],[-145,166],[-1582,854],[-603,225],[-399,273],[-483,498],[-410,759],[-266,297],[-253,202],[-701,118],[-108,83],[-97,297],[0,877],[-338,321],[-531,189],[-1400,12],[-1401,332],[-519,202],[-604,439],[-193,237],[-24,640],[-96,226],[-689,806],[170,1637],[301,795],[24,1008],[-156,510],[-640,664],[-97,202],[-109,356],[49,842],[543,1209],[531,665],[881,1482],[109,439],[843,1853],[136,454],[96,492],[-37,249],[-398,605],[-24,249],[169,498],[-568,961],[12,498],[363,1068],[72,806],[-48,605],[-157,474],[-1316,1198],[-386,581],[-1111,926],[-640,415],[-326,379],[-24,380],[145,415],[531,451],[121,249],[-36,628],[-290,285],[-833,439],[-785,913],[-169,391],[-96,617],[108,593],[230,546],[-85,616],[-193,226],[-809,522],[-555,676],[-73,356],[230,735],[-121,640],[-1633,2347],[-135,715],[-291,863],[-67,597],[-598,2522],[-235,547],[-259,379],[-364,863],[-119,504],[-789,875],[-230,362],[-646,1412],[-1088,1575],[-210,510],[-72,1084],[-671,1745],[-8,343],[915,3608],[-16,959],[-181,1364],[-316,1122],[-403,1021],[-87,919],[-181,538],[-403,739],[-130,577],[-391,714],[34,201],[356,429],[85,554],[-68,503],[-408,722],[-110,1167],[16,890],[-756,1125],[-1361,1133],[-204,294],[-586,487],[-638,1058],[-561,654],[-536,1092],[-459,1964],[-245,740],[-2,587],[-255,999],[136,772],[-94,1771],[331,1184],[51,974],[-119,924],[-17,1234],[203,1875],[-58,761],[-558,860],[-971,2016],[-231,334],[-924,928],[-1340,2098],[-524,1263],[-123,958],[-940,1642],[-139,1186],[-217,882],[-265,330],[266,1313],[-123,882],[92,335],[323,410],[497,407],[366,886],[586,402],[98,992],[-61,254],[-427,428],[-307,1254],[-265,193],[-87,409],[-344,424],[-349,268],[-555,182],[-129,266],[138,376],[121,887],[-86,367],[-364,334],[-35,143],[372,695],[398,521],[-75,1118],[477,745],[-260,515],[-255,995],[-87,2017],[-175,347],[-632,494],[-114,216],[90,1171],[-380,690],[36,122],[360,354],[207,461],[19,1388],[-280,299],[-432,-114],[-466,72],[-251,137],[-263,398],[-61,519],[382,1282],[-68,246],[-194,254],[-7,277],[-96,175],[-781,823],[-819,433],[-462,552],[-245,503],[-856,628],[-87,506],[-258,277],[-465,260],[-237,242],[-298,987],[-53,823],[-272,692],[88,779],[-36,399],[-429,666],[-27,823],[-370,1463],[-390,866],[-143,906],[-542,263],[-132,157],[273,375],[52,1040],[-462,632],[0,531],[-565,292],[-115,760],[-143,209],[-199,607],[83,260],[507,98],[195,362],[73,748],[212,780],[408,828],[521,277],[234,327],[605,-230],[251,68],[150,380],[-179,482],[49,146],[403,263],[497,539],[660,258],[171,257],[-56,308],[-580,552],[-47,592],[-326,745],[25,253],[166,368],[263,181],[-81,314],[8,490],[-136,544],[201,871],[-163,579],[423,458],[81,218],[-586,892],[114,603],[-326,378],[-131,330],[-374,-1],[-324,366],[31,98],[358,196],[24,394],[171,587],[-95,486],[189,293],[271,230],[216,452],[339,401],[81,468],[257,133],[243,374],[36,216],[296,220],[-106,517],[185,369],[651,435],[-103,191],[-52,513],[-342,406],[-52,344],[-508,214],[-470,459],[-211,506],[-469,353],[-241,316],[-284,120],[-236,304],[-357,-47],[-109,53],[-27,200],[145,250],[-147,260],[29,213],[-235,185],[200,431],[-188,495],[-271,59],[-94,99],[-48,346],[-170,223],[94,441],[-321,182],[41,234],[198,258],[-73,219],[-4,617],[-286,958],[-228,251],[-51,216],[-471,437],[-4,237],[224,247],[14,121],[-331,94],[-61,127],[52,155],[280,208],[-100,171],[-64,447],[140,168],[294,-14],[170,257],[-68,337],[81,192],[-115,295],[153,212],[103,410],[786,407],[156,176],[250,665],[335,249],[180,482],[574,892],[46,148],[-79,474],[91,105],[273,55],[29,287],[225,284],[-34,107],[-247,137],[-21,301],[747,173],[451,423],[424,185],[57,96],[-46,149],[384,62],[163,414],[-153,346],[78,98],[276,89],[-149,418],[393,140],[-158,321],[182,142],[-7,131],[-547,462],[90,557],[-33,361],[295,1333],[539,667],[221,421],[19,297],[-192,226],[-348,197],[39,178],[218,234],[-68,459],[47,337],[-440,551],[-169,588],[3,134],[296,184],[-148,278],[-5,191],[704,514],[128,462],[194,315],[81,475],[-32,370],[398,470],[880,447],[221,43],[526,-85],[231,172],[-19,716],[-202,240],[-9,128],[352,496],[197,437],[371,173],[279,626],[-65,780],[135,646],[324,643],[48,402],[533,381],[16,877],[469,422],[213,-24],[378,127],[185,256],[-16,431],[205,300],[188,515],[564,420],[225,560],[26,212],[-422,316],[-329,-55],[-429,84],[-403,383],[-95,699],[-538,521],[-148,483],[-217,232],[-168,991],[-225,620],[-455,740],[-357,194],[-230,256],[-318,724],[-154,653],[-738,888],[-451,201],[-31,227],[-218,280],[-166,791],[-97,119],[-272,109],[33,454],[-175,478],[258,301],[843,679],[-59,263],[-495,322],[-49,148],[165,456],[447,601],[40,662],[171,388],[246,1800],[487,584],[1123,668],[171,263],[-19,479],[-343,743],[-67,386],[55,306],[878,511],[68,123],[47,1082],[977,-154],[558,238],[285,264],[466,828],[29,160],[-139,651],[38,257],[586,1067],[200,81]],[[2210786,2285233],[361,-186],[553,5],[307,112],[449,308],[293,-47],[449,-382],[539,-182],[227,-536],[156,-94],[189,-32],[661,168],[601,-37],[373,-453],[165,-382],[516,-387],[-27,-391],[-233,-431],[-181,-579],[-541,-758],[-75,-245],[165,-431],[775,-1084],[106,-579],[-429,-683],[-677,-141],[-211,-127],[-150,-572],[53,-995],[-83,-475],[-820,-2295],[-729,-891],[-150,-505],[-23,-386],[632,-2361],[324,-713],[768,-1233],[790,-623],[1241,-2674],[580,-467],[556,-164],[347,-527],[37,-252],[-218,-721],[-496,-883],[22,-379],[482,-1923],[-586,-780],[-181,-409],[-113,-683],[8,-453],[331,-1663],[-7,-438],[-309,-535],[-353,-914],[8,-178],[293,-74],[376,67],[685,-149],[346,-378],[75,-216],[444,-326],[308,-74],[760,81],[2353,509],[808,430],[1293,1399],[634,178],[529,258],[827,614],[634,313],[541,485],[1107,277],[547,245],[311,307],[-25,295],[-473,595],[-118,589],[286,749],[149,1068],[1051,743],[622,614],[683,890],[517,479],[99,-92],[81,-657],[106,-239],[715,-368],[821,-1166],[553,-491],[261,-93],[423,-12],[429,105],[821,749],[491,257],[280,283],[367,6],[765,-295],[796,-73],[2033,252],[1810,337],[485,-67],[733,-559],[398,-435],[140,-339],[15,-1281],[-163,-1193],[-736,-2328],[29,-713],[455,-1392],[16,-416],[-180,-463],[399,-147],[62,-370],[488,-1000],[762,-1004],[31,-278],[445,-270],[219,-300],[156,-555],[0,-525],[-531,-555],[-78,-493],[110,-131],[343,-155],[250,-269],[211,-309],[383,-910],[586,-424],[242,-493],[109,-517],[-93,-563],[-383,-362],[-789,-1056],[-937,-2036],[-945,-1342],[102,-293],[890,-932],[562,-317],[672,-701],[266,-170],[1374,101],[4054,-178],[921,424],[570,101],[1101,7],[1352,463],[976,-208],[859,-463],[746,-121],[955,49],[621,307],[657,122],[1339,0],[360,-147],[583,-588],[521,-1114],[-38,-367],[-334,-674],[-25,-281],[74,-98],[137,-98],[818,-159],[298,-257],[136,-466],[149,-98],[955,-134],[992,-1090],[310,-220],[781,-98],[330,102]],[[2107937,1992581],[1437,308],[477,-134],[307,-502],[341,-369],[512,-134],[1399,-603],[409,-369],[102,-402],[853,-1139],[443,-402],[478,-771],[750,-335],[1433,-369],[421,-205],[106,-261],[-505,-1306],[123,-227],[37,-1000],[106,-366],[213,-470],[558,-679],[1090,-1071],[319,-966],[452,-653],[1036,-653],[1143,-470],[877,-470],[665,-809],[638,-523],[1462,-261],[718,52],[1036,235],[532,27],[345,-105],[213,-287],[292,-1149],[319,-601],[80,-627],[505,-1514],[718,-1619],[133,-523],[0,-1149],[558,-1802],[106,-574],[0,-548],[479,-601],[292,-1227],[479,-888],[26,-418],[293,-418],[122,-1342],[-282,-613],[201,-923],[-76,-220],[55,-268],[608,-521],[409,-180],[709,138],[84,366],[221,139],[274,-37],[395,-278],[378,-382],[100,-609],[225,-238],[144,-310],[25,-456],[235,-384],[-122,-277],[24,-221],[229,-354],[89,-314],[211,-238],[327,-43],[451,-293],[206,-5],[319,129],[76,-338],[238,158],[96,-144],[147,-12],[310,178],[259,-186],[310,-37],[154,288],[434,45],[186,145],[-134,330],[173,346],[-317,121],[-74,131],[299,375],[96,389],[-84,154],[-264,51],[-199,269],[-74,228],[75,260],[196,2],[145,-309],[211,-132],[352,293],[430,43],[255,174],[233,-86],[190,42],[149,-117],[155,110],[233,-103],[185,118],[174,282],[120,-32],[106,-193],[145,-21],[273,184],[196,297],[264,-114],[267,153],[438,23],[107,291],[-271,1018],[206,73],[131,-181],[170,68],[69,119],[-84,640],[73,142],[473,248],[249,314],[157,42],[163,-131],[17,-168],[224,-70],[118,89],[246,202],[39,136],[218,113],[-13,757],[93,64],[333,-108],[-16,282],[115,132],[159,11],[110,-115],[147,136],[161,-23],[46,221],[127,62],[192,-90],[126,70],[296,-165],[227,85],[220,-247],[506,-109],[105,-146],[-45,-212],[171,-93],[256,64],[141,225],[340,127],[153,-189],[-58,-306],[316,-149],[212,-312],[313,-74],[438,-254],[426,-42],[194,108],[211,262],[390,131],[199,247],[175,67],[42,428],[587,191],[31,199],[-120,233],[97,172],[252,-55],[223,82],[114,-401],[544,-188],[411,296],[232,-95],[360,58],[317,-185],[212,30],[204,200],[-11,348],[613,189],[106,537],[446,-80],[161,-160],[179,23],[154,-180],[114,259],[212,206],[-67,376],[219,118],[55,-317],[256,-172],[164,242],[422,143],[315,332],[1075,98],[375,455],[409,28],[257,253],[622,-276],[380,171],[322,2],[255,204],[276,479],[253,93],[397,-3],[301,451],[355,116],[277,698],[631,-106],[204,618],[184,-405],[602,-134],[754,386],[910,771],[156,-25],[79,-437],[130,-52],[130,52],[104,283],[572,26],[546,257],[312,-26],[183,-231],[156,-437],[312,-309],[104,-462],[130,-52],[260,129],[130,-51],[105,-283],[286,-51],[364,-257],[286,-77],[26,-155],[-208,-180],[-26,-308],[442,-128],[235,-360],[338,-283],[312,26],[286,308],[416,180],[208,206],[469,0],[130,77],[156,0],[52,-128],[-208,-206],[-26,-154],[130,-77],[468,26],[78,437],[260,77],[182,231],[208,-180],[-78,-308],[105,-283],[312,0],[338,283],[442,129],[182,231],[0,308],[-104,103],[-26,309],[234,205],[468,-25],[-78,-283],[52,-129],[104,-128],[417,-180],[312,-26],[78,283],[234,155],[234,-155],[416,129],[130,-51],[-78,-283],[52,-129],[130,-51],[599,77],[234,514],[26,463],[78,128],[286,78],[156,-77],[104,-283],[156,-26],[130,77],[104,283],[364,283],[364,617],[963,-26],[416,129],[130,-77],[130,-257],[261,-154],[182,0],[338,334],[260,103],[338,-26],[26,-154],[-182,-386],[78,-128],[312,51],[312,335],[313,-26],[234,180],[156,0],[234,-154],[104,-283],[130,-77],[1275,26],[338,-283],[468,-77],[391,-180],[286,52],[104,437],[234,180],[156,0],[104,-103],[130,-411],[130,-103],[156,0],[104,437],[104,128],[156,26],[1093,-385],[468,-26],[234,154],[130,258],[287,128],[390,617],[156,26],[156,-231],[205,38],[419,373],[468,77],[104,103],[114,400],[126,74],[301,-260],[263,-74],[426,520],[188,-186],[138,-25],[489,186],[238,-346],[125,-50],[138,37],[63,409],[200,359],[138,-37],[251,-310],[138,-24],[125,62],[200,346],[301,-235],[289,260],[401,87],[112,248],[339,210],[160,772],[456,74],[873,706],[155,-39],[24,-283],[153,5],[223,567],[262,152],[165,-78],[-41,-382],[75,-185],[410,-217],[97,-131],[-94,-201],[-452,-145],[-65,-138],[48,-134],[304,-366],[395,-708],[652,-598],[422,-708],[258,-188],[317,-98],[483,-496],[303,-197],[146,-429],[-44,-474],[160,-189],[199,-78],[900,47],[626,530],[433,239],[728,17],[699,-256],[1255,-983],[438,-6],[243,210],[136,343],[-17,390],[-255,890],[24,430],[373,850],[758,1251],[189,174],[344,122],[331,12],[403,-105],[1569,-907],[515,-82],[592,274],[735,709],[130,227],[367,221],[231,309],[497,93],[291,-140],[1030,-843],[521,-181],[841,-931],[610,-151],[343,41],[314,366],[349,774],[456,128],[741,-87],[290,233],[35,546],[-580,303],[-498,587],[-76,419],[100,285],[219,169],[912,140],[871,-186],[1048,-576],[592,75],[616,477],[391,-46],[639,-483],[1196,-1489],[332,-256],[900,-349],[1356,-256],[562,128],[581,797],[325,273],[575,291],[746,163],[941,35],[527,157],[906,-35],[1303,-698],[1569,-122],[788,-251],[385,-384],[278,-680],[207,-244],[474,-303],[432,-116],[1149,5],[320,222],[568,686],[1795,1262],[473,210],[527,52],[545,314],[261,59],[663,-35],[829,-338],[1646,-1728],[474,-145],[829,-6],[379,-145],[272,-390],[113,-692],[195,-408],[278,-308],[597,-165],[250,25],[284,198],[1049,1734],[426,436],[734,570],[486,41],[1510,-506],[821,-122],[1061,-742],[1163,-1338],[466,-1294],[-59,-487],[66,-121],[735,-56],[1022,362],[448,35],[348,-116],[327,-444],[316,-56],[309,57],[307,188],[170,225],[33,291],[-124,485],[-700,1136],[-172,536],[-97,995],[-293,1047],[125,628],[231,264],[359,219],[554,195],[552,77],[490,-56],[559,-294],[300,-374],[74,-163],[-37,-331],[186,-262],[646,-322],[369,-89],[374,108],[522,303],[644,470],[850,789],[452,36],[880,-342],[592,-41],[887,470],[392,416],[254,37],[1077,-542],[864,-808],[234,-312],[70,-428],[-174,-407],[-79,-630],[166,9],[132,-93],[282,-648],[-61,-145],[-495,-485],[7,-173],[673,-261],[350,-33],[299,152],[413,445],[302,111],[295,-28],[751,-327],[1288,-1227],[655,-137],[519,176],[876,758],[185,43],[256,-87],[801,-594],[291,-366],[420,-996],[407,-491],[1161,-908],[256,-469],[-14,-664],[-422,-623],[-101,-414],[397,-724],[378,-302],[179,-27],[2028,769],[593,-182],[265,-265],[204,-69],[154,-323],[-20,-224],[-306,-580],[-323,-305],[-714,-376],[-1127,-40],[-316,-265],[-45,-375],[295,-577],[346,-344],[652,-133],[659,46],[108,52],[102,219],[208,98],[249,470],[167,860],[829,1023],[496,317],[1126,236],[460,398],[275,678],[-414,1072],[-101,517],[189,566],[221,209],[218,78],[288,-38],[472,-346],[87,-216],[25,-643],[567,-1172],[738,-464],[789,-126],[718,166],[412,424],[93,691],[-82,671],[46,259],[172,490],[362,298],[298,35],[405,-133],[175,-297],[29,-416],[153,-275],[492,-491],[457,-116],[323,78],[397,425],[181,1043]],[[2304809,1964297],[562,317],[229,-56],[402,-424],[2533,628],[75729,19885],[19529,4790],[1004,362],[1303,-67],[908,409],[859,944],[830,334],[416,381],[501,-181],[879,619],[203,-67],[598,29],[280,66],[271,239],[183,57],[608,-77],[589,153],[628,610],[1573,390],[357,-305],[154,-477],[820,-1135],[10,-811],[125,-219],[994,-554],[338,-420],[848,-2022],[-10,-1316],[598,-1765],[742,-1549],[323,-431],[865,-804],[611,-875],[652,-263],[678,-476],[913,-937],[323,-205],[463,152],[161,293],[493,25],[231,-50],[413,-421],[219,-23],[135,-325],[-401,-331],[113,-217],[-338,-223],[598,-992],[150,-16],[342,202],[193,-290],[170,44],[268,-95],[537,-22],[762,317],[420,50],[460,-116],[366,-329],[-16,-179],[-242,-423],[209,-388],[13,-462],[-120,-89],[-302,64],[-72,-47],[-219,-523],[267,-528],[-282,-269],[-308,-74],[48,-540],[-191,-193],[-24,-156],[242,-299],[-10,-337],[297,-117],[122,-139],[87,-671],[145,-212],[340,-61],[718,114],[284,-95],[140,-836],[165,-377],[-73,-111],[-318,-57],[-115,-150],[-23,-250],[106,-235],[589,-112],[188,154],[275,-15],[150,134],[90,-46],[74,-530],[-166,-113],[22,-495],[190,-573],[-105,-270],[-381,-294],[-154,-467],[245,-521],[448,-401],[120,-239],[155,-59],[-117,-486],[232,-31],[63,-398],[197,-180],[-70,-121],[-667,-255],[-26,-102],[-105,27],[-63,-127],[-263,-119],[-72,-138],[-310,-116],[-472,-417],[379,-1041],[194,-85],[206,-295],[461,-127],[-103,-568],[-151,-102],[-98,-276],[-298,-275],[-266,-91],[-150,-367],[-162,-135],[-308,-28],[-300,188],[-489,-115],[-10,-218],[-232,-192],[29,-308],[-128,-113],[-308,135],[-291,-113],[28,245],[-224,-83],[-58,43],[10,242],[133,279],[-431,7],[-211,-392],[-123,49],[-59,-232],[66,-300],[318,-107],[98,-113],[-49,-105],[-165,-53],[32,-167],[-240,-251],[110,-213],[284,-235],[250,238],[14,-237],[207,-76],[508,-526],[205,-387],[-357,90],[-39,-131],[79,-243],[680,-423],[984,-154],[53,-272],[191,-208],[128,-397],[165,-153],[-68,-437],[543,-139],[-100,-442],[24,-348],[-127,-261],[166,-132],[35,-159],[183,54],[214,-175],[500,70],[55,-166],[387,10],[195,-214],[218,33],[165,-369],[247,24],[108,-162],[501,-66],[85,171],[321,162],[-15,368],[319,221],[-17,147],[537,-2],[44,243],[-153,291],[578,552],[246,-52],[453,-351],[156,-427],[299,84],[367,-49],[252,55],[177,359],[150,18],[59,317],[331,-182],[155,120],[109,-181],[183,100],[60,-202],[179,-136],[-22,-122],[288,-49],[228,179],[-55,233],[259,-67],[167,58],[-174,163],[204,873],[116,51],[494,-136],[277,-256],[62,-161],[-16,-246],[-200,-193],[637,-97],[-196,-316],[164,-188],[3,-278],[536,-39],[79,187],[108,44],[457,27],[122,-67],[-342,-380],[236,-32],[82,-88],[-310,-151],[-79,-485],[114,-64],[172,146],[66,-37],[0,-238],[99,-123],[-194,-180],[39,-125],[210,-39],[156,135],[353,-172],[-5,-573],[261,-126],[244,69],[85,-46],[187,-316],[162,-622],[-60,-68],[-177,23],[5,-63],[559,-216],[633,-84],[-153,-443],[576,-588],[38,-153],[-366,-615],[-217,-200],[-18,-482],[-286,-167],[38,-71],[231,-25],[9,-183],[-262,-106],[40,-81],[249,-78],[-40,-164],[115,-310],[240,-48],[189,-532],[-124,-854],[55,-436],[-155,-251],[47,-439],[99,-67],[158,189],[136,-168],[-101,-336],[103,-135],[-60,-537],[74,-195],[198,-55],[-48,-363],[61,-259],[474,-451],[374,-39],[400,240],[-48,515],[107,16],[729,-225],[338,-507],[131,40],[129,254],[99,-1],[299,-349],[61,-199],[-92,-751],[-1006,-491],[-191,-258],[128,-334],[308,-13],[241,-553],[-219,83],[-87,-295],[-217,-17],[-178,-256],[-210,-142],[-75,29],[18,131],[-116,-68],[-198,60],[-97,-476],[-251,-268],[-54,-415],[476,-321],[-161,-143],[-170,145],[-87,-32],[-86,-294],[127,-486],[-388,-676],[302,-472],[20,-165],[-143,-75],[-533,63],[-323,-355],[-450,-755],[168,-867],[435,-62],[99,96],[360,-672],[211,-105],[-124,-218],[-554,-97],[142,-150],[-132,-173],[150,-174],[114,-381],[-153,-23],[-738,-563],[-135,-17],[318,-322],[110,-293],[-36,-81],[-192,29],[-32,-273],[499,214],[50,-119],[-53,-399],[-259,-560],[-514,-505],[-451,-790],[-219,-157],[349,-412],[366,-8],[629,-264],[-128,-211],[33,-106],[875,402],[194,-41],[212,-163],[-212,-212],[89,-481],[-162,-132],[-8,-140],[89,-315],[362,-520],[99,-298],[271,-163],[-37,-165],[-200,-128],[16,-160],[184,-322],[260,-238],[80,-18],[132,175],[123,-30],[-24,-582],[211,67],[159,-83],[-50,-93],[-389,-184],[41,-90],[257,-43],[-19,-149],[-341,11],[-227,204],[-143,-261],[-155,52],[38,-145],[311,-265],[-6,-288]],[[2293415,1973393],[992,106],[372,-179],[220,-263],[87,-238],[2,-971],[163,-405],[536,-555],[201,-321],[10,-405],[-170,-425],[-743,-645],[-133,-255],[87,-471],[487,-197],[315,57],[1334,682],[248,1],[458,-141],[402,-621],[78,-405],[134,-179],[219,-66],[353,76],[724,398],[277,-18],[974,-488],[258,-47],[344,67],[600,397],[267,-56],[182,-263],[-28,-227],[-190,-377],[-523,-646],[-95,-463],[87,-367],[172,-235],[965,-357],[650,-649],[468,-65],[610,120]],[[2215714,2326471],[281,-281],[225,-39],[478,489],[298,-39],[85,-377],[394,-561],[187,-1194],[127,-350],[237,-278],[498,-350],[-264,-970],[-13,-893],[96,-152],[360,-204],[633,-73],[181,-160],[-429,-1077],[-569,-1022],[-83,-469],[255,-368],[461,-412],[74,-518],[-39,-1016],[1231,-455],[167,-141],[39,-208],[280,-329],[510,-924],[93,-644],[-279,-1119],[-157,-295],[-201,-300],[-588,-489],[-103,-208],[-49,-218],[142,-746],[-93,-266],[-491,-576],[-1245,-818],[-177,-262],[-19,-610],[-113,-145],[-348,-179],[-192,-276],[-44,-581],[74,-450],[834,-1283],[54,-426],[-476,-455],[-775,-460],[-578,-228],[-378,-34],[-1584,169],[-402,-101],[54,-630],[-74,-585],[79,-126],[500,-203],[263,-968],[7,-707],[103,-509],[-54,-330],[-110,-159],[-8,-264],[333,-585],[114,-552],[-81,-137],[-390,-184],[-1201,-232],[-601,-9],[-219,-120],[-96,-814],[268,-625],[-134,-204],[-383,-300],[121,-667],[-24,-463],[79,-90],[401,-119],[452,-374],[170,-240],[-42,-252],[-293,-199],[-925,-312],[-584,48],[-286,-361],[-213,-805],[-152,-270],[-128,-24],[-457,192],[-706,-487],[-152,-228],[-127,-806],[103,-702],[426,-902],[372,-564],[621,-703],[-12,-295],[-384,-234],[0,-541],[-163,-226]],[[2324569,2227596],[-412,262],[-142,5],[-196,-203],[-490,146],[-64,-62],[48,-193],[-264,-99],[-137,47],[-63,276],[-116,57],[-138,-323],[-168,105],[-48,-131],[-174,26],[-82,-65],[-224,165],[-169,-115],[-74,125],[-364,167],[-269,271],[-258,-89],[-628,-36],[-195,-104],[-74,-183],[-148,204],[-158,-136],[16,-213],[-343,-21],[-343,130],[-285,11],[11,234],[-222,-10],[21,192],[-306,52],[-337,277],[-201,-162],[-474,63],[-575,-115],[-454,47],[-58,-177],[-143,37],[-153,-110],[-174,318],[-147,-109],[-153,21],[-148,203],[-285,26],[-148,177],[-89,-31],[31,-151],[-205,57],[-64,-172],[-100,-5],[-211,338],[-222,-20],[-263,177],[-53,-94],[95,-146],[-106,-78],[-179,130],[-327,73],[-202,173],[-268,36],[-152,234],[-375,-36],[-327,245],[-406,-329],[-443,454],[-269,62],[-185,146],[-378,28],[-186,342],[-628,-187],[21,328],[-79,192],[-417,68],[-63,432],[-333,162],[-179,417],[-475,114],[-121,-156],[-121,-16],[-174,235],[-174,88],[-106,-151],[-248,21],[-116,141],[48,99],[-259,68],[-5,234],[-327,151],[-111,219],[-327,-5],[-137,291],[-464,63],[-111,531],[-654,58],[16,385],[-180,-5],[-395,-276],[-285,167],[-37,343],[-122,26],[-269,-145],[-232,26],[-142,276],[-384,60],[-459,369],[-234,56],[-308,231],[-625,60],[-626,330],[-299,635],[-308,145],[-161,206],[-304,82],[-165,-99],[-456,244],[-442,48],[-404,347],[-374,137],[-225,317],[-317,-111],[-74,51],[-226,472],[-356,-330],[-295,137],[-200,-26],[5,103],[225,73],[-230,150],[-346,-181],[-88,70],[-9,248],[-225,-25],[108,300],[-139,25],[-225,-205],[-148,163],[-195,72],[-70,129],[-291,94],[-221,322],[-183,68],[-312,-51],[52,274],[-217,232],[-330,124],[-156,-184],[-78,13],[-53,141],[170,202],[-13,85],[-508,313],[-122,296],[-239,77],[74,253],[-117,13],[-156,-171],[-70,12],[0,335],[-121,-69],[-104,-227],[-231,116],[-290,-43],[-87,129],[35,390],[-291,-129],[-35,69],[182,261],[-660,120],[-8,176],[260,90],[39,103],[-178,90],[-143,-99],[-61,34],[170,198],[-205,8],[-65,47],[22,112],[-195,-9],[-152,210],[-295,189],[-13,77],[191,171],[-530,138],[-1463,-887],[-943,-103],[-816,-360],[-998,-206],[-561,-377],[-785,-339],[-126,142],[204,137],[-148,184],[226,125],[-39,128],[-747,172],[-161,308],[-1159,-55],[-343,-313],[-247,-90],[-751,56],[-278,394],[-174,30],[-169,171],[-217,532],[-296,107],[-234,412],[-399,77],[-382,227],[-274,-184],[-208,25],[-326,163],[-274,266],[-34,-227],[-105,-30],[-91,219],[-108,68],[-413,-823],[-295,-810],[-265,-1710],[-569,-587],[44,-206],[386,-574],[26,-210],[230,-189],[83,-231],[-61,-232],[-278,-197],[48,-111],[-96,-249],[48,-159],[182,-30],[-21,-364],[225,-86],[-134,-231],[-430,-274],[-104,-159],[0,-360],[-213,-249],[48,-111],[231,8],[64,-68],[-769,-862],[-91,-420],[-156,-184],[-230,-13],[-39,197],[-139,73],[-126,-141],[-586,-107],[-152,-103],[-586,-977],[-391,-382],[-343,-634],[-369,-356],[-91,-167],[-5,-489],[-208,-201],[-291,-557],[-227,-139]],[[2597813,1960274],[34276,81020],[-228,647],[-188,173],[-1790,269],[-338,-34],[-441,-178],[-769,-52],[-313,-358],[-232,30],[-451,819],[44,363],[-92,128],[-281,20],[-342,-268],[-269,-98],[-295,107],[68,263],[360,203],[-68,196],[-267,75],[-71,167],[373,650],[-117,62],[-528,-49],[-10,122],[244,198],[3,182],[-528,242],[-161,218],[-130,-41],[-172,-327],[-308,227],[-195,-5],[-375,-302],[-168,-387],[-147,68],[-225,376],[-164,-28],[-129,-306],[-112,-49],[-525,639],[-3,235],[117,287],[-504,156],[-338,-12],[-364,-221],[-90,-207],[35,-160],[565,-412],[351,-133],[31,-142],[-995,-632],[-485,-456],[-559,-199],[-287,65],[-16,112],[203,196],[-189,224],[17,129],[535,566],[-316,282],[144,975],[-314,524],[333,207],[-430,646],[-621,324],[-242,232],[31,99],[239,154],[62,781],[-226,552],[9,245],[333,442],[207,19],[187,-1401],[271,-225],[87,-180],[-188,-495],[69,-168],[188,-50],[306,225],[387,-32],[297,275],[47,717],[-232,326],[-333,27],[-73,126],[119,256],[505,352],[199,232],[107,335],[2,476],[-143,144],[-548,67],[-310,188],[-54,174],[303,131],[2,139],[-364,87],[-353,546],[-280,146],[-386,371],[5,96],[168,117],[-206,312],[-59,415],[-78,113],[-209,80],[-20,210],[-202,115],[-345,933],[-1013,-23],[-245,154],[-305,1],[-218,221],[-5,80],[119,31],[570,-15],[-10,178],[300,800],[-279,369],[-616,173],[-280,-378],[-264,-92],[-222,17],[-213,298],[288,-20],[159,425],[-914,124],[-187,300],[-443,127],[-70,165],[249,136],[-48,117],[-151,27],[-178,-113],[-152,246],[-229,-388],[-369,110],[357,331],[-89,147],[-166,-7],[-91,-187],[-542,0],[-4,174],[122,229],[424,-29],[72,133],[-126,164],[-324,168],[-52,-25],[93,-106],[-36,-57],[-705,100],[-39,382],[308,203],[-18,116],[-545,52],[-104,155],[-582,-93],[-32,217],[-195,100],[-105,175],[-397,-261],[-138,26],[87,267],[-148,61],[-169,381],[361,144],[280,312],[-105,153],[-290,115],[7,142],[390,13],[167,197],[612,-178],[299,191],[151,-111],[122,-327],[398,315],[5,350],[-203,241],[-35,170],[-492,153],[-25,56],[221,11],[20,77],[-331,227],[131,149],[-102,274],[277,318],[29,432],[-114,104],[-483,135],[-249,208],[143,94],[524,-147],[26,93],[-213,250],[379,63],[76,144]],[[2756092,2224487],[796,478],[825,302],[295,-19],[600,-397],[265,93],[73,276],[-128,325],[-595,572],[-590,290],[-418,9],[-201,-73],[-373,-389],[-279,-451],[-152,-78],[-325,223],[-20,310],[73,209],[294,363],[280,181],[825,248],[1096,7],[270,126],[176,204],[255,762],[137,87],[369,15],[590,-571],[324,-77],[152,39],[108,281],[-40,885],[-190,453],[-551,587],[6,298],[137,162],[884,363],[773,59],[223,-71],[400,-316],[459,-575],[419,-103],[262,59],[151,123],[58,362],[-184,388],[-119,730],[-27,582],[137,647],[-46,233],[-302,471],[-800,704],[-185,724],[13,524],[91,285],[105,45],[308,-90],[1449,-1427],[144,-65],[465,98],[157,117],[477,757],[-7,355],[-111,149],[-984,742],[-329,1086],[156,1132],[340,615],[503,544],[52,187],[-59,298],[-302,161],[-753,83],[-557,555],[-433,219],[-1055,83],[-472,135],[-131,110],[-79,246],[98,265],[766,201],[517,260],[308,485],[247,938],[465,395],[694,105],[773,-19],[589,253],[523,505],[294,848],[248,421],[749,840],[124,-15],[591,-429],[1011,-1546],[78,-261],[-31,-276],[-197,-786],[157,-207],[350,121],[165,440],[-19,690],[-263,793],[35,354],[116,248],[431,373],[170,499],[235,292],[787,441],[728,124],[584,-161],[485,-439],[158,-253],[145,-58],[314,78],[203,247],[20,213],[-119,324],[-466,511],[-407,303],[-224,324],[0,473],[327,641],[32,376],[-59,135],[-230,143],[-2119,262],[-335,162],[-177,226],[19,363],[459,505],[301,130],[944,176],[171,78],[157,292],[-27,323],[-105,117],[-807,322],[-735,103],[-854,653],[-256,323],[39,318],[275,362],[538,85],[603,-141],[400,104],[151,156],[13,349],[-171,350],[-414,400],[-525,298],[-151,271],[38,337],[524,1101],[5,512],[-92,97],[-833,148],[-439,193],[-1543,911],[-552,543],[0,434],[294,402],[374,324],[1782,909],[1384,313],[1325,86],[636,208],[203,278],[293,1147],[314,479],[740,798],[715,344],[2630,-165],[375,-239],[211,-932],[217,-278],[426,-110],[603,176],[217,156],[667,1043],[202,797],[19,550],[-79,337],[-355,621],[-302,213],[-722,245],[-282,226],[-132,292],[19,336],[99,143],[642,558],[32,641],[-184,1192],[-181,215],[-309,-5],[-313,-255],[-383,-613],[-483,-445],[-508,-106],[-279,40],[-254,250],[-59,696],[183,352],[336,369],[649,473],[799,389],[963,622],[378,494],[442,825],[357,269],[357,-7],[243,-183],[508,-866],[379,-331],[243,-78],[458,50],[264,149],[891,882],[443,191],[207,-63],[379,-331],[101,-451],[243,-359],[272,43],[56,119],[-114,395],[-44,790],[141,867],[-87,1220],[135,825],[-37,345],[-243,197],[-536,190],[-1114,126],[-300,133],[-315,423],[-36,197],[156,564],[628,643],[227,691],[229,120],[457,-63],[308,-500],[529,-196],[564,85],[700,318],[571,15],[286,-218],[322,-620],[322,-99],[364,149],[653,515],[162,177],[244,562],[64,257],[-122,474],[-502,480],[-750,398],[-642,188],[-1307,195],[-612,-77],[-473,-151],[-299,52],[-651,1267],[-192,837],[182,1132],[511,581],[542,341],[1284,130],[313,264],[46,174],[-10,1644],[-162,996],[204,1298],[7,528],[-230,422],[-168,98],[-604,105],[-627,-24],[-329,204],[-92,294],[122,370],[267,272],[359,113],[772,9],[161,91],[38,143],[-185,762],[-605,1214],[-315,870],[47,403],[217,463],[367,282],[251,34],[334,-73],[272,-134],[1456,-1480],[474,-188],[758,134],[410,-45],[358,-403],[83,-434],[123,-86],[209,71],[317,384],[25,1278],[-274,305],[-727,143],[-547,385],[-464,610],[-55,421],[217,243],[155,54],[2455,398],[482,208],[208,341],[27,565],[-356,592],[-318,314],[-1443,902],[-332,92],[-282,-108],[-153,-799],[-164,-126],[-255,-54],[-609,107],[-558,276],[-253,415],[106,1565],[-110,782],[-398,1209],[12,261],[299,605],[884,709],[64,198],[-97,431],[-1077,666],[-77,213],[83,629],[372,534],[744,392],[404,-90],[1010,-525],[365,101],[210,317],[153,552],[-199,1397],[266,471],[663,651],[-55,316],[-975,693],[-2391,1292]],[[2788894,2317699],[-245,642],[-103,693],[30,724],[205,265],[166,55],[256,-54],[789,-332],[987,-194],[650,-308],[1154,-773],[160,0],[216,261],[183,1107],[-314,1486],[-939,1090],[-81,324],[127,687],[841,705],[39,127],[-88,229],[-136,142],[-321,102],[-953,15],[-401,-111],[-728,-507],[-769,-1111],[-544,-40],[-177,94],[-340,393],[-23,502],[147,415],[613,1141],[252,221],[728,250],[1857,-217],[683,264],[966,530],[1530,251],[297,162],[178,264],[118,249],[14,352],[-268,440],[-267,161],[-3584,1637],[-609,395],[-730,718],[-1026,673],[-566,806],[-45,352],[193,586],[445,412],[1574,896],[846,148],[1160,-145],[341,30],[758,382],[741,837],[104,587],[-120,220],[-505,131],[-758,380],[-581,571],[-208,322],[-75,279],[44,616],[163,396],[979,925],[579,309],[1828,-218],[803,31],[638,177],[342,294],[252,366],[207,397],[59,410],[-60,675],[-1385,1963],[-149,601],[43,748],[177,865],[386,734],[489,587],[342,250],[445,176],[1114,310],[951,89],[1100,-116],[1041,-277],[1367,-233],[1115,-321],[639,16],[134,117],[44,220],[-90,206],[-1577,1537],[-223,352],[-221,866],[181,377],[1247,568],[673,432],[154,198],[109,252],[-10,655],[-91,333],[-219,341],[-948,672],[-1749,654],[-1921,96],[-947,-100],[-1192,-244],[-829,34],[-392,162],[-319,269],[-219,341],[-182,422],[63,485],[381,468],[219,135],[1310,496],[674,153],[664,127],[2795,76],[2084,344],[775,-179],[309,-179],[465,-431],[420,-224],[509,37],[1456,631],[1755,1592],[319,225],[482,109],[246,-72],[200,-170],[229,-467],[-117,-1285],[-444,-1519],[-463,-1069],[-936,-1484],[-99,-458],[228,-413],[884,-484],[1075,-367],[437,81],[182,117],[145,198],[172,719],[327,647],[99,809],[-111,1240],[-504,2074],[-18,512],[280,935],[981,2203],[436,773],[591,584],[546,136],[1293,-61],[309,54],[464,279],[427,666],[418,1123],[61,661],[-195,574],[-219,347],[-571,682],[-2031,1974],[-389,623],[-170,443],[-74,419],[11,886],[169,755],[351,731],[630,792],[364,336],[837,516],[789,312],[400,61],[959,-47],[2417,-679],[911,-167],[547,-11],[1808,158],[291,168],[182,252],[73,263],[-220,575],[-474,598],[-2564,2010],[-523,562],[-219,539],[47,587],[675,2486],[678,1598],[323,496],[549,591],[502,384],[614,305],[664,288],[2573,834],[261,280],[129,680],[-172,252],[-271,146],[-2762,956],[-951,200],[-1460,20],[-611,200],[-113,112],[44,491],[508,1273],[305,246],[373,168],[509,135],[1052,102],[883,-66],[2264,-365],[1813,-483],[2383,-134],[471,300],[173,274],[675,1405],[484,1405],[293,1609],[-1,839],[-296,993],[-505,1061],[-469,701],[-504,513],[-521,393],[-556,273],[-1025,341],[-694,34],[-1839,-143],[-521,362],[-296,702],[-20,604],[101,455],[454,904],[298,408],[521,295],[502,108],[529,-86],[1724,-988],[1582,-1229],[1025,-628],[2845,-1472],[839,-556],[642,-261],[273,-17],[223,93],[136,169],[589,1275],[118,1207],[-103,1606],[-275,975],[-518,900],[-77,255],[15,555],[530,1216],[456,735],[257,751],[13,1620],[121,556],[198,225],[380,225],[349,91],[411,75],[1049,-58],[365,90],[365,466],[105,630],[-244,915],[378,1351],[0,360],[-290,645],[-807,629],[-76,180],[60,300],[197,270],[335,271],[516,675],[364,616],[91,300],[76,390],[-17,630],[-396,690],[-289,300],[-445,388],[-378,189],[-108,-1449],[-397,50],[-546,-115],[-1031,-925],[-154,-646],[-237,-222],[-923,-121],[-508,157],[-365,-25],[-302,-134],[-602,-576],[-481,-77],[-346,-298],[-372,-133],[-757,-457],[-2502,-332],[-19,-146],[-173,-216],[-730,-399],[-192,-690],[-365,-488],[-769,-451],[-129,6],[-295,241],[-642,18],[-513,170],[-854,43],[-449,101],[-513,-33],[-546,342],[-276,404],[-681,227],[-90,196],[-186,76],[-360,468],[-392,246],[-109,25],[-872,-286],[-815,44],[-225,145],[-398,563],[-212,145],[-289,-108],[-333,-13],[-539,-235],[-250,114],[-270,-33],[-250,133],[-103,-89],[-963,398],[-213,677],[-288,139],[-200,290],[-154,89],[-545,88],[-892,-103],[-359,-114],[223,1063],[198,323],[109,570],[-8,519],[185,703],[-58,601],[-77,114],[-970,942],[-238,348],[-232,626],[-283,196],[-629,385],[-353,88],[-366,-45],[-346,-361],[-514,613],[-1225,390],[-34,124],[96,256],[-106,185],[-564,384],[-298,61],[-1017,815],[-270,104],[48,228],[-352,378],[140,139],[-13,240],[-276,233],[-102,196],[101,512],[-32,404],[-346,101],[-224,-298],[-90,-6],[-121,132],[293,563],[-7,739],[83,209],[653,121],[256,284],[6,222],[-212,227],[-19,208],[1274,2],[224,95],[141,183],[-149,739],[90,184],[249,0],[366,-322],[519,58],[218,-278],[109,0],[121,241],[179,88],[263,-126],[340,-340],[416,26],[346,-133],[70,64],[-218,492],[83,291],[-206,360],[13,177],[186,95],[173,-44],[275,-272],[96,0],[186,121],[179,272],[352,-19],[218,108],[318,1207],[71,51],[314,-215],[147,45],[-174,524],[-39,650],[755,425],[153,221],[6,752],[-97,227],[-134,95],[38,183],[480,58],[1024,854],[-129,366],[64,398],[-423,189],[38,221],[326,-31],[603,-403],[147,31],[-13,411],[-161,537],[-46,954],[261,638],[563,405],[122,171],[81,1156],[-192,505],[25,127],[141,208],[217,32],[225,-145],[32,-246],[128,-25],[160,373],[-97,265],[-423,296],[-38,203],[191,316],[-26,101],[-224,322],[-456,391],[-13,259],[122,303],[377,83],[263,-215],[-50,-619],[141,-88],[218,108],[203,1049],[626,822],[13,391],[159,310],[-199,278],[-384,220],[-558,745],[-250,38],[-83,-70],[7,-518],[-71,-38],[-346,195],[-122,316],[24,973],[83,89],[436,38],[102,120],[-38,95],[-488,252],[-13,183],[122,95],[397,-18],[391,-474],[270,-132],[268,556],[544,184],[128,121],[76,215],[-38,183],[-193,88],[-288,-32],[-230,107],[-238,259],[-52,360],[173,126],[314,-252],[199,-44],[237,234],[-2,387],[-522,437],[-51,269],[111,211],[367,127],[102,110],[33,909],[94,76],[324,-25],[205,77],[-34,193],[-479,0],[-68,143],[221,286],[513,60],[94,135],[-137,219],[-26,252],[315,169],[68,144],[-308,555],[42,489],[478,422],[171,59],[755,-328],[418,108],[135,225],[-16,353],[434,355],[113,235],[-125,209],[-250,0],[-276,-151],[-109,102],[86,713],[3,1194],[-103,144],[-549,43],[109,337],[374,285],[15,760],[239,226],[259,685],[168,269],[575,472],[71,230],[-115,386],[-353,240],[-315,-97],[-483,-466],[-125,-27],[-70,69],[10,370],[619,311],[200,381],[-109,198],[-375,219],[-93,364],[163,322],[401,124],[5,300],[-201,133],[-337,21],[-65,129],[76,134],[326,182],[162,349],[532,381],[477,563],[10,359],[-125,107],[-424,-44],[-244,-140],[-233,161],[15,294],[266,295],[16,418],[92,204],[434,258],[-71,187],[-494,139],[-98,166],[75,187],[407,386],[554,-4],[174,91],[-44,225],[-201,166],[-125,-6],[-385,-279],[-125,43],[-49,134],[16,230],[336,375],[-39,863],[320,284],[65,166],[-137,337],[22,258],[146,134],[429,-96],[141,48],[391,242],[49,118],[-76,171],[-908,390],[-142,235],[98,279],[754,478],[16,348],[-256,166],[-662,-60],[-39,219],[239,333],[353,209],[342,-21],[435,-256],[190,64],[21,107],[-87,477],[-205,347],[-804,600],[-436,40],[-50,171],[140,114],[477,8],[725,-266],[271,170],[58,358],[-66,129],[-643,421],[-107,163],[115,195],[485,195],[-116,868],[56,617],[280,325],[-9,203],[-206,179],[-25,154],[139,414],[231,146],[296,9],[454,-624],[781,90],[206,114],[98,317],[-190,649],[57,276],[263,114],[601,-178],[182,-16],[115,73],[73,292],[-486,446],[-157,503],[-214,138],[-395,64],[-34,301],[90,332],[197,277],[568,138],[271,447],[132,90],[181,-195],[9,-365],[82,-57],[181,195],[-9,455],[-420,519],[7,357],[99,122],[419,228],[790,58],[222,146],[16,373],[-379,398],[-272,519],[24,438],[575,545],[601,-113],[247,81],[362,407],[575,455],[913,480],[99,114],[40,292],[-173,154],[-593,129],[-41,73],[107,90],[395,179],[856,-56],[271,147],[50,146],[-58,146],[-371,356],[105,1064],[157,106],[205,-41],[537,-981],[271,49],[74,138],[-42,373],[-371,552],[-49,219],[56,568],[132,41],[362,-97],[701,-429],[238,49],[99,235],[-51,731],[296,568],[-10,779],[346,212],[675,106],[82,-64],[75,-447],[123,-24],[411,220],[140,162],[115,333],[-1,301],[-420,713],[90,155],[880,179],[354,-23],[297,-211],[487,-697],[131,-90],[313,-23],[922,196],[987,537],[510,114],[115,-81],[58,-292],[-312,-617],[-7,-228],[181,-186],[142,-32],[286,122],[492,999],[124,113],[617,74],[1217,952],[822,407],[765,212],[478,17],[420,-170],[494,-414],[857,-356],[800,-1322],[1245,-1183]],[[2788894,2317699],[-303,-637],[-83,-90],[-234,-37],[-166,149],[361,775],[-60,179],[-159,15],[-588,-463],[-786,237],[-196,-157],[-45,-193],[114,-358],[-38,-239],[-249,-224],[-264,52],[-801,461],[-197,60],[-151,-60],[-136,-75],[-90,-231],[61,-522],[-331,-425],[-400,-373],[-876,-203],[-67,-402],[-83,0],[-167,275],[-242,82],[-619,-98],[-1133,267],[-196,-127],[-60,-470],[-173,-82],[-288,216],[-46,663],[-144,193],[-453,268],[-393,15],[-106,-90],[46,-157],[612,-364],[84,-268],[-128,-134],[-416,-113],[-158,-179],[-181,-67],[-703,267],[-22,-149],[310,-469],[106,-313],[-98,-224],[-158,-60],[-544,343],[-250,36],[-52,-141],[136,-507],[-60,-194],[-536,-269],[-249,-30],[-113,104],[22,90],[392,567],[38,223],[-144,172],[-521,-53],[-370,-306],[-135,-269],[-120,-909],[-981,-47],[-340,-380],[-52,-187],[491,-394],[-45,-276],[-438,-38],[-732,201],[-295,7],[-128,-157],[212,-529],[-22,-186],[-490,-560],[-476,-232],[-226,-15],[-23,82],[128,283],[-15,142],[-726,208],[-136,149],[53,171],[573,210],[60,290],[-340,171],[-974,44],[-499,304],[-461,425],[-249,-45],[-196,-165],[-68,-171],[98,-172],[257,-66],[99,-537],[137,-253],[-30,-246],[-144,-97],[-339,14],[-385,-142],[-152,75],[-15,156],[324,366],[15,171],[-114,410],[-242,268],[-151,-97],[-67,-440],[-153,-354],[-232,-100],[-80,70],[0,149],[100,348],[-101,159],[-211,-60],[-262,-229],[-775,-61],[-383,188],[-101,408],[-142,129],[-866,118],[-80,-60],[10,-129],[274,-399],[176,-481],[-264,-384],[-111,-349],[-204,-107],[-519,335],[-51,-279],[-181,-189],[-39,286],[-548,43],[128,-239],[-6,-343],[-187,-333],[105,-63],[207,217],[114,-28],[36,-185],[-111,-371],[185,-123],[80,-248],[-608,-287],[-105,-236],[146,-88],[280,233],[147,-25],[-9,-97],[-277,-133],[-172,-295],[210,-19],[-5,-352],[363,19],[114,-97],[-305,-92],[-229,-459],[-121,31],[76,315],[-86,84],[-118,-179],[-410,-262],[22,-66],[306,-31],[134,-175],[-513,-14],[-9,-85],[281,-345],[-268,-48],[-12,-276],[-226,-73],[-252,173],[-54,-79],[92,-208],[-79,-59],[-390,290],[-55,-102],[141,-198],[-14,-252],[-122,207],[-162,-132],[-296,-29],[-79,-217],[-303,54],[-392,-307],[-47,-130],[-617,89],[-198,-215],[-215,-90],[-581,336],[-272,-469],[182,-215],[34,-177],[-201,-38],[-114,-224],[-289,-123],[15,-587],[-184,-12],[-98,401],[-365,-168],[-115,-147],[-35,-483],[-277,-151],[294,-241],[653,-43],[79,-210],[-153,-116],[-291,-33],[-177,-354],[-253,-241],[-96,299],[-602,124],[206,-290],[-444,-396],[134,-257],[-169,-371],[-176,-75],[-141,35],[2,247],[-325,118],[152,179],[-48,64],[-511,-192],[43,377],[-163,304],[-139,47],[-219,-151],[-285,4],[82,-495],[-157,-384],[-403,-282],[-129,36],[-5,247],[-55,12],[-317,-526],[-519,-195],[-239,156],[-268,719],[-96,42],[-112,-69],[-149,113],[-200,-52],[-177,82],[-155,-85],[-402,96],[-253,-64],[-112,-127],[189,-165],[-100,-87],[-115,6],[-134,184],[-89,10],[-302,-340],[69,-356],[-150,25],[-756,855],[-18,321],[108,28],[232,-235],[117,156],[19,184],[-180,306],[-6,455],[-319,-210],[-464,25],[-556,-467],[-197,0],[-315,34],[91,265],[-334,-60],[-107,127],[107,257],[-236,168],[-865,-86],[-694,56],[-312,279],[95,150],[-83,216],[-459,171],[49,355],[-106,220],[-110,14],[-72,-447],[-164,-82],[-15,343],[-231,123],[15,295],[-281,-161],[-440,351],[-61,499],[144,135],[35,167],[-319,45],[-201,239],[0,-246],[-80,-12],[-171,235],[-193,45],[76,209],[-243,209],[-323,-71],[-304,179],[-72,-90],[133,-160],[-357,-90],[-201,12],[-95,93],[357,197],[-110,109],[-645,-191],[-368,-7],[-30,235],[242,205],[-189,97],[53,153],[125,71],[-27,119],[-280,-19],[-296,-168],[15,254],[-91,63],[-623,-130],[-417,272],[-46,488],[-129,217],[-444,-30],[-402,97],[-231,-49],[-505,183],[155,171],[-163,27],[-26,85],[152,97],[53,183],[-156,112],[-182,-108],[-273,-533],[-179,-105],[-148,67],[-98,172],[-251,0],[-15,223],[-76,68],[-357,14],[-413,269],[-699,-4],[0,257],[-129,38],[-205,-258],[-117,187],[-205,101],[-490,-302],[-280,164],[-76,-26],[140,-250],[-262,-49],[-121,-168],[-247,220],[-459,-29],[-292,-205],[-76,67],[102,186],[-41,116],[-372,-161],[-145,30],[-148,175],[-179,-9],[-219,-221],[-97,-6],[-82,241],[-368,125],[-68,688],[-88,176],[119,157],[382,34],[91,103],[-222,34],[-94,237],[-313,185],[-142,-185],[-100,-14],[-54,392],[-216,162],[-308,81],[63,274],[-310,104],[119,137],[-28,111],[-185,-61],[-128,50],[-109,-140],[-167,-55],[182,-163],[159,-307],[-11,-73],[-160,-36],[91,-162],[-307,-140],[-228,307],[-88,0],[-396,-310],[-28,-338],[-783,500],[-606,-6],[-71,-254],[208,-115],[76,-307],[6,-358],[-85,-221],[-242,-34],[-88,-170],[-37,196],[-128,30],[11,-304],[-208,58],[-80,-95],[237,-274],[-100,-173],[-205,92],[-262,-112],[-227,213],[-211,-11],[-148,-741],[-336,-28],[-555,464],[-3,86],[361,201],[-78,248],[-242,13],[147,251],[-148,108],[-367,-212],[-225,-19],[-36,194],[-105,87],[-110,-130],[-199,47],[-156,-177],[-123,24],[105,370],[-57,132],[180,181],[-16,157],[-304,92],[0,92],[-178,-31],[117,203],[-117,104],[-227,-147],[-133,27],[92,226],[-248,223],[-109,-56],[38,-270],[-101,-18],[-487,540],[-363,48],[-157,-158],[-67,-387],[-191,-438],[-145,-125],[-292,62],[-205,-46],[-110,187],[179,125],[-75,281],[-184,-85],[-66,66],[80,216],[-312,25],[-16,173],[-138,55],[84,-337],[-213,40],[-84,-203],[-112,30],[-112,244],[69,292],[-67,57],[-159,-96],[-80,280],[176,225],[-9,248],[-99,58],[-63,-190],[-105,9],[-21,137],[-212,29],[119,275],[-455,85],[-125,193],[-163,-160],[-208,-448],[-288,-10],[-55,-126],[-264,-11],[-130,-94],[-609,274],[-153,-44],[-11,-214],[133,-211],[-85,-88],[-243,280],[-330,664],[-163,-19],[-55,111],[-110,-17],[-117,-258],[27,-184],[-387,-118],[-380,161],[-168,157],[112,498],[-168,186],[-162,25],[-505,-211],[-284,-291],[-314,-136],[-81,59],[289,166],[26,242],[-67,78],[-253,-92],[-67,206],[-130,52],[-143,-189],[-139,-447],[354,-610],[-283,-90],[-58,-294],[-368,-500],[6,-139],[333,-306],[-258,-191],[-379,271],[-435,-22],[-161,-168],[-30,-457],[-98,-40],[-206,127],[-223,-215],[-62,116],[130,198],[-24,82],[-338,113],[-157,-82],[-101,114],[-248,-65],[-83,-231],[-341,-28],[156,-457],[-437,33],[130,-363],[262,-29],[-79,-158],[-105,-40],[-195,77],[-347,-101],[-565,475],[38,103],[215,51],[-73,255],[-213,51],[4,246],[141,25],[61,114],[-222,398],[-314,-92],[-215,218],[229,167],[63,271],[-312,15],[-204,117],[-17,-106],[112,-156],[-153,-22],[-569,480],[184,200],[-20,92],[-175,137],[-208,37],[-137,-88],[-143,-279],[4,-112],[220,-163],[-253,-352],[-5,-121],[860,-179],[137,-198],[-123,-218],[-103,-63],[-200,211],[-363,-487],[-188,97],[-264,-385],[-316,-9],[-134,247],[320,675],[-51,51],[-146,-92],[-130,26],[242,348],[-269,202],[-414,132],[-244,-17],[-153,-181],[-7,-312],[-129,-295],[62,-181],[-69,-268],[134,-159],[2,-156],[-145,-194],[-350,84],[-116,-75],[20,-418],[258,-334],[-175,-49],[40,-182],[-136,-7],[-381,145],[-235,-17],[-41,1164],[-112,31],[-145,-159],[-135,2],[54,-193],[-72,-102],[-369,199],[-128,158],[-181,33],[118,220],[-78,143],[345,-42],[-103,181],[184,242],[-9,94],[-211,-59],[-92,119],[-170,13],[-121,167],[-146,9],[-779,-874],[-623,218],[-15,143],[259,324],[-100,321],[-262,195],[-285,-111],[-187,88],[240,500],[-355,510],[-177,-156],[-313,-40],[311,260],[87,250],[185,136],[46,295],[-210,-45],[-96,189],[-396,-7],[-108,140],[-90,-241],[-159,93],[-20,96],[219,172],[-105,104],[-179,-77],[87,156],[-13,302],[132,219],[-215,355],[-259,-73],[-289,122],[-377,-29],[215,230],[-308,24],[-154,-177],[-176,187],[-109,-376],[-93,338],[-172,54],[207,301],[-113,123],[-195,-188],[-227,129],[273,77],[27,123],[-336,270],[-191,14],[-42,241],[-141,157],[-195,44],[13,254],[-248,12],[-405,-232],[-269,364],[-309,-242],[-206,-476],[-200,-171],[-167,-23],[-2,164],[-225,-92],[-114,155],[-57,-82],[-256,50],[44,-254],[180,-149],[-182,-374],[-214,-163],[-35,292],[-191,19],[-528,-405],[-146,110],[108,96],[-235,214],[332,153],[-69,132],[78,149],[-364,-136],[-61,-150],[-191,142],[-212,-92],[4,210],[-270,364],[-133,16],[-13,101],[-153,85],[15,292],[-232,68],[-113,285],[-240,-174],[28,-98],[-124,-31],[200,-296],[-205,-148],[-343,-3],[-49,162],[-169,-68],[-164,243],[-77,-165],[-223,-55],[321,-341],[116,73],[185,-264],[188,-94],[-166,-331],[-286,-94],[-157,91],[167,24],[-124,63],[29,156],[-155,-87],[-147,178],[-378,-8],[234,-283],[-182,-10],[-94,123],[-56,-120],[-289,-90],[268,-91],[-92,-118],[-84,86],[-204,-202],[-264,101],[54,-174],[-346,163],[-675,-107],[-233,-294],[-541,-85],[-49,61],[75,97],[-119,156],[113,203],[-253,155],[-109,-127],[-177,317],[-136,448],[142,137],[-42,196],[-145,-52],[-127,118],[20,154],[-145,48],[-88,2],[-84,-151],[-190,257],[-89,-227],[155,-96],[-108,-143],[62,-80],[111,34],[24,-124],[99,-40],[-290,-239],[11,-174],[-182,-161],[-58,-176],[-82,-27],[-160,106],[207,-543],[-43,-175],[-94,-41],[0,164],[-136,-179],[-265,-115],[-222,42],[76,-138],[-148,-76],[240,-178],[-297,-207],[9,-146],[-197,-14],[-50,-146],[-418,55],[-214,-291],[-104,-5],[89,-127],[-58,-17],[-198,135],[-103,-15],[49,180],[-353,0],[-210,357],[-54,-241],[-350,206],[-165,-5],[-102,-201],[-295,-185],[-66,-129],[93,-233],[219,-50],[-22,-215],[-209,-106],[100,-114],[-399,1],[-44,-54],[117,-55],[-125,-89],[-123,29],[-70,161],[-114,-57],[-704,241],[26,141],[128,113],[148,56],[202,-116],[179,134],[-209,1],[76,248],[-71,60],[-69,-79],[-37,131],[-116,21],[166,251],[-80,117],[63,156],[-128,126],[33,-153],[-69,-30],[-42,167],[-168,140],[69,124],[-39,118],[-177,-202],[-375,-138],[151,-216],[-204,38],[-23,-144],[-114,23],[117,-105],[-68,-118],[-124,48],[9,-200],[-138,-15],[-32,-185],[-143,50],[27,287],[-137,-190],[-116,-2],[-10,-185],[-127,19],[-47,117],[-130,-175],[-3,-82],[83,42],[-13,-92],[-166,-165],[-334,-41],[-156,108],[151,268],[-82,118],[-152,37],[7,106],[152,128],[-103,77],[-185,-57],[-61,-179],[-181,-131],[-104,5],[63,142],[-104,58],[-324,-82],[-157,-205],[69,-210],[-415,-98],[-552,-260],[-331,125],[-63,-96],[25,-222],[-173,89],[-116,-111],[83,421],[381,160],[-96,159],[41,143],[-130,58],[-198,-94],[-72,-270],[-155,-38],[-60,227],[-147,22],[-125,276],[-29,131],[183,83],[-210,85],[174,131],[-285,185],[23,301],[-220,-107],[-28,-95],[-177,81],[-78,-67],[-131,204],[-117,-324],[59,-345],[-334,-34],[-259,-398],[-131,-18],[-73,-133],[-137,281],[-155,37],[-80,159],[-223,-110],[51,-133],[-455,-151],[-77,-382],[-137,25],[-75,288],[-315,-131],[0,-205],[77,7],[44,135],[90,-97],[-81,-137],[43,-200],[-113,-125],[-8,-318],[-114,-1],[-65,158],[-292,143],[-30,-197],[-165,-111],[18,-133],[-247,-248],[94,-107],[-207,-110],[70,-110],[-91,-174],[196,-49],[183,86],[132,-151],[136,-14],[-13,-151],[-97,-53],[79,-137],[-335,78],[-185,135],[-124,-342],[181,-112],[-153,-111],[109,-153],[-414,75],[-85,-309],[-476,100],[-10,-121],[-354,-8],[6,151],[-154,-49],[-97,54],[-17,319],[-302,224],[-155,369],[-230,-132],[-149,225],[-150,31],[-89,141],[-588,0],[-201,-161],[-350,15],[-175,85],[-162,-149],[-157,7],[-67,-478],[91,-126],[-122,-236],[-136,25],[-43,-373],[-367,27],[-230,-81],[-123,80],[-261,-126],[-79,-287],[-423,-183],[64,-100],[-45,-140],[85,-82],[-105,-207],[-109,13],[-87,185],[-168,21],[-229,-174],[-30,-261],[-93,-104],[37,-286],[-186,-22],[39,-152],[-122,-29],[-51,-123],[-256,-40],[-200,119],[-79,188],[-485,-191],[-432,143],[-87,110],[-291,-110],[86,-288],[-139,-53],[-31,-158],[-150,30],[-34,-165],[-130,98],[-367,-47],[-130,77],[-203,-298],[-279,171],[-473,-312],[-331,185],[-328,19],[-283,336],[-145,479],[-471,-167],[-697,182],[-181,-219],[-331,-71],[-168,-201],[70,-215],[-67,-174],[74,-295],[-51,-127],[-104,-9],[-203,230],[-149,27],[-434,-276],[-169,-573],[-319,-542],[-192,45],[-203,250],[-238,41],[-227,-125],[-348,167],[-103,-52],[-13,-331],[-154,-101],[-299,-27],[-522,101],[-17,-146],[169,-385],[-115,-917],[229,-215],[31,-195],[-160,-304],[-310,-68],[-202,-510],[-280,-98],[-220,131],[-382,63],[-192,-92],[-265,4],[-167,-95],[-135,-319],[-267,-308],[-377,70],[-131,257],[-378,188],[-304,40],[-2,-241],[-439,-457],[-26,-226],[94,-359],[-215,-582],[-357,-48],[-198,-404],[-424,-219],[-554,44],[-199,-74],[-117,-193],[-90,-614],[-451,54],[-257,-326],[-438,64],[-273,-132],[-252,-378],[164,-426],[-301,-266],[-285,-57],[-296,-175],[-236,107],[-427,-35],[-208,-137],[0,-186],[-320,69],[-453,-185],[-116,-178],[-324,25],[-161,-233],[-12,-257],[-159,-279],[-558,-146],[-46,-404],[-317,-130],[-126,-351],[-263,17],[80,-236],[-220,-284],[-611,-226],[-348,-42],[-242,14],[-290,137],[-1031,-389],[-293,108],[-376,-244],[-228,17],[-64,135],[-377,-9],[-412,-486],[-250,70],[-388,-85],[-218,99],[-269,-41],[-410,86],[-354,-404],[-257,-40],[-366,-280],[-939,396],[-1093,-830],[-91,-208],[-435,-160],[-103,-229],[-397,-15],[-648,-863],[-207,118],[-623,1],[-250,239],[-317,8],[-194,99],[-361,-275],[-277,182],[-764,125],[-199,-216],[-266,-53],[-502,170],[-398,386],[-284,-228],[-183,-26],[-1119,152],[-500,220],[-373,-174],[-1356,-48],[-290,251],[-466,36],[-20,237],[-110,80],[-898,-163],[-422,3],[-307,267],[-382,177],[-231,345],[-206,146],[-372,-115],[-351,53],[-150,121],[-70,238],[-235,54],[-761,-326],[-90,-170],[-490,-418],[-69,-550],[108,-314],[-473,-808],[-477,-153],[-301,-314],[-833,-326],[-609,-2],[-329,-144],[-201,4],[-447,-404],[-400,-551],[-251,-157],[-245,-46],[-1204,-30],[-22747,518],[-121,-205],[-553,-264],[-266,25],[-265,-344],[-804,-365],[-281,-278],[-228,-505],[-340,-436],[-1401,-600],[-813,-657],[-738,-910],[-495,-319],[-631,-626],[-235,48],[-334,403],[-305,-21],[-271,136],[-905,-34],[-549,109],[-349,-57],[-710,255],[-673,-305],[-157,214],[-416,244],[-647,96],[130,124],[123,418],[-155,609],[-294,136],[-471,-37],[-222,77],[-592,471],[-296,91],[-59,229],[-396,394],[-675,212],[-286,494],[-460,271],[-87,478],[-352,860],[100,110],[-36,290],[83,210],[-69,250],[251,378],[-26,356],[-225,1235],[-377,690],[-42,348],[247,484],[-81,148],[117,228],[18,256],[-166,326],[-314,-61],[-218,144],[-87,371],[167,321],[-66,354],[-151,127],[-312,88],[-66,231],[-338,126],[-285,-5],[-163,-104],[-123,64],[-109,-105],[-33,185],[-410,-90],[-155,150],[-250,-67],[-88,54],[-179,-90],[-187,85],[-96,-125],[3,-169],[-203,76],[-111,152],[-404,-193],[-290,330],[-263,-106],[-193,190],[-149,-8],[0,181],[84,62],[-74,148],[-181,-30],[-166,110],[-414,21],[-177,-171],[43,-187],[-146,-224],[294,-65],[-29,-160],[177,-65],[283,-461],[-286,-332],[-49,-201],[-200,113],[-291,-65],[-80,53],[-82,403],[-130,138],[-263,-385],[-247,19],[-159,137],[-136,-71],[-240,160],[-227,-104],[-142,116],[-112,249],[17,148],[-191,290],[-1031,164],[-189,134],[-283,-1],[-228,210],[-273,-19],[-173,-128],[-527,112],[-249,-185],[-333,149],[-198,-109],[-413,270],[-211,-3],[-348,-162],[-238,176],[-570,98],[-83,135],[162,422],[5,228],[-276,316],[-258,79],[-182,389],[-443,224],[-314,-258],[-318,-49],[-1031,334],[39,153],[-187,412],[-514,240],[-169,177],[-5,286],[-210,84],[-188,195],[149,277],[-82,231],[97,183],[-270,290],[209,359],[-60,110],[-151,33],[-14,123],[239,452],[457,289],[-128,249],[-24,310],[158,178],[0,149],[-233,176],[-71,234],[-138,55],[-24,159],[-501,56],[-147,189],[-49,-220],[-241,160],[175,63],[-12,103],[-387,38],[-401,200],[-108,-64],[-81,266],[-93,-106],[-86,71],[-223,-76],[-12,306],[-186,168],[278,110],[-424,216],[95,288],[-209,-72],[-278,225],[92,348],[127,-29],[-162,424],[162,222],[-15,230],[95,-15],[63,102],[202,-128],[-25,182],[-263,69],[-29,120],[129,5],[-105,156],[-207,-11],[-207,121],[17,606],[-307,-12],[-16,240],[-280,171],[-1010,209],[461,97],[56,311],[-136,474],[312,24],[169,102],[-52,117],[-233,-46],[-124,125],[170,291],[-14,132],[-254,3],[-171,207],[-102,-94],[-160,81],[-123,-115],[-106,57],[206,163],[14,206],[115,1],[107,120],[-164,79],[79,178],[-84,72],[73,29],[167,-139],[160,240],[-130,97],[128,98],[-149,365],[-495,116],[228,108],[-12,100],[-392,48],[-265,-31],[-263,-372],[-179,266],[6,113],[-164,36],[-64,-238],[-483,-314],[1,276],[-200,83],[-49,497],[122,200],[-293,-49],[172,241],[-109,86],[-167,-26],[-37,207],[95,34],[11,169],[-201,-2],[103,381],[251,94],[-14,200],[251,417],[-122,341],[292,13],[418,-233],[-160,255],[46,344],[252,340],[-9,252],[136,42],[130,215],[-320,216],[66,-217],[-361,193],[-51,-148],[-93,37],[86,256],[429,265],[-32,182],[-274,126],[117,113],[-40,373],[-438,157],[-511,36],[-1404,-575],[-620,-449],[-176,-217],[-180,-29],[-380,130],[-775,57],[-482,333],[-436,167],[-236,-3],[-458,-173],[-835,3],[-806,-783],[-215,-607],[26,-347],[-87,-96],[-207,-31],[-81,-116],[-76,-429],[321,-552],[-167,-345],[-1078,-888],[-1169,193],[-311,-430],[-635,-132],[-573,-943],[-312,-308],[-535,-1122],[-240,-260],[-836,-591],[-756,-408],[-439,455],[-257,492],[-382,28],[-84,-186],[-189,223],[-34,228]],[[2532651,2310287],[296,91],[60,190],[-88,147],[-434,334],[-598,258],[-1326,182],[-913,-40],[-885,-190],[-525,110],[-304,236],[-141,515],[63,464],[283,409],[644,425],[180,300],[-315,291],[-494,194],[-1009,128],[-258,419],[69,447],[319,597],[1004,793],[171,307],[18,638],[-281,528],[-201,138],[-1135,300],[-778,60],[-1311,288],[-1573,35],[-307,144],[-280,355],[-93,437],[94,242],[402,600],[408,286],[322,416],[-3,562],[66,155],[360,582],[428,276],[373,413],[168,599],[142,1291],[-86,506],[17,489],[-180,359],[-738,419],[-571,2],[-251,109],[-238,246],[11,305],[328,398],[499,211],[1424,-249],[634,278],[876,621],[358,116],[522,-56],[397,-155],[600,-552],[269,-90],[203,48],[178,184],[112,382],[-59,661],[-491,434],[-1175,351],[-471,188],[-83,104],[63,473],[223,499],[178,184],[637,132],[613,-49],[400,-237],[158,-240],[143,-460],[197,-227],[367,-181],[430,19],[224,145],[39,120],[-208,1422],[125,369],[194,194],[620,275],[1178,50],[604,-94],[1503,416],[752,546],[493,94],[230,174],[581,139],[279,179],[516,925],[673,546],[864,206],[607,48],[673,298],[112,420],[-98,243],[-463,224],[-470,-123],[-390,50],[-137,74],[-187,302],[-141,382],[-9,931],[448,1031],[1527,1057],[427,699],[694,612],[754,80],[309,-192],[85,-132],[-1,-599],[150,-574],[59,-91],[151,-26],[273,133],[672,776],[423,1175],[352,547],[223,188],[697,312],[311,328],[115,236],[11,237],[-108,327],[-220,243],[-686,72],[-910,-199],[-339,251],[-37,387],[56,220],[385,336],[1411,581],[408,282],[424,1181],[362,505],[-6,188],[-118,110],[-23,463],[263,249],[125,483],[336,731],[693,608],[211,431],[-13,301],[-377,373],[-876,59],[-309,188],[-112,204],[37,169],[309,268],[1021,384],[286,534],[122,486],[11,453],[-197,600],[-431,886],[-33,267],[243,100],[1700,-37],[888,-639],[315,-531],[249,-720],[246,-377],[435,-61],[299,139],[289,527],[-73,1445],[-324,758],[-513,542],[-280,735],[-370,690],[40,654],[322,443],[250,149],[115,165],[476,246],[1037,-183],[1172,-664],[199,-73],[230,58],[540,471],[370,497],[296,511],[227,612],[740,922],[-79,165],[-226,-64],[-194,133],[-544,29],[-259,211],[-1267,491],[-633,-259],[-444,-12],[-755,-216],[-994,334],[-426,419],[-78,298],[42,513],[274,597],[86,427],[-337,555],[-502,580],[-220,110],[-909,27],[-1469,-393],[-1541,140],[-694,273],[-1242,44],[-201,247],[-153,419],[-223,181],[-529,40],[-295,-108],[-572,152],[-577,320],[-521,-38],[-340,-168],[-369,-315],[-127,0],[-136,35],[-140,164],[-73,829],[-105,238],[-303,319],[-210,82],[-490,-124],[-1042,30],[-1106,-386],[-1006,-42],[-714,-263],[-1514,266],[-236,-30],[-363,151],[-144,156],[-434,17],[-1147,-404],[-455,199],[-214,9],[-879,-452],[-1034,-319],[-269,-1],[-193,98]],[[2503709,2426106],[598,236],[413,601],[188,118],[366,-51],[904,-357],[1162,440],[1189,-66],[1293,259],[235,188],[154,311],[375,254],[241,57],[766,-472],[423,43],[635,258],[268,-17],[-24,330],[107,151],[603,-1],[443,171],[310,260],[331,538],[310,166],[305,-24],[574,-380],[194,-16],[289,105],[515,415],[316,138],[426,-139],[132,-199],[-1,-273],[77,-112],[160,390],[205,241],[242,132],[386,674],[405,306],[1340,-420],[802,145],[202,-39],[234,-181],[12,-195],[603,-516],[453,84],[251,137],[210,240],[262,76],[367,-161],[346,-832],[297,-115],[493,235],[537,720],[686,611],[96,139],[128,576],[316,167],[375,-15],[1203,-337],[133,-208],[-146,-635],[220,-300],[350,-98],[415,241],[220,434],[618,579],[586,376],[1610,-678],[326,-322],[405,-194],[222,38],[603,415],[566,122],[360,-41],[338,-131],[145,-139],[65,-326],[244,-245],[789,313],[971,553],[360,98],[453,-359],[310,-152],[327,-41],[413,183],[128,257],[-193,917],[-173,200],[-140,362],[249,1068],[434,121],[570,-74],[636,-200],[1265,123],[862,-342],[215,383],[179,888],[223,310],[323,268],[2033,1179],[409,57],[349,191],[243,29],[536,19],[373,-130]],[[2609894,2089692],[-131,383],[-33,504],[502,997],[-316,211],[-89,176],[-156,-5],[-525,315],[-146,-16],[-204,-233],[-49,117],[95,185],[-121,190],[-123,-93],[-139,57],[-36,-281],[-380,-208],[-120,19],[-222,390],[-246,111],[-53,321],[-335,323],[-172,68],[-78,178],[-274,39],[-278,305],[-166,362],[16,309],[-403,298],[-33,460],[-315,329],[-133,8],[-168,-233],[-709,-455],[-333,-105],[-274,69],[-145,-382],[-253,183],[-98,-226],[-509,122],[-133,-188],[-86,120],[-170,14],[25,-410],[-304,-145],[-84,-125],[146,-507],[-45,-222],[-262,-381],[-180,-444],[-91,-46],[-134,97],[-139,275],[-605,425],[-243,-47],[-298,307],[-201,-190],[-20,337],[-619,64],[-367,723],[-109,19],[-172,-194],[-194,26],[-396,672],[-251,-133],[-614,460],[-217,-20],[-260,-194],[-184,530],[-523,398],[-44,296],[-229,330],[-411,-1],[-217,-142],[-216,-17],[-208,-209],[-384,-57],[83,292],[-236,160],[-100,332],[-703,410],[-11,227],[-401,310],[-251,453],[23,1058],[-114,252],[-369,370],[131,439],[-148,205],[32,182],[194,329],[200,146],[-133,227],[39,351],[-76,382],[67,590],[-318,315],[-267,-32],[-224,-152],[-611,227],[-486,594],[-820,379],[-905,35],[-208,-328],[-311,-146],[-1217,-85],[-574,-196],[-239,122],[-651,-428],[-359,-44],[-2914,216],[-1279,21],[0,-115],[-684,-26],[-3364,229],[-1455,191],[-2790,-8],[-1882,-146],[-4324,96],[-999,117],[-3808,980],[-4428,2801],[-2986,2086],[-3676,3570],[-1054,909],[-2377,2307],[-3741,3451],[-1491,1738],[-642,815],[-141,354],[-1267,1540],[-268,416],[-12,537],[-34659,-19077],[-30836,-22221],[-1717,-2097],[-178,-575],[-190,-229],[-618,-271],[-545,431],[-317,-31],[-104,-210],[16,-774],[-167,-405],[-239,-282],[-405,-133],[-192,-184],[-114,-636],[-270,-266],[-21,-364],[238,-472],[26,-426],[-172,-317],[-467,-374],[-291,-82],[-763,-5],[-270,-92],[-413,-279],[-378,-469],[-133,-102],[-165,-4],[-726,2217],[-294,77],[-600,-129],[-403,88],[-286,317],[-67,627],[-251,141],[-255,-87],[-100,-254],[214,-572],[28,-253],[-77,-152],[-427,-25],[-443,365],[-262,17],[-440,-175],[-198,1],[-265,275],[-39,793],[-163,519],[-452,419],[-345,113],[-323,-140],[-133,-281],[46,-454],[623,-875],[-31,-378],[-247,-249],[-668,6],[-383,265],[-114,369],[32,928],[-131,259],[-263,135],[-225,-120],[-4,-679],[-82,-373],[-296,-307],[-640,-308],[-869,-242],[-427,-389],[-169,15],[-197,144],[-16,419]],[[2456046,2077081],[-108,732],[-109,252],[-603,342],[45,474],[221,681],[-136,182],[-172,-66],[-156,-677],[-170,-168],[-243,-156],[-558,-59],[-267,108],[-425,648],[-1068,360],[-599,562],[-26,163],[101,46],[357,-317],[422,-77],[365,159],[404,339],[572,762],[-2,475],[-220,330],[-246,13],[-344,-457],[-308,-59],[-495,159],[-484,49],[-610,-20],[-601,-138],[-341,187],[-168,296],[140,381],[261,307],[755,59],[242,168],[72,403],[-301,588],[27,117],[584,248],[240,636],[-70,305],[14,714],[173,712],[-269,736],[-246,230],[-564,323],[190,83],[-149,127],[26,94],[111,52],[181,-49],[33,75],[-179,580],[-110,95],[231,110],[-242,165],[-21,421],[213,283],[-55,148],[68,111],[-199,197],[-24,436],[109,70],[299,-46],[20,-174],[206,-31],[275,143],[221,236],[102,606],[-46,398],[185,37],[78,-85],[186,10],[-17,217],[211,175],[170,515],[486,496],[105,484],[158,170],[401,841],[8,192],[-176,352],[271,475],[-34,367],[278,604],[40,797],[-93,456],[17,402],[203,767],[-161,217],[155,326],[-96,260],[310,137],[-122,100],[67,130],[-52,196],[-346,-63],[79,175],[-38,132],[-269,34],[-80,158],[-155,7],[72,153],[-409,86],[-112,130],[-80,604],[-275,253],[-190,364],[-121,573],[78,199],[-169,112],[31,146],[-145,96],[-16,186],[-210,150],[128,439],[-334,347],[-45,609],[-250,171],[-85,518],[-167,257],[-78,383],[-356,529],[-25,485],[-437,531],[-339,-93],[-213,184],[-244,-196],[-439,14],[-297,240],[-409,-80],[-330,43],[-101,232],[-210,4],[-291,200],[-489,96],[-45,150],[-175,46],[-253,570],[-211,107],[-14,427],[-320,164],[-42,347],[-221,122],[-213,-70],[-1321,801],[-173,502],[158,54],[-51,132],[-164,108],[-333,471],[-371,100],[-633,376],[-245,66],[-307,238],[-132,767],[-193,233],[-774,575],[-312,133],[-481,46],[-966,-78],[-506,212],[-198,9],[-978,1733],[-586,288],[-865,147],[-688,325],[-358,279],[-266,25],[-396,376],[-375,129],[-405,383],[-106,196],[-215,50],[-270,230],[-691,204],[-308,288],[-287,467],[-92,487],[-283,375],[-12,471],[-156,229],[-1784,735],[-203,221],[-282,54],[-418,308],[-257,492],[-489,312],[-571,183],[12411,8943]],[[2440178,2133847],[128,-264],[242,-36],[126,65],[220,309],[162,559],[-120,109],[-186,-3],[-43,162],[320,249],[494,133],[-136,415],[240,313],[-256,263],[-25,267],[222,201],[-45,208],[356,158],[-29,397],[67,141],[-62,182],[445,671],[30,480],[-113,114],[71,179],[-187,5],[-93,-259],[-127,-3],[24,219],[-323,322],[-14,260],[130,122],[372,41],[193,108],[-148,311],[306,116],[136,137],[-2,141],[-151,146],[175,135],[-131,126],[347,94],[-144,175],[25,194],[283,362],[119,52],[-12,-209],[56,-26],[179,132],[287,26],[16,-213],[100,-20],[174,91],[192,375],[267,191],[-41,653],[-226,240],[209,215],[88,560],[-540,411],[-520,278],[-189,406],[90,221],[-244,236],[-562,299],[-640,137],[-270,182],[-972,1012],[-566,387],[-198,297],[-311,200],[-102,359],[-808,200],[30,259],[-212,53],[-440,341],[-144,-29],[-88,-118],[-151,25],[-54,137],[42,318],[-118,85],[-50,194],[-364,128],[-43,202],[-250,52],[-67,539],[-489,451],[-198,2],[-63,-159],[-202,-31],[-24,-177],[-392,2],[-254,114],[-378,436],[-37,362],[-82,36],[-582,-142],[-238,143],[-250,-218],[-343,118],[-299,-59],[-159,193],[-31,231],[-218,247],[186,399],[-71,310],[-260,36],[-276,221],[-218,-134],[-260,-20],[-198,360],[-166,-62],[31,159],[-411,-30],[-245,128],[-46,72],[88,293],[-338,82],[-260,232],[-541,-98],[-104,-195],[-369,77],[-213,252],[-250,-102],[-380,87],[-302,-303],[-197,154],[-328,-10],[-47,113],[-83,0],[-2020,-622],[-95,51],[0,348],[-313,25],[-539,571],[-396,215],[-154,190],[-759,136],[-59,64],[77,158],[-43,57],[-563,32],[-32,241],[-208,384],[-172,1672],[-267,375],[-139,1007],[-280,446],[140,837],[-220,527],[-45,356],[-269,520],[76,457],[-98,356],[65,422],[-623,1425],[-553,406],[-418,16],[-406,179]],[[2455505,2198455],[0,201],[451,324],[126,341],[28,196],[-291,545],[122,802],[236,340],[573,1299],[415,565],[44,475],[445,720],[174,527],[355,1447],[-14,983],[79,242],[333,371],[815,191],[484,385],[340,541],[289,962],[-195,378],[-100,499],[123,947],[-115,663],[-180,385],[8,641],[-151,1119],[32,258],[182,364],[-124,427],[-38,911],[-157,700],[379,1075],[465,469],[267,434],[-72,364],[-302,385],[1025,563],[341,453],[1288,1294],[227,1266],[558,-158],[296,382],[451,333],[809,159],[747,559],[446,138],[637,780],[272,134],[2,282],[255,83],[131,136],[332,917],[14,197],[-379,461],[-111,327],[233,824],[-559,605],[-370,536],[-87,607],[737,1237],[158,550],[43,656],[-147,453],[19,299],[177,114],[760,145],[172,164],[-42,913],[350,700],[-218,817],[409,273],[297,731],[190,229],[328,60],[506,-210],[745,837],[643,-16],[244,267],[341,98],[402,335],[306,129],[84,292],[-174,476],[75,147],[-19,299],[148,114],[424,109],[840,760],[323,84],[235,237],[200,79],[655,-355],[312,-3],[564,551],[435,106],[314,-99],[204,264],[213,97],[97,-115],[-57,-130],[208,29],[56,-191],[246,36],[-6,-300],[247,-200],[227,-52],[195,58],[589,-194],[286,85],[143,-332],[405,132],[410,-136],[1,-532],[-183,-600],[28,-151],[469,-507],[206,-383],[529,-235],[163,89],[149,-49],[184,-404],[301,93],[359,-135],[622,-5],[226,117],[483,-498],[164,-312],[414,-116],[579,93],[321,232],[205,-45],[404,355],[939,-497],[319,-91],[335,-307],[282,-54],[338,-219],[-5,-555],[99,-87],[237,113],[-40,-317],[150,-139],[167,27],[379,-115],[365,136],[395,-416],[1206,271],[185,-202],[98,-362],[625,-102],[319,-166],[31,-195],[-152,-336],[17,-195],[291,-21],[317,-138],[-141,-393],[-270,-207],[-40,-310],[124,-182],[253,-60],[59,-202],[231,-28],[129,-123],[81,184],[79,-117],[91,23],[210,-172],[3,336],[146,-28],[127,79],[-230,342],[73,492],[164,295],[136,75],[580,-106],[67,-189],[197,-91],[226,11],[226,-110],[305,23],[138,-92],[201,78],[434,-300],[176,352],[76,-32],[89,82],[119,-130],[99,149],[261,-162],[485,-522],[-67,-480],[218,-59],[-61,-90],[106,-265],[-86,-144],[77,-145],[-63,-169],[131,-121],[234,68],[-59,-258],[133,-80],[92,-308],[-156,-309],[186,-175],[18,-136],[183,-58],[-36,-263],[127,-116],[-3,-136],[262,-182],[-48,-246],[462,-464],[271,-444],[54,-257],[135,-136],[94,-319],[150,-47],[179,139],[36,-119],[225,-33],[79,-163],[151,-72],[-66,-162],[564,-215],[0,-140],[69,-46],[86,57],[18,-175],[92,-78],[103,177],[185,90],[-39,-324],[297,-22],[-32,-312],[98,-458],[-452,-312],[126,-102],[9,-134],[-228,92],[-58,-82],[184,-761],[312,136],[215,-175],[198,158],[183,-41],[149,63],[103,218],[-36,332],[138,232],[391,185],[18,249],[-135,19],[-50,133],[111,98],[-11,110],[199,72],[222,-51],[119,219],[85,-12],[72,-169],[214,-73],[-59,-101],[130,-111],[-95,-137],[83,-178],[95,-14],[109,155],[81,-206],[172,83],[38,-484],[158,-278],[-124,-224],[74,-312],[-114,-162],[-145,20],[-269,-267],[-170,6],[-262,-535],[15,-202],[-289,-146],[62,-120],[138,-33],[-83,-343],[25,-344],[134,101],[217,-196],[313,-3],[38,146],[195,-83],[-62,-319],[-155,-144],[181,-16],[-167,-179],[173,-10],[15,-77],[-164,-126],[259,-423],[696,-146],[214,301],[17,317],[230,-69],[-62,-187],[247,81],[150,-114],[761,128],[57,-131],[433,109],[65,186],[87,-120],[-56,-178],[197,47],[63,119],[132,-26],[-37,-256],[184,-155],[226,-49],[-59,-162],[359,221],[-22,127],[143,111],[213,3],[43,156],[233,-121],[-55,161],[111,125],[27,-144],[108,35],[25,-81],[277,-58],[-239,-45],[29,-117],[260,16],[80,-220],[356,-77],[-66,456],[667,149],[31,-143],[127,-89],[-68,-249],[111,-144],[-208,-215],[146,-63],[205,101],[-26,-182],[129,-87],[7,-156],[-116,-370],[-90,-67],[-94,103],[-227,-81],[-75,-313],[-263,-2],[-93,92],[41,-239],[-109,-189],[1010,-206],[195,-336],[-195,-33],[18,-77],[278,-116],[41,-120],[356,-293],[65,95],[-50,210],[115,-3],[148,-141],[-104,-233],[121,-136],[-78,-138],[125,-67],[109,48],[83,200],[112,-159],[117,-7],[488,489],[146,2],[252,-218],[130,233],[244,-54],[202,-313],[148,-43],[94,76],[249,-207],[-65,-170],[197,98],[386,-493],[123,-49],[-74,-423],[122,-5],[76,118],[88,-41],[-348,-710],[10,-123],[119,-77],[-158,-267],[75,-228],[-242,-279],[-138,-3],[-77,262],[-291,67],[-112,-26],[-60,-118],[-306,195],[-335,-181],[-177,-236],[-145,87],[-185,-53],[-119,59],[-226,-108],[-185,-302],[-63,-577],[-415,-56],[-156,-254],[-66,-474],[457,-162],[133,-156],[220,81],[60,-233],[161,33],[182,246],[28,-190],[185,18],[44,-156],[265,87],[192,-221],[335,-62],[119,-490],[-177,-115],[-218,16],[-185,-208],[65,-115],[392,-172],[83,-136],[-47,-257],[-223,-171],[-27,-246],[-187,-241],[267,-677],[410,-47],[166,-261],[177,-13],[184,94],[317,-167],[374,226],[135,-190],[330,-172],[80,-149],[-16,-97],[-283,-254],[8,-90],[878,46],[-3,-200],[270,-54],[83,-106],[-117,-174],[579,-303],[836,153],[-68,-136],[55,-307],[-144,-428],[-462,-449],[307,18],[74,-165],[-191,-176],[-252,-42],[-93,-164],[49,-146],[-228,-243],[92,-364],[-25,-262],[136,-194],[375,-207],[-148,-170],[381,-627],[357,-103],[55,-219],[179,-134],[504,-13],[37,-85],[-258,-212],[-124,-231],[-240,243],[-80,-255],[-185,-12],[68,-328],[677,-408],[424,-6],[339,-286],[363,-80],[147,85],[93,243],[290,249],[830,-7],[345,158],[167,292],[258,60],[124,243],[357,-79],[585,789],[-24,128],[-179,6],[6,98],[253,78],[-74,225],[314,79],[504,-1034],[646,-61],[160,97],[111,-115],[-105,-128],[234,54],[129,-206],[326,-146],[-61,-304],[86,-19],[172,146],[-31,-194],[99,-134],[-74,-146],[98,-176],[148,-61],[-173,-267],[277,-55],[-56,-110],[68,-42],[216,30],[18,-207],[98,-54],[283,11],[190,-741],[-67,-61],[-302,110],[142,-274],[-87,-188],[179,18],[98,-146],[203,42],[400,-146],[252,-182],[610,236],[524,443],[400,42],[258,-243],[240,24],[-49,-134],[61,-133],[-179,-213],[55,-316],[524,-189],[73,12],[13,110],[37,601],[-67,183],[154,12],[264,-189],[73,-723],[492,-517],[203,-420],[-19,-182],[129,-146],[949,868],[222,30],[252,-91],[806,-554],[351,-103],[178,-359],[264,-19],[357,-438],[-117,-188],[18,-140],[228,43],[253,188],[86,-37],[55,-346],[338,157],[142,-224],[-210,-37],[-37,-73],[43,-97],[327,-122],[6,-85],[98,-36],[68,85],[55,243],[216,12],[178,-159],[-12,183],[-184,170],[197,73],[92,-25],[37,-249],[98,-97],[326,12],[68,146],[-166,115],[265,18],[-19,-310],[18,-67],[87,12],[178,207],[-30,237],[61,12],[271,-189],[228,85],[-111,-364],[436,-171],[49,-188],[253,91],[258,-207],[852,157],[-383,730],[-61,753],[320,-292],[125,-249],[324,-177],[548,140],[535,297],[585,200],[357,-31],[419,-377],[289,176],[80,-37],[74,-273],[-38,-389],[-55,-128],[-197,-42],[-81,-273],[-110,-91],[122,-213],[-24,-201],[190,-243],[-166,-431],[639,-293],[370,-61],[61,-626],[240,146],[129,-262],[209,-79],[-43,-127],[-443,-30],[-62,-67],[142,-271],[376,113],[9,-150],[-220,-72],[-37,-136],[421,-27],[-18,-204],[-257,-9],[-59,-76],[421,-376],[-206,-181],[-65,-326],[-289,-217],[-284,19],[147,-150],[229,-59],[64,-204],[-110,-45],[-284,186],[-133,-23],[444,-638],[-56,-145],[-183,-131],[46,-167],[-115,-131],[68,-236],[601,-258],[325,-290],[247,-36],[344,108],[183,-68],[591,-404],[87,-289],[87,9],[14,217],[110,32],[119,-159],[284,-100],[192,-222],[380,-231],[-101,-203],[64,-123],[357,50],[-18,-231],[142,9],[60,136],[119,27],[284,-281],[133,240],[169,45],[147,-145],[-152,-249],[225,18],[101,-100],[-248,-221],[55,-100],[298,41],[220,298],[156,-72],[206,58],[124,548],[-265,-100],[-97,123],[10,95],[178,117],[202,-32],[380,-340],[248,0],[206,-104],[169,77],[179,-37],[-78,-334],[142,-154],[82,104],[-96,199],[60,31],[201,-9],[197,-131],[46,-100],[-64,-339],[311,-263],[-28,-222],[234,-108],[-184,-240],[183,-213],[-545,-429],[-10,-122],[376,-14],[-170,-249],[-23,-172],[124,-45],[188,95],[110,-55],[-207,-411],[298,-231],[-147,-123],[-119,-334],[-51,-27],[-96,163],[-147,0],[14,-498],[-157,-421],[97,-86],[192,231],[133,36],[87,-18],[23,-380],[311,117],[-14,-534],[-37,-59],[-256,28],[-64,-145],[485,-457],[234,-37],[9,-86],[-239,-90],[-23,-95],[105,-145],[385,-73],[37,-267],[343,18],[-133,-199],[78,-226],[-55,-272],[128,-194],[-32,-104],[-532,-294],[123,-579],[426,194],[261,-104],[372,-14],[-19,-186],[206,-163],[18,-195],[138,-163],[275,249],[490,-14],[261,-181],[147,239],[151,41],[82,-226],[307,45],[138,-227],[183,0],[-32,-353],[660,85],[59,41],[-251,661],[-132,973],[289,235],[-14,249],[257,108],[215,-9],[174,-317],[87,0],[147,434],[74,14],[297,-272],[-55,-163],[-243,-77],[41,-90],[335,-141],[119,154],[192,81],[42,-54],[8,-439],[-151,-398],[73,-154],[188,-109],[-165,-58],[-257,77],[-19,-453],[623,-73],[390,63],[147,276],[-362,9],[-46,114],[532,651],[125,321],[92,701],[-73,82],[-344,-145],[-119,168],[14,258],[220,574],[133,-59],[124,-258],[1089,-1214],[-23,-199],[-96,-49],[-371,145],[-97,-45],[-69,-227],[586,-810],[-51,-326],[174,-326],[-87,-77],[-165,59],[-14,-117],[82,-616],[174,-403],[82,-54],[174,81],[545,-231],[266,18],[92,-308],[261,-122],[490,529],[335,148],[202,-108],[247,-281],[119,-18],[197,153],[289,-195],[256,-54],[-46,-208],[-573,23],[-101,-194],[105,-335],[266,-141],[142,-416],[394,-159],[-41,348],[87,82],[110,-59],[196,-376],[-27,-240],[-289,28],[-55,-68],[297,-815],[-128,-27],[-284,186],[-74,-14],[-13,-99],[338,-638],[169,-154],[665,180],[605,384],[202,176],[633,891],[637,275],[267,271],[91,299],[74,0],[96,-353],[160,-213],[233,4],[216,276],[73,0],[60,-63],[-65,-367],[74,-81],[201,63],[174,-73],[-179,-565],[518,-281],[101,339],[201,-5],[308,262],[394,-154],[275,99],[197,109],[115,335],[279,-168],[582,352],[559,-14],[51,109],[-73,86],[-344,127],[97,466],[78,40],[100,-54],[353,-670],[274,-195],[207,18],[312,393],[210,-113],[128,-294],[106,4],[96,280],[60,-72],[73,-376],[-74,-294],[252,-41],[27,-99],[-270,-267],[22,-312],[-421,163],[-207,-122],[60,-289],[197,-182],[210,-45],[179,330],[257,-249],[440,104],[261,-37],[270,181],[339,-41],[142,-168],[303,-127],[-1,-86],[-188,-149],[0,-199],[-64,-32],[-453,105],[182,-503],[179,-63],[119,285],[353,-109],[445,226],[96,-172],[-92,-258],[87,-303],[371,-241],[490,108],[-23,-289],[311,-18],[193,81],[55,439],[197,135],[88,217],[-504,521],[-141,258],[-28,335],[-187,249],[46,344],[193,158],[132,9],[413,-277],[330,18],[411,-543],[138,-27],[142,13],[205,160],[20,379],[109,65],[402,-762],[-4,-137],[-403,-302],[-16,-123],[66,-118],[193,7],[299,141],[93,-19],[62,-130],[-396,-375],[4,-141],[174,-199],[488,160],[116,-345],[109,-84],[-11,677],[77,88],[623,-754],[109,42],[82,241],[224,0],[140,-127],[252,264],[66,-31],[42,-183],[-353,-272],[162,-413],[384,57],[132,134],[93,283],[86,-12],[-13,-754],[-58,-80],[-310,16],[120,-395],[-268,-217],[-35,-234],[-206,-214],[4,-65],[209,-73],[31,-137],[-442,-73],[81,-287],[-190,-294],[23,-157],[116,-23],[198,149],[78,-35],[-86,-374],[108,-257],[-19,-245],[390,-475],[283,88],[55,-50],[-47,-313],[960,-181],[148,95],[237,1083],[268,635],[225,244],[512,245],[-23,126],[-170,111],[-485,-30],[28,382],[496,57],[139,-287],[244,-138],[268,-11],[265,91],[77,-869],[287,121],[671,-83],[566,240],[276,283],[-128,241],[-712,475],[-522,1187],[-542,674],[24,95],[201,119],[647,-364],[473,91],[124,-77],[108,-153],[81,-490],[748,512],[488,-73],[341,72],[54,-111],[-74,-302],[144,-46],[593,248],[388,597],[70,-23],[270,-636],[-101,-505],[50,-233],[263,-108],[113,410],[140,87],[375,-627],[108,-54],[117,65],[151,336],[-364,357],[35,61],[353,-31],[546,83],[570,-230],[279,34],[232,363],[400,-4],[50,69],[-360,372],[120,214],[283,22],[895,-372],[329,203],[55,329],[171,72],[317,-325],[11,-345],[283,-80],[163,49],[12,119],[-561,731],[69,130],[183,-8],[712,-383],[178,-356],[135,-69],[183,61],[248,447],[380,229],[217,-19],[461,-276],[868,515],[419,4],[333,110],[244,-195],[124,-245],[-230,-616],[-8,-252],[97,-54],[403,218],[89,-130],[-136,-345],[-209,-195],[-213,-61],[-430,112],[-89,-65],[-16,-122],[135,-215],[314,-146],[310,207],[783,244],[477,18],[-8,253],[-492,130],[140,264],[295,180],[213,-62],[205,-360],[279,-8],[94,82],[108,232],[182,141],[12,161],[-345,104],[-209,187],[-399,184],[369,409],[228,134],[89,-34],[294,-647],[116,-31],[477,363],[186,30],[217,-203],[342,409],[283,111],[414,-1],[166,-413],[353,-203],[352,-353],[81,19],[-89,272],[90,180],[635,-62],[264,432],[213,-23],[364,-349],[120,31],[5,554],[85,65],[263,-73],[496,-444],[744,137],[500,332],[465,122],[513,1151],[4,348],[-170,410],[66,91],[388,15],[132,115],[-4,84],[-318,303],[-23,160],[198,188],[291,76],[166,-107],[217,-311],[120,-61],[287,42],[240,202],[249,635],[344,-253],[574,-257],[599,-617],[302,-451],[151,30],[93,130],[148,463],[109,46],[116,-58],[205,-356],[-226,-734],[45,-383]],[[2560045,1931289],[-694,-535],[-1276,-1205],[-854,-487],[-678,-791],[-387,-79],[-804,513],[-618,24],[-395,-128],[-187,-419],[-252,-232],[-334,-40],[-152,221],[128,547],[-195,485],[108,484],[-55,241],[-781,827],[-462,741],[-502,288],[-533,642],[-498,186],[-562,414],[-1626,336],[-124,142],[25,519],[-180,64],[-1622,-909],[-566,-149],[-352,-390],[-75,-291],[-296,-304],[-99,-303],[-168,-161],[-247,4],[-861,682],[-450,-78],[-705,79],[-196,-418],[-419,-62],[-207,-252],[-28,-504],[131,-568],[-68,-102],[-80,12],[-155,406],[-167,201],[-235,12],[-319,-169],[-160,55],[76,335],[-111,409],[-251,485],[-390,343],[-235,669],[116,481],[17,646],[-160,146],[-323,-142],[-139,55],[-12,461],[-378,343],[-375,185],[-1044,257],[-100,-130],[-227,-807],[-235,-12],[-538,497],[-323,24],[-598,-476],[-176,-398],[-227,-39],[-295,362],[-534,225],[-16,138],[419,31],[-16,178],[-1235,717],[116,292],[-84,236],[-215,-8],[-219,111],[-303,327],[-147,-28],[-311,-256],[-112,12],[108,875],[-43,307],[-128,205],[-235,-8],[-20,-256],[-92,-110],[-343,8],[-199,102],[-220,441],[-405,-129],[-164,59],[-93,305],[-178,155],[-934,74],[-69,136],[80,397],[-110,163],[-228,38],[-303,189],[-423,-185],[-247,27],[-30,103],[162,194],[23,174],[-166,107],[-251,29],[-81,130],[180,889],[22,1185],[-65,274],[-215,220],[-343,-7],[-259,-857],[-576,-918],[-139,-112],[-237,-68],[-882,174],[-295,472],[-11,180],[1021,536],[88,194],[-62,198],[-507,-7],[-739,390],[36,108],[438,345],[80,274],[-156,61],[-296,-273],[-510,288],[-273,47],[-456,-169],[-222,22],[-212,191],[-69,191],[66,83],[467,68],[240,137],[40,208],[-163,512],[-248,137],[-1368,335],[0,224],[78,109],[687,435],[467,576],[71,493],[-149,307],[-336,192],[-364,-416],[-278,77],[-117,148],[-45,977],[-231,268],[-115,-81],[167,-294],[-74,-208],[-611,-102],[-146,62],[-563,1056],[-26,410],[-123,320],[-615,647],[-397,1602],[-170,18],[-648,-945],[-194,-21],[-819,1659],[-531,724],[-388,301],[-143,52],[-227,-109],[-103,-166],[-78,-557],[116,-442],[910,-1678],[73,-417],[-108,-317],[-233,-163],[-316,422],[-932,601],[-360,197],[-423,39],[-496,-936],[-706,-2026],[-238,-471],[-175,-115],[-131,327],[-121,1393],[-146,158],[-835,102],[77,-380],[-54,-216],[-690,-62],[-743,-336],[-190,49],[166,902],[112,-33],[233,-294],[408,-38],[253,96],[-5,662],[-150,433],[-797,-398],[-239,-279],[-199,-96],[-933,-153],[-593,173],[-44,284],[355,523],[-44,746],[-422,124],[-475,663],[-374,264],[-195,19],[-49,-437],[-442,-273],[-146,72],[-175,293],[-33,442],[-107,134],[-448,-307],[-325,-9],[-122,67],[-262,260],[272,307],[59,302],[-48,202],[-268,-269],[-282,207],[25,115],[408,154],[15,211],[-63,67],[-491,-24],[-263,116],[-131,139],[68,360],[-67,92],[-433,106],[-457,-144],[-39,-149],[326,-197],[140,-308],[413,-77],[44,-153],[-63,-284],[-205,-201],[-719,-67],[-97,120],[93,389],[-59,115],[-248,0],[-155,-427],[-161,-53],[-311,222],[20,393],[-218,226],[-151,-24],[-618,-388],[-539,29],[-355,-187],[-286,456],[-802,414],[5,62],[627,264],[29,144],[-199,110],[-331,-235],[-199,87],[-82,331],[311,0],[68,173],[-423,125],[-82,206],[-1,407],[-369,459],[-361,-433],[-774,-267],[-558,-445],[-507,119],[-644,518],[-387,637],[26,77],[464,203],[430,-26],[56,72],[-125,209],[-983,488],[511,694],[16,146],[-114,105],[-221,-33],[-277,-185],[-994,-959],[-103,81],[5,390],[193,747],[-102,105],[-221,48],[-576,-3],[-409,-634],[-690,-810],[-35,-288],[258,-837],[-86,-284],[-288,-178],[-331,13],[-112,80],[31,552],[-112,162],[-198,34],[-369,-106],[-202,51],[-206,191],[30,98],[348,254],[194,323],[-667,629],[-209,-76],[-14,-375],[-241,-500],[-610,-764],[-297,30],[-768,633],[387,297],[191,471],[-127,133],[-560,89],[-253,489],[-155,-49],[-466,-504],[-104,-756],[-198,-153],[-129,9],[-171,314],[82,263],[-95,183],[77,327],[-610,394],[-429,-276],[-135,22],[-37,212],[328,233],[28,141],[-147,207],[-319,67],[-104,121],[102,330],[665,-19],[159,82],[-58,366],[-141,85],[-1359,180],[-391,178],[-143,213],[-313,106],[-126,151],[135,245],[552,97],[138,321],[-192,945],[-438,351],[-242,436],[-401,206],[-83,-239],[-273,-66],[-306,257],[-187,-78],[24,-258],[-89,-109],[-355,213],[-408,-121],[-190,30],[-355,630],[-104,370],[-190,103],[-55,-397],[-227,-127],[-138,12],[71,215],[-43,218],[-370,390],[392,210],[100,158],[-171,372],[-211,206],[153,323],[102,-9],[82,-218],[181,-66],[1333,-116],[346,218],[86,139],[-144,157],[-404,185],[-1122,207],[-364,257],[-472,58],[-138,94],[172,194],[640,121],[40,96],[-190,170],[-30,164],[239,87],[77,152],[-270,287],[-70,-69],[-4,-282],[-312,19],[-450,624],[300,-13],[-6,385],[175,281],[245,88],[254,-139],[102,24],[-132,339],[-135,136],[-294,10],[-438,-161],[-215,321],[-376,343],[-62,121],[40,203],[473,417],[205,-196],[-328,-240],[30,-190],[107,-200],[249,-55],[-37,370],[178,296],[77,348],[-270,334],[-358,1247],[-235,97],[-160,179],[-202,-151],[-469,-18],[-83,88],[71,269],[-168,149],[214,560],[-290,497],[300,302],[12,118],[-229,206],[-3,112],[276,194],[512,660],[-184,48],[-242,197],[-120,-239],[-128,15],[-83,258],[86,260],[-251,43],[-83,127],[227,169],[-248,334],[414,193],[-230,539],[-291,291],[227,18],[497,327],[-365,488],[89,172],[147,-266],[117,12],[-481,902],[46,61],[257,-115],[13,436],[-313,206],[-269,318],[-269,599],[30,273],[424,536],[-62,169],[160,242],[-86,88],[-169,-148],[-82,497],[-778,55],[-160,266],[151,224],[-114,79],[-140,330],[-790,594],[-198,359],[125,229],[171,100],[108,-173],[530,132],[332,-203],[-231,415],[-149,106],[121,212],[31,395],[71,44],[125,-93],[5,-248],[113,85],[264,13],[5,85],[-274,261],[13,212],[340,33],[267,517],[-110,13],[-120,-191],[-113,31],[-208,1080],[57,31],[280,-254],[115,194],[209,116],[-15,127],[-249,230],[19,188],[607,1250],[173,126],[107,-12],[-133,-294],[119,-161],[197,5],[60,-124],[123,72],[159,276],[358,16],[34,227],[-71,126],[-182,14],[-308,395],[329,465],[-431,326],[181,170],[-575,785],[146,158],[258,-59],[129,107],[3,75],[-361,320],[61,79],[175,-68],[60,117],[-241,761],[501,168],[487,366],[-41,87],[-143,-107],[-148,37],[-71,278],[339,-27],[42,121],[-129,145],[-341,-21],[-129,241],[223,179],[583,-20],[48,78],[-331,373],[-122,24],[-213,-200],[-139,-17],[-181,251],[317,286],[278,769],[180,142],[339,44],[0,64],[-309,-6],[180,175],[-50,489],[258,103],[223,-10],[133,144],[139,-89],[451,591],[-42,445],[-87,93],[-304,-162],[-160,-285],[-122,14],[-42,244],[-300,355],[231,24],[27,62],[-313,134],[-300,552],[356,550],[-335,166],[179,179],[73,282],[164,-27],[258,-286],[132,38],[-193,544],[-133,80],[-782,-99],[10,226],[-130,132],[148,147],[-239,214],[5,230],[-345,272],[-222,-21],[-782,-335],[-353,21],[-52,119],[125,379],[-99,300],[609,12],[105,256],[-2,292],[-288,178],[-468,-10],[-235,184],[-395,-23],[-71,60],[-18,265],[-308,-95],[-95,214],[48,344],[267,-83],[31,326],[147,111],[60,-251],[115,-5],[84,395],[165,33],[418,339],[-389,404],[23,207],[-180,169],[-133,85],[-236,-57],[-83,52],[68,140],[390,222],[-94,284],[-301,263],[63,210],[-233,163],[309,462],[-125,54],[-539,-33],[-235,449],[39,65],[322,-119],[143,74],[-130,236],[286,767],[251,201],[465,80],[191,393],[-1,246],[-134,189],[-152,39],[-241,-126],[-81,65],[101,336],[-32,316],[206,70],[69,143],[-51,470],[62,296],[239,381],[189,98],[71,-47],[-78,-269],[85,-307],[367,20],[194,-95],[150,55],[20,525],[298,107],[-233,445],[32,156],[130,92],[571,-22],[211,70],[384,457],[-34,102],[-150,56],[-642,-236],[-283,-2],[-64,144],[153,221],[-7,267],[-315,153],[-295,341],[-286,-314],[-182,68],[10,261],[207,291],[-15,160],[249,100],[273,-3],[62,90],[-200,309],[30,204],[372,243],[130,-284],[150,-3],[64,267],[-103,766],[-317,88],[-160,-46],[-239,-222],[-152,8],[-72,257],[75,608],[-69,83],[-217,-7],[-49,94],[-7,107],[153,209],[-40,156],[-499,260],[54,345],[-120,537],[-221,173],[-214,-24],[-350,-656],[-238,-95],[-241,397],[236,342],[-152,221],[-236,134],[-148,297],[-5,311],[411,99],[190,207],[-135,114],[-384,25],[-108,131],[56,185],[443,9],[148,80],[12,165],[-88,139],[69,124],[334,-170],[160,174],[212,-65],[214,46],[103,177],[-32,211],[-349,173],[-100,181],[-263,-72],[-146,56],[-22,141],[278,-24],[32,97],[-327,299],[-371,-8],[-498,-263],[-325,27],[-32,85],[91,114],[-174,202],[123,213],[-361,326],[-50,-75],[175,-571],[-549,-518],[-303,146],[-438,66],[-363,287],[-126,251],[187,104],[-37,146],[-265,75],[-613,-99],[-312,234],[-263,-56],[-170,343],[-544,29],[-58,241],[-446,-53],[-366,-251],[-394,35],[-236,214],[204,410],[-150,312],[-100,63],[78,-243],[-54,-117],[-111,-7],[-395,627],[-372,-391],[-433,323],[-32,-201],[135,-535],[-462,27],[-197,-112],[-288,-400],[-384,-29],[-170,126],[-78,192],[349,262],[94,187],[-234,44],[-236,375],[-101,31],[-290,-145],[-266,-348],[-121,-588],[-308,-94],[-31,318],[-325,190],[-374,569],[-19,104],[160,139],[-320,372],[347,328],[320,-144],[-108,760],[-415,-355],[-724,-64],[-287,-156],[-335,-26],[-214,75],[-91,318],[-482,88],[-229,-133],[-765,61],[-172,70],[-381,465],[-172,92],[-416,-144],[-73,305],[-371,31],[43,355],[-300,137],[-67,184],[134,159],[-279,249],[349,269],[84,296],[-27,276],[216,-245],[117,152],[-71,678],[-289,527],[14,139],[92,0],[373,-508],[172,-1],[11,207],[224,-76],[86,218],[-201,257],[188,21],[120,311],[1,283],[-173,49],[-313,-449],[-624,57],[-68,189],[-479,11],[-517,140],[-294,155],[-35,120],[180,225],[272,-47],[243,119],[101,158],[-62,123],[-232,40],[-254,-89],[-294,405],[-62,-80],[9,-389],[-105,-112],[-143,27],[-157,164],[-42,288],[-403,-229],[-72,147],[-253,136],[159,200],[-252,262],[275,196],[-223,132],[86,135],[-231,227],[-121,-50],[-137,-220],[-497,-266],[13,333],[-142,449],[198,-69],[139,73],[84,140],[-223,151],[7,84],[429,133],[-48,169],[-181,154],[-158,-75],[-215,-289],[-347,221],[54,-479],[-219,-284],[-293,-37],[141,-224],[-79,-120],[-743,493],[-57,131],[77,281],[-45,71],[-161,-77],[-285,-348],[-265,-135],[-127,84],[70,471],[-63,14],[-222,-306],[-104,371],[-118,114],[-100,-41],[-146,-317],[-136,-59],[6,235],[-126,228],[126,377],[-273,-66],[-68,187],[65,263],[331,-198],[54,66],[-79,420],[-308,296],[162,178],[307,-93],[79,379],[-265,342],[-561,-656],[-341,-46],[-183,47],[186,198],[-26,122],[-414,-148],[-30,417],[-83,49],[-269,-102],[-250,492],[-122,-28],[-95,-140],[-169,-620],[-277,-168],[51,348],[-289,206],[34,268],[-262,-65],[-111,-202],[-322,-56],[245,253],[-542,294],[-3,332],[-265,-370],[-98,21],[67,229],[-117,109],[-251,-165],[-239,-24],[-203,-300],[-91,608],[239,8],[105,-104],[119,169],[-326,102],[-268,394],[144,103],[89,-244],[146,14],[165,192],[38,201],[-68,152],[-84,37],[-47,-140],[-199,-60],[-387,-4],[-169,92],[-69,162],[56,532],[-175,313],[-429,-52],[-148,-264],[-83,250],[-159,107],[28,112],[-106,86],[-600,-473],[-245,410],[-207,4],[-267,277],[-199,-100],[-220,92],[41,659],[-97,25],[-196,-112],[-144,114],[68,88],[296,69],[11,145],[-107,97],[-441,-164],[-102,442],[72,181],[-342,522],[54,378],[212,415],[-513,263],[-167,597],[-502,414],[-257,435],[-207,-2],[-178,-278],[-194,96],[-111,-32],[-159,-224],[-100,89],[59,306],[-67,90],[-359,-334],[-86,58],[61,251],[-186,-158],[-197,110],[-255,-575],[-102,-50],[-77,79],[42,178],[-185,109],[163,247],[-23,180],[-101,-31],[-184,-410],[-423,-114],[-283,176],[21,232],[-217,-182],[-299,506],[-287,75],[67,301],[-53,276],[-196,313],[-64,-7],[-44,-242],[-188,190],[-81,527],[156,127],[55,385],[282,80],[-72,304],[-254,165],[442,542],[-309,499],[119,267],[-18,185],[-191,348],[-449,487],[-605,99],[-150,105],[72,204],[-96,186],[176,202],[-173,202],[225,367],[-96,98],[-197,-39],[-152,229],[-216,-102],[-188,75],[-578,1251],[-322,120],[-679,-96],[-317,271],[-351,-6],[-363,-249],[-239,-490],[-303,-37],[-834,-518],[-186,-71],[-1021,42],[128,304],[623,637],[39,218],[-168,222],[7,152],[261,94],[252,551],[52,680],[-131,827],[-16,912],[-251,435],[-521,177],[-541,-20],[-345,263],[-315,-177],[-93,-244],[43,-256],[-101,-384],[-52,-72],[-135,18],[-186,-240],[-987,142],[-838,-114],[-119,64],[-267,-139],[-480,-37],[-94,688],[-299,835],[33,491],[401,499],[186,400],[-101,1177],[101,674],[440,706],[660,721],[72,696],[-131,399],[20,173],[529,662],[630,332],[207,262],[14,404],[-356,773],[63,238],[87,140],[3117,1986],[288,118],[427,364],[50,159],[-190,433],[-21,496],[62,354],[373,601],[395,323],[511,119],[246,167],[255,328],[54,507],[102,186],[440,258],[160,274],[1004,733],[264,395],[155,406],[-89,865],[76,366],[-35,709],[508,456],[252,832],[246,359],[405,270],[896,279],[663,370],[359,33],[120,-66],[344,12],[331,-210],[453,119],[634,-302],[456,-527],[428,-90],[231,243],[577,-46],[34,512],[171,194],[1101,-157],[736,-365],[254,193],[499,-14],[515,149],[348,213],[267,448],[100,-46],[88,-226],[253,-103],[1125,-943],[633,232],[641,74],[376,370],[251,17],[95,312],[293,151],[79,-49],[-25,-182],[338,-23],[-45,-226],[60,-133],[300,-136],[-165,-254],[70,-72],[527,145],[-42,292],[127,158],[621,-226],[95,230],[194,49],[53,132],[67,-2],[200,-316],[357,-179],[103,-259],[709,-535]],[[2393769,2503481],[-131,492],[153,407],[160,1290],[246,445],[687,568],[392,484],[400,156],[884,135],[303,227],[269,428],[-55,807],[-380,917],[-37,631],[188,521],[579,693],[-238,822],[346,411],[808,1319],[-253,814],[-117,759],[-339,362],[259,821],[1419,932],[656,1592],[408,1337],[432,735],[1826,890]],[[2532651,2310287],[-460,180],[-368,20],[-547,-216],[-885,-205],[-488,-1098],[-309,-225],[-576,-78],[-488,-353],[-278,-314],[-210,-392],[-10,-167],[20,-157],[119,-118],[368,-88],[258,49],[279,107],[378,284],[737,1079],[298,304],[338,88],[388,-11],[417,-186],[556,-501],[308,-658],[158,-903],[485,-1658],[89,-628],[218,-422],[-70,-304],[-109,-108],[-626,-98],[-508,-195],[-805,-686],[-408,-118],[-358,177],[-99,157],[-208,962],[-268,216],[-368,20],[-159,-68],[-378,-363],[-70,-284],[59,-462],[576,-962],[129,-382],[0,-148],[-209,-245],[-507,-9],[-606,854],[-318,108],[-398,-225],[-308,-411],[-42,-1609],[-179,-295],[-308,-78],[-248,148],[-189,294],[-179,128],[-566,157],[-458,-156],[-447,-372],[-646,-49],[-1383,-536],[-717,-459],[-883,821],[-427,207],[-407,69],[-398,-88],[-179,-118],[-617,-764],[-507,-157],[-1242,973],[-258,814],[-834,354],[-716,50],[-99,69],[-288,648],[-725,589],[-328,157],[-954,-97],[-596,89],[-607,-49],[-238,128],[-89,609],[-328,235],[-258,50],[-412,-151],[-536,-6],[-788,160],[-283,-237],[-1174,-208],[-851,353],[-340,456],[-169,137],[-149,10],[-288,-98],[-587,-509],[-647,-402],[-258,-373],[39,-578],[-279,-118],[-884,413],[-437,-49],[-486,-253],[-1590,172],[-967,498],[-782,301],[-689,563],[-304,145],[-173,-39],[-79,-118],[-67,-510],[-199,13],[-782,472],[-463,419],[-278,418],[-583,367],[-238,0],[-359,-222],[-2041,-273],[-1153,67],[-278,-78],[-305,-301],[-146,0],[-438,131],[-1417,734],[-530,118],[-345,-130],[-27,-471],[-93,-170],[-1507,-176],[-568,-505],[-368,73],[-574,444],[-207,-80],[-446,-505],[-250,-127],[-1859,-140],[-1737,-351],[-689,105],[-1789,708],[-371,65],[-702,-12],[-690,-235],[-185,13],[-623,446],[-650,744]],[[2440178,2133847],[20,256],[252,586],[-138,261],[-255,-113],[-242,-239],[-397,-95],[-257,-193],[-24,-136],[233,-412],[-26,-107],[-1132,-234],[-67,227],[-205,14],[-390,313],[-130,215],[-313,114],[-483,-5],[-330,-330],[-362,100],[-388,-64],[-222,48],[-254,193],[-80,359],[-226,134],[-380,74],[-80,411],[-192,169],[-181,102],[-636,60],[-596,371],[-275,-39],[-453,-257],[-400,141],[-247,-125],[-1091,746],[-117,261],[244,116],[14,146],[-354,10],[-137,223],[-238,36],[-361,788],[-444,-21],[-280,335],[-155,52],[-287,-95],[-283,-279],[-241,27],[-140,147],[242,415],[-41,184],[-546,95],[-393,261],[-638,115],[-298,166],[-488,57],[-65,193],[156,180],[-188,219],[-601,328],[-151,0],[-199,-167],[-373,246],[-266,63],[-76,90],[142,288],[-92,89],[-391,71],[-271,246],[-501,-45],[-177,154],[-161,-125],[-76,-257],[-202,-72],[-1326,206],[-484,240],[-108,377],[-413,537],[-211,14],[-266,-232],[-311,84],[-253,362],[-348,-52],[-218,73],[-253,227],[-77,-131],[-315,-9],[-221,176],[-12,301],[-162,181],[-28,290],[-190,49],[246,435],[-260,207],[-197,-41],[-288,-350],[-444,69],[-265,-264],[38,-702],[125,-144],[583,-280],[130,-299],[-63,-320],[-206,-91],[-484,175],[-869,-631],[-172,-493],[64,-287],[202,-168],[615,129],[369,-202],[425,-103],[129,-103],[7,-127],[-608,-188],[-625,91],[-394,-168],[-534,-31],[-476,-245],[-61,-140],[199,-431],[-148,-489],[-142,-84],[-223,200],[-100,458],[-543,379],[-218,-29],[110,-267],[-211,-86],[-370,23],[-209,219],[-339,143],[107,426],[164,103],[59,142],[-8,277],[-121,196],[-305,8],[-386,-245],[-451,-154],[-221,111],[-426,-89],[-160,44],[-80,174],[135,272],[-280,38],[-90,83],[-66,794],[-251,360],[-693,3],[-325,-414],[-272,-71],[-286,768],[-924,1146],[169,1036],[274,718],[-56,297],[-253,221],[-326,-59],[-439,-385],[-454,-105],[-199,91],[-460,452],[-222,97],[-376,-76],[-540,-332],[-372,110],[-360,-26],[-383,179],[-60,325],[-274,152],[-127,-111],[-260,-524],[-172,-113],[-414,17],[-220,133],[-93,204],[-751,-499],[-266,157],[-23,540],[-208,86],[-387,-361],[129,-521],[-64,-255],[-136,-45],[-112,86],[-70,311],[-202,251],[-529,-110],[-211,172],[-130,264],[20,149],[166,112],[-49,173],[-556,69],[-190,139],[-555,-484],[-147,0],[-253,276],[-253,-83],[-162,-221],[-92,0],[-133,187],[-197,0],[-499,-228],[-90,-231],[-134,-90],[-199,80],[-83,-167],[-246,-27],[-323,200],[-190,456],[-302,324],[7,194],[84,41],[323,-110],[106,96],[-148,677],[-190,180],[-161,27],[-267,214],[-436,7],[-225,-14],[-469,-250],[-796,-109],[-57,49],[35,214],[-84,41],[-576,-504],[-331,-7],[-274,-249],[-281,70],[-63,89],[126,132],[-365,372],[-373,28],[-506,-110],[-42,62],[119,131],[7,152],[-126,34],[-113,-76],[-112,104],[-21,552],[-471,443],[105,372],[-177,90],[-218,6],[-734,-354],[-110,-164],[-555,-219],[-919,317],[-238,260],[-593,-206],[66,-431],[78,-73],[-42,-221],[-514,-311],[-193,-2],[-200,226],[-485,66],[-183,193],[-112,-83],[80,-182],[-123,-101],[-379,0],[-636,-186],[-161,68],[-127,211],[-55,254],[86,268],[-217,259],[-163,438],[-260,242],[-365,83],[-820,-379],[-451,-338],[-170,-257],[-761,-352],[-451,-318],[-502,-52],[-705,-222],[-568,-30],[-668,318],[-482,2],[-610,741],[-432,88],[-165,-42],[-831,207],[-1016,502],[-112,146],[-260,-83],[-304,-312],[-292,70],[-347,674],[-396,213],[-494,26],[-268,470],[-493,195],[-409,909],[-704,531],[-313,78],[-431,-61],[-753,657],[-920,474],[-1011,-183],[-230,51],[-553,471],[-2587,1556],[-443,742],[-357,178],[-443,88],[-678,-6],[-928,357],[-931,164],[-373,334],[-301,135],[-379,48],[-334,-63],[-280,-127],[-764,-2618],[-216,381],[-51,298],[-624,1177],[-810,464],[-144,404],[-430,209],[-202,448],[-287,232],[-152,547],[14,238],[-267,275],[-371,713],[-101,415],[-692,580],[-286,99],[-355,-17],[-185,116],[-220,332],[-496,1198],[-582,454],[-354,685],[-625,530],[-388,787],[-1046,1048],[-293,685],[-279,216],[-452,188],[-325,100],[-601,36],[-161,86],[-781,1177],[-821,702],[-786,459],[-12694,-11224],[-178,108],[-15,280],[-337,208],[173,385],[-8,495],[-397,425],[-256,-385],[-158,-55],[-393,111],[-1192,-215],[-307,14],[-62,-172],[-188,-118],[-104,-178],[-346,-68],[-67,-255],[-88,8],[-37,200],[-67,23],[-182,-328],[-231,151],[-137,-205],[-199,-125],[-406,56],[-58,-143],[-184,33],[-85,-259],[-131,-120],[-388,-103],[-533,-16],[-178,110],[-144,-94],[-149,225],[-194,-238],[-509,29],[-143,106],[-39,-126],[-94,-29],[56,133],[-75,80],[-245,31],[85,-285],[143,25],[93,-101],[-364,4],[-104,-367],[-96,-66],[-158,10],[-276,169],[-365,-533],[-131,48],[-218,354],[-371,-226],[-256,38],[-260,-154],[-249,14],[-104,-231],[-154,0],[24,-257],[-183,-111],[-267,-635],[-306,-368],[-316,97],[-141,-35],[-302,-361],[-508,-255],[-201,-609],[-389,-396],[57,-243],[-70,-367],[-95,-287],[-166,-170],[0,-192],[129,-206],[18,-405],[-412,-177],[-25,-452],[-379,-25],[39,-166],[-153,-94],[-92,-185],[-416,-135],[-352,-401],[-1,-137],[166,-221],[-100,-188],[-560,-348],[-355,-13],[75,-333],[-66,-154],[-262,-53],[-325,116],[-70,-124],[-233,-25],[-571,-275],[-307,137],[-349,-25],[-253,169],[-598,38],[-595,380],[-228,-20],[-205,156],[-179,-39],[-247,-200],[-312,-58],[-229,97],[-223,-33],[-449,186],[-798,-108],[-230,-74],[-941,-685],[-457,-575],[-734,-1169],[-557,-588],[-417,-83],[-559,195],[-286,-21],[-5419,-925],[-1617,176],[42,-184],[-415,35],[-127,-118],[211,-428],[-112,-214],[-14,-297],[-331,-200],[-63,-180],[63,-296],[-42,-187],[-281,21],[-190,-525],[-7,-83],[204,-117],[162,-228],[-78,-145],[-281,117],[-77,-124],[56,-207],[204,-104],[35,-97],[-91,-393],[21,-511],[-225,-181],[-397,-58],[-310,-484],[-827,-57],[-215,-82],[-334,-247],[-183,-383],[-543,-56],[-1266,-860],[-168,48],[-75,266],[-170,112],[-469,6],[-377,-159],[-902,623],[-1055,34],[-880,-175],[-1371,-1182],[-527,-175],[-493,-382],[-879,-383],[-1442,-488],[-3296,-674]]]}
