{"type":"Topology","bbox":[-79.01021228381863,0.36134794025631134,-76.8336810639819,2.683898943080691],"transform":{"scale":[0.000003385120954067422,0.0000034456095261769775],"translate":[-81.73562055563167,-4.229406466336059]},"objects":{"MGN_ADM_MPIO_GRAFICO":{"type":"GeometryCollection","geometries":[{"type":"Polygon","arcs":[[43,44,45,46,47,21,22,23,48,49]],"bbox":[-77.38395955603319,0.8215090924772461,-77.02659572203325,1.3535559962428119],"properties":{"dpto_ccdgo":"52","mpio_ccdgo":"001","mpio_cdpmp":"52001","dpto_cnmbr":"NARIÑO","mpio_cnmbr":"PASTO"}},{"type":"Polygon","arcs":[[50,51,52,53,54]],"bbox":[-77.11029622274351,1.4319194936966548,-77.01933463758678,1.515892443459114],"properties":{"dpto_ccdgo":"52","mpio_ccdgo":"019","mpio_cdpmp":"52019","dpto_cnmbr":"NARIÑO","mpio_cnmbr":"ALBÁN"}},{"type":"Polygon","arcs":[[55,56,57,58]],"bbox":[-77.72651687098005,0.8374932750691819,-77.6612754348323,0.9764202511646376],"properties":{"dpto_ccdgo":"52","mpio_ccdgo":"022","mpio_cdpmp":"52022","dpto_cnmbr":"NARIÑO","mpio_cnmbr":"ALDANA"}},{"type":"Polygon","arcs":[[59,60,61,62,63]],"bbox":[-77.56834370928028,1.1838941831738579,-77.50096287668958,1.3179904147136137],"properties":{"dpto_ccdgo":"52","mpio_ccdgo":"036","mpio_cdpmp":"52036","dpto_cnmbr":"NARIÑO","mpio_cnmbr":"ANCUYA"}},{"type":"Polygon","arcs":[[-53,64,65,66]],"bbox":[-77.18372626647916,1.4363643299854232,-77.08188151745507,1.5288582721061186],"properties":{"dpto_ccdgo":"52","mpio_ccdgo":"051","mpio_cdpmp":"52051","dpto_cnmbr":"NARIÑO","mpio_cnmbr":"ARBOLEDA"}},{"type":"Polygon","arcs":[[67,68,69,33,70,71,72,73]],"bbox":[-78.50970522515499,1.1381261518376489,-77.79160597668485,1.8540548991867016],"properties":{"dpto_ccdgo":"52","mpio_ccdgo":"079","mpio_cdpmp":"52079","dpto_cnmbr":"NARIÑO","mpio_cnmbr":"BARBACOAS"}},{"type":"Polygon","arcs":[[74,75,76,77]],"bbox":[-77.08173595725405,1.5544419228379827,-76.99941320077208,1.6355722447413452],"properties":{"dpto_ccdgo":"52","mpio_ccdgo":"083","mpio_cdpmp":"52083","dpto_cnmbr":"NARIÑO","mpio_cnmbr":"BELÉN"}},{"type":"Polygon","arcs":[[-65,-52,78,19,20,-48,79,80]],"bbox":[-77.2539641411551,1.182522830582439,-76.93306821519332,1.4524794457393533],"properties":{"dpto_ccdgo":"52","mpio_ccdgo":"110","mpio_cdpmp":"52110","dpto_cnmbr":"NARIÑO","mpio_cnmbr":"BUESACO"}},{"type":"Polygon","arcs":[[81,-78,82,83]],"bbox":[-77.10284218640267,1.5861415304788107,-76.98469130974284,1.6722404213189206],"properties":{"dpto_ccdgo":"52","mpio_ccdgo":"203","mpio_cdpmp":"52203","dpto_cnmbr":"NARIÑO","mpio_cnmbr":"COLÓN"}},{"type":"Polygon","arcs":[[84,-44,85,86,87,-61,88]],"bbox":[-77.50898899847168,1.153345409114773,-77.35624218566129,1.2638840083240561],"properties":{"dpto_ccdgo":"52","mpio_ccdgo":"207","mpio_cdpmp":"52207","dpto_cnmbr":"NARIÑO","mpio_cnmbr":"CONSACÁ"}},{"type":"Polygon","arcs":[[89,90,91,92,93]],"bbox":[-77.575807900984,0.8959204758045649,-77.4696403525016,0.959233550848066],"properties":{"dpto_ccdgo":"52","mpio_ccdgo":"210","mpio_cdpmp":"52210","dpto_cnmbr":"NARIÑO","mpio_cnmbr":"CONTADERO"}},{"type":"Polygon","arcs":[[94,26,95,96]],"bbox":[-77.55913279516427,0.6309531032415547,-77.1769864906596,0.892519659202228],"properties":{"dpto_ccdgo":"52","mpio_ccdgo":"215","mpio_cdpmp":"52215","dpto_cnmbr":"NARIÑO","mpio_cnmbr":"CÓRDOBA"}},{"type":"Polygon","arcs":[[-58,97,30,98,99]],"bbox":[-77.7798697623371,0.8283279537295511,-77.6829131279707,0.9223103991655544],"properties":{"dpto_ccdgo":"52","mpio_ccdgo":"224","mpio_cdpmp":"52224","dpto_cnmbr":"NARIÑO","mpio_cnmbr":"CUASPUD CARLOSAMA"}},{"type":"Polygon","arcs":[[100,-99,31,101,102]],"bbox":[-78.20895415399087,0.8013660591872158,-77.75307652998566,1.0784068475299495],"properties":{"dpto_ccdgo":"52","mpio_ccdgo":"227","mpio_cdpmp":"52227","dpto_cnmbr":"NARIÑO","mpio_cnmbr":"CUMBAL"}},{"type":"Polygon","arcs":[[103,104,105,106,107]],"bbox":[-77.7129154549866,1.5762698591863131,-77.47341814748633,1.90589754011756],"properties":{"dpto_ccdgo":"52","mpio_ccdgo":"233","mpio_cdpmp":"52233","dpto_cnmbr":"NARIÑO","mpio_cnmbr":"CUMBITARA"}},{"type":"Polygon","arcs":[[108,-80,-47,109,110,111]],"bbox":[-77.32214386229097,1.2889232527507843,-77.21910416557012,1.519558571994967],"properties":{"dpto_ccdgo":"52","mpio_ccdgo":"240","mpio_cdpmp":"52240","dpto_cnmbr":"NARIÑO","mpio_cnmbr":"CHACHAGÜÍ"}},{"type":"Polygon","arcs":[[112,-15,-14,-13,113,114,-107,115,116,41]],"bbox":[-78.22532798404569,1.8955641571485558,-77.30534689211689,2.683898943080691],"properties":{"dpto_ccdgo":"52","mpio_ccdgo":"250","mpio_cdpmp":"52250","dpto_cnmbr":"NARIÑO","mpio_cnmbr":"EL CHARCO"}},{"type":"Polygon","arcs":[[117,118,119,120,121]],"bbox":[-77.48939591838953,1.4414879513508483,-77.38581460231602,1.6055368665016605],"properties":{"dpto_ccdgo":"52","mpio_ccdgo":"254","mpio_cdpmp":"52254","dpto_cnmbr":"NARIÑO","mpio_cnmbr":"EL PEÑOL"}},{"type":"Polygon","arcs":[[122,-10,123,124,-108,-115]],"bbox":[-77.67172868833846,1.6663656570767893,-77.29466345038585,1.9880960009740383],"properties":{"dpto_ccdgo":"52","mpio_ccdgo":"256","mpio_cdpmp":"52256","dpto_cnmbr":"NARIÑO","mpio_cnmbr":"EL ROSARIO"}},{"type":"Polygon","arcs":[[125,-1,17,18,-79,-51,126]],"bbox":[-77.10469046244359,1.2853949485959788,-76.90415251200368,1.5178633321080879],"properties":{"dpto_ccdgo":"52","mpio_ccdgo":"258","mpio_cdpmp":"52258","dpto_cnmbr":"NARIÑO","mpio_cnmbr":"EL TABLÓN DE GÓMEZ"}},{"type":"Polygon","arcs":[[-111,127,128,129,-118,130]],"bbox":[-77.48911495335034,1.3318383193993188,-77.29220585257319,1.52870321967744],"properties":{"dpto_ccdgo":"52","mpio_ccdgo":"260","mpio_cdpmp":"52260","dpto_cnmbr":"NARIÑO","mpio_cnmbr":"EL TAMBO"}},{"type":"Polygon","arcs":[[131,-49,24,132,-90,133,134,135]],"bbox":[-77.48071985338426,0.7438347169286388,-77.13915437887694,1.0552833619997761],"properties":{"dpto_ccdgo":"52","mpio_ccdgo":"287","mpio_cdpmp":"52287","dpto_cnmbr":"NARIÑO","mpio_cnmbr":"FUNES"}},{"type":"Polygon","arcs":[[136,-59,-100,-101,137,138]],"bbox":[-77.83094446729207,0.9093583529566551,-77.61322025776836,1.0400020837511814],"properties":{"dpto_ccdgo":"52","mpio_ccdgo":"317","mpio_cdpmp":"52317","dpto_cnmbr":"NARIÑO","mpio_cnmbr":"GUACHUCAL"}},{"type":"Polygon","arcs":[[139,140,141,142,143,-62,-88]],"bbox":[-77.59129821446982,1.0930196775304664,-77.47252786067541,1.2190531827789677],"properties":{"dpto_ccdgo":"52","mpio_ccdgo":"320","mpio_cdpmp":"52320","dpto_cnmbr":"NARIÑO","mpio_cnmbr":"GUAITARILLA"}},{"type":"Polygon","arcs":[[-93,144,145,146]],"bbox":[-77.61126027273596,0.8942286815272116,-77.55157720519479,0.9748938461445409],"properties":{"dpto_ccdgo":"52","mpio_ccdgo":"323","mpio_cdpmp":"52323","dpto_cnmbr":"NARIÑO","mpio_cnmbr":"GUALMATÁN"}},{"type":"Polygon","arcs":[[-134,-94,-147,147,148,149]],"bbox":[-77.59545852812238,0.9442417037996709,-77.46128925910791,1.0260749300463736],"properties":{"dpto_ccdgo":"52","mpio_ccdgo":"352","mpio_cdpmp":"52352","dpto_cnmbr":"NARIÑO","mpio_cnmbr":"ILES"}},{"type":"Polygon","arcs":[[-135,-150,150,151,-141,152]],"bbox":[-77.56989747979821,1.0211442628144143,-77.44760321509061,1.1171389442137052],"properties":{"dpto_ccdgo":"52","mpio_ccdgo":"354","mpio_cdpmp":"52354","dpto_cnmbr":"NARIÑO","mpio_cnmbr":"IMUÉS"}},{"type":"Polygon","arcs":[[-92,153,-97,154,27,28,29,-98,-57,155,-145]],"bbox":[-77.69783474113623,0.36134794025631134,-77.08802212686575,0.903559392124099],"properties":{"dpto_ccdgo":"52","mpio_ccdgo":"356","mpio_cdpmp":"52356","dpto_cnmbr":"NARIÑO","mpio_cnmbr":"IPIALES"}},{"type":"Polygon","arcs":[[-2,-126,156,-75,-82,157,-3]],"bbox":[-77.01464285994443,1.4993535177334651,-76.8336810639819,1.6636160606749],"properties":{"dpto_ccdgo":"52","mpio_ccdgo":"378","mpio_cdpmp":"52378","dpto_cnmbr":"NARIÑO","mpio_cnmbr":"LA CRUZ"}},{"type":"Polygon","arcs":[[-46,158,-85,159,-128,-110]],"bbox":[-77.46703719448792,1.2211239941042002,-77.29061146060383,1.422640467242661],"properties":{"dpto_ccdgo":"52","mpio_ccdgo":"381","mpio_cdpmp":"52381","dpto_cnmbr":"NARIÑO","mpio_cnmbr":"LA FLORIDA"}},{"type":"Polygon","arcs":[[160,161,-68,162]],"bbox":[-77.8670840185977,1.4296350545807996,-77.53472607308545,1.6668032494866134],"properties":{"dpto_ccdgo":"52","mpio_ccdgo":"385","mpio_cdpmp":"52385","dpto_cnmbr":"NARIÑO","mpio_cnmbr":"LA LLANADA"}},{"type":"Polygon","arcs":[[163,164,40,-117]],"bbox":[-78.31104263172364,2.033026749195386,-78.15909132233746,2.6666812322783846],"properties":{"dpto_ccdgo":"52","mpio_ccdgo":"390","mpio_cdpmp":"52390","dpto_cnmbr":"NARIÑO","mpio_cnmbr":"LA TOLA"}},{"type":"Polygon","arcs":[[-6,165,-83,-77,166,167,-7]],"bbox":[-77.23751922356024,1.5301538212879606,-77.0627488138227,1.6856438423757494],"properties":{"dpto_ccdgo":"52","mpio_ccdgo":"399","mpio_cdpmp":"52399","dpto_cnmbr":"NARIÑO","mpio_cnmbr":"LA UNIÓN"}},{"type":"Polygon","arcs":[[-11,-123,-114,-12]],"bbox":[-77.4212432782213,1.8310175538946822,-77.20316024587645,2.1253036179159315],"properties":{"dpto_ccdgo":"52","mpio_ccdgo":"405","mpio_cdpmp":"52405","dpto_cnmbr":"NARIÑO","mpio_cnmbr":"LEIVA"}},{"type":"Polygon","arcs":[[-130,168,-64,169,-161,170,-119]],"bbox":[-77.57333676268755,1.304786839009303,-77.47416287409622,1.5058209268140992],"properties":{"dpto_ccdgo":"52","mpio_ccdgo":"411","mpio_cdpmp":"52411","dpto_cnmbr":"NARIÑO","mpio_cnmbr":"LINARES"}},{"type":"Polygon","arcs":[[-105,171,-120,-171,-163,-74,172]],"bbox":[-77.96299803571024,1.4473144770596136,-77.43687238166622,1.8694292088925026],"properties":{"dpto_ccdgo":"52","mpio_ccdgo":"418","mpio_cdpmp":"52418","dpto_cnmbr":"NARIÑO","mpio_cnmbr":"LOS ANDES"}},{"type":"Polygon","arcs":[[173,-164,-116,-106,-173,-73,174]],"bbox":[-78.28306799215922,1.698726821746643,-77.67286947409998,2.117137523338892],"properties":{"dpto_ccdgo":"52","mpio_ccdgo":"427","mpio_cdpmp":"52427","dpto_cnmbr":"NARIÑO","mpio_cnmbr":"MAGÜÍ"}},{"type":"Polygon","arcs":[[175,-138,-103,176,177]],"bbox":[-77.97770638625566,0.9989028533229423,-77.71591128703095,1.3788571069935296],"properties":{"dpto_ccdgo":"52","mpio_ccdgo":"435","mpio_cdpmp":"52435","dpto_cnmbr":"NARIÑO","mpio_cnmbr":"MALLAMA"}},{"type":"Polygon","arcs":[[178,179,180,38,181]],"bbox":[-78.56974711551729,2.190439420398781,-78.30332117082742,2.6565959331952644],"properties":{"dpto_ccdgo":"52","mpio_ccdgo":"473","mpio_cdpmp":"52473","dpto_cnmbr":"NARIÑO","mpio_cnmbr":"MOSQUERA"}},{"type":"Polygon","arcs":[[-159,-45]],"bbox":[-77.37576079308243,1.2211239941042002,-77.32864329452278,1.3177561132658333],"properties":{"dpto_ccdgo":"52","mpio_ccdgo":"480","mpio_cdpmp":"52480","dpto_cnmbr":"NARIÑO","mpio_cnmbr":"NARIÑO"}},{"type":"Polygon","arcs":[[-174,182,-182,39,-165]],"bbox":[-78.42674606593366,2.0175731904704826,-78.19763430952047,2.658084436510573],"properties":{"dpto_ccdgo":"52","mpio_ccdgo":"490","mpio_cdpmp":"52490","dpto_cnmbr":"NARIÑO","mpio_cnmbr":"OLAYA HERRERA"}},{"type":"Polygon","arcs":[[-149,183,184,-151]],"bbox":[-77.59893843246316,0.9871843353244145,-77.49688042081897,1.0717361474872709],"properties":{"dpto_ccdgo":"52","mpio_ccdgo":"506","mpio_cdpmp":"52506","dpto_cnmbr":"NARIÑO","mpio_cnmbr":"OSPINA"}},{"type":"Polygon","arcs":[[185,186,36,187,-180]],"bbox":[-78.71287679969717,1.8928145607466664,-78.46994697954948,2.279119072773998],"properties":{"dpto_ccdgo":"52","mpio_ccdgo":"520","mpio_cdpmp":"52520","dpto_cnmbr":"NARIÑO","mpio_cnmbr":"FRANCISCO PIZARRO"}},{"type":"Polygon","arcs":[[188,-121,-172,-104,-125]],"bbox":[-77.6248989250599,1.5845599957062948,-77.34823637460492,1.8829153245779597],"properties":{"dpto_ccdgo":"52","mpio_ccdgo":"540","mpio_cdpmp":"52540","dpto_cnmbr":"NARIÑO","mpio_cnmbr":"POLICARPA"}},{"type":"Polygon","arcs":[[-155,-96]],"bbox":[-77.64267081006875,0.6273317676295429,-77.18680672654735,0.8405391938903222],"properties":{"dpto_ccdgo":"52","mpio_ccdgo":"560","mpio_cdpmp":"52560","dpto_cnmbr":"NARIÑO","mpio_cnmbr":"POTOSÍ"}},{"type":"Polygon","arcs":[[-143,189,190,191]],"bbox":[-77.62322329018764,1.1710558420793227,-77.57170851950863,1.307405502249198],"properties":{"dpto_ccdgo":"52","mpio_ccdgo":"565","mpio_cdpmp":"52565","dpto_cnmbr":"NARIÑO","mpio_cnmbr":"PROVIDENCIA"}},{"type":"Polygon","arcs":[[25,-95,-154,-91,-133]],"bbox":[-77.54149631499358,0.671108236659621,-77.15915367347358,0.927943970740853],"properties":{"dpto_ccdgo":"52","mpio_ccdgo":"573","mpio_cdpmp":"52573","dpto_cnmbr":"NARIÑO","mpio_cnmbr":"PUERRES"}},{"type":"Polygon","arcs":[[-148,-146,-156,-56,-137,192]],"bbox":[-77.6886915294393,0.8425996683869759,-77.56650558860223,0.994371876796019],"properties":{"dpto_ccdgo":"52","mpio_ccdgo":"585","mpio_cdpmp":"52585","dpto_cnmbr":"NARIÑO","mpio_cnmbr":"PUPIALES"}},{"type":"Polygon","arcs":[[193,-177,-102,32,-70,194]],"bbox":[-78.29094178349838,1.0046742492792884,-77.82528115993591,1.4894956288790722],"properties":{"dpto_ccdgo":"52","mpio_ccdgo":"612","mpio_cdpmp":"52612","dpto_cnmbr":"NARIÑO","mpio_cnmbr":"RICAURTE"}},{"type":"Polygon","arcs":[[-72,195,-186,-179,-183,-175]],"bbox":[-78.53489729529517,1.488296556763963,-78.22677343069309,2.2499416513063313],"properties":{"dpto_ccdgo":"52","mpio_ccdgo":"621","mpio_cdpmp":"52621","dpto_cnmbr":"NARIÑO","mpio_cnmbr":"ROBERTO PAYÁN"}},{"type":"Polygon","arcs":[[-170,-63,-144,-192,196,-195,-69,-162]],"bbox":[-77.88615917517386,1.1895001898729474,-77.53795209335468,1.5959236159236267],"properties":{"dpto_ccdgo":"52","mpio_ccdgo":"678","mpio_cdpmp":"52678","dpto_cnmbr":"NARIÑO","mpio_cnmbr":"SAMANIEGO"}},{"type":"Polygon","arcs":[[-160,-89,-60,-169,-129]],"bbox":[-77.51416146328948,1.2260753349933164,-77.37554753046234,1.3689785444819806],"properties":{"dpto_ccdgo":"52","mpio_ccdgo":"683","mpio_cdpmp":"52683","dpto_cnmbr":"NARIÑO","mpio_cnmbr":"SANDONÁ"}},{"type":"Polygon","arcs":[[-127,-55,197,-76,-157]],"bbox":[-77.07200711963206,1.4869768883154366,-76.9315956875783,1.575346435833298],"properties":{"dpto_ccdgo":"52","mpio_ccdgo":"685","mpio_cdpmp":"52685","dpto_cnmbr":"NARIÑO","mpio_cnmbr":"SAN BERNARDO"}},{"type":"Polygon","arcs":[[-168,198,-66,-81,-109,199,-8]],"bbox":[-77.30229689813727,1.4477245045932285,-77.14557933844776,1.6708897423846594],"properties":{"dpto_ccdgo":"52","mpio_ccdgo":"687","mpio_cdpmp":"52687","dpto_cnmbr":"NARIÑO","mpio_cnmbr":"SAN LORENZO"}},{"type":"Polygon","arcs":[[-158,-84,-166,-5,-4]],"bbox":[-77.06996927681772,1.6283088998601647,-76.89992111081109,1.7290033926531603],"properties":{"dpto_ccdgo":"52","mpio_ccdgo":"693","mpio_cdpmp":"52693","dpto_cnmbr":"NARIÑO","mpio_cnmbr":"SAN PABLO"}},{"type":"Polygon","arcs":[[-198,-54,-67,-199,-167]],"bbox":[-77.14775597122123,1.487152614401272,-77.05680454142734,1.5899627114433406],"properties":{"dpto_ccdgo":"52","mpio_ccdgo":"694","mpio_cdpmp":"52694","dpto_cnmbr":"NARIÑO","mpio_cnmbr":"SAN PEDRO DE CARTAGO"}},{"type":"Polygon","arcs":[[-16,-113,42]],"bbox":[-78.11661143948487,1.9860424176964369,-77.5804218208444,2.661695435294006],"properties":{"dpto_ccdgo":"52","mpio_ccdgo":"696","mpio_cdpmp":"52696","dpto_cnmbr":"NARIÑO","mpio_cnmbr":"SANTA BÁRBARA"}},{"type":"Polygon","arcs":[[-191,200,201,-178,-194,-197]],"bbox":[-77.86347547966066,1.091386458615058,-77.61425610478031,1.4639533254615227],"properties":{"dpto_ccdgo":"52","mpio_ccdgo":"699","mpio_cdpmp":"52699","dpto_cnmbr":"NARIÑO","mpio_cnmbr":"SANTACRUZ"}},{"type":"Polygon","arcs":[[202,-184,-193,-139,-176,-202]],"bbox":[-77.76410525405402,0.9853064781326477,-77.58011715995853,1.0981019515815769],"properties":{"dpto_ccdgo":"52","mpio_ccdgo":"720","mpio_cdpmp":"52720","dpto_cnmbr":"NARIÑO","mpio_cnmbr":"SAPUYES"}},{"type":"Polygon","arcs":[[-200,-112,-131,-122,-189,-124,-9]],"bbox":[-77.40267250466728,1.500345853277004,-77.25596474763896,1.68204662603042],"properties":{"dpto_ccdgo":"52","mpio_ccdgo":"786","mpio_cdpmp":"52786","dpto_cnmbr":"NARIÑO","mpio_cnmbr":"TAMINANGO"}},{"type":"Polygon","arcs":[[-132,203,-86,-50]],"bbox":[-77.42809814815328,0.9482868493834022,-77.28501585566676,1.2023660958436926],"properties":{"dpto_ccdgo":"52","mpio_ccdgo":"788","mpio_cdpmp":"52788","dpto_cnmbr":"NARIÑO","mpio_cnmbr":"TANGUA"}},{"type":"MultiPolygon","arcs":[[[16]],[[-71,34,204,35,-187,-196]],[[-181,-188,37]]],"bbox":[-79.01021228381863,1.1877670482812803,-78.25534385154542,2.455420575399895],"properties":{"dpto_ccdgo":"52","mpio_ccdgo":"835","mpio_cdpmp":"52835","dpto_cnmbr":"NARIÑO","mpio_cnmbr":"SAN ANDRÉS DE TUMACO"}},{"type":"Polygon","arcs":[[-142,-152,-185,-203,-201,-190]],"bbox":[-77.6993478902027,1.0369182632252523,-77.55902447129374,1.2895813641702842],"properties":{"dpto_ccdgo":"52","mpio_ccdgo":"838","mpio_cdpmp":"52838","dpto_cnmbr":"NARIÑO","mpio_cnmbr":"TÚQUERRES"}},{"type":"Polygon","arcs":[[-136,-153,-140,-87,-204]],"bbox":[-77.47944366278458,1.0508971010729526,-77.3645323468778,1.192180874084313],"properties":{"dpto_ccdgo":"52","mpio_ccdgo":"885","mpio_cdpmp":"52885","dpto_cnmbr":"NARIÑO","mpio_cnmbr":"YACUANQUER"}}]}},"arcs":[[[1422413,1618002],[-41,186],[210,344],[-33,693],[-739,672],[-325,779],[-388,473],[-140,1560],[-406,1033],[-42,315],[239,871],[95,1235],[-97,704],[-567,379],[-158,316],[-323,292],[-600,1816],[0,487],[218,1224],[-169,1403],[-124,429],[35,377],[209,258],[1062,445],[170,281],[415,1149],[583,999],[667,2296],[462,669],[14,883],[344,901],[116,929],[-909,1350],[-180,552],[-3,404],[-413,684],[-98,454],[114,782],[238,656],[-30,1016],[144,528],[-132,709],[-529,1431],[-99,788],[-348,1196],[-41,832],[352,726],[39,555],[-473,948],[-444,686],[-253,1176],[627,2634],[-7,659],[-61,298],[-508,731],[-139,760]],[[1419947,1662955],[612,-125],[2649,-204],[1519,337],[964,1013],[833,1797],[575,435],[1632,826],[934,279],[867,1040],[1612,1142],[1267,143],[1773,-683],[1207,-269],[779,76],[1033,279],[497,16],[713,-160],[639,-23],[668,460],[175,395],[77,456],[315,692],[343,532],[1218,1425],[-511,1868],[-483,221],[-524,422],[-196,1881],[77,1785],[-145,736],[-29,1652],[127,429],[490,452],[655,328],[349,339],[542,983],[441,408],[652,1456],[393,227],[683,592],[405,800],[152,558],[95,2339],[231,814],[1767,2886],[65,653],[-133,1370],[-119,280],[-542,573],[-1263,734],[-424,551],[-430,911],[-342,529],[-201,125],[-698,147],[-698,330],[-416,390],[-292,493],[-149,1166]],[[1442377,1702262],[-200,311],[-247,198],[-539,162],[-622,-86],[-195,-91],[-206,-239],[-236,-71],[-1007,234],[-606,325],[-1428,1168],[-1936,1021],[-1988,2083],[-216,177],[-786,280],[-627,447],[-200,396],[41,193],[-97,310],[-560,650],[-601,513],[-180,56],[-1546,-564]],[[1428395,1709735],[-519,203],[-221,264],[-231,595],[56,447],[-82,335],[-246,452],[-1325,1656],[-283,594],[-246,818],[-483,2707],[-504,721],[-51,614],[-318,528],[-41,503],[-339,1189],[-124,165],[-1392,793],[-572,228],[-388,536],[-273,1334],[81,1802],[-995,1022],[-798,523],[-773,1089],[-495,423],[-461,-9],[-496,-321],[-379,-109],[-1730,-189],[-614,-355],[-297,-354],[-891,-645],[-832,-135],[-642,31],[-520,128],[-387,-48],[-924,-1516],[-770,-887],[-598,-429],[-768,105],[-521,-58],[-2621,89],[-1035,373],[-973,208],[-220,-55],[-250,-236],[-1130,-305],[-339,-190],[-291,-288],[-366,-913],[-137,-129],[-847,-24],[-320,-94],[-632,135],[-210,166],[-437,98],[-447,380],[-454,-102],[-201,69],[-209,155],[-202,348],[-1456,992],[-775,-16],[-933,-496],[-273,-67],[-929,321],[-210,-34]],[[1391106,1724870],[-153,-323],[-229,-123],[-433,-475],[-342,-92],[-427,134],[-523,-131],[-1002,-749],[-708,-180],[-250,-689],[-456,-443],[-352,-614],[-44,-370],[-713,-596],[-258,95],[-878,673],[-299,114],[-1248,-67],[-185,-55],[-450,-396],[-66,-262],[-603,-915],[174,-534],[-169,-520],[-827,-1413],[-500,-475],[-323,-398],[-125,-363],[-838,-941],[-86,-347],[-332,-462],[-29,-397],[-150,-337]],[[1378282,1713219],[-344,-184],[51,-538],[-225,-487],[-181,-161],[-751,-316],[-260,-193],[-393,77],[-164,-91],[-217,32],[-428,-305],[-671,3],[-736,-203],[-335,64],[-225,143],[-220,-9],[-282,-205],[-271,-474],[-416,-229],[-116,-260],[-463,22],[-194,-126],[-194,24],[-499,-188],[-546,59],[-395,-85],[-747,26],[-876,-340],[-695,85],[-276,132],[-620,7],[-292,161],[-280,-137],[-192,94],[-212,-297],[-332,59],[-53,-146],[-604,75],[-251,-99],[-249,66],[-1145,-156],[-473,43],[-493,-147],[-525,62],[-943,-82],[-603,-356],[-1066,-385],[-565,-476],[21,537],[-639,107],[-121,447],[-554,722],[-24,515],[-627,631],[147,343],[-289,322],[30,312],[-76,201],[53,257],[323,426],[42,302],[318,205],[103,319],[-116,347],[-8,349],[-394,303]],[[1356504,1714423],[-206,279],[-295,36],[-361,180],[-540,17],[-126,79],[-183,406],[142,614],[-417,590],[-142,68],[-123,-40],[-580,-629],[-475,-55],[-408,-215],[-404,-81],[-56,-159],[146,-325],[-49,-168],[-205,-159],[-470,68],[-222,-102],[-146,-202],[-25,-565],[-295,-213],[-428,-6],[-343,252],[-218,45],[-144,-42],[-137,-251],[-383,40],[-543,221],[-147,-34],[-150,-189],[-275,-17],[-90,81],[-22,338],[-168,82],[-328,-267],[-495,-64],[-301,-298],[-569,-216],[-482,-60],[-1145,53],[-380,242],[-211,434],[-170,125],[-307,-21],[-806,-276],[-282,270],[-204,40],[-170,-134],[-154,-510],[-175,-40],[-539,144],[-86,-98],[-4,-397],[-69,-125],[-898,-272],[-671,-357],[-417,-47],[-460,166],[-208,-9],[-1266,-423],[-552,342],[-142,-153],[-151,-412],[-541,-157],[-661,-323],[-388,332],[-365,47],[-529,-561],[-496,29],[-162,-621],[-270,-226],[-996,-401],[119,-484],[-281,-308],[-333,-133],[-423,-51],[-83,47],[-81,420],[-507,0],[-134,-64],[-303,-426],[-606,-12],[-487,-113],[-51,-280]],[[1328796,1708719],[-144,-197],[-430,-28],[-414,465],[-213,65],[-189,-75],[-288,-467],[-636,224],[-325,552],[-137,430],[-344,297],[-197,394],[-774,132],[-248,858],[-255,-64],[-467,-374],[-286,44],[-86,185],[60,278],[-64,691],[-170,280],[-335,-148],[-390,57],[-1026,-132],[-507,-1166],[-118,-20],[-211,282],[-275,43],[-216,-340],[-833,-259],[-51,-144],[130,-415],[-109,-54]],[[1319248,1710113],[-584,-92],[-546,330],[-357,-443],[-98,-26],[-587,352],[-456,-12],[-199,117],[-124,649],[59,1061],[-279,66],[-660,-124],[511,764],[-30,292],[-162,180],[-219,-33],[-267,-307],[-474,-92],[-167,-104],[42,-816],[-198,-219],[-481,-2],[-759,379],[-1143,230],[-102,105],[-167,816],[-209,138],[-176,-66],[-112,-246],[144,-566],[-35,-210],[-156,-167],[-192,0],[-290,247],[-30,626],[-80,101],[-218,33],[-458,-269],[-239,444],[-792,226],[-847,100],[-1322,700],[-462,335],[-190,23],[-382,-233],[-187,-2],[-96,50],[-30,257],[-314,77],[-301,-92],[-309,-221],[-765,316],[-420,311],[-616,-98],[-515,56],[-223,208],[-84,320],[-90,55],[-204,-12],[-232,-126]],[[1301369,1715499],[-163,-6],[-10,182],[469,462],[-80,597],[884,1428],[494,1895],[1010,1225],[217,482],[302,1123],[295,527],[400,322],[142,752],[330,337],[-5,130],[-212,245],[7,189],[430,542],[344,649],[553,363],[181,382],[-65,497],[505,502],[315,76],[196,411],[57,705],[-141,473],[74,550],[393,613],[56,514],[241,336],[242,841],[379,323],[176,293],[627,235],[386,616],[42,271],[-186,319],[-34,308],[561,941],[107,355],[-197,216],[-539,140],[-23,469],[671,838],[569,1167],[527,678],[-12,443],[-251,787],[-475,748],[-393,1045],[-350,274],[-139,432],[-186,264],[46,224],[-240,298],[-99,-70],[-83,140],[-323,139],[-177,656],[-327,584],[-249,180],[-359,-109],[-374,95],[49,573],[309,540],[591,629],[317,691],[74,580],[-99,301],[-349,517],[-226,56],[-651,-120],[-235,103],[-89,203],[-57,661],[-186,225],[158,118],[667,39],[705,460],[240,510],[-37,455],[-143,215],[26,126],[569,706],[441,768],[337,223],[401,-5],[710,243],[275,333],[47,112],[-94,825],[208,911],[-16,1950]],[[1311847,1759090],[196,628],[369,495],[139,500],[463,1037],[743,977],[305,564],[-31,212],[-490,359],[-18,254],[609,455],[763,-28],[386,-149],[342,-17],[432,161],[169,210],[-88,748],[-207,382],[51,1264],[133,330],[450,379],[367,180],[1610,353],[1187,430],[724,80],[816,407],[392,347],[690,75],[998,333],[456,655],[522,491],[84,1057],[620,469],[829,405],[239,588],[-22,385],[71,185],[904,1088],[-32,318],[-123,231],[58,600],[-109,771],[-153,306],[-26,321],[177,550],[211,322],[53,409],[-355,511],[-439,987],[64,491],[-71,427],[55,11],[32,467],[429,627],[625,552],[400,245],[552,66],[527,-130],[1932,405],[340,175],[496,543],[416,233],[263,0],[1123,-279],[570,-670],[187,-87],[189,48],[783,862],[118,580],[-95,592],[-1052,1196],[-113,315],[-89,724],[14,673],[151,302],[309,320],[360,142],[1115,-95],[465,-243],[360,77],[307,552],[160,703],[591,825],[172,363],[417,1455],[285,315],[237,519]],[[1338936,1794006],[-435,374],[-23,226],[-193,399],[-311,306],[19,269],[-319,361],[-18,729],[-171,304],[-251,133],[-52,138],[12,156],[132,142],[-18,172],[-448,220],[-133,150],[335,607],[23,788],[-58,206],[-177,215],[-311,779],[-231,373],[-487,199],[-270,4],[-181,158],[-89,530],[-278,279],[-118,650],[-510,666],[-236,509],[-346,450],[-510,70],[-291,209],[-1227,470],[-653,-41],[-485,-138],[-872,308],[-595,-96],[-173,100],[-12,184],[-240,279],[-886,-79],[-312,320],[-442,-37],[-207,-258],[-367,83],[-408,-371],[-1497,533],[-864,129],[-346,-158],[-265,-25],[-413,179],[-380,54],[-413,488],[-371,91],[-375,413],[-148,404],[-868,746],[-490,1075],[-491,133],[-617,-9],[-389,213],[-134,171],[-368,1102],[-233,157],[-43,197],[-160,171],[-172,593],[-441,277],[-65,1059],[-186,457],[-497,81],[-255,-56],[-742,602],[-735,5],[-1831,732],[-668,381],[-455,-85],[-1764,161],[-419,696],[-176,126],[170,467],[32,467],[-165,310],[-143,89],[-234,488],[-526,247],[-133,179],[-828,293],[-181,189],[-223,63],[-579,520],[-414,194],[-75,268],[-255,189],[-457,89],[-419,-26],[-526,420],[-932,372],[-136,336],[-207,37],[-271,446],[-494,242],[-345,-341],[-354,70],[-234,175],[-184,14],[-305,441],[-281,1049],[-141,234],[348,677],[-149,489],[732,710],[209,348],[783,333],[283,42],[69,202],[358,148],[100,335],[358,137],[143,164],[-89,357],[139,168],[396,87],[85,183],[346,110],[35,251],[381,16],[73,80],[-58,304],[69,955],[-77,312],[70,491],[292,749],[4,206],[181,209],[61,430],[182,326],[431,350],[36,203],[-141,590],[58,1290],[512,415],[696,175],[293,190],[61,510],[216,483],[-35,373],[239,343],[-11,381],[249,273],[147,807],[-20,483],[-219,232],[200,879],[-193,650],[85,198],[-12,320],[118,193],[-54,1560],[141,293],[-381,167]],[[1307742,1844292],[-307,463],[-424,223],[-136,366],[42,384],[320,697],[54,331],[206,331],[160,692],[-94,800],[-97,135],[-288,127],[-118,285],[297,138],[264,281],[302,575],[826,64]],[[1308749,1850184],[-433,528],[-45,937],[-111,748],[-113,285],[-467,724],[-92,495],[-252,293],[-724,1392],[-349,395],[-193,1265],[-346,600],[-376,1473],[18,843],[-243,537],[52,170],[275,-24],[94,327],[212,330],[368,193],[-38,411],[152,339],[183,172],[262,737],[34,319],[217,289],[519,36],[684,462],[-51,548],[-257,248],[-125,424],[-345,15],[116,342],[-57,231],[-101,89],[-214,4],[-631,-155],[-667,135],[-183,-206],[-124,34],[-156,622],[-3,363],[-217,548],[-83,754],[-166,225],[-45,293],[-255,561],[-483,628],[-327,137],[-198,294],[-23,488],[179,784],[-13,288],[-97,201],[-1036,594],[-598,502],[-153,220],[-315,883],[-419,397],[-870,709],[-798,236],[-774,686],[-461,751],[-309,745],[-1685,1401],[-400,1001],[-55,815],[-104,254],[-572,949],[-448,440],[-811,710],[-534,235],[-224,186],[-3748,188],[-396,49],[-567,299]],[[1288234,1884605],[-419,-251],[-607,-588],[-295,-449],[-189,-500],[-364,-432],[-505,-175],[-836,-3],[-297,102],[-2359,1350],[-2112,818],[-596,617],[-281,447],[-543,618],[-699,462],[-837,151],[-594,239],[-854,99],[-244,102],[-997,668],[-612,565],[-472,308],[-245,120],[-819,82],[-1206,770],[-1988,215],[-909,668],[-506,153],[-2615,229],[-2004,-8],[-261,-88],[-173,-207],[-379,-1001],[-1162,-1193],[-416,-639],[-191,-121],[-818,-125],[-1099,185],[-558,15],[-278,-88],[-452,-363],[-14,-551],[-276,-777],[-13,-826],[403,-687],[1116,-30],[385,-394],[390,-1548],[123,-241],[3,-551],[-379,-1035],[5,-1119],[251,-1635],[-416,-384],[-262,-53],[-469,-278],[-520,-622],[-226,-156],[-68,-259],[-28,-1670],[-1074,-1262],[-431,-1070],[-520,-622],[-172,-534],[-382,-415],[3,-551],[333,-429],[279,-137],[175,-206],[89,-292],[10,-2480],[-274,-1069],[-294,-483],[-381,-398],[-296,-79],[-1673,-7],[-974,-469],[-853,-21],[-262,51],[-909,753],[-734,342],[-784,169],[-1116,115],[-1692,458],[-540,67],[-557,-158],[-1147,-780],[-748,-313],[-836,31],[-1361,390],[-592,49],[-279,-1],[-487,-260],[-557,-20],[-279,34],[-960,512],[-821,306],[-1154,908],[-557,32],[-469,-312],[-156,-224],[-120,-431],[-312,-467],[-694,-485],[-279,-35],[-452,-312],[-467,-725],[-172,-535],[-536,-932],[-1352,-1452],[-103,-242],[-191,-190],[-801,-158],[-765,-279],[-575,-37],[-1789,-1178],[-557,-192],[-871,-56],[-260,-121],[-678,-434],[-815,-829],[-290,-445]],[[1221937,1856631],[-1302,-902],[-2289,185],[-775,-18],[-491,93],[-961,-28],[-967,121],[-1072,259],[-3584,276],[-1371,207],[-896,18],[-1262,-328],[-457,-242],[-3321,-2314],[-563,-207],[-931,-121],[-3409,156],[-387,-104],[-755,-621],[-756,-242],[-931,86],[-1192,-69],[-1247,-311],[-405,-17],[-439,-311],[-615,-276],[-773,-725],[-2074,-967],[-1230,-362],[-1775,-881],[-422,-449],[-2217,-1346],[-879,-363],[-896,0],[-756,-138],[-1370,432],[-405,276],[-474,742],[-1230,674],[-2619,466],[-1282,414],[-2900,708],[-1915,587],[-528,725],[-305,699],[-633,656],[-650,501],[-791,414],[-176,363],[-351,190],[-635,70],[-1193,879],[-386,656],[-405,1157],[-492,380],[-1335,690],[-2506,656],[-738,346],[-931,293],[-844,0],[-791,-380],[-1089,-224],[-738,0],[-738,121],[-879,466],[-720,587],[-914,1177],[-1353,2003],[-176,950],[-703,1657],[-123,691],[-316,828],[70,2659],[633,2405],[966,1916],[70,639],[-966,3132],[70,915],[193,898],[369,1105],[141,828],[18,1520],[-369,621],[-1933,991],[-862,294],[-632,310],[-562,691],[-352,621],[-527,1330],[-176,1807],[-211,156],[-263,621],[-246,346],[-299,379],[-334,225],[-211,311],[-527,1104],[-246,881],[-70,1122],[-176,259],[-773,345],[-246,311],[0,449],[-281,1165],[70,881],[-650,829],[-633,1035],[53,1606],[738,1150],[140,1657],[-963,3995],[106,1243],[-2127,1917],[-685,1270],[-386,553],[-53,967],[-176,397],[-140,777],[0,656],[-387,500],[-738,1727],[-176,2510],[-193,604],[-686,881],[-1616,1208],[-1230,743],[-692,690],[-847,1663],[-370,1507],[-53,1559],[191,1221],[127,343],[95,1088],[-443,1556],[0,560],[190,498],[-95,1151],[126,1524],[222,405],[44,1083],[-89,428],[-874,1367],[-707,2396],[-89,599],[-6,1114],[-265,950],[-2,343],[-264,770],[-131,8226],[167,1286],[341,1031],[1121,1205],[260,173],[342,859],[340,1287],[-7,1371],[256,773],[82,772],[342,944],[-40,7495],[-177,560],[-35,6427],[-180,1113],[-264,770],[-9,1542],[-89,428],[-526,1112],[-525,682],[-789,1539],[-264,770],[-89,342],[-8,1457],[-525,854],[-97,1885],[-423,1067]],[[841089,1665859],[245,-27],[210,-211],[573,89],[336,-269],[437,57],[842,-215],[340,82],[270,165],[260,-68],[-330,-250],[-544,17],[-898,178],[-295,-22],[-481,207],[-1403,95],[-733,-69],[-382,53],[75,-69],[-97,-65],[-112,-332],[-10,-414],[304,-262],[124,-28],[87,80],[13,-76],[-98,-72],[-177,36],[-287,321],[-213,7],[113,117],[108,601],[-83,232],[820,58],[258,-54],[728,108]],[[1422413,1618002],[-199,-221],[-101,-373],[-17,-1471],[51,-269],[139,-195],[25,-290],[937,-398],[746,-485],[384,-629],[135,-829],[670,-79],[372,141],[130,-580],[670,-1071],[489,-282],[422,-124]],[[1427266,1610847],[-347,-383],[-716,-370],[-1170,-792],[-303,-396],[-182,-894],[-136,-175],[-1150,-732],[-429,-597],[-485,-446],[-207,-128],[-580,-141],[-383,-232],[-165,-413],[-338,-470],[-885,-663],[-275,-490],[-49,-1070],[-274,-560],[-183,-891],[-285,-474]],[[1418724,1600530],[-824,-868],[469,-361],[192,-413],[-45,-370],[-353,-692],[-534,-590],[-831,-396],[-290,-7],[-521,246],[-725,18],[-1277,392],[-687,296],[-678,91],[-1005,-62],[-1513,-737],[-151,45],[-111,155],[-59,167],[59,174],[-308,463],[-26,212],[347,830],[491,322],[125,219],[6,199],[-118,161],[-1126,540],[-301,232],[-393,-45],[-480,103],[-630,779],[-174,1083],[-422,-111],[-309,-204],[-242,-426],[-854,-832],[-393,-238],[-209,-675],[-17,-448],[478,-746],[50,-436],[-247,-299],[-517,-381],[-349,-116],[-433,-679],[-118,-525],[169,-1127],[106,-238],[1058,-873],[1079,-1226],[124,-856],[419,-548],[501,-363],[307,-492],[-70,-336],[-554,-423],[-29,-1543],[-129,-391],[-325,-647],[-343,-967],[-749,-1188],[134,-970],[-8,-760],[-185,-630],[-644,-662],[-388,-254],[-551,-155],[-427,-298],[-597,-77],[-843,-630],[-934,-558],[-2873,-950],[-107,-89],[-388,-867],[-67,-829],[-169,-348],[-360,-11],[-742,348],[-1000,-76],[-144,-100],[-218,-442],[-685,-217],[-162,-139],[-632,-904],[-113,-629],[-372,-486]],[[1392760,1574649],[-774,317],[-2144,670],[-358,21],[-580,-188],[-869,516],[-908,242],[-1050,-853],[-1206,-286],[-1181,-468],[-464,-303],[-1339,-239],[-369,-155],[-182,-333],[-333,-329],[-826,-597],[-346,-398],[-439,-265],[-270,-394],[-257,-132],[-1038,-298],[-881,-100],[-430,33],[-397,145],[-1903,-113],[-1389,-221],[-229,-247]],[[1372598,1570674],[-108,-273],[799,-1580],[140,-508],[-17,-431],[-180,-182],[-1181,-564],[-798,-502],[-242,-243],[-146,-437],[-568,-387],[-90,-193],[-22,-458],[241,-536],[-5,-94],[-287,-188],[62,-917],[-96,-116],[-500,-199],[-208,-470],[123,-386],[349,-409],[-62,-448],[-433,-1127],[-349,-547],[-33,-221],[-6,-248],[422,-520],[95,-685],[-116,-402],[-216,-339],[52,-152],[663,-499],[304,-508],[444,-459],[73,-762],[275,-1326],[771,-1337],[140,-665],[21,-486],[-134,-547],[21,-537],[-954,-1201],[-399,-807],[0,-110],[371,-337],[355,-591],[146,-553],[-6,-1331],[-81,-518],[148,-455],[-7,-259],[-362,-874],[3,-552],[-158,-605],[380,-894],[193,-1088],[914,-1443],[406,-963],[379,-386],[414,-194],[458,-914],[81,-44],[273,85],[579,359],[248,14],[90,-27],[64,-235],[276,-274],[786,-155],[433,-409],[269,-61],[552,-343],[399,67],[562,414],[219,-72],[253,-707],[0,-1144],[591,-331],[253,-387],[-39,-563],[-90,-183],[-366,-314],[-84,-233],[17,-613],[-130,-353],[0,-243],[326,-260],[383,-61],[669,55],[169,-93],[146,-343],[-34,-807],[433,-519],[456,-276],[461,-194],[562,-55],[326,144],[270,287],[450,149],[636,348],[191,167],[298,655],[485,470],[977,490],[1645,1243],[-457,-1319],[-288,-545],[-43,-325],[169,-822],[1076,-1666],[230,-837],[262,-418],[574,-532],[704,-1014],[175,-614],[38,-481],[541,-1207],[33,-290],[-279,-821],[-82,-664],[-262,-579],[-147,-145],[-17,-193],[17,-483],[131,-483],[-51,-517],[255,-1174],[-396,-339],[-291,-79],[-697,-17],[-1147,129],[-394,-64],[-262,-177],[-377,-757],[-82,-467],[-393,-950],[-1016,-913],[-393,-1014]],[[1385212,1511582],[-128,-215],[-253,-186],[-527,-207],[-1899,62],[-1265,-249],[-464,-331],[-1160,-228],[-711,-531],[-1212,-442],[-436,-348],[-628,-813],[-786,-1370],[-53,-685],[84,-712],[156,-394],[1164,-1135],[139,-249],[186,-1048],[169,-377],[4,-614],[-131,-551]],[[1377461,1500959],[-704,-277],[-241,-54],[-641,46],[-472,-208],[69,-892],[-459,-595],[-543,-357],[-375,-943],[-105,-697],[-626,-574],[-542,-882],[-126,-1578],[-396,-882],[-292,-287],[-1002,-287],[-1732,-144],[-835,-533],[-376,-410],[-313,-738],[-772,-718],[-668,-369],[-730,-164],[-408,-243],[-926,-351],[-175,-251],[-114,-474],[-467,-937],[-345,-465],[-49,-197],[86,-749],[-166,-844],[-141,-426],[-298,-400],[69,-884],[53,-135],[710,-574],[271,-123],[230,0],[480,-308],[188,-225],[125,-513],[-271,-1654],[167,-560],[0,-615],[-84,-712],[-355,-923],[63,-492],[647,-1681],[355,-615],[271,-164],[188,-246],[480,-281],[209,-246],[180,-712],[117,-119],[595,-197],[89,-93],[984,-1997],[460,-588],[-505,-272],[-480,0],[-981,-697],[-1144,-357],[-684,-82],[-184,-114],[-189,-266],[-422,-170],[-899,-48],[-644,-232],[-964,-167],[-713,-623],[-411,-204],[-520,-17],[-1149,238],[-502,-154],[-563,-358]],[[1357844,1465899],[-5908,-22543]],[[1351936,1443356],[-5268,-21107]],[[1346668,1422249],[-2901,-11654]],[[1343767,1410595],[1056,-995],[730,-1325],[410,-451],[642,-511],[492,-885],[1422,-711],[235,-266],[1011,-653],[790,-388],[264,41],[433,-215],[1011,-575],[247,-259],[752,-133],[1667,11],[832,-183],[565,-223],[1392,-51],[919,-256],[453,-506],[277,-457],[-231,-427],[-16,-305],[355,-411],[216,-46],[1171,183],[446,0],[108,76],[-15,137],[-281,371],[-27,361],[46,533],[363,104],[229,-682],[333,-580],[277,-107],[216,138],[123,-92],[251,-517],[-20,-458],[170,-61],[292,76],[509,-15],[0,-625],[168,0],[232,-152],[16,-519],[-598,-763],[505,-684],[124,-519],[-62,-320],[-262,-243],[-385,-808],[-200,-686],[30,-808],[339,-1524],[185,-335],[894,-731],[77,-625],[-236,-369],[-257,3],[-324,274],[-262,92],[-662,-518],[-663,-290],[-279,-546],[-617,-323],[-1205,-68],[-10,-419],[150,-547],[-5,-788],[224,-801],[-75,-273],[-316,-159],[40,-474],[-364,-1233],[67,-1240],[189,-172],[170,-569],[-30,-2420],[609,-1667],[1603,-1134],[199,-232],[329,-673],[168,-1004],[-898,-384],[-412,-302],[99,-392],[394,-665],[43,-292],[1133,-958],[47,-301],[230,-514],[105,-1047],[618,-1546],[68,-904],[139,-240],[785,-667],[1984,-767],[346,-216],[193,-319],[266,-1075],[271,-410],[68,-1226],[137,-518],[-50,-193],[-829,-2240],[-908,-1203],[-251,-735],[194,-1981],[334,-884],[283,-410],[134,-441],[15,-578],[-126,-47],[-17,-117],[83,-407],[223,-292],[148,-35],[135,-167],[642,-1091],[196,32],[240,200],[244,445],[555,457],[153,60],[238,-57],[351,-202],[665,-804],[604,-373],[377,-540],[11,-333],[-234,-848]],[[1372414,1349463],[-246,-621],[-146,-161],[-288,-73],[-323,-613],[-360,-433],[-557,-333],[-624,-215],[-148,-118],[-61,-248],[33,-209],[111,-90],[965,-61],[319,-138],[115,-147],[317,-618],[40,-363],[-294,-375],[-499,-188],[-99,-276],[122,-154],[672,-193],[440,-25],[422,-258],[114,-176],[102,-529],[400,-678],[-36,-308],[-175,-108],[-480,-19],[-1315,408],[-457,-101],[-255,-495],[310,-1174],[-243,-649],[-90,-1035],[-335,-829],[-361,-310],[-290,96],[-742,651],[-251,137],[-160,0],[-85,-78],[-15,-381],[-576,-951],[-148,-44],[-103,78],[-222,490],[-120,668],[-253,359],[-403,225],[-298,-143],[-247,-480],[197,-1114],[-128,-1427]],[[1365660,1335636],[-955,232],[-1546,719],[-860,779],[-501,332],[-1203,-117],[-726,-282],[-320,-530],[-354,-348],[-439,-216],[-844,67],[-566,190],[-949,172],[-1652,-69],[-246,121],[-422,553],[-580,449],[-912,405],[-435,56],[-760,400],[-506,1064],[-281,317],[-857,553],[-211,0],[-844,-594],[-323,-42],[-281,14],[-675,525],[-506,166],[-858,55],[-646,-83],[-549,-179],[-849,-487],[-79,-591],[87,-672],[-171,-322],[-415,-406],[-991,-477],[-731,-236],[-436,-760],[-464,-138],[-506,-27],[-239,-111],[-253,-594],[-28,-497],[-112,-359],[-296,-331],[-1124,-97],[-625,-208],[-1807,-1131],[-965,-119],[-562,34],[-1256,596],[-326,-43],[-1045,-760],[-360,-147],[-580,-34],[-684,189],[-522,616],[-373,299],[-357,190],[-248,6],[-343,-52],[-751,-474],[-685,-832],[-376,-21],[-364,137],[-249,332],[-115,352],[-373,234],[-499,45],[-372,-300],[-525,-42],[-1093,706],[-246,484],[-696,483],[-569,141],[-522,30],[-679,-538],[-605,-49],[-83,-121],[-105,-689],[-166,-203],[-491,-282],[-1091,74],[-324,177],[-517,109],[-468,-395],[-570,-199],[-398,260],[-465,172],[-385,-87],[-350,-238],[-206,-39],[-460,134],[-771,607],[-736,52],[-482,-265],[-298,-34],[-412,281],[-43,308],[-355,338],[-167,47],[-703,-363],[-273,-26],[-251,910],[-1173,495],[-619,513],[-301,1373],[-319,509],[-204,99],[-293,-21],[-343,-333],[-260,-81],[-320,14],[-324,119],[-220,263],[32,788],[-1372,578],[-193,198],[-95,395],[-103,101],[-1616,128],[-854,-39],[-1077,435],[-1391,327],[-1534,-17],[-692,84],[-1607,911],[-406,486],[-267,188],[-408,-253],[-62,-404],[-781,-10],[-17,552],[-228,259],[-740,152],[-683,354],[-385,80],[-167,334],[-710,407],[-369,0],[-245,-241],[-323,-728],[-432,-63],[-158,-140],[-193,-35],[-1123,86],[-170,-354],[-444,10],[6,-247],[397,-650],[316,-362],[527,-224],[175,-259],[-175,-1137],[-613,-243],[-749,303],[-1003,269],[-316,205],[-443,121],[-175,155],[-176,500],[-263,189],[-404,104],[-17,155],[140,328],[299,224],[17,241],[-170,345],[-263,241],[-743,104],[-228,189],[-158,414],[-386,569],[-1697,713],[-242,-22],[-864,342],[-692,-342],[-1254,-1411],[-1227,-979],[-681,-481],[-1103,-513],[-2141,0],[-1297,224],[-551,610],[-844,-33],[-194,449],[-519,-320],[-487,288],[-745,97],[-1590,-161],[-2854,866],[-4021,577],[-2919,513],[-1654,385],[-1590,96],[-940,-192],[-1070,-64],[-3101,551],[-3976,-1515],[-95,187],[-10,590],[-506,622],[21,486],[-148,529],[0,362],[417,-58],[252,111],[-131,217],[127,673],[611,325],[415,338],[267,90],[211,-35],[119,145],[129,447],[79,682],[421,423],[-44,596],[-650,1562],[-44,622],[475,259],[0,302],[-404,362],[105,208],[773,492],[0,276],[-290,173],[18,405],[-404,699],[-53,225],[-228,242],[456,906],[79,224],[-26,285],[88,147],[228,138],[-17,699],[88,104],[307,60],[27,208],[-528,526],[238,1010],[-202,147],[-484,647],[-379,857],[-14,511],[-366,317],[-225,14],[-168,180],[126,635],[-98,483],[154,373],[281,346],[71,290],[-352,538],[394,663],[0,332],[98,304],[225,165],[239,359],[141,857],[393,1174],[268,414],[28,580],[674,276],[57,318],[-310,552],[-14,139],[211,331],[-182,221],[-211,981],[28,276],[126,152],[-168,552],[56,456],[-85,249],[141,234],[-169,235],[-646,456],[-99,262],[14,884],[-309,429],[28,221],[-253,262],[-140,359],[295,870],[478,511],[-253,870],[-169,981],[323,166],[281,27],[296,304],[126,318],[380,428],[-113,359],[-267,442],[324,953],[393,249],[28,400],[155,428],[315,223],[-86,217],[-30,549],[95,259],[538,-31],[295,311],[31,331],[-84,342],[169,156],[-21,518],[105,642],[485,518],[-32,165],[-242,125],[-127,207],[-42,311],[158,238],[0,342],[-105,269],[179,176],[169,42],[896,-73],[685,466],[264,373],[74,528],[137,146],[-74,662],[158,311],[-168,166],[-64,228],[1223,1243],[517,342],[422,-21],[200,83],[11,290],[421,72],[338,-145],[285,156],[-32,228],[137,207],[464,114],[242,155],[-147,352],[295,176],[0,539],[211,145],[-264,311],[0,352],[116,269],[11,653],[242,124],[211,290],[-137,208],[-10,362],[-148,218],[74,300],[306,124],[295,280],[31,280],[433,342],[31,341],[253,104],[169,217],[11,228],[-95,166],[70,180],[197,138],[253,428],[56,221],[-295,179],[-42,249],[28,138],[281,55],[169,139],[42,248],[-436,566],[14,194],[155,179],[-85,221],[380,843],[-337,469],[-29,2017],[15,207],[393,235],[85,331],[-57,484],[-253,704],[42,290],[239,152],[0,221],[-140,221],[140,276],[0,235],[-590,318],[-155,787],[-351,124],[-27,798],[-188,595],[71,96],[337,0],[112,70],[29,193],[-155,456],[42,193],[253,221],[169,332],[129,330],[-50,209],[-38,78],[-199,-345],[-180,-112],[-545,135],[-344,-85],[-181,46],[-590,454],[-285,437],[-84,287],[-442,246],[-169,361],[-283,108],[-891,-502],[-762,-601],[-628,42],[-421,-165],[-505,80],[-284,-47],[-365,-290],[-234,-403],[-226,-127],[-533,141],[-475,-3],[-398,287],[-1699,-245],[-258,93],[-335,266],[-617,84],[-349,-174],[-33,-326],[-209,-179],[-295,-12],[-373,200],[-337,-12],[-458,-230],[-444,-437],[-603,-346],[-340,-5],[-378,131],[-357,-34],[-757,-248],[-627,-389],[-1514,-94],[-680,-428],[-321,105],[-348,280],[-389,80],[-475,-79],[-606,-291],[-440,27],[-509,202],[-508,58],[-1322,408],[-563,494],[-148,335],[-646,884],[-1193,137],[-180,108],[-112,218],[-826,292],[-1303,1675],[-843,271],[-320,356],[-839,395],[-120,396],[0,513],[-280,277],[-559,0],[-560,-158],[-559,0],[-480,158],[-479,513],[-280,40],[-306,-117],[-405,0],[-248,315],[-160,474],[-195,174],[-218,773],[-339,258],[-87,387],[-165,61],[-122,232],[-139,60],[-105,378],[-1060,697],[-757,86],[-287,292],[-641,240],[-311,207],[-349,-85],[-15,197],[-247,74],[14,199],[-393,68],[-14,106],[-249,153],[-192,332],[-260,26],[-500,343],[-642,-156],[-488,36],[-386,261],[-251,338],[-570,38],[-295,248],[-448,-46],[-204,169],[-177,3],[40,274],[-127,237],[-159,41],[7,221],[-111,85],[-188,-31],[-164,220],[-310,-36],[-874,197],[-305,191],[-337,-213],[-233,5],[-508,361],[-1244,462],[-392,-26],[-248,81],[71,-34],[-251,-249],[-1067,-344],[-1085,296],[-872,-9],[-215,74],[-1294,1810],[-289,1396],[-510,750],[-343,722],[-31,654],[167,402],[17,2101],[-456,1458],[-4661,1016],[-1547,-150],[-303,160],[-121,192],[184,618],[-62,465],[355,1276],[67,139],[410,-68],[79,193],[226,107],[-1130,1075],[795,580],[798,751],[452,1211],[-51,629],[202,450],[375,546],[309,297],[496,183],[163,401],[251,156],[311,766],[214,255],[1034,457],[651,137],[749,542],[883,124],[366,345],[465,258],[951,727],[230,279],[508,929],[427,274],[-4343,283],[-120,195],[-78,273],[156,644],[-188,595],[125,231],[509,370],[62,716],[205,218],[458,198],[361,291],[593,-23],[287,159],[442,1031],[816,911],[109,745],[-38,246],[-264,209],[48,65],[-403,303],[306,353],[-4,101],[-224,98],[-550,-130],[-657,97],[-514,590],[51,159],[360,17],[44,155],[-352,363],[-165,20],[-164,-130],[-176,452],[-390,78],[-619,-10],[-149,-420],[-254,209],[-208,5],[-169,-164],[10,-355],[-231,189],[-252,528],[-392,161],[-341,424],[-154,3],[-177,-307],[-253,28],[-31,298],[163,650]],[[1196757,1467878],[-279,578],[-87,-375],[-84,-43],[-356,542],[-206,-11],[-129,101],[-580,160],[-354,296],[-429,185],[-108,304],[-68,821],[-202,179],[-532,153],[29,168],[247,209],[11,173],[-91,133],[-154,61],[-543,-162],[-58,-269],[-98,-22],[-151,283],[-364,357],[-693,51],[-438,-70],[-97,115],[-26,268],[-529,159],[-109,121],[123,493],[-672,405],[38,302],[-90,129],[-296,134],[-331,-224],[-420,170],[-224,284],[-11,291],[-336,150],[-234,-6],[-142,-97],[-59,-492],[-590,-3],[-102,411],[-76,50],[-135,-32],[-292,-262],[-164,13],[-148,130],[-159,-33],[-77,-306],[-182,-141],[-56,-257],[-141,-190],[-289,-58],[-444,202],[-161,-17],[-164,-276],[-4,-328],[-801,-470],[-123,-196],[-36,-253],[-512,-251],[-281,-276],[-360,60],[-229,-80],[-79,-91],[-23,-329],[-481,-103],[-74,-357],[-752,-61],[-149,-132],[-734,-30],[-319,-418],[-343,-223],[-503,198],[-175,-579],[-177,32],[-890,600],[-163,149],[-24,292],[-293,223],[-272,19],[-126,-241],[-147,-33],[-189,81],[-86,237],[-169,35],[-230,-129],[-166,14],[-685,390]],[[1174850,1470863],[-720,258],[-425,500],[-530,188],[-126,-3],[-71,-181],[-286,-235],[-430,-22],[-9,-369],[-90,-52],[-247,54],[-295,356],[-598,41],[-543,-147],[-179,93],[-134,229],[-110,20],[-184,-717],[-563,-222],[-121,-326],[-197,-33],[-69,-150],[-177,-120],[-225,206],[-97,-7],[-300,-352],[-564,-44],[-319,-270],[-229,73],[-251,217],[-391,-87],[-460,264],[-567,-47],[-321,-165],[-333,-2],[-609,-181],[-907,-448],[-64,-521],[-171,-208],[-398,221],[-233,-15],[-154,-187],[-163,-63],[-273,293],[-502,-57],[-170,-167],[296,-141],[24,-86],[-252,-140],[-36,-458],[-640,-146],[-536,-557],[-69,-380],[-468,-331],[-11,-323],[-177,-355],[-652,-192],[-40,-666],[254,-368],[-526,29],[-163,-109],[-754,-1332],[-214,-202],[-6,-186],[-420,-522],[-928,-221],[-367,-213],[-400,17],[-175,-321],[-125,-51],[-124,22],[12,241],[-96,64],[-447,53],[-292,-198],[-95,185],[-177,66],[-408,-283],[-403,12],[-154,-68],[-293,-387],[-634,-28],[-405,-226],[-190,108],[-677,-105],[-304,-313],[-679,121],[-266,-48],[-231,-145],[-546,89],[-556,-29],[-33,79],[77,52],[-87,49],[-905,-234],[-234,118],[-211,-134],[-207,154],[-157,-276],[-642,-29],[-625,229],[-642,94],[-414,-105],[-272,-294],[-279,92],[-212,-53],[-98,122],[-209,-20],[-130,242],[-267,4],[-258,298],[-257,37],[-122,139],[-629,271],[-129,9],[-476,-301],[-158,93],[-111,-29],[-421,456],[-1018,503],[-443,-56],[-425,320],[-2057,495],[-542,46],[-377,128],[-274,-47],[-377,154],[-724,10],[-365,119],[-445,-117],[-154,-124],[-426,15],[-679,299],[-1391,-355],[-434,282],[-1146,240],[-1641,556],[-1271,628],[-962,750],[-1134,-713],[-1219,-54],[-1015,1020],[-924,301],[-3199,757],[-3030,109],[-543,315],[-140,1697],[-981,831],[-1240,27],[-702,534],[-2480,2452],[-271,440],[-262,198],[-350,687],[-657,794],[-308,-106],[-485,269],[-650,797],[-149,334],[-274,56],[-305,312],[-964,267],[-422,245],[-332,39],[-442,512],[-1453,905],[-140,264],[-255,184],[-71,184],[-226,16],[-118,756],[-418,102],[-39,-200],[-111,-33],[-274,165],[-124,311],[-393,37],[-361,-85],[-195,220],[-291,74],[-177,291],[-21,275],[-148,136],[65,288],[-83,83],[-331,-76],[-278,-197],[-140,4],[-288,125],[-106,284],[-408,455],[-325,-35],[-121,161],[-577,245],[-274,-65],[-643,542],[-2109,4],[-104,198],[-524,-32],[-104,152],[-768,244],[-338,230],[-365,374],[-549,364],[-135,463],[-153,185],[-722,256],[-123,155],[-246,-89],[-297,38],[-276,-112],[-347,195],[-180,-237],[-348,-198],[-145,79],[-84,266],[-431,-30],[-185,133],[-855,254],[-123,104],[-11,258],[-131,231],[182,301],[-9,166],[-357,300],[-166,309],[-362,36],[-363,223],[-314,-44],[16,239],[-76,68],[-560,-255],[-207,-243],[-511,217],[-291,305],[-464,-13],[-301,197],[-212,-107],[-168,-244],[-412,269],[-271,-192],[-488,-41],[-252,-212],[-134,26],[-172,191],[-494,-81],[-227,137],[-158,-3],[-332,665],[-107,85],[-286,-60],[-162,115],[-168,583],[-268,138],[-495,34],[-310,342],[-310,122],[-478,350],[-65,115],[-26,883],[-343,243],[-436,13],[-282,369],[-430,4],[-218,159],[101,356],[-407,254],[193,484],[-286,736],[138,258],[-22,360],[159,322],[-160,214],[15,525],[-226,235],[-221,409],[163,567],[-222,407],[-679,259],[-546,659],[-197,0],[-362,-151],[-472,364],[-428,46],[-97,305],[-692,-73],[-285,475],[-226,138],[-428,-78],[-399,148],[-293,-234],[-318,-86],[-636,200],[-448,-71],[-347,71],[-535,-186],[-396,181],[-268,-167],[-101,-257],[-810,-258],[-679,-657],[-402,-134],[-754,-1310],[-722,-129],[-217,-286],[-274,-100],[-608,171],[-375,-72],[-275,-214],[-260,-29],[-405,315],[-881,28],[-246,371],[-260,186],[-589,239],[-453,423],[-641,414],[-1336,713],[-337,31],[-316,-83],[-126,62],[-179,465],[-904,52],[-200,341],[-53,300],[-337,0],[-231,-248],[-358,-21],[-210,62],[-274,351],[-999,62],[-1252,1313],[-663,186],[-589,734],[-494,-134],[-158,-145],[-137,103],[11,331],[-74,165],[-642,21],[-73,186],[189,134],[337,62],[31,197],[-315,320],[-200,10],[-200,-113],[-158,20],[-31,104],[242,517],[42,589],[526,103],[505,537],[441,-144],[179,124],[0,341],[74,145],[673,940],[-137,372],[-94,806],[-474,383],[-52,165],[84,341],[305,258],[116,238],[-63,228],[-190,299],[-389,238],[-116,217],[137,207],[-326,537],[-431,72],[410,331],[42,290],[-117,1019],[-86,137],[102,424],[163,141],[0,121],[-184,182],[-204,20],[-122,322],[-612,61],[0,665],[-1143,887],[-143,403],[0,323],[245,484],[-61,323],[-245,60],[-143,-81],[-204,525],[-531,948],[-204,100],[-305,-40],[-333,697]],[[1041814,1519058],[-422,230],[-836,-202],[-449,464],[-1326,967],[-551,-222],[-163,41],[-102,322],[-306,283],[-918,342],[-448,-121],[-164,40],[-102,424],[-244,20],[-266,-141],[-224,-1],[-265,464],[-510,60],[-285,162],[-307,504],[-550,302],[-204,222],[-21,282],[102,141],[204,-20],[122,81],[21,222],[-388,161],[-102,181],[102,142],[489,20],[-122,323],[-490,302],[-265,282],[-122,262],[-551,162],[-143,262],[-326,201],[-123,0],[-148,-291],[-239,34],[-365,213],[-274,-123],[-410,44],[-314,-87],[-452,108],[-286,646],[-449,181],[102,323],[-81,484],[81,221],[-61,323],[-184,161],[-250,73],[-810,8],[-41,201],[81,505],[-61,262],[-163,20],[-326,-182],[-245,61],[-286,443],[-265,121],[-387,0],[-490,-202],[102,424],[-102,60],[-326,-40],[-102,121],[81,322],[-449,585],[-244,-41],[-225,101],[-346,-60],[-225,181],[-469,665],[-347,101],[-184,222],[-163,484],[-183,242],[-1489,644],[-204,222],[-41,303],[81,282],[673,565],[673,403],[142,222],[-81,303],[-613,685],[-346,726],[122,222],[387,182],[61,625],[285,343],[388,-20],[204,81],[265,464],[183,141],[510,-121],[347,81],[550,605],[673,323],[306,545],[224,181],[612,202],[81,282],[347,0],[900,-624],[856,87],[314,-284],[51,-495],[75,-25],[277,112],[264,284],[38,1137],[51,75],[490,37],[101,185],[-252,421],[-37,383],[-328,445],[-214,111],[-453,-136],[-176,-321],[-327,-210],[-88,420],[50,643],[126,173],[390,247],[504,569],[-114,384],[491,655],[-12,668],[-554,556],[-290,-198],[-100,-865],[-315,-13],[-302,112],[-214,-149],[-415,-123],[-617,111],[-176,470],[-139,111],[-151,25],[-314,-186],[-514,230],[-326,383],[-143,645],[-351,399],[12,148],[227,112],[516,-13],[604,495],[50,185],[-201,668],[-554,421],[-1384,173],[-718,470],[-377,-25],[-26,-618],[-125,-285],[-466,-507],[-327,-136],[-189,99],[-176,309],[-214,124],[-680,62],[-176,148],[-101,161],[0,247],[629,421],[177,296],[0,198],[-239,272],[-101,383],[352,273],[76,148],[-63,111],[-894,136],[-88,161],[252,519],[-88,149],[-138,86],[-646,-25],[-123,81],[-82,363],[-244,322],[-388,61],[-204,141],[-41,181],[245,384],[61,322],[-735,847],[-245,141],[61,847],[-85,667]],[[1017594,1557799],[-303,906],[-286,343],[-184,907],[-306,-20],[-183,141],[-102,504],[-82,81],[-714,40],[-183,121],[-82,181],[41,202],[122,40],[429,-202],[122,21],[40,141],[-358,664],[11,243],[123,141],[0,243],[-347,544],[204,161],[591,101],[102,303],[-82,222],[-306,141],[-408,0],[-81,221],[20,242],[163,81],[612,-40],[0,202],[-286,383],[-41,221],[469,344],[61,1331],[-184,483],[-306,263],[-367,60],[-293,-227],[-46,-253],[-327,-99],[-328,124],[-393,293],[-510,60],[-253,278],[250,284],[227,123],[50,260],[-200,254],[-266,154],[-37,556],[-705,87],[-403,247],[-145,330],[-436,572],[-166,111],[206,877],[-61,202],[-265,121],[40,444],[265,302],[-20,222],[-143,141],[-632,-202],[-306,0],[-306,363],[-388,202],[-349,396],[-226,136],[-202,-50],[-467,-604],[-347,-182],[-367,-20],[-142,181],[404,477],[26,185],[-89,149],[-100,111],[-353,86],[-453,-185],[-226,-223],[-88,-259],[75,-421],[-63,-259],[-239,-359],[189,-1175],[-617,-469],[-516,-186],[-1611,-161],[-264,-136],[-139,-173],[0,-198],[189,-519],[-88,-148],[-327,-62],[-730,37],[-38,779],[-466,396],[-214,86],[-641,0],[-428,-222],[-907,-75],[-843,-222],[-176,-210],[-214,-75],[-151,25],[-365,458],[-214,12],[-63,-161],[51,-643],[-101,-432],[-516,-334],[-139,-384],[-151,-136],[-151,-12],[-413,257],[-299,460],[-93,37],[-365,-321],[-202,-495],[-100,-62],[-365,173],[-189,248],[-340,86],[-491,-173],[-251,-210],[-353,-74],[-693,75],[-208,-112],[-327,-484],[-265,-142],[-550,-40],[-428,-283],[-123,-222],[1,-343],[183,-524],[-94,-683],[-529,-519],[-84,-222],[90,-637],[-37,-248],[-151,-74],[-1020,0],[-164,-62],[-327,-432],[-465,-161],[-428,-458],[-328,-37],[-415,-556],[-428,-272],[-415,37],[-265,235],[-271,33],[-642,-242],[-673,101],[-102,403],[163,282],[20,283],[-102,221],[-204,182],[-611,222],[-611,543],[-1183,-210],[-755,37],[-164,148],[-855,-62],[-715,-822],[-591,-464],[-591,-202],[-306,-262],[-102,-302],[82,-303],[265,-201],[653,-61],[367,-181],[249,-14],[198,-242],[604,-235],[164,-297],[-63,-371],[289,-531],[-126,-198],[-38,-631],[202,-457],[-139,-309],[-277,-149],[-402,-74],[-1158,12],[-1548,174],[-604,247],[-466,321],[-315,359],[-251,495],[-71,1918],[-470,988],[-844,1050],[-38,297],[51,198],[717,-50],[151,161],[-12,914],[483,597],[285,847],[-10,181],[-293,688],[88,235],[151,112],[302,-37],[569,-445],[576,-17],[249,182],[0,277],[-249,756],[-44,373],[662,607],[22,224],[-141,224],[-684,277],[-314,511],[-132,571],[41,786],[-245,391],[-618,554],[-781,32],[-749,266],[54,544],[-141,362],[-509,-64],[-792,-1428],[-22,-1364],[-152,-213],[-1019,-351],[-260,159],[-7,260],[-406,197],[-599,-124],[-916,-1973],[-149,-121],[-197,-31],[-124,28],[-239,331],[-515,116],[-818,-381],[-452,-96],[-234,179],[-93,1210],[-219,144],[-1015,-365],[-438,119],[-214,265],[-205,552],[0,313],[269,947],[-101,298],[-1366,382],[-664,417],[-295,411],[-253,100],[-253,-174],[-37,-326],[-90,-127],[-580,-199],[-194,-307],[-220,-149],[-645,-153],[-405,-626],[-510,-298],[-358,78],[-173,282],[-118,609],[-709,460],[-245,333],[-4,351],[742,895],[9,240],[-228,199],[-794,290],[-584,-131],[-808,-584],[-685,-176],[-253,42],[-443,528],[-369,-21],[-158,-196],[-726,-2077],[-160,-120],[-129,20]],[[952969,1572563],[-479,134],[-632,-337],[-738,-164],[-413,139],[-122,207],[104,431],[1186,1304],[237,466],[-131,1105],[237,380],[114,423],[-149,345],[-369,-9],[-475,-241],[-219,190],[-27,207],[255,1251],[185,475],[52,449],[-70,259],[-211,173],[-264,43],[-193,-35],[-568,-344],[-284,-53],[-369,181],[-375,549],[74,609],[248,785],[-61,241],[-167,164],[-396,113],[-1212,-432],[-211,52],[-404,293],[-97,803],[-1801,423],[-281,147],[-580,759],[-220,182],[-325,95],[-325,-78],[-518,-604],[-589,-337],[-440,26],[-166,147],[-115,259],[106,492],[1863,1573],[-343,688],[-461,649],[-17,254],[293,393],[-6,160],[-422,674],[-545,5],[-951,-386],[-298,71],[-8954,-116],[-1402,127],[-667,-92],[-417,-292],[-549,-710],[-350,-241],[-137,0],[-305,135],[-325,437],[-1094,558],[-693,224],[-1015,1122],[-145,-203],[-652,-48],[-568,35],[-326,203],[-775,63],[-344,-86],[-306,-288],[-121,36],[-157,180],[-777,417],[-591,501],[-386,136],[-456,873],[-671,528],[-210,724],[-185,356],[36,571],[-146,146],[-429,42],[-470,-183],[-298,-7],[-450,124],[-66,118],[33,137],[370,131],[292,217],[244,255],[27,236],[-510,97],[-483,282],[-444,425],[-252,72],[-357,-171],[-734,-773],[-238,-124],[-126,59],[99,321],[355,121],[158,161],[-9,323],[-177,114],[-644,17],[-327,174],[-370,340],[-336,820],[-1195,1236],[-84,574],[54,1252],[267,606],[517,634],[45,344],[-135,93],[-1191,249],[-442,167],[-233,201],[-111,177],[-159,1678],[-291,394],[-176,642],[-134,162],[-278,58],[-164,138],[89,383],[-189,358],[-213,39],[-159,-143],[-179,113],[-5,147],[457,271],[-124,137],[-313,24],[10,162],[202,221],[-229,270],[-380,227],[-53,139],[70,210],[230,113],[88,184],[-194,61],[-300,-280],[-150,35],[-204,619],[27,236],[220,262],[141,576],[185,271],[-18,288],[-335,104],[-177,314],[-132,35],[-406,-149],[-644,105],[-387,-128],[-218,-224],[-315,19],[-217,248],[-364,117],[112,459],[-20,117],[-139,72],[-778,-348],[-197,11],[-86,89],[-62,671],[-330,473],[-404,-81],[-395,70],[-133,149],[83,224],[-72,418],[-450,276],[-292,445],[-513,113],[-374,294],[-320,-46],[-287,63],[-866,327],[-85,-264],[40,-521],[-744,-251],[-336,-201],[-292,69],[-93,167],[74,827],[-45,314],[-299,27],[-449,447],[-355,-135],[-346,-28],[154,180],[23,225],[-216,574],[-158,209],[-229,-16],[-142,-620],[-188,44],[-41,543],[-293,1009],[167,754],[-464,389],[-8,104],[235,148],[42,117],[-6,387],[-737,242],[-11,140],[106,70],[10,143],[-278,190],[-121,635],[-608,735],[-44,526],[-1146,890],[-189,-59],[-27,-242],[-261,-37],[-92,171],[-559,461],[-277,381],[-576,1373],[-207,59],[-1738,-5],[-171,-238],[-201,-21],[-158,118],[87,246],[-114,113],[-211,-70],[-253,-408],[-296,-79],[-442,494],[-839,578],[-862,851],[-521,636],[-217,79],[-391,-8],[-116,-71],[-94,-229],[-173,-15],[-65,244],[-375,156],[-183,215],[-296,86],[-448,671],[-261,505],[-271,839],[-541,887],[-434,457],[-444,277],[-855,305],[24,571],[-738,358],[-864,23],[-523,-132],[-77,73],[-210,-35],[-298,-138],[86,-285],[-337,-245],[-21,-106],[171,-273],[-65,-84],[-526,-14],[-183,113],[-1282,-163],[-641,100],[-658,357],[-163,384],[76,852],[200,368],[731,502],[-58,87],[-203,-25],[-83,292],[100,185],[296,129],[18,106],[-54,95],[-407,-97],[-40,205],[347,223],[-44,97],[-181,22],[12,291],[406,222],[-211,24],[-400,-169],[-134,244],[235,124],[20,139],[-246,-117],[-291,124],[-150,151],[-29,314],[-186,253],[-1324,-133],[-215,-215],[-198,-56],[-1463,-95],[-387,156],[-234,446],[271,474],[559,239],[-66,300],[-531,-293],[-228,42],[-1320,3152],[-205,1214],[-80,69],[-303,-65],[-672,490],[-407,88],[-173,118],[-431,-31],[-267,105],[-176,204],[-378,-196],[-804,-78],[-229,84],[-256,322],[-303,16],[-474,527],[167,1058],[75,93],[-122,20],[-37,102],[-212,-50],[118,100],[-91,6],[-49,136],[-333,-89],[-128,171],[-18,283],[77,49],[29,329],[150,-8],[111,-147],[12,56],[-66,139],[-171,99],[-10,352],[-450,403],[-282,139],[-724,180],[-923,-48],[861,118],[423,209],[427,-60],[121,-99],[551,1025],[696,573],[971,523],[217,232],[116,266],[560,206],[-63,104],[-589,-136],[-285,225],[-128,321],[-500,29],[-311,296],[-231,-11],[-54,-258],[-93,155],[4,355],[-529,108],[-150,-289],[-162,50],[-133,-121],[329,-132],[266,-702],[-343,-364],[-295,-804],[-230,-291],[-886,33],[-444,129],[-673,0],[-886,-210],[-1001,0],[-279,242],[-132,403],[17,1177],[98,194],[214,161],[32,290],[197,129],[690,129],[131,226],[476,48],[427,420],[755,483],[378,500],[410,129],[98,113],[312,0],[246,162],[444,96],[578,-2],[350,100],[792,478],[269,329],[25,728],[256,351],[1018,923],[717,884],[206,91],[56,195],[210,91],[106,-41],[354,-392],[315,51],[30,112],[274,195],[50,104],[-174,410],[197,410],[-54,213],[-88,93],[-464,31],[-110,-147],[-559,13],[-864,-621],[-1776,-996],[-2075,-1875],[-706,55],[-474,209],[-269,349],[-245,-156],[-143,152],[-196,-17],[-47,83],[-174,12],[-486,237],[-223,-58],[-384,203],[-187,-43],[-164,105],[-39,117],[-100,-92],[-320,-2],[-1225,391],[-846,36],[21,174],[-187,16],[-93,-298],[-260,6],[10,138],[-465,-275],[-151,48],[-195,-133],[-39,85],[146,314],[-381,-132],[-61,-123],[-91,20],[42,-95],[-95,5],[-208,-199],[-268,-39],[-121,-425],[-391,78],[-208,246],[-456,185],[73,334],[-554,375],[-172,40],[-245,267],[-491,43],[-33,197],[-240,225],[109,254],[-323,109],[-355,443],[-96,242],[-129,31],[-222,311],[-402,131],[-298,454],[-92,326],[-595,241],[-259,466],[-394,472],[-664,1297],[-1039,2691],[-242,1736],[291,2011],[13,557],[874,495],[270,24],[663,-211],[228,672],[-228,492],[-364,313],[-274,850],[-45,1298],[-182,313],[-957,626],[-546,537],[-91,492],[227,761],[46,760],[319,358],[546,-179],[1640,-1208],[728,1745],[-1138,895],[-1230,403],[-1912,89],[-593,-313],[-546,0],[-364,-179],[-501,-268],[-866,-806],[-501,-223],[-227,-358],[45,-224],[-136,-492],[-365,-358],[-410,-224],[-1821,-89],[-501,-269],[-456,179],[-1594,2506],[-1138,1521],[-638,1253],[-1776,-1432],[-410,90],[-2049,1387],[-957,492],[-2816,4445],[-575,791],[-1339,1599],[-1456,1339],[9,568],[-316,66],[-167,192],[-246,-6],[-246,123],[-607,19],[-447,188],[-861,553],[-703,196],[-242,281],[-23,901],[-415,25],[-213,-139],[-456,91],[-463,-177],[30,-155],[-165,-148],[-1231,-150],[-513,-223],[-247,-235],[-15,-112],[175,-217],[58,-784],[136,18],[-144,-32],[-41,-269],[232,-108],[171,-292],[218,-96],[489,-24],[43,-87],[-867,25],[-1105,452],[-442,301],[-1226,1161],[-2830,3656],[-1343,2646],[-756,1877],[-573,883],[-461,483],[-290,135],[5,255],[-142,261],[-290,86],[-118,-62],[-230,-352],[-162,19],[59,357],[-89,275],[231,178],[864,270],[252,239],[346,182],[299,-68],[111,-358],[741,121],[273,537],[304,260],[-30,1636],[-324,-24],[-235,-150],[-201,-472],[-319,-429],[-94,-82],[-162,9],[-535,1365],[-304,236],[-525,188],[-295,425],[-68,299],[103,781],[515,998],[93,429],[-68,362],[530,130],[348,193],[1365,1307],[1649,1164],[712,413],[4628,1784],[707,390],[1654,1317],[1124,1427],[476,458],[172,299],[54,-149],[98,-43],[521,337],[873,376],[-540,-646],[-684,-1294],[259,-485],[408,-32],[317,108],[828,590],[497,763],[-125,242],[-335,-394],[-129,58],[-177,289],[19,76],[305,-25],[-202,1765],[511,1610],[645,814],[1218,2080],[376,513],[916,1837],[815,1316],[2631,3501],[1788,2100],[1779,1684],[147,781],[167,126],[988,291],[3179,2756],[2553,1910],[1733,1537],[3112,3877],[1103,1538],[422,800],[654,318],[151,319],[603,603],[99,221],[608,656],[393,565],[1232,1085],[643,284],[235,260],[310,-62],[476,-304],[638,-130],[1124,955],[290,376],[564,5],[888,388],[2653,1871],[1559,894],[548,264],[1524,518],[3641,1125],[832,178],[324,-7],[261,-62],[320,-318],[500,13],[149,-241],[-80,-288],[-127,-95],[-418,-31],[-48,-83],[527,-434],[184,210],[592,285],[1234,405],[1362,-10],[1148,292],[497,-202],[831,653],[188,-39],[460,-666],[-92,-329],[166,-438],[0,-267],[-306,-98],[-298,-260],[-169,-174],[-196,-438],[-173,-155],[-416,-127],[181,-61],[-85,-188],[-125,32],[-755,-365],[-1162,49],[-472,180],[-1328,-574],[-531,-418],[-365,-611],[-180,-579],[-1026,-1437],[-258,-636],[-476,-355],[-54,-860],[-283,-402],[51,-329],[-1122,-1280],[-254,-412],[-347,-888],[663,-422],[88,340],[372,684],[523,535],[247,130],[294,-361],[151,-499],[-190,-490],[163,-160],[241,228],[358,-352],[241,211],[-304,355],[-207,426],[-105,1066],[41,390],[208,573],[966,1172],[1592,1402],[390,109],[464,11],[46,-56],[334,194],[74,-11],[20,-297],[195,-407],[-183,-328],[345,-221],[-2,-95],[-97,-40],[352,65],[-66,-198],[82,-91],[97,51],[73,-51],[-69,-177],[117,130],[94,-135],[432,-210],[204,125],[331,-7],[208,-101],[188,178],[105,-86],[22,120],[593,101],[-46,78],[266,262],[-168,115],[-212,-86],[-47,128],[98,40],[-88,38],[65,132],[-53,-56],[-94,45],[35,71],[-84,-25],[44,80],[-172,103],[-1,178],[-340,88],[-66,99],[113,164],[217,53],[20,-96],[112,111],[58,-100],[115,65],[11,-109],[66,119],[56,-95],[41,129],[95,-84],[18,88],[-16,-107],[90,-42],[68,176],[127,62],[122,-82],[-70,-97],[74,-36],[-2,192],[55,4],[140,-330],[2,154],[106,-13],[-33,85],[49,-44],[37,63],[49,-81],[16,272],[36,-84],[114,43],[56,-142],[-3,199],[104,-111],[12,117],[87,-82],[-10,89],[56,-105],[91,31],[44,146],[88,-114],[26,162],[81,-45],[-15,100],[45,-84],[37,70],[64,-42],[31,133],[69,-37],[134,176],[64,-26],[-19,90],[102,-115],[-4,95],[138,83],[-63,84],[117,16],[39,-71],[1,167],[108,2],[6,-62],[186,60],[70,-79],[449,310],[40,-42],[124,131],[-65,170],[229,-14],[-12,62],[408,235],[352,412],[-48,64],[57,154],[109,64],[-48,69],[131,115],[69,-31],[-14,72],[63,-102],[66,159],[402,-156],[62,131],[-55,51],[106,-43],[-253,998],[-144,17],[-95,154],[54,76],[-256,347],[-97,-128],[-190,97],[118,-153],[-55,-116],[139,-87],[-61,-91],[-384,278],[-41,134],[-109,-78],[-40,-194],[340,-72],[-128,-76],[126,-30],[-6,-185],[-234,-86],[-467,355],[-74,19],[-23,-96],[44,-336],[160,-154],[-56,-114],[-220,-99],[-75,-273],[220,-168],[-225,-148],[203,-175],[574,153],[123,-120],[-9,-108],[-584,-84],[-170,61],[-748,645],[-546,109],[-135,151],[-148,-97],[-26,-160],[-279,-204],[-383,12],[92,128],[398,155],[1209,756],[1036,829],[515,201],[1410,219],[47,-436],[191,-509],[238,-64],[117,-119],[1675,-353],[582,341],[1372,502],[597,327],[1464,1106],[558,515],[931,378],[1401,219],[152,-77],[-44,-144],[80,-159],[118,159],[195,-136],[117,-247],[153,-126],[30,-270],[262,-110],[292,-343],[762,-447],[76,-121],[-37,-219],[-336,2],[-174,-264],[-530,-335],[-304,126],[-76,134],[-303,-44],[9,-154],[-269,-63],[14,-326],[70,-44],[-646,-501],[-75,137],[-148,-63],[-227,68],[3,-63],[-4,88],[-54,-80],[-94,66],[-96,-364],[227,-109],[-138,59],[-166,-268],[-274,-194],[20,-75],[-57,46],[-111,-96],[-15,-88],[104,-58],[-182,-346],[3,-147],[94,-38],[-93,6],[-343,-774],[-181,-240],[-141,-25],[-14,79],[-154,28],[-229,196],[-47,83],[93,154],[-90,-12],[136,295],[-64,104],[-116,13],[45,161],[-68,-91],[-153,277],[-111,-1],[-25,71],[-36,-119],[94,10],[12,-82],[-107,-12],[90,-127],[4,-226],[-76,-52],[-126,96],[-80,-75],[-28,104],[-390,153],[25,-131],[113,-48],[-16,-151],[-402,83],[-379,-76],[-41,274],[229,-39],[302,357],[-28,54],[-311,-378],[-299,65],[19,-123],[-121,-20],[152,-81],[65,-176],[481,46],[770,-305],[-95,-174],[-122,13],[305,-226],[-27,-184],[-219,-346],[-262,-19],[-326,241],[56,206],[93,-77],[123,52],[-204,65],[268,176],[-145,69],[76,77],[-565,-456],[20,-59],[126,38],[14,-128],[-74,-116],[-134,126],[-33,-208],[140,60],[57,-63],[-197,-76],[-389,112],[-163,253],[52,158],[-107,-8],[-36,119],[184,119],[-62,78],[-105,-104],[29,428],[-133,-116],[-73,94],[-127,-181],[170,-101],[-32,-114],[-128,35],[141,-281],[-44,-77],[65,-13],[-47,-220],[86,-154],[115,-15],[-32,-79],[-251,22],[-70,350],[-89,34],[-63,-55],[-30,-448],[-391,82],[-147,-33],[-110,-136],[-296,129],[-171,-41],[-265,206],[-170,-27],[58,70],[-201,103],[48,118],[-108,52],[36,188],[-114,92],[90,71],[-126,-8],[125,23],[-114,372],[142,305],[-139,90],[-44,310],[225,412],[69,-4]],[[880526,1754051],[241,367],[21,266],[83,28],[-40,267],[-112,23],[-139,174],[-233,25],[56,85],[-1347,321],[-169,-308],[178,-13],[-195,-13],[-2,-252],[135,-7],[-132,-10],[-11,-246],[88,-14],[-95,-5],[-172,-293],[-211,31],[-208,437],[-155,-182],[184,-101],[-191,28],[186,-90],[0,-68],[-209,29],[146,-70],[-79,7],[28,-79],[-95,20],[96,-84],[-113,7],[99,-47],[-96,-16],[84,-35],[-114,13],[367,-77],[31,-80],[-74,-73],[64,-68],[-33,-312],[-51,-92],[-58,32],[76,-186],[-106,-49],[-95,88],[28,-71],[-171,-3],[-201,85],[47,-169],[345,24],[47,-130],[160,14],[-77,-136],[120,160],[71,-81],[-96,-66],[98,64],[20,-128],[51,50],[67,-120],[-67,-121],[87,-254],[-141,-65],[97,-17],[-78,-57],[68,-81],[-126,-33],[132,-94],[-165,-4],[171,-49],[-178,-7],[155,-160],[-118,12],[80,-117],[-128,42],[-15,-107],[131,-4],[-11,-60],[-128,49],[-44,-97],[117,-55],[-104,31],[-31,-124],[-113,2],[84,-99],[-40,-44],[-97,91],[-17,-127],[-70,63],[-4,-95],[-76,43],[105,-104],[-125,-110],[-158,48],[-98,-61],[-4,-109],[-91,-39],[-52,90],[-52,-108],[-161,-38],[-207,-5],[-24,74],[-40,-72],[-72,85],[-29,-56],[-390,-4],[-515,94],[-13,-61],[-366,2],[-238,76],[-29,-72],[-240,36],[-110,-76],[-26,73],[-51,-68],[-4,69],[-96,4],[-132,-154],[-217,26],[-16,-76],[2,175],[-89,51],[-61,-166],[97,-34],[-144,-37],[-94,90],[-21,-137],[-273,-45],[13,-96],[-133,-38],[-130,84],[-86,-8],[13,-80],[-98,55],[-60,-62],[-189,85],[-15,-102],[-112,-2],[-44,97],[-193,12],[-107,-263],[8,-215],[-77,-16],[70,-111],[-84,-62],[85,-14],[-69,-278],[-69,-15],[-78,192],[29,-123],[-143,-20],[-280,18],[-90,103],[6,-189],[243,43],[107,-73],[-596,-76],[-307,-120],[1413,118],[20,-134],[175,-18],[6,-230],[167,105],[78,-94],[-42,-115],[169,-314],[16,-62],[-245,-9],[-85,-118],[79,-85],[279,14],[-26,-198],[97,-14],[-225,-111],[-29,-202],[-177,-115],[-386,300],[-495,97],[-198,-46],[-10,-250],[-55,189],[-210,199],[-215,16],[198,-85],[170,-394],[123,-102],[216,0],[278,164],[108,-28],[0,-155],[-202,-146],[-34,-191],[-128,11],[80,-247],[-90,-133],[109,-90],[62,146],[284,-17],[616,405],[232,40],[117,-65],[409,-796],[243,-199],[387,-141],[184,-170],[342,51],[711,-292],[395,-331],[425,43],[-383,646],[-1796,757],[-398,401],[15,178],[216,232],[-5,236],[88,72],[157,5],[138,-159],[491,154],[142,179],[201,-49],[486,-1369],[859,-468],[968,-271],[1553,-1283],[242,-393],[33,-273],[-108,-239],[-382,-406],[287,-378],[911,690],[109,-148],[0,231],[121,-21],[114,-163],[148,163],[-707,1732],[-1130,796],[-369,427],[-58,188],[44,405],[394,166],[261,295],[398,-154],[-236,250],[-44,203],[216,574],[280,463],[544,516],[1012,255],[328,-91],[197,77],[476,-53],[500,-352],[84,-232],[78,-1393],[-692,-121],[-515,-207],[-1011,-217],[-69,-82],[1119,19],[408,-106],[839,265],[82,-707],[-28,-706],[299,-540],[-196,694],[123,256],[113,1620],[314,733],[191,-48],[118,68],[29,106],[-137,178],[10,145],[329,169],[226,-44],[397,-390],[246,-844],[58,-1355],[-68,-213],[-206,-217],[9,-120],[413,-314],[137,-477],[367,-751],[-121,-220],[215,0],[592,-699],[343,-240],[199,-332],[1225,-3194],[335,-1091],[-37,-82],[-207,-26],[-1227,501],[-550,555],[-643,935],[-393,314],[-402,188],[-442,-48],[-196,-193],[19,-396],[270,-448],[-68,-130],[-354,-15],[-672,198],[-182,106],[-353,439],[-280,120],[-236,-91],[-181,-246],[-177,-820],[172,-193],[407,183],[197,-130],[88,-501],[-79,-589],[84,-265],[113,-67],[-138,347],[113,646],[-29,362],[-211,236],[-231,19],[-187,-91],[-181,43],[0,188],[309,723],[133,97],[176,-73],[432,-564],[962,-270],[280,-9],[187,120],[132,449],[-226,525],[162,97],[309,-29],[446,-325],[537,-778],[746,-752],[1333,-1002],[240,-1739],[-209,-399],[-236,86],[-13,-73],[134,-93],[-10,-207],[-382,-492],[-310,-236],[-927,-222],[-1782,-82],[-1199,-148],[-713,-379],[-364,-66],[-765,42],[-628,154],[-942,763],[-567,120],[-437,-8],[-593,-378],[-724,-1105],[-568,-592],[157,-180],[384,-223],[88,0],[174,532],[978,1191],[209,146],[262,-43],[1291,-900],[829,-412],[1449,283],[1090,403],[742,-34],[384,-111],[689,-395],[966,-121],[780,-480],[134,-412],[40,-459],[306,-621],[-537,-681],[-65,-457],[176,-25],[0,315],[98,218],[426,380],[190,334],[6,347],[-162,517],[424,120],[131,205],[64,517],[1237,1066],[284,482],[903,-58],[462,-328],[34,-246],[216,-48],[-20,405],[-294,357],[-560,174],[-486,270],[-132,304],[304,930],[98,671],[202,3529],[-368,2069],[-236,878],[-20,834],[-240,940],[147,454],[-182,241],[5,405],[108,694],[128,251],[329,352],[383,101],[476,-120],[657,-762],[134,-749],[256,-765],[289,-532],[786,-952],[235,-446],[558,-626],[330,-254],[777,-79],[254,-131],[111,-586],[-67,-144],[-854,488],[-302,-108],[-184,-337],[133,-50],[107,209],[265,80],[1100,-998],[873,647],[294,358],[184,373],[59,495],[-88,1150],[-387,1226],[188,438],[262,282],[70,188],[231,-174],[126,-3],[-67,814],[148,180],[140,33],[25,-629],[-95,-51],[22,-445],[533,-3237],[666,-1150],[792,-1088],[449,-518],[884,-745],[254,-470],[-26,-354],[251,-483],[-110,-419],[-179,-250],[-1210,-787],[-662,-799],[-274,-556],[425,-244],[195,157],[765,249],[869,-170],[1086,1356],[246,561],[224,1684],[-737,924],[-599,569],[-894,1167],[-1079,1668],[-226,449],[-251,839],[40,207],[122,135],[908,695],[700,76],[-33,112],[-177,18],[-11,120],[552,662],[409,339],[541,174],[144,-79],[99,-185],[821,-239],[850,-141],[1823,-115],[1586,-434],[188,-286],[767,-2327],[588,-426],[-9,749],[-212,458],[-80,1199],[508,255],[-31,103],[-290,49],[-174,155],[42,548],[246,556],[220,244],[-38,236],[235,62],[13,163],[210,358],[-110,84],[411,182],[917,-196],[577,-241],[1488,-171],[627,-179],[753,49],[1496,302],[1115,75],[2257,-73],[830,48],[832,365],[552,113],[2008,178],[1143,-67],[840,-241],[422,-256],[657,-564],[280,-299],[0,-101],[-132,-251],[-476,-371],[-383,-20],[-39,-222],[-300,-501],[-324,-810],[-69,-839],[310,-309],[68,-241],[-59,-482],[-185,-546],[1578,-545],[2227,1801],[393,159],[814,140],[305,5],[314,-135],[604,-506],[309,-372],[638,-1176],[236,-728],[108,-1071],[1335,-3409],[358,-631],[25,-224],[-240,-583],[-305,-526],[-289,-252],[-437,-275],[-553,-203],[-1721,-512],[-643,-367],[231,-230],[442,210],[2746,763],[545,329],[854,951],[1075,868],[331,362],[401,731],[685,47],[619,325],[648,467],[-243,372],[-670,-217],[-560,22],[-379,119],[-464,228],[-335,398],[-33,325],[184,717],[52,1370],[180,915],[-85,362],[173,792],[63,1751],[132,734],[-257,654],[-825,1447],[108,142],[415,191],[714,531],[747,366],[1569,199],[714,-8],[157,109],[56,240],[141,130],[1071,466],[677,524],[-548,971],[-537,-98],[-815,41],[-284,100],[-169,288],[-88,605],[-11,982],[108,491],[339,453],[-69,279],[116,475],[-43,530],[133,109],[-225,466],[147,275],[-209,-3],[-96,271],[-11,1179],[-203,2344],[137,372],[408,-123],[192,18],[795,582],[265,503],[174,748],[-199,744],[-69,-255],[99,-261],[0,-295],[-71,-68],[-119,683],[27,429],[144,-14],[312,-520],[-50,404],[89,149],[-138,43],[278,385],[426,342],[248,312],[-96,122],[-122,-46],[-155,103],[-403,54],[464,133],[268,551],[736,754],[-358,361],[-983,-138],[-348,141],[-135,195],[117,384],[-1,1048],[-298,1660],[0,350],[-91,450],[-149,217],[-88,752],[-146,505],[75,616],[-56,943],[-201,665],[-47,505],[-953,2547],[-27,480],[91,306],[-166,218]],[[940700,1778305],[-207,273],[-649,-569],[-306,580],[-428,342],[-928,-57],[-497,79],[-298,-79],[-290,119],[-534,53],[-1766,77],[-1157,-263],[-430,-293],[-660,-119],[-685,-274],[-972,-705],[-657,-356],[-514,-24],[-502,-236],[-183,-35],[-148,159],[-133,1],[-108,-120],[-140,247],[-260,147],[-100,-237],[-342,174],[-145,-111],[-20,185],[-241,0],[-24,-141],[-77,-31],[-144,171],[18,338],[201,108],[-237,144],[27,206],[-141,304],[-309,155],[86,236],[-262,108],[234,285],[-163,374],[158,103],[-72,133],[-204,11],[80,456],[-61,928],[284,200],[-281,285],[226,217],[-204,342],[25,160],[232,138],[-125,147],[94,293],[-11,385],[-270,311],[-5,158],[116,189],[-127,169],[-66,349],[96,264],[315,271],[-55,1828],[-119,223],[-116,5],[-88,-117],[-44,182],[-310,119],[50,247],[-69,166],[138,312],[3,352],[-89,174],[28,206],[-149,62],[105,291],[-238,190],[-27,382],[-204,33],[151,255],[-16,667],[146,46],[-348,111],[56,179],[138,-51],[5,453],[91,165],[-135,472],[36,160],[-254,41],[146,97],[22,106],[-163,163],[207,11],[72,-177],[58,182],[260,-43],[140,138],[-80,252],[45,93],[143,78],[53,171],[290,190],[245,-27],[97,65],[74,-95],[304,8],[759,274],[86,147],[28,469],[-100,700],[249,57],[61,123],[162,-36],[45,103],[-6,303],[-191,462],[197,1],[105,-97],[145,221],[68,-124],[183,29],[-52,-194],[269,-156],[-145,-263],[79,-91],[172,232],[240,34],[-139,318],[211,-171],[181,189],[-13,71],[-106,-26],[-39,97],[-466,279],[350,-49],[-37,80],[54,14],[261,-82],[192,228],[135,395],[410,191],[145,122],[-6,86],[-222,146],[-224,-136],[-273,24],[-161,367],[-237,238],[-273,158],[-442,-26],[-80,117],[632,89],[124,217],[66,605],[354,448],[566,398],[-163,136],[-320,-182],[-1094,917],[-654,833],[-340,95],[-246,-50],[-331,183],[-290,344],[6,385],[-124,380],[-381,336],[-215,328],[130,500],[-782,396],[-163,374],[-284,369],[133,469],[-36,155],[-155,103],[-555,16],[-309,448],[-53,328],[-952,-27],[-1467,298],[-436,-303],[-270,-49],[-174,125],[-50,328],[-373,480],[-72,-73],[53,-280],[-127,-247],[-326,-227],[-287,48],[-80,320],[124,565],[-834,-52],[-71,81],[114,238],[-190,-98],[-127,29],[81,179],[-41,423],[-561,1221],[109,455],[-273,-209],[-73,20],[-118,818],[-277,-30],[-184,209],[49,-307],[-217,-551],[-147,-261],[-271,-83],[-497,252],[-255,230],[-376,529],[-166,391],[-88,-48],[-5,-140],[481,-1196],[83,-386],[-29,-843],[-305,-1001],[-215,-263],[-639,-313],[-49,-376],[-283,-444],[-654,-540],[-442,-140],[-398,-236],[-269,-415],[-349,-256],[-59,-303],[-324,-140],[79,-265],[-39,-825],[107,-825],[45,-154],[407,-227],[-54,-279],[-275,87],[-397,-54],[-491,-496],[-231,-63],[-236,256],[-520,154],[-761,198],[-711,33],[-339,-217],[-334,-438],[-19,-261],[181,-96],[-69,-77],[-574,-237],[-893,-96],[-815,-437],[-255,51],[64,121],[-69,101],[-123,24],[-93,-106],[-260,53],[152,178],[44,290],[-304,279],[-281,-62],[-100,272],[295,184],[-7,137],[-262,-28],[-59,481],[-670,253],[11,79],[247,47],[110,196],[-88,549],[416,286],[-88,503],[103,61],[0,141],[508,449],[348,808],[143,4894],[-66,1280],[-166,846],[-217,2550],[-224,1371],[-961,4058],[-55,741],[-497,1154],[7,134],[567,264],[449,90],[368,546],[262,58],[151,-116],[139,-875],[899,-875],[1884,-660],[200,147],[462,34],[623,-165],[446,58],[695,441],[589,245],[-14,934],[-1112,65],[-1251,-254],[-2022,19],[-1189,1338],[-390,134],[-821,496],[-832,209],[-766,29],[-504,485],[-442,1378],[-254,1754],[-906,4629],[-541,1552],[-575,1023],[74,658],[-294,1237],[7,1074],[-225,1320],[251,796],[-188,148],[-1830,620],[-787,-424],[-280,-7],[-471,437],[-527,1223],[-521,2437],[-366,2185],[-858,3041],[-132,1187],[-148,517],[-84,1717],[-192,433],[-83,829],[-354,738],[-14,188],[39,931],[191,911],[25,998],[103,478],[813,977],[781,2589],[908,4253],[441,2528],[334,842]],[[896585,1870140],[471,662],[445,322],[118,174],[615,257],[328,52],[229,308],[13,392],[-413,1441],[-835,1111],[-151,432],[46,187],[565,-13],[572,-155],[366,-199],[1250,514],[327,373],[472,868],[988,2360],[173,220],[643,-13],[676,-1051],[1174,-586],[865,1503],[114,644],[936,653],[21,210],[-222,443],[161,189],[346,151],[1189,2111],[-422,754],[-307,1131],[-330,764],[-34,461],[210,593],[385,2139],[852,1633],[1225,1310],[847,459],[634,638],[2126,2582],[1583,2418],[277,298],[315,170],[226,-10],[98,-43],[138,-324],[300,-58],[911,681],[-30,339],[630,681],[349,595],[138,1044],[162,135],[675,97],[211,445],[192,121],[-20,116],[-54,-10],[-580,-261],[-59,169],[83,300],[-49,391],[128,358],[-914,519],[-110,27],[-492,-164],[-108,145],[-39,454],[625,1857],[319,1323],[394,4927],[305,1900],[251,1112],[556,1286],[295,439],[1132,1011],[925,1000],[2721,3205],[379,682],[1230,1310],[2264,3543],[231,498],[1363,1948],[1451,2442],[2342,3592],[1777,2034],[443,943],[408,251],[128,-130],[231,-662],[-507,-706],[-83,-377],[-266,-266],[-74,-397],[-251,-101],[-192,-218],[-507,-942],[30,-82],[477,-218],[64,-481],[860,-1310],[252,32],[118,-63],[42,-647]],[[936947,1933532],[687,-422],[123,54],[-414,468],[-44,402],[167,91],[297,-187],[407,145],[735,866],[-56,380],[133,329],[-182,478],[-20,440],[128,493],[492,411],[871,112],[266,125],[962,2096],[-889,109],[-1382,-39],[-153,111],[207,2543],[680,2414],[309,1463],[280,715],[251,1842],[-118,599],[-133,252],[-546,-5],[-167,92],[-728,106],[-113,63],[-79,193],[74,324],[270,213],[901,-116],[605,82],[1909,778],[704,358],[1737,1276],[1904,1233],[285,271],[468,145],[669,29],[354,-141],[-15,-377],[-457,-715],[-222,-537],[94,-343],[403,-63],[1112,754],[246,469],[763,633],[477,532],[694,329],[79,-256],[-35,-566],[-261,-904],[-49,-538],[2015,2262],[-172,330],[-335,1501],[163,1552],[231,638],[822,1054],[910,1445],[1845,1774],[1914,2509],[379,609],[1024,397],[1299,817],[1038,918],[359,53],[276,208],[910,155],[580,-370],[974,1205],[-167,330],[-49,522],[492,464],[1131,2648],[286,480],[1058,575],[517,-63],[227,-196],[896,1944],[-454,147],[-374,314],[-236,329],[-172,440],[-350,261],[-187,363],[492,125],[532,-48],[457,179],[320,440],[110,498],[-139,522],[-187,43],[-54,-300],[-168,10],[-644,667],[-153,363],[35,106],[256,97],[373,9],[522,-178],[984,-174],[1442,294],[1815,68],[1255,464],[1004,-29],[389,266],[615,73],[285,183],[335,513],[187,101],[452,58],[733,-217],[330,-532],[138,-97],[536,-111],[275,115],[45,204],[-423,353],[-413,174],[-192,314],[211,116],[896,179],[443,-10],[357,-489],[4768,-164],[1255,1564],[3055,5410],[856,1082],[2018,1857],[999,638],[5698,2978],[2529,904],[2061,1015],[360,-50],[1550,147]],[[1007077,1998486],[4579,432]],[[1011656,1998918],[903,85],[220,117],[360,29],[324,-92],[551,58],[959,-299],[2038,-440],[1712,-34],[1048,145],[305,-63],[386,-359],[436,22],[336,389],[300,145],[178,-54],[211,-343],[893,-5],[441,68],[1242,508],[2118,1273],[1366,29],[745,230],[483,27],[1004,-106],[322,106],[466,317],[936,359],[695,20],[210,-91],[209,-233],[3924,687]],[[1036977,2001413],[4809,841],[609,0],[286,247],[896,-176],[1935,35],[3510,563],[466,246],[1254,282],[1039,528],[752,106],[1463,-50],[98,-130],[-191,-513],[-25,-338],[118,-222],[281,4],[482,1030],[164,150],[370,78],[251,290],[192,532],[600,730],[187,382],[1437,319],[536,39],[900,9],[675,-121],[615,-256],[752,-604],[832,-1523],[64,-270],[-98,-126],[-433,19],[-507,363],[-178,-7],[-38,-234],[79,-210],[283,-91],[48,-95],[-118,-282],[26,-120],[128,-182],[155,-69],[213,-364],[-1,-224],[263,-248],[-32,-105],[439,-567],[552,-659],[744,-613],[-167,-327],[54,-30],[-109,-63],[55,-26],[-37,-86],[-66,46],[-275,-206],[10,-114],[-76,101],[-88,-70],[34,-52],[-66,40],[9,-131],[-193,137],[-79,-242],[-286,-200],[435,-3758],[394,-10],[279,224],[324,-363],[448,-152],[412,-18],[139,210],[164,-158],[165,-35],[-60,-437],[59,-101],[284,-59],[306,147],[146,-291],[78,115],[216,-139],[169,15],[307,292],[631,-40],[2694,703]],[[1070169,1994729],[767,223],[2044,851],[646,-108],[603,2],[322,111],[336,-12],[169,-83],[288,-287],[778,-514],[228,-331],[475,-346],[287,-366],[389,-255],[254,-54],[380,-331],[337,-13],[464,-442],[127,-387],[17,-693],[434,-651],[-80,-650],[85,-138],[654,-194],[713,-875],[109,-299],[-11,-734],[404,-1659],[748,-1194],[1326,-118],[1163,364],[1659,1194],[905,1538],[2101,2658],[1494,2346],[1844,2080],[501,674],[802,389],[92,-119],[21,-602],[676,-224],[1558,-697],[319,-6],[362,169],[271,20],[379,-193],[1664,1363],[108,273],[595,609],[698,160],[567,-35],[376,-215],[418,79],[272,-73],[478,223],[164,-120],[25,-139],[119,-21],[218,204],[573,151],[41,249],[237,333],[1604,4],[310,136],[123,285],[-96,549],[391,302],[399,35],[436,-511],[518,-32],[1822,760],[-280,82],[-15,83],[407,112],[111,319],[84,28],[421,-26],[352,-415],[420,43],[126,98],[253,-27],[353,-678],[114,-140],[206,-36],[153,-425],[206,-107],[325,-875],[-84,-164],[-270,-52],[155,-222],[169,1],[379,-179],[473,-36],[290,-160],[118,-285],[-34,-150],[-437,-476],[300,-1936],[113,-128],[310,-276],[434,140],[365,-179],[367,-525],[14,-220],[57,6],[-70,-120],[183,-151],[743,-25],[491,-165],[591,-511],[226,-512],[478,-456],[1413,-1086],[653,-224],[2635,646],[55,291],[-413,1249],[-42,897],[250,680],[697,472],[535,252],[662,13]],[[1292143,1576433],[1278,1160],[282,556],[-119,1053],[-591,2675]],[[1292993,1581877],[273,144],[181,248],[69,729],[-42,1101],[-317,872],[44,993],[-133,480],[11,503],[188,658],[581,847],[549,1588],[-201,1812],[72,297],[369,627],[178,837],[833,1654],[1535,725],[1201,872],[735,279],[274,334],[82,314],[590,442],[244,466],[87,356],[-68,574],[101,115],[519,204],[334,350],[-428,1441],[-204,314],[79,702],[241,520],[160,37],[55,140],[484,106],[107,89],[-213,417],[304,1011],[-680,270],[-107,497],[-414,358],[-393,120],[-184,1070],[-162,82],[-344,-30],[-348,107],[-173,-47],[-288,142],[-32,282],[191,218],[1,222],[-82,7],[-193,-315],[-624,-286],[-156,29],[161,167],[-155,348],[90,180],[15,215],[-89,146],[48,164],[-325,42],[-111,287],[45,199],[-180,373],[-902,-1223],[-749,-496],[-618,-158],[-591,52],[-57,-133],[-300,-230],[-365,18],[-44,68],[-255,-68],[-838,-450],[-632,-160],[-741,-525],[-241,7],[-327,-195],[-133,-1],[-1309,669],[-715,153],[-422,-311],[-191,-344]],[[1287948,1606595],[-203,-38],[-255,183],[-470,1090],[-417,568],[-179,111],[-102,-144],[-155,-54],[-502,285],[-139,268],[253,433],[470,312],[511,-50],[561,161],[361,-89],[778,95],[479,400],[204,411],[673,227],[831,604],[857,501],[371,149],[246,-89],[188,250],[450,299],[239,372],[841,743],[174,375],[364,347],[99,222],[369,195],[320,433],[-6,216],[353,74],[172,508],[351,324],[56,173],[145,71],[299,606],[343,279],[167,290],[269,244],[428,161],[378,-53],[398,128],[375,30],[205,-88],[359,138],[231,-29],[582,352],[454,-56],[552,250],[532,-141],[261,172],[348,23],[165,136],[386,-64],[400,169],[595,-66],[295,97],[421,-21],[1061,341],[712,873],[231,-9],[398,-180],[308,75]],[[1307389,1620188],[187,-512],[-112,-262],[214,-330],[37,-256],[-202,-333],[82,-342],[-460,-177],[-139,-223],[51,-439],[188,-355],[25,-342],[237,-132],[149,-344],[72,-589],[-264,-898],[-149,-234],[-281,-210],[56,-138],[247,-114],[55,-369],[-236,-243],[63,-467],[-93,-208],[44,-309],[174,-400],[274,-79],[389,-729],[576,-571],[497,-104],[217,-161],[270,-815],[1264,-1393],[507,-1175],[466,-539],[281,-520],[1478,-1505],[-88,-289],[-318,-295],[144,-231],[661,-57],[1163,41],[262,111],[104,181],[293,142],[318,317],[201,513],[330,465],[46,550],[362,623],[-209,391],[116,652],[-69,675],[-239,263],[-225,468],[448,86],[401,-133],[643,-794],[568,-377],[392,-417],[-71,-819],[48,-759],[1052,-373],[526,-268],[455,-808],[243,-207],[1639,-178],[656,-202],[478,-658],[991,-1070],[302,-202],[30,-158]],[[1325206,1601554],[72,-260],[545,-376],[131,-271],[464,-64],[167,-306],[-24,-913],[374,-884],[662,-1164],[914,-1231],[51,-1186],[886,-1902],[515,-587],[1232,-896],[1049,-598],[912,-364],[817,-59],[1098,85],[596,-105],[1289,109],[326,279],[435,-10],[247,153],[408,64],[420,352],[592,-150],[153,54],[222,321],[288,-9],[288,-233],[618,-1112],[-1,-232],[242,-514],[139,-539],[-32,-307],[83,-323],[386,-442],[113,-389],[-14,-578],[233,-682],[-70,-854],[369,-120],[1525,-55],[531,-150],[113,-197],[0,-342],[216,-267],[81,-387],[247,-209],[130,-483],[104,-69],[1223,-26],[332,-87],[1309,-1165],[232,-31],[159,-116],[406,-495],[393,-280],[1830,-659],[948,-518],[1224,-392],[546,-356],[703,-792],[221,-150],[652,-335],[1106,-353],[959,-60],[464,41],[302,111],[714,-200],[272,193],[359,792],[325,463],[743,54],[780,260],[417,214],[508,529],[291,133],[292,-7],[190,-150],[114,-301],[135,-2051],[-19,-1055],[237,-371],[113,-642],[515,-437],[407,-542],[1181,-794],[865,-808],[1392,-238],[894,-244],[1374,-739],[1301,-178],[358,-179],[483,-517]],[[1357844,1465899],[-985,693],[-313,1003],[-248,144],[-625,143],[-262,331],[0,172],[145,259],[451,245],[87,302],[-15,316],[-116,187],[-495,287],[-218,890],[-423,347],[-261,694],[-329,213],[-600,87],[-576,308],[-245,271],[-137,746],[-534,447],[-194,57],[-547,-65],[-611,-229],[-458,-16],[-737,1230],[86,1278],[-75,344],[-901,1891],[-325,433],[-293,259],[-365,147],[-602,-76],[-1400,-305],[-204,-302],[-424,-242],[-237,-58],[-175,88],[-160,158],[-159,475],[-600,632],[-160,791],[-559,592],[-320,672],[-1288,943],[-1263,490],[-247,425],[-223,1191],[-221,504],[182,813],[-376,1351],[-1046,1206],[-405,328],[-1370,173],[-1072,-18],[-1160,-138],[-844,259],[-878,760],[-334,706],[-369,293],[-1072,1371],[-773,311],[-1318,777],[-949,949],[-633,777],[-193,380],[-703,725],[-633,18],[-316,-87],[-1040,-898],[-158,-17],[-165,62],[-403,466],[-647,1123],[-1078,923],[-350,15],[-177,156],[-140,19],[-472,-350],[-752,18],[-378,91],[-466,-317],[-712,11],[-555,175],[-206,-434],[-457,132],[-364,-244],[-168,16],[-149,-157],[-404,80],[-172,-239],[-297,-171],[-117,223],[-100,-3],[-21,141],[156,208],[-37,243],[219,181],[-9,614],[-292,36],[14,208],[146,289],[-279,410],[9,587],[-205,424],[-422,75],[-820,345],[-328,54],[-338,212],[-145,201],[-82,360],[-428,326],[-582,266],[-256,441],[-599,376],[-681,197],[-666,-88],[-414,128],[-131,194],[-104,750],[-267,385],[-629,156],[-268,275],[-356,169],[-359,296],[-828,329],[-686,573],[-538,233]],[[1305068,1506519],[-292,138],[333,647],[846,917],[1026,815],[1802,1646],[957,1455],[584,1432],[762,519],[431,771],[128,1136],[188,472],[215,947],[2,232],[-91,138],[81,340],[-121,219],[113,294],[-82,140],[-201,5],[-35,186],[-226,276],[-322,176],[-95,709],[209,287],[-272,273],[-36,251],[262,197],[114,422],[167,125],[322,663],[336,379],[148,556],[-41,302],[122,203],[398,1461],[-108,295],[54,204],[-116,205],[-251,-45],[-281,70],[63,184],[-71,202],[54,547],[-100,954],[-371,369],[153,542],[-52,705],[150,480],[199,300],[82,389],[351,298],[222,391],[111,68],[1087,105],[98,319],[225,1],[338,362],[118,485],[-255,357],[-64,248],[-210,211],[-671,-217],[-156,-1],[-151,107],[-66,455],[203,492],[-109,574],[-478,-269],[-99,36],[-50,202],[82,180],[-223,301],[-308,196],[-169,211],[-424,-65],[-105,106],[-232,-65],[-176,92],[48,278],[-284,326],[-102,-94],[15,-368],[-194,-144],[-72,375],[-228,99],[-212,-7],[-44,313],[-403,-17],[-448,518],[-437,364],[9,236],[-133,79],[188,214],[-393,457],[49,463],[-127,245],[-90,580],[-259,468],[96,175],[-776,368],[-356,48],[-177,436],[-8,184],[130,287],[744,327],[-168,345],[1,320],[-405,132],[-291,-254],[-190,-54],[-758,482],[-395,-53],[-86,369],[63,388],[-198,596],[136,347],[572,350],[354,14],[250,-84],[328,279],[549,-114],[224,279],[380,169],[72,156],[156,670],[53,745],[222,532],[137,656],[-7,1560],[-184,22],[-4,457],[76,159],[-73,257],[87,154],[-140,71],[122,22],[84,233],[119,-7],[132,-227],[44,-327],[639,557],[-148,242],[22,1089],[-454,-51],[-374,1202],[-538,528],[-180,98],[-369,18],[-239,237],[49,351],[237,398],[-209,324],[-33,667],[-421,628],[-454,441],[-129,257],[-598,514],[-110,382],[6,414],[-137,277],[116,427],[-353,-143],[-386,-522],[-408,32],[-29,111],[-274,42],[-156,-46],[25,-87],[153,44],[9,-56],[-208,-90],[-39,130],[-226,-45],[19,-118],[-62,-15],[-27,65],[-242,-45],[-619,121],[-85,-117],[-37,99],[-199,-18],[-493,-227],[94,87],[-1102,679],[-428,384],[-347,533],[-83,428],[-305,351],[-179,647],[-558,702],[-401,1062],[-244,256],[-324,83],[-220,327],[-189,826],[37,397],[-260,681],[-749,775],[-251,85],[-427,-62],[-270,216],[-778,1207],[-125,1011],[-270,645],[-426,463],[-573,917],[-488,568],[-338,1096],[-750,1695],[2,166],[299,630],[-135,780]],[[1393240,1661687],[-171,-106],[-232,-429],[-404,-284],[-266,-43],[-142,-231],[146,-399],[218,-98],[137,-225],[-35,-278],[-246,-129],[-577,-47],[-274,-288],[-253,27],[-169,-390],[-395,-328],[-323,-561],[-211,-95],[-608,-773],[-883,-478],[-29,-270],[-336,-297],[-346,-549],[-313,-155],[-151,-204],[-380,-8],[-77,-183],[-281,-159],[-113,-323],[-1100,-793],[-103,-410],[-271,-183],[-515,-884],[-536,-425],[-61,-430],[-166,-304],[-451,-217],[-271,-639],[-490,-299],[-559,-131],[-151,-275],[-204,-46],[-260,-194],[81,-126],[-468,-473],[-65,-214],[30,-348],[-121,-246],[-262,-210],[-26,-161],[82,-90],[-72,-117],[-913,-198],[-166,-139],[-70,-326],[19,-266],[127,-174],[-65,-138],[311,-55],[33,-189],[-204,-70],[-195,-291],[-275,101],[-461,-273],[-32,-499],[-240,-518],[-180,-17],[-318,-182],[-1288,268],[-392,-304],[-525,280],[-710,36],[-694,-165],[-770,-470],[-312,123],[-166,-330],[-393,122],[-178,-214],[-427,85],[-342,-41],[-216,157],[-231,20],[-105,-91],[9,-271],[-109,-85],[-190,33],[-186,378],[-760,503],[-622,74],[-441,-61],[-225,268],[-319,-57],[-311,179]],[[1368035,1644372],[-197,373],[-62,457],[-362,83],[-293,478],[-501,238],[-251,254]],[[1366369,1646255],[469,374],[269,52],[208,273],[381,283],[248,394],[212,179],[211,423],[-19,285],[342,380],[51,395],[306,689],[918,1136],[145,418],[20,530],[133,183],[129,439],[298,260],[113,247],[567,307],[375,631],[578,385],[53,103],[-125,199],[103,179],[201,107],[-39,273],[158,114],[35,461],[210,418],[1,362],[303,387],[335,107],[67,273],[158,57],[23,326],[385,401],[86,250],[258,233],[37,199],[191,118]],[[1374763,1659085],[113,369],[393,195],[11,687],[188,-10],[35,183],[155,-19],[100,95],[23,195],[182,233],[234,571],[21,411],[220,271],[30,362],[250,278],[-34,368],[134,169],[-25,209],[258,411],[164,835],[172,327],[-19,364],[-143,83],[-138,312],[45,712],[617,605]],[[1377749,1667301],[154,32],[334,-117],[1047,126],[143,79],[267,-71],[394,70],[644,-301],[935,-65],[-58,-145],[-634,-463],[-464,-480],[-53,-155],[85,-334],[-290,-50],[-496,-797],[48,-701],[-78,-454],[92,-1171],[-157,-1017],[197,74],[309,-62],[587,396],[833,350],[566,-556],[116,-262],[591,-687],[680,-64],[211,-190],[924,-264],[766,-660],[214,-328],[763,266],[320,338],[1123,884],[441,506],[325,221],[515,173],[466,756],[63,404],[418,418],[127,274],[235,187],[336,95],[546,587],[308,53],[88,-454],[-213,-305],[255,-277],[218,-127],[722,-135],[442,-480],[86,-731]],[[1199219,1507346],[146,-630],[210,-270],[1721,-1147],[128,-1110],[-32,-884],[-842,-1585],[-526,-432],[-278,-388],[-337,-240],[383,-286],[324,-519],[345,-15],[-56,-179],[-542,-231],[-509,-1259],[-320,-283],[-113,-463],[-508,-494],[-587,-1105],[-943,-1019],[-68,-305],[72,-766],[-177,-653],[-568,-491],[-372,-615],[-265,-212],[221,-90],[173,24],[224,351],[362,24],[200,-573],[249,-228],[453,-961],[222,-311],[-12,-185],[775,-145],[696,-435],[150,-216],[126,-40],[73,-196],[-1474,-40],[-649,-286],[-298,18],[-819,-294],[-579,-542],[-37,-425],[452,-1542],[162,-211],[82,-380],[235,-328],[8,-383],[256,-482],[16,-271],[355,-503],[-547,-270],[-2,-423],[187,-401],[-9,-585],[103,-672],[-57,-1266],[-249,-277],[175,-133],[382,-590],[221,-4],[190,-126],[16,-188],[221,-352],[402,-62],[317,-188],[188,151],[640,171],[572,286],[191,192],[190,521]],[[1200258,1478899],[936,-438],[843,459],[535,47],[716,-297],[316,-298],[-361,-417],[-211,-105],[-513,-74],[-1054,-447],[-316,-1147],[271,-298],[15,-164],[-226,-298],[-179,-102],[-1221,416],[-391,-25],[-440,-733],[127,-536],[-122,-17],[201,-824],[128,-1576],[-553,-79],[90,-276],[-460,-247],[20,-57],[-368,-114],[-11,-73],[-1281,-641]],[[1196749,1470538],[88,201],[-453,575],[-84,385],[56,358],[252,539],[-87,216],[223,231],[-249,350],[-310,-18],[-513,1046],[23,385],[-270,532],[404,238],[38,292],[-181,122],[-49,456],[-189,50],[-229,-286],[-125,38],[-265,493],[-32,227],[-262,390],[-73,421],[-399,299],[-427,88],[-234,423],[-267,-81],[-2,212],[-228,416],[-215,90],[57,155],[-336,17],[-70,197],[-294,71],[2,554],[-942,102],[-332,-154],[-791,-17],[-191,515],[-333,193],[-355,-205],[-63,-232],[-154,-95],[-134,12],[-112,121],[201,632],[-676,1626],[77,180],[-326,368],[44,875],[147,184],[-405,469],[460,694],[228,-70],[-104,412],[5,408],[135,545],[23,686],[77,333],[154,160],[-267,-98],[-234,239],[-450,807],[-48,267],[-404,632],[-215,206],[-555,355],[-789,138],[-991,329],[-43,126],[122,556]],[[1184808,1491519],[-88,737],[-389,1525],[164,1110],[490,257],[273,-9],[158,180],[569,-220],[15,830],[-106,770],[1031,1152],[167,422],[-30,279],[-237,288],[-131,346],[195,762],[250,383],[836,388],[205,282],[-220,1100],[197,805],[-94,262],[71,363],[1360,-63],[-93,-566],[180,-59],[1104,-69],[401,211],[283,362],[88,252],[-57,225],[-543,619],[806,28],[46,1019],[354,930],[-67,665],[1119,57],[-83,331],[78,239],[549,645],[422,70],[196,141],[539,971],[-11,334],[-345,596],[-121,389],[383,-143],[492,3],[869,-545],[91,-200],[-18,-544],[275,-324],[-109,-186],[399,-133],[890,-1042],[726,-416],[291,87],[591,-69]],[[1250038,1609778],[195,-203],[-60,-458],[91,-288],[-521,-294],[-178,-250],[-304,-717],[-81,-423],[-471,-756],[-478,-1236],[-241,-412],[16,-619],[-847,-1218],[-96,-349],[31,-204],[143,-212],[-51,-768],[179,-536],[-32,-512],[260,-263],[-195,-312],[18,-195],[385,-482],[-20,-414],[120,-254],[186,-168],[14,-395],[339,-257],[74,-375],[323,-91],[66,-99],[121,-1056],[418,-629],[95,-297],[-103,-749]],[[1249434,1594287],[-22,-461],[388,-449],[69,-350],[-116,-377],[-503,-925],[-103,-171],[-274,-178],[-171,-345],[32,-746],[-63,-274],[224,-560],[-256,-552],[-48,-335],[99,-316],[543,-815],[123,-504],[-104,-340],[532,-1127],[210,-830],[201,-347],[290,-259],[190,-462],[28,-781],[-251,-223],[442,-561],[66,-723]],[[1250960,1581276],[-257,-660],[-615,-527],[-335,-471],[-28,-246],[-212,-285],[95,-319],[8,-840],[-472,-589],[-71,-477],[-394,-481],[-184,-113],[-611,-4],[-386,-265],[-1570,-557],[-413,-470],[-298,-182],[-293,-795],[-401,-414],[-87,-414],[-397,-528],[-47,-259],[-221,-309],[-309,-238],[-1208,-89],[-590,243],[-298,-5],[-223,-132],[-541,-69],[-328,-138],[-835,-568],[-210,23],[-349,478],[-480,368],[-723,308],[-200,296],[-86,322],[-206,208],[-532,171],[88,485],[-71,217],[-302,-6],[-567,-361],[-206,1],[-367,489],[-384,208],[-179,-46],[-23,-95],[-319,382],[-666,413],[-22,121],[241,467],[-63,228],[-1038,491],[-836,970],[-627,262],[-255,518]],[[1231057,1577993],[428,376],[837,1184],[146,747],[-319,491],[-105,347],[-351,297],[-159,653],[46,282],[-199,545],[1031,180],[189,88],[241,263],[378,655],[165,612],[80,997],[-141,266],[27,129],[696,745],[70,270],[652,798],[31,478],[222,534],[-27,269],[130,377],[-87,459],[968,1316],[66,279],[-243,251],[-40,203],[352,406],[174,10],[417,813],[-132,697],[508,749],[119,380],[26,523],[320,694],[89,726],[-25,504],[97,474],[-330,527],[121,461],[-206,520],[70,278],[544,748],[-90,946],[-154,361],[29,235],[611,894],[-6,532],[127,410],[606,476],[720,342],[211,227],[38,346],[-151,795]],[[1239874,1606158],[267,422],[563,1332],[409,581],[397,322],[412,-13],[1029,-296],[584,338],[585,496],[753,82],[286,-125],[794,269],[241,-16],[476,291],[961,145],[706,-86],[1279,-323],[226,28],[196,173]],[[1366369,1646255],[-298,203],[-369,-121],[-448,133],[-1362,-165],[-611,122],[-288,-22],[-550,-411],[-1027,-425],[-692,67],[-329,-360],[-485,-180],[-290,-627],[-522,-119],[-177,183],[-90,442],[-394,130],[-235,191],[-137,278],[-14,308],[-721,697],[-37,240],[74,347],[-56,138],[-619,273],[82,587],[-156,131],[-428,-21],[-739,-288],[-737,143],[-541,-316],[-638,-43],[-787,-462],[-613,193],[-195,-17],[-394,-206],[-200,-278],[-188,-121],[-1046,-81],[-125,-84],[-100,-258],[-97,-29],[-398,309],[-638,-50],[-605,380],[-755,-94],[-575,48],[-292,203],[-250,-53],[-237,50],[-474,344],[-889,146]],[[1344677,1647710],[417,451],[19,449],[531,479],[387,140],[609,-23],[1373,157],[340,-216],[112,112],[221,-2],[215,378],[345,156],[77,394],[476,131],[220,177],[206,-67],[384,219],[321,375],[511,67],[117,117],[28,274],[-131,106],[-21,134],[166,322],[-175,553],[213,13],[16,251],[239,316],[-9,255],[176,253],[-64,221],[43,256],[-150,292],[147,187],[31,223],[-178,269],[11,286],[-121,428],[337,923],[471,654],[145,368],[-33,175],[-480,743],[120,843],[-80,168],[44,120],[-143,218],[45,152],[-87,396],[-154,228],[75,177],[-153,385],[310,34],[-85,127],[49,209],[-135,502],[-422,493],[-164,410],[490,644],[-165,484],[136,971],[-15,1103],[165,271],[140,535],[459,851],[142,197],[153,54],[123,364],[392,437],[570,457],[532,933],[316,215],[846,14],[217,132]],[[1355940,1670830],[609,211],[2186,11],[360,137],[186,-173],[518,-257],[496,-143],[295,-287],[297,-527],[205,-854],[615,-824],[353,-98],[482,-7],[601,-312],[582,-429],[72,-77],[-162,-746],[-566,-825],[-63,-230],[161,-1024],[519,-1099],[49,-316],[-114,-178],[209,17],[545,-211],[363,-25],[210,-123],[219,43],[433,-190],[869,-2],[995,-241],[301,597],[409,137],[7,965],[933,776],[88,-387],[408,-362],[113,29],[680,-312],[414,-76],[457,704],[279,-101],[126,-131],[108,420],[143,-397],[518,-450],[-336,-815],[340,-368],[-49,-169],[239,-135],[390,-822],[155,-143],[172,-456],[-54,-217],[492,-111],[102,-133],[184,61],[345,-475],[86,-304],[249,-291]],[[1143345,1696899],[689,-88],[93,-244],[-392,-504],[-821,-754],[-98,-242],[14,-197],[246,-93],[1046,41],[502,-259],[21,-212],[-272,-408],[-53,-326],[355,-777],[200,-1158],[438,-629],[239,-495],[240,-171],[283,-72],[1136,5],[459,-121],[198,37],[137,96],[144,270],[173,1031],[434,553],[340,151],[586,-256],[277,-367],[153,-719],[-262,-591]],[[1149850,1690400],[-1056,-610],[-438,-339],[-536,-659],[-393,-658],[38,-416],[535,-787],[47,-612],[364,-588],[65,-420],[-364,-1103],[-276,-521],[-752,-560],[-631,-834],[148,-1098],[-155,-670],[260,-328],[276,-86],[1603,24],[504,88],[1112,-224],[473,-268],[562,-136],[197,-599],[-369,-1000],[-421,-26],[-679,404],[-258,21],[-220,-126],[-184,-359],[-1218,-884],[-102,-176],[81,-532],[-192,-457],[-643,-758],[-965,-912],[-17,-125],[161,-158],[774,-401],[713,-592],[76,-293],[1,-729],[-110,-200],[-693,-610],[-330,-408],[-185,-704],[55,-929],[-353,-748],[-222,-932],[-467,-716],[-288,-228],[-851,-126],[-300,108],[-510,503],[-269,157],[-474,-166],[-1323,-958],[-289,-402],[-109,-589],[-617,-269],[-868,5],[-906,-427],[-403,-776],[-128,-503],[-281,-361],[-466,-262],[-176,-233],[-219,-665],[7,-485],[706,-1747],[290,50],[499,967],[199,233],[334,164],[752,-180],[680,-691]],[[1140656,1659765],[-636,-906],[-43,-712],[-909,-1278],[-579,-1127],[-399,-485],[-499,-1129],[-280,-392],[-174,26],[-531,-148],[-208,-178],[-100,-211],[42,-166],[235,-190],[711,-131],[457,-367],[448,-1968],[200,-196],[77,-414],[277,-359],[395,-870],[21,-513],[-522,-1606],[-103,-236],[-453,-513],[-21,-499],[453,-749],[-6,-675],[-165,-600],[-315,-425],[-57,-195],[-139,-527],[0,-549],[-185,-962],[-486,-984],[-763,-893],[-995,-985],[-278,-114],[-1238,-1354],[-519,-256],[-426,-348],[-370,-19],[-759,-220],[-1112,-476],[-1259,-166],[-1130,-366],[-1407,-239],[-260,73],[0,385],[-148,256],[-93,495],[222,641],[148,146],[-55,641],[-297,348],[-389,238],[-1074,476],[-752,15],[-1775,-152],[-1920,-334],[-271,253],[-709,241],[-194,164],[-21,290],[-177,232],[-876,641],[-843,426],[-582,449],[-1344,254],[-622,202],[-740,-267],[-434,67],[-1374,560],[-242,19],[-508,-259],[-650,6],[-362,170],[-746,668],[-363,-33],[-761,-378],[-320,-497],[-293,-272],[-1218,-572],[-794,231],[-695,573],[-614,-107],[-84,327],[-222,180],[-700,-207],[-188,53],[-202,306],[-370,-120],[-761,226],[-357,-93],[-979,399],[-79,-168],[204,-1571],[-329,-618],[48,-390],[-53,-492],[-300,-473],[-216,-62],[-173,57],[-1339,1089],[-465,221],[-222,-43],[-473,-380],[-592,-633],[-1097,-371],[-401,-943],[-536,-436],[-666,-753],[-1124,-489],[-211,-179],[-104,-311],[-2,-956],[287,-340],[586,-242],[142,-142],[66,-304],[-80,-418],[-265,-129],[-453,51],[-266,-174],[-455,109],[-327,-93],[-574,-625],[-575,-220],[-211,-433],[37,-734],[-374,-424],[-1199,-1005],[-348,-891],[236,-394],[752,-744],[978,-601],[82,-595],[340,-637],[48,-622],[278,-650],[29,-353],[-71,-230],[154,-1045],[-48,-522],[-341,-542],[25,-379],[170,-475],[-161,-213],[-64,-1079],[-137,-442],[149,-588],[-20,-978],[116,-1280],[-203,-824],[29,-825],[87,-199],[-202,-341],[-174,-1024],[-608,-996],[-724,-1592],[-260,-910],[0,-455],[434,-1337],[2307,-2200],[0,-696],[99,-246],[621,-637],[422,-907],[322,-442],[124,-368],[1,-735],[173,-221],[0,-147],[-173,-319],[-223,-25],[-100,-221],[199,-367],[645,-761],[174,-588],[422,-564],[868,-490],[472,-540],[1191,-956],[25,-1054],[-273,-1031],[-719,-687],[-495,-1153],[-719,-834],[-174,-98],[-223,0],[-596,417],[-1041,24],[-447,196],[-645,24],[-645,221],[-620,24],[-124,-221],[-173,-760],[-298,-197],[-273,-122],[-1091,-74],[-793,-368],[-397,73],[-248,343],[-993,123],[-198,147],[-124,220],[-273,98],[-868,-25],[-447,-196],[-240,147],[-450,41],[-82,-162],[-963,-886],[-91,-349],[-510,-428],[-263,-340],[-624,-233],[-963,9],[-477,-548],[-884,-31],[-483,-174],[-128,-256],[-40,-434],[-200,-221],[-582,-88],[-556,-342],[-1257,24],[-198,94],[-299,0],[-257,150],[-276,-403],[-117,-424],[326,-848],[1,-223],[-51,-129],[-624,-21],[-43,-172],[152,-746],[-21,-524],[-253,-1297],[-143,-125],[-147,-696],[-103,-107],[-701,272],[-846,-212],[-102,-74],[-161,-572],[-117,-115],[7,-143],[232,-223],[138,-487],[305,-301],[51,-229],[-7,-151],[-196,-265],[-186,-533],[-54301,-19754]],[[952969,1572563],[6628,43834],[556,1378],[393,17],[325,118],[132,94],[67,220],[-111,621],[-497,131],[-473,985],[-95,-7],[-79,433],[173,183],[1265,559],[780,960],[575,104],[302,216],[100,179],[42,399],[-334,388],[53,208],[-86,127],[415,879],[17,406],[-135,164],[-612,-105],[-168,119],[175,281],[486,297],[58,489],[-324,412],[-100,50],[-197,-88],[-53,85],[422,723],[499,447],[144,75],[108,-40],[444,-578],[371,-225],[125,-55],[406,36],[277,176],[245,371],[103,902],[116,321],[485,412],[1081,107],[749,-126],[602,-196],[694,58],[169,230],[-251,737],[33,95],[107,19],[413,-38],[382,-280],[446,-179],[457,27],[367,-412],[216,-126],[399,-19],[582,-161],[251,81],[78,151],[-78,442],[-219,177],[63,99],[255,36],[1529,-290],[398,45],[461,248],[276,30],[137,-175],[-176,-797],[169,-109],[297,36],[279,428],[123,719],[308,285],[116,322],[-376,772],[165,2],[485,-276],[214,-2],[260,178],[195,31],[227,276],[627,294],[508,958],[116,-13],[239,-249],[301,-532],[311,-300],[393,-309],[135,-1],[137,155],[211,729],[76,744],[195,214],[376,131],[785,67],[138,-158],[-6,-391],[689,-467],[349,-55],[202,119],[96,479],[-354,707],[-73,449],[111,133],[658,-90],[1092,30],[1689,583],[1181,262],[515,316],[2435,-970],[743,-483],[250,-255],[307,-23],[153,101],[157,403],[2,246],[-171,373],[-291,223],[-161,32],[-755,-34],[-194,159],[-35,205],[672,1091],[246,73],[614,-209],[539,113],[33,211],[-92,261],[-529,704],[-26,150],[239,145],[272,-83],[115,-125],[42,-333],[150,-37],[302,-258],[504,122],[192,182],[26,647],[77,186],[117,32],[127,-108],[421,28],[185,983],[350,571],[365,186],[347,-21],[267,79],[171,-76],[35,-831],[124,-311],[574,-1176],[286,-284],[624,-386],[560,-60],[121,90],[113,285],[-106,833],[492,152],[251,-37],[66,-149],[-459,-624],[-22,-394],[163,-117],[413,21],[369,-461],[263,-145],[303,111],[121,258],[100,1026],[283,841],[353,556],[279,203],[122,-29],[135,-198],[229,-1076],[226,-211],[404,-91],[646,407],[143,12],[283,-41],[447,-240],[309,-24],[603,328],[533,22],[575,-87],[527,-271],[253,14],[364,-206],[367,-369],[0,-130],[-195,-321],[-315,-238],[-553,-126],[-528,-675],[-439,-308],[376,-362],[222,-104],[922,109],[406,-173],[112,-325],[-452,-293],[-93,-190],[14,-181],[262,-434],[591,75],[242,-21],[107,-88],[150,-566],[-86,-991],[195,-546],[283,-173],[544,-44],[478,-508],[708,-417],[166,-23],[295,112],[146,-69],[81,-338],[-44,-336],[-157,-260],[754,-345],[1132,-919],[1800,-702],[1757,-318],[93,-226],[-526,-608],[-119,-458],[45,-372],[234,-152],[499,65],[411,-124],[811,-642],[187,21],[113,133],[547,-95],[72,-255],[-230,-886],[-7,-302],[60,-137],[295,-221],[225,-48],[381,85],[534,457],[535,-516],[502,-98],[554,0],[154,171],[78,706],[349,488],[241,163],[1005,91],[981,782],[65,242],[-188,939],[235,760],[0,362],[-673,1290],[-16,380],[108,295],[799,980],[290,546],[117,94],[236,16],[-1664,10676],[87,779],[175,563],[-1,823],[219,433],[0,650],[262,1213],[-1,649],[263,866],[-1,1040],[-614,1645],[0,649],[-132,520],[0,736],[-483,1429],[42,3377],[349,3681],[218,1083],[438,650],[831,866],[263,867],[-1,1515],[-220,520],[0,1385],[-292,3354],[-360,1189],[-747,1366],[-560,1328],[-64,948],[206,962],[721,2004],[727,1069],[32,405],[570,1197],[-35,141],[283,330],[-13,108],[-253,26],[-135,113],[110,279],[-48,257],[915,722],[62,216],[216,179],[77,199],[404,-45],[87,156],[-124,331],[-164,106],[132,162],[27,216],[-243,66],[-78,348],[266,413],[-30,309],[-478,387],[106,171],[-102,198],[12,182],[362,450],[-418,308],[-167,473],[179,226],[227,10],[212,-100],[41,69],[-350,380],[86,304],[-450,127],[-105,120],[230,348],[287,-140],[144,482],[-92,673],[125,187],[369,157],[85,199],[-152,357],[-360,181],[325,456],[-75,302],[175,382],[-47,1094],[-322,66],[-26,365],[339,389],[-9,157],[-153,176],[-455,149],[-191,338],[-63,510],[-176,129],[-49,325],[522,480],[272,426],[42,644],[-32,88],[-151,47],[573,632],[-211,200],[39,128],[-132,203],[14,297],[-134,89]],[[1027673,1699934],[-92,84],[7,109],[211,43],[230,197],[-25,243],[-163,304],[251,665],[1287,725],[348,29],[211,107],[7,513],[140,461],[360,28],[-24,414],[-104,102],[-295,76],[-25,155],[127,143],[462,113],[153,136],[-86,478],[237,144],[98,181],[-37,122],[-258,97],[155,247],[300,-45],[123,-281],[176,76],[265,291],[79,-22],[29,-313],[358,32],[48,-869],[441,-38],[599,302],[181,447],[-280,322],[-52,360],[205,227],[153,414],[-56,90],[-199,45],[-12,151],[265,149],[463,-131],[59,516],[231,235],[-531,255],[-828,791],[-218,95],[-49,204],[225,172],[7,259],[666,-90],[984,173],[-67,371],[232,608],[426,597],[546,451],[102,627],[181,226],[60,321],[286,-116],[259,94],[-348,745],[-101,553],[-1008,2869],[-378,654],[-1093,1287],[-800,1105],[-270,462],[-44,240],[23,292],[193,404],[745,591],[260,380],[285,775],[451,1777],[578,1037],[928,1090],[505,1051],[119,1183],[-95,311],[-348,205],[-868,-66],[-603,42]],[[1034636,1729833],[-256,472],[-482,320],[6,162],[174,135],[520,181],[362,371],[754,276],[687,529],[314,-165],[216,33],[113,142],[28,601],[-26,157],[-166,96],[2,163],[165,323],[644,640],[63,452],[335,247],[308,113],[-134,328],[21,184],[549,615],[235,59],[487,-104],[213,-501],[439,-552],[225,-511],[37,-494],[-194,-516],[-8,-294],[553,-1039],[137,-615],[-26,-1256],[-120,-322],[-583,-764],[-90,-389],[29,-240],[263,-317],[53,-410],[-62,-297],[-401,-731],[-10,-285],[605,-1155],[272,-118],[1070,-125],[671,-321],[129,-160],[104,-362],[-39,-385],[200,-911],[-480,-1218],[23,-489],[241,-270],[690,-307],[794,-230],[742,-90],[1485,38],[1666,269],[769,218],[425,419],[238,453],[619,708],[252,756],[237,206],[807,195],[1285,-58],[447,53],[726,-280],[420,-354],[467,143],[518,323],[353,443],[1511,3005],[955,948],[2229,1192],[317,347],[561,0],[957,-645],[828,-730],[522,-258],[479,-172],[1566,-42],[957,129],[566,216],[653,301],[434,388],[1001,516],[2567,776],[696,130],[2045,1],[1132,-129],[439,76],[510,216],[934,55],[440,-381],[383,-46],[1206,698],[598,-165],[720,-23],[766,436],[458,115],[299,367],[1897,1520],[169,436],[299,413],[168,64],[365,-32],[883,400],[257,-19],[1411,-620],[1085,-266],[696,-372],[1210,-482],[1748,-96],[1084,-1185],[617,-335],[1328,-501],[546,-551],[477,-261],[327,-74],[1528,-988],[252,-81],[751,184],[554,-121],[1462,112],[330,108],[490,306],[545,810],[1205,770],[935,711],[856,261],[1379,896],[417,513],[619,1242],[256,279],[1416,631],[224,76],[371,-13],[523,360],[453,625],[339,833],[151,437],[5,711],[696,616],[344,1031],[1182,1157],[1315,733],[669,473],[247,585],[307,347],[399,229],[485,725],[307,306],[316,130],[321,-225],[202,-13],[833,594],[706,392],[875,40],[211,81],[243,-40],[302,-216],[179,0],[558,162],[784,49],[1635,-783],[1975,234],[802,-315],[380,-464],[252,-76],[655,72],[403,-41],[549,754],[571,365],[521,602],[218,474],[522,645],[435,387],[437,197],[40,1114],[573,919],[543,603],[1388,10],[691,579],[1216,139],[606,279],[392,384],[104,535],[239,450],[160,1019],[217,180],[717,271],[545,30],[484,218],[599,-8],[750,365],[703,640],[875,191],[964,539],[804,312],[1043,61],[357,-92],[852,-24],[568,-197],[700,-522],[332,-66],[225,58],[360,282],[619,254],[666,691],[1482,743],[272,257],[602,1187],[51,279],[1094,962],[551,185],[936,1259],[678,351],[981,-55],[337,121],[298,288],[422,1165],[478,644],[337,157],[470,-8],[436,163],[770,116],[1285,594],[843,634]],[[1163594,1765506],[450,63],[219,-127],[70,-1027],[232,-437],[339,-152],[3,-385],[196,-259],[-78,-143],[-156,-67],[217,-545],[-848,-481],[-1084,-37],[-523,-509],[-498,-40],[-517,68],[-296,-80],[-520,-1157],[90,-407],[-114,-257],[-1013,-414],[-831,225],[-188,-161],[-187,-363],[-685,-13],[-277,-916],[-322,-355],[-149,0],[-246,143],[-237,541],[-288,306],[-141,-4],[-331,-490],[-503,-71],[-370,-1049],[-429,-168],[-15,-177],[195,-471],[-70,-69],[-318,-18],[-80,-356],[79,-154],[216,-193],[207,16],[181,205],[124,413],[195,59],[845,-846],[-233,-841],[-368,-722],[133,-234],[415,-58],[38,-189],[-245,-531],[-411,-259],[46,-449],[-290,-317],[-274,-31],[-420,299],[-168,-582],[-397,111],[-432,-52],[-862,456],[-685,505],[-332,67],[-669,-29],[-655,-178],[-406,457],[-365,24],[-178,-85],[-234,-475],[-155,-121],[-836,59],[-330,-50],[-427,-214],[-349,-429],[-485,-106],[-358,-353],[-881,5],[-940,-419],[-352,-57],[-385,163],[-644,-148],[-345,26],[-347,173],[-419,389],[-744,-266],[-442,-49],[-445,-526],[-1407,-971],[-1244,-53],[-541,-947],[-959,-305],[-369,-284],[-54,-275],[56,-350],[-186,-546],[8,-177],[230,-388],[680,-806],[435,-235],[257,-1241],[23,-947],[171,-628],[329,-373],[253,-774],[137,-503],[-70,-440],[162,-540],[-4,-230],[-198,-320],[-809,-747],[-432,-1008],[-28,-282],[127,-132],[26,-211],[-198,-256],[-609,-120],[-445,-286],[-465,-87],[-428,201],[-325,2],[-434,477],[-411,81],[-276,146],[-49,-340],[274,-401],[106,-375],[-203,-1207],[216,-574],[-181,-686],[-654,-1353],[-1230,-1700],[-436,-271],[-916,-125],[-228,-99],[-824,-860],[-121,-491],[-287,-405],[-1247,-490],[-349,-344],[4,-1480],[-354,-1443],[-189,-448],[9,-1293],[-182,-1332],[-179,-314],[-642,-532],[-362,-104],[-607,-429],[-255,-36],[-399,234],[-686,-73],[-380,251],[-441,791],[-365,1002],[-266,352],[-137,396],[-869,493],[-506,456],[-722,368],[-1782,68],[-327,-64],[-595,-292],[-1415,-1120],[-388,-971],[-61,-674],[-542,-883],[-11,-348],[97,-350],[306,-410],[83,-343],[293,-401],[-26,-1083],[1175,-463],[704,-167],[457,-388],[299,-320],[413,-873],[776,-1056],[209,-462],[436,-618],[202,-166],[390,-578],[394,-325],[562,-203],[844,-98],[1552,714],[228,233],[239,66],[588,-7],[927,-269],[396,-329],[507,-816],[457,-507],[144,-500],[1032,-1534],[590,-552],[702,-369],[405,-847],[347,-361],[1188,-729],[170,-249],[780,-497],[599,-532],[227,-611],[360,-559],[1050,-1293],[285,-809],[15,-901],[283,-1350],[-284,-438],[35,-342],[172,-237],[369,-160],[411,-12],[532,123],[1130,-131],[670,-517],[202,-418],[334,-427],[140,-63],[520,155],[495,599],[159,87],[741,106],[1921,-174],[627,250]],[[1394626,1696804],[415,-12],[372,125],[315,-4],[211,-57],[229,-187],[249,116],[810,-216],[136,128],[258,22],[132,-205],[1,-251],[241,-198],[37,-420],[216,-181],[122,-5],[117,-180],[209,-128],[-114,-448],[56,-185],[278,-67],[209,-266],[-58,-149],[-95,-12],[21,-183],[-182,-167],[-2,-187],[-383,-627],[-65,-283],[-424,-480],[9,-141],[170,-247],[-405,-304],[-44,-690],[-317,-13],[-284,-383],[116,-1237],[-168,-607],[-19,-862],[-313,-1012],[102,-1044],[-477,-785],[-762,-629],[-52,-301]],[[1395493,1683842],[-859,165],[-1715,674],[-918,-468],[-921,-665],[-681,-1041],[-649,-735],[-260,-117],[-199,13],[-415,155],[-1242,161],[-461,205],[-373,-5],[-429,-345],[-1073,-562],[-339,-1010],[37,-238],[-436,-244],[-269,-280],[-455,-30],[-302,-283],[-696,73],[-1624,-154],[-663,-332],[-136,-165]],[[1380415,1678614],[-187,140],[-104,191],[60,180],[-860,1237],[-607,303],[-631,78],[-445,317],[-434,526],[-601,191],[-749,539],[-190,48],[40,190],[-177,299],[137,691],[19,1419],[-200,188],[-216,1170],[-464,760],[147,161],[-82,181],[17,518],[190,507],[-19,296],[456,1340]],[[1375515,1690084],[293,-271],[548,-130],[754,352],[1122,-89],[663,-181],[1146,-548],[493,-74],[618,-318],[595,-163],[1077,-763],[381,-81],[181,174],[207,522],[554,540],[459,1118],[622,559],[527,351],[256,422],[-324,15],[-621,196],[-750,-355],[-606,222],[-569,411],[-317,111],[-531,-119],[-2384,59],[-113,970],[100,547],[-60,589],[-553,1287],[4,1286],[-379,405],[-90,488],[-737,809],[-636,469],[-367,204],[-1003,229],[-464,245],[-297,285],[21,283],[129,175],[1728,1686],[283,159],[21,-323],[353,-86],[293,-411],[259,62],[256,-305],[378,-23],[125,-226],[290,-43],[0,-401],[478,-583],[-55,-221],[180,-207],[-43,-330],[57,-133],[207,-142],[362,-14],[255,-165],[518,-163],[331,-397],[847,-687],[107,-216],[258,106],[587,53],[429,-399],[244,63],[434,-68],[561,230],[555,-332],[232,-34],[945,361],[732,15],[240,-454],[-139,-24],[46,-273],[406,-469],[-26,-639],[259,-303],[364,-675],[508,-204],[548,-54],[783,99],[631,432],[1263,134],[167,134],[295,509],[368,197],[172,257],[1070,996]],[[1368035,1644372],[51,-246],[329,-326],[28,-378],[426,-798],[-182,-546],[79,-283],[-109,-314],[151,-269],[-171,-454],[90,-572],[114,-157],[390,-155],[693,222],[163,-86],[227,-385],[378,67],[109,-59],[516,-669],[1011,-12],[418,-1114],[640,-299],[325,-241],[200,1],[362,344],[353,3],[368,-131],[618,95],[241,150],[487,46],[195,-50],[496,-388],[501,-95],[319,-373],[148,-698],[345,-293],[144,-411],[479,-494],[127,-680],[300,-197],[130,-231],[269,0],[150,-306],[495,142],[390,-240],[478,-40],[765,-614],[59,-206],[167,-136],[266,-69],[624,13],[188,-233],[351,-34],[153,-93],[548,-883],[462,-196],[-119,-451],[86,-254],[930,-381],[33,-116],[-105,-169],[153,-495],[832,-677],[688,-841],[451,-275],[232,-426],[411,-230],[-5,-250],[-339,-387],[-49,-217],[70,-561],[271,-342],[172,-805],[190,-238],[-50,-875],[217,-641],[-13,-537],[255,-219],[895,-325],[17,-880],[299,-525],[457,-266],[96,-366],[334,-185],[-110,-378],[319,-257],[180,-290],[-236,-525],[-680,-347],[-195,-369],[-3,-268],[221,-95],[227,283],[686,-193],[181,-275],[50,-508],[304,-352],[196,-490],[1200,-380],[256,-404],[435,-439],[491,-272],[362,-401],[311,-116],[250,-407],[188,-133],[89,-297],[380,-257],[300,-342],[90,-623],[160,-401],[357,-228],[281,-504],[-62,-393],[53,-299],[-204,-280],[14,-178],[573,-557],[-177,-349],[-7,-316],[572,-623],[-137,-223],[7,-178],[138,-210],[-22,-301],[294,-359],[148,-687],[302,-181],[407,-73],[494,83],[823,380],[325,-47],[541,161],[959,-325],[1194,180],[450,254],[609,464],[159,333],[108,1062],[-73,881],[-127,131],[127,193],[-34,907],[303,972],[154,198],[610,326],[736,-126],[155,-77],[107,-323],[-56,-219],[102,-180],[-48,-332],[654,97],[886,-292],[358,92],[121,-1216],[405,-526],[782,141],[211,-227],[451,96],[315,-271],[320,-62],[145,-539],[166,-255],[58,-345],[411,-596],[125,-677],[128,-86],[253,159],[179,-166],[51,-211],[-54,-514],[149,-259],[-9,-309],[183,-483],[179,-109],[469,-19],[220,-88],[469,-542],[216,-591],[508,-243],[1197,-248],[402,-267],[1173,-106],[498,-296]],[[1325206,1601554],[241,283],[805,408],[311,483],[24,350],[266,814],[942,1124],[483,422],[381,959],[812,922],[92,1773],[497,488],[304,499],[-116,1742],[362,677],[302,242],[534,775],[4,190],[-356,381],[-4,454],[92,190],[137,180],[256,137],[459,1007],[1005,467],[790,24],[33,2272],[-79,454],[64,673],[-151,422],[212,922],[-58,117],[33,353],[-105,100],[-18,179],[202,618],[29,396],[235,500],[-65,261],[49,242],[-191,424],[-95,520],[-715,889],[-173,378],[-437,337],[-202,307],[-375,318],[9,349],[-186,79],[-264,290],[-40,112],[68,173],[-379,205],[-81,199],[32,547],[-118,363],[-896,526],[45,190],[-89,182],[-418,220],[-258,452],[-301,218],[16,242],[-174,72],[62,263],[-71,255],[-153,2],[-35,212],[-184,197],[67,228],[-145,72],[-205,-169],[-370,246],[85,570],[-40,82],[-233,34],[85,268],[-32,165],[-114,15],[-163,-158],[-261,-47],[-322,-271],[-510,9],[-599,221],[-218,375],[-195,-56],[-137,123],[-216,-39],[-87,55],[-74,114],[0,304],[275,480],[-244,187],[-93,228],[184,202],[2,110],[-205,216],[-222,801],[-320,86],[-40,371],[-325,175],[121,204],[-54,208],[75,251],[389,468],[-85,259],[-341,207],[-112,219],[58,294],[251,319],[-79,297],[177,316],[-154,335],[35,117],[162,92],[-141,286],[55,1193],[251,331],[151,587],[-58,268],[205,141],[94,505],[238,131],[180,-19],[238,199],[337,-9],[585,343],[457,144],[195,-175],[206,-57],[170,208],[719,-19],[304,783],[364,475],[-218,503],[188,509],[32,587],[163,323],[5,178],[329,353],[0,96]],[[1329427,1649022],[565,-29],[490,-430],[315,2],[729,-368],[311,-62],[373,83],[353,214],[875,-235],[566,224],[557,-333],[583,72],[640,-257],[116,59],[195,340],[498,53],[731,-233],[589,-361],[363,92],[333,-52],[729,366],[504,133],[708,-273],[735,71],[278,-376],[453,-78],[503,109],[711,737],[209,-102],[405,-513],[590,-53],[243,-112]],[[1403406,1708369],[59,-445],[-183,-423],[-14,-237],[-60,-117],[-303,-121],[-128,-793],[-132,-321],[-279,-359],[-382,-206],[-393,-735],[-106,-325],[-28,-813],[-70,-129],[-650,-242],[-809,-91],[-341,-178],[-643,-561],[-341,-439],[-325,-609],[-652,-190],[-465,-285],[-248,-520],[-317,-305],[-149,-689],[-170,-218],[-459,-321],[-370,-503],[-472,-380],[-48,-313],[-176,-199],[-126,-498]],[[1375515,1690084],[4,153],[-165,309],[-5,421],[-208,316],[-34,760],[71,229],[-295,768],[-208,238],[136,158],[-76,605],[-315,314],[-156,349],[-310,166],[-70,325],[-193,366],[-442,532],[-963,684],[-58,146],[-206,45],[-156,190],[-237,35],[-240,225],[-221,485],[-32,274],[-374,389],[-104,564],[-184,288],[-218,59],[11,181],[-102,208],[3,561],[-246,312],[-295,166],[-225,369],[-397,368],[-16,299],[-418,411],[460,706],[127,507],[629,556],[432,147],[41,433],[117,128],[208,16],[662,409],[-5,217],[-120,133],[-82,693],[309,347],[364,184],[422,-114],[351,40],[443,-192],[798,37],[559,506],[159,505],[443,320],[408,48],[237,219],[468,-209],[492,133],[232,232],[88,348],[-13,99],[-358,360],[535,242],[416,555],[561,389],[133,238],[531,129]],[[1378618,1710713],[235,38],[663,496],[487,-11],[523,232],[255,-40],[378,338],[647,-181],[1065,-88],[147,92],[146,305],[453,256],[79,369],[136,93],[796,118],[392,-180],[204,188],[246,-126],[163,190],[285,-302],[175,48],[160,190],[317,9],[298,-216],[656,-98],[821,-278],[681,-544],[65,-212],[-59,-282],[334,-443],[142,-884],[167,-221],[197,-83],[439,84],[214,-88],[382,57],[304,-179],[184,7],[204,-164],[550,133],[473,8],[1240,-178],[1231,16],[1432,-114],[785,60],[670,156],[165,-130],[244,68],[146,-40],[211,65],[97,221],[130,42],[182,-287],[253,-181],[703,-150],[633,-321],[185,12],[282,164],[603,102],[316,-95],[422,112],[234,-78],[311,-273],[309,-146]],[[1288011,1584728],[1422,-880],[1576,-853],[225,-195],[1759,-923]],[[1292143,1576433],[-1143,-751],[-681,-212],[-721,-599],[-316,-394],[-1119,-24],[-557,-289],[-471,-421],[-197,-316]],[[1286938,1573427],[-617,50],[-1957,-276],[-437,-485],[-349,-1433],[-608,-941],[-240,-228],[-2165,-1441],[-2067,-1832],[-1041,-724],[-1448,-198],[-384,-179],[-167,-172],[-771,-344],[-577,-742],[-50,-415],[-1797,-352],[-896,4],[-1081,-338],[-582,-304],[-357,-730],[-719,-141],[-705,266],[-561,22],[-449,196],[-349,-36],[-135,128],[-63,257],[-171,163],[-541,-190],[-164,158],[-504,224],[-278,-10],[-189,85],[-114,282],[-363,210],[-191,-238],[-213,104],[-1009,-83],[-346,100],[-812,-26],[-1538,-349],[-272,9],[-334,223],[-585,158],[-341,-109],[-500,-464],[-357,16],[-225,-193]],[[1257319,1563109],[-222,257],[-45,948],[82,366],[434,838],[164,516],[705,686],[-265,987],[132,725],[-251,291],[-47,191],[77,195],[-70,401],[141,499],[-326,260],[-49,684],[-481,852],[-470,53],[-361,416],[-92,617],[281,859],[18,320],[-153,157],[-552,278],[-242,276],[-109,773],[-499,373],[68,314],[-37,268],[-1010,881],[-276,761],[-504,17],[-383,382],[-530,270],[-90,190],[35,523],[-75,216],[-348,306],[-67,373],[-169,239],[-557,295],[-216,314]],[[1249434,1594287],[1347,-682],[290,89],[386,-1],[792,-176],[704,-421],[500,-139],[384,-295],[480,125],[600,473],[263,103],[371,-416],[260,-137],[1970,-521],[291,31],[196,125],[1062,-16],[377,-133],[314,-340],[461,38],[634,-150],[548,271],[1776,-530],[1133,-94],[285,44],[95,-116],[392,-140],[270,-259],[414,107],[281,-76],[311,135],[298,271],[218,492],[179,43],[474,-265],[827,-849],[353,-167],[560,-17],[880,-594],[267,-298],[477,-783],[569,-392],[919,-1320],[418,-485],[333,-252],[1255,0],[1078,-213],[961,-601],[1079,-950],[745,39],[647,-233],[470,-19],[589,174],[784,-38],[274,-291],[393,-19],[431,-194],[745,-155],[1608,-698],[373,-58],[509,77],[843,369],[1017,297],[817,671]],[[1259984,1502745],[230,-601],[-16,-746],[-135,-228],[70,-327],[-63,-248],[-284,-488],[-353,-313],[-74,-274],[-292,-350],[-779,-379],[-534,-135],[-324,-544],[31,-813],[-361,-150],[-148,-360]],[[1256952,1496789],[-174,-137],[-651,-192],[-375,-789],[-221,-246],[-297,64],[-873,780],[-482,-482],[-432,-24],[-192,287],[-495,372],[-524,122],[-661,-356],[-284,49],[-350,-378],[-345,45],[60,-240],[-47,-91],[-158,-3],[-171,167],[-100,-13],[-334,-398],[-530,-323],[-134,-269],[-171,-132],[-503,5],[-174,-170],[-358,-28],[-555,-305],[-553,148],[-279,-44],[-285,-292],[-150,-523],[-492,-471],[71,-560],[-105,-159],[-298,-73],[-644,-1323],[-356,-307],[-524,-109],[-742,-511],[-327,-36],[-234,-381],[-400,-83],[-387,-1229],[-240,-250],[-716,104],[-216,-96],[-237,-367],[-368,-9]],[[1239939,1487533],[-1270,844],[-442,156],[-805,551],[-263,28],[-267,255],[-525,305],[-162,-87],[-195,99]],[[1236010,1489684],[-113,260],[-386,211],[-117,502],[-263,338],[-391,237],[-137,243],[-258,205],[-122,182],[-111,474],[-164,260],[-260,205],[-41,257],[-678,950],[-245,997],[6,774],[149,306],[102,523],[414,589],[55,225],[-190,-264],[-411,-173],[106,800],[-168,578],[24,531],[-455,776],[-597,550],[-1084,771],[-665,718],[-417,595],[-154,326],[-219,1215],[-364,1176]],[[1228856,1505021],[23,292],[205,174],[171,40],[304,-75],[859,109],[510,267],[658,-51],[-9,-215],[113,-306],[550,-92],[1778,660],[476,46],[1245,-68],[573,-181],[629,-313],[1339,-311],[520,-364],[312,-57],[473,62],[835,-341],[242,-582],[847,-471],[43,-1021],[-121,-518],[34,-145],[87,-41],[552,204],[358,408],[942,604],[585,-9],[1214,418],[260,-54],[450,-480],[147,-254],[52,-522],[93,-118],[242,-74],[484,135],[698,56],[299,-118],[426,343],[451,790],[465,523],[257,85],[519,-541],[236,-119],[1988,-362],[430,-261],[127,57],[473,-42],[224,93],[169,253],[-95,557],[373,608],[390,446],[382,160],[829,-57],[507,-89],[196,-110],[378,198],[134,-9],[305,-101],[369,-248],[505,-70],[266,-338],[302,-128],[303,-487],[235,-187],[293,-42],[619,108]],[[1238988,1486451],[240,-433],[416,-229],[306,-312],[114,-345],[240,-355],[1263,-502],[513,183],[329,306],[583,-166],[524,243],[553,-121],[426,153],[236,-80],[361,-829],[286,-440],[-92,-358],[25,-485],[333,-442],[-27,-288],[767,-327],[274,-320],[276,67],[57,-264],[124,-90],[247,100],[228,287],[339,-125],[420,13],[165,-125],[58,-781],[-150,-495],[-2,-301],[203,-347],[230,-215],[35,-622],[432,-349],[185,-354],[435,-311],[323,-870],[104,-613],[316,-200],[685,-203],[305,10],[264,-193],[567,-25],[401,-457],[181,-436],[567,-106],[272,-171],[101,-396],[535,-444],[129,-369],[336,-414],[92,-355],[168,11],[382,443],[289,65],[208,-53],[512,-328],[232,63],[573,-72],[483,159],[697,-159],[376,517],[348,130],[709,-272],[490,-72],[426,97],[659,-22],[602,189],[1541,-160],[288,-154],[206,-294],[203,-95],[425,128],[235,182],[340,-131],[287,-299],[334,-60],[161,-276],[155,-24],[41,-382],[1066,-91],[1146,-626],[579,-215],[151,204],[175,81],[124,551],[285,302],[-5,225],[230,-52],[283,147],[1206,1379],[479,312],[316,-7],[298,-195],[1715,14],[415,-145],[324,44],[1204,-405],[384,-51],[1009,254],[211,176],[-86,105],[272,414],[701,176],[439,-77],[349,-207],[1120,-260],[116,-329],[302,-200],[658,-825],[703,-244],[239,74],[345,-42],[56,-396],[-205,-284],[70,-123],[350,45],[423,346],[192,-120],[713,187],[158,-121],[246,-397],[53,-311],[35,-621],[-140,-311],[52,-553],[159,-241],[175,-933],[121,-183],[536,34],[1095,-210],[776,146],[1112,-287],[417,-14],[137,-87],[494,-765],[150,-121],[1079,-198],[799,-751],[640,-118],[1024,383],[149,-124],[230,-41],[688,-534],[381,-130],[349,-581],[1114,-1143],[1074,-665],[163,-237],[136,-613],[1790,-449],[328,-223],[520,-79],[471,-205],[408,-507],[369,-218],[190,-374],[-79,-1107],[399,-596],[959,398],[309,579],[828,946],[1149,41],[593,333],[361,-59],[520,260],[359,13],[766,-243],[223,75],[115,163],[162,-8],[501,-212],[773,-523],[531,-200],[497,-598],[334,-579],[372,-722],[151,-675],[587,-610],[99,-215],[34,-247],[-326,-466],[20,-419],[434,-659],[182,-480],[31,-649],[-142,-309],[70,-268],[225,-283],[341,-109],[212,-249],[-67,-893],[-88,-277],[88,-680],[352,-840],[-116,-414],[-16,-456],[307,-638],[549,-724],[412,-287],[456,-144],[522,53],[648,260],[1004,-157],[456,53],[1313,-811],[1407,-673],[696,-270],[400,40],[238,-83],[260,-321],[-30,-250],[179,-325],[649,-271],[250,-283],[157,-464],[-19,-753],[300,-267],[442,-132],[775,4],[1188,-267],[477,104],[813,-40],[324,-168],[331,-306],[246,-348],[67,-451],[131,-134],[214,-64],[753,124],[307,-104],[262,-279],[195,-494],[549,-383],[275,-328],[24,-148],[-83,-171],[78,-343],[798,-1832],[131,-166],[504,-77],[293,-148],[180,-225],[491,-1641],[183,-267],[878,-202],[198,-254],[228,-688],[319,-297],[735,-243],[914,-1489],[1337,-973],[1165,-719],[480,-197],[320,-554],[80,-316],[288,-213],[587,-220],[1243,-674],[214,-387],[687,-616],[1424,-909],[1017,-1734],[124,-595],[267,-276]],[[1343767,1410595],[-193,254],[-397,189],[-1514,1059],[-406,242],[-520,118],[-446,498],[-944,552],[-634,127],[-448,-176],[-398,-315],[-526,-101],[-513,227],[-449,592],[-243,768],[-26,731],[-180,479],[-474,605],[-1077,720],[-2181,1173],[-341,307],[-215,435],[-64,451],[17,1608],[-63,547],[-1122,1641],[-1535,1703],[-970,712],[-1063,270],[-810,306],[-1294,1343],[-747,360],[-983,328],[-1303,857],[-603,303],[-350,87],[-1316,-95],[-2425,194],[-1485,-219],[-607,-13],[-1054,195],[-2434,775],[-1003,145],[-1418,-124],[-822,356],[-1434,319],[-578,16],[-974,-294],[-1312,-750],[-835,-219],[-548,-75],[-515,42],[-1286,397],[-932,709],[-924,1415],[-95,304],[-370,270],[-54,354],[-441,769],[-102,742],[-203,509],[-433,606],[-520,440],[-759,276],[-1058,-90],[-311,-124],[-587,-612],[-270,-86],[-1107,15],[-824,251],[-385,913],[90,428],[-59,328],[-254,296],[-221,656],[257,575],[15,973],[147,333],[-307,1299],[-184,480],[-286,338],[-297,4],[-212,300],[-367,-7],[-322,169],[25,322],[137,223],[-122,245],[60,312],[250,285],[89,273],[0,277],[-120,316],[-240,198],[57,220],[-927,236],[-333,-74],[-949,-530],[-766,-268],[-325,41],[-685,312],[-442,365],[-1413,1971],[-467,475],[-743,338],[-688,63],[-223,89],[-3789,2933],[-867,176],[-674,369],[-579,706],[-404,1248],[-928,305],[-984,121],[-632,501],[-1037,86],[-1300,798],[-510,518],[-1336,725],[-1072,1157],[-1377,-52],[-1424,-242],[-1423,-725],[-1300,-259],[-1318,17],[-1178,-103],[-457,52],[-265,113],[-96,547],[-513,761],[-24,238],[104,198],[-48,254],[66,125],[1144,432],[69,382],[-229,650],[22,324],[-601,601],[-794,369],[-227,527],[-529,371],[-462,629],[-260,87],[-254,218],[-885,1008],[-789,1157],[-624,251],[-549,364],[-1242,1295],[-302,-14],[-497,-175],[-247,22],[-388,238],[-453,85],[-495,-30],[-445,-180],[-383,31],[-142,103],[-267,-37],[-588,-164],[-451,-796],[-707,-482],[-298,-37],[-726,118],[-1556,-179],[-230,-87],[-355,-396],[-316,-80],[-425,45],[-164,203],[-48,256],[-202,100],[-713,-169],[-326,107],[-355,217],[-188,216],[-82,340],[-205,-116],[-196,-531],[-318,-168],[-157,94],[-189,-74],[-399,92],[-589,5],[-182,167],[-235,-119],[-85,305],[-430,186],[-550,-218],[-131,82],[-184,324],[-357,269],[-151,421],[-305,27],[135,163],[-28,187],[-129,132],[-358,71],[-137,337],[-199,28],[-57,302],[-170,185],[-282,604],[28,97],[-115,126],[205,660],[-25,175],[-103,133],[-299,104],[-65,118]],[[1234320,1471422],[97,440],[-192,444],[252,899],[-177,394],[-275,211],[-21,95],[220,710],[-163,827],[308,323],[138,430],[-307,234],[33,404],[-236,535],[63,802],[149,375],[-366,782],[61,703],[-104,363],[-17,630],[215,276],[159,494],[742,158],[75,244],[461,645],[890,737],[747,355],[13,464],[473,143],[206,249],[24,714],[513,120],[164,115],[-87,586],[68,109],[137,76],[405,-57]],[[1196749,1470538],[7,-293],[-107,-342],[338,-261],[225,-437],[-54,-579],[-401,-748]],[[1174850,1470863],[270,283],[813,384],[60,199],[-46,924],[538,860],[-294,239],[-118,504],[-1064,442],[-60,159],[96,208],[-63,283],[-762,874],[10,1592],[-336,256],[-158,300],[557,492],[-66,234],[-1112,847],[-439,582],[-1791,973],[-621,418],[-627,719],[-684,1222],[-124,359],[-36,1630],[-223,177],[77,36],[1141,-38],[46,187],[365,-84],[451,57],[377,-99],[492,46],[260,-251],[372,0],[234,-134],[210,-8],[-318,544],[96,376],[-39,430],[61,290],[-524,768],[-604,1342],[-1044,1379],[-238,899],[-205,229],[539,1541],[-35,394]],[[1170284,1493927],[167,355],[981,-61],[1056,197],[1845,-1483],[283,282],[385,8],[1066,-891],[192,104],[739,779],[1275,1113],[486,684],[527,125],[288,-138],[-62,-904],[134,-293],[136,-686],[83,-178],[709,-709],[667,-327],[1720,-228],[425,-281],[208,249],[313,104],[236,-17],[429,-225],[236,13]],[[1162973,1517383],[-424,-725],[-124,-642],[-6,-1415],[-98,-169],[-344,-260],[-1189,-182],[-382,-151],[-529,-448],[-745,-1112],[-618,-654],[-1075,-281],[-675,-281],[-1644,-1248],[-1186,-713],[-347,-490],[-82,-1475],[1148,-884],[1392,-1220],[1219,-637],[3944,-1593],[131,-297],[644,-756],[397,-646],[809,-608],[435,-934],[663,-626],[248,-485],[441,-455],[144,-532],[258,-458],[176,-134],[268,-62],[-273,-504],[1059,-608],[551,-547],[586,-329],[315,-273],[2224,-622]],[[1041814,1519058],[24774,7514],[61559,13885]],[[1128147,1540457],[-298,-331],[-60,-207],[29,-219],[245,-373],[-72,-479],[931,-621],[522,-789],[707,-396],[122,-263],[-98,-350],[47,-361],[537,-246],[339,31],[702,-1265],[722,87],[630,-57],[349,-267],[515,-21],[214,-197],[120,-339],[435,-54],[344,-135],[167,-384],[188,-103],[212,-295],[184,-121],[505,-109],[149,-237],[248,-157],[367,-19],[329,151],[652,126],[302,-188],[358,-89],[263,104],[718,-151],[177,-137],[344,104],[72,-188],[202,27],[199,-222],[255,-85],[209,53],[405,-307],[419,167],[276,-60],[9,144],[347,270],[271,79],[501,-280],[350,221],[1238,-475],[1198,-133],[254,-257],[122,-571],[-42,-214],[149,-156],[192,-616],[136,-38],[92,-272],[171,-135],[126,-571],[766,-551],[294,-1339],[607,-729],[688,-428],[333,-389],[564,-345],[318,-62],[926,316],[64,158],[255,95],[639,32],[160,95],[95,284],[511,284],[511,32],[320,-126],[670,-32],[447,-284],[352,-1011],[650,-393],[66,-121],[-196,-1336],[144,-891],[109,-183],[1780,-454],[919,-734],[4,-371],[-111,-477],[123,-243],[653,-254],[610,-122],[531,-339],[299,-376],[1429,-804]],[[1219026,1770879],[334,-1743],[207,-446],[-24,-295],[-235,-453],[-27,-457],[318,-847],[9,-236],[150,-163],[60,-580],[-406,-1033],[-702,-832],[-49,-291],[-284,-466],[-432,-491],[-420,-269],[-169,-207],[-821,-1972],[-272,-312],[-810,-268],[-302,-411],[-235,-1290],[-251,-684],[9,-219],[239,-490],[6,-340],[-104,-160],[-376,-152],[-82,-103],[9,-200],[140,-164],[936,-504],[241,-465],[434,-481],[671,-255],[107,-144],[2,-170],[-253,-462],[-556,-670],[-58,-215],[91,-252],[518,-527],[979,-200],[419,-191],[166,-184],[175,0],[432,-400],[276,-509],[211,-167],[848,-107],[106,-300],[660,-979],[692,-257],[434,-68],[505,-496],[717,-435],[728,-41],[200,-125],[32,-600],[-148,-943],[-295,-373],[-601,-373],[-717,-601],[-338,-414],[-21,-145],[148,-275],[496,-445],[1096,-238],[211,-125],[242,-352],[-10,-611],[-137,-445],[-295,-353],[-749,-476],[-137,-311],[-143,-921],[791,-943],[288,-217],[290,-12],[1653,-1486],[2706,-1149],[915,9],[222,-123],[586,-78],[241,95],[602,573],[318,91],[328,-92],[734,-446],[527,-210],[174,21],[130,239],[54,820],[184,408],[169,101],[1083,-271],[1469,-64],[149,-144],[-12,-219],[-694,-845],[-144,-339],[2,-344],[283,-347],[416,-29],[202,-139],[204,-420],[221,-210],[1756,-307],[506,-304],[283,-24],[578,252],[393,80],[903,-19],[421,446],[197,68],[258,-67],[297,-282],[636,-1282],[44,-428],[-192,-713],[-373,-632],[26,-387],[237,-302],[297,-202],[550,-86],[528,-236],[206,-163],[240,-434],[810,-90],[244,-719],[336,-477],[209,-89],[374,75],[119,-61],[-26,-358],[-348,-361],[-31,-206],[168,-304],[947,-958],[116,-682],[-66,-256],[-387,-340],[50,-392],[460,-502],[258,-113],[532,-50],[155,-127],[108,-769],[-157,-757],[-242,-463],[-367,-410],[-897,-478],[-1161,-359],[-1237,-520],[-531,-62],[-86,-94],[53,-234],[604,-592],[304,-179],[295,44],[391,293],[424,108],[219,-26],[406,-274],[61,-506],[-658,-824],[-286,-566],[25,-263],[683,-439],[507,-168],[459,-444],[216,-5],[247,189],[171,340],[56,375],[-158,245],[15,179],[227,167],[239,-37],[210,-168],[67,-188],[-103,-736],[56,-349],[329,-300],[511,-295],[217,-43],[269,170],[16,812],[296,669],[624,410],[488,-47],[651,-547],[719,-146],[660,-550],[444,-132],[295,-338],[160,-379],[313,-305],[1075,-118],[300,-331],[216,-575],[86,-929],[206,-182],[248,38],[164,-259],[28,-273],[-93,-206],[-1103,-523],[-153,-163],[-61,-212],[316,-641],[106,-569],[-21,-253],[-250,-589],[14,-391],[375,-487],[63,-311],[121,-167],[1063,-1010],[49,-385],[-130,-747],[-82,-196],[-283,-271],[-818,-493],[-107,-648],[-295,-288],[-483,-269],[-75,-188],[268,-487],[208,-165],[338,-111],[752,-18],[582,-494],[123,-670],[-181,-1166],[127,-252],[47,-398],[176,-116],[691,61],[192,-201],[-68,-1797],[593,-1170],[-277,-1257],[-256,-517],[-318,-158],[-1084,104]],[[1257164,1692459],[-94,595],[-653,408],[-337,68],[-322,-34],[-281,229],[-727,78],[-690,319],[-877,248],[-333,20],[-532,-100],[-796,288],[-970,477],[-1211,-63],[-1057,-346],[-1019,-143],[-682,-199],[-1487,-267],[-558,-401],[-587,-195],[-554,-52],[-648,192],[-616,-23],[-586,-412],[-352,-143],[-1568,116],[-532,-68],[-463,-171],[-996,-692],[-266,-362],[-974,-624],[-1314,-1888],[-812,-856],[-1077,-899],[-606,-942],[-628,-697],[-1713,-971],[-1107,203],[-2908,1015],[-959,586],[-428,362],[-1639,1567],[-1712,2256],[-89,406],[0,638],[251,624],[502,798],[797,1537],[310,913],[266,435],[325,1117],[-59,537],[133,918],[-340,1653],[-251,449],[-384,450],[-767,580],[-384,551],[-413,2698],[-753,1218],[-340,364],[-649,986],[-546,1233],[-779,2247],[-298,501],[-545,622],[-751,454],[-1343,184],[-515,153],[-233,-33],[-675,-404],[-743,-235],[-437,-385],[-321,48],[-233,456],[29,850],[194,140],[335,557],[-39,615],[-122,110],[-476,34],[-43,153],[-418,519],[-433,326],[-1103,216],[-913,346],[-622,619],[-258,485],[-14,505],[-137,259],[-631,240],[-136,-67],[-394,249],[-486,115],[-949,537],[-1352,1482],[-201,323],[-31,474],[449,1215],[-95,444],[-663,1030],[9,1203],[136,716],[537,1153],[115,548],[474,379],[81,583],[800,1341],[780,490],[790,194],[744,806],[228,1319],[-141,993],[14,427],[453,844],[-42,254],[-534,437],[-151,351],[56,774],[168,344],[35,333],[320,493],[-296,771],[-3,250],[326,420],[21,420],[1103,817],[439,885],[519,636],[204,465],[-78,382],[-91,107],[-685,177],[-1493,62],[-723,271],[-545,361],[-84,208],[-1,628],[-114,324],[-388,407],[8,1124],[-155,512],[68,1170],[-140,359],[-285,301],[84,240],[-26,313],[-480,473],[-606,195],[-282,271],[18,472],[-221,578],[-217,246],[2,384],[-544,429],[-952,-5],[-632,-193],[-789,-457],[-1124,-295],[-1045,-107],[-657,479],[-712,130],[-122,83],[162,635],[-157,845],[-332,166],[-1003,214],[-276,245],[35,646],[-120,236],[-345,269],[-530,178],[-489,345],[-353,54],[-488,-38],[-284,-133],[-483,-702],[-982,-917],[-365,-188],[-448,-25],[-909,337],[-399,-223],[-540,34],[-649,-339],[-453,-52]],[[1188486,1754289],[-46,312],[61,767],[-152,513],[291,508],[-156,604],[160,225],[101,624],[174,296],[196,85],[271,-141],[236,212],[-17,301],[-292,112],[-81,130],[32,504],[-58,204],[78,94],[561,118],[202,161],[87,510],[369,723],[-52,309],[91,327],[-159,444],[-28,955],[-204,370],[442,543],[-76,1291],[38,133],[302,300],[-105,396],[161,554],[-234,193],[-90,211],[311,227],[662,-429],[458,-180],[590,120],[403,-95],[735,276],[331,-366],[231,-19],[288,132],[583,585],[344,75],[148,-63],[141,-319],[404,-335],[555,-29],[240,133],[253,412],[1208,624],[462,474],[741,0],[500,514],[-206,908],[-942,1581],[-706,503],[-1187,1114],[-496,247],[-460,725],[-250,656],[-35,426],[116,727],[551,832],[765,616],[277,367]],[[1197604,1777616],[567,1000],[349,335],[820,469],[941,264],[239,205]],[[1200520,1779889],[1555,458],[1540,268],[369,-59],[525,-324],[285,-293],[116,-504],[724,-1041],[682,-540],[354,-34],[215,-146],[523,-752],[619,-618],[751,-388],[332,-7],[727,181],[810,-66],[288,-357],[494,-936],[567,-316],[460,-67],[501,-207],[485,-536],[362,-227],[448,-106],[1094,-54],[1215,-282],[257,-210],[395,-694],[346,-344],[1384,-677],[83,-132]],[[1309650,1667945],[36,-511],[132,-427],[232,-221],[299,-573],[14,-406],[232,-326],[31,-896],[160,-228],[-86,-326],[143,-468],[418,-332],[-86,-671],[718,-1126],[343,-373],[946,-405],[391,127],[220,190],[866,-229],[324,198],[928,84],[351,216],[510,-487],[550,-114],[144,-128],[51,-260],[-373,-1200],[104,-541],[-46,-302],[62,-402],[239,-295],[531,-212],[108,-368],[589,-544],[229,-634],[182,-217],[296,-154],[393,-761],[1132,-1200],[249,-527],[188,-222],[420,-282],[494,-129],[983,466],[601,609],[503,144],[423,316],[212,-16],[1099,-1032],[-88,-185],[-71,-1697],[255,-641],[150,-131],[365,-124],[580,-80],[330,-233],[707,75],[401,-391],[663,-321]],[[1307389,1620188],[11,290],[225,97],[550,-22],[131,-97],[248,-28],[179,-228],[387,9],[160,93],[70,278],[188,295],[113,1067],[154,121],[364,-50],[72,161],[858,3],[457,566],[553,282],[266,702],[-57,306],[102,254],[215,354],[383,368],[70,246],[-76,567],[-239,231],[-669,290],[-195,235],[53,255],[-87,166],[-572,23],[-113,100],[-40,295],[-339,-40],[-378,145],[-433,-133],[-349,7],[52,409],[347,420],[221,62],[438,395],[154,273],[-30,439],[-270,430],[72,398],[-125,246],[-25,357],[-892,956],[-320,479],[95,122],[362,45],[133,155],[839,178],[114,195],[31,439],[-184,899],[228,603],[-1,558],[-345,431],[-290,162],[-74,144],[296,1408],[-2,308],[228,174],[84,834],[-237,625],[227,822]],[[1310777,1640362],[-42,469],[227,403],[281,183],[26,264],[-334,490],[-7,318],[-752,300],[-42,324],[-132,258],[309,571],[-54,268],[133,531],[118,104],[195,2],[273,129],[209,375],[369,283],[-86,238],[7,332],[177,229],[0,537],[62,171],[529,173],[117,747],[197,346],[74,338],[-467,414],[-201,330],[-144,517],[19,250],[-114,78],[-263,835],[-442,499],[-82,216],[46,490],[-262,363],[226,254],[190,404],[304,155],[148,199],[304,70],[184,168],[62,421],[295,484],[-19,136],[-208,236],[248,304],[-28,202],[-323,719],[-455,238],[-234,228],[-292,619],[-70,562],[-812,716],[-42,573],[-375,199],[-221,-76],[-863,547],[-133,-26],[-260,-257],[-146,7],[-151,135],[-430,54],[-597,444],[-126,344],[-580,635],[-413,332],[-518,221],[-538,368],[-366,-270],[-355,99],[-340,733]],[[1303787,1662914],[119,138],[382,88],[448,297],[160,368],[177,1015],[255,364],[445,102],[202,507],[724,722],[170,409],[11,328],[383,382],[128,580],[130,228],[592,24],[454,-104],[694,-331],[389,-86]],[[1070169,1994729],[88,-541],[-900,-2319],[3,-1623],[-267,-1152],[539,-2174],[2388,-2161],[1541,-1612],[1231,-1633],[1058,-5190],[437,-1600],[-91,-670],[66,-3118],[-133,-1270],[103,-1007],[264,-1319],[845,-1076],[914,-797],[130,-219],[1,-1316],[296,-1017],[82,-1236],[366,-843],[879,-1388],[211,-149],[373,-38],[336,-191],[313,-408],[81,-309],[-6,-659],[-113,-461],[-620,-923],[-1041,-835],[-1557,-166],[-361,-251],[-300,-457],[-66,-209],[59,-962],[323,-683],[60,-719],[-855,-1017],[-681,-625],[-115,-352],[145,-741],[288,-435],[1524,-1765],[364,-229],[229,-14],[669,178],[292,267],[211,504],[303,296],[243,146],[512,15],[2582,-306],[1140,-918],[816,-401],[864,-227],[226,-170],[74,-212],[-29,-415],[-224,-372],[-71,-387],[70,-807],[-91,-622],[50,-474],[386,-434],[534,-155],[1538,-711],[376,-267],[62,-183],[0,-964],[464,-958],[-25,-308],[-486,-647],[-118,-671],[47,-194],[180,-131],[-32,-620],[-280,-635],[-425,-308],[-228,-363],[-12,-566],[241,-420],[30,-311],[-283,-353],[22,-219],[446,-322],[71,-202],[320,-357],[684,-469],[969,-274],[480,127],[910,-218],[349,-282],[598,-305],[96,-331],[485,-755],[-17,-387],[79,-303],[-257,-586],[-66,-464],[162,-292],[59,-335],[288,-350],[884,-636],[300,-561],[421,-54],[-40,-158],[229,-114],[-39,-257],[332,-73],[-130,-236],[300,22],[-138,-252],[64,-178],[163,115],[233,-73],[-46,-426],[253,-104],[301,-447],[34,-270],[-145,-328],[35,-228],[298,-46],[730,-337],[309,-253],[254,108],[-64,-129],[119,-451],[740,78],[332,-373],[260,-25],[106,-278],[605,-829],[89,-283],[306,-64],[125,-132],[65,-587],[238,-281],[-83,-342],[6,-498],[274,-269],[362,-41],[232,-196],[-84,-586],[48,-324],[216,-522],[374,-386],[111,-286],[-317,-566],[868,-1373],[3,-529],[369,-724],[-27,-271],[450,30],[379,-119],[726,22],[97,-108],[-85,-356],[28,-376],[407,-643],[-72,-273],[-218,-263],[-30,-235],[123,-846],[1054,-1209],[369,-915],[88,-1505],[369,-708],[510,-604],[1089,-501],[917,-190],[1635,-1019],[615,-759],[1827,-2676],[1090,-1778],[1037,-784],[544,-639],[1195,-915],[703,-708],[176,-604],[-457,-1071],[-176,-1035],[0,-812],[264,-1709],[562,-1680],[387,-846],[861,-1260],[2137,-2590],[1353,-1260],[1177,-1231],[1371,-2210],[316,-708],[387,-1329],[173,-1125],[647,-777],[780,-711],[-119,-809],[236,-684],[-171,-788],[-20,-2285],[-165,-618],[-314,-469],[-413,-135],[-757,-130],[-1606,-95],[-28,-365],[-193,-225],[612,-788],[68,-1424],[-910,-1142],[-84,-292],[36,-819],[49,-108],[541,-250],[183,-628],[-365,-469],[-903,-129],[-297,-163],[-301,-434],[-848,-569],[-154,-11],[-671,-1846],[-861,-2883],[17,-484],[563,-1208],[843,-1364],[685,-950],[897,-730],[913,-950],[703,-2658],[668,-1485],[756,-1191],[703,-639],[1458,-604],[1406,-397],[1343,13],[2477,-992],[932,-173],[1406,-639],[670,-200],[4497,-2147],[2007,-1589],[667,-590],[851,-927],[207,-20],[281,-390],[1160,-1094],[825,-1002],[580,-500],[369,-415],[844,-1364],[545,-656],[386,-880],[527,-898],[123,-690],[35,-1126],[105,-471],[183,-262],[-146,-309],[9,-466],[348,-721],[148,-836],[580,-880],[186,-101],[495,5],[309,-578],[653,-478],[309,-142],[310,15],[1328,490],[33,160],[256,-433],[378,-303],[502,-154],[1129,-52],[901,-783],[373,-15],[1287,392],[703,-69],[1213,-863],[1054,-1088],[580,-466],[1125,-552],[1739,-657],[475,-293],[299,-530],[527,-449],[2115,-601],[264,-155],[791,-708],[263,-466],[211,-190],[545,-311],[1793,-1312],[544,-807],[1213,-988],[1128,-701],[1213,-397],[738,-622],[580,-362],[825,-311],[405,-242],[298,-103],[405,-18],[597,-224],[738,-69],[439,-138],[932,-656],[773,-139],[1336,104],[790,-173],[1230,-69],[914,138],[580,0],[1107,-258],[826,155],[264,-86],[175,-173],[492,-69],[352,52],[808,-328],[1090,-777],[1195,-52],[1581,293],[668,259],[1072,536],[650,604],[387,501],[861,1432],[527,1641],[18,1329],[123,691],[1212,863],[317,345],[439,829],[263,224],[464,1150],[264,345],[380,140],[780,67],[1283,-448],[1265,-139],[1195,208],[246,-35],[843,121],[615,397],[176,345],[0,587],[299,466],[492,415],[474,241],[440,104],[509,328],[264,69],[299,0],[386,-121],[510,-380],[351,-500],[334,-188],[725,-224],[1336,173],[1634,-363],[475,173],[667,-155],[528,-346],[333,-103],[739,-69],[931,-466],[1212,-87],[633,87],[738,-35],[299,104],[228,241],[211,729],[-46,437],[-112,220],[-934,943],[-486,837],[-113,516],[155,394],[36,342],[-117,321],[-337,507],[-272,1100],[-21,1468],[-135,152],[-446,198],[26,171],[329,399],[-41,704],[-153,276],[-343,49],[-177,206],[229,159],[613,137],[370,402],[124,258],[-168,553],[-610,734],[-361,739],[257,1721],[-26,533],[-203,400],[-38,357],[556,1240],[-278,422],[-104,314],[156,1246],[-148,274],[-476,153],[-444,390],[-87,317],[-44,1205],[-245,144],[-371,4],[-365,117],[-225,147],[-162,327],[25,363],[440,1154],[191,102],[382,621],[48,1023],[-222,1274],[-593,593],[-384,152],[506,89],[211,132],[74,199],[-15,425],[470,205],[222,305],[593,544],[594,104],[137,196],[23,189],[-70,600],[-248,534],[96,540],[-262,602],[-516,287],[-544,140],[-462,785],[18,299],[286,772],[64,395],[-72,281],[-685,1186],[-23,624],[267,676],[37,733],[-283,798],[-398,595],[-222,1311]],[[1307742,1844292],[-616,-1209],[-501,-703],[-302,-613],[-313,-245],[-642,-278],[-430,-544],[-109,-385],[151,-402],[-40,-157],[-127,-90],[-438,42],[-293,-69],[-641,167],[-591,21],[-321,-121],[-241,-395],[-141,-1124],[-357,-1009],[-680,-925],[-717,-145],[-193,-124],[-67,-232],[7,-1614],[-298,-1121],[-23,-920],[-695,-2369],[-180,-362],[-1589,-2137],[-629,-734],[-799,-520],[-202,-329],[-738,-1606],[-124,-613],[-15,-834],[-155,-685],[91,-448],[172,-233],[229,-137],[157,49],[262,-84],[621,-657],[1234,-876],[259,-343],[326,-228],[190,-343],[834,-757],[1447,-758],[1213,-419],[358,-8],[625,-772],[461,-125],[499,-500],[409,-161],[603,-463],[1644,-941],[476,-336],[177,-309],[134,-346],[112,-1037],[253,-853],[22,-1110],[-126,-1155],[-216,-713],[-372,-390],[-501,-926],[70,-648],[-193,-1073],[156,-787],[283,-581],[-141,-471],[148,-941],[-37,-500],[224,-706],[-58,-486],[64,-441],[291,-864],[51,-395],[-112,-252],[-172,-205],[-457,-73],[-365,-402],[-475,-240],[-519,-80],[-387,180],[-144,-135],[-449,-35],[-299,-187],[-636,135],[-175,163],[-141,21],[-172,-57],[-55,-168],[-966,-122],[-123,5],[-742,637],[-803,226],[-526,529],[-422,-234],[-396,-113],[-842,-642],[-799,-48],[-624,-478],[-241,-381],[-399,-164],[-540,61],[-583,-105],[-473,248],[-1067,42],[-330,104],[-205,232],[-1735,1283],[-134,1751],[-312,994],[23,909],[-549,972],[-278,830],[-532,1188],[-839,733],[-29,139],[-417,68],[-520,210],[-442,-88],[-381,-207],[-899,-772],[-1284,-543],[-759,-844],[-1367,-768],[-96,-170]],[[1281955,1802783],[-2162,-84],[-1951,49],[-1828,846],[-492,418],[-255,33],[-329,171],[-1940,255],[-660,-138],[-640,-207],[-441,-336],[-148,-209],[-1531,-708],[-530,-684],[-644,-336],[-197,-479],[-425,-88],[-199,-170],[-379,0],[-532,-439],[-298,-31],[-172,-108],[-264,-248],[-190,-539],[-922,-840],[-609,-283],[-989,-385],[-1168,-160],[-622,-244],[-1906,-179],[-408,11],[-199,95],[-459,-165],[-378,70],[-1260,-79],[-371,-175],[-818,-65],[-1723,-932],[-843,-639],[-246,-622],[-70,-690],[158,-345],[52,-363],[-175,-651],[-1002,-777],[-474,-569],[-194,-328],[-35,-346],[-246,-407],[-263,-725],[-36,-1433],[211,-881],[18,-1571],[-281,-1260],[-352,-1071],[-1247,-2244],[-580,-432],[-528,-172],[-386,-86],[-1311,155],[-1265,656],[-492,52],[-1301,397],[-1335,552],[-2074,1312],[-316,277],[-225,374],[-229,207],[-3391,2832],[-1775,984],[-668,466],[-1177,483],[-949,121],[-2390,121],[-861,138],[-977,18],[-2144,293],[-1002,242],[-1406,86],[-790,-17],[-492,-87],[-387,-189],[-352,-380],[-1149,-560],[-1088,-873],[-676,-189],[-362,0],[-762,194],[-949,35],[-1477,-346],[-369,-205],[-509,-863],[53,-346],[123,-207],[35,-466],[0,-518],[-123,-397],[-236,-190],[-316,-52],[-492,-224],[-527,-449],[-804,-1414],[-357,-425],[-342,-222],[-740,-10],[-412,-215],[-438,-20],[-1096,692],[-410,148],[-405,30],[-1486,-401],[-609,-69],[-345,-146],[-304,-24],[-1008,-662],[-368,-334],[-565,-195],[-418,-242],[-520,-549],[-117,-298]],[[1197604,1777616],[-361,62],[-334,193],[-1053,1154],[-1059,549],[-492,147],[-511,314],[-645,886],[-344,1281],[-530,1243],[-745,802],[-501,394],[-501,183],[-946,85],[-1241,746],[-501,112],[-745,-535],[-988,-1126],[-201,-56],[-186,56],[-344,338],[-645,915],[-702,338],[-143,478],[-616,803],[-157,464],[-1092,465],[-1648,126],[-716,-84],[-816,-521],[-874,-1112],[-688,-225],[-372,-14],[-631,281],[-229,211],[-315,803],[-487,239],[-344,-14],[-501,-225],[-903,-1098],[-473,-70],[-596,56],[-415,338],[-588,56],[-200,98],[-430,0],[-444,-126],[-645,-408],[-372,-99],[-459,28],[-243,113],[-665,14],[-988,-239],[-688,126],[-329,-211],[-1691,155],[-358,-98],[-860,-437],[-286,-211],[-585,-732],[-601,-394],[-659,-197],[-659,-352],[-917,-197],[-2379,151],[-914,719],[-378,417],[-525,779],[-248,224],[-391,78],[-967,-169],[-502,568],[-579,242],[-679,782],[-689,1191],[-563,273],[-538,534],[-377,256],[-320,435],[-948,785],[-1220,445],[-215,210],[-412,651],[-1817,1243],[-11,239],[326,242],[-32,121],[-206,138],[-36,429],[172,203],[574,302],[74,427],[-99,332],[-950,150],[-65,96],[48,399],[-60,87],[-183,46],[-151,-54],[-792,491],[-905,1710],[-243,1343],[-132,229],[-472,226],[-326,257],[-45,659],[64,397],[262,400],[43,287],[453,287],[315,414],[60,437],[566,1558],[211,383],[593,528],[691,88],[-246,203],[-294,96],[-1279,-148],[-548,247],[-764,0],[-294,419],[-72,367],[119,1284],[150,382],[-44,1912],[-414,544],[-283,571],[-631,631],[-559,86],[-391,-76],[-140,143],[-106,403],[74,537],[-603,589],[-221,611],[-508,687],[-246,748],[-679,802],[-140,762],[-414,790],[-560,640],[-483,859],[-374,328],[-1058,289],[-558,481],[80,467],[480,540],[174,633],[874,646],[320,472],[36,179],[-128,518],[276,518],[109,597],[-52,595],[1131,1508],[-71,401],[-689,761],[-210,-84],[-251,-596],[-196,-84],[-982,95],[-317,113],[-140,183],[-241,951],[92,322],[-46,1065],[-1076,1287],[-807,191],[-1903,140],[-723,194],[-646,313],[-89,-65],[-22,-279],[-94,-156],[-976,81],[-1246,-308],[-740,13],[-328,-133],[-188,-254],[-271,-174],[-548,-167],[-1881,-16],[-291,106],[-300,362],[-200,67],[-527,-365],[-428,-30],[-234,86],[-304,407],[-357,-226],[-988,-20],[-451,-216],[-214,301],[-964,471],[-314,343],[355,537],[929,903],[463,586],[90,281],[-178,114],[-218,13],[-870,-272],[-1238,-177],[10,188],[327,325],[193,383],[2,145],[-366,451],[-111,434],[89,323],[486,887],[28,375],[-92,380],[-379,813],[-443,843],[-423,607],[-136,526],[-102,115],[-304,26],[-119,-163],[37,-276],[223,-370],[-67,-294],[66,-506],[-102,-148],[-193,-43],[-18,-174],[102,-123],[350,-116],[61,-103],[-333,-944],[-123,-115],[-251,17],[-318,-113],[-412,49],[-547,-263],[-498,-17],[-132,-190],[65,-755],[-198,-125],[-541,-14],[-54,-287],[225,-628],[-151,-95],[-509,105],[100,-389],[-179,-185],[-74,-363],[-126,-70],[-386,9],[-490,185],[-629,-353],[-89,-295],[193,-237],[378,-200],[35,-156],[-223,-200],[-297,208],[-158,-57],[-138,-1545],[21,-186],[164,-182],[28,-160],[-112,-85],[-378,54],[-126,-160],[117,-198],[471,-151],[0,-124],[-130,-106],[-577,-20],[-130,-411],[-355,-363],[-504,-233],[-216,-183],[-551,36],[-95,-486],[-377,-186],[-353,-705],[-200,-118],[-123,63],[44,475],[-104,160],[-511,-521],[-330,15],[-69,372],[143,305],[-118,110],[-862,-608],[-263,-308],[-132,-10],[-88,93],[28,455],[219,997],[-260,316],[-199,576],[-358,46],[-690,-295],[-329,-23],[-469,998],[-447,452],[-1038,490],[-1432,463],[-666,859],[-562,286],[-238,446],[-195,55],[-230,-142],[-435,-763],[-110,-1406],[-672,9],[-165,173],[52,208],[608,322],[-3,216],[-413,-23],[-578,132],[-63,-139],[143,-252],[-67,-184],[-212,-233],[-474,-187],[-275,-1068],[-297,-169],[-232,14],[-344,238],[-735,1624],[-341,303],[-281,-97],[-28,-113],[569,-518],[9,-249],[-560,-457],[-620,96],[20,-552],[-116,-131],[-654,168],[-298,-182],[-248,-32],[-713,292],[-421,20],[-144,182],[-29,207],[91,306],[185,225],[-83,400],[121,562],[-329,139],[-614,-195],[-234,31],[-107,108],[-245,680],[-182,199],[-238,115],[-286,-33],[-205,-141],[-432,-641],[-197,80],[-267,409],[-184,44],[-1749,-1015],[-931,18],[-73,-116],[183,-290],[1,-156],[-193,-231],[-249,-127],[-211,7],[-427,201],[-498,45],[-431,402],[-463,-104],[-690,-355],[-58,-288],[172,-154],[353,-122],[375,-631],[368,-23],[271,-156],[141,-333],[-16,-295],[186,-307],[-488,-335],[46,-334],[-615,-528],[-304,-748],[-233,-125],[-446,8],[-123,149],[34,888],[315,425],[361,250],[-109,436],[-206,208],[-469,10],[-865,-613],[-211,52],[-432,-46],[-365,101],[-199,362],[218,572],[-53,206],[-912,402],[-155,167],[72,465],[466,-12],[68,240],[-130,350],[-660,904],[-228,-64],[-610,-1462],[-172,-245],[-562,15],[-260,184],[-334,1241],[-410,94],[-1385,-1275],[-209,128],[83,599],[-99,146],[-388,17],[-667,-176],[-56,-238],[47,-288],[160,-262],[-14,-288],[-310,-342],[-300,-56],[-157,106],[-56,152],[98,572],[-121,236],[-605,55],[-372,123],[-781,-197],[-490,26],[-88,161],[98,419],[-728,433],[-443,636],[-1087,24],[-743,744],[-1360,376],[-14,233],[175,185],[475,-220],[237,0],[502,192],[479,323],[-109,692],[43,393],[-918,162],[64,285],[-288,154],[-274,340],[-202,14],[-5,-319],[-144,-87],[-144,151],[17,272],[-560,94],[-152,-190],[-373,-24],[43,-427],[-341,435],[-118,-160],[-212,77],[-56,-257],[-285,48],[-223,-280],[-126,-17],[-145,119],[237,151],[3,131],[-237,-1],[-189,252],[-145,-161],[-269,84],[-178,-56],[-36,67],[83,126],[-249,258],[-194,-121],[-133,439],[-261,-21],[-167,263],[-372,-82],[-203,49],[-492,515],[-101,-133],[-139,-21],[-195,246],[-344,-37],[-157,104],[-40,-194],[-156,-31],[-88,78],[-91,-54],[-69,140],[-286,-225],[-2,-181],[-305,-63],[31,-78],[155,-29],[-68,-115],[-329,-99],[-17,196],[-76,18],[-325,-296],[-233,-10],[-143,52],[-207,262],[-142,-169],[-342,-42],[-326,172],[-35,203],[-173,-240],[-109,-21],[-73,219],[-270,258],[-226,-265],[36,392],[-198,-99],[-232,225],[-521,78],[-190,154],[-233,-66],[-376,230],[-234,-88],[169,-149],[-16,-113],[-276,90],[-126,328],[-83,-23],[-1,-236],[-99,-35],[-1,-140],[-57,-6],[-51,216],[-79,-9],[-10,-172],[-86,-49],[-27,195],[-142,64],[-72,-47]],[[1049554,1839938],[1928,33085],[4169,22966],[794,26971],[-359,356],[249,1344],[-299,617],[-82,1175],[114,1219],[227,827],[-250,1051],[499,1929],[-393,4558],[-425,1867],[85,1389],[-260,162],[-261,313],[-23,129],[186,226],[28,180],[-1,557],[-145,322],[9,249],[-199,330],[-196,684],[-350,556],[12,603],[-406,503],[-185,943],[-347,366],[-57,182],[95,530],[-76,221],[17,309],[472,686],[156,717],[-502,889],[-8,304],[781,1213],[337,879],[72,777],[-127,451],[-1098,1284],[-161,462],[68,1065],[340,981],[0,527],[-89,402],[-434,590],[-1669,973],[-391,409],[38,746],[562,1039],[150,497],[11,473],[-127,432],[-284,371],[-748,269],[-2440,619],[-1032,799],[-292,375],[-142,371],[33,1167],[99,519],[176,402],[943,1339],[558,1425],[772,3699],[57,932],[-51,1107],[-205,1382],[-796,2505],[-688,1662],[-595,997],[-1160,1431],[-629,621],[-785,1207],[-1387,2748],[-225,754],[-1007,2099],[-222,222],[-1604,2720],[-816,1100],[-331,315],[-1198,2007],[-715,1939],[-97,1339],[-245,518]],[[1284978,1671087],[-69,-263],[-169,-218],[-623,-102],[-272,-128],[-160,-670],[-45,-1137],[-262,-542],[-673,-881],[-146,-395],[21,-294],[532,-1069],[61,-263],[-199,-1116],[326,-652],[-13,-1204],[339,-312],[119,-308],[660,-417],[-13,-728],[299,-532],[-110,-334],[162,-260],[-11,-521],[-329,-547],[-339,-864],[-261,-243],[21,-415],[-194,-344],[135,-129],[-205,-272],[-354,-827],[-719,-227],[-287,-607],[-546,-706],[-764,-482],[-829,-846],[-109,-212],[-459,-408],[-295,-30],[-296,-279],[-1224,-421],[-755,-468],[-378,829],[-353,-517],[-823,10],[-216,-963],[-662,-36],[-84,-475],[385,-321],[-481,-238],[253,-1094],[12,-606],[85,-280],[-757,-299],[-282,305],[-341,129],[-539,27],[-877,-395],[-186,-192],[-575,-148],[-231,252],[-396,245],[-281,15],[-139,168],[-250,56],[-252,331],[-659,-150],[-293,123],[-390,349],[-285,-20],[47,-179],[-102,-84],[-614,331],[-390,7],[-231,104],[-673,-223],[-325,-233],[-73,-115],[18,-273],[-223,-372],[-708,-556],[-416,-94],[-280,7],[-414,200],[-445,-91],[-215,190],[-45,587],[-534,417],[-237,71],[-347,-49],[-90,200],[-134,71],[-372,32],[-235,-70],[-661,70],[-1764,831],[-718,221],[-270,185],[-750,89],[-455,548],[-201,50]],[[1256071,1649391],[508,602],[-225,781],[-321,507],[-849,889],[-740,287],[-44,307],[369,536],[1687,1137],[158,207],[-133,553],[93,457],[-56,742],[333,520],[95,412],[-282,950],[636,917],[343,811],[120,936],[-188,715],[400,248],[264,285],[112,300],[85,857],[434,797],[-103,359]],[[1258767,1664503],[-317,305],[22,347],[563,91],[337,-71],[234,178],[534,960],[315,326],[37,784],[337,513],[234,47],[283,-254],[189,20],[934,1151],[1115,1158],[223,18],[218,-207],[254,-19],[629,454],[-29,502],[-268,598],[60,200],[340,295],[204,41],[325,-88],[250,91],[427,479],[169,368],[414,217],[237,572],[351,554],[213,217],[205,4],[168,99],[-53,531],[86,222],[784,642],[130,445],[355,500],[73,930],[-210,713],[-38,677],[222,467],[112,543],[417,609],[40,212],[-127,435],[-126,143],[-295,1022],[-383,661],[-56,689],[-570,451],[-374,1578],[-541,676],[-230,513],[-16,1249]],[[1267174,1688361],[780,528],[387,145],[494,601],[577,293],[213,320],[150,77],[1155,39],[1461,-264],[503,114],[633,-257],[668,-555],[230,-19],[97,73],[138,435],[158,172],[-301,485],[94,478],[123,121],[1842,284],[339,172],[207,432],[180,122],[1682,19],[825,212],[724,499],[650,73],[817,483]],[[1282000,1693443],[1471,-1829],[95,-242],[11,-471],[-394,-811],[-365,-395],[-684,-529],[-272,-342],[-528,-284],[-395,-859],[-197,-231],[-293,-117],[-192,-1281],[136,-775],[-197,-628],[78,-201],[495,-518],[107,-447],[423,-280],[510,-616],[-4,-451],[652,-1407],[25,-473],[-193,-597],[-202,-254],[-329,-228],[-818,-217],[-209,-155],[-57,-401],[533,-566],[-26,-506],[-196,-477],[-776,-687],[-211,-518],[111,-227],[274,-121],[780,260],[249,-116],[526,-462],[348,-162],[371,-504],[200,-688],[374,-398],[515,-1211],[550,-276],[682,-658]],[[1281955,1802783],[-4,-1037],[149,-1083],[-30,-439],[-730,-1991],[0,-718],[-417,-1156],[-1118,-2540],[-1624,-2708],[-15,-644],[283,-492],[60,-586],[-179,-1025],[-224,-746],[-372,-922],[-373,-639],[-402,-307],[-223,-293],[-328,-776],[-194,-805],[-1433,-1361],[-269,-791],[90,-827],[641,-1771],[268,-527],[1609,-1445],[387,-674],[224,-966],[343,-351],[640,-220],[497,-444],[459,-87],[401,-440],[260,-153],[645,-153],[533,41],[371,-562],[348,115],[306,279],[268,122],[353,-240],[448,-511],[499,-783],[706,-748],[499,-375],[982,86],[637,-85],[447,-255],[1412,17],[344,102],[1102,596],[551,561],[1015,630],[637,51],[507,348],[578,-432],[-138,-715],[35,-1192],[394,-1014],[389,-162],[299,-442],[252,-209],[1386,-687],[221,-240],[150,-320],[1507,-198],[834,-439],[360,-71],[68,-161],[287,-192],[216,-12],[219,-166],[239,-27],[297,-209],[368,-4],[399,-542],[486,-387],[387,-88],[180,-128],[317,-35],[263,-259],[215,-519],[55,-417],[227,-414],[16,-221],[442,-712],[528,-359],[566,82],[79,-191],[373,-314],[270,-176],[226,-6],[235,-421],[358,-255],[129,-296],[-6,-267],[391,-636],[384,-348],[617,-191],[607,-38],[191,122],[960,-12],[559,-234],[253,-18],[159,122],[253,-116],[338,229],[488,-28]],[[1301369,1715499],[-246,-539],[-497,-33],[-889,-1245],[-582,-516],[-246,-905],[-190,-197],[-818,106],[-934,-187],[-205,-115],[-376,-704],[-179,-67],[-208,76],[-632,527],[-1206,84]],[[1294161,1711784],[57,315],[523,472],[374,777],[795,761],[169,724],[-110,887],[-59,78],[-403,42],[-220,116],[-23,495],[-292,170],[-73,461],[-593,232],[-361,697],[-207,67],[-358,-145],[-261,-16],[-448,212],[-161,249],[-50,416],[-414,30],[-134,106],[-170,734],[-223,149],[-816,128],[-1863,-169],[-872,507],[-472,27],[-1674,-1072],[-385,-422],[-723,-442],[-839,-683],[-874,-877],[-260,-160],[-480,-64],[-299,-153],[-429,46],[-620,-164],[-960,-70],[-566,52],[-803,750],[-167,249],[-190,468],[-27,534],[-327,512],[96,849],[-198,549],[-13,492],[-109,222],[-265,160],[-159,207],[-82,347],[35,397],[422,415],[1282,858],[1064,1208],[187,1102],[334,782],[35,276],[405,397],[228,518],[949,1226],[158,345],[70,898],[88,276],[53,1588],[424,897],[-44,257],[-240,280],[-459,1417],[-700,794],[-984,688],[-240,257],[0,494],[284,1138],[88,709],[-153,430],[-459,644],[-22,365],[-306,1181],[43,1203],[-240,601],[-1180,1696],[-652,782],[-1246,1203],[-196,451],[-22,3457],[-787,1233],[240,1675],[-196,451],[-197,923],[-175,451],[-153,365],[-328,430],[-175,451],[-1115,-666],[-153,-172],[-830,-429],[-156,-283],[-454,-173],[-420,-519],[-664,-553],[-490,-277],[-105,-242],[-1554,-820],[-938,115],[-322,-321],[-231,-65],[-1489,-91],[-1070,127],[-769,-134],[-556,221],[-1164,79],[-833,565],[-216,71],[-852,-17],[-633,-256],[-1475,286],[-890,-33],[-557,-142],[-193,95],[-165,304],[-343,281],[-341,100],[-383,-128],[-366,195],[-348,-276],[-148,82],[-115,-112],[-162,7],[-159,-195],[-169,-72],[-325,11],[-232,180],[-394,68],[-603,-99],[-203,-224],[-311,79],[-340,-153],[-259,298],[128,259],[-31,73],[-278,80],[-143,-202],[-205,-54],[-255,76],[-201,207],[-398,171],[-375,-209],[100,-248],[-69,-183],[-356,-12],[-278,126],[158,252],[-143,187],[-394,-57],[-166,347],[97,149],[-31,172],[-182,264],[-185,46],[-132,-157],[-151,103],[-42,-134],[-185,-103],[-110,5],[-53,152],[-89,-8],[-243,-99],[-270,-279],[-166,23],[-433,271],[-166,263],[-992,424],[-323,448],[122,124],[35,176],[-209,3],[-127,252],[-217,134],[-85,203],[-498,-134],[-123,68],[7,207],[-170,72],[35,180],[363,53],[120,176],[-500,427],[-206,347],[-18,163],[117,269],[-286,80],[104,516],[152,29],[-83,117],[217,236],[-251,99],[-12,80],[170,298],[160,72],[-51,195],[271,258],[8,80],[-103,60],[134,97],[-24,111],[-355,191],[-175,479],[66,74],[236,20],[128,206],[-45,406],[-166,138],[3,332],[-146,416],[-383,352],[54,95],[336,35],[-15,126],[-638,309],[-321,-8],[-158,176],[-21,150],[-180,73],[-286,424],[-1342,443],[-1221,835],[-221,30],[-402,296],[-794,305],[-242,209],[-953,183],[-444,228],[-178,187],[-390,-27],[-455,260],[-615,46],[-330,222],[-641,136],[-558,-30],[-434,468],[-336,659],[-340,258],[-388,93],[-748,484],[-341,3],[-251,-223],[-304,-113],[-470,126],[-133,134],[27,348],[-307,326],[-66,337],[-216,186],[-49,163],[81,378],[274,428],[39,363],[-615,248],[-154,320],[-425,539],[-422,145],[-176,-10],[-82,-102],[-749,38],[-569,-82],[-471,-162],[-174,-214],[-415,-54],[-174,-112],[-497,-21],[-204,-218],[15,-584],[-208,-348],[-286,-58],[-564,-313],[-970,-16],[-224,-164],[-271,-368],[-374,-277],[-703,126],[-116,-95],[-124,55],[-132,-141],[-449,54]],[[1419159,1663015],[788,-60]],[[1393240,1661687],[770,391],[-56,403],[372,573],[-144,181],[677,216],[632,642],[50,159],[-78,273],[107,200],[11,294],[299,585],[300,7],[471,-123],[281,54],[315,-135],[209,-198],[186,53],[136,-72],[210,191],[215,549],[488,104],[222,198],[314,40],[-44,685],[74,109],[464,150],[338,397],[353,21],[430,354],[1104,-97],[314,-165],[744,179],[325,-141],[411,-316],[786,143],[142,143],[246,-74],[241,174],[856,159],[121,-38],[232,-266],[429,7],[166,-150],[415,38],[345,-243],[741,174],[580,-200],[424,109],[499,-263],[431,121],[347,-155],[779,-75],[311,125],[355,-263],[1337,275],[613,-295],[28,-161],[92,-55],[-57,-344],[489,-368],[705,-840],[1190,95],[222,-463],[15,-618],[632,-668],[1306,-283],[401,-174]],[[1310777,1640362],[-522,-292],[-565,19],[-464,-490],[-50,-126],[80,-328],[-16,-832],[-283,-358],[-715,-590],[-508,-677],[-659,17],[-536,-205],[-195,-176],[-241,-447],[9,-518],[-252,-294],[-272,-716],[-281,-233],[-861,-415],[-348,-683],[-385,-218],[-216,-659],[-188,-199],[-63,-304],[49,-152],[-215,-153],[-61,-352],[-285,-125],[-1045,-1061],[-615,-474],[-192,-22],[-104,-238],[-230,-244],[-209,-93],[-190,-309],[-179,-114],[-199,-393],[-33,-532],[-111,-225],[-409,-192],[-772,-95],[-209,-145],[-158,4],[-297,176],[35,319],[-77,85],[-371,115],[-241,-114],[-130,254],[-416,73],[-558,-204],[-386,98],[-295,-66],[-955,-811],[-1137,78],[-1021,-1233],[-339,-164],[-244,2],[-179,-239],[-264,45],[-184,-135],[-151,-292],[-93,-884],[-102,-188],[-805,-597],[-176,-360],[32,-450],[-276,-206],[-200,-388],[-558,-606],[-481,-154],[-225,-366],[-316,-272],[-343,-44],[-258,-152],[-285,-540],[-568,-533],[-446,8],[-557,-290],[-216,-319],[-125,-418],[-446,-423],[-399,-166],[-79,-196],[-304,-327],[-132,-3],[-374,-244],[-35,-1047],[-353,-488],[-865,-570],[-541,-95],[-620,-368],[-263,33],[-610,423],[-647,5],[-398,-93],[-263,178],[-26,184],[-249,-87],[-57,523],[-180,139],[-424,105],[-9,209],[-234,152],[-105,187],[85,186],[-55,360],[188,525],[-240,441],[117,341],[-54,391],[316,740],[-28,1219],[185,499],[-62,290],[-364,516],[-98,270],[21,279],[160,164],[-186,689],[218,406],[-69,250],[234,264],[-329,617],[48,312],[-188,561],[117,422],[-344,395],[-222,513],[-599,278],[-321,540],[-148,114],[-585,83],[-218,122],[-286,485],[-879,1054],[-842,-104],[-662,124],[-155,95],[-506,710],[-909,637],[-1397,-174],[-453,11],[-1137,494],[-429,-145],[-634,-32],[-317,-92],[-154,-233],[-243,-91],[-451,-437],[-469,-760],[-452,-511],[-207,-542],[-436,-563],[-223,-884],[-232,-532],[-438,-391],[-364,-135],[-133,-149],[-162,-573],[181,-355],[-469,-679],[-76,-276],[-202,-57],[-102,-123],[-146,14],[-128,-204],[-320,-203]],[[1261005,1623148],[-279,41],[-308,282],[-611,91],[-266,159],[-388,-34],[-378,76],[-311,157],[-329,428],[-1029,440]],[[1257106,1624788],[-27,233],[-86,96],[-427,-126],[-439,19],[-278,49],[-147,143],[72,302],[254,81],[111,123],[378,1024],[-116,512],[434,171],[156,406],[5,328],[-65,302],[-316,381],[-603,282],[-687,732],[-116,1265],[114,925],[-193,529],[-44,369],[32,408],[399,525],[217,771],[153,111],[470,5],[242,293],[44,731],[276,1087],[47,682],[-103,480],[-296,373],[-283,193],[-652,172],[-434,354],[-107,613],[-506,1215],[-45,370],[57,324],[-126,308],[-4,311],[264,464],[76,577],[-62,733],[-82,178],[121,776],[437,1202],[633,810],[-38,319],[-315,276],[-62,160],[79,222],[582,352],[-29,1062]],[[1284978,1671087],[205,-40],[498,97],[276,-54],[227,-163],[334,-559],[497,-460],[325,-25],[318,92],[510,-278],[350,91],[631,-751],[118,-422],[210,26],[217,305],[315,235],[514,6],[262,-81],[227,-187],[280,-570],[344,-354],[250,41],[291,213],[125,0],[380,-546],[666,-323],[191,64],[424,344],[132,-112],[86,-399],[754,52],[24,-606],[267,-781],[724,-668],[913,137],[289,658],[732,-295],[148,-140],[176,83],[123,174],[14,406],[149,145],[334,-36],[225,-344],[355,66],[415,278],[138,-2],[545,-421],[114,-385],[543,-608],[858,-233],[894,-920],[159,-428],[216,-73],[311,-344],[186,-78]],[[1272487,1533523],[929,-723],[405,-91],[507,-383],[481,-783],[58,-746],[194,-331],[11,-553],[-132,-392],[184,-458],[97,-635],[293,-482],[245,-97],[48,-169],[425,-331],[200,-360],[267,-155],[277,-347],[165,-84],[333,-465],[282,-206],[780,-298],[445,106],[1112,-250],[2577,-52],[246,-83],[600,-467],[292,-32],[139,-226],[248,-81],[652,111],[867,2],[414,373],[104,201],[740,283],[161,193],[510,113],[412,-160],[690,-33],[305,-211],[-94,-453],[143,-155],[251,-26],[113,-111],[263,-1043],[-3,-793],[116,-551],[-60,-471],[-297,-704],[56,-458],[-48,-744],[89,-438],[531,-484],[48,-536],[332,-866],[505,-508],[95,-476],[-229,-188],[51,-82],[169,-139],[471,-145],[374,-641],[210,-573],[675,-131],[456,-631],[431,-166],[172,-367],[-228,-438],[153,-457],[15,-420],[-65,-461],[-137,-187],[282,-864],[-69,-266],[82,-311],[-18,-791],[-102,-340],[51,-286],[173,-67],[622,118],[1304,1293],[87,-154],[266,-115],[217,-261],[192,-55],[72,-344],[-235,-10],[-272,-354],[-121,96],[-96,-83],[-8,-322],[273,-280],[-6,-792],[268,-209],[-187,-52],[-242,-278],[153,-80],[-6,-192],[90,-112],[380,-232],[243,-57],[47,-90],[203,89],[392,-38],[73,-83],[164,76],[267,-26],[193,-102],[218,-245],[106,-256],[276,-238],[80,-210],[-67,-168],[-104,28],[-51,-175],[0,-260],[109,-169],[-186,-167],[-89,-388],[-195,-83],[-43,-135],[210,-557],[2348,-88],[2002,577],[870,374],[571,455],[169,240],[103,711],[-141,342],[293,508],[115,523],[134,96]],[[1351936,1443356],[-2282,695],[-858,-196],[-1336,138],[-421,-35],[-1723,846],[-1107,967],[-720,1519],[-580,881],[-650,649],[-387,777],[-991,587],[-351,17],[-1143,1209],[-369,569],[-123,622],[-351,950],[-1160,1370],[-861,1261],[-35,1191],[-88,501],[-211,569],[-633,708],[-210,363],[17,587],[-88,621],[-211,259],[-622,1937],[246,1813],[229,587],[88,466],[-71,1174],[-492,1761],[-105,915],[228,812],[650,776],[141,346],[-18,525],[-1563,1640],[-405,794],[-88,708],[-158,362],[-878,881],[-615,794],[-545,2106],[-229,673],[-87,6],[-123,259],[-71,310],[106,553],[439,742],[756,1658],[-18,811],[-299,138],[-369,17],[-896,-155],[-1613,-483],[-932,-397],[-790,-87],[-686,-207],[-1412,-702],[-907,-144],[-773,-276],[-563,-104],[-1898,-725],[-1142,-34],[-1125,259],[-1634,17],[-2179,656],[-966,173],[-264,155],[-1406,52],[-211,86],[-791,35],[-617,158],[-227,103],[-218,286],[-336,211],[-122,393],[-525,355],[-376,-115],[-300,8],[-715,-483],[-313,117],[-312,-71],[-312,76],[-398,-57],[-238,124],[-389,374],[-472,-48],[-638,292],[-218,-90],[-720,-43],[-175,82],[-294,-146],[-232,100],[-764,53],[-292,226],[-502,131],[-150,198],[-555,398],[-288,506],[-386,123],[-665,-275],[-764,29],[-506,-64],[-269,94],[-621,-35],[-487,96],[-185,121],[-756,97],[-579,-130],[-436,63],[-466,-121],[-319,-263],[-401,-92],[-52,-140],[-771,-507],[-643,-220],[-707,2],[-391,-103],[-586,-452],[-155,-315],[-202,-60],[-1120,-767],[-679,-276],[-1982,-79],[-376,235],[-901,327],[-722,38],[-380,193],[-431,373],[-794,470],[-47,676],[134,553],[-1048,548],[-318,604],[-143,79],[-974,-280],[-654,-11],[-467,112],[-188,-152],[-291,-503],[-620,-520],[-1353,-222],[-740,340],[-924,74],[-164,-109],[-132,-240],[-118,-31],[-644,176],[-367,-42],[-271,-310],[-638,-424],[-382,133],[-818,-184],[-622,-1],[-688,182],[-128,224],[-151,70],[-28,125],[-652,484],[-534,-29],[-756,390],[-348,82],[-167,626],[176,383],[-262,303],[-141,646],[-352,974],[-295,338],[-384,225],[-567,118],[-755,507],[-1063,287],[-386,556],[-604,173],[-111,649],[-531,434],[-773,256],[-1008,-28],[-849,627],[-151,428],[52,351],[-323,372],[-162,712],[-361,281],[-160,303],[-215,65],[-781,-217],[-210,153],[-148,674],[-16,635]],[[1259984,1502745],[514,586],[633,469],[301,375],[578,1060],[108,539],[294,311],[114,307],[-58,370],[-274,477],[106,128],[290,120],[92,269],[-386,1013],[133,756],[-31,305],[-345,443],[-399,989],[-438,324],[-79,992],[-290,552],[-86,792],[-44,98],[-335,149],[-186,321],[-38,1114],[-105,346],[-749,504],[10,453],[193,484],[-472,691],[138,653],[-441,555],[162,386],[-537,480],[-49,410],[-465,697],[-231,772],[-62,575],[369,965],[275,285],[596,209]],[[1258790,1524069],[543,49],[395,410],[114,-87],[80,-297],[196,-195],[219,-111],[242,26],[472,410],[584,354],[86,425],[236,440],[210,206],[-265,360],[22,779],[133,913],[554,652],[-70,468],[41,292],[362,530],[520,1036],[239,248],[267,57],[284,-276],[153,-50],[726,259],[268,203],[660,985],[196,1117],[135,248],[333,226]],[[1266725,1533746],[1402,-635],[324,-280],[250,-8],[281,-162],[1136,-188],[1047,367],[873,524],[449,159]],[[1217677,1516068],[123,-584],[-112,-467],[-6,-455],[-371,-751],[-365,-122],[-755,-2],[-707,-535],[-120,-200],[-1517,-785],[-249,-355],[-764,-401],[-285,-87],[-545,-11],[-530,197],[-513,-16],[-317,280],[-199,325],[-136,4],[-299,-58],[-283,-215],[-602,-4],[-338,-176],[-746,-60],[-816,-229],[-773,136],[-1474,-42],[-1414,-680],[-627,-373],[-216,-305],[-167,-17],[-567,-750],[-80,-645],[-504,-519],[-824,-557],[-288,-293],[-302,-45],[-770,75]],[[1162973,1517383],[337,419],[702,1374],[1402,1278],[574,743],[892,1405],[353,1125],[280,524],[645,770],[135,383],[999,568],[717,701],[34,177],[226,258],[234,466],[348,152],[553,356],[152,210],[248,102],[125,188],[19,206],[726,176],[239,336],[314,-56]],[[1173227,1529244],[232,-156],[308,26],[629,-107],[819,-542],[365,-78],[281,-526],[203,-109],[270,-2],[580,-830],[286,-220],[4,-326],[250,-622],[703,-201],[500,-362],[433,-476],[351,9],[133,-242],[338,-272],[157,-248],[754,-539],[198,-53],[128,-220],[261,-177],[169,-232],[218,-61],[241,-189],[-69,-601],[157,-267],[36,-526],[608,-405],[113,-304],[-28,-263],[269,-263],[85,-565],[180,-124],[277,-1014],[1635,-627],[189,-233],[1484,-1029],[532,-506],[943,-593],[634,-596],[1050,-738],[408,-398],[320,116],[86,201],[88,-55],[208,435],[202,177],[-59,371],[-221,99],[180,83],[-87,135],[172,61],[-151,114],[295,212],[-53,94],[212,156],[204,22],[619,-147],[135,-132],[465,108],[275,396],[164,-78],[181,62],[22,272],[94,126],[-63,171],[208,126],[59,186],[176,-12],[78,208],[127,30],[-70,357],[99,176],[-194,24],[-110,121],[214,51],[-154,177],[79,137],[-179,73],[266,143],[-119,159],[34,140],[-135,152],[169,185],[-173,92],[-29,115],[206,75],[-104,160],[240,56],[-44,237],[176,16],[-29,296],[141,157],[-68,69],[-189,-67],[-7,120],[370,87],[285,271],[200,-73],[-80,153],[39,371],[196,46],[61,235],[223,-5],[253,353],[59,-1],[43,-264],[166,124],[87,-128],[222,-59],[-15,84],[-172,84],[8,102],[181,114],[44,201],[159,44],[99,175],[282,58],[227,-54],[359,-320],[115,-435],[232,-70],[31,367],[148,198],[11,350],[75,13],[177,-235],[150,253],[193,-91],[145,276],[271,99],[43,151],[130,18],[67,157],[450,-312],[301,-19],[114,-204],[261,-68],[105,-423],[155,-240],[220,-57],[355,98],[91,-167],[174,-83],[82,-328],[182,172],[235,-87],[82,93],[-38,332],[250,62],[281,325],[111,13],[74,-52],[-196,-1173],[197,-628],[33,-388],[123,-252],[427,-269],[528,203],[245,-24],[772,-416],[570,-155],[1612,49],[1213,624],[500,152],[541,328],[1078,-72],[1325,490],[213,166],[430,18],[350,158],[617,85],[992,-105],[640,-489],[250,-420],[260,-232],[133,-314],[250,-183],[-427,-408],[171,-670],[243,-230],[325,120],[170,-65],[188,-304],[-11,-328],[444,-667],[405,-432]],[[1257319,1563109],[356,-288],[502,-232],[631,-699],[25,-446],[235,-610],[-98,-238],[190,-683],[-30,-211],[-256,-346],[111,-431],[-107,-97],[-49,-319],[112,-337],[-58,-504],[115,-214],[289,-55],[62,-197],[-66,-262],[79,-515],[-134,-392],[-60,-668],[-131,-117],[-263,54],[-246,-155],[-1021,-1509],[-9,-549],[-104,-271],[257,-473],[-18,-647]],[[1257633,1551698],[-567,-609],[-1439,-572],[-1482,-841],[-631,-158],[-855,160],[-188,-109],[-320,-437],[-371,-106],[-703,444],[-694,89],[-258,126],[-210,318],[-687,253],[-164,295],[-290,62],[-260,321],[-386,153],[-455,540],[-1118,-379],[-91,-479],[-162,-168],[-277,-30],[-303,75],[-196,273],[-269,13],[-510,-226],[-220,-284],[-171,-73],[-423,131],[-667,-71],[-380,240],[-174,158],[117,259],[-31,219],[-149,276],[-151,52],[-771,-386],[-336,-286],[-401,-814],[-348,-433],[174,-408],[0,-198],[-253,-345],[-588,-523],[-135,-17],[-267,125],[-379,-196],[-694,20],[-172,-88],[-305,-400],[-344,-97],[-156,-127],[-28,-143],[175,-396],[-49,-388],[-207,-201],[-872,-200],[-689,217],[-1129,40],[-694,-358],[-375,-97],[-216,33],[-341,-255],[-749,-192],[-381,-309],[-525,-267],[-820,-226]],[[1230623,1544698],[-339,794],[-230,348],[-318,231],[-494,797],[-360,972],[-293,412],[-782,861],[-244,396],[-270,194],[-151,296],[-386,141],[-190,255],[-614,211],[-130,116],[-28,1471],[60,430],[-280,956],[-26,755],[-133,317],[-456,584],[-141,533],[-409,322],[-133,372],[145,538],[451,504],[472,342],[720,173],[-112,605],[184,701],[231,447],[555,621],[284,623],[103,349],[-3,500],[-119,299],[-228,170],[-56,219],[290,818],[356,445],[138,442],[-363,610],[160,399],[-100,517],[63,236],[-132,226],[189,276],[-9,228],[104,225],[160,83],[115,278],[94,12]],[[1227968,1567348],[406,179],[336,551],[-23,689],[-174,345],[89,374],[508,370],[101,231],[258,178],[105,217],[220,93],[69,417],[189,300],[5,227],[-137,286],[57,301],[-121,143],[146,227],[-426,223]],[[1229576,1572699],[435,746],[-25,201],[-173,221],[-39,279],[173,380],[58,446],[398,487],[-62,286],[202,1079],[415,657],[16,369],[83,143]],[[1236010,1489684],[-173,18],[-324,-381],[-362,-100],[-154,-199],[-473,-174],[-271,25],[-290,207],[-385,-113],[-220,-272],[-180,-685],[-267,-334],[-143,-40],[-539,156],[-484,-308],[-722,170],[-283,-40],[-98,-143]],[[1230642,1487471],[-373,-343],[-456,2],[-378,-126],[-431,15],[-849,513],[-373,128],[-836,123],[-509,-115],[-489,544],[-735,86],[-262,223],[-199,853],[-191,119],[-247,460],[-599,92],[-537,320],[-390,24],[-279,145],[202,300],[77,461],[694,641],[50,371],[-291,654],[-612,742],[-281,636],[-31,277],[-515,763],[-430,45],[-196,98],[-483,649],[-421,390],[-197,567],[-852,957],[-496,440],[-338,485],[210,848],[-214,499],[54,746],[417,544],[83,417],[252,514],[287,263],[566,329],[141,258],[223,108],[179,364],[939,487],[224,223],[1259,406],[389,332],[165,52],[267,456],[647,461],[265,373],[193,757],[-55,607],[-287,508],[80,875],[-22,977]],[[1224651,1510414],[113,-33],[496,-637],[1233,-1217],[131,-573],[167,-327],[203,-87],[433,80],[363,-118],[295,-210],[142,-577],[-93,-426],[-157,-260],[90,-312],[275,-460],[205,-153],[309,-83]],[[1224651,1510414],[-193,17],[-102,149],[-213,1677],[-326,1011],[-719,1088],[-51,212],[51,999]],[[1223098,1515567],[1428,-1205],[454,-287],[291,-84],[640,43],[970,320],[273,10],[497,-136],[405,48],[85,49],[132,350],[207,195],[1080,-475],[1413,1761],[271,501],[1436,617],[657,156],[400,342],[488,260],[1007,69],[687,-281],[404,-281],[644,709],[630,406],[220,36],[517,-240],[697,84],[1403,-477],[251,185],[311,84],[213,290],[534,338],[415,40],[1109,825],[573,156],[386,270],[482,-125],[-6,-106],[596,-100],[189,-279],[143,-39],[144,88],[185,407],[814,1033],[232,93],[189,-44],[224,-298],[242,253],[678,-70],[160,52],[555,744],[-122,368],[102,259],[657,432],[549,84],[426,807],[764,577],[739,399]],[[1252168,1524780],[264,-43],[268,124],[1091,79],[774,258],[824,62],[556,-152],[259,-240],[665,-86],[54,-290],[420,62],[401,-320],[526,120],[116,-135],[404,-150]],[[1252168,1524780],[-306,249],[-398,552],[-526,310],[-477,-18],[-429,-402],[-288,12],[-364,598],[78,444],[-69,184],[-298,347],[-223,114],[-928,1070],[-206,758],[-345,103],[-276,327],[-23,190],[-181,264],[-148,913],[516,715],[22,444],[261,325],[279,636],[-174,377],[110,231],[158,127],[56,311],[-139,780],[0,483],[-120,406],[-175,304],[-468,471],[-847,345],[-671,-437],[-401,263],[-158,5],[-944,-239],[-278,-229],[-184,-379],[-271,-187],[-213,-11],[-304,149],[-362,45],[-422,-121],[-634,70],[-557,-164],[-577,284],[-480,38],[-599,260],[-440,53],[-381,191],[-750,120],[-542,-129],[-578,323],[-605,-19],[-336,501],[-555,213],[-128,246],[-380,323],[-367,153],[-300,413],[-102,35]],[[1233721,1538520],[89,478],[-395,353],[-78,215],[213,140],[61,198],[0,472],[-95,404],[-221,275],[-889,421],[-445,931],[-1176,473],[-62,436],[-125,247],[103,666],[-78,469]],[[1257633,1551698],[151,-904],[189,-436],[814,-505],[153,-335],[-63,-1370],[-116,-176],[-39,-265],[128,-1094],[-188,-736],[-153,-260],[-16,-1270],[262,-283],[450,-285],[594,-57],[229,-290],[541,-361],[404,-58],[619,231],[260,-145],[435,-489],[290,-64],[375,50],[822,-511],[415,-101],[84,-487],[308,-114],[135,-542],[357,-396],[93,-870],[437,-243],[-175,-615],[128,-433],[-169,-496],[249,-701],[0,-807],[382,-868],[116,-584],[426,-512],[165,-570]],[[1239939,1487533],[-229,-265],[-485,-336],[-115,-370],[-122,-111]],[[1234320,1471422],[-466,-356],[-79,-456],[-594,-437],[-304,-483],[-353,-255],[-793,-318],[-235,-450],[29,-272],[-74,-164],[-194,-117],[-368,-23],[-539,-328],[-142,-736],[-304,-57],[-16,-208],[186,-359],[-30,-133],[-141,-170],[-269,-136],[-82,-228],[125,-571],[459,-202],[107,-142],[-152,-1015],[-218,-234],[-670,-246],[-196,-282],[-41,-440],[-526,-400],[-263,-328],[-222,-485],[132,-804],[-215,-318],[-550,-153],[-151,184],[-162,472],[-402,493],[-155,42],[-242,-108],[-200,-221],[-199,39],[-204,450],[-372,118],[-41,368],[-505,144],[-141,-137],[11,-421],[-115,-211],[-191,3],[-474,-181],[-599,303],[-271,-59],[-95,-88],[-187,-645],[-94,-103],[-752,130],[-522,-71],[-346,-280],[-416,-131],[-263,-476],[-528,-208],[-74,-260],[-442,-491],[-176,-333],[-234,-114],[34,-235],[-183,-402],[-667,-501],[-74,-278],[284,-545],[453,-380],[92,-200],[507,-23],[442,116],[646,-205],[400,-262],[79,-236],[-57,-194],[-516,-575],[-302,-721],[-949,-630],[-133,-661],[-106,-192],[-421,-375],[-435,-633],[-563,-579],[-176,-476],[-84,-708],[-492,-465],[-760,-90],[-252,-155],[-1239,-1628],[-258,-675],[-411,-137],[-250,-217],[-180,-387],[90,-455],[-117,-646],[-311,-339],[-356,-710],[-664,-182],[-519,-464],[-261,-381],[-694,-390],[-195,-588],[-546,-576],[-138,-371],[-196,-266],[-202,-800],[120,-516],[606,-112],[360,-169],[607,-693],[1345,-75],[626,337],[606,57],[76,599],[890,788],[361,56],[663,-112],[436,187],[947,-450],[376,-513],[701,-297],[406,-83],[420,193],[742,124],[434,-28],[448,-55],[363,-261],[406,-165],[1564,-288],[1181,-116],[3121,406],[2480,596],[2159,688],[2024,829],[1907,928],[1518,936],[2176,1194],[7398,3381],[2041,464],[1569,190],[3425,-49],[2910,-398],[514,-116],[1527,-630],[1042,-630],[932,-621],[2168,-1823],[2526,-3071],[1615,-2299],[1855,-2147],[1426,-1881],[-17,-215],[-320,-622],[17,-265],[489,-1351],[93,-886],[98,-247],[126,-248],[798,-797],[839,-165],[266,-179],[196,-701],[0,-2674],[-658,-908],[-70,-522],[-14,-674],[518,-1842],[360,-343],[300,-120],[740,201],[1133,-27],[658,-138],[350,-261],[736,-324],[462,151],[518,-55],[853,-385],[504,-467],[882,-1073],[168,-371],[-28,-756],[-238,-743],[168,-316],[532,-247],[1203,-193],[1204,-454],[252,-265],[167,-330],[1386,-1251],[1455,-784],[546,-412],[141,-258],[-96,-359],[-826,-1243],[-619,-592],[-472,-607],[58850,1051]],[[1200258,1478899],[45,463],[206,133],[583,-149],[321,200],[298,29],[364,-93],[186,-132],[210,26],[285,-84],[325,198],[396,-225],[407,35],[323,-180],[261,291],[373,201],[241,-139],[196,128],[139,-289],[210,-81],[483,97],[61,-178],[108,69],[146,-65],[269,102],[168,-21],[258,219],[153,-320],[372,118],[122,-213],[371,-19],[-13,-427],[254,-422],[-76,-252],[278,-197],[152,13],[287,-167],[396,-423],[166,-486],[119,-123],[138,17],[157,195],[500,-532],[212,39],[93,-143],[120,-31],[149,278],[101,11],[85,-84],[-38,-144],[167,34],[463,-324],[425,-12],[222,-177],[414,167],[229,-129],[210,42],[218,-123],[270,93],[289,-81],[257,119],[370,-119],[210,130],[631,-209],[785,172],[943,82],[704,-293],[640,-396],[441,-111],[12,-78],[-236,-200],[60,-259],[267,-191],[374,-631],[13,-341],[458,-797],[379,-173],[789,29],[452,-346],[151,117],[173,-43],[508,288],[123,319],[10,348],[286,444],[17,676],[292,741],[-62,165],[-173,144],[-57,579],[514,295],[158,457],[294,16],[102,158],[435,312],[27,193],[-419,61],[-78,100],[19,127],[563,331],[156,-26],[115,82],[64,201],[-150,299],[285,137],[68,174],[-205,648],[-546,680],[26,592],[-390,339],[253,303],[77,380],[182,-23],[232,174],[-75,146],[61,464],[-148,73],[-446,-2],[85,290],[-170,243],[14,564],[858,487],[537,2],[307,253],[14,306],[230,111],[33,206],[176,198],[197,-131],[548,179],[187,-52],[160,-340],[440,-357],[531,67],[328,-226],[305,94],[273,-133],[227,149],[260,47],[526,472],[70,535],[120,129],[831,51],[379,296],[-100,623],[-840,919]],[[1419159,1663015],[-536,1138],[-818,407],[-336,305],[86,1203],[-342,652],[-187,99],[-579,711],[-566,-46],[-942,946],[-963,602],[-154,285],[-920,1065],[-212,29],[-186,-169],[-168,-33],[-1234,2],[-224,19],[-506,217],[-586,-8],[-200,139],[-494,600],[-785,554],[-412,35],[-600,-226],[-492,338],[-100,417],[-326,481],[10,195],[-429,229],[-87,536],[-178,445],[-459,668],[-117,768],[-88,132],[-454,-156],[-509,66],[-132,-365],[-330,-455],[-745,-377],[-408,6],[-281,-133],[-573,24],[-420,-90],[-111,50],[-265,473],[-39,259],[-220,287],[164,906],[-309,24],[-101,213],[-743,578],[-74,1058],[-196,409],[-224,26],[-355,-98],[-369,64],[-281,209],[-184,392],[-289,100],[-267,205],[181,787],[-95,290],[109,292],[-61,608],[-773,1126],[-361,343],[-437,228],[-220,608],[-164,135]],[[1403406,1708369],[215,-49],[118,-129],[225,-7],[532,568],[538,280],[306,-62],[399,-278],[154,-183],[-28,-174],[61,23],[125,-256],[214,-112],[179,288],[123,-165],[9,-403],[93,140],[14,487],[137,33],[-111,-696],[331,-200],[-42,-869],[344,-110],[144,-377],[-31,-214],[438,-266],[390,-48],[74,-363],[371,-95],[72,-457],[243,-351],[128,-485],[323,-117],[39,-371],[253,-130],[371,-400],[44,-323],[-252,-273],[153,-518],[-35,-578],[141,-261],[80,-696],[584,23],[413,-143],[513,239],[445,-34],[191,64],[251,307],[155,421],[394,265],[622,252],[987,91],[403,-38],[248,-154],[541,239],[562,66],[1041,1038],[166,75],[345,0],[192,135],[579,162],[560,385],[647,256],[658,588],[441,12],[343,182],[471,531],[1539,935],[796,723],[971,1437],[464,401],[872,324],[768,-233],[429,24],[404,230],[160,133],[73,255],[-121,372]],[[1287948,1606595],[361,-7],[165,-123],[120,-881],[335,-375],[179,-694],[590,-1404],[430,-383],[61,-200],[-65,-156],[-388,-350],[-222,-327],[-39,-190],[267,-737],[-30,-1113],[-165,-812],[27,-397],[113,-322],[372,-261],[57,-641],[223,-593],[9,-478],[-195,-732],[-107,-1840],[-260,-647],[175,-216],[58,-280],[-146,-683],[-56,-1290],[350,-2277],[96,-389],[314,-596],[948,-1086],[-55,-1548],[307,-496],[723,-616],[525,-697],[69,-396],[-101,-485]],[[1288011,1584728],[-985,1212],[-303,120],[-479,536],[125,675],[-168,237],[-68,363],[-23,1546],[-598,302],[-150,515],[-203,252],[-430,211],[-225,407],[-945,574],[-542,797],[-189,607],[-247,335],[-1340,837],[-264,250],[-136,360],[-75,586],[-310,550],[-177,107],[-517,84],[-296,172],[99,285],[294,250],[29,300],[142,267],[-295,707],[-242,185],[-740,137],[-243,411],[-1048,698],[-718,591],[-135,336],[260,541],[-438,273],[-284,290],[-124,419],[-159,90],[-682,81],[-1427,646],[-887,154],[-1641,820],[-2434,596],[-520,266],[-131,142],[-199,262],[-174,443],[-951,559],[-729,-51],[-875,722],[-39,338],[-269,518],[-105,533],[98,338],[-39,189],[-233,283],[141,305],[-66,366],[68,300],[-165,297],[35,262],[148,209],[-120,161],[-28,465],[-453,533],[-68,507],[48,493],[323,186],[134,263],[37,319],[-321,464],[-78,316],[-525,549],[-329,1509],[-66,713],[-439,602],[-237,827],[-42,1165],[-171,246],[-284,114],[-62,770],[-193,241],[42,382],[-322,241],[-131,531],[-480,362],[-18,468]],[[1240988,1647791],[-756,-601],[-615,161],[-327,-108],[-534,-566],[-636,155],[-136,-40],[-42,-298],[-658,-587],[-18,-365],[-600,-852],[-43,-265],[110,-428],[-202,-566]],[[1236531,1643431],[-204,172],[-592,-43],[-406,219],[-336,-42],[-514,353],[-1197,-1031],[-574,-292],[-2212,-326],[-343,15],[-429,145],[-1149,-208],[-623,119],[-173,833],[-635,624],[-193,596],[-82,595],[-222,322],[-162,515],[-443,383],[-334,523],[-489,144],[-380,341],[-518,205],[-248,262],[-280,555],[-516,204],[-303,254],[-128,247],[44,62],[-474,452],[-451,631],[-750,785],[-816,2050],[-690,949],[359,1248],[-28,650],[-911,841],[-855,2033],[27,933],[194,569],[165,1790],[-197,1494],[-782,229],[-570,423],[-805,302],[-981,824],[-917,449],[-1409,1373],[-488,249],[-659,177],[-400,474],[-1693,1359],[-265,697],[-416,292],[-449,571],[-498,353],[-580,245],[-802,15],[-2508,569],[-1034,108],[-297,-28],[-1256,-451],[-1501,-1038],[-870,-284],[-929,-25],[-2070,846],[-1020,-31],[-1096,75],[-675,-78],[-179,-111],[-104,-235],[39,-724],[176,-287],[389,-382],[639,-408],[80,-317],[-72,-239],[-1042,-275],[-481,-482],[-481,-329],[-817,-119],[-619,-201],[-581,-19],[-367,-393],[425,-468],[14,-543],[-212,-281],[-362,-179],[-271,-59],[-302,59],[-633,477],[-362,89],[-961,-214],[-669,-285],[-543,55],[-155,-91],[-75,-524],[-375,-364],[-244,-595],[-341,8],[-267,275],[-306,-133],[-123,95],[-31,241],[-150,187],[-903,706],[-726,252],[-891,71],[-355,231],[-26,244],[216,429],[462,206],[50,252],[-120,216],[-327,140],[-140,291],[-227,164],[-267,14],[-501,-193],[-169,119],[-96,390],[288,515],[51,367],[-86,126],[-406,2],[-241,142],[26,321],[301,98],[44,244],[-109,181],[-285,107],[-105,228],[290,387],[45,490],[-211,369],[-87,372],[-612,733],[-118,422],[-218,31],[-335,-97],[-100,-107],[47,-641],[-93,-340],[-130,-167],[-65,-413],[-403,-742],[-395,-339],[-554,59],[-602,601],[-274,592],[-531,130],[-253,224],[-76,281],[459,501],[-90,223],[-300,105],[-22,349],[107,222],[386,125],[369,-394],[436,-243],[543,255],[28,409],[116,297],[-374,586],[-118,904],[-130,204],[-267,-5],[-641,-456],[-464,-64],[-287,74],[-449,261],[-547,590],[-134,28],[-217,-311],[-531,-309],[-186,-402],[-90,-564],[54,-460],[166,-207],[124,-26],[464,195],[188,-86],[83,-418],[-127,-338],[-390,-290],[-875,338],[-539,-38],[-290,-197],[-636,-43],[-79,-84],[-29,-876],[-126,-93],[-482,-45],[-337,256],[-364,84],[-244,-1],[-272,-177],[-248,-22],[-642,281],[-149,183],[7,282],[511,492],[87,304],[-299,383],[-550,250],[-121,-5],[-123,-269],[-355,-390],[-9,-154],[179,-456],[-163,-59],[-120,63],[-176,488],[-486,285],[15,161],[238,402],[4,479],[-1084,766],[5,199],[441,538],[11,185],[-564,302],[-320,283],[-111,700],[-359,-80],[-400,-423],[-768,-62],[-301,107],[-31,336],[351,660],[106,400],[-753,567],[-601,-441],[-581,242],[-95,376],[165,1138],[-652,304],[-274,256],[-139,348],[-244,85],[-79,116],[49,172],[373,138],[963,71],[33,154],[-125,504],[92,202],[124,53],[217,-50],[119,-129],[292,-857],[399,-691],[297,43],[404,440],[302,-184],[318,-26],[239,90],[93,170],[-98,227],[-457,89],[-30,641],[-191,331],[-849,-65],[-79,185],[51,391],[-332,280],[-515,178],[-452,-135],[-399,52],[-130,102],[-223,432],[7,162],[107,100],[921,-64],[436,114],[219,204],[106,373],[617,331],[0,221],[-143,159],[-339,102],[-423,388],[-471,207],[-104,132],[107,925],[489,233],[40,99],[-74,227],[-217,228],[-326,59],[-854,-514],[-602,36],[-329,276],[-822,1088],[-514,48],[-314,150],[-297,-254],[-144,6],[-164,847],[-98,178],[-153,71],[-336,-451],[-634,0],[-195,-86],[-313,-328],[-840,255],[-972,-452],[-372,345],[-374,35],[-232,-145],[-317,-383],[-365,-827],[-134,-61],[-291,169],[-355,425],[-289,197],[-680,-45],[-84,128],[-19,426],[-616,545]],[[1143345,1696899],[525,334],[316,302],[134,319],[24,739],[628,494],[226,59],[674,-51],[604,-592],[661,-140],[304,1145],[188,288],[509,320],[721,83],[457,438],[204,276],[8,280],[-831,784],[-153,283],[39,218],[286,257],[710,98],[573,176],[118,891],[803,188],[480,1009],[938,464],[-33,312],[-258,351],[-29,466],[115,242],[567,435],[67,264],[-63,340],[-346,231],[-6,147],[350,118],[986,-157],[239,44],[56,315],[-195,899],[18,257],[311,492],[734,776],[290,38],[202,-170],[-40,-352],[-301,-540],[23,-216],[151,-190],[310,-110],[363,41],[364,162],[480,447],[383,-440],[323,-231],[577,-185],[218,105],[158,218],[-104,704],[218,736],[102,91],[244,23],[323,-164],[536,-824],[361,-100],[785,-14],[578,-218],[158,-317],[-21,-810],[65,-209],[427,-274],[883,-309],[894,-105],[257,-280],[123,-577],[342,-279],[1185,-429],[578,796],[193,119],[223,9],[146,-109],[118,-594],[142,-197],[330,-17],[749,247],[434,-232],[341,-84],[12,-411],[-386,-394],[-236,-497],[-23,-675],[596,-76],[520,-186],[72,-851],[-165,-453],[508,-628],[-91,-427],[174,-101],[674,-101],[93,-57],[0,-165],[-108,-296],[-224,-141],[-488,116],[-352,-52],[-386,140],[-180,-68],[-26,-88],[88,-119],[481,-281],[74,-268],[-184,-300],[-598,-284],[-379,71],[-134,770],[-114,103],[-185,-22],[-479,-704],[-23,-270],[105,-252],[515,-318],[93,-160],[-75,-387],[-505,-254],[-59,-108],[437,-1264],[325,-9],[436,106],[237,-51],[347,85],[992,-974],[-133,-447],[-622,-948],[-287,-238],[-21,-271],[118,-183],[648,-273],[579,159],[219,-178],[222,2],[624,596],[59,480],[95,177],[413,292],[418,16],[796,-432],[227,48],[453,308],[225,57],[783,-201],[265,-186],[230,-647],[339,-366],[251,-499],[908,-61],[461,216],[639,-247],[554,-790],[200,-1124],[624,-777],[-134,-376],[-857,-583],[-342,-538],[-38,-559],[354,-542],[365,-112],[488,218],[291,-50],[148,-172],[61,-483],[245,-469],[1425,-1191],[497,-36],[1014,395],[576,-179],[485,-506],[56,-269],[451,-676],[198,-464],[297,-318],[519,-341],[370,0],[667,635],[396,122],[395,25],[890,-195],[494,-562],[223,-635],[370,-220],[841,-806],[321,-513],[695,-498],[1992,-1023],[237,-235],[851,-1348],[296,-645],[495,-508],[751,-195],[1740,-117],[1166,-488],[1028,-117],[573,234],[751,470],[376,410],[237,567],[98,802],[218,723],[454,449],[692,20],[672,-136],[188,-178],[158,154],[244,546],[216,286],[417,94],[397,224],[653,614],[909,547],[475,567],[1364,704],[395,293],[435,528],[319,217],[610,194],[747,388],[263,356],[521,116],[534,-158],[1195,-52],[320,52],[606,473],[1248,18],[428,122],[744,542],[816,219],[461,14],[519,-117],[683,132],[621,14],[816,-160],[356,-161],[505,-291],[1054,-2614],[535,-263],[534,59],[178,189],[193,44],[312,-29],[520,-335],[59,-263],[-104,-292],[-312,-335],[-430,-759],[13,-114],[450,-454],[409,-270],[357,-112],[2441,-96],[127,-78],[71,-191],[-35,-269],[-146,-252],[-994,-1008],[-163,-565],[27,-703],[352,-554],[159,-1304],[-666,-988],[-787,-759],[-119,-204],[-267,-1108],[-490,-1275],[-1024,-1167],[-119,-365],[-5,-601],[-281,-713],[-69,-1055],[65,-315],[622,-753],[1061,-1010],[450,-86],[715,-289],[893,-737],[988,-1157],[646,-1158],[420,-1005],[939,-1305],[1121,-786],[1413,-823],[795,-620],[1057,-1272],[289,-1983],[130,-266],[863,-639],[327,70],[190,162],[569,210],[581,-65],[253,-222],[521,-828],[602,-1224],[386,-333],[508,-795],[179,-1427],[293,-447]],[[1049554,1839938],[16,-246],[-110,-67],[-236,109],[-182,-195],[125,-142],[-42,-205],[-269,-42],[232,-142],[-162,-123],[-8,-160],[109,-269],[-56,-158],[121,-270],[160,-99],[221,29],[171,-67],[-197,-165],[192,-116],[-127,-131],[-9,-144],[-121,-35],[-202,108],[2,-155],[213,-206],[-5,-193],[179,86],[10,-219],[86,-16],[120,122],[205,-97],[-84,-110],[432,-24],[14,-111],[-195,-55],[176,-271],[97,3],[98,205],[114,-239],[285,106],[37,-153],[-128,-87],[52,-107],[234,26],[154,214],[264,-153],[27,177],[203,-43],[60,132],[207,-127],[72,178],[258,-56],[111,139],[72,-203],[191,45],[362,-152],[11,-111],[-167,-120],[355,-62],[-156,-172],[65,-157],[-63,-185],[-90,-14],[-70,185],[-114,-47],[35,-229],[-403,-550],[119,-200],[-89,-73],[-280,-19],[-328,139],[-372,-129],[160,-88],[-139,-122],[-251,-47],[-83,165],[-156,38],[-188,-156],[-297,-15],[-133,-204],[-67,8],[-19,127],[-100,-47],[-193,-311],[251,-135],[-183,-52],[39,-157],[-161,-152],[12,-169],[-277,-24],[-114,-259],[-215,-57],[-64,-184],[-213,-34],[4,-196],[-232,-222],[118,-170],[-162,-207],[-8,-234],[-216,-64],[-142,-316],[-518,-112],[17,-116],[215,-59],[17,-71],[-251,-160],[-84,-158],[-137,-16],[-125,-190],[190,-181],[-54,-221],[158,-112],[-137,-87],[29,-255],[-171,-82],[146,-316],[-107,-71],[65,-127],[-86,-62],[190,-163],[-33,-368],[169,-183],[56,171],[204,3],[103,-210],[-87,-203],[42,-422],[225,-201],[4,-134],[103,4],[-56,-194],[269,-101],[53,-254],[575,-561],[-132,-96],[7,-101],[270,-907],[519,-1043],[-110,-245],[256,-26],[134,-133],[-136,-458],[-159,-170],[32,-312],[-288,-210],[-68,-309],[-284,-51],[-129,-106],[-52,-722],[-122,-217],[-185,-26],[-314,202],[-1,-328],[-229,-10],[113,-463],[-116,-769],[-230,-354],[-636,-597],[-957,-288],[-934,-420],[-650,-154],[-1791,131],[-956,281],[-306,200]],[[1042057,1818123],[-353,1020],[-543,620],[-124,482],[-359,502],[-85,706],[2,980],[-296,515],[31,390],[-127,208],[-47,370],[-179,192],[83,395],[-126,307],[360,497],[490,149],[124,260],[101,679],[234,385],[129,542],[-58,592],[142,227],[-157,611],[2,465],[-171,562],[-380,375],[98,302],[302,315],[-185,499],[107,1224],[237,9],[61,207],[216,-33],[-30,340],[195,24],[-11,137],[163,141],[-38,139],[177,26],[139,215],[189,2],[-88,524],[113,-55],[86,71],[40,-121],[123,17],[-72,321],[238,46],[-5,326],[137,71],[-46,151],[-163,54],[-202,208],[-27,181],[-189,18],[-164,229],[14,131],[-98,40],[275,345],[26,160],[-235,-14],[-30,114],[130,89],[-76,135],[195,-99],[-63,210],[325,6],[-209,154],[91,129],[-130,55],[-2,80],[142,64],[-59,115],[140,97],[43,213],[130,-11],[-177,153],[156,266],[-239,149],[96,109],[-274,175],[58,146],[-114,69],[135,32],[16,73],[-192,270],[279,186],[-169,278],[164,149],[91,410],[154,26],[-104,267],[44,179],[-125,47],[0,78],[236,31],[-215,167],[26,269],[85,73],[-41,272],[-98,58],[114,125],[-57,59],[-142,-105],[-42,68],[54,227],[-154,176],[98,90],[-193,149],[-167,-45],[-132,182],[-226,-2],[115,163],[-130,19],[23,230],[-70,149],[133,62],[-137,165],[-123,-128],[-53,335],[76,149],[-294,237],[277,134],[-382,167],[-23,152],[-164,38],[-44,193],[-96,-149],[-153,-19],[-30,145],[82,204],[-193,138],[-72,-69],[-49,43],[139,205],[45,292],[-304,406],[-2,508],[59,217],[300,330],[-40,66],[-300,-137],[93,193],[137,55],[-31,478],[-140,84],[205,330],[-77,118],[-215,89],[23,156],[-134,175],[220,101],[-64,203],[304,183],[32,102],[-218,125],[-25,137],[-397,258],[37,259],[-109,50],[-64,170],[-245,59],[3,363],[-109,297],[-74,20],[-53,-170],[-101,-48],[-41,352],[-262,24],[-49,113],[68,168],[164,118],[-131,130],[30,98],[139,-5],[278,-186],[-16,217],[65,35],[163,-214],[176,-59],[21,98],[-130,201],[191,26],[-14,396],[221,638],[-79,257],[284,-18],[51,385],[169,99],[-291,290],[45,169],[-173,228],[-27,257],[149,127],[-102,228],[32,279],[162,210],[-20,385],[83,72],[4,153],[204,-78],[49,92],[-287,136],[-63,363],[-193,322],[94,67],[142,-150],[74,18],[45,223],[-128,229],[214,39],[-359,298],[291,145],[232,-164],[87,128],[-135,366],[75,116],[-106,59],[96,107],[-290,35],[169,344],[-113,76],[-252,-146],[-14,127],[152,214],[-80,187],[96,58],[220,-73],[64,249],[163,103],[-136,228],[12,136],[67,46],[157,-105],[73,33],[0,286],[-121,137],[286,181],[-9,354],[339,-126],[144,57],[-241,729],[323,307],[-83,283],[131,169],[-22,187],[354,-40],[-227,386],[51,283],[211,25],[-378,310],[-63,156],[99,73],[205,-141],[-54,255],[137,155],[18,254],[133,135],[-207,280],[90,127],[-57,155],[214,106],[-272,138],[-57,188],[-110,79],[129,212],[-36,86],[-139,-59],[-190,-290],[-313,9872],[-212,3685],[-1449,6758],[-184,279],[87,465],[-173,359],[-347,248],[-288,620],[33,226],[167,222],[364,111],[206,235],[273,149],[168,398],[-278,355],[103,223],[-679,535],[-139,183],[-56,340],[278,369],[191,457],[-12,210],[-220,207],[-49,164],[314,382],[-64,349],[303,774],[483,375],[688,-68],[149,47],[92,110],[101,516],[635,171],[156,208],[669,369],[534,1622],[-274,295],[-34,260],[-213,202],[-146,358],[-551,362],[-197,662],[-386,351],[-436,610],[-452,346],[-378,947],[-79,647],[182,420],[220,117],[40,214],[225,129],[-6,541],[156,308],[249,194],[759,35],[325,452],[412,1990],[-97,446],[-317,523],[-141,615],[-827,645],[6,173],[-68,59],[132,159],[-45,226],[122,35],[8,379],[-156,486],[26,351],[-191,254],[-10,435],[-106,169],[-344,142],[-215,183],[-135,537],[-396,826],[-110,568],[-162,161],[25,431],[-401,486],[132,400],[25,540],[187,952],[188,412],[-202,507],[-6,440],[-198,465],[-301,397],[108,182],[604,370],[490,653],[201,626],[-197,375],[85,701],[619,664],[-101,654],[48,186],[292,261],[761,391],[-427,606],[-130,389],[-219,213],[-29,169],[170,751],[513,707],[161,564],[574,479],[-3,326],[-139,136],[27,130],[537,354],[487,764],[178,366],[-142,419],[34,201],[959,607],[163,346],[-30,241],[-193,322],[-602,641],[27,165],[255,387],[-44,904],[-216,235],[-457,273],[-226,356],[-97,707],[-447,682],[2,468],[530,834],[221,744],[122,168],[313,-146],[292,-691],[271,-218],[360,53],[261,161],[114,187],[33,383],[-90,251],[-463,382],[-459,699],[-564,348],[-618,553],[-144,245],[-99,514],[-285,348],[-486,330],[-230,68],[-590,-61],[-350,-218],[-400,-1588],[-137,-245],[-215,-97],[-253,17],[-288,181],[-319,563],[-284,783],[-305,275],[-371,-17],[-309,-156],[-265,-449],[-84,-424],[-316,-393],[-293,-120],[-368,83],[-656,588],[-580,301],[-348,-61],[-1018,-584],[-954,79],[-356,253],[-538,706],[41,1178],[182,840],[-178,1500],[48,4813],[308,1637],[413,1360],[225,1250],[-20,1931],[-115,705],[-287,678],[-809,1258],[-2935,4055],[-1427,1554],[-952,744],[-1454,1436],[-142,1322],[-477,852],[-229,651],[-17,1696],[-493,1021],[-233,679],[-28,1545],[-95,657],[-472,1599],[-916,1950],[-1342,1540],[-1027,798],[-929,1131],[-909,1984],[-575,608],[-4635,8483],[-293,1007],[-691,5310]],[[1378282,1713219],[489,-324],[635,-150],[89,-152],[-108,-309],[-246,-257],[-70,-535],[-360,-227],[11,-333],[-104,-219]],[[1380415,1678614],[-375,16],[-86,273],[-118,83],[-1513,114],[-2614,-936],[-460,-412],[-387,-26],[-293,-128],[-582,9],[-434,-140],[-321,17],[-417,-154],[-320,-357],[-330,-17],[-178,716],[-10,661],[-218,363],[91,894],[-323,318],[-135,537],[-628,278],[-346,352],[-262,604],[18,368],[555,820],[-132,292],[35,333],[-116,200],[67,592],[-321,601],[-104,891],[-315,254],[-288,677],[-562,531],[-747,328],[-311,232],[-443,134],[-212,327],[-304,243],[-874,-26],[-163,85],[-433,-16],[-355,239],[-782,139],[123,-499],[-202,-234],[-8,-116],[58,-395],[200,-195],[-142,-860],[-39,-1128],[148,-381],[-178,-411],[-174,-107],[121,-136],[-65,-190],[28,-551],[94,-143],[-245,-330],[-152,-969],[-299,-140],[-436,-471],[-511,-47],[-365,-243],[-334,-26],[-424,-270],[-1128,-359],[-496,-471],[-1230,-856],[-170,-943],[-621,-482],[-172,-312],[-33,-991],[-137,-461],[28,-338],[100,-125],[-200,-683],[-287,-164],[-790,-820],[-160,-396],[73,-172],[-521,-983],[-88,-333],[-432,-627]],[[1355303,1671565],[-286,309],[-137,737],[-786,1005],[-367,329],[-188,586],[-344,428],[-144,1025],[455,610],[31,147],[-181,141],[-251,485],[37,402],[-213,779],[-93,117],[13,202],[-213,313],[-37,825],[-181,247],[-47,211],[-254,205],[-28,368],[-170,166],[21,759],[-323,147],[-180,223],[-163,1293],[70,179],[-93,157],[-74,738],[-307,367],[-192,-1],[-232,354],[-494,36],[-349,418],[-795,478],[-288,461],[-23,273],[-189,414],[-498,758],[-31,349],[-169,224],[65,685],[-281,227],[31,329],[-230,206],[-35,359],[-191,321],[181,373],[-21,185],[-159,193],[-344,162],[-163,232],[119,138],[183,29],[-64,126],[37,451],[-228,179],[-174,342],[165,347],[-163,309],[265,463],[-135,551],[-301,232],[-82,178],[-321,125],[-70,253],[-324,207],[-432,668],[-455,325],[-127,316],[-228,78],[-58,138],[-636,490],[-452,238],[-286,2],[-257,-199],[-100,165],[-408,150],[-501,-14],[-298,79],[-294,-121],[-253,270],[-320,141],[-109,252],[-374,353],[88,146],[-56,220],[86,293],[-336,458],[-180,5],[-748,-497],[-293,-15],[-213,-352],[-332,-64],[-284,299],[-521,-36],[-147,513],[-341,-38],[-1038,739],[-227,480],[148,520],[-132,236],[-7,333],[-142,195],[31,233],[-116,349],[1293,837],[133,672],[262,374],[-14,183],[-345,728],[151,971],[-225,346],[-362,344],[-198,90],[-799,78],[-726,-278],[-420,294],[-386,491],[-219,-169],[-429,-91],[-753,166],[-351,-258],[-440,-150],[-779,123],[-398,-133],[-592,468],[-378,26],[-251,228]],[[1257106,1624788],[100,-504],[-97,-251],[-325,-178],[-425,42],[-382,-301],[46,-1025],[353,-817],[-137,-633],[165,-482],[-182,-425],[-329,-293],[-343,-580],[-107,-31],[-388,136],[-258,-388],[-807,-734],[-429,-202],[-448,-383],[-889,-406],[-385,-689],[-539,-286],[-83,-251],[-360,-436],[-556,-908],[-167,-456],[83,-472],[-181,-490],[643,-457],[185,-801],[-506,-399],[43,-335],[-302,-435],[-211,-675],[0,-289],[150,-176]],[[1239874,1606158],[-353,1186],[-1228,945],[-243,343],[-145,549],[-408,431],[-584,440],[-374,414],[-451,14],[-200,121],[-843,1131],[-715,583],[-475,869],[-94,342],[-256,373],[14,226],[182,287],[844,250],[452,344],[193,284],[75,659],[466,-51],[127,561],[822,-464],[169,50],[-119,1291],[-274,509],[15,83],[180,56],[-51,107],[102,200],[-360,398],[-365,121],[-257,183],[2,124],[365,663],[-45,500],[-102,137],[-223,-19],[-1194,-558],[-242,-40],[-956,230],[-670,24],[-834,249],[-823,580],[-752,288],[-174,496],[-21,402],[-387,590],[134,358],[-127,212],[-89,542],[265,87],[317,257],[45,449],[459,414],[177,459],[55,441],[320,436],[-141,297],[-685,71],[-28,359],[-478,432],[218,267],[110,415],[-165,374],[272,318],[-272,839],[30,252],[343,232],[472,-125],[180,408],[267,276],[-50,407],[113,202],[88,700],[-118,274],[-262,67],[-100,104],[21,249],[223,317],[-5,183],[-292,323],[-54,183],[241,164],[184,635],[273,78],[105,150],[7,239],[293,291],[-47,734],[-218,135],[418,364],[-146,392],[16,166],[454,290],[52,340],[528,326],[-164,404],[223,359],[169,106],[360,-57],[-98,486],[288,133],[-46,302],[111,189],[274,72],[172,159],[16,397],[531,169],[638,26],[107,444],[-119,181],[42,271],[578,440],[224,1045],[158,263]],[[1240988,1647791],[446,74],[440,-313],[249,-9],[258,414],[-71,443],[451,125],[713,616],[282,-149],[135,24],[245,538],[52,383],[1029,109],[577,920],[786,498],[-76,479],[567,686],[504,253],[427,354],[294,372],[11,467],[-205,452],[218,292],[45,326],[296,114],[33,444],[697,78],[350,-107],[337,43],[16,369],[298,515],[-324,386],[-457,372],[-3,186],[421,481],[126,467],[689,294],[164,175],[-74,291],[52,446],[-282,440],[8,271],[599,637],[428,249],[282,454],[751,360],[476,-178],[148,40],[316,570],[1320,752],[275,224],[208,361],[434,272],[1268,-169],[588,299],[551,-99],[211,97],[200,224]],[[1257164,1692459],[-458,-186],[-546,-36],[-147,-104],[-604,-1070],[39,-361],[93,-127],[325,-196],[358,-29],[1399,344],[390,-165],[339,-266],[312,-67],[833,416],[495,2],[299,-408],[56,-323],[-40,-590],[142,-274],[966,-429],[759,-602],[816,-370],[1428,-38],[1001,98],[518,-290],[240,-23],[176,127],[376,573],[445,296]],[[1163594,1765506],[362,191],[316,24],[537,181],[850,490],[1465,296],[755,698],[165,274],[424,271],[777,264],[459,462],[534,-114],[397,-236],[520,-534],[299,-188],[460,-125],[404,14],[562,174],[966,-58],[671,-264],[818,-500],[492,-34],[407,295],[1129,367],[889,955],[572,396],[253,493],[312,347],[471,153],[347,233],[464,-114],[688,-24],[770,-615],[316,-513],[229,-775],[18,-857],[537,-1531],[127,-163],[386,-233],[689,-149],[228,-326],[-24,-330],[-463,-1139],[-21,-500],[246,-937],[597,-792],[-6,-947],[425,-764],[-239,-875],[246,-646],[-147,-740],[387,-1343],[-80,-660],[273,-69],[475,76],[1015,-707],[1143,-69]],[[1023548,1813036],[370,171],[328,-101],[242,238],[153,327],[195,62],[119,216],[-36,635],[289,826],[360,410],[485,198],[831,195],[1475,-120],[1328,-194],[1352,-363],[689,-267],[418,0],[516,219],[295,243],[983,1095],[688,365],[909,292],[1844,-533],[1082,-24],[811,317],[442,437],[885,487],[1456,-44]],[[1034636,1729833],[-894,171],[-257,283],[-577,309],[-2148,2922],[-628,559],[-682,281],[-427,487],[-253,472],[-383,1764],[-304,725],[-1648,2191],[-37,646],[190,894],[202,349],[545,582],[242,661],[-123,2360],[-227,618],[-442,842],[-1661,2495],[-320,732],[-235,1174],[26,235],[55,183],[249,271],[443,179],[151,477],[-3,266],[-343,972],[-886,1201],[-279,506],[-116,630],[142,679],[475,185],[354,300],[308,273],[355,564],[-38,465],[-566,782],[-4,193],[898,456],[940,349],[492,680],[37,281],[-237,523],[-184,189],[-1032,369],[-671,-28],[-712,-440],[-299,-91],[-553,-4],[-420,188],[-202,282],[8,483],[419,468],[38,837],[-650,694],[-576,384],[-174,347],[16,400],[333,591],[229,187],[51,141],[-204,6910],[-230,2407],[-330,1713],[-484,1184],[-388,547],[-50,606],[-111,163],[-700,513],[-226,535],[120,695],[310,757],[-12,331],[303,179],[563,108],[532,604],[358,866],[-12,915],[-132,311],[-213,432],[-184,71],[-32,125],[-118,61],[-8,134],[-148,21],[-133,222],[-460,177],[-274,1067],[25,219],[206,397],[733,446],[147,338],[583,287],[481,3],[2025,8767],[-20,756],[-524,179],[-103,189],[-366,180],[-556,564],[-641,272],[-197,195],[-251,540],[-223,1185],[-206,502],[-263,259],[104,590],[272,725],[886,1723],[89,690],[199,420],[235,165],[424,47],[425,318],[35,124],[-191,283],[65,304],[416,286],[630,258],[479,377],[279,340],[-303,574],[-581,535],[-144,383],[-678,524],[-323,441]],[[1185659,1546173],[17,-213],[-131,-219],[-821,-661],[-900,-988],[-131,-242],[-78,-354],[50,-1157],[309,-519],[279,-195],[218,-995],[-566,-723],[-111,-311],[-604,-568],[-1717,-899],[-735,-297],[-453,-59],[-223,-215],[-1072,-591],[-508,-89],[-550,-494],[-672,-356],[-784,72],[-946,349],[-1072,-109],[-302,181],[-361,407],[-450,19],[138,-777],[187,-465],[298,-366],[601,-405],[276,-410],[30,-245],[230,-159],[188,-371],[377,-338],[307,-499],[-32,-402],[208,-275],[-155,-609],[97,-518],[-148,-114],[-38,-332],[-197,-203],[-401,-118],[-216,-153],[-729,70],[-809,-1017],[-330,3]],[[1128147,1540457],[144,329],[54,649],[-389,422],[202,531],[-283,287],[-66,211],[-179,123],[-957,-28],[-873,552],[-480,446],[-462,231],[-248,358],[-575,448],[-777,1568],[-729,59],[-560,338],[-663,11],[-386,-198],[-449,-632],[-276,-41],[-284,215],[-508,-24],[-498,436],[-240,362],[-217,28],[-310,311],[-197,-43],[-48,57],[-91,499],[383,791],[821,728],[107,347],[536,238],[87,719],[251,347],[-169,368],[363,98],[149,-103],[173,229],[-40,270],[278,45],[41,140],[-82,188],[187,219],[-220,377],[41,293],[-265,244],[-366,-19],[-191,101],[-243,521],[96,182],[-80,205],[-455,-202],[-118,81],[-33,196],[-518,33],[-44,58],[32,141],[255,247],[-52,133],[-295,233],[142,417],[1,657],[303,495],[18,283],[-376,449],[-247,142],[-481,-162],[-196,80],[-20,280],[-456,659],[-109,420],[-238,167],[-155,308],[326,287],[458,1156],[-162,475],[361,871],[180,703],[-194,545],[-482,-98],[-500,74],[-466,519],[-427,53],[-164,146],[-147,334],[-432,326],[-182,474],[-277,239],[-60,281],[135,338],[-295,506],[70,338],[-241,369],[-192,98],[-199,454],[-318,288],[-3,364],[275,324],[-303,194],[-117,490],[-306,198],[-723,720],[-85,355],[-137,172],[-393,167],[-170,446],[41,485],[-77,345],[-155,179],[-185,1113],[-316,425],[-628,1184],[375,125],[-201,450],[392,-39],[457,235],[524,690],[286,671],[559,861],[57,430],[162,235],[430,4],[358,360],[775,216],[807,-41],[503,93],[418,-117],[434,372],[589,26],[284,244],[440,31],[484,177],[505,8],[458,752],[175,634],[535,490],[630,1424],[58,486],[176,394],[421,243],[830,221],[1004,622],[151,248],[383,216],[515,517],[190,388],[593,551],[780,209],[1772,896],[365,-20],[683,256],[353,-88],[408,145],[434,-62],[438,65],[436,274],[183,10],[190,307],[732,495],[357,460],[601,-172],[1648,968],[634,58],[123,178],[4,211],[494,115],[37,500],[-298,899],[-311,183],[-309,409],[281,322],[15,128],[-466,734],[-113,94],[-278,8],[-330,396],[-61,278],[-407,420],[-151,713],[-130,176],[-256,135],[-314,491],[63,347],[273,64],[210,300],[-330,557],[-83,350],[-590,436],[-363,-43],[-985,82],[-730,-116],[-135,53],[-118,184],[-89,864],[714,635],[141,246],[-346,804],[105,333],[0,1018],[-64,209],[-178,135],[251,593],[-93,499],[46,727],[-464,343],[-424,766],[-673,658],[1060,1216],[295,533],[153,-90],[123,-407],[218,13],[571,-335],[514,-30],[1514,-343],[591,-22],[123,62],[415,304],[216,763],[502,101],[103,105],[56,199],[104,71],[13,297],[196,404],[341,41],[155,152],[85,202],[27,511],[508,524],[52,417],[894,45],[612,368],[765,151],[525,1212],[568,281],[22,649],[219,130],[547,108],[415,281],[131,152],[131,432],[737,780],[145,575],[-37,1052],[164,710],[200,251],[1412,1266],[534,184],[558,436],[859,414],[349,253],[836,299],[139,184],[140,299],[46,436],[279,529],[255,758],[255,253],[255,1975],[312,491],[144,19]],[[1148912,1627655],[-277,-480],[143,-652],[-3,-626],[226,-652],[168,-1034],[-26,-260],[-187,-283],[-33,-636],[173,-457],[645,-563],[249,-391],[19,-215],[-200,-678],[109,-652],[-153,-323],[-570,-606],[21,-540],[-233,-708],[-943,-818],[274,-884],[-53,-274],[92,-109],[418,-123],[166,-308],[-264,-437],[-581,-313],[-221,-460],[-26,-288],[141,-414],[-56,-577],[141,-251],[-59,-429],[-364,-315],[-108,-347],[-360,-638],[-214,-690],[505,-758],[-160,-308],[-85,-576],[-179,-476],[-325,-267],[-110,-271],[405,-1173],[-40,-262],[-175,-324],[0,-173],[175,-390],[-87,-173],[-1597,21],[-284,-64],[-285,-152],[-196,-238],[-460,-87],[-174,-432],[-22,-611],[197,-1703],[132,-173],[415,-195],[657,-627],[284,-130],[306,-713],[372,-368],[591,-108],[634,0],[722,-172],[1641,0],[503,303],[393,0],[766,195],[744,-65],[131,-129],[-22,-909],[-196,-497],[0,-455],[372,-800],[-44,-324],[-547,-498],[-371,-1103],[-44,-584],[88,-173],[0,-303],[-175,-454],[-65,-822],[22,-303],[350,-237],[87,-152],[110,-1168],[-262,-757],[-153,-130],[-831,-1319],[-547,-476],[-175,-281],[-65,-736],[284,-411],[307,-86],[1181,44],[219,-217],[328,-21],[918,627],[962,130],[110,152],[240,43],[700,-151],[766,0],[437,195],[306,238],[263,65],[875,-130],[1531,-800],[328,-324],[722,-389],[591,-454],[919,-303],[393,-43],[591,-562],[957,-581],[531,-219],[437,-822],[285,-800],[438,-324],[568,-259],[1138,-368],[328,-908],[700,-151],[372,-368],[656,-908],[176,-433],[590,-865],[832,-713],[175,-714],[219,-216],[218,-43],[482,-282],[175,-281],[262,-562],[-21,-476],[-153,-584],[109,-303],[0,-389],[-131,-497],[66,-325],[197,-303],[284,-994],[416,-649],[591,-454],[-241,-1233],[1,-541],[196,-324],[-43,-325],[315,-977],[683,-864],[874,-567],[2033,-235],[1432,65],[227,-231],[721,342],[1030,1150],[664,405],[1076,-102],[219,-195],[591,-151],[1093,44],[525,-65],[285,-130],[240,-303],[0,-238],[-306,-259],[-141,-1308],[279,-1048],[806,-1068],[-214,-968],[-6,-984],[-165,-1652],[198,-2555],[229,-559],[212,-1241],[303,-444],[588,-577],[-240,-1220],[-219,-461],[51,-753],[-169,-427],[-483,-321],[-475,-79],[-619,-244],[-11,-246],[-203,-278],[111,-1146],[461,-911],[-176,-332],[167,-227]],[[989874,1864047],[-822,-665],[-393,-163],[-493,14],[-167,149],[47,874],[-145,353],[-427,491],[-625,430],[-758,381],[-326,9],[-364,-108],[-870,-547],[-334,-14],[-260,159],[-206,290],[-156,368],[-119,770],[-170,184],[-236,97],[-414,-26],[-722,-296],[-326,100],[-141,148],[-137,290],[-27,545],[-104,156],[-290,149],[-82,175],[-138,1013],[-327,333],[48,629],[-61,178],[-814,1051],[-545,64],[-197,309],[-297,236],[-188,501],[-29,404],[170,311],[278,152],[1073,193],[596,466],[86,212],[-183,518],[-140,853],[26,522],[-97,318],[-510,1152],[-490,423],[-250,109],[-549,3],[-1384,-442],[-748,-458],[-1132,-222],[-819,290],[-268,285],[-300,794],[-1045,606],[-432,-22],[-770,-246],[-1113,163],[-3133,758],[-1457,79],[-954,570]],[[964714,1880465],[-1397,1148],[-659,763],[-367,828],[-707,1991],[-291,1093],[-441,1054],[-1097,1104],[-374,221],[-684,219],[-425,47],[-1699,-123],[-623,-174],[-326,-216]],[[955624,1888420],[-570,466],[-67,242],[165,710],[677,877],[1,488],[-314,316],[-503,169],[-729,-295],[-466,-12],[-599,238],[-522,577],[-297,31],[-144,-64],[-353,-393],[-230,-725],[-352,-21],[-437,344],[-193,326],[-55,466],[-611,677],[-881,411],[-336,452],[-680,190],[-100,521],[208,784],[-162,1131],[-130,216],[-336,74],[-307,226],[84,900],[-204,283],[-362,148],[-151,175],[-12,428],[251,618],[-118,200],[-262,-48],[-130,-138],[-309,-1059],[-98,-136],[-187,-35],[-224,107],[-568,675],[-928,-19],[-464,638],[-295,62],[-130,-287],[86,-314],[504,-701],[166,-169],[411,-207],[197,-294],[-57,-212],[-263,-216],[-545,-326],[-183,-7],[-126,53],[-111,214],[14,171],[232,294],[-160,336],[-200,75],[-213,-26],[-552,-573],[-160,-78],[-344,19],[-424,204],[-103,145],[46,195],[463,424],[6,216],[-199,154],[-617,-83],[-267,102],[-47,302],[140,249],[608,145],[336,340],[14,426],[-158,249],[-214,86],[-378,-22],[-180,-147],[-333,-518],[-166,-14],[-126,155],[-111,672],[-111,95],[-223,85],[-225,-31],[-225,-183],[-163,-303],[-374,-53],[-440,276],[-260,466],[-12,672],[153,357],[188,152],[473,83],[198,150],[14,112],[-295,116],[-636,76],[-855,547],[-170,387],[78,239],[-63,966],[516,849],[-2,571],[79,237],[209,-28],[514,-316],[252,-31],[320,134],[203,278],[150,715],[-223,670],[-2,485],[239,848],[473,917],[3,302],[-230,884],[400,853],[48,307],[436,823],[-34,524],[-177,255],[-580,197],[-279,-83],[-608,-608],[-656,-293],[-520,64],[-280,196],[-201,354],[39,513],[337,553],[743,866],[676,445],[410,437],[-9,435],[-208,439],[-421,181],[-357,5],[-1100,-661],[-1157,-82],[-419,156],[-360,314],[-161,512],[-25,1497],[198,454],[795,850],[955,614],[257,494],[-21,571],[-402,669],[-280,255],[-241,551],[-61,453],[78,651],[456,711],[497,534],[1638,814],[115,563],[-252,564],[-365,247],[-394,-24],[-1326,-629],[-798,175],[-241,491],[-24,1045],[159,335],[854,969],[448,319],[-368,2260]],[[1007077,1998486],[890,-13197],[85,-201],[132,-1134],[20,-2453],[146,-912],[225,-600],[322,-525],[267,-1078],[106,-2584],[238,-689],[206,-330],[667,-678],[351,-1265],[233,-324],[1576,-1484],[547,-862],[217,-948],[338,-608],[273,-818],[-35,-2203],[-127,-634],[-341,-678],[-156,-145],[-1721,-954],[-1557,-1161],[-1155,-677],[-1251,-43],[-655,-138],[-1082,-918],[-618,-383],[-728,-209],[-1354,-8],[-279,-79],[-427,-398],[-110,-506],[-30,-1012],[162,-860],[412,-1171],[74,-2942],[-427,-2074],[-125,-217],[-483,-1649],[-193,-379],[-96,-447],[13,-879],[152,-420],[620,-866],[1845,-1813],[152,-338],[13,-1326],[-311,-2932],[-324,-895],[-68,-414],[-425,-623],[-800,-1689],[-350,-1481],[-10,-1146],[-412,-1587],[-153,-309],[-566,-584],[-713,-355],[-354,-667],[-272,-1735],[-343,-386],[-68,-513],[-693,-306],[-288,-535],[-99,-862],[-574,-1172],[-906,-1399],[-474,-577],[-1321,-1340],[-1114,-1318],[-2902,-4987],[-630,-2500],[-421,-1250],[-420,-625],[-913,-834],[-491,-625],[-561,-1598],[-139,-1458],[-5399,-10835],[-350,-1250],[-279,-1875],[141,-833],[-140,-555],[-351,-625],[-280,-348],[-632,0],[-493,346],[-562,208],[-702,-70],[-492,-348],[-210,-347],[-69,-1459],[191,-508],[12207,-23021]],[[1023548,1813036],[-413,102],[-421,-28],[-318,99],[-571,477],[-192,458],[-84,-89],[63,-352],[-154,-80],[-201,160],[-167,447],[-123,-26],[-108,-246],[-251,-54],[-577,265],[-533,15],[-570,303],[4,-364],[-82,-23],[-422,161],[-404,12],[-262,212],[-811,306],[-332,235],[-416,-122],[-392,76],[37,560],[-357,299],[24,264],[-155,499],[-30,806],[79,368],[372,389],[284,557],[419,249],[27,1142],[-255,427],[-161,480],[-719,352],[-1210,44],[-1065,-431],[-801,-467],[-765,-570],[-193,-53],[-211,30],[-235,201],[-274,-104],[-283,293],[-473,72],[-1138,959],[-120,300],[-32,606],[-273,528],[32,378],[231,648],[244,246],[261,481],[-56,446],[124,323],[-51,153],[-304,33],[-216,267],[-239,-26],[-142,314],[-222,-70],[-194,-189],[-327,197],[-258,-323],[-330,23],[-151,-448],[-363,-421],[-418,-257],[-249,66],[-359,307],[-208,-229],[-102,-7],[-134,345],[-216,19],[-121,231],[-257,-68],[-275,180],[-26,670],[258,602],[-111,70],[-240,-313],[-195,59],[-111,128],[165,254],[19,173],[245,-156],[58,84],[-314,869],[111,51],[277,-101],[90,101],[-30,215],[-207,111],[36,149],[169,-40],[256,-222],[139,23],[35,273],[-200,243],[377,102],[-20,533],[313,141],[-34,167],[-283,360],[-47,320],[-253,249],[-161,620],[-562,449],[-388,156],[-1008,37],[-725,-207],[-406,189],[-137,-210],[-446,432],[-65,-101],[151,-434],[-154,-85],[-360,326],[-285,94],[-102,166],[-295,140],[-120,337],[-50,595],[404,671],[440,337],[933,327],[679,439],[35,339],[159,168],[-186,273],[165,167],[-6,85],[-463,413],[-437,111],[-453,298],[-130,236],[175,214],[130,583],[579,500],[137,-130],[100,-411],[237,-106],[306,63],[24,353],[163,494],[-51,498],[-160,233],[-345,178],[-636,755],[-93,364],[56,269],[-381,1475],[33,568],[-389,437],[97,542],[-491,747],[-265,106],[-209,194],[-619,170],[-247,224],[-419,218],[-1091,1009],[-1011,1199],[-374,20],[-298,203],[-522,111],[-1577,231],[-392,230],[-81,289],[-239,230],[-108,1227],[190,913],[559,1605],[-79,664],[-1141,402],[-1566,-296],[-327,447],[-141,465],[98,563],[314,623],[631,915],[205,523],[-464,970],[-688,1061],[-1101,888],[27,689],[614,565],[407,915],[581,595],[364,554],[-81,325],[-594,234],[-284,367],[-196,-109]],[[1223098,1515567],[-96,251],[-978,438],[246,2027],[350,1089],[1134,1953],[261,651],[94,839],[-138,605],[209,247],[4,322],[622,2241],[-109,232],[-191,167],[345,1059],[226,283],[51,373],[300,561],[-126,491],[61,564],[149,267],[199,144],[264,741],[329,240],[124,205],[365,108],[179,188],[-29,376],[529,624],[86,314],[8,245],[-194,332]],[[1227372,1533744],[338,507],[29,286],[406,334],[312,440],[200,113],[224,15],[231,679],[-6,223],[233,343],[128,29],[249,-119],[124,70],[163,318],[-95,175],[77,117],[257,167],[245,6],[61,103],[182,-56],[94,115],[146,-172],[127,3],[289,446],[720,139],[300,302],[1315,193]],[[964714,1880465],[-470,-728],[-828,-728],[-958,-528],[-553,-414],[-929,-451],[-770,-856],[-901,-586],[-1220,-570],[-320,-272],[-261,-485],[-87,-822],[218,-771],[14,-856],[-116,-457],[-915,-1498],[-102,-400],[15,-642],[87,-243],[392,-442],[29,-186],[-131,-442],[-14,-2148],[-480,-1570],[-203,-371],[-508,-342],[-175,-214],[-232,-764],[14,-500],[146,-371],[813,-685],[1293,-328],[610,-399],[174,-514],[0,-343],[-363,-556],[-624,-671],[-712,-435],[-683,-215],[-784,-784],[-465,-529],[-581,-1127],[-146,-728],[-29,-970],[218,-1947],[320,-671],[-29,-656],[-160,-357],[-436,-438],[-319,-43],[-1133,-856],[-320,-100],[-886,128],[-233,-85],[-697,-828],[-349,-86],[-1234,-28],[-233,-200],[-465,-742],[-247,-57],[-334,-229],[-203,-342],[-116,-1156],[232,-314],[349,-3246],[712,-2283],[334,-1791],[682,-2255],[407,-523],[872,-271],[1278,-57],[552,-128],[276,-414],[15,-443],[-233,-342],[-29,-428],[-377,-985],[-494,-585],[-654,-271],[-320,-400],[-232,-300],[-174,-442],[-218,-1256],[-189,-100],[-363,-585],[-393,-128],[-334,-243],[-130,-514],[-59,-949],[-245,-375],[51,-127],[-139,-153],[602,-1468],[1309,-1057],[119,-321],[0,-397],[-245,-264],[-267,66],[-379,-155],[-245,-375],[-88,-1366],[-133,-330],[223,-54],[686,-552],[720,-708]],[[950582,1817942],[-299,52],[-544,-121],[-1055,-466],[-597,-501],[-174,-244],[-114,-490],[-690,-907],[-20,-349],[289,-691],[-257,-890],[-271,-461],[-524,-327],[-188,-226],[-51,-734],[-333,-524],[-177,-738],[-282,-577],[3,-447],[225,-600],[-10,-199],[-298,-414],[-141,-404],[-509,-427],[-224,-371],[637,-602],[76,-290],[-582,-646],[-524,-316],[-396,-380],[-19,-269],[211,-837],[-555,-1300],[-340,-1254],[90,-257],[469,-332],[354,-368],[80,-828],[436,-606],[-7,-1268],[-237,-687],[-30,-482],[130,-375],[691,-992],[86,-354],[-128,-327],[616,-756],[444,-159],[214,-257],[-112,-494],[-492,-156],[-139,-330],[52,-437],[147,-358],[414,-222],[85,-197],[-151,-276],[-438,-279],[-59,-180],[102,-173],[406,-263],[80,-260],[-783,-606],[-187,-311],[-82,-345],[121,-473],[197,-201],[258,-80],[613,87],[230,-43],[390,-1143],[-135,-408],[-339,-265],[81,-409],[411,-862],[344,-423],[84,-446],[-217,-383],[-224,-194],[-1036,54],[-240,-192],[-62,-242],[60,-360],[192,-356],[865,-1007],[110,-281],[2,-371],[-540,-83],[-369,-322],[-389,-593],[-315,-689],[-541,-636],[-211,-124],[-406,-12],[-279,154],[-741,779],[-628,461],[-242,12],[-299,-106],[-945,-595]],[[896585,1870140],[1225,-1462],[-154,-536],[-74,-881],[235,-803],[557,-255],[721,182],[696,424],[1660,1421],[1045,309],[853,-188],[853,-342],[622,-649],[274,-1186],[42,-995],[-265,-1991],[-346,-767],[-36,-880],[313,-880],[776,-533],[1550,-417],[543,2],[1318,-532],[2796,-2288],[933,-1261],[427,-305],[1009,-532],[659,-228],[1048,-1031],[660,-495],[659,-151],[542,78],[464,231],[386,460],[424,767],[-2,727],[-117,306],[-2057,1296],[-467,687],[-234,536],[-40,459],[75,880],[75,728],[2433,2227],[891,118],[697,-228],[854,-571],[738,-611],[546,-1031],[79,-689],[468,-1071],[504,-190],[1162,195],[386,308],[309,383],[964,1458],[502,422],[425,155],[425,346],[542,193],[2519,-299],[1084,41],[968,271],[2050,849],[2514,1194],[1780,694],[2130,198],[193,230],[192,460],[772,959],[-1,307],[-117,306],[-311,267],[-466,228],[-1549,149],[-815,265],[-543,420],[-351,573],[-2,612],[231,728],[811,654],[890,309],[1277,578],[696,193],[1625,771],[656,729],[347,537],[152,843],[461,1303],[771,1419],[463,384],[736,40],[1435,-302],[619,41],[889,730],[231,307],[134,435],[181,211],[151,702],[136,281],[1553,1659],[708,1102],[347,1053],[140,806],[-96,1471],[305,884],[552,578],[1018,791]],[[1294161,1711784],[-329,-152],[-246,-500],[-1090,-1147],[-481,-1008],[-473,-753],[121,-326],[-356,-1231],[-756,-1133],[-209,-485],[-18,-1113],[109,-359],[-74,-396],[-175,-146],[-401,13],[-111,-98],[-103,-449],[-433,-395],[-627,-1238],[-206,-194],[-393,-72],[-438,-278],[-146,-218],[-123,-600],[-388,-468],[-916,-680],[-718,-284],[-972,-593],[-459,-410],[-397,-702],[-181,-1095],[-233,-388],[-302,-225],[-257,-927],[-380,-291]],[[1227968,1567348],[-542,1138],[-350,556],[-724,533],[-411,531],[-236,123],[-351,354],[-223,-58],[-240,142],[-107,489],[-196,165],[-47,341],[-259,534],[-244,254],[-100,389],[-84,-306],[-179,-253],[-609,-289],[-394,-592],[-536,42],[504,961],[1,211],[-173,282],[-701,344],[-159,181],[-309,126],[-295,285],[-583,366],[-784,229],[-953,934],[-481,761],[-955,2749],[-98,-105],[-76,-334],[-143,463],[-409,162],[-151,267],[-149,48],[-33,282],[-243,230],[-197,620],[-429,694],[-177,890],[201,536],[82,1269],[-70,391],[-377,504],[-112,435],[61,176],[208,132],[85,235],[1129,608],[227,-19],[289,715],[211,229],[60,204],[-46,355],[95,145],[-30,260],[153,137],[600,1271],[21,365],[166,244],[-12,629],[199,161],[-10,267],[132,172],[88,516],[628,853],[-171,482],[-317,183],[-121,209],[78,164],[328,88],[63,313],[-202,480],[17,732],[-306,657],[33,241],[-158,378],[-43,705],[324,958],[14,279],[145,121],[37,243],[294,545],[-12,420],[-395,119],[-356,-3],[121,872],[-325,37],[-1026,645]],[[1217143,1601745],[72,225],[-52,503],[116,389],[-18,689],[46,328],[78,79]],[[1217385,1603958],[108,-97],[440,188],[59,159],[-134,350],[22,714],[753,612],[101,272],[-8,491],[129,189],[196,82],[988,-872],[598,-288],[279,-789],[-37,-524],[244,-777],[-32,-452],[126,-459],[219,-186],[590,65],[285,-357],[61,-413],[-439,-1407],[3,-296],[800,-1169],[391,-294],[297,-345],[313,-1004],[1073,-1997],[137,-633],[358,-707],[192,-1355],[-8,-311],[-154,-430],[130,-327],[-61,-660],[288,-622],[-86,-239],[66,-433],[-140,-751],[142,-899],[125,-400],[320,-517],[322,-26],[84,-684],[482,-571],[219,-756],[539,-1297],[-21,-396],[121,-163],[209,-70],[61,-145],[-152,-479],[167,-480],[-179,-391],[-305,-332],[-309,-776],[13,-385],[417,-540],[69,-263],[-311,-825],[-92,-1066],[-202,-846],[34,-250],[257,-457],[0,-287],[-98,-237],[469,14],[485,-351],[367,-620],[-25,-425],[102,-369],[322,-569],[412,-329]],[[1217677,1516068],[2317,-27],[2664,-310],[440,-164]],[[1150778,1652035],[341,-133],[327,-312],[-21,-297],[-203,-299],[29,-361],[168,-326],[373,-278],[154,-223],[16,-760],[-133,-267],[-1345,-1091],[-430,-28],[-705,105],[-81,-103],[-15,-299],[188,-513],[17,-1104],[1506,-168],[183,-85],[114,-189],[-56,-896],[780,-960],[28,-501],[-61,-136],[-988,-87],[-622,-809],[-21,-339],[98,-267],[436,-171],[95,-107],[-123,-791],[53,-698],[207,-103],[1244,614],[508,147],[434,-103],[724,-360],[983,189],[149,-199],[19,-345],[-81,-304],[-305,-466],[15,-235],[164,-255],[-35,-277],[-577,-169],[-467,-28],[-380,292],[-384,632],[-252,43],[-211,-207],[197,-825],[-30,-211],[-170,-283],[-418,-121],[-651,-10],[-212,-100],[-16,-244],[264,-274],[121,-292],[518,-64],[201,-204],[210,-547],[-68,-217],[-994,-254],[-279,92],[-425,-69],[-224,-122],[-216,45],[-193,-168],[-108,-382],[-85,-53],[-525,68],[-572,-206],[-842,-642],[-401,-535],[-387,-46],[-324,-145],[39,-122],[162,-92],[711,-130],[641,153],[324,222],[186,-23],[85,-183],[154,-558],[-517,-722],[-147,-405],[8,-191],[603,-1274],[93,-46],[440,183],[162,-46],[109,-152],[-147,-344],[-15,-370],[139,-596],[-23,-137],[-132,-92],[-969,-19]],[[1140656,1659765],[153,-194],[300,-896],[698,-677],[365,-93],[322,76],[153,-85],[88,-357],[-90,-511],[51,-765],[237,-844],[454,-269],[858,-246],[49,-381],[-132,-200],[-891,-204],[-228,-150],[-36,-138],[208,-182],[987,-164],[329,-184],[-70,-358],[-399,-677],[-58,-445],[437,-984],[452,-577],[209,-22],[167,119],[42,259],[-207,884],[487,880],[393,416],[250,33],[235,-114],[744,-923],[-18,-254],[-374,-345],[-450,-743],[14,-205],[251,-73],[1740,36],[608,186],[208,203],[36,176],[-183,566],[77,465],[906,306],[750,-75]],[[1027673,1699934],[-4308,-2271],[-69,-207],[-502,-579],[10,-219],[278,-117],[306,-390],[-13,-518],[-191,-163],[-418,-32],[-447,167],[-300,437],[-55,469],[-167,273],[-117,33],[-1371,-463],[-197,-197],[-346,-611],[-925,-492],[-221,62],[-341,385],[-437,187],[-350,2],[-691,-159],[-23,-278],[185,-482],[-88,-735],[37,-556],[-82,-294],[44,-172],[390,-280],[174,31],[123,294],[112,60],[399,-278],[125,-321],[-220,-684],[106,-136],[391,-152],[201,-181],[61,-173],[-59,-463],[-343,-452],[-133,-744],[-126,-212],[-440,-114],[-618,164],[-281,-10],[-254,-97],[-172,-169],[-232,-1380],[-175,-29],[-377,167],[-207,-12],[-160,-134],[-65,-427],[-299,-167],[-181,27],[-300,211],[-608,33],[-200,-100],[-74,-171],[16,-554],[116,-539],[335,-568],[-75,-190],[-296,43],[-398,539],[-222,64],[-109,-508],[-137,-247],[-464,-176],[-668,-397],[-167,16],[-502,395],[-34,218],[777,315],[97,130],[0,197],[-255,604],[-483,178],[-32,747],[-197,168],[-189,385],[-125,100],[-417,-249],[-450,-31],[-910,458],[-309,40],[-81,-263],[330,-459],[72,-351],[-35,-317],[-202,-268],[-316,-22],[-373,-261],[-462,-83],[-393,250],[-1144,32],[-489,214],[-202,-44],[-16,-105],[295,-504],[-370,-214],[-50,-193],[403,-644],[53,-1202],[173,-21],[600,404],[202,21],[139,-110],[30,-512],[-88,-309],[-23,-742],[221,-502],[-3,-187],[-301,-191],[-590,-202],[-267,-494],[-283,-271],[202,-325],[516,-374],[-33,-164],[-401,-382],[-189,-311],[61,-286],[327,-382],[30,-205],[-575,-831],[-123,-1034],[-392,-350],[-89,-551],[-120,-168],[-270,-167],[-255,19],[-118,79],[-255,489],[-185,71],[-126,-109],[-88,-364],[27,-346],[479,-825],[-662,-718],[-151,-416],[-427,-185],[16,-167],[288,-492],[-56,-347],[-123,-66],[-575,7],[-466,-138],[-1158,-1281],[-140,-269],[-130,-615],[205,-574],[-2,-604],[532,-648],[42,-323],[-103,-88],[-461,-74],[-492,-704],[-645,-188],[-332,-239],[-451,88],[-299,-300],[-469,-211],[-1025,-808],[-448,-72],[-462,64],[-255,-128],[-434,-481],[-407,-134],[-907,-104],[-408,-552],[-456,-391],[-58,-604],[-154,-312],[-901,-802],[-911,-1296],[-571,-437],[-1567,-161],[-472,304],[-842,0],[-920,238],[-623,410],[-260,684],[-817,1147],[-854,1754],[-538,1314],[-418,523],[-726,1885],[3,3455],[580,2434],[105,743],[1318,2883],[949,1416],[3321,3199],[1796,1588],[3409,3436],[1354,1127],[228,328],[-141,691],[-773,1312],[-650,897],[-3602,3712],[-2742,2735],[-1353,1243],[-299,466],[-298,1226],[17,1398],[158,622],[404,552],[545,380],[932,439],[2495,708],[3251,293],[843,466],[1002,1001],[316,432],[71,1001],[-194,1174],[-755,1772],[-826,1415],[-1388,1399],[-967,1277],[-773,536],[-1634,2527],[-862,1693],[-478,1289],[-119,454],[-133,1481],[-341,737],[-281,1343],[-350,1107],[-65,701],[20,1819],[-137,629],[-451,827],[-141,419],[-950,772],[-197,253],[-314,672],[-173,871],[-383,700],[-495,645],[-576,427],[-1092,520],[-352,419],[-445,138],[-246,184],[-385,492],[-405,907],[-504,582],[-152,69],[-934,48],[-394,134],[-1852,1032],[-1258,82],[-1108,204],[-764,954],[-722,428],[-498,196],[-828,-25],[-1366,839],[-1072,536],[-475,328],[-1862,1743],[-1414,934],[-5,314],[160,257],[-76,50],[506,530],[730,321],[341,239],[206,316],[100,558],[348,185],[861,17],[1142,190],[826,345],[351,269],[1178,1451],[193,604],[70,1105],[-175,708],[0,2204],[-264,1450],[-527,1313],[-914,1926],[-562,760],[-650,1157],[-492,569],[-686,553],[-299,121],[-334,-25],[-2498,1285],[-733,1175],[91,724],[1006,544],[915,272],[640,362],[330,509],[-88,197],[0,445],[300,445],[111,815],[-37,408],[262,408],[337,223],[337,593],[75,407],[-1,705],[-75,259],[-150,296],[-413,259],[-338,408],[300,371],[75,333],[-1,593],[-113,408],[375,630],[-38,704],[-488,630],[-76,444],[150,260],[75,445],[-113,407],[-413,222],[-75,297],[-337,333],[-100,1234],[-592,776],[-1283,1294],[-386,1174],[-475,518],[-334,225],[-316,397],[-984,854],[-369,553],[-510,483],[-439,346],[-2161,1346],[-949,984],[-1027,432],[-1019,224],[-738,35],[-826,242],[-1177,569],[-905,666],[-1186,1727],[-510,1019],[-1002,1277],[-1019,915],[-720,1062],[-492,518],[-352,518],[-211,1036],[-53,1657],[211,1002],[-52,1104],[281,1596],[386,811],[809,1122],[422,656],[193,484],[369,483],[632,1468],[88,466],[299,770],[1582,3643],[158,587],[-35,650],[-288,1174]],[[1217385,1603958],[-49,90],[158,50],[-242,142],[-695,217],[-800,113],[-927,332],[-1139,589],[-455,81],[-1139,452],[-669,163],[-553,408],[-343,133],[-358,366],[-758,568],[-101,642],[-368,391],[0,639],[-361,520],[0,544],[385,1584],[-96,732],[-412,462],[-5,189],[-546,383],[-123,259],[-19,578],[298,587],[12,289],[-620,710],[-293,137],[-856,884],[-483,-15],[-803,242],[11,477],[-283,371],[-534,261],[-262,244],[-489,36],[-171,333],[-555,43],[-462,299],[-498,34],[-855,199],[-983,-453],[-719,152],[-274,-230],[-934,-107],[-1042,-1158],[-529,40],[-223,297],[5,301],[123,228],[-58,121],[-883,47],[-577,592],[-287,168],[-961,-8],[-167,171],[-93,289],[20,429],[-907,39],[-358,286],[-334,134],[-712,42],[-508,235],[-906,224],[-119,181],[-54,566],[-357,608],[-32,320],[75,118],[205,74],[357,-192],[140,11],[-11,128],[-756,886],[-183,43],[-227,-97],[-464,-448],[-183,75],[-227,363],[-366,193],[-60,389],[-283,336],[-45,383],[-107,181],[79,581],[-344,467],[-481,486],[-765,594],[-716,-19],[-446,507],[116,781],[-98,929],[35,564],[-260,178],[-214,321],[-248,188],[-953,392],[-284,491],[-35,336],[-102,149],[-290,95],[-668,-83],[-418,74],[-543,-259],[-325,218],[-603,-107],[-450,38],[-267,357],[-522,383],[-511,130],[-264,-71],[-253,-186],[-257,-644],[-237,-258],[-522,-108],[-390,246],[-432,-257],[-844,-52],[-409,332],[-471,147],[67,298],[-260,385],[-160,69],[-355,-77],[-11,183],[269,281],[-39,271],[-358,180],[-404,-339],[-153,19],[44,315],[-369,322],[-116,202],[269,674],[-208,286],[-65,309],[-365,92],[-259,400],[-93,409],[14,769],[-100,198],[-163,23],[-65,-382],[-137,-143],[-304,-14],[-698,268],[-63,302],[-398,383],[94,276],[-415,-38],[-680,544],[-501,-374],[-568,-82],[-548,551],[-708,325],[-297,291],[-216,42],[-164,195],[-441,48],[-383,206],[-100,178],[121,333],[-100,608],[222,329],[100,649],[-60,123],[-1030,686],[-77,146],[154,439],[-16,279],[248,385],[-24,510],[-311,333],[-596,-145],[-459,155],[-713,1005],[19,221],[130,237],[-102,542],[-139,84],[-409,-65],[-700,704],[6,154],[327,235],[8,300],[190,235],[102,319],[-33,193],[-290,341],[-199,48],[-272,-371],[-447,57],[-502,-149],[-85,-157],[-47,-478],[-121,-180],[-276,-136],[-510,10],[-200,104],[-135,297],[-517,599],[-128,544],[-352,50],[-93,-644],[-439,-242],[-496,-3],[-471,335],[-182,728],[-862,380],[-28,540],[-137,237],[-149,43],[-383,-209],[-723,102],[-315,-252],[-354,-59],[-158,68],[-128,208],[177,717],[-85,308],[-937,53],[-270,-155],[-90,-151]],[[1377749,1667301],[-44,151],[104,232],[-129,534],[397,205],[99,249],[256,161],[45,170],[246,104],[177,464],[25,688],[380,633],[116,504],[319,302],[619,366],[786,795],[305,640],[459,492],[214,572],[30,383],[-325,112],[-258,796],[16,490],[539,466],[-50,774],[-165,541],[-281,21],[-755,534],[-459,-66]],[[1355303,1671565],[77,-301],[483,-148],[77,-286]],[[1309650,1667945],[158,478],[320,43],[86,359],[165,132],[257,63],[371,338],[363,44],[614,-228],[103,-122],[389,19],[712,359],[483,398],[119,37],[117,-85],[380,356],[119,270],[230,253],[194,684],[89,96],[338,72],[-129,214],[16,207],[343,81],[210,464],[307,58],[286,276],[1163,-60],[348,-87],[244,-175],[2,-470],[94,-69],[356,534],[649,514],[1148,635],[399,117],[1024,1121],[229,30],[45,249],[382,532],[-181,571],[-239,398],[-159,575],[-1333,1540],[-52,1181],[129,207],[87,562],[183,260],[192,101],[103,373],[412,578],[-70,550],[232,645],[-127,212],[5,138],[736,746],[-38,129],[103,149],[-175,313],[103,249],[-182,1045],[182,511],[482,635],[60,295],[-65,207],[77,403],[-132,77],[-123,349],[-53,480],[195,509],[155,779],[-283,905],[-148,129],[-29,206],[-183,229],[-107,506],[-238,119],[-40,693],[145,538],[271,283],[-139,168],[53,399],[299,171],[-283,126],[-51,105],[163,181],[-47,169],[301,60],[-137,616],[118,21],[149,-128],[126,33],[20,233],[-86,97],[98,302],[-158,368],[487,488],[103,618],[-65,289],[118,200],[-300,343],[80,247],[-70,449],[276,629],[-107,91],[-331,-24],[81,100],[-81,185],[46,247],[-272,278],[-606,102],[35,248],[286,54],[-14,357],[302,29],[57,170],[-1020,246],[-102,82],[-1,179],[147,328],[-48,121],[-170,43],[-73,110],[96,449],[-184,-9],[-8,91],[103,295],[-264,114],[35,122],[160,14],[675,-226],[176,599],[312,130],[111,1129],[-25,262],[-279,316],[74,206],[28,688],[-316,31],[-296,377],[25,116],[299,207],[33,102],[-219,226],[-484,297],[-511,-392],[-102,67],[-239,-43],[-209,250],[-237,131],[-46,387],[-232,168],[-33,443],[-387,119],[-251,158],[-9,102]],[[1217143,1601745],[-361,-503],[-821,-205],[-351,-298],[3,-509],[-150,-327],[90,-304],[-284,-572],[-47,-629],[-122,-279],[-49,-470],[-304,-339],[-351,-787],[-131,-30],[-197,141],[-806,-604],[-488,-127],[-335,-382],[-442,-65],[-869,-621],[-941,-42],[-173,-295],[-324,-224],[67,-379],[-53,-74],[-1011,-531],[-364,-389],[-89,-478],[94,-312],[-320,-649],[-515,-319],[-377,-730],[36,-224],[-188,-249],[-564,-370],[-35,-424],[90,-550],[-55,-804],[-163,-304],[-92,-562],[223,-742],[-165,-647],[-678,-572],[-176,-331],[-208,-96],[-240,-318],[-311,-79],[-270,-336],[-281,-103],[-239,-439],[-114,-610],[-745,-681],[118,-547],[426,-388],[741,-237],[154,-160],[-46,-244],[199,-145],[-272,-484],[172,-211],[-140,-396],[112,-193],[-185,-229],[-88,-468],[-399,-856],[-30,-289],[94,-307],[327,-214],[208,-400],[187,-183],[174,-376],[92,-581],[-28,-830],[-526,-1108],[-121,-470],[75,-402],[129,-199],[94,-412],[188,-264],[15,-275],[184,-407],[-19,-478],[-242,-487],[8,-642],[-217,-302],[-72,-247],[315,-165],[145,-460],[-295,-419],[-382,-188],[-459,-568],[-49,-553],[358,-751],[-30,-625],[-200,-503],[57,-536],[-176,-430],[-202,-222],[0,-184],[154,-293],[-495,-404],[-390,-142],[-26,-708],[-96,-345],[-185,-177],[-306,-40],[-264,-211],[-115,-276],[-29,-357],[-195,-385],[26,-642],[-399,-510],[-973,-763],[-104,-369],[-560,-592],[-187,-109],[-565,-61],[-525,-447],[-286,-515],[-319,-224],[-145,-227],[-262,-120],[-300,-473],[-539,-158],[-365,-418],[-77,-305],[-245,-401],[166,-499],[43,-1216],[-1029,-1790],[-599,-1370],[-113,-754],[-139,-323],[-301,-409],[-868,-619],[-216,-250],[-154,-444],[89,-626],[-82,-156]],[[1192366,1544809],[-572,251],[-331,21],[-829,-133],[-689,-536],[-854,89],[-1316,-277],[-1146,1278],[-970,671]],[[1192366,1544809],[330,-45],[259,-174],[411,-553],[158,-468],[9,-825],[-477,-754],[-3,-972],[339,-1835],[-70,-258],[61,-438],[155,-288],[550,-603],[405,-293],[445,-113],[337,-292],[388,-3],[947,-449],[139,-268],[235,-221],[291,-96],[142,-201],[127,-21],[99,-342],[483,-358],[71,-163],[215,-94],[109,-207],[368,-202],[206,150],[379,-103],[211,-213],[428,-230],[229,-461],[243,-110],[64,-230],[506,-181],[254,-331],[470,-78],[400,-164],[356,5],[190,-184],[11,-171],[180,-159],[171,-326],[796,-208],[340,-263],[51,-163],[259,-148],[210,10],[85,-265],[371,-116],[150,-206],[383,-243],[476,-163],[148,-357],[176,-3],[699,-341],[176,24],[160,132],[150,-7],[121,-190],[234,-15],[140,-178],[222,-36],[138,-211],[218,-104],[1087,133],[209,218],[137,435],[265,111],[11,415],[142,197],[177,88],[373,18],[106,250],[246,187],[333,-24],[242,382],[503,140],[429,-111],[221,-148],[18,464],[207,340],[542,346],[318,10],[825,-405],[172,-9],[323,155],[869,-446],[465,-78],[465,439],[251,40],[220,179],[373,27],[85,147],[12,647],[541,659],[247,-80],[234,235],[160,-86],[141,152],[272,-6],[407,-220],[352,158],[241,307],[412,67],[337,-302],[-187,-305],[54,-122],[767,-145],[475,29],[234,259],[222,116],[484,-424],[257,-47],[365,174],[1151,154],[571,248],[172,147],[48,501],[513,-188],[253,-194],[133,74]],[[1272487,1533523],[541,49],[-13,158],[187,498],[-80,1036],[-242,1013],[-148,1719],[47,181],[-83,411],[188,361],[65,494],[536,683],[107,373],[283,527],[1008,588],[457,607],[128,411],[406,570],[595,509],[676,402],[434,652],[4,330],[158,283],[742,812],[717,532],[59,363],[220,404],[31,404],[-104,450],[86,194],[336,315],[88,242],[1442,1469],[938,76],[1449,823],[851,307],[355,23],[883,392],[213,529],[309,358],[439,278],[61,287],[118,124],[1244,-36],[64,25],[-39,188],[93,53],[-71,96],[51,393],[174,-36],[177,146],[200,22],[121,-108],[326,-60],[300,56],[182,222],[487,1015],[701,778],[27,202],[246,411],[-41,543],[-222,335],[-319,907],[16,733],[-207,806],[3,853],[-136,278],[11,569],[72,143],[-218,708],[-255,324],[-228,486],[-182,649],[39,1337],[143,736],[67,1264],[-185,556],[-263,442],[-772,697],[-106,282],[-736,657],[-742,400],[71,773],[-129,1822]],[[880494,1753988],[32,63]]]}
