{"type":"Topology","bbox":[-73.6337905434001,6.872202711406063,-72.047604107227,9.290848318305994],"transform":{"scale":[0.000003385120954067422,0.0000034456095261769775],"translate":[-81.73562055563167,-4.229406466336059]},"objects":{"MGN_ADM_MPIO_GRAFICO":{"type":"GeometryCollection","geometries":[{"type":"Polygon","arcs":[[47,48,49,40,50,42,51,52,53,54]],"bbox":[-72.60663990718646,7.721514449122953,-72.34632072069772,8.431296229077306],"properties":{"dpto_ccdgo":"54","mpio_ccdgo":"001","mpio_cdpmp":"54001","dpto_cnmbr":"NORTE DE SANTANDER","mpio_cnmbr":"SAN JOSÉ DE CÚCUTA"}},{"type":"Polygon","arcs":[[55,56,57,58,59,-19,-18,60,61,62]],"bbox":[-73.35555052658052,7.7722510493959085,-72.95618072666156,8.286491043130193],"properties":{"dpto_ccdgo":"54","mpio_ccdgo":"003","mpio_cdpmp":"54003","dpto_cnmbr":"NORTE DE SANTANDER","mpio_cnmbr":"ÁBREGO"}},{"type":"Polygon","arcs":[[63,64,29,65,66,67]],"bbox":[-72.99223903506429,7.463483088536137,-72.69149473414207,7.746681181102149],"properties":{"dpto_ccdgo":"54","mpio_ccdgo":"051","mpio_cdpmp":"54051","dpto_cnmbr":"NORTE DE SANTANDER","mpio_cnmbr":"ARBOLEDAS"}},{"type":"Polygon","arcs":[[68,-64,69,70,-54,71,72,73]],"bbox":[-72.74351388784322,7.525169835883284,-72.57552387537667,7.76234492200815],"properties":{"dpto_ccdgo":"54","mpio_ccdgo":"099","mpio_cdpmp":"54099","dpto_cnmbr":"NORTE DE SANTANDER","mpio_cnmbr":"BOCHALEMA"}},{"type":"Polygon","arcs":[[74,75,-57,76]],"bbox":[-73.0150615205366,7.979363192404881,-72.83695338153835,8.187801895081432],"properties":{"dpto_ccdgo":"54","mpio_ccdgo":"109","mpio_cdpmp":"54109","dpto_cnmbr":"NORTE DE SANTANDER","mpio_cnmbr":"BUCARASICA"}},{"type":"Polygon","arcs":[[77,78,79,80]],"bbox":[-72.73012911959084,7.189281482442974,-72.57974173608544,7.332260495341213],"properties":{"dpto_ccdgo":"54","mpio_ccdgo":"125","mpio_cdpmp":"54125","dpto_cnmbr":"NORTE DE SANTANDER","mpio_cnmbr":"CÁCOTA"}},{"type":"Polygon","arcs":[[81,-66,30,31,32,82,-59,83]],"bbox":[-73.36977480482952,7.530496748210753,-72.95270759256269,7.86774956302343],"properties":{"dpto_ccdgo":"54","mpio_ccdgo":"128","mpio_cdpmp":"54128","dpto_cnmbr":"NORTE DE SANTANDER","mpio_cnmbr":"CÁCHIRA"}},{"type":"Polygon","arcs":[[-73,84,85,86,87,88]],"bbox":[-72.63861914483954,7.454555514253814,-72.52785121698054,7.702053646519106],"properties":{"dpto_ccdgo":"54","mpio_ccdgo":"172","mpio_cdpmp":"54172","dpto_cnmbr":"NORTE DE SANTANDER","mpio_cnmbr":"CHINÁCOTA"}},{"type":"Polygon","arcs":[[89,90,-1,20,21,91,-78,92]],"bbox":[-72.75704421629663,6.872202711406063,-72.28966056616855,7.263734213084605],"properties":{"dpto_ccdgo":"54","mpio_ccdgo":"174","mpio_cdpmp":"54174","dpto_cnmbr":"NORTE DE SANTANDER","mpio_cnmbr":"CHITAGÁ"}},{"type":"Polygon","arcs":[[93,94,-14,95,37]],"bbox":[-73.41640146085084,8.391730294888216,-72.95549693222884,9.274130220884983],"properties":{"dpto_ccdgo":"54","mpio_ccdgo":"206","mpio_cdpmp":"54206","dpto_cnmbr":"NORTE DE SANTANDER","mpio_cnmbr":"CONVENCIÓN"}},{"type":"Polygon","arcs":[[-69,96,97,98,27,28,-65]],"bbox":[-72.90145347619715,7.3583472050638985,-72.69021177330048,7.64022218357186],"properties":{"dpto_ccdgo":"54","mpio_ccdgo":"223","mpio_cdpmp":"54223","dpto_cnmbr":"NORTE DE SANTANDER","mpio_cnmbr":"CUCUTILLA"}},{"type":"Polygon","arcs":[[-70,-68,99,100,101]],"bbox":[-72.73256302155681,7.633937391796113,-72.61115904366014,7.841862698653262],"properties":{"dpto_ccdgo":"54","mpio_ccdgo":"239","mpio_cdpmp":"54239","dpto_cnmbr":"NORTE DE SANTANDER","mpio_cnmbr":"DURANIA"}},{"type":"Polygon","arcs":[[-96,-13,102,-9,-8,-7,-6,-5,-4,34,-3,35,36]],"bbox":[-73.57772617015883,8.402328989790735,-73.00269567369139,9.290848318305994],"properties":{"dpto_ccdgo":"54","mpio_ccdgo":"245","mpio_cdpmp":"54245","dpto_cnmbr":"NORTE DE SANTANDER","mpio_cnmbr":"EL CARMEN"}},{"type":"Polygon","arcs":[[103,104,105]],"bbox":[-73.16762215169452,8.500101605705533,-72.90551562134203,8.88799798933396],"properties":{"dpto_ccdgo":"54","mpio_ccdgo":"250","mpio_cdpmp":"54250","dpto_cnmbr":"NORTE DE SANTANDER","mpio_cnmbr":"EL TARRA"}},{"type":"Polygon","arcs":[[106,107,108,109,-48]],"bbox":[-72.76016191269532,7.906726297983544,-72.52534284235358,8.286983765292435],"properties":{"dpto_ccdgo":"54","mpio_ccdgo":"261","mpio_cdpmp":"54261","dpto_cnmbr":"NORTE DE SANTANDER","mpio_cnmbr":"EL ZULIA"}},{"type":"Polygon","arcs":[[110,111,112,113,114,-109]],"bbox":[-72.90130453087517,7.826753700880976,-72.74821243572747,8.017619794974024],"properties":{"dpto_ccdgo":"54","mpio_ccdgo":"313","mpio_cdpmp":"54313","dpto_cnmbr":"NORTE DE SANTANDER","mpio_cnmbr":"GRAMALOTE"}},{"type":"Polygon","arcs":[[115,-63,116,117]],"bbox":[-73.18524847650235,8.243124601633728,-72.96689801960213,8.49302087812924],"properties":{"dpto_ccdgo":"54","mpio_ccdgo":"344","mpio_cdpmp":"54344","dpto_cnmbr":"NORTE DE SANTANDER","mpio_cnmbr":"HACARÍ"}},{"type":"Polygon","arcs":[[45,118,-87,119]],"bbox":[-72.55573445827919,7.394987816765266,-72.41633179226974,7.56024269525024],"properties":{"dpto_ccdgo":"54","mpio_ccdgo":"347","mpio_cdpmp":"54347","dpto_cnmbr":"NORTE DE SANTANDER","mpio_cnmbr":"HERRÁN"}},{"type":"Polygon","arcs":[[-90,120,121,122]],"bbox":[-72.59502894231402,7.155535182743597,-72.44540998126519,7.4013105102458],"properties":{"dpto_ccdgo":"54","mpio_ccdgo":"377","mpio_cdpmp":"54377","dpto_cnmbr":"NORTE DE SANTANDER","mpio_cnmbr":"LABATECA"}},{"type":"Polygon","arcs":[[-60,-83,33,-20]],"bbox":[-73.6337905434001,7.554485081731997,-73.151962582161,7.8374419816311764],"properties":{"dpto_ccdgo":"54","mpio_ccdgo":"385","mpio_cdpmp":"54385","dpto_cnmbr":"NORTE DE SANTANDER","mpio_cnmbr":"LA ESPERANZA"}},{"type":"Polygon","arcs":[[-62,123,124,-117]],"bbox":[-73.27902648229288,8.16838933101095,-73.04802582838731,8.370215909006767],"properties":{"dpto_ccdgo":"54","mpio_ccdgo":"398","mpio_cdpmp":"54398","dpto_cnmbr":"NORTE DE SANTANDER","mpio_cnmbr":"LA PLAYA"}},{"type":"Polygon","arcs":[[125,126,-85,-72,-53]],"bbox":[-72.58781186443994,7.637513934484284,-72.4799957620529,7.86918293658632],"properties":{"dpto_ccdgo":"54","mpio_ccdgo":"405","mpio_cdpmp":"54405","dpto_cnmbr":"NORTE DE SANTANDER","mpio_cnmbr":"LOS PATIOS"}},{"type":"Polygon","arcs":[[-114,127,-75,128]],"bbox":[-72.90336268441524,7.902856878485647,-72.79443626235526,8.026495685113456],"properties":{"dpto_ccdgo":"54","mpio_ccdgo":"418","mpio_cdpmp":"54418","dpto_cnmbr":"NORTE DE SANTANDER","mpio_cnmbr":"LOURDES"}},{"type":"Polygon","arcs":[[-80,129,26,-99,130]],"bbox":[-72.84318538921478,7.248570085559901,-72.69817696290539,7.380240607993228],"properties":{"dpto_ccdgo":"54","mpio_ccdgo":"480","mpio_cdpmp":"54480","dpto_cnmbr":"NORTE DE SANTANDER","mpio_cnmbr":"MUTISCUA"}},{"type":"MultiPolygon","arcs":[[[131,-124,-61,-17,-16,-15,-95,132]],[[-10,-103,-12,-11]]],"bbox":[-73.52999934982743,8.01222397045603,-73.24999229986983,8.430259100609927],"properties":{"dpto_ccdgo":"54","mpio_ccdgo":"498","mpio_cdpmp":"54498","dpto_cnmbr":"NORTE DE SANTANDER","mpio_cnmbr":"OCAÑA"}},{"type":"Polygon","arcs":[[133,-121,-93,-81,-131,-98]],"bbox":[-72.81766834746303,7.262886593141166,-72.53442512187334,7.471873147732378],"properties":{"dpto_ccdgo":"54","mpio_ccdgo":"518","mpio_cdpmp":"54518","dpto_cnmbr":"NORTE DE SANTANDER","mpio_cnmbr":"PAMPLONA"}},{"type":"Polygon","arcs":[[-89,134,-122,-134,-97,-74]],"bbox":[-72.70741495798904,7.38942315738049,-72.55668906238824,7.572064581534553],"properties":{"dpto_ccdgo":"54","mpio_ccdgo":"520","mpio_cdpmp":"54520","dpto_cnmbr":"NORTE DE SANTANDER","mpio_cnmbr":"PAMPLONITA"}},{"type":"Polygon","arcs":[[-51,41]],"bbox":[-72.44748167528907,8.269094160632525,-72.37989096519921,8.383130053510877],"properties":{"dpto_ccdgo":"54","mpio_ccdgo":"553","mpio_cdpmp":"54553","dpto_cnmbr":"NORTE DE SANTANDER","mpio_cnmbr":"PUERTO SANTANDER"}},{"type":"Polygon","arcs":[[44,-120,-86,-127,135]],"bbox":[-72.56273150329125,7.54335231735292,-72.45250180966396,7.659238502546829],"properties":{"dpto_ccdgo":"54","mpio_ccdgo":"599","mpio_cdpmp":"54599","dpto_cnmbr":"NORTE DE SANTANDER","mpio_cnmbr":"RAGONVALIA"}},{"type":"Polygon","arcs":[[136,-100,-67,-82,137,-112]],"bbox":[-73.00074922914281,7.666501847428011,-72.70629448295325,7.902116072437519],"properties":{"dpto_ccdgo":"54","mpio_ccdgo":"660","mpio_cdpmp":"54660","dpto_cnmbr":"NORTE DE SANTANDER","mpio_cnmbr":"SALAZAR"}},{"type":"Polygon","arcs":[[138,139,-118,-125,-132,140,-104]],"bbox":[-73.30222471619109,8.320071953572313,-72.96374308687294,8.572535209164826],"properties":{"dpto_ccdgo":"54","mpio_ccdgo":"670","mpio_cdpmp":"54670","dpto_cnmbr":"NORTE DE SANTANDER","mpio_cnmbr":"SAN CALIXTO"}},{"type":"Polygon","arcs":[[-71,-102,141,-107,-55]],"bbox":[-72.67752433996463,7.753272632125727,-72.5438763795771,7.920911872402815],"properties":{"dpto_ccdgo":"54","mpio_ccdgo":"673","mpio_cdpmp":"54673","dpto_cnmbr":"NORTE DE SANTANDER","mpio_cnmbr":"SAN CAYETANO"}},{"type":"Polygon","arcs":[[-142,-101,-137,-111,-108]],"bbox":[-72.77525955215047,7.79536764370703,-72.65624885476832,7.979190911928573],"properties":{"dpto_ccdgo":"54","mpio_ccdgo":"680","mpio_cdpmp":"54680","dpto_cnmbr":"NORTE DE SANTANDER","mpio_cnmbr":"SANTIAGO"}},{"type":"Polygon","arcs":[[-49,-110,-115,-129,-77,-56,-116,-140,142]],"bbox":[-72.99613192416146,7.9938519804624555,-72.59548931876377,8.523652346816952],"properties":{"dpto_ccdgo":"54","mpio_ccdgo":"720","mpio_cdpmp":"54720","dpto_cnmbr":"NORTE DE SANTANDER","mpio_cnmbr":"SARDINATA"}},{"type":"Polygon","arcs":[[-79,-92,22,23,24,25,-130]],"bbox":[-72.88390500917126,6.984343519045019,-72.69223607563102,7.304237353064815],"properties":{"dpto_ccdgo":"54","mpio_ccdgo":"743","mpio_cdpmp":"54743","dpto_cnmbr":"NORTE DE SANTANDER","mpio_cnmbr":"SILOS"}},{"type":"Polygon","arcs":[[38,143,-105,-141,-133,-94]],"bbox":[-73.33236244804516,8.36984378317794,-72.93117483817386,9.146983783759525],"properties":{"dpto_ccdgo":"54","mpio_ccdgo":"800","mpio_cdpmp":"54800","dpto_cnmbr":"NORTE DE SANTANDER","mpio_cnmbr":"TEORAMA"}},{"type":"Polygon","arcs":[[-50,-143,-139,-106,-144,39]],"bbox":[-73.07368166009819,8.25056711821027,-72.47304272361323,9.141522492660535],"properties":{"dpto_ccdgo":"54","mpio_ccdgo":"810","mpio_cdpmp":"54810","dpto_cnmbr":"NORTE DE SANTANDER","mpio_cnmbr":"TIBÚ"}},{"type":"Polygon","arcs":[[-91,-123,-135,-88,-119,46,-2]],"bbox":[-72.59576351356104,6.9770181531923665,-72.047604107227,7.489321714372938],"properties":{"dpto_ccdgo":"54","mpio_ccdgo":"820","mpio_cdpmp":"54820","dpto_cnmbr":"NORTE DE SANTANDER","mpio_cnmbr":"TOLEDO"}},{"type":"Polygon","arcs":[[-128,-113,-138,-84,-58,-76]],"bbox":[-73.08935477011552,7.764288245780914,-72.87289659582864,8.102512722479972],"properties":{"dpto_ccdgo":"54","mpio_ccdgo":"871","mpio_cdpmp":"54871","dpto_cnmbr":"NORTE DE SANTANDER","mpio_cnmbr":"VILLA CARO"}},{"type":"Polygon","arcs":[[-136,-126,-52,43]],"bbox":[-72.52263474559032,7.643405926774047,-72.4445907819943,7.901361483951286],"properties":{"dpto_ccdgo":"54","mpio_ccdgo":"874","mpio_cdpmp":"54874","dpto_cnmbr":"NORTE DE SANTANDER","mpio_cnmbr":"VILLA DEL ROSARIO"}}]}},"arcs":[[[2727430,3232393],[339,22],[413,146],[158,264],[-237,449],[18,304],[1038,1104],[-11,254],[-207,484],[91,470],[269,383],[1283,812],[590,148],[730,-90],[1192,-1091],[326,-151],[283,-372],[487,-247],[189,-509],[233,-254],[618,-261],[330,-438],[326,-80],[241,-184],[680,-827],[394,-276],[76,-167],[1043,-1095],[435,-676],[750,-306],[407,57],[191,-51],[799,-710],[1153,-142],[182,-142],[134,-483],[1296,-513],[374,170],[187,-51],[275,-217],[147,-247],[288,-184],[933,1],[182,-192],[402,-1417],[657,-73],[540,-327],[368,-63],[279,-564],[506,15],[275,-190],[187,-255],[825,145],[371,-338],[444,249],[289,11],[572,-375],[276,7],[454,-404],[318,-108],[292,-219],[230,-9],[781,-364],[271,-239],[982,-344],[696,-503],[142,-5],[198,283],[239,130],[334,-99],[589,-384],[326,15],[423,204],[1003,-271],[782,-52],[231,201],[221,-46],[377,216],[662,121],[679,454],[-2,534],[264,130],[331,344],[293,65],[240,229],[189,406],[-56,513],[389,-13],[138,114],[135,377],[336,192],[409,-112],[197,176],[520,162],[340,352],[38,308],[328,270],[92,-25],[84,152],[109,12],[170,-227],[155,-25],[554,421],[569,93],[243,278],[331,93],[80,189],[269,196],[540,224],[527,-22],[247,-96],[383,-346],[490,-10],[446,-256],[230,24],[353,290],[360,44],[125,110],[175,706],[-244,970],[206,307],[680,565],[658,203],[428,343],[433,578],[1202,652],[269,307],[409,693],[890,921],[147,114],[519,68],[672,877],[451,828],[344,310],[381,188],[716,88],[742,1525],[172,126],[398,89],[332,512],[713,335],[153,751],[270,713],[131,143],[85,415],[432,323],[324,528],[236,513],[113,989],[471,618],[-24,300],[76,230],[-132,534],[34,247],[135,204],[415,241],[233,829],[152,1248],[432,511],[-2,493],[-160,765],[115,484],[306,344],[253,455],[153,574],[703,1139],[351,980],[308,611],[261,1543],[320,471],[354,832],[522,670]],[[2790435,3258076],[832,841],[145,777],[354,290],[351,652],[329,879],[421,454],[1449,792],[416,20],[308,-157],[234,-25],[522,173],[399,-560],[260,-187],[435,-152],[181,-40],[1877,177],[283,-49],[1882,-593],[545,-324],[146,-198],[78,-497],[-69,-214],[-458,-657],[-58,-235],[51,-715],[-192,-685],[-86,-836],[-256,-371],[-143,-502],[-181,-1452],[61,-284],[281,-331],[799,-501],[941,-270],[497,-343],[584,-547],[198,-26],[527,143],[530,428],[326,152],[484,56],[1129,-129],[334,774],[344,326],[1140,43],[1114,487],[986,252],[151,172],[-21,1175],[670,455],[495,840],[310,910],[739,916],[1138,826],[298,69],[939,-23],[703,391],[526,484],[47,583],[-184,507],[-121,136],[-201,68],[-439,-76],[-189,167],[-71,1209],[-173,479],[-173,906],[17,680],[125,298],[234,284],[486,359],[174,235],[986,1610],[74,780],[-323,1106],[40,545],[711,460],[201,567],[205,199],[1037,134],[282,157],[227,306],[344,-413],[599,-401],[125,-661],[293,-285],[110,-217],[196,-96],[495,-509],[-674,-88],[-226,-107],[-426,-1087],[47,-471],[404,-872],[183,-115],[386,-58],[527,117],[429,378],[512,133],[312,338],[555,164],[409,358],[774,204],[207,320],[253,173],[99,323],[412,474],[9,589],[235,228],[58,581],[160,417],[145,98],[86,-31],[422,359],[1009,2],[269,-733],[53,-704],[217,-224],[704,-136],[255,-137],[463,-1550],[287,-186],[258,14],[361,-138],[605,54],[386,-125],[531,18],[207,-77],[31,-339],[308,-459],[-167,-358],[5,-169],[314,-385],[153,-466],[-210,-229],[-565,-17],[-14,-511],[-233,-314],[-143,-1542],[59,-193],[247,-275],[187,-179],[1184,-438],[486,-985],[415,-282],[536,37],[364,-263],[318,-71],[139,-183],[98,24],[159,253],[440,-223],[256,163],[101,-20],[132,-251],[-11,-689],[153,-177],[353,53],[-74,-187],[50,-96],[613,-61],[289,95],[112,138],[-93,190],[21,164],[220,220],[24,-203],[207,33],[3257,-2347],[109,468],[408,797],[836,791],[351,492],[-108,29],[338,524],[155,589],[54,349],[-94,411],[70,165],[761,421],[429,72],[223,121],[260,737],[585,751],[363,65],[841,341],[132,241],[74,1018],[906,922],[410,1105],[669,833],[-169,569],[304,368],[268,811],[1234,989],[267,60],[394,-89],[665,-391],[829,-32],[363,97],[134,154],[997,405],[665,66],[345,-183],[349,-597],[272,-258],[750,-242],[1209,157],[538,-322],[183,-387],[747,-408],[955,-251],[379,201]],[[2471689,3887898],[-217,-590],[-490,-791],[-182,-730],[52,-229],[-63,-176],[-701,-89],[-835,-362],[-584,-617],[-171,-318],[-512,-159],[-321,-50],[-983,449],[-396,-25],[-514,133],[-164,227],[-371,202],[-915,141],[-891,796]],[[2463338,3885763],[-625,784],[-473,227],[-728,70],[-396,-163],[-651,-531],[-637,-958],[-841,-891],[-265,-1129],[-767,-1688],[200,-1878],[-87,-590],[-150,-149],[-55,-227],[13,-714],[-1448,-1160],[-785,-798],[-364,-541],[-137,-463]],[[2455142,3874964],[-313,-1571],[-406,-573],[-475,-2612],[-214,-635],[-11,-354],[201,-501],[500,-615],[640,-282],[1054,-700],[404,-1000],[181,-73],[425,-772],[201,-896],[238,-529],[59,-1403],[271,-2342],[-51,-1600],[-190,-372],[-142,-688],[88,-996],[748,-1100],[566,-436],[-141,-420],[-193,-275],[-649,-587],[-282,-112],[-122,-141],[-377,-779],[-203,-670],[-21,-1014],[274,-733],[89,-676],[284,-574],[-13,-112],[-415,-532],[-263,-178],[-708,-64],[-347,-122],[-289,-535],[48,-166],[344,-367],[-110,-1256],[18,-198],[153,-180],[7,-991],[-298,-825],[-166,-346],[-236,-269],[-698,-425],[-851,-816],[-130,-470],[-303,-266],[-270,-18],[-151,-117],[-317,-711],[-168,-183],[-405,-19],[-338,-288]],[[2451669,3839479],[-124,-227],[-25,-1287],[-259,-290],[-152,-311],[12,-425],[-300,-646],[103,-247],[271,-130],[306,-296],[87,-379],[-32,-198],[-321,-118],[-66,-198],[38,-677],[-334,-563],[-161,-1156],[35,-281],[103,-148],[288,-147],[307,-377],[-13,-562],[-133,-413],[-28,-925],[172,-395],[71,-478],[306,-345],[393,-691],[127,-1220],[-116,-414],[277,-956],[-62,-924],[171,-214],[36,-445],[326,-692],[24,-1072],[256,-379],[32,-267],[-28,-752],[-225,-705],[12,-1055],[-133,-179],[-16,-179],[282,-310],[248,-1064],[74,-808],[-740,-442],[-1014,-925],[-362,-712],[0,-469],[313,-353],[384,-176],[2200,-1705],[347,-398],[216,-405],[-112,-385],[-228,-175],[-248,-962],[-3,-829],[-290,-641],[-255,-1025],[4,-575],[-258,-641],[-67,-513],[75,-509],[-65,-239],[-1053,-1698],[-189,-179],[-1329,-203],[-1304,16],[-857,323],[-201,-80]],[[2448462,3802034],[-7,-757],[-161,-533],[-117,-1226],[467,-1481],[231,-283],[128,-528],[753,-625],[375,-160],[48,-996],[1214,-999],[165,-479],[234,-253],[337,-193],[647,-1022],[279,-153],[256,-279],[308,-591],[76,-367],[-5,-649],[-23,-160],[-259,-404],[85,-464],[-394,-392],[-90,-271],[214,-221],[714,-213]],[[2453937,3788335],[73,-165],[1,-516],[221,-500],[20,-462],[-120,-875],[-178,-321],[-12,-330],[219,-467],[346,-169],[540,-718],[73,-291],[-91,-1480],[148,-507],[1031,-2076],[692,-678],[478,-1236],[338,-394],[589,-129],[606,-403],[45,-640],[-417,-807],[-780,-1096],[300,-889],[100,-839],[-48,-754],[-449,-1011],[-1142,163],[-692,-155],[-462,123],[-356,-1],[-1647,-429],[-409,125],[-663,-189],[-1141,-35],[-618,-130],[-247,-639],[-909,-904],[-290,-145],[-1185,-138],[-185,-134],[-388,-610],[-257,-166],[-220,-299],[-164,-67],[-533,275],[-527,-52],[-447,-331],[-203,-343],[-528,-598],[-536,-314],[-251,-483],[-120,-506],[-433,-648],[-162,-448],[-480,-540],[-49,-705],[-442,-857],[-259,-314],[-362,-788],[-136,-1589],[-430,-814],[-189,-969],[229,-1476],[203,-186],[-76,-329],[290,-273],[-17,-71],[-487,-481],[-375,-64],[-342,-312],[-137,-352],[-242,-71],[-274,-260],[-353,344],[-327,-293],[-312,148],[-168,-9],[-184,-598],[-501,-147],[-457,-522],[-241,110],[-121,697],[-309,12],[-174,-150],[-258,-14],[-72,-190],[107,-394],[-27,-315],[-203,-85],[-95,-162],[-684,-545],[236,-449],[-66,-147],[-225,-143],[-44,-341],[-47,-57],[-336,93],[119,-365],[-598,-201],[-188,-279],[-247,34],[-275,315],[-195,72],[-190,-36],[-244,-295],[-374,-200],[-163,36],[56,257],[-105,101],[-114,-21],[-186,-258],[-288,79],[-114,-47],[84,-501],[-439,-140],[-113,-217],[-217,-169],[-105,-379],[235,-630],[-44,-228],[60,-346],[-248,-29],[-572,-492],[-384,-465],[-88,-279],[-148,-50],[31,-139],[-346,-664],[-181,-87],[-133,-237],[-109,-375],[109,-281],[-23,-1074],[-52,-211],[-298,-324],[-110,-473],[-431,-342],[-636,-253],[-725,-419],[3,-218],[-185,-549],[205,-587],[-61,-284],[35,-629],[-210,-388],[23,-459],[-162,-388],[85,-90],[713,-174],[29,-113],[-106,-714],[-380,-1180],[-381,-596],[-379,-305],[-253,-697],[-350,-388],[-1556,-1192],[-598,-339],[-410,-384],[-705,-246],[-671,-60],[-788,128],[-685,-1172],[-1312,-1659],[-117,-485],[-337,-521],[-133,-496],[-363,-558],[-18,-139],[442,-332],[3,-173],[-181,-419],[107,-732],[-18,-497],[499,-455],[82,-174],[-242,-487],[1244,-1346],[1028,-648],[70,-149],[-588,-740],[-1008,-970],[52,-1725],[82,-378],[233,-206],[63,-856],[-113,-654],[-176,-428],[-89,-981],[1002,-401],[411,-344],[247,77],[798,-352],[179,-334],[-33,-280],[139,-591],[214,-258],[80,-526],[247,-296],[334,-281],[596,-297],[585,-151],[315,-223],[341,-101],[819,-827],[148,-348],[351,-430],[202,-580],[2,-403],[270,-487],[262,-180],[682,207],[408,-108],[325,-872],[-310,-524],[900,-1348],[-732,-742],[-597,-68],[-557,63],[-468,195],[-703,39],[-780,363],[-649,-30],[-492,-122],[-296,-262],[-54,-172],[-306,-195],[-165,-474],[-413,-132],[-278,-268],[-296,-112],[-176,-239],[-283,-42],[-5,-414],[-475,59],[-369,-318],[-613,-120],[-4,-298],[-150,-146],[-292,126],[-152,-61],[-114,-467],[-177,-154],[-13,-784],[-171,-171],[-407,-84],[-401,-465],[-294,78],[-40,-112],[-117,-8],[-210,-219],[-129,-235],[3,-164],[-215,-79],[-115,-136],[-227,140],[-176,-104],[-386,-12],[-46,197],[-185,25],[-206,-205],[-218,30],[-294,-92],[-216,67],[-275,-177],[-617,-154],[-688,233],[-278,268],[-181,-213],[-21,-189],[-244,105],[-540,-141],[-64,184],[-433,55],[-231,-172],[-424,97],[-264,-71],[-274,-255]],[[2410266,3696040],[324,48],[622,-265],[421,-716],[365,-359],[159,-397],[411,-644],[-587,-13],[-235,-223],[-498,-116],[-74,-144],[-276,-100],[-78,-122],[-231,135],[-395,-60],[-267,104],[188,-267],[-17,-264],[196,-168],[77,-452],[439,-122],[241,-176],[567,61],[371,-222],[245,197],[338,12],[201,-227],[163,-25],[257,243],[266,50],[240,150],[762,-92],[139,61],[161,-79],[325,-323],[128,-243],[30,-227],[150,-174],[-5,-333],[115,-209],[-76,-700],[65,-248],[-250,-342],[120,-626],[1297,99],[670,129],[217,-251],[-40,-899],[214,-804],[1076,-611],[338,174],[244,439],[338,-76],[781,107],[287,134],[227,257],[476,318],[1040,77],[1655,567],[648,587],[1176,731],[154,29],[191,-308],[294,-34],[323,-213],[767,266],[847,-210],[507,120],[405,-180],[1524,-348],[694,-250],[1831,89],[319,-230],[877,-268],[468,-463],[461,-814],[648,-257],[428,-393],[1536,370],[523,-23],[431,-306],[249,-267],[889,-1434],[498,-1362],[146,-1122],[-2,-855],[138,-333],[-254,-373],[101,-838],[-222,-441],[-401,-374],[-1017,-327],[-796,-444],[-766,-866],[-945,-686],[-393,-406],[-268,-1033],[147,-637],[-301,-128],[-176,-329],[-546,-255],[-185,-812],[39,-517],[-123,-393]],[[2435047,3671746],[-359,-243],[-96,-205],[-62,-397],[87,-505],[-36,-290],[-548,-941],[-297,-340],[-507,-542],[-1032,-738],[-1566,-1715],[-486,-196],[-349,-333],[-319,22],[-136,-68],[-249,-385],[-407,-67],[-756,-820],[11,-879],[-128,-213],[4,-239],[-323,-370],[-179,-79],[-37,-116],[105,-215],[-230,-290],[-294,-197],[-906,11],[-172,-64],[-590,-432],[-222,-467],[-514,-213],[-428,-433],[551,-16],[450,509],[312,143],[897,-69],[216,174],[170,24],[166,244],[331,-75],[746,9],[611,283],[769,0],[707,-245],[948,-6],[270,123],[1456,-56],[996,-224],[452,15],[341,130],[529,-91],[1423,71],[532,-526],[1132,-529],[788,-935],[660,-284],[608,-399],[535,-206],[-155,-219],[267,-318],[205,-704],[277,-385],[184,-580],[612,218],[142,-138],[550,-215],[463,-377],[311,-370],[524,-170],[345,19],[331,-260],[418,52],[285,-163],[219,12],[119,-80]],[[2445719,3654173],[-860,-1154],[-57,-238],[-416,-621],[136,-555],[-92,-474],[435,-814],[832,-753],[817,-182],[937,-339],[638,-46],[445,-201],[462,-33],[458,-213],[292,42],[333,-400],[303,519],[72,678],[445,435],[51,217],[-65,601],[473,953],[84,876],[-74,343],[369,1280],[1,321],[531,639],[45,260],[292,25],[310,242],[292,60],[498,-150],[208,14],[14,-214],[189,-234],[113,-536],[189,-189],[167,-351],[214,-36],[304,121],[773,1450],[3570,745]],[[2459447,3656261],[-475,247],[203,277],[37,211],[268,84],[696,-150],[253,28],[739,517],[914,797],[224,56],[477,-81],[333,103],[597,373],[371,374],[365,1078],[-914,1087],[-367,659],[-903,211],[-362,523],[619,159],[180,-60],[132,54],[334,369],[95,288],[-38,465],[-102,254],[-320,360],[-191,563],[-703,641],[-660,1278],[485,478],[-115,303],[18,479],[-293,59],[0,92],[236,168],[157,347],[583,180],[72,418],[335,590],[1,362],[-220,272],[-398,286],[-247,946],[-348,230],[-1237,171],[-391,257],[-234,362],[-349,1118]],[[2459304,3674144],[-65,698],[-108,318],[-607,637],[-357,2295],[-49,2272],[-292,787],[350,1409]],[[2458176,3682560],[1041,-221],[794,-509],[944,-372],[810,-131],[520,59],[647,270],[461,268],[551,638],[1508,131],[846,-228],[1204,22],[562,82],[631,399],[885,-229],[755,-52],[852,-180],[1407,-734],[640,-624],[567,-267],[828,-618],[878,-1118],[949,-818],[881,-1031],[416,-354],[669,-39],[540,-431],[585,-788],[136,-384],[-51,-370],[-151,-271],[-382,-391],[34,-529],[482,-1124],[379,-1196],[370,-424],[-461,-344],[-289,-328],[-238,-823],[-194,-319],[-1079,-1032],[-146,-484],[-380,-342],[-393,-191],[-59,-512],[191,-443],[-6,-292],[-81,-577],[-197,-627],[304,-647],[282,-321],[167,-693]],[[2477785,3663021],[47,-1041],[-356,-250],[-106,-224],[361,-756],[3,-422],[-155,-711],[-207,-394],[-8,-370],[-484,-1146],[181,-526],[-172,-386],[-77,-471],[-537,-470],[-191,-292],[-29,-273],[297,-478],[-66,-1904],[289,-304],[16,-116],[16,-632],[-265,-473],[-107,-613],[118,-228],[65,-856],[262,-588],[55,-381],[25,-759],[144,-710],[-45,-614],[222,-541],[-107,-430],[27,-302],[-60,-86],[-198,-23],[-252,140],[-241,-68],[-262,52],[-300,-109],[-217,-248],[-385,27],[-342,-90],[-405,-574]],[[2474339,3644381],[-73,-55],[-13,-184],[331,-433],[-29,-325],[71,-5],[-23,-475],[-96,-109],[76,-44],[-136,-255],[-297,160],[-241,-74],[-179,44],[-337,-218],[-221,-38],[-177,-161],[-942,-303],[-184,-248],[-203,203],[-516,-204],[-328,-978],[-213,-23],[-490,-624],[-201,-142],[-107,-258],[-467,-239],[48,-286],[261,-228],[81,-236],[-150,-382],[-267,-223],[-247,-874],[169,-412],[370,-271],[-244,-844],[150,-303],[16,-610],[-88,-282],[510,-138],[261,-320],[392,-221],[-106,-487],[86,-244],[-157,-381],[18,-360],[-208,-511],[274,-624],[455,-557],[46,-219],[-184,-660],[35,-419],[-299,-182],[-166,-406],[-182,-177],[-75,-381],[86,-124],[-41,-186],[-277,-178],[-25,-286],[108,-285],[-151,-177],[44,-177],[177,-198],[-40,-111],[-561,-25],[-4,-164],[-176,-89],[-530,155],[-461,-55],[-756,476],[-764,-255],[-180,72],[-103,174],[-369,130],[-194,210],[-41,193],[-365,33],[-159,107],[-347,-170],[-162,15],[-159,-143],[-175,-588],[-169,-127],[-151,-526],[-118,197],[-321,-169],[-288,15],[-125,-290],[-102,184],[-217,65],[-179,-455],[-512,-233],[-1196,-1461],[-245,-158],[-286,-30],[-24,-110],[-316,231],[-179,624],[-214,180],[6,492],[-431,200],[-244,270],[-842,195],[-1041,640],[-437,104],[-930,-238],[-499,79],[-198,-59],[3,-86],[-101,-48],[-439,26],[-332,114],[-161,-256],[-278,-19],[-250,-118],[13,-103],[-174,42],[-322,-202],[-126,-304],[-256,-176],[-183,-343],[-634,-384],[-427,-184],[-698,174],[-469,-331],[92,-152],[-107,-302],[-20,-649],[-280,-483],[-88,-346],[-36,-334],[1497,-243],[628,-429],[272,-22],[262,151],[564,-16],[110,-318],[232,-85],[343,-376],[253,-93],[-63,-156],[-405,-330],[-15,-427],[-337,-305],[190,-204],[60,-679],[255,-88],[-223,-559],[-1,-214],[266,70],[29,-102],[-73,-338],[-205,-400],[-202,-302],[-165,-56],[-4,-211],[-97,-134],[43,-105],[290,-124],[296,-784],[-54,-301],[-263,-51],[32,-254],[-438,-364],[72,-214],[-49,-250],[-195,-175],[89,-666],[-228,-567],[64,-202],[-49,-218],[122,-116],[7,-194],[-389,-91],[-11,-553],[-132,-156],[-32,-249],[-555,-72],[21,-166],[220,-221],[-46,-138],[105,-176],[-230,-220],[103,-232],[-309,-89],[59,-307],[-48,-173],[-557,-436],[-177,-400],[-336,-191],[-125,-299],[-428,71],[-372,-348],[-157,-297],[-305,-49],[-325,-488],[-335,-58],[-288,-196],[-27,-89],[237,-108],[17,-135],[-493,-202],[507,55],[286,196],[196,4],[214,-171],[245,-467],[268,-75],[829,-460],[276,-564],[793,-613],[125,-332],[334,-355],[-1,-358],[116,-153],[281,-97],[366,65],[317,-123],[999,-34],[-535,-680],[-19,-539],[-173,-180],[-8,-260],[-127,-143],[-254,-896],[144,49],[223,318],[4,-162],[122,-67],[39,-238],[105,-121],[-2,-133],[-161,-252],[211,-131],[228,-415],[-115,-68],[-107,82],[-184,-145],[150,-251],[-84,-138],[248,43],[379,-69],[327,-149],[53,-108],[-184,-16],[-114,-121],[-191,33],[-67,-216],[-231,-55],[-17,-171],[-205,-199],[24,-168],[250,-295],[-298,-85],[-178,-294],[-24,-341],[-211,-478],[113,-226],[-596,-94],[-325,82],[-57,-128],[-110,30],[-134,-101],[3,-135],[-358,-55],[120,-262],[-128,-147],[-374,26],[109,-485],[405,0],[26,-469],[-345,-271],[84,-150],[166,81],[83,-59],[-130,-264],[19,-264],[239,-258],[3,-234],[268,-259],[122,-412],[324,-275],[-143,-161],[-410,-171],[-189,-223],[571,-202],[258,239],[335,-110],[458,2],[237,-222],[82,-206],[271,-89],[52,-427],[232,-196],[177,4],[206,-191],[236,-18],[529,223],[232,-40],[-61,-773],[-674,-595],[-430,-257],[-604,-69],[-395,-297],[-561,-72],[262,-126],[168,-326],[-169,-419],[240,-189],[78,-315],[425,-217],[581,-39],[210,186],[134,21],[481,-222],[1189,-1272],[180,-42],[232,-307],[222,-82],[570,-558],[535,51],[621,311],[545,405],[207,-189],[438,-205],[211,-285],[153,-73],[183,-445],[557,635],[230,-50],[176,211],[341,194],[128,202],[55,367],[389,316],[122,380],[301,2],[365,306],[172,-298],[-125,-362],[5,-356],[201,-356],[70,-544],[-229,-1033],[45,-378],[-82,-119],[-27,-1004]],[[2463477,3580201],[231,91],[209,300],[443,216],[90,370],[0,354],[-110,213],[40,252],[309,-312],[749,-331],[401,20],[695,373],[443,-21],[222,-528],[316,-373],[548,-103],[991,-819],[-10,-279],[580,-1513],[84,-590],[369,-642],[67,-550],[-362,-983],[200,-902],[42,-828],[181,-210],[662,-311],[81,-322],[-36,-525],[-289,-1236],[-36,-442],[64,-379],[796,-725],[204,-396],[-318,-1068],[-48,-579],[-194,-494],[-611,-406],[-505,-665],[-118,-523],[75,-711],[-72,-391],[240,-482],[157,-689],[567,-1144],[62,-1125],[-48,-792],[456,-1642],[638,-1106],[625,-1499],[37,-1150],[-424,-1666],[129,-114],[684,90],[1073,436],[272,364],[140,74],[527,74],[362,224],[568,187],[1025,-63],[585,177],[846,-131],[753,73],[414,-439],[827,658],[744,327],[652,515],[213,106],[426,54],[346,2],[535,-284],[349,-416],[296,-547],[1092,-941],[269,-7],[358,113],[860,-54],[368,61],[521,227],[800,31],[830,148],[114,-64]],[[2489148,3553819],[386,-421],[302,-154],[9,-532],[168,-218],[829,-567],[149,-248],[171,-770],[469,-1174],[-44,-143],[-601,-473],[-77,-198],[46,-208],[70,-111],[782,-469],[400,-680],[74,-1140],[168,-693],[-58,-542],[63,-156],[168,-125]],[[2492622,3544797],[408,130],[2255,2148],[495,-150],[319,6],[1206,418],[353,-1056],[269,-215],[173,-317],[-8,-288],[265,-358],[-142,-260],[-11,-364],[236,-390],[109,-524],[52,-462],[-121,-423],[73,-552],[113,-181],[-54,-437],[110,-261],[-22,-260],[127,-247],[-100,-215],[219,-434],[-55,-916],[173,-684],[114,-1122],[138,-368],[-149,-232],[43,-1497],[-233,-1051],[31,-767],[-153,-198],[-908,-491],[568,-651],[174,-71],[35,-170],[-339,-627],[-98,-501],[-518,-114],[-315,-257],[-292,67],[-202,-191],[-263,-28],[-168,-219],[-562,-129],[-383,-360],[27,-511],[-295,-328],[-72,-255],[-201,-149],[-528,-277],[-786,35],[-139,-139],[5,-242],[-235,-77],[-210,-363],[-1004,-112],[-151,-111],[-479,-27],[-309,-141],[-52,-189],[271,-592],[-99,-189],[-51,-1149],[-108,-128],[-430,71],[-151,-164],[481,-690],[-77,-236],[-94,-27],[-238,117],[-74,-208],[384,-759],[70,-419],[-91,-131],[-719,199],[-255,258],[-516,132],[-60,-264],[-508,-246],[-252,-19],[-165,-208],[-380,-66],[-406,-399],[-124,375],[-207,84],[-5,541],[-147,214],[-105,-63],[-216,-492],[-261,-16],[-235,298],[-184,64],[-825,-146],[-335,90],[-277,-28],[-282,-249],[-546,118],[-225,-75],[-329,-263],[-18,-550],[-289,-94],[-349,89],[-107,106],[-164,281],[-87,431],[-267,122],[-292,-205],[-145,-241],[39,-195],[323,-314],[-66,-169],[-181,-47],[-601,165],[-541,-27],[-444,-546],[-677,-108],[-628,-479],[-672,-68],[-119,-264],[-273,-38],[-43,-264],[363,-203],[-3,-195],[-211,-266],[-794,-285],[-40,-322],[-397,-232],[-60,-139],[206,-375],[-111,-269],[28,-411],[300,-234],[161,-431],[5,-86],[-176,-130],[161,-284],[90,-641],[-125,-1005],[-751,-778],[-25,-182],[93,-230],[738,-582],[-173,-370],[115,-208],[-46,-207],[-126,-125],[-762,-151],[151,-740],[-182,-648],[105,-697],[-356,-22],[-401,-299],[137,-483],[181,-137],[47,-210],[272,-289],[664,-402],[169,286],[204,-63],[49,-236],[-155,-314],[338,-33],[53,-73],[-172,-530],[352,-233],[-90,-454],[528,-348],[-387,-399],[93,-278],[409,-240],[51,-141],[-234,-251],[77,-503],[-348,-560],[228,-150],[-54,-437],[187,-206],[286,-788],[-374,-942],[-400,-150],[-64,-625]],[[2477607,3499626],[-21,-227],[-164,-335],[133,-321],[182,-1155],[92,-160],[304,-221],[-50,-338],[375,-44],[267,-304],[93,-575],[-111,-576],[37,-94],[374,-191],[137,-259],[-83,-134],[-551,-233],[-357,-39],[-579,129],[-97,-100],[70,-325],[208,-354],[12,-266],[-471,-393],[-123,-370],[250,-497],[63,-831],[-213,-293],[-479,-22],[-73,-62],[-196,-708],[27,-739],[-192,-531],[-513,-805],[-247,-230],[-267,-48],[-737,152],[-615,-384],[-574,-742],[-298,-48],[-136,-127],[-169,-432],[-424,-374],[-124,-757],[-158,-447],[-99,-88],[-607,-197],[-580,-1],[-226,-124],[-155,-241],[-702,-381],[-189,-208],[-97,-464],[-350,-629],[-546,-192],[-353,-703],[-678,-643],[-172,-476],[-22,-405],[-310,-307],[-396,-189],[201,-542],[-103,-260],[-1742,-644],[-32,-158],[127,-353],[-40,-227],[-522,-302],[-11,-109],[444,-370],[11,-163],[-505,-369],[-574,-1152],[-347,-479],[-175,-149],[-620,-185],[-221,-193],[-87,-372],[254,-593],[-144,-263],[-286,-314],[-752,-387],[-723,-755],[-227,-385],[-99,-413],[78,-397],[256,-345],[540,-206],[-14,-289],[-217,-188],[-241,-23],[-971,579],[-308,36],[-270,-125],[-193,-402],[39,-287],[262,-247],[621,-84],[98,-80],[-22,-482],[-72,-135],[-400,-25],[-258,350],[-168,28],[-142,-200],[-77,-493],[-191,-464],[-707,-690],[-344,-199],[-714,-167],[-2475,-1660],[-1051,-265],[-241,-191],[-56,-331],[-390,-531],[-402,-187],[-316,-254],[-579,-762],[-812,-512],[-273,-133],[-400,-5],[-667,270],[-216,-71],[-678,-553],[-290,-121],[-966,2],[-731,-180],[-562,-2],[-695,-418],[-418,-105],[-391,-12],[-427,129],[-209,-43],[-220,-296],[-185,-724],[-540,-924],[-253,-281],[-945,-429],[-679,-546],[-710,-39],[-651,-431],[-342,-3],[-559,289],[-234,-19],[-106,-279],[229,-509],[-75,-330],[-128,-115],[-584,-92],[-451,121],[-602,-93],[-353,-380],[-161,-40],[-130,188],[7,449],[-243,100],[-95,-107],[-44,-601],[-244,-104],[-142,143],[-82,397],[-354,164],[21,364],[-68,114],[-185,71],[-349,-131],[38,335],[-95,77],[-599,-357],[-67,41],[51,496],[-134,-3],[-191,-283],[-104,-23],[-386,274],[-496,197],[-369,-173],[-200,3],[-417,418],[-350,225],[-485,-168],[-125,41],[-154,412],[-155,188],[-80,388],[-891,1068],[-806,649],[-87,591],[-232,86],[-338,-276],[-135,67],[24,561],[-273,211],[8,441],[-158,283],[13,416],[-304,347],[28,462],[-91,470],[-212,137],[-317,-22],[-110,150],[9,118],[227,265],[-31,361],[-311,61],[-307,-202],[-469,451],[-250,-6],[-142,-141],[-97,-364],[-499,-349],[-238,-383],[-219,-44],[-353,196],[-107,339],[-95,78],[-123,-1],[-332,-215],[-929,112],[-423,515],[-497,388],[-522,128],[-108,349],[-164,153],[-708,-349],[-265,-32],[-140,70],[-106,194],[-446,225],[-872,128],[-115,106],[-165,575],[-329,538],[-139,198],[-358,230],[-189,471],[-434,383],[-251,591],[129,231],[78,416],[-293,857],[-168,166],[-249,10],[-350,-383],[-229,-34],[-188,344],[-576,452],[-368,190],[-615,140],[-489,379],[-667,271],[-525,402],[-271,84],[-1729,1031],[-479,90],[-327,-173],[-178,-11],[-347,215],[-432,445],[-642,323],[-758,-106],[-173,-164],[-540,-82],[-323,81],[-1201,604],[-923,144],[-370,-35],[-348,102],[-132,-26],[-270,-302],[-490,74],[-418,-304],[-679,219],[-998,-99],[-254,263],[-280,-80],[-406,256],[-1100,23],[-1204,517],[-494,-12],[-628,99],[-691,906],[-264,157],[-296,49]],[[2727430,3232393],[-2412,-1283],[-308,-82],[-150,-468],[-373,-707],[-36,-1135],[295,-740],[51,-385],[-23,-479],[-235,-572],[-180,1],[-455,355],[-381,168],[-308,-41],[-32,-135],[243,-324],[-85,1],[-180,73],[-560,543],[-191,43],[-712,-435],[-245,-499],[-330,-208],[-657,-70],[-753,117],[-149,-73],[31,-396],[-192,-155],[-222,198],[-286,74],[43,94],[-233,84],[-21,104],[-634,627],[-222,125],[-668,117],[-764,-133],[-329,-218],[-191,-20],[-287,-259],[-404,-207],[-579,-145]],[[2714306,3225948],[-20,542],[86,135],[65,531],[-156,823],[-116,208],[-624,439],[-63,365],[214,707],[373,364],[54,249],[-41,490],[-253,500],[2,552],[-222,438],[-594,-40],[-211,136],[-190,397],[-39,822],[96,208],[563,550],[-356,1209],[54,271],[-168,656],[192,385],[531,227],[362,436],[140,666],[373,488],[576,1071],[489,290],[277,270],[139,312],[-148,354],[13,489],[214,697],[-295,470],[-158,490],[66,530],[-117,84],[-61,594],[139,520],[-73,292],[-423,553],[-52,177],[76,406],[-127,125],[-413,158],[-21,229],[-972,1096],[-231,584],[-360,386],[-696,1189],[-93,636],[203,457],[-31,188],[96,260],[-52,177],[107,505],[-168,453],[33,229],[351,457],[-136,552],[193,593],[-242,584],[128,301],[-42,136],[-360,157],[-201,199],[-253,469],[-338,344],[-443,845],[-825,648],[-148,209],[-73,219],[53,187],[-84,115],[-1252,-6],[-487,74],[-679,200],[-646,356],[-498,-30],[-531,-290],[-596,-477],[-265,-72],[-319,12],[-307,115],[-382,-9],[-552,-217],[-117,-166],[-159,-21],[-381,220],[-213,-30],[-680,-373],[-266,-436],[-86,-323],[-458,-561],[-584,-237],[-362,-301],[-414,-145],[-467,-50],[-191,-198],[-192,-51],[-359,230],[-392,397],[-169,-41],[-308,74],[-562,-82],[-233,42],[-827,399],[-413,-82],[-212,229],[-742,-18],[-64,-125],[-319,-124],[-468,-353],[-192,-530],[-383,-134],[-574,-373],[-774,-50],[-1112,482],[-1392,-662],[-159,74],[-560,595],[-393,-30],[-900,284],[-159,198],[-349,157],[-507,730],[-244,95],[-190,219],[-868,586],[-413,168],[-308,1],[-775,-269],[-372,-259],[-43,-239],[-192,-166],[-75,-219],[-106,-31],[10,-114],[-255,-291],[-297,94],[-212,-176],[-138,0],[-55,-655],[219,-959],[-22,-375],[-734,-747],[-65,-333],[-512,-578],[-889,-546],[-137,-187],[-21,-466],[158,-300],[169,-653],[-717,-528],[-158,-508],[-85,-694],[-422,-93],[-369,787],[-81,682],[-253,355],[23,656],[-200,615],[-20,417],[129,635],[-253,573],[-137,146],[-10,250],[-252,656],[65,521],[-1014,1533],[-9,302],[-286,439],[-210,667],[109,697],[-104,969],[97,353],[266,312],[75,270],[-41,302],[-127,136],[-181,-135],[-149,-10],[-234,-207],[-774,75],[-422,595],[-297,157],[-827,-60],[-415,-259],[-1178,-132],[-1437,-1714],[-658,-342],[-636,168],[-731,471],[-1441,608],[-1061,-91],[-1824,120],[-870,-39],[-212,-114],[-108,-272],[-235,-643],[-163,-1312],[-693,-1435],[-936,-799],[-1250,-767]],[[2659186,3255172],[-1016,-248],[-647,-420],[-1251,1006],[-425,216],[-262,288],[-73,278],[2,1269],[-777,1135],[-199,130],[-335,1550],[-1089,728],[-245,305],[-645,1426],[-1371,-46],[-76,42],[1,333],[-89,187],[-419,406],[-224,109],[-1459,399],[-542,285],[-449,68],[-323,-54],[-674,265],[-628,26],[-211,211],[-781,353],[-933,196],[-88,216],[154,1660],[220,271],[23,354],[-374,341],[-573,182],[-246,223],[-542,1098],[-219,42],[-715,-88],[-1451,390],[-1585,-302],[-467,50],[-1309,-100],[-190,97],[-275,619],[-162,84],[-1691,-176],[-784,411],[-360,98],[-334,-401],[-289,56],[-276,181],[-161,598],[-325,229],[-168,494],[-268,320],[-389,42],[-785,-372],[-1015,81],[-319,-486],[-234,-55],[-987,211],[-1171,775]],[[2626691,3272758],[-212,184],[-476,-212],[-220,53],[-277,254],[-598,1020],[-1412,1059],[-212,70],[-361,-27],[-411,-228],[-262,-41],[-1445,211],[-500,277],[-380,11],[-991,-143],[-821,-311],[-396,-47],[-940,356],[-113,202],[15,375],[-232,528],[-266,1014],[299,818],[-77,153],[-529,408],[-785,45],[-194,235],[12,1518],[323,1141]],[[2615230,3281681],[280,1343],[192,426],[266,499],[895,1211],[703,1665],[-8,251],[710,1083],[63,286],[737,1283],[27,225],[257,190],[196,408],[682,215],[320,537],[691,415],[532,484],[1222,882],[1191,1958],[1686,3315],[-123,243],[-278,261],[4,508],[-369,1048],[-845,525],[-312,416],[-440,209],[26,191],[161,133],[-261,382],[111,432],[-197,275],[-534,459],[-428,230],[-156,226],[119,133],[446,123],[471,-126],[197,203],[-57,228],[255,76],[160,268],[81,-2],[39,-105],[136,314],[185,-16],[121,232],[154,41],[-159,162],[40,230],[96,45],[-10,108],[191,148],[60,161],[146,2],[30,217],[211,-85],[485,89],[536,563],[146,-8],[43,-197],[387,260],[39,197],[-202,502],[-25,399],[355,17],[390,480],[51,667],[162,66],[5,82],[-221,228],[181,107],[-477,1268],[30,163],[219,48],[-12,417],[-114,384],[413,301],[-31,120],[-188,37],[-78,123],[-56,465],[-98,198],[14,401],[68,74],[271,-134],[102,61],[102,274],[-57,56],[-326,-111],[92,370],[167,31],[422,-130],[99,87],[-320,344],[17,291],[-313,-114],[-130,223],[246,301],[-4,345],[169,146],[107,48],[269,-85],[166,-295],[168,125],[68,183],[-66,419],[195,294],[435,72],[293,330],[829,-260],[298,368],[-257,364],[-55,331],[-235,519],[130,308],[-27,485],[91,237],[-106,160],[-787,-31],[-685,-130],[-603,-423],[-185,138],[-444,-81],[-341,436],[-252,133],[-190,386],[-393,128],[-230,331],[-319,100],[-84,271],[-269,100],[-235,380],[-494,57],[-61,254],[-84,60],[-220,-32],[-122,259],[-265,-98],[-27,198],[-511,40],[-197,192],[23,642],[-199,263],[-134,463],[-212,76],[-55,154],[60,437],[167,279],[80,-100],[94,158],[-84,308],[89,83],[-55,83],[-157,-3],[-118,333],[-348,84],[-964,1157],[-353,-28],[-377,317],[-177,267],[-100,696],[-81,108],[10,359],[-110,296],[333,723],[65,379],[230,283],[-404,1426],[-732,679],[-95,210],[-6,619],[130,315],[39,779],[-388,39],[-169,386],[-528,619],[-411,-77],[-185,276],[-716,409]],[[2617169,3335511],[15,1120],[171,156],[435,144],[407,258],[640,996],[17,264],[-234,647],[116,372],[1763,1462],[628,403],[743,155],[1280,61],[481,754],[1520,1249],[905,1070],[1086,467],[840,514],[488,445],[433,618],[512,397],[200,282]],[[2629615,3347345],[-71,227],[-415,126],[-366,228],[-366,385],[-166,603],[-508,1012],[-239,282],[-566,370],[753,898],[265,563],[33,306],[-118,564],[-71,305],[-278,525],[0,220],[378,805],[81,438],[-146,1919],[131,1276],[-111,157],[-391,212],[-79,220],[432,515],[242,571],[-55,345],[811,1673],[0,165],[-326,462],[-14,588]],[[2628455,3363305],[-534,541],[-470,190],[-1365,-12],[-392,-101],[-575,-296],[-280,-38],[-1714,748],[242,696],[745,1173],[666,1282],[9,156],[-167,220],[-607,104],[-534,377],[-483,572],[-373,305],[-1110,769],[-509,259]],[[2621004,3370250],[-2647,1238],[-605,848],[-107,678],[-382,964],[-208,923],[15,827],[-229,527],[104,501],[-64,151],[-421,177],[-1555,1370],[-598,1029],[-433,515],[-1314,881],[-343,928],[-88,489],[52,389],[-76,138],[-715,240],[-178,263],[-152,602],[-1033,893],[-76,226],[129,438],[-23,815],[-352,2106],[52,451],[360,914],[92,639],[-76,301],[77,313],[347,476],[424,1089],[53,451],[141,313],[359,325],[14,526],[-93,485]],[[2611455,3394689],[495,1369],[205,338],[1,313],[-778,804],[-87,728],[-217,125],[-858,-574],[-691,-286],[-1160,968],[-738,1305],[-228,828],[-191,301],[-281,164],[-1354,430],[-1277,166],[-549,277],[-625,566],[-1239,216],[-280,690],[-139,627],[-597,1255],[-192,126],[-945,152],[-370,139],[-89,176],[-49,777],[-688,1055],[-1647,793],[-1432,-21],[-1123,404],[-383,239],[-293,602],[-932,491],[-1124,216],[-793,-85],[-690,76],[-510,353],[-984,403],[-319,214],[-484,528],[-689,478],[-128,175],[54,890],[193,714],[-9,1316],[-191,264],[-127,464],[-318,577],[-841,1068],[-638,515],[-114,188],[207,1266],[41,751],[-203,866],[-24,426],[-535,803],[155,702],[-466,2608],[-87,1053],[-405,1706],[-100,952],[-152,427],[-151,878],[-406,1279],[218,275],[550,187],[462,400],[539,901],[347,851],[769,625],[578,801],[168,789],[-433,615],[-280,740],[2,589]],[[2585806,3439076],[-716,38],[-1266,-122],[-636,-605],[-639,105],[-813,-18],[-441,132],[-345,-463],[-578,116],[-549,279],[-211,-3],[-1013,783],[-732,85],[-643,208],[-376,1],[-774,-355],[-550,-58],[-421,53],[-636,-185],[-384,-19],[-231,44],[-266,254],[-162,29],[-8,-123],[-77,32],[-820,446],[-494,9],[-574,-134],[-999,237],[-693,-260],[-676,-479],[-383,-998],[-270,-987],[-191,-301],[-551,-475],[-215,-443],[-272,-115],[-247,-233],[-381,-150],[-332,-396]],[[2566241,3435005],[-46,73],[-860,218],[-855,380],[-1707,502],[-670,-7],[-1238,-317],[-742,-81],[-746,93],[-1414,473],[-348,30],[-1259,-139],[-1675,-308],[-576,47],[-284,121],[-503,415],[-1784,1816],[-220,375],[-231,109],[-201,-20],[-362,-225],[-2022,-1473],[-1900,-439],[-1570,-991],[-372,-128],[-492,11],[-512,297],[-440,74],[-1346,1335],[-1001,-277],[-853,734],[-571,190],[-650,43],[-211,-77],[-167,69],[-379,-29],[-1017,109],[-382,247],[-795,296],[-1212,43],[-1054,397],[-528,855],[-386,207],[-580,535],[-299,43],[-316,-69],[-888,-535],[-500,-199],[-844,-630],[-826,-397],[-545,-147],[-915,-41],[-432,476],[-759,321],[-1118,-217],[-284,83],[-865,569],[-928,964],[-1521,688],[-975,61],[-543,-215],[-704,-482],[-392,-38],[-522,109],[-913,681],[-531,760],[-321,148],[-251,-19],[-493,-176],[-594,-354],[-683,-545],[-697,-66],[-765,-934],[-1508,-1422],[-362,-423],[-676,-1338],[-758,-2234],[-787,-1899],[-1264,-1136],[-638,-795],[-1497,-673],[-1044,-788],[-92,-200],[-65,-752],[148,-1537],[321,-453],[802,-455],[422,-414],[159,-916],[229,-641],[692,-966],[350,-631],[378,-1685],[-91,-404],[-281,-206],[-212,-364],[-12,-729],[-121,-423],[-423,-462],[39,-926],[-253,-561],[-50,-295],[-84,-1645],[-211,-334],[-283,-768],[-262,-344],[-422,-285],[-644,-205],[-673,-107],[-532,50],[-863,681],[-391,523],[-299,936],[-341,345],[-251,119],[-753,149],[-281,0],[-563,-176],[-362,11],[-321,187],[-401,562],[-439,1340],[-260,375],[-111,49]],[[2497315,3418162],[-548,325],[-293,-27],[-570,-219],[-504,164],[-135,-27],[-159,-172],[-227,-365],[-418,-77],[-616,212],[-446,-271],[-565,416],[-480,179],[-475,-282],[-350,-11],[-283,-121],[-723,1],[-317,-99],[-68,-460],[-385,-182],[-294,45],[-344,261],[-695,-71],[-355,361],[-1091,201],[-694,411],[-237,1],[-1007,-403],[-1045,-198],[-362,56],[-548,-181],[-757,95],[-300,-193],[-1006,173],[-531,-88],[-407,84],[-604,-115],[-181,100],[-932,134],[-402,-154],[-187,-493],[-272,-243],[-389,50],[-322,350],[-509,-321],[-486,68],[-175,-44],[-299,255],[-994,445],[-219,438],[-85,39],[-181,-22],[-51,-277],[-164,-122],[-486,139],[-208,732],[79,55],[164,-61],[85,77],[-118,289],[12,648],[-56,89],[-401,22],[-215,112],[-164,-17],[-164,-271],[-158,-5],[-119,122],[-22,166],[311,166],[108,177],[-186,249],[237,382],[-225,471],[-440,228],[17,277],[-321,738]],[[2471358,3422573],[-507,532],[-921,351],[-631,743],[-265,471],[-525,500],[-1015,1259],[-730,1012],[-113,385],[-217,173],[-1455,59],[-311,-266],[-311,-478],[-620,-121],[-567,-531],[-509,-233],[-34,-243],[237,-649],[186,-192],[591,-173],[116,-168],[22,-402],[-171,-304],[139,-441],[-62,-198],[-233,-75],[-248,99],[-729,77],[-791,-242],[-621,-334],[-1217,-112],[-465,54],[-946,306],[-1138,776],[-473,199],[-380,-15],[-1193,314],[-356,-114],[-211,-508],[-111,-102],[-438,-31],[-115,93],[-30,311],[-113,72],[-1033,305],[-383,205],[-763,-13],[-261,154],[-459,508],[-244,92],[-971,-84],[-215,-103],[-204,-404],[-111,-57],[-1006,121],[-552,-113],[-209,177],[-64,177],[30,621],[-139,132],[-803,-73],[-419,-479],[-262,-119],[-244,86],[-99,222],[-232,172],[-93,279],[-203,86],[-134,23],[-535,-182],[-198,-296],[-140,-40],[-546,497],[-238,114],[-716,-153],[-133,69],[-134,240],[59,592],[-1416,844],[-74,322],[-116,107],[-615,88],[-464,469],[-649,236],[-732,1],[-573,342],[-451,-66],[-110,60],[-13,242],[-232,228],[-137,33],[-294,-160],[-136,40],[-55,108],[62,388],[-164,195],[56,529],[-109,348],[-349,-6],[-772,-280],[-144,20],[-102,101],[0,388],[-143,134],[-137,-26],[-349,-382],[-171,-53],[-436,590],[-137,54],[-479,-127],[-109,67],[-40,409],[-670,189],[-192,-161],[-41,-395],[-233,-174],[-252,74],[-260,362],[172,449],[-48,301],[-287,115],[-669,-67],[-130,168],[349,589],[-348,496],[-68,262],[42,134],[465,448],[62,174],[-170,1126],[-839,738],[-438,181],[-176,617],[-792,778],[-89,483],[-109,141],[-307,-80],[-528,-797],[-150,0],[-212,215],[108,1446],[160,169],[457,-40],[172,130],[-317,748],[67,396],[299,207],[358,123],[186,201],[-27,130],[-410,384],[13,97],[338,247],[-218,468],[-58,572],[-563,390],[-7,156],[352,318],[-20,273],[-271,45],[-544,-148],[-245,-331],[-133,-13],[-119,85],[-46,370],[139,195],[319,214],[20,123],[-113,175],[-165,137],[-186,20],[-325,-208],[-218,1],[-848,241],[-14,149],[253,273],[-13,149],[-311,371],[-749,488],[-191,267],[-106,318],[60,396],[-86,124],[-159,65],[-716,-148],[-123,22],[-175,199],[-141,367],[29,331],[280,490],[37,210],[-171,179],[-471,57],[-145,498],[37,271],[-203,349],[-254,61],[-269,-157],[-305,-21],[-189,-305],[-211,-43],[-189,196],[-217,15],[-718,776],[-381,18],[-185,157],[-87,249],[37,445],[-105,228],[-164,68],[-210,-128],[-382,54],[-98,-125],[-243,4],[-72,93],[116,274],[-243,125],[-182,-25],[-221,-238],[-146,3],[-61,132],[62,100],[-120,114],[20,214],[-263,508],[-246,-50],[-210,67],[-434,-200],[-112,35],[-42,138],[248,250],[-10,215],[-153,0],[-138,102],[-125,411],[-393,242],[-73,158],[85,411],[-74,143],[581,565],[-4,233],[-227,338],[90,406],[763,958],[-136,258],[-262,32],[-262,141],[-23,177],[138,160],[-66,163],[-264,59],[-356,-398],[-307,-25],[-65,228],[248,240],[91,294],[-47,144],[-107,118],[-227,-126],[-345,91],[11,221],[191,170],[-99,140],[-258,-107],[-152,-248],[-110,10],[-125,398],[216,247],[-324,254],[-357,-489],[-163,1],[-161,239],[-276,-22],[-37,-104],[267,-231],[14,-129],[-65,-33],[-370,339],[-131,-113],[-157,69],[-183,639],[-195,71],[-150,184],[-518,-314],[-305,-331],[-924,87],[-326,-305],[-664,-99],[-409,249],[-63,445],[-275,165],[-471,90],[-400,-49],[-226,-166],[-93,-202],[-116,-30],[-201,119],[-82,234],[-290,125],[96,254],[-63,162],[-271,-50],[-470,359],[-239,59],[-207,-365],[-660,345],[-247,329],[-475,374],[-155,325],[173,210],[231,55],[110,130],[-7,387],[-179,229],[-104,535],[-322,413],[-360,232],[-329,97],[-147,187],[44,129],[-77,338],[253,263],[440,191],[304,654],[-127,531],[294,335],[-6,221],[103,193],[-61,309],[-274,446],[-101,47],[-644,-316],[-155,2],[-93,100],[48,280],[-193,52],[-70,213],[-271,288],[-334,104],[-237,377],[-325,7],[-663,296],[-116,-32],[-199,-249],[-145,-13],[-612,395],[86,299],[-367,749],[6,180],[-252,88],[-88,127],[-391,211],[-154,-38],[-214,71],[-258,260],[-356,583],[-294,29],[-330,-124],[-269,5],[-278,140],[-237,308],[-538,-15],[-344,200],[-953,-154],[-149,274],[11,489],[-266,274],[-229,892],[221,375]],[[2463338,3885763],[93,-53]],[[2471689,3887898],[49,442]],[[2471738,3888340],[115,961],[448,-238],[146,-365],[277,-222],[978,-116],[872,-260],[319,-16],[1446,482],[568,549],[837,403],[394,275],[131,29],[290,-109],[219,-162],[590,-87],[259,47],[363,379],[291,76],[377,-48],[1568,-556],[241,-173],[284,-47],[438,-340],[408,37],[556,-232],[588,173],[307,6],[354,236],[259,29],[291,-54],[861,-618],[241,-76],[257,26],[692,489],[297,99],[1551,269],[419,-210],[701,273],[683,5],[1043,-389],[566,-41],[383,-392],[478,-72],[789,-422],[313,15],[234,-308],[1813,-660],[446,-370],[856,64],[773,618],[554,57],[206,-23],[374,-248],[1438,93],[1273,-764],[266,17],[678,304],[395,-14],[128,-48],[559,-595],[239,49],[399,496],[225,47],[102,-145],[-68,-836],[140,-211],[205,-57],[658,192],[649,494],[410,506],[88,724],[417,296],[228,268],[173,33],[142,-69],[257,-393],[338,155],[185,181],[16,284],[379,712],[687,895],[813,465],[805,238],[363,32],[665,-144],[509,104],[318,301],[523,775],[532,-25],[435,342],[480,-172],[644,184],[192,254],[122,615],[151,-61],[212,-468],[202,-239],[535,-67],[119,-451],[230,-211],[300,45],[227,219],[-65,580],[437,44],[158,-94],[291,-393],[119,-420],[257,136],[151,288],[347,-212],[791,-38],[1062,-578],[527,-523],[165,-66],[200,-23],[1030,436],[1307,-209],[1199,358],[870,42],[758,408],[800,557],[99,618],[171,265],[491,220],[300,350],[32,284],[705,350],[893,906],[252,375],[358,54],[233,-145],[293,-39],[277,70],[317,221],[-9,132],[-353,347],[68,200],[149,187],[680,174],[149,120],[761,921],[475,413],[14,120],[-503,774],[-163,654],[-68,361],[136,800],[190,94],[965,-214],[448,654],[543,-120],[367,587],[747,-66],[245,360],[122,374],[761,-214],[217,120],[340,681],[774,307],[54,307],[-68,307],[231,720],[666,454],[-340,427],[-13,214],[299,333],[421,27],[2024,-414],[475,307],[951,881],[272,27],[244,-94],[394,-427],[285,-120],[1087,40],[367,-93],[271,120],[204,413],[435,134],[1318,-694],[421,-481],[1684,-146],[951,-321],[217,27],[353,187],[95,280],[123,1161],[530,667],[176,628],[625,600],[516,748],[245,120],[421,-427],[353,-147],[136,40],[434,721],[598,240],[285,240],[-13,227],[-204,280],[-557,254],[-285,227],[-150,680],[53,863],[90,717],[372,820],[135,498],[596,1099],[520,460],[286,107],[267,-143],[1118,-1025],[373,-219],[179,29],[134,219],[104,528],[1685,117],[566,-542],[552,-117],[74,-440],[790,-175],[1297,1098],[596,-220],[358,176],[149,542],[-119,293],[-462,556],[-75,235],[45,263],[224,176],[372,-29],[358,146],[492,1245],[417,1435],[135,308],[417,469],[805,395],[387,264],[15,161],[299,205],[208,-322],[269,-982],[268,-161],[402,-73],[597,351],[864,1626],[880,425],[864,88],[1103,351],[448,366],[805,-14],[730,-337],[373,-249],[506,-894],[-59,-629],[-298,-938],[-313,-395],[-298,-849],[502,-517]],[[2579331,3919056],[317,-230],[1715,58],[775,-351],[343,-1435],[15,-616],[-120,-659],[-432,-849],[-104,-395],[223,-542],[298,-366],[612,-528],[1580,-58],[507,-212],[137,-344],[-29,-464],[-156,-517],[-310,-528],[-358,-337],[-164,-366],[-134,-1128],[224,-864],[44,-732],[-119,-1714],[-268,-336],[-910,-293],[-611,-74],[-507,-248],[-432,-747],[239,-557],[357,-381],[761,0],[1341,542],[691,167],[754,-361],[314,-720],[632,-599],[587,-148],[379,-325],[242,-93],[1188,-154],[224,-120],[159,-274],[148,-1060],[142,-404],[283,-509],[836,-1079],[306,-577],[177,-1342],[28,-1013],[440,-1788],[340,-609],[382,-406],[447,-294],[616,-204],[251,-231],[-122,-543],[-354,-567],[-666,-664],[-719,-399],[-160,-178],[-119,-520],[47,-1214],[-257,-1100],[-166,-1311],[-169,-402],[-533,-381],[-376,-48],[-830,74],[-507,-188],[-1762,-1160],[-1225,-1075],[-1027,-359]],[[2584786,3881607],[-416,-326],[88,-383],[448,-393],[1426,-353],[371,-266],[451,-475],[369,-153],[915,-74],[328,-117],[592,-1398],[151,-762],[330,-415],[717,-212],[258,-243],[115,-661],[130,-296],[583,-799],[321,-689],[154,-799],[547,-743],[1254,-1196],[282,-180],[305,-73],[888,18],[273,-123],[335,-296],[203,-397],[-34,-656],[-137,-214],[-290,-156],[-205,-361],[-378,-257],[-182,-286],[-41,-270],[93,-277],[735,-959],[418,-184]],[[2596183,3866183],[617,21],[1516,-280],[619,-257],[301,-413],[102,-928],[89,-156],[637,-485],[463,-87],[325,102],[357,264],[583,169],[515,356],[701,131],[713,450],[263,247],[195,1092],[166,204],[226,53],[718,-106],[292,36],[402,235],[1000,323],[311,366],[509,285],[2609,-30],[923,407],[256,1005],[289,414],[385,28],[1110,-186],[596,118],[224,276],[234,934],[415,751],[56,251],[-185,277],[-656,334],[-84,293],[75,263],[357,274],[185,309],[44,287],[-135,577],[12,312],[327,817],[43,813],[232,1033],[182,353],[382,169],[957,75],[363,-44],[725,-209],[1285,-564],[578,-42],[2794,-27],[2808,387],[865,4],[679,-258],[1399,-1373],[819,-574],[763,-351],[494,-82],[801,37],[912,-75],[854,76],[174,147],[112,258],[39,960],[-148,927],[-448,1449],[-28,976],[74,395],[152,304],[242,220],[264,70],[691,-256],[569,-833],[443,-354],[1026,-299],[543,-320],[494,-956],[437,-641],[110,-492],[-241,-559],[-919,-719],[-228,-315],[-11,-287],[152,-232],[259,-109],[425,29],[1376,827],[470,-28],[827,-387],[1040,116],[149,-66],[32,-171],[-80,-266],[-321,-151],[-127,-322],[43,-176],[385,-530],[-13,-396],[-230,-688],[-443,-725],[-42,-368],[264,-375],[290,-761],[194,-236],[561,-88],[982,738],[549,1549],[347,587],[503,470],[331,149],[1952,-48],[427,-110],[242,-193],[168,-257],[59,-270],[-249,-1861],[123,-366],[174,-231],[366,-107],[414,55],[597,591],[373,197],[784,5],[301,-189],[10,-802],[142,-606],[-336,-138],[-1265,432],[-536,86],[-580,-147],[-211,-138],[-175,-328],[17,-474],[151,-347],[166,-154],[413,-147],[386,17],[1065,641],[450,41],[394,-124],[351,-276],[337,-649],[85,-359],[-71,-387],[-323,-373],[-211,-111],[-632,-221],[-1336,-55],[-365,-276],[-113,-180],[28,-704],[309,-373],[268,-69],[703,41],[1251,346],[239,-69],[520,-553],[314,-670],[-33,-518],[-358,-513],[-282,-257],[4789,-18086],[7913,-21346],[6551,-38984],[7575,-32336],[4751,-21108],[152,-181],[-72,-260],[231,-1507],[135,-373],[376,-233],[846,-59],[689,-511],[864,-218],[132,-70],[218,-374],[358,-259],[744,118],[532,-208],[272,-292],[215,-1238],[178,-345],[266,-234],[248,-67],[192,47],[134,157],[-316,892],[291,638],[226,139],[496,49],[276,-28],[439,-211],[835,-1117],[24,-258],[-236,-235],[-242,-84],[-283,-39],[-764,124],[-205,-59],[-199,-178],[-163,-415],[34,-209],[166,-167],[313,-59],[509,192],[493,32],[1816,-577],[1362,-177],[6027,-6723],[6211,-9039],[30315,-32137]],[[2736262,3674118],[4262,-4519],[-5,152],[188,61],[59,-271],[-72,-124],[8800,-9332],[217,-119]],[[2749711,3659966],[586,368],[316,104],[1045,-21],[1355,-614],[1220,-842],[845,-726],[314,-402],[81,-401],[-54,-336],[-266,-441],[-705,-306],[-686,-188],[-411,-241],[-285,-396],[-15,-301],[129,-261],[413,-281],[411,-56],[-14,109],[744,226],[351,194],[555,744],[152,15],[514,-454],[563,-253],[135,-246],[-172,-164],[-194,-39],[-25,-127],[-398,-46],[-246,-148],[-458,-444],[0,-201],[235,30],[473,336],[419,-155],[109,-210],[0,-964],[205,-295],[306,-130],[149,36],[117,193],[-37,601],[80,284],[173,236],[250,143],[343,-7],[877,-521],[735,-108],[311,-429],[100,-425],[-100,-277],[-463,-599],[-101,-298],[38,-274],[411,-253],[847,12],[243,-220],[176,-998],[-84,-215],[-247,-230],[-153,-62],[-323,26],[-808,208],[-387,-173],[-113,-139],[-16,-356],[75,-219],[683,-511],[96,-355],[-363,-685],[-412,-475],[-48,-901],[278,-285],[667,-297],[108,-339],[-76,-209],[-912,-82],[-187,-200],[100,-341],[478,-559],[37,-472],[225,-313],[368,-159],[636,40],[274,-105],[201,-242],[164,-495],[283,-126],[346,-317],[332,-23],[460,151],[238,-91],[60,-231],[-168,-397],[82,-283],[-133,-305],[74,-161],[421,-114],[49,-107],[5,-280],[-516,-361],[-47,-227],[88,-370],[-202,-252],[132,-121],[175,-30],[409,219],[19,-339],[-76,-173],[-1203,136],[-449,-140],[-154,-144],[15,-197],[194,-250],[22,-300],[206,-71],[23,-97],[-460,-399],[147,-305],[100,-927],[-81,-223],[-402,-435],[-35,-231],[123,-223],[419,48],[171,-52],[104,-217],[-217,-136],[-586,93],[-274,-99],[-180,-253],[11,-385],[-115,-191],[97,-128],[269,146],[187,-91],[-203,-269],[1,-185],[429,-469],[84,-295],[-215,-480],[-452,-296],[98,-152],[440,-102]],[[2761813,3630097],[138,-92],[386,-28],[89,-158],[-270,-342],[-152,-667],[-221,-301],[-664,-1396],[-297,-2580],[-265,-144],[-389,54],[-175,-54],[149,-180],[-74,-360],[80,-217],[369,-109],[134,-122],[-470,-410],[-71,-171],[-334,-71],[-65,-163],[110,-257],[311,-26],[55,-133],[161,76],[43,454],[272,175],[300,3],[332,-287],[704,46],[65,-52],[-9,-236],[-193,-95],[-231,84],[-142,-227],[217,-283],[122,-662],[259,-446],[379,-195],[247,72],[190,316],[247,85],[416,-112],[18,-184],[-425,-191],[-460,-382],[-745,-421],[-109,-276],[73,-249],[510,-580],[68,-510],[247,-413],[573,-277],[22,-185],[-89,-176],[-266,-118],[-271,-296],[86,-230],[210,-138],[304,-401],[-21,-564],[262,-440],[53,-344],[230,-294],[117,-47],[361,103],[168,-159],[-89,-298],[87,-222],[-11,-364],[-162,-118],[-381,-57],[-35,-254],[255,-214],[339,-106],[226,-300],[395,-175],[161,-380],[8,-440],[-422,-427],[47,-346],[-168,-304],[372,-768],[138,-109],[13,-402],[143,-311],[306,-219],[43,-166],[342,305],[141,58],[89,-88],[-51,-470],[-143,-272],[114,-150],[134,-20],[402,231],[277,-174],[-153,-631],[-423,-38],[-626,-384],[-346,-583],[290,-329],[238,-46],[738,672],[218,73],[125,-84],[180,-241],[41,-380],[226,-131],[118,-246],[-147,-209],[-435,139],[-203,-118],[-117,-281],[127,-163],[245,-14],[452,-184],[672,260],[438,299],[208,-40],[87,-122],[-21,-277],[-411,-221],[-84,-191],[89,-233],[-124,-188],[-403,21],[-226,-118],[-61,-450],[-165,-201],[-25,-214],[109,-110],[165,20],[501,251],[88,-83],[-4,-383],[201,-302],[127,-68],[391,111],[166,-78],[-130,-462],[261,-527],[-62,-276],[374,-286],[393,-617],[-10,-116],[-210,-12],[-43,-81],[197,-360],[76,-407],[1085,-1475],[52,-393],[-115,-398],[249,-509],[-134,-325],[281,-302],[90,-253],[-169,-707],[-698,-693],[-346,-17],[-176,-243],[-622,-41],[-150,-173],[-131,-474],[-127,-45],[-438,84],[-270,-241],[-225,-353],[-344,233],[-125,-35],[196,-474],[-56,-787],[139,-472],[-196,-338],[-12,-270],[167,-155],[533,-135],[127,-225],[-53,-333],[-353,-716],[71,-83],[466,-135],[368,-469],[-106,-247],[-505,-240],[-52,-341],[155,-325],[394,-463],[39,-400],[325,-187],[14,-155],[-171,-419],[465,-100],[19,-435],[203,-396],[-154,-130],[-97,41],[-98,-172],[-176,-105],[-276,340],[-148,-177],[10,-122],[96,-63],[-120,-215],[-322,102],[-233,-33],[-171,-154],[-312,-32],[-1,-245],[-334,140],[-30,-394],[-90,112],[-125,-72],[100,-506],[-80,-116],[-382,-331],[-499,2],[11,-150],[198,-118],[-165,-138],[-250,-54],[-117,-568],[-399,-818],[100,-339],[-181,-27],[-120,-128],[367,-323],[68,-172],[-68,-1310],[387,-874],[187,-89],[56,-300],[-92,-255],[724,-370],[108,58],[96,-192],[577,-285],[845,-130],[151,-191],[323,-190],[442,70],[124,-161],[279,-111],[429,-375],[980,72],[264,-240],[-1,-250],[284,-699],[113,-939],[-35,-244],[68,-161],[-26,-200],[-325,-349],[-67,-216],[174,-528],[-53,-560],[106,-351],[-25,-483],[203,-256],[94,-444],[158,-206],[106,-473],[-9,-738],[178,-436],[72,-914],[268,-433],[-90,-503],[137,-347],[-115,-1017],[82,-508],[-111,-474],[440,-835],[6,-319],[-242,-413],[57,-95],[334,-73],[-154,-405],[133,-365],[-249,-300],[-119,-298],[-412,-256],[-42,-251],[-171,-191],[-594,-241],[-518,-99],[-157,-357],[140,-703],[-176,-191],[-149,0],[-96,-97],[251,-282],[37,42],[228,-204],[190,0],[-13,-86],[215,-77],[62,-174],[91,33],[72,-491],[884,-765],[182,-445],[131,-722],[-61,-173],[-219,-190],[-74,-422],[45,-170],[-86,-163],[81,-314],[-412,-1089],[223,-756],[-365,-179],[-376,-23],[-1263,826],[-1884,910],[-711,1729],[-265,425],[-528,378],[-694,765],[-694,304],[-579,540],[-599,281],[-356,262],[-286,878],[-365,302],[-160,-1],[-93,368],[-242,-80],[-746,839],[-556,-166],[-541,204],[-170,206],[-241,-114],[-422,92],[-516,-258],[-412,2],[-114,-270],[-299,-280],[-466,140],[-190,-164],[-194,154],[-229,-232],[-1080,620],[-584,209],[-196,-74],[-352,18],[-347,-216],[-244,-37],[-281,187],[-363,-104],[-270,117],[-375,-120],[-395,92],[-266,-206],[-531,-123],[-26,-599],[-165,-325],[103,-117],[656,-278],[213,-202],[160,-530],[13,-321],[251,-356],[96,-617],[-304,-500],[-515,-93],[-281,-194],[-595,-1204],[-284,-282],[153,-113],[27,-237],[325,-461],[-514,-258],[-269,-229],[-592,-167],[-155,-135],[42,-392],[115,-78],[411,-742],[176,-520],[257,-1640],[-110,-406],[-506,-443],[-577,-177],[-156,-584],[-253,-276],[-264,-132],[-661,13],[-490,-150],[-387,34],[-255,151],[-285,451],[-414,130],[-381,-13],[-308,-146],[-476,-91],[-668,-1149],[-156,-565],[-654,-267],[-182,-186],[33,-313],[476,-537],[268,-614],[-708,-261],[-117,-246],[-311,-91],[-35,-134],[255,-280],[620,-166],[145,-572],[-233,-78],[-699,353],[-331,25],[-534,-741],[-623,-354],[-90,-417],[434,-950],[-70,-229],[-190,-205],[-207,-27],[-618,395],[-1053,351],[-296,-168],[-208,-24],[-534,131],[-311,-136],[44,-406],[-179,-159],[-590,-170],[-983,-66],[-1070,-301],[-644,-243],[-246,-335],[-151,-62],[-698,44],[-131,-121],[112,-116],[130,-552],[-83,-252],[-699,-536],[-534,-36],[-229,-106],[-830,-769],[160,-461],[-296,-678],[-1173,-572],[-308,-283],[-38,-420],[146,-321],[137,-57],[-376,-619],[-150,-119],[-148,-410],[56,-309],[293,-114],[21,-129],[-50,-84],[-193,-36],[-86,-285],[-139,-126],[14,-105],[233,-178],[-55,-104],[-184,7],[-57,-219],[112,-199],[-35,-128],[884,-1093],[667,-156],[213,413],[225,247],[138,678],[103,61],[239,-289],[354,96],[-63,-752],[91,-221],[343,-89],[446,228],[111,-11],[-163,-600],[-194,-241],[397,-322],[93,-228],[-356,-394],[1569,-1262],[327,304],[122,223],[203,13],[89,172],[603,153],[44,-68],[-75,-268],[133,-313],[238,-124],[442,134],[62,100],[472,-220],[169,-159],[249,-574],[60,-509],[160,-183],[896,-163],[239,-136],[138,-512],[-181,-266],[-411,-151],[-575,82],[-338,-115],[-110,-134],[44,-185],[401,-112],[192,-207],[-88,-334],[-289,-29],[-259,-214],[151,-324],[146,0],[325,-297],[-12,-137]],[[2740059,3520645],[277,-65],[82,-183],[-210,-565],[318,-711],[232,-81],[656,339],[210,-405],[-19,-471],[-488,-316],[-236,-363],[-348,-49],[-66,-171],[60,-222],[559,-192],[-34,-329],[-307,-226],[-85,-217],[106,-271],[-55,-283],[77,-322],[206,-274],[2,-533],[114,-173],[265,-141],[755,-29],[104,-340],[281,-195],[163,-245],[-35,-104],[97,-156],[-69,-186],[26,-393],[266,-211],[191,30],[230,-120],[-50,-428],[365,-423],[22,-215],[-235,-423],[64,-245],[-141,-223],[16,-176],[342,-312],[-16,-156],[81,-108],[622,-71],[-68,-807],[257,-229],[23,-118],[-184,-250],[2,-203],[-320,-256],[26,-99],[166,-80],[28,-232],[-60,-387],[-149,-322],[-441,-230],[-678,-90],[-165,-237],[21,-156],[505,-724],[186,-94],[-40,-440],[93,-549],[-186,-165],[-229,38],[-133,-478],[136,-346],[-447,-313],[-154,-230],[48,-394],[148,-272],[-124,-512],[44,-95],[259,-90],[217,-448],[-196,-777],[281,-261],[79,-227],[231,-75],[258,-248],[68,-233],[-88,-232],[-625,-85],[138,-373],[-39,-362],[-198,-118],[-129,-725],[-257,-311],[-64,-396],[-203,47],[62,-204],[-53,-390],[-312,-304],[-120,-365],[-262,-339],[-350,-304],[-30,-179],[160,-432],[-176,-549],[-347,-254],[-12,-382],[-142,-270],[-198,-110],[-97,-346],[-405,-48],[-308,-326],[-439,-78],[71,-400],[-79,-106],[-348,-77],[-160,194],[-152,-224],[-550,-167],[-216,-178],[90,-255],[-122,-289],[-364,-238],[52,-114],[-182,-351],[27,-253],[-166,-447],[170,-744],[185,-135],[-19,-157],[-297,-375],[-5,-280],[-126,-279],[477,-804],[-161,-388],[16,-261],[-183,-376],[-18,-499],[221,-494],[-10,-137],[-155,-442],[-220,-304],[-23,-624],[-307,-798],[112,-522],[-125,-298],[156,-342],[-114,-241],[-295,-263],[-102,-314],[-459,-453],[126,-604],[-229,-754],[220,-547],[-230,-213],[77,-367],[-28,-346],[193,-180],[230,-77],[217,-233],[77,-296],[-26,-375],[137,-232],[-207,-379],[114,-507],[-178,-315],[156,-232],[-174,-290],[124,-308],[291,-349],[-89,-447],[126,-532],[-157,-587],[5,-444],[-185,-163],[107,-601],[-311,-250],[-31,-180],[108,-500],[-260,-443],[451,-427],[-81,-1421],[131,-297],[-143,-614],[1,-464],[332,-333],[18,-492],[133,-219],[-118,-366],[-34,-467],[-305,-320],[-213,-368],[-53,-606],[-566,-496],[-18,-220],[223,-536],[-9,-275],[-360,-548],[-9,-124],[360,-318],[81,-177],[-291,-683],[-43,-794],[-246,-1236],[85,-483],[218,-152],[232,-580],[-78,-263],[35,-373],[267,-145],[-168,-449],[14,-200],[133,-214],[239,-138],[0,-186],[-210,-401],[-422,-442],[204,-269],[-148,-290],[127,-401],[-211,-200],[218,-580],[-246,-628]],[[2735814,3450247],[-71,-387],[-295,-318],[260,-504],[520,-456],[56,-366],[-414,-380],[-28,-400],[-162,-366],[-485,-62],[-91,-332],[267,-497],[414,152],[-35,-725],[232,-277],[99,-421],[-647,-1160],[-35,-228],[154,-290],[-217,-456],[77,-235],[-35,-179],[218,-318],[-120,-269],[0,-207],[141,-138],[197,-428],[435,-42],[71,-262],[-183,-187],[21,-110],[351,-359],[197,-90],[78,-1050],[182,-131],[190,-352],[14,-691],[232,-421],[-7,-269],[141,-311],[70,-477],[-49,-145],[351,-304],[-28,-145],[-316,-283],[351,-414],[491,-1234],[-95,-230],[-199,-201],[-35,-376],[522,-462],[135,-339],[-34,-347],[-241,-295],[98,-484],[60,-122],[386,-201],[129,-432],[686,-96],[278,-177],[35,-760],[455,-388],[148,-584],[424,-220],[-111,-745],[82,-158],[168,-81],[195,-487],[291,-320],[-234,-838],[493,-329],[60,-161],[22,-1363],[206,-639],[-234,-1037],[164,-456],[-147,-690],[-257,-307],[-228,-102],[-145,-171],[-70,-499]],[[2741413,3419626],[138,-348],[-169,-332],[0,-837],[-253,-472],[-67,-414],[-68,-100],[-379,-107],[-304,-224],[-101,-290],[33,-439],[-303,-489],[-776,-572],[-380,8],[-194,-257],[-160,-431],[-405,-555],[101,-530],[-253,-589],[-354,-273],[-245,-340],[-405,-141],[-305,-548],[-56,-264],[246,-480],[-68,-393],[-500,-75],[-199,-256],[-32,-198],[364,-407],[-18,-241],[-101,-148],[119,-407],[-281,-267],[328,-253],[-47,-99],[-252,-102],[-56,-267],[53,-285],[249,-369],[-456,-486],[113,-552],[-98,-186],[-21,-471],[-83,-169],[-266,-145],[-248,44],[-175,-375],[-204,-187],[-86,-543],[349,-878],[42,-311],[416,-756],[-98,-913],[224,-574],[454,-331],[165,-385],[501,-408],[540,-161],[705,0],[423,-154],[705,15],[276,86],[136,-224],[282,-112],[416,-444],[371,-899],[86,-482],[521,-340],[145,-185],[55,-323],[-80,-377],[93,-255],[230,-176],[338,-39],[175,-368],[226,-69],[275,-306],[240,-57],[94,-206],[369,-391],[92,-495],[251,-17],[115,-135],[90,-261],[-6,-339],[152,-244],[-130,-299],[280,-218],[-93,-303],[236,-194],[104,-218],[-8,-126],[-171,-223],[188,-234],[-134,-263],[149,-213],[54,-309],[-6,-264],[-92,-134],[158,-158],[-49,-199],[744,-411],[117,-208],[-45,-278],[-209,-438],[248,-301],[-228,-121],[-72,-337],[277,-368],[-143,-404],[97,-421],[-45,-394],[337,-823],[-117,-74],[70,-144],[-145,-101],[144,-438],[-118,-262],[75,-216],[-86,-165],[227,-203],[61,-195],[-68,-180],[-241,-216],[-82,-315],[-155,-193],[1044,-1882],[189,-650],[314,-515],[1289,-1251],[734,-1248],[537,-314],[606,-98],[473,-174],[2543,-175]],[[2753015,3375383],[10815,-742],[485,-175],[654,-30],[525,-133],[606,110],[388,-324],[538,-66],[387,-189],[745,-11],[567,-296],[580,-107],[993,98],[951,503],[331,28],[1230,-389],[927,-728],[843,-485],[691,-580],[871,-390],[609,-702],[512,-283],[831,-993],[898,-322],[387,-256],[153,-595],[304,-162],[676,56],[565,245],[511,96],[1957,994],[607,1],[80,880],[1101,1086],[716,584],[1379,329],[2071,-320],[677,-228],[1104,-65],[166,-121],[264,-405],[511,-405],[691,-134],[1257,-470],[1532,-199],[498,-229],[248,-13],[702,571],[346,-40],[429,-446],[373,-202],[1450,-429],[305,-365],[193,-53],[221,0],[192,339],[193,68],[332,-148],[317,-26],[179,82],[248,271],[453,854],[247,759],[413,393],[951,409],[468,461],[248,136],[373,-121],[565,83],[401,-297],[497,110],[262,-27],[993,328],[1570,911],[1011,186],[689,-14],[1561,-511],[632,-400],[408,82],[408,-96],[126,-263],[-98,-276],[56,-207],[281,-235],[886,-373],[829,235],[239,-249],[0,-221],[183,-110],[534,235],[225,41],[239,-69],[548,-373],[436,-414],[42,-235],[-182,-428],[14,-138],[309,-636],[365,-303],[1463,-884],[295,-1354],[-64,-188],[1048,-1083],[225,-994],[422,-898],[140,-677],[872,-925],[211,-110],[154,-525],[281,-553],[507,-55],[548,-345],[84,-166],[0,-704],[99,-194],[407,-41],[577,-290],[506,-760],[421,-442],[985,-681],[248,-484],[198,-177],[626,-240],[1189,-1627],[0,-291],[-131,-275],[-509,-404],[-212,-614],[-230,-307],[-507,-1018],[232,-758],[1,-371],[-408,-1195],[-917,-1777],[-1194,-1440],[-290,-896],[-172,-287],[-18,-215],[-364,-591],[-244,-601],[-8,-537],[92,-375],[394,-563],[-36,-520],[-217,-475],[-9,-331],[558,-339],[119,-196],[-44,-591],[-300,-475],[19,-322],[235,-413],[40,-276],[-291,-359],[-556,-225],[-254,-385],[-18,-224],[137,-167],[83,-459],[-90,-206],[-310,-99],[-119,-126],[-16,-922],[-482,-323],[-36,-537],[1097,-651],[103,-1013],[36242,-61985]],[[2702341,3525803],[369,1332],[240,445],[439,318],[129,333],[-285,1460],[-479,1058],[124,802],[-330,740],[-263,348],[-304,212],[-862,335],[-266,208],[-135,216],[-33,229],[99,188],[948,362],[100,240],[-271,331],[-34,605],[-296,344],[-267,893],[-301,588],[-367,438],[69,659],[-51,273],[-154,181],[-371,181],[-303,362],[-73,274],[32,430],[322,267],[486,1182],[166,873],[-53,335],[-337,741],[279,439],[66,310],[0,627],[133,622],[-73,849],[60,336],[-123,282],[-378,243],[-138,182],[-109,734],[134,207],[468,221],[522,460],[185,431],[51,709],[94,288],[262,313],[518,211],[170,287],[68,303],[-27,634],[-443,944],[-65,607],[113,563],[497,1099],[83,556],[-405,690],[-394,891],[-551,627],[-269,1563],[120,696],[380,1156],[-283,1976],[63,727],[219,204],[898,131],[231,229],[106,296],[144,1653],[9,1502],[-95,232],[-471,490],[-14,608],[146,346],[741,952],[170,501],[-70,500],[-562,926],[-38,177],[48,346],[255,325],[-62,502],[164,737],[382,824],[222,735],[-196,339],[-574,146],[-141,105],[-72,291],[61,414],[315,997],[1065,769],[1561,1333],[617,151],[1551,-100],[280,113],[458,443],[256,136],[539,82],[1031,-45],[399,276],[399,728],[486,513],[574,167],[615,-204],[469,149],[227,223],[229,416],[622,226],[250,283],[88,351],[-60,925],[183,400],[399,212],[471,-231],[369,86],[297,341],[426,719],[435,395],[-69,545],[-393,546],[-113,290],[-93,830],[202,678],[466,628],[304,856],[607,676],[150,633],[41,2501],[174,235],[260,129],[957,-68],[184,161],[55,241],[-145,455],[-760,942],[-125,254],[44,202],[191,174],[604,7],[119,94],[-155,1739],[-323,236],[-507,-135],[-670,-24],[-352,56],[-354,162],[-299,289],[-245,449],[-86,387],[30,422],[112,471],[166,309],[271,247],[342,140],[571,-75],[1032,-765],[337,47],[206,228],[67,490],[-210,527],[3,593],[142,507],[469,674],[117,668],[-101,302],[-173,194],[-652,55],[-209,91],[-125,188],[-10,218],[177,320],[651,401],[227,416],[-91,389],[-511,618],[-69,401],[47,279],[263,234],[767,119],[150,182],[58,265],[-130,347],[-340,226],[-403,9],[-621,-201],[-256,71],[-184,151],[-119,223],[-40,312],[317,894],[20,433],[-184,357],[-389,202],[-756,-169],[-658,-514],[-429,-226],[-464,-373],[-684,-833],[-346,-182],[-265,-327],[-1448,-1069],[-578,-37],[-167,-135],[-102,122],[-659,99],[-326,246],[-98,282],[-165,39],[-55,96],[-321,-41],[-120,143],[198,570],[-16,365],[209,436],[24,404],[-159,180],[-324,140],[-42,238],[-252,192],[80,422],[-228,314],[-97,572],[93,153],[-82,250],[31,224],[487,362],[36,111],[-19,129],[-211,158],[-48,134],[353,21],[16,363],[-301,199],[68,452],[-100,355],[-252,-176],[22,392],[186,252],[-251,225],[74,350],[-241,138],[-56,124],[162,176],[390,63],[-6,328],[114,67],[151,-80],[107,232],[-228,598],[-141,163],[20,707],[-342,492],[-24,229],[458,324],[-59,198],[190,381],[-223,51],[775,651],[124,583],[326,523],[82,766],[340,399],[22,246],[318,334],[42,1547],[580,856],[96,817],[625,1256],[329,1254],[-604,150],[-462,-130],[-256,-138],[-482,-482],[-282,-94],[-1044,19],[-469,245],[-354,-162],[-129,77],[-200,-53],[-94,146],[-213,-27],[-17,-390],[251,-173],[-148,-201],[102,-247],[-190,-108],[-629,314],[-363,-113],[-277,76],[-988,-380],[-423,148],[-521,-73],[-356,85],[-264,-85],[-391,255],[-358,512],[-1283,95],[-357,-201],[-560,331],[-538,-103],[-852,-4],[-1124,-299],[-595,63],[-258,-122],[-546,64],[-758,399],[-426,-406],[-637,-398],[-113,32],[-264,309]],[[2696796,3631343],[26,255],[212,489],[541,900],[-165,238],[-488,44],[-96,103],[73,256],[397,55],[94,204],[-47,164],[-301,318],[-141,478],[111,561],[-49,418],[198,40],[166,-380],[152,-81],[396,32],[284,135],[84,128],[-21,418],[189,652],[323,307],[-274,407],[-239,158],[-393,106],[33,243],[273,207],[265,644],[-157,282],[-244,-97],[-140,42],[-39,203],[96,241],[180,40],[157,-229],[200,-70],[137,50],[122,235],[-144,424],[-654,8],[-88,448],[-286,-56],[-63,61],[-10,95],[127,145],[638,296],[42,125],[-110,163],[1,149],[386,369],[-78,217],[99,236],[-36,101],[-286,132],[-321,-43],[-105,72],[-21,174],[116,204]],[[2697918,3642859],[186,214],[-23,192],[-382,12],[-185,178],[51,209],[338,271],[-169,510],[187,102],[366,-127],[424,652],[912,370],[289,46],[1034,-621],[1014,-295],[188,6],[137,117],[-17,258],[-445,608],[-37,169],[49,133],[262,161],[112,192],[4,208],[-249,306],[-32,163],[226,631],[459,154],[-78,577],[220,393],[-165,38],[-339,-267],[-133,-291],[-395,-473],[-281,142],[-179,488],[123,539],[495,306],[-20,218],[-219,193],[56,245],[128,92],[655,47],[56,97],[-52,296],[189,359],[125,89],[435,43],[73,83],[-73,252],[-472,226],[-47,152],[194,122],[320,17],[317,167],[80,149],[-21,202],[-404,323],[174,949],[269,645],[-147,585],[-505,669],[56,415],[-65,349],[68,275],[-119,411],[39,379],[78,199],[550,-1117],[394,307],[230,-45],[180,152],[123,-56],[64,81],[-39,190],[154,76],[298,94],[355,-171],[56,102],[214,-4],[257,113],[178,-322],[356,-224],[-51,-90],[-395,-81],[-38,-124],[183,-194],[313,-16],[401,-949],[224,-211],[-40,-79],[-312,65],[-111,-87],[58,-112],[488,-207],[15,-457],[-123,-270],[356,-175],[-78,248],[109,45],[148,-161],[-150,-320],[237,60],[48,-69],[-27,-130],[-233,-209],[363,-95],[29,-420],[154,-207],[-174,-451],[-220,-256],[48,-209],[479,-564],[504,-437],[-6,-188],[160,-218],[149,-18],[154,-181],[285,-113],[307,41],[-15,-116],[100,-139],[429,-309],[218,-520],[324,-493],[790,-698],[475,137],[477,17],[718,251],[1049,-30],[100,-541],[-72,-554],[-229,-527],[95,-1991],[238,-1062],[509,-390],[141,-350],[526,-479],[411,-874],[42,-627],[533,-285],[136,-29],[301,110],[402,-118],[374,-296],[180,-389],[294,-246],[125,33],[210,910],[12,420],[179,71],[487,676],[242,857],[-154,938],[184,1182],[-295,950],[101,646],[3,832],[-122,949],[-207,853],[266,1229],[432,928],[-162,1344],[124,1742],[131,704],[215,582],[300,474],[813,503],[431,-24],[144,433],[199,285],[238,107],[80,1256],[-41,451],[221,298],[149,843],[-108,1322],[-345,1326],[-473,1387],[23,685],[-94,704],[587,664],[35,158],[226,187],[538,45],[428,195],[301,702],[169,87],[93,-31],[334,-604],[373,-197],[-92,-265],[361,-224],[199,-375],[271,56],[637,358],[338,-414],[319,-34],[406,-240],[590,-109],[-28,107],[-373,169],[-167,240],[-152,815],[17,653],[69,36],[154,-150],[72,182],[284,-19],[294,266],[238,-15],[-77,289],[116,103],[-53,139],[150,44],[-8,160],[439,113],[518,-175],[136,34],[38,109],[-101,138],[-264,106],[239,108],[-166,168],[20,98],[216,-111],[36,254],[180,17],[7,81],[-312,185],[35,320],[125,191],[311,56],[231,-288],[138,-47],[363,401],[319,-46],[514,61],[383,152],[99,677],[405,-62],[157,99],[-106,182],[193,226],[80,1257],[153,392],[895,680],[310,499],[252,107],[-48,155],[307,27],[63,208],[101,32],[367,-150],[80,-243],[160,-78],[-126,-332],[281,-67],[-24,-251],[73,-50],[260,63],[265,188],[211,286],[52,338],[217,-31]],[[2749711,3659966],[-334,-353],[-91,-295],[68,-710],[450,-1725],[-64,-581],[-185,-443],[-191,-218],[-248,-175],[-381,-42],[-582,79],[-1075,268],[-1320,685],[-702,77],[-711,-309],[-417,-581],[-86,-238],[-2,-550],[78,-311],[560,-402],[590,-75],[2299,119],[572,-125],[215,-301],[-52,-216],[-252,-371],[-1879,-1652],[-265,-871],[-93,-616],[-73,-960],[136,-234],[187,-45],[318,126],[154,150],[75,271],[466,221],[325,454],[182,10],[238,-107],[43,-594],[-241,-449],[-820,-890],[-104,-288],[-187,-1377],[-172,-449],[-1573,-1565],[-206,-393],[-37,-661],[268,-253],[213,-7],[194,106],[464,1064],[53,408],[96,60],[270,-89],[147,-494],[93,-29],[302,40],[969,-337],[546,177],[208,-5],[157,-97],[-9,-166],[-248,-428],[-61,-312],[87,-504],[207,-405],[140,-109],[977,-300],[571,94],[251,-34],[313,-272],[38,-125],[-73,-146],[-354,-348],[-32,-400],[105,-225],[353,-114],[112,199],[92,625],[256,232],[187,32],[238,-105],[313,-613],[-18,-171],[-591,-642],[63,-250],[216,-12],[478,502],[476,244],[323,58],[247,-161],[51,-541],[-147,-305],[-87,-548],[-157,-159],[-635,-74],[-195,-110],[-68,-107],[34,-195],[241,-43],[586,113],[234,-57],[653,-780],[792,-329],[416,-267],[110,-250],[65,-725],[-185,-147],[-952,399],[-394,48],[-128,-52],[-78,-316],[93,-159],[813,-306],[300,-290],[84,-272],[-86,-144],[-114,-24],[-671,205],[-168,-33],[-353,-279],[-18,-416],[141,-148],[847,-234],[939,-39],[520,-391],[194,-490],[-13,-302],[-227,-768],[6,-506],[171,-569],[-75,-772],[-935,-1809],[-6,-202],[112,-151],[202,-17],[196,135],[800,1091],[196,79],[519,-65],[422,-758],[1881,451],[1010,67],[479,876],[1237,171],[200,669]],[[2740059,3520645],[-73,-504],[-274,-132],[-223,-242],[86,-172],[184,50],[96,-68],[179,-584],[170,6],[-18,-581],[-180,-66],[16,-156],[-251,-136],[175,-304],[124,-459],[-634,-29],[19,-603],[-454,-923],[-108,-380],[65,-683],[-75,-1238],[-2150,79],[-643,-67],[-84,-167],[-412,227],[-264,-281],[-286,182],[-334,39],[27,-246],[-262,-172],[-57,-174],[-214,-86],[-664,-748],[-1072,-723],[483,-599],[-632,-490],[-330,-433],[251,-548],[-118,-73],[-64,-442],[87,-98],[-155,-680]],[[2731990,3507941],[-302,279],[-366,530],[-122,351],[-552,298],[-249,323],[-610,133],[99,166],[-9,164],[195,162],[-216,418],[43,114],[-226,51],[59,162],[-129,210],[-268,-281],[-544,-306],[-570,268],[-242,-362],[-341,-1048],[-267,-440],[-176,-224],[-246,-67],[-107,-122],[-74,-315],[-539,-272],[-47,-730],[-136,-206],[-475,-368],[-19,-339],[-270,-760],[-165,-144],[-369,-115],[-154,-412],[-650,-334],[-53,-813],[-241,-674],[-627,-590],[-125,-800],[-716,-563],[-222,-1161],[77,-661],[-88,-777],[154,-681],[-154,-188],[-215,-1370],[-242,-732],[315,-657],[0,-312],[-138,-401],[49,-234],[-173,-418],[-20,-399],[-263,-454],[-184,-555],[25,-250],[161,-162],[-10,-177],[-125,-275],[-311,-359],[-66,-713],[650,-1050],[-64,-1035],[221,-529],[-5,-157],[-589,-768],[-109,-272],[-246,-1585],[-372,-506],[-138,-575],[-344,-379],[-232,-605],[-90,-574],[-22,-1361],[-280,-579],[-350,-323],[88,-539],[259,-423],[-64,-554],[-160,-370],[-451,-485],[-1364,-991],[-217,13],[-515,-160],[-195,125],[-289,1],[-371,-477],[-689,-560],[-306,-505],[-323,-259],[-147,-56],[-36,53],[-12,-81],[-256,10],[-1578,-648],[-827,-490],[-847,-160],[-202,-104],[-885,-1003],[-664,-428],[-920,-823],[-246,-297],[-357,-752],[-167,-114],[-592,-161],[-444,-419],[-103,-180],[27,-765]],[[2705931,3468449],[-202,20],[-187,286],[153,561],[287,535],[-295,34],[-278,155],[-580,81],[-146,204],[-205,-55],[-444,463],[-536,1147],[-1198,1714],[-325,721],[-819,1348],[37,364],[356,571],[1570,672],[274,220],[393,840],[597,1643]],[[2704383,3479973],[70,199],[702,564],[165,375],[-28,792],[211,345],[934,814],[349,83],[159,341],[272,232],[944,1267],[740,1197],[292,811],[287,466],[-467,605],[131,258],[-132,404],[1,259],[265,478],[1142,1443],[-79,90],[-532,-103],[-899,-33],[-1482,551],[-269,220],[-359,113],[-249,177],[-318,4],[-200,229],[-250,507],[-263,94],[-23,271],[-157,163],[-44,203],[10,533],[-90,101],[1,162],[-568,434],[-154,435],[-352,259],[-82,255],[-354,74],[-103,159],[-24,281],[128,448],[535,199],[96,219],[-514,465],[113,461],[-56,712],[-190,464],[-317,350],[139,256],[3,278],[-580,594],[94,268],[147,113],[-63,396],[166,577],[43,113],[317,142],[112,149],[-51,662],[290,477],[227,48],[163,-205],[148,-38],[746,535],[227,624],[-48,612],[362,0],[289,-249],[130,-5],[965,657],[368,386],[110,-25],[206,-324],[468,-432],[196,-125],[227,-22],[111,74],[-67,42],[477,714],[1029,579],[277,460],[82,287],[-162,417],[-400,336],[5,162],[389,442],[581,192],[213,334],[-65,132],[-387,55],[5,202],[218,128],[754,79],[313,151],[236,570],[373,296],[77,614],[210,351],[143,175],[377,217],[583,181],[306,-634],[216,-134],[108,399],[-186,372],[12,297],[363,480],[154,497],[-114,327],[-365,-114],[-161,569],[341,50],[58,273],[353,407],[89,14],[12,244],[-13,238],[-388,-25],[-223,239],[180,96],[35,119],[-292,403],[7,1157],[-83,145],[-620,-71],[-46,-342],[-259,-247],[-136,-7],[-91,69],[-20,378],[-655,516],[-129,-8],[-231,-197],[-754,88],[-112,77],[135,304],[-140,86],[-177,-120],[-140,-302],[-159,-56],[-286,843],[-155,-61],[-17,-334],[-397,-436],[-323,-28],[-785,-657],[-333,-56],[-353,141],[-143,299],[-105,49],[-346,-190],[-275,62],[-5,214],[209,446],[6,208],[-309,129],[-242,370],[-170,42],[-185,-182],[121,-334],[-38,-250],[-342,-290],[-221,161],[-79,-64],[-18,-308],[-230,-243],[55,-471],[-215,-84],[-67,-277],[-81,-58],[-121,-16],[-365,238],[-151,-51],[-122,-198],[-571,67],[-354,301],[-1053,-84],[-92,163],[1,456],[-131,219],[-191,26],[-74,235],[-141,147],[-424,-63],[-330,346],[9,269],[171,11],[114,218],[171,1016],[461,252],[210,266],[-88,226],[-233,147],[-70,156],[249,263],[145,-49],[158,-268],[217,135],[-3,153],[-399,404],[-336,181],[4,129],[810,521],[337,120],[92,135],[-73,351],[-748,85],[-102,73],[-180,467],[-385,129],[-56,105],[69,189],[312,282],[132,422],[-14,683],[-208,663]],[[2583367,3632012],[-70,-360],[-301,-519],[216,-321],[248,-886],[-79,-461],[-348,-604],[-1268,-1121],[56,-555],[1035,-1399],[153,-557],[-9,-417],[394,-462],[-111,-359],[95,-316],[810,-1404],[933,-761],[1329,-1456],[456,-355],[680,-365],[912,-843],[611,-364],[28,-514],[-250,-599],[81,-750],[-218,-374],[-479,-343],[-586,-597],[342,-361],[421,-1141],[1034,-675],[98,-461],[555,-919],[986,-858],[235,-320],[530,-1524],[401,-816],[-46,-652],[77,-268],[416,-875],[804,-1233],[-787,-347],[-274,-472],[-194,-150],[-306,-102],[-361,1]],[[2591616,3603777],[48,-187],[-106,-641],[33,-483],[-366,-415],[-457,-346],[-1430,-340],[-523,-276],[-221,17],[-422,219],[-502,31],[-451,-41],[-622,-223],[-1618,8],[-1014,-234],[-458,-336],[-422,-110],[-218,-315],[-471,-1284],[-1015,-675],[-669,-26],[-1209,-241],[110,-1028],[-35,-342],[-162,-362],[-776,-676],[-959,-577],[-499,-207],[-472,-36],[-52,-237],[-236,-208],[23,-736],[-293,-999],[6,-330],[120,-240],[406,-355],[-49,-1371],[456,-577],[144,-358],[63,-1507],[129,-548],[191,-230],[143,-471],[-1,-691],[-73,-221],[-286,-307],[-82,-425],[159,-606],[49,-619],[53,-226],[445,-718],[602,-119],[305,117],[355,13],[163,-49],[276,-272],[427,-260],[73,-503],[-168,-698],[112,-531],[-286,-662],[250,-768],[-208,-704]],[[2579926,3578235],[-2036,-1663],[-632,-400],[-199,-247],[-50,-1016],[-140,-547],[177,-314],[121,-552],[-209,-1221],[-139,-2194],[-417,-507],[-260,-819],[-228,-227],[-191,-564],[7,-238],[420,-966],[17,-496],[-166,-355],[-387,-411],[-357,-939],[-335,-562],[-416,-394],[-742,-446],[-658,-1061],[-760,-473],[-757,533],[-117,-17],[-600,-269],[-533,-587],[-1100,75],[-1164,-403],[-573,-282],[-517,-126],[-515,135],[-476,357],[-753,324],[-801,-409],[-862,-31],[-404,-299],[-279,-632],[-316,-255],[-79,-387],[301,-355],[-31,-162],[-358,-564],[-217,-568],[-580,-550],[-233,72],[-379,-83],[-446,184],[-175,-3],[-728,-453],[-366,172],[-357,-66],[-276,234],[-872,123],[-381,393],[-442,242],[-434,43],[-168,-691],[254,-451],[-166,-199],[-397,-216],[-126,-511],[-260,-197],[21,-105],[273,-122],[120,-191],[-398,-162],[-355,-315],[32,-115],[333,-160],[162,-174],[-68,-128],[-347,-197],[-160,-187],[-143,-330],[339,-369],[-76,-621],[131,-236],[-157,-350],[237,-247],[46,-212],[-381,-496],[364,-389],[60,-164],[-500,-193],[-15,-83],[234,-313],[55,-387],[-256,-369],[10,-289],[-260,-829],[-304,-413],[-369,-210],[-94,-159],[283,-187],[677,-158],[258,-236],[786,-1797],[161,-785],[-26,-555],[264,-628],[1028,-1012],[179,-413],[561,-633],[960,-717],[365,-465],[340,-225],[16,-186],[-112,-167],[167,-186],[-1,-256],[-273,-544],[208,-670],[98,-1347],[79,-225],[2,-461],[-134,-306],[155,-786],[-22,-1705],[185,-746],[221,-134],[226,108],[114,753],[559,354],[1035,-453],[1817,429],[200,-21],[287,-154],[259,-415],[48,-492],[295,-926],[832,-383],[313,-354],[1043,-727],[323,-616],[246,-1405],[-2,-562],[-114,-1367],[-173,-560],[239,-757],[790,-1425],[160,-952],[19,-1055],[-143,-513],[-719,-1255],[-506,-1137],[-15,-458],[-278,-437],[-213,-180],[-93,-222],[225,-875],[62,-597],[-158,-833],[234,-216],[41,-264],[-65,-458],[-450,-1387],[66,-997]],[[2567126,3510890],[11,-1041],[249,-1139],[-37,-172],[328,-512],[-271,-510],[-7,-470],[-114,-319],[-182,-405],[-188,-138],[-139,-244],[-129,-402],[-863,-1061],[-941,-1935],[-768,-1154],[-499,-263],[-872,-244],[-1089,-497],[-854,-567],[-356,-370],[237,-240],[701,-1143],[319,-752],[-439,-593],[-479,-1219],[-71,-506],[194,-531],[58,-625],[158,-613],[-58,-1143],[165,-666],[-6,-264],[-317,-118],[-33,-511],[-423,-651],[-228,-579],[1,-518],[-444,-579],[-141,-316],[-39,-545],[-401,-219],[-387,-397],[-629,-80],[-106,-135],[-387,-202],[-664,-1140],[-49,-359],[-574,-124],[-879,-578],[-166,-204],[-282,-723],[-1133,340],[-287,255],[-181,256],[-327,831],[-315,296],[-443,1140],[-316,32],[-712,-266],[-1112,433],[-287,-277],[-283,87],[-475,-9],[-833,-217],[-93,-451],[-221,-478],[-76,-483],[-400,-93],[-270,-155],[-288,-364],[-312,-114],[-322,91],[-226,171],[-1209,1972],[-300,643],[-1007,896],[-102,244],[-132,108],[-623,-123],[-1435,-715],[-712,2],[-440,309],[-214,281],[-258,443],[-285,822],[-859,666],[-520,538],[-442,184],[-901,-227],[-285,100],[-254,226],[-157,517],[206,857],[105,1204],[-259,533],[-392,373],[-180,33]],[[2535469,3494085],[-276,-311],[-279,-77],[-160,-319],[-378,-163],[-150,-312],[-554,117],[-432,-219],[-504,-4],[-473,-365],[-402,-174],[-655,-109],[-385,-264],[-243,-320],[-287,-870],[-192,-110],[-225,11],[-467,-528],[-318,-776],[-360,-487],[-256,-191],[-152,-323],[-317,-149],[-480,-832],[-180,-683],[-290,-418],[-152,-510],[-135,-830],[60,-511],[-771,-598],[-106,-221],[-628,-171],[-944,582],[144,464],[-119,216],[25,351],[-123,176],[-337,85],[-776,593],[-447,22],[-365,234],[-157,184],[-54,425],[-276,134],[-315,-4],[-396,-420],[-136,200],[-654,306],[735,634],[253,577],[344,267],[27,218],[170,127],[343,40],[277,-253],[191,128],[15,220],[-237,107],[-28,163],[527,558],[63,168],[-115,749],[58,399],[-186,633],[-313,188],[-517,-25],[-380,437],[-512,202],[-557,970],[-126,712],[-290,370],[-1406,461],[-901,854],[-1358,680],[-618,-43],[-461,545],[-662,230],[-292,342],[-326,110],[-1397,1041],[-322,81],[-684,-67],[-1480,-408],[189,-567],[-496,-149],[-1840,-294],[-523,-195],[-708,-131],[-521,23],[-1302,339],[-238,353],[-114,383],[-167,188],[-1561,439],[-826,458],[-864,949],[34,157],[392,166],[39,246],[-319,203],[-467,485],[-434,-124],[-645,-40],[-295,-337],[-270,-11],[-1415,169],[-268,144],[-364,432],[-290,173],[-563,56],[-428,165],[-911,-17],[-999,100],[-675,-14],[-475,-128],[-121,-142],[-191,-612],[-275,-446],[-159,-758],[-243,-246],[-780,-277],[-812,31],[-327,392],[-370,767],[-145,134],[-203,-58],[-381,-316],[-508,-745],[-486,-348],[-209,-656],[-1108,-458],[-126,-199],[-30,-388],[-115,-114],[-920,228],[-770,685],[-980,424],[-233,229],[-314,603],[55,665],[-68,106],[-922,406],[-469,398],[-600,-111],[-971,60],[-315,-306],[-347,-49],[-151,-271],[-413,-170],[-177,-187],[-376,-53],[-152,-277],[-381,-274],[-203,7]],[[2489148,3553819],[227,959],[-17,452],[132,251],[158,1173],[-536,1119],[-134,541],[-221,438],[-298,1074],[92,288],[-303,1001],[162,583],[242,310],[717,1461],[193,843],[-388,996],[-42,435],[-197,220],[-324,692],[37,489],[-192,667],[-1316,1267],[-2,491],[-146,254],[-136,1182],[-565,1481],[-598,797],[-366,221],[-187,296],[-117,1038],[-551,922],[-17,1682],[-291,1058],[189,362],[671,311],[436,343],[463,820],[723,375],[462,37],[286,-121],[863,-811],[650,-459],[299,12],[202,95],[404,415],[408,55],[366,318],[156,243],[561,377],[288,409],[97,604],[262,-35],[479,128],[1694,1090],[88,90],[1,344],[110,176],[458,163],[114,166],[129,555],[274,148],[137,172],[468,93],[77,97],[136,-39],[326,85],[98,243],[145,98],[81,383],[164,10],[73,85],[29,285],[145,51],[57,205],[231,284],[-2,337],[184,232],[79,427],[199,97],[-20,528],[89,253],[-67,153],[82,177],[-158,172],[-25,171],[173,216],[-138,242],[198,235],[52,244],[330,251],[-274,297],[-423,115],[-274,180],[-142,321],[77,387],[-163,127],[-35,383],[-359,293],[-297,444],[-438,124],[-175,-42],[-252,-407],[-92,-7],[-214,153],[-515,101],[-620,422],[-29,231],[313,341],[43,227],[-353,154],[215,745],[9,320],[-63,291],[8,1461],[-202,357],[78,339],[-166,261],[5,187],[158,300],[-160,885],[-53,953],[531,306],[575,58],[821,316],[420,474],[367,233],[212,450],[120,-136],[234,21],[160,389],[195,82],[104,163],[144,777],[394,430],[-131,524],[267,250],[194,111],[682,-238],[436,184]],[[2499772,3604834],[362,-426],[296,-139],[243,-848],[373,-323],[552,-84],[359,-249],[550,-179],[315,-259],[245,39],[66,-177],[197,-30],[241,-171],[351,64],[108,-255],[353,-96],[-7,-198],[-94,2],[-125,171],[-85,-66],[117,-186],[-56,-204],[388,-652],[45,-523],[442,-284],[334,-390],[620,-370],[153,-350],[-175,-318],[227,37],[487,-226],[443,74],[363,-32],[412,299],[344,-178],[53,115],[256,91],[181,168],[249,-11],[163,-240],[515,-126],[60,294],[145,152],[230,109],[368,-142],[454,201],[479,428],[424,87],[77,195],[208,52],[-27,213],[418,128],[169,-175],[269,51],[89,121],[316,-119],[209,7],[220,97],[82,159],[157,-7],[100,166],[133,-98],[196,50],[403,369],[254,363],[425,-137],[419,94],[633,529],[178,410],[264,278],[406,-103],[104,-156],[227,-121],[438,-115],[502,115],[363,650],[355,-171],[371,-65],[480,30],[577,369],[21,1008],[-270,563],[-16,538],[-210,545],[-28,377],[159,251],[401,1185],[73,98],[446,142],[146,230],[407,1351],[220,153],[261,-41],[283,567],[273,249],[972,-78],[256,183],[406,95],[487,-104],[160,-225],[257,92],[528,-12],[669,380],[405,89],[325,541],[255,37],[436,419],[267,138],[368,2],[387,188],[463,70],[412,-60],[202,-123],[60,-139],[146,-15],[718,227],[23,-204],[182,-161],[-126,-210],[51,-260],[-175,-545],[53,-90],[166,38],[527,620],[162,-181],[-14,-212],[213,-68],[72,-269],[330,282],[50,-164],[112,-22],[91,154],[48,501],[205,186],[-22,236],[225,145],[66,247],[362,168],[56,181],[179,133],[319,-134],[409,-18],[169,-429],[199,-176],[141,-11],[189,355],[3,514],[408,576],[72,870],[-57,228],[217,549],[953,-33],[1299,-255],[443,149],[375,22],[297,-141],[256,85],[370,-42],[283,59],[318,289],[247,-17],[536,149],[568,-12],[697,214],[776,358],[329,-22],[586,-476],[460,-66],[541,37],[1420,-406],[391,-279],[841,-297],[1207,-893],[645,-587],[933,-472],[753,-646],[1553,-925],[323,-301],[740,-1090],[119,-445],[99,-977],[266,-495],[816,-717],[184,31],[606,-130],[530,544],[170,62],[182,267],[248,152],[278,534],[197,530],[-99,219],[238,104],[-415,126],[-263,-512],[-199,-122],[-233,129],[7,277],[490,799],[200,588],[352,249],[312,55],[87,666],[216,55],[215,-95],[159,22],[91,131],[-184,339],[116,153],[460,153],[913,542],[681,136],[346,313],[519,259],[747,1109],[373,72],[268,232],[819,0],[255,364],[278,1172],[531,-62],[845,323],[260,237],[-220,550],[-218,105],[-19,297],[-416,109],[-96,92],[48,715],[-551,24],[-78,90],[586,486],[-84,113],[-383,137],[15,295],[385,51],[210,336],[333,51],[336,201],[226,313],[47,312],[-194,403],[-396,498],[161,468],[-576,822],[74,366],[-86,292],[94,347],[-185,242],[-503,268],[-175,192],[-197,1220],[93,434],[-388,173],[-115,170],[156,1034],[-548,732],[-127,417],[-421,258],[224,886],[-166,299],[258,280],[-128,501],[309,179],[-144,504],[169,189],[820,381],[49,169]],[[2564457,3632154],[188,-15],[134,-256],[191,-141],[425,150],[345,-38],[276,-367],[148,-554],[545,-381],[535,-134],[320,-373],[178,-9],[799,431],[482,102],[363,-140],[558,-484],[332,79],[205,294],[114,14],[507,-326],[322,-354],[571,223],[492,349],[440,49],[251,359],[-38,309],[70,114],[1028,89],[15,837],[113,156],[190,41],[102,133],[245,102],[383,-16],[323,-359],[554,186],[652,-235],[230,56],[160,174],[924,88],[262,-114],[112,-171],[379,74],[770,-306],[1935,511],[312,-54],[511,-386],[332,-136],[625,287]],[[2670369,3443032],[-898,-48],[-506,-261],[-346,-357],[-368,-811],[-487,-765],[-578,-127],[-441,264],[-991,-318],[-612,-56],[-898,-531],[-436,-551],[-850,-39],[-543,122],[-407,389],[-708,352],[-542,518],[-499,1458],[-479,554],[-424,318],[5,125],[-144,205],[-581,-915],[-480,-969],[-992,-1205],[-352,-277],[-373,43]],[[2656439,3440150],[-1637,-481],[-295,-141],[-689,-570],[-1951,-611],[-527,-733],[-1230,-115],[-776,64],[-282,432],[-167,999],[-522,1014],[-153,106],[-659,98],[-393,269],[-514,838],[-396,140],[-429,-176],[-215,11],[-750,322],[-881,1248],[-641,318],[-280,532],[-374,197],[-291,688],[-183,19],[-193,-162],[-230,-18],[-295,78],[-180,169],[-264,103],[-704,67],[-377,-39],[-238,-282],[-434,-220],[-354,-440],[-596,-321],[-678,-771],[-536,-90],[-159,-483],[-162,-209],[-787,-244],[-483,-319],[-523,-138],[-417,-251],[-591,-67],[-721,-217],[190,-377],[43,-748],[399,-213],[-114,-1129],[-69,-164],[-281,-166],[163,-369],[-774,-933],[-54,-425],[-520,-1108],[-637,-660],[118,-276],[-30,-135],[-560,-427],[-146,-373],[-11,-385],[-444,-509],[-489,-69],[-541,-480],[-331,-101],[-923,-916],[-606,-290],[-156,-239],[-405,-307],[-279,-409],[-251,-54],[1,-483],[400,-515],[233,-170],[118,-302],[307,-417],[15,-604],[329,-797],[125,-196],[331,-230],[-342,-578],[463,-811],[2,-198],[-137,-291],[101,-371],[-483,-1765],[-139,-214],[136,-699],[121,-150],[-131,-322],[228,-256],[-75,-499],[42,-250],[493,-1001],[-61,-411],[73,-209],[-98,-521],[439,-918],[125,-916],[-26,-367],[-157,-405],[-516,-1009],[-608,-570],[-97,-506],[-324,-240],[-236,-377],[-352,-188],[-677,-87],[-358,-329],[-134,-289],[-143,-791],[-262,-482],[21,-550],[-205,-322],[-962,-569],[-1307,-493],[-245,-264],[-146,-300],[-34,-312],[57,-946],[-188,-382],[-57,-533],[-124,-358],[23,-783],[236,-676],[-48,-400],[-787,-551],[-1208,-476],[-998,-135],[-133,-728],[-438,-436],[-75,-171],[-428,-2275],[-1330,-853],[-902,-997],[-753,-1182],[-1161,-1215],[-1123,-299],[-700,140],[-601,377],[-229,610]],[[2585806,3439076],[200,344],[179,916],[-258,407],[-93,705],[-106,240],[97,472],[486,307],[468,457],[509,731],[472,485],[1007,1743],[61,278],[277,537],[604,665],[389,1240],[793,786],[422,602],[272,634],[839,18],[458,-256],[1547,-477],[113,27],[8,493],[-160,889],[97,1164]],[[2594487,3452483],[423,141],[525,714],[459,171],[323,-6],[294,-362],[362,-227],[976,-370],[2905,111],[389,322],[166,569],[794,574],[1181,1670],[340,193],[560,145],[944,601],[930,720],[866,865],[650,505],[985,254],[110,87],[240,728],[309,374],[168,-2024],[274,-528],[555,-682],[792,-460],[708,-106],[962,172],[324,-51],[1762,-504],[1207,-439],[1269,-680],[392,-388],[598,-997],[220,-164],[247,10],[679,483],[1036,933],[977,453],[440,455],[329,456],[451,980],[548,732],[461,785],[692,750],[582,475],[327,477],[30,392],[-359,660],[-10,262],[95,225],[1514,1504],[81,273],[-72,361],[91,204],[534,223],[265,452],[215,138],[178,-250],[697,-627],[203,-485],[1180,-519],[449,81],[553,816],[600,-29],[887,181],[420,554],[616,443],[55,260],[-45,273],[208,119],[413,-38],[981,89],[753,-260],[231,-170],[373,-562],[729,-547],[115,-467],[96,-53],[133,56],[82,-126],[278,155],[417,18],[472,-359],[215,-29],[687,304],[316,-23],[400,308],[1154,-16],[493,243],[468,591],[362,-102],[282,56],[236,526],[-22,404],[713,904],[47,274],[462,731],[-89,123],[-446,89],[-62,110],[272,495],[1,440],[456,334],[151,240],[290,87],[180,-62],[510,-570],[650,-540],[560,-164],[2182,-288],[227,-1336],[837,473],[299,378],[287,205],[380,121],[429,465],[656,245],[657,-38],[669,-902],[1604,-763],[187,125],[842,166],[897,536],[-94,606],[588,637],[162,393],[849,391],[261,797],[404,457],[447,880],[952,1436],[358,398],[-60,513],[46,237],[322,328],[476,786],[198,107]],[[2662024,3475753],[79,-309],[-227,-646],[-225,-302],[101,-1239],[244,-517],[-8,-186],[-246,-288],[-644,-1470],[-577,-549],[-498,-859],[-127,-1313],[61,-578],[-79,-687],[39,-916],[-170,-336],[-122,-1004],[972,-1180],[106,-1230],[251,-326],[1415,-928],[676,-122],[453,-213],[287,-262],[1770,-168],[2393,-1435],[268,-461],[483,-257],[345,-28],[1366,312],[251,-33],[121,-834],[-83,-719],[-440,-1025],[-215,-310],[-2,-408],[282,-625],[103,-1201],[380,-601],[205,-984],[717,-1291],[-301,-324],[-275,-1131],[16,-239],[155,-356],[-193,-882],[267,-749],[-125,-1353],[-128,-340],[-391,-507],[-298,-729],[-87,-583]],[[2667026,3411465],[87,549],[-27,979],[134,687],[-569,1385],[-22,563],[-86,266],[-237,309],[-1598,854],[58,875],[-186,483],[-304,455],[-143,450],[182,917],[-123,348],[-10,525],[-245,511],[264,183],[6,139],[-306,257],[-24,284],[-143,260],[-153,596],[-169,164],[-260,84],[-99,192],[-370,209],[-203,243],[-416,204],[-342,1011],[-404,318],[-103,761],[-219,94],[-100,156],[2,98],[300,227],[131,208],[-242,266],[-225,-218],[-120,132],[81,626],[-213,471],[20,782],[282,261],[-182,508],[-155,165],[225,424],[-248,403],[69,197],[-65,195],[-235,356],[-250,135],[-24,326],[-195,264],[236,381],[-23,337],[439,226],[139,568],[-365,255],[-437,570],[-192,105],[-23,291],[-240,219],[-23,408],[-193,375],[25,188],[-164,165],[328,162],[0,159],[-123,84],[-218,-86],[-413,224],[-247,458],[-318,204],[-30,465],[-217,70],[-223,-240],[-120,-18],[-337,204],[-514,24],[-147,128],[24,374],[-114,219],[156,172],[-144,566],[65,291]],[[2670369,3443032],[2776,1421],[817,293],[927,451],[406,528],[352,1002],[482,773],[673,548],[1128,563],[422,382],[628,780],[729,706],[959,1113],[541,394],[192,270],[323,949],[420,549],[811,797],[127,220],[1021,844],[1006,1013],[129,308],[-8,997],[582,511],[492,813],[380,76],[-14,69],[-79,-28],[-129,332],[6,103],[102,37],[-110,392],[127,278],[-61,24],[525,613],[-92,261],[82,176],[231,81],[176,227],[-16,519],[223,1291],[214,287],[-26,-131],[56,-17],[142,246],[388,316],[6,264],[67,-24],[33,125],[-137,26],[10,55],[639,980],[274,694],[142,193],[490,249],[308,579],[152,1220],[-324,1834],[-968,2031],[-131,384],[24,608],[256,216],[1059,584],[756,665],[1086,185],[502,329],[327,586],[125,482],[51,992]],[[2693176,3477666],[766,647],[709,408],[471,197],[175,-118],[178,-7],[576,142],[384,600],[793,764],[102,-30],[417,-1080],[835,-680],[240,-430],[315,-157],[684,209],[501,297],[677,974],[750,129],[975,464],[406,111],[1253,-133]],[[2705931,3468449],[-77,-357],[-502,-719],[-204,-545],[-437,-371],[-81,-435],[-339,-273],[218,-573],[-81,-181],[-503,-274],[-44,-1223],[-187,-172],[-642,-167],[-366,-358]],[[2702686,3462801],[-146,-502],[-771,-253],[-104,-124],[-349,-131],[-89,-130],[43,-296],[-54,-73],[-239,263],[-212,39],[-257,-470],[-624,-296],[-64,-331],[-590,-174],[-600,-602],[-31,71],[-629,-108],[-363,26],[-205,-203],[-262,-642],[-144,-622],[-318,-348],[8,-517],[-110,-407],[-381,-429],[-204,-384],[311,-833],[-217,-547],[157,-429],[-30,-320],[-241,-460],[-242,-968],[-268,-218],[-365,-28],[-128,-119],[33,-217],[162,-183],[-250,-218],[-70,-182],[397,-454],[-293,-266],[-90,-217],[328,-422],[148,-369],[-302,-775],[-249,-297],[-325,-159],[-23,-666],[-111,-442],[-180,-144],[-180,-13],[-407,66],[-507,-42],[-222,204],[-464,114],[-425,-18],[-384,-130],[-384,-342],[-840,-1290],[-293,-281],[55,-602],[-347,-441],[-66,-526],[-130,-307],[130,-703],[-38,-246],[233,-424],[37,-377],[-462,-1092],[205,-535],[594,-942],[-127,-748],[77,-861],[116,-356],[-99,-487],[57,-360],[-72,-220],[-367,-300],[-96,-923],[-297,-624],[-37,-253],[192,-461],[-64,-451],[108,-705],[-197,-549],[-19,-420],[-252,-310],[-495,-1612],[95,-837],[-358,-578],[-253,-973],[-463,-434],[-132,-1195],[-203,-450],[177,-442],[36,-380],[250,-314],[112,-458]],[[2687937,3423597],[-175,-365],[-59,84],[-376,-258],[-193,-423],[-493,-144],[-235,-319],[-797,-240],[-717,-622],[-907,-32],[-217,-460],[-289,-188],[-661,-162],[-83,-208],[-218,-169],[-234,-368],[-380,-257],[-212,39],[-740,-164],[-521,118],[-463,307],[-470,155],[-1153,-119],[-439,57],[-68,-191],[-658,-259],[-809,-620],[-368,-668],[-902,-1221],[-37,-89],[115,-414],[-92,-258],[-462,-112],[-213,-319],[-397,-101],[-140,-528],[-522,-120],[-57,-236],[53,-317],[-154,-260],[81,-397],[-94,-183],[-990,-383],[-843,177],[-607,-220],[-439,-51],[-2443,-1426],[-833,-198]],[[2623313,3556962],[-456,-178],[-139,-276],[-215,-133],[-109,-179],[-43,-1020],[-287,-630],[35,-132],[380,-369],[12,-269],[-145,-97],[-245,-16],[-321,-199],[-383,26],[-286,-456],[-211,-68],[-217,36],[-147,-108],[-131,-353],[-219,-139],[-92,-191],[89,-769],[-345,-149],[-265,103],[-383,-720],[-460,-273],[-152,-204],[41,-354],[205,-234],[358,-133],[26,-167],[-450,-353],[-645,-336],[-244,-49]],[[2617869,3548573],[-1235,-708],[-213,42],[-1159,-114],[-1156,-251],[-366,-276],[-975,-261],[-160,38],[-1110,-170],[-628,-502],[-263,-103],[-386,-23],[-1492,185],[-251,87],[-322,285],[-852,-168],[-914,65],[-911,-243],[-660,-290],[-642,-115],[-737,-443],[-323,138],[-991,182],[-790,393],[-631,652],[-161,375],[-284,347],[-1547,287],[-555,-611],[-464,-311],[-405,-219],[-1090,-322],[-1125,-805],[-557,-199],[-1268,8],[-731,218],[-1854,-20],[-196,-490],[-321,-313],[-236,-394],[-358,-432],[-881,-809],[-352,51],[-452,262],[-283,334],[-857,1707],[-464,640],[-90,289],[93,678],[-395,745],[25,744],[-147,317],[223,749],[13,294],[348,844],[44,556],[-129,172],[125,478],[216,-5],[552,-289],[259,-42],[299,362],[219,615],[225,42],[344,-168],[171,308],[113,645],[238,91],[177,837],[196,199],[289,20],[-108,975],[-321,709],[14,429],[-348,945],[48,740],[197,379],[-53,476],[62,244],[938,835],[71,339],[-282,310],[-443,144],[-220,-24],[-536,-280],[-854,-15],[-416,-277],[-494,574],[-77,680],[-297,423],[-300,242],[130,699],[192,241],[198,58],[107,144],[-25,283],[-254,373],[-42,386],[-93,167],[-280,61],[-259,248],[-158,44],[1,167],[-163,157],[-370,-59],[-179,321],[30,250],[-256,334],[26,225],[-62,72],[-242,16],[-112,138],[-428,-102],[-47,364],[355,280],[274,521],[20,233],[-321,515],[-471,-91],[-31,222],[-249,237],[-141,331],[164,852],[85,119],[179,39],[332,-99],[477,116],[660,-105],[-13,397],[-439,365],[131,197],[35,231],[210,132],[701,79],[17,189],[-155,95],[-23,150],[495,365],[-25,211],[-204,98],[100,152],[35,294],[320,-173],[238,16],[5,346],[-127,271],[-229,-21],[-91,301],[-12,214],[154,197],[-32,345],[118,336],[-10,215],[-167,105],[256,110],[236,-441],[37,291],[95,59],[89,-91],[-1,-305],[233,-153],[97,267],[-39,177],[68,194],[-63,132],[128,45],[187,-91],[79,413],[235,197],[-422,533],[-357,256],[-610,841],[-896,230],[-452,473],[-544,240],[-1696,177],[-1948,-443],[-1115,-346]],[[2591616,3603777],[283,-262],[98,-276],[381,-132],[307,-5],[462,-332],[502,-90],[102,-136],[268,-55],[369,-267],[259,-438],[1018,-907],[277,-582],[478,-224],[256,2],[24,-430],[587,-143],[496,4],[459,-204],[318,10],[626,-327],[366,-1],[19,-233],[150,-59],[-145,-194],[107,-228],[-213,-204],[19,-84],[378,38],[205,266],[-3,222],[88,31],[589,-344],[85,-228],[-2,-519],[352,27],[-35,-286],[116,-106],[262,183],[40,116],[85,-8],[126,-470],[264,-42],[348,-384],[-18,-134],[-295,-196],[156,-739],[-94,-266],[334,-79],[463,162],[510,-165],[637,298],[588,-418],[668,-679],[-95,-228],[130,-300],[-194,-388],[399,-387],[256,-565],[388,-412],[178,-33],[43,-84],[64,-244],[-151,-297],[110,-259],[-26,-208],[310,-506],[94,0],[176,285],[591,79],[57,272],[299,294],[136,-6],[198,-298],[244,119],[735,23],[164,-101],[12,-664],[244,-89],[318,163],[153,-48],[950,-1030],[-32,-352],[401,-554],[1193,-104],[299,125],[235,-15],[544,-254],[482,-115],[209,-179],[248,-389],[175,-506],[608,-338],[271,352],[295,166],[372,-99],[296,458],[425,-104],[18,-633],[288,-420],[-99,-1014],[-163,-466],[130,-167],[972,-169],[48,-142],[-183,-271],[-723,-132],[-83,-238],[-395,-277],[-106,-210],[150,-45],[1062,213],[192,-25],[65,-87],[-393,-604],[305,-536],[30,-298],[-262,-413],[-78,-327],[167,-123],[809,24],[177,-258],[79,-547],[91,-83],[315,-32],[45,-315],[-358,-757],[26,-151],[191,-174],[431,113],[331,-622],[319,-197],[-35,-396],[86,-361],[-368,-398],[7,-411],[207,-174],[226,-848],[231,-532],[253,-203],[52,-308],[643,-123],[418,-212],[340,26],[310,497],[442,186],[689,12],[251,238],[172,331],[85,21],[232,-276],[425,-11],[448,-491],[-275,-574],[-276,-306],[21,-159],[168,-160],[-209,-275],[50,-192],[548,-378],[212,-16],[327,-174],[825,339],[99,-467],[-26,-267],[76,-125],[1069,-263],[142,-240],[40,-286],[-409,-749],[-3,-252],[233,-161],[32,-104],[-7,-131],[-402,-558],[126,-423],[-187,-190],[-513,-56],[-116,-109],[-19,-185],[646,-563],[-84,-528],[164,-331],[-89,-721],[93,-561],[165,-194],[599,-268],[87,-235],[-475,-407],[-91,-316],[82,-270],[-30,-222],[-527,-671],[-189,-852],[-527,-189],[46,-300],[-493,-331],[-76,-464],[-165,-306],[-327,-138],[15,-528],[-262,-30],[-348,173],[-198,-89],[-62,-287],[115,-264],[-109,-153],[-418,-115],[-323,-587],[-499,14],[-105,-85],[13,-152],[216,-268],[-21,-148],[-593,-469],[-95,-346]],[[2704742,3335573],[-286,-423],[-513,-256],[-190,-231],[6,-1016],[-105,-183],[-31,-469],[-196,-263],[-21,-329],[-109,-189],[-483,95],[-185,-68],[-175,-214],[-499,-78],[-534,256],[-414,-115],[-507,293],[-197,-4],[-522,-469],[-49,-287],[-460,-265],[-107,-274],[-157,-100],[-423,-19],[-102,-92],[-552,-714],[-113,-327],[-414,-617],[-245,-74],[-371,128],[-342,-45],[-500,-423],[-681,-204],[-697,-896],[-750,-411],[-479,-496],[-469,-339],[-83,-224],[21,-684],[-203,-230],[-567,-329],[-81,-796],[-478,-935],[-583,-444],[-187,-875],[-230,-225],[-559,-296],[-715,-1274],[-549,-390],[-373,-417],[-225,-534],[50,-530],[-72,-482],[-484,-1292],[-198,-197],[-905,-343],[-993,44],[-586,-156],[-379,-840],[-782,-1024],[-60,504],[-309,315],[-16,161],[-140,92],[15,114],[-209,224],[-111,573],[-481,309],[-195,563],[-188,286],[-335,280],[-276,436],[-671,773],[-157,467],[-370,569],[-109,440],[-277,182],[-492,143],[-111,461],[-110,-45],[-153,106],[-235,-93],[-333,176],[-39,169],[-463,399],[-351,645],[-372,1153],[-234,414],[-4,170],[597,2091],[178,258],[283,764],[-583,1168],[-475,728],[-426,351],[-367,451],[-454,332],[-526,257],[-279,1167],[-265,314],[-138,369],[-233,299],[-12,639],[-216,-10],[-117,-93],[-724,-963],[-337,-290],[-146,-343],[-174,-163],[-698,-206],[-171,-423],[-689,-258],[-142,-238],[-1096,-185],[-133,28],[-205,258]],[[2669375,3330270],[-295,5],[-353,255],[-141,16],[-601,-369],[-316,46],[-1241,880],[-363,537],[-321,-304],[-262,-116],[-1601,-97],[-861,182],[-949,-252],[-203,186],[-370,786],[-111,491],[160,550],[-132,338]],[[2661415,3333404],[-415,983],[-338,366],[-236,500],[176,735],[-194,296],[-92,1170],[90,621],[508,557],[262,135],[666,144],[121,155],[-14,358],[-231,608],[191,197],[645,300],[2174,525],[558,398],[-17,894],[93,727],[421,696],[669,126],[554,845],[127,569],[11,968],[189,736],[-290,1614],[60,350],[240,373],[-99,154],[96,101],[-257,361],[79,863],[233,575],[675,774],[331,694]],[[2668401,3352872],[295,-113],[-163,-298],[-23,-357],[130,-334],[407,-560],[159,-527],[361,-482],[654,-270],[308,-41],[222,-270],[46,-646],[127,-417],[-23,-255],[-223,-438],[70,-213],[743,14],[1048,-131],[215,-213],[547,-157],[100,-194],[680,-69],[77,581],[-179,202],[131,387],[-135,772],[252,303],[594,1667],[321,289],[115,506],[257,609],[426,-172],[524,117],[397,198],[663,50],[318,-128],[1259,18],[831,-331],[1486,33],[425,103],[353,190],[1021,251],[978,573],[508,26],[415,-101],[473,80],[1400,764],[1081,125],[99,-146],[285,-1],[70,-179],[374,72],[214,128],[210,-110],[403,495],[394,257],[754,239],[291,-10],[152,253],[6,189],[134,241],[90,26],[493,-136],[212,-325],[278,-235],[506,-172],[392,-6],[375,260],[212,54],[662,-898],[80,-457],[206,-219],[262,-100],[-66,-588],[411,-306],[-96,-165],[360,-329],[88,-1408],[356,-674],[407,-468],[9,-150],[438,-79],[150,-269],[30,-460],[378,-601],[502,-300],[703,-764],[639,-450],[70,-217],[444,-580],[6,-243],[300,-249],[155,-545],[0,-706],[252,-603],[-51,-439],[283,-602],[286,-290],[285,-525],[-162,-571],[-22,-789],[148,-204],[222,-755],[235,-183],[812,-1053],[263,-73],[388,-328],[608,-316],[2,-248],[186,-561],[122,-96],[3,-158],[372,-315]],[[2581016,3480863],[171,-385],[703,-713],[126,-606],[0,-450],[-102,-311],[-680,-1142],[-728,-2307],[-134,-3409],[63,-233],[475,-730],[125,-551],[-95,-449],[-363,-538],[-63,-404],[514,-2214],[443,-707],[450,-442],[1020,-536],[119,-218],[-48,-1305],[115,-217],[292,-15],[236,-354],[234,-28],[617,53],[603,568],[582,-61],[538,-735],[399,-230],[348,-76],[686,-1088],[135,-467],[382,-176],[411,-455],[178,-72],[1220,35],[439,-1068],[177,-646],[1475,-1349],[841,-198],[13,-154],[-586,-1215],[-14,-237],[738,-1744],[1416,-801]],[[2471358,3422573],[298,-242],[1883,233],[823,400],[870,-299],[916,-4],[240,-167],[267,-346],[364,-754],[247,-907],[153,-183],[197,-136],[319,-73],[735,175],[486,-282],[204,-15],[2018,784],[1381,106],[104,146],[-8,352],[84,192],[758,211],[460,645],[400,349],[687,211],[78,675],[477,697],[24,166],[-113,178],[-433,96],[-21,219],[162,233],[555,301],[94,213],[-45,164],[-167,135],[80,436],[-366,213],[-170,225],[4,151],[142,209],[560,387],[260,291],[-206,657],[4,336],[-126,448],[266,436],[211,698],[243,465],[-340,865],[54,553],[-269,631],[24,114],[132,134],[1516,672],[470,512],[298,-27],[301,-438],[107,21],[7,788],[840,929],[424,858],[-32,198],[-518,447],[-127,249],[23,324],[277,215],[314,7],[154,-142],[207,-447],[212,-18],[117,71],[234,687],[342,355],[-82,947],[192,137],[321,63],[-210,672],[188,457],[156,19],[504,-477],[251,-124],[720,931],[476,185],[345,472],[526,-180],[209,6],[464,287],[-38,158],[-528,629],[34,394],[204,191],[499,-90],[67,845],[281,-82],[360,-265],[54,187],[-77,713],[414,259],[-34,738],[206,370],[503,307],[-58,182],[-664,309],[7,210],[585,532],[570,74],[543,522],[-65,625],[438,79],[381,296],[-53,273],[-153,151],[-453,91],[-80,82],[45,158],[519,405],[-482,566],[4,384],[268,223],[480,20],[63,-99],[-130,-485],[128,-72],[413,142],[234,241],[66,517],[-591,263],[-56,238],[110,164],[400,53],[566,357],[108,640],[-165,722],[112,144],[430,213],[-30,684],[231,499],[-45,349],[-292,451],[-9,870],[-185,228],[50,129],[303,-24],[92,88],[-163,421],[-252,88],[-57,117],[351,565],[18,147],[-106,154],[-318,41],[-179,363],[188,338],[32,257],[282,12],[130,98],[-4,204],[-270,281],[-4,145],[531,261],[119,333],[233,204],[104,345],[456,88],[161,103],[8,105],[-130,167],[252,305],[143,-22],[67,-370],[338,-431],[187,85],[358,-94],[124,194],[402,190],[-2,366],[228,19],[230,182],[437,67],[220,-155],[345,276],[153,-37],[145,-191],[172,149],[313,-22],[75,95],[-54,481],[53,59],[495,-225],[293,15],[158,-215],[150,-28],[200,258],[-3,485],[858,116],[431,183],[534,-53],[230,84],[268,413],[559,137],[-27,398],[116,183],[429,53],[149,248],[239,175],[396,65],[914,502],[-64,290],[-484,621],[70,547],[-416,253],[-32,192],[127,149],[212,70],[547,-9],[517,706],[241,-32],[421,-267],[272,134],[206,-9],[692,-505],[172,88],[211,435],[131,72],[511,-146],[833,378],[453,-11],[319,196],[405,-180],[288,294],[650,32],[80,-111],[-546,-471],[-8,-120],[558,157],[296,-270],[365,-13],[690,332],[121,-343],[177,-90],[373,282],[710,71],[47,180],[-165,228],[4,211],[295,84],[205,375],[489,-19],[535,-132],[596,413],[510,75],[261,206],[637,180],[386,460],[737,520],[314,436],[95,249],[-151,130],[-4,107],[100,157],[93,15],[123,-116],[3,-518],[101,-101],[143,80],[206,312],[308,80],[303,189],[26,836],[247,111],[85,402],[167,141],[140,322],[-246,342],[-58,638],[139,87],[256,-235],[155,204],[297,-57],[405,130],[248,355],[-77,311],[258,101],[139,155],[280,11],[222,112],[-74,761],[-209,367],[32,108],[237,100],[41,274],[-265,398],[242,177],[74,167],[177,60],[228,416],[251,-106],[136,49],[166,387],[-62,692],[348,595],[-564,705],[109,416],[222,129],[51,139],[-144,222],[77,193],[-23,254],[-186,436],[43,452],[-72,995],[-632,464],[-93,179],[14,509],[-316,517],[-52,1583],[331,605],[298,93],[100,106],[81,263],[380,565],[854,540],[836,660],[1699,1028],[239,270],[247,516],[45,525],[-36,117],[-182,94]],[[2567126,3510890],[184,-448],[728,-703],[323,-60],[505,-484],[740,-362],[704,-197],[-43,-413],[502,-390],[450,-94],[311,-178],[298,58],[24,-278],[195,-17],[335,-407],[114,55],[499,-116],[516,-438],[255,-36],[-85,-218],[-285,-312],[-581,-300],[253,-40],[43,-73],[-45,-191],[-270,-187],[138,-57],[23,-198],[-134,-271],[-161,-11],[106,-65],[-103,-194],[44,-134],[-209,-17],[49,-234],[-127,-250],[-275,-140],[32,-145],[-217,-423],[-202,54],[-296,-133],[52,-290],[-100,-123],[92,-110],[-417,-229],[145,-152],[53,-236],[-210,-345],[-101,-525],[252,-506],[100,-573],[427,-430],[337,-183],[294,-521],[212,-931],[289,-476],[35,-358],[322,-249],[988,-1236],[171,-415],[189,-882],[422,-696],[1148,-1506],[670,-1165],[1203,-627],[266,-283],[7,-239],[-356,-867],[-969,-883],[-817,-542],[-737,-1123],[-214,-618],[92,-1356],[83,-82],[1352,526],[463,-974],[-67,-346],[219,-461],[1454,-1792],[191,-73],[471,255],[415,48],[445,-103],[681,-303]],[[2702686,3462801],[207,-679],[-447,-308],[-88,-317],[112,-631],[379,-927],[319,-264],[-299,-1049],[264,-489],[-341,-692],[8,-413],[230,-335],[-70,-58],[-441,104],[-121,-44],[-23,-125],[91,-486],[277,-337],[-31,-444],[353,-289],[239,-614],[283,-314],[108,-302],[218,-179],[113,-508],[356,163],[1726,1285],[883,361],[403,254],[325,296],[96,212],[761,577],[632,389],[322,51],[-17,-348],[-108,-176],[-262,-184],[-88,-438],[72,-356],[211,-235],[20,-190],[-167,-391],[-436,-238],[108,-430],[372,-204],[-37,-299],[177,-277],[-369,-142],[-14,-106],[158,-214],[141,-59],[134,-406],[288,-295],[29,-231],[-99,-339],[304,-382],[67,-234],[382,-103],[552,-733],[304,-551],[595,-728],[780,-249],[531,-626],[833,-622],[552,-112],[511,379],[819,-296],[266,-22],[556,-4],[428,161],[727,-294],[480,-68],[580,-270],[185,-291],[531,-284],[158,-207],[-10,-660],[297,-865]],[[2720071,3444070],[-1024,-491],[-519,-387],[-1218,-239],[-370,-373],[-277,-145],[-1304,-287],[-1147,-72],[-443,-1179],[-3,-805],[216,-1000],[-627,-2547],[-39,-1322],[69,-486],[832,-1774],[30,-339],[-81,-419],[-333,85],[-506,587],[-261,151],[-112,199],[-333,196],[-256,-605],[-1023,-1694],[-547,390],[-339,417],[-275,-593],[-414,-537],[762,-2661],[135,-820],[394,-773],[193,-1372],[-95,-1160],[314,-553],[445,-399],[621,-1047],[827,-1477],[242,-680],[494,-722],[111,-307]],[[2714210,3418830],[17,-1077],[-316,-584],[-810,-844],[-186,-318],[-706,-263],[-31,-428],[-255,-451],[-89,-1349],[384,-1205],[-96,-192],[49,-451],[-128,-421],[497,-463],[217,-309],[707,-274],[294,-301],[492,-968],[32,-514],[324,-287],[237,-489],[819,-1236],[-15,-130],[-370,-535],[18,-313],[141,-230],[1151,-944],[860,-1081],[348,-856],[82,-1028],[119,-228]],[[2717996,3401061],[-596,-879],[-226,-169],[-1589,361],[-328,-49],[-145,-136],[-153,-1121],[-546,-217],[-174,-124],[-68,-177],[-178,-1242],[27,-371],[187,-403],[-900,-1208],[-19,-361],[160,-872],[-76,-378],[-96,-111],[-432,-2],[-844,-385],[-2492,-259],[-1315,-267],[-1392,-632],[-945,-588],[-575,-500]],[[2705281,3390971],[314,801],[67,1187],[476,405],[107,347],[235,211],[171,312],[9,271],[-202,384],[-25,233],[170,1336],[-93,213],[-326,276],[-1174,562],[-394,359],[-105,238],[-120,888],[-439,776],[-934,190],[-157,80],[-266,334],[43,241],[1032,1359],[134,520],[-313,467],[-1134,1083],[-282,750],[-263,168],[-790,173],[-428,293],[-433,64],[-168,363],[-568,477],[-127,78],[-508,25],[-395,251],[317,305],[703,367],[80,144],[22,397],[-807,1123],[345,635],[-398,882],[-386,217],[-1237,46],[-49,93],[-17,1076],[-88,429],[-512,699],[11,477],[235,744],[-103,235],[-535,410],[-103,289],[103,1606],[128,571],[333,683],[-96,415],[-110,157],[-1022,532],[-792,182],[-683,282],[-125,169],[-56,402],[-59,664],[72,652],[-84,399],[-241,356],[-996,772],[-179,538],[-355,631],[-365,442],[-387,279],[-302,69],[-162,-86],[-90,-216],[-267,-108],[-89,-625],[-556,-888],[-38,228],[-354,-236],[-80,-152],[-281,-131],[-97,160],[-100,-14],[-22,293],[-468,172],[-116,145]],[[2705486,3335346],[36,-576],[678,-891],[195,-758],[2,-315],[316,-590],[118,-627],[665,-299],[631,-122],[298,-194],[143,-182],[203,-645],[259,-171],[97,-168],[460,-1524],[-2,-479],[165,-580],[471,-730],[17,-366],[361,-840],[309,-1078],[-511,-1009],[-237,-188],[-211,-419],[-6,-317],[146,-367],[-19,-383],[-170,-426],[-638,-1081],[-304,-1254],[-302,-526],[-17,-128],[152,-328],[-23,-155],[-466,-482],[-495,-792],[-225,-1199],[-31,-744],[-279,-560],[-203,-778],[-477,-454],[33,-239],[297,-251],[185,-295],[-208,-46],[-412,-388],[-910,-1132],[-809,58],[-504,-181],[-195,-190],[-1764,-39],[-252,-152],[-605,-1306],[-164,-215],[-411,-280],[132,-840],[-207,-464],[281,-765],[-548,-1008],[-232,-254],[-73,-292],[527,251],[640,142],[320,279],[512,-126],[369,235],[385,104],[567,303],[196,233],[845,605],[529,151],[548,396],[597,34],[2534,-325],[878,-275],[634,-356],[254,-239],[34,-689],[116,-280],[355,-180],[294,-7],[354,-161],[428,-7],[1354,-242],[241,50],[574,366],[183,-140],[365,25],[124,105],[106,-94],[371,63],[295,-153],[348,45],[303,-132],[608,346],[973,294],[321,226],[401,441],[893,518],[410,61],[1265,-315],[437,58],[597,931],[693,702],[159,135],[627,217],[502,432],[286,-46],[337,-395],[222,-96],[909,94],[143,228],[253,86],[355,-69],[174,78],[717,-126],[542,-406],[314,-530],[209,-39],[84,-151],[158,136],[113,-9],[309,-174],[232,-346],[505,-176],[770,-6],[384,-246],[24,-229],[234,17],[217,-110],[441,-62],[738,-277],[321,-295],[186,-350],[490,117]],[[2733959,3304987],[1435,-1005],[508,-501],[451,-255],[443,-681],[360,-182],[486,26],[628,-91],[821,64],[865,-214],[300,33],[652,392],[1644,312],[629,459],[385,110],[1483,55],[169,-133],[670,-997],[524,-607],[1244,-3291],[206,-1028],[219,-601],[794,-885],[233,-174],[443,-98],[461,14],[851,-125],[419,-682],[651,-814],[483,-432],[337,-727],[1097,-719],[1564,-796],[175,6],[427,328],[1105,423],[137,-73],[16,-336],[276,-188],[583,35],[291,-118],[287,-304],[485,-1145],[834,-1069],[120,-353],[409,315],[365,96],[763,666],[553,235],[560,53],[271,-72],[279,-276],[331,-64],[230,47],[540,300],[308,845],[268,182],[332,99],[360,-2],[368,-409],[168,-434],[1045,-861],[236,-334],[413,-839],[41,-454],[80,-138],[731,-623],[1171,-1287],[889,-498],[372,-309],[607,-1078],[250,-125],[329,-439],[529,-452],[150,-654],[747,-1106],[445,-231],[717,-48],[454,102],[721,-152],[385,-214],[102,-459],[316,-335],[1960,-656],[473,-613],[445,-429],[325,-984],[304,-395],[1231,-466],[220,-178],[152,-217],[161,-881],[419,-412],[111,-295],[-279,-837],[81,-321],[575,-276],[911,-2],[243,-260],[-86,-807],[102,-534],[282,-801],[105,-477],[-21,-260],[501,-1049],[63,-696],[1431,-1907],[327,-852],[12,-378],[137,-251],[463,-259],[49,-458],[477,-1801],[-147,-611],[291,-564],[300,-284],[598,-1047],[583,-552],[651,-781]],[[2659186,3255172],[-924,1181],[-408,952],[-821,679],[-2,1578],[-179,667],[-370,740],[61,791],[-109,479],[-679,1231],[-94,639],[-531,472],[-428,806],[-411,524],[-257,179],[-134,249],[-125,856],[139,518],[139,104],[43,270],[162,181],[-160,684],[126,504],[-89,66],[-207,-53],[-595,347],[-27,221],[-223,32],[-591,774],[-125,958],[61,764],[-47,508],[682,963],[510,436],[192,435],[385,517],[149,493],[496,749],[-215,1078],[167,952],[386,510],[437,357],[54,208],[162,158],[112,388],[3,150],[-228,528],[120,416],[-33,320],[194,299],[-5,283],[147,227],[78,536],[353,660],[-266,867],[-5,333],[486,576],[97,239],[-19,405],[-165,553],[213,1163],[108,344],[179,127],[-89,556],[209,88],[15,145],[-158,286],[179,236],[-86,497],[350,715],[227,266],[186,458],[38,505],[117,230],[-73,278],[153,77],[-31,245],[-183,164],[125,283],[-138,278],[326,57],[103,278],[414,373],[270,508],[34,213],[205,147],[324,726],[153,195],[287,145],[-27,422],[239,123],[-86,288],[156,125],[25,628],[-115,486],[-159,221],[-50,816],[114,216],[-204,565],[94,692],[-68,403],[53,312],[-260,280],[-131,884],[278,393],[469,394],[76,1390],[171,402],[392,291],[176,282],[205,110],[920,1829],[170,115],[513,61],[34,438],[72,103],[1303,798],[565,-91],[316,283],[255,81],[295,-152],[283,-25],[384,735],[660,104],[541,-191],[309,539],[905,516],[309,468],[966,-15],[-157,654],[60,493],[225,719],[-44,617],[638,1108],[186,684],[64,603],[-158,308],[-307,334],[-35,243],[-144,242],[115,586],[-101,405],[390,965],[-166,571],[486,528],[198,414],[-40,370],[-283,241],[108,244],[-202,397],[-130,1142],[-418,201],[-297,-13],[-175,103],[-110,164],[32,267],[-339,156],[-62,167],[-403,446],[-29,627],[-247,748],[21,288],[-153,312],[143,367],[170,173],[8,229],[295,874],[-158,1068],[134,614]],[[2704742,3335573],[277,-12],[467,-215]],[[2584786,3881607],[-126,112],[-414,38],[-421,215],[-500,63],[-100,-36],[-103,-352],[-237,-152],[-452,-85],[-430,-218],[-723,-51],[-797,-353],[-88,56],[75,223],[-60,237],[-615,425],[-1122,224],[-512,202],[-194,-55],[-174,-368],[11,-112],[284,-353],[507,-265],[324,-1],[77,-114],[-782,-756],[-105,-888],[-479,-117],[-248,-158],[972,-714],[-118,-414],[220,-217],[14,-117],[-132,-330],[-440,134],[-252,-69],[-666,26],[-373,-121],[-115,-298],[-246,-87],[6,-191],[239,-46],[173,-268],[575,-165],[81,-134],[-257,-343],[-98,-352],[-119,-75],[-197,29],[-134,-239],[-176,0],[-136,378],[-187,48],[-124,-563],[414,-423],[121,-334],[276,-37],[306,-300],[108,-297],[199,-212],[352,-71],[325,45],[369,487],[141,-49],[193,-327],[38,-187],[-140,-489],[336,-220],[50,-123],[-314,-305],[67,-280],[-223,-103],[-35,-152],[323,-737],[72,-1097],[241,-207],[221,-399],[-95,-174],[-202,-29],[-286,-187],[-216,-416],[186,-138],[550,-78],[257,-131],[79,-148],[-37,-410],[-239,-576],[-489,-166],[-51,-97],[53,-561],[269,-343],[-260,-537],[316,-655],[295,-88],[218,-319],[143,-35],[346,166],[118,-31],[93,-777],[-165,-551],[-162,-75],[-443,27],[-165,-212],[-262,-112],[-51,-192],[56,-168],[271,-378],[418,-209],[18,-253],[-506,-441],[-941,-352],[-411,-461],[-241,-588],[255,-1026],[-170,-257],[162,-80],[-9,-77],[-457,-209],[-201,31],[-65,-128],[-207,66],[-114,-52],[-44,-635],[-529,-549],[225,-339],[8,-209],[-690,-124],[-287,-214],[-292,256],[-132,10],[-402,-515],[-409,-30],[-185,99],[-38,202],[-293,431],[-402,320],[-639,300],[-177,-16],[-313,-218],[-212,12],[-81,178],[-77,1],[-95,-201],[-353,-34],[-118,-103],[-189,18],[-205,179],[-318,30],[-35,230],[78,316],[-165,127],[1,155],[-381,668],[-134,477],[-340,668],[-364,271],[-234,599],[-296,1214],[-322,593],[-333,115],[-863,664],[-358,110],[-434,-441],[-333,-206],[-373,-670],[-569,-642],[-366,-235],[-1082,-214],[-1132,-421],[-358,-270],[-605,-255],[-267,-245],[-499,-1105],[-25,-333],[-532,-1665],[-228,-286],[-700,-108],[-565,224],[-156,-25],[-363,-369],[-927,-427],[-1228,-302],[-1138,-71],[-2479,124],[-371,-61],[-792,-232],[-713,-470],[-622,-134],[-285,-211],[-1466,-1407],[-219,-701],[-208,-260],[-371,-287],[-1147,-371],[-445,-359],[-50,-966],[-658,-1487],[-417,-1416],[-559,-520],[-719,-456],[-442,-460],[-705,-509],[-107,-187],[-315,-1456],[-553,-779],[-508,-337],[-410,-728],[415,-939],[52,-642],[-312,-372],[-12,-1189],[-625,-1066],[-144,-763],[-332,-1014],[-534,-485],[-828,-588],[-328,-797],[-295,-382],[-317,-229],[-361,-747],[111,-931],[189,-790],[660,11],[237,-116],[951,-944],[596,-349],[488,-841],[111,-896],[-164,-326],[-855,-761],[-236,-486],[-53,-1187],[56,-361],[546,-438],[787,-190],[1078,-132],[349,-222],[519,-526],[1188,-532],[793,-148],[401,-256],[549,-118],[354,-251],[1612,-218],[633,1],[1831,-790],[-256,-290],[-468,-999],[-375,-1060],[-256,-288],[-618,-284],[-100,-568],[-125,-114],[-836,-612],[-580,18],[-968,-709],[-1282,-94],[-574,-585],[-754,-428],[-716,-734],[-228,-350],[-562,-492],[-98,-327],[412,-1425],[-602,-681],[-722,-273],[-1270,-672],[-533,-113],[-1425,-700],[-508,-162],[-173,-673],[16,-510],[855,-1814],[488,-791],[-385,-499],[-420,-34],[-277,90],[-926,552],[-283,65],[-410,-244],[-473,-724],[-170,-514],[264,-938],[65,-750],[-291,-820],[-91,-622],[158,-1509],[-868,2],[-544,-398],[-816,-423],[-2033,-1614],[-666,-149],[-165,-110],[-165,-166],[-554,-1043],[-290,-177],[-1061,-40],[-765,-382],[-234,-1202],[-7,-727],[-507,-221],[-951,-765],[-673,-1142],[-23,-206],[-263,-477],[-353,-1243],[-461,-182],[-316,-236],[-492,-125],[-211,-183],[-302,51],[-141,-103],[-242,-355],[-960,-741],[-309,-688],[-158,-132],[-1362,-390],[-187,-275],[-91,-649],[-293,-402],[-436,-261],[-60,-263],[306,-1065],[328,-273],[-57,-448],[-194,-437],[-539,-742],[13,-1220],[-181,-979],[-127,-175],[-266,-130],[-1847,-774],[-145,-970],[-503,-524],[-432,-158],[-473,-849],[-321,-1022],[-183,-324],[-39,-944],[-1035,-1221],[-514,-985],[-10,-178],[112,-224],[272,-296],[68,-578],[264,-516],[-37,-484],[278,-428],[-446,-1670],[-303,-567],[118,-452],[-289,-398],[-1623,-1401],[-653,-424],[-404,9],[-303,-149],[-500,-649],[-41,-891],[68,-421],[97,-354],[259,-350],[17,-192],[-314,-899],[109,-867],[-208,-524],[368,-438],[-12,-828],[178,-412],[-138,-460],[321,-436],[125,-627],[-181,-564],[-39,-885],[-214,-742],[23,-500],[60,-254],[739,-1258],[132,-1186],[-172,-754],[-18,-471],[93,-404],[535,-643],[147,-770],[104,-1488],[-1296,-347],[-326,-320],[-791,-531],[-319,-155],[-471,-49],[-523,-177],[-472,-232],[-575,-554],[-683,-449],[-64,-505],[-468,-1442],[-1034,-1008],[-1342,-758],[-793,-208],[-180,-688],[-289,-569],[-686,-486],[-488,-672],[-291,-194],[231,-497],[6,-692],[-1663,-349],[-398,-335],[17,-206],[-120,-386],[-655,-837],[-634,68],[-443,-205],[-318,-13],[-511,82],[-1619,-4],[-236,-465],[121,-180],[75,-1236],[-83,-808],[-182,-249],[-282,-135],[-6,-333],[-139,-177],[-247,-1119],[-435,-930],[6,-905],[-120,-380],[-376,-534],[167,-963],[496,-1293],[-252,-523],[-51,-511],[-231,-306],[-260,-205],[-746,-187],[-305,-588],[-421,-337],[-244,-362],[-518,-1653],[-573,-1046],[-35,-811],[-250,-1055],[98,-313],[641,-1084],[67,-329],[-52,-662],[124,-471],[-46,-654],[77,-204],[1131,-802],[2065,-683],[619,-398],[1158,-1477],[-321,-1103],[178,-932],[20,-729],[-428,-799],[-233,-743],[-199,-190],[-23,-239],[318,-262],[113,-704],[213,-372],[379,33],[791,-543],[67,-317],[-266,-974],[-188,-524],[-272,-401],[-95,-447],[221,-284],[1010,-577],[405,-398],[67,-411],[-399,-571],[-52,-491],[139,-323],[883,-1212],[797,-1532],[227,-226],[66,-525],[-206,39],[-52,298],[-716,429],[-540,-141],[-217,-250],[-543,154],[-174,-250],[-366,119],[-128,-125],[-291,-55],[-114,-190],[-170,-38],[-238,-211],[-161,-299],[25,-156],[-135,-184],[-312,77],[-206,-41],[-110,-500],[224,-245],[111,-318],[-155,-229],[-261,16],[-340,329],[22,276],[-59,68],[-473,-57],[-245,188],[-91,-276],[-777,59],[-144,-177],[-113,-447],[350,-537],[-16,-255],[-698,-82],[-681,137],[-351,-68],[-123,-109],[-91,-333],[-288,-77],[-234,-255],[-6,-161],[340,-397],[-76,-708],[186,-161],[10,-188],[-208,-229],[-362,168],[-58,-94],[85,-130],[-59,-250],[-192,-62],[-208,-198],[-309,43],[-187,-406],[74,-276],[-218,-15],[-134,-167],[180,-438],[-117,-166],[-166,-609],[314,-11],[15,-213],[-197,-62],[-208,-224],[-74,281],[-117,-62],[-86,-380],[-331,-348],[0,-245],[-458,-87],[0,114],[245,114],[-37,73],[-122,-15],[-251,-270],[133,-261],[-347,-119],[-117,-292],[-192,-202],[163,-589],[-367,-202],[228,-277],[-400,-238],[138,-313],[-214,-329],[37,-271],[-134,-124],[-80,-281],[398,-553],[-117,-130],[-139,-15],[-32,-297],[-160,-99],[-43,-145],[-245,-16],[-48,-239],[63,-177],[-91,-224],[-474,-447],[-44,-406],[-218,-93],[-27,-125],[733,-574],[133,-360],[426,-73],[318,-235],[95,-386],[308,-438],[-5,-187],[292,-240],[135,-1563],[-75,-385],[-267,-390],[31,-281],[-201,-450],[743,-772],[56,-636],[-286,-522]],[[2484846,3667216],[-669,-1061],[-679,-696],[-711,-558],[-248,-403],[-1153,-310],[-1098,-588],[-334,-416],[-186,-107],[-868,12],[-963,-127],[-152,59]],[[2458176,3682560],[-75,885],[-312,1390],[-195,521],[17,267],[134,210],[563,115],[234,-51],[854,661],[127,456],[32,962],[-287,1308],[-488,1134],[-72,772],[251,677],[396,456],[344,213],[-91,514],[434,954],[-27,618],[277,395],[200,640],[948,865],[536,186],[-943,1072],[-204,363],[-132,876],[348,1110],[-16,790],[-611,747],[-454,1084],[-49,333],[327,576],[129,395],[237,1289],[-76,1008],[-200,334],[-59,325],[-16,392],[80,333],[240,267],[804,246],[178,140],[731,829],[863,576],[586,649],[375,85],[399,-139],[722,279],[325,593],[183,184],[1621,886],[907,852],[913,1200],[900,1781],[372,77],[725,432],[179,277],[401,346],[306,663],[-83,601],[307,628],[120,226],[140,92],[531,157],[-3,395],[285,415],[-412,684],[-179,9],[-197,187],[-74,521],[-117,115],[86,104],[-53,141],[-197,130],[-409,572],[57,345],[-56,363],[239,386],[-331,389],[-144,298],[142,183],[464,145],[549,439],[133,451],[824,768],[695,938],[118,55],[70,239],[682,420],[33,167],[-112,250],[112,187],[155,109],[740,15],[432,327],[139,197],[-26,271],[134,229],[37,281],[379,220],[160,552],[352,36],[459,353],[139,614],[363,353],[652,285],[-6,1046],[146,1810],[222,497],[-26,422],[123,203],[-37,177],[-324,230],[-42,416],[144,255],[-139,864],[135,599],[128,218],[373,208],[570,-33],[-69,354],[310,271],[-186,83],[37,63],[564,-74],[326,218],[170,-32],[214,297],[165,20],[512,426],[106,-5],[49,145],[143,-120],[16,-145],[64,25],[192,307],[502,437],[385,570],[683,338],[956,1020],[356,928],[277,275],[1861,1516],[1428,471],[-325,715],[166,432],[353,472],[154,344],[64,772],[1,294],[-458,1245],[30,750],[223,893],[-72,876],[-119,156],[-1089,682],[-576,973],[203,511],[108,621],[228,322],[197,767],[-1,201],[-671,1221],[-41,355],[188,499],[499,366],[317,640],[95,425],[231,379],[381,466],[162,70],[1943,-66],[387,127],[313,210],[955,332],[814,420],[2068,135],[597,209],[399,287],[409,329],[116,286],[-27,1363],[-381,727],[-425,398],[-1222,222],[-544,618],[-742,1256],[-340,384],[-331,237],[-742,301],[78,383],[-115,797],[55,532],[-593,413],[-226,439],[-44,673],[320,987],[638,582],[88,187],[-551,1437],[-88,1397],[-161,530],[243,569],[442,449],[44,178],[-170,562],[-789,906],[-541,823],[73,691],[-82,606],[132,447],[805,556],[500,591],[-51,842],[-188,487],[3,187],[158,166],[1093,493],[673,249],[1051,244],[191,242],[71,589],[195,287],[348,253],[590,690],[145,268],[-1,297],[1083,244],[1579,863],[875,129],[509,-27],[350,89],[324,243],[160,339],[242,277],[763,517],[690,166],[17,-309],[294,-379],[876,-169],[468,-233],[-3,201],[382,604],[245,166],[547,123],[11,84],[-435,377],[-11,155],[86,191],[295,166],[295,339],[223,530],[130,37],[259,-108],[433,96],[558,-67],[-15,291],[182,239],[95,534],[340,617],[492,193],[180,221],[166,1567],[-27,758],[80,737],[-12,604],[-154,473],[-25,352],[153,537],[-110,296],[38,424],[-144,212],[-347,-89],[-116,192],[251,419],[99,442],[-422,1140],[-282,435],[-26,258],[213,368],[-8,204],[-149,93],[-302,26],[-283,340],[267,1060],[-19,935],[-164,141],[-535,-294],[-436,147],[-164,310],[-41,365],[98,338],[330,201],[179,236],[264,-18],[163,-159],[284,-80],[135,169],[54,409],[298,402],[3,186],[-109,117],[-262,26],[-366,225],[-1054,836],[-107,269],[10,646],[379,931],[6,209],[-91,152],[-578,268],[-345,489],[-415,245],[-181,370],[50,856],[-421,48],[-706,-285],[-642,-52],[-230,5],[-115,168],[354,1242],[246,92],[402,-217],[375,3],[253,595],[311,423],[-187,485],[-929,945],[-278,384],[-66,443],[109,315],[569,973],[-123,517],[68,153],[204,126],[961,-45],[143,72],[-116,814],[187,260],[74,1064],[148,314],[122,631],[168,118],[630,44],[451,337],[122,197],[-23,313],[-291,386],[-144,373],[-33,481],[75,441],[230,516],[624,689],[-56,575],[-159,374],[6,451],[221,369],[633,500],[36,122],[-50,258],[-138,206],[-35,407],[-483,533],[-313,698],[-776,1315],[-304,1195],[-126,926],[-646,1017],[-406,1263],[-88,412],[20,352],[111,281],[470,199],[844,3],[616,1220],[-328,748],[34,187],[346,173],[663,157],[304,412],[-144,390],[138,107],[627,159],[314,355],[141,303],[-33,188],[-617,266],[-173,178],[-65,219],[85,416],[56,162],[684,536],[832,880],[152,345],[49,618],[921,1777],[160,42],[87,-72],[143,-271],[259,-256],[19,-156],[-114,-138],[-93,-375],[103,-89],[483,-11],[245,102],[95,175],[81,574],[305,235],[566,-145],[360,95],[412,-132],[179,71],[79,215],[-257,157],[-30,175],[314,421],[178,418],[557,133],[109,129],[29,384],[-317,1100],[11,223],[305,326],[792,548],[107,208],[164,876],[200,286],[375,291],[320,15],[622,-259],[496,258],[628,90],[829,498],[1682,489],[112,-122],[-101,-512],[115,-467],[344,-210],[462,110],[164,284],[-163,764],[182,1093],[396,1122],[122,603],[216,31],[298,-226],[238,-6],[942,495],[640,167],[62,156],[-57,149],[-481,253],[-170,195],[-86,460],[157,199],[853,406],[11,300],[136,258],[600,459],[248,520],[242,91],[261,-160],[332,55],[580,672],[830,128],[906,367],[400,286],[163,301],[311,1247],[346,477],[466,445],[328,745],[620,545],[1018,166],[287,154],[-7,244],[-336,442],[24,276],[135,203],[184,74],[875,-405],[549,105],[242,120],[501,449],[139,272],[-25,475],[149,116],[699,143],[295,-41],[341,-176],[210,55],[75,184],[-49,253],[-579,830],[-93,352],[66,133],[335,43],[416,-117],[1902,-917],[310,-10],[461,333],[431,-68],[499,105],[122,-84],[41,-352],[143,-92],[258,-26],[572,124],[899,-112],[59,162],[-378,274],[228,618],[-422,675],[-4,461],[168,207],[298,105],[265,-31],[149,94],[471,627],[258,190],[227,464],[272,240],[1551,-1159],[557,-114],[348,27],[561,269],[321,257],[335,77],[291,174],[643,609],[622,369],[329,-23],[964,-590],[470,-203],[242,4],[1529,1529],[629,473],[562,216],[977,15],[485,-363],[263,-389],[452,-85],[242,221],[-105,355],[487,706],[1480,284],[344,-81],[586,-524],[614,133],[88,480],[369,288],[87,672],[-57,261],[143,124],[45,209],[1457,1106],[141,276],[-375,182],[-177,230],[-916,688],[28,1381],[-173,622],[-38,507],[-169,350],[-327,45],[-477,315],[-467,711],[-392,317],[-315,43],[-1226,457],[8,452],[-550,214],[-76,284],[-189,199],[192,427],[-298,614],[-428,373],[-126,325],[55,309],[547,60],[239,157],[677,1189],[-28,229],[-502,433],[24,374],[149,304],[-467,1184],[13,258],[256,527],[-104,800],[180,678],[-94,370],[-286,296],[170,91],[8,601],[148,355],[735,481],[-42,1083],[145,843],[-310,858],[-4,651],[109,214],[131,81],[2018,388],[311,1],[559,-243],[402,88],[357,352],[180,832],[315,198],[685,102],[245,136],[807,1120],[511,496],[354,692],[223,230],[289,147],[566,61],[686,-112],[353,-164],[414,-375],[172,-20],[1042,308],[1444,79],[1339,724],[244,371],[5,323],[-602,1115],[-54,447],[332,373],[937,413],[460,568],[92,218],[-19,295],[-185,456],[-789,1176],[-17,170],[199,467],[550,662],[378,179],[1295,980],[923,359],[1156,1072],[660,361],[785,114]],[[2667026,3411465],[144,-340],[360,-141],[139,-141],[793,-1773],[1127,-1273],[177,-540],[121,-881],[481,-796],[192,-597],[11,-293],[355,-578],[60,-479],[-89,-1109],[401,-606],[-170,-1169],[155,-531],[-83,-569],[246,-1028],[-54,-616],[102,-380],[132,-174],[-15,-226],[497,-1242]],[[2672108,3395983],[-662,-39],[-620,-201],[-755,254],[-158,-27],[-377,-156],[-373,-465],[-283,-15],[-883,163],[-383,-143],[-180,-216],[-240,49],[-283,266],[-1136,-286],[-343,15],[-720,232],[-422,1],[-508,-148],[-766,-516],[-626,-80],[-331,-329],[-307,242],[-151,16],[-419,-254],[-246,50],[-233,-139],[-194,14],[-970,-292],[-326,-17],[-689,149],[-867,-66],[-63,-550],[232,-306],[30,-277],[265,-632],[-12,-286],[-127,-91],[-677,193],[-233,-159],[-246,-467],[-278,-70],[-508,51],[-333,-59],[-441,-249],[-528,-440],[-943,-469],[-354,-356],[-239,-504],[-537,-650],[-697,-474],[-455,-807],[-498,-236],[-348,-269],[-423,-132],[-211,-183],[-143,-270],[-381,-281],[-843,-108],[-206,-163],[-486,-145],[-477,-285],[-486,4],[-299,-83],[-374,-347],[-304,-573],[-387,-263],[-146,-365],[-323,-25],[-701,-302],[-748,-627],[-642,-160],[-631,-933],[-716,-27],[-444,-284],[-105,-326],[-298,-132],[-354,-356],[-76,-489],[-657,-683],[-301,-61],[-935,-693],[-879,-237],[-136,-228],[120,-1225],[-82,-308],[-302,-282],[-166,-304],[-963,-959],[-176,-525],[77,-702],[134,-184],[-4,-117],[-283,-454],[-701,-686],[-198,-358],[-282,-845],[35,-415],[242,-601],[-237,-723],[-61,-1394],[-252,-945]],[[2634456,3367154],[-605,-158],[-107,-201],[-413,-873],[-54,-1416],[-107,-423],[-79,-215],[-397,-360],[-1083,-101],[-1189,51],[-691,-369],[-382,-30],[-535,-2],[-359,248]],[[2662024,3475753],[381,-49],[226,132],[235,429],[-125,658],[697,173],[205,203],[-190,296],[-193,1001],[-173,292],[-8,191],[840,235],[-9,526],[-165,356],[102,359],[103,69],[657,3],[374,464],[610,450],[54,277],[-403,800],[-9,463],[1295,1589],[677,685],[121,272],[18,640],[-145,506],[-155,127],[-383,60],[-445,196],[-67,111],[536,420],[127,508],[-17,113],[-182,129],[-189,313],[56,604],[-501,692],[-137,426],[5,378],[373,453],[-61,259]],[[2666159,3491562],[26,193],[263,388],[26,219],[-377,560],[-10,229],[606,185],[243,541],[213,235],[840,-51],[907,195],[273,176],[836,980],[848,271],[149,236],[34,482],[224,360],[370,311],[861,289],[108,461],[-211,324],[-13,336],[294,65],[658,-148],[125,97],[76,287],[-131,516],[23,182],[796,2],[506,462],[106,-26],[211,-274],[138,0],[378,610],[327,-14],[424,-310],[221,-61],[684,172],[373,-129],[253,439],[1063,124],[632,-186],[637,373],[774,66],[182,93]],[[2681125,3500822],[476,540],[1150,104],[522,273],[480,31],[613,-226],[737,-73],[151,212],[189,938],[1820,748],[120,-33],[-7,-780],[151,-583],[388,-282],[287,-571],[250,-64],[383,-519],[-174,-364],[104,-243],[34,-403],[-178,-330],[374,-990],[5,-354],[347,-390],[-122,-690],[703,-1671],[795,-894],[-85,-526],[318,-212],[-172,-1128],[-262,-577],[435,-774],[535,-435],[122,-438],[296,-111],[659,2],[279,-148],[821,-955],[702,-510],[460,-526],[630,-467],[-472,-552],[-141,-385],[-340,-444],[-289,-596],[-232,-261],[-230,16],[-124,-102],[-270,-757],[-482,-167],[-111,-1180],[-280,-561],[-264,-223],[-559,-212],[-388,-620],[11,-216],[227,0],[491,-193],[1369,-141],[-30,-903],[-251,-396],[-106,-379],[319,-757],[-133,-708]],[[2459304,3674144],[-296,-580],[-967,-1299],[-265,-238],[-490,-256],[-184,30],[-467,348],[-1005,83],[-770,219],[-1114,-513],[-545,123],[-672,-257],[-428,-23],[-392,87],[-168,-86],[-137,62],[-985,-195],[-784,406],[-628,84],[-293,171],[-181,16],[-56,-453],[-588,-349],[-328,-416],[-324,-241],[-308,-499],[-324,-350],[-282,-537],[-1061,-331],[-592,-345],[-129,-716],[-482,-549],[50,-475],[-34,-188],[-162,-212],[-357,-38],[-439,-249],[-388,-62],[-690,-278],[-192,104],[-284,538],[-587,451],[-42,117],[-516,-87],[-170,213],[1,516],[-584,379],[445,1050],[302,1699],[-167,1016],[-489,154],[-951,-244],[-442,-14],[-1085,295],[-585,-350],[-697,-71],[-701,48],[-248,-106]],[[2575760,3707561],[-5462,390],[-256,-52],[-418,-281],[-1646,-570],[-995,-499],[-320,-41],[-320,95],[-129,-52],[-256,-197],[-76,-460],[-97,-125],[-1004,-39],[-633,-337],[-415,-363],[176,-342],[-51,-996],[90,-238],[322,-374],[455,-336],[34,-129],[-245,-501],[-24,-229],[112,-198],[216,-155],[83,-202],[-88,-407],[148,-752],[-72,-543],[216,-332],[110,-365],[-147,-740],[283,-1525],[-482,-673],[-301,-77],[-596,52],[-569,-93],[-642,-286],[-292,-299],[-396,-243],[-253,-422],[-691,-194],[-710,74],[-731,646],[-255,122],[-294,-74],[-314,-196],[-755,186],[-500,-155],[-222,-155],[-283,140],[-435,2],[-59,94],[-347,126],[-1005,-735],[-279,-2],[-215,131],[-233,-221],[-449,12],[76,430],[-137,539],[121,921],[-296,809],[62,289],[-297,384],[-364,-44],[-33,-206],[-131,-66],[-10,-184],[-108,-34],[-297,138],[-453,-47],[-935,515],[-314,455],[-354,30],[-199,404],[-497,218],[-187,221],[-294,18],[-85,83],[-101,450],[-391,497],[-348,213],[-127,284],[-132,104],[-502,293],[-875,112],[-816,768],[-294,628],[-294,329],[-1419,131],[-658,425],[-277,34],[-243,-191],[-265,-70],[-834,210],[-413,26],[-404,578],[-535,555],[-1086,1554],[-431,390],[-178,344],[-576,420],[-682,962],[84,931],[200,301],[74,519],[395,434],[-319,-49],[-252,-253],[-541,67],[-450,345],[-174,-236],[-312,-49],[11,-161],[-976,636],[-55,290],[-322,625],[-502,265],[-210,259],[-30,256],[-277,578],[-56,405],[104,608],[-51,231],[303,891],[-285,198]],[[2533789,3715436],[-217,121],[-310,420],[-364,-32],[-98,93],[194,285],[204,98],[240,-3],[173,182],[285,890],[-263,491],[299,756],[-87,101],[-400,105],[-180,158],[-165,-61],[-166,71],[-46,129],[64,225],[-134,214],[141,440],[299,124],[90,227],[366,308],[117,989],[-177,178],[-11,183],[178,712],[334,765],[-268,50],[-426,-305],[-305,45],[-195,179],[104,351],[-282,97],[-121,455],[-126,42],[-394,-208],[-132,105],[-78,143],[0,329],[-233,299],[-17,180],[127,164],[264,-28],[269,221],[19,217],[-218,479],[175,298],[500,386],[-598,102],[-359,428],[-438,140],[-347,530],[254,290],[188,524],[288,257],[343,515],[732,578],[833,469],[46,437],[494,587],[196,405],[-34,1031],[174,398],[116,1186],[426,1203],[-226,636],[65,420],[-150,986],[666,1117],[434,304],[353,368],[1,624],[-389,498],[-53,277],[43,153],[289,194],[-100,420],[39,275],[181,580],[426,714],[28,422],[-162,723],[71,201],[145,204],[400,110],[526,440],[209,72],[387,-21],[351,177],[632,1056],[449,426],[371,718],[125,427],[139,173],[1038,549],[399,398],[562,370],[311,533],[154,-1],[512,249],[352,-48],[186,88],[260,-132],[443,286],[350,58],[230,147],[20,317],[230,176],[201,438],[450,437],[94,506],[101,152],[381,218],[372,138],[203,-49],[102,100],[49,287],[266,403],[186,510],[678,945],[499,242],[292,-116],[231,79],[218,-56],[125,292],[26,311],[393,157],[513,644],[702,215],[-155,256],[26,213],[-125,61],[-12,91],[194,292],[-280,318],[-30,335],[-103,41],[13,238],[134,152],[-84,319],[166,277],[-101,304],[17,272],[-213,246],[48,99],[209,57],[162,392],[-128,252],[97,256],[-240,288],[150,282],[6,157],[-112,106],[477,422],[29,586],[-235,419],[-91,800],[357,292],[43,485],[158,423],[663,1213],[179,541],[501,726],[1140,125],[790,320],[358,-90],[1142,25],[282,-160],[435,-14],[306,-159],[502,-626],[161,-96],[1257,-112],[333,95],[162,83],[-2,331],[-242,678],[-70,558],[51,345],[652,165],[710,860],[478,340],[1146,-273],[1069,-62],[316,154],[70,703],[553,931],[143,385],[15,233],[308,877],[-207,750],[-314,692],[-202,1063],[97,1284],[-403,531],[557,487],[154,281],[164,877],[-161,699],[248,423],[107,818],[448,149],[124,187],[-1,1237],[246,706],[-212,327],[86,295],[-6,441],[-116,218],[-447,318],[-84,208],[-499,557],[73,253],[403,141],[-506,521],[-386,623],[58,368],[-70,452],[258,354],[68,1191],[-327,943],[-197,187],[-609,113],[-340,389],[-502,156],[-1023,531],[-180,508],[-423,220],[-74,122],[101,337],[-35,216],[-233,503],[33,346],[-204,151],[-78,261],[124,777],[-115,132],[101,337],[-13,298],[-94,168],[167,137],[-52,235],[393,308],[47,356],[388,622],[-47,263],[176,274],[11,212],[404,469],[410,-161],[198,31],[183,422]],[[2562963,3800862],[224,29],[496,-533],[727,-373],[435,149],[1001,-1],[604,81],[137,162],[290,113],[419,-122],[325,35],[324,337],[476,213],[303,430],[583,320],[189,25],[289,215],[332,21],[173,218],[423,-7],[617,308],[597,92],[380,531],[613,23],[310,-235],[229,-34],[297,233],[187,402],[227,202],[228,-82],[106,-247],[317,-31],[278,154],[353,-26],[795,481],[801,87],[457,384],[388,659],[748,658],[113,474],[283,210],[250,340],[345,234],[182,-25],[153,-147],[-154,-327],[44,-446],[327,-228],[601,-42],[298,-260],[511,-865],[733,-488],[145,89],[80,381],[225,412],[590,262],[315,-70],[86,-280],[488,-248],[384,119],[421,362],[302,-29],[414,-276],[230,3],[813,512],[951,285],[274,-31],[407,-261],[140,13],[246,196],[503,-35],[119,-81],[-80,-682],[-212,-663],[132,-219],[616,-459],[95,-287],[-358,-621],[-43,-358],[173,-204],[732,-291],[215,-300],[27,-195],[-172,-727],[-371,-332],[-103,-488],[242,-801],[2,-1333],[163,-445],[289,-306],[420,-118],[768,48],[193,94],[624,85],[525,-1],[728,-193],[528,-314],[308,-372],[229,-598],[116,-1375],[180,-434],[559,-675],[78,-282],[-338,-1140],[-160,-295],[-1895,-2611],[-297,-739],[-2038,-2111],[-342,-481],[-336,-569],[-118,-332],[21,-264],[144,-247],[259,-202],[1937,-818],[1485,-796],[319,-448],[-33,-1277],[81,-292],[181,-105],[1218,-212],[507,-192],[329,-289],[271,-817],[50,-1038],[-123,-867],[-334,-75],[-341,46],[-1526,539],[-440,22],[-249,-51],[-348,-228],[-475,-603],[-350,-707],[-48,-850],[-271,-1500],[-206,-604],[-232,-1168],[12,-638],[340,-493],[162,-692],[398,-914],[193,-215],[334,-176],[318,-6],[933,322],[1344,71],[687,737],[486,65],[216,-104],[81,-264],[-251,-1359],[2,-1069],[443,-2770],[-102,-529],[30,-481],[1539,-838],[1101,-912],[678,-270],[688,-109],[241,-168],[331,-896],[661,-974],[480,-1011],[1084,-1642],[292,-588],[-26,-160],[-406,-328],[-103,-249],[-368,-374],[-41,-449],[331,-293],[838,-205],[181,-170],[-55,-167],[-247,-140],[-1252,164],[-146,-96],[3,-109],[280,-334],[28,-216],[-374,-585],[-61,-308],[232,-398],[2,-344],[-342,-316],[-83,-227],[50,-192],[153,-106],[854,-336],[474,-104],[165,94],[120,194],[-178,312],[29,108],[253,166],[309,-33],[202,-299],[-172,-308],[-20,-244],[-297,-235],[363,-401],[-177,-186],[-592,-290],[-177,-254],[-244,-61],[-785,505],[-96,142],[-157,797],[-238,157],[-298,64],[-154,-80],[-171,-346],[-163,-1197],[92,-425],[391,-601],[86,-500],[85,-114],[627,-54],[415,-188],[240,-236],[2,-186],[-328,-541],[455,-1601],[114,-30],[302,282],[156,33],[177,-637],[161,-178],[463,-126],[489,93],[247,-62],[119,-114],[-357,-449],[-120,-609],[-312,-341],[-866,-118],[-354,77],[-103,-139],[142,-1188],[242,-53],[272,207],[283,57],[168,-137],[-146,-335],[-730,-624],[-82,-1635],[139,-90],[743,297],[137,-16],[202,-313],[6,-750],[139,-88],[440,15],[73,-163],[-55,-123],[-419,-237],[-263,-474],[-726,-7],[-105,-101],[-6,-233],[150,-238],[174,-22],[216,110],[116,180],[262,51],[736,-586],[382,184],[163,-89],[138,-407],[-65,-184],[-934,-97],[-260,-153],[-438,-112],[-72,-179],[561,-298],[-346,-395],[-12,-178],[188,-373],[-87,-245],[15,-430],[422,-828],[124,-111],[369,147],[211,-56],[-463,-505],[-76,-335],[61,-151],[334,-193],[307,-316],[77,-201],[-41,-479],[411,-478],[109,-238],[94,-729],[-331,-565],[-14,-174],[194,-108],[241,10],[214,150],[168,-120],[-23,-144],[-244,-228],[-463,-766],[-111,-396],[-420,-340],[191,-414],[320,13],[222,234],[198,-298],[347,117],[-23,-342],[-492,-692],[63,-488],[-182,-485],[-440,-52],[-273,-333],[-64,-528],[-216,-382],[-229,-216],[25,-416],[-67,-221],[-532,-245],[-250,-216],[-395,-412],[-34,-383],[-82,-122],[-319,-102],[-435,-522],[-530,44],[-81,169],[-122,-10],[-794,-588],[-444,-122],[-1275,-580],[-867,-213],[-1335,-704],[-164,41],[-410,312],[-501,162],[-281,261],[-1543,495],[-564,539],[-49,254],[-235,431],[-269,135],[-245,387],[-902,502],[-888,330],[-474,77],[-1361,-296],[-1094,-80],[-476,-180],[-1067,-941],[-1683,-141],[-1848,-793],[-992,-126],[-444,-286],[-664,-136],[-611,-365],[-381,-682],[-1463,-1416],[-1027,-450],[-2143,-1730],[-1061,-727],[-759,-1225],[-20,-167],[46,-886],[177,-581],[69,-1237]],[[2702341,3525803],[-398,-338],[-293,-504],[-341,-101],[-299,138],[-142,215],[45,575],[-302,1],[-494,-142],[-158,230],[-425,-24],[-30,96],[192,189],[-51,100],[-289,-24],[-229,103],[-201,-8],[-124,-108],[-111,-322],[-266,109],[-398,-443],[-486,5],[-843,-1115],[-133,-325],[2,-622],[-544,-310],[-210,-267],[-379,29],[-282,234],[-183,285],[-287,168],[-308,4],[-199,-155],[-152,0],[-520,384],[-832,159],[-536,-338],[-712,68],[-682,429],[-330,46],[-216,-106],[-356,-541],[-345,-363],[-860,-501],[-80,47],[-1989,-416],[-190,26],[-437,324],[-321,100],[-500,-35],[47,-331],[-269,29],[-126,114],[-1701,-12],[-450,61],[-245,-125],[-274,-293]],[[2682099,3522202],[-235,828],[1,283],[168,268],[-406,1334],[-424,383],[-624,-19],[-596,-199],[-595,-49],[-689,99],[-487,-65],[-703,174],[264,1626],[271,513],[72,396],[-148,215],[-906,441],[-1244,802],[-764,329],[-592,1008],[-3026,-4],[-348,-208],[-882,-1019],[-500,-171],[-461,-609],[-159,11],[-355,451],[-351,274],[-894,344],[-624,-170],[-308,-421],[-128,500],[-611,652],[-76,1073],[-405,502],[579,642],[625,303],[680,739],[1563,1053],[1323,629],[1351,517],[663,728],[423,929],[-1,633],[302,546],[-197,331],[-151,561],[70,629],[188,358],[610,502],[199,965],[437,583],[505,477],[-237,25],[-210,129],[-613,46],[-159,-149],[-451,-889],[-302,-246],[-564,-175],[-553,231],[-2215,438],[-1331,643],[-613,214],[-554,61],[-1873,-625],[-970,-5],[-626,-498],[-160,-416],[-552,-687],[-841,-664],[-670,-247],[-1480,182],[-1053,425],[-992,92],[-919,-241],[-272,6],[-940,414],[-731,53],[-585,-287],[-1362,-368],[-1231,-2]],[[2651444,3540359],[129,252],[-80,3282],[121,537],[77,158],[359,253],[1264,509],[398,325],[264,708],[654,525],[95,770],[249,416],[-68,805],[-481,385],[48,650],[-258,872],[-43,739],[-169,289],[-430,407],[-117,578],[-432,479],[23,548],[285,540]],[[2653332,3554386],[425,89],[356,280],[1022,507],[335,422],[1710,2873],[618,1326],[0,249],[-31,382],[-320,481],[-485,442],[14,62],[274,173],[2165,532],[1068,193],[1012,-7],[837,525],[611,242],[1090,96],[1276,-89],[453,93],[372,181],[346,289],[969,972],[374,516],[498,1183],[39,1088],[146,502],[559,766],[545,1011],[1016,837],[610,876],[310,641],[81,474],[465,765],[309,748],[-12,322],[-347,762],[-6,283],[-268,431],[-17,585],[-226,598],[-32,443],[-397,1027],[-25,348],[287,993],[139,233],[85,746],[363,944],[177,255],[-60,205],[-266,246],[-28,220],[124,596],[293,291],[98,248],[-184,542],[39,206],[461,453],[-34,328],[131,937],[-96,516],[30,422],[334,289],[-114,366],[277,255],[252,506],[5,131],[-278,203],[15,114],[448,293],[651,-104],[113,397],[144,90],[417,44],[142,172],[568,-72],[578,82],[674,-182],[422,-17],[1255,266],[379,409],[767,-71],[729,261],[593,-122],[332,12],[117,236],[-202,704],[66,286],[501,14],[1585,560],[685,703],[3,289],[-201,239],[-18,172],[709,1035],[285,805],[474,883],[108,399],[-254,839],[-320,613],[135,197],[-70,468],[85,297],[181,299],[214,86],[49,149],[-57,168],[-294,256],[31,226],[-89,325],[70,52],[176,-96],[145,336],[-336,158],[-392,-178],[-879,30],[-1126,158],[-697,195],[-214,471],[297,889],[105,154],[516,345],[56,134],[-574,1556],[110,302],[520,690],[54,202],[-136,1571],[-94,80],[24,190],[295,242],[87,170],[-139,292],[-61,627],[697,723],[-25,604],[172,363],[301,1098],[481,1090],[168,68],[297,-416],[440,-92],[331,32],[294,362],[249,105],[294,-48],[306,-220],[998,-3],[322,-133],[163,75],[193,444],[295,169],[210,-23],[373,-253],[431,64],[241,95],[818,654],[353,-117],[343,0],[407,173],[880,50],[372,617],[231,153],[1153,33],[457,-155],[511,-337],[489,323],[562,10],[169,145],[9,174],[-287,454],[-64,371],[124,139],[460,175],[-43,212],[-284,72],[-65,115],[275,584],[604,343],[167,400],[530,-35],[382,169],[67,107],[-27,306],[542,296],[70,331],[476,703],[1,207],[-303,664],[36,266],[201,393],[3,357],[-75,298],[-308,50],[-261,277],[-31,737],[-784,467],[-87,394],[-104,90],[-1577,281],[-641,252],[-705,16],[-138,343],[-1176,1101],[-263,361],[177,482],[277,166],[79,159],[-50,325],[-409,688],[-18,238],[73,146],[335,130],[984,-643],[829,775],[1298,560],[-10,134],[-264,116],[-323,286],[-125,280],[-18,464],[275,226],[123,262]],[[2651444,3540359],[-655,-1136],[-226,-1360],[-341,-177],[-817,-180],[-858,-536],[-301,-271],[-115,-461],[-318,-349],[-75,-383],[168,-417],[28,-294],[-376,-515],[-6,-200],[124,-201],[-81,-466],[-525,-744],[-86,-1619],[474,-879],[20,-1026],[-118,-780],[79,-261],[308,-443],[1007,-940],[123,-487],[2406,-1912],[52,-739],[-127,-566],[-26,-2893],[44,-495],[193,-711],[-263,-621],[11,-281],[338,-506],[-99,-952],[123,-483],[1114,-1714],[27,-289],[133,-195],[-197,-1179],[104,-345],[452,-468],[-32,-383],[82,-156],[-321,-943],[-356,-409],[-154,-308],[72,-675],[163,-253],[-117,-316],[182,-756],[-55,-425],[-472,-509],[-81,-444],[-548,-781],[-59,-305]],[[2651466,3505222],[-266,-264],[-809,289],[-561,-91],[-267,106],[-177,190],[-664,229],[-401,335],[-499,-99],[-453,241],[-187,0],[-330,-171],[-153,-255],[-454,-208],[-180,-173],[-44,-161],[-1818,-803],[-231,-408],[-437,-348],[-501,116],[-221,-103],[-178,-208],[10,-626],[-362,-264],[-172,2],[-42,256],[-87,73],[-634,-33],[-422,174],[-586,139],[-215,-20],[-140,-90],[-132,-369],[-132,-103],[-400,-62],[-353,137],[-561,-189],[-269,36],[-437,-202],[-136,-381],[-237,13],[-378,-165],[-551,129],[-234,-224],[-1,-512],[-252,-192],[-428,-6],[-701,132],[-366,-563],[-228,-36],[-353,107],[-436,-432],[-568,76],[-316,-117],[-420,46],[-327,-64],[-332,-259],[-366,-522],[-355,-296],[-529,18],[-428,363],[63,198],[-336,588],[58,140],[-60,226],[174,266],[-159,322],[-92,616],[101,420],[178,307],[-87,368],[200,326],[15,164],[-416,334],[264,252],[6,145],[-417,125],[-171,232],[178,230],[299,1422],[-52,117],[-188,77],[15,316],[-243,478],[-129,37],[-122,-203],[-123,-30],[-576,243],[-187,336],[-256,2],[7,157],[-174,236],[-231,-137],[-118,184],[-399,101],[38,214],[-80,104],[-227,-66],[-612,116],[-57,-222],[60,-209],[-188,7],[-143,-124],[-105,124],[-408,71],[16,298],[-103,108],[-145,14],[-113,-132],[-314,405],[-353,61],[-129,318],[176,432],[-204,335],[-235,157],[150,150],[-138,250],[12,193],[-313,350],[-398,37],[-272,-103],[-142,599],[-180,126],[-79,177],[-165,58],[124,411],[-498,594],[-278,163],[-895,-191],[-277,-447],[-375,-215],[-1516,333],[-899,338],[-253,217],[-147,454],[-1008,877],[-572,775],[-236,186],[-1511,708],[-630,628],[-586,854],[-455,186],[-803,123],[-497,187],[70,693],[-183,638],[79,746],[-297,421],[-363,172],[-375,70]],[[2609749,3520774],[197,38],[233,248],[1220,459]],[[2611399,3521519],[241,-105],[533,-47],[624,-201],[622,-87],[938,459],[1127,-239],[637,14],[400,130],[373,477],[585,347],[556,946],[360,406],[1311,948],[1274,764],[667,711],[1275,1095],[344,188],[211,7],[127,-161],[662,298],[689,6],[494,-145],[133,-123],[377,-26],[426,-629],[199,-45],[1199,141],[1053,253],[970,25],[276,-49],[191,-341],[254,-132],[703,185],[482,318],[334,89],[347,20],[1190,-233],[582,179],[171,263],[222,965],[186,346],[115,527],[1345,1780],[256,486],[687,954],[949,2275],[374,476],[355,277],[428,988],[144,624],[56,781],[-493,973],[-68,1102],[454,1411],[279,466],[58,239],[-19,1205],[220,1766],[522,1089],[131,953],[209,274],[-81,75],[-166,-91],[-50,146],[346,611],[195,1016],[-12,735],[263,579],[78,623]],[[2641319,3550876],[107,-223],[363,-124],[354,55],[802,-97],[150,-131],[56,-339],[138,-137],[117,6],[119,160],[363,-117],[120,274],[195,-159],[290,194],[84,-67],[25,-233],[388,-210],[411,-62],[335,85],[118,-123],[224,-14],[178,-173],[225,163],[300,-106],[270,124],[104,-284],[221,-14],[260,-134],[378,115],[379,-171],[145,8],[200,170],[216,-63],[101,209],[35,906],[301,403],[540,1892],[322,631],[634,279],[1820,535],[625,282]],[[2590002,3674852],[128,-272],[-42,-763],[284,-1337],[-534,-610],[-286,-596],[-826,-921],[-419,-325],[-180,-756],[-217,-433],[-423,-277],[-1260,21],[-900,263],[-974,103],[-715,-1079],[-151,-119],[-232,-29],[-205,-730],[129,-678],[266,-761],[20,-500],[-509,-703],[-566,-1202],[-356,-380],[242,-507],[-16,-591],[124,-657],[204,-481],[263,-1015],[-46,-964],[118,-394],[1008,-936],[741,-996],[764,-552],[492,-568],[68,-339],[-257,-343],[-698,-1898],[-13,-677],[790,-1702],[379,-534],[218,-1078],[391,-268],[114,-436],[307,-641],[243,-145],[420,-23],[266,-267],[36,-1478],[468,-1001],[44,-300],[-619,-839],[-560,-408],[-311,-103],[-810,119],[-153,-64],[-318,-1185],[-73,-614],[-331,-521],[-238,-166],[179,-661],[309,-342],[378,-662],[452,-514],[367,-684],[219,-234],[241,-504],[50,-358],[-534,-777],[-579,-86],[-358,105],[-239,-333],[-1020,-951],[-478,-615],[-721,-485],[-189,-633],[-1,-450]],[[2564457,3632154],[-188,-54],[-649,92],[-310,-107],[-294,4],[-171,-253],[-534,-299],[-541,-3],[-609,-182],[-755,43],[-305,-72],[-528,-277],[-269,131],[-866,-454],[-113,168],[-107,16],[-891,-442],[-289,-323],[-621,-84],[-315,-454],[-419,243],[-272,285],[-112,-369],[-198,-283],[-142,12],[-400,430],[-182,-882],[18,-465],[-168,-242],[-454,-1310],[135,-315],[-82,-637],[201,-233],[-182,-278],[125,-207],[-80,-618],[-43,-81],[-254,-62],[-125,-267],[-131,-1197],[67,-631],[-194,-612],[-216,-389],[-36,-336],[-977,-95],[-464,39],[-338,-583],[-448,-263],[-154,5],[-193,136],[-409,1],[-133,-146],[-480,-31],[-277,-215],[-209,-49],[-668,51],[-785,-177],[-463,196],[-110,173],[-292,157],[-674,45],[-435,412],[-463,66],[-244,-108],[-937,-116],[-646,417],[-1621,468],[-340,234],[-563,1068],[-923,290],[-182,329],[-224,826],[-378,130],[-890,-94],[-605,-157],[-949,1522],[-217,234],[-1095,309],[-485,-14],[-169,787],[-70,913],[-182,225],[70,1086],[270,635],[189,1310],[298,299],[52,192],[-512,404],[-184,278],[76,757],[111,142],[-99,222],[-2,698],[125,479],[-76,543],[-130,201],[-294,206],[-545,201],[-252,432],[-318,230],[-268,67],[-309,-42],[-82,-738],[-192,-638],[-453,248],[-699,164],[-241,206],[-1213,23],[-589,-123],[-197,114],[-376,449],[-84,445],[-287,375],[-86,466],[-320,550],[-254,270],[-205,73],[-349,-138],[-619,-55],[-257,-355],[20,600],[217,401],[59,499],[231,522],[260,-73],[162,-199],[98,-7],[31,265],[-118,116],[27,95],[328,56],[378,-77],[446,244],[353,472],[220,-17],[587,-273],[713,15],[-36,248],[372,118],[146,288],[-257,252],[-83,307],[-554,375],[-262,484],[-213,185],[-778,307],[-115,212],[-812,429],[-194,-6],[-233,-192],[-106,16],[-49,863],[-435,563],[133,327],[298,138],[308,320],[119,311],[274,145],[-150,688],[230,234],[-206,119],[-229,418],[4,281],[92,168],[-142,192],[-3,208],[157,308],[21,353],[-23,321],[-145,172],[200,162],[44,231],[-87,169],[78,222],[-182,347],[68,251],[-401,305],[-219,302],[-104,423],[-22,592],[-271,206],[-136,228],[101,187],[-190,191],[105,173],[-80,67],[65,74],[361,87],[44,310],[-114,413],[-202,269],[-214,919],[56,579],[-137,399]],[[2525869,3656718],[145,149],[186,639],[216,391],[814,32],[220,102],[236,601],[21,440],[355,253],[126,249],[791,819],[195,498],[-79,220],[-345,445],[-265,1125],[33,444],[320,721],[-294,619],[-13,629],[-376,143],[-153,302],[54,1029],[-238,484],[-33,335],[254,385],[4,629],[-427,307],[-966,352],[414,359],[2135,676],[578,810],[640,1812],[19,258],[235,398],[320,238],[256,482],[622,726],[681,415],[337,347],[799,-8],[212,-121],[812,-177],[374,198],[370,-114],[199,330],[595,-145],[472,133],[368,-213],[273,-46],[136,-213],[342,-223],[348,285],[1058,207],[291,174],[560,56],[327,-200],[520,-101],[156,-405],[247,-76],[-44,-225],[199,-139],[179,8],[178,247],[210,-89],[-5,-623],[144,-103],[359,-71],[133,-514],[320,10],[130,176],[-23,185],[89,48],[162,-20],[336,-228],[341,54],[226,-173],[253,-442],[472,-30],[30,-84],[-112,-201],[105,-161],[826,-166],[215,-317],[229,34],[262,-81],[-91,294],[167,142],[227,-191],[21,-251],[151,-37],[124,64],[282,420],[601,-8],[276,-154],[696,-749],[307,-52],[587,144],[730,-269],[301,219],[59,323],[90,97],[493,33],[333,-173],[142,24],[152,176],[22,292],[273,504],[27,259],[-73,194],[65,622],[155,139],[378,54],[167,296],[288,275],[-12,255],[119,182],[25,356],[365,116],[85,446],[-76,193],[252,310],[-116,592],[295,357],[-86,237],[-249,237],[158,316],[-18,314],[356,101],[55,268],[-59,353],[479,380],[37,539],[388,1390],[115,55],[229,-190],[362,286],[365,26],[263,358],[375,32],[63,299],[126,157],[622,359],[-97,358],[149,152],[72,315],[220,294],[100,428],[462,194],[930,621],[340,429],[277,192],[729,213],[317,449],[554,263],[316,280],[175,399],[-127,641],[36,206],[567,496],[1013,318],[378,403],[156,541],[625,204],[529,426],[135,1495],[925,-48],[517,-343],[388,-558],[356,-28],[162,-190],[72,-290],[206,-173],[72,-183],[-17,-165],[-235,11],[-11,-352],[141,3],[229,162],[748,-235],[267,141],[630,-414],[283,-75],[653,26],[609,-621],[247,-364],[780,-267],[732,-386],[115,-238],[441,-427],[691,-346],[484,-411],[228,-547],[524,-427],[151,-410],[381,-424],[-25,-735],[271,-583],[-211,-441],[-88,-546],[263,-1165],[245,-394],[95,-316],[389,-59],[461,-294],[86,-134],[-103,-253],[99,-124],[668,-89],[-94,-329],[113,-133],[707,-142],[274,-706],[524,-265],[326,32],[348,-356],[346,143],[454,-463],[425,-219],[432,-93],[259,-280],[903,-266],[254,-475],[-21,-338],[855,-946],[953,-421],[544,-456],[617,-318],[1134,-927],[188,12],[903,1156],[249,191],[506,818]],[[2753015,3375383],[-1192,-1621],[-1210,-48],[-785,727],[-1741,1039],[-602,256],[-1865,348],[-404,-90],[-477,-240],[-311,-340],[-1290,-962],[-305,1081],[-647,967],[-239,653],[-288,466],[-366,432],[-621,530],[-84,264],[-1281,1054],[-275,829],[-1515,1880],[-1194,643],[-614,488],[-1839,2769],[-994,1019],[-279,218],[-357,130],[-347,297],[-467,1001],[-163,942],[-377,1321],[-34,1166],[-515,860],[-1084,-304],[-555,147],[-857,49],[-926,191],[-543,-65],[-200,47],[-190,275],[-784,473],[-71,342],[44,483],[-440,276],[-140,201],[-176,554],[-398,377],[-71,281],[94,235],[239,238],[3,233],[-592,-81],[-238,-121],[17,-389],[-526,-379],[-67,-358],[-382,-432],[3,-260],[-225,-370],[-627,656],[-317,226],[-404,1088],[-20,438],[-1200,2761],[-237,255],[-759,127],[-477,336],[-235,69]],[[2714210,3418830],[493,-994],[330,-488],[175,-136],[1117,-470],[787,206],[179,565],[213,67],[460,359],[187,1030],[-3,320],[-151,559],[435,1103],[64,693],[243,-142],[168,10],[212,-352],[-115,-616],[766,-203],[557,-249],[999,-237],[1296,20],[800,289],[860,451],[649,-90],[1005,-338],[383,102],[354,-16],[732,273],[658,-161],[486,46],[609,-156],[555,108],[238,-146],[238,-22],[724,198],[1072,-441],[489,45],[300,134],[686,-132],[358,243],[503,113],[296,298],[247,-108],[295,-534],[605,-539],[1719,-440],[295,470],[157,24],[2352,-298],[1126,378]],[[2705486,3335346],[172,46],[293,268],[1656,466],[486,428],[395,147],[376,311],[702,-60],[273,140],[206,268],[566,368],[771,-65],[260,56],[413,311],[500,-126],[675,152],[315,-10],[733,560],[167,-26],[444,-301],[401,-21],[212,-90],[165,33],[434,365],[543,57],[374,-57],[-76,122],[60,185],[-80,462],[191,926],[-90,746],[235,384],[400,332],[97,244],[-269,672],[535,787],[108,294],[-788,169],[-686,23],[-312,-152],[-401,-463],[-662,96],[-144,108],[-285,587],[-349,230],[-1061,1159],[-618,1328],[-353,303],[-403,123],[-437,533],[-332,181],[-461,814],[-850,863],[-971,1266],[-370,603],[-753,689],[-128,-24],[-1294,357],[448,595],[101,507],[-336,322],[-172,379],[-482,696],[-952,978],[-80,354],[97,444],[-379,116],[-250,268],[-17,295],[-186,320],[277,497],[63,272],[-233,1300],[-3,761],[-333,373],[-159,1433],[-422,724],[46,355],[400,1081],[790,2663],[423,1037],[575,898],[69,277],[208,1388],[-32,500],[-355,280],[-91,158],[11,316]],[[2705497,3372100],[343,422],[441,137],[601,397],[329,127],[570,78]],[[2707781,3373261],[847,194],[1233,537],[1189,191],[949,-24],[521,-162],[641,40],[917,-166],[306,37],[954,-232],[406,-200],[630,-2],[585,175],[737,386],[797,199],[146,253],[315,75],[373,318],[118,392],[280,166],[359,80],[1124,-178],[245,72],[823,-170],[288,-142],[223,-203],[195,-490],[722,-549],[62,-156],[322,-134],[112,-139],[634,-183],[169,-159],[32,-143],[312,-344],[43,-426],[271,-476],[49,-457],[308,-615],[330,-306],[70,-641],[-161,-334],[81,-224],[-392,-641],[183,-408],[-58,-356],[85,-103],[231,20],[219,-138],[93,-366],[265,-421],[28,-545],[-90,-194],[145,-262],[-342,-780],[-26,-271],[152,-227],[308,-220],[362,-71],[-115,-395],[341,-209],[289,-725],[4,-121],[-184,-269],[290,-647],[-154,-281],[-66,-512],[120,-353],[-200,-440],[-103,-771],[-181,-421],[420,-310],[244,-573],[171,-1266],[274,45],[353,-204],[168,-548],[-138,-256],[15,-212],[-292,-415],[-137,-842],[284,-1183],[-3,-513],[-140,-422],[1,-663],[329,-171],[29,-193],[428,-676],[50,-409],[204,-358],[10,-365],[412,-352],[128,-478],[419,-286],[22,-158],[-163,-351],[4,-476],[137,-479],[273,-344],[2,-145],[280,-181],[244,-383],[2,-393],[91,-298],[-191,-538],[-1,-227],[-261,-535],[-25,-387],[455,-786],[290,-183],[172,-915],[138,-195],[312,-202],[16,-567],[326,-257],[186,-412],[405,-85],[360,-381],[825,-84],[821,-509],[272,-294],[173,-363],[527,-308],[353,-993],[367,-99],[288,-211],[239,-711],[47,-537],[205,-397],[912,-290],[182,-497],[-22,-624],[743,-373],[274,-536],[20,-397],[-212,-568],[-13,-485],[641,-981],[-79,-589],[245,-419],[163,-504],[483,-77],[206,-116],[557,-764],[624,-159],[-6,-269],[93,-202],[335,-198],[449,-640],[647,-79],[203,-291],[18,-254],[-145,-339],[58,-450],[-97,-344],[-74,-99],[-347,-89],[-588,-585],[-147,-282],[-4,-349],[-296,-533],[-44,-598],[-217,-521],[-222,-418],[-305,-127],[-107,-149],[-168,-662],[-320,-415],[-33,-236],[158,-327],[138,-1042],[-491,-810],[-96,-702],[-610,-714],[-66,-1220],[528,-872],[254,-178],[132,-467],[522,-616],[47,-284],[-357,-213],[-170,-797],[-565,-735],[-746,-135],[-285,-230],[-1192,-431],[-187,-135],[-199,-305],[-167,-670],[-290,-388],[-89,-510],[-227,-385],[-304,-223],[-1236,-417],[-92,-118],[-76,-404],[-321,-309],[-217,-551],[-159,-54],[-371,160],[-271,-12],[-160,-70],[-245,-301]],[[2499772,3604834],[248,501],[9,341],[242,-1],[-88,498],[126,66],[117,213],[-40,235],[56,98],[-338,123],[41,215],[254,374],[76,750],[230,231],[-367,396],[-131,479],[383,207],[302,-138],[1163,200],[299,506],[-35,569],[347,1138],[57,125],[241,153],[264,586],[117,87],[-21,281],[86,337],[143,298],[280,301],[29,295],[214,277],[-163,230],[-184,28],[-107,457],[88,852],[-7,1267],[-596,577],[-422,-54],[-693,177],[-82,-10],[-110,-191],[-148,5],[-759,172],[-289,227],[-392,387],[-192,365],[222,115],[127,609],[-518,457],[-144,341],[-58,430],[-204,289],[-330,288],[-243,21],[-195,121],[-259,359],[350,395],[596,191],[832,408],[465,-134],[353,421],[403,110],[505,22],[974,699],[1080,386],[27,361],[179,378],[-38,638],[213,188],[82,235],[217,69],[-83,155],[-3,273],[334,259],[133,213],[87,691],[-397,273],[-94,197],[136,247],[412,350],[124,21],[117,581],[158,173],[-16,219],[219,192],[116,281],[-92,474],[58,368],[-597,371],[-97,193],[-340,292],[118,569],[-93,995],[384,683],[378,25],[218,159],[-6,302],[-316,573],[35,342],[224,324],[102,550],[-84,340],[64,85],[-120,213],[218,166],[321,440],[-7,646],[253,143],[115,394],[108,79],[-261,345],[-261,91],[-543,688],[-713,165],[-420,244],[-269,-54],[-148,155],[-78,-172],[-116,-49],[-375,275],[-532,-237],[-584,-426],[-280,-51],[-118,81],[-435,-125],[349,-331],[-342,-237],[-379,-445],[-110,140],[-18,314],[-449,-68],[15,179],[205,134],[102,173],[-24,91],[-173,39],[19,194],[-98,48],[-356,-177],[-99,-236],[-201,-133],[-240,-98],[-452,-4],[-202,-174],[-247,38],[-170,-261],[-408,9],[-166,-94],[75,182],[226,166],[192,287],[52,308],[-8,851],[-189,322],[113,281],[-27,596],[141,603],[271,66],[289,-78],[332,144],[209,-63],[229,218],[181,57],[363,-401],[294,351]],[[2500909,3643233],[1266,1069],[431,87],[382,436],[245,616],[477,51],[53,254],[580,22],[317,117],[142,135],[77,285],[522,551],[757,151],[255,270],[198,445],[755,668],[195,441],[509,-230],[99,61],[489,-128],[270,71],[312,-220],[550,-148],[510,4],[414,-348],[75,-369],[1164,-61],[929,-199],[520,-202],[844,2],[1136,-507],[473,-64],[352,-173],[562,-110],[364,-224],[365,-442],[1042,-636],[612,-515],[378,-729],[-37,-430],[320,-259],[127,-342],[405,-364],[238,-104],[178,488],[328,135],[107,149],[9,561],[290,830],[-301,590],[-19,175],[388,395],[76,418],[-395,513],[-471,872],[-247,663],[33,481],[218,331],[-19,400],[-116,133],[-321,109],[-209,220],[103,327],[21,747],[197,308],[71,1216],[438,424],[571,343],[544,1004],[-75,550],[23,722],[-383,331],[679,467],[438,471],[344,48],[167,121],[548,-188],[561,-6],[1510,205]],[[2731990,3507941],[-146,-1111],[213,-385],[1305,-549],[-186,-1289],[229,-234],[81,-258],[-30,-278],[211,-331],[-16,-528],[-241,-235],[-279,-480],[14,-158],[213,-304],[18,-370],[159,-243],[-187,-532],[-340,-185],[-32,-504],[217,-337],[19,-286],[287,-401],[-61,-546],[-442,-1008],[30,-127],[155,-67],[289,436],[86,-87],[48,-198],[-228,-545],[-16,-574],[148,-240],[439,-122],[76,-162],[50,-748],[132,-537],[-138,-827],[-252,-503],[202,-417],[155,-592],[-389,-506],[-86,-279],[-33,-949],[209,-763],[-167,-472],[-16,-477],[-86,-114],[-457,-195],[-35,-455],[-243,-364],[-77,-226],[35,-167],[-135,-129],[-144,-552],[-361,-141],[-132,66],[-113,-131],[-239,-19],[-96,-135],[-184,15],[-18,-222],[-373,-124],[-73,-199],[-146,-90],[-184,5],[-393,255],[-203,-385],[-107,159],[-181,-213],[-60,173],[-86,26],[-114,-162],[-333,-125],[-439,170],[50,236],[-184,36],[-193,-225],[-367,-25],[-192,-629],[-333,-4],[-703,-382],[-116,-10],[-192,187],[-206,-176],[130,-103],[110,-523],[546,-209],[598,-692],[513,-165],[206,79],[691,-67],[85,-51],[66,-252],[423,-316],[77,-220],[519,-382],[72,-222],[1046,-82],[217,-324],[227,-856],[12,-450],[-187,-159],[53,-579],[-88,-412],[-485,-605],[-380,-652],[-426,-1017],[-919,-1642],[-1244,-681],[-980,-670],[507,-453],[12,-387],[-156,-851],[-659,-1302],[-126,-689],[-26,-1312],[-532,-1325],[-47,-1234],[76,-480],[-59,-596],[-245,-999],[-797,-1080],[-671,-593],[-115,-220],[146,-646],[-10,-521],[724,-1626],[-33,-318],[-504,-778],[-231,-736],[-1135,-370],[-775,-499],[-99,-213],[-190,-1281],[-312,-782],[-31,-1146],[397,-2119],[-136,-381],[-470,-412],[-50,-126],[57,-648],[446,-1278],[12,-505]],[[2722127,3447204],[-82,-676],[104,-469],[-18,-312],[-278,-511],[-385,-544],[-328,-249],[-293,-182],[-776,-191]],[[2611399,3521519],[902,779],[292,447],[146,454],[502,453],[9,562],[277,283],[96,597],[248,575],[265,1150],[844,1135],[461,1200],[9,462],[298,411],[309,1221],[291,629],[366,1508],[761,2319],[-59,188],[-1304,-55],[-629,63],[-1203,-455],[-312,-20],[-310,294],[-597,219],[-887,519],[-196,-27],[-164,-156],[-302,-111],[-477,-38],[-532,-193],[-723,-41],[-407,403],[-209,369],[-6,229],[71,198],[280,-114],[474,47],[258,114],[302,832],[-50,290],[237,226],[425,163],[141,212],[379,1133],[260,280],[-3,469],[111,101],[351,72],[205,169],[166,361],[218,55],[248,592],[826,339],[397,438],[310,593],[404,-80],[210,45],[497,325],[406,116],[337,430],[-302,455],[142,701],[279,87],[143,191],[449,170],[108,439],[289,153],[176,312],[226,203],[-8,146],[-358,513],[107,905]],[[2623313,3556962],[426,-502],[226,-403],[513,-290],[481,-1006],[159,-159],[1307,-134],[658,-543],[543,-982],[106,-481],[406,-511],[476,-935],[544,-213],[679,455],[436,657],[899,-1209],[450,-262],[222,-476],[467,-351],[-26,-175],[-389,-343],[98,-365],[-15,-361],[201,-268],[837,-617],[674,266],[410,357],[370,19],[430,257],[420,111],[203,333],[147,91],[515,153],[871,-188],[746,524],[312,-98],[309,38],[242,-101],[454,405],[374,-74],[330,214],[130,176],[221,412],[49,457],[234,-322],[125,-29],[211,230],[15,270],[184,-104],[326,-9]],[[2661415,3333404],[-656,76],[-488,-144],[-896,-36],[-1143,-170],[-364,-142],[-438,-638],[-980,-338],[-870,-16],[-505,115],[-476,480],[-351,236],[-179,509],[-339,407],[-1105,112],[-449,-120],[-278,-657],[-82,53],[-201,-395],[-344,-87],[-807,245],[-117,89],[-10,239],[-70,65],[-221,-6],[-529,-201],[-121,412],[-88,53],[-1262,307],[-354,216],[-317,54],[-458,-264],[-1376,-141],[172,-259],[112,-1023],[-506,-656],[-1411,-590],[-364,90],[-329,-16],[-745,203],[-568,-73],[-512,79],[-122,108],[12,510],[-495,595],[-159,839],[-546,963],[-267,653],[-181,816],[-364,798],[-241,358],[-858,798],[-892,557],[-986,879],[-182,465],[-402,401],[-135,336],[-37,375],[-302,500],[-396,270],[-540,728],[-390,235],[55,343],[-78,273],[23,602],[139,449],[-67,388],[337,478],[282,186],[117,481],[-30,200],[-428,164],[-502,-2],[-564,-256],[-528,-21],[-224,190],[-261,625],[-50,316],[-355,53],[-1138,-264],[-271,44],[-749,440]],[[2634456,3367154],[1196,45],[141,-128],[225,-461],[355,-990],[223,-216],[720,-142],[378,32],[465,-143],[330,-223],[30,-359],[67,-68],[523,4],[208,-458],[339,-285],[87,-253],[1042,-510],[496,-50],[624,-329],[274,300],[527,206],[870,-272],[517,-75],[595,-23],[394,178],[447,-26],[942,310],[1357,621],[957,211],[348,210],[696,918],[844,446],[348,674],[284,225],[157,264],[319,185],[213,282],[610,101],[277,233],[123,-163],[263,28],[270,231],[-32,202],[253,328],[649,234],[423,-33],[473,212],[1071,776],[47,-176],[183,-172],[832,-70],[282,63],[487,-475],[352,-163],[621,-62],[315,-322],[426,135],[860,-4],[603,-174],[659,236],[904,-165],[514,69],[351,-379],[275,-772],[803,-616],[278,-103],[140,-185],[113,-912],[-233,-161],[-126,-379],[190,-84],[-2,-515],[388,-367],[95,-262],[-44,-330],[390,-283],[452,-627],[573,-291],[109,-324],[242,-179],[261,-349],[-20,-386],[285,-572],[145,-570],[166,-261],[44,-526],[92,-126],[133,55],[68,458],[85,-53],[228,-847],[-293,-1025],[-310,-684],[125,-78],[138,88],[515,634],[251,515],[220,30],[156,-193],[5,-185],[-176,-291],[-489,-202],[-298,-249],[-163,-895],[-394,-639],[149,-740],[-151,-674],[184,-450],[-8,-267]],[[2499543,3662473],[43,-293],[-274,-515],[-1066,332],[-430,-120],[-290,-261],[-514,242],[-217,-339],[-395,-255],[-25,-238],[-858,-315],[-89,-154],[65,-302],[-57,-323],[153,-590],[-177,-306],[-595,-496],[-203,-267],[6,-391],[-117,-227],[142,-260],[-496,-446],[-157,-244],[-141,-891],[88,-468],[-164,-79],[-114,102],[-86,-38],[-142,-334],[77,-227],[-53,-93],[-347,3],[-272,-267],[-364,-45],[-172,-390],[-67,-421],[-359,-445],[81,-563],[-250,-100],[-319,76],[-74,-194],[90,-200],[431,-468],[500,-951],[-58,-142],[-413,-361],[138,-364],[203,-216],[43,-605],[-55,-149],[368,-510],[261,-221],[2,-411],[349,-360],[321,-198],[24,-602],[-92,-191],[-177,-62],[-15,-489],[458,-382],[-50,-614],[206,-203],[16,-230],[401,-449],[536,-82],[125,576],[116,-40],[117,-277],[126,-103],[180,132],[370,6],[34,298],[265,327],[713,327],[4,-126],[-315,-380],[-28,-152],[68,-42],[522,458],[304,11],[122,206],[400,155],[72,173],[140,48],[531,-191],[464,-809],[749,-707],[379,-133],[400,-330],[250,-65]],[[2484846,3667216],[725,-599],[561,-762],[78,-500],[277,-639],[-354,-1291],[144,-494],[-54,-240],[154,-168],[286,-1079],[-607,-809],[-76,-589],[112,-231],[468,-478],[106,-289],[472,-235],[271,-437],[210,-137],[195,-23],[-144,-812],[-159,-302],[643,-98],[626,-388],[195,83],[136,202],[-73,148],[245,129],[36,159],[207,26],[440,265],[87,347],[299,285],[225,162],[680,212],[66,570],[590,-160],[355,140],[69,232],[274,37],[104,265],[130,95],[272,17],[456,563],[132,688],[86,124],[461,300],[427,441],[175,292],[366,178],[196,254],[899,602],[163,270],[269,149],[238,284],[500,40],[525,-669],[-64,-324],[252,-58],[43,-158],[146,-50],[196,-348],[622,-147],[338,212]],[[2672108,3395983],[85,-485],[-235,-288],[-371,-840],[-426,-1538],[-8,-217],[236,-144],[64,-180],[268,-73],[211,73],[25,-180],[431,-504],[383,-68],[203,-167],[190,67],[112,-118],[170,101],[235,-48],[160,84],[59,-229],[231,-19],[173,269],[199,124],[689,-126],[470,-380],[331,3],[449,-425],[126,-458],[241,-256],[104,-259],[426,308],[232,-27],[275,139],[241,-46],[289,291],[169,-398],[230,-238],[8,-176],[-160,-412],[58,-586],[-155,-146],[-34,-310],[380,-300],[17,-149],[-208,-399],[70,-411],[438,-418],[146,-450],[-82,-185],[49,-216],[-344,-1329],[104,-377],[-198,-320],[-427,-351],[-98,-529],[259,543],[515,261],[204,195],[764,1126],[120,446],[278,566],[572,241],[371,-235],[44,-928],[610,-797],[-334,-1235],[17,-295],[277,-702],[-73,-825],[260,-501],[673,-960],[265,-1191],[296,-459],[267,-629],[364,-423],[-87,-632],[160,-426],[560,-239],[348,-5],[915,484],[1305,342],[1012,496],[578,65],[149,83],[320,486],[193,524],[676,394],[409,336],[616,185],[1268,715],[971,289],[-12,-274],[95,-178],[284,62],[669,654],[683,-117],[308,27],[254,-141],[423,232],[399,76],[1169,790],[1491,379],[1455,150],[418,179],[1981,-751],[336,-24],[597,-294],[584,-642],[402,-320],[403,-896],[144,-137],[-63,-122],[-363,-137],[103,-684],[-32,-277],[-267,-244],[-1013,-618],[-224,-203],[-17,-151],[727,-1227],[-5,-2734],[130,-184],[191,-64],[766,8]],[[2705281,3390971],[-502,103],[-918,42],[-1693,-148],[-1793,883],[-311,4],[-55,-230],[114,-547],[123,-139],[1124,-902],[285,-95],[52,-372],[354,-820],[370,-390],[574,-275],[131,-386],[848,-1029],[173,-367],[1055,-537],[235,-211],[1332,-596],[247,-304],[416,-175],[107,-292],[501,-601],[195,-117],[378,-45],[249,-347],[265,-163],[428,-600],[596,-277],[774,-499],[459,1],[155,-103],[-131,-186],[-1145,-287],[-581,-334],[-395,-379],[-302,-549],[-290,-224],[-145,-294],[-236,-238],[-175,-791],[-216,-110],[-86,-380],[135,-359],[-77,-766],[206,-916],[-109,-811],[-135,-166],[26,-514],[-112,-872]],[[2722127,3447204],[1231,58],[558,-49],[570,162],[552,-2],[607,-124],[211,66],[268,248],[377,199],[385,-46],[182,70],[284,-168],[100,-290],[785,-156],[351,-849],[189,-228],[521,-301],[258,-1],[171,217],[217,-98],[519,32],[221,282],[275,127],[1156,125],[583,-100],[209,108],[406,697],[345,-18],[397,286],[148,327],[270,189],[19,147],[-123,175],[68,217],[-163,540],[180,190],[139,659],[197,339],[209,141],[632,-15],[183,-113]],[[2651466,3505222],[108,-7],[167,-226],[279,-128],[732,-37],[464,216],[330,-286],[479,169],[359,-155],[-209,-182],[102,-199],[-183,-72],[-110,-164],[103,-169],[8,-203],[-209,-319],[92,-126],[-103,-428],[73,-123],[37,-592],[-165,-230],[-72,-536],[-120,-19],[-326,-541],[-41,-422],[-281,-219],[154,-380],[48,-371],[-177,-729],[190,-772],[155,-212],[108,-587],[402,-395],[-20,-306],[118,-648],[376,-441],[328,-618],[-128,-190],[-1861,-993],[-602,-752],[4,-312],[300,-547],[191,-84],[622,-10],[388,-103],[153,98],[101,225],[257,94],[398,-48],[633,-332],[624,2],[199,110],[377,-160],[261,-283],[695,-314],[367,-351],[176,-45],[518,-384],[374,19],[337,-154],[428,185],[428,-70],[179,135],[742,-254],[594,262],[572,-227],[90,71],[-10,235],[484,-79],[173,-143],[197,275],[103,-65],[26,-303],[375,-280],[448,17],[370,-127],[580,99],[-25,393],[394,62],[273,446],[330,302],[92,347],[270,30]],[[2581016,3480863],[4,1727],[59,325],[451,903],[756,735],[859,664],[752,461],[987,157],[194,191],[430,205],[258,484],[362,60],[145,104],[219,266],[-2,190],[131,146],[-97,625],[72,567],[208,215],[119,265],[396,161],[61,220],[236,286],[500,229],[42,1033],[69,156],[229,136],[588,620],[275,166],[502,111],[474,518],[104,546],[-508,647],[-101,464],[133,593],[-97,338],[102,64],[200,-32],[-42,261],[58,120],[366,95],[87,142],[256,111],[363,622],[862,425],[88,302],[418,609],[144,476],[554,426],[484,707],[878,463],[-48,338],[334,340],[241,8],[188,161],[950,152],[251,400],[381,73],[353,172],[529,516],[300,174],[322,434],[336,64],[-51,775],[225,511],[437,572],[140,66],[238,-192],[575,74],[372,342],[-79,202],[-512,243],[-102,244],[533,514],[65,520],[-196,204],[75,224],[218,166],[218,10],[197,119],[432,524],[-265,110],[59,261],[-318,464],[-90,5],[-166,-286],[-190,173],[282,311],[-350,64],[-16,151],[192,244],[-106,130],[-255,79],[-79,323],[-117,-57],[-229,-410],[-132,291],[-85,27],[-405,-83],[-303,-306],[-286,433],[-89,505],[-345,131],[-53,256],[59,166],[75,47],[313,-95],[149,104],[-4,271],[-360,428],[6,265],[202,156],[159,4],[123,167],[293,67],[-69,166],[-334,298],[-564,-160],[55,656],[91,73],[249,-22],[43,73],[-158,511],[662,-416],[585,107],[436,-245],[355,-59],[485,363],[511,176],[560,592],[414,-22],[49,359],[112,151],[473,56],[830,321],[75,182],[-52,442],[239,-63],[277,301],[851,154],[649,285],[863,539],[356,-38],[197,57],[59,234],[469,468],[43,270],[123,192],[6,235],[-200,630],[97,568],[288,405],[607,511],[782,-90]],[[2575760,3707561],[126,-536],[618,-1097],[208,-267],[1280,-912],[242,-275],[189,-721],[691,-1181],[1638,-2037],[1102,-1906],[274,-1042],[-321,-612],[-31,-358],[350,-1196],[-87,-2753],[886,-615],[921,-947],[517,126],[335,-25],[1264,-935],[787,-265],[318,-196],[850,-759],[566,-390],[135,-181],[-58,-395],[139,-1049],[947,-1583],[110,-333],[6,-846]],[[2589762,3684275],[254,-225],[52,-274],[9,-1378],[-176,-392],[331,-563],[-128,-392],[58,-329],[407,-1032],[307,-1275],[341,-600],[87,-501],[-152,-393],[-34,-1107],[-885,-469],[-318,-291],[87,-202]],[[2499543,3662473],[-156,273],[111,401],[-194,431],[321,687],[-15,422],[-446,683],[-26,416],[-281,251],[-569,256],[-101,177],[351,62],[123,177],[448,244],[-366,797],[38,146],[170,88],[86,167],[154,25],[430,-511],[399,-1],[118,125],[107,260],[-64,308],[198,291],[-21,229],[-149,188],[-340,11],[-175,380],[11,234],[-244,433],[640,290],[314,265],[145,401],[-21,187],[-191,219],[37,230],[150,98],[127,-141],[181,52],[230,697],[310,343],[379,630],[410,35],[425,-277],[283,151],[483,793],[-199,258],[-303,157],[-16,114],[160,229],[475,213],[-223,609],[-207,188],[278,510],[43,270],[-350,475],[-553,277],[-792,595],[96,271],[-153,385],[-191,188],[-197,27],[-340,354],[-254,917],[-297,496],[-26,359],[454,671],[176,182],[315,103],[-10,641],[192,-84],[890,363],[734,-309],[485,286],[537,-49],[161,-396],[-50,-274],[161,-211],[-6,-365],[173,-103],[410,246],[343,-70],[204,-235],[29,-351],[350,-106],[112,-229],[112,-61],[-32,-134],[-274,-208],[99,-244],[348,-48],[242,-158],[271,43],[197,-229],[467,135],[-31,730],[164,218],[114,513],[-35,1057],[77,257],[-93,613],[-125,439],[-477,433],[-346,1103],[-409,521],[221,-36],[311,-228],[527,-211],[711,278],[448,73],[530,264],[542,814],[782,602],[743,238],[688,79],[65,430],[-127,316],[51,583],[-147,1228],[30,311],[722,156],[1091,449],[706,563],[768,219],[999,455],[516,733],[-102,1050],[-172,406],[-14,1423],[-322,559],[-178,605],[-299,311],[-155,429],[-656,758],[-194,853],[-150,333],[-10,407],[168,797],[291,358],[416,1027],[908,-309],[600,-70],[146,32],[374,311],[800,-171],[765,276],[1056,1206],[-86,276],[-162,159],[-774,-348],[-119,85],[-263,696],[770,298],[828,751],[427,839],[1235,918],[325,805],[111,1494],[204,613],[287,111],[1133,-7],[1853,275],[1124,-211],[1282,139],[787,-519],[402,-37],[398,71],[535,376],[239,66],[432,488],[228,322],[253,1063],[297,721],[148,136],[352,116],[225,354],[1008,835],[562,738],[56,228]],[[2681125,3500822],[-119,894],[46,272],[297,638],[179,865],[-168,645],[-332,804],[-98,136],[-354,188],[-1389,213],[-491,644],[-249,200],[-640,258],[-140,273],[-582,662],[-562,1512],[-497,419],[-128,482],[28,704],[-70,334],[625,1390],[150,594],[439,764],[1270,1607],[783,638],[172,409],[-72,668],[54,224],[423,571],[397,1109],[413,603],[525,1053],[515,366],[491,654],[100,222],[-42,365]],[[2589762,3684275],[1947,289],[209,-1],[474,-250],[969,195],[331,243],[698,177],[784,648],[320,125],[-10,226],[232,86],[103,227],[362,-18],[159,133],[65,208],[-117,586],[831,534],[102,963],[-140,369],[439,123],[-166,396],[139,408],[-137,191],[250,328],[0,209],[311,293],[-19,165],[-152,141],[16,138],[183,212],[58,380],[308,306],[-41,275],[160,90],[286,396],[6,131],[324,386],[55,347],[263,90],[112,159],[0,153],[-162,163],[-19,212],[-375,492],[52,321],[-240,7],[-59,519],[-114,135],[-456,229],[-221,-53],[-109,-149],[-329,60],[-9,163],[228,405],[-40,419],[-191,75],[-253,-108],[-63,325],[93,121],[867,363],[1088,-156],[218,206],[-193,444],[102,162],[504,-239],[291,-20],[307,118],[256,268],[182,-57],[221,56],[422,358],[444,-120],[246,31],[133,-201],[176,-75],[294,208],[419,43],[356,427],[1226,-185],[160,115],[48,197],[66,505],[-54,363],[95,160],[575,-320],[615,67],[317,-76],[385,150],[116,282],[272,206],[921,230],[826,71],[466,-109],[302,-177],[390,121],[782,-182],[-7,-138],[659,-1194],[694,-617],[2640,-3257],[925,-675],[-518,-1274],[-420,-789],[-72,-588],[-442,-1009],[-366,-502],[-678,-1273],[-516,-502],[-397,-1818],[-49,-658],[-257,-403],[-490,-394],[-391,-1007],[206,-974],[-72,-326],[-243,-471],[33,-743],[645,-300],[638,-113],[212,-195],[226,-438],[481,-640],[49,-230],[20,-416],[-194,-555],[-619,-498],[-585,-1130],[-23,-409],[403,-591],[154,-827],[124,-135],[255,-94],[405,-22],[1554,193],[1437,27],[469,50],[2591,856],[1165,-71],[251,-161],[134,-271],[265,-226],[978,-454],[782,-194],[548,174],[348,-397],[323,-228],[229,-327],[376,-103],[124,-280],[-25,-471],[145,-161],[-12,-260],[171,-124],[-24,-232],[408,-272],[5,-117],[-143,-204],[49,-151],[380,-37],[-42,-274],[290,-76],[148,-159],[222,-646],[212,-8],[212,177],[924,-473],[504,70],[26,-139],[-298,-190],[-34,-120],[107,-207],[290,-240],[412,21],[567,-218],[1075,-61],[450,1163],[205,189],[662,67],[614,-316],[579,59],[384,320],[217,551],[418,323],[1071,493],[381,-8],[464,154],[827,652],[447,-20],[407,-670],[859,-410],[312,-29],[529,116],[690,-42],[1272,212],[1026,416],[632,769],[310,81],[253,171],[626,712],[442,186],[1452,-419],[1670,-1103],[1472,-717],[1994,44],[263,-218],[743,-260],[274,-525],[850,-710],[1194,-197],[720,323],[718,13],[816,605],[884,309],[1553,244],[1037,663],[1132,96],[766,341],[3301,1949],[210,13],[303,-223],[533,-835],[291,-264],[233,27],[244,629],[298,157],[245,22],[870,-298],[215,572],[839,560],[353,816],[145,6],[1685,-1026],[1002,-990],[1584,-1324],[419,-437],[713,774],[320,-108],[1189,-109],[500,-579],[242,-633],[652,-482],[468,-757],[551,-420],[224,-559],[546,-156],[670,-575],[439,-186],[676,456],[508,238],[398,318],[735,21],[194,-167],[14,-198],[224,183],[414,-234],[373,176],[234,-81],[466,252],[276,665],[-113,296],[728,296],[-229,188],[327,245],[-195,112],[-31,107],[178,222],[33,277],[281,183],[40,434],[289,315],[-194,202],[228,256],[73,521],[-245,71],[23,288],[160,134],[192,38],[826,-72],[398,81],[295,221],[198,746],[110,163],[539,-21],[282,273],[375,-91],[189,315],[426,-120],[52,566],[687,493],[-166,230],[-115,569],[423,99],[112,496],[416,311],[-10,125],[-325,269],[-28,104],[402,397],[-10,306],[-142,226],[-639,377],[707,582],[279,63],[369,-45],[335,-269],[103,-271],[-119,-624],[-253,-84],[-69,-313],[14,-236],[276,-696],[-14,-640],[132,-428],[734,-825],[271,-786],[102,-627],[839,-15],[319,-150],[237,-335],[41,-374],[-570,-536],[23,-486],[123,-232],[469,-250],[652,202],[238,-67],[63,-117],[80,-288],[-32,-215],[-243,-308],[-4,-253],[431,-456],[296,-567],[79,-563],[-175,-436],[20,-320],[356,-362],[507,-134],[403,-466],[147,-587],[-209,-735],[52,-306],[402,-581],[778,-724],[27,-405],[-66,-272],[-126,-134],[-501,-35],[-517,-408],[-589,-1022],[-662,-580],[-416,-548],[-142,-627],[-1353,-1428],[-68,-235],[781,-1329],[20,-275],[-120,-153],[-246,-105],[-632,-81],[-71,-118],[-16,-451],[-285,-494],[-290,-116],[-1003,-16],[-192,-120],[-101,-690],[470,-634],[165,-709],[2,-230],[-155,-438],[-120,-97],[-216,-24],[-1148,323],[-409,-154],[-392,-37],[-246,153],[-334,667],[-315,220],[-154,348],[-397,209],[-649,128],[-411,-9],[-587,-550],[-1201,-370],[-182,-486],[-17,-576],[-113,-305],[-315,-285],[-449,-60],[-902,445],[-300,-3],[-256,-159],[-305,-703],[-56,-714],[75,-436],[-26,-195],[-204,-357],[-802,-580],[-748,257],[-256,-112],[-462,-694],[-396,-48],[-439,-212],[-107,-522],[-254,-257],[-763,44],[-1157,837],[-494,27],[-227,-105],[-220,-299],[-72,-213],[46,-371],[-99,-273],[-134,-103],[-1254,-17],[-761,-225],[-829,-114],[-439,187],[-554,719],[-400,51],[-873,-663],[-448,-662],[-378,-116],[-397,202],[-525,-7],[-716,-300],[-2001,-265],[-827,-286],[-879,-728],[-543,-225],[-304,-1038],[-226,-435],[-601,-573],[-1001,466],[-637,-155],[-98,-502],[-212,-296],[56,-327],[274,-360],[658,-466],[342,-142],[297,-311],[27,-574],[-423,-219],[-165,-378],[35,-566],[186,-507],[131,-104],[598,49],[873,-212],[1131,-101],[112,-195],[-694,-844],[-741,-676],[-225,48],[-451,647],[-206,157],[-417,75],[-377,-157],[-130,-410],[62,-189],[603,-496],[708,-233],[430,-440],[-1,-228],[-333,-346],[-643,-353],[-1051,-360],[-198,-243],[-211,-16],[-234,134],[-169,275],[10,408],[-135,109],[-136,-47],[-128,-502],[-110,-133],[-678,423],[-593,12],[-738,398],[-659,-212],[-801,-461],[-296,-47],[-517,128],[-540,-284],[-621,-781],[-265,-960],[-36,-1020],[-502,-1210],[-816,-1585],[-21,-479],[337,-567],[-277,-516],[-315,-268],[-11,-291],[578,-507],[206,-454],[-62,-222],[905,-168],[873,-773],[795,100],[673,-406],[213,-317],[529,-397],[231,-396],[213,-632],[226,-265],[471,-342],[535,-911],[85,0],[319,631],[169,655],[-17,994],[327,308],[428,766],[883,964],[1101,620],[203,213],[773,77],[208,98],[192,470],[-81,1057],[87,704],[304,137],[62,332],[749,520],[472,-306],[473,-45],[717,-727],[670,-319],[419,-480],[937,-193],[275,58],[224,265],[249,644],[-14,831],[79,395],[-99,558],[501,1249],[162,67],[352,-105],[149,28],[107,387],[93,35],[149,-44],[266,-289],[291,-49],[308,78],[545,-172],[332,102],[320,351],[263,-116],[194,4],[288,331],[159,395],[398,560],[11,673],[-233,452],[598,-58],[81,55],[-108,400],[211,198],[35,656],[195,94],[258,-64],[415,235],[110,380],[136,184],[1349,301],[178,-210],[83,-292],[177,-153],[51,-335],[326,-337],[470,73],[202,-48],[245,-210],[243,-21],[205,-282],[255,59],[80,-273],[247,38],[120,-162],[538,-70],[47,-277],[227,142],[214,-115],[390,394],[335,3],[132,691],[263,-40],[333,593],[437,71],[104,-76],[288,255],[-77,270],[205,15],[-405,300],[-20,359],[-143,307],[50,320],[-84,72],[22,253],[96,94],[142,-46],[5,204],[228,170],[-28,158],[155,-118],[119,239],[146,-111],[410,414],[188,77],[226,-214],[-114,-123],[37,-116],[174,-63],[64,-256],[86,-34],[69,92],[53,531],[637,197],[86,-65],[-35,-328],[483,-991],[188,-3],[-28,228],[107,60],[98,-52],[-17,-209],[87,-49],[181,35],[70,290],[446,-228],[188,138],[213,-82],[377,15],[149,330],[697,989],[128,-7],[138,-313],[70,14],[63,213],[179,-170],[377,40],[137,-52],[22,-130],[265,-18],[171,254],[-53,148],[206,41],[103,290],[167,27],[145,131],[121,-52],[88,116],[383,-21],[164,98],[222,-76],[29,73],[-150,178],[112,67],[32,-130],[112,-46],[86,140],[-158,37],[153,155],[107,3],[183,-187],[293,181],[13,153],[283,-128],[216,137],[530,-81],[58,84],[-256,174],[218,-19],[14,88],[158,59],[-60,166],[232,119],[36,174],[217,53],[-18,195],[251,-87],[195,84],[-49,211],[180,2],[90,150],[-27,367],[267,-58],[90,-247],[93,64],[24,341],[165,-171]],[[2596183,3866183],[-321,-167],[-703,340],[-385,10],[-594,-952],[-750,-284],[-316,47],[-153,-403],[-417,-226],[-264,-512],[-105,-473],[-436,-585],[-66,-228],[12,-191],[309,-529],[-37,-173],[-212,-278],[80,-537],[481,-384],[299,-379],[-142,-270],[-217,-177],[-15,-178],[104,-223],[682,-465],[1166,-418],[92,-303],[-47,-341],[101,-106],[619,-137],[481,119],[247,-413],[302,-37],[419,-176],[330,-333],[379,107],[301,-127],[427,166],[1444,-1050],[83,-238],[209,-84],[84,-362],[768,-1007],[83,-315],[208,-143],[-58,-262],[-143,-128],[220,-272],[-88,-445],[281,-334],[-860,-395],[-211,-213],[-22,-238],[-482,-306],[-337,-93],[-1203,-1217],[-127,-598],[-505,-33],[-168,-586],[-614,-541],[-483,-189],[-18,-126],[182,-262],[6,-168],[-194,-326],[-253,-160],[120,-192],[-69,-137],[-225,-190],[-257,15],[-245,-137],[-295,388],[-263,48],[-872,-359],[-296,103],[-241,-26],[-302,-197],[-409,-40],[-181,-195],[-370,100],[-207,-226],[-291,-15],[-419,-259],[-449,-74],[-285,92],[-652,-82],[-197,-216],[-130,-32],[-780,619],[-296,29],[-13,270],[-313,145],[6,361],[-108,132],[-544,229],[-236,224],[-571,24],[-50,381],[-175,57],[-139,-53],[-343,-357],[-476,44],[-355,417],[-96,-47],[-292,400],[-509,248],[-41,337],[79,300],[-228,472],[-423,479],[-684,1096],[-21134,-16571],[-109,-795],[240,-1079],[-247,-1101],[-340,-874],[-19,-336],[-129,-344],[273,-466],[192,-1149],[152,-354],[-530,-249],[-307,-402],[-347,-794],[60,-319],[-70,-711],[-197,-413],[98,-615],[-29,-374],[318,-1073],[100,-741],[161,-413],[-98,-948],[-207,-918],[104,-729],[-55,-133],[-334,-286],[-134,-409],[-13,-715],[123,-448],[-489,-431],[-166,-358],[-554,-207],[642,-306],[421,-555],[387,-237],[482,-144],[348,-233],[-261,-610],[-26,-260],[616,-856],[606,-553],[132,-491],[-159,-336],[9,-975],[-245,-576],[3,-216],[101,-132],[459,-238],[542,-852],[372,-317],[427,-932],[939,-688],[-152,-417],[358,-1049],[99,-1115],[198,-391],[192,-166],[-106,-221],[-621,-542],[-898,-376],[-248,-190],[-576,-1130],[95,-331]]]}
