{"type":"Topology","bbox":[-74.52895531361463,5.707535007415352,-72.47705747706476,8.145010870375838],"transform":{"scale":[0.000003385120954067422,0.0000034456095261769775],"translate":[-81.73562055563167,-4.229406466336059]},"objects":{"MGN_ADM_MPIO_GRAFICO":{"type":"GeometryCollection","geometries":[{"type":"Polygon","arcs":[[78,79,80,81,82,83]],"bbox":[-73.17219545010346,7.065435939243594,-73.04661084782852,7.266614742648489],"properties":{"dpto_ccdgo":"68","mpio_ccdgo":"001","mpio_cdpmp":"68001","dpto_cnmbr":"SANTANDER","mpio_cnmbr":"BUCARAMANGA"}},{"type":"Polygon","arcs":[[84,85,86,87]],"bbox":[-73.57876201717077,6.110388781996912,-73.48080338700197,6.253464271961885],"properties":{"dpto_ccdgo":"68","mpio_ccdgo":"013","mpio_cdpmp":"68013","dpto_cnmbr":"SANTANDER","mpio_cnmbr":"AGUADA"}},{"type":"Polygon","arcs":[[-19,-18,-17,88,89,90]],"bbox":[-73.96194078356643,5.707535007415352,-73.73584516992332,5.874412767987156],"properties":{"dpto_ccdgo":"68","mpio_ccdgo":"020","mpio_cdpmp":"68020","dpto_cnmbr":"SANTANDER","mpio_cnmbr":"ALBANIA"}},{"type":"Polygon","arcs":[[91,92,93,94,95]],"bbox":[-73.10353165667115,6.645998446012545,-72.93536223279403,6.824505138735196],"properties":{"dpto_ccdgo":"68","mpio_ccdgo":"051","mpio_cdpmp":"68051","dpto_cnmbr":"SANTANDER","mpio_cnmbr":"ARATOCA"}},{"type":"Polygon","arcs":[[-24,-23,96,97,98]],"bbox":[-73.66343404759486,5.910943120183685,-73.58774951330382,5.998458156539053],"properties":{"dpto_ccdgo":"68","mpio_ccdgo":"077","mpio_cdpmp":"68077","dpto_cnmbr":"SANTANDER","mpio_cnmbr":"BARBOSA"}},{"type":"Polygon","arcs":[[99,100,101,102,103]],"bbox":[-73.26657600742381,6.558741830371639,-73.15215891917633,6.733758120644273],"properties":{"dpto_ccdgo":"68","mpio_ccdgo":"079","mpio_cdpmp":"68079","dpto_cnmbr":"SANTANDER","mpio_cnmbr":"BARICHARA"}},{"type":"Polygon","arcs":[[104,105,106,107,108,-2,109]],"bbox":[-74.09403835855701,6.795217457762691,-73.54032735385829,7.257153098889608],"properties":{"dpto_ccdgo":"68","mpio_ccdgo":"081","mpio_cdpmp":"68081","dpto_cnmbr":"SANTANDER","mpio_cnmbr":"BARRANCABERMEJA"}},{"type":"Polygon","arcs":[[110,111,112]],"bbox":[-73.54032735385829,6.84900686807584,-73.21711939028489,7.153991549675869],"properties":{"dpto_ccdgo":"68","mpio_ccdgo":"092","mpio_cdpmp":"68092","dpto_cnmbr":"SANTANDER","mpio_cnmbr":"BETULIA"}},{"type":"Polygon","arcs":[[113,114,115,116,117,118,119,-12,-11,-6,120]],"bbox":[-74.52895531361463,5.833272190244603,-73.71789048838295,6.285525668602961],"properties":{"dpto_ccdgo":"68","mpio_ccdgo":"101","mpio_cdpmp":"68101","dpto_cnmbr":"SANTANDER","mpio_cnmbr":"BOLÍVAR"}},{"type":"Polygon","arcs":[[121,122,123,124,125,-101]],"bbox":[-73.28288552018051,6.509362800251997,-73.20391403344307,6.629290685420113],"properties":{"dpto_ccdgo":"68","mpio_ccdgo":"121","mpio_cdpmp":"68121","dpto_cnmbr":"SANTANDER","mpio_cnmbr":"CABRERA"}},{"type":"Polygon","arcs":[[126,127]],"bbox":[-72.97983595188857,7.292401684342398,-72.86576076085746,7.400728202235877],"properties":{"dpto_ccdgo":"68","mpio_ccdgo":"132","mpio_cdpmp":"68132","dpto_cnmbr":"SANTANDER","mpio_cnmbr":"CALIFORNIA"}},{"type":"Polygon","arcs":[[128,-53,-52,-51,129,130,131]],"bbox":[-72.74454296461326,6.436402018535199,-72.62451334582394,6.594372878481835],"properties":{"dpto_ccdgo":"68","mpio_ccdgo":"147","mpio_cdpmp":"68147","dpto_cnmbr":"SANTANDER","mpio_cnmbr":"CAPITANEJO"}},{"type":"Polygon","arcs":[[-59,132,133,134,135]],"bbox":[-72.66782596843123,6.558538539409595,-72.48470785042096,6.757291633708061],"properties":{"dpto_ccdgo":"68","mpio_ccdgo":"152","mpio_cdpmp":"68152","dpto_cnmbr":"SANTANDER","mpio_cnmbr":"CARCASÍ"}},{"type":"Polygon","arcs":[[136,137,-96,138,139,140]],"bbox":[-72.98711396193983,6.675172421870686,-72.87867499729722,6.817438193597006],"properties":{"dpto_ccdgo":"68","mpio_ccdgo":"160","mpio_cdpmp":"68160","dpto_cnmbr":"SANTANDER","mpio_cnmbr":"CEPITÁ"}},{"type":"Polygon","arcs":[[-66,141,142,143]],"bbox":[-72.75781263875321,6.792736618903843,-72.54190962430279,7.009431002005114],"properties":{"dpto_ccdgo":"68","mpio_ccdgo":"162","mpio_cdpmp":"68162","dpto_cnmbr":"SANTANDER","mpio_cnmbr":"CERRITO"}},{"type":"Polygon","arcs":[[144,145,-37,146,147,148,149,150,151,152]],"bbox":[-73.24036163075552,5.959260902569264,-73.00122991631828,6.394765273020877],"properties":{"dpto_ccdgo":"68","mpio_ccdgo":"167","mpio_cdpmp":"68167","dpto_cnmbr":"SANTANDER","mpio_cnmbr":"CHARALÁ"}},{"type":"Polygon","arcs":[[153,154,-79,155,156]],"bbox":[-73.07471073686823,7.185194989544927,-72.88187055147787,7.318753705998599],"properties":{"dpto_ccdgo":"68","mpio_ccdgo":"169","mpio_cdpmp":"68169","dpto_cnmbr":"SANTANDER","mpio_cnmbr":"CHARTA"}},{"type":"Polygon","arcs":[[157,158,159,160,161,162]],"bbox":[-73.48256703501904,6.301637338747366,-73.32087334752705,6.468218776899917],"properties":{"dpto_ccdgo":"68","mpio_ccdgo":"176","mpio_cdpmp":"68176","dpto_cnmbr":"SANTANDER","mpio_cnmbr":"CHIMA"}},{"type":"Polygon","arcs":[[163,164,165,166]],"bbox":[-73.69423864827688,6.017502040390234,-73.57770585943311,6.130717878201356],"properties":{"dpto_ccdgo":"68","mpio_ccdgo":"179","mpio_cdpmp":"68179","dpto_cnmbr":"SANTANDER","mpio_cnmbr":"CHIPATÁ"}},{"type":"Polygon","arcs":[[167,-121,-5,-4,168]],"bbox":[-74.50855318962448,6.067515062662691,-73.8068616224187,6.776755881921435],"properties":{"dpto_ccdgo":"68","mpio_ccdgo":"190","mpio_cdpmp":"68190","dpto_cnmbr":"SANTANDER","mpio_cnmbr":"CIMITARRA"}},{"type":"Polygon","arcs":[[-60,-136,169,170,171,-142,-65,-61]],"bbox":[-72.75925470027964,6.693478945283264,-72.47705747706476,6.90815764681172],"properties":{"dpto_ccdgo":"68","mpio_ccdgo":"207","mpio_cdpmp":"68207","dpto_cnmbr":"SANTANDER","mpio_cnmbr":"CONCEPCIÓN"}},{"type":"Polygon","arcs":[[172,-150,173,174,175,176]],"bbox":[-73.30522731847735,6.307219226179772,-73.19505178678533,6.41521151994921],"properties":{"dpto_ccdgo":"68","mpio_ccdgo":"209","mpio_cdpmp":"68209","dpto_cnmbr":"SANTANDER","mpio_cnmbr":"CONFINES"}},{"type":"Polygon","arcs":[[-161,177,178,179]],"bbox":[-73.59993933385942,6.230902420784478,-73.40798605015902,6.376138307922364],"properties":{"dpto_ccdgo":"68","mpio_ccdgo":"211","mpio_cdpmp":"68211","dpto_cnmbr":"SANTANDER","mpio_cnmbr":"CONTRATACIÓN"}},{"type":"Polygon","arcs":[[180,-42,181,-145,182,183]],"bbox":[-73.13600512198353,6.09834982231245,-72.86162414305159,6.382564369688684],"properties":{"dpto_ccdgo":"68","mpio_ccdgo":"217","mpio_cdpmp":"68217","dpto_cnmbr":"SANTANDER","mpio_cnmbr":"COROMORO"}},{"type":"Polygon","arcs":[[-92,-138,184,185,186,187,188]],"bbox":[-73.12106996833418,6.533482066935235,-72.8727070290552,6.6917871510059115],"properties":{"dpto_ccdgo":"68","mpio_ccdgo":"229","mpio_cdpmp":"68229","dpto_cnmbr":"SANTANDER","mpio_cnmbr":"CURITÍ"}},{"type":"Polygon","arcs":[[189,190,191,192]],"bbox":[-73.74334998307849,6.5089252078421715,-73.37899248918744,6.833377583265101],"properties":{"dpto_ccdgo":"68","mpio_ccdgo":"235","mpio_cdpmp":"68235","dpto_cnmbr":"SANTANDER","mpio_cnmbr":"EL CARMEN DE CHUCURÍ"}},{"type":"Polygon","arcs":[[193,-88,194,195,-179]],"bbox":[-73.63861434075964,6.185730479896298,-73.45080783022797,6.322204182009116],"properties":{"dpto_ccdgo":"68","mpio_ccdgo":"245","mpio_cdpmp":"68245","dpto_cnmbr":"SANTANDER","mpio_cnmbr":"EL GUACAMAYO"}},{"type":"Polygon","arcs":[[196,-118]],"bbox":[-74.07932662289063,6.000473838111867,-73.76363362783526,6.194509892968997],"properties":{"dpto_ccdgo":"68","mpio_ccdgo":"250","mpio_cdpmp":"68250","dpto_cnmbr":"SANTANDER","mpio_cnmbr":"EL PEÑÓN"}},{"type":"Polygon","arcs":[[197,198,199,-76]],"bbox":[-73.32543987569409,7.412622446320238,-73.04516201606017,7.632176685328236],"properties":{"dpto_ccdgo":"68","mpio_ccdgo":"255","mpio_cdpmp":"68255","dpto_cnmbr":"SANTANDER","mpio_cnmbr":"EL PLAYÓN"}},{"type":"Polygon","arcs":[[-41,-40,-39,-38,-146,-182]],"bbox":[-73.17518112678495,5.963106202800477,-72.92269511018392,6.2063869090057295],"properties":{"dpto_ccdgo":"68","mpio_ccdgo":"264","mpio_cdpmp":"68264","dpto_cnmbr":"SANTANDER","mpio_cnmbr":"ENCINO"}},{"type":"Polygon","arcs":[[-135,200,-131,201,202,-170]],"bbox":[-72.72305083167589,6.579070926576083,-72.62367383582733,6.721495196340609],"properties":{"dpto_ccdgo":"68","mpio_ccdgo":"266","mpio_cdpmp":"68266","dpto_cnmbr":"SANTANDER","mpio_cnmbr":"ENCISO"}},{"type":"Polygon","arcs":[[-89,-16,-15,-14,203,204]],"bbox":[-74.08138139130975,5.72073169190061,-73.82648178346847,5.853597840839521],"properties":{"dpto_ccdgo":"68","mpio_ccdgo":"271","mpio_cdpmp":"68271","dpto_cnmbr":"SANTANDER","mpio_cnmbr":"FLORIÁN"}},{"type":"Polygon","arcs":[[205,206,-81,207]],"bbox":[-73.1347763230772,7.017380023182005,-73.00165982667946,7.148158132748051],"properties":{"dpto_ccdgo":"68","mpio_ccdgo":"276","mpio_cdpmp":"68276","dpto_cnmbr":"SANTANDER","mpio_cnmbr":"FLORIDABLANCA"}},{"type":"Polygon","arcs":[[-102,-126,208,209,-190,210,211]],"bbox":[-73.39930998515375,6.564871569718708,-73.25543895948493,6.783264638316384],"properties":{"dpto_ccdgo":"68","mpio_ccdgo":"296","mpio_cdpmp":"68296","dpto_cnmbr":"SANTANDER","mpio_cnmbr":"GALÁN"}},{"type":"Polygon","arcs":[[-147,-36,-35,-34,-33,-32,-31,-30,212]],"bbox":[-73.47347798525738,5.751066838169072,-73.17551286863845,6.081545584653284],"properties":{"dpto_ccdgo":"68","mpio_ccdgo":"298","mpio_cdpmp":"68298","dpto_cnmbr":"SANTANDER","mpio_cnmbr":"GÁMBITA"}},{"type":"Polygon","arcs":[[-82,-207,213,214,215,-113,-106,216,217,218]],"bbox":[-73.55142039522477,6.883924675014118,-73.08988284898436,7.216711979880868],"properties":{"dpto_ccdgo":"68","mpio_ccdgo":"307","mpio_cdpmp":"68307","dpto_cnmbr":"SANTANDER","mpio_cnmbr":"GIRÓN"}},{"type":"Polygon","arcs":[[-67,-144,219,-140,220,221]],"bbox":[-72.93789430326768,6.79581354821072,-72.73395430626894,7.047439520688371],"properties":{"dpto_ccdgo":"68","mpio_ccdgo":"318","mpio_cdpmp":"68318","dpto_cnmbr":"SANTANDER","mpio_cnmbr":"GUACA"}},{"type":"Polygon","arcs":[[222,223,224,225,-85,-194,-178,-160]],"bbox":[-73.48464211416388,6.155760568237611,-73.34450149178645,6.3192030561118155],"properties":{"dpto_ccdgo":"68","mpio_ccdgo":"320","mpio_cdpmp":"68320","dpto_cnmbr":"SANTANDER","mpio_cnmbr":"GUADALUPE"}},{"type":"Polygon","arcs":[[-175,226,-223,-159,227]],"bbox":[-73.3838365972727,6.270203043040052,-73.27783153459609,6.370594322194746],"properties":{"dpto_ccdgo":"68","mpio_ccdgo":"322","mpio_cdpmp":"68322","dpto_cnmbr":"SANTANDER","mpio_cnmbr":"GUAPOTÁ"}},{"type":"Polygon","arcs":[[228,229,230,-116,231]],"bbox":[-73.76812906846226,5.893098308447614,-73.66310230574136,6.001400707074408],"properties":{"dpto_ccdgo":"68","mpio_ccdgo":"324","mpio_cdpmp":"68324","dpto_cnmbr":"SANTANDER","mpio_cnmbr":"GUAVATÁ"}},{"type":"Polygon","arcs":[[-25,-99,232,-165,233]],"bbox":[-73.6198980070046,5.9907675560766265,-73.53705732701667,6.080298274004809],"properties":{"dpto_ccdgo":"68","mpio_ccdgo":"327","mpio_cdpmp":"68327","dpto_cnmbr":"SANTANDER","mpio_cnmbr":"GÜEPSA"}},{"type":"Polygon","arcs":[[234,235,-191,-210]],"bbox":[-73.44138365349185,6.487397039522618,-73.28791580991826,6.635820115472217],"properties":{"dpto_ccdgo":"68","mpio_ccdgo":"344","mpio_cdpmp":"68344","dpto_cnmbr":"SANTANDER","mpio_cnmbr":"HATO"}},{"type":"Polygon","arcs":[[-230,236,-90,-205,237,238]],"bbox":[-73.93913522369888,5.790298548234123,-73.74025259740552,5.912283462289366],"properties":{"dpto_ccdgo":"68","mpio_ccdgo":"368","mpio_cdpmp":"68368","dpto_cnmbr":"SANTANDER","mpio_cnmbr":"JESÚS MARÍA"}},{"type":"Polygon","arcs":[[-189,239,240,-93]],"bbox":[-73.14966069991223,6.686232828449713,-73.03551442134108,6.737158937246608],"properties":{"dpto_ccdgo":"68","mpio_ccdgo":"370","mpio_cdpmp":"68370","dpto_cnmbr":"SANTANDER","mpio_cnmbr":"JORDÁN"}},{"type":"Polygon","arcs":[[-238,-204,-13,-120,241]],"bbox":[-74.18535876653489,5.818369929043888,-73.90817152233203,6.033817001496681],"properties":{"dpto_ccdgo":"68","mpio_ccdgo":"377","mpio_cdpmp":"68377","dpto_cnmbr":"SANTANDER","mpio_cnmbr":"LA BELLEZA"}},{"type":"Polygon","arcs":[[242,-114,-168,243]],"bbox":[-74.10110310598814,6.167665149150553,-73.68311175570085,6.562545783288538],"properties":{"dpto_ccdgo":"68","mpio_ccdgo":"385","mpio_cdpmp":"68385","dpto_cnmbr":"SANTANDER","mpio_cnmbr":"LANDÁZURI"}},{"type":"Polygon","arcs":[[-195,-87,244,-167,245,246]],"bbox":[-73.72281583937111,6.0857320002275905,-73.54276802606617,6.384883264899802],"properties":{"dpto_ccdgo":"68","mpio_ccdgo":"397","mpio_cdpmp":"68397","dpto_cnmbr":"SANTANDER","mpio_cnmbr":"LA PAZ"}},{"type":"Polygon","arcs":[[-218,247,248]],"bbox":[-73.43700669209825,7.040796385521903,-73.15626845601457,7.42960241006524],"properties":{"dpto_ccdgo":"68","mpio_ccdgo":"406","mpio_cdpmp":"68406","dpto_cnmbr":"SANTANDER","mpio_cnmbr":"LEBRIJA"}},{"type":"Polygon","arcs":[[-94,-241,249,250,-215,251]],"bbox":[-73.20113146401883,6.72492702342868,-73.00359950098613,6.910538562994308],"properties":{"dpto_ccdgo":"68","mpio_ccdgo":"418","mpio_cdpmp":"68418","dpto_cnmbr":"SANTANDER","mpio_cnmbr":"LOS SANTOS"}},{"type":"Polygon","arcs":[[-58,-57,-56,-55,-54,-129,252,-133]],"bbox":[-72.64906901322475,6.436191836354103,-72.5343845004219,6.590052084136008],"properties":{"dpto_ccdgo":"68","mpio_ccdgo":"425","mpio_cdpmp":"68425","dpto_cnmbr":"SANTANDER","mpio_cnmbr":"MACARAVITA"}},{"type":"Polygon","arcs":[[-203,253,254,255,-171]],"bbox":[-72.77534418017432,6.6736081151458,-72.70445974739614,6.78366432902142],"properties":{"dpto_ccdgo":"68","mpio_ccdgo":"432","mpio_cdpmp":"68432","dpto_cnmbr":"SANTANDER","mpio_cnmbr":"MÁLAGA"}},{"type":"Polygon","arcs":[[256,-156,-84,257,-199]],"bbox":[-73.121378014341,7.198832712049537,-72.97826187064494,7.45912783809505],"properties":{"dpto_ccdgo":"68","mpio_ccdgo":"444","mpio_cdpmp":"68444","dpto_cnmbr":"SANTANDER","mpio_cnmbr":"MATANZA"}},{"type":"Polygon","arcs":[[258,259,-183,-153,260,261,262,-186]],"bbox":[-73.08287903373039,6.358076422786144,-72.8329623239335,6.649361360910094],"properties":{"dpto_ccdgo":"68","mpio_ccdgo":"464","mpio_cdpmp":"68464","dpto_cnmbr":"SANTANDER","mpio_cnmbr":"MOGOTES"}},{"type":"Polygon","arcs":[[263,-49,264,265,-259,-185,-137,266,-255]],"bbox":[-72.90896505959422,6.541065853502351,-72.76392616719625,6.729878364317797],"properties":{"dpto_ccdgo":"68","mpio_ccdgo":"468","mpio_cdpmp":"68468","dpto_cnmbr":"SANTANDER","mpio_cnmbr":"MOLAGAVITA"}},{"type":"Polygon","arcs":[[-261,-152,267,268]],"bbox":[-73.1642031795309,6.287534458956722,-73.07009004676593,6.403813443636617],"properties":{"dpto_ccdgo":"68","mpio_ccdgo":"498","mpio_cdpmp":"68498","dpto_cnmbr":"SANTANDER","mpio_cnmbr":"OCAMONTE"}},{"type":"Polygon","arcs":[[-174,-149,269,-224,-227]],"bbox":[-73.37184988397436,6.126927707722562,-73.20001098898302,6.334687625322456],"properties":{"dpto_ccdgo":"68","mpio_ccdgo":"500","mpio_cdpmp":"68500","dpto_cnmbr":"SANTANDER","mpio_cnmbr":"OIBA"}},{"type":"Polygon","arcs":[[-48,-47,-46,-45,-44,-43,-181,270,-265]],"bbox":[-72.92282374478017,6.142787848371555,-72.72488218211204,6.5440428601329685],"properties":{"dpto_ccdgo":"68","mpio_ccdgo":"502","mpio_cdpmp":"68502","dpto_cnmbr":"SANTANDER","mpio_cnmbr":"ONZAGA"}},{"type":"Polygon","arcs":[[-125,271,272,-235,-209]],"bbox":[-73.31327375098518,6.484547520444471,-73.27220546357043,6.567559145149126],"properties":{"dpto_ccdgo":"68","mpio_ccdgo":"522","mpio_cdpmp":"68522","dpto_cnmbr":"SANTANDER","mpio_cnmbr":"PALMAR"}},{"type":"Polygon","arcs":[[-176,-228,-158,273,274]],"bbox":[-73.33147216123425,6.348170295398386,-73.22626598710278,6.424173550326797],"properties":{"dpto_ccdgo":"68","mpio_ccdgo":"524","mpio_cdpmp":"68524","dpto_cnmbr":"SANTANDER","mpio_cnmbr":"PALMAS DEL SOCORRO"}},{"type":"Polygon","arcs":[[275,-268,-151,-173,276,277,278]],"bbox":[-73.20961796225068,6.329722501995233,-73.11556576166286,6.499139676787829],"properties":{"dpto_ccdgo":"68","mpio_ccdgo":"533","mpio_cdpmp":"68533","dpto_cnmbr":"SANTANDER","mpio_cnmbr":"PÁRAMO"}},{"type":"Polygon","arcs":[[279,-221,-139,-95,-252,-214,-206,280]],"bbox":[-73.1220482682899,6.7899353383590615,-72.90757716000306,7.111183296922647],"properties":{"dpto_ccdgo":"68","mpio_ccdgo":"547","mpio_cdpmp":"68547","dpto_cnmbr":"SANTANDER","mpio_cnmbr":"PIEDECUESTA"}},{"type":"Polygon","arcs":[[-278,281,-123,282]],"bbox":[-73.2258293064997,6.464473399344962,-73.13925483809943,6.559761730791388],"properties":{"dpto_ccdgo":"68","mpio_ccdgo":"549","mpio_cdpmp":"68549","dpto_cnmbr":"SANTANDER","mpio_cnmbr":"PINCHOTE"}},{"type":"Polygon","arcs":[[-22,-21,-20,-91,-237,-229,-97]],"bbox":[-73.7627094898148,5.712393316847262,-73.60015936672143,5.927358003966392],"properties":{"dpto_ccdgo":"68","mpio_ccdgo":"572","mpio_cdpmp":"68572","dpto_cnmbr":"SANTANDER","mpio_cnmbr":"PUENTE NACIONAL"}},{"type":"Polygon","arcs":[[283,-244,-169,-3,-109,284]],"bbox":[-74.1153815461724,6.512170972015831,-73.75245934356587,6.888913917608022],"properties":{"dpto_ccdgo":"68","mpio_ccdgo":"573","mpio_cdpmp":"68573","dpto_cnmbr":"SANTANDER","mpio_cnmbr":"PUERTO PARRA"}},{"type":"Polygon","arcs":[[-63,285,286,-110,-1,-10,-9,-8,-7,-64]],"bbox":[-73.92465706137834,7.188781869061678,-73.57617578476186,8.145010870375838],"properties":{"dpto_ccdgo":"68","mpio_ccdgo":"575","mpio_cdpmp":"68575","dpto_cnmbr":"SANTANDER","mpio_cnmbr":"PUERTO WILCHES"}},{"type":"Polygon","arcs":[[-78,-77,-200,-258,-83,-219,-249,287,-286,-62]],"bbox":[-73.7613757521589,7.207529430493606,-73.07647777000625,7.7507332179049335],"properties":{"dpto_ccdgo":"68","mpio_ccdgo":"615","mpio_cdpmp":"68615","dpto_cnmbr":"SANTANDER","mpio_cnmbr":"RIONEGRO"}},{"type":"Polygon","arcs":[[-248,-217,-105,-287,-288]],"bbox":[-73.77695746391046,7.158395038650323,-73.35568254629773,7.695127971371489],"properties":{"dpto_ccdgo":"68","mpio_ccdgo":"655","mpio_cdpmp":"68655","dpto_cnmbr":"SANTANDER","mpio_cnmbr":"SABANA DE TORRES"}},{"type":"Polygon","arcs":[[-172,-256,-267,-141,-220,-143]],"bbox":[-72.9094389765278,6.682763099656853,-72.73106341297417,6.95762970838857],"properties":{"dpto_ccdgo":"68","mpio_ccdgo":"669","mpio_cdpmp":"68669","dpto_cnmbr":"SANTANDER","mpio_cnmbr":"SAN ANDRÉS"}},{"type":"Polygon","arcs":[[-226,288,-27,-26,-234,-164,-245,-86]],"bbox":[-73.57934087285392,6.042000324121352,-73.4737928015061,6.165311797844174],"properties":{"dpto_ccdgo":"68","mpio_ccdgo":"673","mpio_cdpmp":"68673","dpto_cnmbr":"SANTANDER","mpio_cnmbr":"SAN BENITO"}},{"type":"Polygon","arcs":[[-122,-100,289,-187,-263,290,-279,-283]],"bbox":[-73.21221435002245,6.47969954784114,-73.02870017286054,6.650687920577672],"properties":{"dpto_ccdgo":"68","mpio_ccdgo":"679","mpio_cdpmp":"68679","dpto_cnmbr":"SANTANDER","mpio_cnmbr":"SAN GIL"}},{"type":"Polygon","arcs":[[-271,-184,-260,-266]],"bbox":[-72.91394457251766,6.37084240608063,-72.81132801591606,6.568599719226031],"properties":{"dpto_ccdgo":"68","mpio_ccdgo":"682","mpio_cdpmp":"68682","dpto_cnmbr":"SANTANDER","mpio_cnmbr":"SAN JOAQUÍN"}},{"type":"Polygon","arcs":[[-202,-130,-50,-264,-254]],"bbox":[-72.771166940917,6.561887671869039,-72.70551590513382,6.691666554672494],"properties":{"dpto_ccdgo":"68","mpio_ccdgo":"684","mpio_cdpmp":"68684","dpto_cnmbr":"SANTANDER","mpio_cnmbr":"SAN JOSÉ DE MIRANDA"}},{"type":"Polygon","arcs":[[-253,-132,-201,-134]],"bbox":[-72.70254376893615,6.5079432091272125,-72.59994752306027,6.618192377136296],"properties":{"dpto_ccdgo":"68","mpio_ccdgo":"686","mpio_cdpmp":"68686","dpto_cnmbr":"SANTANDER","mpio_cnmbr":"SAN MIGUEL"}},{"type":"Polygon","arcs":[[-112,291,-211,-193,292,-107]],"bbox":[-73.76710676193413,6.7018173203366125,-73.3333542884847,7.153991549675869],"properties":{"dpto_ccdgo":"68","mpio_ccdgo":"689","mpio_cdpmp":"68689","dpto_cnmbr":"SANTANDER","mpio_cnmbr":"SAN VICENTE DE CHUCURÍ"}},{"type":"Polygon","arcs":[[-68,-222,-280,293]],"bbox":[-72.99152477454297,6.84724960721749,-72.84395381167135,7.081857714245354],"properties":{"dpto_ccdgo":"68","mpio_ccdgo":"705","mpio_cdpmp":"68705","dpto_cnmbr":"SANTANDER","mpio_cnmbr":"SANTA BÁRBARA"}},{"type":"Polygon","arcs":[[-162,-180,-196,-247,294,295]],"bbox":[-73.67625011552695,6.284767634507203,-73.46500164238839,6.524857706291215],"properties":{"dpto_ccdgo":"68","mpio_ccdgo":"720","mpio_cdpmp":"68720","dpto_cnmbr":"SANTANDER","mpio_cnmbr":"SANTA HELENA DEL OPÓN"}},{"type":"Polygon","arcs":[[296,-285,-108,-293,-192,-236,-273,297,-274,-163,-296]],"bbox":[-73.95933085531085,6.40029547631039,-73.29237062909381,6.914425210539836],"properties":{"dpto_ccdgo":"68","mpio_ccdgo":"745","mpio_cdpmp":"68745","dpto_cnmbr":"SANTANDER","mpio_cnmbr":"SIMACOTA"}},{"type":"Polygon","arcs":[[-277,-177,-275,-298,-272,-124,-282]],"bbox":[-73.31775565112837,6.4065113558956135,-73.17545870670318,6.526063669625376],"properties":{"dpto_ccdgo":"68","mpio_ccdgo":"755","mpio_cdpmp":"68755","dpto_cnmbr":"SANTANDER","mpio_cnmbr":"SOCORRO"}},{"type":"Polygon","arcs":[[-270,-148,-213,-29,-28,-289,-225]],"bbox":[-73.49741417552357,6.046886198429471,-73.22710211197844,6.20314114483207],"properties":{"dpto_ccdgo":"68","mpio_ccdgo":"770","mpio_cdpmp":"68770","dpto_cnmbr":"SANTANDER","mpio_cnmbr":"SUAITA"}},{"type":"Polygon","arcs":[[-197,-117,-231,-239,-242,-119]],"bbox":[-74.1272700909631,5.846706621787167,-73.75637592850974,6.170986716733786],"properties":{"dpto_ccdgo":"68","mpio_ccdgo":"773","mpio_cdpmp":"68773","dpto_cnmbr":"SANTANDER","mpio_cnmbr":"SUCRE"}},{"type":"Polygon","arcs":[[-74,-73,298,-128,-157,-257,-198,-75]],"bbox":[-73.09781757250069,7.291523053913224,-72.86320499453714,7.622983799112395],"properties":{"dpto_ccdgo":"68","mpio_ccdgo":"780","mpio_cdpmp":"68780","dpto_cnmbr":"SANTANDER","mpio_cnmbr":"SURATÁ"}},{"type":"Polygon","arcs":[[-294,-281,-208,-80,-155,299,-69]],"bbox":[-73.06676924310999,7.07136238762862,-72.83118175031166,7.263462009932038],"properties":{"dpto_ccdgo":"68","mpio_ccdgo":"820","mpio_cdpmp":"68820","dpto_cnmbr":"SANTANDER","mpio_cnmbr":"TONA"}},{"type":"Polygon","arcs":[[-262,-269,-276,-291]],"bbox":[-73.1615797107915,6.384073546661149,-73.06582817948475,6.483737802205818],"properties":{"dpto_ccdgo":"68","mpio_ccdgo":"855","mpio_cdpmp":"68855","dpto_cnmbr":"SANTANDER","mpio_cnmbr":"VALLE DE SAN JOSÉ"}},{"type":"Polygon","arcs":[[-297,-295,-246,-166,-233,-98,-232,-115,-243,-284]],"bbox":[-73.78516299710313,5.927351112747338,-73.59598212746411,6.554707021616485],"properties":{"dpto_ccdgo":"68","mpio_ccdgo":"861","mpio_cdpmp":"68861","dpto_cnmbr":"SANTANDER","mpio_cnmbr":"VÉLEZ"}},{"type":"Polygon","arcs":[[-71,-70,-300,-154,-127,-299,-72]],"bbox":[-72.93322960659297,7.256508769908212,-72.83405571800166,7.3831590392618995],"properties":{"dpto_ccdgo":"68","mpio_ccdgo":"867","mpio_cdpmp":"68867","dpto_cnmbr":"SANTANDER","mpio_cnmbr":"VETAS"}},{"type":"Polygon","arcs":[[-250,-240,-188,-290,-104,300]],"bbox":[-73.2238253148949,6.59950683667584,-73.11065056603756,6.769399505583047],"properties":{"dpto_ccdgo":"68","mpio_ccdgo":"872","mpio_cdpmp":"68872","dpto_cnmbr":"SANTANDER","mpio_cnmbr":"VILLANUEVA"}},{"type":"Polygon","arcs":[[-216,-251,-301,-103,-212,-292,-111]],"bbox":[-73.45242591804403,6.694588431550693,-73.16707376209996,7.002660379286176],"properties":{"dpto_ccdgo":"68","mpio_ccdgo":"895","mpio_cdpmp":"68895","dpto_cnmbr":"SANTANDER","mpio_cnmbr":"ZAPATOCA"}}]}},"arcs":[[[2310041,3344834],[-193,-787],[-289,-1897],[-1321,-2541],[-562,-1768],[-204,-1139],[55,-785],[-87,-1060],[123,-1588],[527,-933],[123,-880],[615,-2244],[53,-691],[-181,-1621],[-184,-207],[-379,-815],[-28,-1367],[84,-456],[-85,-1578],[-325,-1478]],[[2307783,3320999],[-435,-1754],[-421,-718],[-619,-690],[-703,-1023],[-871,-2209],[-788,-1022],[-675,-1630],[0,-1602],[254,-1492],[1518,-2293],[422,-1270],[213,-2104],[10,-1848],[-84,-1243],[-152,-962],[-556,-1607],[33,-2254],[608,-1674],[539,-1094],[1114,-1243],[2024,-1790],[557,-713],[422,-812],[894,-1293],[3821,-3204],[1279,-718],[601,-514],[-358,-329],[477,-555],[261,-500],[561,-597],[488,-817],[165,-860],[-158,-2279],[106,-1070],[562,-3712],[685,-2659],[-167,-1003],[63,-1222],[696,-1389],[84,-435],[-42,-2009],[-822,-2217],[-443,-932],[-886,-1305],[-2741,-3377],[-2088,-2134],[-2467,-2072],[-654,-663],[-906,-352],[-907,0],[-633,-187],[-864,-683],[-1013,-1658],[-1117,-973],[-506,-290],[-1950,-132],[-928,-281],[-979,-431],[-2191,-1346],[-2003,-930],[-3329,-2327],[-3931,-1861],[-456,-315],[-3084,-3158],[-642,-245],[-1348,-81],[-580,-347],[-705,-611],[-809,-1018],[-974,-1527],[-539,-1263],[-270,-1100],[-450,-726],[-596,-741],[-1255,-1249],[-3493,-3076],[-2228,-1667],[-1307,-435],[-2194,-1927],[-1567,-1702],[-1177,-2037],[-1378,-1395],[-1434,-856],[-478,-719],[-151,-3741],[-554,-1459],[-940,-1510],[-1011,-1286],[-544,-829],[-1286,-1435]],[[2257403,3202181],[-492,-699],[-176,-1235],[-843,-871],[-659,-1399],[-1872,-2659],[-545,-1061]],[[2252816,3194257],[-984,-855],[-404,-570],[-105,-328],[-32,-1352],[-123,-140],[-1212,-539],[-754,-798],[-1116,-307],[-585,-434],[-1597,-920],[-464,-44],[-627,69],[-1369,528],[-391,-163],[-469,-456],[-347,-504],[-465,-372],[-2198,-2864],[-394,-732],[-573,-626],[-598,-429],[-787,-221],[-612,7],[-259,-71],[-773,-249],[-717,-414],[-492,-456],[-901,-1342],[-665,-455],[-3277,-1053],[-1301,-323],[-1602,580],[-685,83],[-1234,31],[-991,-228],[-1476,-518],[-1592,-673],[-1255,-746],[-548,-456],[-1898,-942],[-696,-674],[-740,-1149],[-950,-729],[-1231,-1287],[-604,-926],[-844,-1840],[-849,-1583],[-1013,-1442],[-607,-597],[-742,-497],[-591,-248],[-1839,-580],[-489,-349],[-489,-629],[-709,-547],[-337,-208],[-774,-293],[-2249,-346],[-2621,-1336],[-2531,-552],[-1546,-56],[-675,-99],[-869,-287],[-808,-656],[-738,-967],[-818,-1986],[-2419,-3162],[-535,-409],[-582,60],[-1392,953],[-443,186],[-590,104],[-1624,104],[-3044,-128],[-548,-152],[-479,-274]],[[2178929,3152394],[-1531,-1732],[-429,-677],[-380,-414],[-949,-622],[-1644,-539],[-760,-393],[-1138,-1989],[-1371,-2051],[-717,-601],[-995,-482],[-696,-166],[-1097,-455],[-1602,-1098],[-612,-726],[-443,-911],[-168,-497],[-21,-332],[63,-1015],[316,-1740],[612,-767],[442,-766],[238,-467],[118,-566],[-123,-1146],[-894,-3281],[-102,-696],[-17,-1956],[764,-1584],[402,-2817],[174,-566],[681,-1698],[280,-909],[681,-1475],[593,-1527],[248,-1664],[-155,-1917],[-351,-939],[-844,-1422],[-1251,-1616],[-605,-1064],[-72,-802],[62,-821],[485,-1078],[949,-1657],[569,-2268],[246,-535],[1863,-2417],[667,-656],[2566,-2210],[1301,-926],[398,-375],[545,-1095],[678,-1119],[316,-1036],[42,-849],[-232,-808],[-485,-994],[-548,-788],[-1606,-1458],[-742,-464],[-1451,-713],[-1299,-845],[-761,-176],[-3145,-203],[-1244,52],[-1877,217],[-531,-34],[-1361,-365],[-912,-683],[-696,-1018],[-922,-882],[-586,-395],[-1158,-1756],[-1062,-828],[-557,-614],[-337,-2237],[-321,-746],[-439,-563],[-236,-680],[51,-1276],[-405,-1425],[-169,-1989],[-455,-1359],[-641,-1094],[-473,-531],[-1029,-911],[-472,-630],[-793,-762],[-793,-928],[-1243,-1132],[-1168,-683],[-577,-602],[-708,-301],[-1556,-383],[-743,-324],[-621,-417],[-2533,-2209],[-1129,-820],[-601,-1212],[-432,-539],[-622,-497],[-601,-311],[-1089,-261]],[[2134951,3051690],[-1438,-545],[-786,-537],[-1634,-1588],[-1465,-779]],[[2351573,3591358],[-411,-391],[-224,-1043],[-245,-419],[-572,-400],[-1122,-578],[-695,-259],[-1469,-179],[-3102,-218],[-1468,-755],[-457,-446],[-620,-995],[-492,-1693],[-1103,-1104],[-1413,-1988],[-879,-960],[-491,-312],[-413,-84],[-1137,-446],[-2902,-2240],[-836,-775],[-1051,-1154],[-525,-329],[-2247,-1027],[-1594,-1508],[-318,-472],[-147,-455],[-327,-589],[-629,-910],[-375,-1894]],[[2324309,3567735],[127,-717],[194,-2335],[-631,-2725],[-453,-2715],[-75,-2139],[109,-1057],[-490,-1327],[474,-3237],[13,-1769],[151,-2297],[163,-1251],[490,-2149],[490,-1443],[1244,-1636],[6563,-6077],[1104,-1612],[1151,-2588],[131,-1122],[-230,-674],[-557,-737],[-1,-1187],[195,-2277],[163,-833],[-197,-866],[-688,-1767],[68,-2043],[413,-3247],[1618,-2598],[1279,-1711],[872,-1540],[116,-1026],[-408,-1083],[-49,-440],[166,-470],[331,-505],[248,-1418],[-221,-1212],[58,-1387],[-66,-987],[-357,-1903],[-88,-910],[147,-807],[295,-662],[284,-301],[370,-610],[778,-772],[1502,-1741],[343,-601],[294,-722],[661,-3680],[735,-963],[73,-931],[232,-627],[1071,-1440],[301,-893],[35,-944],[-612,-758],[-1214,-1810],[-145,-247],[-114,-720],[-172,-264],[-1499,-1515],[-515,-673],[-1180,-1875],[-516,-529],[-613,-120],[-1228,-432],[-982,-601],[-540,-793],[-615,-1323],[-49,-505],[363,-773],[589,-626],[2379,-1709],[1717,-1973],[711,-987],[417,-794],[98,-553],[-99,-625],[-344,-1010],[-1007,-1996]],[[2339680,3459813],[-43,-1045],[859,-1381],[299,-720],[486,-1604],[351,-1613],[855,-1229],[305,-257],[2005,-2268],[261,-727],[-131,-1026],[-568,-1239],[-1091,-598],[-829,43],[-1724,641],[-886,-222],[-590,-384],[-417,-576],[-132,-898],[103,-950],[687,-1203],[784,-866],[466,-746],[334,-835],[155,-2118],[-451,-938],[-760,-920],[-1381,-865],[-2305,-824],[-345,-229],[-194,-325],[-193,-676],[41,-352],[358,-1042],[0,-474],[-415,-1190],[-30,-1293],[-353,-1045],[-29,-897],[113,-507],[-31,-284],[-756,-477],[-311,-527],[-518,-589],[-1149,-801],[-269,-375],[-467,-1238],[-415,-1765],[-457,-2526],[-383,-1603],[-539,-1644],[-259,-365],[-1388,-689],[-786,20],[-2474,377],[-476,-152],[-476,-568],[-124,-314],[-239,-1390],[-156,-366],[-859,-862],[-995,-671],[-425,-481],[-229,-609],[-33,-930],[-328,-1058],[-556,-545],[-2421,-801],[-4187,-672],[-949,-416],[-840,-530],[-607,-685],[-313,-577],[-129,-523],[-19,-1065],[-198,-660],[-382,-533],[-281,-777],[-276,-1557],[23,-970],[155,-229],[534,-469],[1103,-740],[552,-866],[369,-1144],[-25,-920],[-174,-735],[-6,-484],[632,-607],[564,-314],[533,-595],[239,-613],[244,-1426],[1189,-1804],[384,-439],[204,-590],[-18,-378]],[[2316077,3383864],[-162,-6177],[-344,-1106],[-491,-578],[-123,-1034],[-50,-2381],[-442,-1467],[-736,-529],[-711,-384],[-515,-457],[-1,-241],[1029,-3704],[73,-1588],[-49,-938],[-565,-2980],[-832,-3185],[-506,-2784],[-314,-1133],[-118,28],[-539,-1730],[-173,-2381],[73,-2309],[-123,-890],[-417,-1082]],[[2129628,3048241],[63,-940],[-263,-390],[-44,-399],[55,-244],[-278,-273],[-49,-317],[-178,-273],[20,-297],[387,-82],[337,-390],[203,-43],[278,-297],[491,-945],[223,-97],[239,-365],[49,-234],[-123,-288],[258,-399],[89,-463],[-177,-891],[253,-312],[-99,-156],[-407,-39],[-143,-419],[223,-292],[109,-44],[273,73],[74,-107],[-15,-88],[-416,-156],[-24,-78],[337,-365],[610,-257],[94,-385],[362,-229],[357,-443],[134,-243],[40,-478],[382,-219],[238,1],[565,-677],[90,-580],[-159,-258],[-356,-220],[45,-380],[-193,-297],[0,-122],[352,-184],[605,-658],[55,-228],[-65,-361],[422,-297],[-35,-321],[75,-146],[317,-107],[347,-555],[209,-156],[604,15],[644,-199],[560,59],[1150,-506],[531,-477],[25,-288],[-109,-229],[922,-506],[134,-389],[907,-4],[144,-239],[-25,-521],[99,-190],[174,-83],[550,-19],[367,-443],[114,-5],[431,273],[515,-4],[99,63],[49,317],[119,88],[382,59],[202,399],[179,78],[372,-248],[292,-34],[144,-311],[456,-258],[342,78],[213,-34],[-60,-229],[85,-380],[-168,-205],[69,-462],[-227,-176],[-417,-25],[-297,-278],[-89,-243],[75,-482],[-153,-410],[-5,-302],[-168,-117],[-99,-253],[-79,-721],[367,-443],[20,-536],[189,-706],[-64,-556],[-198,-351],[115,-789],[-327,-906],[-302,-385],[100,-526],[-252,-1072],[-307,-229],[-361,-98],[-228,-229],[-65,-102],[95,-517],[-158,-390],[277,-184],[85,-147],[30,-365],[104,-190],[555,-24],[367,-496],[134,-20],[306,283],[90,-5],[530,-501],[431,132],[288,-185],[297,-346],[-64,-424],[134,-297],[312,-341],[471,-316],[1066,-1339],[446,-311],[352,-83],[848,-618],[233,-657],[640,-521],[-69,-531],[-263,-346],[-267,-205],[-193,-668],[-346,-341],[-84,-239],[391,-350],[-34,-132],[84,-229],[154,-155],[-84,-707],[169,-224],[203,-755],[20,-389],[184,-414],[25,-531],[303,-531],[287,15],[124,-68],[70,-589],[148,-337],[-34,-516],[-143,-69],[-60,-272],[248,-361],[-74,-219],[-208,-234],[-39,-438],[-376,-230],[139,-496],[188,-171],[396,-126],[194,-263],[505,-346],[738,-58],[263,-579],[506,-390],[639,-62],[451,-210],[421,93],[139,-97],[550,-877],[79,15],[322,468],[168,73],[263,-19],[179,-341],[84,-585],[273,-180],[322,-29],[252,78],[174,117],[183,454],[138,14],[189,-336],[-15,-375],[144,-243],[233,39],[183,263],[233,54],[351,-107],[164,-166],[5,-195],[174,-116],[232,73],[69,492],[94,68],[417,-87],[361,200],[1283,351],[218,-39],[248,-331],[381,20],[208,-214],[312,-54],[95,-112],[0,-438],[134,-258],[595,-380],[470,-19],[124,-248],[689,-672],[35,-677],[203,-317],[174,-594],[-475,-458],[-54,-322],[104,-433],[-34,-483],[-55,-87],[-257,-83],[39,-263],[253,-220],[347,-92],[15,-394],[396,-239],[254,-794],[168,-87],[253,92],[168,-34],[268,-375],[822,-253],[258,-204],[262,-68],[228,-253],[184,-629],[173,-126],[610,-63],[59,-63],[-128,-493],[39,-141],[114,-68],[203,68],[70,-63],[-30,-263],[248,-180],[-20,-297],[357,-117],[119,49],[134,273],[109,48],[173,-87],[129,-210],[-74,-521],[-129,-307],[-460,-83],[-193,-365],[248,-341],[-89,-468],[39,-190],[1254,-199],[99,54],[168,472],[421,-4],[237,258],[506,210],[103,536],[114,53],[327,-263],[134,-4],[158,151],[392,122],[252,468],[589,58],[392,-112],[119,-116],[104,-390],[20,-726],[243,-482],[367,-209],[763,5],[356,-253],[689,-122],[243,-267],[134,0],[128,39],[79,175],[0,292],[-139,361],[218,185],[322,39],[496,-399],[758,-224],[158,-243],[285,25],[125,714],[469,176],[192,273],[33,130],[-133,201],[7,214],[330,488],[32,928],[218,150],[73,240],[-66,150],[-225,155],[-26,189],[99,84],[429,7],[172,97],[250,962],[409,416],[443,188],[13,247],[-132,227],[158,267],[-66,422],[449,78],[139,124],[-20,162],[-357,214],[6,176],[245,71],[284,-247],[271,-64],[152,26],[435,357],[456,-246],[476,-52],[257,84],[396,332],[126,597],[462,215],[191,-6],[410,-351],[661,-97],[217,149],[-99,468],[73,253],[303,182],[331,-45],[112,-117],[53,-377],[271,-305],[409,-26],[641,644],[112,188],[46,494],[99,156],[726,416],[126,442],[217,311],[370,-71],[252,-325],[59,-129],[-105,-618],[39,-162],[258,20],[455,318],[212,247],[125,565],[-146,773],[297,396],[33,254],[231,149],[502,0],[278,247],[277,436],[495,-91],[1104,-747],[1215,-486],[159,-13],[99,104],[66,526],[151,234],[430,-156],[495,-415],[601,-279],[331,-364],[172,-26],[211,104],[825,526],[192,59],[112,-45],[0,-202],[-218,-572],[60,-500],[-185,-253],[-323,-111],[46,-324],[357,-117],[284,0],[607,176],[205,-85],[502,-370],[27,-175],[-198,-410],[19,-168],[133,-85],[178,-19],[601,429],[284,-13],[350,-513],[449,-390],[416,-91],[568,46],[265,-58],[198,-111],[343,-409],[172,-578],[34,-519],[6,-371],[-132,-279],[-389,-552],[-178,-422],[-1367,-521],[-159,-214],[-13,-318],[73,-325],[125,-130],[304,0],[515,358],[126,13],[264,-260],[53,-201],[-858,-2066],[7,-403],[330,-818],[40,-487],[-442,-949],[-125,-604],[92,-559],[357,-591],[291,-857],[998,-727],[-20,-110],[-509,-416],[-39,-163],[26,-247],[324,-668],[-119,-260],[-396,-293],[205,-857],[450,-727],[779,-773],[291,-416],[26,-357],[-250,-481],[85,-234],[786,-6],[780,-539],[257,-487],[166,-643],[244,-402],[364,-299],[838,-351],[522,-357],[681,-798],[290,-221],[132,-676],[542,-844],[674,-84],[264,-156],[991,-1045],[310,-208],[132,-150],[1,-487],[620,-214],[172,-169],[165,-539],[364,-344],[152,-435],[343,-318],[13,-176],[-587,-610],[-211,-864],[-251,-351],[-423,-319],[-26,-552],[-535,-610],[-330,-98],[-442,-364],[-504,-825],[-527,-238],[-78,-120],[123,-469],[-35,-199],[-287,-717],[-178,-248],[-510,-142],[-124,-302],[35,-575],[164,-384],[173,-1345],[109,-170],[615,-809],[148,-63],[585,234],[574,-541],[317,-58],[391,112],[327,-112],[134,-575],[352,-341],[-233,-740],[535,-429],[30,-141],[-336,-570],[10,-599],[-798,-595],[55,-453],[-54,-370],[119,-497],[-238,-380],[20,-297],[-565,-98],[-24,-463],[-396,-253],[218,-302],[25,-414],[-194,-117],[-619,-73],[-509,-546],[-159,-341],[-559,-166],[-35,-185],[-247,-327],[34,-511],[-99,-63],[-569,214],[-698,-54],[-372,-278],[-262,-409],[-223,-171],[-862,-5],[-752,-477],[-723,-1009],[-104,-546],[-460,-511],[-30,-98],[199,-438],[-30,-195],[-297,-161],[-436,141],[-386,-341],[-193,-34],[-599,-522],[-565,-141],[-277,-161],[-178,-370],[-797,-429],[-154,-302],[-262,-103],[-638,-716],[-302,-112],[-273,-346],[-34,-214],[-287,-483],[-35,-146],[523,-581],[-70,-170],[-163,-98],[-50,-233],[229,-208],[440,-156],[71,-216],[405,-251],[167,-217],[44,-554],[-184,-684],[17,-555],[397,-623],[-203,-355],[89,-347],[167,-173],[53,-312],[-141,-355],[203,-294],[159,-1317],[431,-519],[-8,-1161],[88,-311]],[[2206580,2920818],[525,-203],[265,0],[1161,269],[643,-294],[1444,-104],[730,104],[608,-155],[563,130],[519,-69],[537,121],[484,277],[590,-77],[555,234],[528,8],[370,191],[598,-78],[141,130],[194,477],[193,190],[245,49],[337,-52],[73,72],[634,84],[-304,448],[-20,416],[105,182],[331,13],[-100,344],[86,228],[456,143],[-265,318],[-19,162],[508,-130],[469,111],[409,-312],[198,-13],[145,254],[-627,402],[-20,299],[192,78],[231,-19],[99,337],[99,65],[119,13],[277,-214],[218,13],[112,85],[13,376],[99,182],[244,-136],[192,0],[-132,325],[112,311],[803,-86],[263,182],[342,-120],[468,55],[126,307],[156,128],[22,168],[335,69],[156,-171],[61,-408],[186,-395],[479,-457],[278,-51],[821,143],[657,377],[628,800],[55,435],[186,387],[47,1836],[-342,697],[-475,389],[-238,73],[-376,288],[-74,224],[-6,808],[-326,171],[-80,136],[109,127],[426,78],[0,53],[-352,380],[114,108],[238,29],[257,224],[575,-78],[742,385],[1159,1525],[44,351],[-64,263],[183,487],[-307,487],[0,263],[317,303],[153,428],[466,702],[44,307],[-154,633],[298,175],[44,468],[84,102],[193,49],[174,-258],[133,117],[60,234],[-70,536],[372,326],[-15,166],[-372,136],[-366,327],[-263,-166],[-79,253],[599,838],[575,107],[356,-48],[263,117],[54,97]],[[2231886,2943019],[517,-314],[644,-614],[560,-146],[173,-131],[114,-205],[238,-969],[535,-287],[728,-181],[678,-984],[778,-233],[668,-380],[629,-526],[1308,-492],[248,-229],[1292,-165],[262,-78],[288,-205],[688,-692],[228,-112],[401,-477],[778,-326],[213,-317],[29,-360],[159,-376],[188,-243],[535,-546],[678,-336],[352,-282],[1466,229],[767,-166],[426,-448],[144,-5],[426,268],[336,30],[590,-93],[995,175],[871,-73],[1219,249],[193,136],[396,531],[257,83],[149,-48],[317,-463],[386,-93],[659,-1106],[247,-287],[-203,-1082],[99,-165],[446,-380],[555,-288],[418,-509],[78,-756],[297,-417],[245,-182],[535,-208],[19,-1085],[298,-890],[389,-552],[33,-377],[-158,-993],[13,-475],[178,-545],[211,-78],[238,26],[621,675],[330,111],[112,-91],[33,-234],[-436,-1039],[-66,-286],[40,-240],[165,-143],[231,-33],[660,189],[126,-104],[112,-351],[403,-442],[151,-480]],[[2261812,2920308],[-43,-685],[-621,-1624],[-6,-364],[85,-402],[542,-1085]],[[2261769,2916148],[450,132],[1146,-73],[432,143],[205,-342],[222,-150],[911,198],[101,-60],[73,-249],[-194,-512],[778,-143],[238,147],[65,135],[-16,428],[588,341],[-80,258],[93,111],[314,8],[278,171],[206,19],[847,-305],[270,87],[536,-246],[310,-234],[468,-8],[432,-107],[1802,-1004],[330,84],[436,-294],[427,-32],[440,-393],[653,84],[294,-151],[351,-48],[1177,-742],[327,-380],[814,-262],[93,-143],[-710,-782],[512,-591],[214,-1185],[645,-505],[10,-255],[-157,-118],[-6,-255],[-208,-297],[14,-104],[267,-270],[-151,-211],[100,-195],[-247,-301],[80,-98],[347,-70],[84,-119],[-232,-387],[-216,-105],[57,-361],[-291,-186],[254,-361],[85,-405],[-258,-262],[339,-226],[899,579],[302,44],[169,-698],[456,-512],[258,-452],[141,-84],[1072,-131],[508,-270],[33,-91],[-285,-1003],[-644,-1928],[179,-221],[567,-318],[806,130],[310,-33],[231,-585],[462,-649],[931,-780],[204,-299],[66,-1058],[766,-644],[105,-233],[218,-1215],[-27,-799],[132,-325],[357,-364],[244,-435],[198,-195],[-27,-91],[80,-97],[303,-130],[568,-494],[-73,-565],[53,-818],[726,-436],[647,-149],[-33,-364],[66,-162],[462,-358],[257,-52],[515,-857],[356,-52]],[[2290676,2887773],[376,97],[350,468],[47,188],[719,526],[304,1104],[231,286],[660,585],[330,142],[687,546],[502,201],[224,643],[99,85],[1221,590]],[[2296426,2893234],[572,-224],[464,91],[160,120],[145,-18],[85,-157],[241,354],[580,-80],[672,-351],[438,-48],[267,-299],[301,-15],[185,-168],[862,-205],[367,-4],[167,238],[424,253],[406,110],[689,382],[288,28],[160,137],[232,-45],[234,130],[248,-113],[232,217],[428,67],[237,-90],[183,-326],[343,3],[134,362],[366,335],[203,75],[160,-98],[151,141],[29,157],[188,62],[215,-12],[11,-132],[317,-109],[114,-655],[340,-498],[203,-149],[705,-217],[935,-73],[648,180],[777,413],[512,50],[1360,345],[111,-19],[214,-456],[360,-374],[337,-53],[351,137]],[[2314777,2892633],[215,107],[603,-115],[774,132],[477,-48],[780,-121],[1265,-510],[60,-124],[-621,-1469],[-19,-270],[215,-318],[135,-398],[529,-564],[45,-440],[173,-130],[2047,64],[554,1499],[233,-85],[320,-370],[132,-275],[-97,-914],[-178,-315],[-365,-1275],[-794,220],[-1350,-1934],[-182,-496],[3,-530],[835,-5]],[[2320566,2883949],[1737,131],[2372,530],[1268,348],[260,138],[190,189],[638,1047],[423,445],[213,722],[-12,400],[-165,454],[98,1020],[728,48],[704,519],[1023,1214],[423,81],[133,99],[94,205],[108,-25],[214,162],[575,695],[262,-22],[678,544],[372,43],[409,356],[203,33],[968,-20],[916,-157],[662,315],[995,64],[292,-43],[702,-649],[540,-202],[119,-319],[54,-617],[-134,-576],[-66,-871],[227,-435],[18,-192],[-340,-539],[159,-375],[74,-693],[-238,-928],[-221,-524],[67,-149],[298,-199],[41,-165],[215,158],[397,-61],[471,71],[285,-126],[617,41],[205,127],[532,612],[382,183],[453,433],[269,577],[657,803],[200,47],[280,249],[381,111],[869,491],[549,72],[538,456],[154,371],[355,327],[160,259],[721,2305],[400,406],[483,228],[1584,1446],[575,1151],[589,834],[762,746],[748,1018],[1240,1756],[91,258],[338,399],[185,382],[518,612],[431,203]],[[2355281,2902996],[354,-541],[343,29],[681,-132],[1192,39],[338,-59],[138,-95],[119,-326],[212,-227],[432,-114],[238,121],[369,571],[194,-11],[245,-143],[220,296],[447,-106],[667,139],[387,381],[702,-40],[358,91],[278,-98],[424,-345],[821,-320],[369,-23],[734,187],[179,-88],[190,18],[291,91],[227,283],[507,51],[526,245],[335,-195],[716,851],[-70,396],[280,308],[-45,253],[138,238],[291,213],[-134,440],[142,92],[441,2],[-35,-431],[547,-147],[-30,-254],[179,-269],[248,-59],[189,-406],[323,59],[59,-98],[1058,-519],[-30,-451],[671,-518],[85,-275],[272,-44],[79,-191],[275,-41],[1114,-1427],[141,-473],[272,-451],[540,-367],[149,-617],[104,-124],[358,-175],[1044,-781],[227,214],[640,-712],[253,-112],[155,-249],[832,35],[284,142],[1573,-643],[680,-323],[168,-165],[326,-522],[252,-748],[284,-229],[228,-674],[281,-515],[17,-326],[201,-397],[-24,-375],[247,-437],[-3,-206],[520,-785],[106,-336],[106,-128],[306,-116],[576,-800],[519,-361],[-6,-352],[284,-517],[167,104],[402,-345],[724,-878],[362,-274],[333,-578],[-133,-448]],[[2388056,2885353],[1470,268],[620,508],[200,40],[207,630],[703,901],[408,810],[227,240],[-40,728],[298,305],[211,586],[-55,695],[318,1135],[51,309],[-66,114],[93,168],[752,259],[597,563],[121,717],[314,305],[148,895],[-168,1146],[89,758],[-183,471],[54,126],[187,118],[5,570],[187,1184],[442,656],[399,1051],[107,930],[-153,2019]],[[2395599,2904558],[-25,767],[-361,556],[-505,1857],[220,411],[31,463],[199,201],[58,848],[525,1805],[209,129],[199,262],[63,720],[79,170],[-79,283],[110,211],[16,257],[126,169],[-110,494],[-209,88],[16,98],[100,282],[172,72],[178,252],[105,710],[377,216],[267,262],[116,1743],[278,803],[455,462],[178,530],[592,884],[1000,1856],[332,926],[286,442],[-5,159],[482,957],[110,987],[676,1049],[304,746],[126,535],[586,1189],[424,1516],[-340,463],[-118,332],[-266,259],[-787,1756],[-858,810],[-654,927],[-23,335],[-235,263],[-1749,734],[-447,136],[-454,27],[-79,166],[-545,136],[-329,235],[-345,12],[-333,301],[-306,27],[-125,143],[-922,136],[-345,297],[-66,197],[-223,236],[75,463],[223,389],[252,258],[-259,240],[-164,455],[220,609],[-47,174],[-631,637],[-711,506],[33,457]],[[2392742,2943041],[585,-50],[312,142],[268,807],[389,401],[206,35],[558,-142],[336,211],[176,162],[123,269],[52,-34],[336,660],[162,702],[666,623],[360,119],[431,-138],[255,3],[538,593],[318,-169],[187,25],[938,751],[546,232],[679,454],[129,555],[320,149],[276,315],[576,964],[62,891],[565,792],[366,1169],[777,1050],[180,442],[39,605],[238,260],[415,173],[189,489],[49,498]],[[2405344,2957049],[-39,526],[742,1212],[104,958],[3,274],[-191,354],[-193,778],[-25,618],[161,725],[-153,324],[-31,293],[535,1118],[-376,510],[-28,251],[59,119],[573,366],[236,259],[-133,933],[373,606],[-120,883]],[[2406841,2968156],[279,460],[366,2043],[483,667],[577,196],[188,178],[24,115],[-149,383],[59,104],[1307,454],[698,331],[173,38],[522,-143],[231,73],[440,343],[333,31],[495,385],[667,323],[401,721],[333,224],[373,613],[690,617],[127,266],[-149,490],[-11,173],[82,124],[181,96],[490,-93],[655,304],[1421,188],[639,215],[1433,986],[427,174],[248,373],[302,77],[126,826],[275,366],[364,136]],[[2421941,2981013],[40,182],[346,507],[188,1167],[213,529],[203,127],[355,-411],[179,-15]],[[2423465,2983099],[292,223],[72,1030],[327,714],[606,32],[65,254],[-79,214],[33,206],[165,104],[567,28],[177,159],[9,90],[-385,614],[4,1151],[-155,261],[-441,119],[-68,211],[74,298],[283,344],[-38,680],[136,792],[-93,510],[438,263],[447,-166],[312,43],[393,972],[471,231],[203,185],[88,477],[254,437],[980,410],[183,165],[12,367],[-173,399],[186,680],[197,269],[36,506],[-150,377],[-311,194],[-88,145],[-97,492],[97,89],[497,37],[1287,635],[559,173],[401,431],[324,547],[559,129],[645,277],[468,63],[418,217]],[[2433652,3000177],[314,-431],[203,-128],[477,78],[241,-85],[382,-521],[352,-298],[277,-458],[608,-125],[686,-333],[223,-29],[153,-84],[200,-299],[356,-107],[265,75],[279,-41],[373,-275],[180,-27],[126,-141],[185,-504],[317,-238],[292,-43],[268,208],[444,138],[450,-84],[770,-629],[379,-186],[147,-327],[421,-258],[291,-338],[382,-172],[356,-55],[105,-359],[656,-258],[438,-466],[147,-342],[472,-631],[406,-189],[194,-436]],[[2446467,2991779],[153,-154],[638,-235],[691,146],[489,-130],[470,-522],[253,-35],[432,-385],[306,-44],[611,-510],[562,-76],[20,-254],[844,-100],[282,-179],[1641,-630],[156,20],[415,298],[524,97],[292,347],[138,55],[621,196],[562,-145],[394,51],[424,222],[292,373],[265,-64],[161,-176],[-92,-663],[-621,-138],[-432,140],[-121,-29],[-94,-217],[49,-371],[1105,-1468],[761,-443],[297,-478],[1150,-323],[332,32],[948,-1009]],[[2461385,2984978],[129,-486],[-157,-146],[-459,-142],[-346,-721],[125,-101],[475,-116],[407,-556],[82,-371],[463,123],[568,-421],[215,-494],[1041,-1772],[1293,-1348],[423,-625],[105,-286],[331,-1995],[255,-320],[180,-101],[357,-108],[584,72],[188,-139],[-169,-513],[94,-455],[137,-143],[333,-46],[239,-506],[493,-390],[133,-201],[101,-841],[224,-135],[466,-553],[-68,-555],[455,-190],[193,374],[125,81],[486,-228],[196,-282],[-114,-308],[137,-383],[-107,-609],[-396,-308],[-119,-278],[126,-274],[690,-271],[152,-227],[-373,-174],[-274,232],[-106,-30],[-44,-525],[231,-780],[-613,-539],[-263,-416],[297,-903],[-295,-285],[-287,-447],[-35,-201],[298,-240],[82,-335],[-225,-517],[-290,-277],[-67,-243],[136,-533],[440,7],[-24,-212],[-378,-632],[-98,-463],[380,-162],[180,38],[24,-100],[-224,-359],[-249,-1103],[-255,-505],[-361,-142],[-585,-42],[-400,-512],[46,-305],[443,-386],[-35,-139],[-181,-31],[-153,-146],[-88,-1042],[-100,-257],[-465,-236],[62,-251],[-525,61],[-105,-288],[118,-330],[-775,-458],[-14,-261],[188,-178],[-49,-110],[-502,-20],[-14,-295],[-294,-418],[-63,-315],[460,-399],[361,-898],[-77,-302],[154,7],[-272,-977],[-189,-324],[-196,-166],[-765,-438],[-895,-647],[-275,-421],[46,-328],[-188,-142],[-47,-343],[-495,-648],[31,-224],[-138,-177],[380,-112],[197,-662],[-68,-372],[-719,-795],[53,-104],[-79,-98],[55,-379],[-65,-133],[85,-84],[-38,-483],[-585,-1125],[-225,-264],[-60,-224],[68,-165],[-137,-262],[-350,-25],[-215,-211],[-528,-205],[-450,-401],[83,-473],[-189,-190],[-288,-740],[475,-572],[-5,-221],[-236,-386],[-199,-128],[-136,52],[-339,375],[-194,129],[-287,52],[-1323,-204],[-555,-236],[-836,-92],[-842,372],[-250,339],[-946,470],[-674,546],[-627,283],[-592,595]],[[2452441,2939319],[-659,-120],[-969,159],[-961,557],[-564,467],[-2695,-2741],[-690,-582],[-284,-57],[1087,-1066],[219,-360],[172,-751],[313,-253],[261,-406],[319,-237],[-399,-756],[-236,-684],[10,-386],[177,-571],[-147,-452],[-100,-957],[-691,-570],[-188,-494],[-456,-570],[-823,-2391],[-430,-462],[-94,-304],[-100,-133],[-912,-372]],[[2443601,2924827],[254,-457],[206,-1262],[-225,-329],[-598,-2150],[-587,-1362],[-1362,-2221]],[[2441289,2917046],[-566,-1383],[1171,-459],[590,-119],[633,-252],[1688,-213],[903,-636],[1234,-1074],[777,-988],[522,-284],[732,-155],[1850,-599],[324,-175],[679,-453],[1310,-1509],[313,-654],[130,-833],[-105,-612],[-105,-257],[-372,-406],[-26,-288],[135,-319],[559,-345],[402,-376],[303,-505],[46,-233],[-48,-329],[-173,-327],[-339,-344],[-826,-437],[-71,-176],[-51,-370],[106,-231],[314,-484],[229,-165],[576,-186],[482,-13],[599,116],[1669,673],[488,32],[599,-385],[840,-969],[680,-476],[779,-274],[1320,-296],[883,-467],[489,43],[269,-155],[473,-364],[585,-927],[953,-831],[342,34],[991,870],[1252,1842]],[[2467826,2899323],[34,181],[764,653],[114,346],[-138,885],[91,329],[244,404],[280,823],[551,644],[189,480],[231,836],[71,871],[196,439],[396,630],[546,452]],[[2471395,2907296],[690,109],[447,356],[0,316],[322,726],[969,609],[629,884],[217,1173],[462,1076],[42,562],[-69,535],[100,1687],[168,775],[321,342],[516,205],[252,185],[405,658],[-76,912],[-459,728],[-145,754],[77,179],[223,157],[593,95],[355,185],[168,240],[-256,1386],[119,569],[91,150],[809,88],[90,103],[-298,766],[-535,816],[-152,440],[-407,718],[110,551],[-206,996],[299,779],[-129,544],[150,671],[-219,428],[-7,444],[-94,232],[134,694],[-336,722],[325,-39],[690,-441],[270,-459],[215,-182],[274,-606],[443,-328],[160,-595],[250,-498],[282,-162],[412,-39],[399,-167],[424,-23],[325,-128],[575,-849],[341,-136],[157,-243],[407,-247],[199,-641],[137,-189],[282,-132],[267,50],[290,-147],[369,250],[204,-104],[290,200],[71,-39],[-16,-189],[157,-19],[980,2],[165,120],[294,-55],[145,147],[-5,276],[187,-52],[115,56],[103,290],[136,19],[25,179],[404,64],[433,-76],[199,340],[94,36],[570,-571],[950,-125],[783,-340],[278,61],[211,238],[188,22],[851,-330],[497,-79],[957,-482],[1380,-85],[537,192],[405,328],[920,534],[161,247],[77,377],[-151,1186],[369,-357],[2152,-1374],[1317,-208],[473,-302],[508,-817],[852,-996],[99,-288],[-21,-632],[-142,-530],[-105,-288],[-288,-262],[-69,-231],[21,-396],[208,-659],[818,-651],[617,-57],[486,-335],[286,-525],[-21,-443],[140,-488],[240,-381],[1007,-1077],[428,-818],[501,-363],[439,-117],[491,-253],[136,16],[320,349],[387,133],[350,-124],[627,-1],[748,457],[596,102],[764,462],[362,647],[513,354],[497,210],[1092,25],[319,-57],[434,-212],[1777,-8],[711,241],[534,333],[450,118],[1359,-89],[413,127],[497,324],[388,447],[162,416],[127,679],[209,179],[853,143],[758,359],[22,406],[293,221],[513,791],[509,987],[215,221],[921,518],[215,817],[513,419]],[[2526243,2925420],[-578,1204],[-584,546],[-179,624],[-804,1255],[-458,594],[-956,706],[-15,360],[-270,859],[-214,402],[-705,505],[-643,258],[-355,263],[-417,700],[-67,566],[-303,319],[-104,242],[-67,427],[335,390],[-36,335],[-454,587],[-339,314],[-340,186],[-1422,58],[-941,-224],[-1014,207],[-115,448],[55,747],[-195,710],[165,613],[-41,972],[394,1283],[-266,391],[-219,165],[-5,139],[304,539],[419,385],[1078,750],[51,391],[539,221],[1455,1026],[126,159],[-2675,4228],[-174,0],[-864,427],[-592,385],[-432,398],[-118,261],[280,411],[112,740],[322,758],[-75,372],[66,260],[427,663],[128,1360],[222,754],[110,195],[818,504],[83,119],[-22,125],[-281,293],[-803,1516],[-154,765],[23,331],[410,846],[78,358],[-77,608],[100,467],[94,212],[945,883],[349,493],[1099,585],[1979,2379],[388,889],[890,1106],[182,27],[970,-490],[2217,-714],[976,-398],[2184,-644],[502,-276]],[[2528745,2967238],[1063,-816],[209,-407],[292,-332],[1135,-1038],[1345,-919],[1957,-1100],[18,-1832],[116,-762],[166,-406],[402,-454],[509,-435],[676,-339],[530,-78],[461,-193],[245,-155],[185,-251],[402,-194],[942,-79],[882,-416],[1834,-32],[302,84],[373,366],[1295,413],[864,-21],[695,-329],[932,-40],[196,154],[571,761],[353,192],[177,19],[460,-328],[981,-41],[1245,-388],[265,29],[589,356],[796,770],[333,-39],[647,-445],[431,-39],[452,66],[824,298],[717,423],[697,481],[315,424],[1,425],[-421,493],[-19,482],[129,637]],[[2556314,2962203],[1407,68],[1723,860],[801,242],[315,239],[50,184],[-165,500],[-174,1085],[83,293],[232,260],[602,281],[138,217],[-103,624],[266,689],[-48,1173],[499,1301],[416,705],[-136,1107],[497,211],[420,439],[336,-50],[1082,166],[768,748],[547,162],[321,433],[492,352],[1104,248],[121,200],[243,60],[348,265],[426,184],[325,53],[552,-88],[729,211],[248,-136],[485,-18],[138,-309],[-34,-196]],[[2571368,2974966],[159,-363],[694,-876],[208,-651],[76,-879],[-91,-1433],[-144,-228],[-117,-694],[428,-896],[-12,-521],[-28,-212],[-254,-363],[391,-429],[793,-371],[700,-560],[103,-939],[345,-1279],[-66,-122],[64,-782],[-150,-683],[22,-212],[395,-994],[374,-500],[21,-743],[650,-419],[526,-1118],[817,-583]],[[2577272,2958116],[166,206],[458,259],[128,326],[475,465],[498,808],[310,157],[116,168],[210,379],[267,1031],[586,395],[277,645],[437,509],[416,1134],[552,145],[805,475],[503,515],[217,700],[-3,1058],[105,293],[476,661],[875,1903],[35,624],[443,759],[171,184],[635,313],[524,-256],[221,11],[94,114],[62,949],[334,691],[1229,123],[505,390],[68,231]],[[2589467,2974481],[-123,771],[1083,684],[452,395],[510,240],[236,212],[138,260],[208,781],[51,897],[718,1243],[-9,107],[-578,570],[-68,174],[131,421],[157,183],[569,133],[953,568],[393,491],[129,559],[-19,396],[-146,454],[-352,454],[30,270],[709,1397],[11,261],[-176,675],[-273,647],[355,675],[246,308],[844,346],[491,317],[591,1031],[246,627],[324,144],[1021,46],[451,-20],[402,-117],[579,66],[-19,309],[-157,213],[1,116],[925,1686],[344,144],[501,28],[598,153],[844,-31],[619,578],[-5,2305],[-264,281],[92,438]],[[2603230,2997367],[812,429],[1373,2191],[250,202],[463,41],[1018,-464],[442,69],[364,139],[728,468],[1413,1020],[236,350],[201,896],[337,693],[-156,673],[50,112],[550,280],[300,307],[377,48],[563,-225],[847,-191],[164,21],[436,307],[1033,40],[1055,383],[649,-2],[890,-177],[414,27],[214,133],[235,203],[215,406],[59,1093],[263,334],[151,462],[-5,382],[-313,445],[7,204],[170,406],[-81,161],[-206,80],[-119,161],[-87,598],[917,695]],[[2619459,3010767],[211,54],[618,-61],[1211,-384],[768,-109],[443,59],[749,649],[315,-55],[881,-467],[622,-117],[1567,221],[922,377],[1733,515],[844,493],[95,62],[245,526],[197,85],[367,579]],[[2631247,3013194],[297,356],[624,1144]],[[2632168,3014694],[-240,1549],[9,612],[316,456],[136,843],[901,1222],[244,154],[348,479],[167,720],[-235,604],[80,364],[189,263],[473,215],[292,271],[743,919],[758,1160],[295,1176],[40,511],[-62,178],[168,1006],[964,1500],[829,772],[104,820],[-203,852],[87,163],[394,169],[1292,175],[688,390],[433,141],[257,-13],[2919,-1465],[723,-520],[417,-489],[330,-71],[670,161],[362,-70],[1247,1127],[356,843],[546,773],[189,108],[850,-87],[290,-512],[401,-226],[331,54],[339,231],[229,54],[1149,51],[364,495],[631,520],[325,381],[125,574],[195,324],[305,191],[843,189],[247,337],[184,936],[-140,848],[-162,141],[-512,179],[-252,218],[-239,223],[-83,332],[-43,981],[261,885],[27,389],[-102,453],[-433,683],[-58,210],[79,306],[1618,1704],[118,261],[-135,414],[-459,467],[248,738],[40,414],[-197,1556],[-84,191],[-24,733]],[[2655670,3048600],[-330,409],[-680,91],[-919,544],[-473,116],[-194,223],[-77,312],[-15,1823],[277,1542],[-129,471],[28,631],[-116,377],[-322,778],[-278,319],[-213,428],[-224,937],[39,268],[391,808],[-357,999],[129,1149],[130,146],[961,387],[208,292],[294,745],[662,355],[91,217],[-206,364],[-122,459],[217,1417],[-221,656],[4,302],[434,683],[50,1729],[215,1137],[937,563],[1824,1346],[474,204],[1300,110],[172,247],[297,229],[45,163],[-186,396],[-38,321],[227,686],[-1,1277],[516,471],[616,213],[497,739]],[[2661604,3076679],[53,124],[-181,721],[-761,696],[-191,313],[-21,278],[128,608],[-190,605],[-387,314],[-570,297],[-7,660],[185,1715],[-10,949],[-183,439],[-67,400],[-230,375],[-74,475],[-75,1224],[-121,457],[125,1234],[-160,977],[188,908],[-108,720],[67,1399],[-187,1457],[485,1224],[-161,240],[-675,451],[-195,310],[-227,188],[-56,163]],[[2657998,3096600],[127,308],[1188,816],[447,573],[58,514],[255,515],[1041,1326],[633,499],[119,218],[-53,259],[-232,293],[-697,1609],[-191,261],[-215,95],[-378,581],[-192,56],[-461,494],[-411,669],[-698,422],[-51,1846],[-372,1187],[180,595],[54,665],[456,832],[-1267,503],[-898,28],[-462,164],[-397,35],[-479,379],[-421,87],[-849,-14],[-716,-279],[-484,17],[-896,549],[-119,195],[40,160],[-214,90],[-182,254],[-850,88],[-508,197],[-664,969],[-317,188],[-748,1239],[-384,313],[-37,964],[-269,696],[-101,542],[78,960],[-67,375],[-423,848],[-408,325],[-257,355],[-264,801],[-230,165],[-1833,574],[-489,36],[-337,126],[-521,-202],[-354,-311],[-294,165],[-707,-186],[-735,29],[-471,618],[-1458,1186],[-131,203],[-456,263],[-675,123],[-210,149],[-336,668],[-364,367]],[[2636441,3126234],[619,65],[438,284],[395,772],[105,694],[-35,1553],[-860,838],[-98,511],[136,261],[818,205],[278,-5],[195,97],[793,923],[465,249],[825,833],[537,389],[354,89],[472,-177],[183,15],[1289,1082],[1305,507],[131,191],[-85,1031],[331,440],[831,181],[777,-380],[501,-134],[95,19],[100,292],[131,82],[652,-60],[432,81]],[[2648551,3137162],[289,108],[377,496],[289,199],[873,-29],[1063,-307],[172,-150],[219,-559],[558,-728],[298,-197],[601,-115],[256,-174],[626,-692],[354,-241],[252,-401],[265,-150],[1063,-100],[485,-188],[77,-325],[-243,-579]],[[2656425,3133030],[-367,-1504],[109,-290],[220,-199],[693,-286],[395,-343],[771,-406],[688,-87],[362,-305],[384,-136],[282,-402],[402,-200],[503,40],[382,163],[426,-66],[179,143],[114,392],[155,93],[784,-46],[201,-79],[455,-282],[194,-599],[539,-386],[486,-694],[380,-282],[248,-541],[264,-298],[380,-162],[593,-116],[1512,-831],[132,-204],[22,-172],[-70,-33],[164,-550],[-18,-334],[-167,-432],[50,-304],[266,-225],[414,-996],[321,-236],[964,-270],[324,-289],[123,-242],[-1,-206],[-266,-499],[-61,-361],[82,-242],[564,-427],[33,-285],[-175,-606],[113,-436],[180,-175],[1135,-661],[724,-642],[337,-714],[93,-573],[328,-250],[15,-318],[253,-214],[121,-245],[9,-681],[120,-635],[581,-605],[123,-423],[290,-479],[46,-443],[-176,-671],[-23,-582],[136,-728]],[[2675265,3108933],[490,-782],[-97,-639],[141,-594],[506,-979],[481,-236],[206,-276],[198,-890],[647,-1433],[180,-214],[740,-434],[216,-219],[158,-484],[19,-806],[311,-438],[178,-642],[337,-597],[126,-618],[259,-431],[444,-438],[44,-333]],[[2680849,3097450],[615,10],[139,-145],[785,-201],[916,-639],[221,-504],[476,-208],[261,-285]],[[2684262,3095478],[532,41],[309,-102],[478,32],[531,171],[324,-71],[901,427],[461,-83],[724,89],[479,-107],[218,114],[426,69],[283,160],[141,330],[134,114],[182,43],[546,-172],[904,192]],[[2691835,3096725],[560,92],[581,276],[263,214],[231,483],[303,182],[905,-10],[183,89],[259,284],[628,217],[648,467],[564,6],[239,132],[223,346],[529,381],[117,659],[239,238],[-88,983],[88,262],[509,193],[1265,960],[366,152],[624,56],[335,565],[311,296],[98,901],[314,362],[144,319],[731,112],[57,425],[144,280],[378,171],[211,272],[445,15],[258,93],[426,318],[1176,270],[893,5],[156,164],[45,425],[84,113],[596,357],[309,340],[564,38],[831,278],[529,291],[267,257],[183,-24],[257,-324],[135,-40],[211,249],[513,174],[437,30],[1504,-149],[275,230],[134,-10]],[[2714022,3110190],[259,-69],[568,344],[508,-98],[473,327],[360,-173],[517,-76]],[[2716707,3110445],[74,249],[349,406],[63,332],[283,182],[118,203],[235,108],[263,344],[49,520]],[[2718141,3112789],[-558,250],[-627,620],[-776,456],[-701,294],[-363,391],[-121,362],[-133,1413],[246,1140],[-47,532],[-395,998],[-158,221],[-257,236],[-445,213],[-121,251],[74,430],[405,644],[156,585],[1231,1187],[13,792],[187,326],[503,578],[383,275],[316,82],[615,601],[-54,710],[-167,488],[116,1332],[-17,784],[-153,658],[-657,856],[-312,850],[-528,316],[-687,760],[-288,621],[-84,384],[186,785],[592,1081],[216,711],[72,1028],[-183,695],[208,434]],[[2715828,3138159],[700,850],[481,278],[160,405],[471,179],[1113,240],[371,227],[1184,191],[419,998],[-71,177],[109,503],[1051,1226],[439,761],[-75,1627],[219,819],[-4,1342],[119,444],[220,365],[940,1048],[629,1067],[1093,802],[972,427],[1084,151],[1725,508],[90,227],[-51,227],[-453,669],[-51,247],[49,286],[971,959],[942,605],[120,178],[-63,986],[-202,453],[1103,506],[461,297],[280,336],[199,760],[8,415],[-111,433],[-219,2751],[339,771],[-347,614],[-268,681],[-618,714],[-408,609],[-23,189],[73,277],[573,734],[331,867],[265,317],[605,1710],[-178,1020],[179,567],[43,527],[-119,271],[-499,565],[-170,338],[59,1110],[89,316],[-296,898],[-47,444],[-1336,990],[-222,544],[-488,257],[-684,564],[-357,556],[-121,603]],[[2728625,3180182],[58,416],[-90,541],[15,666],[172,412],[376,259],[958,20],[482,230],[1380,1922],[-213,474],[-146,594],[20,429],[-329,761],[40,740],[-348,1643],[-1270,1149],[-364,107],[-271,-63],[-166,162],[-212,20],[207,342],[117,420],[249,1703],[-125,644],[387,1117],[-2,757],[83,387],[-145,216],[-218,748],[53,741],[223,346],[4,125],[-361,244],[-386,420],[16,328],[-192,420],[111,916],[1916,1170],[379,854],[566,476],[678,256],[737,73],[57,529],[388,491],[5,177],[-490,1336],[-52,477],[212,861],[286,733],[226,178],[369,1349],[534,1119],[253,342],[62,357],[-72,1220],[284,715]],[[2735076,3213251],[-489,161],[-964,784],[-461,561],[21,1063],[-1085,466],[-427,505],[-15,348],[86,324],[-362,1829],[-310,724],[-307,299],[-389,153],[-278,68],[-471,-53],[-825,183],[-686,1011],[-338,1136],[54,882],[-283,1077],[227,218],[446,162],[727,628],[358,119],[25,552],[-151,456],[-96,808],[278,1284],[-384,1032],[-364,382],[-106,247],[-470,606],[-271,748],[-336,379]],[[2393586,3476483],[-35318,446]],[[2358268,3476929],[-19,136],[-197,121],[-449,-49],[-663,-257],[-372,136],[22,333],[468,1359],[-8,317],[-151,269],[-251,106],[-259,0],[-413,-175],[-168,7],[-257,379],[-15,313],[133,243],[182,90],[686,-149],[360,73],[269,285],[35,476],[-198,402],[-537,300],[-548,24],[-419,-127],[-366,19],[-72,117],[143,179],[1069,109],[200,90],[85,141],[-148,193],[-824,252],[-85,77],[2,156],[789,789],[995,262],[731,-22],[370,-137],[425,-296],[259,16],[272,262],[277,650],[328,237],[778,333],[327,-42],[642,-446],[123,0],[720,1595],[222,808],[-13,295],[-165,188],[-821,92],[-374,317],[-204,300],[-42,242],[116,795],[225,546],[45,433],[-257,218],[-702,55],[-308,179],[-91,279],[95,600],[-227,481],[-223,58],[-648,-90],[-287,110],[-103,129],[51,999],[-151,492],[-427,706],[93,253],[336,389],[133,480],[-7,523],[-195,519],[81,486],[636,453],[248,273],[324,1012],[720,642],[126,654],[177,178],[1067,327],[1127,456],[1125,-85],[341,91],[141,175],[-155,847],[108,243],[536,-195],[1008,-761],[265,10],[11,809],[1000,599],[197,398],[-238,147],[-214,334],[-670,294],[13,190],[562,341],[89,215],[-30,150],[-155,141],[-644,304],[-58,82],[57,102],[366,128],[994,28],[370,-474],[169,-77],[55,366],[-248,848],[236,548],[471,476],[1412,569],[160,174],[488,1562],[916,58],[580,163],[304,481],[231,2],[275,-118],[310,88],[312,778],[261,433],[155,61],[486,-137],[8,122],[-320,562],[183,246],[616,-26],[527,-248],[179,5],[9,212],[-113,240],[-13,856],[322,908],[708,1421],[935,323],[538,574],[350,171],[658,30],[474,187],[561,-139],[651,111],[1278,808],[232,493],[-82,647],[-942,1978],[76,321],[183,111],[320,23],[382,-101],[-10,155],[-330,399],[14,571],[-1098,923],[-574,746],[-72,277],[14,290],[245,681],[-24,209],[-151,186],[-3,287],[196,313],[359,196],[293,340],[621,1416],[-41,544],[-168,249],[-492,426],[-385,1188],[156,924],[331,378],[98,322],[-50,149],[-170,195],[-227,104],[-298,-7],[-1347,-393],[-188,-105],[-366,-417],[-195,47],[-47,741],[-394,558],[-107,622],[79,278],[155,171],[614,225],[208,622],[-120,252],[-468,-7],[-697,-274],[-186,449],[-263,96],[-288,-204],[-285,-418],[-261,-115],[-568,91],[-803,-77],[-465,156],[-177,364],[111,882],[-76,401],[-711,487],[-890,370],[-60,189],[98,1077],[-218,605],[-530,574],[-891,631],[-261,46],[-245,-70],[-463,-269],[-732,-613],[-471,-158],[-884,248],[-1146,28],[-181,101],[-170,236],[6,616],[134,239],[411,327],[182,311],[-17,239],[-337,614],[55,678],[164,444],[611,772],[42,235],[-314,256],[-459,122],[-833,-146],[-536,20],[-272,172],[-31,231],[658,616],[465,258],[378,97],[955,-24],[91,109],[-90,280],[-264,362],[-385,175],[-383,-55],[-559,-350],[-372,-94],[-255,67],[-71,142],[52,261],[244,308],[289,227],[979,410],[366,556],[105,695],[-80,448],[-383,560],[-880,656],[-211,424],[17,189],[218,288],[705,31],[476,112]],[[2367644,3551941],[-91,405],[-156,96],[-107,209],[-737,397],[-665,618],[-213,271],[-99,396],[-311,528],[-206,181],[-1127,605],[-694,188],[-390,326],[-184,556],[206,534],[1114,520],[277,423],[-14,403],[-389,868],[-369,300],[-1385,-184],[-287,81],[-350,373],[-699,1175],[-264,263],[-389,207],[-642,140],[-387,300],[-78,358],[68,277],[234,273],[300,150],[1185,-195],[481,195],[130,221],[53,308],[-202,421],[-491,505],[-244,114],[-94,1],[-672,-560],[-290,-54],[-102,50],[-108,217],[241,1337],[-276,473],[-450,427],[-460,96],[-808,-157],[-326,27],[-327,288],[-327,487],[-1241,-97],[-183,75],[-340,361],[-172,406],[-10,381],[184,796],[-207,204],[-873,532],[-296,375],[-57,315],[62,189],[149,92],[457,-40],[298,66],[270,171],[60,302],[-234,279],[-1220,609],[-104,288],[-19,958],[-110,227],[-1244,578],[-117,198],[-91,331],[47,323],[679,524],[-58,205],[-446,419],[-378,189],[-920,-59],[-72,62],[-14,802],[-170,373],[-204,209],[-209,-57],[-785,-697],[-728,-70],[-68,125],[54,475],[-96,260],[-151,169],[-959,613],[-208,269],[154,839],[545,523],[302,81],[513,-59],[340,-184],[421,-693],[380,-290],[1174,-211],[479,8],[423,162],[213,235],[209,562],[-91,608],[-280,730],[77,418],[324,369],[1260,880],[-68,294],[-891,927],[-199,569],[4,452],[314,756],[19,296],[-261,1018],[-623,998],[-44,200],[-99,1386],[112,1276],[67,99]],[[2727430,3232393],[-2412,-1283],[-308,-82],[-150,-468],[-373,-707],[-36,-1135],[295,-740],[51,-385],[-23,-479],[-235,-572],[-180,1],[-455,355],[-381,168],[-308,-41],[-32,-135],[243,-324],[-85,1],[-180,73],[-560,543],[-191,43],[-712,-435],[-245,-499],[-330,-208],[-657,-70],[-753,117],[-149,-73],[31,-396],[-192,-155],[-222,198],[-286,74],[43,94],[-233,84],[-21,104],[-634,627],[-222,125],[-668,117],[-764,-133],[-329,-218],[-191,-20],[-287,-259],[-404,-207],[-579,-145]],[[2714306,3225948],[-20,542],[86,135],[65,531],[-156,823],[-116,208],[-624,439],[-63,365],[214,707],[373,364],[54,249],[-41,490],[-253,500],[2,552],[-222,438],[-594,-40],[-211,136],[-190,397],[-39,822],[96,208],[563,550],[-356,1209],[54,271],[-168,656],[192,385],[531,227],[362,436],[140,666],[373,488],[576,1071],[489,290],[277,270],[139,312],[-148,354],[13,489],[214,697],[-295,470],[-158,490],[66,530],[-117,84],[-61,594],[139,520],[-73,292],[-423,553],[-52,177],[76,406],[-127,125],[-413,158],[-21,229],[-972,1096],[-231,584],[-360,386],[-696,1189],[-93,636],[203,457],[-31,188],[96,260],[-52,177],[107,505],[-168,453],[33,229],[351,457],[-136,552],[193,593],[-242,584],[128,301],[-42,136],[-360,157],[-201,199],[-253,469],[-338,344],[-443,845],[-825,648],[-148,209],[-73,219],[53,187],[-84,115],[-1252,-6],[-487,74],[-679,200],[-646,356],[-498,-30],[-531,-290],[-596,-477],[-265,-72],[-319,12],[-307,115],[-382,-9],[-552,-217],[-117,-166],[-159,-21],[-381,220],[-213,-30],[-680,-373],[-266,-436],[-86,-323],[-458,-561],[-584,-237],[-362,-301],[-414,-145],[-467,-50],[-191,-198],[-192,-51],[-359,230],[-392,397],[-169,-41],[-308,74],[-562,-82],[-233,42],[-827,399],[-413,-82],[-212,229],[-742,-18],[-64,-125],[-319,-124],[-468,-353],[-192,-530],[-383,-134],[-574,-373],[-774,-50],[-1112,482],[-1392,-662],[-159,74],[-560,595],[-393,-30],[-900,284],[-159,198],[-349,157],[-507,730],[-244,95],[-190,219],[-868,586],[-413,168],[-308,1],[-775,-269],[-372,-259],[-43,-239],[-192,-166],[-75,-219],[-106,-31],[10,-114],[-255,-291],[-297,94],[-212,-176],[-138,0],[-55,-655],[219,-959],[-22,-375],[-734,-747],[-65,-333],[-512,-578],[-889,-546],[-137,-187],[-21,-466],[158,-300],[169,-653],[-717,-528],[-158,-508],[-85,-694],[-422,-93],[-369,787],[-81,682],[-253,355],[23,656],[-200,615],[-20,417],[129,635],[-253,573],[-137,146],[-10,250],[-252,656],[65,521],[-1014,1533],[-9,302],[-286,439],[-210,667],[109,697],[-104,969],[97,353],[266,312],[75,270],[-41,302],[-127,136],[-181,-135],[-149,-10],[-234,-207],[-774,75],[-422,595],[-297,157],[-827,-60],[-415,-259],[-1178,-132],[-1437,-1714],[-658,-342],[-636,168],[-731,471],[-1441,608],[-1061,-91],[-1824,120],[-870,-39],[-212,-114],[-108,-272],[-235,-643],[-163,-1312],[-693,-1435],[-936,-799],[-1250,-767]],[[2659186,3255172],[-1016,-248],[-647,-420],[-1251,1006],[-425,216],[-262,288],[-73,278],[2,1269],[-777,1135],[-199,130],[-335,1550],[-1089,728],[-245,305],[-645,1426],[-1371,-46],[-76,42],[1,333],[-89,187],[-419,406],[-224,109],[-1459,399],[-542,285],[-449,68],[-323,-54],[-674,265],[-628,26],[-211,211],[-781,353],[-933,196],[-88,216],[154,1660],[220,271],[23,354],[-374,341],[-573,182],[-246,223],[-542,1098],[-219,42],[-715,-88],[-1451,390],[-1585,-302],[-467,50],[-1309,-100],[-190,97],[-275,619],[-162,84],[-1691,-176],[-784,411],[-360,98],[-334,-401],[-289,56],[-276,181],[-161,598],[-325,229],[-168,494],[-268,320],[-389,42],[-785,-372],[-1015,81],[-319,-486],[-234,-55],[-987,211],[-1171,775]],[[2626691,3272758],[-212,184],[-476,-212],[-220,53],[-277,254],[-598,1020],[-1412,1059],[-212,70],[-361,-27],[-411,-228],[-262,-41],[-1445,211],[-500,277],[-380,11],[-991,-143],[-821,-311],[-396,-47],[-940,356],[-113,202],[15,375],[-232,528],[-266,1014],[299,818],[-77,153],[-529,408],[-785,45],[-194,235],[12,1518],[323,1141]],[[2615230,3281681],[280,1343],[192,426],[266,499],[895,1211],[703,1665],[-8,251],[710,1083],[63,286],[737,1283],[27,225],[257,190],[196,408],[682,215],[320,537],[691,415],[532,484],[1222,882],[1191,1958],[1686,3315],[-123,243],[-278,261],[4,508],[-369,1048],[-845,525],[-312,416],[-440,209],[26,191],[161,133],[-261,382],[111,432],[-197,275],[-534,459],[-428,230],[-156,226],[119,133],[446,123],[471,-126],[197,203],[-57,228],[255,76],[160,268],[81,-2],[39,-105],[136,314],[185,-16],[121,232],[154,41],[-159,162],[40,230],[96,45],[-10,108],[191,148],[60,161],[146,2],[30,217],[211,-85],[485,89],[536,563],[146,-8],[43,-197],[387,260],[39,197],[-202,502],[-25,399],[355,17],[390,480],[51,667],[162,66],[5,82],[-221,228],[181,107],[-477,1268],[30,163],[219,48],[-12,417],[-114,384],[413,301],[-31,120],[-188,37],[-78,123],[-56,465],[-98,198],[14,401],[68,74],[271,-134],[102,61],[102,274],[-57,56],[-326,-111],[92,370],[167,31],[422,-130],[99,87],[-320,344],[17,291],[-313,-114],[-130,223],[246,301],[-4,345],[169,146],[107,48],[269,-85],[166,-295],[168,125],[68,183],[-66,419],[195,294],[435,72],[293,330],[829,-260],[298,368],[-257,364],[-55,331],[-235,519],[130,308],[-27,485],[91,237],[-106,160],[-787,-31],[-685,-130],[-603,-423],[-185,138],[-444,-81],[-341,436],[-252,133],[-190,386],[-393,128],[-230,331],[-319,100],[-84,271],[-269,100],[-235,380],[-494,57],[-61,254],[-84,60],[-220,-32],[-122,259],[-265,-98],[-27,198],[-511,40],[-197,192],[23,642],[-199,263],[-134,463],[-212,76],[-55,154],[60,437],[167,279],[80,-100],[94,158],[-84,308],[89,83],[-55,83],[-157,-3],[-118,333],[-348,84],[-964,1157],[-353,-28],[-377,317],[-177,267],[-100,696],[-81,108],[10,359],[-110,296],[333,723],[65,379],[230,283],[-404,1426],[-732,679],[-95,210],[-6,619],[130,315],[39,779],[-388,39],[-169,386],[-528,619],[-411,-77],[-185,276],[-716,409]],[[2617169,3335511],[15,1120],[171,156],[435,144],[407,258],[640,996],[17,264],[-234,647],[116,372],[1763,1462],[628,403],[743,155],[1280,61],[481,754],[1520,1249],[905,1070],[1086,467],[840,514],[488,445],[433,618],[512,397],[200,282]],[[2629615,3347345],[-71,227],[-415,126],[-366,228],[-366,385],[-166,603],[-508,1012],[-239,282],[-566,370],[753,898],[265,563],[33,306],[-118,564],[-71,305],[-278,525],[0,220],[378,805],[81,438],[-146,1919],[131,1276],[-111,157],[-391,212],[-79,220],[432,515],[242,571],[-55,345],[811,1673],[0,165],[-326,462],[-14,588]],[[2628455,3363305],[-534,541],[-470,190],[-1365,-12],[-392,-101],[-575,-296],[-280,-38],[-1714,748],[242,696],[745,1173],[666,1282],[9,156],[-167,220],[-607,104],[-534,377],[-483,572],[-373,305],[-1110,769],[-509,259]],[[2621004,3370250],[-2647,1238],[-605,848],[-107,678],[-382,964],[-208,923],[15,827],[-229,527],[104,501],[-64,151],[-421,177],[-1555,1370],[-598,1029],[-433,515],[-1314,881],[-343,928],[-88,489],[52,389],[-76,138],[-715,240],[-178,263],[-152,602],[-1033,893],[-76,226],[129,438],[-23,815],[-352,2106],[52,451],[360,914],[92,639],[-76,301],[77,313],[347,476],[424,1089],[53,451],[141,313],[359,325],[14,526],[-93,485]],[[2611455,3394689],[495,1369],[205,338],[1,313],[-778,804],[-87,728],[-217,125],[-858,-574],[-691,-286],[-1160,968],[-738,1305],[-228,828],[-191,301],[-281,164],[-1354,430],[-1277,166],[-549,277],[-625,566],[-1239,216],[-280,690],[-139,627],[-597,1255],[-192,126],[-945,152],[-370,139],[-89,176],[-49,777],[-688,1055],[-1647,793],[-1432,-21],[-1123,404],[-383,239],[-293,602],[-932,491],[-1124,216],[-793,-85],[-690,76],[-510,353],[-984,403],[-319,214],[-484,528],[-689,478],[-128,175],[54,890],[193,714],[-9,1316],[-191,264],[-127,464],[-318,577],[-841,1068],[-638,515],[-114,188],[207,1266],[41,751],[-203,866],[-24,426],[-535,803],[155,702],[-466,2608],[-87,1053],[-405,1706],[-100,952],[-152,427],[-151,878],[-406,1279],[218,275],[550,187],[462,400],[539,901],[347,851],[769,625],[578,801],[168,789],[-433,615],[-280,740],[2,589]],[[2585806,3439076],[-716,38],[-1266,-122],[-636,-605],[-639,105],[-813,-18],[-441,132],[-345,-463],[-578,116],[-549,279],[-211,-3],[-1013,783],[-732,85],[-643,208],[-376,1],[-774,-355],[-550,-58],[-421,53],[-636,-185],[-384,-19],[-231,44],[-266,254],[-162,29],[-8,-123],[-77,32],[-820,446],[-494,9],[-574,-134],[-999,237],[-693,-260],[-676,-479],[-383,-998],[-270,-987],[-191,-301],[-551,-475],[-215,-443],[-272,-115],[-247,-233],[-381,-150],[-332,-396]],[[2566241,3435005],[-46,73],[-860,218],[-855,380],[-1707,502],[-670,-7],[-1238,-317],[-742,-81],[-746,93],[-1414,473],[-348,30],[-1259,-139],[-1675,-308],[-576,47],[-284,121],[-503,415],[-1784,1816],[-220,375],[-231,109],[-201,-20],[-362,-225],[-2022,-1473],[-1900,-439],[-1570,-991],[-372,-128],[-492,11],[-512,297],[-440,74],[-1346,1335],[-1001,-277],[-853,734],[-571,190],[-650,43],[-211,-77],[-167,69],[-379,-29],[-1017,109],[-382,247],[-795,296],[-1212,43],[-1054,397],[-528,855],[-386,207],[-580,535],[-299,43],[-316,-69],[-888,-535],[-500,-199],[-844,-630],[-826,-397],[-545,-147],[-915,-41],[-432,476],[-759,321],[-1118,-217],[-284,83],[-865,569],[-928,964],[-1521,688],[-975,61],[-543,-215],[-704,-482],[-392,-38],[-522,109],[-913,681],[-531,760],[-321,148],[-251,-19],[-493,-176],[-594,-354],[-683,-545],[-697,-66],[-765,-934],[-1508,-1422],[-362,-423],[-676,-1338],[-758,-2234],[-787,-1899],[-1264,-1136],[-638,-795],[-1497,-673],[-1044,-788],[-92,-200],[-65,-752],[148,-1537],[321,-453],[802,-455],[422,-414],[159,-916],[229,-641],[692,-966],[350,-631],[378,-1685],[-91,-404],[-281,-206],[-212,-364],[-12,-729],[-121,-423],[-423,-462],[39,-926],[-253,-561],[-50,-295],[-84,-1645],[-211,-334],[-283,-768],[-262,-344],[-422,-285],[-644,-205],[-673,-107],[-532,50],[-863,681],[-391,523],[-299,936],[-341,345],[-251,119],[-753,149],[-281,0],[-563,-176],[-362,11],[-321,187],[-401,562],[-439,1340],[-260,375],[-111,49]],[[2497315,3418162],[-548,325],[-293,-27],[-570,-219],[-504,164],[-135,-27],[-159,-172],[-227,-365],[-418,-77],[-616,212],[-446,-271],[-565,416],[-480,179],[-475,-282],[-350,-11],[-283,-121],[-723,1],[-317,-99],[-68,-460],[-385,-182],[-294,45],[-344,261],[-695,-71],[-355,361],[-1091,201],[-694,411],[-237,1],[-1007,-403],[-1045,-198],[-362,56],[-548,-181],[-757,95],[-300,-193],[-1006,173],[-531,-88],[-407,84],[-604,-115],[-181,100],[-932,134],[-402,-154],[-187,-493],[-272,-243],[-389,50],[-322,350],[-509,-321],[-486,68],[-175,-44],[-299,255],[-994,445],[-219,438],[-85,39],[-181,-22],[-51,-277],[-164,-122],[-486,139],[-208,732],[79,55],[164,-61],[85,77],[-118,289],[12,648],[-56,89],[-401,22],[-215,112],[-164,-17],[-164,-271],[-158,-5],[-119,122],[-22,166],[311,166],[108,177],[-186,249],[237,382],[-225,471],[-440,228],[17,277],[-321,738]],[[2471358,3422573],[-507,532],[-921,351],[-631,743],[-265,471],[-525,500],[-1015,1259],[-730,1012],[-113,385],[-217,173],[-1455,59],[-311,-266],[-311,-478],[-620,-121],[-567,-531],[-509,-233],[-34,-243],[237,-649],[186,-192],[591,-173],[116,-168],[22,-402],[-171,-304],[139,-441],[-62,-198],[-233,-75],[-248,99],[-729,77],[-791,-242],[-621,-334],[-1217,-112],[-465,54],[-946,306],[-1138,776],[-473,199],[-380,-15],[-1193,314],[-356,-114],[-211,-508],[-111,-102],[-438,-31],[-115,93],[-30,311],[-113,72],[-1033,305],[-383,205],[-763,-13],[-261,154],[-459,508],[-244,92],[-971,-84],[-215,-103],[-204,-404],[-111,-57],[-1006,121],[-552,-113],[-209,177],[-64,177],[30,621],[-139,132],[-803,-73],[-419,-479],[-262,-119],[-244,86],[-99,222],[-232,172],[-93,279],[-203,86],[-134,23],[-535,-182],[-198,-296],[-140,-40],[-546,497],[-238,114],[-716,-153],[-133,69],[-134,240],[59,592],[-1416,844],[-74,322],[-116,107],[-615,88],[-464,469],[-649,236],[-732,1],[-573,342],[-451,-66],[-110,60],[-13,242],[-232,228],[-137,33],[-294,-160],[-136,40],[-55,108],[62,388],[-164,195],[56,529],[-109,348],[-349,-6],[-772,-280],[-144,20],[-102,101],[0,388],[-143,134],[-137,-26],[-349,-382],[-171,-53],[-436,590],[-137,54],[-479,-127],[-109,67],[-40,409],[-670,189],[-192,-161],[-41,-395],[-233,-174],[-252,74],[-260,362],[172,449],[-48,301],[-287,115],[-669,-67],[-130,168],[349,589],[-348,496],[-68,262],[42,134],[465,448],[62,174],[-170,1126],[-839,738],[-438,181],[-176,617],[-792,778],[-89,483],[-109,141],[-307,-80],[-528,-797],[-150,0],[-212,215],[108,1446],[160,169],[457,-40],[172,130],[-317,748],[67,396],[299,207],[358,123],[186,201],[-27,130],[-410,384],[13,97],[338,247],[-218,468],[-58,572],[-563,390],[-7,156],[352,318],[-20,273],[-271,45],[-544,-148],[-245,-331],[-133,-13],[-119,85],[-46,370],[139,195],[319,214],[20,123],[-113,175],[-165,137],[-186,20],[-325,-208],[-218,1],[-848,241],[-14,149],[253,273],[-13,149],[-311,371],[-749,488],[-191,267],[-106,318],[60,396],[-86,124],[-159,65],[-716,-148],[-123,22],[-175,199],[-141,367],[29,331],[280,490],[37,210],[-171,179],[-471,57],[-145,498],[37,271],[-203,349],[-254,61],[-269,-157],[-305,-21],[-189,-305],[-211,-43],[-189,196],[-217,15],[-718,776],[-381,18],[-185,157],[-87,249],[37,445],[-105,228],[-164,68],[-210,-128],[-382,54],[-98,-125],[-243,4],[-72,93],[116,274],[-243,125],[-182,-25],[-221,-238],[-146,3],[-61,132],[62,100],[-120,114],[20,214],[-263,508],[-246,-50],[-210,67],[-434,-200],[-112,35],[-42,138],[248,250],[-10,215],[-153,0],[-138,102],[-125,411],[-393,242],[-73,158],[85,411],[-74,143],[581,565],[-4,233],[-227,338],[90,406],[763,958],[-136,258],[-262,32],[-262,141],[-23,177],[138,160],[-66,163],[-264,59],[-356,-398],[-307,-25],[-65,228],[248,240],[91,294],[-47,144],[-107,118],[-227,-126],[-345,91],[11,221],[191,170],[-99,140],[-258,-107],[-152,-248],[-110,10],[-125,398],[216,247],[-324,254],[-357,-489],[-163,1],[-161,239],[-276,-22],[-37,-104],[267,-231],[14,-129],[-65,-33],[-370,339],[-131,-113],[-157,69],[-183,639],[-195,71],[-150,184],[-518,-314],[-305,-331],[-924,87],[-326,-305],[-664,-99],[-409,249],[-63,445],[-275,165],[-471,90],[-400,-49],[-226,-166],[-93,-202],[-116,-30],[-201,119],[-82,234],[-290,125],[96,254],[-63,162],[-271,-50],[-470,359],[-239,59],[-207,-365],[-660,345],[-247,329],[-475,374],[-155,325],[173,210],[231,55],[110,130],[-7,387],[-179,229],[-104,535],[-322,413],[-360,232],[-329,97],[-147,187],[44,129],[-77,338],[253,263],[440,191],[304,654],[-127,531],[294,335],[-6,221],[103,193],[-61,309],[-274,446],[-101,47],[-644,-316],[-155,2],[-93,100],[48,280],[-193,52],[-70,213],[-271,288],[-334,104],[-237,377],[-325,7],[-663,296],[-116,-32],[-199,-249],[-145,-13],[-612,395],[86,299],[-367,749],[6,180],[-252,88],[-88,127],[-391,211],[-154,-38],[-214,71],[-258,260],[-356,583],[-294,29],[-330,-124],[-269,5],[-278,140],[-237,308],[-538,-15],[-344,200],[-953,-154],[-149,274],[11,489],[-266,274],[-229,892],[221,375]],[[2559700,3316962],[-238,85],[-347,-52],[-35,-190],[91,-244],[-124,-183],[-482,-124],[-7,-153],[183,-403],[52,-493],[-46,-194],[-181,-76],[-43,-129],[287,-160],[463,86],[456,-43],[831,-557],[562,-230],[1259,-90],[844,-536],[558,-480]],[[2563783,3312796],[-507,-583],[34,-683],[-419,-583],[-583,-1154],[-869,-1137],[-61,-246],[-9,-826],[232,-549],[10,-219],[-653,-1116],[-86,-299],[710,-897],[628,-636],[-149,-257],[-69,-541],[-646,-1040],[-72,-483],[692,-470],[220,7],[719,370],[712,540],[361,-5],[208,-184],[197,-372],[393,-133],[258,163],[149,-7],[413,-307],[113,-187],[311,-78],[207,-670],[597,-704]],[[2566824,3299510],[-816,-1040],[-351,-172],[-442,-54],[-494,-527],[-263,-1277],[-165,-349],[-79,-409],[-576,-523],[-199,-747],[-186,5],[-22,106],[-124,-55],[177,-100],[85,-446],[-447,-706],[-212,-824],[-194,-63],[-388,80],[-629,517],[-567,-39],[-275,-102],[-645,842],[-307,271],[-688,-411],[-420,-39],[-439,176],[-114,132],[-35,-50],[-301,149],[-218,0],[-560,-546],[-106,-841],[-495,-539],[-279,-646],[74,-327],[-236,-1117],[-1189,-151],[-422,-475],[-184,-423],[-238,-243],[-1073,-473],[189,-17],[-8,-589],[-164,17],[-13,-61],[-84,55],[-657,-236],[-418,40],[-129,-147],[-30,184],[-452,-244],[-313,79],[-123,-61],[106,-369],[-62,-110],[-149,179],[-3,-155],[-869,-371],[-280,648],[-194,76],[7,-143],[-156,-96],[395,-746],[38,-386],[179,-391],[-204,-74],[-98,-169],[-111,3],[-238,-553],[-233,-55],[-454,-555],[-201,-774],[-356,-475],[-78,-286],[148,-168],[-175,-119],[-214,16],[24,-152],[-233,-138],[-343,-489],[-449,-232],[-47,-152],[-190,-78],[-59,-116],[-529,-214],[-802,-641],[-582,-235],[-136,-148],[-70,-546],[30,-181],[224,-192],[-179,-396],[-320,-72]],[[2543717,3278039],[254,476],[-127,573],[-274,3],[4,80],[-306,-169],[-278,62],[-121,263],[-17,426],[433,606],[98,585],[454,722],[254,682],[114,478],[-40,103],[-644,-321],[-1454,-7],[-810,-489],[-125,-267],[-997,92],[-151,-280],[-310,-145],[-262,-329],[-139,-489],[-159,-138],[-774,45],[-112,78],[-800,-169],[-1023,-39],[-108,104],[-120,-15],[-209,390],[-438,261],[-689,-76],[-546,127],[-488,512],[-289,835],[240,29],[41,-105],[239,-138],[255,139],[129,-72],[353,10],[206,36],[17,88],[337,-1],[37,-246],[333,16],[160,-174],[97,43],[-364,620],[-66,271],[393,-81],[281,222],[11,106],[-1904,167],[31,394],[-800,-33],[13,181],[-709,-80],[53,346],[-61,-199],[-153,-37],[-696,164],[-174,340],[95,184],[-720,203],[44,226],[136,143],[-89,625],[120,104],[53,250],[-49,419],[84,341],[-479,119],[-906,467],[-373,42],[-4,850],[78,258],[359,305],[511,254],[584,144],[379,305],[6,470],[-177,313],[118,227],[-25,504],[180,320],[151,597],[59,880],[110,127],[146,18],[471,-188],[162,35],[-150,935],[90,725],[160,460],[752,1308],[293,345],[110,328],[23,559],[186,502],[261,167],[97,171],[-7,379],[-318,459],[17,704],[622,1181],[940,646],[514,943],[448,397],[631,346],[330,275],[125,413],[36,864],[164,417],[-19,331],[-204,700],[113,572],[101,150],[-87,255],[-290,56],[-475,-284],[-226,21],[-120,122],[-261,421],[118,506],[-28,156],[-290,421],[-72,691],[-527,438],[-215,334],[-104,799],[230,432],[129,660],[380,486],[-604,563],[-77,285],[2,861],[-410,330],[-49,132],[71,261],[425,144],[7,237],[-190,590],[90,732],[-721,207],[15,152],[305,378],[25,139],[-172,576],[83,868],[-173,309],[-411,-68],[-116,49],[-11,149],[320,346],[64,240],[-120,208],[-301,8],[-116,83],[-24,179],[174,199],[39,289],[-408,424]],[[2534035,3321818],[87,-71],[490,101],[537,-224],[529,-400],[432,-156],[685,-109],[917,24],[1403,-1183],[668,-130],[311,55],[761,1231],[710,79],[662,175],[405,347],[283,100],[145,204],[763,358],[339,248],[311,400],[190,408],[50,410],[-179,628],[68,257],[156,208],[351,169],[305,493],[507,544],[1118,-10],[407,242],[352,357],[245,607],[311,1425],[172,468],[529,1240],[454,676],[213,173],[541,214],[1037,746],[679,261],[1450,1445],[495,154],[1318,202],[274,315],[637,1510],[338,417]],[[2556491,3336426],[-63,-1632],[-696,-888],[-40,-180],[44,-141],[356,-302],[178,-277],[-57,-1206],[128,-369],[126,-1113],[-80,-525],[-526,-329],[-104,-156],[54,-175],[197,-199],[94,-399],[-418,-2886],[-328,-461],[-70,-379],[-418,-650],[-439,-1374],[-560,-834],[3,-288],[78,-271],[158,-205],[644,-303],[487,-341],[258,-303],[568,-355],[637,-248],[540,-324],[640,-178],[399,-307],[1015,-252],[522,-685],[-5,-684],[-113,-245]],[[2438539,3022806],[20,-1414],[-95,-384],[-877,-1404],[-162,-397],[30,-289],[374,-697],[372,-1333],[81,-577]],[[2438282,3016311],[-51,-199],[-263,-219],[-223,21],[-182,388],[-192,149],[-506,-198],[-234,67],[-605,481],[-293,-89],[-203,-169],[-345,-666],[-668,-915],[-1195,-775],[-486,-755],[-466,-398],[-557,-228],[-263,-268],[-254,-537],[-233,-268],[-293,-149],[-365,-149],[-1032,-218],[-1193,459],[-819,110],[-314,-109],[-466,-367],[-648,-1004],[-203,-149],[-729,-219],[-91,-218],[-10,-299],[181,-507],[599,-1047],[28,-384],[-248,-490],[423,-924],[-957,-99],[-85,-98],[74,-327],[-93,-83],[-307,142],[-178,-6],[-198,-133],[123,-155],[-695,-251],[48,-285],[147,-138],[-47,-121],[-293,-358],[-409,-3],[-256,-321],[50,-217],[-89,-614],[158,-548],[-57,-163],[-176,-24],[-415,231],[-251,9],[-256,-111],[11,-261],[238,-213],[-24,-209],[-1692,-852]],[[2420254,3000861],[-556,572],[-609,902],[-149,113],[-767,1382],[87,624],[-249,561],[-491,421],[-178,263],[-389,238],[-101,535],[135,323],[-100,989],[163,2242],[-263,90],[-111,129],[-515,876],[-242,836],[81,288],[425,89],[182,179],[-363,508],[-121,497],[-506,150],[-213,-30],[-545,966],[-10,219],[91,189],[608,407],[203,507],[-31,149],[-272,229],[0,180],[435,497],[405,307],[133,1234],[860,526],[-131,179],[-50,458],[-283,538],[21,99],[1012,496],[71,448],[334,547],[-343,418],[-354,10],[-668,319],[-617,140],[-303,130],[-404,388],[101,647],[-90,497],[-555,1503],[992,486],[720,149],[181,89],[81,139],[-202,587],[-19,985],[-212,329],[-324,129],[-172,458],[437,1313],[10,129],[-222,199],[101,309],[-141,726],[203,109],[81,139],[-152,448],[-9,299],[-122,239],[-535,388],[-354,587],[-1072,837],[-1153,359],[-1072,-29],[-375,60],[-344,170],[-160,1572],[21,497],[-709,1],[-273,149],[-424,399],[-162,308],[1,488],[223,576],[61,537],[-30,209],[-131,160],[10,169],[132,189],[81,477],[-50,617],[167,539]],[[2410105,3042385],[541,-470],[20,-229],[354,-518],[809,-538],[1233,-1015],[860,-509],[404,-517],[182,-50],[102,119],[294,666],[192,-40],[971,-558],[697,-1065],[192,-627],[222,-20],[314,189],[465,-20],[253,69],[891,427],[-49,1084],[233,458],[182,39],[183,179],[475,39],[284,219],[222,49],[193,-10],[414,-239],[566,-935],[678,78],[870,-259],[748,-468],[182,-170],[343,-1064],[-174,-743],[29,-791],[242,-709],[-152,-708],[45,-649],[568,-575],[417,-650],[356,-254],[273,-433],[561,-389],[143,-419],[445,-299],[1041,-488],[344,-229],[232,-299],[536,-229],[1539,207],[627,-239],[363,-389],[334,-20],[445,-190],[405,60],[597,-250],[607,-80],[333,-149],[344,-240],[303,-408],[121,-428],[60,-895],[222,-458],[879,-1304],[849,-797],[60,-219],[172,-129],[394,-160],[354,79]],[[2296426,2893234],[294,423],[773,125],[244,594],[592,510],[371,208],[339,469],[148,94],[148,-21],[265,177],[497,0],[498,322],[402,52],[265,219],[402,31],[498,615],[603,979],[604,478],[275,365],[1323,562],[233,906],[593,677],[244,1208],[13,592],[113,173],[211,188],[325,41],[360,313],[798,208],[352,291],[459,195],[424,743],[452,499],[339,896],[-43,667],[241,1145],[63,174],[205,180],[903,28],[403,125],[1206,-438],[572,132],[459,312],[261,83],[339,-76],[247,-118],[112,-840],[318,-230],[853,-1597],[318,-188],[797,-201],[1284,34],[1376,-243],[840,48],[1001,377],[525,-111],[310,117],[226,244],[181,72],[497,5],[429,-261],[-164,-366],[316,-428],[655,61],[395,-756],[169,-78],[260,211],[186,-61],[469,-461],[56,-306],[672,-444],[-12,188],[-412,351],[85,749],[-457,800],[-50,300],[124,323],[6,727],[-141,589],[-226,356],[74,478],[141,216],[-474,645],[28,339],[249,61],[90,-67],[102,216],[299,-94],[254,189],[1005,-367],[282,-217],[68,-228],[-96,-222],[265,-78],[-6,-183],[232,-161],[73,-250],[519,-423],[130,-44],[186,105],[367,-467],[265,-589],[102,-72],[412,272],[164,-100],[203,50],[254,-89],[192,133],[384,22],[1163,-828],[51,61],[-51,678],[-186,600],[45,45],[418,-123],[497,-22],[124,-184],[310,-144],[254,255],[300,11],[361,183],[751,139],[904,656]],[[2336442,2907963],[494,153],[480,319],[318,583],[21,292],[-70,167],[148,347],[289,250],[-49,319],[106,194],[-134,271],[22,445],[-149,236],[-42,354],[-204,535],[63,139],[-49,229],[290,243],[42,229],[127,111],[71,-35],[113,146],[-14,201],[84,125],[-84,354],[720,653],[92,257],[332,458],[374,236],[99,375],[303,-70],[36,264],[127,41],[183,-118],[92,209],[191,34],[169,146],[148,-215],[106,-28],[184,326],[388,-195],[289,118],[141,-194],[163,-7],[120,76],[367,757],[628,118],[78,118],[-21,395],[-127,84],[42,187],[-247,35],[-388,-139],[-21,250],[184,111],[515,21],[56,90],[-261,695],[487,-264],[297,187],[-35,403],[261,250],[0,138],[-155,181],[-275,-62],[-85,76],[219,333],[-14,486],[-169,341],[183,125],[163,263],[226,77],[-64,166],[-219,7],[-28,84],[240,187],[15,701],[268,7],[163,326],[268,70],[78,396],[218,152],[127,-271],[311,-55],[459,152],[169,-132],[184,118],[232,-132],[262,35],[268,124],[155,285],[480,243],[283,0],[162,90],[275,465],[530,333],[367,132],[268,298],[262,132],[430,382],[621,124],[304,250],[635,-181],[501,194],[177,-20],[275,-181],[226,-14],[1129,659],[163,326],[388,76],[99,90],[-84,619],[-198,465],[296,1508],[198,371],[257,25],[124,-125],[-159,-629],[49,-101],[565,163],[826,111],[-103,-614],[46,-98],[109,-7],[304,427],[653,-174],[462,191],[60,201],[-106,209],[8,170],[455,41],[134,83],[21,490],[120,135],[78,-66],[-4,-205],[117,-59],[131,233],[338,263],[240,45],[198,-260],[124,368],[426,49]],[[2360846,2931239],[525,-17],[106,54],[110,287],[161,71],[136,-25],[283,-471],[110,13],[30,162],[-368,792],[106,154],[322,116],[618,-762],[169,-63],[-55,-225],[-127,4],[-38,-100],[-47,-254],[72,-312],[-98,-225],[242,-188],[97,-208],[4,-196],[-165,-104],[93,-83],[0,-259],[-240,-358],[-1067,-858],[-124,-166],[-85,-372],[5,-228],[186,-450],[-113,-567],[389,-394],[153,-495],[231,-133],[485,-656],[22,-1172],[-238,-711],[-2005,-1738],[-1260,-1404],[-650,-1061],[-187,-772],[-40,-1122],[-209,-378],[-147,-666],[84,-1289],[-571,-950],[-113,-327],[-23,-606],[-237,-333],[400,-722],[102,-356],[-114,-1161],[-107,-361],[22,-672],[39,-139],[203,-144],[130,-217],[277,-17],[22,-928],[-899,-1171],[-152,-722],[-690,-1639],[-859,-782],[-471,-167]],[[2598764,3169284],[-265,-391],[-377,-269],[-557,-612],[-1029,-394],[-147,-458],[-422,-231],[-462,-540],[-466,-103],[-46,-320],[-169,-110],[-325,78],[91,-456],[-251,54],[13,-298],[-439,-304],[-86,-453],[-271,-103],[-402,-404],[-145,-431],[-204,-117],[-395,-425],[-8,-190],[-176,-355],[-212,-69],[-77,-107],[59,-252],[-306,-76],[-141,-124],[-363,-65],[-254,-383],[-401,-147],[-293,-376],[-419,11],[-563,-137],[-345,84],[-134,-176],[-92,-380],[-102,-59],[-310,11],[-1324,-539],[-527,63],[-479,-234],[-476,-476],[-307,-448],[-987,-855],[-662,-234],[-640,-50],[-878,-632],[-1549,-431],[-725,-63],[-1068,41],[-5046,632],[-402,-25],[-851,-296],[-407,584],[-699,157],[-797,-180],[-495,-290],[-732,79],[-480,247],[-488,7],[-328,441],[-448,331],[-72,162],[-592,403],[-257,-12],[-237,252],[-224,111],[-6,233],[-131,143],[79,161],[-52,318],[171,71],[-85,175],[14,284],[-145,162],[-315,707],[-177,110],[112,278],[-498,1095],[-125,111],[-343,156],[-810,-70],[-514,47],[-613,176],[-653,-154],[-460,201],[-133,-148],[-184,-7],[-190,428],[-857,92],[-612,513],[-784,138],[-342,175],[-442,1],[-434,370],[-107,14],[-388,526],[-685,312],[54,783],[-203,408],[7,330],[153,680],[336,292],[14,108]],[[2556748,3168171],[-316,169],[-361,525],[-144,532],[-698,182],[-856,449],[-184,201],[-376,-6],[-494,350],[-210,253],[-250,98],[-508,40],[-243,304],[-408,118],[-184,505],[-191,136],[-540,176],[-493,487],[-270,39],[-13,143],[879,1221],[382,149],[1339,120],[1258,-184],[752,-206],[756,-328],[336,-65],[838,18],[936,224],[792,711],[1523,204],[718,-183],[323,97],[699,-164],[402,0],[704,-675],[348,-208],[-230,331],[-97,867],[66,52],[745,-86],[553,-279],[376,193],[607,44],[447,-195],[612,-765],[1541,-359],[1679,-806],[719,-8],[-394,726],[-52,524],[536,1067],[-243,247],[100,614],[-249,603],[-178,195],[-1290,831],[-440,674],[-652,-31],[-224,162],[-53,149],[-335,117],[-119,130],[-303,20],[-336,182],[-308,486],[-46,279],[-204,227],[-277,52],[-605,306],[-362,285],[-600,-57],[-112,85],[-184,460],[-816,370],[-494,98],[-368,610],[-790,762]],[[2560614,3182765],[540,624],[351,1229],[225,353],[445,389],[980,397],[369,348],[164,446],[-43,755],[814,981],[610,583],[617,355],[1260,27],[665,278],[224,232],[135,294],[692,631],[238,430],[507,407],[663,1261],[1384,1045],[476,147],[251,184],[302,614],[589,392],[101,221],[-12,332],[-224,603],[38,258],[390,725],[231,2458],[138,307],[1267,944],[377,663],[392,269],[202,343],[290,1218],[925,1091],[862,1383],[128,552],[-62,792],[171,291],[276,301],[446,176],[212,21],[142,-76]],[[2579362,3208039],[307,-210],[501,-565],[402,-270],[169,-306],[-43,-402],[126,-278],[368,-182],[1017,-196],[1257,-656],[1241,-883],[483,-1166],[108,-896],[-399,-1109],[298,-298],[724,-1262],[56,-183],[-300,-261],[120,-260]],[[2585797,3198656],[-557,-200],[-234,-208],[-93,-256],[218,-730],[6,-291],[-545,-402],[-192,-485],[21,-215],[555,-1432],[296,-299],[572,-258],[324,-535],[339,-223],[1114,-1357],[-93,-166],[-608,-297],[-185,-187],[-126,-351],[-376,-580],[-679,-2362],[46,-356],[319,-311],[501,-175],[2439,-514],[315,-419],[517,-402],[176,-398],[-64,-332],[-503,-780],[-217,-778],[37,-471],[180,-634],[-495,-988],[-162,-786],[53,-592],[324,-257],[311,-423],[530,-175],[778,-866],[855,-180],[517,-556],[454,-174],[332,-241],[1062,-123],[518,61],[409,-162],[723,-494],[521,-808],[222,-187],[964,-515],[493,-55],[273,-117],[904,-1061],[702,-420],[100,-389],[-136,-641],[-237,-479],[-52,-704],[-507,-1180],[8,-456]],[[2392742,2943041],[-65,235],[-381,139],[-212,195],[-564,833],[-169,139],[-325,0],[-550,334],[-40,404],[-101,235],[-197,167],[-282,83],[-212,-138],[-480,361],[-198,0],[1,223],[-141,166],[-593,153],[-565,418],[-367,-167],[-621,1],[-706,181],[-409,14],[-494,556],[-365,166]],[[2384706,2947739],[-98,498],[60,937],[199,254],[423,1041],[519,448],[308,906],[275,197],[849,2020],[646,510],[43,94],[-150,443],[514,788],[317,989],[272,427],[45,378],[181,289],[45,433],[1104,2460],[949,1194],[893,621],[469,450],[351,183],[689,921],[1260,810],[752,183],[175,250],[277,183],[96,300],[288,311],[1012,449]],[[2397469,2966706],[643,-562],[175,0],[1073,255],[497,227],[588,94],[486,472],[265,111],[198,383],[933,310],[406,66],[356,-72],[3073,386],[265,-161],[203,33],[211,-92]],[[2534972,3142816],[-17,-125],[-210,118],[-577,-94],[-652,-308],[-488,-838],[-755,494],[-675,-153],[-426,45],[-532,-139],[-2045,-121],[-614,-169],[-765,-395],[-503,-522],[-382,-878],[287,-402],[134,-402],[14,-782],[-233,-295],[-238,-240],[-778,-396],[-393,-451],[-436,-148],[-543,-45],[-396,-235],[-344,-499],[-647,-624],[-782,-398],[-368,-284],[-471,-485],[-351,-597],[-233,-218],[-747,-513],[-909,-932],[-994,-606]],[[2517903,3131179],[-611,60],[-658,-118],[-625,72],[-809,-207],[-389,25],[-106,77],[-88,149],[43,396],[-102,264],[-69,753],[-426,917],[-180,59],[-381,390],[-473,889],[-126,53],[-93,293],[-168,106],[-278,827],[-349,494],[-123,7],[-35,458],[-516,719],[-621,380],[-53,338],[-435,666],[-144,1687],[134,680],[56,1543],[308,915],[-53,223],[121,418],[-51,1282],[67,536],[135,333],[247,187],[529,49],[-970,905],[-74,257],[38,390],[-389,89],[-531,435],[-525,-264],[-356,151],[-697,128],[-359,-154],[-141,138],[-162,419],[-415,172],[-185,183],[-208,-66],[-231,-204],[-635,-49],[-714,-506],[-449,50],[-528,266],[-341,431],[-371,144],[-174,238],[-174,83],[-451,967],[-89,147],[-120,10]],[[2502330,3151459],[360,1033],[740,2665],[55,774],[-125,1340],[100,645],[-208,556],[-904,556],[-395,599],[-109,1092],[95,588],[217,620],[-131,1461],[153,353],[432,328],[742,-2],[795,-164],[290,107],[439,399],[258,430],[-153,670],[-515,820],[-264,629],[-342,487],[4,538],[-112,406],[-561,678],[-6,420],[103,180],[516,204],[362,539]],[[2504166,3170410],[148,162],[75,253],[-61,1531],[170,135],[527,184],[110,138],[-8,1559],[138,416],[648,659],[849,307],[223,229],[488,298],[449,159],[824,-92],[544,117],[754,263],[145,170],[640,242],[627,627],[304,440],[143,545],[513,735],[273,222],[895,338],[400,656],[489,1075]],[[2514473,3181778],[686,-143],[125,-130],[257,103],[237,-253],[-66,-110],[230,-123],[184,-402],[448,-20],[289,-480],[508,-46],[717,-610],[488,-143],[270,162],[343,31],[961,-707],[481,-240],[520,-98],[310,-376],[480,-157],[389,-13],[277,-273],[388,-188],[678,-506],[481,-1],[613,-228],[421,-357],[269,-576],[230,-253],[600,-331],[415,5],[204,-298],[316,-195],[361,-518],[45,-848],[-277,-142],[-575,-537],[-132,-219],[19,-292],[-251,-530],[92,-214],[289,-201],[118,-298],[284,-169],[65,-518],[-199,-518],[-264,-122],[-199,-401],[119,-208],[117,-641],[-73,-343],[111,-401],[-26,-253],[-186,-265],[-864,-335],[-297,-284],[-257,-77],[-291,-388],[-641,-414],[-109,-758],[-178,-259],[-469,-343],[-224,-271],[-774,-1760],[58,-375],[211,-292],[532,-480],[843,-345],[171,-291],[24,-259],[410,-487],[-93,-181],[-204,-64],[-508,-452],[-8,-499],[-318,-1145],[-1,-117],[218,-220],[-20,-123],[-198,-110],[-106,-356],[322,-214],[363,71],[158,-149],[230,135],[198,-136],[296,-59],[329,-234],[296,-622],[335,-395],[547,-118],[98,-226],[1001,-475],[448,-26],[323,-228],[26,-226],[138,-201],[877,160],[646,264],[290,-58],[481,96],[370,336],[164,-39],[98,-687],[-169,-2177],[421,-663],[289,-223],[-19,-225],[251,-445],[1844,-1074],[923,-67],[166,-165],[40,-346],[289,-66],[0,-306],[-93,-243],[39,-860],[-350,-666],[-161,-808],[-312,-371],[-256,-43],[-134,-608],[-569,-749],[111,-419],[622,28],[439,-156]],[[2399486,3314491],[692,-469],[931,-212],[1696,280],[322,-71],[859,-762],[942,-1372],[382,-211],[465,-106],[370,-24],[574,398],[358,152],[932,210],[633,432],[370,398],[454,211],[227,-118],[517,-724],[406,-293],[298,-59],[430,47],[609,421],[335,23],[380,-289],[161,-10],[-341,-1986],[107,-539],[-36,-876],[140,-262],[610,-503],[263,-398],[310,-223],[513,-118],[920,212],[564,29],[564,-114],[720,-401],[535,-605]],[[2417698,3306559],[335,-256],[1496,-457],[407,-193],[549,-653],[230,-970],[260,-290]],[[2420975,3303740],[-4339,-5457],[111,-169],[-7,-181],[203,-41],[75,-148],[639,192],[47,-155],[-340,-142],[-213,42],[479,-302],[172,-200],[-93,-88],[-233,245],[-173,-215],[-158,101],[74,111],[-267,128],[-169,-62],[-114,230],[-328,-110],[15,-244],[-91,-21],[-50,229],[-127,-34],[34,-151],[-310,-50],[-42916,-54011],[1240,-1036],[19089,-14482],[1990,-1622],[-94,-275],[82,-837],[-51,-80],[-536,-87],[-291,273],[-413,98],[-65,372],[-133,207],[-317,51],[-242,-106],[-367,-31],[-148,-50],[-323,-503],[88,-240],[31,-565],[242,-514],[10,-189],[-66,-204],[-248,-278],[-142,-84],[-436,15],[-410,234],[-70,821],[143,591],[-137,149],[-274,-183],[-568,-989],[-360,-368],[-314,-213],[-283,10],[-182,119],[-41,120],[431,531],[370,174],[-40,269],[-349,701],[-355,159],[-136,279],[-132,75],[-385,-174],[-496,-432],[-213,-40],[-607,627],[-152,378],[-80,816],[375,203],[734,-90],[112,70],[152,303],[-50,363],[-628,791],[-1068,359],[-490,548],[-168,79],[-126,-25],[-56,-99],[-77,-632],[-212,-243],[-112,0],[-410,517],[-202,458],[-253,144],[-415,-69],[-223,-227],[90,-732],[653,-448],[15,-289],[-496,-303],[-1231,235],[-684,-243],[-232,532],[-632,920],[-122,-4],[-76,-95],[111,-552],[-61,-223],[-127,-229],[-177,-50],[-901,215],[-552,254],[-526,388],[-147,-10],[-218,-188],[-10,-100],[359,-587],[-61,-74],[-157,20],[-309,184],[-152,-5],[-86,-129],[-5,-328],[-385,-408],[-66,-343],[-335,-59],[-152,-109],[76,-771],[-36,-149],[-274,-154],[-293,189],[-228,383],[-223,200],[-592,84],[244,348],[-46,204],[-131,35],[-385,-164],[-299,244],[-456,-636],[-294,-124],[-61,204],[365,571],[16,259],[-228,233],[-172,-89],[-16,-711],[-258,15],[-187,150],[-40,462],[263,701],[-363,970],[-122,154],[-121,-45],[9,-1188],[-193,-55],[-769,299],[-122,-189],[111,-870],[-203,-74],[-384,224],[-102,209],[149,1770],[-31,194],[-212,253],[-294,90],[-668,-104],[-46,-119],[91,-463],[-96,-184],[-147,1],[-446,234],[-182,432],[-152,0],[-375,-685],[-364,30],[-628,557],[-25,169],[233,646],[-243,209],[-141,15],[-168,-124],[-197,-323],[-26,-418],[-279,-462],[50,-596],[-172,-45],[-379,478],[-187,586],[-339,329],[-51,159],[81,214],[547,153],[-15,165],[-759,179],[-613,-223],[-213,-154],[-106,-249],[-502,-183],[-132,-333],[-162,-75],[-172,279],[-25,293],[76,313],[315,607],[-238,49],[-309,-273],[-163,-25],[-324,85],[-161,234],[-147,60],[-87,-458],[-466,-4],[-288,273],[-213,-233],[-339,-109],[329,-339],[-462,-581],[137,-60],[360,119],[314,-74],[207,-597],[-51,-95],[-294,-34],[-658,249],[-197,20],[-152,-75],[-41,-134],[71,-134],[653,-398],[5,-169],[-132,-279],[-137,-64],[-157,64],[-167,299],[-308,174],[-294,-189],[25,-179],[556,-825],[441,-354],[-51,-124],[-223,-69],[-329,293],[-177,35],[-653,-243],[-87,-219],[86,-388],[177,-318],[253,-164],[122,25],[542,472],[152,-15],[217,-170],[-101,-308],[-477,-691],[203,-318],[-36,-129],[-294,-298],[26,-85],[683,-65],[1221,118],[197,-144],[-10,-94],[-51,-90],[-911,-173],[-325,-204],[-299,-59],[-380,-925],[53,-437],[-91,-407],[45,-875],[-64,-415],[-171,-300],[-189,35],[117,477],[-53,195],[-253,-71],[-297,-415],[-162,-53],[-495,637],[-126,-27],[-225,-494],[9,-283],[522,-425],[152,-168],[0,-133],[-558,-565],[-453,-280]],[[2359397,3218538],[-312,318],[-274,125],[-184,-201],[-390,-855],[-251,-186],[-606,-92],[-690,28],[-1203,258],[-218,-24],[-288,-174],[-743,-682],[-253,-126],[-2248,1558],[-906,1099],[-845,1305],[-387,372],[-123,407],[150,527],[-70,173],[-185,129],[-1039,174],[-229,-35],[-325,-259],[-916,-224],[-326,-190],[-211,78],[-88,605],[-193,165],[-229,0],[-141,-199],[-18,-458],[-80,-112],[-237,129],[-326,571],[-131,1020],[-114,208],[-185,86],[-687,-25],[-246,207],[150,960],[-114,276],[-264,-26],[-370,-397],[-300,-104],[-202,18],[-132,104],[0,224],[247,363],[-44,640],[132,199],[1453,941],[124,173],[0,225],[-132,173],[-563,199],[-247,-95],[-211,-337],[-151,-579],[-176,-138],[-193,-18],[-176,78],[-209,267],[-146,736],[-306,-43],[-278,-239],[-260,-420],[-469,-435],[-267,-167],[-787,-108],[-163,-106],[-87,-191],[-65,-665],[-142,-142],[-130,76],[-324,634],[-142,133],[-979,335],[-349,39],[-182,-54],[-62,-100],[98,-725],[-142,-200],[-534,-12],[-368,121],[-130,146],[-209,573],[-291,107],[-173,-103],[-241,-322],[-562,-48],[92,-485],[-43,-106],[-102,-34],[-630,264],[-503,-90],[-575,118],[-281,-118],[-219,-218],[-164,-24],[-142,476],[134,836],[-148,348],[-181,109],[-284,-234],[-293,-24],[-123,77],[-124,242],[-420,316],[-86,214],[119,281],[124,58],[366,-115],[344,-259],[227,-22],[388,172],[154,360],[410,179],[374,1093],[-190,374],[-241,259],[-37,668],[-512,439],[242,517],[-95,590],[52,640],[-73,223],[-403,474],[-161,410],[-919,-358],[-1451,-1692],[-423,-690],[-836,-2879],[104,-1876],[-127,-599],[-407,-824],[-1516,-2140],[-495,-1218],[-330,-1187],[-99,-31],[-83,180],[-181,-12],[-107,312],[-127,32],[-431,-268],[-118,-191],[-213,84],[-246,-212],[-95,44],[-308,787],[339,657],[-23,380],[181,107],[-246,400],[-185,64],[130,314],[19,559],[-382,856],[-118,687],[-659,507],[-141,-72],[-174,127],[-176,-109],[-211,61],[-324,-361],[-394,-171],[-54,-227],[-20621,1555]],[[2300131,3226808],[-282,-110],[-380,-385],[-17559,-10844],[-885,69],[-167,-92],[-422,-30],[-893,35],[-566,306],[-574,-49],[-291,225],[-17,-65],[175,-163],[-75,-767],[-199,-66],[-212,110],[-427,40],[-127,-98],[333,-27],[246,-228],[-174,-233],[-42,-289],[133,-310],[-337,-67],[64,-198],[-85,-421],[-249,36],[-18,141],[-302,-39],[196,-43],[-19,-175],[330,-37],[-346,-156],[-43,-128],[118,104],[271,55],[59,-85],[-65,-286],[-288,-310],[-58,-593],[-235,-189],[-135,69],[-80,-112],[-134,0],[-464,98],[-367,-164],[-511,98],[-190,282],[-296,33],[-233,147],[-90,285],[-256,183],[-171,452],[-165,86],[-212,-199],[110,-235],[-66,-138],[-218,44],[-258,173],[-206,-6],[-140,-125],[-199,92],[93,-172],[-56,-61],[-464,-96],[-12,-455],[955,-514],[241,-308],[354,80],[84,144],[14,-278],[256,-237],[-168,-125],[163,-53],[133,92],[453,-494],[407,-671],[128,-818],[-63,-454],[-350,594],[20,219],[-197,429],[-89,39],[-103,-96],[49,280],[-54,63],[-123,-39],[20,231],[-620,586],[-172,-34],[-84,188],[-598,355],[-291,-19],[16,-356],[195,-175],[4,-241],[198,-336],[-176,-120],[37,187],[-242,82],[24,282],[-333,391],[-126,-214],[100,-153],[-92,40],[-37,-80],[52,-532],[154,-94],[-22,-229],[-33,192],[-185,102],[4,271],[-147,51],[-104,-102],[-48,139],[126,57],[-74,276],[236,529],[-126,-11],[-205,-318],[78,219],[-166,14],[-59,-113],[-148,54],[351,244],[-111,225],[-310,-11],[11,-287],[-126,-40],[-53,176],[-162,-9],[-260,147],[-104,-38],[222,-453],[-289,204],[-175,-206],[694,-935],[-77,-25],[-146,198],[-88,-101],[-85,224],[-189,30],[64,-213],[-59,-106],[-158,256],[-89,19],[70,111],[-70,82],[-77,-30],[-6,-197],[305,-376],[428,-145],[177,-252],[-29,-213],[192,-140],[-89,-29],[49,-251],[-69,-150],[118,-154],[58,-692],[227,-131],[261,324],[-4,-204],[-251,-289],[560,-584],[197,-93],[-44,-102],[235,-72],[109,153],[79,-204],[249,-38],[52,480],[68,-401],[165,-105],[499,-1],[345,106],[177,127],[10,110],[586,290],[14,135],[138,84],[-116,223],[484,298],[35,-135],[-162,-135],[94,-59],[108,-386],[551,-233],[-732,25],[-95,-170],[182,-118],[-157,-2],[-49,-209],[-50,267],[-270,0],[-444,-453],[-333,-100],[97,-173],[-157,79],[-428,-61],[-32,-197],[264,-216],[-10,-257],[246,-72],[128,-151],[-789,278],[263,-32],[26,94],[-347,410],[-334,20],[-195,-359],[-108,-35],[171,489],[-437,-49],[-97,-207],[-94,-30],[111,348],[-424,117],[-226,-380],[257,-461],[-1164,-247],[193,344],[-44,378],[-221,-257],[-78,-369],[-168,134],[-173,-159],[-46,-167],[-136,39],[-295,-239],[18,-95],[346,-215],[-346,158],[-125,-27],[90,-674],[232,-2],[-157,-106],[48,-95],[-111,-237],[0,289],[-142,165],[-101,-2],[-112,-158],[169,326],[-162,235],[4,171],[-659,-411],[11,-283],[-171,165],[-624,162],[-10,-136],[281,-353],[174,2],[99,-115],[-147,55],[-195,-82],[-271,274],[-132,-382],[-9,637],[-70,89],[-285,-53],[-134,-192],[115,-665],[-62,0],[-12,198],[-70,6],[-67,187],[-115,56],[85,-249],[-48,-289],[-42,-46],[20,346],[-51,6],[-341,-451],[44,-125],[203,-105],[63,-210],[-335,212],[-326,-33],[265,-227],[15,-202],[168,-201],[-90,-70],[120,-278],[-205,231],[-112,494],[-190,51],[7,-249],[-131,334],[-85,37],[-168,-257],[59,-330],[-120,-313],[255,-561],[199,-22],[243,-273],[157,-65],[103,123],[304,-78],[205,155],[146,-31],[42,223],[148,165],[218,-137],[-53,-86],[251,-270],[41,-352],[108,-70],[-138,-11],[-18,-117],[-254,-238],[101,366],[-68,19],[-48,-154],[-93,40],[11,191],[75,-56],[55,70],[-23,204],[-78,32],[-132,-66],[-48,-137],[62,-107],[-1566,-226],[-371,-447],[186,234],[30,194],[-250,11],[447,195],[-109,176],[-573,256],[18,66],[232,-47],[7,146],[-421,367],[-19,241],[-178,85],[-417,-129],[-108,-163],[-184,-30],[-128,-360],[47,-151],[-154,-33],[-109,-129],[-140,146],[260,607],[-268,89],[338,20],[164,190],[-5,195],[-183,33],[214,-9],[130,-152],[615,300],[49,233],[120,79],[-20,337],[-268,13],[163,118],[179,294],[214,14],[219,-102],[134,78],[113,234],[-38,69],[-424,49],[682,146],[204,382],[-221,205],[-167,-73],[-203,-241],[-1438,-448],[-49,-117],[-120,92],[-498,109],[-506,-61],[-385,-162],[-256,-283],[-432,-9],[-73,-120],[49,-168],[-477,-553],[-624,-264],[-649,-84],[-660,-228],[-1407,180],[-147,-120],[98,-253],[-49,-24],[-159,180],[0,193],[-98,168],[-486,348]],[[2307783,3320999],[1068,-610],[1253,-1254],[537,-1242],[931,-1488],[1031,-1305],[624,-452],[580,-234],[446,-73],[1187,211],[585,164],[382,199],[526,105],[322,-70],[594,-872],[289,-206],[215,-35],[537,210],[681,972],[753,368],[537,663],[944,515],[2364,1053],[299,269],[251,387],[299,679],[813,819],[2585,1842],[472,219],[254,14],[149,-146],[387,-98],[1213,497],[646,351],[1273,916],[407,409],[788,1086],[2241,1361],[2735,994],[1636,69],[764,-141],[764,-328],[226,-223],[48,-386],[-167,-375],[-323,-363],[-1445,-925],[-1028,-468],[-863,-1328],[-40,-682],[119,-595],[288,-536],[347,-274],[477,-78],[686,195],[2684,1236],[686,692],[309,556],[1218,1350],[721,1067],[-19,1082],[101,1247],[-48,528],[179,433],[192,234],[676,313],[877,139],[750,-156],[322,13],[1758,485],[465,-82],[621,-235],[406,-24],[1146,187],[383,164],[394,23],[1587,-622],[1114,-1435],[473,-312],[1313,-1149],[430,-223],[859,-94],[478,140],[729,386],[657,517],[2305,1215],[1745,1533],[1088,1534],[323,843],[359,398],[310,94],[721,-308],[288,19],[1165,440],[1515,-191],[561,-1],[991,-188],[430,117],[407,292],[561,644],[227,0],[335,-176],[274,-258],[71,-351],[203,-352],[358,-352],[537,-223],[1815,-236],[1253,-914],[748,-124],[376,-145],[221,-343],[-13,-132],[-236,-276],[27,-145],[416,-356],[343,-47],[316,86],[1061,539],[424,-7],[302,-119],[248,-244],[80,-211],[-20,-224],[-653,-1456],[192,-1361],[-72,-563],[71,-292],[179,-247],[489,-164],[1264,188],[893,32],[1061,-192],[470,-198],[658,-455],[1080,-1122],[476,-619],[215,-119],[819,39],[625,256],[323,26],[584,-132],[402,-344],[239,-352],[297,-1348],[346,-433],[358,-188],[346,-59],[370,46],[1350,632],[489,-13],[490,-211],[322,-422],[369,-973],[35,-492],[-108,-948],[214,-622],[548,-1031],[310,-1019],[369,-423]],[[2516454,3237636],[-800,-624],[-178,-480],[-567,-565],[-413,-728],[-338,-137],[-48,-199],[100,-674],[-309,-459],[-69,-287],[-303,-299],[-184,-553],[-446,-164],[-563,-828],[-1331,-204],[-368,-237],[-591,-159],[-399,-308],[-682,-1280],[116,-347],[-142,-276],[-503,-393],[-93,-457],[-159,-263],[-293,-298],[-297,-151],[-131,-411],[35,-184],[-200,-156],[-91,-242],[-248,-40],[-282,-687],[-782,-651],[-406,-555],[-22,-585],[-270,-223],[-342,-699],[-227,-168],[132,-481],[-125,-59],[-274,122],[-152,-19],[40,-331],[120,-169],[19,-351],[-312,-360],[-119,-498],[-164,-253],[164,-598],[-285,-417],[343,-626],[37,-284],[-79,-342],[-764,-67],[-392,-141],[-81,-193],[-514,-584],[-13,-223],[293,-257],[46,-308],[-808,51],[-147,-364],[-266,-258],[-68,-358],[-83,-69],[-212,17],[-284,238],[-458,113],[-218,299],[-49,189],[158,362],[-65,346],[-288,355],[-99,433],[-167,287],[-512,372],[-129,287],[-659,635],[-1094,533],[-685,147],[-606,585],[-146,429],[-445,27],[-247,-411],[-1086,-285],[-260,12],[-125,270],[-501,240],[-428,606],[-71,306],[-219,251],[-63,690],[-998,990],[-158,419],[-308,331],[50,275],[314,48],[-33,275],[59,117],[327,-45],[289,166],[-180,448],[-975,-276],[-306,-238],[-355,-49],[-936,-349],[-585,-126],[-602,86],[-620,-234],[-255,84],[-254,-175],[-104,62],[-66,300],[240,365],[-27,404],[-220,629],[101,316],[-206,955],[99,525],[-64,187],[68,691],[-65,148],[-370,150],[-73,282],[-332,174],[-327,367],[-466,216],[34,541],[-193,116],[115,297],[-108,256],[188,779],[-125,459],[28,380],[-99,456],[-380,284],[-375,105],[-385,346],[-327,-51],[-148,195],[-146,38],[-265,-95],[-185,176],[110,450],[-27,244],[-469,-88],[56,731],[-193,385],[93,209],[-69,403],[115,478],[-208,357],[-70,492],[-187,445],[-957,1165],[-313,199],[-453,-19],[-763,377],[-562,177],[-464,-21],[-509,190],[-515,6],[-380,193],[-461,-109],[-529,190],[40,486],[513,334],[31,173],[-271,305],[-14,149],[339,131],[109,178],[99,615],[-114,140],[-14,290],[469,738],[43,181],[-17,420],[-138,236],[287,288],[580,197],[68,333],[322,333],[-69,684],[99,97],[527,107],[315,426],[607,1249],[-6,465],[-78,209],[-603,757],[-81,341],[74,159],[418,79],[782,575],[68,146],[-88,642],[532,920],[-66,513],[-568,758],[-257,785],[-1071,335],[-731,727],[-725,206],[-346,479],[-205,35],[-385,-93],[-707,175],[-372,-118],[-937,324],[-850,929],[-322,21],[-548,303],[-990,60],[-686,282],[-1146,-401],[-429,-280],[-363,566],[-692,459],[-541,557],[-138,-4],[-78,-97],[-196,-968],[-272,-204],[-1051,-443],[-1169,-1075],[-474,-145],[-340,-228],[-700,-163],[258,-111],[56,-181],[-181,-253],[-226,28],[95,-420],[-276,-760],[-827,-57],[-913,-249],[-386,29],[-650,226],[-604,387],[-488,143],[-332,295],[-523,-37],[-2438,-573],[-1146,-176],[-637,-13],[-477,-332],[-269,-59],[-485,192],[-261,0],[-453,-368],[-387,-513],[-192,-635],[258,-677],[-667,-1381],[-655,-704],[-337,-822],[-436,-336],[-311,-107],[-1765,-401],[-284,-697],[-347,-503]],[[2446942,3247428],[-1912,940],[-386,97],[-887,-58],[-686,296],[-229,369],[-371,295],[-297,369],[-1668,880],[-667,869],[-943,785],[-449,237],[-502,476],[-509,171],[-752,511],[-517,70],[-180,122],[-838,-297],[-372,10],[-261,410],[-371,296],[-505,657],[-364,243],[-151,969],[-258,212],[-274,1087],[43,472],[-215,903],[302,569],[22,1121],[-196,1139],[117,434],[58,1152],[210,1055],[513,545],[344,590],[391,1690],[769,651],[40,782],[-57,152],[97,629],[-194,859],[-34,713],[-163,595],[130,898],[-83,824],[229,600],[121,1493],[702,1191],[56,121],[-67,172],[-142,58],[-261,-58],[-791,-456],[-310,-571],[-75,-483],[-869,5],[-477,202],[-596,-703],[-199,-821],[-256,-31],[-152,-266],[-108,61],[-69,188],[-82,0],[-90,-177],[-260,-102],[-38,-152],[-337,171],[-62,-178],[166,-94],[-1,-116],[-656,-334],[-143,-293],[-295,-58],[-966,-473],[-176,-323],[-1473,-290],[-583,47],[-1055,-185],[-131,105],[68,330],[-109,666],[64,372],[69,271],[353,541],[-173,614],[-101,886],[5,1640],[-177,872],[-369,1036],[-56,365],[375,1402],[20,718],[-519,2948],[273,1246],[147,1392],[71,268],[255,395],[75,632],[811,3406],[-193,768],[-221,2088],[25,437],[-186,952],[-157,641],[-387,641],[-188,483],[-57,371],[794,-493],[936,-929],[245,-400],[350,-149],[180,0],[57,142],[-442,552],[-625,437],[-661,804],[-445,355],[-492,756],[-517,367],[-505,839],[-564,685],[-120,544],[-288,602],[-610,665],[-1277,1115]],[[2420975,3303740],[676,-41],[106,-93],[1170,-289],[1225,236],[372,-544],[830,-284],[445,-237],[781,-733],[565,-827],[781,-367],[289,-60],[710,59],[747,424],[939,270],[1348,849],[590,70],[529,-95],[627,365],[601,141],[470,247],[879,35],[120,-272],[300,-154],[951,70],[602,-60],[444,-355],[1228,-49],[1719,-793],[2635,-558],[300,-461],[132,-83],[1287,-285],[770,-60],[975,-297],[264,-177],[48,-118],[71,-792],[385,-307],[685,-320],[1396,-2],[301,-201],[168,-272],[493,-142],[420,-367],[122,-1577],[219,-746],[319,-756],[516,-725],[935,-531],[462,-411],[990,-206],[1386,-774],[556,-760],[798,-627],[1311,-841],[990,-420],[2247,-611],[569,-439],[402,-450],[1083,-767],[-57,-450],[-366,-941],[-1,-310],[246,-851],[545,-335],[167,-207],[333,-663],[711,-876],[18,-268],[315,-304],[1448,-895],[260,-311],[190,-735],[223,-268],[383,-262],[285,-91],[817,11],[997,-458],[520,-80],[836,157],[1195,59],[1928,-733],[644,-325],[223,-17],[363,138],[604,598],[322,194],[652,-74],[330,-373],[453,-770],[172,-778],[-142,-762],[-265,-769],[-257,-413],[-264,-137],[-108,-332],[33,-179],[379,-454],[287,-1289],[447,-712],[594,-475],[1458,-627],[989,-886],[897,-318],[431,-330],[697,-216],[969,85],[357,-84],[943,-647],[1340,-641],[3029,-967],[1364,-620],[605,-178],[441,-483],[599,-1171],[349,-448],[241,-167],[498,-50],[816,-699],[212,-385],[101,-424],[893,-1352],[731,-2594],[1198,-2620],[805,-893],[1578,-1346],[812,-988],[1260,-1890],[395,-128],[939,-67],[525,-279],[1061,-854],[1500,-319],[414,-215],[568,-463],[1131,-221],[219,-184],[2619,-2803],[155,-436],[254,-259],[234,-444],[434,-1693],[245,-562],[880,-904],[583,-1103],[459,-516],[512,-405]],[[2255326,3033092],[46,-1074],[423,-1116],[113,-863],[412,-1239],[1231,-933],[132,-186],[-89,-872],[86,-176],[744,-689],[628,-776],[553,243],[315,-74],[459,-257],[33,46],[113,-458],[282,-394],[389,-100],[426,207],[243,234],[89,111],[-80,311],[496,342],[301,83],[385,-101],[459,1],[115,-82],[133,-806],[454,-657],[239,-183],[20,-201],[134,-185],[387,-170],[569,-53],[751,-485],[638,-141],[538,231],[190,179],[349,574],[243,888],[258,373],[759,537],[903,1157],[235,410],[258,224],[387,172],[2019,529],[600,776],[220,97],[561,-89],[471,-381],[432,-97],[251,75],[235,186],[455,52],[752,836],[508,127],[342,-68],[227,-134],[531,-612],[448,-709],[607,-365],[683,-135],[888,-22],[880,-254],[478,105],[607,507],[319,142],[1025,37],[402,410],[-53,507],[183,253],[463,-7],[793,469],[765,581],[303,284],[-22,108],[104,134],[-112,186],[157,205],[789,496],[76,145],[153,-2],[171,115],[0,80],[183,-7],[76,182],[194,28],[100,123],[118,-33],[84,160],[-54,171],[564,105],[322,-154],[539,-51],[376,491],[290,616],[432,394],[219,-18],[453,-292],[177,44],[471,-130],[1090,647],[581,44],[696,-270],[353,-319],[284,-77],[226,-646],[-49,-241],[108,-96],[78,29],[0,318],[69,58],[902,19],[362,-183],[618,684],[471,-530],[-20,-473],[78,-115],[157,-10],[471,530],[167,77],[313,-125],[89,67],[-285,328],[638,164],[196,212],[127,29],[98,-222],[147,-19],[206,298],[186,126],[344,67],[98,135],[-30,125],[-451,29],[-58,77],[39,174],[127,58],[520,-68],[-127,386],[649,137],[68,373],[228,-224],[235,0],[99,82],[-258,381],[190,37],[136,-164],[167,0],[76,485],[600,74],[280,-403],[721,-261],[289,-634],[83,-15],[569,134],[220,283],[486,-127],[630,127],[372,209],[220,403],[448,387],[471,-59],[569,126],[394,-216],[456,-90],[728,-575],[706,-224],[493,-604],[60,-448],[-23,-1701],[174,-298],[53,-590],[182,-373],[-38,-634],[235,-284],[296,-582],[-15,-574],[349,-277],[76,-388],[-39,-693],[486,-486],[114,-507],[257,-358],[342,-157],[432,-336],[767,-217],[432,-261],[448,-149],[576,-456],[364,-485],[964,-619],[759,-135],[349,-291],[675,-172],[797,358],[1168,-515],[524,-657],[-221,-843],[99,-492],[-38,-306],[326,-388],[-76,-597],[197,-754],[736,-224],[827,-605],[356,-164],[592,-127],[205,59],[-114,747],[297,768],[45,343],[99,120],[668,7],[212,112],[388,693],[182,30],[918,-194],[-61,358],[107,231],[553,-60],[585,97],[614,-23],[365,485],[319,37],[136,90],[129,567],[881,89],[-129,567],[0,254],[122,171],[599,119],[205,135],[532,634],[311,37],[91,89],[-30,343],[212,247],[729,-23],[98,142],[46,552],[175,313],[205,30],[356,-224],[129,15],[137,156],[-7,612],[-190,164],[-288,97],[-53,97],[83,172],[160,104],[121,-15],[205,-224],[250,187],[410,-68],[160,45],[144,373],[630,201],[387,448],[433,283],[554,7],[281,224],[83,-8],[190,-253],[98,37],[99,589],[160,179],[152,67],[409,-112],[312,45],[318,-142],[160,142],[106,417],[152,127],[432,15],[145,67],[129,306],[706,156],[448,239],[591,-8],[213,97],[364,-90],[706,500],[175,-8],[546,-358],[129,-8],[342,440],[326,67],[645,-261],[205,-314],[470,239],[69,-68],[45,-380],[447,-254],[190,-37],[327,268],[296,82],[652,-470],[653,-143],[432,-462],[303,-113],[266,-15],[706,157],[106,-299],[-91,-388],[37,-209],[281,-537],[-129,-433],[599,-358],[60,-232],[235,-343],[-324,-844]],[[2353603,3025393],[-62,-537],[-240,-200],[-46,-148],[300,-846],[-308,-348],[-502,-1178],[10,-106],[311,-224],[197,-710],[307,-361],[13,-329],[-208,-277],[-26,-210],[443,-248],[415,-5],[258,-416],[511,122],[409,-602],[303,21],[453,-351],[447,-54],[105,-275],[255,-204],[6,-175],[673,-657],[138,-310],[25,-375],[228,-182],[2,-422],[237,-461],[163,-119],[51,-331],[201,-236],[-9,-339],[216,-440],[229,73],[481,-211],[504,113],[229,-313],[305,33],[212,-117],[95,113],[911,103],[303,144],[220,-271],[189,100],[354,35],[215,-290],[462,-158],[320,-384],[144,-477],[341,-96],[279,-365],[629,-585],[-221,-802],[110,-171],[12,-425],[-259,-342],[220,-477],[-227,-367],[-144,-1346],[-238,-944],[-276,-335],[-252,-583],[226,-600],[-290,-358],[-36,-229],[-263,-225],[-72,-304],[-753,-481],[-229,-266],[-527,-260],[-172,-261],[-81,-373],[-339,-179],[-170,-406],[-612,-687],[-587,-468],[-613,-116],[-218,-150],[-47,-269],[136,-369],[124,-787],[195,-290],[17,-291],[-170,-284],[-123,-397],[29,-177],[-95,-96],[155,-259],[-287,-493],[17,-581],[-267,-467],[-41,-248],[170,-300],[268,-223],[371,-131],[449,-13],[766,-742],[-21,-171],[-256,-4],[-93,-83],[209,-134],[-4,-89],[-299,-131],[-11,-244],[-233,-198],[76,-610],[74,-148],[462,-229],[8,-327],[398,-230],[102,-421],[294,-185],[38,-100],[68,-398],[-30,-465],[-221,-1012],[23,-248],[322,-140],[74,-158],[-219,-310],[91,-575],[-70,-273],[139,-421],[138,-106],[63,-898],[275,-473],[-106,-669],[144,-316],[-30,-248],[207,-227],[114,-277],[141,-768],[288,-734],[31,-728],[296,-1063],[551,-469],[307,42],[137,-73],[233,-375],[402,-355],[318,125],[530,-94],[159,385],[370,-94],[487,52],[498,427],[149,-21],[31,-573],[95,-219],[815,-1292],[-339,-281],[-22,-198],[-127,-156],[-519,-187],[-403,-906],[-244,-271],[-201,-614],[-22,-302],[-381,-677],[-360,-218],[-1,-156],[-106,-105],[-328,-156],[0,-177],[-297,-333],[-222,-52],[-254,136],[-794,136],[-774,-271],[-529,-374],[-509,-489],[-318,-396],[-138,-531],[-95,-104],[-201,-11],[-22,-166],[-402,-198],[-212,63],[-307,-73],[-117,-281],[-445,-83],[-31,-167],[-223,-31],[42,-239],[-53,-63],[-900,-229]],[[2358667,2969230],[-279,-13],[-89,-139],[-485,9],[-503,-173],[-141,9],[-115,182],[-194,-69],[-230,69],[0,-260],[-291,35],[273,-478],[-62,-104],[27,-217],[-106,-191],[97,-503],[44,-96],[79,113],[80,-17],[8,-157],[-185,-225],[44,-434],[-247,122],[-115,-78],[70,-87],[239,-35],[-53,-261],[-195,-182],[0,-104],[300,-573],[-168,-78],[-194,-434],[-415,-477],[26,-555],[-97,-183],[203,-356],[-18,-130],[-185,-78],[149,-564],[388,-278],[80,-330],[176,-278],[-106,-243],[53,-156],[-186,-243],[167,-397],[221,-237],[-159,-503],[247,-208],[-71,-165],[53,-96],[159,26],[106,-78],[-36,-399],[80,-87],[185,0],[9,-113],[-239,-217],[450,-452],[-212,-468],[124,-18],[406,330],[43,-764],[89,-95],[255,-53],[62,-286],[-71,-95],[-264,-61],[26,-148],[-318,-668],[-309,148],[-212,-174],[0,-416],[-203,-130],[-188,-276],[70,-291],[-226,-28],[-99,-312],[-501,-542],[-128,-861],[-374,-458],[7,-264],[-374,153],[-106,181],[-92,-56],[70,-312],[-91,-63],[-431,28],[-219,-215],[162,-347],[-56,-139],[-184,229],[-99,0],[-56,-76],[92,-173],[-15,-160],[-226,-264],[-70,-215]],[[2353798,2950705],[-1031,264],[-402,230],[-607,62],[-402,140],[-403,-91],[-402,105],[-1313,-27],[-1144,-132],[-529,292],[-621,98],[-1348,785],[-910,292],[-586,598],[-593,69],[-1101,-82],[-487,42],[-212,145],[-323,677],[-403,532],[-1087,598],[-720,243],[-451,653],[-868,1917],[-522,528],[-212,83],[-395,-104],[-254,-451],[-142,-507],[-282,-277],[-198,-35],[-416,153],[-558,458],[-324,674],[-706,355],[-141,326],[-205,56],[-289,229],[-176,305],[-509,306],[-7,84],[-465,340],[-410,-97],[-155,42],[-63,479],[-283,97],[-353,396],[-402,188],[-324,375],[-212,125],[-198,285],[-141,62],[-77,209],[-170,-21],[-42,201],[-212,139],[-204,542],[-134,125],[-932,-97],[-268,167],[-92,361],[-198,7],[-254,132],[78,229],[-57,174],[170,55],[-127,347],[127,28],[-28,167],[141,271],[85,-7],[699,506],[29,729],[452,729],[226,667],[-35,673],[99,188],[7,305],[268,424],[-112,805],[63,132],[-35,292],[290,875],[-7,749],[-183,424]],[[2329080,2973117],[233,-86],[875,-77],[438,-257],[995,-22],[297,42],[544,236],[910,-132],[1250,138],[925,430],[1525,492],[932,611],[565,125],[431,-49],[282,104],[975,840],[756,437],[416,173],[318,0],[565,-146],[169,90],[424,521],[282,138],[318,42],[276,-14],[889,-549],[339,-56],[903,-1424],[141,-250],[14,-194],[261,-299],[720,76],[487,305],[982,1069],[1286,978],[190,188],[417,749],[685,653],[481,236],[755,652],[459,145],[481,583],[466,202],[219,562],[431,257],[85,138],[522,250],[0,222],[-592,248],[-423,379],[-670,871],[-63,224],[44,211],[-296,454],[-323,243],[-132,821],[-461,845],[-328,908],[-1201,362],[-367,-6],[-411,-137],[-619,380],[-879,81],[-227,168],[-265,385],[-45,212],[298,242],[392,-44],[354,1169],[-37,236],[-936,392],[-632,-12],[-164,224],[-715,75],[-82,75],[-107,441],[-227,299],[196,193],[-32,186],[-594,610],[-493,653],[26,746],[690,1162],[32,870],[481,783],[-32,224],[-360,373],[-202,523],[-6,280],[532,950],[360,386],[139,441],[304,354],[203,510],[-146,361],[-410,193],[-51,99],[63,323],[-278,156],[-132,267],[-272,162],[234,622],[13,273],[209,174],[55,130],[-48,107],[102,59],[-142,89],[154,42],[46,149],[134,-32],[136,197],[114,-43],[252,141],[-101,124],[-310,-18],[-436,181],[0,205],[139,323],[-18,218],[-816,-330],[-190,150],[-183,-156],[-626,175],[-632,31],[304,653],[-253,336],[-177,547],[-177,149],[-265,75],[-727,81],[-455,330],[-449,-37],[-386,-211],[-240,279],[-436,-30],[-2018,-1106],[-246,0],[-83,100],[57,186],[513,367],[531,578],[-31,373],[-310,335],[-171,-31],[-158,-254],[-164,-69],[-272,31],[-177,106],[-417,523],[-322,174],[-317,50],[-411,-81],[-676,-329],[-474,-18],[-886,124],[-670,150],[-569,249],[-1004,684],[-816,162],[-449,255],[-455,100],[-253,-13],[-341,-229],[-785,-1094],[-392,-373],[-626,-242],[-810,-771],[-841,-422],[-2099,-789],[-430,868],[198,-21],[-157,163],[64,21],[-378,293],[-270,1],[-329,292],[-46,122],[259,310],[90,464],[157,320],[-280,597],[-11,487],[-517,1138],[-427,564],[-213,630],[-225,354],[-225,44],[-404,-110],[-203,-166],[-890,-1019],[-101,12],[-190,236],[-183,-267],[-392,-31],[-569,-267],[-247,199],[-885,-80],[-683,466],[-307,5],[-1527,-349],[-470,-186],[-322,-303],[-807,-145],[-156,-307],[-261,-112],[-275,-411],[-436,-79],[-52,-240],[-550,-522],[-158,-31],[-462,112],[-145,-118],[-45,-261],[-259,-37],[-190,-193],[-948,0],[-183,-192],[-348,-118],[19,-261],[-228,12],[-265,-149],[-500,-87],[-531,106],[13,242],[-63,69],[-323,-62],[-202,56],[-38,74],[183,274],[-82,143],[38,174],[-253,273],[95,523],[-158,180],[-290,137],[-51,230],[-152,75],[-20,158],[203,249],[93,406],[-127,746],[-177,373],[270,497],[-25,373],[-767,50],[84,498],[-92,149],[-135,33],[-531,-190],[-51,-150],[346,-364],[33,-133],[-50,-191],[-161,-124],[-421,-41],[-379,132],[17,407],[-127,58],[-236,-116],[-304,-423],[-320,41],[-135,208],[-25,481],[-548,505],[-76,307],[43,522],[-464,191],[-380,-78],[-210,-206],[-434,-692],[-135,-45],[-555,192],[-959,103],[-255,148],[-164,339],[-150,1223],[270,486],[90,295],[-15,280],[-330,339],[-119,781],[-345,752],[-419,516],[-525,280],[-809,206],[-285,398],[-809,428],[-360,486],[-30,280],[75,221],[555,766],[135,428],[15,486],[-130,676],[-231,401],[-395,348],[-312,120],[-585,-120],[-1320,188],[-1088,-54],[-326,629],[-327,268],[-1700,80],[-653,-842],[-435,-187],[-721,67],[-3306,-1030],[-1047,-187],[-490,107],[-557,241],[-708,-80],[-734,-415],[-599,-160],[-544,-254],[-490,67],[-516,-67],[-354,-134],[-939,-508],[-884,-334],[-830,-495],[-843,-13],[-830,-722],[-136,-977],[-190,-334],[-313,-201],[-381,-40],[-326,54],[-218,147],[-762,-94],[-1414,-1029],[-993,-281],[-884,-548],[-218,-281],[-122,-388],[-218,-321],[-463,-401],[-693,-428],[-544,-495],[-286,-147],[-408,107],[-313,107],[-734,588],[-558,121],[-163,-67],[-272,-334],[-381,-295],[-490,14],[-176,-121],[-236,-791]],[[2262389,3013867],[-98,-147],[-140,-17],[-684,332],[-667,57],[-445,-113],[-248,-237],[-399,147],[-399,831],[-27,239],[95,426],[-81,392],[-744,472],[-791,26],[-202,146],[-81,333],[40,312],[328,561],[8,146],[-32,164],[-257,166],[-270,-33],[-541,-552],[-88,7],[-27,704],[-74,173],[-203,46],[-919,-418],[-358,-426],[-453,-106],[-250,-346],[54,-159],[919,-824],[305,-512],[33,-306],[-33,-332],[-352,-345],[-54,-167],[20,-830],[129,-618],[-473,-1629],[94,-684],[401,-435],[667,-489],[710,-385],[250,-851],[14,-452],[135,-173],[736,-418],[195,-347],[156,-685],[1,-402],[-121,-650],[-168,-248],[-252,-201],[-421,-23],[-1538,862],[-1200,294],[-577,-48],[-372,-274],[-929,-978],[-329,-188],[-228,-315],[-202,-336],[-173,-1307],[-503,-578],[0,-133],[442,-687],[1728,-687],[344,-253],[208,-229],[123,-290],[-13,-446],[-294,-747],[-400,-480],[-483,-392],[-707,-910],[-1000,-942],[-324,-891],[-430,-544],[-34,-283],[42,-1012],[185,-301],[101,-411],[294,-400],[8,-245],[430,-475],[618,-378],[514,-473],[489,-1121],[38,-222],[-136,-475],[75,-319],[-75,-170],[-344,-276],[-113,-248],[382,-581],[75,-297],[8,-393],[-340,-496],[98,-653],[348,-849],[290,-316],[1202,-918],[343,-401],[132,-385],[-279,-134],[-701,-89],[-867,104],[-746,-156],[-204,-778],[-737,-1127],[-243,-150],[-252,-29],[-193,-171],[-252,-35],[-296,94],[-839,637],[-324,-244],[-682,-1298],[-534,-416],[-365,5]],[[2247586,2978603],[-361,35],[-660,-354],[-313,-295],[-180,-402],[48,-685],[901,-1760],[457,-1501],[60,-366],[-96,-319],[-1285,-1075],[-685,-342],[-288,-12],[-1069,224],[-204,-71],[-84,-224],[132,-981],[-276,-449],[-144,-12],[-793,355],[-540,-107],[-397,-283],[-204,-201],[-588,-1394],[-288,-307],[-858,-260],[-240,-250],[-311,-139],[-127,-278],[0,-527],[165,-334],[51,-433],[-263,-810],[-448,-756],[-790,-189],[-790,-63],[-299,-210],[-86,-651],[321,-877],[-24,-284],[-156,-343],[-264,-319],[-557,-665],[-635,-469],[-1306,69],[-671,-347],[-388,-504],[159,-468],[317,-174],[1271,-399],[530,-764],[-441,-1666],[-247,-417],[-18,-347],[177,-642],[0,-487],[-635,-1510],[-406,-1232],[-264,-417],[-777,-625],[-388,-35],[-1182,-625],[-441,-1111],[0,-243],[247,-330],[406,-87],[370,156],[406,1],[600,-52],[441,-191],[318,-261],[406,-989],[-212,-191],[-1005,-226],[-124,-156],[-547,-191],[-1235,-296],[-265,-260],[-88,-295],[106,-417],[565,-729],[789,-743]],[[2134951,3051690],[2153,-2859],[180,81],[-70,-827],[261,-182],[123,254],[46,-45],[196,163],[3,96],[175,-297],[3639,-3984],[692,-319],[101,-753],[139,-289],[-64,-513],[252,-329],[-35,-501],[267,-195],[142,-260],[613,-270],[597,112],[448,-405],[1648,129],[601,-274],[427,94],[589,0],[209,-275],[309,-43],[208,-159],[790,16],[294,-122],[597,-12],[1972,-1198],[283,-561],[252,-114],[152,-296],[477,-457],[478,46],[224,281],[131,40],[389,-63],[195,-192],[178,-394],[16,-592],[240,-233],[687,-73],[351,279],[339,-111],[52,-54],[-93,-206],[59,-610],[340,-165],[21,-462],[267,-227],[197,-76],[198,119],[203,-34],[517,-297],[1829,231],[1118,-39],[328,190],[460,-72],[72,-168],[290,-92],[85,-121],[39,-514],[208,-358],[137,0],[191,260],[248,75],[-53,-303],[137,-138],[-185,-84],[180,-342],[226,-46],[0,-207],[163,-79],[-226,-498],[145,-173],[15,-143],[-330,-539],[-271,-94],[57,-188],[-98,-131],[80,-132],[-35,-226],[-589,-264],[82,-152],[17,-516],[101,-48],[-83,-103],[56,-114],[-469,-407],[-90,-191],[-7,-473],[-219,-85],[-30,-247],[-161,-55],[175,-261],[170,-57],[37,-146],[-486,-665],[-6,-586],[-96,-34],[-272,-606],[-204,-8],[-123,139],[-193,26],[-286,-110],[-405,32],[-71,-166],[-76,0],[-180,190],[-54,-299],[-198,112],[-61,-257],[177,-241],[-10,-410],[83,-138],[423,-15],[267,-102],[127,-382],[677,-225],[278,-341],[340,57],[166,-187],[166,-10],[91,-219],[240,83],[94,-233],[-336,-470],[-4,-167],[246,-231],[407,-61],[-148,-196],[203,19],[94,-68],[-26,-102],[-180,-38],[-252,-191],[-118,-235],[52,-268],[312,-194],[-307,-610],[80,-310],[-142,-37],[-62,-171],[-288,-212],[239,-155],[154,-303],[-475,-849],[127,-267],[-91,-392],[244,-292],[-68,-289],[49,-192],[229,20],[165,128],[48,-94],[15,-478],[-228,-732],[338,-779],[9,-393],[167,-379],[57,-80],[276,-32],[54,-172],[-113,-168],[279,-76],[-194,-385],[324,-497],[141,-705],[340,-213],[-42,-253],[90,-274],[-166,-122],[12,-217],[-206,-210],[94,-147],[-146,-154],[-82,-456],[4,-203],[126,-220],[-23,-259],[-136,-207],[-269,-41],[-191,-165],[296,-251],[401,30],[44,-113],[-104,-131],[367,-181],[-137,-53],[-39,-104],[191,-82],[4,-256],[262,-158],[232,-27],[-116,-222],[48,-179],[-165,-78],[227,-248],[311,126],[376,-409],[41,140],[-92,203],[78,72],[177,-105],[353,84],[58,-76],[-38,-210],[146,-91],[906,233],[153,-272],[290,-44],[76,-130],[226,24],[-150,-138],[57,-161],[236,-13],[193,-113],[369,85],[155,-251],[181,-660],[321,-104],[230,-398],[277,-17],[149,-218],[129,11],[175,165],[189,3],[173,-79],[79,-152],[119,-20],[102,53],[104,257],[318,46],[181,-184],[741,233],[155,-116],[153,-2],[273,353],[277,80],[124,-117],[59,-216],[324,-29],[81,-246],[252,-65],[-5,-149],[113,-148],[-17,-220],[216,-110],[-92,-168],[29,-104],[190,5],[307,-326],[219,-33],[195,-171],[721,338],[583,-171],[134,-131],[323,-98],[97,-184],[309,-72],[268,-199],[503,307],[95,-110],[158,97],[65,-66],[208,25],[83,-148],[216,-67],[193,142],[163,275],[370,48],[121,414],[379,71],[427,415],[271,-118],[421,100],[394,-183],[595,-103],[308,66],[246,208],[168,2],[1097,-241],[197,-318],[727,61],[214,-59],[192,-174],[146,-449],[213,-80],[299,108],[630,-286],[-40,-368],[186,-171],[184,10],[105,299],[142,90],[855,-83],[334,-383],[605,75],[362,-465],[-64,-352],[183,-125],[112,39],[244,326],[152,-31],[64,114],[160,-266],[188,127],[84,-156],[256,182],[344,41],[95,79],[-68,124],[95,231],[148,-130],[127,1],[70,68],[-73,110],[152,42],[-40,127],[210,108],[315,-92],[68,218],[91,32],[247,2],[74,-183],[212,38],[9,-145],[298,174],[309,-383],[259,-61],[445,39],[78,84],[144,-82],[75,92],[132,-35],[53,97],[235,-11],[348,115],[283,-105],[369,44],[125,284],[-129,224],[-14,318],[220,87],[295,-3],[170,134],[65,164],[-174,193],[235,349],[247,-65],[-80,288],[189,92],[414,5],[247,411],[358,-55],[38,183],[195,137],[-138,297],[25,134],[570,138],[334,182],[284,304],[-66,423],[581,33],[113,350],[246,182],[305,-567],[781,-360],[134,-155],[39,-202],[618,-509],[657,153],[419,-25],[610,275],[619,-530],[838,-75],[610,-407],[192,-174],[65,-743],[703,-544],[1089,-292],[655,-866],[488,-1012],[988,-1528],[11,-294],[675,-1941],[404,-390],[384,-552],[274,-211],[1304,-486],[73,165],[408,280],[270,88],[-29,174],[109,135],[533,242],[225,18],[212,-373],[808,-468],[29,-130],[-146,-257],[387,40],[113,-185],[236,112],[279,-126],[17,-198],[-149,-204],[12,-111],[770,-370],[266,-285],[84,-444],[161,-353],[-29,-619],[225,-1026],[309,-549],[-102,-458],[125,-441],[323,-363],[738,-310],[279,3],[349,158],[346,-240],[639,63],[500,217],[415,476],[604,227],[502,55],[490,293],[196,395],[307,151],[330,330],[183,412],[200,130],[101,209],[251,90],[-71,400],[153,215],[-31,187],[184,191],[1127,684],[138,185],[376,26],[32,-129],[-110,-149],[79,-103],[256,180],[247,-102],[426,302],[98,496],[-159,202],[-200,-69],[-138,63],[-180,411],[46,81],[-63,198],[33,88],[316,-92],[523,104],[-53,148],[-527,161],[-108,186],[226,438],[418,336],[-510,223],[-97,223],[186,411],[260,110],[102,204],[-181,387],[28,248],[218,138],[287,-125],[472,216],[-1,873],[68,318],[-83,200],[-194,39],[-155,139],[-235,563],[98,154],[286,-151],[139,192],[-82,222],[-368,125],[65,483],[248,147],[279,-147],[121,63],[-40,845],[165,60],[265,-113],[303,322],[68,539],[224,324],[-225,331],[8,721],[502,230],[-26,112],[-369,322],[-39,135],[231,100],[124,299],[238,260],[-14,87],[-230,79],[-19,119],[514,366],[-165,470],[168,529],[-165,157],[-15,155],[474,900],[-56,105],[-250,123],[-99,214],[-250,-5],[-30,89],[381,328],[116,195],[20,195],[-104,253],[-134,43],[-266,-233],[-139,-19],[-346,228],[37,322],[279,193],[-128,122],[-158,24],[-462,-231],[-33,576],[-138,-63],[-20,-97],[89,-346],[-173,-92],[-272,73],[-217,-190],[-233,234],[-400,9],[-316,248],[-193,-44],[-121,-259],[-157,-2],[-355,592],[-365,252],[-26,148],[158,122],[291,-145],[203,85],[-3,132],[-162,138],[-92,219],[-158,19],[-291,-115],[-252,131],[-60,233],[337,20],[39,92],[-252,374],[-262,-175],[-69,-418],[-336,16],[15,339],[-139,316],[109,525],[-648,44],[-32,621],[-190,431],[-591,188],[-42,232],[103,622],[-123,438],[-203,146],[-534,-525],[-203,9],[89,306],[-92,517],[315,111],[113,170],[-84,160],[-537,223],[-156,224],[564,783],[-20,163],[-146,182],[33,296],[-163,170],[-32,236],[100,101],[462,62],[80,76],[-33,126],[-276,177],[-137,220],[91,267],[255,-45],[197,-303],[88,-17],[197,111],[153,376],[228,227],[238,30],[712,-127],[74,137],[-66,289],[47,173],[287,135],[420,-114],[202,64],[514,366],[-50,200],[-155,95],[34,142],[338,221],[220,-177],[135,-9],[215,205],[-95,228],[-579,107],[-495,387],[-49,132],[-232,127],[-397,45],[-127,174],[-351,106],[-10,151],[140,271],[-308,79],[-198,185],[81,233],[873,-24],[208,151],[-21,233],[-244,210],[-67,218],[268,181],[517,1354],[379,720],[91,69],[150,-58],[211,-582],[421,-346],[55,-366],[245,-81],[395,73],[472,-380],[145,36],[400,380],[765,-299],[175,14],[314,204],[391,-43],[168,-200],[123,-19],[213,112],[198,296],[133,54],[134,-24],[118,-345],[159,-44],[177,191],[-49,484],[217,35],[222,-106],[205,-455],[273,-264],[853,-99],[196,78],[133,178],[-3,493],[104,209],[-238,296],[-49,1099],[128,211],[-138,144],[183,-15],[94,97],[79,603],[222,0],[267,-428],[170,-55],[191,187],[79,321],[252,179],[297,-9],[578,-219],[213,190],[99,379],[-149,695],[-178,223],[-460,122],[-59,102],[45,219],[202,209],[272,-263],[247,59],[-247,578],[14,152],[188,91],[134,-301],[470,-272],[74,179],[-74,521],[-198,384],[242,262],[158,-63],[80,-836],[207,-92],[243,311],[-55,521],[75,197],[197,-18],[25,-360],[168,-63],[761,501],[361,121],[180,619],[477,335],[108,306],[490,-355],[252,-26],[6,176],[-258,686],[-6,386],[85,334],[624,975],[223,-21],[-212,-592],[48,-520],[129,-6],[366,675],[231,-49],[423,-279],[164,19],[319,300],[-35,363],[-114,165],[42,128],[456,283],[416,765],[577,25],[495,196],[292,230],[78,306],[-214,508],[330,399],[182,519],[-35,315],[-155,349],[147,51],[181,-34],[442,-460],[1005,-1489],[216,-145],[602,-147],[494,-243],[279,-425],[127,-372],[71,-649],[-127,-1743],[449,-708],[476,-264],[599,7],[507,349],[250,460],[693,438],[607,239],[325,-38],[565,-135],[603,-291],[833,-1395],[77,-406]],[[2517903,3131179],[401,-945],[404,-1420],[652,-420],[410,-1021],[492,-380],[93,-222],[-9,-533]],[[2520346,3126238],[-467,-218],[-486,-1016],[-689,-475],[-415,-1027],[-192,-187],[-494,-159],[-778,2],[-580,-242],[-494,-27],[-357,-205],[-634,-585],[-364,-97],[-515,-502]],[[2513881,3121500],[-594,-89],[-269,-142],[-572,-65],[-665,-245],[-63,-66],[13,-563],[-114,-381],[-1321,-182],[-616,-454],[-321,46],[-662,-846],[-609,-246],[-148,-148],[-662,-972],[-167,-86],[-208,-17],[-1109,352],[-731,15],[-431,-86],[-616,-263],[-579,-59],[-694,69],[-387,-367],[-232,-52],[-409,262],[-449,120],[-557,70],[-530,-38]],[[2500179,3117067],[-12,161],[-321,490],[-264,608],[-164,1629],[29,389],[507,1030],[-297,1674],[-37,1496],[-210,900],[-959,1452],[96,413],[-42,195],[-564,660],[-729,1425],[-179,906],[79,2393]],[[2497112,3132888],[516,953],[76,774],[422,1367],[41,878],[320,1315],[978,2017],[360,392],[642,1608],[-49,804],[-179,344],[-339,383],[-188,972],[211,490],[1100,1332],[111,245],[71,1020],[161,383],[150,215],[480,382],[20,353],[-338,854],[61,579],[591,911]],[[2620249,3368480],[-115,-377],[-1210,-244],[-373,437],[-252,-77],[-799,322],[-1397,13],[-345,171],[-212,-19],[-243,-203],[-321,-101],[-513,-8],[-277,-125],[-370,54],[-55,-116],[79,-174],[487,-699],[373,-795],[102,-629],[-178,-82],[-1644,-49],[-534,-299],[-917,-1256],[-1755,-1288],[-999,-487],[-1051,-2],[-326,-130],[-455,-328],[-2625,-1426],[-830,-550],[-302,-299],[-101,-910],[-258,-585],[9,-223],[-129,-271],[-426,-342],[-394,78],[-400,-62],[-158,88],[-282,-159],[-144,-353],[102,-581],[-258,-663],[4,-552],[-224,-508],[-215,-919],[5,-232],[197,-195],[288,-978],[-20,-213],[-153,-160],[-55,-256],[200,-804],[-11,-320],[1917,-1166],[552,-210],[276,-296],[-243,-290],[977,-65],[440,-332],[253,-347],[-219,-351],[-126,-833],[36,-417],[-315,-690],[102,-587],[-240,-327],[-294,-210],[-399,-563]],[[2603486,3343910],[-83,536],[-387,244],[-424,106],[-173,352],[-73,377],[-527,288],[-283,361],[-651,119],[-157,198],[-399,175],[-230,211],[-366,583],[-993,193],[-473,583],[-523,349],[-222,414],[-49,272],[-619,167],[-162,355],[-331,380],[-406,215],[-159,-9],[-164,-228],[-1138,323],[-805,1023],[-302,88],[-44,155],[-173,117],[-89,253],[-554,220],[-24,496],[-251,375],[-258,137],[-49,257],[-232,147],[-59,170],[-421,74],[-554,395],[-807,288],[-711,687],[-475,585],[-746,618],[-687,891],[-527,891],[-93,496],[224,422],[0,160],[-43,720],[-250,861],[31,539],[346,-341],[480,-40],[1095,-13],[298,194],[391,19],[549,-570],[505,-36],[491,96],[722,-463],[600,-1],[445,-157],[342,19],[372,159],[985,-172],[600,139],[317,-224],[94,14],[443,757],[933,727],[100,330],[26,525],[268,150],[179,334],[11,200],[-104,214],[155,286],[714,508],[739,33],[208,96],[492,519],[185,495],[421,1826],[242,48],[626,553],[1483,535],[318,442],[141,738],[806,1193],[268,116],[406,-59],[612,-648],[106,622],[224,155],[372,480],[2,510],[322,237],[160,408],[545,91],[106,593],[259,519],[92,-642],[119,-53],[397,154],[535,28],[209,121],[520,-36],[104,112],[-9,243],[95,238],[1067,643],[398,87],[744,-33],[215,445],[-132,303],[542,-181],[559,-323],[455,388],[328,160],[402,-353],[283,5],[372,154],[389,-576],[685,-107],[-189,-503],[289,-809],[-129,-373],[187,-223],[384,-180],[730,-210],[420,47],[102,-387],[1,-1477],[69,-271],[389,-98],[201,-523],[853,-608],[374,-146],[662,-21],[542,-210]],[[2687500,3116241],[345,-425],[962,-551],[587,-567],[611,-16],[262,-322],[531,-359],[12,-1133],[423,-485],[85,-458],[-138,-498],[-44,-845],[380,-843],[-173,-537],[-321,-576],[-209,-940],[-64,-688],[45,-2038],[-213,-397],[-269,-250],[-580,-152],[-254,-502],[-442,-365],[-213,-393],[-437,-376],[-596,-246],[-853,202],[-2,-1484],[-354,-183],[-151,-223],[99,-721],[293,-797],[-19,-267],[-234,-369],[-915,-716],[-332,-175],[-277,-282],[-245,-686],[-538,-1100]],[[2656425,3133030],[609,-624],[365,-133],[193,-276],[163,-90],[1478,427],[538,443],[183,506],[370,180],[372,323],[422,1107],[205,204],[366,136],[411,415],[84,198],[-12,321],[190,265],[91,452]],[[2662453,3136884],[478,586],[514,161],[497,362],[448,103],[114,192],[-44,424],[292,130],[94,357],[1594,969],[491,449],[187,285],[640,68],[707,355]],[[2668465,3141325],[642,-319],[626,-1055],[80,-375],[506,-569],[398,-255],[546,-67],[214,-386],[-52,-72],[464,-392],[70,-729],[214,-606],[116,-150],[414,-249],[144,-486],[258,-409],[193,-70],[773,455],[523,29],[458,-211],[463,-523],[258,-166],[266,-77],[749,55],[547,-911],[227,-229],[461,-203],[708,-80],[181,-143],[449,-681],[790,-414],[125,-866],[-141,-284],[-28,-549],[-208,-532],[80,-26],[306,155],[181,-25],[489,-331],[148,-187],[763,-1682],[217,-733],[-127,-846],[127,-734],[-162,-380],[-218,-275],[32,-383],[206,-270],[755,-276],[707,-448],[121,-375],[559,-391],[387,-462],[399,-189],[309,-629],[55,-517],[-108,-564],[-220,-410],[-65,-415],[-337,-641],[-592,-109],[-242,-452],[-277,-107],[276,-452],[326,-199],[1903,-472],[636,-370],[967,-370]],[[2715828,3138159],[-821,86],[-828,789],[-670,472],[-719,335],[-1443,126],[-403,-39],[-543,126],[-499,-434],[-164,-480],[-347,-157],[-254,-17],[-221,-204],[-124,-404],[-276,-376],[28,-465],[-144,-449],[-272,96],[-129,-37],[-417,-549],[-393,-299],[-1997,-579],[-220,-164],[-231,-297],[-116,-379],[92,-585],[-158,-667],[-659,-80],[-940,126],[-460,-163],[-460,-9],[-439,-348],[-460,22],[-1394,-1505],[-974,-726]],[[2698773,3130925],[-944,2076],[-155,627],[-160,2454],[630,1004],[203,771],[-270,981],[-4,702],[-241,256],[-63,334],[-396,516],[-1447,39],[-606,-169],[-277,-146],[-671,-831],[-902,-750],[-224,-5],[-714,313],[-444,24],[-225,137],[-465,624],[-489,285],[-1129,462],[-696,409],[-857,790],[-997,2053],[-188,579],[-34,255],[555,812],[3,913],[-227,1550],[-468,-315],[-445,-163],[-322,267],[-415,-73],[-910,428],[-398,-50],[-553,154],[-139,-288],[-561,-300],[-46,-248],[-190,86],[-248,-79],[-554,13],[-167,114],[-155,0],[-555,-276],[-421,-84],[-578,-576],[-133,-28],[-558,274],[-363,529],[-383,371]],[[2678777,3147746],[-56,285],[135,348],[474,625],[106,274],[525,450],[254,323],[155,779],[-142,362],[77,1162],[-63,469],[539,890],[250,590],[399,471],[44,308],[-126,731],[278,385],[127,576],[160,174],[568,301],[508,479],[725,331],[595,540],[259,721],[766,1171],[528,299],[202,284],[146,256],[125,526],[425,427],[205,659],[558,880],[211,494],[594,625],[373,707],[501,262],[462,450],[228,454],[440,1446],[86,885],[-55,602],[112,839],[286,1029],[227,318],[605,250],[171,208]],[[2691764,3172391],[-373,1032],[-67,693],[-408,782],[57,131],[356,265],[355,485],[582,326],[725,171],[56,923],[-67,518],[-116,302],[-357,383],[16,151],[1121,-201],[655,235],[573,-138],[505,-231],[384,82],[715,-116],[582,149],[761,567],[412,52],[422,518],[239,114],[735,-65],[1392,121],[424,424],[111,340],[744,889],[137,298],[-3,679],[-346,754],[-2,486],[-195,629],[205,329],[-142,63],[-17,420],[-162,222],[165,71],[-100,229],[24,361],[167,187],[247,695],[-146,1172],[-142,424],[96,296],[753,-448],[331,-627],[312,-116],[437,-426],[399,-64],[119,-370],[363,-478],[585,-476],[589,-777],[164,-110],[1392,-48],[373,124],[262,-47],[1109,251],[813,-347],[1490,-22],[310,160],[401,60],[998,443],[705,136],[269,-18],[1020,-335],[1562,-46],[954,143],[-317,-733],[148,-193],[381,-196],[69,-698],[471,-807],[39,-619],[852,-1547],[332,-72],[882,82],[1252,-15],[273,-254],[346,-155],[412,-458],[458,-302],[446,-561],[718,235],[988,-338],[1481,627],[306,63],[295,-42],[462,531],[537,464]],[[2607486,3166978],[74,-1560],[225,-409]],[[2607785,3165009],[-140,-137],[-668,-76],[-708,52],[-1329,676],[-959,774],[-1224,202],[-460,348],[-374,912],[-297,243],[-646,189],[-830,460],[-898,140],[-309,166],[-179,326]],[[2585797,3198656],[-101,-437],[92,-137],[323,70],[120,158],[649,272],[1033,-286],[140,98],[224,-103],[672,116],[343,-79],[257,-159],[1084,-61],[400,167],[319,-5],[679,239],[111,-56],[-4,60],[517,17],[-29,58],[260,45],[209,378],[279,94],[163,423],[-92,382],[270,648],[-34,547],[100,171],[-20,260],[416,237],[-53,-229],[116,48],[335,-181],[347,17],[446,131],[194,264],[91,888],[-91,314],[16,453],[401,596],[30,425],[630,-469],[538,-843],[500,-296],[768,-359],[495,400]],[[2598940,3202932],[829,-312],[569,131],[409,253],[247,-56],[247,59],[323,-236],[351,-477],[141,61],[561,-75],[444,79],[278,-77],[716,38],[1476,-1297],[634,-1108],[134,-102],[268,-25],[568,233],[466,524],[625,1013],[740,758],[782,391],[391,387],[624,409],[317,335],[348,964],[597,529],[433,157],[388,367],[452,209],[303,-67],[348,-211],[663,-564]],[[2614612,3205222],[-10,-1355],[-622,-1781],[-114,-1497],[96,-1424],[-405,-1976],[124,-442],[-153,-1485],[279,-981],[-699,-1556],[27,-1032],[-587,-947],[-655,-314],[-196,-252],[-136,-384],[70,-1356],[-103,-604],[102,-334],[1032,-1613],[-145,-339],[81,-745],[579,-1282],[417,-477],[220,-517],[-37,-486],[77,-157],[448,-300],[29,-476],[571,-680],[133,-552],[555,-710],[844,-443],[-228,-308],[-32,-491],[-207,-435],[138,-229],[-41,-141],[-657,-773],[-423,-273],[-27,-450],[-429,-354],[-165,-35],[-494,249],[-619,58],[-1021,-246],[-682,-505],[-721,17],[-991,-99],[-417,-136],[-563,-403],[-632,-1007],[-177,-754],[-137,-244],[-77,-737],[-141,-327],[-336,-411],[17,-540],[264,-872],[-150,-2301]],[[2714306,3225948],[-596,-907],[-479,-415],[-106,-208],[-1,-208],[-373,-450],[-89,-433],[-337,-242],[-28,-2504],[-103,-316],[49,-650],[389,-268],[17,-266],[440,-135],[169,-334],[-8,-465],[-213,-294],[-91,-659],[-362,-60],[-204,-181],[-434,-94],[50,-1086],[152,-250],[16,-317],[-376,-665],[-17,-233],[-205,-233],[-324,-698],[-2,-717],[-188,-216],[-172,-649],[-37,-999],[203,-384],[15,-367],[152,-383],[287,-401],[-35,-300],[-528,-698],[-154,-366],[-272,-249],[-611,-164],[-647,-715],[-289,-99],[-339,51],[-238,-132],[-528,-532],[-455,-756],[-214,-520],[-142,-740],[-249,-216],[-160,-442],[-408,-372],[-326,19],[36,451],[-176,87],[-143,-355],[193,-487],[-125,-424],[-291,-26],[-19,-260],[-230,-190],[-46,-347],[-124,-121],[-185,61],[27,208],[-230,-94],[-238,18],[-63,-234],[106,-139],[-152,-356],[-274,-120],[-115,87],[-177,-217],[-176,62],[-62,165],[-97,17],[-36,-112],[80,-131],[-221,122],[-415,-24],[-485,348],[-521,28],[-168,104],[-1025,-75],[-168,96],[-698,46],[-547,149],[-486,-25],[-840,-214],[-388,261],[-901,142],[-220,235],[-476,201],[-602,-146],[-538,314],[-237,52],[-516,-844],[-481,-514],[-543,-413],[-178,-604],[-230,-280],[-229,-565],[-183,-72],[-251,157],[-124,281],[-358,2382],[-498,1390],[-726,1375],[-1386,1925],[-309,-234],[-189,-319],[-555,-558],[-377,-184],[-452,-413],[-885,-182],[-501,186],[-73,291],[166,420],[-437,674],[-136,134],[-194,23],[-234,147],[-371,-27],[-124,347],[-148,46],[-45,218],[-199,141],[-250,583],[-267,158],[-149,-22],[-165,163],[-388,-139],[-604,86],[-239,303],[-211,112],[-388,-105],[-627,30],[-138,-134],[-354,-83],[-473,85],[-1232,-97],[-1477,307],[-330,242],[-177,22],[-297,-66],[-285,40],[-377,-329],[-263,-95],[-189,-173],[-155,-492],[-406,-240],[-286,-307],[187,-477],[-19,-431],[402,-1200],[-41,-404],[-612,-474],[-542,-15],[-315,-280],[-331,-133],[-183,-212],[-611,-133],[-149,-140],[-149,-436],[61,-348],[-36,-644],[-108,-100],[-486,-150],[-1453,351],[-433,293],[-684,209],[-741,136],[-1498,822],[-1140,424],[-519,80],[-529,309],[-524,528],[-284,427],[-158,437],[-466,590],[-266,908],[-187,359],[42,549],[-159,308],[-330,292],[-548,131],[-85,90],[-124,454],[-199,286],[46,179],[-56,230],[-318,595],[-140,829],[-148,241],[-757,535],[-120,6],[-583,-307],[-246,-246],[-339,-845],[-573,-973],[-604,349],[-249,578],[-91,11],[-127,-397],[-748,-329],[-907,-8],[-543,-245],[-605,-100],[-480,-262],[-1016,-344]],[[2652138,3208867],[41,661],[133,408],[549,716],[133,392],[749,771],[700,1466],[321,425],[292,240],[200,145],[405,127],[744,620],[160,263],[52,286],[258,341],[236,767],[-16,341],[168,342],[-17,426],[-209,990],[-431,766],[-362,339],[-185,348],[-7,669],[63,304],[249,329],[1356,1203],[171,868],[-43,478],[445,1032],[-113,756],[-193,304],[-35,243],[63,443],[-184,513],[125,347],[-35,174],[-247,287],[-79,287],[-34,321],[207,1250],[-95,886],[-158,556],[-15,851],[-61,296],[-370,635],[-61,252],[402,1214],[161,833],[622,962],[488,373],[301,346],[419,815],[19,729],[187,382],[126,720],[-166,713],[473,1510],[-457,808],[-265,192],[-663,63],[-769,262],[-155,1382],[-318,487],[-1236,585],[-802,1044]],[[2655375,3246751],[217,1641],[59,2275],[197,546],[117,790],[400,598],[558,433],[987,1091],[1276,1047]],[[2580229,3072893],[-299,-121],[-573,-422],[-445,-117],[-304,15],[-833,151],[-2007,1041],[-424,15],[-668,-217],[-551,43],[-759,341],[-953,193],[-380,442],[-239,524],[-216,70],[-205,-204],[-222,70],[-99,184],[54,514],[-70,191],[-236,122],[-170,-104],[-82,-247],[3,-475],[270,-914],[-68,-593],[-274,-982],[119,-507],[-497,-964],[-179,-1058],[-398,-1197],[-718,-988],[-362,-680],[-104,-805],[-174,-489],[-1600,-1989],[-361,-267],[-389,-96],[-307,35],[-985,300],[-237,-148],[-577,-1058],[-905,-2053],[-198,-634],[-122,-897],[-341,-1016],[-262,-378],[-135,-472],[-273,-222],[-215,-58],[-999,-43],[-730,-891],[-142,-371],[-435,-656],[-651,-571],[-1142,-796],[436,-862],[-82,-552],[680,-761],[888,-731],[17,-344],[-150,-659],[-495,-666],[48,-729],[-399,-79],[-438,195],[-434,-6],[-362,-718],[-646,-141],[-273,-374],[-717,-103],[-471,-589],[-649,32],[-452,-110],[-427,174],[-502,-131],[-356,161],[-760,-207],[-695,511],[-398,116],[-135,-63],[-180,-284],[-470,195],[-437,71],[-205,-42],[-569,-391],[-280,-86],[-12,-647],[303,-760],[236,-116],[393,-12],[175,-158],[-117,-214],[-605,-454],[-76,-164],[39,-120],[1354,-415],[290,-210],[56,-244],[-538,-140],[-139,-269],[315,-216],[133,-464],[369,-632],[304,-220],[189,-315],[395,-84],[443,-308],[10,-519],[-99,-116],[-248,-72],[99,-477],[-389,-47],[-163,-187],[-211,-492],[318,-311],[-6,-206],[-249,-528],[312,-409],[151,-476],[-96,-56],[-323,45],[-304,-147],[-178,-150],[11,-193],[-172,-54],[-57,-208],[73,-297],[-101,-571],[-240,-320],[96,-266],[-736,-591],[105,-347],[-353,-217],[-116,-477],[-362,-181],[-81,-556],[-88,-86],[-265,-35],[-133,-364],[-353,-77],[-71,-226],[-504,-155],[8,-339],[-273,-60],[109,-145],[-663,15],[-184,-97],[-57,-208],[-182,-219],[-765,-237],[-531,6],[-1066,-767],[-354,-97],[-721,-415],[-367,-110],[-1115,251],[-367,404]],[[2540503,3028722],[-293,-59],[-124,-113],[-859,-1587],[-248,-268],[-415,-251],[-540,-702],[-18,-321],[-238,-121],[-469,-529],[-54,-278],[-539,-745],[-151,-468],[132,-356],[-363,-521],[-168,-112],[-230,-26],[-292,-459],[35,-425],[53,-53],[88,130],[106,-130],[43,-260],[-115,-486],[-849,-823],[-71,-234],[-415,-78],[-584,-936],[-397,-112],[-1369,-137],[-388,53],[-820,314],[-696,695],[-317,513],[209,-1537],[88,-78],[335,17],[1033,-332],[167,-121],[307,-773],[407,181],[335,-235],[423,-44],[36,-87],[-80,-95],[-309,-104],[379,-339],[-9,-139],[-654,-450],[-9,-147],[299,-226],[0,-113],[-256,-17],[-169,-1007],[-53,-60],[-229,174],[-124,-313],[43,-138],[274,-174],[52,-165],[-292,-677],[-531,-728],[141,-44],[557,242],[282,9],[-45,-408],[159,-261],[104,-790],[-10,-677],[-309,-476],[-346,-894],[-301,-398],[-424,-321],[-222,-737],[-517,-848],[-1249,-2576],[-578,-2524],[95,-1719],[746,-2232],[511,-434],[265,-105],[2338,152],[1103,-244],[468,-131],[299,-166],[300,-313],[1402,-740],[1023,-244],[141,-226],[-36,-339],[-486,-632],[-257,-529],[-161,-859],[123,-530],[220,-382],[440,-435],[396,-1120],[606,-1312],[0,-234],[-702,-2741],[-108,-998],[123,-295],[943,-748],[370,-192],[1861,-506],[9,-96],[-141,-156],[-371,-164],[-283,-286],[-733,-42],[-494,-277],[-389,-589],[-163,-541],[-573,-728],[-49,-242],[66,-438],[287,-396],[56,-541],[-165,-788],[-334,-438],[-406,-1437],[30,-335],[301,-466],[162,-475],[143,-1210],[133,-400],[307,-536],[733,-797],[233,-487],[-318,-974],[-50,-489],[46,-488],[276,-876],[1221,-1440],[784,-420],[452,-430],[522,-195],[287,-315],[838,-117],[1951,244],[658,-324],[688,-905],[641,-341],[612,-121],[91,-323],[250,-195],[334,-445],[1255,-1109],[148,-39],[1839,205],[717,159],[3838,-147]],[[2528745,2967238],[-539,905],[-408,453],[-322,234],[-137,375],[172,750],[-394,567],[-384,834],[-365,515],[-223,143],[-30,283],[-255,59],[-421,409],[-242,54],[-761,493],[-84,169],[-908,831],[-493,185],[-933,103],[-362,178],[-658,41],[-722,441],[-270,470],[-92,614],[-484,1018],[-864,1406],[-412,505],[-140,310],[-699,343],[-517,413],[-793,1162],[-683,537],[-171,303],[-13,169],[117,226],[-74,347],[-540,603],[-269,144],[-169,-480],[-341,-278],[-314,-47],[-541,195],[-123,150],[-353,-127],[-98,93],[-213,-9],[-208,175],[-1154,274],[-1270,644]],[[2509588,2984420],[470,1275],[903,2003],[-16,608],[171,2100],[-84,1980],[298,958],[186,1055],[269,694],[552,971],[411,1083],[257,1513],[198,472],[86,472],[215,1916],[1,1069],[-169,278],[-634,445],[-563,1306],[-197,237],[-1355,863]],[[2510587,3005718],[85,166],[113,14],[692,-237],[311,13],[226,153],[184,513],[15,306],[-154,722],[19,609],[163,83],[383,1207],[417,270],[233,285],[-690,646],[-2219,3795],[-70,229],[36,583],[234,159],[811,-126],[890,20],[686,373],[870,909],[410,686],[582,1680],[560,992],[106,444],[1,521],[-331,555],[-56,480],[114,187],[650,346],[361,395],[389,749],[313,1125],[191,270],[304,319],[1202,901],[269,471],[86,549],[-61,1361],[291,1325],[151,1708],[554,1874],[-120,412],[-450,628],[254,1414],[-201,1371],[55,2599],[160,694],[227,182],[276,394],[668,1400],[181,625],[387,737],[7,202],[-264,506],[-12,390],[432,1380],[-82,283],[26,575],[-238,561],[-8,519],[147,349],[-33,479],[-458,1015],[-340,470],[-740,1363],[-901,962],[-150,317],[59,576],[191,452],[-108,194],[-30,777],[-473,1136],[-235,292],[-1081,943],[-467,282],[-517,80],[-286,169],[-765,162],[-718,-82],[-532,69],[-483,-180],[-572,8]],[[2512714,3058053],[40,377],[385,843],[41,347],[-269,284],[-466,157],[-71,187],[262,146],[605,716],[634,305],[308,-11],[407,141],[567,-157],[1189,121],[436,-199],[183,21],[1982,840],[447,20],[189,-179],[301,393],[258,579],[36,412],[-153,684],[63,437]],[[2520088,3064517],[464,520],[557,1246],[325,529],[77,337],[307,-425],[641,-493],[260,-323],[301,-63],[1029,809],[399,120],[620,817],[965,507],[272,262],[117,510],[411,-70],[897,355],[415,-59],[335,-203],[453,120],[212,-119],[420,-17],[337,129],[229,287],[231,-138],[248,205],[283,573],[549,155],[641,465],[259,615],[35,509],[229,263],[207,120],[347,-67],[271,39]],[[2533431,3072032],[-31,-391],[176,-596],[155,-325],[497,-561],[191,-1012],[1087,-1015],[755,-478],[197,-294],[811,-591],[300,-431],[408,-164],[308,-13],[154,-127],[305,-1315],[99,-204],[277,-149],[-152,-805],[178,-432],[56,-412],[-89,-225],[164,-667],[-90,-214],[-418,-351],[-73,-531],[-269,-323],[-139,-368],[-82,-503],[36,-237],[435,-671],[-315,-627],[-139,-647],[-9,-409],[116,-348],[-769,-1069],[-71,-660],[295,-659],[-39,-122],[257,-226],[497,-116],[466,-338],[-46,-278],[160,-147],[176,27],[424,445],[569,336],[286,-33],[588,-278],[481,-74],[636,267],[433,-262],[504,-550],[638,-220],[596,-313],[615,-26],[99,174],[166,6],[89,129],[-113,219],[89,267],[-52,396],[-166,399],[167,288],[0,205],[-335,361],[72,479],[-169,275],[125,677],[538,835],[78,1757],[-35,211],[-163,164],[-564,56],[-64,91],[1076,2318],[180,51],[189,-93],[444,-700],[857,-211],[667,-452],[653,12],[579,325],[279,60],[852,-183],[81,195],[175,2212],[167,474],[446,586],[906,445],[484,395],[531,725],[324,675],[242,190],[166,265],[109,247],[120,749],[395,973],[357,511],[166,400],[107,1415],[829,2611],[894,1390],[433,1186],[2285,3571],[107,313]],[[2559888,3079944],[889,1147],[699,546],[457,477],[655,-110],[624,8],[466,399],[279,2],[206,-111],[182,-271],[309,9],[-44,-447],[186,-151],[155,-336],[120,-89],[279,85],[315,-66],[69,-366],[306,91],[208,-317],[292,-99],[503,430],[-13,291],[648,2],[311,-167],[337,401],[-23,251],[466,463],[661,18],[337,-556],[415,-196],[817,86],[518,-233],[824,67],[143,258],[825,455],[169,199],[198,861],[608,116],[432,303],[704,-57],[1555,-1209],[582,-150],[456,-8],[74,-66],[-236,-1191],[8,-1267],[636,-1698],[422,-827],[224,-876],[976,-2536],[112,-616]],[[2603486,3343910],[544,-68],[1223,-470],[358,-217],[409,-619],[28,-568],[804,-944],[299,-526],[337,7],[220,-109],[972,-901],[153,-446],[71,-647],[893,-571],[879,-333],[248,-360],[437,-412],[498,-353],[358,-123],[271,-409],[395,-332],[499,-232],[81,-195],[-69,33],[185,-202],[586,-461],[940,-447],[318,-330],[67,-182]],[[2615490,3333493],[-581,-186],[-653,-630],[-425,-165],[-1684,87],[-803,-1268],[42,-451],[-214,-493],[-524,-40],[-212,-152],[-411,35],[-254,133],[-347,1],[-297,-208],[-220,1],[-353,174],[-685,613],[-700,328],[-509,22],[-1621,-225],[-2004,-578],[-969,2],[-574,-116],[-524,-346],[-361,36],[-716,-325],[-325,133],[-340,-13],[-233,-104],[-341,-374],[-744,-421],[-652,-290],[-998,-234],[-525,-707],[-970,-95],[-290,154],[-1062,-386],[-248,14],[-862,578],[-622,-19],[-411,-235],[-439,64],[-966,1494],[-800,1065],[-591,1256],[-373,457],[-90,34],[-493,-149],[-612,46],[-333,134],[-985,-70],[-834,-387],[-442,-549],[-261,-171],[-759,-159],[-476,-359],[-617,-990],[-224,-573],[-193,-135],[-971,-22],[-831,478],[-525,54],[-293,-115],[-596,-675],[-272,-52],[-169,-126],[-90,-404],[-375,-553],[-114,-541],[-380,-673],[-886,-657],[-627,-252],[-500,-492],[-132,-302],[-58,-680],[188,-1488],[-456,-603],[-47,-358],[-230,-196],[-595,-2185],[-635,-969],[-1030,-989],[-289,-220],[-544,-237],[-637,-56],[-815,-286],[-917,-1606],[-434,-582],[-298,-249],[-259,-16],[-424,250],[-1010,65],[-666,356],[-429,17],[-302,-270],[-312,-529],[-806,-481],[-231,-311]],[[2559700,3316962],[321,-208],[99,17],[744,634],[-296,365],[-42,253],[106,142],[319,69],[163,128],[50,295],[-127,330],[50,160],[432,40],[135,104],[11,334],[156,291],[-59,323],[-237,188],[62,520],[227,159],[707,-105],[1304,997],[-50,302],[91,724],[-143,214],[-59,520],[95,257],[51,666],[239,549],[-93,330],[6,438],[129,335],[402,475],[225,549],[-34,604],[323,738],[8,195],[-1134,1044],[-318,108],[-179,510],[-6,663],[-442,26],[-336,125],[-73,205],[4,493],[682,1030],[0,1798],[246,641],[141,1097],[1243,2160],[365,391],[79,295],[531,315],[925,321],[898,-381],[1354,-333],[1490,53],[286,51],[383,218],[568,512],[527,280],[1645,-111],[921,60],[492,412],[682,877],[240,1284],[702,373],[869,956],[283,100],[1320,-97],[658,99],[906,-2],[301,90],[234,294],[392,1093],[249,443],[767,977],[652,576],[327,527],[107,326],[284,360],[454,311],[1126,560],[1133,330]],[[2586993,3350354],[369,104],[886,831],[348,186],[361,83],[559,-9],[778,-238],[346,-195],[996,-967],[1364,-712],[183,-250],[240,-160],[240,-403],[325,-279],[1054,109],[372,-194],[742,-6],[223,-94],[324,-644],[65,-287],[238,-352],[882,-451],[106,-316],[533,-781],[278,-131],[481,-510],[284,-177],[256,-280],[132,-355],[167,-94],[142,42],[44,169],[365,145],[140,164],[213,-74],[139,79],[290,-99],[-96,-352],[51,-201],[440,150],[425,-52],[286,165],[922,-8]],[[2485804,3084999],[-721,-1577],[-970,-474],[-769,-942],[-250,-434],[1,-880],[111,-585],[244,-546],[2,-312],[-307,-877],[-127,-1751],[-345,-242]],[[2482673,3076379],[-977,-328],[-634,-480],[-233,-365],[-79,-591],[-140,-289],[-750,-713],[-1544,-2041],[-249,-173],[-1476,-375],[-414,-786],[-1230,-1368],[-37,-258],[85,-654],[-89,-218],[-886,-540],[90,-690],[-55,-214],[-279,-464],[-632,-670],[90,-488],[726,-1602],[83,-688],[37,-1111],[-401,-1167],[-289,-216],[-1369,-675],[-1528,-146],[-1487,-10]],[[2469006,3059059],[-229,207],[-506,105],[-460,466],[-113,307],[-351,232],[-316,5],[-356,-162],[-488,-629],[-228,-133],[-444,-46],[-417,139],[-374,373],[-568,385],[-649,71],[-706,355],[-947,302],[-637,428],[-344,-69],[-273,-179],[-183,-268],[-72,-716],[111,-746],[-163,-388],[-223,-119]],[[2460070,3058979],[-131,40],[-182,219],[-394,139],[-121,369],[-435,189],[-253,349],[-779,-178],[-142,89],[-161,299],[-294,90],[-60,129],[-698,150],[-507,-238],[-152,-278],[-263,-139],[-264,-527],[-202,-199],[-699,-138],[-354,-288],[-91,90],[-10,467],[-71,80],[-638,-278],[-668,-29],[-141,-199],[-618,-258],[-619,-1292],[-112,-169],[-435,-268],[-142,-497],[-152,-159],[-506,130],[-567,-308],[-243,30],[-374,448],[-162,40],[-182,209],[-323,100],[-212,468],[-425,-10],[-172,428],[-344,41],[-202,268],[-273,21],[-243,258],[-364,-19],[-718,807],[-414,299],[-465,179],[-445,369],[-121,139],[-51,358],[-232,289],[-40,696],[-222,259],[163,1333],[173,567],[41,448],[-20,358],[-141,408],[225,1651],[-131,875],[-212,548],[-262,288],[-456,130],[-607,31],[-141,288],[-162,110],[-1052,91],[-81,388],[92,507],[-303,786],[-80,627],[-182,557],[275,1363],[-60,209],[-1071,1314],[-71,229],[-80,955],[314,517],[416,159],[101,308],[355,328],[-145,243]],[[2439880,3077659],[-576,560],[-22,187],[342,387],[-15,522],[167,321],[-356,381],[-68,209],[77,433],[-46,223],[-424,441],[-121,276],[342,962],[-363,896],[-106,493],[-82,805],[46,224],[-53,157],[-570,239],[-14,172],[167,298],[497,352],[87,249],[403,333],[726,1053],[68,254],[-59,488],[-160,471],[-343,629],[-79,825],[119,621],[264,803],[973,2170],[569,707],[149,296],[443,1816],[168,1430],[124,472],[446,1030],[627,1110]],[[2443227,3100954],[294,509],[-49,760],[64,316],[477,250],[85,215],[-349,577],[39,256],[347,38],[1402,-397],[148,114],[344,746],[307,243],[287,114],[455,-14],[618,-265],[607,-463],[593,-833],[787,-189],[283,-271],[109,-427],[289,-303],[21,-180],[278,-483],[46,-378],[-60,-240],[144,-424],[-60,-197],[-396,-142],[-128,-205],[455,-802],[123,-535],[-8,-441],[-149,-469],[-292,-136],[-177,-385],[186,-768],[-150,-1461],[214,-813],[13,-864],[595,-1452],[-88,-194],[-16,-1535],[171,-1375],[102,-93],[714,37],[1752,435],[219,-4],[290,-160],[310,-257],[1058,-1303],[-124,-929],[480,-407],[167,22],[637,384],[466,-1],[230,204],[866,-102],[718,-320],[1704,-76],[471,-145],[369,310],[33,182],[468,381],[884,277],[699,670],[436,199],[477,382],[548,127],[784,-98],[1006,-289],[993,51],[720,-373],[625,-445],[540,-209],[2610,-261],[522,-132],[396,-4],[622,148],[1745,-89],[699,86],[2691,-587],[467,378],[696,103],[541,259],[395,-45],[734,-369],[177,-11],[339,173],[551,-115],[869,51],[311,-202],[370,-448],[717,-354],[624,-483]],[[2409477,2993951],[75,-507],[366,-329],[-76,-312],[75,-482],[-257,-193]],[[2409660,2992128],[-319,-394],[-485,-285],[-221,-418],[-404,-63],[-70,-96],[134,-630],[-404,-460],[69,-905],[-290,74],[-372,-26],[-232,-238],[-10,-211],[225,-223],[-32,-365],[608,-191],[70,-111],[177,-43],[0,-116],[-275,-185],[-457,270],[-108,-550],[-280,-381],[-797,-757],[-249,-592],[-253,-175],[-237,-354],[-65,-339],[301,-418],[-48,-249],[-124,-21],[-65,116],[-261,102],[-159,-510],[-369,-183],[114,-482],[-142,-560],[118,0],[134,273],[199,-227],[110,-11],[123,279],[231,-204],[91,270],[108,-25],[83,-154],[-130,-304],[-568,-249],[-178,-200],[91,-96],[652,-113],[-14,-135],[-336,-135],[-49,-139],[469,-74],[-4,-65],[-215,-77],[-512,167],[-63,-27],[14,-195],[17,-97],[522,-441],[82,45],[-32,253],[78,0],[296,-333],[215,-806],[-213,-663],[236,-445],[67,-500],[254,101],[46,-295],[-46,-261],[-336,-350],[-156,-552],[67,-278],[-382,-777],[-572,-225],[-339,-420],[-322,-239]],[[2404466,2974435],[-432,399],[-737,883],[-363,663],[-600,752],[-609,1263],[-353,-152],[-173,14],[-165,159],[67,205],[-244,-159],[-36,-434],[-232,125],[-1003,-447],[-890,-534],[-576,-673],[-541,-378],[-597,-246],[-338,-3],[-329,-399],[-558,-163],[53,-121],[296,-56],[25,-59],[-102,-63],[-1225,-151],[-693,-441],[-667,-65],[-215,-198],[-74,31],[-60,275],[-501,-17],[-60,-118],[116,-424],[-494,355],[-30,392],[-270,189],[266,215],[-56,65],[-1098,-156],[-1037,218],[-345,351],[-162,-138],[-122,88],[-101,-85],[-510,-92],[-482,206],[-503,94],[-487,-14],[14,181],[544,357],[28,159],[-677,522],[-593,118],[-11,382],[-91,143],[-322,-160],[-921,63],[-466,292],[-399,-409],[-688,-45],[-3,302],[-957,-419],[-318,399],[-148,678],[-445,-104],[-439,307],[-478,-6],[-106,765],[-1588,47],[-259,105],[-253,-216],[-511,223],[-459,-52],[-166,52],[-199,268],[-611,255],[-472,347],[-717,347],[611,790],[-34,389],[184,30],[223,397],[123,956],[-48,606],[238,557],[426,422],[780,1372],[254,317],[268,1029],[583,537],[66,320],[225,271],[617,1379],[759,1124],[204,79],[185,414],[427,450],[541,186],[866,987],[255,168],[510,682],[782,592],[357,609],[644,305],[745,868],[200,278],[32,591],[191,665],[236,505],[663,786],[0,260],[157,327],[213,155],[84,605],[374,836],[430,183],[599,79],[147,148],[244,620],[616,322],[146,5],[268,243],[1001,1464],[255,881],[36,470],[401,1010]],[[2392592,3006761],[252,-510],[256,-200],[1067,-245],[458,-348],[633,-793],[544,-231],[475,-466],[159,-32],[115,95],[286,30],[93,287],[206,7],[157,129],[725,3],[473,-208],[104,-154],[131,55],[77,-55],[71,-258],[778,-562],[71,-311],[482,141],[213,-270],[286,109],[228,-311],[318,-98],[138,-190],[-78,-91],[41,-264],[-116,-165],[6,-127],[305,-125],[288,-625],[310,-201],[245,-493],[-97,-131],[30,-127],[382,-525],[745,-476],[560,-37],[276,160],[777,-207],[377,-312],[91,-338],[110,-86],[78,32],[225,474],[142,-52],[106,-304],[-68,-227],[38,-283],[-336,-454],[85,-90],[381,-90],[-25,-496],[-176,-23],[-23,-154],[292,-19],[153,161],[168,-70],[0,-249],[105,-135],[-172,-103],[12,-139],[218,-69],[20,-204],[206,-157],[102,-331],[304,-422],[332,-200],[445,-97],[461,-281],[764,-272]],[[2323364,3117713],[18874,-15119],[-11234,-24095],[-3914,-13616],[-37545,-31304],[-429,35],[-198,-91],[-27,-356],[-388,-300],[-526,-205],[-286,-223],[-139,-230],[-1,-296],[-71,-87],[-309,90],[-146,-63],[-148,327],[-210,-2],[-264,237],[-277,-248],[-331,83],[-159,-179],[-558,-321],[-148,-184],[-41,191],[-201,0],[-91,-224],[-257,-33],[-37,-180],[-113,-8],[-171,95],[50,161],[-138,287],[60,223],[-195,-60],[-177,143],[-566,-464],[-17,-196],[-83,227],[-153,-113],[-226,98],[-201,424],[-160,33],[-156,165],[-348,-349],[-30,-157],[-135,-132],[-395,-50],[-341,-377],[-98,25],[-112,198],[-63,-164],[-337,137],[-191,-51],[-84,91],[-221,-12],[-151,-113],[-218,176],[-104,224],[-208,-175],[-165,46],[-68,-114],[-293,299],[-223,-110],[-103,89],[-395,57],[-51,-90],[98,-218],[-75,-69],[-308,-35],[-235,156],[-135,-35],[-173,214],[-289,-236],[-162,-11],[-112,-141],[-280,-8],[-201,-154],[-227,110],[-112,-85],[-132,93],[-92,-82],[-204,5],[-227,141],[-274,-138],[-115,22],[-640,307],[-93,159],[-386,75],[-81,221],[-218,104],[-162,-99],[-78,-415],[-157,-65],[6,175],[-94,36],[-696,-581],[-135,155],[-255,-214],[-136,5],[-185,237],[-250,44],[-175,-331],[-306,240],[-249,33],[-132,-86],[255,-175],[-494,-83],[-551,147],[-239,-213],[-119,-235],[-194,-88],[-153,-381],[-169,324],[-324,-136],[26,194],[-157,130],[-325,-33],[-223,371],[-251,50],[-286,395],[-404,-90],[-600,161],[-98,397],[-162,15],[-148,-248],[-294,6],[-294,190],[-221,-181],[-295,124],[-559,-170],[-120,114],[115,283],[-165,-41],[-216,96],[-210,-115],[-174,172],[-33,-205],[-229,355],[-128,-27],[-276,-269],[-180,-15],[-15,252],[-212,137],[-114,223],[-183,92],[-423,-18],[-412,330],[-322,-5],[-34,-107],[-60,121],[-108,20],[-30,-234],[-143,-68],[-418,61],[-408,455],[-158,-156],[-465,151],[-277,-43],[-351,-220],[-125,9],[-176,215],[-129,-226],[-272,-49],[-293,-215],[-20,-123],[149,-272],[-144,-212],[-98,-26],[-294,201],[-437,-36],[-409,137],[-444,567]],[[2252816,3194257],[278,-340],[705,-577],[133,-404],[-175,-1641],[271,-266],[1493,-53],[271,-347],[-81,-426],[-1059,-107],[-651,-240],[-461,-426],[-109,-1546],[245,-639],[-27,-666],[-272,-240],[-705,-54],[-787,-320],[-624,-426],[-163,-719],[217,-507],[272,-293],[407,0],[624,373],[379,453],[570,400],[1113,320],[542,-53],[570,-400],[896,-1066],[1573,-453],[299,-373],[54,-453],[-244,-320],[-407,-213],[-516,-53],[-501,56],[-1588,477],[-651,-27],[-651,-187],[-977,-932],[-515,-1120],[-489,-639],[-27,-240],[217,-293],[462,-187],[542,-106],[1275,0],[489,-80],[325,-373],[136,-400],[-678,-1359],[27,-373],[190,-320],[353,-293],[515,-133],[1330,106],[651,-186],[434,-400],[217,-506],[27,-427],[-108,-319],[-299,-187],[-1275,-426],[-488,-347],[-299,-400],[-81,-319],[27,-427],[244,-479],[434,-294],[1818,-692],[543,-293],[217,-294],[0,-479],[-244,-240],[-1031,-53],[-489,-160],[-298,-267],[-217,-426],[0,-480],[271,-613],[1167,-1199],[705,-1226],[-108,-666],[-299,-480],[-380,-426],[-678,-533],[-536,-772],[36,-812],[539,-1024],[-93,-270],[-217,-293],[-380,-160],[-502,123],[-1036,765],[-496,98],[-489,-267],[-325,-373],[-109,-586],[163,-480],[299,-453],[352,-320],[950,-453],[569,-80],[1004,-319],[190,160],[27,266],[-271,853],[23,506],[140,213],[418,-22],[1209,-964],[299,-106],[352,0],[380,186],[977,960],[1722,970],[661,41],[1116,-325],[82,-243],[-310,-771],[0,-305],[186,-466],[1074,-1279],[166,-467],[20,-365],[-227,-710],[21,-304],[640,-1198],[0,-263],[-537,-974],[-103,-427],[82,-1156],[145,-812],[41,-1136],[-124,-305],[-186,-162],[-372,-20],[-702,142],[-929,527],[-476,122],[-578,-101],[-599,-447],[-206,-345],[0,-304],[206,-325],[331,-223],[433,-61],[1116,102],[1012,-386],[248,-284],[495,-994],[36,-658],[489,-671],[262,-1027],[22,-380],[330,-302],[398,112],[114,134],[34,313],[102,67],[91,-56],[74,-309],[137,-192],[93,16],[-8,319],[85,33],[452,-586],[188,-67],[119,678],[310,140],[539,618],[601,-159],[392,73],[110,-59],[-246,-231],[252,-82],[-95,-262],[35,-96],[235,89],[269,318],[183,0],[145,-208],[294,-19],[-38,-217],[208,17],[117,-111],[45,-258],[233,181],[222,-38],[131,-252],[322,-283],[346,274],[293,3],[142,293],[115,56],[311,-315],[-67,-352],[200,-59],[347,166],[584,-138],[372,12],[201,338],[230,-142],[106,503],[92,49],[237,0],[71,-146],[123,201],[99,0],[399,-464],[194,-13],[452,99],[268,239],[289,111],[1215,168],[377,-16],[193,-77],[187,-214],[-93,-544],[75,-111],[448,-33],[695,-269],[678,-11],[617,122],[808,-217],[209,45],[-45,194],[91,56],[181,-156],[318,-64],[60,-125],[-39,-211],[249,191],[196,-163],[297,87],[70,-319],[138,-153],[173,132],[329,-191],[-92,-153],[156,-104],[15,-153],[195,-285],[468,-75],[159,-316],[125,-82],[539,-90],[244,-143],[160,49],[450,-209],[341,-293],[64,-147],[235,15],[209,293],[301,-2],[508,169],[406,15],[234,-236],[584,-123],[286,-307],[803,-377],[176,-234],[304,-55],[51,-255],[223,73],[95,-51],[64,-136],[-32,-354],[187,-21],[174,-212],[130,-438],[103,-90],[212,42],[155,399],[106,-4],[-99,-218],[92,-188],[152,181],[240,31],[128,125],[81,-122],[227,56],[141,-133],[286,133],[272,-278],[328,118],[252,-146],[-40,-271],[276,77],[181,-217],[142,106],[122,-18],[-18,-180],[103,-136],[-53,-232],[85,-77],[354,177],[153,214],[192,60],[371,7],[-49,-222],[423,59],[100,-219],[-163,-177],[55,-159],[231,-261],[290,-80],[50,-97],[-71,-202],[392,-257],[5,-262],[-142,-111],[-142,-16],[-310,195],[-60,-81],[327,-346],[-310,-395],[171,-56],[61,-233],[168,-73],[70,-191],[481,-126],[101,-122],[151,5],[432,125],[123,253],[326,18],[596,-628],[241,107],[509,13],[163,-229],[102,-29],[0,-197],[-185,-142],[-4,-86],[189,-140],[307,-23],[-28,-138],[-152,-112],[410,-649],[-61,-164],[-274,-209],[0,-276],[-106,-298],[76,-328],[-8,-679],[440,-568],[441,-127],[-8,-455],[311,135],[-106,-239],[76,-90],[220,37],[463,-373],[69,-119],[-61,-291],[60,-105],[365,0],[175,306],[76,396],[622,-157],[76,-246],[-243,-247],[160,-29],[258,290],[121,30],[152,-239],[152,23],[167,388],[258,44],[183,299],[91,-142],[106,216],[91,-7],[175,239],[53,97],[-197,156],[38,75],[205,127],[638,-202],[76,134],[182,45],[402,-23],[38,105],[-273,172],[-30,89],[68,23],[418,-90],[144,-142],[349,82],[46,269],[235,-97],[266,37],[84,-90],[235,60],[-8,-179],[99,-67],[228,290],[220,-112],[448,366],[183,268],[61,314],[349,-30],[152,164],[83,-97],[61,246],[380,-119],[205,74],[334,575],[167,96],[107,209],[106,105],[327,82],[98,-23],[175,-350],[349,-45],[198,-239],[121,-23],[-8,202],[213,-8],[91,-52],[46,-201],[433,67],[227,-97],[129,-165],[-106,-44],[-8,-150],[-182,-44],[61,-120],[342,-37],[167,127],[60,-209],[76,156],[266,-104],[129,552],[456,149],[273,-75],[365,-380],[265,-665],[312,-238],[30,-239],[99,-60],[227,194],[448,-388],[448,-246],[258,44],[593,-90],[-76,-238],[45,-90],[296,201],[365,97],[395,-89],[197,89],[114,-37],[91,-202],[107,-15],[167,261],[76,8],[205,-232],[-54,-141],[137,-165],[-84,-156],[183,-396],[220,-171],[-92,-269],[167,-97],[-30,-75],[-129,-14],[152,-112],[-312,-135],[-197,-313],[212,-873],[-182,-179],[-175,-582],[-31,-709],[190,-403],[-23,-485],[425,-522],[182,-567],[-137,-1209],[-654,-992],[-23,-604],[46,-224],[379,-522],[562,-344],[113,40]],[[2691764,3172391],[-544,82],[-643,-87],[-589,-248],[-479,-61],[-435,-157],[-298,-313],[-226,-70],[-2735,99],[-809,121],[-458,249],[-253,29],[-345,-126],[-158,-263],[-318,-135],[-378,-46],[-360,-247],[-311,-84],[-412,-28],[-646,212],[-693,-148],[-537,44],[-1043,-419],[-343,63],[-232,273],[-555,26],[-518,-234],[-635,-712],[-311,-54],[-507,154],[-380,-223],[38,376],[-479,980],[7,176],[199,261],[-155,365],[-993,326],[-337,197],[-242,268],[-421,811],[-235,251],[-475,57],[-730,290],[-526,374],[-769,247],[-203,306],[-6,201],[410,643],[16,271],[-197,292],[-724,689],[-480,630],[-203,104],[-203,-4],[-840,-548],[-1043,-521]],[[2667022,3177130],[-32,96],[99,153],[-59,398],[55,1297],[-117,391],[476,1467],[265,530],[190,1041],[-151,377],[-162,171],[-713,295],[-856,1120],[-530,459],[-637,922],[-1130,966],[-740,507],[-1065,948],[-1182,584],[-443,627],[-302,-86],[-367,429],[-281,194],[-360,169],[-546,89],[-725,479],[-166,163],[-162,431],[-178,155],[-1260,411],[-351,766],[-267,58],[-482,264],[-666,659],[-89,424],[117,555],[-54,547],[-196,488],[-543,588]],[[2653412,3196262],[-360,614],[-83,639],[30,583],[-348,1973],[201,1165],[243,638],[-82,1056],[-84,403],[-478,1028],[100,180],[-14,278],[-477,1154],[-56,375],[86,374],[-140,487],[-183,319],[-55,375],[426,964]],[[2518670,3086935],[232,-472],[-28,-379],[485,-56],[667,-355],[283,-288],[684,-128],[373,-374],[-96,-385],[712,-1069],[-202,-335],[406,-609],[-81,-1527],[175,-663],[403,-540],[-81,-506],[224,-415],[147,-766],[-53,-192],[-170,-135],[-79,-435],[-622,-230],[-98,-319],[21,-333],[-214,-129],[-634,-7],[-137,-625],[-289,-576],[-484,-308],[21,-143],[377,-474],[-3,-137],[-193,-321],[-28,-323],[204,-781],[174,-234],[-134,-143],[219,-450],[-64,-644],[-142,223],[-85,-8],[-273,-235],[-43,-231],[50,-304],[279,-305],[107,-579],[190,-492],[-262,-678],[-190,-1137],[-702,-382],[-347,-608],[82,-367],[326,-419],[33,-323],[157,-244],[121,-523]],[[2512714,3058053],[-640,-65],[-748,416],[-354,-1],[2,-206],[-330,200],[-241,329],[-311,255],[-966,518],[-580,113],[-1074,6],[-297,97],[-180,154],[-20,196],[-243,152],[-237,-10],[-231,304],[-1419,513],[-137,335],[-292,-55],[-53,468],[238,294],[-211,229],[-661,370],[-629,192],[-532,502],[-1173,589],[-842,516],[-491,410],[-502,222],[-866,792],[-181,70]],[[2498513,3065958],[-115,133],[-372,46],[-350,-224],[-308,67],[-487,-149],[-212,242],[-396,-54],[-449,115],[-555,507],[-402,-66],[-87,59],[-55,271],[-192,102],[-43,169],[-141,135],[-814,183],[-362,204],[-417,380],[-445,78],[-262,146],[-620,726],[-387,305],[-547,273],[-58,265]],[[2490437,3069871],[105,33],[276,358],[1082,731],[585,566],[365,494],[209,2283],[-85,482],[-141,273],[160,524],[-84,591],[147,-18],[142,-215],[159,-45],[465,257],[267,53],[1193,-374],[627,-49],[369,199],[1009,151],[999,338],[909,46],[709,-361],[432,-126],[895,57],[1343,-241],[1965,180],[364,-105],[331,66],[472,-138],[1164,287],[475,198],[566,363],[262,366],[131,54],[860,-53],[159,56],[118,435],[308,304],[229,522],[466,739],[569,767],[254,198],[105,395],[7,1652],[635,566],[162,749],[508,1182],[683,1172],[-6,350],[370,1079],[-18,276]],[[2513713,3087538],[227,409],[92,358],[195,208],[298,805],[229,10],[103,-202],[331,-21],[350,-258],[865,-39],[579,-119],[593,-203],[1207,-581],[-329,-653],[217,-317]],[[2460070,3058979],[-146,-138],[-1327,-286],[-810,-925],[-537,-466],[-244,-587],[90,-567],[-81,-129],[-789,-139],[-810,-416],[-487,-537],[-466,-377],[-445,-735],[-801,-895],[-548,-746],[-335,-1084],[-628,-844],[-355,-60],[-404,80],[-284,-79],[-172,-368],[-41,-358],[80,-925],[-41,-318],[-254,-398],[-396,-1074],[-447,-1641],[-569,-1581],[-20,-427],[91,-219],[374,-309],[40,-139],[-132,-199],[-597,-377],[-294,-328],[-680,-1154],[20,-159],[112,-79],[293,-11],[253,50],[365,258],[202,-30],[202,-279],[81,-318],[-72,-577],[50,-348],[131,-319],[384,-508],[20,-238],[-527,-995],[-962,-844],[-466,120],[-283,179]],[[2447408,3036136],[-78,1285],[-516,389],[-566,229],[-597,1],[-324,-169],[-1670,-267],[-465,101],[-880,388],[-101,359],[-232,288],[-152,359],[-121,547],[843,2267],[285,1303],[-546,389],[-162,427],[-404,-49],[-1153,459],[-961,558],[-2994,750],[-2256,917],[-273,60],[-820,-248],[-1295,-117],[-1700,240],[-1770,639],[-364,60],[-1306,-108],[-1103,110],[-374,-99],[-1701,-774],[-658,-198],[-3299,-116],[-386,-172],[-952,-656],[-183,-229],[-304,-1282],[-396,-418],[-536,-119],[-648,51],[-546,219],[-242,309],[-901,160],[-1365,1145],[-413,1095],[-142,199],[133,845],[-10,517],[101,219],[-19,617],[-152,338],[82,1164],[112,597],[173,318],[-91,458],[31,268],[334,706],[-30,179],[-890,111],[-628,209],[-1183,240],[-1083,359],[-1396,81],[-749,349],[-182,259],[-39,806],[-395,328],[-384,190],[-556,577],[-1224,578],[-162,140],[-182,477],[-141,110],[-91,219],[-141,179],[-173,20],[-70,129],[-20,766],[-121,667],[142,328],[-141,130],[-30,258],[314,477],[-384,538],[152,268],[-223,220],[87,125]],[[2403452,3061782],[311,-179],[395,-381],[569,216],[175,462],[159,67],[266,-276],[592,201],[516,-90],[608,395],[197,253],[281,-90],[782,283],[379,-90],[502,477],[167,30],[280,-455],[554,-270],[243,0],[273,224],[99,-60],[227,-328],[736,-516],[7,-380],[152,-105],[478,-45],[455,-217],[532,-45],[189,-508],[-251,-470],[114,-231],[7,-239],[114,-89],[280,-75],[751,-568],[812,-16],[236,-194],[417,119],[789,-404],[265,-366],[471,-75],[205,52],[273,269],[874,543],[182,187],[297,574],[136,97],[372,7],[350,522],[107,298],[235,15],[114,-82],[143,-299],[138,918],[122,179],[744,663],[334,119],[411,790],[782,596],[244,306],[8,336],[-190,470],[-14,440],[190,172],[493,118],[327,254],[266,574],[312,425],[251,716],[15,351],[434,596],[-144,806],[829,1275],[943,1715],[290,1171],[1,537],[198,529],[31,582],[-129,321],[30,261],[670,1007],[516,208],[319,366],[388,260],[584,223],[828,164],[380,253],[1215,357],[250,-38],[561,-433],[577,-128],[463,-254],[1108,73],[873,-321],[630,-120],[630,111],[1139,670],[964,111]],[[2607222,3077251],[-87,-500],[-1036,-1830],[-793,-1026],[-695,-1081],[-552,-499],[-510,-873],[-143,-308],[-14,-400],[111,-639],[562,-1293],[240,-292],[888,-682],[408,-834],[140,-389],[-57,-458],[-454,-915],[83,-556],[155,-320],[1015,-668],[378,-1362],[251,-1458],[183,-514],[605,-807],[196,-709],[183,-278],[297,-209],[931,-252],[1795,218],[324,-56],[677,-626],[1072,-613],[535,-557],[407,-1237],[563,-903],[308,-1181],[-15,-222],[113,-237],[139,-930],[84,-209],[268,-209],[42,-208],[-142,-347],[168,-528],[745,-1501],[817,-1057],[-424,-82],[-709,-1109],[-480,140],[-240,-28],[-1128,753],[-283,-111],[-878,-1095],[-129,-680],[506,-1070],[-244,-999],[19,-1600],[-115,-899],[-419,-666],[-583,-276],[343,-392],[737,-59],[529,-148],[631,-589],[192,-6],[632,-268],[1800,-954],[503,-123],[277,88],[468,-134],[592,-390],[316,-556],[-30,-511],[298,-801],[21,-1067],[325,-967],[-53,-247],[-1114,-1044],[-1177,-716],[-135,-268],[72,-688],[-64,-302],[-574,-883],[-128,-292],[-65,-520],[179,-438],[349,-188],[530,-126],[487,-12],[286,-136],[93,-625],[-149,-489],[-584,-800],[-393,-197],[-953,-196],[-159,-135],[41,-219],[984,-721],[263,-750],[-44,-448],[-798,-1643],[31,-302],[963,-429],[635,-137],[1081,289],[699,50],[264,-302],[464,-824],[349,-375],[157,-605],[0,-187],[-288,-770],[-233,-260],[-55,-573],[-170,-457],[21,-209],[169,-240],[72,-708],[-172,-947],[-223,-447],[-1051,-925],[-225,-1301],[143,-588]],[[2603230,2997367],[-251,170],[-650,783],[-831,508],[-204,312],[-663,1960],[-506,1018],[-610,34],[-1712,-413],[-795,385],[-778,635],[-610,201],[-913,685],[-490,618],[-980,1368],[-286,934],[-186,250],[-220,100],[-356,-82],[-373,150],[-627,-265],[-1034,-114],[-594,-632],[-1,-250],[-238,-216],[-1169,-231],[-559,84],[-1015,1002],[-457,267],[-1541,203],[-848,-98],[-1255,-647],[-2104,162],[-927,-132],[-406,201],[-942,707],[-1767,598],[-400,212],[-2066,2275],[-381,112],[-1851,-732],[-651,-402],[-283,-360],[-988,-54],[-1257,225],[-1030,293],[-578,390],[-563,1098],[-141,112],[-1891,378],[-2132,46],[-2781,588],[-706,224],[-465,292],[-84,403],[87,1347],[-154,639],[-409,445],[-422,653],[-634,529],[-1820,892],[-1044,710],[-197,334],[-450,1250],[-338,570],[-592,557],[-211,430],[-282,334],[-889,168],[-719,390],[-410,84],[-438,-54],[-1625,-650],[-863,-623],[-155,42],[-126,305],[-27,847],[-309,737],[-466,487],[-973,654],[-1851,-413],[-650,-360],[-847,-68],[-296,348],[-155,486],[-109,2055],[-294,1528],[87,1347]],[[2580229,3072893],[2602,-131],[2022,161],[1792,-177],[318,172],[221,295],[125,390],[398,303],[486,86],[847,-141],[284,529],[813,519],[469,572],[1281,231],[371,347],[823,510],[1033,223],[751,259],[2102,299],[751,-19],[1157,267],[1220,570],[327,286],[576,745],[884,570],[662,94],[1385,-558],[2515,-509]],[[2606444,3078786],[175,-790],[193,-330],[410,-415]],[[2607785,3165009],[490,-273],[536,-182],[426,-284],[789,9],[876,-291],[310,-408],[367,-782],[10,-362],[501,-477],[362,-171],[287,-436],[564,-426],[558,-568],[472,-199],[287,-289],[511,-998],[-169,-600],[-12,-435],[137,-510],[275,-437],[261,-637],[134,-135],[925,-388],[130,-177],[-11,-423],[-172,-684],[74,-337],[1220,-926],[257,-500],[-3,-868]],[[2618177,3151815],[-610,-144],[-474,152],[-168,198],[-1125,-819],[-661,-203],[-342,0],[-675,290],[-609,101],[-1190,406],[-942,207],[-576,-115],[-43,888],[572,829],[0,608],[-96,297],[89,264],[-38,213],[-569,625],[-798,422],[-317,-21],[-453,-166],[-404,-480],[-657,66],[-173,204],[-453,155],[-264,249],[-309,977],[-109,110],[-365,156],[-577,-277],[-320,132],[-274,-35],[-59,-694],[158,-293],[-190,-373],[91,-487],[-235,-1261],[415,-1160],[28,-386],[-805,-2183],[-499,-428],[-14,-418],[-208,-338],[-154,-148],[-257,41],[-369,-470],[-67,-663],[282,-1194],[-64,-194],[-270,-231],[-345,31],[-692,363],[-411,-42],[-285,-200],[-475,-894],[-305,-311],[-123,-580],[-563,-377],[-116,-165],[-899,-387],[-619,-48],[-285,162],[-418,-149],[-436,-17],[-471,190],[-502,449],[-281,93],[-50,349],[-287,264],[158,197],[-320,753],[128,208],[29,374],[71,83],[-80,237],[-406,318],[-267,461],[-255,-92],[-609,55],[-181,-116],[1,-274],[-231,-511],[-761,-538],[-129,-354],[-103,-61],[-698,59],[-131,-166],[-199,2],[-752,293],[-492,-242],[-397,29],[-1305,-450],[-1053,165],[15,-545],[-205,-751],[-295,147],[-408,-52],[-207,-292],[-23,-226],[-125,-61],[-205,-422],[-192,-59],[-239,-230],[-328,-558],[432,-526],[-24,-712],[100,-417],[-161,-460],[150,-287],[3,-182],[-240,-496],[522,-859],[59,-605],[-119,-637],[49,-375],[-70,-837],[94,-287],[-20,-328],[-246,-509],[-693,-207],[-29,-245],[-118,-194],[-599,-512],[-311,-46],[-184,-115],[-515,-624],[-634,-1045],[-524,-610],[-522,-1697],[-359,-569],[296,-218],[560,-200],[60,-773],[-110,-763],[55,-426],[427,-1070],[371,-279],[-687,103],[-76,-166],[-561,-252],[-433,-329],[-264,123],[29,-188],[-128,-80],[-901,-353],[-671,-27],[-984,-404],[-646,72],[-132,201],[-215,-167],[-90,55],[-627,645],[-73,302],[46,432],[-367,-296],[-405,-124],[-679,-374],[-394,714],[-589,616],[-312,196],[-72,-154],[-37,-911],[-676,-134],[-333,61],[-313,256],[-372,753],[-127,81],[135,-399],[-22,-367],[-196,-236]],[[2571801,3124875],[-813,466],[-304,-3],[-551,-193],[-385,-10],[-869,165],[-766,509],[-526,202],[-289,285],[-321,81],[-265,257],[-590,12],[-988,210],[-798,311],[-1076,800],[-447,591],[-56,372],[-254,104],[-162,473],[-194,76],[-131,-3],[-124,-114],[-183,35],[-575,539],[-502,-72],[-492,-582],[-453,-190],[-241,-204],[-473,122],[-544,22],[-666,966],[-1301,940],[-608,88],[-561,466],[-352,574],[-123,490],[-320,580],[-505,444],[-52,262],[-161,123],[-290,-115],[-49,-237],[-697,-189],[-222,-157],[-73,-151],[-455,-74],[-81,-126],[-177,8],[-345,-152],[-361,-269],[-609,-290],[-602,-468],[-505,125],[-142,-88],[-143,188],[-171,-15],[-172,338],[107,250],[-127,236],[85,83],[-146,1382],[163,525],[-177,80],[-361,-54],[-90,574],[-281,161],[75,953],[-363,1312],[73,401],[-145,214],[214,867],[47,652],[198,194],[-55,472],[198,194],[272,76],[227,420],[-38,229],[-233,108],[61,448],[-81,430],[43,167],[287,562],[414,173],[163,162],[61,216],[318,113],[-384,779],[-296,386],[36,340],[-250,351],[369,534],[103,416],[311,208],[-101,545],[290,242],[262,458],[29,208],[230,198],[139,423],[-13,573],[220,343],[92,323],[213,263],[353,218],[-105,243],[-24,379],[125,454],[-540,369],[19,740],[-379,1215],[-20,823],[-98,205],[-276,309],[-1422,791],[-490,557],[-82,377]],[[2547906,3157267],[-44,161],[-530,410],[-1659,670],[-278,594],[-536,664],[-31,459],[250,1110],[249,391],[266,132],[532,1189],[-187,157],[-161,469],[-487,705],[-285,796],[544,597],[370,662],[-31,364],[-300,390],[-72,413],[186,435]],[[2545702,3168035],[661,-36],[408,303],[299,44],[317,293],[705,-341],[878,42],[461,338],[246,46],[257,301],[420,-34],[-224,173],[78,150],[293,135],[823,148],[195,-73],[248,-327],[713,-2],[255,-180],[89,27],[229,442],[288,-405],[278,131],[188,-247],[628,-72],[440,136],[383,-208],[572,86],[344,-323],[150,-306],[424,-105]],[[2467436,3172508],[472,-339],[642,-646],[85,-174],[-923,-2564],[112,-528],[10,-587],[-51,-937],[-131,-465],[647,-2228],[-106,-638],[51,-796],[-213,-890],[-345,-1053],[-170,-897],[-152,-336],[-885,-832],[-263,-903],[-207,-266],[-425,-360],[-362,-137],[-880,-582],[-500,-467],[-244,-923],[-624,-689],[-336,-917]],[[2462638,3153354],[-112,-345],[-174,-218],[-379,-349],[-450,-157],[-138,-302],[17,-319],[-517,-528],[-63,-577],[-227,-227],[-338,-998],[81,-271],[251,-271],[-30,-576],[96,-278],[-460,-173],[-276,-201],[-470,-83],[-259,-555],[-881,-638],[-382,-402],[-113,-236],[-153,-770],[-478,-770],[59,-595],[-178,-964],[136,-1003],[-191,-726],[-337,-405],[-251,-156],[-724,-187],[-679,-381],[-348,-822],[-92,-122],[-283,-87],[0,-387],[-478,-413],[-414,-721],[-75,-444],[42,-389],[299,-896],[252,-1608],[-397,-1416],[21,-125],[434,-462],[-18,-261],[-47,-142],[-650,-475],[-450,-450],[-227,-542],[-124,-642],[-365,-468],[-428,-329],[-597,-270],[-869,-2335],[151,-747],[78,-101],[222,-49],[384,-861],[-43,-868],[158,-1024],[23,-920]],[[2451177,3121317],[-773,-112],[-240,-163],[-244,-55],[-1275,-44],[-410,-117],[-1315,-131],[-915,19],[-1106,195],[-774,-51],[-307,122],[-706,681],[-664,157],[-625,39],[-720,216],[-1479,1294],[-996,393],[-269,25],[-261,-121],[-135,-160],[-641,-1016],[-245,-1007],[-99,-139],[-385,-221],[-742,77],[-856,-944],[-1834,-619],[-319,-527],[-191,-122],[-452,105],[-505,247],[-251,11],[-1056,-75],[-163,-167],[-300,-17],[-820,248],[-652,331],[-489,84],[-1095,-10],[-1113,-249],[-1074,50],[-230,-94],[-96,-132],[-134,-440],[-86,-837],[-81,-153],[-287,-187],[-516,-86],[-1189,6],[-336,-87],[-459,-228],[-683,-659],[-332,-101],[-378,-20],[-738,143],[-760,-62],[-551,317],[-723,875],[42,243],[301,243],[230,406],[-49,729],[234,649],[29,469],[-244,257],[-459,143],[-257,226],[-35,336],[170,459],[0,246],[-169,986],[-479,1566],[-183,313],[-229,122],[-333,-59],[-859,-502],[-473,-167],[-626,-16],[-689,278],[-794,525],[-660,605],[-551,268],[-897,261],[-1866,214],[-829,677],[-1307,762],[-2367,318],[-806,-27],[-714,-166],[-657,11],[-166,49],[-561,490],[-530,309],[-406,150],[-770,112],[-598,-156],[-2262,-1508],[-779,-1155],[-325,62],[-550,1112],[-445,382],[-491,358],[-1179,543],[-1202,-378],[-580,-346],[-502,-31],[-583,118],[-109,-59],[-417,18],[-237,-166],[-152,-14],[-555,219],[-335,38],[-194,247],[-234,-152],[-205,7],[-338,500],[-128,73],[-95,-66],[-96,-281],[-187,-52],[-212,115],[-205,-7],[-293,174],[-212,0],[-138,-448],[-135,-191],[-99,-3],[-770,233],[-81,240],[-102,59],[-7,364],[-190,84],[-93,10],[-364,-319],[-470,-228],[-374,132],[-533,-121],[-18,-205],[-81,-34],[-1512,515],[-110,146],[40,496],[-276,403],[146,545],[-95,295],[-710,445],[-188,-73],[-261,-291],[-227,28],[-102,128],[-3,257],[205,517],[-187,49],[-35,215],[375,969],[286,-11],[202,198],[-53,479],[202,170],[605,1496],[283,187],[177,771],[-243,375],[53,343],[149,209],[251,10],[413,-174],[170,156],[-424,365],[357,-4],[156,194],[7,285],[-223,136],[-45,368],[-357,38],[-197,119],[-623,-104],[-155,150],[-162,482],[-184,164],[-240,-90],[-39,-143],[78,-222],[-150,-306],[-179,-80],[-523,362],[96,191],[-92,223],[-279,93],[-399,303],[-198,-233],[-276,32],[-106,-285],[-159,-79],[-661,73],[-929,386],[-191,201],[-10,167],[213,1361],[0,139],[-290,413],[181,441],[-32,121],[-455,272],[-36,177],[124,159],[-84,177],[-559,167],[-225,483],[-114,-28],[-452,-516],[46,-164],[127,-59],[24,-267],[180,-347],[-18,-250],[-127,-84],[-230,11],[-198,-205],[-608,-17],[-279,-117],[-296,340],[-325,108],[-509,-76],[-343,323],[-824,-364],[-367,-45],[-353,63],[-103,-403],[-226,14],[-166,823],[-88,73],[-569,-149],[-173,504],[-3,743],[297,392],[-67,344],[-724,104],[-109,712],[-272,181],[-290,4],[-279,-98],[-311,-294],[-357,94],[-325,243],[-208,1142],[463,403],[-10,90],[-983,-76],[-187,-486],[-177,-128],[-134,10],[-435,202],[-688,1052],[177,400],[-39,503],[365,583],[74,524],[-74,219],[-304,136],[-35,142],[85,250],[195,187],[-18,229],[-477,608],[22,111],[357,326],[156,427],[-389,261],[-282,309],[-64,486],[375,0],[307,139],[131,336],[351,281],[60,507],[307,-83],[339,-532],[262,-153],[176,38],[170,264],[287,166],[696,66],[195,1222],[-88,392],[-176,174],[-760,0],[-368,154],[117,656],[-60,59],[-523,76],[-243,119],[81,270],[195,174],[49,212],[96,79],[314,35],[583,-174],[99,66],[184,437],[-52,413],[-442,-20],[-339,375],[-145,49],[-410,-389],[-499,146],[-448,-27],[-29,83],[259,427],[-14,205],[-159,76],[-863,-346],[-198,-4],[-32,80],[12,1052],[223,562],[407,490],[-223,232],[-360,77],[-14,191],[81,573],[-17,711],[212,226],[157,802],[-241,351],[-65,507],[-809,-152],[-303,110],[-5,375],[227,392],[211,-63],[246,-475],[120,113],[-45,957],[-612,1100],[552,509],[33,115],[-109,95],[-623,90],[-84,193],[28,290],[155,292],[331,67],[155,125],[-452,325],[-260,-35],[-409,-329],[-107,50],[-33,407],[-104,143],[112,559],[-66,93],[-204,50],[-5,85],[115,337],[387,447],[983,532],[40,187],[-48,100],[-282,111],[-420,-90],[-451,-260],[-239,50],[-22,295],[387,305],[71,435],[268,529],[-186,293],[-676,380],[-18,347],[661,-98],[67,90],[-87,250],[-513,153],[-158,612],[273,617],[69,685],[295,315],[268,469],[249,-42],[867,-673],[975,-276],[142,70],[28,110],[-9,805],[76,257],[168,180],[430,15],[104,80],[-55,132],[-619,73],[-71,157],[1019,897],[-66,302],[-512,3],[-155,93],[28,145],[334,174],[102,328],[13,542],[-468,625],[33,190],[410,322],[8,380],[-231,115],[-715,10],[-204,-477],[-257,30],[-435,198],[8,125],[152,177],[631,115],[136,334],[211,245],[-488,343],[-503,1257],[-832,188],[-341,128],[-158,152],[11,73],[473,272],[718,257],[64,202],[-100,143],[-496,272],[-636,-72],[-76,103],[99,122],[346,105],[72,205],[275,327],[-153,123],[-211,-20],[-150,-233],[-122,70],[-21,165],[449,307],[501,-257],[366,469],[311,157],[-41,263],[-275,468],[-10,323],[106,59],[774,-11],[110,392],[124,-14],[127,-288],[95,-21],[106,319],[-113,213]],[[2364641,3190220],[241,155],[508,3],[916,-340],[779,204],[160,-128],[122,-590],[155,-135],[368,-102],[549,7],[74,62],[111,568],[178,-18],[-33,-463],[189,-565],[-205,-535],[85,-324],[256,-154],[322,-415],[368,324],[248,-372],[415,-59],[301,346],[297,33],[26,-259],[-112,-306],[41,-145],[497,-34],[-435,-476],[-22,-121],[-11,-535],[251,-452],[86,-11],[293,258],[412,452],[19,400],[504,124],[86,-190],[-142,-462],[41,-255],[433,-434],[709,-139],[415,58],[309,318],[92,10],[215,-204],[567,-139],[393,-270],[60,84],[-137,368],[182,378],[104,69],[144,-87],[48,-474],[445,-55],[130,99],[194,681],[215,65],[266,-448],[442,-376],[36,-149],[-59,-153],[-590,-324],[-238,-237],[827,-317],[167,11],[294,338],[319,135],[118,-51],[30,-281],[118,-76],[89,51],[-92,287],[145,29],[281,-102],[12,248],[118,43],[182,-69],[112,281],[281,-1],[119,343],[119,-70],[56,-189],[155,-48],[86,168],[156,14],[92,139],[-148,160],[30,117],[408,-66],[111,47],[-48,135],[-274,131],[163,51],[178,208],[226,-168],[245,367],[286,80],[-7,88],[-182,95],[15,182],[-263,-44],[33,161],[267,236],[23,237],[430,120],[30,167],[-226,201],[89,58],[167,-77],[141,310],[201,169],[-66,347],[88,552],[-201,233],[-74,222],[-590,511],[-42,330],[99,194],[-113,233],[662,527],[136,289],[124,1830],[-67,721],[40,619],[521,200],[379,3],[592,157],[230,-36],[116,-81],[122,-377],[189,-186],[668,-356],[659,-728],[876,-799],[605,17],[677,-400],[506,9],[885,-347],[578,-27],[326,408],[506,381],[841,114],[1021,-43],[-997,17725],[94,-6],[221,255],[85,-5],[175,-384],[238,-83],[96,-139],[56,-461],[266,-212],[147,50],[-73,572],[102,51],[474,-457],[357,-6],[248,-100],[295,133],[271,-28],[113,-394],[175,-156],[448,-57],[451,-177],[253,183],[-5,323],[-197,385],[-474,76],[125,211],[560,233],[196,10],[254,-185],[250,0],[789,255],[336,10],[288,339],[147,-82],[89,-486],[143,-17],[23,254],[153,2],[440,-222],[162,-360],[288,-139],[31,-638],[-205,-57],[-99,-123],[114,-391],[157,-190],[906,-547],[352,46],[421,-260],[662,-45],[152,-198],[-74,-591],[45,-242],[135,-25],[110,275],[333,-334],[163,28],[164,264],[168,-22],[143,-217],[-318,-202],[17,-165],[483,-205],[214,-180],[129,69],[-51,293],[590,-39],[489,82],[-68,-359],[88,-229],[193,-163],[16,-325],[152,-39],[343,232],[252,-1],[141,-99],[-130,-154],[39,-243],[141,-210],[-152,-187],[5,-160],[214,-111],[163,177],[78,-23],[348,-336],[22,-232],[174,-160],[442,1],[588,-162],[284,-308],[530,-95],[393,251],[28,175],[9950,781],[-535,-1225],[-25,-316],[-304,-326],[-189,-830],[0,-336],[173,-164],[297,-31],[895,148],[371,-35],[77,-83],[92,-539],[872,-455],[11,-146],[-297,-121],[13,-393],[-279,-201],[516,-472],[-482,-847],[-96,-524],[-397,-500],[67,-104],[294,-84],[66,-354],[396,-333],[711,738],[457,302],[539,145],[318,288],[680,975],[202,583],[33,580],[67,76],[445,3],[273,215],[357,86],[283,236],[131,-52],[307,86],[127,-284],[396,173],[471,3],[35,66],[-336,135],[43,97],[569,97],[29,97],[-195,77],[57,66],[976,335],[191,438],[213,48],[494,-403],[-68,-816],[385,-455],[346,-122],[611,-529],[459,-125],[445,-421],[696,-257],[322,-216],[141,-302],[322,-8],[452,-205],[293,-427],[236,-108],[71,-240],[1007,-609],[42,-166],[-146,-427],[191,-379],[738,-320],[805,-657],[1169,-789],[389,-459],[173,10],[428,374],[934,110],[926,392],[622,44],[319,104],[948,627],[841,-5],[740,114],[592,-914],[-82,-749],[140,-650],[-96,-746],[-342,-473],[-418,-143],[-805,-551],[-238,-768],[50,-484],[247,-575],[171,-692],[29,-662],[268,-740],[53,-773],[312,-852],[-56,-1052],[234,-656],[9,-258],[-90,-404],[34,-1588],[466,-292],[288,-325],[253,-40],[386,397],[213,365],[318,241],[779,465],[1175,468],[361,118],[541,26],[1610,-116],[269,-90],[640,-274],[756,-697],[930,-476],[284,-229],[214,-192],[419,-773],[104,-321],[95,-1392],[-160,-714],[-364,-847],[-223,-754],[4,-242],[182,-240],[186,-60],[458,26],[845,651],[259,100],[267,6],[638,-201],[1485,-173],[1942,91],[819,-134],[685,84],[432,-71],[601,87],[1057,-74],[598,-292],[1134,-182],[248,-236],[819,-370],[752,-622],[600,-810],[360,-350]],[[2447408,3036136],[-404,160],[-233,-79],[-385,-448],[-193,-606],[-162,-159],[-599,-1273],[-152,-756],[60,-577],[-730,-655],[-324,-428],[-274,-656],[-355,-457],[-587,-467],[-538,-1362],[-385,-507],[-688,-517],[-922,-974],[-365,-755],[-265,-1184],[-749,-685],[-385,-467],[-234,-478]],[[2410105,3042385],[-303,262],[-15,126],[-205,16],[-159,209],[-99,29],[-99,-126],[-76,127],[-167,-157],[-114,45],[-52,202],[-865,440],[45,172],[-485,209],[-99,180],[-333,194],[-15,97],[-1055,128],[-99,231],[-98,15],[-175,-52],[-159,-201],[-122,104],[-182,0],[-227,307],[-1115,515],[-84,82],[-7,209],[-357,232],[114,171],[-895,307],[-242,388],[-388,-66],[-516,52],[-257,426],[-364,149],[-243,635],[-318,261],[61,433],[-167,216],[-212,120],[-114,276],[-493,284],[-38,216],[-227,15],[45,269],[-91,15],[-660,-365],[-205,-7],[-114,82],[53,216],[-166,351],[-865,389],[-174,485],[-577,-149],[-395,83],[-144,313],[-273,202],[54,238],[-76,135],[-326,254],[-698,254],[-402,314],[-486,224],[-379,328],[-524,-335],[-190,-30]],[[2392492,3053129],[-189,150],[-53,418],[-167,321],[23,574],[-166,336],[296,656],[-167,351],[107,373],[296,351],[289,-75],[129,126],[-45,463],[-425,567],[-15,194],[486,194],[281,373],[-189,612],[138,221],[151,107],[182,-23],[432,-351],[1108,-120],[843,626],[418,67],[288,238],[904,171],[509,514],[417,-52],[402,-195],[137,-328],[159,112],[387,14],[167,105],[684,148],[250,142],[205,470],[168,141],[721,164],[175,522],[418,447],[212,82],[387,-90],[607,-463]],[[2329080,2973117],[-861,250],[-629,-138],[-600,-493],[-233,-83],[-636,-569],[-466,-577],[-1031,-874],[-1963,-1339],[-650,-97],[-797,-236],[-240,14],[-367,500],[-1052,-7],[-268,105],[-247,132],[-445,527],[-353,216],[-1059,320],[-92,138],[-790,348],[-770,139],[-600,-125],[-247,49],[-642,618],[-360,125],[-692,546],[-434,968],[-20,1323],[201,969],[657,739],[-42,125],[-1165,823],[-254,334],[-212,645],[-317,511],[382,1822],[-138,292],[-1060,305],[-1243,767],[-1978,634],[-644,457],[-315,427],[-157,601],[32,1834],[-227,646],[-196,1057],[57,236],[487,690],[202,541],[-95,131],[-423,137],[-171,273],[57,827],[-284,952],[-75,708],[-278,579],[-222,0],[-25,205],[-341,193],[-240,292],[-253,-143],[-993,-106],[-1024,175],[-1125,6],[-671,-143],[-328,-155],[196,-516],[-159,-528],[550,-1132],[107,-746],[373,-796],[-152,-385],[-158,-87],[-878,-118],[-354,149],[-424,398],[-183,19],[-778,-249],[-670,-18],[-885,472],[-480,137],[-885,-447],[-399,-373],[-278,-75],[-70,100],[20,224],[-285,87],[-411,298],[-291,44],[-107,-125],[208,-584],[-189,-671],[-108,-150],[-196,19],[-196,392],[-670,130],[-25,-559],[-114,-75],[-310,19],[-107,-273],[-266,-330],[38,-130],[202,-162],[7,-162],[-152,-50],[-360,193],[-228,-56],[-82,-603],[56,-435],[-126,25],[-297,330],[-158,-32],[-171,-167],[-241,81],[-572,11],[-32,-81],[334,-430],[-569,-49],[-413,-563],[-309,-140],[-68,-353],[-192,-192],[-167,31],[-160,175],[277,269],[-99,354],[-135,3],[-164,-182],[-259,7],[-246,-535],[-288,-122],[-252,0],[-54,74],[164,388],[-316,619],[-61,332],[-256,66],[-359,-90],[-249,136],[-281,-381],[-263,217],[-146,0],[-163,-172],[-210,-80],[238,-161],[-46,-350],[-199,-423],[160,-328],[-129,-259],[100,-280],[-128,-322],[-274,-98],[-181,563],[-267,116],[-441,-87],[-341,-312],[-864,-35],[21,-181],[288,-424],[-71,-185],[-160,-59],[-149,175],[-246,73],[-338,476],[-483,-109],[-253,-168],[-96,-241],[733,-70],[-7,-252],[-171,-91],[-302,161],[-132,-447],[-259,91],[-420,-63],[0,-140],[245,-273],[-92,-77],[-260,14],[-341,144],[-50,150],[103,329],[-291,479],[-1199,-108],[-202,153],[-246,431],[-266,115],[-530,-182],[-590,18],[-395,-290],[-1156,108],[-967,1000],[-594,123],[-931,650],[-544,242],[-550,457],[-663,885],[-460,353],[-1855,818],[-2146,1459],[-529,520],[-438,939],[-618,2222],[-22,232],[224,962],[-202,309],[-405,144],[-146,298],[57,1083],[562,1050],[134,177],[152,60],[-46,109],[646,750],[472,356],[708,904],[380,845],[151,705],[422,887],[-143,199],[-843,249],[-304,257],[-62,702],[-338,518],[-380,374],[-7,151],[-168,206],[22,59],[338,-14],[152,252],[-170,248],[42,172],[-138,126],[78,251],[-156,333],[401,412],[708,987],[-231,167],[-150,757],[-96,203],[-243,216],[-356,-239],[-243,209],[-152,806],[45,381],[-356,164],[-8,224],[-91,120],[-167,-8],[-83,187],[-221,127],[-349,-8],[-288,-134],[-205,-15],[-167,82],[-448,567],[-820,560],[46,216],[243,142],[61,269],[-61,82],[-516,149],[-53,164],[250,217],[327,473],[63,509]],[[2566241,3435005],[71,-78],[-22,-654],[-251,-944],[-21,-400],[-219,-302],[-329,-272],[-684,-1270],[-442,-1676],[-269,-477],[-181,-633],[-438,-204],[-189,-175],[-508,-814],[-383,-1326],[5,-339],[96,-217],[-691,213],[-545,-343],[-339,189],[-833,91],[-375,-388],[56,-616],[-178,-639],[-352,-343],[-187,-78],[0,-122],[361,-528],[-23,-128],[-159,-122],[-1121,-69],[-545,-405],[-506,-632],[-499,-210],[-164,240],[-220,67],[-285,-538],[-448,-110],[-114,-195],[5,-649],[-228,-572],[-35,-433],[-137,-311],[-363,-393],[-93,-728],[-245,-765],[-455,-671],[-556,-599],[-1046,-1364],[-369,-321],[-91,-189],[187,-189],[696,-174],[797,-535],[946,-307],[497,-635],[739,-1168],[469,-489],[724,-568],[1092,-581],[978,-813],[294,-67],[1202,353],[334,-106],[50,-378],[-81,-633],[-308,-977],[-148,-233],[-329,-227],[-40,-166],[-374,-322],[-160,-310],[-132,-894],[-131,-222],[-902,-542],[-1759,-778],[-892,-40],[-490,-540],[-666,-350],[-39,-90],[102,-142],[-78,-163],[-418,-51],[-163,-122],[-8,-270],[584,-19],[476,346],[793,26],[368,183],[502,-289],[1039,-165],[479,-271],[505,-39],[759,-311],[1198,117],[633,412],[829,-16],[1457,-790],[580,-203],[800,-147],[598,-727],[-13,-605],[214,-746],[317,-688],[639,-2126],[289,-515],[514,-1320],[-13,-712]],[[2567233,3392229],[-1977,-146],[-674,35],[-939,180],[-380,-43],[-533,-221],[-1518,75],[-572,-82],[-1118,-391],[-939,107],[-1183,19]],[[2557400,3391762],[-142,360],[60,166],[-189,407],[-84,743],[165,416],[-33,178],[227,83],[46,322],[305,-45],[62,265],[184,82],[-266,278],[-51,463],[52,189],[-125,145],[46,138],[-102,184],[-283,28],[-255,-266],[-124,112],[-397,23],[-73,122],[-1405,-69],[-204,211],[-33,373],[-526,40],[-346,-52],[-209,-196],[-211,27],[-70,-238],[-317,-165],[-545,351],[-19,205],[-223,219],[-50,-238],[-480,11],[-75,-277],[-676,-660],[-669,-57],[-154,-286],[-323,-252],[-25,-112],[94,-141],[-452,-242],[-20,-335],[-199,-145],[-258,5],[-163,112],[-278,-53],[-198,-252],[-278,-189],[-437,-121],[20,-209],[257,-335],[-70,-316],[-353,-286],[-144,-219],[-536,-86],[-90,-695],[-268,-91],[68,-360],[-218,-257],[-432,-169],[-144,-141],[-50,-248],[79,-316],[-60,-194],[-243,-38],[-80,-141],[-178,-14],[-445,321],[-27,-597],[-139,-146],[54,-272],[-224,-461],[-134,-19],[-326,209],[-184,-72],[-45,-370],[-223,-67],[-283,83],[-75,-351],[-114,-139],[-127,21],[-233,313],[-305,63],[35,-285],[-128,-326],[268,-417],[-212,-55],[-262,77],[-29,-396],[-149,-194],[-269,-48],[-213,84],[-176,223],[-163,42],[-120,-77],[-58,-222],[-191,-69],[-622,307],[-269,22],[169,-417],[-538,105],[-376,-208],[-211,-360],[-101,139],[-84,424],[-92,76],[-155,-20],[-199,-278],[-673,50],[-219,-83],[-43,-249],[-206,-97],[303,-542],[-424,49],[-305,-110],[-241,28],[-383,-402],[-177,0],[-169,119],[-42,139],[149,236],[7,284],[-63,84],[-184,14],[-121,-42],[-333,-402],[-149,-20],[42,-243],[-666,-61],[-105,382],[-432,-228],[-262,0],[-213,-124],[-270,-375],[-375,-159],[155,-389],[-71,-111],[-220,98],[-283,-138],[-489,28],[-176,70],[-198,278],[-340,29],[-50,-313],[-233,126],[-78,-28],[-22,-361],[106,-167],[368,-56],[13,-187],[-92,-111],[-276,0],[-389,216],[-538,-82],[-30,-583],[432,20],[-1,-507],[141,-257],[-35,-76],[-319,-55],[-284,-173],[-14,-195],[311,-83],[149,-140],[-164,-319],[7,-277],[-482,-284],[-15,-347],[-212,181],[-64,-21],[42,-389],[-213,-173],[-475,-159],[-240,272],[-276,111],[-325,292],[-105,299],[-475,-263],[-99,125],[-227,-96],[-99,90],[-170,7],[-78,-145],[183,-375],[-984,-172],[42,-188],[453,-375],[-50,-202],[-139,-49],[-65,194],[-103,-43],[-6,-111],[-295,441],[-326,77],[-535,343],[-130,403],[25,301],[-121,604],[-199,514],[-73,525],[-169,347],[11,350],[-340,846],[60,237],[-44,416],[-273,439],[-308,1335],[-17,374],[-355,659],[-229,746],[-182,249],[61,502],[135,333],[-140,29],[-235,-100],[-41,-316],[-117,-161],[-330,2],[-268,213],[-218,548],[-319,-193],[-218,294],[-322,114],[-802,-63],[-637,293],[-389,-27],[-107,-111],[99,-430],[-57,-84],[-865,-387],[-113,-159],[-79,-694],[-298,-152],[-135,-222],[-156,-90],[-183,306],[-396,368],[-234,91],[-339,376],[-339,56],[-524,292],[-906,-213],[-623,438],[-296,577],[-268,334],[-84,555],[179,979],[185,486],[1,326],[-184,313],[-516,431],[-205,63],[-199,-69],[-51,-1118],[-355,-610],[-291,-159],[-609,-117],[-333,-249],[-23,-458],[106,-535],[120,-174],[-22,-187],[-433,-402],[-715,-360],[-270,-506],[-404,-7],[-92,-83],[-590,-1422],[-270,-367],[-313,-652],[-122,-687],[-800,-221],[-92,76],[-98,389],[-255,265],[-552,-34],[-304,257],[-184,-96],[-517,21],[-460,209],[-502,50],[-279,-741],[-85,-55],[-377,253],[90,267],[-406,293],[-141,269],[-118,54],[-660,-130],[-222,219],[-204,-296],[-168,122],[-80,-24],[49,-156],[-74,-126],[-426,336],[-292,-43],[8,-120],[195,-94],[19,-112],[-134,-24],[-213,-233],[49,-340],[-313,-223],[-277,10],[-119,78],[6,471],[-198,234],[-129,-92],[73,-418],[-376,93],[-114,-151],[-362,-101],[-382,170],[-149,-184],[-336,399],[-154,-243],[-15,-174],[247,-385],[-194,-160],[-287,132],[-30,-248],[-194,-238],[-158,69],[-455,564],[-281,564],[-234,-427],[-169,20],[-153,263],[-327,156],[-74,-83],[19,-165],[-277,-179],[-312,160],[-303,-130],[-604,108],[-199,-170],[24,-258],[-60,-78],[-436,6],[-49,165],[75,253],[-313,-228],[-178,68],[60,360],[347,262],[20,136],[-123,564],[-422,9],[-42,512],[-119,194],[-327,185],[-114,-223],[-84,-10],[-302,336],[-178,40],[-120,-170],[104,-248],[-317,-10],[-391,370],[-233,93],[0,233],[-84,98],[-406,180],[70,127],[436,9],[85,242],[-59,404],[-425,438],[268,379],[-54,534],[175,442],[267,150],[-148,234],[30,287],[228,9],[377,179],[259,335],[114,44],[93,-316],[114,-64],[233,87],[90,282],[179,29],[237,-205],[243,107],[263,-35],[193,-248],[173,-73],[99,82],[6,443],[89,150],[378,291],[391,116],[-138,477],[-32,1205],[-599,215],[-179,-369],[-90,0],[-226,1092],[-141,80],[-376,-123],[-112,48],[16,120],[450,269],[19,87],[-115,164],[64,416],[-189,376],[-186,-51],[-9,-649],[-86,-109],[-490,-47],[-487,348],[-59,149],[52,109],[283,-37],[186,80],[257,259],[4,160],[-260,92],[-345,259],[-44,503],[-525,-130],[-92,84],[-196,616],[-547,77],[-170,223],[-245,55],[56,456],[-271,146],[-339,-174],[-271,47],[-18,157],[395,561],[0,160],[-512,391],[-133,358],[-360,408],[-645,417],[-1223,525],[-119,-50],[-350,-611],[-252,-59],[156,1037],[-158,289],[-486,456],[-333,884],[23,116],[505,288],[261,311],[46,372],[-73,283],[176,561],[114,55],[186,-172],[170,-17],[630,315],[323,400],[-67,572],[-566,179],[-192,139],[57,139],[119,27],[351,-167],[68,205],[-40,145],[-181,33],[-255,-82],[-56,166],[165,228],[425,221],[12,544],[324,705],[397,300],[165,310],[329,183],[222,338],[362,44],[143,539],[493,377],[318,32],[318,605],[334,172],[578,71],[669,216],[476,-1],[1270,303],[600,-79],[216,122],[-40,211],[-305,256],[-11,367],[216,349],[221,5],[28,61],[-191,390],[23,177],[470,277],[57,161],[362,-156],[35,389],[358,266],[-40,227],[-282,456],[34,123],[278,205],[187,-190],[79,34],[420,382],[437,266],[85,161],[460,366],[564,780]],[[2678777,3147746],[-68,-129],[-379,-250],[-89,-203],[-317,-17],[-183,-194],[-416,-66],[-560,-315],[-627,-858],[-432,70],[-766,-529],[-341,-490],[-76,-440],[-195,-187],[-316,-112],[-429,-419],[-258,-447],[-86,-363],[-620,150],[-326,-92],[-536,150],[-291,-114],[-208,-266],[-597,298],[-348,-25],[-647,-397],[-621,-616],[-109,-301],[-471,-259]],[[2662453,3136884],[-27,877],[289,770],[57,646],[357,1205],[552,1248],[562,448],[519,1420],[335,243],[135,286],[434,369],[234,332],[39,228],[-195,386],[81,230],[283,238],[282,561],[482,344],[6,1138],[640,1649],[55,1553],[-296,189],[-361,1148],[-45,661],[-187,228],[207,796],[-212,1739],[176,1074],[-95,235],[-335,287],[-61,335],[65,1720],[86,326],[-151,417],[99,751],[-212,617],[-15,267],[99,576],[420,573],[177,538],[25,789]],[[2666957,3164321],[-157,887],[-239,698],[-7,484],[142,750],[250,329],[328,2116],[-283,984],[-527,870],[39,226],[464,853],[54,420],[-176,824],[-466,313],[-153,591],[-13,469],[111,299],[587,332],[37,205],[-147,225],[-12,191],[240,339],[-7,404]],[[2261812,2920308],[275,25],[341,-221],[593,-94],[395,326],[229,622],[85,10],[402,-305],[99,475],[134,240],[568,0],[290,118],[105,260],[-180,202],[11,173],[402,1063],[389,677],[49,250],[229,-441],[537,-611],[395,-226],[946,-177],[483,7],[466,173],[74,129],[-116,545],[1626,-188],[681,195],[982,545],[257,-104],[247,-365],[632,-528],[-117,-420],[512,222],[-88,-135],[360,139],[353,-80],[155,198],[656,-861],[402,246],[717,118],[233,-104],[74,-132],[222,-55],[187,-261],[-63,-278],[250,-468],[360,-448],[360,-188],[328,-548],[618,10],[81,417],[279,-129],[561,-24],[74,-330],[219,118],[109,-31],[63,-379],[611,-357],[480,159],[413,-215],[607,-42],[483,-198],[385,146],[278,246],[132,-19],[375,-282],[-80,-844],[342,-1052],[677,136],[335,-115],[269,-334],[251,-764],[106,-35],[437,240],[-159,517],[106,386],[-88,218],[346,757],[215,323],[212,118],[7,191],[403,69],[229,268],[-117,90],[-66,424],[-99,121],[-801,396],[42,399],[-314,143],[-314,-45],[-233,107],[-374,285],[-77,170],[734,90],[490,-41],[247,76],[325,-73],[226,271],[303,-198],[406,368],[321,173],[-81,299],[494,260],[148,250],[182,126],[459,-226],[90,24],[423,614],[219,87],[899,-72],[202,131],[-74,284],[286,160],[423,-590],[801,48],[611,500],[187,4],[-123,906],[298,-100],[53,-378],[453,-47],[229,-277],[78,302],[275,236],[232,18],[121,-380],[177,-48],[607,389],[95,-84],[-35,-330],[356,-284],[740,-79],[568,45],[1025,266],[236,-73],[368,-311],[915,-251],[741,-302],[1196,-240],[149,109],[27,140],[-175,231],[10,93],[180,10],[296,-208],[561,52],[561,-282],[1124,-123],[1200,-250],[847,194],[1200,-49],[1764,118],[350,90]],[[2310382,2922955],[4073,1513],[585,-181],[523,0],[995,277],[395,229],[410,424],[423,729],[57,277],[501,-250],[331,-333],[143,-7],[930,610],[417,91],[423,-126],[212,-180],[226,-403],[-127,-368],[-22,-1104],[-388,-514],[-78,-302],[152,-553],[635,-1020],[-37,-1005],[135,-503],[-265,-814],[-9,-394],[375,-681],[330,-416],[220,-503],[51,-714],[294,-767],[469,-246],[170,126],[15,148],[292,62],[10,144],[270,-40],[124,156],[105,1],[62,146],[43,-163],[168,35],[183,267],[310,194],[-86,87],[129,110],[420,-55],[-78,100],[239,89],[-59,77],[126,68],[69,-118],[94,5],[-22,176],[214,45],[9,195],[115,18],[40,-121],[551,2],[102,121],[155,29],[486,-1082],[92,-847],[-227,-563],[14,-340],[410,-590],[353,305],[472,111],[495,257],[268,-7],[324,-160],[494,-507],[289,-500],[770,159],[338,-90],[671,20],[260,-132],[551,0],[14,-243],[-169,-396],[-466,-583],[98,-424],[-388,-326],[176,-382],[85,-83],[325,90],[620,-528],[360,69],[163,-69],[613,-632],[1355,-293],[628,-854],[28,-451],[219,-146],[190,-445]],[[2579159,3287873],[-751,267],[-207,163],[-802,206],[-273,168],[-471,11],[-249,-116],[-245,-288],[-580,-264],[-695,-651],[-707,77],[-336,-82],[-397,-294],[-667,-690],[-164,-655],[66,-337],[-29,-663],[164,-171],[32,-293],[-154,-450],[50,-178],[-143,-785],[4,-581],[-446,-752],[11,-682],[-94,-197],[-31,-667],[103,-230],[-122,-359],[23,-678],[-271,-143],[-8,-382],[-167,-514],[-142,-162],[-404,-208],[-71,-253],[-234,-312],[-61,-149],[7,-285],[112,-295],[-43,-163],[-436,-367],[-142,-590],[-167,-149],[-93,-423],[-1774,-1110],[-181,-219],[-174,-423],[-106,-38],[-258,213],[-304,52],[-438,213],[-184,-24],[-344,-190],[-684,-974],[-443,-138],[-517,-467],[-692,-256],[-426,120],[-535,-28],[-290,-146],[-277,-346],[-522,-364],[-797,21],[-393,-158],[-105,52],[-420,-96],[-727,-266],[-672,538],[-198,-404],[-464,-395],[-95,-283],[163,-422],[444,-709],[28,-264],[-142,-102],[-368,-13],[-598,-216],[-82,-391],[130,-461],[-91,-207],[77,-292],[-90,-196],[-137,44],[-27,121],[-180,130],[-187,-66],[-355,288],[-688,211],[-110,191],[-182,-85],[-328,169],[-101,95],[45,280],[-257,117],[-104,204],[-391,110],[243,32],[93,96],[-145,436],[741,201],[-8,211],[245,157],[-133,304],[-351,-56],[-39,-209],[-239,-34],[-141,381],[-241,-115],[233,-435],[-141,-69],[-266,51],[-211,-364],[-312,41],[-103,328],[-250,46],[-384,-86],[-327,-364],[46,-477],[-161,-380],[-638,-445],[-169,-362],[154,-664],[223,-349],[-27,-177],[-511,-72],[-188,248],[-311,-11],[-207,123],[-21,-191],[128,-240],[220,-22],[-253,-6],[-761,-306],[-1157,-112],[-1370,-744],[-1813,510]],[[2545826,3264602],[-124,135],[-178,1172],[-191,573],[-317,561],[-350,239],[-161,512],[-152,61],[-241,-154],[-433,-608],[-459,-367],[-132,19],[-16,559],[217,765],[188,97],[262,325],[581,278],[-141,231],[99,186],[-118,48],[365,153],[104,-192],[113,70],[100,223],[333,84],[-364,94],[-164,151],[363,5],[184,169],[-172,301],[-9,301],[200,86],[10,-102],[130,-70],[46,-264],[254,-59],[208,126],[362,656],[-151,587],[-491,426],[-1123,601],[-515,208],[-901,17],[-332,230],[-250,413],[-2,705],[-155,583],[-483,522],[-548,22],[-260,962],[-233,386],[389,-126],[326,118],[64,62],[-53,144],[185,-109],[176,45],[199,198],[539,161],[187,278],[926,640]],[[2566824,3299510],[432,373],[931,1203],[380,349],[878,431],[578,21],[476,155],[520,-24],[1199,-635],[1163,-992],[260,-333],[-266,-144],[258,-967],[-165,-400],[118,-166],[498,-224],[197,-172],[315,-762],[60,-1733],[112,-466],[326,-346],[710,-125],[562,-566],[386,-45],[366,96],[296,-108],[526,-2],[349,-198],[170,-255],[372,-84],[100,-99],[-173,-521],[388,-163],[-29,-274],[156,-357],[78,-454],[390,-763],[3,-236],[308,-411],[-110,-666],[161,-880],[-117,-140],[-651,-310],[-176,-244]],[[2497112,3132888],[-685,23],[-427,-148],[-477,212],[-336,-20],[-190,229],[-530,223],[-968,-179],[-597,220],[-989,95],[-640,-134],[-394,-212]],[[2490879,3133197],[414,621],[425,260],[53,298],[-49,129],[131,3],[163,344],[43,645],[379,683],[338,1257],[-155,250],[124,194],[-101,728],[170,132],[68,325],[-109,691],[-374,642],[-442,204],[-471,532],[-760,382],[-853,170],[-876,455],[-140,254],[11,269],[-213,150],[-112,209],[-370,71],[-1363,596],[-365,64],[-562,-91],[-293,84],[-1038,575],[-447,-15],[-1236,164],[-671,147],[-772,449],[-701,-12],[-103,146],[-921,664],[-210,398],[-410,61],[-403,-224],[-178,123],[-188,445],[-237,129],[-911,30],[-948,433],[-661,-38],[-1192,975],[-681,168],[-911,98],[-544,-145],[-226,23],[-378,192],[-307,13],[-119,129],[-261,673],[-381,-44],[-837,815],[-533,113],[-509,289],[-866,1257],[-626,9],[-778,-174],[-996,150],[-650,456],[-1363,604],[-759,530]],[[2467436,3172508],[961,983],[1030,658],[276,340],[947,2120],[485,902],[1502,2011],[50,517],[-193,553],[-1030,1348],[-756,643],[258,153],[287,51],[230,201],[397,937],[-118,1569],[-627,1376],[-59,708],[128,691],[323,961],[-24,545],[288,718],[-10,407],[-121,452],[24,448],[1012,1223],[281,489],[601,531],[669,767],[20,948],[76,277]],[[2474343,3196035],[706,111],[287,-186],[283,-53],[681,-69],[586,70],[662,-125],[605,-276],[421,-389],[389,-9],[198,-82],[1360,-1205],[327,-156],[343,-27],[147,-277],[12,-319],[-250,-616],[-193,-159],[-136,-322],[-623,-279],[-63,-123],[140,-882],[-233,-420],[-26,-279],[69,-485],[212,-317],[94,-494],[1808,-969],[339,-346],[1027,-641],[231,-65],[931,-8],[517,-365],[867,-387],[159,31],[442,416],[231,64],[379,-388],[505,-159],[415,-394],[621,-7],[710,-537],[646,-195],[500,-292],[630,-1155],[221,-240],[-76,-591],[377,-821],[85,-677],[-285,-956],[-5,-300],[412,-626],[295,-248],[44,-396],[361,-771],[288,-288],[231,-44],[451,-301],[275,-462],[241,-696],[169,-167],[1071,-235],[258,-201],[405,-1685],[-22,-386],[860,-470],[358,-2],[246,-219],[417,-159],[435,-303],[453,-109],[413,-288],[405,-124],[254,-300],[279,-530],[886,-157],[768,113],[390,-213],[197,4],[346,250],[251,7],[530,-157],[166,149],[417,-261]],[[2461385,2984978],[318,-256],[-88,-83],[139,-200],[-255,-496],[62,-265],[135,-40],[126,124],[751,-676],[370,-62],[268,-278],[127,-21],[480,173],[219,-140],[543,-146],[176,-181],[438,250],[177,395],[537,423],[135,354],[290,326],[600,312],[403,48],[233,492],[339,132],[163,250],[346,48],[219,229],[339,97],[763,137],[318,-21],[402,118],[226,-119],[424,104],[593,-126],[339,111],[260,-299],[332,-209],[311,7],[261,-167],[839,-286],[3424,-553],[282,-104],[317,-424],[515,-91],[134,-299],[325,173],[720,-154],[297,181],[218,-15],[551,166],[135,132],[177,284],[-64,230],[431,228],[327,1138],[268,111],[438,-146],[63,97],[-70,250],[-310,209],[-21,97],[63,180],[453,395],[36,486],[283,319],[-288,1091],[-28,417],[149,353],[-14,500],[192,611],[7,361],[361,437],[29,146],[-212,264],[622,117],[670,-258],[374,-49],[1187,568],[466,-147],[268,83],[134,-69],[113,138],[134,-27],[155,-424],[120,-118],[92,-1],[49,174],[135,83],[494,-195],[282,69],[812,-57],[1820,-780],[325,-28],[550,-223],[290,83],[120,125],[544,-119],[346,111],[374,-175],[-22,-173],[304,20],[-191,-159],[508,-306],[1271,102],[113,146],[-162,264],[191,173],[466,-56],[134,-105],[21,-180],[479,-251],[304,104],[106,-35],[70,-306],[247,21],[99,-174],[141,160],[120,-132],[204,-653],[275,-42],[402,-230],[176,-318],[56,-320],[368,42],[218,-167],[35,-153],[-177,-326],[21,-347],[338,-556],[212,-70],[339,173],[459,-84],[846,-828],[1051,-846],[391,-164],[789,30],[266,-88],[83,-318],[217,-91],[354,-691],[379,-59],[166,-120],[751,-99],[495,-250],[541,361],[555,630],[670,237],[653,-62],[549,-272]],[[2545826,3264602],[-794,-218],[-199,-254],[-116,-375],[400,-849],[601,-739],[223,-46],[355,136],[113,-28],[-30,-1022],[241,-681],[-28,-333],[203,-243],[-363,-472],[14,-142],[701,-1239],[-101,-224],[-319,-338],[-308,6],[-519,-238],[-373,-38],[-328,-280],[-660,-363],[530,-428],[447,-244],[608,-583],[836,-1225],[-307,-1176],[-547,-273],[-88,-259],[246,-601],[-203,-701],[56,-364],[297,-574],[541,72],[447,-428],[541,30],[357,-73],[630,321],[283,-42],[130,-543],[-543,-619],[-262,-484],[384,-1080],[48,-828],[166,-445],[-168,-766],[36,-306],[613,-194],[378,-304],[55,-343],[281,-660],[25,-274],[691,-201],[884,-47],[477,-122],[425,-376],[530,-306],[143,-259],[205,-171],[330,-112],[-545,-170],[-551,-379],[-492,-480],[-276,-100],[-260,-237],[-619,-114],[-258,-454],[-180,-130],[-442,-870],[-103,-1099],[40,-166],[356,-464],[390,-1305],[231,-342],[-182,-394],[-201,-39],[-156,-158],[-316,-470],[-258,-176],[-373,-588],[-466,-415]],[[2549380,3233084],[-293,-22],[-343,-192],[-467,20],[-1155,-192],[-143,-90],[-229,-347],[-329,-41],[-163,-243],[-547,-286],[-333,-355],[-878,-22],[-128,-152],[-230,-15],[-106,-205],[-235,-61],[-318,-319],[-373,204],[-235,-35],[-208,-168],[-188,-566],[-176,-193],[-616,201],[-389,321],[-145,-333],[-394,-251],[-132,-30],[-310,105],[-215,-92],[-303,29],[-832,-622],[-552,-219],[-546,114],[-228,-159],[-676,-185],[-432,-304],[-518,91],[-308,-316],[-593,-212],[-577,-417],[-851,-320],[-291,25],[-145,-67],[-297,-612],[-456,-27],[-289,-312],[-507,44],[-87,-85],[-60,-338],[-119,-109],[-866,88],[-494,-452],[-751,271],[-770,-153]],[[2528554,3225478],[-31,688],[-141,525],[-522,417],[-1344,1557],[-246,417],[-191,860],[-268,469],[-819,506],[-184,-18],[-664,-320],[-569,-1],[-1594,496],[-791,449],[-505,517],[-181,377],[-289,273],[-361,743],[-498,780],[-792,918],[-845,786],[-1001,1447],[-264,272]],[[2417698,3306559],[996,342],[691,-1],[455,-190],[767,-674],[347,-169],[485,-127],[326,12],[107,34],[0,265],[112,42],[356,-308],[115,-231],[150,-42],[560,358],[223,-94],[491,-462],[301,-122],[85,80],[170,628],[174,208],[283,14],[470,-202],[145,73],[-3,420],[-197,743],[181,146],[598,259],[152,-122],[-50,-319],[113,-125],[693,-167],[234,97],[135,423],[-188,149],[-247,8],[-95,271],[78,180],[446,364],[187,41],[1048,-157],[-1,-278],[-347,-576],[67,-132],[452,-209],[163,177],[242,559],[750,336],[117,-56],[141,-427],[381,-334],[110,0],[82,56],[43,489],[1072,33],[123,-62],[191,-289],[347,-14],[252,663],[212,170],[117,-1],[149,-114],[31,-157],[-92,-288],[-156,-166],[46,-340],[1294,15],[283,-337],[216,87],[194,-153],[-71,-507],[169,-451],[173,-28],[107,190],[127,35],[637,-185],[244,69],[29,261],[364,256],[1,698],[255,184],[273,17],[177,-91],[95,-177],[-33,-528],[198,-108],[117,63],[-35,559],[249,465],[-145,392],[50,236],[251,41],[499,-84],[689,-577],[379,35],[77,-382],[-54,-545],[131,-39],[251,128],[210,479],[449,166],[255,215],[433,708],[248,121],[396,-157],[152,-274],[102,-403],[62,-1212],[254,-642],[102,-46],[426,666],[177,87],[127,-35],[205,-278],[105,-854],[95,-195],[95,-104],[496,38],[651,176],[521,825],[-10,139],[-520,-51],[-50,73],[287,267],[106,246],[15,510],[185,417],[68,513],[170,-28],[328,-344],[612,-261],[109,-597],[565,-410],[121,34],[212,392],[230,100],[966,-63],[896,304],[96,250],[-431,434],[-209,393],[302,659],[-42,139],[-410,247],[0,305],[213,386],[-137,659],[89,132],[399,-160],[276,111],[61,190],[-123,566],[113,101],[202,-80],[98,-403],[329,-271],[102,31],[139,281],[304,298]],[[2451497,3311573],[734,-104],[19,-121],[-178,-233],[10,-156],[693,-6],[232,-428],[164,34],[94,369],[169,49],[232,-414],[54,-301],[-84,-92],[-620,-92],[-35,-287],[144,-189],[450,-263],[287,-448],[658,-302],[15,-170],[-447,-296],[-25,-146],[332,-273],[222,-374],[15,-316],[-546,-505],[-456,-276],[-5,-161],[822,38],[99,-73],[263,-5],[316,-258],[317,9],[44,-802],[-154,-131],[-60,-223],[-1036,-888],[-15,-141],[113,-107],[258,-112],[376,-20],[169,199],[193,29],[194,485],[94,29],[99,-350],[-36,-354],[243,-375],[277,34],[179,427],[153,29],[174,-112],[49,-365],[291,-379],[302,9],[198,352],[135,590],[443,402],[-42,406],[411,309],[461,1117],[379,291],[121,-32],[63,-149],[-64,-441],[265,-267],[-104,-761],[85,-62],[177,41],[138,94],[35,222],[124,-4],[551,-768],[14,-208],[-223,-253],[3,-94],[364,-70],[619,-386],[287,131],[159,-180],[226,3],[113,215],[309,239],[-35,375],[124,7],[190,-289],[722,336],[164,408],[397,334],[253,399],[139,97],[163,-25],[866,-536],[375,-836],[342,-30],[9,-248],[-347,-286],[-55,-364],[119,-98],[461,-15],[68,-374],[233,-117],[138,-180],[555,-196],[520,-68],[698,8],[971,140],[723,-346],[935,-687],[1113,-400],[1119,-313],[1679,-289],[906,197],[461,-229],[267,-248],[-31,-267],[-168,-335],[18,-540],[-114,-330],[455,-565],[14,-558],[128,-341],[780,-677],[146,-356],[868,-511],[317,-83],[514,-404],[252,-399],[560,-142],[217,-297],[471,-306],[932,-302],[361,29],[84,-137],[178,-15],[109,-189],[119,87],[436,19],[297,-215],[299,64],[275,-142],[322,-49],[153,-292],[-55,-228],[188,-25],[109,-180],[376,-195],[267,58],[223,-54],[139,68],[138,-98],[149,15],[267,-639],[239,396],[-103,335],[139,228],[214,850],[-103,545],[139,233],[297,111],[60,262],[316,14],[293,-171],[530,251],[1160,-91],[407,183],[155,-74],[340,-410],[730,-641],[532,-328],[706,-227],[40,-118],[-828,-918],[-119,-156],[39,-39],[1144,-10],[830,-518],[669,-153],[132,-178],[335,-128],[847,-682],[94,-127],[-90,-345],[247,-68],[163,-229],[169,-73],[148,-331],[296,-161],[158,-291],[144,-98],[297,-20],[24,-219],[238,-78],[98,-272],[638,-521],[-30,-282],[257,-64],[273,185],[148,-385],[292,-209],[64,-190],[638,-341],[218,-25],[193,-228],[124,97],[109,-15],[182,-389],[114,-98],[134,24],[59,-150],[291,-268],[75,-5],[84,252],[545,-88],[149,136],[89,-15],[25,-147],[-135,-295],[144,-112],[-249,-328],[108,-137],[-224,-921],[922,72],[357,329],[225,-19],[92,-86],[81,-153],[-48,-235],[-314,-168],[112,-607],[-43,-800],[197,-415],[-159,-101],[37,-261],[-238,-117],[3,-85],[321,-164],[19,-96],[-101,-168],[13,-378],[113,-283],[-120,-233],[119,-244],[-301,-160],[184,-150],[31,-438],[-230,-129],[102,-731],[58,-109],[514,-156],[21,-120],[-40,-272],[-281,-390],[169,-177],[-11,-103],[-198,-181],[-106,-366],[97,-474],[1546,-311],[2167,-35],[1060,-416],[1935,-237],[509,-213],[785,-615],[121,-283],[364,-431],[365,-715],[272,-263],[1343,-142],[829,1],[1094,599],[734,-50],[718,164],[522,-133],[702,-58],[169,134],[283,-106],[390,35],[578,-213],[137,-133],[180,60],[1038,754],[729,123],[43,65],[-47,357],[-174,363],[-187,182],[-775,284],[283,499],[394,285],[386,561],[-224,159],[17,554],[-173,516],[22,381],[302,458],[-42,287],[61,252],[-218,523],[-413,548],[167,432],[385,41],[115,437],[370,311],[-3,1241],[-171,417],[-51,1024],[480,999],[412,1452],[606,787],[835,1592],[431,595],[747,1296],[416,430],[186,795],[222,258],[-49,450],[407,231],[191,329],[-86,484],[186,614],[-50,479],[109,303],[-21,218],[154,222],[88,586],[-74,246],[-279,305],[-15,149],[320,529],[-272,749],[-396,166],[-247,242],[122,324],[15,350],[-95,262],[-173,180],[13,486],[-149,362],[11,305],[680,138],[340,294],[382,65],[758,377],[89,361],[259,371],[75,500],[362,419],[804,457],[262,294],[545,24],[266,183],[106,194],[616,287],[100,253],[-28,337],[529,798],[107,440],[571,787],[291,277],[-28,222],[220,267],[-116,348],[5,621],[-495,230],[-53,267],[-148,226],[228,639],[-5,590],[-202,261],[383,322],[-346,747],[259,346],[121,392],[376,378],[40,312],[195,378],[464,405],[29,365],[-381,476],[165,864],[-186,677],[-205,324],[-410,216],[-180,361],[34,569],[177,160],[-88,153],[18,260],[331,850],[3,170],[-158,198],[-42,267],[-705,1147],[-276,223],[-256,-70],[-6,127]],[[2532258,3320177],[106,88],[197,640],[802,820],[356,216],[316,-123]],[[2655375,3246751],[-387,-525],[140,-778],[337,-639],[152,-545],[513,-1049],[6,-181],[317,-445],[28,-173],[-296,-364],[-24,-243],[495,-1157],[93,-990],[-64,-281],[-852,-1257],[-469,-551],[-108,-645],[-308,-416],[-255,-145],[-43,-125],[-319,-82],[-170,-229],[-446,-186],[-255,-207],[-140,-823],[-235,-384],[-22,-281],[-235,-624],[-255,-52],[-159,-176],[-246,-666],[-606,-592],[-362,-665],[-404,-62],[-1275,-788],[-1262,-48],[-84,104],[-1051,-101],[-1018,34],[-456,-311],[-775,-165],[-350,32],[-574,-300],[-169,-21],[-382,210],[-201,-10],[-658,-113],[-350,-186],[-913,-81],[-997,-227],[-1029,34],[-510,-384],[-766,-831],[-690,-435],[-309,-291],[-902,-362],[-140,-645],[-436,-562],[-392,126],[-435,22],[-446,-207],[-1243,-892],[-753,137],[-255,-176],[-276,-10],[-117,-291],[286,-95],[201,-323],[-121,-1416],[-53,-197],[-224,-250],[0,-302],[231,-667],[-478,-300],[-446,-166],[-373,-665],[9,-552],[232,-636],[115,-656],[-15,-1237],[-896,-1320],[-226,-207],[-201,-888],[-299,-847],[-73,-860],[-369,-527],[-921,-1025],[-694,-217],[-362,-10],[-201,81],[-633,-106],[-130,-450],[90,-331],[-163,-452],[242,-809],[-727,-79],[-803,344],[-664,155],[-404,527],[-403,216],[-372,428],[-471,154],[-252,-36],[-589,145],[-500,289],[-357,-12],[-1298,514],[-728,41],[-398,-131],[-509,256],[-324,34],[-205,245],[-277,92],[-554,-42],[-891,110],[-346,-154],[-848,212],[-121,-256],[18,-956],[-171,-216],[-151,-59],[-80,-236],[-302,-285],[-142,-354],[448,-1430],[18,-808],[269,-710],[70,-315],[-51,-217],[337,-417],[280,-872]],[[2598940,3202932],[340,504],[28,238],[345,404],[13,115],[-157,265],[211,541],[280,239],[179,529],[505,401],[38,201],[-194,150],[-37,223],[-195,57],[-42,98],[86,475],[305,367],[-121,358],[146,426],[195,54],[145,372],[616,687],[43,412],[228,325],[173,93],[118,350],[352,221],[233,-24],[113,72],[168,408],[213,253],[85,379],[915,1152],[161,666],[91,170],[223,124],[-58,384],[86,103]],[[2604770,3214724],[292,35],[306,326],[52,305],[224,126],[434,662],[292,72],[521,468],[287,-24],[287,99],[37,243],[-205,235],[-43,287],[211,181],[185,11],[19,485],[166,-13],[354,176],[303,789],[28,256],[-92,256],[-344,324],[-119,286],[-65,452],[169,328],[-227,511],[27,197],[-139,250],[103,258],[-185,198],[-50,375],[117,295],[37,416],[588,523],[762,428],[339,419],[120,466],[515,391],[530,61],[250,135],[513,840],[283,241],[584,231],[206,161],[423,21],[185,118],[376,673],[394,514],[422,410],[408,223],[290,351],[804,1970],[-26,635],[-856,1782],[-104,542],[425,363],[1026,424],[715,440],[97,134],[236,892],[813,606],[732,943],[15,284],[290,513],[125,540],[-194,1203],[-4,491],[149,454],[104,1527],[-318,570],[-643,737],[-207,765],[322,791],[565,979],[-218,844],[950,988],[494,405],[94,667],[542,631],[657,317],[258,957],[504,680],[804,879],[224,416],[214,739],[-210,688],[1,312],[191,312],[330,208],[234,447],[-145,335],[27,186],[359,382],[71,418],[-44,404],[112,367],[-691,387],[-651,612],[-714,953],[-250,1407],[118,655],[617,769],[935,289],[329,250],[128,312],[34,770],[245,322],[573,217],[383,260],[298,384],[214,510],[86,593],[-20,542],[-295,469],[-92,1489],[88,1271],[171,187],[129,718],[170,322],[192,166],[239,-58]],[[2469006,3059059],[-226,-284],[-49,-285],[340,-923],[-113,-173],[-504,-266],[-48,-573],[-318,-287],[-170,-493],[-669,-1043],[-7,-268],[157,-115],[356,-67],[472,-288],[340,-326],[971,-41],[484,-306],[1091,-404],[248,-242],[737,-55],[143,-794],[328,-638],[235,-239],[69,-769],[154,-252],[286,-255],[990,-551],[104,-138]],[[2474407,3048984],[-101,-797],[-145,-198],[108,-284],[-170,-490],[-42,-802],[-834,-941],[-261,-801],[-406,-473],[-30,-220],[-322,-533],[39,-379],[-108,-238],[182,-260],[37,-554],[148,-279],[52,-430],[538,-330],[504,-163],[352,-290],[247,-65],[417,-419],[392,-138],[1327,-851],[576,-249],[180,-317],[851,-451],[569,-730],[317,-269],[-492,-680],[-316,-1446],[6,-352],[235,-321],[-68,-571],[-297,-352],[-113,-466],[-119,-154],[-1128,-519],[-166,-815],[-590,-673],[-27,-292],[-81,-106],[26,-756],[526,-67],[53,-212],[243,-133],[-1,-292],[135,-186],[-216,-371],[336,-637],[-28,-742],[228,-783],[0,-305],[-271,-477],[-406,-1061],[-1539,-1337],[-149,-332],[-245,-1313],[-230,-450],[-108,-438]],[[2474022,3020394],[-755,505],[-282,1247],[-270,-278],[-108,0],[-701,227],[-1578,201],[-135,-93],[-243,106],[-107,147],[-94,557],[-364,438],[-444,332],[-311,-26],[-121,146],[-242,67],[-27,146],[-229,132],[-41,120],[-310,106],[-323,598],[-202,26],[-121,306],[-391,265],[-27,305],[163,159],[-970,1288],[-377,359],[-986,-874],[-109,-451],[-634,-371],[-203,-39],[-986,-927],[-959,-1445],[-217,-583],[-203,-915],[-216,-212],[-716,-437],[-257,-424],[-378,-318],[-594,-331],[-661,-118],[-540,27],[-1578,-171],[-2105,-329],[-1025,-38],[-2428,401],[-661,14],[-607,-159],[-499,-344],[-1985,-1032],[-998,266],[-445,-53],[-175,-132],[-149,-265],[-68,-650],[-135,-318],[-271,-278],[-122,-690],[-1013,-1630],[-297,-225],[-554,-146],[-337,-291],[-243,-93],[-688,-12],[-742,-158]],[[2440628,3014029],[-40,238],[-108,80],[-459,27],[-1118,890],[-189,252],[-94,664],[-338,131]],[[2498513,3065958],[-79,-599],[-378,-645],[-150,-669],[40,-1358],[-161,-587],[-537,-1313],[-377,-605],[27,-482],[-203,-342],[-763,-825],[-1114,-887],[-819,-857],[-478,-221],[-312,73],[-320,224],[-137,259],[-243,52],[-140,176],[-67,532],[-151,-4],[-1287,-1363],[-717,-929],[-485,-335],[-471,-957],[-692,-366],[-299,-442],[-312,69],[-707,339],[-488,559],[-254,-106],[-426,51],[61,356],[-190,110],[-590,111],[-1142,476],[7,-818],[130,-352],[-106,-536],[60,-790],[-53,-315],[-119,-51],[-165,-245],[-296,-826],[-239,-283],[35,-463],[675,-1253],[-263,-107],[-1346,55],[-433,-193],[-762,-88],[-234,-152],[-640,13],[-299,-193],[-548,-80],[-211,-428],[-461,-155],[-31,-950],[-137,163],[-285,76],[-246,404],[-366,103],[-270,266],[-169,62],[-647,-93],[-551,186],[-914,515],[-689,-90],[-172,149]],[[2482673,3076379],[748,-1111],[1328,-1032],[788,-175],[285,-256],[260,-110],[505,119],[472,342],[398,11],[463,-239],[1087,-811],[355,-411],[904,-2653],[171,-182]],[[2384706,2947739],[-202,2],[-1334,-1218],[-1087,-1587],[-147,267],[-479,467],[-786,-816],[-536,78],[-141,72],[-147,222],[-644,51],[-181,-350],[-265,-289],[-130,-11],[-187,-177],[-265,-6],[-616,-355],[-299,-405],[-266,122],[-158,-172],[-180,95],[-147,-83],[-23,-411],[-164,-128],[-203,78],[-571,-800],[67,-227],[-242,-145],[62,-66],[-85,-234],[73,-127],[-90,-28],[-29,-433],[-265,55],[-96,-300],[-255,-155],[-214,11],[-221,-533],[-344,-166],[-62,-111],[-283,-106],[-1180,-54],[-158,-134],[-198,-11],[-1157,257],[-345,189],[-180,439],[-79,461],[-214,178],[-401,778],[-56,372],[-276,378],[-226,794],[-790,540],[-384,11],[-401,-244],[-220,-550],[-633,-783],[-232,-700],[-712,295],[-672,-149],[-750,689],[-621,334],[-91,-195],[5,-716],[-90,-389],[118,-328],[-344,-72],[-340,-861],[-395,-250],[-209,-433],[-531,-533],[-63,-327],[-587,-350],[-729,-88],[-1611,-570]],[[2358812,2937798],[-148,205],[-49,379],[-257,354],[-117,87],[-367,-17],[-349,257],[-233,396],[-203,1243],[-259,403]],[[2356830,2941105],[-341,481],[1,182],[662,1180],[-176,469],[97,434],[-35,148],[-556,191],[-17,434],[-186,-173],[-247,-87],[-185,148],[-653,43],[-282,296],[186,512],[114,8],[-9,-304],[88,-191],[168,269],[-26,565],[-370,-18],[247,304],[35,286],[-132,582],[-379,660],[36,252],[-159,-9],[-27,200],[-88,43],[-220,-17],[-88,1120],[186,329],[-97,539],[-71,17],[-10,-381],[-334,-166],[-150,96],[-132,503],[220,243],[-102,412]],[[2358667,2969230],[296,-448],[148,-406],[2266,-407],[667,-240],[720,30],[85,-104],[1016,-230],[837,-469],[254,-10],[116,-188],[-21,-489],[180,-84],[254,219],[148,20],[53,-114],[-64,-156],[85,-94],[1112,-178],[233,219],[116,0],[477,-292],[180,0],[466,-209],[190,-115],[212,-312],[42,-396],[-149,-417],[21,-312],[-254,-281],[-64,-292],[286,-42],[1185,-688],[488,-94],[751,52],[276,260],[370,-63],[180,-417],[339,-73],[127,-312],[190,-146],[-117,-625],[85,-73],[201,135],[350,740],[212,-84],[286,10],[794,198],[1864,40],[392,-209],[190,-270],[572,-240],[507,-1553],[-212,-572],[359,-678],[582,-417],[212,-510],[275,-146],[613,-751],[106,11],[21,-208],[169,-261],[688,-667],[191,-292],[-11,-239],[116,-230],[85,-639],[155,-236],[296,-42],[438,83],[155,-42],[325,-306],[155,-250],[112,-472],[522,-903],[155,-597],[-29,-250],[-212,-125],[-382,-1638],[-85,-125],[283,-153],[-71,-97],[-212,55],[-28,-97],[564,-611],[71,-209],[479,-250],[254,41],[750,-459]],[[2397469,2966706],[553,221],[221,611],[-11,250],[-446,706],[-163,417],[543,1210],[277,145],[926,38],[192,272],[582,227],[153,278],[350,166],[526,477],[429,200],[114,155],[372,155],[142,173],[282,99],[362,-56],[497,61],[209,239],[305,144],[509,744],[141,305],[-68,492]],[[2409660,2992128],[209,-259],[93,-311],[280,-281],[39,-323],[157,-16],[11,-234],[869,-614],[-163,-477],[24,-182],[194,-202],[78,-472],[-115,-236],[1,-356],[338,-602],[13,-151],[167,-193],[81,-481],[-45,-337],[1202,-643],[393,-79],[623,-266],[368,-308],[951,-1190],[474,-278],[371,-15],[421,-225],[489,-511],[696,-384],[322,-317],[1262,-122],[407,-190],[907,-129],[1164,-731]],[[2490879,3133197],[664,31],[427,-421],[77,-358],[-78,-756],[115,-521],[-231,-913],[-219,-257],[515,-400],[84,-489],[148,-302],[-51,-584],[166,-507],[-89,-329],[34,-740],[151,-746],[222,-337],[38,-441],[113,-185],[-138,-277],[137,-184],[-14,-125],[173,-132],[-22,-202],[356,-420],[-32,-379],[923,-1518],[-36,-278],[195,-160],[-128,-197],[-11,-372],[70,-271],[367,-188],[-184,-218],[130,-285],[248,-84],[265,35],[-22,-462],[-96,-187],[254,-202],[-14,-170],[102,-70],[49,-215],[3,-413],[-332,-90],[321,-341],[-407,-308],[-300,-45],[-627,-575],[-141,-264],[-446,-298],[-244,-17],[-410,-176],[-353,94],[-227,-371],[-413,122],[-438,-277],[-1421,-275],[-598,-256],[-338,386],[103,242],[-184,87],[-7,278],[-275,254],[-49,285],[-91,101],[-13,478],[-88,128],[61,139],[-142,122],[-28,145],[50,226],[-95,302],[82,181],[-184,97],[-49,379],[61,288],[-134,-25],[-67,108],[-68,-479],[150,-1177],[-5,-576],[711,-2157],[17,-354],[250,-250],[648,-1727],[468,-705],[-85,-399]],[[2490203,3111268],[-308,80],[-369,-26],[-151,177],[-297,-122],[-213,72],[-904,-524],[-498,60],[-779,-372],[-303,66],[-245,-64],[-170,117],[-153,0],[-197,-189],[-618,24],[-474,-201],[-503,-88],[-604,174],[-917,445],[-107,367],[-422,234],[-25,254],[-79,71],[-1006,-205],[-786,53],[-156,222],[-348,164],[-113,330],[-13,367],[-155,254],[-580,14],[-501,539],[-487,143],[-582,314],[-614,743],[-603,424],[-216,258],[-214,472],[-410,393],[-847,362],[-911,613],[-251,-69],[-67,90],[-442,-149],[-448,53],[-505,344],[-406,376],[-28,118],[-339,-27],[-385,167],[-130,222],[-512,463],[-59,430],[283,243],[-177,212],[61,236],[-350,236],[-229,282],[-53,323],[-179,239],[-389,102],[-318,-260],[-241,-73],[-201,-222],[-612,-103],[-335,275],[-258,76],[-130,254],[-812,275],[-279,320],[-237,42],[-325,-131],[-395,507],[-431,266],[-482,179],[-710,765],[-10,190],[-626,245],[-385,18],[-841,-332],[-1272,-141],[-835,-225],[-547,-86],[-431,25],[-411,-579],[-308,-111],[-565,-409],[-248,-517],[-252,-246],[-166,-586],[-761,-510],[-435,-763],[-61,-829],[-348,-635],[-544,-430],[-735,-131],[-898,-346],[-343,-225],[-130,323],[198,458],[93,548],[-71,302],[-204,223],[-28,232],[361,673],[14,157],[-63,170],[-480,483],[22,243],[-81,250],[-386,534]],[[2358812,2937798],[88,-573],[127,-218],[747,-676],[393,-571],[766,-118],[144,-104],[81,-337],[-153,-583],[114,-646],[110,-96],[507,-60],[179,-241],[-81,-287],[-258,-108],[-513,263],[-626,-100],[-94,-317],[-440,-412],[42,-425],[228,-121],[199,100],[474,-929]],[[2310382,2922955],[-706,1514],[-112,549],[-205,187],[-63,278],[-332,-28],[-438,-389],[-106,-194],[-84,104],[-14,347],[91,118],[-49,216],[-324,555],[-445,125],[-162,-48],[-438,375],[-614,56],[-42,243],[-240,-118],[-170,14],[-105,76],[-36,361],[-134,63],[-183,-63],[-127,-173],[-650,-188],[-219,-173],[-338,14],[-219,-146],[-304,264],[-451,76],[438,966],[833,902],[372,537],[406,373],[1015,703],[512,494],[212,78],[220,-217],[79,35],[-26,113],[194,69],[53,-165],[141,-52]],[[2307612,2930806],[28,-75],[-76,-42],[169,-233],[669,-592],[25,-275],[199,-42],[38,-162],[170,-158],[169,112],[513,-254],[372,25],[102,-117],[148,137],[539,-367],[107,55],[11,206],[63,0],[310,-345],[322,-22],[435,-161],[818,255],[62,-128],[243,200],[424,144],[102,150],[11,267],[175,-33],[147,105],[130,-144],[802,1138],[282,-33],[-56,122],[146,61],[-11,122],[243,-17],[-6,112],[294,-101],[62,145],[147,-145],[62,23],[-107,116],[209,39],[0,-178],[79,-11],[84,172],[102,-27],[17,-95],[62,156],[85,-106],[186,200],[57,17],[-29,-111],[57,0],[265,222],[379,27],[649,-322],[-68,-167],[361,-283],[-67,-72],[112,-45],[91,-194],[-108,-50],[345,89],[34,-256],[525,0],[813,488],[508,17],[28,111],[294,-83],[45,-150],[243,-23],[39,-161],[221,44],[717,-444],[84,89],[79,-34],[6,100],[243,-250],[395,-122],[51,83],[-198,-561],[112,-360],[221,-29],[84,-366],[571,-156],[192,-439],[570,61],[802,405],[502,-128],[209,56],[824,-612],[107,-311],[424,-467],[-119,-227],[1135,-1],[977,-361],[378,-317],[243,22],[519,-378],[338,-528],[616,-478],[1050,78],[468,-51],[384,95],[142,116],[141,-11],[118,56],[113,211],[915,321],[79,178],[588,350],[395,483],[514,361],[108,194],[271,222],[135,67],[362,-23],[926,622],[96,322],[271,106],[79,511],[243,216],[23,128],[-79,56],[28,227],[119,111],[17,456],[203,255],[243,117],[-11,83],[-73,0],[34,278],[192,205],[39,356],[311,-22],[147,255],[147,0],[305,172],[-6,222],[322,33],[0,89],[181,117],[-29,94],[548,-133],[208,115],[97,190],[362,-111],[344,78],[424,255],[237,-61],[192,127],[62,122],[-316,389],[-163,923],[-435,466],[-265,628],[-141,112],[-333,638],[-147,128],[-502,151],[-169,361],[-582,255],[34,117],[570,61],[345,-89],[118,117],[175,-62],[80,322],[214,67],[51,-144],[102,-34],[235,74],[0,372],[302,103],[994,-270],[147,169],[-79,89],[14,131],[404,716],[328,272],[48,286],[223,-58],[367,-317],[226,183],[376,608],[350,159],[175,308],[378,-23],[331,75],[423,450],[404,139],[698,941],[62,253],[-59,219],[271,180],[-45,225],[206,131],[-5,197],[545,186],[121,-72],[238,208],[341,83],[116,250],[201,105],[112,-97],[-118,-242],[-6,-325],[70,-69],[413,300],[203,52],[892,-547],[319,8],[336,-106],[398,161],[-76,-380],[206,-289],[584,-229],[127,-147],[463,-81],[150,-216],[646,213],[330,-244],[122,-250],[282,-120],[203,147],[252,-39],[240,233],[130,6]],[[2545702,3168035],[315,530],[-122,334],[-271,80],[-57,198],[-586,97],[-1522,1438],[-1317,-912],[-660,-208],[-439,-28],[-629,-293],[-328,132],[-231,218],[-288,416],[-280,661],[-903,666],[-162,560],[-639,149],[-349,225],[-2,199],[127,299],[-102,389],[86,593],[-218,563],[-254,257],[-352,643],[39,337],[-176,215],[128,378],[126,1014],[432,731],[213,219],[26,350],[470,686],[-26,424],[-233,366],[146,779]],[[2537664,3180740],[639,-39],[841,265],[213,0],[1156,-420],[692,43],[967,-206],[861,-44],[1266,231],[387,232],[422,43],[474,-251],[1476,-38],[281,-95],[711,-347],[360,-346],[122,-406],[149,-121],[264,-26],[589,180],[493,309],[952,1708],[485,361],[509,25],[1670,-279],[404,258],[387,25],[949,-339],[1081,231],[975,-88],[712,-278],[272,86],[669,543],[1021,481],[501,327]],[[2247586,2978603],[384,-378],[613,-319],[96,-106],[12,-319],[132,-71],[192,71],[108,189],[709,-260],[624,-71],[805,378],[132,-23],[-228,-886],[-204,-461],[0,-508],[168,-473],[120,-153],[721,201],[252,-236],[228,-12],[12,-130],[-144,-154],[216,-496],[-108,-402],[-360,-271],[168,-331],[-120,-307],[282,-155],[74,-259],[-33,-173],[-149,-166],[81,-146],[-40,-246],[141,-359],[-128,-678],[365,-99],[67,-87],[102,-717],[648,-93],[0,-146],[372,-213],[243,-359],[54,-106],[-189,-332],[0,-186],[27,-333],[149,-259],[642,-359],[486,-26],[466,-425],[216,-532],[68,-585],[-203,-1149],[791,-970],[149,-273],[135,-625],[-21,-677],[-331,-811],[-466,-552],[-972,-764],[-149,-305],[-155,-359],[-61,-445],[47,-486],[-143,-603],[-1216,-2162],[-180,-620],[76,-299],[-254,-310],[-1189,-838],[-144,-471],[30,-367],[95,-167],[216,-104],[1290,-207],[468,-415],[1192,-759],[333,-389],[127,-577],[108,-140],[727,-513],[1087,-193],[366,-346],[274,-538],[434,-225],[800,51],[1365,433],[948,73],[565,453],[294,47],[111,-29],[219,-407],[192,-144],[688,-276],[198,35],[942,-151],[2080,177],[163,-48],[564,163],[386,219],[200,249],[105,318],[88,25],[-36,80],[177,492],[364,573],[6,227],[-75,120],[480,634],[1232,1032],[681,702],[1159,1367],[617,945],[280,288],[114,577],[-60,941],[421,1558],[341,602],[847,973],[227,492],[0,429],[839,1341],[19,729],[267,527],[102,415],[269,2],[624,-446],[788,-354],[409,-600],[317,-233],[386,-496],[165,96],[309,-11],[756,-175],[121,-58],[128,-347],[856,-69],[491,-325],[199,-238],[189,-35],[154,-131],[240,14],[667,-494],[78,-162],[631,100],[299,-69],[326,87],[419,-95],[-150,-179],[4,-202],[279,-219],[108,83],[316,634],[146,73],[174,-259],[356,-118],[236,-190],[-5,-131],[-114,-31],[-282,175],[38,-225],[521,-244],[570,-446],[309,-419],[400,-177],[-118,-614],[451,39],[-214,-337],[487,-75],[-70,-409],[42,-277],[354,-200],[21,-141],[326,39],[114,-771],[-281,-710],[55,-450],[221,-692],[-16,-607],[-546,-614],[-139,-740],[70,-459],[-129,-491],[89,-377],[-68,-411],[192,-677],[-38,-125],[-167,25],[-11,-56],[185,-308],[-11,-154],[156,-381],[776,-181],[896,-521],[734,-202],[615,-291],[289,-327],[113,-340],[374,-118],[275,-313],[226,-90],[529,14],[325,-97],[572,229],[7,187],[106,132],[586,541],[1045,334],[430,-70],[974,187],[643,229],[395,236],[219,7],[438,306],[204,-70],[621,-542],[283,-118],[317,132],[170,188],[487,277],[746,-78],[501,280],[301,71],[596,-123],[317,44],[467,-199],[455,-60],[352,-260],[90,-2],[87,131],[151,-43],[18,-94],[352,-189],[169,-409],[-78,-382],[50,-118],[331,-160],[127,-320],[424,-194],[310,-257],[1299,-473],[141,-222],[-7,-243],[-163,-680],[-317,-507],[-64,-257],[28,-479],[106,-403],[903,-1070],[247,-798],[-85,-972],[240,-702],[719,-854],[247,-90],[735,159],[247,-69],[458,-334],[50,-236],[-149,-437],[-438,-570],[-63,-1027],[-311,-653],[-148,-229],[-1137,-680],[-155,-215],[-71,-209],[-7,-749],[197,-584],[-35,-271],[-1285,-576],[-1096,-843]],[[2349879,3129127],[25,-485],[489,-1773],[-78,-2023],[-550,-2074],[-322,-2168],[-490,-1814],[10,-607],[347,-920],[-93,-517],[31,-269],[-66,-260],[-243,-254],[8,-260],[-299,-621],[412,-1019],[-4,-262],[-197,-479],[33,-298],[333,-584],[292,-857],[195,-279],[50,-429],[282,-219],[1063,337],[820,58],[30,185],[-358,134],[-11,106],[774,452],[384,-159],[449,387],[230,440],[816,224],[1366,178],[-12,-314],[-397,-268],[128,-544],[-177,-593],[110,-171],[145,-41],[152,211],[138,4],[151,-257],[152,-580],[-28,-52],[-226,128],[-304,32],[-92,-94],[-11,-174],[88,-86],[587,-157],[17,-976],[63,-211],[293,-212],[170,-28],[276,121],[116,163],[78,455],[537,73],[145,-823],[144,-302],[-314,-281],[-32,-150],[462,-365],[300,-420],[184,-330],[17,-569],[272,-63],[184,-212],[77,-257],[375,-420],[228,-1121],[188,-226],[-248,-681],[120,-319],[614,-292],[300,-413],[452,-226],[611,-483],[873,-331],[501,-333],[395,-396],[629,-345],[258,-309],[56,-368],[317,-694],[484,-629],[547,-490],[346,-274],[360,-160],[1519,-324],[1144,-952],[820,-431],[1419,-1348],[458,-678],[788,-518],[381,-482],[724,-206],[939,-646],[240,27],[1021,-205],[350,-160],[455,-737],[600,-496],[597,-782],[-44,-238],[130,-92],[-9,-180],[259,-300],[157,-20],[-4,155],[139,-52],[-37,-81],[192,-595],[151,-1379],[-24,-508],[-288,-365],[-266,-567],[-160,-97],[-622,-96],[-168,-276],[-250,30],[-744,-194],[-220,180],[-282,-403],[-174,-37],[-129,544],[46,418],[-106,-30],[-297,-350],[-410,-1096],[-31,-172],[129,-433],[-107,-597],[-418,-365],[-456,-805],[-395,-313],[0,-911],[-638,-417],[-76,-142],[220,-283],[-130,-306],[-296,-239],[-243,105],[-455,-30],[-228,-201],[-395,-15],[-668,-327],[-99,-306],[182,-97],[372,52],[152,-53],[136,-612],[-403,-626],[-15,-105],[281,38],[144,-135],[-433,-1007],[-31,-447],[-372,-284],[-244,-872],[-174,-172],[-843,-507],[-312,-313],[-455,-201],[-312,-515],[-114,-865],[-297,-440],[-144,-448],[-319,-454],[-198,-202],[-448,-164],[-167,-149],[-251,-582],[-372,-186],[-486,-111],[-45,-127],[-213,-97],[174,-187],[-98,-306],[-259,-171],[0,-172],[-942,-1364],[-707,-1335],[-357,-425],[-167,-702],[-183,-186],[-167,-530],[-311,-402],[-38,-269],[-244,-261],[-190,-395],[-296,-112],[-311,-328],[-23,-134],[228,-150],[15,-119],[-69,-105],[-288,16],[-15,-135],[30,-156],[212,-202],[-7,-127],[-46,-171],[-228,-112],[-23,-590],[-258,-156],[38,-261],[-198,-1007],[-350,-649],[-288,-358],[98,-403],[-84,-119],[-38,-597],[-197,-239],[-501,-141],[-114,-120],[-84,-343],[-357,-440],[90,-888],[797,201],[425,-75],[220,-343],[630,208],[0,-171],[-136,-224],[219,-522],[835,-128],[273,-418],[-114,-149],[-243,-22],[-68,-134],[53,-388],[121,-60],[258,142],[311,-75],[160,44],[46,373],[356,149],[-14,717],[144,67],[212,-45],[403,305],[137,15],[356,-254],[326,52],[509,-164],[228,112],[326,499],[160,97],[83,-104],[-8,-254],[243,-686],[-281,-455],[-23,-276],[174,-441],[-15,-164],[-213,-37],[-136,142],[-129,15],[-114,-90],[-342,-44],[-83,-127],[-77,-746],[-296,-179],[-190,-7],[-182,283],[-121,8],[-486,-530],[-775,-469],[-387,-649],[-486,-328],[-114,-194],[-23,-261],[167,-478],[-54,-969],[-304,-164],[-68,-127],[174,-470],[-15,-344],[273,-59],[243,-202],[114,179],[151,74],[577,-104],[623,66],[-23,-425],[98,-164],[615,-187],[83,-127],[-114,-298],[61,-112],[402,-180],[15,-164],[-167,-261],[15,-141],[311,-98],[-23,-865],[-46,-202],[-471,-268],[61,-127],[584,-179],[-266,-530],[-23,-261],[569,-1067],[-61,-537],[128,-172],[1070,-105],[122,-112],[-137,-440],[-213,-269],[8,-179],[-266,-276],[91,-395],[-99,-187],[-357,-238],[45,-314],[99,-119],[-53,-75],[-220,-29],[-54,-560],[-106,-30],[-197,98],[-274,-202],[-228,-425],[0,-336],[76,-134],[-53,-157],[-516,-29],[-84,112],[-152,-172],[-151,-44],[-137,-642],[-433,-209],[-53,-223],[-464,-657],[-53,-194],[61,-208],[-654,-1821],[-440,-134],[-449,-507],[-660,135],[-364,-30],[-478,-238],[-767,-716],[-676,-44],[-1396,-925],[-888,-305],[-562,-462],[-426,-791],[-968,-561]],[[2323364,3117713],[122,42],[577,649],[228,574],[396,515],[402,45],[494,380],[569,164],[312,0],[1609,-1105],[729,156],[190,82],[152,217],[121,22],[418,-217],[167,-194],[15,-201],[-122,-642],[547,-149],[410,-247],[53,-134],[-99,-37],[8,-97],[227,-68],[236,179],[615,769],[426,708],[1375,1663],[463,470],[335,119],[349,329],[167,559],[563,1044],[448,142],[570,395],[706,738],[365,209],[190,201],[61,418],[683,477],[403,455],[387,119],[259,426],[858,895],[190,246],[122,425],[-159,783],[46,351],[676,1313],[236,141],[372,515],[523,-187],[193,46],[230,222],[523,-7],[269,322],[915,132],[640,-66],[406,-127],[566,-423],[528,14],[763,-182],[286,-162],[280,-221],[379,-527],[341,-313],[1206,-951]],[[2420254,3000861],[-788,-501],[-87,-373],[-191,-219],[-453,-145],[-286,127],[-507,-393],[-487,7],[-258,-166],[-401,-554],[-1276,-874],[23,-194],[397,-614],[-59,-213],[-723,-53],[-256,148],[-237,31],[-540,-199],[-108,-188],[-113,-664],[118,-579],[391,-267],[-176,-231],[-157,-54],[-686,130],[-553,-29],[-392,-400],[-358,-201],[-246,-488],[-1406,414],[-962,-168]],[[2392592,3006761],[702,1139],[598,487],[1058,1195],[314,756],[-25,342],[-186,98],[-636,-50],[-843,-307],[-1022,-677],[-638,-245],[-727,-74],[-536,-169],[-294,78],[-455,273],[-1249,1009],[-545,94],[-438,-22],[-964,175],[-129,198],[-809,399],[-489,531],[-1169,778],[-239,607],[-476,410],[-576,188],[-455,336],[-1212,1597],[-607,609],[-113,233],[-542,208],[-152,300],[-369,390],[-1022,788],[-293,380],[75,787],[-372,348],[-91,536],[8,83],[320,146],[149,562],[-215,1198],[119,68],[155,502],[-328,1178],[-12,904],[-141,408],[161,312],[-61,321],[102,925],[250,256],[64,841],[98,125],[40,367],[162,187],[-42,382],[84,260],[126,202],[553,241],[55,92],[-19,396],[331,358],[41,893],[301,385],[40,215],[-86,485],[28,1002],[-123,103],[-82,258],[-316,230],[17,191],[297,323],[75,339],[43,842],[-72,465],[174,316],[-112,302],[168,622],[-17,101],[-279,198],[-49,122],[67,454],[180,354],[-102,139],[-575,206],[-71,288],[160,399],[-350,257],[156,486],[-565,368],[50,257],[537,156],[64,417],[-60,173],[-237,164],[-544,101],[-748,-52],[-149,35],[-254,222],[-476,157],[-60,149],[25,556],[-515,333],[-141,570],[67,531],[-183,281],[-85,368],[195,879],[-148,639],[68,572],[-120,250],[-254,167],[-244,323],[53,118],[315,118],[-42,215],[-1261,383],[-318,-642],[-92,11],[-137,347],[-142,122],[-632,246],[-112,212],[-42,542],[-788,18],[-159,500],[-300,233],[-981,11],[-36,62],[248,438],[-25,371],[-388,396],[166,316],[-271,122],[-135,156],[-13,517],[-328,987],[4,357],[-78,108],[-113,-49],[-117,-517],[-526,-479],[-209,-7],[-293,195],[-99,132],[-3,483],[-282,132],[-322,-28],[-215,-586],[-138,-118],[-452,417],[-32,145],[445,257],[47,378],[448,438],[22,236],[328,291],[280,392],[314,187],[276,420],[-17,1202],[-159,309],[-494,392],[-24,261],[1188,1201],[34,105],[-409,168],[-166,175],[39,218],[830,535],[120,276],[-157,791],[766,380],[213,247],[627,1628],[286,476],[94,377],[430,527],[0,197],[-455,46],[-77,218],[486,91],[213,180],[124,1268],[264,318],[997,572],[473,598],[298,511],[-123,314],[120,657],[422,874],[1316,497],[281,247],[406,1815],[745,435],[1107,238],[201,343],[511,497],[256,423],[711,610],[469,845],[618,360],[183,221],[78,758],[225,33],[153,-218],[256,-71],[311,219],[149,317],[49,342],[-167,455]],[[2383027,3080452],[615,74],[356,-105],[107,-119],[491,-2150],[273,-574],[-53,-179],[-175,-179],[-38,-306],[182,-164],[204,-530],[342,-523],[-100,-985],[-236,-678],[-569,-164],[-23,-119],[197,-269],[-23,-202],[-342,-887],[30,-127],[410,-135],[-8,-179],[-501,-678],[273,-262],[227,-410],[531,-336],[129,-291],[288,-45],[84,-97],[-16,-217],[-182,-276],[53,-112],[509,-15],[-23,-380],[-548,-657],[-228,-917],[159,-75],[676,-15],[-403,-918],[-486,-201],[-122,-141],[38,-157],[-494,-544],[-91,-306],[-311,-291],[98,-455],[-160,-201],[-8,-254],[-402,-843],[-517,-746],[-349,-156],[-54,-194],[121,-597],[-228,-365],[-129,-396],[197,-679],[-92,-97],[-174,-14],[-38,-112],[136,-403],[372,-98],[622,-343],[455,-75],[1146,-702],[736,-598],[98,-157],[61,-477],[470,-60],[265,-359],[61,-112],[-168,-813],[91,-1022],[-236,-492],[-251,-97],[-243,-723],[68,-359],[410,-373],[30,-343],[98,-164],[584,-262],[-144,328],[92,351],[182,-75],[349,97],[851,536],[303,-119],[334,-351],[136,-30],[296,97],[152,238],[456,171],[349,-82],[493,-291],[774,-120],[585,275],[-273,269],[258,365]],[[2451497,3311573],[160,94],[622,-39],[139,159],[-378,573],[36,427],[174,278],[297,149],[18,277],[184,184],[252,632],[245,72],[534,-240],[244,58],[25,167],[-290,452],[18,184],[587,-136],[245,76],[567,603],[566,273],[107,156],[-3,542],[212,232],[202,35],[110,-139],[-44,-531],[350,-95],[315,55],[171,163],[-7,212],[-156,195],[107,333],[456,-25],[322,-445],[311,-98],[131,313],[302,326],[156,537],[117,146],[354,24],[258,-244],[74,66],[100,545],[195,135],[297,-153],[254,-448],[152,14],[574,384],[106,118],[178,850],[280,295],[428,-11],[131,-410],[265,-226],[617,891],[269,538],[58,344],[595,565],[25,506],[252,163],[142,545],[477,361],[31,719],[223,257],[328,179],[129,423],[283,218],[55,423],[254,700],[550,334],[453,1229],[302,175],[382,431],[11,423],[-74,146],[-218,146],[5,132],[129,92],[352,28],[288,257],[104,-19],[213,403],[134,34],[-39,695],[342,126],[219,203],[134,642],[561,592],[363,864],[-9,277],[194,423],[282,-78],[283,310],[391,-34],[144,97],[105,884],[85,87],[88,-87],[218,66],[-5,469],[294,285],[-108,355],[640,437],[288,359],[79,282],[-232,238],[154,228],[4,254],[267,60],[79,93],[16,520],[148,32],[96,143],[271,616],[106,827],[263,26],[130,598],[-72,247],[82,47],[187,-85],[134,59],[122,273],[-34,125],[-160,124],[245,177],[245,469],[-199,234],[-9,217],[-1441,670],[-217,294],[66,294],[-73,201],[-160,12],[-525,299],[-199,422],[-286,355],[-25,199],[-94,88],[26,622],[269,1229],[-27,288],[-108,145],[-2,290],[214,352],[-186,222],[-53,394],[-705,313],[-9,122],[149,229],[-133,163],[-337,-23],[95,391],[-234,-95],[-133,52],[-184,846],[42,93],[263,123],[148,304],[-94,279],[-194,72],[-57,114],[137,170],[231,-21],[-269,340],[274,31],[42,134],[-63,155],[-242,6],[-31,154],[184,78],[-42,237],[295,257],[21,145],[-241,438],[-242,-236],[-126,20],[-21,176],[200,190],[-105,37],[-226,-201],[-116,-5],[-157,361],[163,351],[177,-113],[265,150],[-12,251],[280,-112],[51,166],[-58,178],[560,-51],[0,93],[-217,147],[-161,294],[71,35],[224,-151],[300,84],[0,117],[-228,364],[364,262],[123,191],[0,346],[111,175],[-100,98],[-232,-273],[-157,57],[222,536],[-99,599],[-148,-5],[37,-330],[-90,-36],[-268,201],[164,278],[-395,73],[180,237],[5,356],[-189,109],[379,231],[-152,403],[206,335],[-99,191],[-395,16],[-142,114],[211,283],[263,-47],[53,62],[-731,470],[1,134],[105,93],[121,-72],[105,-217],[105,31],[-78,531],[-68,36],[-248,-164],[-226,242],[-299,120],[-26,118],[231,175],[-31,114],[-179,-36],[-195,-237],[-196,-28],[-177,77],[-151,220],[193,313],[1322,90],[99,25],[67,144],[-56,460],[-313,134],[-678,621],[361,445],[502,86],[78,113],[-78,200],[-464,210],[-204,1],[-225,-487],[-361,-224],[-167,66],[-93,293],[73,271],[931,587],[42,251],[-355,129],[47,210],[341,419],[-188,318],[0,169],[147,179],[455,276],[10,174],[-376,67],[-490,216],[-326,-20],[28,-113],[266,-169],[71,-193],[-66,-94],[-115,0],[-407,221],[-110,-46],[-79,-333],[88,-640],[-157,-76],[-665,557],[-515,968],[-95,77],[-591,104],[-179,523],[45,660],[940,1935],[-51,151],[-401,205],[-19,107],[180,168],[920,368],[475,456],[46,318],[-330,79],[-34,74],[175,195],[294,-64],[185,-132],[8,-872],[225,-25],[160,152],[271,1170],[-269,221],[-89,215],[300,416],[-10,225],[-119,54],[-395,-141],[-529,255],[-220,-171],[-125,20],[-469,368],[-108,671],[-100,177],[-190,10],[-135,-487],[-220,-56],[-239,357],[-425,1],[1,353],[-409,524],[-249,118],[-230,10],[-614,-239],[-275,45],[-279,201],[-310,5],[-165,-117],[-190,-382],[-155,-127],[-1155,379]],[[2463422,3376155],[212,594],[80,715],[123,164],[194,86],[263,-9],[299,-121],[868,-665],[641,-320],[281,-35],[360,77],[194,172],[203,474],[-34,836],[-392,643],[-207,528],[322,349],[356,179],[1116,-821],[98,-184],[48,-950],[236,-514],[163,-170],[242,-93],[504,121],[367,707],[277,329],[686,561],[329,121],[113,145],[2,649],[-330,873],[-83,456],[20,203],[188,315],[495,571],[193,111],[652,-49],[1971,-663],[509,-10],[673,619],[25,194],[-339,1120],[50,160],[385,106],[212,-107],[405,-524],[142,-529],[-198,-562],[59,-242],[587,-633],[625,-370],[243,-239],[138,-323],[-127,-1312],[-85,-219],[-377,-336],[-54,-362],[361,-782],[-36,-1725],[158,-459],[92,-188],[328,-252],[694,-313],[531,-90],[75,-111],[-32,-572],[-353,-1033],[435,-802],[-43,-694],[-334,-1323],[-1050,-1032],[-548,-990],[-35,-341],[692,-1168],[43,-185],[276,-1985],[-10,-641],[-109,-577],[1293,-478],[174,-210],[171,-464],[-1204,-1412],[-585,-879],[-237,-713],[76,-1341],[503,-290],[1460,-353],[2814,-312],[498,12],[387,160],[515,592],[283,1146],[169,272],[490,151],[254,230],[744,227],[124,277],[-30,432],[468,415],[954,633],[159,29],[486,-215],[563,281],[130,158],[-66,248],[45,455],[203,289],[160,576],[354,406],[773,401],[555,-275],[-391,-1378],[13,-316],[79,-44],[583,-87],[1006,171],[2103,-666],[241,-33],[999,161],[318,-113],[770,-663],[75,-303],[-256,-61],[-199,48],[-79,-77],[-117,-1000],[-172,-255],[-455,-285],[-394,-817],[8,-506],[255,-342],[586,-196],[851,-638],[348,-147],[199,34],[185,177],[349,64],[234,-18],[246,-216],[26,-269],[-71,-151],[-419,-298],[-98,-255],[74,-671],[317,-425],[48,-194],[-368,-1086],[665,-486],[9,-86],[-234,-254],[-123,-269],[128,-477],[297,-267],[316,-548],[461,-311],[-7,-230],[-158,-154],[-13,-177],[176,-605],[-14,-348],[-107,-86],[-77,-236],[340,-1217],[-20,-428],[1035,-1063],[664,-330],[403,-720],[303,-224],[620,-144],[-2,-850],[347,-428],[126,-356],[1346,-493],[307,-220],[128,-379],[-46,-1040],[682,-545],[223,-336],[33,-612],[316,-808],[-250,-1253],[14,-277],[544,-667],[24,-253],[-150,-592],[528,-1192],[-15,-316],[-319,-636],[-55,-282],[257,-773],[24,-345],[-259,-661],[-11,-641],[275,-1157],[543,-925],[257,-165],[263,82],[189,277],[194,548],[164,88],[639,-89],[801,-337],[233,-243],[227,-496],[648,-419],[266,-672],[312,-54],[417,233],[247,-69],[-11,-787],[202,-438],[668,-424],[786,-774],[733,-45],[337,-112],[108,-137],[44,-393],[742,-794],[178,19],[268,384],[342,121],[2447,-83],[634,-161],[610,203],[307,14],[1009,-537],[1486,-402],[1178,-997],[579,-623],[587,-81],[601,89],[414,-191],[187,-362],[658,16],[324,-445],[142,-69],[379,131],[549,710],[578,315],[548,148],[189,385],[499,10],[788,-543],[389,-95],[349,-191],[242,28]],[[2537664,3180740],[-1452,198],[-874,322],[-687,60],[-657,370],[-988,99],[-1107,555],[-588,50],[-281,141],[-742,133],[-300,374],[-508,1127],[-581,914],[-295,1059],[-220,1302],[-192,505],[-138,156],[-528,229],[-974,12],[-213,78],[-321,296],[-428,637],[-1067,755],[-687,93],[-870,-42],[-726,545],[-266,1061]],[[2521974,3191769],[-42,472],[-253,820],[-350,1820],[-152,1805],[86,583],[637,652],[58,444],[-295,1319],[129,528],[269,499],[439,291],[778,304],[227,305],[666,541],[241,305],[440,901],[354,264],[820,401],[484,1665],[216,1805],[256,624],[212,361],[269,97],[608,26],[411,374],[29,459],[-126,333],[99,375],[327,582],[510,624],[524,457],[213,361],[426,985],[57,458],[-125,792],[822,1151],[-42,389],[-520,1348],[34,1444],[-571,1688],[-116,1366],[-5,1826],[-84,606],[-354,712],[-177,60],[-506,-124],[-312,330],[-31,281]],[[2549380,3233084],[306,-312],[320,-39],[213,-224],[54,-212],[-98,-312],[141,-280],[438,-183],[384,97],[271,-537],[920,-554],[77,-366],[640,-127],[763,-1069],[185,-451],[-119,-149],[-52,-283],[281,-263],[236,-83],[67,-303],[553,-221],[279,-214],[1062,-212],[757,-379],[402,-382],[188,1],[142,198],[187,22],[284,-369],[721,-211],[271,-355],[371,-148],[297,88],[109,-115],[504,-142],[189,-241],[231,50],[305,-390],[631,-237],[136,-158],[58,55],[106,-42],[88,-337],[256,-195],[43,-243],[255,-35],[247,-219],[217,-207],[-48,-120],[58,-69],[499,44],[86,-96],[98,242],[168,70],[299,-320],[324,-35],[257,-558],[944,-618],[750,-729],[417,-1589],[630,-649],[105,-430],[835,-382],[45,-81],[411,-99],[497,-646],[210,-117],[608,-653],[324,-104],[495,-575],[304,93],[680,-521],[476,60],[827,-521],[355,-423],[265,104],[234,-58],[95,-225],[191,-182],[435,320],[336,-85],[219,-477],[529,-599],[17,-302],[270,-170],[26,-230],[-125,-279],[68,-218],[418,-221],[159,-273],[294,-171],[277,-305],[471,2],[542,-114],[349,-241],[39,-292],[471,-596],[-146,-394],[-22,-925]],[[2687500,3116241],[2524,1492],[175,165],[351,825],[194,220],[611,292],[623,145],[1783,851],[948,615],[885,444],[600,598],[181,336],[259,1259],[182,416],[103,960],[-30,691],[149,502],[589,651],[255,434],[-125,2567],[400,303],[616,918]],[[2666957,3164321],[-611,239],[-1558,-231],[-367,60],[-344,177],[-1094,-29],[-562,95],[-404,139],[-1054,659],[-510,228],[158,176],[-225,-21],[-589,134],[12,584],[-207,271],[57,166],[411,456],[-53,521],[187,-14],[-60,624],[-74,71],[79,88],[-96,21],[-39,120],[126,190],[-495,189],[-169,312],[-89,15],[-422,-120],[-183,-188],[-43,-196],[-376,-86],[-523,76],[-910,-657],[-465,41],[-447,-202],[-405,38],[-706,-332],[-185,41],[-209,-80],[-702,244],[-384,-260],[-362,154],[-334,-141],[-813,-120],[-674,-288],[-158,11],[54,984],[-304,-65],[-270,66],[-29,-904],[-210,-114],[-84,-248],[-593,-250],[-1108,-51]],[[2648542,3166914],[-103,218],[-97,663],[-104,1645],[-283,581],[152,1021],[-73,1116],[170,948],[-7,140],[-251,374],[-120,629],[102,487],[279,692],[132,1715],[-307,443],[-143,398],[-930,1096]],[[2646959,3179080],[533,794],[375,190],[184,191],[632,1062],[241,260],[1414,935],[904,1630],[482,284],[285,294],[303,811],[537,778],[131,527],[24,516],[-289,971],[-179,1184],[-360,1208],[170,850],[61,953],[105,236],[-83,639],[34,440],[355,563],[166,496],[64,574],[364,796]],[[2567233,3392229],[498,-85],[973,-718],[1276,-163],[965,-381],[1109,-658],[522,-402],[930,-918],[203,-611],[14,-922],[78,-506],[119,-189],[1684,-1370],[1653,-581],[152,-156],[26,-1156],[-87,-494],[310,-711],[305,-212],[623,-140],[938,-724],[651,-180],[848,-768],[-114,-161],[-80,-444],[-228,-477],[-295,-316],[-342,-882],[-100,-1333],[55,-589],[3,-1166],[-84,-549],[87,-737],[-43,-363],[-318,-1148],[-375,-816],[-237,-1228],[-802,-1648],[-231,-661],[-177,-1233],[-129,-391],[-600,-690],[-570,-290],[-1060,-827],[-498,-615],[513,-368],[1408,-716],[403,-417],[211,-525],[453,-468],[1031,-319],[170,-192],[562,-1151],[435,-642],[-65,-654],[156,-588],[32,-591],[732,319],[811,144],[290,565],[315,254],[266,-509],[1470,-812],[719,-163],[1334,-1009],[209,-278],[320,-984],[-25,-916],[380,-1675],[-249,-519],[-26,-345],[108,-608],[145,-99]],[[2556491,3336426],[283,359],[224,466],[-14,584],[-83,218],[-2889,4210],[-311,326],[-1352,212],[-902,-80],[-1456,406],[-832,-66],[-649,-188],[-129,170],[-322,117],[-291,331],[-510,230],[-24,369],[119,199],[452,505],[565,183],[157,198],[8,205],[-637,993],[-409,944],[-127,768],[40,403],[198,157],[122,281],[206,824],[185,356],[360,1212],[-999,671],[-159,200],[-133,376],[-369,382],[-1356,596],[-663,8],[-57,219],[52,200],[211,243],[744,167],[373,337],[231,464],[98,1200],[441,707],[485,1203],[226,314],[1072,696],[149,314],[111,755],[364,36],[172,122],[97,848],[-476,681],[-28,169],[158,426],[326,60],[536,618],[72,150],[-123,619],[34,164],[249,84],[238,-193],[135,379],[411,65],[417,520],[187,-29],[-9,281],[163,206],[268,98],[5,357],[-558,357],[-215,347],[-1285,205],[-773,601],[-157,423],[-75,689],[-491,320],[-224,239],[-272,512],[-104,417],[375,731],[52,2002],[297,449],[331,309],[559,214],[259,347],[450,130],[484,397],[256,501],[208,1126],[946,1370],[209,1039],[693,1203],[307,404],[681,477],[664,654],[296,943],[58,489],[552,926],[205,771],[370,922],[-4,760],[254,1777],[-283,301],[-418,228],[-407,351],[-843,335],[-289,284],[-237,367],[-101,361],[-83,695],[98,683],[85,211],[204,49],[1342,-247],[991,103],[867,-41]],[[2618177,3151815],[17,-772],[290,-869],[327,-377],[632,-277],[352,-626],[15,-516],[-168,-600],[10,-308],[409,-1071],[40,-371],[272,-427],[202,-123],[486,-1],[813,-668],[492,-769],[1058,-355],[430,-63],[269,-245],[369,-536],[163,-102],[1810,-459],[230,-157],[461,-700],[886,-970],[188,-339],[147,-2111],[297,-527],[422,-278],[-1,-554],[281,-278],[562,-1110],[-285,-1108],[36,-503]],[[2629689,3133645],[-591,200],[-634,-423],[-773,-18],[-815,-408],[-486,261],[-508,-61],[-251,-150],[-354,-12],[-544,-546],[-229,-123],[-148,-543],[-162,-41],[-370,73],[-188,-61],[-16,-180],[-131,-158],[67,-518],[-132,-615],[92,-574],[-205,-804],[-163,-231],[-694,-435],[-188,-293],[-127,-451],[-536,-340],[-267,-1203],[-273,-382],[111,-294],[-384,-457],[-362,-136],[-174,-362],[-224,-204],[34,-335],[243,-301],[-14,-123],[-112,-301],[-474,-197],[14,-171],[187,-253],[-273,-533],[-35,-239],[153,-239],[284,-110],[-390,-444],[47,-437],[-167,-342],[-15,-328],[-418,-60],[42,-260],[-98,-150],[104,-233],[19,-444],[-1232,-359],[-173,82],[-278,397],[-633,8],[-160,-115],[-105,-479],[-230,-81],[-174,76],[-166,437],[-612,97],[-572,-921],[-801,-176],[-419,-751],[-223,-115],[-327,-34],[-69,-210],[-217,-144],[-126,-431],[-412,-751],[1050,-91],[271,-96],[825,-1212],[1064,-194],[1008,-310],[-190,-635],[120,-790],[-338,-269],[-301,-628],[-57,-629],[178,-1319],[730,-282],[737,39],[326,-171],[118,-294],[202,-83],[69,-116],[-70,-103],[6,-430],[137,-1039],[-385,-902],[109,-848],[-286,-429],[-232,-1162],[-343,-580],[201,-383],[24,-1593],[-279,-225],[-49,-362],[-795,-873],[-334,-197],[-1039,-914],[-509,-778],[-550,-183],[-321,-375],[-37,-1046],[-468,-621],[-91,-423],[-237,-177],[-1121,-381],[-447,-921],[-788,-696],[-362,-430],[-1763,-1376],[-872,-1256],[-560,-1448],[-22,-362],[221,-670],[-237,-307],[-425,-307],[-105,-334],[29,-645],[404,-912],[-125,-538],[-10,-520],[140,-868],[-19,-564],[-187,-703],[-136,-1518],[333,-921]],[[2559888,3079944],[-193,477],[-62,1314],[-228,324]],[[2559405,3082059],[-385,209],[-1079,1495],[-902,347],[-352,492],[-406,85],[-171,511],[122,568],[172,181],[328,116],[245,196],[-2,406],[131,142],[406,166],[114,139],[-60,236],[329,385],[124,308],[125,410],[-194,219],[195,229],[61,732],[266,236],[29,381],[162,24],[46,80],[-80,656],[269,298],[186,937],[462,324],[223,444],[-60,129],[115,670],[-190,729],[143,718],[415,708],[902,623],[53,131],[-109,101],[-101,820],[144,1367],[-49,358],[-179,278],[54,670],[-515,181],[213,704],[-101,490],[22,542],[-147,635],[-215,146],[-53,157],[0,163],[220,468],[-42,250],[-158,136],[-353,104],[-106,303],[-155,101],[-237,-107],[-244,45],[90,420],[255,378],[85,336],[-317,563],[8,285],[149,305],[-169,250],[-318,202],[-52,112],[89,458],[-148,371],[-301,352]],[[2558407,3108663],[961,643],[233,292],[-38,285],[-361,587],[61,208],[252,188],[247,45],[207,239],[254,530],[97,570],[557,1119],[8,763],[601,225],[344,506],[421,141],[286,260],[775,178],[972,440],[820,210],[295,781],[184,194],[389,218],[977,893],[195,441],[218,1107],[323,579],[619,759],[967,876],[332,232],[315,44],[311,204],[498,13],[435,159],[742,-61],[1,414],[210,863],[-267,681],[-47,386]],[[2648542,3166914],[253,-563],[378,-1265],[-17,-253],[-257,-392],[117,-202],[355,-117],[440,-809],[314,-1697],[62,-49],[-77,-673],[222,-1022],[-50,-159],[-494,-598],[-207,-514],[-107,-458],[-135,-1615],[-463,-702],[129,-771],[-14,-551],[247,-576],[-25,-257],[-800,-1117],[620,-1029],[-146,-789],[87,-300],[279,-344],[-228,-1272],[32,-2025],[354,-594],[403,-484],[142,-343],[141,-924],[-21,-826],[-94,-410],[-331,-470],[-556,-470],[-475,-635],[-427,-1528],[84,-955],[272,-820],[-58,-771],[60,-403]],[[2636441,3126234],[-734,-343],[-314,-11],[-979,392],[-368,446]],[[2634046,3126718],[-200,328],[-188,117],[-1363,133],[-334,144],[-270,486],[-220,746],[-139,171],[-570,364],[-117,383],[23,827],[-95,752],[-63,136],[-312,165],[-243,411],[-266,1764]],[[2607486,3166978],[1724,488],[1492,536],[392,215],[576,563],[709,371],[160,203],[197,552],[428,359],[1064,526],[2039,-677],[733,-398],[646,-494],[354,-169],[439,-517],[145,-420],[525,-314],[329,-301],[354,0],[986,251],[655,39],[520,-178],[1029,814],[1858,444],[228,-17],[326,-177],[553,-433],[342,-17],[277,191],[717,94],[927,-786],[293,-33],[605,783],[278,495],[116,816],[-110,1313],[84,1184],[263,719],[278,496],[605,990],[278,320],[294,143],[277,-33],[1206,141],[440,191],[1143,749],[864,414],[637,463],[278,319],[668,191],[245,143],[392,479],[1715,1532],[571,351],[587,206],[1532,140],[701,142],[327,272],[212,-1],[747,-706],[488,-305],[2735,-560]],[[2533431,3072032],[148,376],[3,339],[-87,84],[-360,-2],[-368,359],[-192,729],[-245,276],[26,652],[-169,319],[85,1012],[-101,373],[140,185],[-118,306],[-22,1015],[83,860],[-168,1108],[85,156],[486,348],[151,247],[-46,512],[174,1033],[289,460],[43,566],[151,329],[-84,1202],[-140,386],[-318,436]],[[2532877,3085698],[110,164],[456,55],[176,-122],[14,-472],[74,-59],[434,166],[177,-84],[116,-337],[519,225],[413,-303],[353,-87],[498,176],[283,-35],[602,689],[544,263],[481,83],[1822,-62],[536,-352],[596,-741],[328,-208],[56,-424],[154,-281],[1170,-1297],[808,-1207],[1078,-843],[811,-302],[526,7],[672,211],[4048,2604],[1476,766],[1426,-38],[318,-197],[296,-570],[487,-621],[538,-510],[220,-104],[692,-42],[2556,288],[664,-38]],[[2510587,3005718],[-1524,544],[-629,18],[-337,-105],[-607,351],[-785,253],[-935,-339],[-660,52],[-524,425],[-344,87],[-407,3],[-557,-285],[-385,-22],[-183,156],[-42,262],[-199,261],[-563,477],[-242,607],[-466,340],[-321,734],[-285,128],[-35,317],[127,388],[-209,383],[-388,174],[-670,61],[30,-157],[529,-316],[67,-285],[-807,-18],[-457,-241],[-427,412],[-951,629],[-161,485],[-267,183],[-198,-33],[-81,-163],[199,-1079],[-77,-335],[-488,-531],[-301,-654],[-496,-168],[-668,378],[-447,-6],[-196,-148],[-332,-651],[-1052,-63],[-900,-305],[-254,36],[56,341],[-464,456],[-808,91],[-475,210],[-273,-133],[-280,2],[-1078,855],[-1319,108],[-551,238],[-818,1165],[109,403],[-374,710],[145,602],[592,495],[16,399],[205,563],[-174,448],[35,199],[-634,903],[-130,715],[99,404],[-49,233],[-664,717],[-336,126],[-493,404],[-287,-2],[0,-308],[-390,-306],[-253,-428],[-222,97],[-149,-52],[-125,-92],[-161,-348],[-493,4],[-212,80],[-40,-585],[81,-128],[-9,-304],[104,-157],[275,-110],[11,-149],[-673,-574],[-612,-119],[-120,-275],[76,-146],[-69,-450],[-579,-410],[-107,-396],[-174,-212],[-34,165],[-86,30],[-63,-44],[77,-139],[-262,111],[-558,-288],[13,-136],[-196,-230],[86,-310],[-146,-188],[11,-272],[-185,-228],[-8,-227],[-131,-156],[254,-187],[94,-170],[226,-82],[-24,-53],[-329,10],[-207,-107],[-493,101],[23,-284],[-328,-138],[-211,-499],[-269,-318],[20,-225],[-756,-355],[-475,314],[-113,424],[-180,211],[-360,183],[-332,10],[-866,568],[-433,686],[-186,-105],[-542,-45],[-953,132],[-542,155],[-295,-70],[-85,288],[-302,225],[817,2144],[658,1391],[215,835],[399,389],[394,1517],[503,831],[126,362],[165,926]],[[2607222,3077251],[749,96],[1215,-59],[720,-279],[1016,-544],[367,-14],[72,485],[808,1484],[623,401],[892,776],[1131,469],[226,264],[398,790],[509,249],[834,151],[650,12],[974,-141],[890,-196],[1143,-419],[678,40],[1398,-212],[594,68],[833,-210],[945,-585],[381,13],[2461,1118],[325,0],[509,512],[72,181],[1369,1647],[380,268],[788,1117],[151,104],[1334,492],[1368,-203],[247,-10],[221,104],[-55,778],[128,308],[-30,83],[-338,84],[-114,101],[-90,261],[182,485],[279,337],[615,312],[236,385],[-355,161],[-95,391],[18,130],[163,178],[98,391],[-60,219],[127,314],[-234,125],[-132,598],[-319,191],[-6,71],[128,402],[-84,315],[332,-49],[48,54],[171,669],[6,231],[-276,172],[0,142],[326,260],[121,261],[-17,403],[-150,320],[-204,160],[-278,1],[-222,279],[363,384],[-36,226],[-168,124],[-338,-11],[-108,184],[211,189],[164,474],[369,313],[-60,308],[224,367],[26,474],[78,112],[399,124],[-391,546],[67,314],[-137,403],[133,308],[-71,711],[-107,291],[43,438],[-240,403],[74,818],[-113,723],[-204,255],[-47,255],[61,367],[-246,771],[218,296],[-23,456],[121,231],[-47,397],[-180,148],[-90,291],[0,130],[152,213],[-96,196],[91,183],[-60,143],[484,834],[73,391],[-47,278],[-150,155],[73,314],[-181,42],[-48,308],[-174,338],[248,136],[255,609],[-66,314],[212,367],[-64,694],[157,76],[187,284],[236,130],[677,739],[13,272],[-48,184],[-307,173],[-475,653],[13,402],[278,343],[-113,332],[79,504],[-185,474],[122,557],[-722,849],[-216,149],[-144,296],[-131,735],[-162,362],[122,675],[-58,705],[-157,161],[-337,131],[-96,196],[130,1220],[-53,367],[-271,428],[-227,575],[-397,463],[175,672],[225,273],[162,400],[237,168],[273,692]],[[2500179,3117067],[-91,-235],[-633,-412],[-523,-537],[-755,-1409],[-181,-485],[-297,-399],[-478,-381],[-490,-1315],[-714,-374],[-1062,-1172],[-272,-419],[-459,-375]],[[2494224,3109554],[-236,101],[-89,-94],[-325,140],[-431,-250],[-530,133],[-349,351],[-367,49],[-346,206],[-423,462],[-378,254],[-438,164],[-109,198]],[[2485804,3084999],[364,415],[458,1418],[439,735],[-17,958],[217,635],[-137,566]],[[2487128,3089726],[1108,617],[332,76],[187,-42],[640,284],[618,37],[347,343],[240,101],[827,19],[594,308],[1166,429],[353,13],[826,-240],[710,-71],[569,121],[742,40],[688,-237],[597,-60],[593,-195],[1025,-182],[787,-435],[166,-8],[332,142],[368,406],[187,93],[551,-188],[127,14],[163,163],[317,-345],[283,-146],[1613,-521],[78,61],[150,-136],[174,28],[1105,-699],[621,-157],[459,-390],[692,-324],[967,-175],[1564,-614],[540,17],[343,-80],[614,-234],[289,-209],[333,38],[568,-171],[481,152],[395,-84],[156,253]],[[2546452,3108584],[-222,-208],[-442,-1181],[-592,-506],[-839,-115],[-216,-317],[0,-158],[-604,-823],[-409,-201],[-344,-41],[-390,-160],[-653,-473],[-692,-134],[-996,-760],[-1590,-1735],[-79,-121],[15,-498],[-109,-222],[-1335,-1483],[-507,-861],[-1249,-1024],[-261,-614],[-78,-1705],[-291,-640],[-116,-1267],[-195,-737],[299,-421],[28,-178],[-269,-873],[-391,-189],[-123,-300],[92,-643],[-367,-1172],[-349,-1624],[-91,-830],[-226,-401],[16,-271]],[[2518670,3086935],[509,-132],[375,153],[117,423],[234,298],[16,896],[170,235],[39,289],[223,152],[106,232],[187,28],[-6,354],[-113,233],[47,305],[-148,122],[-123,524],[142,153],[407,905],[164,461],[21,355],[1143,1213],[432,325],[1397,772],[-807,1355],[-150,792],[-257,452],[438,79],[336,284],[935,1717],[944,307],[542,714],[321,20],[569,-153],[618,5],[254,-90],[233,65],[46,80],[-175,545],[-7,393],[492,544],[395,1429]],[[2528736,3103769],[229,-104],[692,-40],[1990,386],[487,186],[796,145],[976,710],[74,117],[15,438],[195,336],[64,346],[1186,1142],[260,539],[423,540],[379,781],[94,331],[-268,1885],[36,238],[348,683]],[[2536712,3112428],[482,83],[664,-158],[1597,-24],[880,134],[450,165],[816,479],[975,-16],[406,270],[1008,307],[141,-347],[285,-386],[353,-258],[272,-360],[893,-2333],[314,-595],[20,-474],[84,-209],[102,-17],[-2,-105]],[[2607032,3282805],[-153,-1478],[680,-559],[186,-289],[-74,-327],[133,-162],[-58,-145],[91,-103],[-38,-152],[97,-341],[-90,-252],[31,-345],[-457,-1493],[-772,-959],[-256,-616],[-767,-1286],[-314,-872],[-19,-821],[729,-1169],[291,-830],[-297,-1180],[-168,-1328],[45,-2207],[-310,-653],[-423,-392],[-137,-232],[-109,-787],[-382,-1144],[-511,-850],[-72,-280],[-353,-639],[-4,-1631],[364,-731],[127,-514],[-22,-351],[-216,-309],[-130,-386],[-553,-744],[-373,-231],[-130,-498],[-344,-267],[-166,-730],[-288,-266],[-468,-1222],[-690,-926],[-373,-646],[-1019,-946],[-137,-365],[-280,-295],[-427,-851],[-143,-764],[-272,-175],[-66,-604],[-389,-934],[-446,-765],[-323,-379],[-344,-90],[-357,387],[-429,205],[-1017,-195],[-158,-112],[-302,-631],[-222,-239],[-402,-287],[-408,-55],[-653,-744],[-236,36],[-350,458],[-336,120],[-580,85],[-201,-210],[-229,-13],[-630,92],[-578,705],[-802,36],[-229,-196],[-509,-245],[-651,130],[-879,-26],[-204,-83],[-486,160],[-211,-38],[-91,-219],[-170,21],[-195,-125],[40,-422],[-362,73],[61,-246],[332,-43],[192,-189],[-479,-159],[-5,-308],[-258,-420],[60,-314],[-287,-39],[-69,-214],[124,-97],[-292,-128],[-9,-258],[-658,-761],[-221,-504],[204,-582],[-42,-725],[373,-100],[171,-193],[457,13],[693,217],[207,-170],[449,-42],[139,-156],[92,-459],[323,-129],[228,56],[267,-216],[104,-344],[803,-445],[602,-259],[332,235],[-4,279],[450,35],[481,261],[2,-110],[-409,-564],[-120,-374],[-13,-442],[162,-863],[-43,-230],[185,-120],[62,-217],[297,-398],[-33,-203],[207,-271],[-60,-267],[50,-231],[320,-377],[108,-249],[222,-185],[26,-173],[308,-163],[378,-73],[279,176],[246,-54],[122,133],[152,-139],[643,72],[328,249],[304,39],[1659,-1155],[-608,-472],[-78,-156],[-202,-97],[-104,-662],[-286,-468],[6,-215],[-416,-353],[110,-137],[-35,-238],[-393,-205],[125,-280],[-195,-351],[110,-296],[-40,-434],[110,-263],[-225,-175],[-150,-355],[201,-497],[353,-193],[685,42],[881,-505],[596,-602],[134,-523],[361,-137],[586,-537],[254,10],[363,-124],[309,-211],[691,-265],[668,-804],[412,127],[295,-145],[514,145],[289,-170],[484,5],[343,-209],[1063,-16],[520,175],[621,398],[471,589],[369,148],[444,1000],[152,14],[94,-93],[245,-766],[-36,-558],[291,-1112],[8,-462],[189,-298],[-11,-306],[434,-1729],[91,-1057],[-197,-352],[86,-600],[-155,-95],[-27,-296],[-275,-167],[-162,-339],[-273,-50],[-185,-293],[57,-630]],[[2579159,3287873],[511,297],[419,95],[426,314],[643,1015],[605,624],[471,394],[152,33],[334,-13],[512,-185],[1422,303],[526,-59],[779,558],[335,67],[648,-129],[368,114],[637,-315],[488,-32],[937,-210],[343,-210],[193,-276],[257,-106],[476,18],[186,121],[847,190],[645,-125],[1350,-894],[318,-314],[337,-532],[252,-1928],[465,-1629],[5,-547],[-208,-558],[-226,-110],[-851,-115],[-402,-484],[-321,-620],[-177,-675],[-19,-424],[139,-844],[-70,-577],[125,-234],[832,-112],[364,429],[858,194],[520,441],[580,1596],[26,307],[-293,468],[-37,221],[103,976],[1266,2005],[-14,124],[242,104],[-111,129],[153,226],[204,78],[85,324],[139,35],[72,202],[269,-1],[1265,-1158],[1200,-421],[2120,-1413],[1811,-731],[767,-168],[1575,-921]],[[2528736,3103769],[1,525],[-507,924],[-90,1066],[-515,490],[-624,1191],[-347,296],[-173,47],[-978,203],[-426,-94],[-582,730],[-705,-225],[-491,227],[-78,-63],[-518,486],[-261,929],[-296,485],[-214,644],[-1,680],[-299,974],[61,365],[251,305],[-1157,1015],[-748,477],[-638,827],[-265,202],[-648,762],[-615,219],[-985,172],[-279,389],[-239,612],[-878,744],[-1611,2127]],[[2520346,3126238],[498,93],[311,-108],[346,-286],[420,3],[498,-115],[499,72],[321,-272],[321,-70],[418,385],[244,86],[297,330],[156,263],[46,410],[146,142],[1450,29],[1185,817],[251,41],[784,-85],[516,90],[481,263],[912,265],[298,486],[527,211],[230,544],[454,485],[187,97],[951,30],[653,127],[531,523],[389,156],[410,30],[39,-811],[153,-647],[-90,-112],[119,-144],[-348,-260],[311,-89],[-112,-1002],[87,-611],[638,-585],[1586,-451],[-43,-212],[-227,-287],[558,-161],[63,-278],[-21,-59],[-661,-54],[543,-598],[586,-224],[346,-250],[85,-146],[158,-445],[-128,-551],[115,-731],[136,-315],[400,-261],[-12,-507],[99,-212],[-131,-51],[-247,174],[-478,-361],[-636,9],[-129,-102],[-63,-585],[225,-577],[14,-226],[265,-291],[201,-646],[-85,-1059],[-95,-122],[102,-243],[-599,-863],[0,-704],[-432,-1290],[-307,-293],[-131,-336],[-89,-515],[41,-263],[-170,-505]],[[2355681,3129277],[-219,-37],[-187,177],[-279,45],[-272,351],[-71,-21],[-155,-138],[-308,-601],[-746,-1079],[-195,-132],[-180,427],[-201,171],[-1028,281],[-721,-128],[-332,257],[-509,49],[-399,228]],[[2300131,3226808],[459,-316],[200,-655],[522,-212],[169,-173],[629,-1372],[161,-181],[299,-15],[641,543],[342,32],[25,-96],[-286,-584],[-24,-392],[-106,-256],[-973,-664],[-97,-216],[-7,-287],[123,-357],[348,-353],[198,-68],[350,280],[253,16],[122,-112],[269,-648],[-25,-200],[-440,-208],[-8,-168],[253,-241],[73,-200],[-25,-144],[-301,-408],[-17,-272],[123,-120],[774,-120],[106,-136],[-82,-160],[-799,-472],[-211,-486],[123,-191],[786,-149],[484,-313],[34,-317],[-331,-325],[-78,-181],[473,-732],[134,-395],[-177,-311],[-308,-84],[-405,82],[-587,267],[-141,-15],[-312,-217],[-32,-639],[-94,-43],[-333,379],[-401,-64],[-46,-146],[83,-512],[-102,-585],[139,-430],[0,-329],[-251,-594],[-550,-704],[-37,-237],[46,-211],[149,-36],[708,192],[605,639],[131,28],[102,-101],[19,-164],[-643,-640],[-261,-823],[419,-165],[559,-64],[139,-174],[-28,-374],[-279,-357],[-261,18],[-261,220],[-353,-192],[-224,101],[-232,320],[-242,55],[-103,-183],[-84,-585],[-335,-768],[-75,-649],[-298,-594],[-363,-357],[-140,82],[-139,357],[0,265],[251,503],[-46,192],[-205,101],[-512,-265],[-894,-174],[-112,-146],[9,-220],[112,-210],[1238,-1189],[158,-621],[-37,-202],[-252,-164],[-242,192],[-335,28],[-56,-165],[149,-585],[-1825,-978],[0,-146],[158,-201],[326,-202],[261,-18],[577,228],[652,137],[326,-164],[37,-210],[-661,-622],[-131,-210],[-9,-238],[502,-750],[159,-503],[-271,-685],[-18,-594],[381,-842],[168,-64],[177,92],[270,512],[279,228],[521,256],[289,9],[447,-320],[102,-293],[0,-256],[-93,-146],[-196,-73],[-567,146],[-345,-9],[-289,-91],[-242,-229],[-139,-539],[232,-686],[465,-493],[512,-247],[438,383],[186,522],[177,191],[168,55],[233,-46],[93,-420],[-243,-741],[28,-201],[186,-91],[456,-540],[308,-228],[102,-348],[-131,-439],[159,-192],[716,-210],[1090,201],[139,-64],[9,-659],[103,-137],[679,-247],[1061,-165],[84,-128],[37,-658],[177,-174],[633,110],[819,-101],[736,18],[148,-110],[0,-274],[270,-1079],[251,-347],[345,-202],[335,-55],[809,-503],[605,-494],[196,-320],[65,-301],[-271,-969],[159,-138],[605,-64],[353,-137],[428,-302],[680,-9],[391,-156],[102,-238],[-28,-320],[-233,-310],[-270,-677],[65,-155],[866,-311],[493,-1006],[-19,-631],[74,-201],[242,9],[233,247],[513,969],[400,255],[205,-54],[409,-622],[447,-256],[521,246],[484,805],[382,356],[587,0],[297,-202],[140,-228],[-242,-731],[-112,-887],[-224,-850],[18,-631],[112,-403],[214,-356],[614,-458],[279,-9],[112,192],[-214,860],[-9,429],[93,256],[121,92],[429,82],[176,-119],[75,-284],[-122,-987],[316,-594],[270,-147],[1527,128],[316,-64],[559,-449],[130,-237],[-93,-458],[-308,-54],[-567,421],[-354,146],[-344,-9],[-289,-164],[-605,-604],[-112,-219],[19,-293],[139,-329],[214,-201],[1107,-522],[336,-64],[1573,210],[456,-211],[83,-210],[-74,-164],[-307,-165],[-924,189],[-136,-8],[-188,-148],[-39,-204],[61,-114],[537,-429],[65,-282],[-178,-567],[47,-393],[167,-357],[251,-137],[354,64],[447,612],[196,92],[344,-55],[456,-394],[158,-338],[65,-384],[-75,-777],[130,-210],[317,-165],[381,-19],[619,215],[433,27],[252,-151],[120,-228],[-46,-229],[-516,-635],[-732,-1353],[0,-292],[148,-378],[323,-366],[322,-171],[1279,48],[198,-207],[37,-232],[-74,-365],[-274,-268],[-484,-61],[-496,-171],[-310,-280],[-485,-719],[-273,-195],[-161,-231],[-1,-610],[112,-292],[248,-220],[633,-329],[347,-110],[583,0],[522,-123],[471,-219],[881,170],[286,-195],[681,-1305],[112,-378],[955,-1670],[-149,-366],[-286,-292],[-844,-524],[-149,-256],[-13,-475],[484,-671],[695,-317],[260,-390],[136,-512],[-75,-1012],[-323,-549],[-49,-341],[74,-414],[719,-610],[1005,-366],[869,60],[248,-49],[236,-158],[198,-317],[49,-817],[137,-281],[359,-280],[323,-98],[1700,450],[869,353],[236,427],[-223,683],[0,317],[273,402],[286,48],[769,-134],[717,-379],[430,-57],[955,684],[618,52],[326,-115],[339,-150],[1102,-778],[402,-684],[81,-292],[-11,-687],[-523,-1312],[-22,-1135],[247,-365],[155,-31],[315,229],[120,239],[114,764],[973,1391],[141,111],[233,38],[251,-69],[180,-212],[396,-667],[46,-246],[-224,-858],[-275,-257],[-57,-149],[-92,-545],[254,-361],[247,-97],[467,17],[24,-56],[-226,-1059],[-591,-971],[-251,-601],[-1326,-923],[-3726,-1431],[-194,-174],[-4,-271],[890,-493],[891,-726],[413,-813],[383,-1465],[-230,-541],[-368,-316],[-49,-226],[106,-357],[911,-199],[541,180],[513,448],[622,114],[137,-73],[127,-1420],[159,-135],[1113,-268],[710,-483],[654,322],[897,239],[756,-372],[513,-52],[526,177],[933,-122],[608,-265],[837,-715],[254,-566],[258,-282],[597,-288],[865,-22],[60,-291],[-127,-240],[-948,-753],[-272,-343],[-534,-1031],[-647,-746],[-100,-323]],[[2358268,3476929],[-191,-156],[-516,-113],[-502,-241],[-217,-242],[-79,-231],[-12,-313],[260,-672],[732,-498],[142,-221],[-12,-335],[-426,-371],[-118,-370],[23,-267],[475,-732],[70,-506],[-151,-397],[-356,-474],[-102,-77],[-768,-138],[-330,-269],[-8,-476],[102,-216],[619,-308],[180,-177],[71,-453],[-24,-238],[-706,-476],[-330,-461],[-95,-285],[31,-461],[181,-461],[180,-200],[729,-239],[259,-161],[180,-492],[-165,-477],[-299,-422],[-1138,-768],[-282,-415],[0,-246],[359,-1238],[7,-845]],[[2356041,3460791],[-329,-252],[-346,-125],[116,-1289],[-69,-98],[-345,-23],[-53,-91],[289,-327],[185,-461],[193,8],[269,212],[237,-453],[-149,-102],[-414,47],[4,-98],[338,-245],[-77,-165],[-257,-161],[-277,-20],[-241,189],[-165,-94],[-25,-425],[-213,-355],[76,-165],[293,-217],[-20,-181],[-177,-193],[40,-429],[-237,-63],[-302,-477],[-317,-177],[-89,-240],[64,-410],[359,-459],[-13,-337],[203,-311],[854,-525],[244,-361],[315,-32],[443,177],[177,-278],[-82,-600],[-707,-2249],[-628,-1156],[-237,-600],[-103,-538],[6,-466],[23,-176],[166,-209],[37,-259],[-349,-881],[-58,-366],[401,-177],[59,373],[175,57],[65,-45],[-78,-204],[288,-369],[388,-81],[240,117],[-177,-178],[108,-167],[847,-80],[182,-230],[254,-107],[128,-294],[245,0],[45,120],[235,-17],[390,-167],[388,-1082],[373,-252],[197,-304],[-20,-85],[-173,-55],[14,-106],[682,-439],[515,-528],[-32,-67],[-329,-46],[163,-178],[-106,-149],[237,-586],[363,-226],[-60,-205],[367,-116],[-194,-155],[116,-227],[-270,-96],[-15,-266],[261,-329],[-82,-139],[483,-370],[-103,-121],[161,-70],[106,-315],[-167,-22],[88,-97],[-114,-210],[87,-168],[-248,12],[-37,-245],[-241,-155],[-162,-282],[-42,-299],[195,-222],[-25,-331],[597,-357],[179,-22],[137,-186],[656,-364],[-12,-130],[-209,-178],[145,-59],[-129,-217],[24,-162],[92,24],[-20,107],[61,27],[173,-162],[237,150],[165,-83],[145,-249],[149,-79],[24,-205],[285,-383],[44,-276],[322,-422],[253,11],[69,-150],[366,-209],[36,-122],[-117,-83],[20,-63],[419,51],[122,-279],[303,-65],[59,-277],[231,-12],[-86,-126],[36,-93],[366,-234],[288,82],[207,-99],[-14790,-16706],[462,-1234],[265,-417],[-155,-400],[6,-233],[457,-1147],[37,-1309],[-249,-1115],[-72,-730],[-326,-633],[-11,-535],[170,-861],[-44,-541],[62,-352],[-323,-827],[-55,-454],[60,-287],[111,-87],[237,-16],[33,-152],[-199,-492],[-287,-113],[27,-238],[254,-255],[-171,-227],[-116,-590],[-166,-178],[-215,-65],[-1,-389],[-99,-146],[-276,-130],[-55,-124],[71,-98],[530,0],[88,-76],[-44,-416],[336,-612],[-177,-178],[-534,-139],[-68,-100],[27,-107],[251,-180],[-21,-153],[-190,-164],[-29,-210],[225,-850],[435,-858],[141,-620],[69,-1542],[389,-786],[143,-1835],[-89,-939],[-235,-949],[-758,-2020],[-493,-997],[-18,-272],[368,-839],[-64,-496],[39,-621],[-94,-592],[196,-169],[383,-121],[108,5],[231,216],[177,10],[334,-342],[108,-386],[877,453],[295,-180],[347,107],[189,292],[192,51],[7,-355],[209,-204],[361,-140],[758,-55],[199,-70],[134,-192],[155,-9],[44,-62],[-136,-467],[223,-562],[320,-314],[316,-148],[198,-305],[248,42],[160,157],[442,-190],[243,176],[554,-205],[-20,-167],[-228,-329],[4,-152],[97,-286],[0,-547],[204,157],[44,-39],[-83,-195],[-301,-266],[-59,-214],[146,-82],[281,148],[-97,-286],[116,-605],[1005,-134],[88,-76],[-15,-310],[183,-318],[223,-84],[465,-6],[81,193],[-164,213],[197,24],[123,-53],[253,-346],[259,-86],[228,76],[137,-69],[103,-178],[187,99],[250,-65],[156,145],[325,-109],[308,6],[157,191],[223,40],[201,-47],[166,-228],[211,77],[150,167],[126,-188],[226,299],[334,130],[69,-138],[-312,-132],[121,-162],[219,-45],[304,176],[776,-356],[638,-461],[77,-404],[180,173],[150,-175],[293,8],[-12,-208],[101,-184],[387,-195],[449,-20],[135,-86],[138,-285],[371,-201],[52,-588],[561,-402],[107,-227],[409,-57],[888,186],[772,-347],[186,-11],[81,-329],[-274,-384],[4,-123],[351,11],[239,-246],[341,-598],[220,-742],[-9,-270],[-304,-594],[256,-723],[-145,-275],[-417,-94],[-168,57],[-288,372],[-114,21],[-251,-426],[0,-384],[117,-238],[318,-290],[454,-137],[607,-323],[640,-151],[200,-363],[27,-407],[734,-335],[113,-307],[111,-97],[530,82],[1039,-7],[80,84],[-121,266],[53,61],[154,-21],[284,-214],[255,-35],[315,356],[255,147],[-62,221],[72,92],[882,171],[1250,-265],[-214,-566],[-10,-138],[106,-68],[750,468],[169,234],[236,706],[181,24],[840,-1000],[312,-121],[181,-1444],[222,-270],[-32,-314],[65,-96],[489,-413],[240,-372],[367,-347],[762,-114],[780,-763],[803,-1642],[693,378],[200,27],[334,-233],[758,0],[195,-69],[488,-233],[158,-192],[-56,-319],[-117,-168],[-590,-346],[-363,-401],[-410,-1040],[69,-323],[432,-233],[405,40],[228,278],[107,-13],[-19,-466],[83,-214],[-114,-311],[-314,-316],[107,-503],[-75,-73],[-264,98],[-83,-122],[297,-551],[0,-146],[-132,-178],[-223,73],[-42,-648],[-240,-276],[-17,-478],[586,-771],[1098,-1071],[0,-154],[-505,-413],[-99,-178],[174,-266],[243,-158],[340,76],[219,-292],[120,-7],[177,104],[57,229],[141,159],[47,540],[70,61],[132,-38],[131,-228],[411,-350],[318,121],[170,-46],[32,259],[124,182],[395,-107],[240,-221],[-23,-53],[-287,8],[-39,-281],[-205,55],[7,-160],[-156,-62],[-29,-97],[347,-77],[163,97],[333,-14],[78,41],[-29,91],[255,97],[156,-98],[42,-326],[-92,-187],[354,-63],[120,-271],[-184,-111],[35,-306],[-156,70],[-71,-187],[-99,41],[-57,-132],[-148,1],[-93,-271],[57,-132],[205,-21],[212,-174],[680,-70],[396,-216],[431,-104],[177,-132],[50,-243],[368,-56],[21,-174],[467,-243],[431,96],[489,-90],[120,69],[156,291],[489,90],[77,-180],[304,-160],[517,-174],[418,13],[247,48],[135,278],[241,229],[269,69],[609,-56],[339,-257],[35,-500],[467,-63],[325,-299],[113,-375],[-14,-452],[155,-347],[212,-90],[354,145],[552,-112],[290,-167],[765,14],[410,-98],[919,-695],[602,-293],[127,-194],[275,-931],[163,-194],[530,48],[503,-341],[276,187],[587,55],[14,-826],[-72,-438],[127,-243],[191,-153],[333,7],[269,-216],[283,-69],[191,-202],[184,48],[113,-173],[196,-111],[-10899,-23908]],[[2463422,3376155],[-343,-533],[-229,-112],[-632,130],[-773,398],[-280,233],[-474,690],[-209,767],[-28,341],[135,908],[-114,284],[-184,181],[-307,122],[-321,21],[-567,-227],[-185,-353],[-107,-784],[-176,-499],[-255,-379],[-555,-464],[-404,-129],[-501,9],[-386,113],[-298,207],[-903,1294],[-958,1648],[-708,939],[-972,767],[-472,633],[-1079,2499],[-496,550],[-645,416],[-622,758],[-169,467],[-83,788],[127,342],[498,673],[942,497],[148,228],[54,404],[-127,353],[-263,301],[-360,250],[-444,31],[-402,-103],[-773,-517],[-338,-114],[-455,-10],[-613,240],[-359,363],[-211,384],[-31,343],[42,290],[552,1119],[117,456],[85,425],[-21,280],[-105,198],[-264,238],[-359,167],[-1302,-195],[-1216,64],[-623,280],[-211,654],[75,529],[561,601],[614,465],[519,228],[477,528],[127,352],[-105,530],[-296,259],[-327,125],[-815,126],[-825,-155],[-1407,-610],[-339,-51],[-507,312],[-222,373],[-94,343],[106,611],[477,778],[286,217],[275,51],[255,539],[-32,301],[-158,332],[-401,364],[-634,177],[-751,22],[-339,156],[-211,270],[2,1337],[-127,198],[-306,156],[-1216,188],[-730,385],[-581,477],[-676,84],[-1090,-226],[-397,78],[-650,286],[-951,789],[-624,219],[-253,-31],[-297,-155],[-1409,-1471],[-275,-124],[-602,73],[-307,156],[-368,461],[-11,1085],[-126,187],[-857,208],[-951,468],[-708,582],[-1078,1069],[-306,395],[-95,332],[153,1041],[-77,359],[-168,550],[-391,560],[-200,799],[-201,249],[-254,31],[-507,-108],[-1099,73],[-480,294],[-427,576],[-127,491],[1,583],[231,917],[414,1042],[-103,420],[-340,187],[-310,63],[-1095,-232],[-659,-303],[-524,-15],[-333,71],[-261,164],[-547,568],[-150,638],[335,1104],[-106,599],[-218,599],[-75,838],[140,414],[699,777],[32,475],[-111,171],[-412,281],[-885,91],[-249,97],[-167,194],[-352,1317],[-415,535],[-800,710],[-222,436],[-375,1176],[-723,744],[-2930,615],[-634,74],[-1111,-103],[-868,188],[-740,260],[-1131,572],[-2141,153],[-496,303],[-187,217],[-286,626],[-178,201],[-665,0],[-434,-148],[-574,-51],[-451,90],[-291,329],[-264,622],[-382,473],[-217,85],[-814,-76],[-351,111],[-260,350],[-142,641],[-165,104],[-153,-34],[-422,-553],[-361,-1038],[-265,-247],[-656,-51],[-721,657],[-269,447],[-473,320],[-278,-97],[-427,-1069],[-165,-162],[-452,-182],[-222,0],[-417,209],[-312,367],[-407,1052],[99,512],[271,36],[53,102],[-458,255],[-575,186],[-58,-196],[-452,-217],[-166,-204],[-496,-1000],[-213,-236],[-391,-251],[-626,-6],[-399,422],[-56,575],[109,536],[553,860],[-52,370],[-248,192],[-821,65],[-1360,-335],[-156,43],[-113,255],[301,1222],[-134,686],[-321,754],[9,213],[196,144],[156,-34],[760,-852],[321,12],[431,272],[100,166],[0,388],[-429,1163],[-8,639],[79,366],[433,676],[24,149],[-143,256],[-157,98],[-586,112],[-552,-149],[-809,-612],[-200,-43],[-251,247],[-169,665],[35,724],[73,259],[627,1076],[174,480],[18,454],[-232,319],[-469,216],[-226,23],[-602,-119],[-226,-369],[-111,-545],[-424,-749],[-116,-130],[-341,-131],[-432,269],[-454,1072],[-156,63],[-405,-79],[-940,-675],[-631,-107],[-388,125],[-341,403],[-17,409],[429,437],[776,578],[99,210],[-81,358],[-173,120],[-388,6],[-1293,-664],[-463,-63],[-284,127],[-98,346],[122,306],[608,625],[18,403],[-92,255],[-168,176],[-469,92],[-771,-420],[-377,-17],[-411,166],[-127,147],[-172,1531],[-676,2206],[-237,557],[-423,273],[-591,-45],[-904,-573],[-1252,-277],[-272,-170],[-331,-346],[-221,-710],[-284,-369],[-319,-124],[-492,91],[-220,-74],[-331,-300],[-272,-568],[-354,-232],[-794,-96],[-1922,705],[-209,97],[-289,307],[-127,380],[23,358],[337,579],[-70,341],[-231,335],[-1042,688],[-683,903],[-510,125],[-898,-464],[-1252,-107],[-370,193],[-348,358],[-399,914],[-382,307],[-353,1],[-458,-301],[-487,-130],[-295,40],[-365,238],[-174,478],[94,596],[-110,619],[-446,278],[-394,546],[-370,670],[181,147],[-312,336],[-182,513]],[[2440628,3014029],[-177,-1263],[-145,-481],[-144,-254],[-483,-397],[-539,-618],[-117,-425],[175,-565],[-38,-233],[-240,-120],[-431,-619],[-217,-733],[-262,-51],[-480,-758],[-423,-44],[-573,-684],[-188,-140],[-291,-58],[-500,-641],[6,-152],[207,-233],[-38,-640],[201,-233],[4,-215],[-215,-533],[-439,-676],[-1156,-995],[-164,-1131],[-229,-441],[-80,-519]],[[2534972,3142816],[548,420],[416,471],[265,673],[350,349],[67,408],[-124,596],[594,594],[205,317],[521,284],[685,-144],[184,71],[1255,1416],[594,484],[568,666],[284,90],[73,162],[270,-46],[488,135],[184,-130],[369,-1],[942,-299],[634,-383],[367,54],[609,527],[-28,768],[-328,714],[186,346],[94,852],[642,403],[-418,642],[-269,736],[-179,1202],[223,465],[243,816],[45,506],[-69,269],[167,208],[263,137],[946,75],[804,-191],[264,-211]],[[2558407,3108663],[-746,-213],[-621,-6],[-145,108],[-148,323],[-282,139],[-742,57],[-632,-155],[-819,300],[-365,-252],[-961,-196],[-726,-1],[-319,131],[-332,11],[-1153,-218],[-1205,-565],[-1307,-67],[-357,288],[-1095,237]],[[2446942,3247428],[862,-439],[1338,-219],[2346,-783],[413,-50],[746,256],[331,55],[903,-64],[553,244],[673,83],[274,94],[433,522],[423,-1],[137,115],[274,-174],[165,11],[739,530],[339,130],[217,-100],[125,-285],[177,-99],[803,122],[245,-230],[343,-163],[519,-381],[48,-494],[97,-92],[270,-24],[533,375],[431,111],[182,-56],[233,-313],[479,-369],[294,-8],[308,-116],[327,349],[247,125],[241,519],[248,-48],[239,-255],[199,-44],[300,36],[342,261],[-175,1031],[-172,472],[-51,519],[270,261],[255,4],[-251,-129],[-8,-147],[239,-487],[210,-151],[334,-81],[191,-236],[318,-207],[762,-126],[146,-166],[223,-1127],[351,-921],[1300,-1409],[266,-200],[268,-117],[317,29],[278,-108],[1200,125],[654,-108],[655,-264],[258,175],[398,632],[407,165],[129,273],[149,107],[417,28],[39,-292],[-60,-243],[148,-261],[79,-431],[-357,-204],[-1273,-1965],[466,-322],[317,87],[446,-156],[327,-361],[139,0],[89,126],[21,273],[109,-10],[277,-302],[149,-30],[-448,-876],[-100,-506],[29,-331],[-169,-681],[-328,-496],[-517,-418],[-179,-351],[10,-214],[346,-721],[-60,-253],[99,-117],[893,174],[1061,-21],[1091,86],[982,-99],[685,86],[218,-58],[1039,-1005],[89,-594],[-70,-467],[138,-419],[58,-565],[326,-1072],[267,-633],[693,-683],[119,-214],[-140,-847],[216,-1023],[138,-322],[-1,-1003],[-259,-710],[-447,-545],[108,-633],[-607,-1333],[-90,-409],[-62,-1558],[-160,-730],[-508,-1119],[109,-380],[-399,-1460],[-505,-662],[131,-577],[184,-377],[-181,-527],[148,-292],[336,-309],[4,-743],[-203,-433],[-276,-181],[-339,-197],[-412,17],[-142,-93],[-457,-504],[-342,-530],[-131,-752],[123,-332],[10,-327],[-511,-730],[-109,-839],[-117,-344],[-706,-1248],[-112,-754],[-157,-306],[-339,-2120],[86,-883],[91,-255],[-181,-487],[73,-654],[-143,-781],[-807,-1665],[-450,-676],[-35,-398],[110,-190],[-41,-264],[-270,-429],[-513,-374],[-88,-158],[269,-730],[583,-646]],[[2364641,3190220],[-1046,316],[-81,104],[149,816],[707,4],[189,141],[-109,271],[-806,890],[-203,345],[-62,321],[1,175],[123,224],[813,84],[191,417],[-43,321],[-338,333],[-1534,-102],[-363,194],[-160,290],[117,369],[154,73],[210,-13],[338,-284],[240,-55],[154,49],[179,302],[-117,478],[-658,460],[-764,303],[-98,170],[99,423],[-216,230],[-597,-42],[-197,176],[-93,223],[-431,116],[-868,454],[-702,79],[-450,460],[-55,133],[87,212],[375,102],[333,430],[586,320],[-93,169],[-603,370],[-283,478],[25,127],[172,18],[431,-248],[296,-19],[-160,218],[-671,303],[-191,212],[68,193],[215,170],[68,242],[-61,151],[-370,284],[-320,-84],[-61,115],[74,272],[-130,145],[-172,-108],[-81,-412],[-449,-187],[-197,303],[-548,460],[-179,-36],[-197,-248],[-136,-43],[-357,237],[-86,-152],[73,-381],[-172,-332],[-438,-67],[-98,49],[-209,556],[-31,315],[-375,230],[-56,145],[93,206],[375,-61],[130,224],[-259,357],[-49,363],[-369,31],[-332,478],[0,78],[825,562],[192,490],[610,901],[160,-36],[-111,-641],[43,-273],[49,-78],[216,24],[432,1137],[-179,181],[-258,-18],[-31,381],[123,430],[-769,363],[6,97],[530,550],[-160,533],[-61,726],[166,36],[333,-515],[160,73],[148,399],[-147,956],[247,423],[-296,412],[87,254],[-31,308],[-345,696],[-36,339],[222,266],[450,284],[486,242],[1017,326],[68,598],[-43,261],[-160,260],[-424,236],[92,212],[629,181],[1145,-170],[130,60],[63,393],[-163,1026]],[[2607032,3282805],[1537,-395],[498,-511],[593,-262],[1178,59],[1741,548],[414,30],[753,-148],[1134,-409],[350,-36]],[[2383027,3080452],[-751,381],[-258,283],[-30,329],[228,417],[250,202],[600,245],[380,8],[766,-158],[190,134],[23,411],[114,209],[-37,477],[-607,694],[-129,306],[160,396],[395,469],[221,224],[508,306],[-45,470],[-394,41],[-92,462],[-381,639],[-169,487],[-13,1614],[177,566],[248,468],[15,726],[852,870],[414,802],[116,87],[336,41],[628,-268],[262,80],[74,354],[-374,400],[-45,139],[74,267],[474,354],[1127,363],[184,340],[173,681],[499,568],[347,587],[315,937],[248,222],[363,125],[160,201],[35,302],[-257,493],[-74,511],[-695,698],[-152,347],[82,358],[961,51],[102,104],[67,281],[-119,236],[-258,240],[-1240,255],[-318,191],[-437,420],[-260,1837],[-667,983],[-509,493],[-486,1039],[-212,104],[-495,-3],[-625,136],[-693,-281],[-522,178],[-799,126],[-580,227],[-1385,105],[-120,45],[-145,404]],[[2380822,3108288],[280,231],[28,142],[-84,931],[117,73],[314,-28],[407,506],[215,-14],[440,-225],[138,194],[-64,386],[485,669],[293,254],[180,-60],[60,-930],[342,-361],[106,-14],[304,239],[403,-247],[1568,-50],[131,70],[212,312],[375,17],[431,-108],[88,-219],[162,-94],[672,-160],[282,-278],[290,38],[120,215],[92,719],[560,1176],[488,430],[209,469],[787,675],[56,173],[-70,726],[191,486],[-87,503],[350,524],[156,569],[95,94],[580,-35],[219,62],[-28,382],[290,333],[-60,431],[120,138],[326,122],[123,173],[26,670],[53,73],[551,107],[778,496],[177,385],[-77,400],[56,354],[337,517],[265,142],[533,79],[968,-594],[272,-272],[219,28],[339,-125],[360,-403],[169,10],[477,-171],[498,-417],[840,-945],[381,-240],[230,-38],[315,62],[902,1062],[289,93],[315,548],[100,375],[533,132],[237,298],[424,-45],[174,159],[339,87],[427,-157],[1004,197],[1045,-473],[898,113],[286,-354],[130,-313],[184,-31],[183,73],[578,-111],[330,-434],[294,-156],[74,120],[232,24],[588,-290],[490,72],[196,-48],[1468,-1025],[1077,-1204],[575,-265],[943,-266],[-221,-289],[-762,-2333],[159,-734],[236,-451],[-160,-604],[21,-194],[522,-1039],[286,-354],[586,-359],[201,-333],[649,-667],[611,-490],[155,-202],[10,-378],[248,229],[1463,581],[1081,-174],[908,-15],[477,-171],[601,43],[767,-330],[624,-407],[802,-22],[389,-125],[710,-341],[162,-223],[77,-611],[438,-344],[582,-202],[922,-115],[1176,-457],[1147,-1060],[374,-920],[462,-410],[2723,-836],[388,-192],[162,-146],[208,-403],[304,-181],[505,-70],[95,-45],[55,-206],[743,-232],[586,-386],[258,-84],[548,-25],[1413,134],[1721,901],[375,117],[1844,-117]],[[2380822,3108288],[-176,169],[-230,-66],[-445,-235],[-421,-441],[-612,-468],[-240,-28],[-74,87],[28,337],[435,715],[483,2457],[-67,497],[-166,292],[-590,77],[-667,-76],[-293,222],[-14,535],[114,475],[758,1562],[18,361],[-287,108],[-403,-240],[-325,1],[-279,163],[-232,615],[-191,52],[-626,-177],[-321,-204],[-407,-80],[-194,52],[-258,282],[-109,396],[-243,184],[-863,56],[-413,177],[-562,63],[1,483],[-219,111],[-527,42],[-158,229],[-798,498],[-170,17],[-311,-184],[-577,-649],[-296,67],[-134,284],[-46,400],[506,930],[-21,69],[-170,21],[-286,552],[-56,368],[-212,167],[-38,875],[-328,84],[-654,-517],[-251,-42],[-668,88],[-1042,-76],[-880,-187],[-1191,-121],[-520,-190],[-509,-59],[-236,115],[-145,295],[153,1507],[-102,361],[-237,31],[-774,-204],[-314,38],[-456,403],[-151,608],[-392,386],[-696,257],[-618,115],[-1258,91],[-1672,-197],[-1572,-495],[-477,28],[138,465],[523,985],[-211,764],[11,705],[517,1822],[-35,667],[311,798],[-21,264]],[[2494224,3109554],[-469,-804],[-255,-140],[-632,3],[-198,-570],[-235,-1287],[-800,-620],[-408,-993],[-100,-715],[-477,-592],[38,-403],[176,-375],[-54,-816],[105,-566],[-269,-430],[-324,-1091],[-298,-472],[-298,-774],[-252,-350],[-395,-1118],[-132,-670],[-55,-1441],[-188,-697],[-284,-566],[-534,-499],[-357,-461],[151,-459],[-75,-326],[-163,-211],[-544,-249],[-166,-188],[105,-562],[-36,-604],[137,-473],[190,-309]],[[2621004,3370250],[-193,-169],[-474,-144],[-169,-488],[33,-387],[459,-278],[24,-135],[-119,-189],[-316,20]],[[2615490,3333493],[1645,927],[34,1091]],[[2514473,3181778],[325,679],[528,472],[581,795],[311,712],[267,1398],[-77,1217],[278,686],[416,601],[259,919],[47,783],[146,382],[431,660],[228,735],[326,305],[1894,-128],[749,-265],[396,-42],[396,82]]]}
