{"type":"Topology","bbox":[-75.7062699153507,8.277880464924275,-74.5327094127527,10.145483522740825],"transform":{"scale":[0.000003385120954067422,0.0000034456095261769775],"translate":[-81.73562055563167,-4.229406466336059]},"objects":{"MGN_ADM_MPIO_GRAFICO":{"type":"GeometryCollection","geometries":[{"type":"Polygon","arcs":[[40,41,42,-24,-23,43,44,45]],"bbox":[-75.55296117246193,9.225350726822894,-75.33017282199094,9.430202549982694],"properties":{"dpto_ccdgo":"70","mpio_ccdgo":"001","mpio_cdpmp":"70001","dpto_cnmbr":"SUCRE","mpio_cnmbr":"SINCELEJO"}},{"type":"Polygon","arcs":[[-8,46,47,48,-9]],"bbox":[-75.01135536029497,9.204963055256506,-74.88649855902514,9.448164512442656],"properties":{"dpto_ccdgo":"70","mpio_ccdgo":"110","mpio_cdpmp":"70110","dpto_cnmbr":"SUCRE","mpio_cnmbr":"BUENAVISTA"}},{"type":"Polygon","arcs":[[49,50,51,-29]],"bbox":[-75.2590582009879,8.65381024666829,-75.0087149659508,8.921744289033336],"properties":{"dpto_ccdgo":"70","mpio_ccdgo":"124","mpio_cdpmp":"70124","dpto_cnmbr":"SUCRE","mpio_cnmbr":"CAIMITO"}},{"type":"Polygon","arcs":[[52,53,54,55,56,57]],"bbox":[-75.40825740703842,9.442406898924414,-75.2823173670633,9.640009159641137],"properties":{"dpto_ccdgo":"70","mpio_ccdgo":"204","mpio_cdpmp":"70204","dpto_cnmbr":"SUCRE","mpio_cnmbr":"COLOSÓ"}},{"type":"Polygon","arcs":[[58,59,60,61,62,-42,63]],"bbox":[-75.35640073914306,9.059703048851937,-75.12115852868206,9.352428251757829],"properties":{"dpto_ccdgo":"70","mpio_ccdgo":"215","mpio_cdpmp":"70215","dpto_cnmbr":"SUCRE","mpio_cnmbr":"COROZAL"}},{"type":"Polygon","arcs":[[64,-19,-18,37,65]],"bbox":[-75.7062699153507,9.343087204332361,-75.60474675281726,9.469044906171288],"properties":{"dpto_ccdgo":"70","mpio_ccdgo":"221","mpio_cdpmp":"70221","dpto_cnmbr":"SUCRE","mpio_cnmbr":"COVEÑAS"}},{"type":"Polygon","arcs":[[66,-53,-13]],"bbox":[-75.37321802004287,9.496623564818808,-75.28175543698492,9.647348307931894],"properties":{"dpto_ccdgo":"70","mpio_ccdgo":"230","mpio_cdpmp":"70230","dpto_cnmbr":"SUCRE","mpio_cnmbr":"CHALÁN"}},{"type":"Polygon","arcs":[[67,68,-27,69,-62,70]],"bbox":[-75.27288980520622,8.999863148210821,-75.01860967449953,9.159574040968176],"properties":{"dpto_ccdgo":"70","mpio_ccdgo":"233","mpio_cdpmp":"70233","dpto_cnmbr":"SUCRE","mpio_cnmbr":"EL ROBLE"}},{"type":"Polygon","arcs":[[-7,71,-68,72,-47]],"bbox":[-75.10342726512465,9.022817798874211,-74.84350413778753,9.214690010948903],"properties":{"dpto_ccdgo":"70","mpio_ccdgo":"235","mpio_cdpmp":"70235","dpto_cnmbr":"SUCRE","mpio_cnmbr":"GALERAS"}},{"type":"Polygon","arcs":[[-1,-37,73,-2]],"bbox":[-74.84198760360012,8.277880464924275,-74.5327094127527,8.510004287483767],"properties":{"dpto_ccdgo":"70","mpio_ccdgo":"265","mpio_cdpmp":"70265","dpto_cnmbr":"SUCRE","mpio_cnmbr":"GUARANDA"}},{"type":"Polygon","arcs":[[-52,74,-31,-30]],"bbox":[-75.37161008758969,8.710059822183128,-75.19609495124224,8.917644013697187],"properties":{"dpto_ccdgo":"70","mpio_ccdgo":"400","mpio_cdpmp":"70400","dpto_cnmbr":"SUCRE","mpio_cnmbr":"LA UNIÓN"}},{"type":"Polygon","arcs":[[75,76,77,-59,78,-55,79]],"bbox":[-75.30130112537371,9.33983454893965,-75.10020124485543,9.500492984316704],"properties":{"dpto_ccdgo":"70","mpio_ccdgo":"418","mpio_cdpmp":"70418","dpto_cnmbr":"SUCRE","mpio_cnmbr":"LOS PALMITOS"}},{"type":"Polygon","arcs":[[-3,-74,-36,80,81]],"bbox":[-74.89876623736268,8.366167317813508,-74.56258310517234,8.747827148199553],"properties":{"dpto_ccdgo":"70","mpio_ccdgo":"429","mpio_cdpmp":"70429","dpto_cnmbr":"SUCRE","mpio_cnmbr":"MAJAGUAL"}},{"type":"Polygon","arcs":[[-41,82,-56,-79,-64]],"bbox":[-75.3987519873994,9.30559552707803,-75.25932562554327,9.47865815674932],"properties":{"dpto_ccdgo":"70","mpio_ccdgo":"473","mpio_cdpmp":"70473","dpto_cnmbr":"SUCRE","mpio_cnmbr":"MORROA"}},{"type":"Polygon","arcs":[[-11,83,-80,-54,-67,-12]],"bbox":[-75.32729546917999,9.436211692996347,-75.01238782218596,9.686259576311011],"properties":{"dpto_ccdgo":"70","mpio_ccdgo":"508","mpio_cdpmp":"70508","dpto_cnmbr":"SUCRE","mpio_cnmbr":"OVEJAS"}},{"type":"Polygon","arcs":[[-44,-22,-21,-20,-65,84]],"bbox":[-75.64873301449441,9.258101245369208,-75.489134716873,9.407695828557706],"properties":{"dpto_ccdgo":"70","mpio_ccdgo":"523","mpio_cdpmp":"70523","dpto_cnmbr":"SUCRE","mpio_cnmbr":"PALMITO"}},{"type":"Polygon","arcs":[[-63,-70,-26,-25,-43]],"bbox":[-75.46740224034788,9.06711800055227,-75.22413729322574,9.245314588417564],"properties":{"dpto_ccdgo":"70","mpio_ccdgo":"670","mpio_cdpmp":"70670","dpto_cnmbr":"SUCRE","mpio_cnmbr":"SAMPUÉS"}},{"type":"Polygon","arcs":[[-6,85,-81,-35,86,-50,-28,-69,-72]],"bbox":[-75.20996717691202,8.446618854640214,-74.77559184120703,9.108964928247689],"properties":{"dpto_ccdgo":"70","mpio_ccdgo":"678","mpio_cdpmp":"70678","dpto_cnmbr":"SUCRE","mpio_cnmbr":"SAN BENITO ABAD"}},{"type":"Polygon","arcs":[[-60,-78,87]],"bbox":[-75.27394596294388,9.192917204352991,-75.13345328798722,9.406913675195264],"properties":{"dpto_ccdgo":"70","mpio_ccdgo":"702","mpio_cdpmp":"70702","dpto_cnmbr":"SUCRE","mpio_cnmbr":"SAN JUAN DE BETULIA"}},{"type":"Polygon","arcs":[[-51,-87,-34,-33,-32,-75]],"bbox":[-75.35961660404942,8.396640288463017,-74.98078094783783,8.740636161118422],"properties":{"dpto_ccdgo":"70","mpio_ccdgo":"708","mpio_cdpmp":"70708","dpto_cnmbr":"SUCRE","mpio_cnmbr":"SAN MARCOS"}},{"type":"Polygon","arcs":[[-17,-16,-15,-14,-58,88,89,39]],"bbox":[-75.70417791060109,9.623032641505663,-75.33560594112222,10.145483522740825],"properties":{"dpto_ccdgo":"70","mpio_ccdgo":"713","mpio_cdpmp":"70713","dpto_cnmbr":"SUCRE","mpio_cnmbr":"SAN ONOFRE"}},{"type":"Polygon","arcs":[[-10,-49,90,-76,-84]],"bbox":[-75.11651414273308,9.313837425064646,-74.95411973520359,9.474912779194367],"properties":{"dpto_ccdgo":"70","mpio_ccdgo":"717","mpio_cdpmp":"70717","dpto_cnmbr":"SUCRE","mpio_cnmbr":"SAN PEDRO"}},{"type":"Polygon","arcs":[[-91,-48,-73,-71,-61,-88,-77]],"bbox":[-75.20499781935145,9.100878082689752,-74.93668974741111,9.40446729243168],"properties":{"dpto_ccdgo":"70","mpio_ccdgo":"742","mpio_cdpmp":"70742","dpto_cnmbr":"SUCRE","mpio_cnmbr":"SAN LUIS DE SINCÉ"}},{"type":"Polygon","arcs":[[-4,-82,-86,-5]],"bbox":[-74.9170120393051,8.520706350672071,-74.53914791280734,9.044435553041446],"properties":{"dpto_ccdgo":"70","mpio_ccdgo":"771","mpio_cdpmp":"70771","dpto_cnmbr":"SUCRE","mpio_cnmbr":"SUCRE"}},{"type":"Polygon","arcs":[[91,-45,-85,-66,38,-90]],"bbox":[-75.61782347506282,9.392976184661878,-75.43906539284139,9.668394090917783],"properties":{"dpto_ccdgo":"70","mpio_ccdgo":"820","mpio_cdpmp":"70820","dpto_cnmbr":"SUCRE","mpio_cnmbr":"SANTIAGO DE TOLÚ"}},{"type":"Polygon","arcs":[[-57,-83,-46,-92,-89]],"bbox":[-75.5298678773133,9.372915846000476,-75.36127531331692,9.646335298731199],"properties":{"dpto_ccdgo":"70","mpio_ccdgo":"823","mpio_cdpmp":"70823","dpto_cnmbr":"SUCRE","mpio_cnmbr":"SAN JOSÉ DE TOLUVIEJO"}}]}},"arcs":[[[2054484,3629920],[1910,369],[954,38],[193,82],[395,741],[136,116],[67,326],[-237,909],[180,43],[41,314],[458,220],[288,1169],[517,508],[961,291],[665,73],[1478,365],[739,363],[1035,218],[1778,-1661],[2087,1408],[-148,-243],[43,-480],[-146,-710],[158,-436],[-122,-467],[70,-267],[126,-192],[934,-821],[82,-765],[356,-377],[171,-167],[627,-55],[126,98],[-62,336],[105,624],[219,291],[233,48],[296,327],[-78,803],[-152,298],[230,791],[-289,602],[-239,190],[336,433],[36,287],[446,404],[227,325],[1084,437],[474,295],[175,68],[1062,35],[764,-253],[439,-328],[652,-59],[350,-110],[284,-188],[470,-537],[313,-155],[858,-179],[858,11],[402,-232],[654,55],[590,-184],[267,-125],[517,-438],[191,-5],[166,-104],[117,-312],[162,-74],[56,-155],[489,-133],[967,39],[300,177],[246,29],[121,199],[699,83],[462,297],[1934,141],[719,-451],[146,-15],[432,-353],[649,-820],[22,-398],[-119,-974],[227,-492],[8,-445],[211,-428],[223,-219],[479,-236],[482,-38],[820,129],[860,771],[291,574],[-49,554],[-321,736],[-177,845],[147,680],[-224,670],[-63,710],[301,611],[306,151],[-256,410],[-284,184],[205,92],[220,298],[-11,119],[-196,43],[-73,127],[2,361],[134,511],[174,280],[0,363],[189,107],[-13,174],[148,33],[-88,178],[99,196],[-70,225],[207,50],[513,353],[365,373],[347,219],[282,596],[457,175],[19,176],[238,249],[238,462],[231,-178],[82,160],[92,17],[67,-151],[234,-124],[155,286],[256,88],[48,259],[210,31],[169,-66],[8,140],[245,101],[399,437],[251,19],[740,958],[87,675],[342,209],[214,300],[279,123],[45,188],[546,729],[97,178],[-35,256],[200,359],[176,31],[242,-354],[317,23],[19,627],[410,335],[282,640],[487,306],[296,402],[384,-35],[169,112],[6,181],[-368,318],[-69,264],[-333,541],[-45,869],[-401,307],[-254,535],[324,205],[95,237],[740,942],[76,327],[-82,475],[590,745],[44,573],[-68,283],[221,220],[74,608],[302,351],[68,341],[-749,1924],[-255,379],[-423,339],[-98,181],[17,107],[284,273],[-3,474],[338,468],[214,596],[163,45],[104,-58],[93,120],[27,379],[299,718],[-64,868],[185,481],[-138,505],[-835,626],[-233,533],[628,-91],[494,159],[893,15],[608,-480],[981,-82],[436,-291],[882,-48],[324,-137],[-127,-431],[1046,-961],[61,-160],[-45,-165],[-492,-500],[-77,-153],[63,-255],[141,-266],[165,-45],[302,295],[195,-41],[231,-402],[136,-580],[580,-736],[843,-673],[20,-203],[-128,-276],[423,26],[372,440],[2009,-34],[241,189],[204,-54],[2740,1068],[1647,92],[-43,463],[95,36],[123,833],[-79,1066],[68,530],[344,1247],[765,1275],[328,800],[377,506],[2172,1337],[389,377],[669,950],[997,973],[308,621]],[[2125952,3673495],[319,1108],[84,605],[-63,2053],[107,537],[-5,1097],[135,97],[719,1192],[318,352],[19,407],[188,314],[42,521],[-51,1809],[-127,342],[34,277],[-70,203],[12,933],[-183,1284],[-147,484],[146,22],[-85,465],[-142,211],[-211,796],[27,161],[-1213,1308],[0,163],[-203,358],[-537,673],[-77,262],[-306,486],[-729,823],[-77,262],[-1992,1570],[-50,170],[-464,353],[-544,1132],[10,544],[-811,-1],[-541,-94],[-239,-140],[-537,-530],[-493,323],[-891,9],[-137,141],[-240,711]],[[2116947,3697288],[206,310],[459,30],[211,161],[91,360],[-46,519],[-237,689],[-325,516],[-637,731],[-520,1151],[-196,548],[217,79],[-51,506],[-379,-121],[-142,272],[-59,592],[105,1013],[-105,619],[96,680],[-85,327],[-555,682],[-131,295],[331,68],[139,254],[181,86],[72,183],[520,344],[318,57],[181,-147],[586,-23],[301,212],[75,203],[295,58],[217,-92],[73,-136],[435,339],[65,331],[-67,1112],[-176,323],[-63,1236],[387,599],[12,1210],[-83,480],[251,246],[76,236],[-231,277],[-114,509],[-120,125],[-327,105],[-492,574],[-358,180],[-1497,1800],[-317,210],[-195,29],[-503,503],[-300,102],[-715,533],[-496,42],[-756,315],[-67,153],[-644,510],[-574,106],[-788,285],[-798,16],[-199,371],[-100,636],[16,1055],[-156,179],[59,488],[697,1427],[595,475],[527,729],[27,162],[419,77],[-208,1148],[-68,35],[9,120],[-295,227],[-111,360],[89,182],[-29,254],[177,183],[81,313],[-36,271],[269,393],[132,706],[-19,587],[250,699],[39,463],[-472,1151],[-155,867],[-166,179],[-133,320],[-312,311],[-300,625],[-1107,898],[-267,301],[-594,1432],[86,313],[-120,716],[-131,6],[25,272],[148,-13],[126,234],[176,623],[347,301],[1328,1547],[303,679],[51,529],[-100,378],[-254,379],[-738,770],[-397,303],[-421,565],[107,981],[417,1030],[249,1031],[-78,534],[8,1186],[-528,1931],[-272,361],[-701,1430],[-324,1384],[-506,778],[-130,140],[-48,-34],[-304,403],[-135,107],[-432,-242],[-283,520],[231,126],[-249,394],[-353,903],[-229,1030],[249,1244]],[[2105475,3761263],[575,838],[577,580],[563,420],[440,522],[263,502],[110,812],[-157,678],[-637,771],[-809,752],[-1376,883],[-157,193],[-101,450],[44,534],[567,971],[609,510],[872,-13],[891,123],[367,-13],[482,-142],[354,246],[1328,-231],[574,-466],[317,23],[510,371],[-18,484],[-182,390],[1,429],[561,667],[19,341],[113,155],[125,27],[259,-106],[387,52],[739,428],[636,195],[349,368],[282,130],[408,-224],[514,-536],[589,353],[231,659],[-234,341],[-140,89],[-1163,33],[-220,153],[-63,323],[42,232],[-109,107],[463,1591],[337,139],[765,912],[1277,892],[858,940],[342,201],[721,242],[1343,186],[95,113],[30,409],[550,82],[1038,494],[534,-30],[535,-347],[272,-49],[1138,6],[361,-78],[390,300],[57,767],[-86,385],[-164,303],[-392,319],[-148,450],[-259,211],[-1030,519],[-563,619],[-869,1536],[-249,287],[-814,617],[-42,485],[-224,358],[-402,260],[-1054,227],[-265,146],[-404,624],[-227,637],[-53,322],[119,343],[-38,278],[-372,428],[1,386]],[[2118378,3792177],[-2723,378],[-2070,493],[-857,1],[-375,98],[-284,254],[-59,365],[87,253],[1152,1218],[-42,504],[196,856],[246,630],[77,994],[114,447],[246,290],[-62,245],[-285,150],[-46,115],[21,518],[392,1696],[-97,888],[-78,139],[-262,88],[-324,-33],[-264,-147],[-147,-170],[-103,-725],[-156,-180],[-170,-56],[-794,191],[-683,620],[-92,681],[193,919],[-130,365],[-564,679],[44,735],[-158,1032],[-536,930],[-689,688],[-150,245],[56,631],[485,1348],[11,212],[-1264,682],[-360,908],[-1008,1025],[-594,749],[-389,1105],[-478,893],[-66,683],[132,911],[682,671],[326,452],[-9,183],[-314,450],[-257,178],[-302,-135],[-1439,-123],[-849,229],[-1846,-303],[-427,6],[-19,950],[-106,525],[105,995],[-244,472],[-413,533],[-365,757],[-167,526],[-87,979],[-988,1159],[-758,1907],[-92,1259],[-499,338],[-494,539],[-83,187],[-9,489],[-403,1901],[-105,112],[-868,571],[-2865,2712],[-2512,313],[-1760,1100],[-410,417],[-649,887],[-80,311],[67,522],[291,1104],[-316,263],[-301,202],[-1301,-86],[-915,203],[-814,953],[-702,410],[-381,-8],[-1612,-564],[-2788,-492],[-1458,2],[-3391,720],[-2924,1478],[-615,64],[-1374,-119],[-1123,174],[-1750,2691],[-845,559],[-584,195],[-150,170],[-60,281],[195,877],[196,254],[387,119],[-485,296],[24,537],[382,186],[124,171],[-534,372],[-463,580],[-465,411],[-1422,603],[-2123,-880],[-1100,-694],[-872,-416],[-821,-104],[-807,39],[-270,106]],[[2056065,3850444],[-900,-132],[-949,115],[-590,163],[-187,262],[-57,1198],[-285,1034],[-1101,193],[-604,-186],[-684,281],[-657,131],[-460,552],[-272,109],[-510,-451],[-1028,192],[-613,4],[-657,238],[-396,-74],[-378,77],[-199,-199],[-139,-28],[-538,274],[-449,813],[-454,497],[-252,127],[-970,119],[-629,227],[-1471,1236],[-116,241],[204,319],[-1,236],[-375,649],[-10,581],[150,754],[-12,601],[-199,627],[-862,1260],[-13,293],[111,353],[741,1135],[5,329],[-188,158],[-387,129],[-1024,1242],[-1179,750],[107,236],[-288,311],[201,46],[116,127],[273,-85],[-47,461],[-324,-29],[53,111],[-181,130],[117,83],[-87,116],[113,296],[-133,70],[-170,-54],[-2,283],[-149,244],[-150,28],[-33,362],[-140,76],[4,137],[-155,14],[-114,177],[-456,251],[-33,359]],[[2036003,3870623],[-462,202],[-30,335],[-227,310],[66,601],[247,306],[-371,527],[132,361],[-239,324],[108,427],[-101,62],[51,198],[-97,338],[31,228],[-410,111],[-177,291],[-191,-51],[16,230],[100,144],[-31,219],[-246,599],[-514,641],[-61,291],[-471,286],[-1198,361],[-119,692],[-267,486],[-494,78],[-81,225],[105,257],[-297,94],[267,261],[-220,140],[22,113],[135,52],[-64,306],[-236,317],[-39,234],[-348,322],[111,193],[-84,127],[134,110],[-239,141],[-29,127],[-166,116],[149,234],[-332,-8],[-266,185],[-243,-60],[-53,215],[-451,199],[-196,240],[-386,-30],[-231,114],[-223,572],[-290,15],[25,224],[-153,200],[-149,-23],[-85,102],[-273,27],[61,282],[-41,334],[-159,-141],[-286,76],[-291,314],[-405,63],[-291,287],[-405,235],[-169,-14],[-244,135],[-75,-93],[-301,173],[-252,-62],[-60,54],[12,-154],[-131,-61],[-213,146],[-131,-117],[46,-123],[-141,-58],[-47,244],[-123,-108],[-118,85],[-125,-147],[28,224],[-203,-71],[11,-128],[-246,-168],[97,-122],[-78,-104],[-201,-30],[35,-111],[-278,-87],[15,174],[-108,87],[-161,-14],[-38,122],[-169,-66],[-55,190],[-321,302],[-65,145],[59,391],[-430,66],[25,-218],[-113,-52],[-153,84],[39,-238],[-67,-52],[-76,139],[-90,-154],[-610,5],[-384,187],[18,518],[-67,73],[-692,-113],[-276,53],[-228,965],[108,487],[-213,550],[-100,48],[-60,233],[-431,617],[-98,719],[267,813],[-58,362],[198,345],[-27,213],[186,149],[-17,219],[157,213],[-83,300],[242,175],[-111,201],[48,373],[238,634],[-10,425],[229,592],[-282,449],[-147,8],[-387,238],[-230,279],[-262,156],[-181,701],[-326,350],[-65,506],[115,434],[-29,285]],[[2016862,3898982],[-247,773],[-189,283],[-35,333],[211,632],[998,1046],[195,1269],[-196,408],[-52,346],[154,116],[-87,471],[262,190],[-242,277],[-15,148],[-119,-28],[-64,404],[110,7],[90,148],[112,-32],[186,363],[-54,165],[-279,117],[-382,511],[-159,701],[-243,384],[-85,536],[-295,329],[-12,456],[-221,190],[-7,126],[172,236],[-118,279],[38,329],[-527,509],[-348,152],[-201,208],[-386,214],[-410,35],[-203,421],[-116,43],[-435,54],[-415,189],[-725,-120],[-363,156],[-607,-54],[-328,-122],[-568,661],[-94,228],[-407,389],[52,384],[-213,170],[-12,416],[161,289],[-61,285],[183,281],[13,338],[232,84],[1704,1713],[-325,362],[-55,282],[-353,515],[35,425],[219,737],[-144,96],[145,444],[-22,179],[-281,242],[-196,-38],[-64,118],[-231,95],[-151,345],[-395,504],[201,752],[6,338],[-66,367],[-453,967],[-270,67],[-651,-207],[-378,38],[-160,139],[-735,80],[-436,29],[-266,-110],[-46,111],[239,424],[-278,101],[61,240],[-1001,285],[703,832],[-149,181],[0,117],[316,408],[-163,226],[-136,481],[1205,1114],[361,446],[-21,600],[-246,262],[-82,351],[307,371],[101,247],[205,110],[167,222],[543,324],[-40,375],[148,408],[-72,262],[76,160],[-15,450],[-78,187],[108,253],[237,157],[24,219],[-150,412],[90,288],[-645,316],[-871,752],[-337,398],[-1237,408],[-321,286],[-1465,1870],[-317,1360],[55,14],[-68,353],[116,152],[217,16],[-21,72],[147,37],[783,-13],[970,448],[278,207],[81,554],[485,1660],[129,136],[1010,543],[1037,1398],[765,1506],[198,1856],[118,217],[566,367],[564,522],[671,1308],[308,203],[-88,182],[-11,307]],[[2012720,3952243],[24,261],[-198,76],[-221,377],[-226,197],[326,394],[112,292],[265,881],[9,779],[295,501],[95,333],[554,310],[472,683],[330,295],[93,209],[114,1629],[86,173],[917,607],[453,0],[233,204],[461,195],[1091,173],[1030,346],[372,44],[133,135],[437,75],[239,240],[308,-42],[162,-159],[705,100],[260,158],[168,5],[17,180],[243,94],[237,-12],[417,274],[569,627],[-11,169],[-308,415],[-437,106],[-314,197],[-92,197],[9,384],[-162,263],[-592,-106],[52,-238],[-71,-71],[-65,29],[46,79],[-167,87],[20,-268],[-97,-23],[-241,109],[31,71],[-124,88],[-184,-26],[-285,156],[-297,-1],[24,123],[-159,86],[-40,186],[-325,254],[-616,190],[-392,-5],[-247,-259],[-345,-107],[-662,-15],[-532,126],[-215,114],[-518,570],[-203,525],[-281,249],[-91,476],[-203,310],[-919,272],[-385,181],[-247,216],[-379,19],[-71,122],[-643,81],[-126,150],[-616,3],[-299,163],[-260,503],[-384,254],[-809,-34],[-41,-162],[-70,93],[-299,72],[-29,-78],[-132,125],[-118,-75],[86,73],[-163,54],[-158,-168],[-245,97],[-117,287],[-115,-18],[20,-99],[-442,-131],[-29,92],[-102,12],[-38,-133],[-301,-136],[-221,-769],[-834,-898],[-322,-546],[-606,-595],[-559,-205],[-575,-49],[-302,-272],[-1186,-390],[-350,98],[-88,64],[16,85],[-140,68],[-383,-117],[-253,-239],[-357,8]],[[2001617,3965395],[-1050,274],[-1010,-92],[-806,259],[-669,779],[-769,322],[-407,641],[-583,391],[-52,149],[-170,-44],[-38,-90],[-32,80],[109,109],[-31,113],[-75,-36],[-12,61],[82,15],[-33,166],[-345,16],[26,90],[-346,180],[-19,-174],[-68,6],[16,175],[-54,4],[-468,-111],[-52,-122],[-162,94],[-387,-201],[-203,-18],[-143,160],[-88,359],[-174,162],[-381,-49],[-295,265],[-472,-39],[-226,177],[-1004,-374],[-390,19],[-1246,568],[-189,215],[-937,327],[-664,356],[-258,419],[-304,230],[-372,118],[-159,-33],[-217,219],[-789,495],[-449,668],[3,562],[-430,400],[-285,114],[-351,-508],[-766,-476],[-120,46],[-634,774],[-203,86],[-410,443],[-673,399],[-1131,373],[42,351],[-252,261],[-209,732],[-618,336],[-20,352]],[[1979195,3976938],[-190,767],[11,252],[376,610],[312,69],[-37,114],[-129,-28],[-125,112],[166,-28],[211,173],[-19,164],[-94,-42],[-60,78],[140,122],[68,-39],[288,229],[275,42],[162,847],[413,432],[-16,250],[188,531],[54,592],[552,212],[30,442],[251,184],[113,281],[-39,158],[-209,19],[-147,178],[-114,851],[-262,360],[42,150],[258,75],[-275,192],[-30,235],[115,101],[-285,518],[62,384],[257,422],[-52,160],[-218,185],[-10,193],[386,379],[231,97],[-241,229],[244,442],[310,240],[494,26],[-24,292],[70,177],[286,205],[438,120],[90,91],[40,297],[-128,408],[82,185],[-91,123],[112,119],[-109,237],[219,127],[22,499],[191,260],[137,109],[789,26],[145,106],[179,2],[289,319],[722,220]],[[1986111,3992820],[-297,225],[-198,52],[-219,272],[-108,-17],[-150,-217],[-129,-51],[-244,-1],[-198,139],[-445,-88],[-160,67],[-906,-51],[-742,-229],[-521,102],[-179,330],[17,134],[166,152],[-49,51],[-346,57],[-218,224],[-1588,601],[-362,597],[-825,740],[-153,305],[-267,128],[-718,-11],[-234,-208],[-360,-127],[-421,-284],[-658,-236],[-417,-487],[-689,-268],[-184,-310],[-203,-103],[-455,-22],[-536,-235],[-659,430],[-1539,467],[-1442,54],[-214,6],[-221,-114],[-152,-235],[-245,-100],[-699,3],[-1016,-463],[-411,164],[-190,210],[-73,251],[-382,388],[-241,34],[-283,281],[-578,188],[-106,108],[-60,291],[-194,257],[-21,332],[99,456],[235,420],[6,267],[-331,328],[-81,275],[-418,447],[-528,77],[-400,359],[-68,169],[-386,22],[-278,235],[18,137],[-133,239],[-165,717],[-283,125],[-658,-50],[-256,345],[-724,557],[-309,498],[-152,136],[-99,-20],[-246,420],[-98,297],[40,333],[-73,41],[131,107],[-27,179],[-310,7],[-331,279],[-307,-53],[-63,-93],[-267,56],[-171,-108],[-320,51],[-38,151],[-272,-63],[-46,162],[-374,38],[-41,181],[-281,312],[-14,217],[-156,0],[-161,183],[-320,2],[-129,113],[-153,-91],[-105,46],[-209,548],[-332,201],[29,135],[-101,110],[-1022,-138],[60,173],[-227,239],[-22,401],[-129,248],[-387,44],[-166,107],[-524,6],[-430,233],[-128,168],[-112,-21],[-226,348],[-466,72],[-167,-159],[-104,232],[257,203],[-210,255],[6,511],[217,568],[-293,357],[-296,871],[-67,1174],[41,280],[149,167],[-118,152],[-904,286],[-406,219],[-1359,255],[-532,200],[-693,79],[-1134,-70],[-788,289],[-328,-92],[-560,542],[-672,284],[-283,281],[-1122,595],[-50,444],[312,545],[42,346],[-163,177],[-212,4],[-424,381],[-341,122],[-504,49],[-297,-152],[-340,-448],[-614,-474],[-169,-342],[-1698,-1755],[-513,-185],[-331,13],[-233,427],[-234,75],[-324,656],[3,615],[-324,467],[-198,96],[-49,216],[106,219],[202,172],[63,224],[225,207],[109,303],[261,257],[7,483],[-217,295],[-282,119],[-281,244],[-212,457],[-518,681],[-161,305],[26,380],[-80,414],[65,139],[-259,150],[-139,337],[436,-45],[274,-249],[464,-24],[597,-283],[595,148],[182,162],[298,614],[251,288],[443,16],[204,200],[106,257],[503,243],[247,11],[449,303],[213,255],[228,26],[409,486],[96,319],[455,197],[259,663],[226,177],[-48,526],[447,702],[-397,-159],[-570,113],[-261,-247],[-577,-193],[-140,-252],[-159,-47],[-188,-508],[-101,-90],[-225,-73],[-423,128],[-410,-510],[-432,-159],[-305,82],[-214,-215],[-227,-49],[-341,253],[-94,-49],[-174,71],[-84,175],[-849,848],[-280,8],[-349,167],[-157,261],[-317,101],[-415,-119],[-866,167],[-320,-70],[-142,111],[-509,-129],[-184,225],[-13,-147],[-65,-14],[89,402],[-555,313],[-35,176],[-114,55],[95,338],[-49,193],[115,77],[-289,190],[-17,190],[-186,25],[-196,-230],[-39,67],[-117,-90],[-749,238],[-135,158],[-276,-95],[-158,78],[-80,-61],[-477,16],[-144,-137],[-180,74],[-280,-30],[-198,-232],[-139,-396],[-298,-114],[-73,-375],[-233,-141],[-524,293],[-138,257],[-153,100],[-1114,67],[-334,-77],[-685,125],[-316,-83],[-679,269],[-500,-166],[-191,229],[-69,-11],[-132,-189],[14,-149],[-301,-871],[-263,-121],[-247,18],[-261,905],[-136,-65],[-442,132],[-306,362],[-312,118],[-214,316],[-42,221],[122,172],[-54,153],[-96,3],[-1048,832],[-300,101],[-213,244],[-414,-8],[-410,252],[-218,372],[-100,8],[-728,-256],[-260,-305],[-86,156],[-167,25],[-152,279],[-629,-74],[-414,379],[-364,45],[-241,304],[-109,319],[-341,71],[-9,139],[-255,92],[-3,236],[-597,-20],[41,182],[-319,202],[-272,666],[-85,433],[-103,122],[-399,-6],[-1006,-388],[-250,52],[-92,230],[128,286],[-10,556],[-251,630],[-23,410],[100,35],[8,152],[344,208],[179,367],[147,91],[36,352],[118,35],[17,146],[179,119],[111,288],[-138,191],[-496,189],[-850,-43],[-337,61],[-576,386],[-336,29],[-436,-38],[-468,-170],[-500,-333],[-2462,-1830],[-397,-431],[-1100,-701],[-1529,-1229],[-361,-660],[-71,-677],[93,-266],[-328,-481],[435,-479],[-39,-590],[105,-360],[-111,-197],[-781,-518],[-315,70],[-186,-77],[-89,66],[-353,-6],[-296,-102],[-713,-485],[-281,137],[-59,-258],[-360,74],[-161,-283],[-65,32],[4,169],[-137,-118],[-345,20],[-164,-1418],[-528,-888],[-770,-1987],[5,-345],[-373,-473],[-353,-948],[-347,-452],[-61,-323],[-135,-136],[-45,-278],[65,-520],[-442,-355],[97,-229],[-320,-406],[-282,-872],[42,-269],[-101,-186],[189,-126],[-63,-193],[-114,-72]],[[1893098,4018469],[-564,-61],[-357,194],[-252,-93],[-281,23],[-61,314],[-343,126],[-158,192],[-74,253],[21,322],[374,209],[211,323],[147,20],[54,148],[23,1097],[379,1042],[-217,301],[-441,186],[-180,1],[-67,-144],[-238,-104],[-617,156],[-131,240],[-353,254],[-231,918],[-450,388],[-363,48],[-1,168],[-111,106],[74,252],[-88,345],[-551,245],[-108,263],[-258,71],[-222,-229],[-270,11],[-215,-98],[-113,194],[-346,73],[-218,261],[-293,179],[-247,60],[-44,-170],[-294,-89],[-348,285],[-293,-18],[-449,631],[-218,-84],[-156,94],[-409,-447],[-924,135],[-190,223],[-69,-9],[-107,-558],[-171,-303],[392,-247],[-132,-370],[256,-154],[-230,-170],[6,-108],[321,-128],[-125,-353],[287,-175],[151,-354],[-143,-183],[-191,150],[-122,-14],[-89,-94],[-11,-259],[-243,52],[-230,-119],[71,-599],[476,-309],[-62,-441],[-233,4],[-129,97],[-42,179],[171,143],[-206,109],[-226,-8],[-174,-81],[201,-233],[-127,-171],[-301,30],[-242,-123],[-115,252],[-38,-336],[-116,-75],[-170,385],[-181,41],[-297,-273],[-544,-256],[-383,-60]],[[1879520,4022162],[-343,400],[64,1899],[-518,1138],[-90,379],[-214,328],[742,434],[-426,361],[-1332,720],[-478,171],[-444,327],[52,259],[545,986],[-19,311],[140,432],[1673,23],[151,139],[52,190],[-251,707],[-1,242],[352,744],[-90,397],[-124,17],[-90,172],[282,450],[-36,224],[318,53],[-72,363],[52,224],[194,208],[195,53],[141,190],[104,588],[-90,258],[-141,34],[-284,51],[-195,-104],[-549,153],[-940,118],[-320,378],[564,762],[-196,207],[-603,343],[-19,155],[583,606],[798,-307],[48,1191],[193,674],[638,-204],[461,36],[17,155],[-143,190],[460,278],[105,190],[-231,258],[-90,276],[33,656],[-143,414],[176,225],[-108,345],[-478,33],[70,138],[-142,173],[-515,291],[-141,-138],[-124,34],[-125,85],[-214,466],[17,207],[195,53],[282,346],[175,571],[176,225],[-178,275],[174,623],[674,-67],[84,1036],[-1613,236],[-89,259],[103,656],[-284,310],[-1,121],[461,-16],[406,295],[513,192],[69,605],[335,416],[-268,413],[141,208],[479,-154],[285,-258],[229,122],[710,-187],[176,156],[353,553],[34,208],[-197,638],[158,380],[-72,276],[296,1366],[798,-222],[407,-16],[559,2057],[140,657],[-37,310],[159,36],[49,1036],[247,329],[52,432],[227,726],[281,709],[405,588],[281,657],[601,400],[121,795],[738,1677],[-146,1053],[422,865],[103,656],[-2,639],[211,433],[547,606],[263,554],[70,449],[316,743],[68,640],[318,398],[32,691],[633,1383],[15,812],[526,1262],[-676,861],[-357,621],[-267,258],[-250,603],[-33,584],[361,670],[150,492],[249,391],[39,258],[-125,63]],[[1889722,4079931],[-488,282],[-501,485],[-601,290],[-299,-1],[-1052,726],[-502,436],[-602,680],[-550,192],[-598,-343],[-750,290],[-253,777],[-655,1312],[-1098,-199],[-1552,773],[-1750,383],[-204,1119],[47,681],[-505,1313],[-498,-246],[-602,679],[-4,974],[-256,1410],[-151,438],[-548,-440],[-1704,1259],[364,715],[-817,715],[-22,82],[144,81],[-16,130],[-195,207],[-3531,884],[-798,135],[-320,137],[-1365,-6],[-142,155],[-461,-1],[-319,-36],[-140,-346],[-266,-18],[-72,172],[-787,-94],[-129,74],[276,605],[-355,223],[211,363],[194,87],[249,-103],[284,2],[50,570],[4183,68],[2145,-44],[336,278],[-197,396],[34,277],[-443,101],[-5387,-280],[-408,-105],[-673,15],[-408,16],[-1438,477],[-372,-18],[-52,-190],[54,-294],[-995,618],[-462,378],[-161,241],[15,587],[351,1055],[-40,1001],[368,934],[-214,293],[195,156],[-20,500],[-142,-104],[-265,-1],[-460,-278],[-160,-1],[-1188,134],[-1474,650],[-212,-156],[-266,33],[-123,-138],[-213,-1],[-158,-450],[57,-828],[-354,-53],[-301,-174],[-264,-468],[-174,-708],[-159,-104],[-246,-485],[-671,-728],[480,-309],[1100,-289],[-386,-761],[-461,67],[-231,-53],[-406,-347],[-1259,254],[-408,-36],[-212,-225],[-248,103],[-248,-53],[-279,-1055],[-568,223],[-338,257],[-448,1103],[-552,672],[632,1383],[564,711],[177,18],[123,207],[-302,172],[-338,413],[-72,276],[-640,463],[-428,534],[-445,309],[-196,344],[-160,34],[-1119,704],[85,656],[388,554],[406,347],[-409,309],[-763,308],[-249,189],[-710,239],[-74,500],[-285,361],[-72,259],[1332,-495],[851,-31],[500,-827],[481,-568],[636,417],[-1159,1601],[-230,-104],[-178,172],[-856,1084],[-107,258],[441,503],[316,692],[567,37],[53,121],[-126,414],[88,69],[142,-86],[35,156],[-125,345],[176,277],[-162,431],[212,225],[16,363],[334,605],[425,313],[1023,988],[-232,552],[-214,189],[-1,173],[193,449],[689,590],[159,225],[-250,396],[-1301,1497],[33,708],[-91,535],[-959,428],[-816,66],[-496,-89],[-642,930],[-180,483],[-1,190],[1006,1212],[-148,1416],[176,87],[193,639],[-393,603],[371,416],[439,848],[-37,362],[582,641],[-142,207],[761,348],[122,450],[-231,-36],[-461,85],[-443,-54],[-1261,530],[-939,-159],[-871,463],[702,1660],[123,156],[445,80],[1185,1497],[-3371,4450],[71,830]],[[1845825,4140388],[-1047,435],[-265,37],[-1763,-792],[-1191,-115],[-513,-362],[-659,-668],[-1075,-1704],[-367,-212],[-510,66],[-960,-58],[-536,53],[-945,151],[-510,431],[-764,368],[-367,526],[-1053,451],[-398,459],[-625,1274],[-391,275],[-491,10],[-678,-306],[-543,101],[-688,275],[-263,401],[-172,771],[-254,346],[155,510],[-124,90],[13984,28743]],[[1842812,4171944],[-22494,-17139]],[[1782970,3958996],[-106,-107],[-17,-530],[-1714,-791],[71,-165],[310,-215],[-235,-1709],[301,0],[525,-453],[180,-70],[57,-258],[179,-73],[21,-124],[-858,-6980]],[[1781684,3947521],[930,-133],[663,59],[214,-80],[282,-310],[231,-71],[216,-186],[545,-725],[653,-146],[757,-615],[170,-367],[47,-1073],[211,-542],[45,-521],[282,-304],[283,-63],[140,117],[118,-96],[365,191],[365,61],[12,-297],[150,-373],[-132,-395],[133,-231],[-75,-345],[996,-573],[-342,-997],[180,-95],[209,695],[84,181],[129,58],[625,-446],[309,-72],[925,-758],[678,1387],[1583,2036],[837,860],[53,215],[-98,646],[46,97],[1680,-291],[472,-209],[349,-32],[972,901],[154,-28]],[[1798130,3944651],[800,-1652],[71,-1011],[282,-70],[384,-281],[759,-888],[648,15],[470,-89],[321,245],[368,833],[1105,314],[160,13],[275,-230],[442,-121]],[[1804215,3941729],[403,261],[264,-19],[102,-255],[22,-968],[139,-536],[1602,-1909],[1370,-791],[371,-1867],[565,11],[665,-573],[589,-673],[267,-25],[423,189],[243,10],[729,-419],[640,-220],[-9,-373],[647,-1739],[-68,-171],[-358,23],[-22,-182],[248,-432],[774,-900],[105,-259],[-89,-389],[758,-793],[441,-654],[1134,-779],[-163,-462],[-409,-316],[-38,-591],[-326,-377],[-119,225],[-386,60],[-455,-337],[-491,228],[312,405],[-256,33],[-817,1109],[-336,-558],[-1049,-324],[-414,-1016],[153,-974],[-888,-1409],[-309,-1131],[-590,-239],[170,-577],[870,-52],[700,-266],[896,82],[342,-71],[380,-208],[1257,247],[463,-133],[504,-274],[534,5],[780,-716],[189,-299],[-2,306],[220,23],[79,-534],[206,19],[6,-458]],[[1817183,3918717],[1607,208],[572,722],[2225,1021],[572,-245],[1338,-1022],[1093,-990],[266,-139],[72,-1022],[485,-784],[755,-228],[214,-233],[282,-147],[101,-179],[176,16],[493,-551],[354,-252],[839,15],[184,-218],[-2,-145],[252,-7],[120,614],[577,-306],[-75,-109],[170,-110],[897,-115],[61,304],[178,193],[803,-71],[993,98],[102,-253],[64,51],[139,-96],[-35,-57],[285,50],[-1,-86],[134,253],[185,128],[484,21],[437,180],[374,-76],[379,67],[896,747],[287,-34],[39,86],[545,-70],[75,321],[384,-134],[-258,-557],[523,-492],[318,-127],[214,-269],[77,-284],[94,200],[342,305],[-16,69],[323,84],[-9,742],[135,228],[-95,34],[26,93],[959,843],[-352,299],[31,206],[-129,545],[28,815],[899,1152],[512,452],[260,47],[-54,183],[141,666],[327,219],[-119,99],[665,659],[327,-120],[13,-197],[205,-79],[97,153]],[[1843042,3922101],[68,90],[217,-716],[-194,-132],[-329,-481],[-178,-626],[1124,-175],[351,-323],[-420,-441],[368,-246],[414,215],[341,-347],[-419,-269],[-523,-10],[-423,-1147],[-417,-456],[3,-648],[-227,-82],[-663,-1492],[670,-245],[366,1042],[88,18],[262,-268],[432,-79],[595,-369],[147,10],[524,-296],[611,-1367],[60,404],[1187,77],[523,-269],[-254,-542],[532,-173],[-53,-222],[173,-129],[-86,-100],[97,-84],[-201,-129],[-36,-513],[77,71],[103,-95],[14,216],[249,-270],[434,-249]],[[1848649,3911254],[292,332],[380,9],[109,117],[87,-220],[-89,-71],[54,-223],[72,-78],[126,153],[163,-195],[108,-307],[20,-255],[-21,-90],[-81,12],[29,-222],[-86,-42],[93,-195],[99,28],[-41,175],[110,-15],[22,97],[-80,20],[45,151],[203,-25],[8,-152],[74,-1],[7,206],[270,42],[-39,131],[100,24],[-22,82],[542,83],[221,-151],[194,-2],[-65,-169],[135,-109],[-67,-196],[134,-243],[473,-134],[49,-281],[243,-50],[35,-266],[109,-148],[394,0],[245,-93],[78,-270],[113,31],[24,195],[61,14],[763,-237],[278,-207]],[[1854620,3908509],[51,-56],[-156,-159],[-12,-185],[-233,-374],[-173,-645],[12,-360],[215,-273],[-78,-417],[-233,-376],[-50,-939],[-564,-32],[-157,-133],[-461,-1848],[-376,-869],[-247,-143],[-100,-289],[244,-463],[-138,-290],[35,-475],[-148,-172],[159,-155],[17,-212],[181,-293],[-135,-437],[637,-385],[116,-146],[-181,-253],[345,-122],[-284,-25],[-148,-173],[252,-231],[-96,-184],[226,-141],[-213,-226],[114,-86],[-272,-292],[-58,-315],[407,-296],[191,359],[562,-366],[-279,-500],[499,-301],[-481,-816],[473,-554],[134,-1746],[545,90],[276,-601],[516,-251],[-21,-774],[-598,-45],[-501,-284],[-17,-593],[110,-335],[-120,-109],[-566,-1405],[-314,189],[-444,-718],[-89,-27],[-1235,127],[-62,-68],[334,-1447],[-5,-508],[72,-92],[336,-231],[233,-60],[733,303],[169,-258],[136,41],[239,-629],[602,129],[365,-1232],[524,-816],[2113,-1091],[-281,-547],[-91,-721]],[[1857176,3880152],[1201,191],[1333,-170],[779,82],[572,-41],[576,152],[196,325],[129,974],[260,414],[233,597],[215,191],[108,-174],[183,99],[-67,106],[424,410],[-66,145],[384,-449],[53,-428],[-85,-241],[474,234],[897,802],[182,-450],[955,-1155],[639,-345],[367,418],[305,899],[296,582],[90,-49],[691,-1744],[332,303],[829,399],[710,596],[437,207],[1037,1165],[260,626],[624,471],[575,165],[525,275],[478,567],[210,-222],[608,-1017],[386,-442],[2369,-2025],[-35,-538],[-195,-294],[-954,-438],[-215,-751],[-71,-262],[44,-105],[89,-114],[234,-31],[241,-493],[355,-26],[331,-334],[1966,361],[879,264],[1367,85],[328,-678],[569,199],[960,-207],[966,-64],[-206,-1583],[91,-736],[2795,-1439],[1060,533],[294,65],[422,-192],[612,1173],[958,625],[827,104],[335,-164],[906,47],[242,-581],[-222,-436],[-7,-388],[963,-1543],[125,-229],[-21,-128],[229,83],[254,-546],[221,-21],[330,-759],[979,418],[2246,143],[-242,-646],[92,-101],[-418,-1575],[15,-602],[30,-88],[1529,-1135],[-249,-308],[-115,-766],[-295,-433],[-603,-485],[-308,-32],[369,-597],[797,-421],[-571,-1159],[465,-10],[491,142],[317,-51],[858,349],[711,699],[309,526],[580,593],[1116,-98],[-22,-405],[-403,-928],[52,-412],[-126,-1036],[-1144,-1192],[1094,-184],[696,-472],[429,-105],[798,35],[286,230],[95,219],[111,-51],[820,-1098],[741,-599],[260,-768],[1957,558],[484,421],[428,145],[1234,-720],[752,-157],[843,10],[697,-424],[749,-247],[1546,-184],[356,176],[7,192],[163,7],[-3,-55],[199,98],[-21,365],[237,1],[99,-325],[113,-30],[-13,-101],[812,-24],[262,-281],[482,-213],[260,-350],[440,368],[1180,-905],[1546,973],[862,18],[1152,748]],[[1923560,3860715],[1145,-1171],[332,-869],[849,-829],[147,-471],[-75,-308],[167,-238],[-179,-371],[366,-194],[510,-446],[72,-524],[210,-589],[800,-623],[172,-236],[480,-1598],[-836,-464],[-544,-2049],[1048,-211]],[[1928224,3849524],[-198,-604],[-109,-919],[-135,-10],[73,-1010],[-109,-12],[64,-484],[306,-279],[218,-90],[-141,-873],[92,-1288],[376,13],[930,-305],[-1139,-2231],[2075,-1322],[-190,-258],[-424,-307],[101,-89],[3377,-2249],[-403,-701],[303,-190],[191,263],[849,-360],[385,-665],[-367,-929],[491,-1829],[-8,-231],[-104,-930],[-408,-641],[-36,-935],[1596,114],[608,-185],[1257,-1290],[532,-1276],[1752,-1731],[3130,-1852],[497,-712],[-3412,252],[-1208,-4698],[-2195,1939],[191,0],[-563,422],[-997,1349],[-482,452],[-747,452],[-500,-884],[141,-112],[-839,-1371],[3399,-1838],[-1720,-4480]],[[1934724,3814610],[-231,279],[-76,229],[-365,274],[-142,341],[-312,-127],[-162,27],[-280,232],[-191,434],[-230,29],[-382,-121],[-429,166],[-316,-19],[-319,170],[-236,17],[-398,244],[-222,-275],[183,-550],[-356,-427],[-83,-214],[-547,-377]],[[1929630,3814942],[-949,498],[-1005,149],[-573,-61],[29,-88],[-1440,-383],[-670,-397],[-493,-781],[-858,-637],[-511,-539],[-166,-850],[-403,-800],[-62,-288],[-833,-967],[-395,-690],[-263,-192],[-1382,-395],[-490,-846],[-905,-1184],[300,-426],[-1060,-738],[-1202,1186],[-781,1225],[-472,-187],[-88,55],[-851,931],[-186,330],[-350,165],[-152,176]],[[1913419,3809208],[-209,180],[-206,30],[10,83],[-170,103],[-391,-327],[-534,-281],[-498,169],[-267,495],[-114,-46],[-57,397],[-183,424],[63,473],[-92,394],[149,266],[0,227],[-1199,2174],[-504,465],[-603,-812],[-901,-2118],[-1183,-34],[144,432],[-614,418],[-1219,-710],[105,-521],[421,-610],[-208,-487],[-850,-398],[-1104,184],[-42,-74],[1772,-2120],[-2668,-5164],[-1663,-2204],[1078,-811],[-206,-704],[-256,-418],[-392,61],[-326,-269],[-524,-102],[-782,382],[-343,323],[-406,114],[-1060,-226],[-1130,37],[-732,-254],[-1757,1220],[-731,394],[-1232,510],[-619,-2807],[-385,262],[-207,-984],[-1174,-208],[-819,-376],[-1084,-39],[-889,-266],[-496,35],[422,-1129],[268,-1127],[-581,-41],[-640,-446],[-264,-80],[-166,-330],[-119,-508],[-299,-440],[-563,-621],[-633,-355],[-491,-611],[-611,-478],[-470,-206],[-913,3],[-1077,-571],[260,-3402],[317,-79],[-24,-308],[330,-54],[-65,-864],[468,-77],[-14,-1166],[-549,-2450],[485,-98],[-494,-1560],[103,-187],[877,-668],[415,-650],[813,-604],[1081,-523],[1218,-391],[617,-440],[436,-73],[507,-305],[1318,-436],[421,-366],[530,-878],[137,-104],[1465,-264],[-1104,-1642],[386,92],[1202,-464],[-23,-50],[410,-199],[14,-329],[-237,-1394],[2709,-671],[-32,-528],[167,-1806],[-1079,-203],[-693,-40],[-508,-231],[241,-1129],[308,-70],[69,-84],[61,-529],[337,-904],[-293,-1033],[-1055,-189],[783,-552],[73,-1378],[-1404,-609],[-515,-542],[-188,-1901],[-877,243],[386,554],[-8,593],[-289,23],[-312,-64],[-248,-651],[-326,-211],[-192,-407],[130,-645],[274,-128],[1740,-405]],[[1890554,3755720],[-196,-1109],[-66,26],[-370,-791],[-667,232],[-14,-1123],[499,-476],[335,-719],[256,-349],[-37,-90],[-107,-25],[21,-77],[-1235,-317],[26,277],[-160,17],[-589,766],[-457,-14],[-236,294],[-915,405],[-394,-518],[271,-64],[-871,-966],[-155,121],[-430,-379],[546,-54],[233,-368],[435,-112],[472,-519],[138,-47],[-21,-560],[-155,-57],[-269,-447],[-206,-804],[-348,-764],[125,-22],[-221,-447],[-506,163],[-176,-391],[-1444,490],[-128,-365],[1267,-564],[160,-139],[-703,-2032],[980,207],[336,-2253],[369,-1520],[1801,186],[-244,-1294],[56,-794],[-78,-408],[67,-208],[271,-229],[1818,-727],[-172,-426],[19,-260],[-461,-1616],[857,-1285],[295,-798],[-103,-1124],[303,-202],[107,-165],[746,-1529],[197,-485],[19,-399],[103,-269],[605,-671],[110,-1053],[739,-614],[335,-515],[627,-627],[148,-308],[61,-1128],[259,-502],[710,-910],[167,-508],[421,-756],[85,-641]],[[1895815,3719971],[91,-2803],[123,-674],[-88,-8],[87,-163],[-161,-29],[85,-210],[-49,-158],[-614,-324],[-203,-332],[-271,-1375],[-163,-455],[-1092,-1103],[-402,8],[-369,151],[-125,-1673],[-155,56],[-316,-1176],[490,-335],[514,-131],[801,-514],[502,-652],[-344,-1631],[-512,-281],[-300,-342],[142,-293],[362,219],[89,-407],[-435,-253],[-144,-440],[-83,84],[74,-355],[2405,950],[368,-17],[393,-193],[224,-379],[496,-2144],[1942,-1065],[49,-299],[-512,-608],[1162,-1081],[-772,-1012],[-1454,-1255],[-744,-2196],[2205,-1684],[600,309],[407,25],[504,238],[993,259],[368,-25],[862,-284],[625,67],[957,380],[652,-132],[338,-134],[734,-687],[844,-275],[-128,-33],[386,-68],[-90,-1107],[604,-106],[306,-134],[641,-579],[307,-147],[279,-29],[510,136],[941,-267],[310,1],[213,44],[26,118],[1472,195],[1194,-83],[1269,-109],[658,-502],[584,458],[270,44],[289,-4],[1008,-309],[416,44],[458,-442],[1204,-604],[55,-1663],[-953,-376],[-973,-658],[171,-872],[1064,-5],[1177,-318],[592,-679],[376,309],[-174,424],[17,217],[2106,2983],[253,222],[297,40],[266,-117],[480,251],[-141,544],[95,479],[444,-223],[603,-67],[224,-729],[161,-1182],[452,-1379],[1453,-2351],[465,-1123],[1524,-2607],[1485,-1324],[1279,-1481],[-1337,-1235],[-775,-518],[-1728,-530],[-669,-410],[-486,-504],[-432,-904],[-169,-1146],[592,-844],[542,-385],[475,-194],[1034,-136],[1768,404],[16,-429],[-142,-728],[7,-844],[124,-1290],[99,-285],[218,-306],[924,-501],[932,-890],[980,-1375],[187,-525]],[[1935080,3664387],[228,326],[475,346],[675,211],[935,23],[2398,2504],[-638,563],[1773,1592],[746,-246],[1193,400],[657,769],[8,4158],[199,-42],[344,89],[894,-356],[480,58],[376,-301],[426,-201],[755,-158],[2532,-74],[41,562],[-1122,673],[1571,2077],[86,157],[29,592],[1314,1958],[-196,354],[-1319,1349],[-3,985],[938,1239],[484,425],[587,760],[12639,-709],[6761,-3649],[553,378],[270,296],[407,574],[264,547],[265,743],[87,651],[-54,156],[-272,228],[262,124],[157,6],[588,-335],[-21,-79],[671,-240],[403,157],[95,405],[-111,55],[189,151],[823,86],[143,-208],[-166,-1177],[161,-459],[431,-389],[391,-34],[311,-229],[332,9],[173,96],[655,539],[897,1434],[162,1012],[672,622],[-207,1353],[-174,2256],[-96,0],[-160,1978],[300,548],[70,377],[-46,816],[159,456],[-50,347],[2773,-550],[1008,1482],[3862,2569],[-384,885],[117,1354],[826,1191],[804,-68]],[[1988886,3700934],[140,-63],[269,-507],[491,-549],[402,-603],[297,-1074],[567,-394],[521,-598],[7404,-988],[12658,-1887],[-324,-4649],[-107,-8778],[4223,230],[3877,104],[109,-148],[-12,-160],[-246,-922],[-17,-568],[236,-301],[304,-187]],[[2019678,3678892],[1087,-365],[128,-225],[74,-579],[212,-614],[322,-472],[539,-531],[489,-100],[1039,44],[545,-224],[297,-324],[79,-367],[-127,-189],[-725,40],[-265,-95],[-67,-148],[86,-390],[461,-933],[460,-537],[-101,-592],[388,-880],[315,-194],[927,-1352],[116,-319],[160,-1696],[128,-472],[322,-751],[369,-383],[1040,-258],[2643,-1295],[1016,-371],[-204,-520],[-332,-172],[1149,-1356],[450,-823],[714,-524],[598,60],[676,273],[-480,1471],[2741,889]],[[2036947,3663618],[494,-468],[-990,-1599],[778,-630],[2725,1685],[97,-329],[256,-205],[196,-482],[330,-360],[331,-128],[468,22],[2709,515],[2097,-163],[1293,-1943],[-695,-682],[715,-2541],[-1082,-449],[-682,-158],[-1010,-631],[-153,1258],[-672,745],[-1011,-10],[69,-859],[-1223,-905],[-1411,-1621],[542,-1124],[1200,-1051],[640,-350],[651,18],[448,-90],[746,-298],[413,-312],[245,-667],[135,-985],[89,-191],[187,-160],[789,-33],[754,-194],[818,-663],[271,-342],[-121,-14],[274,-354],[373,-715],[60,-242],[-67,-729],[1144,-659],[-177,-300],[-363,-174],[-861,-2080],[580,-803],[353,180],[2048,277],[410,-1544],[-1719,-780],[-1014,-640],[641,-1339],[-470,-101],[-931,16],[-137,-118],[-62,-104],[142,-273],[-7,-868],[90,-633],[298,-642],[329,-368],[723,-329],[342,-21],[-82,-2436],[121,-357],[1125,408],[3,-898],[626,589],[624,-360],[1110,-467],[575,-440]],[[1782970,3958996],[371,-102],[744,132],[121,-56],[61,-150],[240,-107],[262,-7],[0,-59],[937,9],[500,92],[57,-199],[157,-74],[-13,-323],[237,-302],[392,-61],[-12,-52],[176,-25],[-18,-138],[176,-103],[429,-30],[501,-253],[321,-434],[371,27],[5,127],[271,-64],[-127,-56],[177,-187],[483,124],[28,-124],[161,3],[1312,528],[1726,988],[2088,1602],[1364,1209],[663,730],[213,-50],[253,-369],[-41,-55],[169,-100],[89,49],[187,-87],[329,25],[649,201],[1375,1064],[599,586],[202,362],[189,-70],[130,37],[-47,107],[69,-50],[101,94],[-92,227],[329,-26],[123,196],[-47,193],[319,27],[93,166],[-41,179],[239,-19],[213,244],[-34,237],[203,6],[204,162],[-36,325],[282,3],[195,244],[-122,368],[261,-149],[202,45],[97,-54],[43,161],[-112,86],[182,388],[-88,208],[269,-18],[129,82],[50,281],[419,247],[256,327],[144,419],[248,126],[260,330],[139,316],[-41,74],[281,159],[318,436],[120,305],[541,669],[1861,2973],[688,1257],[-86,80],[191,4],[441,708],[57,228]],[[1810295,3975625],[-113,67],[138,-23],[311,538],[-57,77],[98,-18],[115,208],[-66,71],[90,-16],[117,190],[177,388],[-83,68],[122,-25],[87,158],[-107,110],[135,-39],[130,195],[17,116],[-101,58],[145,-14],[176,347],[-112,100],[159,-32],[181,369],[-123,96],[154,-17],[142,261],[37,127],[-128,79],[142,-50],[92,119],[102,283],[-103,71],[168,-38],[54,184],[-99,64],[130,-19],[323,667],[37,134],[-99,67],[160,18],[66,160],[-77,49],[94,-15],[110,199],[68,260],[-87,64],[103,-19],[66,75],[193,377],[214,778],[-826,355],[534,-158],[31,74],[312,43],[276,433],[628,1851],[61,14],[2,171],[130,167],[129,453],[-50,43],[78,37],[13,224],[125,157],[-77,80],[102,-10],[39,80],[-23,134],[70,10],[-2,168],[202,386],[62,391],[97,69],[-45,118],[119,52],[15,240],[-135,41],[156,-9],[77,175],[-149,116],[104,-45],[86,115],[-158,101],[132,-41],[55,56],[156,812],[246,580],[-54,92],[66,1],[115,248],[-17,192],[115,-20],[41,84],[-65,148],[109,-8],[45,133],[-154,118],[235,88],[-80,121],[103,11],[131,399],[-98,61],[126,-19],[66,194],[-78,61],[86,-10],[35,242],[119,125],[-75,124],[87,-22],[78,94],[-46,130],[89,12],[55,121],[-80,102],[113,-5],[44,143],[-73,78],[139,69],[-73,151],[92,-22],[69,172],[-81,91],[120,10],[49,151],[-86,59],[103,-17],[48,70],[4,119],[-100,65],[134,-15],[42,179],[-82,48],[153,54],[-25,101],[137,275],[-59,57],[66,-22],[42,100],[41,156],[-97,42],[108,-7],[165,733],[-330,109],[261,-64],[152,48],[227,557],[135,525],[-66,79],[65,14],[215,600],[126,705],[239,609],[210,1016],[70,50],[406,1531],[491,2536],[497,3653],[208,3307],[-35,2734],[-310,2856],[494,-239],[-39,1580],[63,1093],[-850,-75],[-192,1263],[-1289,4454]],[[1818860,4024573],[-308,769],[-1138,1874],[-1394,1245],[-773,802],[-159,-64],[-645,562],[-442,891],[-228,144],[-1027,3167],[-1175,2674],[-1837,3148],[-921,1275],[-100,1],[-318,-345],[-1184,736],[-15,164],[-936,-209],[-199,-275],[-520,-59],[-359,-275],[-859,-196],[-539,-39],[-419,-235],[-440,667],[-239,176],[-659,98],[-40,157],[-619,550],[-140,-99],[-320,138],[-439,588],[-1458,1393],[-878,412],[-440,20],[-619,255],[-439,78],[-859,-78],[-100,-98],[-639,20],[-878,-99],[-839,-255],[-100,-98],[-958,216],[-1158,-293],[-1292,-142],[-1349,16],[-1149,269],[-830,67],[-488,18],[-1011,-155],[-1435,-597],[-752,-537],[-704,-1013],[-276,-38],[-67,298],[71,545],[146,305],[639,840],[338,342],[1634,985],[613,534],[237,12],[824,1165],[432,1118],[-10,523],[-163,356],[-60,-13],[13,312],[91,160],[505,299],[95,137],[243,-41],[169,-186],[246,30],[361,356],[482,76],[405,305],[246,300],[186,535],[-40,720],[-144,404],[82,89],[1829,796],[783,559],[338,478],[1411,1223],[667,374],[1465,641],[887,553],[1434,1076],[928,825],[642,693],[618,1112],[-42,645],[-272,630],[-83,25],[-53,268],[-99,10],[-43,259],[-76,1],[-143,490],[-115,131],[-112,-42],[-182,116],[-40,186],[-96,-31],[72,710],[323,374],[1153,798],[762,837],[848,702],[1441,1564],[431,773],[314,873],[-88,401],[-90,-28],[10,92],[-308,237],[350,588],[1007,1262],[401,805],[29,588],[-51,184],[-91,22],[10,601],[629,1028],[527,1482],[139,809],[-59,234],[-102,88],[-73,-25],[-183,175],[-273,90],[116,225],[-184,254],[-71,268],[182,332],[161,708],[293,584],[153,1513],[116,403],[286,520],[685,922],[576,2056],[-244,306],[-95,933],[-562,1113],[-585,868],[-266,553],[-444,73],[-111,218],[296,1889],[-259,873],[129,476],[697,302],[492,378],[440,737],[250,1110],[285,401],[2303,1594],[90,390],[412,532],[209,499],[562,736],[256,789],[523,557],[101,313],[185,215],[-66,664],[454,602],[226,752],[158,1118],[712,1794],[-57,865],[-481,1986],[-288,665],[18,402],[138,208],[1721,1343],[546,534],[803,925],[410,680],[392,385],[190,358],[187,761],[324,550],[404,1109],[26,753],[217,551],[437,1772],[269,1878],[-87,1074],[148,462],[-163,1179],[-363,993],[-341,658],[-435,487],[-898,605],[-346,359],[-124,308],[150,253],[-44,300],[132,424],[240,255],[452,398],[645,348],[337,88],[890,636],[223,366],[342,923],[-25,246],[303,1288],[0,743],[116,948],[-100,1857],[-371,1679],[-118,1757],[-187,1022],[-729,2576],[83,715],[209,144],[457,81],[0,307],[-62,204],[-187,144],[-21,306],[1144,2658],[167,225],[83,429],[-124,1643],[-670,2100],[276,184],[-134,16],[-56,114],[189,234],[-388,-218],[-96,30],[-82,210]],[[1871977,3954262],[85,-64],[76,-620],[314,-586],[130,-609],[487,-563],[2099,1234],[-216,487],[785,73],[296,-691],[45,-433],[699,-1727],[57,-32],[183,141],[204,-210],[1808,-1162],[-200,-432],[-960,-28],[-78,-112],[-190,-2458],[306,-865],[264,34],[609,324],[-32,-374],[839,-1874],[316,-447],[-144,-260],[-690,-213],[-148,-158],[-314,-117],[-91,-283],[177,-543],[690,-61],[211,-220],[-54,-861],[206,-419],[-240,-403],[24,-341],[162,24],[404,312],[219,5],[259,-167],[109,23],[245,194],[303,552],[140,52],[316,-85],[243,-346],[68,-176],[-61,-1114],[46,-519],[-714,-2167],[127,0],[-50,-336],[440,-359],[1666,33],[484,-1045],[-188,-221],[382,-657],[340,91],[-16,-185],[72,-67],[-633,-3547],[-9,-254],[175,-28],[-128,-402],[212,-111],[562,-589],[614,-95],[251,123],[289,318],[69,-47],[160,128],[381,116],[2061,1695],[443,49],[462,176],[607,1]],[[1890042,3930764],[64,-155],[197,-101],[22,-140],[-226,-783],[140,45],[84,-241],[474,-415],[-52,-1206],[308,-417],[93,-415],[161,-197],[648,423],[281,-1344],[-645,-427],[-162,-35],[-1085,181],[-108,-172],[-106,0],[-684,-572],[-105,-791],[131,-404],[219,-265],[1214,14],[992,-845],[-68,-220],[-444,-270],[-1445,878],[-440,120],[-317,-206],[-531,-723],[-318,-188],[284,-136],[850,-166],[158,-152],[-29,-785],[174,-787],[-577,-513],[-337,-1017],[427,-378],[116,-340],[148,-70],[348,-437],[269,-102],[35,-81],[163,8],[213,305],[109,-69],[42,67],[47,-185],[130,-6],[-37,-762],[455,-393],[132,-303],[-87,-487],[-428,-1052],[232,-329],[151,-85],[-141,-362],[-575,21],[-547,-483],[161,-93],[-76,-226],[-247,106],[-328,-792],[36,-275],[300,-96],[48,-118],[-124,-38],[256,-352],[-8,-154],[204,-99],[-14,-157],[246,7],[27,-144],[-256,-31],[85,-140],[-46,-153],[-160,64],[-63,-126],[-62,205],[-376,187],[66,264],[-343,263],[-155,-214],[-31,111],[-239,-54],[-17,-159],[-77,34],[-72,-213],[-436,145],[-109,-219],[102,-115],[-195,-488],[-211,-2],[-210,134],[-25,112],[-186,-145],[-361,-573],[-116,-393],[-252,-379],[3,-374],[-139,-5],[-118,-259],[134,-421],[372,-406],[-49,-417],[-130,-239],[-18,-583],[-144,-296],[192,-292],[-284,-250]],[[1886614,3904956],[-791,-57],[-134,70],[-500,738],[-278,261],[-295,-417],[-403,308],[-61,-104],[-705,465],[-112,634],[-207,234],[-97,-106],[-334,14],[-247,213],[-958,332],[-160,-348],[-1086,804],[193,221],[231,-162],[4,183],[-138,103],[78,86],[-124,104],[174,174],[556,214],[-800,645],[-862,360],[-190,-238],[-340,-123],[-126,398],[-351,339],[-692,358],[-370,-42],[-542,-236],[-644,272],[-566,21],[-531,-146],[-1275,-678],[-536,80],[-184,-126],[-33,-464],[-131,-167],[70,-676],[-442,-610],[-33,-311],[-1095,-527],[-228,863],[-838,-14],[70,-578],[-68,-92],[-339,354],[-602,147],[-108,102],[-387,31],[-536,242],[23,-227],[-180,-876],[-225,-531],[-77,-423],[-332,-329],[-134,212],[-702,203],[-231,574],[-221,-238],[-570,584],[125,134],[-624,617],[-153,-15],[-91,-227],[-236,-65],[-1003,99],[-682,301],[-445,292],[-473,170],[-854,-20],[-657,275],[-948,-70],[-487,66],[52,169],[-967,246],[-297,173],[46,50],[-111,147],[-225,-119],[-111,136],[-321,-286],[-177,-47],[-484,428],[-78,-63],[-646,406],[-229,50],[-158,157],[-772,-116],[-94,-521],[-168,-331],[91,-362],[-65,-218]],[[1843042,3922101],[-224,1015],[174,336],[271,16],[-153,863],[-88,135],[-443,152],[-76,103],[-390,18],[-502,159],[-511,278],[462,110],[818,-98],[-1008,371],[684,451],[450,404],[-212,83],[258,266],[-719,694],[19,147],[315,249],[665,294],[769,919],[246,184],[523,214],[-733,1107],[843,245],[532,389],[226,310],[-88,414],[127,745],[-124,175],[-15,176],[-233,196],[-20,116],[117,203],[-77,154],[-239,28],[-191,131],[-731,742],[-273,-387],[-271,-191],[-246,989],[69,94],[442,-29],[1279,139],[-281,879],[-418,764],[99,133],[-33,142],[212,145],[160,488],[-542,506],[-106,575],[-1171,692],[-54,549],[-792,512],[-927,180],[-10,113],[-181,88],[14,113],[-138,17],[-57,156],[-183,-10],[-77,163],[-180,16],[-208,619],[-430,179],[-189,281],[-181,105],[-874,98],[-264,-127],[-220,110],[-246,-181],[-301,-4],[-318,288],[-62,243],[-540,241],[-101,118],[353,464],[259,697],[-38,286],[305,736],[-68,311],[191,473],[480,752],[333,292],[-3183,577],[-150,440],[-311,242],[11,275],[-261,340],[-54,156],[40,464],[-305,244],[55,387],[-94,727],[-716,119],[-115,103],[-459,507],[-517,1009],[-259,280],[-1183,698],[-587,-224]],[[1829892,3953756],[-803,806],[-450,831],[15,851],[-125,541],[13,712],[-94,246],[-163,292],[-269,159],[-745,118],[-403,235],[-265,537],[-56,757],[-125,501],[3243,792],[960,548],[1770,607],[242,280],[1378,881]],[[1834015,3963450],[323,87],[1065,612],[150,203],[258,-443],[353,-168],[308,-617],[577,-546],[363,-167],[363,-632],[544,-652],[493,-918],[336,-416],[-1290,-202],[-457,-234],[-451,-623],[106,-726],[-35,-493],[1424,-387],[807,1050],[1732,-852],[669,-237],[528,-82],[-627,-543],[46,-126],[222,170],[234,-257],[-524,-1197],[97,-52],[-208,-575],[270,-97],[-40,-122],[-311,34],[-403,-792],[70,-43],[-47,-75],[146,-45],[353,185],[669,-98],[608,176],[331,-195],[510,49],[143,-69],[35,-171],[-82,-153],[1728,-656],[691,1672],[1333,-686],[276,-267],[323,-143],[205,7],[174,36],[343,254],[468,155],[1053,714],[169,538],[204,301],[293,-215],[240,-393],[677,-541],[195,-272],[159,-1529],[-299,0],[64,-482],[143,7],[168,-530],[383,51],[-100,130],[90,65],[148,-391],[-85,-34],[156,-880],[-331,-258],[74,-62],[320,183],[373,-427],[1108,406],[351,11],[249,-165],[84,-432],[633,-46],[203,178],[320,-258],[52,124],[241,112],[332,359],[1397,-245],[266,69],[162,95],[257,575],[666,402],[339,9],[462,173],[588,-109],[391,76],[362,-68],[-30,-320],[-147,29],[45,-221],[182,-21],[162,-200],[-90,-287],[126,-28],[-508,-1155],[562,-168],[0,-103],[509,-100],[392,-309],[710,-7],[-154,672],[1236,30],[110,-132],[454,172],[-213,281],[-107,584],[-263,656],[-486,576],[790,-78],[730,111],[536,-143],[311,21],[606,709],[-98,241],[83,58],[-126,328],[456,191],[29,212],[357,118],[169,478],[221,136],[190,-316],[212,-71],[336,108],[178,158],[-44,134],[366,486],[-1093,877],[585,594],[116,57],[312,-392],[442,5],[445,-225],[417,418],[723,-378],[467,-148]],[[2016862,3898982],[-8452,1558]],[[2008410,3900540],[65,210],[-2220,1811],[-1906,1271],[-657,257],[-601,127],[-224,1160],[-719,210],[-769,-41],[-1019,-375],[-517,-326],[112,3022],[-52,797],[-130,336],[763,1010],[278,171],[373,93],[-2958,817],[63,368],[168,106],[-378,1203],[-420,634],[-240,154],[-889,299],[-1535,279],[-265,195],[-123,180],[21,1580],[-205,814],[-128,1104],[-2154,-2],[-634,-92],[95,-1352],[-1787,-385],[-136,524],[-834,961],[-406,589],[-102,308],[39,300],[402,1021],[407,1657],[-25,1305],[109,326],[300,435],[-1051,737],[-423,-108],[-358,-355],[-538,-57],[-285,1029],[-499,827],[220,184],[1919,817],[810,252],[1099,60],[191,1056],[-361,1916],[-885,891],[60,904],[-854,66],[-614,456],[-106,1090],[-230,357]],[[1987667,3933723],[328,182],[798,53],[1333,243],[218,888],[-167,600],[28,603],[831,-121],[590,-177],[1101,57],[-18,642],[-583,1271],[-131,1080],[-275,404],[-66,511],[-703,848],[-62,411],[778,72],[2113,402],[1227,-185],[33,351],[-69,110],[-309,3168],[-983,33],[1192,3044],[2255,-1145],[-1412,-1417],[-3,-408],[2448,-577],[196,134],[443,-397],[820,-454],[801,792],[199,100],[237,-274],[70,27],[-153,281],[200,190],[1605,-857],[174,19],[47,82],[112,456],[-335,807],[-113,729],[348,2404],[398,978],[118,902],[-147,757],[-479,635],[102,1],[-207,629],[-265,1995],[-87,126],[-884,554],[-77,125],[63,175],[537,464],[484,1180],[681,709],[81,201],[-71,787],[-754,1068],[-134,562],[-1011,1601],[-147,425],[83,532],[267,758],[40,858],[216,668]],[[1934724,3814610],[94,-335],[368,-31],[71,-141],[285,-71],[86,-222],[387,-154],[380,-286],[129,-490],[395,-166],[20,-101],[112,-6],[28,-134],[191,-14],[21,-195],[165,-244],[204,-39],[368,-306],[417,37],[278,-139],[742,210],[803,-114],[829,291],[297,-152],[1103,118],[94,-103],[187,17],[140,-195],[506,92],[98,-57],[93,132],[34,-97],[107,27],[7,-91],[101,-38],[206,43],[119,167],[157,5],[97,-132],[105,128],[170,-30],[40,-99],[420,-60],[135,-287],[-55,-196],[379,-351],[150,8],[170,-180],[186,7],[6,-182],[409,-24],[289,-130],[18,91],[175,-6],[192,-111],[1226,-2398],[389,-229],[1271,-156],[139,-111],[97,-357],[469,-197],[450,-623],[808,-460],[449,-512],[235,-152],[809,20],[562,-89],[914,-320],[2306,-202],[-73,-31],[23,-201],[105,104],[66,-66],[518,64],[428,-107],[-54,-112],[724,-289],[326,-94],[18,153],[568,-233],[973,-1303],[614,-1112],[545,-572],[2721,-2422],[784,-1137],[403,-320],[1371,-741],[973,-1030],[35,70],[-92,59],[47,75],[86,-75],[95,129],[262,-317],[-124,-112],[307,-304],[-135,-36],[-18,-81],[527,-857],[19,-1595],[204,-21],[-7,-177],[509,-262],[-348,-256],[-196,120],[-203,-206],[189,-170],[-203,-249],[-319,-44],[-393,84],[-209,-202],[1290,-1309],[65,314],[179,74],[273,-54],[530,-377],[369,-442],[427,-893],[246,-294],[228,-553],[161,-138],[283,-82],[217,84],[479,692],[433,299],[577,-1082],[117,-11],[264,-306],[179,-101],[2050,-440],[175,-570],[471,-611],[770,278],[1094,-549],[491,-15],[-286,636],[-91,554],[-709,162],[-267,392],[301,192],[1621,-1091],[0,140],[846,-504],[694,-292],[-436,-1038],[-292,-1380],[-317,-439],[247,-140],[104,152],[86,-73],[260,181],[259,-1],[219,-146],[-9,186],[55,8],[553,-66],[772,36],[46,116],[2394,634],[1358,-914],[-1200,-1267],[-125,253],[-100,33],[-243,-278],[-420,-202],[-127,-287],[-37,-384],[-398,-314],[-133,-391],[101,-292],[-3,-298],[244,-201],[38,-225],[-107,-859],[-388,-522],[-33,-549],[456,-352],[548,224],[494,409],[203,-103],[274,92],[253,-167],[-271,-1787],[54,-166],[545,-228],[98,-585],[-38,-241],[-220,-234],[-122,-404],[141,-954],[-53,-234],[-902,-583],[-830,-1194],[-540,-186],[-274,135],[-232,-64],[-51,-111],[228,-653],[439,-622],[-31,-116],[-330,-264],[-23,-287],[-169,-113],[-73,-291],[-239,-223],[-371,391],[-286,98],[129,-2066],[-313,44],[-682,-164],[-745,10],[-1655,-216],[101,-211],[-747,-646],[-416,-593],[466,-82],[2289,-1516],[-276,-366],[-471,-420],[-143,-279],[-810,-249],[-347,-369],[-5,-135],[191,-270],[-78,-115],[493,-37],[312,-731],[197,-2954],[-1247,-900],[174,-954],[-372,-142],[728,-1492],[341,-1470],[250,-236],[316,-134],[269,-337],[36,-660],[379,-779],[163,-925],[528,-380],[199,-401],[-44,-302],[-111,-88],[-1014,-232],[-197,-183],[-152,-356],[170,-458],[32,-327],[-180,-554],[-208,-207],[-29,-541],[595,-202],[696,-387],[169,-240],[149,-635],[-1600,-2045],[3,-1279]],[[1980478,3739024],[-1188,618],[-126,338],[-1017,418],[167,526],[-88,25],[123,391],[-2293,675],[-4493,934],[203,687],[-58,368],[-311,410],[166,266],[18,271],[-474,516],[-72,266],[208,822],[584,1042],[121,1292],[114,304],[204,238],[275,705],[362,179],[969,-91],[381,379],[-5756,5453],[-161,-266],[-300,-253],[-425,-85],[-1169,25],[-1426,-251],[-539,-174],[-515,-277],[-4,-98],[-215,-19],[-187,158],[-1423,416],[-879,124],[-467,-62],[-153,-75],[-165,-523],[-281,-243],[-969,-82],[-148,28],[-230,204],[-177,434],[-646,595],[-236,774],[-364,330],[-291,-85],[-180,-257],[-530,-48],[-620,-169],[-1169,39],[-587,-179],[-486,-254],[-544,83],[-226,611],[-2,391],[137,705],[210,301],[-435,61],[-67,-79],[-163,111],[-703,99],[-789,-1929],[-1974,-335],[-1225,-103],[-3843,1313],[-1372,187],[-1174,1033],[-1219,652],[1,-533],[-1543,935],[-477,580],[-403,-45],[-66,-226],[-403,-469],[-623,-48],[-341,231],[-337,25],[-350,-148],[-285,190],[-102,-113],[-102,4],[-298,207],[-381,-140],[-404,121],[-394,-262],[-302,47],[-155,-117],[-285,3],[-213,104],[-46,746],[-2782,972],[-3347,17],[-431,146],[-124,64],[3,300],[-433,775]],[[1925543,3762250],[117,219],[136,795],[-3551,2638],[-278,41],[-222,129],[-227,-100],[-289,120],[-557,-92],[-288,45],[-407,639],[-755,360],[-262,250],[-556,177],[-259,717],[-191,124],[-731,40],[-646,-509],[-341,147],[-480,-6],[-1568,213],[-419,722],[-525,1221],[2981,3009],[604,-326],[2102,2854],[252,210],[1249,436],[1689,465],[-776,2441],[225,1341],[1055,102],[671,346],[45,134],[-93,236],[1530,1009],[-56,908],[-1608,740],[-611,821],[-1244,947],[-937,858],[1731,727],[1384,281],[259,-134],[356,207],[234,279],[1797,-454],[1660,124],[-72,392],[-1273,1039],[-1509,846],[-403,-38],[-532,436],[-1309,680],[119,187],[-290,203],[-114,-178],[-314,212],[-509,690],[-89,724],[-290,413],[-218,619],[-419,410],[-588,-2],[-307,-572],[-214,-205],[-413,-196],[-397,-37],[-555,142],[-848,860],[58,6],[-764,405],[-439,-177],[-504,337],[274,221],[356,10],[-148,457],[-124,59],[31,48],[484,-101],[118,322],[227,-98],[-112,-288],[-88,29],[254,-234],[374,-124],[177,296],[-235,408],[-170,826],[249,626],[-68,906],[479,365],[13,726],[122,155],[1014,68],[398,158],[490,-73],[685,-316],[1997,1186],[634,202],[737,1108],[-88,1145],[218,358],[622,-501],[889,-63],[911,-537],[1079,249],[164,-40],[91,-150],[161,-72],[73,214],[109,11],[491,553],[822,501],[830,759],[575,779],[186,487],[138,65],[61,287],[621,1245],[172,1808],[-564,973],[171,2287],[-193,330],[-838,903],[-509,713],[-280,799]],[[1879520,4022162],[215,-292],[-179,-694],[88,-168],[-86,-513],[261,-490],[17,-496],[114,-372],[41,-87],[267,-74],[140,-130],[136,-225],[151,-597],[505,-478],[-53,-377],[519,-155],[203,-471],[-91,-198],[21,-279],[220,-517],[568,-568],[481,-52],[320,189],[-473,537],[759,1010],[979,-742],[83,-677],[1681,399],[261,-486],[434,-253],[-113,-385],[315,-244],[113,-1001],[207,-93],[41,-294],[-75,-256],[-616,-338],[-450,-408],[-743,-1016],[-12,-52],[557,-32],[-49,-1100],[-691,-165],[-589,-283],[142,-979],[-394,-690],[296,-194],[-140,-1024],[-128,-364],[-259,-355],[-133,-411],[-223,-316],[-38,-682],[-411,-325],[82,-262],[730,-907],[1319,-1113],[404,-174],[-143,-1124],[130,-1193],[-211,-101],[318,-763],[106,-800],[-156,-1242],[-300,-638],[67,-116],[562,-466],[1248,-454],[1838,-1035],[1830,-273],[336,97],[318,211],[142,-909],[-700,-1759],[654,-270],[974,-219],[2196,-1016],[-183,-337],[-419,-474],[-394,-242],[1007,-1141],[269,-41],[176,-194],[-166,-167],[-226,-573],[1458,-410],[-273,-1095],[-378,-994],[103,58],[834,-129],[555,391],[362,365],[653,234],[225,-122],[305,10],[189,-129],[1233,-177],[725,519],[339,491],[765,365],[1362,368],[803,-48],[426,-113],[109,-139]],[[1905312,3985649],[372,-44],[492,115],[197,-277],[-428,-423],[-546,-139],[-164,-129]],[[1905235,3984752],[-350,-287],[-650,42],[-308,-139],[-532,-83],[-231,-132],[-198,-369],[-1163,-204],[-552,-253],[-225,-462],[-261,-1034],[109,-401],[441,-866],[219,-623],[115,-778],[-34,-661],[-254,-942],[138,-570],[-29,-206],[-106,-217],[-238,88]],[[1901126,3976655],[-2022,747],[-478,73],[-282,-42],[-283,365],[-1142,617],[-229,-526],[-204,-1412],[-641,-890],[-720,-610],[-243,-89],[-423,86],[-315,-171],[-225,-359],[-402,69],[-268,-126],[-548,423],[-1141,200],[-479,-868],[-638,-854],[-195,142],[-480,-1079],[-737,-274],[-498,-430],[112,-241],[-3,-300],[-521,-144],[-266,303],[-148,-188],[-86,4],[-51,138],[-1073,146],[-2162,-566],[99,-221],[-273,-146],[368,-249],[-161,-304],[233,-311],[-689,-485],[-761,51],[120,-197],[-395,-297],[-577,-258]],[[1882299,3968382],[-361,269],[-128,218],[-38,241],[233,79],[-127,264],[36,210],[-94,100],[-610,-586],[-691,760],[-8,-471],[266,-1053],[-946,-519],[-634,1930],[-1895,-66],[91,1160],[-254,102],[-960,42],[-322,-59],[-21,252],[-1954,-923],[-340,297],[-113,477],[368,368],[-105,106],[145,137],[139,-72],[1270,1074],[-205,150],[-144,426],[306,226],[177,-242],[292,345],[-153,173],[4,397],[-481,290],[-269,308],[-84,489],[-201,291],[-1275,407],[-1069,85],[-257,433],[-572,245],[-653,470],[-1493,520],[2080,2365],[1809,1699],[802,386],[1039,648],[316,288],[-442,304],[-726,244],[-1422,819],[-428,-8],[-84,158],[101,194],[-136,95],[-451,91],[-237,1],[-237,-130],[-695,54],[-100,511],[-189,299],[753,924],[816,634],[223,631],[143,1214],[1119,217],[227,800],[-136,743],[-351,547],[81,261],[317,72],[-158,396],[-2970,2039],[342,1265],[2026,315],[1560,55],[1,1114],[341,691],[-286,1022],[138,1052],[-116,671],[3,619],[-65,90],[349,557],[-492,635],[-235,-14],[-186,150],[-301,19],[157,177],[-10,222],[-680,137],[-634,-6],[305,948],[-704,-112],[-421,334],[86,327],[-68,261],[77,787],[-63,209],[623,1696],[-6,171],[-1636,666],[607,2176],[-112,64],[-22,119],[74,87],[125,-5],[183,433],[-133,188],[-244,-7],[-14,-88],[-269,37],[31,244],[-128,65],[97,323],[-99,33],[108,233],[-59,140],[144,3],[7,375],[550,6],[-58,1222],[49,1764],[-1904,1125],[1885,2162],[1044,-76],[143,1271],[-296,528],[-17,909],[-206,236],[-362,208]],[[1871462,4022061],[172,207],[479,-231],[286,142],[-14,319],[-389,351],[203,312],[243,644],[-50,206],[-229,210],[195,335],[198,-219],[259,331],[408,-99],[192,167],[181,44],[273,-289],[333,202],[221,39],[284,-181],[187,-475],[188,-29],[82,181],[-205,505],[165,342],[219,57],[602,-161],[326,272],[152,-201],[-29,-354],[424,84],[179,-42],[181,-659],[418,126],[211,-3],[138,-92],[-283,-287],[-264,-114],[-292,-19],[-247,87],[-40,-128],[428,-170],[-32,-302],[889,-139],[285,29],[32,-300],[97,-131],[1002,-466]],[[1905475,3941780],[820,-427],[916,195],[517,-11],[535,-130],[462,-187],[465,-565],[735,-76],[450,-224],[995,-178],[1190,-717],[653,237],[398,-18],[807,-121],[640,-443],[663,50],[962,-161],[857,327],[423,-51],[1814,-945],[204,-210]],[[1919981,3938125],[-402,-343],[-593,-851],[-864,-356],[-359,-277],[-618,-689],[-517,-800],[-1200,-279],[1269,-1530],[611,-615],[-674,-690],[-436,-879],[-50,-542],[151,-338],[1185,-1009],[965,-647],[511,-941],[-864,-246],[-404,-234],[-649,-172],[-1160,-504],[-366,0],[-939,566],[-656,301],[-322,56],[-359,270],[-63,206],[-719,133],[-428,-258],[-637,-56],[-435,-154],[-328,-209],[-170,-406],[-7,-701],[252,-345],[126,-775],[435,-406],[183,-536],[-88,-842],[-69,-173],[-473,-523],[-170,37],[-29,-305],[293,-9],[-927,-1925],[-409,-56],[-454,-178],[201,-800],[139,-129],[-511,-443],[297,-1059],[170,-227],[246,-123],[164,-536],[328,-412],[69,-357],[-120,-726],[-328,-917],[-252,-461],[177,-621],[195,-376],[-57,-412],[-359,-837],[-374,-559],[-263,-946],[289,-792],[1342,-1474],[-102,-2765],[-31,-150],[-225,-183],[-393,-949],[-91,-2438],[-106,-519],[170,-299],[501,-249],[221,-195],[51,-111],[-102,-378],[30,-526],[200,-220],[263,-79],[98,116],[127,440],[408,684],[556,-693],[-140,-1194],[1334,-522],[1143,-46],[182,54],[247,236],[225,4],[178,96],[1602,1442],[259,398],[212,-199],[319,-145],[837,-8],[-714,-693],[-862,-555],[-1266,-506],[-255,-191],[807,-779],[229,79],[985,-1159],[592,414],[540,680],[494,137],[-68,106],[56,122],[138,-66],[126,65],[49,-61],[171,147],[415,-4],[304,101],[205,407],[-41,43],[133,99],[383,88],[162,-73],[367,31],[711,296],[221,-3],[1321,371],[488,413],[-179,154],[254,90],[50,-204],[332,-16],[101,139],[447,-113],[520,436],[339,47],[396,222],[1425,-116],[248,97],[310,287],[277,595],[269,225],[284,115]],[[1929214,3900757],[209,-470],[-34,-831],[368,-918],[1,-348],[-156,-475],[41,-189],[109,-259],[529,-658],[82,-229],[-110,-835],[100,-246],[615,-531],[575,-187],[-24,-62],[436,-196],[53,47],[109,-116],[57,46],[-73,117],[121,62],[-16,110],[-111,-14],[-2,-71],[-192,56],[56,147],[-364,-19],[352,250],[772,834],[392,1351],[473,6],[572,-77],[456,-170],[294,-285],[320,-123],[1054,-1013],[322,443],[531,-303],[323,-70],[503,47],[82,-153],[337,160],[972,-1045],[-578,-1197],[-223,-302],[737,-452],[-102,-884],[287,-314],[462,496],[201,349],[379,1107],[61,414],[1158,84],[636,-89],[268,385],[1175,-300],[949,-759],[509,-761],[1,-137],[-222,-207],[234,-459],[-61,-293],[497,-196],[223,-186],[172,-358],[-41,-141],[151,-353],[62,-91],[160,31],[94,-111],[-14,-414],[269,-100],[62,136],[124,-45],[-145,-152],[105,-398],[104,-96],[377,31],[192,-231],[-143,-566],[63,-136],[-165,-508],[168,-960],[220,-568]],[[1947754,3885809],[-806,-153],[-289,-479],[-353,-291],[-1000,244],[-812,-445],[-38,-57],[71,-69],[-262,-247],[-844,-141],[-560,-347],[22,-708],[150,0],[337,-449],[0,-228],[151,-227],[-126,-53],[-329,-478],[414,-260],[475,-33],[-43,-548],[184,-705],[-91,-238],[-599,-742],[-818,-402],[-433,-619],[-237,-129],[-461,-662],[1041,-642],[10,-352],[345,-543],[332,-847],[614,419],[354,654],[181,575],[519,636],[230,636],[853,729],[291,-391],[296,-608],[629,-645],[223,108],[474,-512],[540,-272],[1359,-1571],[-211,-1097],[388,-29],[601,202],[138,-100],[307,-1382],[706,-559],[1769,-1966],[-413,-357],[644,-734],[304,-490],[-1183,-465],[-419,47],[-311,-253],[-686,-54],[-916,-642],[-1432,-639],[-263,134],[-343,12],[-13,-694],[147,-658],[1546,-157],[502,-257],[1572,-1193],[-367,-668],[-572,-195],[-1494,-944],[-603,-625],[-1170,-627],[-944,-852],[-585,665],[-335,-393],[-136,-323],[387,-627],[248,-188],[470,-821],[-800,-964],[-1272,389],[-1445,920],[-458,482],[-398,730],[-425,316],[-716,169],[-792,63],[-639,325],[-590,165],[-225,204],[1055,1315],[985,528],[-137,263],[482,228],[280,2706],[362,146],[48,302],[-493,495],[80,2327],[-834,467],[-734,-307],[-1612,-178],[-701,398],[-1065,262],[-317,238],[-689,829],[294,105],[71,118],[-177,905],[-692,-131],[-1654,203],[-879,-329],[704,1191],[-540,-267],[-500,-91],[-318,-242],[-167,14],[-775,378],[-608,116],[-109,-66],[5,-124],[-186,-108],[-623,921],[-299,91],[-440,-79],[-311,-214],[55,-207],[-339,-837],[70,-328],[378,-550],[-1156,-501],[-465,-40],[-775,-389],[-1030,11],[-505,173],[-1627,-179],[-537,728],[23,715],[-207,1091],[-1518,-300],[95,1349],[-519,-157],[-582,902],[509,137],[-506,544],[-391,-214],[-228,314],[-168,-107],[-458,742],[-447,429],[-729,495],[-140,667],[-145,236],[-412,525],[-809,664],[-916,1691],[-89,-18],[-381,-480],[-636,-90],[-732,-529],[-1442,885],[-653,-195],[-1363,-130],[-478,-848],[-262,359]],[[1909312,3879555],[-417,267],[-297,370],[-543,388],[-311,478],[-395,365],[-96,689],[-63,142],[-162,93],[94,-428],[-218,-214],[49,737],[-339,443],[-376,140],[-194,350],[77,765],[-81,480],[308,275],[46,138],[-571,73],[-42,198],[-432,107],[17,98],[377,-53],[26,85],[156,-13],[19,70],[132,21],[-234,50],[-11,-102],[-337,2],[-837,178],[-437,256],[-354,51],[-171,224],[-456,329],[-159,36],[-118,898],[539,232],[0,586],[-446,132],[-215,-23],[-51,65],[-482,-131],[-373,43],[-367,-132],[-363,736],[-801,-466],[-148,928],[-176,99],[-250,-116],[-202,-303],[-518,-118],[1070,1715],[-455,373],[-207,-55],[-839,588],[316,360],[-427,366],[-702,-255],[-1819,1013],[-346,115],[-304,-257],[-1780,-204],[-533,725],[13,279],[276,537],[-2060,589],[-1281,15],[40,499],[-64,436],[203,710],[-65,640],[80,641],[-114,119],[65,97],[-104,274],[-177,2],[1,95],[-104,13],[-5,181],[306,-98],[21,-71],[58,139],[-360,222],[-155,211],[-29,527],[-318,715],[-221,-15],[-1066,301],[59,184],[-373,57],[14,-559],[-679,120],[38,-608],[-563,-27],[-100,447],[-751,245],[-55,217],[-1125,-129],[34,578],[535,1621],[117,153],[285,56],[1030,-215],[401,110],[269,338],[572,1457],[-817,108],[-300,188]],[[1890042,3930764],[440,179],[284,400],[1488,508],[414,56],[616,-42],[768,-243],[1075,266],[419,264],[568,778],[207,121],[575,-46],[14,80],[820,-117],[-328,420],[32,339],[790,-89],[140,639],[336,-258],[386,-27],[189,-281],[62,87],[839,203],[9,175],[650,253],[231,-390],[514,142],[134,837],[858,1500],[-70,44],[145,223],[99,-21],[84,177],[5,229],[-185,56],[170,17],[17,271],[537,323],[89,-34],[327,152],[984,-194],[1041,553],[-168,305],[15,576],[-76,109],[334,225],[-752,1547],[157,76],[140,-290],[146,101],[-143,338],[-181,-41],[-2,256],[126,-35],[64,299]],[[1807488,3957320],[-261,-832],[-548,-806],[-87,-684],[-351,-497],[-38,-541],[-154,-290],[-608,-418],[-777,-303],[-374,-56],[-166,114],[-147,-92],[-129,-1585],[-160,-178],[-338,-938],[185,-229],[-258,-753],[-522,-62],[-902,158],[-1719,-89],[-220,-1128],[44,-211],[-348,-1124],[-1082,-1886],[-398,-239]],[[1810295,3975625],[159,-68],[-25,-102],[105,-112],[237,-62],[-35,-199],[388,5],[-307,-602],[-101,-579],[-256,-496],[-1093,-1532],[-88,-490],[-481,-138],[-392,-420],[-70,7],[1335,-737],[-355,-625],[-191,-1092],[-296,-743],[28,-1879],[-574,-736],[-209,-522],[131,-750],[-15,-635],[-175,-636],[88,-683],[-200,-581],[176,-353],[-433,-980],[-93,-643],[-292,-733],[33,-295],[133,-221],[61,-673]],[[1893098,4018469],[313,-97],[108,-113],[-194,-1156],[44,-799],[135,-557],[120,-1170],[184,-347],[365,-306],[66,-42],[364,206],[811,164],[630,2],[265,-81],[255,624],[244,183],[192,10],[1238,-421],[514,-95],[215,57],[129,224],[728,629],[-90,-3100],[2583,-659],[-85,-400],[2,-773],[-426,-482],[761,-325],[1440,300],[79,77],[-45,555],[245,135],[367,29],[188,-217],[-28,-190],[-517,-627],[-128,-331],[88,-330],[-105,-1097],[53,-513],[893,144],[557,-722],[-644,-1035],[1105,-618],[-453,-1011],[-210,-175],[-292,-33],[-107,-128],[332,-468],[674,-154],[478,-362],[-1608,-2188],[-487,-181],[-273,-429],[-240,-140],[-197,-417],[-146,-620],[959,-1162],[806,-1664],[479,-179],[316,-302],[348,-646],[16,-365],[-121,-457],[-187,-171],[-382,682],[-536,124],[-498,-1751],[-307,-739],[-277,-1224],[-47,-844],[347,-301],[131,-344],[-137,-134],[-691,-283],[-746,-874],[369,-378],[274,-56],[340,-453],[61,-511],[200,-115],[261,-326],[140,101],[193,496],[247,328],[758,-511],[-209,-374],[-168,47],[-102,-132],[217,-158],[44,-216],[-374,-358]],[[1965264,3871479],[1603,147],[620,-236],[493,426],[989,-368],[141,-533],[831,-79],[244,38],[420,222],[578,-291],[705,-739],[140,-1504],[662,-396],[589,-145],[-1390,-2031],[333,-907],[556,189],[-561,-899],[-330,-17],[-748,-271],[2,-1783],[819,-413],[206,-222],[1087,111],[1394,13],[998,-644],[1068,909],[279,-82],[533,473],[646,-227],[684,3175],[163,-303],[40,-395],[275,-46],[196,-229],[-66,-382],[434,-189],[129,-311],[207,86],[189,-66],[169,-208],[600,69],[194,-212],[42,-319],[415,-490],[187,133],[613,-211],[484,58],[192,-111],[163,-275],[354,-51],[185,-152],[34,-209],[-252,-76],[-79,-255],[117,-254],[235,-236],[184,-885],[-810,-190],[-593,-17],[-517,-294],[-221,-227],[-159,-318],[-18,-391],[96,-286],[-127,-287],[-914,-931],[219,-836],[30,-788],[311,-802],[-21,-399],[-215,-737],[48,-204]],[[1981368,3853169],[-1185,-726],[0,-73],[-938,-345],[-439,-7],[-559,151],[-803,-229],[-1435,39],[-272,-420],[-22,-440],[117,-409],[-143,-490],[-1076,170],[-965,52],[-888,-209],[-994,46],[-26,-80],[838,-1240],[584,-1029],[-9,-950],[205,-481],[57,-904],[288,-956],[-13,-279],[-127,5],[-320,628],[-137,100],[-388,38],[-1378,512],[-254,-9],[-649,-233],[-456,-1],[-447,172],[-322,263],[-243,-71],[113,-91],[-65,-66],[281,-56],[218,-192],[-1154,-165],[-144,-143],[-535,-153],[-698,420],[-351,-268],[-1429,-645],[-525,-476],[-729,-915],[-283,1266],[-1502,3146],[-228,1115],[-1460,1269],[999,1200],[-352,141],[-320,320],[-257,21],[-177,134],[-54,-50],[52,-212],[-1341,-711],[-1161,-1136],[-115,-759],[42,-1095],[-139,-266],[-273,-9],[-1086,490],[-967,135],[-107,-1301],[-20,-2425],[-1327,361],[-1849,-2231],[-337,-121],[-1252,-76],[-129,380],[-261,165],[-174,291],[-122,51],[-650,-125],[-437,-323],[-960,455],[-304,-523],[-364,-76],[-622,388],[-18,560],[-188,324],[-666,316],[-227,-711],[-3157,-16],[-1164,288],[-539,-333],[-880,-382],[-619,391],[-78,-120],[-62,69],[-199,-295],[-452,-956],[-967,449],[-1914,-3030],[-220,531],[-420,635],[-557,611],[-605,340],[-920,865],[-343,134],[-316,240],[859,1056],[1071,239],[496,269],[1287,960],[337,484],[200,100],[-602,488],[-759,441],[-100,328],[-275,420],[-512,261],[-807,206],[-786,309],[-596,439],[-306,385],[-241,175],[-761,49],[-505,218],[-902,-317],[-777,201]],[[1923560,3860715],[-74,134],[-166,5],[23,356],[-408,669],[-194,849],[-415,500],[-902,626],[-219,466],[162,532],[1334,260],[305,1677],[-2518,1380],[-716,-36],[-581,115],[-579,-314],[-372,245],[-1578,-22],[-598,415],[-79,616],[-275,636],[-2,491],[-271,753],[307,122],[211,721],[-1048,631],[-637,480],[-982,205],[-91,181],[-401,288],[-1627,786],[-542,426],[-151,221],[-151,929],[-259,338],[-486,424],[-199,379],[-32,1176],[-155,7],[-36,140],[86,151],[103,-1],[-20,652],[-93,9],[-13,82],[69,9],[22,131]],[[1947754,3885809],[1248,-366],[853,100],[-63,-1068],[-203,-636],[16,-329],[149,-423],[-37,-606],[-188,-200],[-398,-213],[515,-903],[-240,-672],[699,28],[596,-133],[524,-308],[401,-408],[1053,-309],[474,-319],[928,-375],[590,-741],[139,-805],[422,-641],[310,-383],[953,-571],[353,-471],[472,-1233],[406,-673],[-98,0],[5,-63],[594,-1440],[262,-1102],[270,-379],[219,-561],[297,-485],[277,229],[58,-78],[-98,-159],[49,-76],[133,18],[572,331],[774,-612],[279,772],[281,436],[103,-20],[151,116],[10,-224],[840,402],[78,158],[202,-53],[177,-202],[230,-355],[128,-380],[1196,1049],[-6,82],[-674,-70],[-49,359],[-339,57],[68,294],[463,-32],[694,268],[108,-112],[284,160]],[[2036003,3870623],[-761,-97],[-1186,-397],[-874,-112],[-1671,-670],[-1053,-159],[-1399,-831],[660,-694],[-794,-475],[-1011,-142],[-182,178],[-204,-3],[-3,-366],[-1644,-242],[-1964,833],[-503,1081],[-765,1077],[-57,185],[-564,172],[-443,-112],[-1179,-911],[-285,76],[-311,225],[-524,939],[-222,169],[-501,-93],[9,-105],[-247,43],[-1281,717],[-717,196],[-383,2],[-951,-640],[-162,-745],[-367,-768],[-764,-365],[186,-933],[-266,-643],[-1262,-342],[-914,-415],[-1075,-2433],[-241,-1141],[-333,135],[-315,278],[-86,143],[-47,838],[-414,254],[-650,312],[-565,-516],[-792,427],[-160,-166],[6,-1488],[-391,21],[-265,208],[-669,99],[-305,-34],[-480,-204],[-205,5],[-113,-136],[126,-520],[-448,-578],[-350,-112],[37,-176],[-388,-321],[95,-95],[-1426,-483],[-357,-274],[-77,-166],[12,-382],[259,-1115],[-3193,335],[428,425],[773,1044],[-435,620],[640,273],[-380,715],[-2000,-627],[-101,585],[-101,141],[-158,-216],[-356,-202],[-692,-213],[-908,-471],[152,8],[-138,-289],[242,-168],[-77,-104],[81,-55],[-47,-268],[-109,-189],[-116,31],[-183,-327],[-832,-2165],[-459,-985],[-418,-1151],[-88,-443],[2744,-6169],[127,-351],[44,-863],[227,-604],[-17,-609],[-521,544],[-572,-769],[-1084,795],[301,363],[261,-28],[150,202],[77,-10],[-77,84],[-236,-122],[-321,128],[-432,393],[-244,54],[-192,356],[-181,74],[-257,-55],[-90,-231],[-446,148],[-146,150],[-91,308],[-216,177],[-157,-8],[-25,95],[-1090,-858],[388,-686],[-1103,-950],[-179,500],[140,798],[14,234],[-56,34],[-2161,341],[-776,256],[-382,-330],[-565,567],[-833,510],[-101,10],[-575,-868],[-444,-317],[-897,-437],[-482,1041],[-255,258],[-274,1740],[610,213],[-539,406],[-199,249],[-498,155],[-146,832],[-207,479]],[[1965264,3871479],[17,465],[253,201],[51,156],[-615,14],[-883,-129],[300,322],[418,728],[80,300],[-29,236],[1424,597],[1075,305],[335,11],[-433,1350],[43,1719],[-141,32],[-919,-196],[-896,355],[-1358,-1536],[-424,760],[48,237],[-89,186],[-1456,549],[-275,-4],[-676,-2073],[-549,-355],[-1346,1530],[2548,1040],[640,513],[-644,713],[117,387],[-136,202],[350,135],[-733,893],[-295,704],[-70,502],[836,47],[348,190],[564,679],[467,207],[590,91],[154,201],[181,577],[239,216],[-689,347],[-395,750],[5,430],[470,343],[-10,584],[-270,376],[-285,159],[-138,804],[86,569],[753,2282],[-99,387],[-260,301],[-548,953],[1664,1168],[333,-444],[934,-578],[1473,1105],[87,-165],[317,85],[99,776],[152,424],[236,61],[-1244,958],[620,1570],[1249,-147],[774,-501],[560,-575],[637,607],[1378,-10],[-32,348],[163,-4],[5872,-1268],[1378,-111],[4116,2545],[221,-220],[1848,404],[47,785],[1156,-881],[1220,-662],[710,1070],[970,1203],[408,106],[21,-997],[164,-141],[1129,-166],[701,150],[472,-32],[363,-129],[890,-621],[318,-101],[-267,-512],[-113,-525],[7,-1867],[1295,59],[19,2497],[254,1180],[1597,-164],[414,73],[1580,1263],[17,265],[1340,-780],[610,1883],[7258,-1265]],[[2036947,3663618],[1351,-182],[654,-267],[499,90],[-295,1307],[2613,572],[1245,1535],[-537,885],[1678,1341],[-659,308],[-103,-25],[-508,299],[2428,2473],[253,-596],[1689,777],[2430,580],[361,268],[620,803],[1332,-820],[-766,-220],[-218,-903],[4331,731],[343,709],[48,711],[-114,552],[1338,6],[121,-628],[454,143],[89,-253],[-279,-296],[848,-2137],[-2885,-1265],[134,-102],[228,-516],[501,-783],[1106,-1231],[185,-159],[282,405],[864,-798],[597,-1948],[422,-1005],[302,-504],[279,0],[805,-1000],[-438,-296],[-24,-600],[433,-658],[148,-95],[334,97],[1283,-5380],[907,531],[1112,138],[2268,2531],[1465,-103],[1801,320],[18559,1335],[-651,2365],[-531,13],[-152,845],[6,778],[39,209],[199,292],[-507,329],[-692,1557],[115,29],[140,425],[557,547],[441,1267],[298,17],[16,450],[-316,820],[-354,187],[-443,399],[820,1130],[464,80],[812,601],[-934,944],[-576,1061],[591,247],[1217,881],[1196,472],[735,618],[677,276],[328,29],[473,-611],[316,-87],[106,46],[1071,1317],[-55,236],[-337,224],[-252,558],[-551,608],[-213,95],[-383,-150],[-669,328],[-98,479],[173,541],[-244,1229],[749,367],[715,-78],[51,538],[403,783],[374,438],[694,393],[131,196],[77,387],[157,109],[226,-137],[256,-383],[102,-17],[515,568],[528,-4],[374,263],[342,-916],[471,-293],[-77,335],[101,270],[-118,126],[25,603],[774,-214],[-120,-263],[-243,-228],[-102,-288],[603,25],[24,-148],[-156,-77],[327,-460],[613,-8],[104,159],[162,0],[1163,447],[345,8],[324,331],[-29,51],[155,162],[-78,147],[114,61],[214,-103],[-619,-702],[77,-145],[324,179],[25,113],[409,365],[1251,-998],[1014,-322],[410,-20],[115,75],[114,366],[-159,798],[38,196],[890,268],[302,217],[217,-58],[43,-129],[-10,883],[-320,224],[68,300],[443,351],[74,337],[-760,205],[-316,212],[-158,303],[-30,263],[173,1333],[-137,346],[-520,307],[-630,54],[-94,120],[382,667],[1119,1143],[1105,1401],[226,63],[110,371],[702,680],[885,522],[830,355],[796,505],[864,176],[591,225],[1908,-15],[1546,223],[574,167],[128,-33],[964,271]],[[1925543,3762250],[-480,-938],[-1263,-776],[-905,-320],[-540,-331],[-573,11],[-1751,-921],[-44,66],[-250,-265],[-93,-1431],[-446,19],[-720,496],[-267,8],[-719,211],[-605,414],[-1163,-55],[-1984,59],[-208,39],[-10,118],[-1052,357],[37,81],[-140,64],[-181,-61],[-234,53],[38,137],[-414,163],[-362,353],[-314,132],[-1520,1683],[-276,355],[-90,507],[-939,739],[-769,275],[-15,-1019],[171,-464],[4,-1301],[306,35],[714,284],[139,-693],[-409,-934],[-349,-535],[511,-1630],[343,-1803],[-346,-6],[-67,165],[-93,34],[-248,-209],[-639,-62],[-134,307],[-1054,557],[-330,428],[-365,242],[-66,86],[238,439],[-103,234],[-847,-172],[-111,122],[-197,428],[-43,812],[31,234],[443,127],[-32,217],[-268,494],[91,764],[-676,392],[-366,693],[-359,-92],[65,326],[-408,-32],[-190,941],[-62,26],[-310,-210],[-178,48],[-246,836],[-299,299],[-507,323],[-920,-992],[-876,480],[-917,-550],[-689,397],[-60,-828],[-1393,-96],[-115,-1506],[-1535,-178],[-456,-1646],[-536,-188],[-244,-209],[-654,-831],[-509,-509],[-410,-691],[-1177,-1156]],[[1957036,3967376],[-96,-117],[171,-264],[544,-524],[-305,-378],[574,-461],[615,-236],[444,-358],[-38,-1145],[1227,-655],[-809,-1216],[76,-82],[-123,-554],[-485,190],[-336,-815],[-384,218],[-108,-251],[475,-511],[393,-228],[266,-47],[79,-217],[-1088,-632],[-417,-493],[-311,174],[-642,-49],[-756,118],[-273,119],[-69,-251],[206,-728],[218,-420],[50,-610],[43,-146],[202,-147],[-76,-851]],[[1956303,3955809],[-576,-40],[-743,778],[-817,314],[-245,22],[-93,-210],[-947,-1135],[-634,85],[-784,-84],[-1661,781],[-268,-729],[-116,-625],[-1379,858],[-99,-348],[-875,221],[-894,-15]],[[1946172,3955682],[-322,445],[-27,566],[-253,321],[-76,579],[-417,-231],[-1545,-434],[-422,-511],[-507,-1149],[-586,-824],[-2440,-1125],[-331,-90],[-701,-542],[-797,-306],[-221,-268],[11,-301],[-400,-451],[-777,-1502],[-295,-101],[-974,-5],[-476,-190],[-576,-571],[-390,-612],[-1053,-919],[-727,-312],[-1884,-1251],[-854,-1311],[-199,-1277],[-1421,396],[-378,-186],[-69,95],[-1182,-210],[-860,-417],[-1314,-994],[-1035,-432],[-650,-486],[-351,-482],[-529,-1347],[-1163,-1122]],[[1905475,3941780],[145,69],[-71,112],[-109,-67],[776,1158],[123,-52],[-49,-87],[83,-146],[232,69],[55,118],[307,-159],[626,38],[334,77],[160,209],[106,362],[209,-156],[202,-341],[263,-22],[581,473],[46,442],[114,163],[-734,477],[71,232],[-151,3],[-312,284],[-75,383],[-210,21],[-90,-106],[52,-132],[-686,480],[-416,382],[4,133],[396,401],[202,734],[497,701],[103,347],[14,798],[217,253],[238,7],[175,235],[47,849],[327,398],[235,-106],[354,8],[58,212],[361,442],[-5,733],[665,1882],[191,396],[450,472],[134,979],[152,347],[357,334],[531,756],[225,562],[180,809],[-186,261],[-202,818],[36,218],[-133,226],[59,730],[-821,639],[-546,135],[-248,350],[-134,8],[-30,280],[-1052,153],[-243,-131],[-207,53],[-161,198],[93,273],[-400,63],[-228,245],[-23,173],[140,357],[-168,179],[150,293],[-111,158],[-165,40],[-120,-198],[-289,3],[53,291],[266,176],[-246,193],[-155,272],[-28,405],[72,61],[-258,58],[36,103],[-178,97],[-77,270],[-104,36],[-134,-104],[-136,149],[120,109],[-36,328],[-200,571],[-165,85],[181,243],[-52,125],[-444,157],[-213,160],[11,542],[-351,140],[-179,18],[-90,-96],[-223,100],[-87,-349],[-155,12],[-14,313],[-399,194],[-139,-289],[-17,-276],[-174,32],[-131,219],[-323,-222],[-520,575],[-266,544],[-12,349],[159,272],[-246,76],[-98,139],[-34,165],[118,342],[-464,139],[-527,-349],[-50,288],[-216,126],[-93,9],[-62,-121],[-307,225],[-229,-51],[-46,854],[138,468],[-125,708],[114,350],[7,359],[-469,676],[-112,321],[55,417],[238,382],[50,221],[-14,408],[-108,253],[38,117]],[[1905235,3984752],[-207,-808],[435,-277],[463,-889],[702,-928],[796,366],[188,-352],[725,-845],[436,-657],[278,-268],[378,-179],[191,-285],[68,-409],[179,-383],[-114,-361],[-287,-342],[-943,-609],[-508,-661],[413,-359],[296,-520],[449,-434],[210,-62],[124,279],[176,51],[122,148],[426,-10],[338,209],[487,792],[343,151],[132,799],[462,341],[56,266],[111,107],[160,14],[103,-89],[-51,-317],[84,-201],[215,-38],[341,77],[175,-51],[217,-208],[-455,-769],[-51,-720],[-115,-242],[-316,-310],[34,-238],[-78,-231],[-936,-597],[1625,-815],[347,37],[321,394],[294,133],[355,329],[319,31],[185,-102],[84,418],[776,593],[147,252],[823,684],[740,875],[1222,895],[510,940],[430,609],[516,527],[469,627],[1178,963],[1436,-1245],[1047,-463],[690,-688],[499,-1708],[226,-394],[281,-243],[151,-525],[1246,1612],[657,-50],[430,-684],[448,-288],[507,-620],[559,-1113],[838,-719],[1046,1074],[1840,690],[1196,617],[595,64],[776,-333],[763,30],[596,-344],[-544,-361],[348,-1016],[-1,-997],[828,-49],[886,68],[716,-90],[497,377],[520,782],[1975,-3247],[1279,402],[0,-697],[318,-547],[510,481],[1136,591],[885,877],[754,-93],[119,-836],[-2,-601],[441,-82],[-156,-557],[636,-230],[628,-384],[162,-195],[194,-400],[118,-900],[323,-856],[244,-113],[794,-1],[176,-71],[682,1962],[67,79],[1075,204],[514,-370],[282,-459],[451,-472],[356,-109],[381,1],[606,-203],[490,-1160],[693,-115]],[[2019678,3678892],[1611,670],[-874,1952],[440,84],[2076,108],[-306,602],[304,521],[2791,274],[2235,2376],[-80,39],[-443,-118],[-266,110],[-133,194],[-68,894],[664,314],[-19,162],[616,121],[652,308],[1155,2154],[118,2],[769,1179],[-76,-1],[-170,457],[1175,-352],[539,-410],[279,578],[-211,496],[979,914],[1209,-397],[390,400],[596,-324],[286,263],[-497,313],[-64,114],[24,2175],[-291,304],[361,1127],[177,-203],[507,627],[118,512],[316,532],[244,625],[70,606],[-88,381],[-990,1743],[-243,908],[-461,164],[11,447],[279,554]],[[2035389,3703391],[401,181],[1455,-1125],[-388,-492],[1896,-1033],[1675,-528],[127,1800],[735,4924],[-178,1633],[-2528,227],[411,1823],[3610,178],[495,1566],[416,-46],[142,485],[855,4],[948,-332],[89,1812],[375,832],[-428,208],[369,541],[2744,496],[1354,102],[1471,-619],[28,178],[3895,1538],[-117,1418],[-721,1124],[-801,-645],[-1414,1184],[112,1228],[-154,697],[-202,387],[-202,12],[-275,302],[-314,725],[423,731],[349,1604],[238,600],[328,485],[-501,967],[-141,487],[-190,2587],[-490,824],[258,478],[909,-717],[1421,412],[234,-390],[65,-556],[-291,-166],[711,-877],[908,-417],[-321,-560],[-367,-413],[673,-911],[153,-34],[1166,-73],[-6,250],[76,0],[1109,-269],[1237,-23],[-111,-282],[1184,396],[1566,268],[227,-234],[227,-77],[584,69],[204,660],[453,373],[504,238],[549,694],[121,288],[-43,606],[-455,705],[-29,191],[221,1162],[559,432],[169,238],[-42,103],[-416,206],[-84,490],[-259,231],[-90,384],[2589,1547],[-663,643],[-505,252],[-633,-38],[-750,-161],[-320,81],[-176,240],[47,334],[385,547],[262,301],[1538,1171],[201,260],[57,259],[-102,469],[-137,166],[-968,449],[-209,224],[-9,121],[-70,0],[-566,857],[-120,271],[17,204],[327,188],[204,258],[247,563],[325,1234],[855,847],[507,0],[248,-249],[1018,402],[490,-50],[234,184],[-55,-425],[695,-61],[-139,323],[25,600],[486,1403],[-400,481],[-132,306],[443,903],[657,598],[185,285],[353,888],[13,337],[-600,1214],[-381,556],[-295,287],[-396,96],[-684,-195],[-592,41],[-959,482],[-475,1115],[-1288,1585],[-298,2005],[356,1112],[-157,528],[-972,1651],[559,332],[357,651],[47,375],[651,-26],[889,144],[-16,-82],[349,-63],[1057,-87],[1674,-1358],[830,-1769],[100,-518],[-120,-931],[108,-827],[103,40],[121,-719],[513,-827],[236,297],[581,476],[808,-2],[189,66],[1178,914],[495,-2],[517,210],[2194,1369],[278,54],[620,-56],[1273,-504],[738,123],[252,313],[95,616],[207,63],[381,-28],[1020,-351],[496,-75],[111,341],[-282,428],[832,575],[255,435],[432,66],[695,904],[495,-43],[390,75],[549,567],[1329,714],[1428,-1885],[163,-93],[122,41],[261,259],[491,757],[92,659],[434,332],[21,1012],[460,323],[345,-68],[595,-443],[-290,-441],[64,-106],[1321,-654],[221,6],[415,285],[1793,318],[1200,353],[-18,-335],[1109,-2211],[-287,-44],[-55,-90],[-68,-891],[-310,-183],[-733,-93],[173,-683],[-267,-400],[70,-577],[163,-440],[401,-180],[386,-358],[1139,1279],[740,-74],[439,268],[181,-4],[305,-255],[77,22],[42,407],[142,223],[-128,350],[120,34],[902,20],[0,-72],[3079,155],[677,197],[175,-22],[326,-340]],[[1871977,3954262],[247,895],[465,682],[1096,-137],[1169,319],[546,277],[-715,1285],[-576,499],[-318,170],[17,939],[-110,160],[149,51],[0,89],[-247,183],[28,254],[-96,39],[-141,-87],[-71,163],[-194,86],[-66,137],[115,252],[488,273],[-19,126],[-126,20],[-63,465],[337,62],[165,163],[-50,247],[-194,181],[-48,468],[283,100],[104,283],[953,494],[114,260],[513,397],[164,-180],[3,-242],[95,-182],[-41,-324],[81,-562],[221,-170],[693,121],[291,-127],[212,-318],[522,580],[787,275],[332,485],[5,329],[-336,696],[-408,251],[263,149],[89,203],[-52,625],[82,83],[829,185],[72,173],[-38,134],[188,8],[25,225],[-154,83],[-360,-33],[438,393],[2912,-350],[396,293],[-134,949],[-207,287],[-403,286]],[[1979195,3976938],[-865,-173],[-1210,563],[-460,-38],[-1233,-474],[-2132,252],[-815,-260],[-1034,-598],[-588,-86],[-204,258],[-799,453],[-3,-663],[158,-514],[-128,-335],[-747,-894],[-680,-533],[-62,-1114],[289,-787],[-72,-335],[-132,-157],[-538,90],[-532,557],[-410,211],[-368,342],[-299,163],[-1466,196],[-501,-260],[-290,-62],[449,-422],[495,-711],[222,-959],[205,-54],[187,-185],[353,-842],[48,-348],[247,-205],[531,-843],[-159,-600],[-58,-921],[-1292,-554],[-166,202],[97,700],[-460,18],[-4,1092],[103,38],[-144,1000],[-114,507],[-315,640],[-2367,232],[-1449,508],[-209,-880],[-608,280],[-598,504],[-277,135],[-390,-58],[-474,-318],[-373,-484],[-63,-700],[-232,-1027],[9,-611],[-232,-498]],[[1807488,3957320],[466,162],[42,254],[181,84],[876,-365],[412,277],[1184,36],[283,-187],[595,-4],[-5,-435],[768,-188],[353,826],[1131,1],[21,-869],[-331,-197],[2216,-989],[2180,-746],[405,-80],[122,105],[451,-340],[574,-232],[567,-102],[64,298],[-75,318],[401,106],[1138,-836],[198,-54],[454,130],[573,-53],[289,103],[484,34],[856,405],[300,59],[284,-177],[50,-427],[157,-193],[683,267],[532,44],[234,-155],[839,28],[354,-243],[1425,-412],[337,-4],[336,187]],[[2056065,3850444],[-621,-284],[-657,-530],[-130,-680],[-291,-352],[-15,-258],[-297,-513],[-747,206],[-862,-289],[-858,-14],[-332,-178],[-149,-433],[-219,-255],[-327,58],[-459,422],[-321,149],[-445,-16],[-276,-150],[-27,-679],[135,-322],[28,-316],[-109,-309],[-334,-428],[-1008,-784],[-154,-289],[-15,-771],[-113,-353],[-638,-445],[-362,-524],[-644,-396],[-337,-566],[-674,-772],[-175,-555],[-584,-412],[-155,-510],[-467,-683],[-212,-547],[-153,-192],[915,-344],[-361,-209],[-545,-1219],[-112,-659],[248,-356],[-77,-163],[-524,-409],[-619,-1003],[-810,-818],[-361,-196],[-1216,-254],[-618,2],[-668,142],[-435,-43],[-1000,-710],[-1460,-1736],[-636,-1092],[-43,-202],[147,-245],[586,-367],[825,34],[154,-104],[-39,-379],[-170,-405],[-85,-747],[228,-568],[663,-664],[128,-467],[-102,-512],[-170,-135],[-637,-141],[-584,-230],[-272,-318],[-284,-800],[-130,-127],[-1078,-294],[106,-749],[94,-127],[9,-452],[-93,-140],[-344,-49],[-924,110],[-250,-295],[22,-357],[345,-734],[-12,-1029],[-85,-294],[-287,-63],[-49,-196],[-172,-99],[-150,-252],[-106,-518],[80,-868],[-114,-329],[-535,-715],[-21,-189],[137,-832],[-263,-813],[1,-294],[108,-434],[431,-468],[-21,-370],[-600,-632],[-480,-225],[-802,167],[-2228,128],[-63,-300],[213,-182],[223,-449],[186,-182],[-70,-519],[268,-995],[586,-570],[-114,-450],[151,-519],[-96,-372],[-159,-165],[-109,-55],[-290,155],[-486,-321],[-168,9],[132,-585],[-131,-137],[-27,-201],[215,-146],[308,65],[206,174],[215,-45],[0,-147],[-325,-448],[949,-420],[-265,-306],[-30,-343],[101,-602],[149,-516],[1004,-2183],[240,-771],[-5,-300],[-789,-3389],[576,-406],[907,-303],[261,-504],[41,-240],[409,-12],[232,-133],[96,-146],[1,-626],[205,-319],[737,-558],[124,-759],[-81,-306],[-354,-267],[-258,-94],[-736,39],[-286,-134],[-122,-187],[-40,-333],[164,-263],[-608,-2255],[154,-180],[337,1],[185,-479],[391,-74],[1274,-941],[9,-569],[-76,-248],[-160,-247],[-505,-473],[-137,-352],[192,-292],[1005,-829],[100,-157],[16,-292],[-625,-1492],[-144,-547],[62,-307],[346,-546],[-3142,-344],[23,233],[-1363,-661],[292,-520],[-798,-427],[-484,-48],[49,-95],[-1355,-50],[-285,-5430],[252,-630],[935,-808],[270,-37],[157,-1345],[281,-1029],[501,-1307],[-857,-2966],[-1475,-349],[-1080,-413],[-386,-473],[-127,-1010],[-877,-821],[702,-54],[1329,476],[-249,-324],[-120,-434],[-71,-591],[49,-371],[300,-645],[694,-1071],[259,-275],[171,-615],[185,-293],[2521,813],[130,-431],[260,-164],[816,610],[3860,-2630],[-639,-4796],[-398,-2170],[408,-2676],[-2114,-638],[-350,164],[-961,188],[-218,-1192],[-311,-64],[1,-3523],[-21,-229],[-285,-394],[508,-2084],[3541,-290],[-250,-1563],[-17,-1812],[-196,-236],[-2278,-713],[-1586,1527],[-1044,-902],[-1099,-178],[-134,114],[-241,-324],[-107,113],[-340,43],[-215,280],[-143,-132],[-233,26],[-286,78],[-331,235],[-707,305],[-760,51],[-81,297],[-2769,513],[-517,173],[-2011,3603],[-2040,-1575],[-1267,-1115],[772,-2205],[-873,-1283],[-914,-427],[4081,-3512],[-537,-666],[-698,344],[-723,-355],[-430,-1210],[35,-190],[329,-492],[660,128],[1484,-70],[840,-630],[-105,-726],[-101,128],[-140,-23],[177,-1160],[1109,488],[355,-746],[52,-755],[-914,-196],[56,-646],[-439,-942],[664,-199],[477,13],[31,-121],[712,-44],[-340,-996],[984,-516],[372,416],[1668,-1496],[-539,-508],[2687,-1455],[261,943],[467,50],[2060,-1195],[1617,-2764],[-591,-136],[569,-1505],[867,-417],[395,-971],[50,-1820],[233,-2074],[1681,-1612],[959,-368],[726,-836]],[[1988886,3700934],[-68,373],[70,464],[508,852],[110,390],[-47,1046],[53,169],[1302,1175],[466,1667],[397,821],[487,582],[97,248],[52,330],[-103,347],[-529,675],[-179,438],[-33,751],[172,569],[916,852],[297,396],[516,990],[988,631],[252,318],[57,560],[-221,361],[-360,351],[-170,420],[-328,-87],[-204,77],[70,135],[448,205],[1172,1530],[88,304],[11,855],[-192,594],[-725,1000],[-24,386],[168,322],[456,348],[541,240],[35,360],[-178,312],[-410,394],[-1058,805],[-502,580],[-694,454],[-458,428],[-22,104],[459,743],[-104,872],[-160,61],[-863,-606],[-1667,1172],[-32,135],[-102,56],[-954,37],[-342,-96],[-279,64],[-219,368],[-215,1093],[-548,593],[-906,345],[-1311,-1036],[-97,-191],[-917,-475],[-430,-361],[-583,662],[-555,281],[-80,173],[30,191],[-1181,119],[-557,1435],[0,-173],[-1941,5193],[1922,2313]],[[1946172,3955682],[-171,-61],[206,-435],[118,-720],[-30,-308],[123,-391],[419,-422],[186,-44],[214,134],[315,-159],[-26,-651],[456,-1076],[64,-785],[1620,-152],[213,-495],[466,-128],[-12,-381],[-657,-1546],[-62,-481],[-1065,-1],[-315,-51],[-348,-200],[-598,0],[-538,-1199],[276,-934],[-1063,-188],[-37,-213],[-385,-720],[84,-813],[139,-179],[736,-347],[61,-217],[-1591,-448],[-557,-479],[-196,-337],[-582,-503],[977,-1229],[380,-367],[129,-881],[-109,7],[-109,-834],[-692,-156],[56,1071],[-117,20],[-148,965],[-683,199],[-540,-420],[416,-1881],[-34,-904],[-685,333],[-301,-524],[-1110,-189],[-1645,520],[-53,1915],[-938,-210],[-465,-238],[-978,-89],[-1497,4],[191,-1877],[124,-372],[263,-57],[443,-257],[47,-335],[324,-55],[287,-524],[313,-146],[478,-13],[511,-260],[58,-84],[-491,-452],[-109,-237],[22,-267],[358,-199],[621,113],[322,-208],[438,-132],[33,-1354],[-1831,256],[-430,126],[-873,-1438],[361,54],[310,-137],[553,-575],[-126,-247],[-227,-96],[-306,-341],[-576,-77],[-691,-693],[-753,20],[-756,-862],[362,-341],[221,206],[497,33],[41,-129],[905,-598],[101,7],[1108,1280],[172,-133],[432,615],[386,229],[690,-1454],[-707,-516],[418,-458],[-621,-806],[-412,483],[-443,196],[-561,615],[-197,-273],[-215,-616],[383,-13],[-347,-1009],[-103,40],[-29,-1540],[-2520,-1767],[982,-206],[507,-242],[-586,-590],[-422,-17],[137,-496],[-1623,-368],[-79,336],[-238,-6],[103,-268],[-144,-128],[70,-160],[-1244,-762],[-8,-136],[341,-774],[-24,-651],[388,-300],[243,-326],[621,-404],[234,-355],[33,-211],[-496,-919],[489,-194],[94,63],[169,-881],[204,-227],[132,-526],[723,-299],[104,-244],[907,-1214],[-104,-77],[-447,-24],[-479,-366],[-373,-101],[-526,-1442],[701,-254],[-27,-186],[85,-97],[-132,-829],[66,-346],[118,-80],[-613,-49],[372,-1678],[-649,-76],[464,-804],[652,-654],[-755,-307],[188,-714],[-1020,-413],[-1365,-161],[-422,-228],[-526,-536],[-358,-242],[-1100,-327],[-91,64]],[[1871462,4022061],[-134,29],[-316,-164],[-524,542],[-273,-252],[-448,436],[-645,90],[-432,-260],[-346,69],[-71,-224],[328,-1],[-23,-161],[-607,-430],[-511,-228],[-175,-30],[-27,57],[122,493],[-143,65],[-172,-94],[-66,-325],[-182,-80],[-559,97],[-469,-173],[-310,76],[-273,-150],[-271,-9],[-760,-253],[-290,-264],[-88,-601],[-361,104],[-449,-62],[-204,188],[210,418],[486,208],[290,1077],[1052,27],[262,790],[-239,409],[43,164],[165,46],[284,-70],[412,238],[7,174],[-226,419],[-10,399],[-212,238],[-29,232],[-578,1252],[-1,372],[-197,140],[-1281,-214],[-64,-75],[372,-630],[204,-907],[445,-870],[-2009,-46],[-145,168],[-370,-212],[-2572,771],[-232,-551],[64,-410],[-78,-674],[17,-1366],[-4062,1879]],[[1854791,4023942],[-2948,5659],[-461,1146],[-1344,2734],[-630,-787],[-740,-315],[-514,-613],[-424,-284],[-801,-335],[-802,-170],[-252,63],[-444,-189],[-494,-17],[-1848,538],[-541,-31],[-1966,-1017],[-1208,-938],[-1579,-386],[-1377,-89],[-201,-159],[-175,-394],[-399,-184],[-511,-32],[-1224,124],[-497,-100],[-196,-219],[-9,-583],[-316,-466],[63,-659],[-181,-821],[-153,-331],[-199,-75],[-1013,-60],[-578,-262],[-613,-145],[-602,-295],[-1473,-302],[-503,-260],[-371,-502],[-237,-158],[-242,-11],[-209,153],[-687,1374],[-163,181],[-236,76],[-643,-29],[-319,68],[-202,126],[-461,550],[-744,231],[-534,3],[-512,-325],[-3218,-852]],[[1987667,3933723],[-746,-404],[-1057,-215],[-114,613],[-431,924],[-747,160],[-746,-60],[-168,-530],[37,-593],[698,-1068],[-386,-357],[-400,64],[-441,-133],[-936,-675],[108,742],[-659,51],[0,-135],[-495,8],[-73,1042],[-1817,-128],[35,1020],[1146,59],[-248,1700],[-276,-247],[-338,62],[-665,-186],[-497,191],[-65,51],[68,240],[-106,123],[74,496],[-164,179],[-397,-520],[-498,-316],[-254,1119],[-1447,-171],[-13,-58],[-1844,120],[-436,-678],[-264,820],[-366,309],[-492,11],[-969,-351],[-220,465],[62,258],[-962,-43],[-344,348],[-264,-317],[-33,106],[-983,-238],[-261,-380],[-408,-901],[-142,421],[-312,428],[-1027,813],[-440,601],[-403,255],[-571,105],[-371,-76],[-656,-306],[-509,-46],[-394,-253],[-710,-816],[-250,-125],[-589,-567],[709,-1274],[-418,-214],[-44,-1174],[-1874,283],[-230,-197],[-200,-343],[-323,-167],[-633,-1018],[-277,-267],[-1006,-516],[-1842,-1267],[819,2046],[432,1465],[533,541],[141,595],[419,558],[877,252],[433,297],[163,205],[124,391],[769,890],[-481,1468],[-431,851],[-49,265],[-101,-38],[-522,519],[-248,7],[1377,2045],[1218,914],[364,446],[-198,1210],[-358,311],[-228,118],[-438,-54],[3,-64],[-287,52],[-97,-122],[-225,86],[-15,135],[-86,-25],[-20,61],[59,163],[-336,496],[-317,-179],[-388,7],[-18,842],[91,65],[90,-98],[69,45],[-315,193],[-320,390],[3,166],[205,272],[28,256],[128,145],[-84,14],[-42,217],[95,373],[-24,650],[115,337],[-18,200],[-274,433],[-53,387],[-133,220],[-481,276],[-123,-19],[-4,175],[-167,87],[-85,335],[189,17],[-15,134],[-239,19],[-85,319],[245,63],[-35,67],[-173,-51],[-101,365],[-237,43],[35,110],[240,-74],[52,138],[155,-19],[52,110],[1,211],[-150,8],[75,469],[114,-16],[24,398],[-26,297],[-348,197],[-412,551]],[[1854791,4023942],[-670,8],[-640,-263],[-2120,66],[263,-249],[-395,-168],[-361,-19],[-492,123],[-582,403],[-92,-87],[1373,-4208],[2732,-1387],[1047,1223],[1305,-548],[167,-446],[-250,-2835],[-2650,-31],[-359,70],[-1256,-650],[119,-2897],[814,-537],[66,-112],[-112,-738],[42,-222],[737,-494],[-64,-182],[-311,-264],[-53,-237],[1044,-21],[660,-393],[608,-59],[965,-751],[577,-832],[-120,-730],[581,-853],[125,-364],[-33,-306],[88,-298],[1415,-1020],[722,-321],[197,-188],[190,-497],[-190,-105],[-391,-507],[-177,-49],[-314,34],[-461,185],[-607,569],[-801,186],[-285,-9],[-578,-204],[-792,-41],[-1120,128],[-818,-302],[-3455,-26],[-186,-87],[-294,-328],[-919,-1736],[-494,-550],[-429,-145],[-897,32],[-339,-157],[-290,-256],[1225,-1311],[2444,-2927],[-1043,-1960],[-254,-1249],[-598,-1354],[-1739,-1303],[-1010,-1162],[-127,-426],[-776,-1432],[-489,6],[-1265,-4428],[-1332,798],[-749,117],[-571,-439],[-207,-490],[56,-278],[-561,-808],[-145,-406],[628,-683],[788,-681],[-458,-536],[189,-262],[-1719,-1707],[-1549,-2241],[-8,-1241],[-401,-90],[146,-1608],[326,-310],[-2185,-1883],[-15,-1383],[-1588,-132],[224,-392],[22,-777],[246,-713],[31,-1334],[248,-785]]]}
