{"type":"Topology","bbox":[-76.10574126889829,2.8710816805902555,-74.47482384443815,5.319342301367676],"transform":{"scale":[0.000003385120954067422,0.0000034456095261769775],"translate":[-81.73562055563167,-4.229406466336059]},"objects":{"MGN_ADM_MPIO_GRAFICO":{"type":"GeometryCollection","geometries":[{"type":"Polygon","arcs":[[87,88,89,90,91,92,-63,93]],"bbox":[-75.5220990247237,4.256457902780232,-74.96571038935032,4.700690002161652],"properties":{"dpto_ccdgo":"73","mpio_ccdgo":"001","mpio_cdpmp":"73001","dpto_cnmbr":"TOLIMA","mpio_cnmbr":"IBAGUÉ"}},{"type":"Polygon","arcs":[[-59,-58,-57,94,95]],"bbox":[-75.07105196831995,3.2762130030686176,-74.81102390223326,3.5124198729166283],"properties":{"dpto_ccdgo":"73","mpio_ccdgo":"024","mpio_cdpmp":"73024","dpto_cnmbr":"TOLIMA","mpio_cnmbr":"ALPUJARRA"}},{"type":"Polygon","arcs":[[96,-88,97,98]],"bbox":[-75.07632260164543,4.448209518521507,-74.86258606460561,4.703381023201596],"properties":{"dpto_ccdgo":"73","mpio_ccdgo":"026","mpio_cdpmp":"73026","dpto_cnmbr":"TOLIMA","mpio_cnmbr":"ALVARADO"}},{"type":"Polygon","arcs":[[-43,99,100,101,-44]],"bbox":[-74.88830959873557,4.711719398254944,-74.73166651170706,4.951861154181849],"properties":{"dpto_ccdgo":"73","mpio_ccdgo":"030","mpio_cdpmp":"73030","dpto_cnmbr":"TOLIMA","mpio_cnmbr":"AMBALEMA"}},{"type":"Polygon","arcs":[[102,-98,-94,-62,103]],"bbox":[-75.38694807063257,4.532141120969653,-75.01636195418604,4.716743096944111],"properties":{"dpto_ccdgo":"73","mpio_ccdgo":"043","mpio_cdpmp":"73043","dpto_cnmbr":"TOLIMA","mpio_cnmbr":"ANZOÁTEGUI"}},{"type":"Polygon","arcs":[[104,-47,-46,-45,-102,105,106,107,108,109]],"bbox":[-75.01712699152165,4.884316870640202,-74.70590235612565,5.147065270668353],"properties":{"dpto_ccdgo":"73","mpio_ccdgo":"055","mpio_cdpmp":"73055","dpto_cnmbr":"TOLIMA","mpio_cnmbr":"ARMERO"}},{"type":"Polygon","arcs":[[110,-54,111,112,113,114]],"bbox":[-75.73926807441094,3.207769415440638,-75.23712600232649,3.6653050132026266],"properties":{"dpto_ccdgo":"73","mpio_ccdgo":"067","mpio_cdpmp":"73067","dpto_cnmbr":"TOLIMA","mpio_cnmbr":"ATACO"}},{"type":"Polygon","arcs":[[115,116,-69,-87,-68,-86,-67,-66,-85,-65,-64,-93]],"bbox":[-75.60441162584281,4.237448475024314,-75.36663057466626,4.581881940089543],"properties":{"dpto_ccdgo":"73","mpio_ccdgo":"124","mpio_cdpmp":"73124","dpto_cnmbr":"TOLIMA","mpio_cnmbr":"CAJAMARCA"}},{"type":"Polygon","arcs":[[117,118,-33,119]],"bbox":[-74.79870206196046,4.013973132375527,-74.67117778537883,4.247761184336161],"properties":{"dpto_ccdgo":"73","mpio_ccdgo":"148","mpio_cdpmp":"73148","dpto_cnmbr":"TOLIMA","mpio_cnmbr":"CARMEN DE APICALÁ"}},{"type":"Polygon","arcs":[[120,121,122,-11,123,124]],"bbox":[-75.34704764994697,4.893065273227165,-75.04210918416267,5.123717820518978],"properties":{"dpto_ccdgo":"73","mpio_ccdgo":"152","mpio_cdpmp":"73152","dpto_cnmbr":"TOLIMA","mpio_cnmbr":"CASABIANCA"}},{"type":"Polygon","arcs":[[125,126,127,-114,128,77,78,79,129]],"bbox":[-75.91703093107189,3.4627341835491565,-75.26887166663374,4.043178118719403],"properties":{"dpto_ccdgo":"73","mpio_ccdgo":"168","mpio_cdpmp":"73168","dpto_cnmbr":"TOLIMA","mpio_cnmbr":"CHAPARRAL"}},{"type":"Polygon","arcs":[[-39,-38,-37,130,131,132,-90,133]],"bbox":[-75.03478378241807,4.20810566429939,-74.79461960608985,4.514720119205302],"properties":{"dpto_ccdgo":"73","mpio_ccdgo":"200","mpio_cdpmp":"73200","dpto_cnmbr":"TOLIMA","mpio_cnmbr":"COELLO"}},{"type":"Polygon","arcs":[[134,135,136,137,-115,-128,138]],"bbox":[-75.33118497315621,3.5914862747138114,-74.96321894032813,3.9093885464274774],"properties":{"dpto_ccdgo":"73","mpio_ccdgo":"217","mpio_cdpmp":"73217","dpto_cnmbr":"TOLIMA","mpio_cnmbr":"COYAIMA"}},{"type":"Polygon","arcs":[[139,140,141,142,-118,143]],"bbox":[-74.82467270992007,3.8022955567443706,-74.53159232283785,4.130927456522553],"properties":{"dpto_ccdgo":"73","mpio_ccdgo":"226","mpio_cdpmp":"73226","dpto_cnmbr":"TOLIMA","mpio_cnmbr":"CUNDAY"}},{"type":"Polygon","arcs":[[-60,-96,144,145,146,-19]],"bbox":[-74.99696521111923,3.4106503499514647,-74.53107439933189,3.8447764765926067],"properties":{"dpto_ccdgo":"73","mpio_ccdgo":"236","mpio_cdpmp":"73236","dpto_cnmbr":"TOLIMA","mpio_cnmbr":"DOLORES"}},{"type":"Polygon","arcs":[[147,148,149,-132,150]],"bbox":[-75.00657895462878,4.088946150055612,-74.80472757725869,4.249962928823388],"properties":{"dpto_ccdgo":"73","mpio_ccdgo":"268","mpio_cdpmp":"73268","dpto_cnmbr":"TOLIMA","mpio_cnmbr":"ESPINAL"}},{"type":"Polygon","arcs":[[-109,151,-122,152,153,154]],"bbox":[-75.06615369829942,5.006560205409908,-74.88162398485129,5.175253802202008],"properties":{"dpto_ccdgo":"73","mpio_ccdgo":"270","mpio_cdpmp":"73270","dpto_cnmbr":"TOLIMA","mpio_cnmbr":"FALAN"}},{"type":"Polygon","arcs":[[-35,155,-151,-131,-36]],"bbox":[-74.90838675111415,4.186450008427368,-74.7763602636636,4.294321705863391],"properties":{"dpto_ccdgo":"73","mpio_ccdgo":"275","mpio_cdpmp":"73275","dpto_cnmbr":"TOLIMA","mpio_cnmbr":"FLANDES"}},{"type":"Polygon","arcs":[[156,-154,157,-125,158,-6,-5]],"bbox":[-75.161180813722,5.091298080487178,-74.96456283334689,5.293383079197458],"properties":{"dpto_ccdgo":"73","mpio_ccdgo":"283","mpio_cdpmp":"73283","dpto_cnmbr":"TOLIMA","mpio_cnmbr":"FRESNO"}},{"type":"Polygon","arcs":[[-149,159,160,161,162]],"bbox":[-75.08525255072226,3.9413500203922958,-74.82807814159985,4.262136267279372],"properties":{"dpto_ccdgo":"73","mpio_ccdgo":"319","mpio_cdpmp":"73319","dpto_cnmbr":"TOLIMA","mpio_cnmbr":"GUAMO"}},{"type":"Polygon","arcs":[[-159,-124,-10,-9,-8,-7]],"bbox":[-75.3535098458483,4.899649833031688,-75.12618543329884,5.171477414161316],"properties":{"dpto_ccdgo":"73","mpio_ccdgo":"347","mpio_cdpmp":"73347","dpto_cnmbr":"TOLIMA","mpio_cnmbr":"HERVEO"}},{"type":"Polygon","arcs":[[-105,163,164,165,166,167,168,169,170,-2,-1,-48]],"bbox":[-74.88440655427553,5.039858575870882,-74.71437531387367,5.319342301367676],"properties":{"dpto_ccdgo":"73","mpio_ccdgo":"349","mpio_cdpmp":"73349","dpto_cnmbr":"TOLIMA","mpio_cnmbr":"HONDA"}},{"type":"Polygon","arcs":[[-29,-28,-84,-27,-83,-26,-82,-25,-24,-23,-22,-21,-140,171,-30]],"bbox":[-74.6256275978209,3.975496010796709,-74.47482384443815,4.267101390606593],"properties":{"dpto_ccdgo":"73","mpio_ccdgo":"352","mpio_cdpmp":"73352","dpto_cnmbr":"TOLIMA","mpio_cnmbr":"ICONONZO"}},{"type":"Polygon","arcs":[[-101,172,173,-106]],"bbox":[-75.01765168526953,4.77036022678095,-74.80561447894866,4.967152769259021],"properties":{"dpto_ccdgo":"73","mpio_ccdgo":"408","mpio_cdpmp":"73408","dpto_cnmbr":"TOLIMA","mpio_cnmbr":"LÉRIDA"}},{"type":"Polygon","arcs":[[-107,-174,174,175,176,177]],"bbox":[-75.11614177942812,4.752973681111861,-74.96488780495848,4.998607738623491],"properties":{"dpto_ccdgo":"73","mpio_ccdgo":"411","mpio_cdpmp":"73411","dpto_cnmbr":"TOLIMA","mpio_cnmbr":"LÍBANO"}},{"type":"Polygon","arcs":[[-110,-155,-157,-4,-3,-171,178,-169,179,180,-166,181,-164]],"bbox":[-75.00961540812457,5.141311102759637,-74.79479563237946,5.313033390325245],"properties":{"dpto_ccdgo":"73","mpio_ccdgo":"443","mpio_cdpmp":"73443","dpto_cnmbr":"TOLIMA","mpio_cnmbr":"SAN SEBASTIÁN DE MARIQUITA"}},{"type":"Polygon","arcs":[[-32,-31,-172,-144,-120]],"bbox":[-74.75392368198005,4.095427341574352,-74.55559283040219,4.2727418534009445],"properties":{"dpto_ccdgo":"73","mpio_ccdgo":"449","mpio_cdpmp":"73449","dpto_cnmbr":"TOLIMA","mpio_cnmbr":"MELGAR"}},{"type":"Polygon","arcs":[[-177,182,-13,183]],"bbox":[-75.37549959156591,4.7334611943651215,-75.0704663423949,4.919579238531096],"properties":{"dpto_ccdgo":"73","mpio_ccdgo":"461","mpio_cdpmp":"73461","dpto_cnmbr":"TOLIMA","mpio_cnmbr":"MURILLO"}},{"type":"Polygon","arcs":[[184,-145,-95,-56,-55,-111,-138]],"bbox":[-75.30245545161904,3.365705819292012,-74.92996012695441,3.6960811974904395],"properties":{"dpto_ccdgo":"73","mpio_ccdgo":"483","mpio_cdpmp":"73483","dpto_cnmbr":"TOLIMA","mpio_cnmbr":"NATAGAIMA"}},{"type":"Polygon","arcs":[[185,186,187,-139,-127,188,189]],"bbox":[-75.44385872411235,3.7462285985344197,-75.0726260495636,4.11969132385769],"properties":{"dpto_ccdgo":"73","mpio_ccdgo":"504","mpio_cdpmp":"73504","dpto_cnmbr":"TOLIMA","mpio_cnmbr":"ORTEGA"}},{"type":"Polygon","arcs":[[-153,-121,-158]],"bbox":[-75.06496890596549,5.046184714960944,-74.98207744916324,5.1462142051153865],"properties":{"dpto_ccdgo":"73","mpio_ccdgo":"520","mpio_cdpmp":"73520","dpto_cnmbr":"TOLIMA","mpio_cnmbr":"PALOCABILDO"}},{"type":"Polygon","arcs":[[-41,-40,-134,-89,-97,190]],"bbox":[-75.06969453481737,4.351150143778629,-74.78611279713228,4.62994130176066],"properties":{"dpto_ccdgo":"73","mpio_ccdgo":"547","mpio_cdpmp":"73547","dpto_cnmbr":"TOLIMA","mpio_cnmbr":"PIEDRAS"}},{"type":"Polygon","arcs":[[-53,-52,-51,-50,-49,-18,-17,-16,-15,191,-112]],"bbox":[-76.10574126889829,2.8710816805902555,-75.57152517577404,3.3248787920163414],"properties":{"dpto_ccdgo":"73","mpio_ccdgo":"555","mpio_cdpmp":"73555","dpto_cnmbr":"TOLIMA","mpio_cnmbr":"PLANADAS"}},{"type":"Polygon","arcs":[[192,-146,-185,-137,193]],"bbox":[-75.01493343314341,3.6165772032834322,-74.70649475229261,3.831724507707449],"properties":{"dpto_ccdgo":"73","mpio_ccdgo":"563","mpio_cdpmp":"73563","dpto_cnmbr":"TOLIMA","mpio_cnmbr":"PRADO"}},{"type":"Polygon","arcs":[[-142,194,-194,-136,195,-161,196]],"bbox":[-75.03421169697683,3.745484346876765,-74.70709730382244,4.009231973667507],"properties":{"dpto_ccdgo":"73","mpio_ccdgo":"585","mpio_cdpmp":"73585","dpto_cnmbr":"TOLIMA","mpio_cnmbr":"PURIFICACIÓN"}},{"type":"Polygon","arcs":[[-113,-192,-14,72,73,74,75,76,-129]],"bbox":[-76.09143913286735,3.169120013385511,-75.57789935853056,3.7772046281747507],"properties":{"dpto_ccdgo":"73","mpio_ccdgo":"616","mpio_cdpmp":"73616","dpto_cnmbr":"TOLIMA","mpio_cnmbr":"RIOBLANCO"}},{"type":"Polygon","arcs":[[197,198,-130,80,-71,-70,-117]],"bbox":[-75.7525885253652,3.9280051746974127,-75.38763525018624,4.2793987710055195],"properties":{"dpto_ccdgo":"73","mpio_ccdgo":"622","mpio_cdpmp":"73622","dpto_cnmbr":"TOLIMA","mpio_cnmbr":"RONCESVALLES"}},{"type":"Polygon","arcs":[[199,200,-190,201,-198,-116,-92]],"bbox":[-75.57012373569906,4.0393845026310835,-75.14377452177618,4.3474564503665665],"properties":{"dpto_ccdgo":"73","mpio_ccdgo":"624","mpio_cdpmp":"73624","dpto_cnmbr":"TOLIMA","mpio_cnmbr":"ROVIRA"}},{"type":"Polygon","arcs":[[-196,-135,-188,202,-162]],"bbox":[-75.10398581008207,3.8185932898031876,-74.90783159127768,4.004800919816844],"properties":{"dpto_ccdgo":"73","mpio_ccdgo":"671","mpio_cdpmp":"73671","dpto_cnmbr":"TOLIMA","mpio_cnmbr":"SALDAÑA"}},{"type":"Polygon","arcs":[[-202,-189,-126,-199]],"bbox":[-75.63281956088935,3.827768947971398,-75.38700223256782,4.121300423506414],"properties":{"dpto_ccdgo":"73","mpio_ccdgo":"675","mpio_cdpmp":"73675","dpto_cnmbr":"TOLIMA","mpio_cnmbr":"SAN ANTONIO"}},{"type":"Polygon","arcs":[[-133,-150,-163,-203,-187,203,-200,-91]],"bbox":[-75.21836566199906,3.9260825245818047,-74.9977336335758,4.325439005494296],"properties":{"dpto_ccdgo":"73","mpio_ccdgo":"678","mpio_cdpmp":"73678","dpto_cnmbr":"TOLIMA","mpio_cnmbr":"SAN LUIS"}},{"type":"Polygon","arcs":[[-104,-61,-72,-183,-176,204]],"bbox":[-75.38871171864963,4.656179618302497,-75.01268909795087,4.811628292075971],"properties":{"dpto_ccdgo":"73","mpio_ccdgo":"686","mpio_cdpmp":"73686","dpto_cnmbr":"TOLIMA","mpio_cnmbr":"SANTA ISABEL"}},{"type":"Polygon","arcs":[[-119,-143,-197,-160,-148,-156,-34]],"bbox":[-74.87772771063315,3.894979007389006,-74.74476354467835,4.2662641074917325],"properties":{"dpto_ccdgo":"73","mpio_ccdgo":"770","mpio_cdpmp":"73770","dpto_cnmbr":"TOLIMA","mpio_cnmbr":"SUÁREZ"}},{"type":"Polygon","arcs":[[-186,-201,-204]],"bbox":[-75.24697331918188,4.099848058596436,-75.08484295108681,4.278654519347864],"properties":{"dpto_ccdgo":"73","mpio_ccdgo":"854","mpio_cdpmp":"73854","dpto_cnmbr":"TOLIMA","mpio_cnmbr":"VALLE DE SAN JUAN"}},{"type":"Polygon","arcs":[[-173,-100,-42,-191,-99,-103,-205,-175]],"bbox":[-75.06674609446637,4.608571631479309,-74.78581490648833,4.8115869447616575],"properties":{"dpto_ccdgo":"73","mpio_ccdgo":"861","mpio_cdpmp":"73861","dpto_cnmbr":"TOLIMA","mpio_cnmbr":"VENADILLO"}},{"type":"Polygon","arcs":[[-152,-108,-178,-184,-12,-123]],"bbox":[-75.31939798199414,4.8868838497372025,-75.00831890679918,5.0675268203660835],"properties":{"dpto_ccdgo":"73","mpio_ccdgo":"870","mpio_cdpmp":"73870","dpto_cnmbr":"TOLIMA","mpio_cnmbr":"VILLAHERMOSA"}},{"type":"Polygon","arcs":[[-20,-147,-193,-195,-141]],"bbox":[-74.72293289964556,3.6965945933098396,-74.51125790126677,3.9957596404201556],"properties":{"dpto_ccdgo":"73","mpio_ccdgo":"873","mpio_cdpmp":"73873","dpto_cnmbr":"TOLIMA","mpio_cnmbr":"VILLARRICA"}}]}},"arcs":[[[2068270,2761854],[-267,21],[-334,186],[-197,14],[-488,-159],[-770,-476],[-418,79],[-135,111],[-9,211],[314,567],[100,410],[-117,213],[-280,52],[-327,-140],[-512,-454],[-360,-184],[-260,-653],[-747,-155],[-265,-545],[-892,-595],[-149,255],[58,567],[-223,302],[-365,185],[-1021,-2],[-93,310],[160,368],[342,144],[12,200],[-96,125],[-1182,122],[-250,-127],[-74,-215],[-403,-394],[-240,50],[-613,942],[-571,671],[-703,1124],[-495,439],[-329,58],[-683,-339],[-639,-198],[-221,385],[-482,285],[-677,-777],[-822,501],[-341,34],[-374,-122]],[[2051832,2765250],[-372,-140],[-251,15],[-244,156],[-166,266],[-826,212],[-159,193],[-239,725],[-224,311],[-402,-55],[-748,-429],[-693,-38],[-395,127],[-626,460],[-1244,395],[-302,220],[-811,1112],[-613,330],[-243,231],[-304,554],[-819,1031],[-325,174],[-850,178],[-508,-19],[-279,-563],[-441,-182],[-216,9],[-926,388],[-139,-98],[-177,-397],[-217,-78],[-402,2],[-416,368],[-231,7],[-284,-145],[-329,-532],[-696,17],[-451,-295],[-264,53],[-88,442],[-263,253],[-259,-113],[-327,-390],[-423,-304],[-297,40],[-447,295],[-270,-336],[-208,-703],[-606,-544],[-311,-399],[-559,-274],[-188,-297]],[[2030754,2767483],[-239,-295],[-260,31],[-528,243],[-1297,-459],[-23,-218],[356,-324],[45,-193],[-200,-188],[-537,-149],[-66,-132],[7,-670],[-124,-469],[-303,-398],[-481,-77],[-604,205],[-253,421],[-167,92],[-1278,105],[-988,-88],[-292,48],[-290,180],[-407,101],[-216,501],[-161,103],[-207,-51],[-260,-207],[-152,-350],[-410,-178],[-520,387],[-822,-135],[-263,31],[-533,431],[-438,566],[-508,237],[-518,610],[-349,283],[-392,166],[-452,497],[-190,82],[-530,-56],[-443,382],[-321,139],[-204,6],[-332,-133],[-194,-328],[-467,134],[-231,230],[-640,-406],[-525,158],[-497,26],[-493,241],[-400,25],[-139,99],[-78,210],[-747,453],[-1560,-145],[-740,94],[-207,98],[-994,-784],[-92,-240],[-750,-785],[-447,-153],[-661,310],[-161,-28],[-1017,-936],[-174,-461],[-277,-286],[-1036,-4],[-863,316],[-773,-282],[-298,67],[-529,-42],[-272,-319]],[[1999342,2765822],[-162,-550],[-406,-588],[-811,-366],[-522,-32],[-310,93],[-643,-190],[-545,34],[-305,-405],[5,-312],[-568,-90],[-168,-148],[-472,-100],[-493,-488],[-9,-215],[-159,-91],[-333,-8],[-525,380],[-119,-13],[-180,-184],[-184,-5],[-624,356],[-329,-244],[-414,-15],[-525,178],[-679,387],[-286,16]],[[1989576,2763222],[-602,-115],[-270,247],[-263,57],[-1119,-148],[-385,437],[-165,42],[-384,-211],[-208,-18],[-62,-400],[-449,-327],[-543,-258],[-328,125],[-381,-128],[-195,-291],[-190,-64],[-208,-21],[-207,203],[-103,-1],[-498,-367],[-25,-225],[-70,-48],[-393,92],[-125,331],[-124,118],[-790,177],[-116,-148],[30,-509],[-462,-295],[-153,-284],[10,-215],[253,-274],[26,-142],[-306,-241],[-25,-386],[-108,-274],[-411,-341],[-373,-145],[-336,40],[-105,-223],[-466,-160],[-787,3],[-320,285],[-305,-287],[-309,-55],[-965,305],[-558,-334],[-645,-194],[-631,170],[-990,-347],[-377,194],[-335,-929],[-306,-140],[-323,-419]],[[1972096,2757084],[-350,-884],[-153,-162],[139,-325],[-551,-391],[35,-209],[187,-253],[-21,-216],[-97,-140],[-349,-193],[198,-503],[507,-679],[-212,-438],[-428,-246],[255,-548],[-19,-104],[-488,-460],[-618,-890],[-137,-41],[-683,159],[-220,160],[-282,-38],[-191,-209],[-29,-512],[-205,-402],[-776,-119],[-43,-425],[-543,-688],[95,-434],[-46,-214],[-867,-907],[-229,-1004],[-548,-470],[-495,-666],[-341,-296],[121,-692],[-48,-224],[-219,-136],[-404,38],[-1104,-574],[-53,-745],[-142,-311],[-39,-414],[-217,-155],[-468,-12],[-356,-132],[-321,-636],[-595,-452],[-122,-536],[-492,-826],[-188,-477],[-421,-355],[-219,-327],[-189,-1032],[-483,-140],[-52,-291],[151,-544],[-39,-238],[-87,-147],[-411,-289],[-132,-343],[362,-896],[-20,-1021],[-364,-233],[-550,68],[-267,-441],[-919,-482],[-188,-397],[368,-233],[45,-148],[-386,-763],[-497,-551],[104,-486],[-191,-496],[133,-223],[223,-141],[-288,-353],[-101,-760],[319,-143],[423,192],[145,-52],[224,-461],[-254,-466],[-183,-93],[-405,50],[-338,-607],[-978,-312],[-1506,370],[-802,-808],[-564,-272],[-261,-332],[-126,-25],[-613,263],[-648,493],[-751,-189],[-777,119],[-340,311],[-277,131],[-171,392],[-68,467],[-424,460],[-1446,146]],[[1945705,2726425],[-177,116],[-96,519],[-492,380],[-290,339],[-315,29],[-349,551],[-116,-18],[-159,-228],[-187,-57],[-667,201],[-118,-224],[-655,-365],[-617,199],[-671,-620],[-207,58],[-196,466]],[[1940393,2727771],[-775,94],[-532,352],[-563,-315],[-350,-841],[-925,-458],[-405,-331],[-991,72],[-296,-213],[-1018,143],[-179,-71],[-211,-360],[-236,-66],[-579,258],[-1087,42],[-589,-313],[-445,-95],[-175,-259],[-109,-592],[-129,-88],[-443,27],[-209,-89],[157,-356],[-57,-236],[-1247,-717],[47,-298],[388,-365],[19,-197],[-342,-213],[-226,-352],[62,-638],[-258,-328],[-59,-497],[-632,-435],[-722,246],[-417,7],[527,-1065],[44,-176],[-65,-154],[-1204,-1029],[-671,-386],[-436,-35],[-485,591],[-384,101],[-671,-248],[-651,-502],[-808,-203],[-1174,-1581],[-536,-435],[-586,48],[-504,379],[-194,-29],[-120,-172],[-150,-14],[-141,-203],[-585,416],[-206,309],[-165,76],[-506,-27],[-405,201],[-426,-78],[-611,205],[-420,16],[-166,282],[-576,135],[-93,161],[-455,-35],[-513,156],[-251,375],[-1071,472],[-557,406],[-451,-35],[-704,313],[-270,-2],[35,77],[-652,451],[-671,50],[-640,364],[-945,-135],[-939,54],[-256,107],[-643,-283],[-327,-418],[-461,-50],[-130,-195],[-110,-473],[-362,-487],[-612,-565],[-720,-466],[-531,-771],[-591,-323],[-77,-411],[-318,-395],[21,-113],[352,-278],[-69,-335],[-687,125],[-283,-140],[-775,-743],[-248,-82],[-72,-199],[158,-214],[-93,-435],[-284,-269],[-367,-846],[-232,-331],[-279,-54],[-185,-137],[-333,-568],[-582,-273],[-557,-613],[-451,-307],[-532,-75],[-152,-389],[-1176,-406],[-688,-415],[-190,-395],[-56,-398],[-261,-461],[-636,-268],[-660,-666],[-687,-379],[-87,-475],[-303,-312],[-526,-248],[-346,-302],[-630,-58],[-222,-107],[-334,-304],[-99,-276],[-160,-177],[-40,-218],[-590,-467],[152,-470],[87,-66],[253,66],[183,-326],[-31,-243],[76,-273],[-93,-799],[-84,-251],[-362,-533],[-267,-693],[65,-274],[-194,-235],[-180,-806],[-337,-503],[-65,-514],[-149,-154],[-248,-744],[964,-613],[1041,-808],[228,-393],[17,-614],[844,-1147]],[[1889829,2691652],[272,-165],[2516,-483],[302,-242]],[[1892919,2690762],[197,-256],[260,-704],[443,-622],[928,-738],[513,-97],[155,-187],[457,-1049],[0,-256],[-485,-1333],[-85,-718],[528,-1588],[-43,-421],[-527,-601],[-1082,-2238],[-484,-743],[-93,-320],[190,-283],[98,-394],[-288,-407],[42,-650],[-63,-214],[-801,-1588],[-141,-594],[-260,-532],[-907,-932],[-414,-304],[-225,-718],[-99,-863],[-91,-173],[-668,-269],[-675,-698],[-351,-186],[-1181,-221],[-583,-235],[-1006,-193],[-203,-124],[-401,-367],[-197,-628],[-35,-566],[232,-753],[70,-1305],[317,-912],[28,-345],[-303,-1650],[-161,-353],[190,-1001],[-64,-83],[120,-179],[-28,-484],[195,-274],[128,-416],[281,-505],[773,-925],[169,-338],[731,-2666],[309,-1726],[633,-1692],[682,-1112],[1235,-1558]],[[1890879,2649475],[283,-251],[2664,-974],[1593,-686]],[[1895419,2647564],[115,-46],[85,-1403],[-51,-275]],[[1895568,2645840],[-460,-1797],[-928,-4401],[-360,-716],[-510,-725],[-1125,-1123],[-448,-319],[-1959,-1001],[-2025,-2968],[-1691,86],[-378,-95],[-694,-1157],[-255,-898],[-211,-207],[-96,-268],[140,-474],[-9,-328],[-237,-1097],[-219,-293],[-378,-259],[-325,-656],[-730,-501],[-878,-803],[-1503,-2322],[-826,-1424],[-617,-761]],[[1677991,2162972],[84,-70],[-43,-539],[63,-291],[791,-353],[119,-197],[-359,-549],[-194,-682],[-468,-1124],[-578,-608],[-367,-884],[-473,-632],[-782,-357],[-1170,-993],[-506,-815],[-516,245],[-558,651],[-322,203],[-545,606],[-1291,160],[-1325,521],[-273,-8],[-467,-458],[-813,-380],[-529,-453],[-119,-210]],[[1667350,2155755],[-39,-559],[384,-1098],[-105,-730],[-543,-806],[21,-155],[393,-398],[19,-105],[-110,-706],[-220,-397],[-115,-519],[187,-1056],[298,-255],[928,-176],[677,-370],[709,-215],[370,-447],[213,-759],[944,-1061],[-512,-794],[-1375,-1290]],[[1669474,2143859],[-504,-575],[-48,-131],[59,-150],[441,-517],[1035,-123],[284,-178],[321,-62],[272,-200],[31,-344],[488,-1250],[1039,-1465],[-62,-422],[-378,-991],[-701,-644],[14,-255],[833,-1723],[-15,-1131],[-152,-202],[-588,-430],[-352,-622],[-172,-155],[-233,-53],[-804,62],[-487,-163],[-276,-442],[-212,-730],[-416,-52],[-1116,342],[-155,-61],[-225,-527],[-172,-180],[-1552,198],[-282,-88],[-894,-550],[-453,-166],[-917,-738],[80,-515],[17,-1292],[720,-1288]],[[1663942,2126046],[1630,424],[1498,-191],[447,-256],[613,-592],[345,-639],[647,-223],[542,72],[394,-242],[505,-1206],[413,-719],[362,-320],[351,-587],[1054,-991],[-97,-792],[39,-378],[393,-1270],[255,-331],[256,-155],[44,-906],[-175,-1458],[-330,-197],[-264,-249],[-34,-133],[-94,-1194],[66,-970],[141,-159],[763,-363],[794,-554]],[[1674500,2111467],[530,291],[254,-12],[321,-244],[315,179],[218,-30],[109,-119],[236,-59],[169,-179],[529,-896],[102,33],[350,467],[212,73],[381,-17],[225,-92],[193,-306],[252,-113],[240,139],[526,23],[265,184],[567,99],[181,-8],[424,-214],[240,-405],[-50,-139],[-274,-175],[-122,-327],[49,-338],[321,-503],[4,-363],[-130,-590],[45,-257],[363,-402],[957,-652],[81,-560],[210,-572],[15,-319],[-144,-596],[-238,-271],[-419,-737],[17,-382],[136,-319],[847,-452],[762,-232],[331,-974],[294,-249],[3352,-1172],[355,-202],[117,-198],[21,-301],[-240,-455],[-39,-422],[429,-1216],[-9,-168],[-95,-223],[-345,-384],[-124,-303],[-267,-198],[-249,-39],[-715,-1020],[-294,-1071],[-39,-656],[-461,-1039],[-46,-1784],[153,-309],[338,-265],[414,-511],[299,-1331],[12,-876],[-148,-555],[-454,-743],[-300,-158],[-185,-251],[-84,-1091],[-122,-340],[-7,-700],[204,-536],[-211,-914],[143,-542]],[[2127214,2342869],[-1057,34],[-336,422]],[[2125821,2343325],[0,366],[602,1190],[165,1809],[169,547],[817,1630],[219,263],[670,1686],[146,1424],[382,876],[454,690],[930,926],[238,356],[93,420],[-43,178],[-368,1046],[-419,633],[-43,669],[157,1970],[271,880],[85,809],[205,656],[-57,575],[81,600],[218,783],[437,426],[192,52],[233,282],[326,1122],[472,587],[496,299],[103,176],[596,2546],[-23,891],[329,837],[198,1199],[-35,195],[-373,334],[122,720],[-254,880],[-364,511],[-1418,1127],[-820,416],[-1048,304],[-595,359],[-1081,1402],[-199,1185],[58,1106]],[[2128145,2381263],[-13,412],[-297,906],[38,1370],[-62,750],[-254,553],[-17,1180],[266,841],[234,382],[625,483],[295,872],[16,741],[173,188],[64,331],[392,466],[44,478],[262,542],[-60,263],[153,231],[-138,1148],[121,490],[390,943]],[[2130377,2394833],[-571,183],[-265,192],[-162,847],[-324,814],[-585,767],[-269,525],[6,335],[485,342],[83,582],[516,765],[-38,467],[-541,520],[25,354],[222,323],[578,308],[438,412],[56,311],[-155,533],[120,238],[590,339],[473,156],[173,463],[503,122],[454,403],[89,674],[-327,493],[-4,195],[386,638],[302,917],[1004,1382],[1161,430],[251,207],[37,223],[-168,759],[139,408],[451,205],[862,918],[593,98],[185,100],[772,711],[1149,769],[423,680],[924,418],[417,549],[741,497],[93,393],[-399,198],[176,844],[657,857],[281,723],[738,390],[609,120],[701,805],[71,524],[-46,1981]],[[2144457,2423240],[38,267],[217,468],[-5,157],[-162,290],[196,893],[165,185],[9,189],[-268,373],[-9,218],[144,306],[-64,634],[-42,121],[-243,168],[-536,75],[-251,126],[-357,755],[-56,566],[-349,533],[-111,591],[-377,347],[-107,253],[15,352],[708,429],[151,561],[-11,97],[-178,134],[-292,-56],[-212,52],[-87,303],[-19,650],[-281,369],[-56,224],[226,1349],[151,426],[-140,459],[-69,676],[227,605],[38,344],[-20,1823],[-133,224],[-511,339],[-610,1053],[-250,52],[-647,-142],[-254,34],[-921,507],[-609,444],[-974,306],[-235,179],[-200,288],[-61,336],[52,534],[273,881],[-114,131],[-1610,660],[-329,232],[-216,265],[-99,284],[-110,989],[-285,792],[-409,795],[-80,430],[-322,511],[57,277],[-357,818],[26,407],[485,605],[-470,287],[-182,217],[30,160],[262,232],[15,206],[-175,306],[-174,586],[-667,1210],[-197,1405],[-170,337],[-362,1443]],[[2131907,2458172],[-510,396],[-891,-138],[-237,41],[-135,125],[-194,587],[-169,88],[-592,108],[-832,345],[-1309,95],[-229,262],[-105,504],[-673,929],[-164,66],[-321,-220],[-232,33]],[[2125314,2461393],[-429,418],[-231,371],[-133,693],[72,503]],[[2124601,2463433],[-192,249],[-398,-85]],[[2123973,2463578],[-102,-56]],[[2123826,2463499],[-195,-29],[-464,149],[-292,282]],[[2122875,2463901],[63,851],[-665,367],[-134,183]],[[2122139,2465302],[-393,327],[-691,265]],[[2121055,2465894],[-1510,1151],[-539,308],[-902,178],[-712,-106],[-457,-146],[-570,-733],[-1048,-127],[-1514,-657],[-308,216],[-351,-72],[-432,86],[-1083,21],[-308,-29],[-614,-232],[-476,-339],[-388,-426],[-248,-513],[-197,-968],[-388,-296],[-175,79],[-132,397],[-630,765],[-154,65],[-344,-22],[-322,-289],[-278,-707],[-395,-513],[-783,-355],[-739,-224],[-1292,-84],[-1512,-720],[-189,-133],[-77,-169],[63,-275],[297,-295],[83,-754],[-59,4],[-648,-1105],[636,-1336],[-18,-164],[-328,-662],[-135,-635],[-332,-920],[-867,-1535],[-307,-366],[-391,-232],[-355,37],[-747,296],[-360,50],[-236,-103],[-476,-577],[-854,-1281],[-381,-300],[-478,-224],[-216,-278],[-54,-177],[233,-185],[110,-223],[0,-267],[-127,-395],[-470,-254],[-458,-586],[-1200,-208],[-148,-151],[183,-68],[-217,-127],[-113,-402],[-367,-424],[-335,-101],[-281,-678],[-801,-396],[-329,-56],[-339,81],[151,941],[418,414],[192,396],[-7,122],[-288,155],[-89,315],[53,499],[179,564],[-380,1065],[-398,379],[-409,127],[-405,7],[-241,-9],[-376,-157],[-146,-239],[105,-970],[-194,-387],[-386,-56],[-446,226],[-301,49],[-874,-369],[-1854,-575],[-220,-177],[-481,-1169],[-279,-435],[-324,-89],[-369,75],[-352,493],[-180,461],[143,689],[0,115],[-117,93],[-1035,-165],[-662,271],[-167,137],[-325,746],[-112,102],[-1627,334],[-620,2],[-482,-196],[-360,106],[-675,852],[52,529],[244,235],[366,55],[374,163],[137,188],[-5,271],[-270,226],[-627,263],[-48,328],[-177,169],[-855,259],[-796,387],[40,160],[126,50],[790,-72],[304,249],[84,168],[-36,185],[-310,390],[-82,54],[-104,-94],[-76,46],[-1000,808],[-428,84],[-567,-107],[-347,75],[-81,80],[-23,546],[-135,111],[-455,-67],[-243,-125],[-773,-826],[-378,-129],[-354,1537],[-159,71],[-236,-214],[-154,4],[-202,385],[-731,667],[-785,1533]],[[2069306,2459412],[-983,870],[-244,-38],[-618,-455],[-978,-1055],[-160,-67],[-581,5],[-606,-241],[-95,-273],[256,-619],[30,-279],[-80,-220],[-169,-70]],[[2065078,2456970],[-404,254],[-128,346],[248,728],[-61,806],[338,344],[174,355],[22,239],[-95,239]],[[2065172,2460281],[-487,948],[-779,794],[70,294],[270,334],[-24,227],[-542,234],[-160,241],[-254,184],[-231,53],[-920,-547],[-883,-384],[-1723,-589],[-143,-208],[-55,-425],[-299,-221],[-237,-30],[-217,122],[-78,322],[566,1327],[-57,795],[-595,125],[-187,-53],[-457,-434],[-218,73],[-226,312],[53,253],[471,385],[365,595],[39,183],[-124,228],[-524,194],[-721,16],[-884,-335],[-1036,-267],[-450,77],[-168,198]],[[2054327,2465302],[1360,2514],[151,1405],[-191,1058],[-148,212],[-858,332],[-2751,473],[-1453,415],[-628,320]],[[2049809,2472031],[-2133,-778],[-327,-19],[-522,111],[-198,93],[-371,411],[-394,1234],[-252,463],[-236,191],[-279,44],[-1213,-779],[-1488,-1272],[-657,-377],[-535,-432],[-1363,-1785],[-429,-438],[-499,-304],[-4649,-1362],[-1584,-730],[-338,-61],[-789,35],[-1179,257],[-318,-45],[-1194,-574],[-410,-277],[-348,-96],[-2025,-146],[-548,197],[-1215,2240],[-435,2029],[-200,403],[-390,398],[-492,262],[-194,241],[-436,665],[-71,406]],[[2022098,2472236],[322,858],[671,886],[800,770],[415,755],[1189,680],[1332,488],[241,177],[195,513],[10,302],[-358,589],[-539,10],[-533,-271],[-635,-46],[-666,126],[-579,373],[-272,483],[10,201],[492,1244],[231,186],[933,136],[543,247],[476,599],[503,912],[312,352],[2486,1953],[420,177],[1722,241],[287,111],[259,238]],[[2032365,2485526],[85,418],[-7,1696],[933,3357],[146,1149],[0,383],[-668,1285],[-139,465],[76,424],[501,718],[863,773],[1441,711],[438,321],[780,855],[209,383],[285,950],[125,2174],[279,2099],[473,1040],[696,793],[327,513],[35,444],[-112,499],[-647,957],[174,889],[619,1156],[522,1415],[-111,670],[-92,196],[-217,181],[-533,1845],[224,2767],[410,632],[647,171],[702,27],[1534,-263]],[[2042363,2517619],[1337,-51],[461,125],[498,248],[1420,1209],[615,782],[452,835],[389,800],[244,871],[201,1497],[170,3061],[272,1200],[180,657],[986,2009],[444,1297],[208,897],[204,426]],[[2050444,2533482],[1024,644],[545,157],[452,235],[439,692],[53,378],[-253,483],[-704,627],[-268,131],[-450,487],[-73,590],[-601,1063],[-641,1515],[-478,691],[-1289,1201],[-492,588],[-239,483],[-133,483],[691,1018],[372,1280],[13,535],[-93,418],[-226,456],[-438,353],[-704,392],[-479,587],[-252,457],[-40,1397],[1156,2115],[186,822],[-13,366],[-53,248],[-240,274],[-903,209],[-558,274],[-319,391],[-558,979],[-226,653],[-213,1058],[53,287],[758,718],[1767,509],[678,-39],[1953,-666],[425,-52],[372,78],[253,248],[53,627],[-58,289]],[[2050693,2560211],[-607,1088],[-684,780],[-593,514],[-1586,566],[-866,212],[-1546,801],[-330,353],[-284,573],[-143,631]],[[2044054,2565729],[-11,448],[379,1111],[455,491],[648,479],[1427,685],[1229,1052],[713,862],[357,663],[313,1284],[148,1374],[148,426],[297,356],[1218,674],[993,194],[346,141],[121,258],[160,1593],[50,-4],[-123,716],[-593,873],[-252,171],[-702,781],[-883,700],[-108,-94],[-820,311],[-1114,194],[-357,367],[-675,426],[-488,205],[-203,199],[-280,669],[60,1644],[88,464],[1240,2227],[637,3855],[-39,506],[-443,911],[-355,306],[-589,168],[-805,410],[-2049,1646]],[[2044192,2595471],[-439,640],[-381,1272],[-161,1690],[198,668],[498,691],[526,992],[137,482],[577,406],[640,319],[2086,849],[753,683],[1855,1186],[1753,474],[585,-36],[498,-222],[358,-65],[908,309],[731,424],[352,424],[175,698],[-212,1423],[249,719],[578,1157],[212,769],[929,1443],[866,661],[968,414],[715,594],[739,466],[1703,714],[1646,460],[695,381],[352,302],[183,288],[212,589],[-51,1762],[-280,1573],[-172,1565],[-361,931],[-7,517],[404,733],[221,639],[-143,1892],[-534,1035],[-871,792],[-2264,396],[-1782,703],[-962,614],[-794,1431],[-125,461]],[[2057955,2632779],[-93,231],[20,306],[185,335],[594,584],[2076,1389],[1657,2509],[624,1532],[137,2269],[-858,2576],[-127,479],[0,507],[653,651],[712,268],[1159,-670],[858,-316],[1072,-651],[546,-86],[283,201],[1169,1857],[419,1082],[0,374],[-253,996],[-409,440],[-868,-38],[-565,153],[-341,412],[40,628],[-127,728],[149,734],[4,441],[146,276],[550,547],[154,734],[653,1092],[312,785],[399,1235],[-39,1274],[-360,977],[-2213,2374],[-1120,967],[-770,920],[-457,747]],[[2063926,2664628],[-22,1154],[85,541],[657,1464],[516,736],[534,516],[686,405],[944,767],[315,304],[477,817],[622,563],[695,230],[760,-178]],[[2070195,2671947],[1332,-255],[2119,-993],[399,-165],[273,-10],[860,445],[157,214],[334,986],[164,219],[462,342],[308,398],[46,328],[-209,462],[-1050,742],[-402,364],[-494,624],[-1539,1030],[-824,428],[-1429,436],[-1495,119]],[[2069207,2677661],[-642,186],[-2248,1371],[-403,575],[-244,647],[-38,370],[158,1107],[242,838],[849,1830],[245,1077],[398,689],[1156,1433],[558,857],[246,539],[549,1732],[188,1073],[126,1565],[398,2005],[-608,717],[-462,952],[-58,1145]],[[2069617,2698369],[-170,932],[161,871],[898,1296],[713,1481],[1719,1746],[492,696],[3,1832],[83,604],[-485,1845],[-94,600],[102,939],[-498,2067],[-546,726],[-119,592],[-751,824],[-845,1873],[-993,1581],[-205,567],[-113,1331],[259,1228],[371,580],[2311,2706],[827,826],[325,581],[190,628],[318,2258],[487,829],[92,925],[-85,1255],[-237,861],[-252,508],[-629,837],[-419,1364],[-210,316],[-302,279],[-739,256],[-2050,160],[-740,382],[-301,479],[-6,613],[271,791],[243,358],[940,634],[234,344],[-64,251],[-383,372],[-230,406],[-143,1078],[137,1777],[239,1327],[424,789],[218,239],[1217,779],[214,422],[-392,1135],[-364,1616],[-415,1039],[-6,852],[125,623],[335,234],[274,472],[92,705],[-131,440],[-610,974],[-168,985],[-238,718],[-872,2123],[-697,1263],[-159,465]],[[1685797,2080879],[11141,12179],[795,26],[231,-119],[788,-1062],[36,-788],[659,-1000],[-177,-455],[180,-598],[-336,-754],[-143,-142],[362,-136],[389,-457],[-29,-564],[279,-818],[-164,-421],[9,-360],[556,-600],[416,-212],[225,-295],[59,-606],[554,-720],[1243,-751],[579,-138],[1040,5],[321,-1823],[263,-524],[175,-155],[934,265],[305,-53],[262,-511],[135,-841],[185,-232],[73,-608],[192,-574],[-180,-492],[-83,-619],[630,-1155],[427,-490],[566,-283],[355,-66],[236,55],[406,390],[331,599],[753,481],[523,60],[1277,-420],[326,0],[1187,529],[617,-134],[557,14],[545,-163],[-106,-433],[8,-723],[-160,-355],[-16,-342],[286,-376],[180,-155],[1445,-160],[685,335],[395,-70],[696,-497],[617,-214],[1038,-217],[500,-259],[129,-116],[79,-382],[-28,-1204],[163,-895],[228,-234],[508,116],[326,-101],[418,-472],[250,-953],[623,-26],[427,-289],[383,280],[649,752],[276,210],[160,26],[1656,-201],[899,35],[169,-158],[80,-218],[212,-1267],[223,-708],[394,-605],[1018,19],[190,-62],[329,-328],[396,-687],[983,-817],[447,-319],[668,-289],[1082,-291],[587,-943],[400,-456],[791,-435],[1033,186],[1202,-82],[1023,-228],[917,238],[923,-1],[865,524],[857,-62],[780,288],[1441,854],[995,719],[519,794],[239,175],[1883,578],[527,74],[2746,-25],[323,73],[335,167],[932,821],[189,510],[2,466],[149,253],[968,756],[514,163],[209,603],[159,65],[459,-42],[597,138],[215,374],[132,618],[265,122],[210,498],[284,226],[338,505],[230,678],[55,478],[108,173],[473,0],[699,550],[282,2],[852,-257],[246,259],[1366,476]],[[1763031,2073566],[495,-201],[222,-14],[388,11],[253,100],[48,96],[-70,511],[-667,1246],[-540,704],[389,974],[88,531],[-188,518],[175,802],[252,753],[414,469],[201,863],[326,481],[415,346],[791,308],[756,91],[651,571],[275,38],[268,-109],[389,64],[183,148],[575,811],[369,286],[239,395],[250,201],[1101,32],[761,324],[536,3],[269,-97],[170,-208],[269,-55],[833,-11],[620,142],[578,365],[421,421],[660,965],[633,574],[818,157],[1311,465],[875,130],[493,308],[1097,898],[761,463],[576,602],[84,251],[547,866],[418,1326],[433,1020],[194,810],[520,672],[39,795],[-86,334],[81,120],[216,23],[632,-432],[984,-518],[756,-259],[1634,-155],[1969,-52],[456,-173],[1730,-252],[908,20],[291,-162],[291,19],[1363,1083],[563,259],[826,760],[580,311],[369,362],[1335,-293],[1195,0],[615,-328],[334,0],[1229,872],[1344,1516],[162,390],[-326,871],[-33,373],[105,242],[774,259],[1036,552],[545,812],[422,1381],[265,501],[684,656],[199,103]],[[1808443,2104973],[495,1055],[442,386],[163,822],[302,479],[1354,1335],[496,194],[381,269],[143,1633],[127,216],[176,850]],[[1812522,2112212],[-158,481],[0,259],[-421,904],[-856,896],[-218,161],[-254,-1],[-922,296],[-1371,242],[-597,345],[-457,466],[-738,1761],[-123,725],[-211,398],[-211,897],[141,501],[386,673],[756,725],[316,501],[334,673],[0,277],[158,414],[317,518],[333,380],[703,535],[812,1369],[217,243],[77,274],[248,290],[356,731],[78,670],[495,777],[63,1081],[62,275],[201,259],[479,410],[894,329],[1125,-34],[1388,423],[791,587],[624,828],[343,328],[-246,915],[131,648],[-72,831],[127,401],[179,263],[-2,837],[349,373],[119,314],[1093,901],[162,608],[-424,136],[-511,-78],[-681,553],[-377,-6],[-514,952]],[[1817015,2141727],[-354,644],[-567,658],[-172,344],[463,814],[296,1419],[606,823],[192,422],[291,300],[4,699],[-147,332],[-605,752],[-63,530],[56,138],[467,398],[90,530],[337,144],[79,232],[793,547],[399,585],[293,934],[-102,713],[-309,464],[-39,359],[382,652],[106,376],[822,505],[302,345],[-49,117],[-464,283],[-274,1029],[-190,201],[288,241],[366,649],[626,401],[-457,877],[-14,214],[196,836],[-56,193],[-295,352],[-647,477],[-495,178]],[[1819170,2162434],[81,680],[232,603],[178,779],[201,94],[907,870],[106,911],[519,885],[195,790],[261,303],[338,104],[-89,76],[195,-29],[61,163],[159,91],[135,-95],[673,926],[494,271],[220,293],[660,228],[11,347],[158,359],[430,507],[216,405],[504,478],[484,163],[594,-30],[265,156],[211,710],[309,384],[550,1309],[209,1496],[164,308],[374,384],[343,893],[334,357],[1348,867],[186,279],[1144,1130],[589,399],[33,145],[-290,615],[-83,573],[228,521],[631,291],[1120,957],[477,833],[349,361],[58,499],[-144,649],[71,489],[-187,860],[-213,403],[62,236],[169,121],[-477,633],[-962,742],[-11,318],[231,324],[905,906],[217,121],[285,-13],[228,333],[439,144],[104,199],[476,194],[31,-89],[87,62],[104,-39],[155,205],[-31,70],[167,57],[127,-89],[29,-244],[163,-50],[117,95],[53,254],[115,131],[497,119],[24,197],[207,-25],[63,170],[154,-9],[74,-165],[451,-245],[78,-215],[192,-201],[511,-169],[660,-382],[245,-71],[308,145],[88,-230],[235,-136],[359,126],[154,-422],[246,-154],[152,56],[123,257],[170,2],[165,-138],[599,428],[234,42],[150,232],[286,145],[-12,217],[531,69],[87,205],[-157,114],[74,112],[452,194],[30,208],[207,123],[110,253],[508,563],[51,433],[105,129],[-243,238],[69,478],[-181,112],[-4,494],[-107,322],[133,169],[54,426],[28,842],[-69,401],[230,226],[210,649],[503,579],[574,390],[177,255],[-180,523],[-225,22],[264,230],[106,215],[-321,471],[235,465],[267,73],[446,311],[261,15],[585,-214],[355,-584],[261,-162],[129,27],[437,405],[236,33],[255,-116],[228,-446],[137,-109],[173,-2],[165,207],[299,10],[344,-346],[251,0],[356,-584],[231,-97],[815,45],[318,97],[298,-45],[786,155],[751,-226],[426,-37],[169,81],[337,455],[458,19],[525,216],[438,-46],[374,-557],[432,-1670],[305,-587],[-143,-237],[40,-129],[152,-188],[174,5],[235,629],[165,199],[192,52],[320,-140],[357,475],[400,-230],[677,114],[342,302],[137,282],[306,232],[472,160],[609,29],[43,85],[-205,675],[354,83],[156,361],[405,449],[323,889],[1139,277],[-4,138],[-178,169],[59,168],[148,157],[422,106],[230,434],[350,326],[-56,172],[-210,35],[-112,110],[-61,296],[80,272],[405,232],[363,137],[261,-11],[42,-329],[175,-203],[194,91],[224,-21],[185,-76],[43,-199],[78,-44],[187,0],[21,274],[140,188],[358,-342],[175,19],[394,263],[551,162],[436,410],[161,499],[345,56],[264,340],[491,211],[451,361],[425,-31],[303,-133],[279,31],[870,-356],[385,288],[133,10],[533,-408],[270,-83],[225,120],[1248,-6],[1057,-207],[281,15],[239,112],[-133,185],[-626,486],[129,452],[-6,849],[236,327],[371,305],[213,126],[435,13],[54,124],[-172,188],[567,412],[129,230],[-79,234],[-431,439],[-23,898],[-263,348],[11,186],[70,188],[160,121],[697,17],[126,279],[-30,292],[-274,461],[-16,220],[304,420],[299,711],[795,613],[483,175],[337,-378],[374,688],[221,165],[408,94],[252,-408],[120,22],[205,223],[420,-198],[80,-505],[-431,-125],[-104,-173],[137,-163],[344,-68],[174,-414],[883,62],[533,-161],[326,45],[298,418],[327,185],[800,102],[449,-317],[189,366],[583,12],[100,-452],[296,-295],[94,-215],[-121,-362],[-408,-707],[29,-103],[332,-15],[205,198],[182,433],[569,-178],[593,0],[685,412],[557,70],[259,108],[189,181],[232,427],[389,-38],[178,61],[40,207],[420,351],[350,584],[224,100],[266,-30],[225,131],[87,173],[-77,106],[-315,105],[-153,138],[-73,204],[81,1119],[180,423],[135,-4],[124,99],[73,504],[421,114],[281,275],[172,-112],[-64,-409],[52,-332],[86,-198],[367,-370],[549,-108],[464,76],[234,-42],[95,-30],[168,-263],[512,-167],[231,-175],[-31,-222],[-265,-130],[-105,-172],[68,-192],[349,-134],[146,-236],[18,-430],[199,-488],[-122,-412],[93,-53],[612,365],[194,-46],[371,-404],[99,20],[128,244],[258,20],[316,-281],[23,-157],[-190,-851],[68,-234],[551,-78],[870,-904],[317,-122],[389,12],[680,-637],[193,-95],[321,92],[76,-371],[411,-254],[824,-245],[210,-271],[596,-69],[279,-108],[351,-754],[273,-238],[349,-91],[379,-480],[265,-210],[210,33],[149,146],[364,-4],[938,178],[867,-482]],[[1910531,2209047],[176,-584],[279,-392],[749,-302],[989,-67],[631,-345],[350,-361],[22,-121],[-144,-142],[-673,-247],[-4,-280],[800,-113],[123,-472],[308,-274],[358,-119],[487,-869],[243,-72],[244,154],[297,300],[-5,599],[193,708],[-255,811],[23,164],[123,132],[643,184],[120,123],[-139,349],[72,435],[227,310],[395,209],[160,216],[68,425],[-93,699],[130,354],[-56,602],[-128,342],[-325,332],[183,1088],[577,253],[184,159],[67,428],[560,710],[101,304],[-122,594],[88,295],[318,157],[157,221],[567,342],[120,281],[116,81],[422,102],[356,427],[415,171],[745,590],[526,616],[337,263],[155,25],[188,-202],[208,-50],[391,-522],[478,-279],[377,-52],[852,312],[1162,-9],[853,-190],[161,-367],[-42,-169],[-321,-359],[-17,-130],[87,-237],[234,-127],[264,69],[799,656],[420,-52],[598,-224],[978,111],[202,-138],[127,-831],[-222,-669],[-80,-574],[-202,-202],[-239,-779],[-30,-586],[405,-60],[174,-252],[-30,-973],[166,-1419],[-120,-346],[113,-435],[196,-111],[469,37],[2541,-981],[575,-89],[923,-290],[1747,201],[242,-171],[355,-587],[333,-111],[627,297]],[[1938733,2207952],[152,1181],[-46,1471],[-483,1704],[-277,1529],[77,1946],[167,979],[686,1024],[676,379],[1238,335],[2253,-42],[462,256],[844,880],[507,67],[687,780],[-1023,867],[-243,507],[-27,357],[320,1128],[285,485],[556,595],[677,256],[1126,-116],[650,-230],[1135,-676],[423,-119],[401,7],[919,-470],[2290,148],[469,239],[261,435],[16560,-511],[221,-59],[218,0],[585,322],[264,-41],[232,156],[274,32],[359,-208],[570,-83],[380,-177],[2616,107],[432,-197],[402,-531],[348,-208],[443,-41],[622,313],[433,84],[505,-249],[322,-341]],[[1979681,2222222],[-611,-556],[-339,-637],[-709,-421],[-150,-197],[-249,-841],[-229,-58],[-84,-100],[-76,-284],[1,-731],[195,-496],[-134,-241],[86,-384],[-234,-586],[61,-178],[215,-216],[235,-43],[162,-194],[217,-11],[752,-293],[346,-281],[438,-119],[638,-792],[354,-24],[279,-155],[14,-264],[240,-246],[341,-635],[163,-1498],[-120,-127],[-1367,43],[-426,-38],[-220,-136],[266,-281],[310,-572],[131,-282],[9,-220],[-841,-258],[-836,4],[-686,134],[-686,-95],[-405,-476],[-413,-213],[-524,-79],[-458,-410],[-798,-100],[-480,77],[-414,-177],[-505,-402],[-171,-282],[126,-785],[-23,-330],[156,-316],[332,-1312],[-31,-154],[-212,-180],[-306,-32],[-332,-326],[-510,-121],[-154,-189],[381,-334],[336,-163],[287,-399],[586,-488],[-43,-511],[-663,-515],[-239,-596],[-269,-141],[-289,-627],[302,-1179],[528,-520],[401,-967],[11,-144],[-251,-374],[-74,-794],[-263,-615],[131,-325],[529,-303],[106,-542],[-31,-206],[-444,-483],[-171,-922],[-807,-1484],[252,-487],[303,-1065],[45,-451],[-117,-528],[-488,-378],[-1073,-49],[-347,-262],[-556,-1238],[-120,-626],[-984,-636],[-201,-312],[456,-382],[14,-131],[-338,-1077],[502,146],[261,-340],[332,-228],[546,36],[347,-99],[223,-137],[311,-653],[181,-192],[339,159],[251,524],[238,44],[173,-69],[114,-248],[165,-131],[305,-89],[727,95],[291,-109],[765,-57],[437,164],[435,2],[334,178],[225,-166],[152,-8],[234,-348],[160,-82],[246,-8],[437,-262],[405,-47],[602,-293],[154,-149],[245,-67],[270,6],[146,340],[130,38],[376,-30],[633,-271],[603,-13],[388,142],[382,30],[196,199],[388,-79],[343,29],[488,163],[869,-363],[1124,104],[383,-58],[823,-511],[374,-1161],[118,-193],[341,-260]],[[1987427,2179530],[619,-118],[166,-557],[196,-162],[728,-116],[367,-251],[1075,224],[487,0],[859,358],[459,435],[62,243],[-59,273],[301,473],[1301,184],[576,-33],[1105,461],[338,24],[664,-152],[603,-504],[232,160],[337,35],[619,-226],[996,79],[896,-257],[148,-257],[-55,-541],[921,-271],[492,-469],[246,95],[383,607],[1186,636],[266,17],[819,-435],[302,-29],[669,462],[938,227],[426,-42],[466,461],[1107,447],[613,150],[329,-33],[534,-348],[487,-487],[388,-34],[191,93],[664,670],[243,48],[511,-67],[635,200],[379,672],[271,350],[318,239],[336,55],[1207,-268],[506,213],[314,6]],[[2016594,2182470],[667,3],[1020,622],[1253,1486],[1192,846],[444,734],[441,62],[186,-77],[135,85],[344,969],[111,89],[565,44],[130,147],[173,288],[224,688],[417,621],[437,398],[525,-130],[394,198],[142,199],[6,922],[215,133],[690,120],[428,445],[24,279],[-324,190],[-218,460],[341,511],[208,165],[232,62],[1444,52],[642,163],[551,780],[292,268],[1118,294],[315,538],[22,203],[590,490],[1747,1070],[678,97],[134,83],[137,293],[-10,263],[-436,1367],[67,608],[189,635],[904,1321],[1024,700],[702,623],[297,705],[922,1136],[562,394],[770,307],[3,384],[1192,1688],[7,580],[-113,397],[204,943],[120,211],[-43,555],[243,836],[453,366],[190,4],[517,-197],[632,480],[391,621],[267,45],[376,-121],[232,135],[130,672],[-830,1179],[-109,649],[67,279],[439,981],[1186,559],[387,666]],[[2045598,2217331],[216,439],[767,56],[565,148],[14,625],[109,211],[168,80],[454,-83],[600,357],[958,351],[1117,1001],[421,160],[414,420],[1393,246],[507,196],[373,407],[282,569],[663,271],[2,277],[342,509],[157,152],[587,292],[42,553],[305,215],[324,75],[656,-44],[835,840],[543,239],[864,125],[64,87],[15,859],[110,408],[-88,507],[44,159],[224,307],[570,352],[-59,699],[107,321],[-98,372],[-432,358],[-506,55],[-103,80],[-5,263],[231,630],[-307,330],[-135,268],[-229,143],[-466,53],[-1010,557],[-675,898],[-67,405],[-319,312],[-30,598],[-108,133],[-427,207],[-20,567],[-179,95],[-265,2],[-189,427],[-276,311],[-130,389],[322,1303],[3,282],[-347,543],[-32,794],[-309,473],[-248,623],[177,1289],[496,543],[103,424],[-17,292],[216,553],[-170,492],[327,483],[12,118],[-228,217],[-273,483],[74,118],[754,362],[214,456],[240,1253],[126,231],[307,189],[-113,552],[159,1028],[678,840],[678,555],[275,338],[435,118],[1693,184],[1105,253],[717,-48],[410,-89],[389,-278],[299,-659],[155,-108],[481,24],[715,-90],[133,87],[250,608],[646,128],[379,630],[614,266],[258,371],[385,331],[113,449],[401,398],[108,309],[280,294],[557,980],[116,427],[-34,340],[76,128],[626,413],[690,763],[44,900],[506,1042],[-137,476],[172,608],[-292,231],[-202,27],[-280,319],[-614,226],[-742,459],[182,519],[108,702],[-88,142],[-224,27],[-64,123],[-302,1175],[54,758],[-74,306],[-280,396],[-17,292],[-162,32],[-501,-244],[-123,17],[-179,243],[292,628],[-329,644],[133,480],[159,111],[-83,401],[169,331],[438,490],[803,502],[891,760],[462,207],[339,589],[35,345],[347,452],[284,98],[136,218],[12,412],[93,162],[-65,190],[124,154],[-61,228],[123,123],[-39,333],[676,429],[148,167],[201,566],[411,351],[798,299],[132,-30],[401,-378],[211,-384],[829,-511],[150,18],[384,280],[281,-112],[177,43],[546,522],[1115,322],[263,410],[262,-79],[133,66],[471,790],[-287,97],[-59,121],[80,373],[-44,214],[246,567],[-30,372],[289,614],[21,754],[-185,209],[268,578],[2,228],[-279,498],[-20,198],[139,323],[347,440],[-7,276],[114,335],[-5,534],[197,95],[710,-88],[189,267],[382,172],[206,362],[221,177],[506,769],[49,1304],[334,166],[133,447],[322,232],[241,312],[468,359],[319,87],[128,446],[499,253],[87,115],[18,243],[304,125],[102,272],[327,304],[504,795],[-101,345],[197,992],[160,181],[113,74],[557,-237],[226,-10],[264,115],[452,426],[609,215],[264,-109],[923,-70],[872,853],[66,225],[-176,377],[478,401],[460,613],[419,84],[404,-225],[680,484],[403,51],[331,141],[313,-150],[343,265],[157,-183],[146,-38],[190,551],[475,491],[577,16],[274,358],[413,-92],[155,254],[0,177],[-143,176],[43,55],[217,66],[614,-57],[188,417],[423,340],[363,101],[348,462],[684,538],[684,288],[243,284],[871,115],[140,182],[60,402],[184,29],[356,640],[373,237],[466,663],[716,629],[144,377],[546,831],[1054,643],[579,199],[673,1023],[583,498],[227,82],[511,13],[432,368],[524,-24],[376,70],[486,741],[571,289],[604,688],[465,336],[229,478],[547,452],[290,461],[-20,514],[89,623],[126,288],[208,86],[166,365],[844,427],[188,231],[89,290],[450,155],[560,537],[311,596],[553,523],[404,258],[237,267],[871,512],[919,875],[200,389],[1346,1322],[118,356],[-15,723],[63,137],[364,166],[447,-179],[216,63],[53,235],[-149,418],[-28,364],[112,780],[180,421],[382,64],[411,385],[24,855],[416,844],[-95,372],[33,348],[613,772],[409,200],[224,384],[139,464],[581,692],[-180,1469],[83,1280],[285,519],[264,794],[930,1771],[258,135],[308,25],[298,193],[105,213],[227,201],[344,49],[122,148],[89,204],[28,519],[347,540],[-8,189],[-510,503],[-137,263],[-21,864],[489,444],[121,274],[-16,963],[88,292],[192,192],[447,188],[307,311],[72,442],[-237,880],[-847,634]],[[1874943,2596013],[973,-1484],[564,-575]],[[1876480,2593954],[-280,-650],[70,-321],[310,-289],[-415,-525],[-481,-437]],[[1875684,2591732],[-223,-205],[-78,-268],[-136,-105],[-888,-500],[-574,-128],[-1142,-722],[-476,-518],[-131,-262],[-453,-63],[-175,-128],[-313,-971],[-601,-575],[-595,-725],[-587,-1318],[-114,-122],[-385,-159],[-385,-674],[-589,-270],[-935,-933],[-301,-758],[24,-993],[-1374,-1814],[-47,-837],[-249,-778],[153,-959],[-128,-607],[-15,-886],[149,-330],[570,-293],[253,-227],[754,-1501],[218,-809],[-292,-922],[339,-846],[104,-913],[-81,-735],[-457,-707],[-64,-244],[-545,-760],[-116,-610],[-395,-895],[-1700,-573],[-384,-210],[-623,-839],[-384,-1011],[-253,-213],[-757,443],[-523,141],[-890,6],[-464,-209],[-580,133],[-2007,31],[-557,-120],[-571,-247],[-1361,118],[-352,-292],[-1115,-197],[-1253,-416],[-367,-184],[-97,-150],[-799,-2684],[-574,-641],[-328,-224],[-100,-241],[-384,-232],[-1646,-283],[-716,-317]],[[1846619,2557251],[-119,-714],[-282,-174],[-467,-620],[-452,-1459],[-316,-556],[-305,-240],[-617,-309],[-202,-194],[-890,-241],[-1399,-1335],[-1245,-866],[-309,-10],[-369,130],[-385,-390],[-1636,-653],[-991,-2119],[-142,-628],[-218,-139],[-909,-239],[-383,-245],[-173,-310],[-25,-416],[96,-570],[497,-1405],[26,-276],[-111,-439],[147,-438],[124,-1001],[-225,-370],[-565,-414],[31,-943],[-413,-1009],[-447,-603],[-103,-321],[46,-225],[554,-660],[-11,-444],[230,-941],[44,-844],[191,-439],[-116,-459],[13,-837],[-203,-149],[-869,-156],[-655,-289],[-417,-16],[-1101,-327],[-292,-334],[-408,-887],[-1631,-1560],[-282,-937],[-370,-583],[-719,-793],[-375,-326],[-271,-109],[-539,-610],[-987,-397]],[[1825674,2525413],[-53,-13]],[[1825502,2525418],[-495,-16],[-598,-155],[-233,-159],[-272,-604],[-356,-239],[-605,-703],[-539,-393],[-610,-824],[-89,-395],[-182,-269],[-221,-624],[-529,-305],[-934,-225],[-620,-751],[-43,-600],[463,-1875],[-225,-1028],[39,-775],[-503,-1338],[-1376,-1425],[-81,-259],[-3,-512],[145,-456]],[[1817635,2511488],[700,-568],[211,-783],[161,-778],[-19,-264],[-568,-918],[163,-729],[460,-359],[-31,-470],[-247,-1020],[-416,-1116],[-10,-495],[-437,-1141],[4,-2178],[-889,-965],[-386,-657],[-982,-1198],[25,-208],[476,-580],[147,-304],[-30,-554],[-187,-429],[-236,-1175]],[[1815509,2494408],[-164,-524],[-666,-310]],[[1814500,2493427],[-121,-507],[57,-444],[-191,-1826],[302,-859],[25,-295],[-284,-716],[-366,-1461],[-289,-687],[-487,-628],[-634,-524],[-81,-212],[409,-501],[575,-1525],[488,-797],[46,-233],[-274,-448],[38,-216],[299,-255],[443,-197],[152,-171],[-402,-328],[-330,-495],[-504,-461],[-195,-346],[-102,-740],[569,-1223],[95,-472],[-229,-291],[-749,-15],[-452,-521],[-263,-1019],[-452,-482],[-25,-1397],[-345,-838],[992,-893],[723,-343],[683,-562],[39,-81],[-156,-705],[-147,-250]],[[1813357,2469463],[-375,-468],[-253,-144],[-682,-328],[-722,-193],[-210,-159],[-437,-653],[-155,-70],[-949,49],[-538,-99],[-508,-217],[-722,331],[-233,-100],[-987,-1040],[-229,-1372],[-395,-470],[-223,-848],[-6,-300],[-138,-265],[-1494,-568],[-360,-540],[-883,-120],[-1287,-874],[-434,-148],[-927,-534],[-478,-547],[-28,-1020],[-148,-1108],[-224,-311],[-74,-325],[-134,-192],[-178,-695],[-568,-902],[1,-473],[354,-350],[118,-239],[-26,-136],[-2068,-384],[-1153,-541],[-313,-266]],[[1795291,2452844],[-244,-212],[-191,-337],[-141,-846],[38,-179],[607,-488],[161,-46],[604,124],[257,-134],[122,-363],[16,-625],[180,-683],[-102,-341],[-296,-287],[-322,-500],[-56,-708],[67,-420],[-64,-233],[-491,-254],[-1275,-331],[-698,-661],[-174,-278],[-402,-304],[-179,-753],[-178,-400],[-35,-720],[-411,-841],[-1450,-839],[-714,-544],[-428,-524],[-254,-541],[46,-238],[-288,-370],[-1053,-840],[-415,-503],[-794,-443],[-223,-230],[-190,-741],[-581,-752],[-263,-532],[94,-950],[480,-717],[-752,-579],[-175,-219],[86,-659],[-159,-677],[452,-628],[-176,-680],[122,-259],[115,-860],[-237,-223],[-508,-833],[-454,-68],[-53,-420],[-276,-485],[-235,-100],[-1144,168],[-461,-82],[-257,-191],[-167,-659],[-507,-624],[-345,167],[-278,39],[-1362,-220],[-338,126],[-267,-142],[-800,-794],[-304,-589],[38,-663],[-115,-1337],[-206,-666],[-169,-121],[-954,-217],[-590,359],[-324,-87],[-357,36],[-500,338],[-292,18],[-329,214],[-568,-141],[-120,-359],[28,-1085],[373,-1343],[-142,-568],[-125,-169],[-516,-205],[-319,-290],[-659,-56],[-376,-166],[-432,-473],[-290,188],[-106,-14],[-1093,-804],[-327,-132],[-296,-638],[1,-355],[-256,-975],[-623,-731],[79,-1329],[-499,-1163]],[[1878846,2621333],[-250,-2249],[-56,-1359],[67,-680],[-73,-508],[-371,-1718],[-619,-1149],[184,-523],[-159,-438],[15,-207],[175,-428],[352,-282],[74,-228],[-389,-391],[22,-304],[-346,-997],[362,-552],[-309,-296],[-789,-269],[-244,-624],[-343,-422],[47,-327],[-275,-572],[10,-320],[-99,-269],[-145,-270],[-469,-472],[-65,-350],[0,-125],[455,-446],[222,-624],[635,-1147],[-38,-525],[132,-500],[173,-208],[548,-345],[776,-834],[70,-258],[-210,-229],[-1341,-982],[-489,-743],[-766,-843],[-377,-1307]],[[1677991,2162972],[-110,419],[-319,490],[-504,400],[-259,861],[664,836],[374,286],[215,368],[63,325],[518,219],[493,391],[624,833],[679,228],[829,862],[322,236],[591,131],[405,225],[12,398],[376,651],[-2,661],[-456,230],[-198,290],[-4,975],[-1122,506],[-468,748],[-258,153],[-282,385],[-65,510],[261,986],[-67,659],[-388,833],[-19,474],[-258,477],[-89,671],[-118,311],[622,704],[13,363],[118,334],[641,453],[586,-91],[202,46],[95,851],[196,684],[-210,860],[1090,472],[105,209],[308,249],[4,280],[-683,1310],[-410,454],[-279,1265],[-269,799],[-335,640],[-7,521],[-118,366],[-251,162],[-655,202],[-479,1009],[-377,145],[-941,627],[-610,158],[-285,153],[249,198],[266,386],[459,1122],[208,323],[312,236],[13,255],[-556,607],[-58,384],[-153,153],[247,380],[42,252],[-204,1022],[-241,588],[-285,308],[-530,17],[-278,149],[-605,140],[-177,125],[-141,342],[138,265],[-45,365],[115,207]],[[1676278,2201049],[405,144],[115,149],[14,298],[234,52],[1006,674],[695,638],[531,174],[321,293],[45,141],[722,597],[37,168],[-121,323],[-595,797],[173,466],[565,812],[934,782],[759,345],[545,149],[872,-279],[250,53],[742,820],[510,386],[413,1346],[301,702],[25,262],[-180,961],[-501,-22],[-905,-274],[-325,39],[-552,677],[-752,-73],[-565,136],[-347,891],[-7,1100],[164,2217],[316,868],[447,542],[48,424],[129,257],[221,202],[156,495],[-186,279],[-262,1441],[-452,746],[-122,360],[134,1313],[-100,1230],[112,294],[604,299],[231,400],[136,711],[188,389],[-96,1064],[192,810],[-27,403]],[[1683475,2229520],[816,98],[703,-117],[880,18],[133,297],[66,438],[-228,383],[-2,430],[347,261],[236,390],[207,821],[-34,339],[-237,612],[128,258],[475,547],[262,576],[446,566],[-14,693],[319,1126],[-478,458],[-276,456],[-84,469],[-486,464],[-379,221],[-19,185],[422,905],[-79,419],[965,709],[1170,1613],[286,143],[348,633],[315,1228],[215,291],[257,227],[316,141],[408,464],[825,572],[521,545],[569,301],[521,420],[121,255],[469,569],[42,141],[-116,390],[-47,621],[-246,506],[-131,506],[13,251],[791,645],[737,767],[91,414],[-39,911],[458,812],[-66,443],[252,245],[632,1289],[948,779],[262,590],[503,364],[203,461],[205,232],[-78,883],[121,98],[358,43],[305,318],[-647,1555],[-177,184],[-476,977],[-277,1794],[240,284],[1045,343],[-333,449],[-28,186],[152,214],[16,538],[177,428],[-106,904],[262,526],[-479,629],[-324,251],[13,220],[-262,700],[-401,171],[-830,596],[136,544],[-154,1144],[-175,329],[11,269],[-359,597],[57,588],[-398,282],[-40,137],[506,-6],[487,188],[584,346],[335,319],[336,821],[-198,339],[126,697],[401,890],[-471,1020],[-251,242],[-324,564],[-51,455],[-968,1310],[-69,638],[116,286],[270,252],[501,-4],[161,446],[461,356],[1051,-265],[453,-340],[129,135],[105,309],[993,-13],[154,307],[530,163],[-28,535],[247,663],[-165,727],[110,557],[-150,388],[76,437],[306,236],[127,613],[651,-47],[156,377],[220,109],[128,164],[133,361],[658,178],[116,188],[379,123],[205,151],[215,369],[664,66],[249,-367],[211,-145],[313,118],[864,33],[264,387],[174,122],[57,281],[312,357],[90,317],[258,194],[141,665],[183,324],[320,71],[416,252],[-84,514],[194,356],[-798,329],[-107,276],[-158,135],[-8,730],[-211,364],[-59,641],[-759,58],[132,478],[-70,500],[-99,196],[-628,622],[-379,717],[-7,636],[589,1030],[10,408],[-343,836]],[[1706228,2302577],[-138,386],[393,352],[238,916],[360,269],[408,764]],[[1707489,2305264],[787,126],[1054,-176],[222,304],[295,214],[478,-7],[148,197],[63,680],[330,1150],[-88,559],[-228,653],[186,435],[352,269],[456,162],[489,21],[330,187],[215,759],[-14,332],[471,383],[393,52],[636,-194],[566,353],[482,1011],[994,80],[1259,-301],[316,380],[274,149],[169,487],[67,521],[495,628],[186,665]],[[1718872,2315343],[130,371],[264,352],[21,166],[-84,1095],[84,345],[-186,228],[14,383],[604,466],[450,549],[250,152],[-183,415],[228,410],[29,277],[-120,207],[70,404],[275,445],[-18,214],[140,572],[531,502],[161,252],[432,1303],[-93,255],[73,182],[766,668],[795,447],[17,1832],[-207,481],[-409,385],[-46,181],[81,464],[322,153],[564,56],[271,136],[581,605],[1060,555],[795,1001],[34,73],[-507,481],[-172,441],[-12,510],[144,797],[382,122],[1294,-81],[871,85],[440,419],[470,674],[2758,2007],[342,457],[367,1159],[586,1114],[460,270],[410,541],[158,1383],[-45,546],[58,361],[360,966],[147,162],[492,271],[934,-19],[267,466],[272,243],[450,197],[169,-61],[138,50],[14,339],[-132,370],[-742,668],[-234,334],[-766,651],[-471,617],[29,601],[227,1155],[-149,313],[-16,333],[-311,900],[493,1317],[456,856],[451,480],[225,41],[485,291],[984,749],[390,723]],[[1738734,2356224],[2261,2233],[481,1401],[512,982],[1402,1279],[506,62],[303,-121],[229,-210],[52,-547],[-176,-488],[175,-299],[186,41],[447,-168],[687,104],[245,162],[548,14]],[[1746592,2360669],[641,152],[420,979],[-120,652],[214,574],[505,552],[507,814],[446,569],[250,89],[389,-64],[86,578],[713,1439],[269,229],[-26,499],[475,698],[123,662],[-90,394],[-611,552],[0,94],[199,967],[246,724],[715,1128],[-69,273],[107,494],[-234,571],[14,378],[680,498],[286,573],[1759,1265],[170,508],[413,540],[267,1000],[164,345],[465,576],[-164,148],[-57,194],[113,801],[-127,236],[-328,304],[539,898],[-300,277],[-192,433],[9,364],[150,332],[-47,281],[-933,618],[-244,359],[736,1844],[-215,470],[-188,217],[197,1000],[-70,1097],[1083,898],[962,-41],[1041,106],[240,-46],[736,-1332],[1248,-51],[235,143],[384,572],[465,502],[216,719],[-90,1092],[66,526],[47,129],[277,226],[512,914],[220,188],[835,202],[375,175],[1070,724],[591,631],[164,415],[192,212],[713,401],[197,235],[216,507],[305,221],[235,396],[431,1489],[671,-55],[267,97],[797,867]],[[1769545,2400906],[240,829],[657,1041],[643,157],[469,438],[156,346],[17,383],[145,356],[-612,514],[-513,860],[-896,287],[-963,794],[-542,930],[-861,1208],[-27,521],[138,889],[-89,376]],[[2124593,2463378],[8,55]],[[2124011,2463597],[-38,-19]],[[2123871,2463522],[-45,-23]],[[1825621,2525400],[-119,18]],[[1815544,2494599],[-35,-191]],[[1814679,2493574],[-179,-147]],[[1967813,2553183],[628,-186],[301,-260],[54,-422],[-106,-354],[122,-297],[275,-124],[587,-562],[85,-281],[418,-312],[180,-396],[662,-729],[66,-261],[-71,-305],[87,-174],[642,-30],[887,-288],[599,8],[530,-182],[-526,39],[-118,-284],[821,-23],[244,87],[348,-132],[-159,-183],[-840,-203],[-98,-137],[65,-170],[557,-612],[179,-531],[-95,-444],[-454,-471],[-89,-314],[26,-718],[572,-295],[93,-222],[-436,-699],[79,-1408],[-117,-1115],[-821,-1226],[-851,-1667],[-69,-450],[311,-295],[31,-120],[-996,-380],[-627,-416],[17,-165],[234,-279],[58,-200],[-8,-657],[169,-174],[40,-295],[161,-133],[263,-459],[317,-212],[143,-380],[-516,-6],[-295,-151],[-477,-563],[-100,-361],[329,-343],[-65,-477],[355,-639],[-5,-342],[210,-471],[-57,-334],[55,-155],[495,-152],[72,-115],[-211,-312],[-49,-325],[-90,-110],[84,-153],[-38,-240],[78,-213],[-55,-462],[261,-264],[-22,-244],[300,-359],[349,-93],[339,-251],[-2,304],[354,310],[218,39],[93,-485],[341,-240],[266,-70],[850,-1181],[768,-1321],[130,-582],[160,-300],[-213,-278],[-460,-300],[-269,-412],[534,-695],[226,-639],[783,-441],[171,-195]],[[1977080,2519064],[-177,-35],[-297,-541],[-205,131],[104,217],[-57,65],[-191,-135],[-103,-375],[-366,113],[-28,-371],[-92,-120],[-609,123],[-41,-156],[125,-186],[-176,-64],[22,-290],[-109,-182],[-989,-253],[-174,-208],[-312,95],[-33,-143],[165,-264],[-12,-110],[-208,-36],[-30,-227],[-153,-64],[-142,104],[-16,248],[-134,14],[-18,-392],[-273,-221],[-306,-428],[-218,-58],[-136,-169],[-372,-167],[-207,1],[-396,135],[-241,-21],[-345,173],[-62,-53],[38,-209],[-111,-3],[-156,210],[-124,-361],[-90,-41],[-61,90],[39,314],[-134,92],[-204,-294],[-270,-98],[-11,-259],[249,-1105],[852,-3167],[17,-270],[-121,-408],[90,-3858],[187,31],[253,-173],[200,174],[187,7],[292,-225],[222,-319],[221,-83],[331,157],[295,-111],[141,246],[773,-186],[342,-225],[309,42],[337,264],[493,-75],[337,90],[274,-24],[127,-128],[113,-353],[601,54],[282,-152],[323,-41],[76,-236],[519,-71],[376,-247],[620,-189],[348,-341],[1237,-105],[169,-180],[253,-41],[206,-185],[577,-13],[806,537],[468,116],[331,34],[256,-249],[634,-53],[395,270],[409,-73],[320,53],[331,-132],[282,-222],[148,-10],[482,220],[418,-152],[325,-9],[175,-126],[240,170],[271,38],[617,-294],[310,70],[160,-240],[1316,-366],[281,-364],[368,-87],[60,-185],[146,-37],[136,117],[122,0],[252,-286],[561,369],[327,65],[60,-299],[-292,-344],[-13,-343],[-151,-130],[55,-325],[-49,-304],[-221,-575],[22,-192],[187,-258],[-14,-216],[-556,-909],[89,-367],[-3,-929],[212,-654],[-253,-271],[98,-1146],[117,-460],[-69,-488],[106,-379],[-175,-125],[-214,-402],[-95,-567],[-478,-395],[175,-333],[299,-272],[338,28],[225,-133],[608,-76],[396,-150],[360,-307],[220,-453],[316,-172],[642,-144],[174,78],[304,389],[-90,250],[157,223],[177,138],[274,34],[39,161],[112,56],[1076,185],[202,283],[138,38],[504,-15],[248,267],[1751,774],[322,49],[333,-123]],[[1999902,2493080],[-193,-1376],[-269,-95],[-32,-119],[147,-348],[-42,-289],[-573,-703],[-7,-510],[-271,-922],[-705,-569],[-782,-232],[-360,-397],[-152,-771],[-198,-281],[-178,-150],[-686,-244],[-504,-532],[0,-439],[120,-307],[-99,-786],[-320,-200],[-151,-218],[21,-268],[-155,-332],[-157,-1194],[-551,-1061],[-93,-429],[151,-417],[-46,-658],[-1313,-941],[-477,-493],[-258,-523],[-439,-440],[-675,-641],[-553,-227],[-115,-390],[-164,30],[-601,-135],[52,252],[-99,897],[38,315],[142,294],[514,599],[64,264],[-134,398],[-543,263],[-35,353],[-439,958],[-34,443],[-205,531],[204,483],[66,659],[-472,-233],[-390,556],[-621,155],[-236,-59],[-185,248],[-445,289],[-434,-146],[-512,8],[-248,-179],[-301,287],[-244,89],[-93,-80],[2,-243],[-322,-119],[-50,-63],[71,-138],[-121,-102],[-965,70],[-72,78],[36,280],[-203,196],[-235,67],[-530,-500],[-172,192],[-192,-4],[-67,-165],[50,-287],[-81,-525],[255,-438],[-64,-260],[-271,-465],[291,-417],[-220,-232],[-389,24],[-70,-243],[-188,-77],[41,-150],[-132,-395],[380,-242],[80,-129],[119,-713],[-426,-221],[-434,-766],[65,-138],[315,-34],[78,-203],[20,-525],[-121,-138],[-291,55],[-135,-71],[-58,-844],[-457,-493],[-37,-484],[-311,-172],[-86,-319],[-160,4],[185,-511],[-88,-377],[67,-28],[-6,-773],[-209,-601],[29,-413],[846,-1026],[506,-211],[50,-9],[-29,89],[210,-71],[-17,-346]],[[1981119,2469491],[-961,309],[-389,-72],[-153,172],[-247,111],[-636,-3],[-566,383],[-499,180],[-457,-80],[-1743,-742],[-302,248],[-1849,297],[-509,232],[-865,-21],[-917,155],[-700,-65],[-699,281],[-1009,-116],[-952,128],[-573,242],[-686,159],[-752,324],[-232,266],[-165,359],[-548,218],[-278,200],[-35,1191],[-141,304],[-316,314],[-274,605],[4,642],[-303,145],[-2196,356],[-629,-277],[-377,62],[-80,277],[239,255],[14,118],[-854,300],[-341,224],[-130,688],[-289,303],[-73,636],[-362,573],[-450,159],[-260,424],[-267,190],[-703,49],[-239,127],[-538,788],[-302,34],[-440,-304],[-263,-65],[-1547,41],[-369,-200],[-284,-48],[-665,31],[-604,279],[-728,511],[-179,277],[-42,559],[-102,197],[-376,86],[-330,194],[-440,-170],[-467,294],[-183,-76],[-597,-563],[-208,-83],[-457,121],[-158,-31],[-288,-276],[-260,-477],[-239,-14],[-344,225]],[[1945960,2481651],[-830,17],[-689,256],[-661,-66],[-411,-128],[-541,-321],[-243,69],[-407,-21],[-313,-183],[-363,-491],[-162,-76],[-499,13],[-402,180],[-457,-226],[-381,232],[-225,31],[-137,-115],[-168,-500],[-429,-379],[-302,-74],[-846,13],[-394,-56],[-236,-122],[-316,-493],[-216,-116],[-13,-509],[-1008,-724],[-199,-528],[-464,-795],[-568,-499],[73,-474],[-1280,-589],[-366,-247],[-277,-73],[-232,-279],[-371,31],[-577,364],[-331,-73],[-358,-320],[-180,-28],[-285,166],[-311,392],[-259,-57],[-546,-333],[-172,-4],[-127,177],[-173,80],[-341,-230],[-472,-111],[-366,55],[-117,242],[-109,35],[-103,-31],[-402,-466],[-503,-352],[-578,368],[-328,93],[-295,-18],[-278,-105],[-348,-316],[-996,-432],[-602,666],[-61,465],[-374,312],[-166,399],[376,448],[-158,454],[-332,299],[-36,600],[-271,163],[-96,253],[-313,107],[-703,1325],[132,299],[445,185],[412,-31],[228,146],[77,524],[-226,205],[-296,551],[-684,496],[-331,-1],[-88,358],[-268,284],[-200,97],[-109,530],[-245,344],[89,651],[-160,315],[-4,389],[-186,535],[-143,203],[-582,182],[-726,456],[-76,257],[0,654],[-447,320],[-346,1375],[-333,593],[-295,302],[-274,-58],[-190,-224],[-1151,-501],[-743,108],[-189,-91],[-920,-46],[-1969,398],[-473,12],[-472,-199],[-823,290],[-932,-78],[-1159,286],[-211,-639],[-494,-459],[-240,198],[-835,299],[-1153,43],[-276,-89],[-22,-88],[-23,-453],[102,-630],[-141,-254],[-497,440],[-141,-83],[-162,-318],[-175,76],[-281,-159],[-232,138],[-282,-172],[-681,20],[-1238,622],[-372,-83],[-422,152],[-112,359],[-1227,525],[-175,143],[-4,111],[-121,-37],[-104,176],[-487,8],[-570,-139],[-303,61],[-965,-20],[-1785,-564],[-129,-327],[58,-1321],[-1614,-1308],[-580,-360],[-714,-264],[-411,-287],[-316,-346],[-626,-1244],[-1136,-1410],[-365,-781],[-624,-466],[-907,-1001],[-300,-1222],[-79,-62],[-491,-57],[-266,-229],[-225,-61],[-982,682],[-1402,454],[-461,258],[-512,24],[-583,-86],[-233,74],[-303,-192],[-1265,-82],[-779,-780],[-943,-790],[-3726,-1630],[-752,-786],[-458,-336],[-486,-911],[-459,-366],[-575,-62],[-925,165],[-1062,30],[-1114,251],[-594,16],[-861,268],[-276,-62],[-872,-588],[-365,-483],[-795,-292],[-284,-23],[-809,157],[-1355,689],[-922,297],[-1292,296],[-829,-5],[-1226,-219],[-735,-397],[-1254,-886],[-1377,-643],[-459,-366],[-334,-517],[-245,-183],[-858,-338],[-1627,-9],[-277,89],[-709,572],[-523,178],[-829,-35],[-1346,-704],[-3377,11],[-583,-124],[-1037,-1217],[-121,-243],[-58,-576],[-330,-1273],[-1019,-1655],[-1539,-1679],[-368,-256],[-429,-185],[-1199,-277]],[[1836192,2462805],[-31,471],[-493,608],[-129,685],[1000,1603],[725,2629],[448,899],[1009,1676],[112,278],[-2,853],[1041,1430],[1076,1278],[-7,276],[-415,843],[63,297],[274,442],[49,373],[218,158],[127,346],[401,235],[42,483],[302,615],[1422,1748],[303,244],[764,301],[864,1366],[323,1351],[310,371],[472,837],[245,833],[261,247],[531,195],[1426,189],[1476,395],[218,130],[746,945],[642,641],[843,522],[391,602],[91,20],[321,-237],[341,-39],[1355,384],[532,79],[522,-39],[625,165],[689,-161],[1801,655],[909,826],[999,1457],[1096,945],[266,139],[960,211],[1521,-285],[2091,347],[324,195],[223,521],[419,188],[411,382],[55,654],[230,327],[331,171],[320,7],[1137,304],[1332,860],[1050,254],[389,229],[576,576],[240,400],[258,1731],[337,260],[1024,344],[261,347],[-7,811],[296,481],[1016,592],[411,382],[356,193],[164,230],[21,317],[569,2059],[-363,795],[-186,1211],[266,572],[-21,302],[354,299],[515,149],[139,17],[383,-174],[152,269],[1042,95],[-160,775],[236,754],[-413,1048],[-338,344],[165,212],[80,302],[-219,804],[143,563],[-274,576],[14,638],[-141,418],[-478,522],[-601,839],[-653,-128],[-763,311],[-482,48],[-808,356],[-327,259],[-397,155],[-981,625],[-840,1519],[-305,743],[-447,476],[-353,777],[-1009,499],[-485,452],[-743,1476],[-116,491],[70,556],[-309,158],[-77,135],[53,594],[-373,369],[-56,190],[-324,145],[-123,411],[-460,404],[-42,446],[176,459],[-85,252],[190,186],[-109,180],[-264,138],[-109,311],[-3,304],[134,207],[383,245],[42,418],[-236,266],[99,245],[-53,818],[363,303],[17,450],[137,518],[-348,414],[-64,470],[-175,331],[151,794],[-331,460],[57,476],[-418,424],[-28,178],[123,329],[-81,140],[-362,190],[133,200],[-211,317],[-516,166],[-208,446],[-450,17],[-45,387],[-376,20],[-137,273],[-387,62],[-759,-110],[-826,58],[-313,177],[-622,-159],[-334,107],[-894,95],[-1040,-221],[-545,104],[-854,-135],[-509,-521],[-246,-111],[-517,18],[-313,-101],[-313,45],[-762,-228],[-271,-207],[-295,114],[-222,-10],[-312,-114],[-183,-276],[-260,-97],[-376,204],[-271,300],[-351,-10],[-236,228],[-478,200],[-653,559],[-514,232],[-393,-28],[-366,394],[-214,44],[-432,290],[-401,833],[-63,535],[-232,248],[-113,1219],[-130,283],[-162,90],[-133,-62],[-179,256],[-137,10],[-679,476],[-327,505],[-63,314],[-327,286],[-393,525],[-57,190],[-407,252],[-763,867],[4,276],[298,483],[-91,270],[376,221],[225,255],[-137,190],[-46,418],[222,1122],[211,242],[-74,269],[102,308],[-257,555],[98,563],[-126,1036],[-162,439],[23,702],[-170,258],[-692,303]],[[1875684,2591732],[-213,-537],[29,-338],[316,-711],[330,-1264],[260,-463],[394,-200],[710,-103],[578,-517],[652,-385],[1202,-474],[317,-458],[568,-1194],[373,-366],[325,-119],[1029,-141],[732,-21],[511,-274],[443,-604],[215,-159],[1566,-287],[1445,-559],[447,-359],[485,-781],[353,-375],[897,-741],[429,-249],[1330,-138],[1879,-594],[418,-207],[1522,-1002],[1153,-1080],[903,-605],[1153,-628],[699,-521],[820,-952],[1261,-1068],[246,-422],[137,-462],[-4,-1019],[640,-1364],[281,-121],[545,190],[422,-3],[323,-245],[376,-497],[84,-242],[-172,-797],[244,-989],[491,-459],[757,-361],[501,-74],[485,-1270],[-33,-261],[-663,-893],[-155,-341],[85,-850],[-425,-1647],[-211,-376],[-30,-278],[373,-767],[74,-512],[-201,-293],[-870,-625],[-426,-589],[-472,-1603],[34,-725],[565,-763],[1088,-559],[1059,-211],[717,62],[240,-50],[1122,-746],[843,-392],[578,-760],[1021,-799],[482,-748],[505,-160],[1046,17],[312,132],[965,763],[625,356],[700,224],[1012,95],[611,-356],[711,-118],[342,-210],[878,19],[832,-541],[1832,-70],[1203,-421],[1132,-961],[346,-565],[139,-759],[371,-1226],[-42,-253],[-380,-555],[180,-466],[64,-435],[680,-690],[367,-692],[291,-183],[298,-80],[541,72],[683,352],[641,-410],[1005,-348],[678,-113],[1223,134],[222,119],[299,378],[261,157],[1243,402],[164,116],[451,726],[636,262],[503,508],[443,162],[1628,-253],[2092,-58],[316,-236],[398,-514],[407,-219],[454,-143],[600,5],[415,-176],[291,27],[207,116],[432,451],[487,-168],[607,-82],[575,-381],[280,225],[138,287],[290,103],[11,449],[462,681],[205,-121],[41,-276],[120,-132],[346,401],[172,89],[235,-158],[306,8],[127,-283],[542,-183],[82,22],[48,335],[227,169],[217,-21],[366,-199],[466,126],[493,-132],[298,192],[310,-239],[376,122],[333,-220],[656,321],[399,-47],[560,313],[-161,372],[171,188],[202,-52],[-4,251],[-68,95],[-291,47],[-265,324],[-34,209],[756,605],[254,59],[269,-99],[198,77],[130,211],[-213,216],[123,115],[55,235],[138,70],[97,-44],[134,177],[429,151],[153,453],[477,177],[93,111],[22,250],[239,92],[269,-146],[97,25],[167,435],[118,794],[242,211],[176,-66],[123,-250],[280,55],[803,-157],[78,107],[-79,169],[205,350],[295,-147],[440,15],[262,-227],[671,177],[160,118],[329,-55],[-18,-257],[93,-129],[474,214],[51,398],[161,84],[683,-249],[150,-595],[120,-107],[1320,267],[373,-70],[228,63],[549,-257],[559,226],[590,-33],[358,229],[223,41],[149,287],[-287,209],[41,133],[499,250],[675,104],[168,405],[97,45],[425,-84],[198,331]],[[1979681,2222222],[914,614],[80,314],[972,982],[228,1734],[306,343],[292,80],[133,138],[42,655],[98,254],[1240,1558],[571,298],[1316,1028],[1706,629],[179,158],[550,133],[-98,444],[-324,724],[-128,705],[215,1213],[401,318],[734,334],[821,-162],[606,391],[247,-12],[566,252],[537,457],[140,553],[-123,545],[-274,221],[-604,18],[-250,304],[-123,310],[28,473],[274,242],[4,421],[225,270],[-4,1063],[130,142],[366,100],[158,148],[182,985],[-179,167],[-570,119],[-326,256],[-305,93],[-104,3],[-352,-309],[-1396,857],[-150,340],[703,1018],[570,629],[364,691],[290,842],[160,274],[339,288]],[[1991058,2246867],[81,-175],[-173,-228],[-72,-269],[1164,-1558],[203,-58],[599,33],[615,-220],[401,71],[392,-129],[367,-8],[633,-373],[1058,87],[532,-120],[282,-191],[426,-78],[161,-224],[-161,-506],[473,-194],[-194,-551],[666,-506],[-46,-340],[476,-882],[321,-270],[122,-393],[877,-4],[296,-290],[379,-203],[80,-307],[-93,-195],[76,-149],[342,-99],[384,-373],[1210,-241],[506,-402],[249,-58],[257,-368],[30,-361],[312,-195],[536,-58],[750,274],[468,-315],[211,-46],[152,79],[456,539],[1016,137],[645,219],[140,191],[92,385],[-147,655],[21,319],[502,269],[552,518],[-4,261],[-321,369],[211,522],[59,704],[186,228],[662,435],[51,618],[358,-112],[506,-435],[161,-253],[139,-472],[194,-116],[535,107],[1211,-103],[561,128],[109,-182],[-130,-327],[92,-112],[519,-46],[561,145],[308,-25],[118,236],[122,17],[603,-419],[207,0],[599,373],[135,220],[101,4],[131,-443],[139,-145],[232,-38],[84,-319],[498,-203],[654,377],[413,465],[1033,190],[17,104],[-164,174],[143,393],[312,158],[177,468],[329,178],[-12,348],[261,75],[456,298],[227,25],[207,311],[198,124],[591,-179],[383,-311],[165,-17],[330,355],[243,473],[24,353],[731,493],[467,-28],[765,198],[339,-117],[808,-11],[307,119],[526,436],[140,-12],[412,-291],[273,-24],[1372,551],[109,73],[169,370],[366,194],[1005,-73],[1096,41],[901,-300],[346,-206],[648,-117],[552,-776],[560,-166],[260,-659],[425,-316],[132,-275],[327,-99],[293,-276],[979,-408],[504,-509],[205,-80],[297,-272],[674,-1230],[88,-879],[-245,-563],[-788,-870],[-999,-1320],[-760,-1345],[-422,-401],[-569,-784],[-543,-371],[-286,-305],[-573,-905],[-977,-988],[-98,-550],[-279,-520],[-125,-521],[-307,-248],[-85,-319],[491,-409],[636,-165],[1118,-1208],[757,-555],[668,-283],[147,-358],[1009,-1234],[173,-357],[573,-582],[169,-312],[150,-118],[750,-167],[294,-250],[438,-710],[-330,-261],[3,-417],[111,-221],[425,-363],[489,-590],[107,-314],[63,-996],[616,-783],[13,-526],[135,-307],[708,-311],[911,-54],[346,-103],[405,-332],[333,-136],[263,-273]],[[2030366,2569821],[-53,-195],[-405,-232],[-152,68],[-65,272],[-165,114],[-221,-23],[-192,-159],[-34,-869],[-531,-314],[133,-384],[-38,-375],[-515,-35],[-782,-255],[55,-83],[373,0],[143,-286],[549,56],[78,-155],[-34,-118],[-776,-491],[-302,-46],[123,-259],[-28,-159],[-677,-307],[-4,-99],[196,-174],[-192,-149],[-124,-338],[-213,-50],[-194,69],[-89,109],[-21,272],[-225,47],[-131,-64],[-148,-255],[-93,-1046],[-272,-746],[-240,-124],[-555,54],[-896,-934],[30,-191],[487,-97],[76,-83],[-307,-700],[-437,-211],[-150,-249],[74,-487],[454,-364],[126,-183],[-4,-132],[-350,-129],[-570,-33],[-375,-323],[-589,-244],[-443,-621],[-55,-286],[628,-535],[68,-344],[-283,-120],[-641,-37],[4,-278],[-333,-431],[-152,-451],[-172,-249],[-498,-137],[-738,96],[-333,-87],[-17,-133],[130,-215],[426,74],[93,-368],[-320,-398],[-342,261],[-342,8],[-223,-145],[25,-128],[380,-154],[109,-178],[-75,-215],[-473,-17],[-430,-269],[97,-493],[245,-406],[8,-179],[-164,-24],[-401,381],[-177,21],[-321,-502],[-156,-25],[-202,427],[-182,145],[-130,-29],[25,-725],[-207,-489],[165,-141],[4,-103],[-405,-220],[-388,-394],[-341,-74],[189,-340],[-22,-100],[-193,-165],[-202,-21],[-380,-240],[-202,161],[-152,9],[-240,-319],[-258,-4],[-324,190],[-228,-62],[-135,-191],[-232,-1085],[-485,-825],[-215,-166],[-671,-45],[-595,145],[-50,-228],[139,-584],[-245,-423],[38,-195],[-341,-766],[223,-622],[-17,-228],[-215,-78],[-92,49],[-182,485],[-557,174],[-451,-335],[253,-278],[-21,-186],[-776,-738],[-510,307],[-392,-307],[-89,37],[-46,241],[-148,211],[-177,50],[-114,-54],[-266,-294],[-653,-365],[-118,-141],[-81,-588],[102,-502],[-72,-182],[-1151,21],[-502,-419],[12,-397],[-67,-116],[-1135,-274],[-249,-166],[-139,-261],[102,-447],[-359,-299],[-114,-198],[76,-547],[-207,-121],[-270,-33],[-430,216],[-286,-232],[29,-199],[439,-311],[63,-190],[-21,-116],[-359,-299],[-278,-667],[-481,141],[-632,-99],[-64,-75],[85,-303],[-131,-265],[-274,-103],[-392,120],[-51,-87],[148,-274],[38,-373],[-157,-174],[-316,-58],[101,-335],[5,-399],[-542,-815],[-147,-843],[-317,-273],[113,-290],[-397,76],[-204,-701],[-468,-424],[-481,-100],[-53,-194],[250,-404],[-67,-141],[-685,-246],[-359,-221],[-197,-207],[116,-259],[-551,-200],[-116,-162],[-225,34],[-239,342],[-320,-27],[10,-563],[-502,-145],[-25,-107],[120,-190],[-274,-221],[-53,-387],[-257,48],[28,-473],[-1170,-366],[-232,-569],[-678,69],[182,-328],[-488,-353],[-95,101],[56,203],[-147,56],[-222,-263],[-305,166],[-204,-4],[-35,-176],[154,-262],[-35,-97],[-130,14],[-109,190],[-334,-183],[-126,24],[-102,318],[-113,62],[-98,-325],[-359,-279],[-95,3],[-260,297],[-295,-249],[-302,139],[-383,-90],[-92,-121],[-91,-711],[-250,-418],[36,-256],[-499,-131],[-95,-466],[-204,-69],[179,-128],[-46,-110],[-140,-87],[-274,25],[17,-249],[-267,-93],[130,-239],[-306,83],[-42,-65],[99,-90],[-376,-166],[-183,-349],[42,-359],[-141,-17],[-119,245],[-415,28],[-133,-318],[-352,-400],[-235,-97],[-127,169],[-116,-14],[-123,-421],[-320,131],[-116,-466],[-442,-260],[5,-223],[-387,14],[1,-95],[146,-121],[-234,-76],[-101,-179],[-231,55],[-353,-208],[-348,16],[-12,-291],[-164,-35],[-230,72],[-261,-219],[-177,163],[-569,-296],[-242,117],[-223,-258],[-212,155],[-225,-86],[-231,223],[-108,-81],[-62,-264],[-319,181],[-711,-302],[-96,63],[-215,545]],[[1967813,2553183],[14,129],[-280,10],[-7,122],[-284,378],[-8,147],[407,-80],[-109,199],[142,55],[465,-325],[182,8],[468,471],[100,431],[-117,210],[519,547],[177,478],[322,-179],[159,84],[38,183],[-229,271],[58,84],[314,69],[46,290],[260,-133],[228,172],[1061,-63],[-213,481],[-210,271],[282,412],[202,12],[259,-194],[655,146],[116,-88],[-30,-225],[100,-73],[306,180],[391,62],[198,122],[73,352],[-113,347],[50,69],[337,23],[108,256],[-194,198],[-437,7],[-121,96],[-43,175],[236,306],[411,69],[23,214],[-458,313],[-271,301],[27,122],[209,92],[-43,126],[-670,164],[203,428],[-36,248],[256,56],[-127,466],[185,594],[326,269],[-13,311],[185,298],[7,765],[179,242],[232,41],[123,-79],[207,-380],[112,16],[170,178],[316,65],[-106,328],[48,339],[810,732],[170,-79],[248,-447],[121,22],[92,832],[-120,93],[-402,-31],[-106,65],[-235,363],[32,231],[307,80],[126,111],[83,527],[422,-72],[51,256],[-61,293],[73,55],[436,-231],[492,400],[42,135],[278,24],[666,515],[-18,194],[-458,199],[303,298],[264,987],[-233,590],[10,100],[209,201],[-444,438],[-14,256],[497,259],[469,41],[186,-166],[71,-276],[457,86],[239,-303],[457,-149],[116,114],[-88,262],[435,404],[405,781],[513,-232],[422,156],[379,-80],[95,38],[-127,384],[489,96],[134,142],[-178,197],[-598,4],[-260,114],[-384,382],[-528,-76],[-1061,249],[-300,-187],[-923,159],[-155,-89],[-126,-518],[-425,55],[-282,-90],[-95,104],[78,193],[-598,21],[-175,-321],[-464,-66],[-55,-274],[-79,-9],[-232,701],[-436,797],[-719,323],[-581,448],[-91,148],[414,376],[781,273],[369,-97],[-14,259],[126,228],[295,284],[369,158],[-863,1130],[-648,517],[-172,249],[-74,155],[105,408],[-244,416],[487,243],[67,183],[-127,311],[28,131],[826,939],[278,35],[98,142],[389,241],[300,-117],[239,17],[295,-331],[215,13],[67,201],[481,93],[-74,307],[236,225],[154,-59],[106,-259],[520,273],[63,224],[-358,273],[193,321],[7,225],[193,-73],[169,-214],[70,38],[85,356],[116,48],[182,-107],[218,90],[289,-190],[128,-3],[560,376],[218,-49],[116,145],[225,-69],[236,228],[425,140],[164,384],[343,36],[1080,548],[376,1293],[-244,310],[-63,211],[108,564]],[[1984740,2588270],[231,183],[53,376],[370,253],[157,548],[327,321],[267,114],[1020,55],[850,-307],[475,428],[678,-7],[288,173],[2200,597],[381,302],[162,24],[311,-191],[190,-859],[270,-182],[143,8],[574,684],[34,547],[211,385],[1151,725],[396,66],[1181,-178],[409,0],[355,95],[518,-66],[384,-675],[489,-46],[481,-182],[637,-294],[510,-410],[473,-237],[232,-323],[84,-592],[173,-38],[413,108],[279,-195],[54,-170],[-126,-451],[417,-1507],[-71,-627],[32,-154],[436,-632],[42,-341],[-130,-650],[225,-255],[116,-563],[193,-69],[650,10],[253,-148],[380,-404],[685,-69],[773,-206],[218,-133],[-49,-1239],[186,-446],[387,-259],[42,-103],[-200,-553],[28,-186],[1265,-725],[376,-328],[584,-1509],[200,-746],[594,152],[278,-17],[486,-121],[364,-271],[156,-398],[-282,-1144],[182,-304],[454,-176],[260,-359],[256,-183],[830,-231],[750,-52],[515,-180],[552,-725],[337,-200],[580,-169],[1331,-172],[321,158],[594,73],[274,134],[229,273],[80,345],[391,159],[177,-63],[448,-503],[169,-11],[484,214],[570,-165],[1019,200],[109,-31],[194,-252],[393,-218],[-10,-183],[-212,-134],[-47,-228],[211,-534],[610,-713],[871,-21],[582,-302],[358,211],[249,-141],[202,-393],[375,-29],[574,190],[278,-112],[350,-298],[333,58],[266,166],[852,25],[1274,207],[383,-137],[532,-510],[177,-81]],[[2044192,2595471],[-875,318],[-499,545],[-341,688],[-552,0],[-452,144],[-50,284],[151,794],[-173,583],[-478,484],[-321,81],[-450,-15],[-368,214],[-38,241],[345,131],[-31,183],[-156,149],[-333,0],[-111,-96],[3,-638],[-364,-459],[109,-344],[329,-236],[117,-190],[-20,-192],[-202,-149],[-607,-190],[-186,37],[-17,236],[161,398],[80,584],[-178,290],[-316,187],[-675,45],[-287,-323],[-472,-191],[-438,-306],[-819,-299],[-181,21],[-325,323],[-265,75],[-473,-332],[-742,-762],[-295,-128],[-287,-684],[-135,-145],[-283,120],[-324,-83],[-726,348],[-472,-166],[-80,-182],[160,-360],[-9,-249],[-215,-46],[-160,320],[-173,-34],[-438,-721],[-629,-596],[-114,-25],[-396,25],[-173,427],[-101,33],[-190,-278],[-125,-56],[-525,201],[-126,-21],[-405,-551],[-410,141],[-90,105],[123,164],[-157,235],[184,228],[-48,108],[-320,188],[-191,-41],[-485,443],[-157,-20],[-962,517],[-975,234],[-315,315],[-232,498],[-259,196],[-365,121],[-30,163],[679,962],[885,519],[-465,1471],[615,158],[-1,518],[143,282],[177,41],[118,-300],[163,-56],[744,791],[213,-147],[296,50],[277,-290],[372,95],[313,243],[275,33],[267,167],[221,432],[578,-76],[66,48],[322,558],[253,148],[212,366],[138,46],[-686,63],[-602,-446],[-370,0],[-328,210],[-201,408],[-2,167],[-171,231],[-7,241],[-321,271],[-43,144],[95,1001],[-727,493],[-110,151],[394,1509],[368,779],[45,480],[661,671],[401,58],[615,1393],[-58,97],[-251,32],[-137,103],[-25,135],[152,290],[-71,245],[-147,-10],[-148,-204],[-266,-17]],[[2027703,2613082],[-190,266],[-3,163],[156,331],[-181,51],[-384,-335],[-98,574],[-249,165],[-176,299],[307,170],[-405,148],[-271,-129],[-136,109],[-214,-28],[-50,280],[-360,211],[10,146],[-117,169],[46,337],[-93,233],[523,-146],[-8,128],[-171,120],[96,231],[424,247],[564,95],[407,474],[8,1205],[111,291],[56,1084],[-63,463],[450,1133],[-258,674],[17,149],[385,537],[232,596],[528,571],[250,873],[-8,290],[-241,435],[-464,369],[791,139],[417,166],[644,84],[92,117],[-137,245],[54,193],[347,-288],[180,-21],[55,104],[-41,444],[110,138],[565,21],[42,-88],[-78,-253],[56,-49],[376,191],[298,-162],[238,360],[510,49],[349,356],[49,503],[233,269],[-28,189],[228,349],[554,88],[367,231],[58,165],[302,246],[208,48],[235,206],[386,-2],[385,345],[414,-8],[362,302],[379,54],[116,101],[80,300],[247,84],[128,219],[270,157],[388,-3],[474,155],[220,-349],[-142,-289],[89,-253],[598,221],[348,-9],[129,69],[271,-46],[287,259],[206,59],[-314,107],[-853,524],[-125,147],[-305,-11],[-770,296],[-1635,299],[-471,-270],[-469,-42],[-2416,259],[-470,383],[-100,174],[257,401],[17,337],[174,545],[246,61],[147,414],[156,50],[390,-54],[226,171],[79,189],[472,226],[294,325],[330,59],[416,-323],[153,212],[230,-109],[268,95],[130,-50],[132,-217],[148,-29],[119,156],[253,6],[182,221],[420,137],[39,557],[333,-79],[206,150],[73,206],[140,-59],[115,149],[281,-159],[114,189],[299,62],[282,466],[367,32],[424,527],[286,212],[-29,87],[-313,-19],[97,123],[1317,155],[533,387],[389,129],[321,407],[152,79],[1549,272],[2068,929],[-1843,4791]],[[2045353,2645749],[147,541],[337,364],[200,359],[-89,249],[741,97],[-39,221],[-160,245],[-2,189],[-168,121],[-55,157],[128,548],[233,390],[39,353],[-139,523],[-117,2059],[-438,712],[24,691],[-476,204],[-786,-15],[-235,83],[-212,-88],[-258,-272],[-384,88],[-331,-30],[-333,-583],[-975,-416],[-969,-850],[-401,12],[-565,713],[-160,576],[41,269],[360,845],[94,606],[240,405],[15,266],[163,356],[-56,177],[-677,840],[-82,726],[70,516],[1973,286],[187,191],[419,776],[236,107],[1443,-142],[102,-369],[166,-142],[586,96],[1625,-405],[2154,-280],[957,-32],[228,104],[126,-26],[673,256],[479,335],[163,-58],[233,45],[181,-223],[204,60],[390,-150],[396,266],[28,214],[-80,215],[88,305],[592,420],[126,463],[323,616],[155,45],[857,-440],[935,-83],[238,90],[198,200],[221,0],[115,278],[243,34],[35,137],[262,39],[50,368],[-134,214],[268,36],[506,-144],[138,73],[195,329],[320,-104],[124,109],[291,25],[144,122],[355,-569],[319,-346],[313,-91],[397,-316],[336,-59],[272,-237],[81,157],[117,27],[550,-74],[272,-120],[270,265],[15,300],[164,-27],[51,81],[-324,472],[-150,-72],[-44,-183],[-296,61],[150,226],[-19,178],[367,212],[405,-695],[111,67],[206,440],[315,-57],[106,210],[197,30],[24,244],[-208,-48],[-118,184],[-245,49],[37,115],[275,26],[38,68],[-163,308],[-86,-7],[-112,-178],[-104,22],[-3,194],[141,292],[-80,133],[-217,89],[31,194],[-94,294],[91,153],[385,206],[561,158]],[[1974860,2590441],[152,284],[596,20],[647,605],[368,105],[683,-136],[405,-1113],[222,6],[194,199],[411,-53],[90,177],[-14,323],[-428,459],[-22,165],[323,180],[537,11],[183,365],[225,143],[95,218],[116,3],[303,-475],[48,-359],[-36,-746],[-130,-271],[526,-326],[93,12],[79,299],[247,93],[84,124],[-126,639],[303,39],[147,154],[320,0],[101,-113],[-2,-191],[-166,-392],[166,-99],[67,-208],[115,-66],[141,8],[160,152],[315,755],[172,-45],[118,-334],[477,111],[250,-58],[56,-232],[-556,-659],[-24,-159],[650,-473],[28,-218],[113,-83],[372,35],[137,-83],[144,-197],[102,-739],[303,-27]],[[1876480,2593954],[369,-45],[703,152],[392,-31],[966,-700],[163,-290],[500,-198],[179,17],[131,115],[192,-66],[228,220],[201,61],[227,-30],[202,-157],[214,17],[287,280],[455,206],[403,363],[980,-122],[232,-703],[296,-274],[465,-158],[184,-316],[541,-380],[420,-8],[164,77],[429,-223],[947,281],[534,7],[297,197],[305,3],[261,-160],[263,-51],[60,-87],[1268,371],[777,17],[64,89],[273,81],[630,-150],[183,240],[192,18],[353,-181],[120,78],[389,-24],[123,-212],[243,-16],[213,-163],[209,-37],[128,93],[248,-85],[486,308],[378,109],[284,-80],[148,178],[296,109],[94,330],[205,1],[89,206],[582,324],[290,-168],[1122,14],[294,230],[238,72],[109,343],[662,24],[61,215],[251,-26],[143,159],[192,5],[76,139],[82,-15],[113,-315],[478,-50],[130,157],[172,23],[424,336],[439,158],[225,-98],[116,-146],[156,-2],[133,-186],[287,-91],[180,42],[450,485],[154,51],[1151,-583],[229,-58],[384,74],[375,571],[1182,244],[213,214],[91,373],[404,190],[138,155],[379,90],[249,-82],[336,-380],[210,-113],[158,16],[206,271],[178,39],[1427,-66],[561,-171],[336,-272],[55,-299],[581,-524],[91,-307],[285,-190],[142,-404],[443,-252],[431,54],[549,-221],[1083,470],[127,314],[383,-74],[933,241],[700,-58],[296,70],[368,540],[200,159],[1389,35],[589,-155],[1534,7],[391,125],[241,268],[396,89],[308,-152],[431,-62],[91,74],[-24,179],[-348,307],[-4,159],[123,58],[2024,-342],[438,97],[392,358],[1004,-346],[474,-51],[174,94],[486,648],[210,59],[561,-401],[973,-310],[573,-443],[170,-15],[541,345],[289,-11],[790,-397],[740,-11],[1363,-400],[178,-171],[-23,-862],[308,-125],[186,-450],[438,-190],[372,-396],[1490,-665],[483,-337],[118,-249],[-126,-373],[371,-330],[147,-295],[347,-109],[538,90],[1534,-579],[20,-155],[-174,-373],[-143,-695],[139,-199],[608,-170],[317,-350],[438,-307],[-56,-419],[281,-397],[50,-767],[147,-287],[183,-17],[218,248],[95,816],[260,48],[232,-66],[204,-301],[247,12],[96,-86],[-83,-667],[265,-656],[343,-185],[265,-6],[180,-91],[-223,-468],[109,-210],[589,-225],[146,-370],[1305,-81],[455,-201],[453,-66],[199,-177],[481,-160],[161,-207],[-3,-625],[70,-105],[460,114],[204,-155],[298,-424],[466,120],[678,-370],[557,-25],[343,-199],[199,-14],[882,245],[313,587],[836,483],[380,63],[597,-100],[1062,34],[281,-145],[719,-719],[620,-148],[471,90],[1462,-421],[464,-532],[242,-428],[379,-271],[317,-423],[116,-14],[534,252],[243,0],[564,-268],[416,2],[67,-197],[120,-65],[840,442],[355,715],[203,79],[742,-7],[158,76],[92,228],[-4,656],[141,678],[383,569],[235,42],[366,-225],[214,86],[77,538],[-154,460],[-11,660],[-288,545],[4,411],[182,511],[392,425],[70,221],[723,1069],[393,265],[1006,361],[215,-33],[216,-250],[219,-89],[424,517],[281,199],[692,72],[379,406],[397,66],[466,293],[121,-25],[270,-273],[217,-14],[132,80],[214,392],[272,191],[1100,-171],[59,110],[-96,914],[-183,313],[6,124]],[[2023934,2721196],[254,-126],[618,-38],[148,-186],[1051,-242],[495,-230],[78,-299],[360,-413],[-459,-403],[41,-363],[933,-530],[40,-96],[-119,-191],[487,-249],[-25,-378],[367,-186],[309,-562],[568,-91],[891,-5],[479,-321],[381,-131],[147,-126],[87,-647],[461,-479],[482,-148],[180,-130],[111,-212],[596,-61],[639,-486],[287,-477],[-138,-259],[87,-555],[-392,-1010],[219,-417],[443,-351],[201,-517],[179,-63],[350,-305],[12,-809],[355,-556],[87,-424],[839,-327],[343,-93],[738,-31],[652,-319],[354,103],[215,-20],[644,-321],[296,-241],[623,-158],[721,-15],[342,-290],[340,27],[421,-118],[385,80],[660,-83],[831,105],[216,-150],[189,-371],[231,-216],[485,2],[717,-225],[559,-27],[1788,321],[818,-169],[421,171],[262,247],[385,187],[197,20],[635,306],[1049,232],[72,453],[459,355],[787,240],[476,58],[585,845],[103,273],[284,226],[494,665],[380,203],[461,483],[758,96],[502,-442],[244,126],[690,100],[-147,-256],[-385,-1534],[-202,-1181],[18,-268],[166,-257],[-182,-329],[3,-288],[396,-541],[48,-290],[-275,-933],[56,-565],[-57,-548],[136,-556],[-215,-487],[-342,-404],[-214,-1124],[190,-1036],[-80,-1017],[638,-943],[-174,-385],[-109,-550],[-2,-510],[96,-283],[304,-665],[211,-30],[592,-1001],[243,-711],[-33,-215],[324,-10],[200,-174],[530,-1831],[101,-951],[294,-377],[174,25],[488,592],[513,315],[281,633],[274,39],[364,197],[294,364],[299,-11],[260,180],[193,20],[591,-517],[326,-460],[254,-58],[556,961],[224,594],[124,93],[1303,406],[1275,249],[138,103],[316,560],[151,459],[-309,1181],[123,683],[281,194],[70,269],[-295,611],[67,770],[218,387],[344,110],[186,-131],[327,-545],[203,-86]],[[2045353,2645749],[-244,28],[-124,640],[-169,360],[-489,77],[-458,221],[-397,63],[-404,-110],[-127,-550],[-157,-248],[-225,-111],[-996,-47],[-328,421],[-231,118],[-287,16],[-186,-171],[-275,-931],[-155,-107],[-140,44],[-57,124],[161,768],[-169,398],[-253,138],[-540,-94],[-326,-420],[-28,-392],[-388,-364],[-56,-504],[-110,-88],[-189,33],[-652,489],[20,105],[245,14],[104,86],[33,232],[117,153],[-112,228],[-706,-16],[-515,196],[-520,-337],[-302,213],[-252,508],[-270,102],[-2078,-47],[-582,216],[-534,-445],[-337,-94],[-214,30],[-562,323],[-869,197],[-172,-86],[-59,-563],[-163,-139],[-438,-91],[-190,-478],[-377,94],[-237,-179],[-171,8],[-151,104],[-205,334],[-164,86],[-880,-70],[-112,91],[11,101],[460,624],[0,218],[-308,263],[-428,8],[-101,178],[-646,568],[-29,166],[171,329],[-57,157],[-150,44],[-477,-102],[-179,139],[-5,120],[174,185],[194,466],[281,246],[28,124],[-393,-30],[-236,102],[67,506],[-173,426],[-358,312],[-405,526],[-312,-127],[-245,135],[-3,398],[345,501],[-323,413],[-223,574],[-184,133],[-337,976],[-233,211],[-163,-145],[-59,-267],[-192,60],[-356,825],[-15,984],[-212,213],[-337,93],[-231,176],[-76,353],[-154,207],[-633,271],[369,547],[-25,472],[-239,0],[-196,-186],[-103,48],[-131,625],[129,73],[137,312],[-116,23],[-175,-188],[-103,66],[72,222],[-36,151],[-237,259],[-277,147],[-128,540],[86,146],[-468,183],[-225,177],[-502,1070],[-181,151],[-55,462],[116,184],[-282,200],[-95,297],[-93,1042],[-694,427],[-112,510],[-310,116],[-225,327],[-171,60],[-434,-42],[-116,66],[-720,1109],[-393,415],[-1414,128],[-403,-199],[-570,-73],[-293,-170],[-175,120],[-70,218],[-153,27],[-460,-329],[-612,-252],[-1090,-64],[-587,-391],[-515,-190],[-245,-221],[-503,40],[-447,210],[-733,-47],[-223,-238],[-2247,814],[-532,34],[-302,139],[-578,-113],[-499,172],[-131,125],[-234,-82],[-240,44],[-995,655],[-408,40],[-426,434],[-429,81],[-258,150],[-280,-76],[-748,84]],[[1997466,2669066],[-474,86],[-182,414],[-165,120],[-495,7],[-271,183],[-283,532],[40,698],[-187,257],[-546,197],[-296,-240],[-376,86],[-316,160],[-240,334],[-1163,358],[-730,400],[-809,-128],[-833,44],[-362,891],[-643,676],[-514,254],[-443,57],[-204,130],[-39,608],[-242,433],[-61,336],[-788,468],[16,589],[-165,334],[-329,197],[-456,-76],[-382,125],[-308,-107],[-201,32]],[[1985019,2677521],[-257,722],[-49,512],[211,371],[62,787],[644,555],[492,161],[214,150],[911,41],[68,70],[-111,295]],[[1987204,2681185],[160,87],[386,-496],[513,-272],[278,57],[107,173],[232,-16],[246,98],[93,289],[188,31],[328,-176],[112,590],[462,545],[368,52],[815,-125],[298,270],[-8,341],[348,203],[-8,503],[143,60],[233,-162],[4,256],[78,54],[442,-126],[242,37],[100,183],[189,107],[-99,291],[117,167],[168,58],[15,231],[497,681],[105,291],[345,199],[217,-134],[192,33],[353,-256],[132,-513],[109,2],[100,195],[317,-176],[-6,-147],[-201,-31],[-281,-347],[148,-334],[254,27],[271,-201],[369,136],[-77,215],[130,151],[794,-87],[37,-360],[281,-470],[-185,-183],[348,-862],[157,-125],[327,53],[222,-49],[229,141],[280,555],[337,-66],[608,146],[710,-202],[118,347],[260,-41],[87,86],[36,253],[-91,412],[272,412],[137,-56],[213,-273],[221,-84],[799,483],[1061,186],[541,-345],[505,-125],[512,354],[178,645],[129,144],[356,193],[737,97],[938,492],[1389,-79],[191,103],[249,312],[624,113],[548,-190],[440,-28],[309,-304],[163,-412],[192,-58],[212,44],[929,988],[332,155],[413,19],[792,893],[149,17],[309,-162],[878,-190],[535,439],[641,320],[87,116],[-8,189],[-281,861],[6,155],[84,61],[155,-31],[217,-437],[425,-300],[522,-41],[825,-608],[407,-520],[277,-643],[761,197],[51,178],[281,330],[100,303],[-10,139],[-192,222],[-130,340],[-21,444],[434,95],[14,238],[156,176],[405,-132],[166,228],[-63,364],[-432,164],[-144,182],[110,585],[-357,989],[-162,702],[3,396],[198,171],[340,-2],[29,206],[-188,197],[-16,164],[356,284],[271,784],[-650,711],[-170,102],[-314,-17],[-76,66],[61,200],[499,354],[-3,82],[-509,509],[-560,197],[-455,536],[78,74],[750,11],[285,86],[300,327],[283,-68],[97,130],[23,379],[136,55],[211,-78],[385,437],[75,-50],[61,-357],[335,90],[163,-226],[40,-243],[-183,-237],[176,-62],[318,94],[346,183],[198,357],[44,191],[-155,260],[25,81],[119,33],[268,-161],[138,21],[176,129],[374,555],[-176,166],[-393,98],[-637,-191],[-596,-16],[-260,316],[-22,234],[101,180],[-130,310],[424,227],[52,204],[-50,196],[-255,409],[-856,214],[-174,254],[484,912],[61,317],[336,343],[8,203],[-351,18],[-494,-313],[-132,173],[36,259],[-88,298],[62,221],[-58,81],[-427,130],[-92,-294],[30,-172],[-143,-177],[-356,99],[-483,421],[221,719],[341,406],[309,71],[565,-109],[447,11],[151,45],[108,157],[56,569],[-122,408],[-243,370],[-340,261],[-99,376],[-263,-15],[-138,-186],[179,-603],[-139,-495],[-259,-224],[-899,-375],[-435,26],[-390,362],[-590,265],[-237,417],[25,417],[-104,190],[23,156],[475,549],[-172,377],[-597,739],[-152,1022],[32,114],[284,128],[257,453],[59,856],[-359,510],[267,544],[386,256],[28,468],[136,366],[-113,184],[-601,197],[-418,514],[275,253],[380,593],[-381,527],[254,479],[-49,165],[-399,415],[-8,231],[48,142],[222,90],[123,190],[-44,513],[347,164],[154,234],[-275,430],[78,265],[322,295],[316,-140]],[[2019205,2719896],[178,-273],[143,-10],[229,141],[423,-71],[201,91],[-42,128],[84,106],[497,86],[268,244],[243,-9],[802,379],[104,267],[216,256],[416,50],[967,-85]],[[1919723,2272451],[-120,-137],[-73,-514],[-287,-652],[-382,50],[-152,-105],[-67,-812],[-169,-320],[-326,-172],[-596,-149],[-405,-226],[-495,116],[-332,-111],[152,-326],[-118,-348],[140,-740],[-230,-514],[214,-177],[365,50],[62,-55],[163,-227],[90,-552],[-62,-293],[-180,-304],[-11,-226],[-321,-310],[-84,-210],[157,-746],[237,-480],[-45,-707],[-287,-354],[-371,-221],[-11,-442],[-96,-210],[-186,-33],[-90,61],[-635,900],[-799,277],[-539,519],[-422,-11],[-219,83],[-102,94],[-123,491],[-259,558],[-596,348],[-388,-27],[-253,243],[-276,-105],[-78,-409],[-180,-370],[-96,-6],[-68,100],[-213,-116],[-945,-1055],[-152,-50],[-388,260],[-247,27],[-540,-619],[-253,144],[-399,-182],[-557,276],[-405,-122],[11,354],[-73,77],[-433,89],[-129,232],[-118,44],[-236,-646],[-726,-586],[-34,-591],[-320,-17],[-135,-105],[214,-149],[17,-116],[-467,-447],[180,-315],[39,-326],[-315,72],[-135,-56],[376,-533],[35,-168],[-349,60],[-101,-66],[-73,-851],[264,-425],[281,-188],[23,-215],[-287,-354],[-388,149],[-264,0],[-102,-33],[-112,-188],[17,-281],[191,-293],[978,-437],[-45,-298],[-281,-276],[-84,-265],[96,-89],[511,-22],[-174,-486],[101,-188],[197,138],[287,39],[-90,-216],[410,-326],[-17,-160],[-247,-199],[17,-77],[377,-182],[225,-409],[528,-243],[40,-221],[168,-188],[332,105],[388,-282],[101,-221],[-62,-431],[276,133],[141,-83],[-12,-238],[90,-88],[579,50],[158,-61],[79,-459],[292,-563],[39,-321],[433,-254],[265,-464],[562,28],[23,-210],[-203,0],[17,-116],[433,-519],[112,-580],[349,-558],[-67,-487],[129,-265],[872,-652],[849,50],[230,-249],[602,-187],[324,-495],[-14,-213],[118,-232],[113,74],[-24,-171],[287,-190],[-230,-167],[278,-296],[-75,-102],[-301,-61],[-23,-120],[117,-172],[-267,-158],[122,-51],[-4,-194],[220,-5],[-248,-171],[57,-343],[-188,-209],[-155,-19],[-221,107],[-70,-228],[193,-291],[24,-278],[183,-376],[-27,-565],[306,-324],[-230,-116],[99,-186],[-249,28],[-291,-441],[-122,213],[-376,139],[-160,269],[-80,-1],[-182,-269],[28,-115],[-324,-246],[-145,-260],[-572,-339],[-310,-89],[-413,-491],[43,-492],[283,-834],[263,-314],[372,-246],[9,-139],[-154,-232],[-118,-134],[-155,-33],[-451,268],[-427,125],[-371,46],[-258,-61],[-568,148],[-939,-432],[-178,-177],[-352,-88],[43,-704],[-314,-427],[-191,-524],[-498,-372],[-135,-232],[-502,-241],[-150,-306],[-544,-617],[-666,-567],[-65,-278],[-545,-223],[-450,-436],[-131,-524],[-229,-129],[-105,-249],[-942,-366],[-882,-697],[-383,-477],[-535,-273],[-49,-103],[53,-418],[137,-180],[148,-20],[235,228],[278,-394],[499,-342],[-63,-307],[-187,-280],[-17,-228],[105,-393],[401,-556],[154,-80],[352,104],[495,-14],[696,345],[422,-34],[232,-107],[-133,-491],[738,-479],[270,-329],[67,-390],[158,-286],[-74,-363],[127,-791],[425,-1029],[-152,-383],[12,-293],[126,-45],[506,511],[158,-55],[330,-442],[299,-138],[183,-422],[464,-304],[4,-480],[439,-293],[84,-283],[-31,-477],[-510,-431],[-10,-311],[-176,-214],[45,-269],[292,-101],[109,-145],[-95,-587],[194,-445],[-14,-791],[-394,-514],[-21,-280],[204,-773],[277,-453],[935,-283],[172,-131],[50,-224],[-222,-546],[-10,-449],[73,-269],[380,-680],[-348,-442],[7,-432],[151,-249],[271,246],[260,-35],[155,-107],[295,-321],[-28,-366],[125,-323]],[[1819170,2162434],[-207,-459],[-1462,-1050],[-624,-740],[-1310,-519],[-563,-580],[-298,-531],[-691,-105],[-310,160],[-157,376],[-302,94],[-120,159],[-225,394],[-182,580],[-521,186],[-428,297],[-253,394],[-127,386],[-593,169],[-158,320],[-286,271],[0,718],[258,481],[28,342],[546,790],[107,807],[-147,238],[17,414],[220,237],[-12,262],[169,219],[-495,243],[-146,299],[67,883],[225,393],[40,281],[332,453],[78,238],[-84,260],[28,320],[-214,519],[23,404],[-371,768],[152,1138],[-34,348],[-101,265],[-338,392],[101,255],[-123,314],[163,420],[-563,542],[-511,33],[-698,-94],[-303,221],[165,929],[355,78],[-207,725],[384,596],[-38,257],[-443,651],[-105,791],[274,1003],[396,-249],[156,21],[106,166],[-42,298],[-544,758],[147,386],[-59,998],[426,340],[55,195],[-412,828],[-74,422],[-432,10],[-474,-262],[-1079,85],[-647,-422],[-510,-3],[-815,-180],[-267,31],[-169,239],[-133,58],[-109,-86],[45,-242],[-193,-224],[-176,-466],[-576,-487],[-341,-48],[-214,117],[-665,-28],[-351,100],[-362,-293],[-851,104],[-878,-73],[-816,138],[-432,-121],[-355,42],[-728,-152],[-485,-540],[9,-219],[-156,-460],[-186,-290],[-181,-141],[-451,-70],[-329,-365],[-224,-481],[-173,-153],[-392,4],[-30,-331],[-345,-191],[-135,-356],[-93,12],[-198,303],[-1088,-104],[-249,153],[-291,-124],[17,-369],[-127,-4],[-135,195],[-363,-50],[-257,506],[-17,211],[-384,448],[-215,20],[-160,-178],[-506,-141],[-143,551],[-207,154],[-287,-25],[-270,-332],[-249,25],[-240,-336],[-620,-153],[-358,83],[-232,-232],[-342,17],[-506,-137],[-380,116],[-299,-327],[-346,-83],[-325,294],[-552,0],[-207,83],[-472,373],[-363,638],[-616,509],[-76,174],[55,713],[-270,622],[-130,629],[-300,800],[-131,630],[-12,1065],[-148,580],[-261,555],[-207,887],[17,509],[278,858],[-325,514],[-476,228],[-1333,356],[-742,-128],[-481,-278],[-1856,344],[-480,-4],[-481,161],[-608,411],[-894,431],[-333,799],[-261,249],[-287,132],[-974,-20],[-1520,-683]],[[1771385,2191706],[177,177],[546,280],[110,311],[216,261],[298,99],[278,-215],[211,70],[228,353],[211,87],[42,248],[380,286],[199,256],[13,213],[-230,630],[-433,221],[-106,226],[-487,378],[-70,252],[570,795],[1307,1042],[138,334],[-201,234],[-13,174],[274,684],[857,331],[46,224],[-114,211],[148,543],[-34,684],[477,924],[-102,439],[-135,224],[13,290],[169,227],[489,199],[97,150],[-101,377],[434,1628],[667,178],[156,178],[135,978],[-401,274],[0,157],[864,849],[452,158],[177,373],[493,202],[253,253],[103,431],[291,444],[87,974],[-34,683],[135,817],[376,658],[232,643],[468,124],[156,145],[63,215],[-84,995],[-380,315],[-12,207],[215,153],[514,-58],[169,141],[63,1077],[1076,1330],[244,912],[232,435],[-46,211],[-224,270],[106,269],[384,423],[324,542],[540,0],[207,79],[514,775],[540,481],[-97,646],[173,477],[101,770],[220,365],[383,261],[258,302],[21,224],[-215,423],[80,580],[856,907],[299,688],[696,-133],[447,552],[300,542],[215,71],[502,-83],[198,133],[236,596],[-358,551],[139,681],[-174,321],[-85,502],[163,282],[990,160],[141,94],[354,619],[180,122],[202,-6],[281,-249],[192,6],[596,574],[185,78],[73,-17],[186,-414],[444,-309],[214,-17],[613,149],[1001,-33],[551,149],[399,-221],[669,-536],[692,55],[169,-55],[787,-475],[1170,-563],[444,-415],[112,-342],[214,-210],[169,-11],[281,143],[1318,875],[346,-245],[1422,-87],[291,-161],[506,-477],[265,-91],[232,0],[460,157],[1274,121],[696,-145],[607,-365],[637,-240],[308,41],[780,398],[232,25],[135,-104],[76,-555],[270,-448],[531,-199],[278,-8],[1211,245],[814,368],[514,125],[819,-25],[1265,-435],[384,-58],[527,20],[510,195],[274,307],[64,248],[-22,539],[-80,195],[-565,352],[-131,199],[17,443],[131,340],[276,373]],[[1818681,2232701],[1080,530],[197,6],[703,-365],[140,0],[388,514],[444,155],[383,-172],[866,-674],[961,-248],[967,127],[1480,-108],[1266,369],[303,-21],[481,-219],[397,-50],[371,62],[1303,584],[1004,195],[1029,682],[430,193],[1167,9],[645,688],[757,395],[186,395],[309,312],[289,64],[841,-294],[831,156],[458,211],[1866,341],[404,228],[75,-18],[92,-333],[190,-100],[363,0],[392,307],[249,87],[422,-21],[455,167],[544,-1],[1894,1102],[990,841],[641,-146],[939,532],[171,26],[366,-89],[356,30],[642,-279],[496,175],[276,-37],[563,-810],[416,-162],[223,51],[359,-56],[367,-197],[234,-260],[291,-609],[427,-385],[276,10],[185,550],[193,40],[80,-74],[41,-360],[-238,-735],[45,-216],[197,-271],[628,157],[320,183],[231,202],[155,294],[110,453],[34,1151],[99,398],[310,404],[956,858],[1309,1579],[713,349],[280,230],[2041,2414],[650,1280],[514,713],[379,311],[166,2125],[652,1188],[652,2172],[337,314],[619,321],[567,718],[135,72],[552,33],[371,403],[123,365],[6,326],[-281,983],[-506,652],[-383,823],[23,785],[-276,1621],[7,644],[213,447],[869,644],[484,511],[321,587],[185,1281],[413,804],[1068,952],[413,552],[428,350],[356,420],[141,551],[279,491],[247,307],[351,183],[320,371],[250,147],[484,1189],[861,763],[549,273],[484,-56],[1040,307],[737,517],[223,531],[220,243],[1052,535],[830,-112],[484,105],[373,615],[939,343],[309,573],[574,221],[980,782],[-370,1325],[144,588],[253,339],[-34,1121],[-162,1146],[340,1319],[538,1372],[489,535],[415,274],[455,177],[663,17],[411,-79],[213,53],[126,107],[72,227],[-162,838],[-111,89],[-1083,229],[-253,773],[6,243],[168,332],[208,166],[939,414],[-202,2094],[62,331],[305,527],[385,206],[219,-6],[2459,-644],[900,-72],[832,271],[526,298],[1656,332],[326,348],[190,415],[433,54],[708,-420],[354,-26]],[[1894227,2290786],[-119,-124],[-167,-678],[-216,-340],[-6,-400],[-211,-138],[-316,-63],[-183,-730],[-43,-545],[-463,-324],[37,-601],[-85,-268],[-116,-99],[-315,-24],[-87,-198],[255,-399],[190,-155],[167,210],[182,6],[164,-273],[35,-268],[567,-313],[50,-315],[398,-365],[349,-1641],[-50,-367],[-337,-671],[139,-509],[557,-299],[471,-441],[45,-265],[250,-473],[32,-325],[222,-305],[130,-689],[336,-364],[728,-465],[62,-616],[-61,-314],[443,85],[424,-24],[452,-281],[44,-209],[-134,-288],[190,-343],[431,-95],[577,95],[285,-104],[532,247],[469,-185],[79,30],[58,279],[508,42],[140,-137],[86,-388],[241,119],[290,-219],[492,119],[246,-135],[497,78],[331,-45],[728,-564],[498,-770],[63,-1134],[144,-154],[279,37],[544,337],[370,-287],[570,10],[361,-215],[176,64],[80,220],[125,68],[258,-349],[159,102],[46,274],[98,3],[180,-203],[155,86],[223,-94],[192,243],[47,230],[801,538],[106,-9],[37,-587],[-135,-341],[213,-116],[536,-9],[110,-79],[-109,-217],[546,-650],[153,-820],[454,-317],[222,-372],[276,-209],[318,13],[177,-91],[142,55],[293,-158],[548,215],[337,458],[552,54],[223,98],[215,500],[408,15],[179,91],[110,372],[-194,406],[210,384],[-50,216],[522,520],[49,185],[200,162],[57,220],[197,266],[-22,109],[-186,-1],[6,214],[106,64],[424,2],[237,480],[205,165],[98,200],[220,128],[146,-56],[-108,-266],[12,-564],[1116,-890],[248,-386],[428,-165],[91,-371],[204,-188]],[[1836192,2462805],[-39,-160],[-256,-246],[-1905,-380],[-1578,-835],[-910,-707],[-331,-826],[-271,-195],[-1747,-927],[-911,-281],[-541,-475],[-1033,-439],[-647,217],[-751,579],[-702,134],[-1016,-18],[-936,165],[-823,-264],[-443,-402]],[[1821352,2457745],[-317,-307],[-346,-150],[-249,341],[-152,427],[-1,384],[248,395],[42,480],[-335,149],[-757,-34],[-239,117],[-173,213],[-12,352],[195,299],[74,427],[-628,639],[-33,149],[582,972],[-32,64],[-232,236],[-331,147],[-963,84],[-520,340],[-230,1579],[-413,692],[-358,352],[-359,655],[-1438,205],[-639,340],[-130,160],[-239,650],[-10,1361]],[[2082945,2416080],[-1029,-1481],[-512,-448],[-894,-431],[-781,-66],[-1457,50],[-1108,-414],[-382,-382],[-990,-1453],[-916,-917],[-850,-624],[-1580,-900],[-1979,-956],[-894,-735],[-276,-83],[-714,11],[-455,-166],[-253,-243],[-608,-978],[-1008,-810],[-91,-173],[-331,-2008],[-210,-590],[-528,-829],[-906,-901],[-1522,-1296],[-577,-774],[-647,-643],[-310,-45],[-1092,-622],[-209,-9],[-302,-219],[-243,-51],[-1768,-1273],[-123,-348],[-340,-289],[20,-147],[-133,-326],[-491,-320],[-140,-227],[9,-185],[-563,-650],[-550,-485],[-617,-214]],[[2054595,2392430],[-625,348],[-857,36],[-810,511],[-444,77],[-979,434],[-160,268],[-83,670],[-474,1133],[-194,199],[-160,14],[-402,-378],[-155,254],[184,2231],[345,1647],[46,1515],[80,302],[-247,596],[-279,1427],[-64,918],[67,309],[221,337],[162,891],[-63,847],[98,790],[663,1065],[173,1373],[-287,1434],[-345,667],[-172,913],[-150,339],[-118,1056],[200,474],[281,356],[88,432],[-127,1530],[810,2386],[951,2453],[449,1810],[333,1593],[11,349],[244,558],[52,446],[326,484],[108,607],[-178,1887],[148,672],[-133,576],[-2,420],[223,830],[-104,1316],[-310,1232],[-676,1277],[-273,759],[8,987],[-165,1302],[125,341],[435,559],[361,629],[240,896],[927,1953],[535,907],[1139,1595],[277,1043],[652,1300],[252,878],[-82,1126],[367,875],[95,483],[548,1174],[497,743],[285,631],[763,903],[585,395],[1163,1415],[890,697],[509,14],[1043,1309],[427,337],[1309,689]],[[2065078,2456970],[5,-246],[165,-143],[26,-197],[-161,-877],[-2,-431],[125,-122],[533,-95],[66,-77],[-93,-514],[-491,-66],[-126,-103],[40,-268],[289,-80],[65,-130],[-42,-605],[-118,-127],[-444,2],[-152,-121],[59,-80],[419,-94],[8,-171],[-160,-185],[-259,-25],[-171,116],[-231,-116],[-281,0],[-585,-614],[146,-292],[-129,-238],[115,-384],[-123,-213],[8,-187],[191,-75],[239,130],[329,-194],[37,-149],[-203,-199],[-8,-107],[498,-962],[67,-560],[-104,-130],[-411,-61],[-582,271],[-461,33],[-509,-196],[-194,-453],[51,-155],[644,19],[228,-607],[340,-174],[233,127],[87,207],[116,-17],[225,-218],[264,36],[11,122],[-163,116],[34,121],[230,66],[267,-93],[484,292],[113,-221],[-43,-281],[231,-169],[138,-257],[466,66],[223,-187],[2,-221],[-225,-277],[62,-138],[161,-63],[418,61],[96,-125],[23,-273],[-192,-312],[-180,-114],[7,-187],[911,-172],[190,-135],[52,-190],[109,-14],[274,349],[735,55],[81,-69],[21,-224],[-246,-339],[161,-431],[145,-18],[249,408],[299,34],[105,-307],[350,-85],[125,-105],[-28,-145],[-485,-48],[14,-173],[365,-335],[359,204],[291,-66],[99,-221],[-137,-228],[38,-79],[573,218],[25,462],[123,163],[253,114],[436,3],[288,207],[119,-17],[141,-162],[366,-114],[165,-315],[239,204],[305,-48],[131,-142],[7,-162],[-320,34],[-155,-72],[-186,-680],[-369,-31],[67,-408],[87,-93],[169,135],[320,-11],[35,-193],[-140,-165],[-32,-201],[116,-149],[601,-324],[42,-425],[-123,-307],[459,-324],[374,-743],[84,-335],[274,41],[88,346],[208,190],[383,-283],[414,169],[113,-456],[172,-31],[366,255],[365,45],[338,339],[239,-273],[256,31],[222,-86],[298,155],[166,-17],[-15,-301],[-224,-186],[-95,-321],[-194,58],[-126,-155],[42,-259],[225,-10],[288,114],[84,183],[257,31],[446,366],[113,-55],[193,-391],[605,-405],[267,-92],[307,-9],[309,184],[-414,555],[835,-172],[36,-174],[-171,-169],[19,-220],[594,-127],[343,-440],[385,-117],[280,-408],[0,-79],[-655,-634],[47,-284],[169,-43],[269,193],[233,-573],[181,-47],[288,870],[320,-110],[138,176],[165,13],[152,-245],[-590,-786],[-47,-443],[60,-227],[220,-163],[795,-289],[259,-417],[342,-196],[196,-214],[435,-25],[104,-120],[-37,-174],[323,-96],[79,-180],[55,-239],[-134,-276],[156,-223],[-981,-305],[-932,-166],[-502,-547],[-236,-476],[-441,-400],[-28,-214],[144,-397],[292,-442],[422,-318],[84,-314],[-1012,-1129],[-499,-142],[-327,-245],[-714,-1668],[-509,-784],[-176,-663],[-70,-928],[172,-836],[323,-760],[0,-352],[-165,-542],[-893,-1350],[-210,-680],[288,-321],[2005,-1579]],[[1976710,2713915],[392,-435],[231,-481],[-246,-316],[114,-270],[-167,-161],[-27,-132],[10,-189],[146,-143],[-141,-264],[23,-344],[-89,-115],[-301,-84],[-69,-775],[-249,-197],[-524,-213],[-137,-205],[285,-254],[151,-2],[172,171],[181,24],[396,-260],[-229,-790],[-220,-123],[178,-323],[-361,-237],[-93,159],[-111,13],[-127,-237],[-174,-76],[-58,-304],[-386,-134],[-97,-375],[-540,-276],[-255,-20],[-98,-176],[-206,-14],[-1,-82],[341,-92],[13,-180],[-177,26],[-276,-118],[-393,309],[19,-152],[-257,-127],[62,-370],[-139,-178],[-226,-91],[47,-201],[-79,-148],[-191,-25],[-367,-278],[29,-182],[-130,-78],[-236,-480],[-195,-192],[52,-160],[-236,-235],[16,-182],[148,-77],[78,-167],[-161,-185],[-152,-375],[-298,-148],[-40,-401],[-184,-356],[-189,-34],[-267,-270],[-115,-407],[295,-563],[199,-216],[250,27],[108,111],[209,-63],[229,-351],[18,-218],[168,-119],[276,-12],[329,-138],[202,-469],[129,-11],[238,171],[92,-95],[470,68],[91,-141],[102,-15],[122,89],[26,271],[190,93],[320,-265],[125,-206],[206,-64],[354,-534],[-23,-166],[-169,-207],[16,-307],[418,-341],[-48,-677],[153,-318],[237,109],[83,-47],[97,-583],[-297,-336],[-21,-203],[148,-386],[-104,-339],[528,-88]],[[1976346,2694182],[-235,-152],[-209,-379],[117,-262],[-98,-243],[169,-48],[-170,-161],[-41,-238],[-206,-84],[138,-128],[-5,-176],[-219,-77],[-128,-149],[-402,-18],[-190,-198],[-93,91],[-17,264],[-285,175],[-630,-427],[-534,-516],[-505,-798],[-257,-176],[-324,16],[-386,-365],[-51,-150],[-160,-123],[-60,-252],[-246,-250],[-72,-267],[-179,-258],[-237,27],[-76,-59],[-525,-1030]],[[1970230,2687771],[-457,318],[-60,345],[-308,720],[-368,388],[-246,548],[-271,355],[72,615],[-148,420],[71,835],[-268,731],[-38,396],[-243,-152],[27,-337],[-336,-198],[-62,-175],[-437,-316],[-1001,-425],[-266,80],[-394,-167],[-551,97],[-295,394],[-479,-72],[-324,88],[-200,366],[-632,-446],[-297,-89],[-110,388],[-278,396],[-454,407],[-164,61],[-74,188],[-236,77],[-356,321],[-210,538],[-226,128],[-79,237],[-247,282],[-282,76],[-232,582],[-295,201],[-402,10],[-98,515],[88,355],[-163,317],[-239,-66],[-255,54],[-221,155],[-359,452],[-271,-59],[-556,343],[-511,149],[-109,-48],[-251,-394],[-481,-41],[-217,77],[-123,-229],[-549,-278],[-176,-167],[-149,-630],[-224,-131],[-83,-206],[-275,-140],[-42,-459],[163,-280],[31,-360],[-179,-925],[-863,-504],[-847,79],[-644,308],[-691,-64],[32,328],[-903,210],[-282,-33],[-796,-307],[-411,-255],[-360,-56],[-204,-180],[-34,-195],[419,-1077],[-193,-261],[-229,-109],[-25,-266],[-263,-199],[138,-396],[-34,-288],[-412,-440],[-277,40],[-291,182],[-160,-176],[81,-442],[700,-471],[46,-532],[255,-483],[-214,-351],[179,-312],[-71,-236],[-205,-200],[-425,-95],[-173,-736],[-289,-449],[75,-238],[-38,-227],[-180,-334],[-255,-130],[-112,-232],[3,-243],[177,-484],[-87,-517],[-380,-563],[-326,-202],[-325,-422],[-433,-52],[-162,-173],[-327,0],[-56,-105],[-205,-80],[-137,188],[-286,119],[-165,-75],[-811,11],[-260,-124],[-254,-487],[-413,-319],[-102,-199],[110,-286],[472,-477],[59,-165],[-215,-220],[-671,-386],[102,-443],[-63,-186],[-823,-833],[-544,0],[-405,-244],[-316,-87],[-890,-5],[-316,42],[-806,344],[-674,-667],[-300,-551],[-126,-34],[-979,208],[-417,-25],[-258,-369],[-367,-83],[-367,-323],[-738,-439],[-944,-224],[-80,-207],[80,-220],[-30,-161],[-282,24],[-169,-149],[-207,-4],[-126,-120],[-405,58],[-359,-91],[-286,-572],[-734,-323],[-123,-328],[-147,-124],[-392,-58],[-367,95],[-911,38],[-325,-87],[-704,-477],[-156,-360],[-127,-850],[-97,-194],[-852,-427],[-1506,-572],[-683,-62],[-1269,215],[-328,167],[-372,463],[-291,-29],[-215,116],[-962,-385],[-232,-241],[-886,5],[-320,-129],[-506,-708],[-173,-597],[-1087,-950],[-836,-1029],[-610,-1334],[-422,-448],[-224,-617],[-523,-771],[-552,-332],[-574,5],[-839,-216],[-363,-377],[-147,-605],[-367,-621],[-312,-311],[-249,-539],[-1164,-1073],[-451,-311],[-359,-530],[-544,-133],[-164,5],[-321,178],[-578,-4],[-966,-1020],[-485,-671],[-619,-170],[-616,-302],[-1211,-800],[-712,-721],[-717,-389],[-123,-278],[26,-1173],[-228,-464],[-207,-199],[-1058,-489],[-1671,-1035],[-1020,-456],[-376,-423],[-358,-588],[-499,-1785],[-357,-845]],[[1890879,2649475],[-89,587],[-236,489],[-93,659],[-426,1351],[8,182],[-88,124],[-439,207],[-34,96],[106,443],[-30,667],[131,274],[-84,368],[29,543],[-118,394],[-363,427],[-59,298],[-324,667],[135,1206],[-296,750],[123,418],[-367,220],[-68,207],[-379,278],[-333,29],[-148,91],[-186,236],[17,145],[139,816],[152,282],[291,257],[468,170],[178,178],[75,1301],[764,783],[472,158],[1033,103],[545,385],[253,759],[700,721],[177,733],[228,203],[286,46],[220,165],[409,1007],[202,282],[338,91],[670,21],[316,120],[781,522],[755,62],[476,137],[743,323],[1720,1127],[831,149],[683,-12],[608,-286],[324,-46],[270,100],[340,431],[308,196],[2116,304],[528,491],[677,221],[448,387],[441,215],[423,350],[684,164],[144,378],[759,528],[189,38],[239,304],[1048,-16],[371,171],[355,37],[517,361],[510,143],[1469,846],[774,342],[331,343],[130,-55],[160,-360],[157,-94],[175,28],[312,318],[931,306],[261,-24],[543,-373],[320,6],[197,115],[323,514],[535,72],[255,-41],[743,-422],[630,-73],[683,-345],[1175,-45],[540,130],[527,333],[430,-164],[317,61],[908,372],[578,510],[603,43],[261,257],[124,619],[185,212],[-175,595],[45,148],[217,69],[226,-94],[205,50],[742,624],[172,255],[-43,502],[230,340],[275,66],[457,-63],[214,102],[218,760],[248,339],[86,580],[201,205],[425,188],[166,762],[435,25],[532,409],[588,55],[250,141],[284,276],[104,221],[70,1035],[703,236],[503,489],[1181,757],[891,712],[278,417],[521,379],[1383,1892],[-13,335],[-218,262],[-144,335],[-7,419],[527,461],[124,272],[283,50],[529,-53],[763,110],[219,155],[54,520],[94,83],[390,-195],[829,-30],[256,211],[251,552],[419,465],[425,200],[190,-116],[933,24],[443,171],[261,207],[106,239],[-76,202],[48,115],[652,-3],[279,161],[265,471],[-386,458],[-403,322],[-137,320],[317,140],[163,312],[-317,337],[-38,394],[458,185],[281,641],[-133,304],[320,176],[-202,457],[361,183],[-21,163],[-271,152],[-233,333],[-16,383],[559,80],[843,979],[497,-306],[148,-190],[374,-59],[250,-131],[142,59],[97,235],[413,29],[748,321],[153,111],[116,238],[-77,568],[54,323],[1073,447]],[[1951696,2705681],[365,55],[429,-164],[86,-338],[232,-138],[281,126],[383,-75],[251,61],[280,388],[-74,553],[1058,1003],[480,333],[196,395],[645,285],[113,118],[-4,417],[-109,437],[-300,713],[111,484],[251,402],[344,160],[568,28],[474,131],[484,-34],[379,133],[46,165],[-274,461],[5,691],[230,162],[376,92],[202,240],[336,138],[1900,-270],[156,52],[446,397],[825,309],[620,-360],[336,4],[366,-133],[597,365],[392,-70],[1036,304],[616,725],[324,76],[422,-159],[523,9],[806,-218],[664,71],[426,-177],[388,-350],[237,-511],[602,-350],[277,-316],[158,-30],[623,293],[321,252],[726,27],[496,158],[452,-165],[332,-3],[616,336],[729,693],[758,-147]],[[1803193,2368948],[485,-76],[348,-207],[401,-90],[562,152],[689,-7],[113,-69],[485,-773],[471,-280],[393,-111],[1034,-17],[917,-197],[882,-38],[337,-193],[-3,-1146],[327,-577],[200,-825],[243,-584],[172,-214],[327,-207],[88,-256],[-4,-276],[-327,-684],[-207,-1156],[1015,-1288],[46,-415],[-67,-590],[218,-117],[563,162],[664,-155],[654,-4],[850,-179],[1248,-791],[415,14],[759,-301],[95,-908],[428,-887],[-7,-425],[580,-642],[-81,-328],[-478,-401],[-133,-221],[7,-342],[186,-590],[410,-547],[273,-68],[138,-231],[448,-197],[383,-566],[1966,-1579],[397,-445],[137,-235],[130,-725],[-39,-663],[120,-197],[235,-107],[798,275],[231,0],[275,203],[354,4],[44,84],[678,-239],[506,90],[470,-177],[208,62],[139,158],[406,220],[765,187],[126,-79],[281,-689],[323,-308],[125,-43],[256,98],[326,-167],[327,-385],[1248,-297],[679,4],[317,-110],[386,32],[218,-138],[452,-590],[687,-317],[903,-867],[524,-208],[230,1],[744,-311],[389,45],[260,-106],[527,146],[797,-612],[312,-96],[193,-299],[648,-67],[317,-161],[672,-127],[40,-108],[221,105],[380,-9],[-83,281],[323,67],[159,251],[257,-28],[256,-233],[185,70],[368,-77],[540,31],[179,325],[611,142],[242,282],[152,-159],[218,148],[224,-148],[258,-11],[270,157],[146,-105],[137,-263],[112,132],[120,1],[275,-61],[92,-117],[232,-27],[368,-207],[510,11],[1016,836],[333,21],[170,144],[275,-10],[102,-112],[86,-465],[196,-59],[255,-421],[584,-125],[434,-871],[238,-26],[181,205],[189,-90],[115,-250],[366,198],[332,-117],[22,-185],[-212,-313],[66,-380],[474,-360],[304,-513],[57,-383],[336,-667],[640,-403],[886,-80],[116,280],[-35,714],[562,760],[109,656],[380,335],[1747,2548],[112,1471],[243,639],[-58,1308],[375,794],[317,270],[24,508],[141,481],[1012,1711],[541,439],[174,303]],[[1859824,2351606],[588,-472],[883,-318],[745,88],[147,145],[-29,136],[166,136],[206,10],[570,-977],[1129,-1091],[109,-348],[187,-271],[500,-106],[588,146],[716,-134],[421,88],[89,-252],[186,-115],[11,-397],[206,-106],[147,19],[78,204],[108,58],[343,-145],[138,-396],[511,-454],[137,0],[118,-261],[480,97],[373,-347],[373,339],[470,-96],[520,1],[1286,-724],[137,-116],[452,-889],[216,-126],[314,30],[520,-445],[109,-251],[-49,-223],[76,-282],[520,-512],[198,-332],[59,-324],[132,-22],[88,-173],[212,116],[140,-636],[117,-79],[8,-137],[190,-94],[-58,-253],[249,-93],[169,-578],[293,-172],[-94,-694],[-219,-304],[154,-187],[8,-145],[234,-129],[307,87],[140,-152],[22,-245],[534,-173],[198,-173],[52,-166],[-51,-79],[80,-22],[256,196],[491,-115],[474,694],[425,58],[138,354],[147,-36],[380,275],[168,1],[66,-325],[403,-223],[0,-80],[718,30],[351,-180],[256,8],[-80,-347],[154,-14],[586,-447],[-21,-246],[190,-14],[888,-1364],[175,-144],[125,51],[66,-303],[212,115],[147,-165],[263,-22],[103,-144],[89,-578],[168,-129],[198,50],[205,-115],[293,-806],[134,-14],[394,292],[176,28],[7,-208],[-126,-264],[-20,-522],[169,-187],[352,-139],[-478,-730],[8,-355],[197,-104],[303,362],[324,112],[268,-278],[373,174],[197,-69],[120,-250],[22,-292],[-182,-730],[56,-83],[78,-14],[232,452],[710,467],[331,98],[212,-35],[409,-277],[908,98],[310,-34],[536,-222],[211,174],[77,223],[-78,306],[42,243],[352,160],[330,585],[1133,815],[71,-7],[35,-125],[-5,-1383],[99,-223],[297,-354],[260,-41],[247,118],[782,-444],[177,-180],[-43,-104],[64,-139],[205,-209],[141,-27],[809,390],[395,70],[281,286],[401,63],[324,153],[345,-124],[233,-223],[156,-416],[50,-584],[-326,-3226],[-330,-780],[-7,-326],[381,-445],[-180,-2391],[57,-376],[-42,-361],[-702,-1204],[-126,-716],[-56,-118],[-246,-154],[35,-319],[289,-174],[156,-785],[22,-125],[-225,-578],[113,-194],[197,-139],[282,-34],[359,181],[691,15],[247,-285],[888,-541],[296,49],[260,334],[232,98],[353,-309],[619,-108],[807,463],[754,236],[186,351],[404,199],[302,385],[507,-82],[112,114],[123,365],[404,306],[172,7],[767,-256],[-14,-218],[281,-50],[194,-200],[282,-20],[18,-222],[464,-83],[85,-205],[324,36],[13,385],[324,-3],[488,282],[567,14],[109,169],[193,90],[-100,-581],[-201,-186],[-145,-483],[-150,-191],[-279,-151],[-385,-374],[-658,-228],[-86,-314],[454,-272],[-35,-407],[-753,-582],[-87,-207],[274,-24],[560,-648],[422,-84]],[[1909160,2314724],[-1280,-1874],[-150,-942],[-166,-354],[-782,-587],[-361,-492],[-70,-1399],[-290,-829],[-193,-1614],[-325,-785],[-282,-328],[-228,-924],[35,-777],[246,-613],[27,-440],[-615,-665],[-220,-492],[-738,-2115],[-79,-759],[-140,-276],[-229,-225],[-510,-256],[-534,-420],[-236,33],[-231,293],[-135,542],[57,1220],[-51,116],[-259,227],[-253,72],[-556,-194],[-175,-651],[23,-1172],[-124,-1348],[-146,-436],[-579,-652],[-118,-260],[202,-978],[-62,-326],[-298,-226],[-737,-282],[-359,-326],[-467,-718],[-248,-845],[-410,-44],[-444,121],[-782,61],[-669,-88],[-433,-194],[-163,-155],[-135,-331],[-261,-231]],[[1818681,2232701],[-377,398],[36,623],[-612,360],[-114,207],[47,237],[223,41],[-21,568],[249,476],[-350,352],[-42,199],[417,406],[25,145],[-147,456],[228,373],[-144,659],[-278,567],[346,108],[-34,361],[211,136],[17,141],[-161,340],[-269,215],[75,494],[-341,149],[-106,563],[72,100],[308,29],[228,629],[-5,477],[-261,62],[-143,274],[-300,132],[127,282],[-118,120],[-215,42],[-127,178],[472,1375],[-17,696],[803,846],[51,828],[223,166],[17,127],[-14,1207],[-105,52],[-194,-62],[-98,65],[270,201],[29,141],[-236,48],[39,346],[-411,369],[21,93],[154,80],[-200,193],[42,207],[-63,176],[77,45],[204,-65],[46,134],[-92,280],[-182,145],[3,1105],[-133,473],[28,233],[-168,128],[152,270],[-93,667],[-118,261],[194,480],[-363,79],[173,278],[-114,161],[80,261],[-114,75],[-29,282],[-194,319],[139,679],[-106,473],[-358,339],[38,75],[367,0],[118,162],[-536,406],[30,165],[169,187],[-22,352],[128,209],[-173,700],[110,241],[-139,282],[278,244],[414,149],[16,141],[-134,274],[28,386],[-330,500],[158,201],[-35,110],[-148,24],[-179,-214],[-116,-31],[-123,314],[-200,-55],[-106,69],[53,300],[-98,132],[-225,-62],[-672,210],[74,221],[-102,301],[32,134],[253,24],[295,225],[-45,435],[-106,155],[4,335],[165,14],[190,-369],[77,48],[-91,217],[94,187],[-161,186],[102,242],[-390,231],[91,263],[-148,145],[123,231],[-102,152],[-439,14],[-460,-235],[-408,159],[-211,-238],[-337,-187],[10,-321],[204,-86],[42,-335],[-116,-169],[-175,76],[-32,-235],[-172,-69],[38,-701],[-1072,-404],[-274,-218],[-312,28],[-559,-539],[-897,73],[-583,266],[-260,376],[-228,104],[-580,0],[-605,-270],[-394,-20],[-217,366],[31,341],[-98,83],[-306,11],[-134,107],[-7,556],[-555,186],[-320,287],[-295,24],[-133,169],[-250,-162],[-250,103],[-7,-266],[-298,-3],[-225,-300],[-271,-49],[-119,294],[-215,197],[-28,497],[155,276],[309,90],[-25,100],[-81,-26],[-174,169],[224,306],[-6,112],[-191,166],[33,663],[-416,364],[113,238],[-45,364],[337,393],[0,199],[-242,88],[-196,-193],[-192,11],[-1012,1060],[113,371],[-135,193],[112,226],[-247,680],[225,271],[-28,149],[-428,536],[-67,718],[-203,309],[-191,790],[-247,337],[5,470],[-776,381],[-652,707],[-56,155],[-495,188],[-113,348],[-360,83],[-348,-94],[-495,337],[-158,215],[-253,61],[-348,663],[-208,232],[-366,215],[-793,89],[-568,-199],[-466,-547],[-332,-840],[-45,210],[-411,243],[-45,387],[-489,238],[-247,585],[-1057,1000],[-462,111],[-135,337],[-877,955],[-579,840],[-484,365],[-1062,1232],[-343,199],[-225,420],[-242,209],[-1322,503],[-62,404],[-140,209],[-1052,232],[-343,0],[-461,597],[-1833,553],[-602,-144],[-450,-448],[-314,-149],[-585,-165],[-703,5],[-276,-105],[-450,-326],[-753,-77],[-546,-210],[-686,-497],[-646,-155],[-1384,-541],[-676,-41],[-235,58],[-588,458],[-1359,422],[-1635,705],[-307,-20],[-205,-128],[-713,-680],[-1034,665],[-174,249],[-345,1129],[68,630],[-200,541],[47,493],[-1330,1195],[-229,401],[-362,350],[-154,596],[43,905],[313,982],[262,269],[-289,798],[-182,165],[-620,289],[-1300,333],[-1015,1024],[-493,981],[-196,13],[-1004,-457],[-1139,-804],[-1048,-284],[-259,-404],[-186,-563],[-529,-453],[-420,26],[-2122,955],[-364,699],[-534,299],[-417,628],[-393,1177],[-42,454],[-307,740],[-315,359],[90,464],[-83,342],[-333,171],[-135,288],[-551,282],[-1198,1408],[-1484,625],[-209,160],[-348,762],[-804,249],[-580,309],[-286,503],[-270,790],[-220,94],[-461,-50],[-152,61],[-33,177],[152,348],[39,469],[-107,266],[-377,375],[-202,332],[169,646],[-74,1061],[158,828],[-191,1487],[-225,607],[140,658],[445,558],[-248,1712],[-332,398],[-84,238],[422,1547],[22,508],[-50,232],[-714,784],[-23,393],[-141,248],[-517,381],[-202,1719],[-147,497],[-281,221],[-343,16],[-219,-88],[-1170,-735],[-185,116],[-175,354],[-601,491],[-388,586],[-180,0],[-1265,-851],[-417,22],[-500,282],[-186,-22],[-258,-271],[-591,-1248],[-123,-746],[-254,-133],[-770,0],[-619,-121],[-101,-83],[-798,-1111],[-411,-342],[-1209,-1387],[-596,-839],[-748,-332],[-410,-77],[-596,281],[-2143,-121],[-916,-619],[-394,-503],[-321,-55],[-562,199],[-62,-138],[34,-326],[-124,-221],[-472,-414],[-574,-172],[-253,-607],[-489,-39],[-382,61],[-928,491],[-624,111],[-343,276],[-377,105],[-484,-182],[-523,-895],[-270,-193],[-45,-139],[-905,23],[-191,215],[-118,796],[-988,971]],[[1769545,2400906],[143,-648],[476,-467],[289,-736],[358,-360],[33,-476],[226,-598],[180,-130],[583,-114],[140,-92],[141,-437],[442,-134],[1093,-1082],[101,-282],[-95,-867],[-878,-232],[-174,-382],[-339,-1640],[497,-746],[584,-1635],[433,-658],[855,-171],[175,-188],[112,-475],[397,-223],[192,-254],[421,-989],[366,-564],[214,-679],[433,-426],[185,-585],[467,-586],[214,-1116],[213,-138],[866,-122],[259,-442],[214,-154],[135,-39],[702,122],[793,-553],[400,-72],[624,67],[320,-61],[1009,-751],[1413,-417],[166,-925],[194,-470],[1089,-821],[552,-791],[165,-104],[297,15],[565,413],[671,-131],[386,295],[1147,163],[446,222],[625,89],[448,-352],[581,-175],[327,-14],[879,-292],[134,-532],[110,-119],[1701,-663],[1392,-756],[530,-477],[703,-1019],[-14,-1653],[-214,-1941],[-366,-418],[-116,-494],[-502,-469],[-689,-318],[17,-404],[137,-221],[517,107],[647,-90],[727,66],[963,-190],[482,-324],[225,-59],[1415,-13],[-111,209],[4,172],[589,501],[395,110],[597,368],[625,79]],[[2022098,2472236],[-872,109],[-565,-98],[-127,-81],[-252,-459],[-284,-1550],[-2,-1017],[-176,-293],[-489,-24],[-63,-66],[39,-293],[629,-487],[109,-339],[-77,-639],[-327,-662],[-35,-263],[-605,-763],[-126,-280],[63,-1277],[-95,-294],[358,-248],[14,-208],[-323,-435],[-285,-566],[-263,80],[-341,555],[-896,-479],[-201,-366],[-70,-363],[70,-280],[224,-230]],[[2017130,2460920],[-90,-181],[-155,-20],[-316,152],[-330,-31],[-689,-308],[-489,-369],[14,-173],[552,-815],[-112,-335],[66,-186],[-59,-439],[576,-469],[264,-508],[-25,-331],[-239,-201],[-1167,-76],[-734,732],[-250,-34],[-190,-159],[-130,-221],[-140,-625],[147,-172],[88,-874],[-218,-276],[-119,-549],[-373,-643],[-225,-217],[-305,-31],[-387,128],[-267,-11],[-215,-117],[-224,-929],[-573,-836],[-1132,-759],[-580,-518],[-351,-187],[-264,-76],[-583,7],[-584,-190],[-527,-721],[-872,-24],[-260,-356],[-495,-155],[-373,48],[-327,141],[-696,-82],[-232,-152],[-228,27],[-323,169],[-1220,1516],[-594,415],[-731,-266],[-446,110],[-633,24],[-580,-566],[-309,-704],[-503,-135],[-383,145],[-214,459],[-200,1250],[-654,1540],[-99,636],[-449,783],[-81,833],[-447,997],[-232,1376],[-206,364],[-646,100],[-374,232],[-127,141],[-107,527],[-244,456],[-1021,158],[-239,149],[-413,83],[-374,663],[-208,138],[-388,-130],[-461,140]],[[1990406,2460402],[-155,106],[-8,232],[36,389],[152,243],[-8,290],[-552,959],[62,826],[-180,688],[45,284],[-149,218],[-348,94],[-338,-168],[-1074,-890],[-365,-33],[-197,91],[-260,351],[-886,866],[-206,398],[-1150,671],[5,232],[225,431],[51,293],[-281,249],[-754,270],[-562,431],[-12,426],[147,176],[11,166],[-248,481],[-459,313],[-1829,6]],[[1999902,2493080],[45,446],[311,479],[168,39],[191,401],[412,212],[434,556],[426,12],[335,-194],[309,-57],[592,297],[145,2],[596,-355],[534,-798],[223,-76],[152,60],[278,405],[855,668],[652,808],[723,1363],[170,551],[386,761],[548,-406],[68,-371],[289,-270],[-126,-394],[293,-54],[58,-79],[-155,-121],[116,-384],[-216,-293],[55,-813],[-337,-334],[-113,-638],[-481,-801],[-95,-331],[223,-88],[219,105],[42,325],[346,96],[-13,279],[64,71],[705,-349],[111,-356],[277,-154],[125,-294],[503,-281],[1583,2056],[336,571],[73,458],[179,191],[-323,704],[-528,667],[119,1484],[142,519],[281,177],[1018,-22],[440,300],[287,645],[324,498],[291,743],[-14,807],[122,412],[380,510],[204,419],[744,370],[311,269],[290,600],[-13,742],[230,692],[-286,549],[-137,984],[196,273],[387,148],[233,494],[-22,788],[-126,442],[353,1372],[261,875],[223,380],[195,575],[475,427],[19,306],[-336,649],[431,204],[125,544],[595,881],[16,1178],[-297,1385],[436,1253],[744,983],[615,363],[543,884],[39,259],[-188,112],[-74,165],[-106,705],[-387,153],[-191,457],[-52,238],[130,172],[-222,264],[146,230],[144,53],[35,127],[-443,392],[80,376],[-35,301],[-168,192],[-601,221],[25,157],[215,204],[-68,473],[-257,-120],[-309,282],[-553,230],[-137,-116],[95,-257],[-45,-98],[-352,-48],[-143,137],[-317,20],[-108,-263],[-449,-119],[-162,-350],[-442,-53],[-153,-279],[-387,-127],[-94,-274],[-413,-81],[-248,81],[-101,-317],[-213,62],[-288,-213],[-370,-663],[-1010,-519],[-376,216],[213,702],[-42,558],[279,490],[100,602],[229,225],[1912,1317],[670,321],[704,136],[495,235],[202,152],[226,490],[202,108],[683,119],[1242,589],[222,120],[311,371],[323,107],[746,45],[1453,634],[895,26],[496,181],[564,336],[457,-68],[209,43],[171,125],[307,461],[515,355],[295,367],[1377,980],[713,28],[1081,-186],[754,-178],[560,-317],[317,-26],[611,653],[729,601],[414,209],[110,605],[246,308],[460,362],[45,307],[634,398],[132,12],[-24,-121],[140,-290],[-68,-627],[154,-550],[-260,-229],[-424,-668],[-437,-232],[-537,-563],[127,-359],[227,-326],[315,-153],[127,38],[982,998],[2380,1546],[724,82],[323,592],[409,451],[-75,-516],[138,-340],[-310,-438],[-40,-349],[-399,-393],[193,-196],[-11,-338],[114,-349],[-77,-379],[324,-677],[121,-562],[169,-208],[822,-578],[731,-77],[235,120],[169,-8],[123,-117],[48,-411],[641,-485],[300,-7],[99,583],[322,17],[1133,615],[687,82],[240,111],[519,-270],[596,-147],[444,87],[511,-374],[199,3],[205,130],[84,176],[272,94],[448,-43],[613,311],[124,169],[154,793],[279,211],[580,85],[388,-191]],[[1959347,2362077],[-278,-1254],[262,-868],[-63,-966],[241,-251],[63,-1332],[-212,-544],[-68,-52],[-157,51],[9,-227],[-90,-98],[251,-162],[-104,-203],[265,-206],[-95,-164],[52,-280],[478,-298],[447,14],[426,194],[151,288],[2140,-1202],[1231,-1193],[5808,-3413],[922,310],[120,-794],[-4991,-5254],[196,-158],[205,155],[114,-18],[37,-189],[102,-72],[819,82],[636,-124],[374,-249],[214,-10],[148,118],[241,-298],[174,23],[589,-519],[508,161],[131,-42],[179,-380],[11,-294],[235,-126],[399,-28],[92,-215],[382,-241],[-7,-155],[152,-60],[-38,-390],[242,-413],[2028,-1111],[56,-23],[306,796],[1712,-979],[-35,-168],[80,-30],[58,166],[952,-323],[549,22],[-80,-241],[135,-278],[1417,-392],[-222,-500],[-179,-32],[-129,76],[31,-187],[267,-221],[-243,-271],[967,-895]],[[1979960,2336140],[-219,-332],[-75,-617],[180,-428],[440,-381],[119,-290],[2402,-2389],[3185,-2838],[310,-8],[45,-151],[339,-239],[37,-1410],[98,-170],[662,-414],[-1,-208],[-174,-370],[-62,-352],[111,-171],[227,-116],[415,-65],[28,-126],[2798,-3627],[5156,-6588],[189,-11],[601,-290],[443,-41]],[[1997214,2314508],[35,-538],[-219,-732],[69,-286],[151,-171],[93,-354],[1,-526],[267,-709],[499,-377],[961,-56],[255,-80],[220,-182],[209,-217],[592,-1029],[291,-766],[-12,-308],[-173,-229],[-336,-184],[-1066,320],[-371,22],[-162,-126],[-301,-69],[-672,34],[-822,-253],[-414,-332],[-384,-1212],[-11,-286],[394,-983],[-11,-205],[-23,-149],[-208,-183],[-382,-618],[-880,-607],[-892,-138],[-1575,-93],[-1000,-214],[-2300,-1047],[-1128,-980],[-330,-943],[-532,-1086],[-833,-756],[-853,-417]],[[1985361,2297443],[-325,-57],[-865,-518],[-1001,-93],[-1983,259],[-959,-207],[-369,-331],[-211,-290],[-221,-757],[0,-1688],[-211,-1730],[-327,-290],[-527,-145],[-675,0],[-274,-135],[-137,-186],[-159,-249],[-94,-953],[137,-1098],[-127,-259],[-316,-93],[-664,155],[-464,311],[-348,93],[-601,-72],[-198,-206],[-304,11],[-376,492],[-124,458],[-484,161],[-180,-209],[-144,-31],[-144,211],[-439,286],[-218,-38],[-183,-349],[-727,80],[-332,199],[-42,-113],[73,-276],[-124,-124],[-202,49],[-191,172],[-363,-83],[-546,80],[-227,268],[132,541],[-37,188],[-202,351],[-518,516],[-67,235],[67,254],[-438,249],[-99,160],[-8,528],[-225,182],[-171,-55],[-152,-249],[25,-199],[312,-422],[-65,-252],[-213,-179],[-492,36],[-189,-224],[-101,-251],[101,-666],[-809,-492],[42,-304],[-73,-138],[-144,-61],[-213,72],[-459,271],[-166,251],[-374,-257],[-118,14],[-427,323],[-70,249],[-138,102],[-517,-33],[-228,86],[-242,326],[-425,16],[-199,116],[34,376],[590,-14],[124,141],[19,177],[-236,218],[-152,287],[-337,50],[-37,285],[-236,93],[-118,139],[-53,919],[211,605],[-76,290],[81,100],[444,91],[411,-14],[93,105],[-231,246],[-663,450],[-335,636],[-500,337],[-228,290],[-585,157],[-340,238],[-501,154],[-952,13],[-232,283],[-436,76],[-991,394],[-264,207],[-228,370],[-327,321],[-791,138],[-218,114],[-449,459],[-236,-21],[-148,-131],[-42,-476],[-369,-118],[-773,18],[-601,386],[-221,235],[-440,-155],[-284,-301],[-180,-69],[-1352,184],[-73,-277],[-354,-146],[-191,-204],[103,-174],[443,-364],[89,-480],[-88,-174],[-501,-583],[-766,-161],[-353,-597],[-383,-408],[-250,-684],[59,-262],[354,-159],[74,-160],[-189,-1543],[14,-160],[148,-175],[30,-480],[-88,-495],[105,-610],[-408,200],[-124,280],[-313,132],[-382,-58],[-211,109],[-414,37],[-95,86],[-444,-118],[-238,-109],[-70,-114],[-63,-383],[-2309,-1810],[-1350,-1533],[78,-245],[513,-615],[-324,-398],[-1338,-1157],[-663,-476],[-168,-744],[-675,-759],[-117,-411],[27,-513],[-416,-52],[-506,-1066],[-403,-655],[-104,-90],[-741,-117],[-364,-193],[-130,-218],[-1390,-1440],[-714,-450],[-1235,-489],[116,218],[25,1001],[-130,167],[-260,90],[-912,1154],[-859,461],[-1159,355],[-900,641],[-253,-39],[-275,-254],[-394,99],[-641,-248],[-765,392],[-196,-77],[-225,99],[-208,-66],[-175,133],[-309,-266],[-191,332],[-90,5],[-73,-60],[-6,-244],[-112,-104],[-512,27],[-332,-94],[-281,-188],[-118,183],[-489,-254],[-332,60],[-242,-392],[-34,-619],[-652,-779],[107,-176],[658,-161],[90,-364],[292,-160],[45,-321],[-67,-66],[-473,132],[-292,-33],[-422,-442],[-697,-409],[-253,-292],[50,-332],[-376,0],[225,-552],[-6,-83],[-253,-182],[259,-343],[118,-331],[703,-111],[326,-608],[45,-353],[185,-260],[191,-17],[411,161],[197,-89],[129,-265],[574,-547],[-28,-331],[-1159,-967],[-315,-359],[-5,-354],[517,-436],[6,-111],[-1080,17],[-433,436],[-416,17],[-388,171],[-675,663],[-285,126]],[[1909160,2314724],[931,476],[105,329],[-89,1111],[721,279],[298,209],[1387,1876],[351,313],[387,104],[880,71],[826,-16],[633,556],[333,469],[422,-17],[1355,-414],[176,173],[17,243],[-194,486],[-564,676],[-229,469],[-493,468],[-353,520],[70,278],[246,330],[668,383],[545,139],[1671,-171],[755,504],[282,-34],[282,-312],[141,-503],[19,-1111],[123,-139],[300,-69],[264,-260],[581,-937],[986,-779],[546,-260],[615,18],[528,140],[896,539],[439,556],[-142,954],[52,278],[720,1008],[333,990],[263,312],[317,140],[878,903],[1441,818],[211,313],[-36,347],[-687,849],[-70,191],[789,1737],[632,591],[826,365],[369,331],[70,468],[-371,937],[17,590],[738,522],[211,434],[209,1164],[264,525],[-610,3627],[-52,2229],[54,335],[405,849],[303,174],[54,113],[-1,341],[133,245],[732,688],[188,-53],[546,-412],[381,150],[91,84],[132,735],[-31,440],[239,611],[1497,1087],[280,59],[819,-255],[1119,198],[738,1086],[858,770],[559,849],[99,848],[-142,1715],[479,454],[1799,489],[227,155],[944,309],[751,-43],[742,197],[1651,266],[2498,1038],[978,292],[708,-68],[166,-86],[367,-541],[244,-180],[227,-112],[323,0],[577,550],[148,300],[184,1390],[113,249],[393,232],[743,42],[183,121],[131,223],[219,703],[0,1837],[96,609],[227,515],[375,249],[420,103],[1083,-112],[909,199]],[[2100688,2417600],[-277,-328],[-11,-310],[591,210],[455,66],[534,-442],[1101,-156],[408,-169],[517,48],[431,-303],[925,-298],[352,-286],[580,-684],[344,-625],[348,-397],[481,-514],[524,-339],[1290,-269],[394,228],[1286,-225],[281,52],[172,-107],[443,-563],[341,-127],[615,227],[608,45],[643,208],[373,-63],[280,-414],[646,-569],[866,-591],[1142,-1083],[1164,-1293],[680,-259],[310,-227],[95,-475],[-259,-878],[304,-685],[23,-343],[-208,-536],[-433,-646],[-12,-155],[231,-160],[180,-265],[585,-1205],[230,-270],[287,-1221],[247,-221],[433,-133],[428,-265],[731,-729],[320,-547],[287,-265],[79,-349],[-51,-215],[-236,-326],[-6,-276],[1052,-674],[382,-1459],[349,-856],[461,-348],[96,-171],[-332,-1934],[39,-2746],[-157,-1977],[101,-1210],[259,-658],[11,-320],[-163,-205],[-484,-315],[-635,-292],[101,-520],[709,-1696],[174,-646],[208,-265],[1372,-282],[1822,-41]],[[2128145,2381263],[-461,-216],[-1132,-325],[-668,-69],[-2544,532],[-2011,663],[-1047,20],[-1209,152],[-689,-27],[-1989,276],[-2882,166],[-2931,580],[-464,180],[-2067,1429],[-1012,925],[-829,587],[-1167,746],[-584,262],[-1616,-732],[-155,-414],[-801,-1001],[-71,-946],[-147,-360],[-317,-276],[-752,-407],[-675,-974],[-1173,-732],[-1167,-228],[-457,-186],[-155,-159],[-288,-725],[-204,-228],[-1258,-698],[-815,-297],[-1097,-1125],[-1005,-863],[-2172,-1126],[-2397,-2017],[464,-490],[661,138],[133,-497],[703,-325],[-112,-538],[210,-753],[218,-318],[71,-442],[-71,-559],[113,-476],[907,-912],[224,-691],[-21,-352],[-105,-200],[-42,-787],[316,-346],[169,-400],[274,-104],[218,-718],[-260,-221],[-380,138],[-274,-27],[-253,-346],[-408,-172],[-42,-90],[-49,-725],[84,-359],[-147,-249],[-239,-801],[-28,-760],[70,-366],[-197,-158],[77,-263],[-161,-131],[-21,-283],[-204,-242],[-28,-400],[-668,-63],[-548,539],[-260,14],[-106,-76],[-119,-442],[-14,-587],[-197,-394],[147,-835],[-77,-788],[-416,-889],[-255,-155],[-387,173],[-413,8],[-272,-241],[-413,-622],[-176,-86],[-422,-61],[-342,78],[-651,0],[-140,-112],[-114,-1062],[-150,-354],[-843,-34],[-352,-190],[-123,77],[-17,130],[-132,17],[-158,-199],[-369,-43],[-167,-250],[-352,190],[-237,9],[-334,-199],[-264,60],[-1063,-138],[-536,-371],[-237,-414],[-395,-87],[-141,-172],[-132,-760],[-70,-52],[27,-362],[140,-173],[193,-26],[132,-708],[703,-336],[97,-121],[123,-742],[9,-656],[369,-242],[-36,-527],[-246,-466],[-35,-319],[-254,-544],[-545,-622],[9,-336],[386,-441],[97,-474],[1362,-846],[254,-363],[-96,-423],[0,-898],[-431,-362],[-105,-1433],[-123,-259],[-26,-294],[-343,-319],[-79,-198],[-53,-2115],[97,-242],[351,-328],[-44,-527],[97,-198],[914,-837],[474,-924],[-2100,-1157],[-1344,-431],[-1367,-662]],[[2076299,2331133],[-255,-65],[-635,84],[-676,-140],[-285,15],[-278,140],[-357,376],[-677,376],[-504,1557],[-390,338],[-232,1347],[-749,957],[44,1090],[-104,846],[341,716],[-529,686],[-106,362],[-10,653],[-422,425],[-559,372],[-393,822],[-598,760],[-518,250],[-1125,216],[-343,311],[-483,172],[-141,242],[-316,61],[-44,310],[-685,380],[-404,449],[-255,509],[-334,346],[-308,103],[-492,-34],[-254,69],[-264,207],[-149,129],[26,251],[-105,354],[-326,250],[-87,328],[-282,164],[-193,423],[-263,0],[-97,328],[-510,466],[-149,371],[88,242],[369,492],[-308,216],[-96,526],[17,650],[-372,324],[-71,173],[296,-69],[232,359],[-99,255],[14,235],[331,228],[407,111],[232,207],[-21,214],[-548,670],[-851,366],[-70,352],[-443,-55],[35,214],[324,380],[21,151],[-415,290],[-211,940],[-225,-49],[-42,608],[-183,21],[-443,-228],[-344,-7],[-779,350],[-199,19],[-167,135],[-101,602],[378,430],[193,867],[-28,415],[56,110],[710,-124],[92,48],[-28,504],[-443,421],[-478,63],[-598,-263],[-267,131],[-176,-469],[-295,-207],[-161,103],[126,394],[-35,138],[-225,14],[-281,-97],[-127,-138],[92,-421],[-78,-159],[-379,-352],[-745,-504],[-218,-1085],[-14,-1111],[-92,-201],[-316,-352],[-176,-76],[-745,0],[-176,-110],[-470,-553],[-78,-822],[-168,-96],[-570,89],[-259,-256],[-37,-342],[688,-434],[119,-257],[-26,-223],[-267,-7],[-545,-572],[-123,-913],[-611,-290],[-183,-283],[-344,-255],[-282,-83],[-499,14],[-295,228],[253,297],[-218,27],[-77,269],[-141,63],[-77,193],[28,117],[394,256],[-113,152],[-168,14],[-282,228],[-485,207],[-405,-68],[-98,296],[-319,241],[-471,221],[-469,53],[-83,238],[-179,-104],[-275,-357],[-655,48],[-164,-79],[-38,-103],[169,-193],[-126,-414],[-338,-76],[-176,-221],[-176,-48],[61,381],[-124,703],[111,646],[-230,590],[232,407],[-42,111],[-465,347],[-146,197],[-239,613],[-434,389],[-174,432],[-475,632],[-267,104],[-371,-114]],[[2041566,2358036],[63,848],[1912,2935],[358,946],[1870,4054],[197,649],[-35,276],[126,939],[197,415],[246,241],[35,346],[113,172],[372,2956],[176,504],[77,670],[-77,1733],[-133,912],[-345,1447],[-198,304],[-27,185],[125,1122],[-92,237],[233,1344],[172,382],[691,861],[657,-110],[167,370],[445,183],[75,564],[466,592],[901,917],[307,572],[107,504],[299,408],[5,199],[662,733],[747,1299],[696,760],[242,515],[114,96],[184,602],[29,406],[560,516],[172,652],[138,138]],[[2082945,2416080],[694,35],[1283,280],[829,425],[886,659],[1139,546],[1339,1001],[660,691],[514,400],[2070,1233],[952,1005],[2393,1367],[1438,1335],[259,129],[981,868],[310,182],[499,137],[71,-21],[-29,-96],[-506,-210],[-253,-587],[-7,-225],[49,-124],[735,-628],[137,-439],[559,-504],[-57,-300],[-246,-90],[-52,-100],[66,-708],[-49,-1005],[549,-1937],[242,-38],[151,-321],[243,-107],[109,-701],[-222,-204],[7,-428]],[[1991058,2246867],[353,503],[30,352],[-772,1797],[214,374],[292,60],[207,976],[0,323],[-308,1119],[152,340],[42,555],[902,978],[156,452],[422,592],[1350,1044],[194,365],[-13,360],[451,1024],[241,277],[961,-41],[417,246],[124,138],[335,937],[247,237],[438,220],[365,478],[520,910],[616,174],[728,415],[639,-179],[404,682],[684,455],[109,640],[220,212],[645,-67],[1560,74],[661,221],[517,13],[595,347],[572,465],[144,746],[486,837],[319,732],[-93,932],[-270,192],[-132,405],[186,845],[-3,1061],[291,683],[399,367],[83,208],[599,658],[826,1420],[636,709],[201,345],[410,874],[-188,676],[54,672],[59,181],[128,36]],[[2010463,2277514],[179,325],[7,233],[572,173],[164,227],[454,207],[168,325],[626,354],[348,732],[645,645],[1,118],[-169,118],[-16,130],[608,604],[-25,322],[117,292],[-87,408],[185,238],[-224,731],[-142,190],[-626,420],[-168,271],[-660,343],[-133,163],[273,388],[-53,233],[70,934],[462,440],[371,233],[414,542],[56,328],[160,277],[280,288],[615,345],[253,273],[169,923],[204,201],[323,651],[774,341],[453,339],[39,189],[182,-225],[691,39],[701,-230],[286,-8],[125,-120],[27,-247],[158,-225],[641,-204],[512,-682],[99,-444],[97,-119],[1,-558],[200,-494],[662,-547],[54,-164],[284,209],[127,516],[312,209],[849,338],[515,-13],[217,-106],[240,181],[506,-27],[601,458],[252,-40],[355,123],[816,536],[317,89],[436,-204],[426,-443],[188,-845],[1767,-408],[585,-391],[250,-273],[189,-49],[218,44],[425,396],[748,878],[454,672],[365,303],[235,-23],[783,-407],[1023,-87],[787,-269],[1634,33],[542,-148],[321,-359],[370,-73],[1511,863],[619,50],[788,-117],[798,64],[943,401],[696,-40],[227,57],[467,296],[1221,128],[315,160],[875,1270],[1511,1217],[603,9],[294,220],[156,15],[386,-298],[764,-361],[233,-205],[235,2],[84,-297],[255,-57],[546,154],[449,491],[804,-3],[1071,660],[78,85],[-56,354],[79,184],[770,495],[703,815],[137,495],[318,287],[-203,365],[245,137],[99,554],[167,289],[518,261],[450,-126],[523,144],[731,-122],[93,56],[40,477],[-158,571],[-242,308],[-4,178],[160,253],[515,476],[173,290],[181,920],[376,460],[38,216],[-199,613],[85,228],[628,849],[-114,359],[-45,575],[332,265],[703,-83],[866,61],[541,578],[494,361],[146,291],[67,571],[-4,362],[-142,407],[109,247],[-3,342],[516,445],[583,815],[234,105],[782,39],[388,239],[193,25],[598,-108],[815,-28],[475,-148],[337,33],[556,393],[187,424],[568,249],[185,751],[248,271],[11,177],[-551,696],[506,602],[512,801],[275,923],[832,1453],[141,94],[298,-34],[84,72],[90,509],[383,524],[146,586],[157,293],[28,226],[-82,321]],[[2073264,2318475],[791,1070],[180,364],[646,146],[263,155],[352,680],[510,306],[-65,364],[88,239],[652,261],[1211,1049],[163,43],[366,-102],[-539,-1269],[-1484,-3039],[-1055,-1061],[-184,-294],[-9,-328],[316,-993],[932,-4255],[448,-1701],[334,-811],[454,-680],[483,-521],[43,-604],[397,-693],[-2,-2825],[825,-1724],[300,-256],[660,-108],[1575,-594],[1541,-366],[850,-91],[811,-298],[1387,-220],[566,150],[370,186],[1136,821],[430,78],[545,236],[1680,1214],[1835,1485],[1011,707],[810,458],[437,523],[1099,917],[1055,447],[352,580],[1432,1134],[291,165],[803,179],[480,874],[624,509],[755,803],[510,354],[1124,2151],[390,496],[630,367],[173,259],[63,344],[736,1034],[605,1183],[498,604],[301,796],[-91,1052],[107,322],[347,367],[326,130],[282,259],[42,451],[344,796],[282,323],[500,174],[303,324],[64,472],[606,712],[301,860],[1236,1281],[453,925],[736,1013],[1368,606],[3010,3728],[369,367],[957,489],[718,662],[232,346],[734,1927],[274,389],[539,364],[169,210],[374,1853],[408,1257],[498,158],[775,-174],[805,97],[1508,2212]],[[2045464,2444013],[-1478,-991],[-436,-428],[-309,-677],[-197,-1091],[98,-442],[366,-580],[2432,-2997],[1504,-3702],[-56,-911],[-267,-1216],[-1083,-1616],[-1138,-2182],[-225,-815],[225,-1491],[154,-539],[450,-1008],[239,-1243],[0,-1133],[-98,-538],[-253,-456],[-1603,-857],[-1026,-773],[-506,-552],[-1697,-3252]],[[2040560,2414523],[-661,210],[-476,80],[-219,-49],[-135,361],[56,301],[-59,83],[-180,-38],[-149,-232],[-360,52],[-174,-163],[-256,174],[-323,-155],[-160,133],[-116,-69],[-196,80],[14,566],[-93,72],[-318,-14],[-394,-547],[-216,169],[-360,-146],[-104,475],[-385,-141],[-141,304],[-329,19],[-42,-61],[73,-160],[-228,-91],[79,-243],[-346,-249],[-39,-483],[-79,-125],[-77,29],[-13,192],[-174,241],[-183,-158],[-216,-36],[-158,174],[-379,-251],[-298,17],[-366,-238],[-56,-318],[-388,224],[-284,-309],[-337,5],[-133,183],[-272,94],[-279,267],[-33,186],[132,262],[-48,86],[-427,38],[-124,80],[-90,-118],[-146,0],[-163,221],[-161,24],[-416,362],[-205,-22],[-248,238],[-194,61],[-227,331],[-169,-22],[-427,-391],[-261,10],[-148,-102],[-582,354],[-399,87],[-212,189],[-207,-87],[-167,29],[-325,-161],[-286,189],[-104,199],[-202,54],[-153,223],[-268,119],[-732,-382],[-167,-161],[-79,112],[-197,24],[-74,151],[-271,4],[-88,169],[-601,107],[-88,252],[-326,259],[-32,300],[-418,45],[-116,-107],[-271,252],[-253,-3],[-137,90],[-271,-80],[-242,162],[-503,-234],[-123,10],[-938,466],[-70,187],[-229,186],[40,225],[-143,128],[-3,136],[-423,78],[-292,636],[-390,143],[-30,390],[-295,55],[-599,603],[-401,-62],[-1381,419],[-749,18],[-423,181],[-329,305],[-936,360],[-386,245],[-962,-57],[-584,99],[-232,88],[19,151],[-180,111],[23,205],[-345,-25],[-396,331],[-292,92],[-124,257],[-329,309],[-49,526],[-165,110],[-224,578],[-977,743],[-195,290],[-251,570],[-187,1015],[-269,497],[-274,1281],[-474,663],[-496,408],[-917,1274],[-433,366],[-119,691],[-119,254],[-1055,1296],[-109,449],[-228,186],[-246,394],[-767,732],[-1781,1195],[-615,290],[-594,583],[-261,145],[-899,1288],[-506,421],[24,674],[-337,172],[-387,615],[-295,290],[-74,197],[-277,193],[-39,518],[-520,435],[-239,380],[-232,632],[0,469],[-513,1257],[52,587],[-165,373],[-274,242],[-339,1181],[-291,175],[-253,426],[-93,564],[-409,489],[-84,398],[-274,219],[-426,891],[-236,360],[-329,307],[93,269],[-22,237],[119,559],[-38,344],[84,244],[-17,386],[-220,607],[-444,722],[-195,-73],[-422,169],[-591,469],[-301,379]],[[1987829,2457022],[824,768],[349,508],[1113,1171],[276,437],[-57,265],[72,231]],[[2017130,2460920],[128,-26],[49,-108],[-232,-400],[362,-200],[15,-83],[-99,-127],[84,-239],[-29,-385],[-257,-572],[30,-253],[238,-59],[618,235],[154,-166],[206,-531],[965,-177],[152,-324],[-36,-397],[189,-439],[16,-371],[92,-119],[-110,-460],[506,112],[900,561],[434,827],[601,821],[230,129],[472,26],[105,140],[954,492],[310,-88],[48,-336],[298,-85],[109,-167],[289,-109],[255,-222],[761,-6],[-200,-554],[751,-29],[227,-728],[285,-278],[-41,-686],[153,-91],[17,-118],[449,-144],[-115,-447],[438,-83],[415,37],[544,-256],[990,-236],[1708,-45],[-184,-653],[-164,-1582],[-994,-2598],[-58,-1236],[-959,-1660],[-128,-893],[-124,-318],[-115,-963],[550,-328],[816,-735],[1157,2216],[1804,-1410],[503,-906],[811,-562],[168,-41],[692,129],[1790,891],[1270,497],[827,613],[187,15],[340,-128],[839,125],[804,381],[819,-1350],[469,-19],[177,80],[371,-29],[1115,145],[758,545],[138,-59],[227,-310]],[[1987204,2681185],[-540,226],[-789,616],[-870,73],[-449,329],[-309,-90],[-837,166],[-516,-147],[-240,-187],[-458,-74],[-494,296],[-257,-19],[-1036,431],[-185,141],[-192,478],[-239,110],[-780,-400],[-594,213],[-615,-227],[-295,69],[-346,-76],[-484,589],[-158,392],[-758,651],[-400,567],[-50,736],[83,389],[-230,336],[-291,181],[-409,18],[-328,176],[-1127,-322],[-992,404],[-573,28],[-643,-85],[-422,530],[-151,68]],[[1976346,2694182],[143,-26],[216,-188],[169,-509],[440,-15],[574,-341],[500,-494],[169,-29],[189,78],[311,-114],[353,-2],[52,-152],[198,-34],[51,-139],[218,76],[260,-83],[161,53],[192,-253],[318,89],[329,-96],[188,70],[92,233],[398,-6],[266,567],[45,290],[441,268],[29,193],[-237,466],[95,231],[136,106],[202,-32],[344,168],[499,-40],[205,-174],[315,2],[165,-216],[129,-21],[129,92],[-122,182],[88,340],[116,-27],[145,-271],[186,62],[-55,520],[129,-86],[320,73],[242,-108],[418,54],[390,-347],[267,217],[206,-147],[126,-1],[239,246],[82,461],[283,132],[853,83],[174,297],[198,-230],[556,-137],[400,17],[194,-81],[354,132],[364,-183],[545,103],[150,-107],[74,-182],[270,-117],[140,-482],[732,-235],[512,-29],[301,204],[42,215],[-322,528],[4,406],[-92,166],[-269,194],[-91,473],[-257,636],[153,374],[-8,277],[-125,310],[2522,2951],[-4,235],[-244,459],[12,649],[-102,108],[-142,-4],[-167,-195],[-86,23],[-14,124],[-163,89],[155,381],[-194,98],[-360,514],[-131,36],[-96,142],[323,609],[392,7051],[263,3188],[-3154,2538],[32,314],[-80,143],[251,151],[-86,418],[184,159],[-314,904],[117,773],[-175,185],[-43,165],[135,525]],[[1991373,2720865],[483,354],[895,448],[669,204],[815,-27],[473,-125],[274,258],[198,574],[222,174],[256,74],[641,-25],[183,-80],[185,-215],[222,-547],[577,-343],[230,20],[144,433],[90,710],[39,1307],[143,305],[110,728],[183,127],[1009,28],[526,218],[292,271],[-56,594],[-239,406],[-221,1208]],[[1999716,2727944],[64,115],[197,74],[286,-105],[785,28],[652,-177],[144,25],[160,130],[275,569],[211,58],[456,-135],[152,33],[517,389],[228,514],[1093,-295],[-65,-190],[222,-33],[110,-151],[25,-409],[-313,-713],[-263,-268],[-2,-665],[-92,-294],[53,-618],[-210,-220],[352,-946],[355,42],[688,-491],[627,-59],[585,-414],[564,20],[288,223],[766,-107],[289,172],[132,-299],[246,-283],[785,-395],[435,-406],[80,-453],[209,27],[409,-221],[349,9],[462,336],[285,-78],[236,-274],[215,-19],[363,99],[135,286],[211,70],[355,-372],[215,119],[324,-112],[241,165],[185,371],[368,331],[274,113],[255,321],[230,12],[480,-354],[456,9],[195,108],[146,264],[473,345],[1201,18],[300,122],[434,-529],[301,-48],[56,-400],[296,-246],[-217,-417],[-477,-339],[156,-683],[-30,-773],[-115,-287],[-364,-287]],[[2054327,2465302],[-1217,-2295],[-169,-663],[-211,-248],[-787,-580],[-886,-511],[-464,-649],[-154,-470],[-478,-4061],[70,-1657],[-56,-1271],[-56,-304],[-563,-953],[-520,-248],[-211,-304],[-56,-760],[-323,-1574],[14,-290],[281,-718],[14,-470],[-464,-1505],[-366,-553],[-239,-221],[-717,-276],[-1305,-708]],[[1989576,2763222],[-45,-500],[-236,-874],[-377,-376],[135,-854],[244,-217],[580,-141],[344,-465],[357,-289],[-152,-466],[-504,-391],[198,-192],[216,-63],[-65,-253],[-197,-36],[-355,-237],[-401,0],[-365,-298],[-271,13],[-203,-143],[-703,-99],[159,-449],[150,-146],[64,-465],[122,-33],[-236,-272],[-200,-423],[34,-278],[-73,-296],[-70,-22],[173,-239],[-139,-62],[-33,-210],[-245,-282],[-49,-202],[36,-80],[225,-69],[81,-349],[-160,-89],[-194,44],[-91,-97],[85,-167],[-111,-95],[-7,-298],[189,-281],[-175,-189],[87,-135],[325,-154],[-150,-155],[19,-314],[127,-175],[-126,-108],[2,-163],[-92,-79],[52,-514],[-119,-82],[17,-156],[-133,-179],[-200,-948],[51,-220],[-131,-54],[27,-588],[-135,-324],[149,-200],[-67,-324],[134,38],[259,-90],[-82,-176],[614,-840],[524,-298],[-54,-340],[416,-638],[46,-662],[433,-615],[252,-193],[1127,-307],[508,466],[137,65],[236,-63],[278,223],[573,213],[284,-157],[67,-168],[399,-111],[203,-238],[197,-78],[129,-221],[250,-156],[252,-1],[247,-191],[152,-236],[194,-101],[84,-216],[-21,-253],[259,-381],[-47,-270],[66,-304],[-172,-610],[212,-207],[69,-196],[-57,-291],[190,-136],[61,-217],[-38,-255],[-126,-78],[-35,-129],[460,-539],[-23,-106],[-139,-73],[21,-298],[472,-340],[76,-473],[651,216],[629,-51],[59,-122],[-42,-1055],[-534,-1072],[17,-555],[-345,-401],[41,-130],[341,-339],[52,-308],[167,-199],[67,-431],[99,-153],[-196,-276],[329,-476],[35,-432],[-158,-195],[-558,-179],[-569,-377],[9,-214],[-139,-143],[-79,-345],[54,-199],[87,-177],[194,-27],[38,47],[-139,147],[153,80],[32,111],[488,-9],[64,113],[123,-30],[277,148],[97,148],[170,-8],[222,-238],[0,-296],[420,-348],[546,-149],[527,-811],[246,-190],[140,-304]],[[1991373,2720865],[-844,-519],[-256,-4],[-936,-288],[-329,171],[-543,654],[-432,155],[-841,-456],[-1212,-168],[-87,-127],[-34,-384],[-140,-133],[-384,-118],[-305,30],[-453,-218],[-405,74],[-514,-395],[-765,-334],[50,-555],[-991,-781],[-98,-406],[-441,-519],[-239,-94],[-889,91],[-411,-116],[-438,121],[-284,-74],[-315,-326],[-56,-512],[-293,-359],[-674,-517],[-404,137],[-178,-377],[-322,-73],[69,-431],[-269,-99]],[[1951696,2705681],[651,1497],[-287,1770],[-212,172],[-248,1157],[210,758],[-1,74],[-147,63],[-28,415],[327,860],[224,378],[154,62],[157,368],[-300,-20],[-115,152],[-419,218],[-144,-157],[-422,-14],[-265,362],[252,301],[-478,37],[-452,260],[-174,300],[-294,-44],[106,1350],[-103,59],[-42,281],[-199,131],[-272,43],[152,122],[-5,199],[-434,83],[38,93],[271,126],[88,259],[-146,58],[160,209],[-40,197],[175,307],[-272,279],[-352,125],[-677,49],[-172,-172],[-31,-140],[-209,51],[-74,-120],[-295,85],[-274,-65],[-76,119],[-118,6],[226,108],[-92,249],[221,73],[69,138],[-217,763],[170,192],[10,135],[-231,293],[-41,425],[-454,-232],[-493,151],[-628,-260],[-212,-291],[-144,-62],[-369,194],[-316,320],[-5,456],[-105,-14],[-151,-264],[155,-695],[-74,-185],[-821,152],[-147,-415],[-639,81],[56,-322],[-48,-140],[-113,-125],[-321,3],[81,747],[-93,380],[35,474],[210,338],[48,233],[25,824],[272,493],[172,127],[-201,173],[-1,178],[229,281],[516,284],[226,407],[241,84],[13,272],[319,174],[46,284],[236,117],[114,305],[271,134],[284,623],[433,236],[59,145]],[[2040560,2414523],[-1987,-4151],[-984,-3854],[0,-1022],[324,-994],[719,-1133],[157,-628],[-9,-741],[116,-252],[-280,-1445],[-127,-262],[-1167,-1257],[-126,-249],[-380,-207],[-1181,-138],[-1827,41],[-422,-69],[-689,-345],[-801,-1008],[-352,-608],[-745,-1602],[-253,-788],[-675,-1284],[-731,-608],[57,-386],[225,-479]],[[2029422,2391054],[-381,-690],[-202,-762],[-315,-697],[-804,-1204],[-478,-486],[-1462,-956],[-815,-370],[-754,-160],[-512,116],[-832,508],[-1445,376],[-804,-210],[-602,-387],[-1726,-1447],[-681,-719],[-1338,-1204],[-439,-657],[-163,-111],[-1293,-16],[-1041,-133],[-1265,-978],[-973,-1359],[-112,-580],[112,-265],[833,-851],[658,-917],[421,-448],[236,-381],[190,-540]],[[2013435,2375526],[-195,-681],[-692,-525],[-1647,-386],[-343,-177],[-535,-116],[-1479,-55],[-1855,-194],[-3082,-11],[-467,-177],[-916,-685],[-1167,-542],[-786,-183],[-407,-419],[-232,-5],[-412,188],[-368,502],[-565,8],[-475,220],[-308,-166],[-184,19],[-329,319],[-727,398],[-254,61],[-175,171],[-32,233],[299,200],[136,192],[-5,200],[-245,344],[-524,146],[-963,58],[-124,389],[-214,161],[-354,21],[-220,155],[-554,-59],[-105,104],[-250,463],[-32,347],[-263,647],[-124,850],[-445,916],[-62,413],[-96,-29],[-74,-208],[-174,-46],[-1182,797],[-88,400],[22,436],[-321,366],[-150,343],[-469,507],[-46,626],[-79,85],[-216,-33],[-344,115],[-21,220],[-137,107],[-75,421],[-145,216],[-50,323],[-233,434],[91,384],[-112,213],[-274,212],[-224,393],[-5,437],[111,274],[-87,86],[42,139],[-167,401],[108,340],[-179,302],[-120,37],[-282,-91],[-133,209],[124,143],[-54,111],[-389,56],[-249,-57],[-199,171],[-282,82],[-191,245],[-469,0],[-236,290],[-198,102],[-51,151],[-659,12],[-183,335],[-502,380],[-317,-100],[-607,254],[-397,288],[-154,19],[-603,-217],[-2275,-822],[-549,-273],[-1438,-809],[-2929,-1929],[-1151,-974],[-1111,-412],[-15,-65]],[[1971561,2384267],[-62,71],[15,255],[-371,517],[41,170],[307,78],[-252,542],[-57,577],[-169,214],[240,144],[-371,255],[-49,166],[-390,313],[-146,318],[-23,325],[-158,118],[-8,455],[-112,107],[123,118],[-135,203],[131,155],[-94,137],[30,229],[-288,-15],[-177,284],[-288,118],[-135,255],[-349,77],[-277,181],[-161,428],[-593,598],[116,222],[-45,111],[-199,103],[-86,151],[-161,48],[-23,170],[-405,420],[-138,-118],[-221,-4],[-386,384],[31,209],[-65,112],[-341,103],[-19,167],[-162,203],[-101,328],[7,411],[-150,147],[-315,55],[-318,269],[-214,384],[126,636],[534,444],[152,649],[147,1433],[505,815],[119,2065],[-287,2459],[169,1138],[152,320],[-23,608],[602,956],[1304,303],[259,128],[-647,414],[34,221],[-197,608],[141,132],[191,17],[56,386],[118,-60],[135,-359],[596,-100],[366,-304],[247,-60],[456,270],[129,-121],[118,16],[186,-110],[-124,420],[141,132],[33,624],[-371,249],[85,254],[-304,310],[129,132],[-5,216],[-186,121],[-416,33],[-197,177],[107,55],[-6,105],[-438,614],[-242,171],[-135,-22],[-185,165],[882,509],[1333,1298],[1159,1956],[253,-83],[309,11],[56,127],[276,166],[84,265],[337,215],[85,409],[107,166],[157,22],[6,238],[281,105],[67,320],[-247,28],[-383,674],[-449,563],[-855,972],[-540,393],[-377,83],[-123,-83],[-259,-796],[-270,-359],[-186,105],[-151,989],[-220,133],[-17,121],[-146,105],[-79,17],[-348,-337],[-197,-67],[-607,144],[-237,-33],[-258,-149],[-478,66],[-383,-88],[-337,99],[-124,425],[147,558],[427,161],[62,94],[-11,220],[-327,177],[6,100],[478,226],[309,310],[-22,94],[-563,215],[-202,193],[-45,216],[242,983],[140,0],[349,-619],[411,547],[-119,393],[-359,353],[-315,188],[-169,315],[-124,83],[-264,-66],[-129,49],[157,205],[399,5],[147,127],[-29,172],[-157,171],[163,193],[17,326],[-607,265],[-57,194],[563,679],[534,326],[-51,127],[-348,55],[56,232],[264,166],[-79,299],[-146,99],[-208,-55],[-500,-608],[-349,-243],[-112,-204],[-484,-39],[-79,149],[1670,2392],[523,619],[816,1298],[416,901],[742,2000],[2609,5568],[529,2464],[1800,4203],[72,389],[269,245],[-156,406],[0,418],[215,1927],[549,1024],[1172,1541],[350,671],[123,622],[36,1334],[151,826],[-36,1618],[149,1185],[326,1041],[276,335],[116,306],[44,428],[473,1284],[384,622],[544,410],[248,21],[216,-133],[-5,-419],[-206,-633],[-80,-643],[-72,-2225],[126,-646],[886,-1977],[601,-885],[56,-1192],[74,-108],[140,-29],[368,152],[214,0],[508,-167],[243,-231],[250,7],[671,412],[766,102],[442,289],[645,133],[953,375],[1209,243],[115,144]],[[2023934,2721196],[53,397],[886,642],[235,895],[555,21],[285,252],[345,108],[197,458],[312,92],[686,642],[46,207],[-376,461],[7,278],[130,160],[880,338],[403,245],[129,380],[505,141],[281,213],[419,129],[-341,807],[-692,563],[-92,573],[132,244],[382,83],[344,-49],[367,235],[129,187],[421,-153],[195,68],[205,310],[285,100],[50,276],[301,93],[102,243],[342,-21],[-67,305],[463,-67],[8,208],[197,-12],[20,195],[273,-131],[108,170],[398,-6],[364,-126],[214,119],[163,-214],[104,-26],[167,72],[59,263],[489,-89],[166,129],[259,-15],[35,275],[131,35],[167,195],[87,319],[177,-36],[78,-158],[370,149],[216,-152],[132,146],[174,-4],[341,300],[267,-47],[309,138],[233,306],[398,-230],[137,7],[128,191],[-49,382],[77,137],[-83,483],[244,319],[145,486],[266,251],[-3,394],[104,161],[617,108],[408,-68],[59,343],[640,419],[316,661],[213,107],[222,367],[734,82],[212,-58],[-68,227],[80,258],[392,64],[178,-51],[82,134],[352,53],[64,104],[-57,135],[-249,-64],[-69,107],[92,184],[11,296],[650,296],[398,46],[77,147],[436,307],[909,314],[95,680],[581,450],[341,-64],[489,-321],[448,34],[109,157],[-10,296],[-172,234],[130,238],[-150,75],[-241,-30],[-258,316],[57,134],[212,6],[-44,247],[314,90],[1218,66],[168,105],[78,320],[810,584]],[[2050382,2743771],[10,2]],[[2050392,2743773],[-7,24]],[[2050385,2743797],[-10,30]],[[2050375,2743827],[-1,10]],[[2050374,2743837],[-21,20]],[[2050353,2743857],[-22,44]],[[2050331,2743901],[-48,130],[94,372],[-63,175],[-1358,1571],[-163,77],[-284,-40],[-141,-106],[-60,-278],[-105,-67],[-271,79],[-141,143],[-183,676],[-515,454],[-263,610],[-174,240],[-259,159],[-198,323],[98,643],[-47,524],[-555,568],[-244,525],[-311,4],[-316,241],[135,311],[-182,264],[244,305],[-24,199],[-180,124],[-247,392],[-242,-139],[-463,-61],[34,-246],[-156,119],[14,446],[157,584],[-83,249],[-196,97],[-66,153],[246,117],[49,172],[-267,82],[-56,215],[-153,85],[-661,135],[44,171],[-244,127],[263,170],[-62,621],[-120,47],[-158,-243],[-136,2],[-9,391],[117,224],[-252,21],[57,282],[-200,51],[6,295],[-83,33],[-256,-129],[108,280],[-403,20],[-15,261],[-380,45],[77,279],[-362,179],[214,201],[388,117],[111,304],[291,-105],[328,973],[602,29],[162,160],[-106,151],[103,14],[-2,209],[664,278],[125,200],[-44,477],[-290,55],[-203,-54],[-79,135],[100,283],[-233,297],[39,330],[401,459],[-178,120],[-348,500],[-10,367],[-317,257],[-625,-156],[-1225,434],[-773,-68],[-312,313],[-424,-72],[-249,172],[-244,-25],[-150,298],[-572,398],[-587,184],[-140,330],[-649,547],[-683,180],[-724,610],[-73,180],[-340,347],[-52,261],[-351,453],[-920,-27],[-502,-333],[-595,-204],[-616,108],[-690,-100],[-187,242]],[[2100688,2417600],[520,314],[253,-20],[334,-152],[165,255],[514,345],[-141,332],[250,797],[-218,266],[-53,297],[-190,218],[18,159],[190,145],[-95,504],[242,238],[95,345],[455,159],[341,388],[114,501],[346,501],[59,494],[345,464],[202,442],[376,225],[561,700],[536,108],[93,273],[569,162],[363,476],[1240,278],[653,402],[734,683],[160,332],[1021,762],[287,423],[607,518],[814,870],[249,584],[236,278],[489,323],[485,153],[118,224],[620,605],[228,518],[789,858],[987,1309],[940,1554],[1675,3244],[805,2673],[194,1027],[-687,3796],[-325,634],[219,953],[47,895],[122,476],[42,1500],[-266,1140],[-1002,2841],[-478,1020],[-143,1301],[42,676],[126,998],[536,2051],[333,609],[624,1521],[367,452],[996,625],[239,252]],[[2027703,2613082],[-405,-75],[-480,202],[-355,-125],[-87,-168],[42,-420],[-331,-370],[-166,-28],[-191,97],[-161,238],[26,422],[185,221],[-42,127],[-270,191],[-947,163],[-57,-75],[34,-273],[143,-210],[332,-238],[-315,-505],[-340,-166],[-821,-47],[-216,-91],[-166,171],[-3,285],[422,522],[64,229],[-109,635],[-270,351],[-565,-248],[-762,-732],[-329,-37],[-26,526],[-92,50],[-701,-389],[-257,-299],[-434,-137],[-477,104],[-308,232],[-206,377],[-36,585],[-1297,62],[-156,-179],[-160,-733],[-152,-153],[-169,-13],[-379,398],[-705,464],[97,547],[-164,373],[-574,431],[-728,103],[-166,88],[-264,735],[-631,711],[-546,83],[-260,532],[-135,105],[-1226,284],[-169,-36],[-140,-240],[-236,-108],[-1280,351],[-995,-174],[-633,-25],[-284,235],[-587,113],[-458,-812],[8,-702],[-748,-690],[-45,-514],[-87,-91],[-357,-33],[-419,251],[-416,3],[-782,331],[-453,94],[-210,-52],[-189,-293],[-199,-75],[-183,509],[-311,353],[-460,160],[-73,462],[-461,293],[-604,826],[-85,604],[-112,130],[-782,-392],[-1040,-58],[-122,86],[9,281],[-300,324],[-217,91],[-520,-83],[-523,-332],[-141,-11],[-913,478],[-425,-395],[-101,-334],[-335,-69],[-306,-227],[-172,-30],[-465,257],[-432,376],[-495,249],[-189,313],[-783,560],[-270,508],[-290,141],[-574,171],[-99,-40],[-334,-514],[-1003,-76],[-116,125],[-187,631],[30,576],[-267,518],[-45,587],[-520,398],[-717,369],[-316,394]],[[1987483,2623757],[-553,325],[-827,801],[-447,-86],[-556,130],[95,221],[512,329],[45,132],[-242,271],[-22,489],[-186,505],[-349,349],[59,168],[267,209],[20,208],[-419,845],[42,210],[130,150],[405,21],[61,78],[-120,174],[-186,86],[-31,284],[-606,292],[213,635],[85,31],[256,-150],[144,127],[1158,-92],[281,131],[496,-129],[219,86],[1319,11],[959,392],[374,-66],[194,152],[463,137],[507,949],[264,801],[-135,165],[14,755],[265,535],[820,276],[583,-369],[537,-126],[625,-36],[482,-154],[231,152],[16,223],[152,147],[719,126],[563,298],[-232,340],[118,437],[508,304],[1,366],[1153,2356],[230,848],[454,344],[1009,18],[133,139],[-122,397],[209,115],[-14,119],[-230,22],[-93,-265],[-151,17],[-79,126],[308,441],[76,437],[292,389],[-82,96],[-260,-103],[-125,192],[52,170],[299,182],[-109,141],[110,134],[-23,136],[-133,94],[-164,-6],[-58,142],[261,113],[230,348],[8,170],[-170,19],[-24,73],[294,83],[90,103],[-83,177],[-24,448],[-260,64],[-208,-69],[-208,111],[193,318],[74,364],[-200,215],[-198,76],[-46,153],[62,381],[-305,363],[106,150],[224,-54],[90,282],[20,437],[-171,227],[119,180],[-156,251],[2,148],[-434,110],[-315,203],[-529,17],[-307,147],[-747,-261],[-403,216],[-165,319],[33,159],[222,269],[-22,122],[-627,134],[-998,-277],[-8,-173],[-214,-72],[-169,41],[-193,-98],[-365,-12],[-107,135],[-322,1191],[1,1089],[-216,381],[-689,656],[-20,168],[-195,196],[12,101],[-361,140],[-612,833],[-232,48],[-52,166],[-303,163],[-199,-168],[-86,-225],[-304,238],[-140,23],[-48,139],[-195,73],[-82,-115],[-182,8],[-179,-191],[-240,61],[-151,-76],[-582,-38],[-241,46],[-136,149],[281,174],[99,322],[327,171],[117,184],[129,-17],[125,109],[140,215],[38,247],[186,172],[327,132],[-420,6],[20,286],[-178,163],[-14,346],[-139,290],[137,237],[157,95],[54,232],[-318,886],[-174,255],[158,211],[210,614],[253,211],[158,328],[-93,411],[218,283],[52,299],[153,105],[145,-57],[552,174],[338,9],[451,425],[111,319],[225,302],[435,227],[293,301],[226,-34],[491,444],[99,-9],[-6,-120],[90,-19],[124,232],[203,-57],[186,-325],[193,-80],[171,47],[234,-180],[137,355],[290,267],[322,-69],[-68,335],[311,151],[26,204],[195,220],[-359,-59],[-151,380],[410,463],[-209,51],[-259,-126],[-89,72],[-23,112],[157,184],[-194,15],[-98,153],[161,142],[-68,169],[83,264],[-664,170],[-76,360],[76,408],[511,365],[123,261],[757,590],[693,220],[376,-51],[458,645]],[[1987483,2623757],[-260,-91],[-295,-317],[-388,-31],[-200,108],[-101,333],[-215,158]],[[1986024,2623917],[-247,-29],[-266,-195],[-354,-35],[-276,-172],[-108,-168],[-234,-35],[-165,-257],[-200,-23],[-339,-423],[-559,-296],[-234,-284],[-87,0],[-46,154],[-499,-147],[-439,-519],[-1060,-837],[-380,-127],[-275,-464],[-740,-423],[-859,-201],[-474,-780],[-1044,-361],[-208,-323],[-453,-230],[-539,-1001],[-373,-123],[-213,-198],[-70,-280],[264,78],[332,-137],[244,94],[222,-168],[-36,-607],[556,-413],[-13,-117],[-205,17],[33,-266],[-211,-546],[-33,-380],[38,-105],[157,3],[102,-88],[-23,-348],[232,-345],[12,-140],[-406,-510],[-22,-224],[-176,-323],[-248,-102],[-148,-171],[-608,-165],[11,-204],[-227,-126],[357,-221],[95,-250],[253,127],[98,-143],[-119,-295],[-373,-408],[-260,-91],[-93,-202],[-176,-135],[-65,-226],[-224,106],[-346,-228],[-219,38],[-929,-451],[-442,-96],[-144,-187],[-428,-84],[-79,-499],[-213,-201],[-156,230],[-181,97],[-134,-2],[-155,-199],[-119,-31],[-215,157],[-335,1],[-353,-271],[-287,-348],[-622,95],[-310,-223]],[[1968956,2606907],[-126,19],[-94,184],[-154,68],[-115,-26],[-184,-219],[-336,430],[-682,210],[-338,252],[-509,20],[-279,440],[-92,660],[-179,220],[-282,171],[-18,247],[-225,-39],[35,283],[-208,3],[-30,118],[-125,63],[-215,-65],[-282,316],[-286,18],[-143,307],[-368,377],[-176,-1],[-727,-275],[-498,-261],[-176,-4],[-36,116],[-137,-10],[-100,-191],[8,-172],[-152,-93],[-59,-207],[-625,-258],[-729,55],[-449,-76],[-1404,519],[-344,51],[-350,0],[-1024,-204],[59,391],[-171,546],[28,166],[165,159],[689,162],[107,196],[105,250],[368,1964],[-50,255],[-266,248],[-186,456],[-553,559],[-3,806],[-142,348],[-865,605],[89,395],[301,351],[25,509],[403,484],[102,787],[-75,118],[-632,138],[-206,165],[-96,175],[11,597],[329,650],[407,136],[140,187],[503,1341],[69,1024],[-291,1538],[133,555],[-250,762],[-29,807],[-484,758],[-307,811],[-45,461],[63,346],[274,438],[-140,380],[37,261],[623,1826],[448,179],[942,21],[273,256],[74,816],[283,1145],[427,418],[-53,267],[183,159],[-151,299],[111,437],[-22,343],[-198,429],[-239,206],[-21,207],[-193,54],[191,345],[-66,351],[230,440],[19,330],[-583,394],[-271,-15],[-348,336],[-627,1989],[-372,88],[-445,-190],[-227,-229],[-884,1695],[971,657],[799,913],[1587,1043],[728,337],[-200,464],[-363,329],[-298,93],[-75,168],[-266,163],[-228,-88],[-140,120],[-71,198],[89,326],[-285,54],[-87,148],[68,141],[-258,156]],[[1957434,2649056],[189,320],[276,184],[56,302],[-96,115],[-349,99],[-622,837],[-125,289],[167,336],[-575,734],[-4,298],[139,84],[342,-58],[590,68],[547,-118],[91,-287],[137,-91],[612,82],[173,240],[95,759],[-156,357],[53,388],[720,400],[110,288],[274,203],[249,609],[-30,533],[278,273],[-102,182],[-338,175],[-629,-86],[-427,177],[-609,1002],[-4,129],[133,150],[-76,292],[322,239],[195,-31],[117,109],[157,3],[238,242],[72,197],[-133,217],[11,148],[119,244],[271,255],[916,-204],[422,82],[610,275],[18,287],[244,92],[68,231],[119,99],[424,7],[434,202],[214,368],[462,-100],[181,114],[143,236],[251,-99],[191,155],[443,-32],[441,323],[202,358],[509,157],[245,395],[453,74],[179,270],[674,296],[638,709],[192,112],[302,450],[-123,233],[87,389],[614,581],[-207,256],[-46,318],[-148,236],[407,394],[333,134],[96,625],[165,218],[110,346],[827,519],[822,1002],[85,495],[215,351],[-169,790],[375,398],[216,794],[667,464],[703,711],[580,757],[245,470],[392,243],[-27,492],[240,571],[443,253],[444,613],[292,183],[160,16],[395,-163],[732,209],[507,-187],[718,152],[290,403],[277,127],[187,-32],[561,-477],[496,287],[648,208],[718,-392],[405,32],[392,150],[611,-234],[692,-531],[173,29],[406,285],[146,2]],[[2050331,2743901],[22,-44]],[[2050374,2743837],[1,-10]],[[2050375,2743827],[10,-30]],[[2050392,2743773],[-10,-2]],[[1968956,2606907],[-28,-312],[-304,-181],[-51,-208],[-245,-209],[-39,-289],[-866,223],[-198,143],[-160,297],[-585,-154],[-389,31],[-414,-99],[-201,93],[-250,288],[-236,3],[-196,107],[-230,-260],[-364,-51],[-307,-237],[-105,-188],[-232,308],[-258,19],[-526,238],[-361,-80],[-355,-296],[-715,36],[-293,-520],[-345,-236],[-128,-485],[55,-383],[-149,-269],[-776,-177],[-551,-271],[-698,-960],[-875,-207],[-361,-162],[-367,-457],[11,-445],[-414,-305],[-229,0],[-199,161],[-50,195],[169,114],[9,117],[-369,476],[103,259],[-261,186],[-31,137],[-224,62],[-250,-191],[-289,-63],[-206,610],[-574,-247],[-1149,267],[-362,397],[47,629],[-74,192],[-120,38],[-567,-140],[-398,21],[-190,98],[-313,-186],[-916,-177],[-152,-254],[-600,-277],[-76,-119],[10,-216],[-629,-299],[-26,-103],[115,-58],[33,-136],[-200,-182],[-799,-389],[-620,161],[-606,-136],[-153,51],[-27,141],[-449,251],[-494,596],[-155,80],[-789,-184],[-1027,127],[-167,-50],[-474,309],[-855,205],[-472,-232],[-861,-254],[-258,16],[-372,271],[-691,1121],[-759,365],[-636,602],[-388,790],[-832,1089],[-298,71],[-697,-55],[-805,265],[-1321,835],[-647,1226],[-242,232],[-444,232],[-613,542],[-461,243],[-669,127],[-456,276],[-1670,293],[-967,983],[-950,696],[-518,216],[-388,-11],[-562,-205],[-320,-685],[-670,160],[-843,-27],[-1254,309],[-293,-110],[-461,-520],[-490,-236],[-646,-239],[-866,-105],[-365,50],[-293,171],[-500,956],[-270,83],[-888,-453],[-1462,-569],[-870,-914],[-531,-245],[-759,-48],[-671,197],[-577,-315],[-752,-58],[-527,-138],[-882,452],[-749,-62],[-2477,-2573],[-275,35],[-488,528],[-503,307],[-682,160],[-966,-4],[-446,283],[-274,7],[-994,-392],[-879,-511],[-966,-145],[-1691,-476],[-1065,-401],[-537,-459],[-640,-86],[-316,-145],[-535,41],[-411,152],[-330,335],[-809,1236],[-239,508],[-333,276],[-1150,394],[-949,110],[-1233,401],[-914,-266],[-369,31],[-1120,1416],[-20,233],[-197,300],[-364,88],[-406,373],[-518,13],[-188,169],[-121,273],[-180,47],[-236,242],[-430,1063],[-287,1024],[-856,1131],[-1771,1562],[-2172,2507],[-485,343],[-283,90]],[[1895568,2645840],[2831,-70],[2695,133],[540,120],[1582,609],[653,-253],[274,0],[464,220],[1249,-66],[953,559],[1274,21],[712,-170],[574,0],[261,-75],[325,141],[582,104],[932,16],[608,-228],[717,-20],[1261,302],[953,108],[624,-66],[738,223],[983,568],[409,141],[443,306],[468,680],[788,787],[401,125],[76,207],[439,563],[337,908],[240,265],[979,302],[1295,812],[1577,9],[1151,-415],[241,0],[72,58],[88,435],[228,216],[1151,-13],[312,170],[435,440],[1387,281],[721,435],[469,100],[388,-108],[881,-783],[941,-100],[927,-542],[287,-25],[810,621],[784,187],[287,373],[527,252],[553,556],[118,-21],[333,-377],[570,-274],[653,-49],[1375,95],[603,-149],[717,-1024],[295,-111],[653,-3],[27,-522],[161,-221],[113,9],[192,-307],[257,-83],[308,4],[255,-93],[343,249],[283,-124],[334,82],[388,-187],[446,-48],[235,-113],[394,43],[566,404],[1061,-79],[254,58],[819,-224],[189,-118],[684,-133],[805,-343],[220,16],[571,-569],[114,-286],[-102,-529],[-223,-213],[66,-527],[124,-291],[945,-791],[217,22],[207,361],[252,53],[542,-270],[107,-327],[272,-323],[625,124],[583,-140],[883,355],[966,218],[189,573]],[[1985361,2297443],[1131,-264],[1343,-430],[775,179],[391,-21],[603,-361],[669,-14],[370,-184],[84,-99],[64,-457],[312,-210],[251,-305],[459,-263],[76,-140],[0,-313],[460,-412],[142,-354],[250,-98],[493,-41],[176,-140],[117,-461],[-358,-915],[167,-305],[-283,-470],[-58,-330],[-284,-198],[0,-124],[190,-442],[420,-397],[443,-247],[611,-668],[237,-110],[533,-744],[132,-442],[336,137],[263,268],[644,310],[212,-8],[585,-267],[611,-535],[585,59],[475,-443],[509,-242],[373,-477],[534,-267],[0,-176],[-423,-159],[-697,-422],[-150,-407],[35,-920],[127,-427],[383,-736],[627,-585],[340,-92],[966,119],[161,-50],[119,-176],[788,-133],[356,-17],[881,160],[306,-242],[229,-611],[492,34],[459,248],[295,33],[641,-182],[995,-593],[220,-54],[527,139],[118,-961],[296,-318],[106,-229],[26,-546],[101,-146],[3,-583],[317,-1070],[211,285],[366,14],[316,327],[387,-49],[135,-159]],[[1917635,2419570],[1202,-166],[1180,-408],[1132,228],[1069,-393],[1258,62],[1258,-684],[1019,-711],[802,-145],[984,48],[576,401],[555,573],[640,373],[499,428],[907,200],[815,297],[745,14],[921,546],[183,-42],[274,-304]],[[1933654,2419887],[28,-276],[-147,-325],[-422,-62],[-359,-386],[-77,-211],[21,-663],[-622,-746],[-548,-1460],[-338,-601],[-622,-1513],[-253,-248],[-1181,-352],[-1497,-1243],[-337,-891],[-74,-508],[-622,-1429],[-85,-1544],[-337,-518],[-685,-601],[-137,-549],[31,-569],[-116,-829],[81,-340],[434,-691],[675,-1347],[154,-1202],[-49,-379],[-288,-608],[37,-456],[-116,-247],[223,-257],[-5,-210],[-112,-118],[237,-708],[281,-372],[394,-309],[115,-40],[183,141],[809,-338],[407,-567],[556,166],[239,-48],[386,-228],[106,-124],[-92,-857],[141,-290],[365,62],[429,580],[91,0],[197,-234],[717,-173],[113,-90],[35,-297],[794,-1298],[274,-304],[464,-131],[155,-152],[-92,-697],[113,-215],[1336,-842],[920,-760],[99,-165],[1082,-442],[626,-359],[773,-587],[822,-242],[282,-214],[449,-62],[886,-822],[745,-35],[886,-172],[713,240],[949,485],[480,389],[203,257],[135,518],[143,182],[338,-53],[358,294],[80,601],[59,33],[519,-162],[354,133],[447,16],[283,195],[751,62],[476,257],[177,-8],[215,-129],[254,-236],[156,-402],[-17,-493],[-152,-543],[114,-310],[291,-419],[4,-563],[530,-684],[84,-1160],[204,-863],[169,-76],[393,235],[837,-235],[253,-207],[105,-290],[-28,-138],[-281,-346],[-21,-276],[640,-442],[168,-407],[331,-159],[759,-276],[963,151],[253,-62],[274,-304],[120,-27],[471,200],[485,14],[147,-48],[253,-325],[-84,-401],[464,-221],[176,-317],[147,-83],[1343,-214],[724,-587],[625,235],[366,-187],[900,-69],[168,-179],[21,-387],[87,14],[398,-1209],[-182,-1160],[28,-214],[639,-504],[1434,-843],[1013,-856],[302,-1105],[372,-338],[218,-318],[542,-1063],[583,-712],[344,-573],[619,-251]],[[1968318,2370360],[-1076,-287],[-1363,-1690],[-288,-653],[-524,-2179],[-236,-464],[-314,-223],[-306,-68],[-760,137],[-262,-112],[-227,-214],[-393,-34],[-707,-412],[-629,-138],[-210,-171],[-140,-361],[-506,-549],[-1030,-865]],[[1859824,2351606],[-1160,586],[-12,646],[224,948],[208,462],[367,502],[175,625],[190,1521],[252,840],[1119,1374],[426,1699],[92,1170],[-21,273],[-617,893],[-229,780],[268,953],[59,722],[-96,386],[-524,987],[-96,300],[26,275],[703,1169],[450,436],[154,859],[312,727],[945,1301],[516,441],[31,1087],[-147,455],[167,2183],[-244,912],[-109,157],[-262,81],[-358,566],[-96,490],[-428,515],[-181,966],[-155,242],[-775,728],[-739,467],[-267,1718],[-512,954],[70,208],[597,678],[1352,1286],[140,747],[228,260],[404,747],[649,783],[456,1076],[703,418],[509,504],[1072,679],[369,330],[280,504],[-1,573],[134,442],[277,254],[263,807],[260,325],[418,811],[-47,811],[-546,1190],[-698,513],[-425,38],[-442,223],[-70,900],[44,861],[-187,285],[-6,341],[-233,257],[-675,295],[-1018,795],[469,275],[-116,304],[121,298],[814,495],[430,163],[420,410],[1042,215],[154,5],[90,-133],[189,-28],[197,107],[-44,97],[63,20],[846,85],[690,187],[406,-94]],[[1869128,2404349],[-27,-107],[105,-20],[527,344],[489,100],[584,-391],[641,-112],[1329,456],[586,-37],[422,294],[350,17],[329,-145],[303,-477],[30,-137],[-169,-294],[224,-439],[-110,-340],[-413,-393],[-122,-216],[29,-431],[-156,-331],[-34,-340],[156,-244],[363,-170],[257,-290],[646,-120],[274,-183],[346,228],[329,-12],[590,-614],[649,-140],[313,194],[421,-116],[97,191],[388,-50],[388,236],[1489,63],[186,314],[725,274],[742,982],[287,83],[190,746],[658,924],[261,174],[603,186],[772,651],[945,45],[447,381],[443,191],[122,186],[481,129],[586,878],[371,282],[376,493],[138,720],[747,1078],[-29,547],[139,241],[1250,1010],[114,319],[392,356],[228,456],[637,833],[192,43],[546,569],[444,210],[720,856],[393,221],[141,199],[663,481],[664,331],[242,365],[663,254],[253,514],[574,77],[275,353],[338,-44],[270,111],[253,707],[287,331],[50,216],[579,403],[574,177],[630,-83],[388,243],[101,-38],[107,-210],[439,-50],[797,382],[558,367],[804,24],[202,580],[214,89],[512,840],[187,901],[337,318],[577,117],[506,228],[274,0],[914,228],[1532,-380],[365,21],[310,-76],[745,-311],[379,-317],[471,69],[513,-449],[915,-1287],[167,-143],[381,-48],[920,-953],[886,-145],[485,14],[647,359],[689,104]],[[2030366,2569821],[460,243],[371,721],[219,249],[451,140],[679,-20],[266,-232],[68,-174],[-64,-365],[17,-1297],[-337,-771],[-30,-273],[270,-348],[936,-551],[325,12],[907,717],[502,232],[139,-4],[451,-348],[646,-1384],[219,-25],[498,415],[282,24],[253,-219],[316,-522],[1232,-249],[557,-414],[940,-357],[342,38],[514,485],[207,331],[321,174],[708,-443],[1023,123]],[[1667350,2155755],[145,-290],[956,-779],[281,-342],[562,-282],[79,-415],[321,-342],[534,-354],[579,-248],[276,-1547],[506,-713],[517,-376],[129,-226],[220,28],[315,-166],[163,-282],[382,-132],[343,-277],[551,-154],[1665,-818],[731,-182],[697,-431],[596,132],[1046,0],[754,382],[208,182],[759,66],[230,105],[315,-72],[703,426],[473,49],[433,243],[579,-116],[410,94],[383,-44],[236,89],[360,-293],[320,-55],[343,-514],[1266,-509],[236,-337],[140,-22],[130,111],[241,39],[231,-50],[247,154],[298,-55],[484,133],[129,387],[315,11],[315,165],[309,-121],[866,580],[945,387],[220,270],[185,-193],[129,-17],[214,398],[461,-61],[276,45],[1406,580],[247,193],[467,630],[264,-89],[281,39],[186,127],[1333,354],[770,425],[236,-138],[574,-17],[562,221],[247,260],[242,-11],[495,-254],[315,11],[860,-243],[546,265],[208,17],[613,-254],[1400,-227],[512,160],[360,-11],[309,127],[821,-265],[973,-55],[815,-398],[360,-387],[371,45],[265,215],[39,315],[883,525],[219,11],[652,-177],[411,22],[1130,757],[2486,1000],[230,105],[349,315],[647,265],[1732,381],[461,-5],[1276,215],[276,326],[146,332],[354,375],[11,641],[332,138],[220,453],[691,442],[394,122],[22,442],[175,199],[382,154],[1001,166],[720,287],[191,177],[320,873],[1165,1547],[607,668],[517,288],[585,105],[371,-177],[304,16],[287,-188],[264,-66],[45,812],[146,205],[377,11],[461,-166],[247,61],[102,1801],[90,166],[551,436],[219,354],[39,558],[-95,723],[73,155],[523,155],[-17,-326],[152,-702],[140,-121],[625,-155],[511,-287],[315,154],[139,393],[480,414],[742,88],[321,295],[802,1228],[1029,205],[365,729],[439,287],[489,945],[411,-89],[292,315],[360,-27],[202,353],[304,17],[185,226],[636,343],[484,94],[365,475],[506,917],[776,541],[113,359],[624,487],[282,592],[296,336],[459,253],[127,356],[194,232],[1172,447],[207,245],[523,290],[219,476],[249,203],[350,75],[430,-182],[47,124],[-72,601],[42,207],[156,211],[-143,340],[-139,820],[38,282],[345,332],[553,190],[1016,1123],[485,137],[975,-83],[371,54],[497,-211],[127,153],[93,369],[569,103],[350,497],[135,9],[316,-299],[258,-12],[666,394],[397,725],[725,969],[84,174],[9,464],[236,514],[1134,754],[-12,294],[-152,270],[0,178],[278,808],[540,83],[338,215],[392,75],[240,232],[135,-8],[186,-158],[249,-33],[721,286],[409,286],[177,-54],[215,-249],[245,-91],[367,-443],[556,116],[802,-278],[320,-4],[806,398],[198,215],[101,373],[363,199],[72,100],[126,857],[194,216],[603,-282],[177,298],[279,58],[729,-269],[418,-66],[249,-406],[282,-96],[173,158],[249,505],[215,187],[308,49],[358,-290],[148,-20],[72,460],[603,-133],[101,37],[346,638],[329,241],[422,124],[137,152]],[[2076160,2327373],[239,-945],[72,-650],[-30,-1260],[-103,-211],[-543,-388],[-238,-300],[-251,-829],[-722,-591],[-94,-277],[-862,-88],[-3,-232],[-264,-734],[-481,-627],[-146,-37],[-212,-266],[-625,143],[-191,-46],[-85,-179],[202,-380],[260,-208],[627,-249],[554,-544]],[[1997214,2314508],[-112,290],[-281,318],[-29,566],[-407,511],[-46,266],[299,1053],[17,1088],[826,1294],[528,1088],[-36,1209],[106,656],[826,1588],[1537,1182],[524,685],[1592,997],[825,754],[84,238],[-110,585],[123,390],[-159,706],[327,1460],[132,195],[274,160],[917,-112],[238,17],[322,182],[459,693],[375,247],[322,434],[8,403],[-511,715],[-88,260],[97,606],[264,368],[512,39],[646,344],[1253,303],[698,-309],[337,-4],[293,220],[60,-171],[278,-84],[-189,-294],[404,-168],[-22,-113],[137,-163],[535,43],[195,102],[213,-109],[417,248],[208,-32],[79,-135],[123,-35],[316,344],[193,-16],[335,187],[498,70],[156,-113],[-77,-187],[53,-93],[395,20],[700,-365],[148,37],[-134,202],[75,46],[247,-63],[282,-296],[210,-29],[61,38],[-144,287],[-254,163],[-89,187],[156,172],[269,36],[164,198],[-104,374],[81,120],[573,111],[120,-20],[236,-224],[666,62],[11,252],[-286,348],[-136,308],[108,145],[150,-21],[226,-267],[450,322],[645,44],[247,-165],[142,334],[241,76],[114,184],[568,122],[93,-39],[138,-266],[262,-187],[427,198],[240,-178],[381,172],[616,-17],[222,-88],[238,-434],[67,586],[189,-162],[197,0],[534,511],[760,-131],[309,262],[358,-27],[823,110],[232,242],[281,566],[710,207],[956,-48],[-14,-297],[-218,-711],[-42,-774],[-225,-511],[-28,-690],[239,-76],[1209,228],[590,0],[492,-332],[534,-518],[984,-262],[141,-256],[-56,-1077],[-288,-2154],[-598,-1637],[-232,-366],[-77,-525],[-295,-352],[-218,-490],[-288,-788],[28,-262],[506,-35],[625,-193],[549,269],[393,-7],[1483,-462],[781,-152],[1588,-560],[225,456],[-21,504],[330,166],[127,193],[14,249],[-49,62],[-63,-48],[-155,-352],[-204,-28],[-112,97],[-218,704],[49,235],[-99,324],[498,307],[124,298],[-62,255],[315,756],[-135,150],[247,232],[-61,171],[95,94],[214,773],[124,94],[-74,205],[203,265],[90,502],[393,354],[6,442],[51,138],[230,171],[107,442],[354,271],[113,-44],[135,-282],[894,-298],[11,-216],[315,-199],[56,-287],[371,-193],[-16,-160],[-467,-453],[-56,-216],[-147,-132],[96,-122],[62,33],[225,453],[146,50],[-219,-1017],[50,-138],[546,-204],[163,-1171],[-208,-39],[-276,155],[-90,71],[-11,260],[-73,66],[-73,-49],[-79,-962],[208,-121],[146,99],[79,-38],[62,-498],[146,-49],[163,182],[225,72],[158,210],[219,38],[146,260],[197,138],[186,-33],[73,-177],[-68,-519],[281,-381],[-17,-122],[-247,-259],[-360,38],[-107,-61],[85,-712],[123,-177],[-135,-530],[118,22],[417,701],[56,321],[135,-6],[62,-143],[157,254],[113,49],[354,-132],[225,-365],[230,-154],[79,-221],[197,-177],[152,-481],[247,-387],[152,-143],[444,-160],[557,77],[770,-77],[669,138],[332,149],[529,-194],[253,0],[1496,647],[129,-17],[135,-127],[101,-265],[956,-740],[1074,-616],[422,-698],[119,-62],[450,117],[225,139],[394,-277],[675,-20],[316,-194],[309,-76],[542,-559],[738,0],[878,-138],[450,-166],[717,-41],[211,-166],[444,-59],[161,-203],[154,-56],[415,187],[942,-14],[253,-152],[1089,145],[549,200],[1448,-504],[189,-297],[282,-152],[829,-228],[562,221],[478,477],[942,193],[703,90],[766,-290],[626,97],[232,83],[408,310],[414,49],[478,379],[745,194],[268,-214],[295,-28],[197,145],[224,380],[535,124],[337,276],[534,-41],[162,262],[35,242],[182,237],[694,522],[441,46],[511,467],[250,647],[385,579]],[[2076299,2331133],[-149,-453],[-95,-712],[-9,-1676],[117,-504],[-3,-415]],[[1979960,2336140],[702,265],[338,25],[334,-221],[307,-392],[154,-91],[84,31],[114,193],[540,391],[188,319],[344,155],[127,401],[-254,350],[-82,481],[388,484],[-19,507],[284,151],[409,381],[111,347],[410,76],[336,396],[1111,-336],[451,-227],[313,68],[220,378],[321,868],[1069,1078],[77,408],[-136,1255],[167,445],[808,1060],[1096,-25],[42,210],[158,74],[51,234],[345,343],[385,753],[-42,256],[-324,177],[-67,187],[-376,353],[-85,246],[-129,111],[20,641],[-504,1153],[590,609],[302,129],[253,460],[56,765],[-187,260],[-29,431],[-183,260],[-106,378],[-377,583],[-468,412],[-64,157],[-552,168],[469,1564],[330,526],[8919,1968],[3598,-701],[2004,-285],[373,958],[246,244],[79,328],[184,213],[-62,1058],[4174,3401],[134,435],[1635,-856],[503,-437],[346,434],[224,175],[793,317],[285,371],[333,756],[334,287],[64,651],[-132,324],[415,699],[176,33],[120,-81],[133,-571],[181,-174],[405,-203],[173,220],[128,-20],[1378,1772],[72,221],[-665,651],[-490,637],[-1902,947],[2169,2425],[-1093,542],[-98,415],[-313,294],[-145,278],[59,453],[-1082,546]],[[2029422,2391054],[969,-1303],[183,-359],[141,-829],[-197,-469],[-351,-304],[-830,-442],[-464,-346],[-225,-276],[-140,-400],[-42,-277],[84,-303],[1040,-1768],[169,-663],[-42,-304],[-253,-622],[-380,-304],[-464,-207],[-1364,-41],[-688,-207],[-436,-622],[-239,-884],[70,-925],[408,-1588],[912,-1682],[1335,-2849],[159,-915],[-115,-1027],[-254,-725],[-290,-596],[-343,-474],[-475,-458],[-193,-492],[-79,-423],[-26,-1183],[298,-569],[106,-907],[97,-198],[-259,-759],[46,-87],[203,-33],[464,182],[-26,-240],[-329,-282],[68,-232],[611,-78],[186,302],[152,0],[400,-891],[173,-153],[114,-25],[122,186],[186,21],[325,-493],[177,42],[190,232],[223,-324],[207,121],[185,-216],[401,58],[279,-141],[105,-116],[-287,-145],[114,-178],[333,29],[494,213],[607,-524],[236,-83],[186,71],[114,302],[367,-277],[379,306],[375,-211],[540,-157],[76,-125],[30,-468],[476,-273],[334,70],[341,-315],[346,145],[291,-4],[110,-145],[12,-323],[291,-261],[312,-647],[506,-265],[194,-476],[224,4],[266,166],[434,-295],[527,-228],[764,21],[637,-219],[215,53],[16,88]],[[1821352,2457745],[509,-299],[991,-246],[1769,153],[801,-534],[9,-206],[-274,-923],[138,-600],[-133,-486],[214,-413],[-44,-636],[124,-369],[-85,-700],[965,-1481],[369,-268],[817,-221],[1333,-1537],[1156,-503],[536,366],[747,18],[194,80],[126,173],[833,-85],[237,-133],[51,-266],[204,-316],[188,-86],[49,-325],[251,-238],[385,123],[288,-222],[388,-21],[206,69],[473,-60],[572,-240],[284,-11],[541,-429],[956,-331],[648,-563],[54,-256],[197,-160],[-27,-400],[355,-322],[23,-222],[333,-344],[167,-657],[401,-577],[71,-486],[172,-111],[133,-227],[285,-97],[236,-241],[868,-221],[87,-86],[420,-15],[129,-117],[820,-129],[538,-207],[629,-607],[54,-233],[394,-205],[119,-161],[233,50],[299,-116],[397,-21],[420,-188],[430,0],[398,-321],[1278,-212],[401,-385],[74,-574],[130,-197],[602,67],[392,-126],[134,-153],[446,-174],[405,125],[119,-60],[96,-225],[242,-56],[374,159],[198,-183],[337,-71],[187,-172],[301,28],[183,-155],[994,-218],[598,-398],[96,-139],[250,-50],[68,-280],[288,-333],[-211,-203],[-25,-194],[462,-199],[-98,-411],[243,-286],[209,-100],[248,-377],[186,-33],[452,423],[296,-22],[65,-158],[431,-149],[133,-164],[14,-164],[-242,-369],[-22,-178],[493,-238],[398,-660],[241,-97],[475,34],[202,-119],[99,-152],[-38,-534],[163,-249],[412,45],[344,-275],[515,40],[251,-119],[96,-252],[-107,-100],[-183,41],[-130,-137],[30,-205],[-171,-263],[39,-276],[57,-111],[369,-64],[189,-189],[400,-774],[424,-41],[164,-127],[366,75],[52,91],[-89,274],[684,381],[150,251],[-101,316],[109,211],[256,258],[430,195],[167,344],[114,55],[232,-60],[236,181],[323,60],[381,327],[744,66],[275,-153],[158,0],[139,83],[131,271],[266,23],[276,740],[312,132],[171,-18],[179,-201],[274,-123],[221,-4],[302,-205],[681,-147],[217,-195],[91,-201],[354,-37],[538,-300],[349,-572],[539,-375],[508,-1119],[158,23],[511,372],[178,42],[523,-389],[208,-13],[447,-249],[247,12],[151,103],[54,-104],[-117,-200],[99,-184],[82,-697],[135,-242],[-67,-191],[286,-308],[160,-327],[175,-81],[127,-204],[-183,-825],[106,-283],[52,-949],[-253,-238],[-241,-511]],[[1874742,2423295],[-432,229],[-98,-319],[-161,-136],[-414,152],[-167,-15],[3,-310],[163,-225],[-139,-238],[100,-227],[-65,-141],[-256,-90],[-357,124],[-740,-484],[-708,-805],[-260,-105],[-881,-107],[-152,-354],[-89,349],[496,510],[230,59],[54,290],[-556,378],[-79,135],[14,684],[176,126],[-10,131],[-204,230],[-272,3],[-45,132],[-378,308],[-620,-313],[-487,-113],[-182,-225],[-256,-60],[-296,-257],[-211,84],[-455,395],[-779,-21],[-617,343],[-45,-88],[334,-600],[-187,-52],[-718,59],[-913,-249],[-263,-183],[239,-287],[-32,-170],[-124,-59],[-584,52],[-255,373],[-8,226],[-122,-124],[-293,-53],[-111,-151],[-448,60],[-473,-275],[-488,-558],[46,-208],[-371,-353],[-723,-182],[-495,-442],[-392,-86],[-171,-116],[-165,85],[-181,-88],[20,118],[-89,72],[-81,-10],[-18,-158],[-109,-56],[-441,93],[355,-318],[-41,-550],[-323,-278],[-244,-70],[-249,-470],[-648,-410],[6,-355],[-181,-286],[-527,-362],[-197,-304],[-268,-146],[-116,-539],[-274,-248],[-17,-239],[-125,-131],[-51,-228],[-229,-191],[-57,-816],[-180,-467],[220,-331],[-156,-206],[-34,-289],[-116,-146],[247,-539],[-232,-253],[-24,-333],[-173,-222],[208,-252],[-19,-294],[84,-80],[208,-14],[60,-219],[424,-574],[145,-611],[355,-306],[66,-284],[202,-92],[195,77],[273,-373],[619,-273],[409,-326],[89,-190],[213,20],[181,-86],[82,-229],[167,-41],[256,-258],[208,-50],[482,-317],[79,-286],[328,-21],[300,-326],[308,22],[188,-223],[-128,-116],[-84,-442],[-573,-481],[-519,-119],[-801,245],[-381,306],[-341,458],[-179,-19],[-192,210],[-378,122],[-495,9],[-403,210],[-332,-41],[-153,181],[-135,-8],[-104,-110],[-218,23],[-139,170],[-213,56],[-255,447],[-143,-5],[-482,-300],[-178,-411],[-308,-340],[-113,-246],[-476,-373],[-38,-237],[-253,-372],[-38,-485],[-530,-704],[17,-430],[180,-510],[-34,-319],[-387,-261],[-131,-18],[-218,122],[-297,-24],[-762,-695],[-239,-118],[-232,-651],[24,-157],[-346,-400],[98,-475],[355,-701],[-244,-809],[97,-460],[-129,-409],[115,-427],[190,-311],[36,-327],[237,-202],[222,-805],[-28,-198],[475,-135],[-84,-172],[-220,-121],[-573,38],[-259,-72],[-370,-396],[-464,-38],[-326,-204],[-392,105],[-329,-292],[-559,-67],[-400,-282],[-469,155],[-149,-19],[-296,-290],[-320,-53],[-217,-204],[-832,-149],[-261,-232],[-830,74],[-497,-163],[-262,91],[-683,-317],[-810,248],[-247,-8],[-537,-282],[-158,-359],[-776,20],[-174,-103],[-48,-160],[-633,-80],[-196,204],[-509,216],[-951,22],[-317,155],[-262,-25],[-841,262],[-216,-121],[-304,41],[-241,-77],[-248,-171],[-689,-779],[-725,-268],[-1038,417],[-1183,-100],[-297,-626],[-135,-598],[31,-343],[-151,-106],[234,-468],[113,-593],[-395,-565],[-389,-806],[-83,-473],[-725,-868],[-69,-177],[-330,-150],[-664,-824],[-512,-254],[-76,-225],[-763,-669],[-405,-62],[-675,335],[-1302,2],[-628,134],[-724,668],[-870,60],[-1771,771],[-345,-62],[-358,-214],[-413,-129],[-367,4],[-713,216],[-228,-170],[-84,-829],[-464,-663],[-342,-290],[-455,-116],[-384,-484],[-1050,-817],[-468,-555],[-336,-233],[-2005,-832],[-645,-447],[-1050,-232],[-388,-543],[-135,-75],[-2033,489],[-1012,21],[-523,-187],[-321,-339],[-236,-667],[-844,-568],[-206,-232],[-224,-637],[-642,-1281],[-506,-448],[-386,-190],[-319,-337],[-18,-453],[505,-1018],[37,-858],[200,-582],[50,-448],[-31,-423],[-381,-894],[-50,-713]],[[1945960,2481651],[-64,-916],[832,-994],[572,-515],[-409,-197],[-199,-408],[-653,-412],[-483,-119],[-625,-31],[-452,-202],[-622,-572],[-394,-160],[-1044,-765],[-993,-559],[-772,-567],[-646,-302],[-46,-129],[103,-832],[-475,-1677],[-124,-181],[-1930,-1517],[-377,-738],[78,-274],[237,-368],[-18,-111],[-296,184],[-281,-42]],[[1936879,2469247],[-602,-383],[-366,-74],[-469,-1213],[-575,-1047],[-402,-302],[-174,-528],[-847,-429],[-230,-751],[-381,-516],[-53,-255],[161,-883],[-111,-1435],[57,-416],[-49,-887],[59,-240],[193,-244],[654,-626],[47,-314],[-28,-154],[-253,-352],[-376,-327],[-475,-25],[-257,-163],[-151,-223],[-266,-798],[-141,-181],[-322,-194],[-68,-336],[-281,-399],[-49,-219],[-140,-125],[35,-202],[-74,-145],[39,-91],[152,-48],[221,-587],[-498,-413],[-134,247],[-1011,360],[-243,322],[-736,395],[10,118],[194,135],[-131,184],[-500,114],[-508,-233],[129,-206],[-10,-264],[-211,-548],[220,-944],[123,-170],[-45,-181],[145,-312],[-264,-306],[138,-243],[-35,-246],[-331,-160],[-814,-861],[-465,-147],[-372,-393],[-93,-389],[269,-232],[-319,-297],[-37,-631],[-487,-250],[-760,-200],[-142,-115],[-340,-647],[-93,-1229],[-931,-888],[-728,-1241],[-564,-649],[-21,-516],[-138,-377],[99,-385],[-444,-787],[-405,-398],[-51,-506],[-503,-852],[122,-481],[-134,-322],[-344,-428],[-10,-508],[135,-341],[-480,-1229],[48,-487],[145,-229],[-48,-231],[147,-366],[57,-466],[-297,-274],[-275,-491],[16,-378],[-91,-207],[129,-567],[-28,-241],[-506,-516],[-273,-714],[10,-199],[259,-466],[-455,-363],[-91,-553],[-279,-333],[-446,-999],[-92,-95],[-493,-35],[-53,-91],[-77,-775],[-102,-305],[264,-1413],[-85,-481],[271,-357],[603,-403],[-168,-341],[132,-208],[47,-310],[331,-457],[199,-658],[-54,-360],[-179,-203],[-136,-1049],[-404,-1294]],[[1869128,2404349],[88,149],[-82,58],[58,294],[-95,267],[214,164],[50,-91],[41,39],[173,577],[1132,1066],[611,353],[145,413],[204,62],[405,397],[-13,283],[101,183],[-77,296],[527,871],[159,709],[-72,320],[265,222],[0,212],[-110,167],[181,225],[55,237],[-64,163],[286,342],[-17,279],[181,337],[122,67],[-114,196],[207,208],[218,451],[-80,383],[160,229],[-111,271],[0,333],[202,381],[-22,290],[169,108],[-110,254],[265,334],[71,442],[203,237],[-39,438],[-85,158],[4,183],[139,209],[-98,528],[75,525],[160,409],[308,250],[-60,442],[51,205],[181,220],[28,816],[130,371],[-106,221],[-482,487],[-488,74],[-206,-58],[-263,78],[398,181],[441,431]],[[1968318,2370360],[924,288],[472,9],[690,-78],[594,-223],[1450,-592],[568,-403],[1230,-504],[288,-276],[127,-373],[611,-898],[627,-95],[849,-293],[456,61],[444,469],[652,188],[754,28],[928,375],[5,177],[-404,276],[-29,199],[270,332],[416,210],[85,138],[-996,980],[-352,-87],[-773,453],[-443,-76],[-190,186],[-73,277],[-197,-114],[-99,89],[-91,843],[-228,283],[-285,148],[-39,159],[-232,214],[74,270],[-98,314],[66,255],[-31,349],[88,180],[-144,238],[-95,639],[-503,507],[11,132],[492,611],[379,234],[-144,221],[281,270],[53,172],[-261,440],[57,326],[-265,210],[-323,-9],[-210,140],[-180,-37],[-101,251],[-461,295],[-53,458],[-252,251],[-352,137],[-53,358],[-370,199],[-143,262],[55,673],[-267,495],[-225,230],[-45,604],[-234,509],[-508,395],[-334,91],[-286,543],[-384,324]],[[1933654,2419887],[-124,501],[110,186],[818,-26],[252,144],[261,16],[206,-81],[124,-361],[232,-310],[383,-317],[233,-444],[348,-183],[58,-155],[957,-294],[320,771],[-42,424],[158,285],[480,278],[161,276],[599,489],[1222,709],[153,-5],[315,355],[1713,920],[450,422],[513,925],[622,438],[95,318],[626,922],[203,173],[296,-31],[221,89],[271,353],[214,138],[243,380],[105,642],[162,86],[944,-69],[430,163],[265,287],[469,213],[682,626],[-241,511],[51,138],[151,100],[342,13],[620,176],[1313,1278],[1060,867],[413,572],[1038,1036],[1282,1533],[1628,1486],[163,199],[663,1422],[40,556],[118,267],[394,542],[497,237],[-8,127],[-186,202],[11,191],[220,204],[247,798],[523,1188],[1246,2442],[306,1124],[830,2138],[315,1119],[691,1279],[-45,638],[734,1475],[174,939],[619,373],[98,191],[-59,262],[-177,263],[-981,779],[-419,-138],[-3,538],[-132,50],[-124,-39],[-447,-464],[-939,-458],[-661,33],[-298,121],[-576,-273],[-101,633],[16,667],[297,395],[406,112],[381,1126],[476,530],[311,91],[-427,1599],[-147,159],[-309,124],[-1911,422],[-502,321],[-850,247],[-552,-352],[-449,-692],[-203,-469],[-504,-130],[-872,-1442],[236,-486],[-1341,-472],[-223,-181],[-51,-469],[369,-688],[-197,-1113],[-127,-444],[-166,-238],[-343,-143],[-191,25],[-230,500],[-76,556],[-261,613],[-178,163],[-532,996],[-731,-24],[-1102,-285],[-275,434],[-247,228],[-49,414],[-469,286],[-400,500],[-474,311],[-98,329],[-282,235],[-173,296],[-311,228],[-1385,-357],[-671,345],[-124,145],[90,-505],[-193,-108],[-160,30],[-301,358],[-427,219],[138,307],[-35,306],[-124,141],[-335,101],[-415,380],[-127,7],[-156,283],[80,410],[-171,78],[-416,482],[-303,155],[-348,17],[-109,115],[-177,506],[84,313],[-57,173],[-764,242],[-634,385],[-406,818],[-532,555],[-620,346],[-103,920],[-374,461],[105,327],[-64,184],[-366,83],[-752,938]],[[1986024,2623917],[-606,-1598],[238,-1090],[-1380,-593],[-324,-248],[-396,-465],[-689,-160],[-204,-402],[-336,-333],[-62,-831],[-416,-396],[-7,-471],[-649,-1182],[-69,-798],[85,-1039],[-123,-501],[139,-948],[-398,-820],[-94,-851],[103,-478],[-100,-473],[248,-288],[-548,-250],[-146,-400],[51,-435],[225,-306],[-18,-658],[-218,-303],[60,-495],[-193,-237],[-446,-236],[-232,-262],[-354,-31],[-148,-176],[-478,-246],[-371,-368],[-28,-118],[175,-523],[-801,-960],[-448,-391],[-23,-213],[-143,-195],[-531,-253],[-378,-3],[-471,-223],[-644,-74],[-503,-361],[-178,-280],[-419,-1536],[-790,-1281],[-188,-220],[-469,-110],[-122,-477],[-452,-593],[-1185,-661],[-169,-218],[-116,-609],[-230,-194],[16,-150],[529,-432],[257,-345],[83,-258],[-221,-894],[111,-384],[-202,-502],[515,-260],[492,-439],[763,-128],[368,-207],[718,-594],[178,-309],[576,-348],[272,-340],[350,-25]]]}
