{"type":"Topology","bbox":[-77.54977293572628,3.091238901265333,-75.70723467482262,5.047394123904631],"transform":{"scale":[0.000003385120954067422,0.0000034456095261769775],"translate":[-81.73562055563167,-4.229406466336059]},"objects":{"MGN_ADM_MPIO_GRAFICO":{"type":"GeometryCollection","geometries":[{"type":"Polygon","arcs":[[100,101,102,103,104,105,-8,106]],"bbox":[-76.70708431054169,3.27340827691431,-76.45877553319798,3.5479096510362513],"properties":{"dpto_ccdgo":"76","mpio_ccdgo":"001","mpio_cdpmp":"76001","dpto_cnmbr":"VALLE DEL CAUCA","mpio_cnmbr":"SANTIAGO DE CALI"}},{"type":"Polygon","arcs":[[-43,-99,-42,-98,-41,-40,107,108]],"bbox":[-75.85734109328882,4.65074244647019,-75.70723467482262,4.719582279193681],"properties":{"dpto_ccdgo":"76","mpio_ccdgo":"020","mpio_cdpmp":"76020","dpto_cnmbr":"VALLE DEL CAUCA","mpio_cnmbr":"ALCALÁ"}},{"type":"Polygon","arcs":[[109,110,111,112]],"bbox":[-76.2507632356915,4.066012173049378,-76.0705055448874,4.217367462705754],"properties":{"dpto_ccdgo":"76","mpio_ccdgo":"036","mpio_cdpmp":"76036","dpto_cnmbr":"VALLE DEL CAUCA","mpio_cnmbr":"ANDALUCÍA"}},{"type":"Polygon","arcs":[[-50,-49,113,114,115,116,-15,117]],"bbox":[-76.14722931131134,4.691965718841372,-75.90037275085693,4.888000227223685],"properties":{"dpto_ccdgo":"76","mpio_ccdgo":"041","mpio_cdpmp":"76041","dpto_cnmbr":"VALLE DEL CAUCA","mpio_cnmbr":"ANSERMANUEVO"}},{"type":"Polygon","arcs":[[118,119,120,-116]],"bbox":[-76.19492228043319,4.651207603756225,-76.08816572090477,4.784955828733835],"properties":{"dpto_ccdgo":"76","mpio_ccdgo":"054","mpio_cdpmp":"76054","dpto_cnmbr":"VALLE DEL CAUCA","mpio_cnmbr":"ARGELIA"}},{"type":"Polygon","arcs":[[-21,-20,121,122,123,124,125]],"bbox":[-76.5620386479018,4.229461552142636,-76.13760202731797,4.49782285008893],"properties":{"dpto_ccdgo":"76","mpio_ccdgo":"100","mpio_cdpmp":"76100","dpto_cnmbr":"VALLE DEL CAUCA","mpio_cnmbr":"BOLÍVAR"}},{"type":"MultiPolygon","arcs":[[[61]],[[62]],[[63]],[[64]],[[65]],[[66]],[[67]],[[68]],[[69]],[[70]],[[71]],[[72]],[[73]],[[74]],[[75]],[[76]],[[77]],[[78]],[[79]],[[80]],[[81]],[[82]],[[83]],[[84]],[[85]],[[86]],[[87]],[[88]],[[89]],[[90]],[[91,-25,126,127,-101,128,-3,-2,-94,-1,-13,-93,-12]]],"bbox":[-77.54977293572628,3.108081040629286,-76.68768418235393,4.234654085698585],"properties":{"dpto_ccdgo":"76","mpio_ccdgo":"109","mpio_cdpmp":"76109","dpto_cnmbr":"VALLE DEL CAUCA","mpio_cnmbr":"BUENAVENTURA"}},{"type":"Polygon","arcs":[[129,130,-58,-57,131,132,133,134]],"bbox":[-76.38311130963267,3.713460851940476,-75.84979565868221,3.998471335117257],"properties":{"dpto_ccdgo":"76","mpio_ccdgo":"111","mpio_cdpmp":"76111","dpto_cnmbr":"VALLE DEL CAUCA","mpio_cnmbr":"GUADALAJARA DE BUGA"}},{"type":"Polygon","arcs":[[135,136,-113,137,-125,138]],"bbox":[-76.23753418300299,4.083736388452033,-75.95435188959048,4.317400398469724],"properties":{"dpto_ccdgo":"76","mpio_ccdgo":"113","mpio_cdpmp":"76113","dpto_cnmbr":"VALLE DEL CAUCA","mpio_cnmbr":"BUGALAGRANDE"}},{"type":"Polygon","arcs":[[-30,-97,-29,-96,-95,-28,-100,-27,139,-32,140,-31]],"bbox":[-75.89426937777674,4.198995472712179,-75.78730971099107,4.415279828279834],"properties":{"dpto_ccdgo":"76","mpio_ccdgo":"122","mpio_cdpmp":"76122","dpto_cnmbr":"VALLE DEL CAUCA","mpio_cnmbr":"CAICEDONIA"}},{"type":"Polygon","arcs":[[141,142,143,144,145,-127,-24]],"bbox":[-76.88840492932536,3.8422060518860786,-76.39680412389187,4.067848682926831],"properties":{"dpto_ccdgo":"76","mpio_ccdgo":"126","mpio_cdpmp":"76126","dpto_cnmbr":"VALLE DEL CAUCA","mpio_cnmbr":"CALIMA"}},{"type":"Polygon","arcs":[[146,147,-10,-9,-106,148]],"bbox":[-76.47591778570937,3.2814537751579334,-76.28112438552853,3.4728332650703813],"properties":{"dpto_ccdgo":"76","mpio_ccdgo":"130","mpio_cdpmp":"76130","dpto_cnmbr":"VALLE DEL CAUCA","mpio_cnmbr":"CANDELARIA"}},{"type":"Polygon","arcs":[[-48,-47,-46,149,-108,-39,150,151,-114]],"bbox":[-76.01664827050818,4.612833850463192,-75.822247544358,4.80758314649224],"properties":{"dpto_ccdgo":"76","mpio_ccdgo":"147","mpio_cdpmp":"76147","dpto_cnmbr":"VALLE DEL CAUCA","mpio_cnmbr":"CARTAGO"}},{"type":"Polygon","arcs":[[-102,-128,-146,152]],"bbox":[-76.89045969774448,3.4237367749318848,-76.58259648745586,3.87840907117762],"properties":{"dpto_ccdgo":"76","mpio_ccdgo":"233","mpio_cdpmp":"76233","dpto_cnmbr":"VALLE DEL CAUCA","mpio_cnmbr":"DAGUA"}},{"type":"Polygon","arcs":[[-51,-118,-14,-52]],"bbox":[-76.13780851969616,4.828887350192593,-75.98573534595565,5.047394123904631],"properties":{"dpto_ccdgo":"76","mpio_ccdgo":"243","mpio_cdpmp":"76243","dpto_cnmbr":"VALLE DEL CAUCA","mpio_cnmbr":"EL ÁGUILA"}},{"type":"Polygon","arcs":[[-121,153,-17,-16,-117]],"bbox":[-76.312264113185,4.674062331743356,-76.12768700804351,4.841232969124885],"properties":{"dpto_ccdgo":"76","mpio_ccdgo":"246","mpio_cdpmp":"76246","dpto_cnmbr":"VALLE DEL CAUCA","mpio_cnmbr":"EL CAIRO"}},{"type":"Polygon","arcs":[[-56,154,155,156,157,158,-132]],"bbox":[-76.42603464333024,3.6029188071216662,-75.95556376289204,3.770371984484341],"properties":{"dpto_ccdgo":"76","mpio_ccdgo":"248","mpio_cdpmp":"76248","dpto_cnmbr":"VALLE DEL CAUCA","mpio_cnmbr":"EL CERRITO"}},{"type":"Polygon","arcs":[[159,160,-122,-19,161]],"bbox":[-76.40376054745248,4.468735014468944,-76.16628077204084,4.654194947215419],"properties":{"dpto_ccdgo":"76","mpio_ccdgo":"250","mpio_cdpmp":"76250","dpto_cnmbr":"VALLE DEL CAUCA","mpio_cnmbr":"EL DOVIO"}},{"type":"Polygon","arcs":[[-53,-11,-148,162]],"bbox":[-76.3479703690085,3.2105121206234752,-76.03777481038253,3.389556328432209],"properties":{"dpto_ccdgo":"76","mpio_ccdgo":"275","mpio_cdpmp":"76275","dpto_cnmbr":"VALLE DEL CAUCA","mpio_cnmbr":"FLORIDA"}},{"type":"Polygon","arcs":[[-159,163,-133]],"bbox":[-76.32369566664687,3.662452048514952,-76.08088094061162,3.8322516859649536],"properties":{"dpto_ccdgo":"76","mpio_ccdgo":"306","mpio_cdpmp":"76306","dpto_cnmbr":"VALLE DEL CAUCA","mpio_cnmbr":"GINEBRA"}},{"type":"Polygon","arcs":[[-164,-158,164,-134]],"bbox":[-76.4009068904882,3.707403470393457,-76.17801021614667,3.8515229800448623],"properties":{"dpto_ccdgo":"76","mpio_ccdgo":"318","mpio_cdpmp":"76318","dpto_cnmbr":"VALLE DEL CAUCA","mpio_cnmbr":"GUACARÍ"}},{"type":"Polygon","arcs":[[-7,-6,-5,-4,-129,-107]],"bbox":[-76.78354065241025,3.091238901265333,-76.4598283058147,3.3565852908762217],"properties":{"dpto_ccdgo":"76","mpio_ccdgo":"364","mpio_cdpmp":"76364","dpto_cnmbr":"VALLE DEL CAUCA","mpio_cnmbr":"JAMUNDÍ"}},{"type":"Polygon","arcs":[[-145,165,166,167,-103,-153]],"bbox":[-76.65216749330385,3.546958662807026,-76.5061536860711,3.8629796317193996],"properties":{"dpto_ccdgo":"76","mpio_ccdgo":"377","mpio_cdpmp":"76377","dpto_cnmbr":"VALLE DEL CAUCA","mpio_cnmbr":"LA CUMBRE"}},{"type":"Polygon","arcs":[[168,169,170,-160,171,172]],"bbox":[-76.18531530716555,4.477703936065582,-76.0308048463381,4.596460313994799],"properties":{"dpto_ccdgo":"76","mpio_ccdgo":"400","mpio_cdpmp":"76400","dpto_cnmbr":"VALLE DEL CAUCA","mpio_cnmbr":"LA UNIÓN"}},{"type":"Polygon","arcs":[[-36,-35,173,174,-170,175]],"bbox":[-76.08811494409046,4.401218295803506,-75.86546876869954,4.569136630452215],"properties":{"dpto_ccdgo":"76","mpio_ccdgo":"403","mpio_cdpmp":"76403","dpto_cnmbr":"VALLE DEL CAUCA","mpio_cnmbr":"LA VICTORIA"}},{"type":"Polygon","arcs":[[-38,-37,-176,-169,176,-151]],"bbox":[-76.03974156565684,4.528182115624075,-75.85975468452907,4.667519119253146],"properties":{"dpto_ccdgo":"76","mpio_ccdgo":"497","mpio_cdpmp":"76497","dpto_cnmbr":"VALLE DEL CAUCA","mpio_cnmbr":"OBANDO"}},{"type":"Polygon","arcs":[[-55,177,-149,-105,178,179,-155]],"bbox":[-76.49173645592774,3.4503024243787097,-75.9500324752531,3.7179780460292946],"properties":{"dpto_ccdgo":"76","mpio_ccdgo":"520","mpio_cdpmp":"76520","dpto_cnmbr":"VALLE DEL CAUCA","mpio_cnmbr":"PALMIRA"}},{"type":"Polygon","arcs":[[-54,-163,-147,-178]],"bbox":[-76.33287272955334,3.3523747560352337,-76.0290648941677,3.4908124555779727],"properties":{"dpto_ccdgo":"76","mpio_ccdgo":"563","mpio_cdpmp":"76563","dpto_cnmbr":"VALLE DEL CAUCA","mpio_cnmbr":"PRADERA"}},{"type":"Polygon","arcs":[[180,181,-166,-144]],"bbox":[-76.6127511449147,3.7430310728941274,-76.467542996469,3.877413290024556],"properties":{"dpto_ccdgo":"76","mpio_ccdgo":"606","mpio_cdpmp":"76606","dpto_cnmbr":"VALLE DEL CAUCA","mpio_cnmbr":"RESTREPO"}},{"type":"Polygon","arcs":[[-111,182,183,-142,-23,184]],"bbox":[-76.49892306771322,4.0045424991023815,-76.24474787575612,4.204201788706232],"properties":{"dpto_ccdgo":"76","mpio_ccdgo":"616","mpio_cdpmp":"76616","dpto_cnmbr":"VALLE DEL CAUCA","mpio_cnmbr":"RIOFRÍO"}},{"type":"Polygon","arcs":[[-171,-175,185,-123,-161]],"bbox":[-76.2809855955694,4.3679440446092155,-76.065597119504,4.515650433777369],"properties":{"dpto_ccdgo":"76","mpio_ccdgo":"622","mpio_cdpmp":"76622","dpto_cnmbr":"VALLE DEL CAUCA","mpio_cnmbr":"ROLDANILLO"}},{"type":"Polygon","arcs":[[-130,186,187]],"bbox":[-76.31270756402996,3.9040133955666416,-76.1002573729527,4.049176924904478],"properties":{"dpto_ccdgo":"76","mpio_ccdgo":"670","mpio_cdpmp":"76670","dpto_cnmbr":"VALLE DEL CAUCA","mpio_cnmbr":"SAN PEDRO"}},{"type":"Polygon","arcs":[[-140,-26,-61,-60,188,-136,189,-33]],"bbox":[-76.03786282352733,3.9045371282146206,-75.73761952050631,4.411327714153309],"properties":{"dpto_ccdgo":"76","mpio_ccdgo":"736","mpio_cdpmp":"76736","dpto_cnmbr":"VALLE DEL CAUCA","mpio_cnmbr":"SEVILLA"}},{"type":"Polygon","arcs":[[-152,-177,-173,190,-119,-115]],"bbox":[-76.1620155196387,4.557356091482216,-76.01091726073295,4.73575941591908],"properties":{"dpto_ccdgo":"76","mpio_ccdgo":"823","mpio_cdpmp":"76823","dpto_cnmbr":"VALLE DEL CAUCA","mpio_cnmbr":"TORO"}},{"type":"Polygon","arcs":[[-138,-112,-185,-22,-126]],"bbox":[-76.45501127869706,4.158823111246482,-76.21013501400077,4.306312427014488],"properties":{"dpto_ccdgo":"76","mpio_ccdgo":"828","mpio_cdpmp":"76828","dpto_cnmbr":"VALLE DEL CAUCA","mpio_cnmbr":"TRUJILLO"}},{"type":"Polygon","arcs":[[-59,-131,-188,191,-183,-110,-137,-189]],"bbox":[-76.31388897124295,3.8892213938707645,-75.81897413239543,4.185505911417197],"properties":{"dpto_ccdgo":"76","mpio_ccdgo":"834","mpio_cdpmp":"76834","dpto_cnmbr":"VALLE DEL CAUCA","mpio_cnmbr":"TULUÁ"}},{"type":"Polygon","arcs":[[-44,-109,-150,-45]],"bbox":[-75.8566505286142,4.6785106136416506,-75.7097261238448,4.737833672853839],"properties":{"dpto_ccdgo":"76","mpio_ccdgo":"845","mpio_cdpmp":"76845","dpto_cnmbr":"VALLE DEL CAUCA","mpio_cnmbr":"ULLOA"}},{"type":"Polygon","arcs":[[-120,-191,-172,-162,-18,-154]],"bbox":[-76.30476945539269,4.525553115555603,-76.12266687366862,4.69859162596021],"properties":{"dpto_ccdgo":"76","mpio_ccdgo":"863","mpio_cdpmp":"76863","dpto_cnmbr":"VALLE DEL CAUCA","mpio_cnmbr":"VERSALLES"}},{"type":"Polygon","arcs":[[-156,-180,192,-167,-182,193]],"bbox":[-76.53692782066453,3.6807241158322688,-76.40089335000438,3.830749400211541],"properties":{"dpto_ccdgo":"76","mpio_ccdgo":"869","mpio_cdpmp":"76869","dpto_cnmbr":"VALLE DEL CAUCA","mpio_cnmbr":"VIJES"}},{"type":"Polygon","arcs":[[-187,-135,-165,-157,-194,-181,-143,-184,-192]],"bbox":[-76.48988140964491,3.729224515522736,-76.29591397897684,4.067287048574064],"properties":{"dpto_ccdgo":"76","mpio_ccdgo":"890","mpio_cdpmp":"76890","dpto_cnmbr":"VALLE DEL CAUCA","mpio_cnmbr":"YOTOCO"}},{"type":"Polygon","arcs":[[-179,-104,-168,-193]],"bbox":[-76.59289402539812,3.490505796330143,-76.4260447986931,3.699247712644996],"properties":{"dpto_ccdgo":"76","mpio_ccdgo":"892","mpio_cdpmp":"76892","dpto_cnmbr":"VALLE DEL CAUCA","mpio_cnmbr":"YUMBO"}},{"type":"Polygon","arcs":[[-190,-139,-124,-186,-174,-34]],"bbox":[-76.17135168323003,4.243864199962056,-75.87776691312567,4.466953634343911],"properties":{"dpto_ccdgo":"76","mpio_ccdgo":"895","mpio_cdpmp":"76895","dpto_cnmbr":"VALLE DEL CAUCA","mpio_cnmbr":"ZARZAL"}}]}},"arcs":[[[1420426,2138795],[2,1]],[[1420448,2138810],[382,753],[417,-19],[225,244],[359,64],[357,537],[466,382],[314,550],[231,116],[655,38],[105,171],[644,2257],[-45,163],[-405,447],[-33,948],[559,751],[-98,801],[141,267],[344,363],[71,434],[-130,560],[-440,686],[34,677],[49,179],[334,318],[28,206],[-118,412],[42,344],[193,500],[368,1591],[378,678],[28,381],[-240,619],[-5,358],[165,760],[292,247],[255,85],[531,-34],[327,311],[719,-37],[303,79],[578,346],[566,92],[451,5],[175,-156],[907,-438],[890,512],[227,264],[207,432],[1389,710],[776,229],[1016,-40],[229,238],[281,72],[504,-140],[377,-289],[432,38],[969,315],[445,451],[495,225],[507,-201],[858,120],[385,-547],[425,-230],[292,35],[271,172],[655,-136],[108,-170],[50,-356],[308,-227],[332,100],[152,-128],[170,288],[157,94],[262,-46],[390,-218],[139,10],[395,396],[48,304],[139,65],[828,18],[134,-235],[725,-238],[693,68],[993,432],[169,210],[185,62],[378,-189],[374,-26],[385,99],[687,24],[310,-78],[452,-332],[573,257],[323,-134],[352,104],[668,-353],[752,17],[493,-496],[341,-49],[397,114],[166,413],[198,228],[310,73],[163,-183],[227,189],[37,179],[788,460],[399,328],[197,273],[896,325],[242,274],[493,328],[157,335],[247,164],[980,-123],[524,-250]],[[1461443,2161476],[1159,1731],[0,637],[278,592],[139,682]],[[1463019,2165118],[190,-160],[117,0],[414,202],[1104,54],[263,308],[928,455],[271,-107],[162,-309],[771,-378],[187,-362],[11,-326],[404,-301],[69,-303],[348,-393],[51,-482],[116,-250],[778,-690],[406,-514],[818,-608],[52,-104],[-72,-182],[-425,-233],[156,-388],[248,-157],[341,9],[655,-282],[579,-540],[-53,-274],[-769,-394],[-29,-78],[699,-580],[127,-264],[-1639,-569],[-202,-196],[177,-368],[795,-481],[1306,-39],[633,-354],[105,-380],[575,-134],[313,-266],[198,-378],[209,-169],[-56,-153],[-218,-79],[-5,-290],[-114,-98],[-154,-12],[-298,151],[-127,-62],[-28,-153],[138,-444],[690,-299],[179,-316],[856,116],[320,-214],[404,-128],[16,-691],[-167,-245],[-802,-185],[-373,99],[-221,-200],[109,-392],[785,-261],[215,-398],[22,-182],[-107,-172],[-72,-437],[-23,-571],[-127,-229],[93,-193],[329,-203],[-16,-724],[-106,-155],[-596,-224],[-86,-307],[88,-462],[-158,-277],[-528,-287],[-362,-730],[-443,-59],[-123,-157],[63,-1012],[-233,-329],[-416,-330],[348,-528],[-185,-514],[-53,-1231],[211,-514],[543,-213],[216,-187],[39,-353],[214,-537],[350,-398],[24,-677],[122,-260],[504,-367],[191,-258],[619,-393],[274,-378],[944,-384],[155,-245],[0,-344],[435,-682],[693,-348],[562,-451],[102,-198],[373,-242],[233,-113],[507,-61],[318,-397],[108,15],[257,-306],[458,-183],[455,-16],[425,357],[308,-83],[318,249],[511,-98],[303,88],[304,-17],[230,466],[153,-10],[457,-399],[257,-91],[462,182],[1139,196],[178,302],[156,-14],[192,-217],[505,28],[453,-537],[-211,-198],[35,-172],[202,-26],[336,297],[362,-96],[76,-194],[-27,-198],[-258,-435],[358,-509],[192,-103],[443,-26],[435,-297],[238,29],[527,236],[246,-186],[130,-451],[378,-66],[-21,-247],[88,-156],[172,-102],[462,-56],[501,-648],[-39,-231],[-221,-222],[407,-523],[710,-307],[614,-516],[351,-61],[313,100],[-80,301],[515,-74],[142,291],[138,93],[1241,265],[345,-302],[119,-957],[181,-165],[650,347],[236,237],[331,548],[215,130],[128,-90],[61,-444],[279,-350],[983,357],[522,80],[101,503],[209,163],[294,-81],[46,-276],[120,-94],[449,163],[118,229],[1024,769],[198,380],[135,564],[223,352],[294,101],[390,-21],[525,270],[171,500],[-120,431],[-208,134],[-499,26],[-126,97],[10,262],[144,255],[16,448],[108,19],[219,-252],[115,-12],[226,207],[401,185],[87,181],[-139,448],[162,166],[211,-36],[353,-258],[148,0],[187,700],[72,93],[358,110],[69,545],[320,425],[498,305],[478,17],[803,-734],[286,-540],[41,-540],[260,-932],[-9,-494],[313,21],[-11,-55],[371,-77],[135,-63],[137,-208],[-12,-255],[-81,-111],[-753,-646],[100,-628],[-127,-54],[-321,267],[-180,-260],[262,-347],[373,71],[218,-207],[10,-226],[-378,-781],[124,-720],[139,-217],[343,-111],[487,-34],[-138,-394],[51,-83],[359,168],[199,-189],[369,-19],[225,-337],[435,-200],[155,-188],[86,-785],[861,-775],[678,-106],[1435,381],[49,103],[-56,420],[113,482],[193,257],[148,37],[362,-153],[158,-158],[556,-932],[308,-166],[290,-24],[872,155],[639,273],[295,460],[78,451],[-33,192],[-147,169],[-1168,947],[-742,259],[-156,248],[-12,212],[158,410],[338,303],[840,-2],[496,-393],[481,-758],[221,36],[843,1093],[130,318],[-153,542],[-207,333],[-725,676],[-51,152],[35,639],[341,347],[292,54],[784,-89],[415,45],[450,276],[637,602],[186,23],[489,-138],[202,-170],[160,-288],[24,-429],[244,-292],[369,-54],[329,139],[74,666],[-107,325],[-1082,1056],[-90,309],[-10,481],[63,167],[294,255],[552,173],[939,487],[271,-113],[218,-205],[467,-805],[-82,-595],[-257,-652],[93,-289],[385,-281],[1043,-230],[288,-313],[-9,-403],[-358,-504],[-82,-428],[666,-1373],[256,-244],[205,-31],[344,39],[678,305],[254,19],[297,-177],[50,-242],[-70,-361],[-327,-792]],[[1529597,2127862],[-1,-388],[152,-240],[390,-209],[208,25],[343,426],[-55,985],[51,156],[282,489],[273,216],[168,56],[346,-39],[681,-370],[596,-84],[284,100],[343,256],[347,485],[163,439],[163,189],[186,47],[210,-106],[209,-623],[186,-61],[313,85],[384,345],[365,848],[-59,537],[-243,402],[-24,201],[99,264],[371,497],[678,287],[324,704],[211,230],[419,78],[295,-123],[180,-208],[56,-381],[-211,-852],[149,-550],[222,-234],[323,34],[1007,360],[268,675],[186,197],[466,-20],[577,-391],[493,-131],[666,612],[96,239],[-36,221],[-680,726],[-502,59],[-374,-315],[-416,-221],[-264,23],[-313,212],[-140,303],[-90,578],[195,844],[-34,161],[-73,136],[-779,395],[-542,728],[-242,8],[-270,-127],[-434,-730],[-163,-120],[-264,11],[-245,306],[-90,922],[178,281],[298,194],[667,0],[1026,-245],[388,61],[504,-70],[674,-559],[223,-97],[267,22],[208,158],[160,370],[-41,691],[-191,270],[-439,319],[-318,389],[-81,556],[191,208],[428,108],[1195,-131],[172,181],[11,230],[-255,272],[-763,245],[-773,-138],[-321,85],[-126,135],[11,373],[349,201],[602,136],[574,-364],[587,-173],[651,183],[665,440],[610,-28],[274,-90],[332,-249],[539,-1140],[289,-294]],[[1545742,2139966],[510,-104],[221,172],[57,1141],[-66,344],[-406,461],[-653,267],[-764,661],[-338,628],[48,261],[282,286],[984,122],[324,203],[135,319],[0,458],[-222,436],[-25,478],[20,136],[239,261],[571,-6],[819,-272],[371,11],[118,91],[32,332],[-394,613],[-132,583],[76,906],[189,311],[422,244],[473,38],[247,-77],[242,-248],[194,-355],[84,-764],[84,-236],[188,-201],[270,47],[130,123],[250,405],[141,561],[-53,256],[-222,378],[-340,322],[-678,389],[-360,342],[-207,622],[112,367],[614,855],[242,508],[-19,453],[-367,738],[185,1174],[-56,467],[-247,271],[-448,116],[-422,-135],[-560,-373],[-411,51],[-228,278],[182,1110],[278,592],[921,328],[329,200],[112,158],[73,448],[-17,754],[197,897],[42,705],[237,367],[224,85],[403,-77],[169,-229],[217,-801],[213,-166],[485,-46],[522,547],[793,407],[24,412],[-334,613],[-14,288],[347,354],[314,43],[432,-105],[254,-207],[359,-1193],[136,-218],[319,-163],[327,75],[174,450],[158,2018],[251,550],[183,147],[253,64],[1072,-92],[133,31],[101,150],[11,319],[-464,485],[-307,106],[-346,-11],[-186,-72],[-469,-443],[-397,-4],[-497,224],[-268,302],[-498,339],[-95,228],[265,500],[1108,616],[172,133],[104,233],[11,161],[-120,245],[-903,826],[-117,266],[32,325],[122,209],[191,152],[212,5],[308,-136],[339,-262],[716,-1079],[191,-100],[535,-16],[398,413],[133,377],[16,210],[-122,367],[-565,329],[-912,130],[-161,99],[-183,375],[74,216],[188,176],[319,95],[327,25],[301,-86],[916,-871],[493,-104],[162,43],[131,224],[-166,733],[-242,400],[-1215,324],[-569,278],[-544,671],[-446,152],[-849,90],[-147,432],[70,177],[254,122],[747,-43],[886,70],[364,-93],[411,-215],[344,-322],[229,-817],[185,-246],[246,-103],[376,140],[287,282],[212,359],[45,660],[-266,575]],[[1558244,2173372],[-835,599],[-72,311],[118,396],[517,300],[262,269],[9,185],[-402,419],[-1009,556],[-671,169],[-828,-74],[-354,227],[-48,494],[286,551],[-6,256],[-473,1024],[-458,550],[-705,77],[-413,-164],[-765,-615],[-731,26],[-241,44],[-400,276],[-584,877],[-14,162],[143,288],[473,420],[621,235],[489,90],[343,12],[434,-118],[453,-379],[248,-118],[320,-33],[241,380],[-19,304],[-181,267],[-269,221],[-794,360],[-574,-28],[-397,-140],[-2018,-150],[-844,70],[-281,210]],[[1548815,2182178],[-407,552],[-33,412],[353,457],[510,399],[292,474],[17,722],[-282,660],[174,445],[314,341],[544,-41],[794,-520],[74,-140],[23,-686],[330,-972],[-15,-324],[460,-631],[310,-152],[292,-24],[496,159],[261,176],[125,202],[30,270],[-115,1479],[168,279],[977,701],[58,244],[-135,505],[-524,1166],[-157,1040],[-128,26],[-550,730],[-20,678],[647,394],[376,-46],[427,-241],[285,-589],[-37,-777],[70,-291],[513,-692],[443,-248],[196,5],[221,441],[65,478],[-200,1353],[33,365],[130,238],[216,57],[181,-61],[736,-1147],[410,-75],[258,58],[159,126],[32,290],[-225,666],[20,439],[680,645],[148,328],[-59,213],[-308,413],[-119,470]],[[1558349,2193617],[988,-103],[64,-265],[193,-160],[-231,-167],[-33,-280],[308,48],[74,-190],[162,-35],[198,-222],[234,-56],[126,-235],[1648,-1767],[858,-121],[1416,-523],[1013,-138],[1243,-447],[796,-57],[599,54],[965,-184],[914,36],[1258,-639],[294,-253],[366,-901],[222,-346],[813,-301],[1117,-620],[225,-313],[156,-572],[160,-129],[303,-98],[137,115],[563,-201],[732,-106],[567,-347],[1274,-328],[214,-183],[715,-215],[489,-477],[743,-46],[390,-144],[525,37],[194,-126],[130,104],[586,-132],[1092,-361],[346,-218],[311,86],[348,-337],[516,108],[228,-172],[305,94],[398,-214],[234,85],[102,-128],[100,85],[374,-35],[105,130],[71,-173],[106,106],[155,-114],[155,249],[322,74],[69,126],[452,3],[392,187],[130,-156],[129,104],[256,-155],[434,23],[902,-656],[522,-99]],[[1590611,2181226],[499,-244],[1138,-337],[188,-210],[305,-100],[126,-145],[-152,-264],[184,-80]],[[1592899,2179846],[51,-261],[232,18],[542,232],[329,255],[204,-56],[93,142],[231,-228],[376,32],[101,-338],[59,-39],[83,75],[92,-92],[108,152],[181,-40],[201,174],[259,-63],[145,138],[461,127],[138,117],[446,-147],[635,121],[68,-177],[324,-5],[-69,-350],[132,34],[61,192],[104,43],[29,-193],[283,29],[-32,-210],[266,-68],[171,203],[273,6],[267,285],[455,-1],[229,-176],[489,325],[552,53],[222,-192],[239,2],[234,-364],[123,-49],[136,162],[220,-4],[-25,241],[255,-40],[-10,380],[413,246],[231,-156],[207,219],[16,198],[-258,-85],[-84,88],[139,115],[23,195],[155,-43],[390,116],[176,-140],[115,177],[166,-279],[73,219],[247,167],[116,-204],[-21,-156],[302,-69],[201,92],[42,241],[47,-138],[129,-46],[102,200],[175,8],[65,-191],[112,-35],[116,293],[175,-67],[108,91],[377,-202],[141,140],[142,-20],[111,-367],[149,-42],[144,190],[-15,299],[208,-155],[-20,175],[88,50],[271,-453],[118,-32],[261,104],[141,-73],[117,74],[43,-188],[242,-177],[162,56],[23,-237],[127,-106],[-2,-216],[389,-236],[110,40],[-127,79],[9,77],[543,343],[164,-18],[69,-146],[207,155],[216,-420],[88,57],[-42,175],[59,114],[250,-185],[131,192],[167,-48],[105,-122],[-132,-148],[183,-321],[214,-55],[61,-167],[184,-68],[-72,-165],[421,-19],[-131,-253],[138,-290],[-8,-185],[130,-116],[83,78],[-65,136],[46,75],[560,-307],[422,-75],[102,52],[240,403],[143,-74],[491,147],[314,-230],[92,355],[266,-71],[279,109],[164,162],[224,476],[358,230],[100,-85],[230,221],[401,-287],[205,59],[323,-85],[106,-256],[115,107],[-76,195],[93,-8],[127,-109],[-114,-344],[676,-182],[209,166],[72,-125],[143,-49],[241,238],[325,-305],[276,109],[283,-196],[20,234],[66,37],[276,-267],[393,-88],[357,-207],[260,-4],[69,-319],[1042,1],[91,313],[486,41],[129,-227],[454,-125],[256,-260],[150,27],[373,324],[209,-4],[224,135],[251,-40],[150,125],[341,-6],[548,-183],[344,19],[605,-363],[228,-469],[249,-119],[224,11],[256,-141],[527,-602],[408,-61],[183,-280],[374,-209],[174,-242],[423,-19],[156,-412],[408,-344],[68,-252],[264,-179],[268,-472],[369,-42],[266,-219],[541,-202],[162,-269],[267,-139],[136,-283],[218,-127],[188,-399],[-69,-323],[369,-625],[-50,-197],[220,-737],[-8,-342],[339,-449],[12,-208],[142,-165],[-46,-1163],[153,-99],[306,-480],[657,-452],[131,-642],[708,-763],[172,-356],[355,-433],[45,-276],[508,-214],[63,-319],[232,-360],[244,51],[533,-65],[229,295],[360,81],[239,252],[396,-256],[251,2],[192,241],[-44,345],[173,387],[313,126],[535,387],[102,-115],[-210,-345],[51,-182],[503,90],[444,-82],[380,-223],[1250,176],[176,-146],[337,62],[255,-180],[330,-54],[-66,529],[340,439],[172,409],[378,35],[153,184],[109,3],[343,-342],[464,-127],[140,-174],[391,316],[186,9],[684,468],[797,-600],[463,65],[43,-394],[195,-248],[15,-133],[-4,-137],[-162,-167],[-77,-402],[283,-875],[304,-165],[369,224],[239,-57],[636,-1002],[189,105],[250,-18],[77,233],[296,102],[353,3],[178,-85],[130,-198],[150,83],[191,-97],[330,373],[451,223],[292,-219],[321,66],[176,-341],[464,-309],[569,682],[674,134],[289,-125],[322,5],[352,-553],[300,-50],[401,396],[849,-470],[793,29],[304,124],[115,277],[542,199],[250,173],[245,429],[856,165],[184,118],[266,-192],[374,-574],[745,-409],[319,-14],[762,-309],[1947,-361],[1804,-529],[626,-341],[950,-374],[1093,-623],[2860,-980],[420,-263],[1899,831],[331,761],[228,282],[582,1178],[450,576],[170,97]],[[1251923,2160969],[1539,152],[612,-116],[2179,-1896],[674,-296],[1550,283],[1039,445],[438,271],[513,458],[682,700],[172,335],[3,403],[-125,280],[-1011,914],[142,532],[309,243],[941,-191],[571,24],[179,115],[123,319],[-39,365],[-167,385],[-121,102],[-206,103],[-1194,145],[-600,406],[-335,339],[-103,180],[-28,335],[238,619],[410,250],[437,120],[1082,-8],[840,-302],[698,-811],[1101,-268],[146,222],[-52,875],[483,724],[242,712],[221,293],[285,97],[768,41],[260,149],[174,188],[313,613],[406,349],[480,-4],[719,-324],[276,33],[223,207],[232,488],[283,284],[990,246],[351,559],[262,191],[303,41],[369,-105],[315,-311],[408,-803],[740,-368],[804,-760],[888,-356],[687,-512],[155,-470],[-271,-1546],[231,-695],[574,-887],[1401,-1058],[564,-570],[154,-337],[26,-731],[118,-600],[569,-1446],[195,-298],[590,-302],[569,-20],[488,86],[1010,448],[610,-45],[729,-539],[739,-761],[651,-903],[444,-208],[493,-613],[275,-759],[53,-695],[-69,-258],[-435,-549],[-173,-422],[-14,-881],[216,-1087],[11,-1332],[-141,-654],[-239,-454],[-16,-443],[220,-449],[1396,-703],[234,-162],[343,-477],[1096,-125],[1150,-351],[1017,-1063],[284,-732],[-113,-569],[-577,-1561],[-161,-1512],[33,-307],[408,-961],[576,-203],[916,-113],[1236,-20],[549,-127],[520,-226],[683,-529],[431,-176],[555,-472],[334,20],[187,137],[1378,2623],[191,-23],[1155,447],[358,-120],[135,62],[727,760],[303,594],[171,104],[31,982],[-184,720],[72,485],[174,77],[383,-75],[909,-548],[775,159],[335,172],[576,516],[68,320],[-362,643],[-174,690],[31,305],[395,693],[175,157],[225,80],[541,-73],[315,-103],[840,-652],[336,-124],[534,-368],[376,28],[660,-257],[365,-336],[340,-713],[566,-557],[2029,-1242],[1396,-648],[582,-191],[1116,-3],[520,423],[458,546],[207,68],[382,-180],[329,-716],[15,-356],[-147,-393],[343,-810],[-9,-689],[-527,-321],[-503,-97],[-448,9],[-562,215],[-471,20],[-569,-424],[-423,-519],[-204,-855],[361,-465],[318,-621],[376,-219],[812,-112],[809,292],[591,339],[230,-33],[106,-267],[-113,-1592],[104,-304],[384,-354],[335,99],[243,258],[351,1874],[262,427],[367,269],[326,-80],[184,-248],[225,-670],[88,-826],[275,-339],[158,-85],[373,-3],[768,543],[265,63],[378,-42],[415,-753],[413,-1085],[1119,-1219],[392,-566],[163,-579],[-87,-1165],[119,-264],[202,-169],[285,-40],[248,93],[355,510],[100,234],[-51,1023],[311,1042],[504,435],[371,9],[129,-69],[297,-436],[60,-592],[-118,-467],[-416,-915],[21,-272],[251,-493],[422,-431],[1234,-510],[297,-281],[370,-604],[596,-290],[198,36],[232,196],[165,302],[23,306],[-105,253],[-744,403],[-114,139],[-23,293],[299,301],[190,102],[606,56],[612,-102],[510,-558],[-100,-576],[93,-123],[170,-25],[812,697],[1579,1625],[794,134],[195,116],[18,358],[-118,350],[-462,221],[-297,-163],[-150,-1],[-126,329],[56,472],[299,625],[845,769],[91,193],[-8,264],[-342,444],[-121,325],[-10,222],[73,120],[377,74],[1001,-421],[1050,258],[200,-92],[421,-526],[798,28],[427,120],[471,384],[228,585],[-82,712],[8,1013],[178,228],[302,-68],[264,-762],[204,-231],[677,-146],[710,96],[90,80],[35,238],[-173,613],[-33,579],[681,1246],[338,113],[506,-182],[241,-243],[388,5],[670,363],[403,321],[413,1011],[702,680],[295,157],[816,112],[401,249],[131,220],[41,297],[-120,968],[65,436],[304,114],[372,-11],[661,-623],[318,47],[577,293],[388,456],[183,60],[438,-86],[434,-386],[413,73],[153,445],[81,880],[-260,159],[-484,92],[-128,179],[501,912],[150,24],[683,-196],[498,75],[23,64],[-146,161],[9,163],[168,223],[201,22],[84,-93],[39,-296],[53,-1017],[147,-323],[591,136],[429,-164],[827,82],[165,-386],[252,-185],[142,41],[681,1033],[643,28],[452,-172],[575,-461],[291,-37],[-42,-175],[95,3],[61,-160],[204,-1260],[469,-311],[397,-130],[323,-485],[163,-48],[429,125],[766,421],[1359,838],[358,401],[825,479],[529,634],[784,651],[656,866],[114,271],[14,538],[148,207],[1462,273],[387,590],[612,609],[316,203],[607,122],[286,-49],[554,-595],[652,66],[433,-274],[271,-25],[211,52],[597,613],[466,160],[129,-113],[61,-219],[-14,-331],[-505,-547],[16,-167],[129,-165],[415,39],[383,277],[299,110],[543,-622],[336,141],[202,-12],[1303,-1101],[959,-592],[955,-872],[216,-12],[211,101],[387,-410],[693,-317],[796,88],[520,-236],[779,276],[926,64],[318,-84],[1543,-744],[1140,-60],[1230,-681],[735,-148],[434,281],[540,163],[525,356],[433,74],[782,-770],[869,-489],[420,-489],[465,-222],[180,-281],[690,-489],[210,-489],[360,-222],[494,-89],[1301,-479],[337,-14],[329,186],[207,6],[960,-259],[169,18],[379,217],[646,17],[265,351],[614,59],[240,-91],[390,-403],[424,-695],[664,-430],[327,-420],[-98,-732],[52,-253],[81,-189],[197,-25],[94,-100],[341,-1268],[156,-185],[399,-291],[694,-194],[260,-197],[576,59],[308,-53],[279,-360],[421,-19],[190,-100],[98,-516],[-643,-1124],[23,-482],[417,-526],[853,-410],[272,-691],[498,-589],[54,-244],[101,-49],[675,61],[739,-46],[357,-222],[210,-24],[878,97],[154,134],[277,12],[240,-79],[296,-265],[625,-100],[179,-131],[311,-67],[114,-189],[213,-67],[400,-6],[237,-115],[555,-58],[1062,69],[551,-134],[345,0],[842,-255],[569,28],[572,823],[399,62],[383,181],[62,206],[-177,191],[64,193],[744,191],[153,279],[399,278],[127,227],[31,412],[282,342],[72,397],[406,131],[77,105],[-125,511],[32,141],[109,79],[283,-43],[-107,503],[-334,492],[-303,1340],[38,449]],[[1420360,2138747],[66,48]],[[1671615,2692306],[-101,42],[-390,-127],[-586,-412],[-258,-95],[-1005,-139],[-376,-193],[-519,-2],[-267,-265],[-686,-68],[-92,-121],[-49,-660],[-171,-187],[-242,-775],[-852,-963],[-260,-522],[357,-1347],[-224,-795],[65,-1479],[259,-500],[65,-1116],[231,-472],[3,-360],[-83,-280],[-782,-1429],[-129,-971],[-266,-582],[-19,-243],[483,-1294],[74,-382],[449,-690],[135,-509],[694,-839],[243,-425],[388,-1380],[-34,-313],[-314,-379],[-28,-197],[354,-656],[-31,-806],[230,-976],[25,-423],[-432,-571],[276,-442],[112,-553],[-478,-627],[-29,-1127],[200,-613],[-64,-304],[137,-202],[-131,-181],[-115,-452],[74,-223],[704,-714],[-359,-278],[-666,-771],[-582,-223],[-143,-130],[11,-185],[398,-938],[-77,-151],[-482,-330],[-55,-127],[111,-353],[111,-1135],[-577,-736],[-133,-649],[-469,-683],[-34,-318],[116,-487],[-43,-299],[-114,-298],[-258,-314],[-381,-147],[-379,-410],[-417,-4],[-469,114],[-697,-141],[-261,-198],[-259,-2],[-1096,217],[-894,-578],[-1280,-372],[-577,220],[-707,40],[-855,269],[-351,-4],[-193,-122],[-49,-477],[-268,-141],[11,-282],[323,-197],[-4,-166],[-173,-244],[21,-259],[84,-111],[810,-818],[567,-185],[240,-157],[1256,-1117],[426,-508],[854,-368],[445,-509],[2,-1114],[-935,-1259],[152,-1238],[-103,-307],[-518,-421],[-235,-393],[-595,-599],[-240,-78],[-526,61],[-713,-538],[20,-117],[366,-223],[2,-189],[-392,-461],[-147,-334],[-480,-517],[-159,-753],[-505,-452],[20,-190],[356,-738],[56,-1212],[-583,-703],[-1286,-814],[-289,-396],[-258,-1699]],[[1653652,2633221],[-242,-473],[-230,-227]],[[1653180,2632521],[-336,-305],[-1318,-658],[-1622,-370],[-1020,-132],[-2017,49],[-1942,-491],[-863,-430],[-1799,-385],[-1263,191],[-1023,-93],[-2365,-1040],[-1151,-67],[-1002,86],[-269,-151],[-519,0],[-673,264],[-750,133],[-1365,-38],[-346,-151],[-922,-548],[-865,-925],[-577,-775],[-423,-1020],[-135,-831],[-442,-1199],[-192,-283],[-692,-661],[-692,-1228],[-346,-302],[-904,-378],[-1038,-642],[-1814,-920],[-1250,-396],[-884,-76],[-1115,19],[-1269,321],[-615,0],[-346,-378],[-385,-1057],[-327,-642],[-1310,-1984],[-271,-223],[-297,-510],[-69,-291],[-405,-402],[-359,-221],[-218,-491],[-618,-745],[-527,-139],[-352,-497],[-169,-62],[-1258,14],[-499,-345],[-330,-97],[-436,-677],[-1019,-829],[-584,-669],[-823,-129],[-1228,-563],[-1134,-688],[-304,-269],[-502,-71],[-871,-446],[-559,-455],[-46,-185]],[[1602116,2606038],[867,-363],[433,-373],[111,-286],[-59,-614],[186,-558],[338,-494],[289,-374],[619,-389],[639,-583],[612,-422],[453,-1087],[397,-529],[489,-90],[352,-530],[274,-659],[777,-983],[187,-1347],[498,-965],[388,-260],[-105,-597],[-356,-494],[-146,-952],[-256,-749],[-594,-50],[-197,-125],[-1114,-256],[-617,-386],[-123,-198],[21,-202]],[[1606479,2591123],[93,-1077],[-169,-368],[68,-1073],[-100,-866],[68,-166],[335,-291],[-631,-1294],[-507,-691],[-323,-262],[61,-213],[597,-793],[-152,-362],[-426,-314],[-122,-449],[-495,-987],[-49,-303],[152,-1009],[-7,-711],[57,-175],[327,-307],[434,-800],[-26,-206],[-209,-168]],[[1605455,2578238],[-36,-340],[-403,-1260],[-217,-292],[-761,-616],[-209,-707],[-727,-1264],[-552,-1192],[-34,-486],[274,-815],[-1016,-255],[-784,-1069],[-468,-972],[-544,-501],[-156,-247],[-31,-388],[270,-572],[58,-621],[266,-400],[-221,-568],[-95,-741],[-552,-1009],[-125,-131],[-491,-93],[-697,-400],[-886,-191],[-46,-396],[190,-322],[-42,-258],[-372,-733],[-31,-303],[-384,-710],[-339,-970],[-465,-560],[-207,-415],[-861,-498],[-294,-425],[-537,101],[-1074,-407],[51,-566],[135,-306],[-129,-342],[-396,-357],[168,-1583],[585,-542],[87,-180],[300,-197],[-180,-560],[-273,-436],[-546,-448],[-153,-307],[-372,-23],[-393,-266],[-384,-32],[-897,-309],[-1644,-292],[-658,-501],[-403,-150],[-713,229],[-441,448],[-213,100],[-721,-207],[-505,144],[-1123,35],[-360,-94],[-634,208],[-1314,115],[-605,-393],[-226,-325],[-96,-1169],[131,-584],[-129,-1009],[-160,-273],[-961,-444],[-238,-255],[-685,-365],[-306,-334],[-307,-173],[-848,-269],[-440,-246],[-211,-230],[-727,-336],[-359,-347],[-393,-243],[-83,-163],[42,-142],[289,-183],[806,-60],[330,-264],[145,-244],[1033,-710],[310,-467],[82,-426],[889,-1279],[640,-284],[661,-183],[310,-446],[351,-325],[620,-203],[310,-284],[248,-406],[-62,-386],[-165,-223],[41,-223],[269,-305],[144,-609],[1178,-1603],[62,-366],[461,-718],[283,-662],[1301,-1055],[537,-61],[377,-209]],[[1586579,2531309],[-209,-343],[-351,-173],[-364,-324],[-349,-75],[-374,64],[-449,331],[-760,57],[-507,285],[-815,8],[-585,319],[-587,-70],[-559,-415],[-443,-511],[-80,-1085],[100,-1355],[-383,-454],[-663,-504],[-475,-642],[-559,-127],[-727,-511],[-1022,89],[-560,133],[-351,-77],[-407,-337],[-485,-1133],[-673,-523],[-266,-61],[-215,-213],[-281,-134],[-118,-398],[38,-309],[391,-449],[149,-306],[11,-204],[-123,-101],[-142,-380],[-362,-413],[-1064,6],[-649,-464],[-623,-993],[-27,-267],[253,-665],[-127,-242],[-281,-122],[-1150,-10],[-333,-112],[-640,-13],[-523,155],[-517,315],[-278,19],[-329,-620],[-416,-366],[-216,-844],[-206,-161],[-837,-129],[-1985,72],[-896,-192],[-397,-172],[-229,-437],[-58,-636],[-606,-572],[-75,-209],[-443,-220],[-904,-109],[-204,-150],[-20,-246],[-165,-153],[-851,-114],[-489,-403],[-751,-385],[-976,-350],[-784,-526],[-299,-106],[-619,-480],[-603,-829],[-488,-322],[-439,-506],[-219,-404],[-626,-458],[-872,24],[-1988,-276],[-471,56],[-731,223],[-154,-46],[-190,-235],[-444,-135],[-595,177],[-422,-40],[-149,-415],[-166,-161],[-438,-202],[-523,-75],[-228,-214],[-200,-376],[-829,-548],[-276,-301],[-603,-239],[-574,-358],[-606,-11],[-403,232],[-712,187],[-698,-42],[-824,-192],[-1853,-814],[-804,-128],[-65,-270],[-156,-124],[-193,-535],[-390,-54],[-398,-266],[-882,12],[-616,84],[-217,119],[-218,298],[-72,656],[-99,179],[-281,63],[-543,322],[-603,-18],[-458,-162],[-657,-758],[-32,-223],[184,-1065],[-112,-804],[-632,-1160],[-281,-369],[-43,-552],[155,-456],[-225,-525],[-337,-395],[168,-566],[-70,-525],[-779,-1646],[6,-218],[183,-553],[1107,-1804],[366,-359],[351,-138],[788,-704],[899,-1243],[366,-663],[112,-594],[-173,-437],[47,-1013],[-211,-387],[-28,-553],[-99,-234],[62,-780]],[[1532106,2486219],[391,-49],[1645,-677],[1640,-1100],[399,-991],[1728,-785],[499,-344],[110,-461],[-260,-736],[21,-332],[351,-604],[123,-795],[387,-638],[0,-605],[-70,-207],[-598,-587],[-105,-431],[-422,-829],[35,-1968],[949,-2182],[1494,-1606],[878,-2210],[194,-242],[474,-207],[211,-639],[1019,-518],[492,-51],[194,-104],[123,-190],[175,-665],[18,-811],[88,-345],[632,-1191],[106,-380],[-35,-121],[-422,-414],[0,-190],[351,-518],[826,-501],[317,-380],[263,-138],[633,-86],[524,-276],[773,-570],[1089,-311],[176,-121],[879,-1105],[-23,-1073],[87,-203],[631,-27],[2122,-422],[658,-385],[494,-170],[618,-452],[182,-36],[934,488],[764,179],[594,-36],[1601,-321],[521,-227],[363,-353]],[[1559947,2454970],[139,-203],[25,-604],[229,-735],[0,-552],[-145,-307],[20,-429],[729,-818],[104,-341],[-125,-1186],[166,-735],[312,-470],[645,-287],[354,-572],[62,-914],[354,-1471],[270,-1656],[0,-347],[-145,-307],[-125,-695],[-42,-1860],[167,-1116],[-125,-327],[-229,-307],[-270,-2534],[-375,-940]],[[1561942,2435257],[-41,-450],[-333,-491],[-188,-490],[-332,-1472],[0,-347],[-500,-1574],[-624,-928],[-333,-143],[-208,-266],[-312,-593],[-146,-470],[-665,-981],[-458,-490],[-187,-368],[-328,-814],[-984,-1928],[-839,-2624],[-188,-327],[-541,-2064],[-624,-511],[-1165,-1349],[-312,-838],[-174,-256],[-1199,-1114],[-395,-715],[-1311,-1664],[-541,-1185],[-270,-1268],[-437,-981],[-895,-817],[-437,-838]],[[1546975,2406901],[-290,-263],[-272,-85],[-249,-20],[-895,368],[-291,0],[-1080,-272],[-427,121],[-833,691],[-236,94],[-905,44],[-905,154],[-464,132],[-356,201],[-141,0],[-187,-164],[-104,-633],[-167,-450],[0,-470],[-249,-205],[-541,-81],[-479,-184],[-333,-225],[-499,-695],[-437,-348],[-541,-715],[-269,-822],[-126,-1099],[-149,-546],[-387,-207],[-527,-34],[-246,-121],[-141,-932],[35,-1520],[246,-1035],[209,-461],[-6,-133],[-404,-541],[-61,-844],[69,-326],[703,-1105],[404,-346],[143,-289],[59,-456],[-237,-325],[-914,-708],[-193,-241],[-510,-190],[-1247,-35],[-461,237],[-2896,-876],[-228,-207],[-53,-518],[193,-535],[123,-760],[256,-599],[131,-1017],[-176,-908],[-281,-604],[-1019,-725],[-545,-294],[-1186,-328],[-1090,-189],[-537,-357],[-1315,-1695],[-256,-141],[-889,83],[-1150,-1654],[-808,-622],[-369,-172],[-299,-35],[-366,211],[-379,473],[92,291],[541,417],[843,1036],[264,569],[0,1692],[-211,760],[-71,1122],[-158,414],[-263,208],[-756,1070],[-281,155],[-193,242],[-36,190],[-755,587],[-264,52],[-246,-52],[-752,-534],[-291,0],[-341,131],[-654,368],[-879,691],[-404,552],[-475,311],[-650,415],[-193,0],[-861,310],[-633,311],[-826,518],[-634,518],[-208,-20],[-897,-584],[-352,-466],[-1318,-1226],[-1617,-950],[-1757,-1277],[-1353,-760],[-1125,-1502],[-193,-432],[-17,-673],[-334,-656],[-1223,-956],[-774,-1347],[-1195,-363],[-755,-500],[-598,-173],[-1072,-587],[-246,-52],[-439,-431],[-70,-225],[-668,-794],[-475,-414],[-404,-121],[-369,52],[-88,121],[-386,189],[-492,121],[-492,259],[-1160,397],[-514,707],[-910,571],[-386,604],[-194,543],[-248,285],[-365,166],[-810,128],[-1230,0],[-1318,570],[-1283,155],[-123,0],[-140,-138],[-492,-17],[-774,207],[-1980,-121],[-861,121],[-1146,-10],[-453,79],[-1090,397],[-509,380],[-264,52],[-105,-86],[-563,-121],[-404,259],[-246,742],[-193,242],[-334,880],[-123,87],[-141,86],[-604,62],[-598,-172],[-481,-43],[-892,550],[-1368,-732],[-738,-656],[-316,-17],[-317,155],[-439,639],[-844,915],[-105,293],[-439,467],[-686,535],[-1499,881],[-1448,442],[-415,463],[-903,707],[-471,601],[-169,418],[-102,79],[-650,-86],[-249,-349],[-510,-114],[-105,-269],[-580,-570],[-190,-34],[-559,207],[-1803,-611],[-262,47],[-211,275],[-377,216],[-744,21],[-198,278],[-217,539],[-1157,417],[-407,926],[18,693],[-168,565],[-515,595],[-302,130],[-75,122],[196,1130],[569,290],[-181,308],[-219,171],[463,578],[-18,106],[-355,107],[205,449],[-497,119],[-112,-201],[-205,-27],[-180,139],[-202,30],[-434,704],[-1247,62],[-1642,314],[-289,-30],[-554,332],[-160,-45],[-208,-284],[-641,198],[-410,-139],[-208,-162],[-1006,414],[-928,-707],[-162,-891],[-802,-116],[-186,-192],[-326,-115],[-277,-208]],[[1440471,2397009],[-195,21],[-60,399],[-69,38],[-847,157],[-588,-102],[-601,246],[-271,371],[-92,440],[-306,212],[-459,518],[-401,221],[-108,463],[95,645],[0,1002],[-152,425],[-350,322],[-1249,366],[-358,339],[-290,599],[-168,123],[-329,38],[-152,100],[-154,487],[44,206],[231,272],[-182,420],[93,380],[0,450],[-68,78],[-182,-17],[-310,226],[-412,1245],[-631,280],[-254,685],[-322,227],[67,256],[-285,518],[-267,149],[-825,-745],[-175,-18],[-874,90],[-230,185],[-643,244],[-30,202],[79,215],[-298,304],[-154,622],[43,141],[178,130],[18,638],[243,333],[-176,102],[-873,18],[-595,715],[-612,-441],[-849,-435],[-267,-101],[-297,113],[-255,512],[6,524],[-224,620],[-61,494],[29,1382],[143,721],[-53,364],[-211,109],[-243,-21],[-592,-308],[-510,148],[-424,656],[-1116,447],[-297,643],[-376,143],[-158,358],[-266,217],[-1360,26],[-362,-256],[-223,344],[-641,596],[-194,29],[-454,-102],[-557,75],[-145,220],[-7,167],[188,566],[-30,268],[-419,128],[-1316,71],[-442,181],[-849,1174],[-721,769],[-615,60],[-518,-233],[-1072,52],[-809,-458],[-342,-60],[-1072,259],[-510,-466],[-237,-69],[-378,241],[-738,1105],[-105,26],[-220,-138],[-79,-302],[-387,-604],[-167,-52],[-518,78],[-350,-406],[-414,-256],[-36,-255],[-232,-242],[-506,-124],[-302,55],[-225,207],[-267,408],[-7,462],[-63,56],[-591,-152],[-112,69],[-218,449],[-260,152],[-633,62],[-611,-270],[-162,-227],[-56,-228],[70,-643],[-232,-483],[-105,-628],[-204,-366],[-499,-498],[-197,-400],[-253,-884],[-436,-767],[-28,-607],[-169,-249],[-780,-90],[-58,-355],[-151,-211],[-228,-162],[-194,-8],[-245,104],[-350,427],[-232,62],[-413,-87],[-645,613],[-338,149],[-430,-4],[-110,190],[-291,50],[-135,-54],[-190,-270],[-565,-53],[-84,-306],[-628,-668],[-384,-128],[21,-476],[-426,-54],[0,-253],[-89,-137],[-274,-25],[-164,510],[-156,29],[-338,-249],[-476,13],[12,-361],[-354,241],[-164,-9],[-169,-310],[42,-245],[-228,-70],[-265,223],[-224,651],[-261,311],[156,344],[-93,223],[-742,-29],[-435,145],[-316,-186],[-443,-79],[-358,66],[-372,257],[-506,-803],[-194,-116],[-177,0],[-375,215],[-135,423],[-603,816],[-198,91],[-376,-157],[-131,66],[-185,617],[-160,170],[-245,-83],[-548,79],[-262,-431],[-750,-298],[-152,-750],[-258,-83],[-156,-236],[-350,153],[-350,-228],[-177,514],[-312,240],[-624,282],[-89,149],[-215,591],[80,735],[-146,543],[-257,148],[-496,113],[-190,144],[-542,-53],[-407,515],[-751,103],[-168,103],[-32,363],[-965,1368],[367,803],[-454,1059],[-624,-409],[-550,-72],[-251,-341],[-426,-112],[-184,-509],[-913,-188],[-623,-829],[-801,-707],[-136,-453],[-497,-321],[-398,-408],[-302,155],[-583,684],[-587,259],[-935,176],[-559,356],[-109,110],[88,349],[-98,114],[-609,24],[-857,331],[-74,118],[14,545],[-506,339],[-206,338],[-139,620],[22,471],[713,1229],[1237,1181],[-10,66],[-1445,1095],[-1971,1926],[-478,343],[-90,656],[-362,395],[-90,235],[211,809],[-398,309],[-83,190],[217,727],[-310,197],[-412,77],[-149,-96],[-180,-346],[-390,-39],[-375,306],[-153,406],[-152,162],[-717,149],[-472,231],[-132,234],[101,577],[-508,356],[-1053,1339],[-1551,2795],[-456,561],[-523,481],[-416,330],[-437,217],[-1013,185],[-1209,-185],[-2281,-976],[-2751,-1714],[-806,-369],[-610,-178],[-2544,336],[-1322,-66],[-872,-224],[-765,-982],[-175,-956],[-369,-1213],[-449,-745],[-1223,-974],[-1012,-135],[-464,52],[-527,197],[-854,642],[-1403,1792],[-3289,2797],[-960,1036],[-1349,1885],[-433,953],[-94,601],[-85,2973],[612,5645],[0,1368],[-127,922],[-190,777],[-242,507],[-243,311],[-696,373],[-1307,145],[-770,-83],[-833,-218],[-1676,-890],[-1624,-995],[-696,-590],[-1012,-1191],[-1634,-2984],[-327,-818],[-127,-601],[159,-1502],[274,-963],[232,-1316],[0,-777],[-538,-1958],[-506,-942],[-327,-415],[-959,-414],[-348,-248],[-612,-518],[-981,-1088],[-1054,-901],[-685,-373],[-411,-135],[-401,31],[-422,93],[-443,208],[-664,393],[-1518,1264],[-1371,1616],[-1118,1720],[-474,600],[-548,611],[-1350,1150],[-2161,1015],[-1591,387],[-791,93],[-769,-52],[-1097,-435],[-1908,-1077],[-823,-642],[-1645,-1554],[-917,-1109],[-147,-1388],[-380,-1263],[-253,-384],[-1002,-859],[-2551,-1565],[-253,-424],[-32,-394],[527,-994],[106,-363],[28,-763],[-123,-483],[-229,-303],[-342,-215],[-519,-251],[-1081,-285],[-2135,104],[-3321,-898],[-2047,-224],[-1186,155],[-1257,371],[-1889,242],[-1871,-2641],[-308,-829],[-62,-414],[0,-1321],[141,-794],[536,-1278],[677,-1010],[1994,-2529],[510,-872],[422,-1183],[87,-535],[36,-621],[-123,-1269],[-97,-613],[-527,-1502],[-1591,-3608],[-2451,-5050],[-611,-1937],[-843,-3127]],[[1767507,2410835],[-584,-395],[-335,-94],[-1041,40],[-493,221],[-463,-22],[-1293,-353],[-774,208],[-335,-25],[-419,167],[-324,-129],[-453,43],[-438,227],[-264,343],[-57,622],[-130,327],[-660,59],[-960,629],[-340,314],[-140,472],[-120,980],[-237,18],[-340,-138],[-269,-369],[-150,-82],[-818,122],[-839,-16],[-314,178],[-394,622],[-551,-13],[-547,392],[-667,319],[-801,-30],[-624,105],[-548,-23],[-1137,427],[-545,489],[-1273,171],[-296,371],[-652,-225],[-915,269],[-352,9],[-354,244],[-196,-2],[-771,-239],[-524,60],[-1066,-142],[-793,-295],[-171,1020],[96,440],[125,209],[237,149],[464,773],[387,310],[190,261],[299,788],[-6,416],[136,577],[-95,281],[-1084,308],[-192,371],[-27,461],[-866,612],[-348,443],[-88,358],[49,344],[-88,289],[3,412],[408,931],[65,426],[-132,595],[-304,424],[-34,253],[167,163],[-202,249],[132,568],[374,844],[-306,598],[-315,939],[39,379],[-71,247],[275,797],[52,762],[197,278],[299,175],[142,199],[511,205],[275,483],[171,429],[111,731],[292,457],[-56,270],[562,1441],[85,452],[464,486],[440,819],[300,295],[517,806],[9,439],[192,369],[56,502],[248,271],[74,506],[715,940],[79,480],[-99,238],[-39,572],[310,331],[-44,157],[56,111],[325,397],[331,135],[89,229],[13,232],[-217,606],[-480,270],[-135,671],[-520,890],[-261,237],[29,331],[-142,141],[120,453]],[[1746099,2450722],[139,203],[-119,178],[21,898],[90,402],[-55,493],[168,375],[7,387],[70,61],[-63,204],[428,574],[31,325],[255,158],[197,365],[433,396],[133,384],[322,341],[40,340],[132,187],[36,229],[625,1076],[317,143],[95,373],[193,85],[152,256],[235,185],[127,320],[192,179],[113,308],[32,606],[259,358],[331,1291],[269,485],[427,299],[487,603],[1000,469],[592,605],[65,360],[167,225],[-30,456],[316,410],[183,108],[102,927],[-339,506],[73,130],[459,158],[192,247],[-27,608],[314,582],[239,1680],[109,149],[563,79],[300,229],[71,208],[-10,652],[106,195],[272,190],[204,441],[54,472],[-270,465],[-267,202],[-6,823],[-161,330],[-440,396],[-974,450],[-147,187],[191,816],[-327,31],[-46,105],[244,506],[-32,381]],[[1754907,2478668],[-437,265],[-189,306],[121,920],[490,523],[-192,719],[-239,406],[-3,129],[688,1729],[530,602],[95,260],[207,832],[-317,720]],[[1755703,2486277],[-2,260]],[[1755670,2486707],[-331,342],[-33,405],[497,966],[69,897],[296,527],[254,210],[10,756],[-50,103],[-251,133],[-62,148],[-484,100],[-213,128],[63,831],[-169,344],[-421,287],[-699,896],[-171,69],[-29,322],[-244,269],[-638,586],[-587,128],[-168,378],[71,585],[280,519],[-136,493],[10,760],[-293,760],[-98,382],[13,461],[-177,262],[-3,177],[219,270],[783,641],[173,716],[-104,359],[-316,565],[-217,841]],[[1752514,2503323],[-459,118]],[[1751895,2503458],[-439,176],[-275,333],[-695,62],[-365,906],[65,447],[-416,394],[-247,3],[-431,-286],[-587,-134],[-408,-286],[-424,-62],[-448,190],[-342,261],[-627,695],[-558,325],[-427,121],[-268,-11],[-606,-598],[-559,-354],[-717,-1072],[-860,142],[-227,141],[-636,119],[-454,302],[-628,693],[-237,8],[-554,-290],[-329,42],[-338,330],[1,574],[-198,272],[-333,21],[-816,-203],[-274,80],[-105,408],[381,466],[-25,300],[-257,463],[-182,175],[-548,288],[-267,-87],[-575,-520],[-1125,-521],[-261,152],[-189,15],[-576,-398]],[[1733509,2507540],[-206,-318],[-322,111],[-331,325],[-312,94],[-489,-31],[-1200,-384],[-199,12]],[[1730450,2507349],[-202,268],[-225,524],[-272,208],[-184,-33],[-269,-240],[-848,-451],[-286,61],[-172,166],[-248,654],[-616,130],[-271,750],[-299,-63],[-597,-537],[-124,-25],[-159,89],[-278,589],[-17,735],[104,81],[430,-67],[464,98],[122,151],[-105,135],[-282,47],[-58,231],[-306,282],[-549,214],[-58,225],[50,477]],[[1725195,2512048],[356,749],[379,147],[144,9],[118,-100],[59,-694],[196,-20],[632,178],[500,889],[21,178],[-331,246],[-122,433],[27,195],[201,336],[-76,565],[158,680],[202,339],[272,199],[720,-4],[166,775],[-91,116],[-1214,363],[-114,203],[23,186],[515,365],[156,2],[394,-187],[367,-352],[664,725],[171,31],[565,-153],[125,64],[221,383],[287,40],[310,-106],[126,31],[527,653],[1063,226],[1061,480],[131,220],[-99,133],[-215,37],[-720,-270]],[[1733070,2520338],[-145,-35],[-406,180],[-771,472],[-770,660],[-759,343],[-141,270],[17,445],[436,669],[36,193],[-222,160],[-658,6],[-287,331],[51,467],[416,439],[501,-262],[180,344],[193,186],[196,42],[369,-113],[239,29],[248,122],[82,193],[0,732],[288,803],[85,478],[-118,687],[-134,97],[-405,-206],[-258,-13],[-396,710],[-232,176],[-425,161],[-209,327],[150,312],[442,-45],[192,90],[89,462],[-134,642],[496,691],[72,1262],[72,150],[262,-57],[251,196],[-49,873],[293,860],[170,805],[-249,375],[-84,424],[120,260],[388,298],[64,142],[-151,653],[108,910],[-725,153],[-151,209],[328,874],[255,396],[-14,152],[-366,320],[-863,-103],[-380,53],[-123,118],[-62,424],[-71,66],[-739,-117],[-187,46],[-17,267],[522,499],[-245,558]],[[1729735,2542649],[-74,498],[231,1381],[188,305],[461,149],[128,590],[144,138],[402,159],[391,20],[517,-177],[194,51],[123,142],[-119,441],[353,524],[32,167],[-80,267],[-1498,947],[-391,-86],[-67,194],[281,328],[158,900],[729,554],[1001,290],[-115,667],[374,701],[155,121],[359,-32],[282,211],[-118,466],[71,444],[575,842],[104,781],[-25,150],[-84,45],[-184,-121],[-634,-142],[-281,32],[-32,181],[276,506],[-154,112]],[[1733408,2555395],[-655,177],[-211,456],[-331,156],[-165,247],[30,868],[372,1221],[1315,1293],[1431,591],[518,500],[80,203],[-95,306],[-443,399],[23,236],[243,449],[-9,377],[-241,272],[-288,63],[-354,286],[-132,495],[-585,522],[-221,363],[2,825],[378,534]],[[1734070,2566234],[111,115],[72,445],[168,107],[1268,179],[418,220],[392,418],[682,1063],[412,392],[538,327],[-84,794],[402,607],[682,381],[-4,313],[-249,1040],[244,406],[255,691],[659,551],[1010,330],[343,486],[371,118],[770,38],[200,140],[154,613],[393,630],[835,566],[146,525],[405,493],[59,629],[388,263],[79,143],[199,658],[-35,152]],[[1745353,2580067],[409,577],[21,209],[289,86],[372,-29],[300,131],[202,-137],[29,-208],[136,-202],[276,-178],[878,83],[291,-143],[168,-313],[414,-29],[221,-330],[499,44],[207,-84],[674,-9],[268,-318],[140,-336],[169,-80],[132,104],[-19,249],[72,89],[1125,264],[259,224],[171,10],[246,-154],[307,35],[485,216],[358,-120],[220,-274],[115,303],[430,148],[390,-203],[1008,228],[424,-235],[754,1],[197,-314],[150,185],[81,-3],[431,-585],[-175,-504],[134,-270],[-36,-315],[114,-101],[583,335],[263,-300],[65,78],[-15,309],[244,113],[376,-6],[289,-116],[162,42],[455,-198],[-165,258],[251,106],[592,-80],[498,-381],[155,133],[155,-85],[232,-313],[594,243],[485,-47],[545,165],[140,-510],[201,2],[85,235],[122,88],[419,-463],[469,-151],[461,86],[163,316],[323,15],[221,-103],[793,147],[498,-41],[270,195],[188,32],[468,-82],[1264,373],[353,215]],[[1770891,2578389],[32,1]],[[1770938,2578389],[60,-24]],[[1771044,2578356],[527,112],[748,18],[469,-158],[513,-359],[295,11],[633,-225],[825,57],[252,-168],[242,-46],[244,72],[163,233],[282,158],[550,-149],[609,102],[351,-292],[278,83],[217,-152],[393,386],[260,-15],[389,251],[399,-15],[247,236],[553,-6],[185,436],[180,148],[-736,6431]],[[1780112,2585505],[-1146,10019]],[[1778966,2595524],[-149,-234],[-342,31],[-126,-231],[-466,120],[-303,-164],[-281,137],[-193,-46],[-250,-457],[-155,-61],[-136,62],[-144,301],[-326,-191],[-542,30],[-271,-415],[-425,-392],[-331,297],[-203,-174],[-125,-303],[-229,202],[-96,470],[-86,36],[-98,-74],[-35,-545],[-137,-99],[-230,-13],[-104,93],[36,260],[-94,187],[-146,-47],[-73,-417],[-120,-44],[-150,56],[-128,170],[66,304],[-556,-153],[-89,66],[17,209],[-446,-188],[-69,342],[-360,27],[-309,124],[-760,-199],[-299,237],[-577,40],[-41,68],[131,185],[-40,96],[-163,-23],[-318,-287],[-412,-82],[-246,241],[-92,-308],[-240,-94],[-112,-196],[-496,252],[-51,-330],[-449,301],[-645,-41],[-147,377],[-514,-249],[-222,16],[-482,623],[-360,192],[-33,263],[-94,82],[-351,-362],[-406,247],[-747,-37],[-212,-211],[-138,-1],[-136,243],[-86,441],[-170,121],[132,301],[-28,148],[-139,32],[-225,-205],[-293,560],[-96,-314],[-104,7],[-246,317],[-17,361],[-305,-118],[-128,53],[183,251],[-66,53],[-423,-233],[-210,107],[-114,-123],[-108,122],[-133,10],[80,-359],[-74,-109],[-382,182],[-255,-126],[-540,100],[-326,233],[-70,195],[-88,2],[-51,-253],[-139,-180],[-84,-584],[-196,-63],[-95,146],[-140,32],[-118,-379],[-257,180],[-79,-400],[-154,-139],[-51,249],[-117,137],[-133,-75],[48,-230],[-463,180],[-30,77],[156,124],[-20,116],[-685,356],[-182,43],[18,-167],[-92,-101],[-345,135],[-160,-49],[-38,60],[115,161],[-36,188],[-1047,225],[28,347],[219,138],[11,207],[-168,142],[-335,-87],[-133,41],[10,162],[-111,144],[88,80],[206,-15],[26,171],[-209,158],[-24,285],[-301,-88],[-132,393],[-196,38],[-279,-115],[-486,59],[-8,-343],[-131,-75],[-476,228],[66,288],[-48,47],[-277,53],[-516,-403],[-209,-43],[-37,601],[-136,-34],[-113,-297],[-283,42],[140,189],[-85,122],[-136,-2],[-293,-188],[-49,328],[-205,-60],[7,219],[-94,140],[-508,374],[-458,101],[-10,515],[-97,32],[-299,-335],[-373,314],[-375,-179],[-404,410],[-367,-12],[-541,168],[-288,278],[-190,-58],[-182,224],[-485,164],[-178,-29],[-293,-388],[-381,-10],[33,-286],[-452,-86],[-21,-277],[-123,-114],[-535,-139],[47,-214],[-343,-161],[43,-293],[-165,-127],[-157,-447],[-371,-80],[-97,-119],[-199,10],[-245,233],[-117,-84],[-22,-302],[-221,-16],[-254,379],[-226,130],[-227,282],[-389,61],[-457,268],[-159,188],[37,256],[-365,258],[-113,-103],[-175,-432],[38,-283],[-464,-194],[-835,-781]],[[1736872,2599609],[47,200],[-147,728],[72,259],[686,686],[1128,702],[435,532],[372,1594],[9,577],[271,720],[-185,507],[193,759],[-96,943],[58,181],[484,486],[87,363],[-140,591],[-44,1323],[-548,678],[209,563],[7,281],[-152,306],[-236,117],[-95,169],[-64,223],[74,556],[-74,160],[-524,358],[-332,31],[-276,157],[-237,29],[-699,-164],[-281,-144],[-1055,-845],[-293,-114],[-249,2],[-213,-207],[-608,-173],[-619,102],[-1022,-180],[63,807],[-167,190],[-228,-2],[-493,-489],[-357,-892],[38,-338],[289,-639],[2,-383],[-185,-117],[-203,137],[-223,582],[-206,145],[-772,-162],[-104,-518],[152,-578],[-159,-481],[-653,-794],[-331,-227],[-949,-384],[-1069,-1121],[-590,106],[-1394,916],[-424,184],[-388,-29],[-716,-450],[-814,-593],[-658,-800],[-807,-77],[-1765,794]],[[1719704,2607452],[-13,5]],[[1719691,2607457],[-486,241],[-305,360],[75,193],[315,160],[271,349],[505,432],[17,173],[-656,666],[-343,-106],[-536,-516],[-813,-464],[-440,-55],[-323,217],[-255,736],[20,136],[429,633],[906,677],[-210,494],[-337,169],[-352,9],[-351,-187],[-689,-606],[-168,-48],[-537,141],[-114,80],[-102,280],[104,675],[394,674],[91,647],[-11,224],[-419,688],[495,143],[292,3],[411,-100],[806,-555],[152,191],[-149,815],[-104,121],[-717,470],[-421,52],[-383,-63],[-126,91],[22,1221],[211,254],[365,221],[605,17],[751,-114],[306,89],[366,304],[185,290],[304,975],[-900,748],[-104,241],[124,569],[-456,345],[-258,334],[-310,80],[-649,-444],[-405,-147],[-301,-50],[-306,58],[-290,158],[-264,356],[-6,252],[236,632],[-336,196],[-703,62],[-513,232]],[[1713301,2622576],[264,663],[211,179],[1079,249],[1550,701],[559,380],[745,815],[225,-14],[341,-176],[752,-843],[407,-3],[809,369],[541,584],[28,2465],[302,963],[1994,2456],[12,584],[-185,674],[-447,665],[-337,743],[-86,379],[205,246],[1404,310],[115,299],[-54,368],[-139,281],[-731,746],[-1399,702],[-850,811],[-836,2902],[-168,370],[-21,186],[105,259]],[[1719696,2641889],[-579,-20],[-473,-435],[-309,-110],[181,-483],[-72,-139],[-369,-60],[-139,288],[-137,75],[-352,-344],[-327,-62],[-179,-259],[-200,-123],[-81,-281],[-366,27],[12,-471],[-363,-180],[-54,-479],[-96,-155],[-781,-64],[-347,-180],[-178,41],[-299,268],[-469,12],[-225,-319],[-419,4],[-685,-190],[-104,-164],[-390,-274],[-12,-344],[-131,-327],[-165,-105],[-331,-24],[-423,350],[-781,219],[-356,307],[-217,84],[-456,699],[-408,205],[-460,-53],[-209,137],[-162,250],[-348,147],[-725,-90],[-94,-190],[-422,-408],[-450,117],[-465,-258],[-335,-16],[-623,-207],[-129,-254],[-304,-133],[-994,49],[-439,262],[-704,90],[-652,776],[-538,270],[-195,323],[-244,101],[-223,415],[-338,324],[-173,416],[-499,454],[-576,261],[-310,308],[-283,563],[43,1116],[-173,450]],[[1697592,2644096],[-163,341],[0,238],[578,887],[-38,137],[-285,178],[-80,170],[131,810],[-42,449],[230,411],[-28,321],[298,269],[107,294],[-38,551],[182,529],[132,897],[-73,489],[-388,834],[-51,916],[-316,452],[-490,114]],[[1697258,2653383],[-805,-199],[-352,89],[-148,184],[-194,640],[-920,430],[-342,421],[-457,53],[-255,786],[-551,10],[-270,92],[-1298,664],[-285,489],[-449,155],[-344,351],[-44,161],[70,430],[-333,474],[-571,-65],[-513,392],[-213,384],[-477,251],[-107,401],[-343,142],[-545,-10],[-633,386],[-190,-89],[-215,57],[-108,243],[-191,73],[-121,702],[212,195],[-55,362],[-378,164],[-174,384],[18,258],[-273,484],[-16,259],[-151,246],[6,144],[222,120],[-201,493],[201,553],[-74,110],[-260,79],[-793,787],[36,524],[195,367],[3,292],[122,327],[-98,434],[-338,411],[250,493],[-12,109],[-137,170],[-357,69],[-766,1692],[-197,221],[-142,612],[-296,350],[-173,535],[-370,380],[-7,243],[-294,509],[52,171],[-369,113],[-630,463],[-17,674],[160,306],[201,752],[155,201],[-24,618],[-241,445],[-558,207],[-331,391],[-43,335],[-136,178],[-121,423],[6,1541],[-520,38],[-689,331],[-1282,1544],[-1443,288],[-526,197],[-101,113],[-410,1119],[49,630],[-118,304],[-394,515],[-926,621],[-211,551],[-591,652],[-254,596],[-690,559],[-560,581],[4,452],[-415,714],[-17,634],[167,456],[681,737]],[[1677991,2162972],[-110,419],[-319,490],[-504,400],[-259,861],[664,836],[374,286],[215,368],[63,325],[518,219],[493,391],[624,833],[679,228],[829,862],[322,236],[591,131],[405,225],[12,398],[376,651],[-2,661],[-456,230],[-198,290],[-4,975],[-1122,506],[-468,748],[-258,153],[-282,385],[-65,510],[261,986],[-67,659],[-388,833],[-19,474],[-258,477],[-89,671],[-118,311],[622,704],[13,363],[118,334],[641,453],[586,-91],[202,46],[95,851],[196,684],[-210,860],[1090,472],[105,209],[308,249],[4,280],[-683,1310],[-410,454],[-279,1265],[-269,799],[-335,640],[-7,521],[-118,366],[-251,162],[-655,202],[-479,1009],[-377,145],[-941,627],[-610,158],[-285,153],[249,198],[266,386],[459,1122],[208,323],[312,236],[13,255],[-556,607],[-58,384],[-153,153],[247,380],[42,252],[-204,1022],[-241,588],[-285,308],[-530,17],[-278,149],[-605,140],[-177,125],[-141,342],[138,265],[-45,365],[115,207]],[[1676278,2201049],[405,144],[115,149],[14,298],[234,52],[1006,674],[695,638],[531,174],[321,293],[45,141],[722,597],[37,168],[-121,323],[-595,797],[173,466],[565,812],[934,782],[759,345],[545,149],[872,-279],[250,53],[742,820],[510,386],[413,1346],[301,702],[25,262],[-180,961],[-501,-22],[-905,-274],[-325,39],[-552,677],[-752,-73],[-565,136],[-347,891],[-7,1100],[164,2217],[316,868],[447,542],[48,424],[129,257],[221,202],[156,495],[-186,279],[-262,1441],[-452,746],[-122,360],[134,1313],[-100,1230],[112,294],[604,299],[231,400],[136,711],[188,389],[-96,1064],[192,810],[-27,403]],[[1683475,2229520],[816,98],[703,-117],[880,18],[133,297],[66,438],[-228,383],[-2,430],[347,261],[236,390],[207,821],[-34,339],[-237,612],[128,258],[475,547],[262,576],[446,566],[-14,693],[319,1126],[-478,458],[-276,456],[-84,469],[-486,464],[-379,221],[-19,185],[422,905],[-79,419],[965,709],[1170,1613],[286,143],[348,633],[315,1228],[215,291],[257,227],[316,141],[408,464],[825,572],[521,545],[569,301],[521,420],[121,255],[469,569],[42,141],[-116,390],[-47,621],[-246,506],[-131,506],[13,251],[791,645],[737,767],[91,414],[-39,911],[458,812],[-66,443],[252,245],[632,1289],[948,779],[262,590],[503,364],[203,461],[205,232],[-78,883],[121,98],[358,43],[305,318],[-647,1555],[-177,184],[-476,977],[-277,1794],[240,284],[1045,343],[-333,449],[-28,186],[152,214],[16,538],[177,428],[-106,904],[262,526],[-479,629],[-324,251],[13,220],[-262,700],[-401,171],[-830,596],[136,544],[-154,1144],[-175,329],[11,269],[-359,597],[57,588],[-398,282],[-40,137],[506,-6],[487,188],[584,346],[335,319],[336,821],[-198,339],[126,697],[401,890],[-471,1020],[-251,242],[-324,564],[-51,455],[-968,1310],[-69,638],[116,286],[270,252],[501,-4],[161,446],[461,356],[1051,-265],[453,-340],[129,135],[105,309],[993,-13],[154,307],[530,163],[-28,535],[247,663],[-165,727],[110,557],[-150,388],[76,437],[306,236],[127,613],[651,-47],[156,377],[220,109],[128,164],[133,361],[658,178],[116,188],[379,123],[205,151],[215,369],[664,66],[249,-367],[211,-145],[313,118],[864,33],[264,387],[174,122],[57,281],[312,357],[90,317],[258,194],[141,665],[183,324],[320,71],[416,252],[-84,514],[194,356],[-798,329],[-107,276],[-158,135],[-8,730],[-211,364],[-59,641],[-759,58],[132,478],[-70,500],[-99,196],[-628,622],[-379,717],[-7,636],[589,1030],[10,408],[-343,836]],[[1706228,2302577],[-138,386],[393,352],[238,916],[360,269],[408,764]],[[1707489,2305264],[787,126],[1054,-176],[222,304],[295,214],[478,-7],[148,197],[63,680],[330,1150],[-88,559],[-228,653],[186,435],[352,269],[456,162],[489,21],[330,187],[215,759],[-14,332],[471,383],[393,52],[636,-194],[566,353],[482,1011],[994,80],[1259,-301],[316,380],[274,149],[169,487],[67,521],[495,628],[186,665]],[[1718872,2315343],[130,371],[264,352],[21,166],[-84,1095],[84,345],[-186,228],[14,383],[604,466],[450,549],[250,152],[-183,415],[228,410],[29,277],[-120,207],[70,404],[275,445],[-18,214],[140,572],[531,502],[161,252],[432,1303],[-93,255],[73,182],[766,668],[795,447],[17,1832],[-207,481],[-409,385],[-46,181],[81,464],[322,153],[564,56],[271,136],[581,605],[1060,555],[795,1001],[34,73],[-507,481],[-172,441],[-12,510],[144,797],[382,122],[1294,-81],[871,85],[440,419],[470,674],[2758,2007],[342,457],[367,1159],[586,1114],[460,270],[410,541],[158,1383],[-45,546],[58,361],[360,966],[147,162],[492,271],[934,-19],[267,466],[272,243],[450,197],[169,-61],[138,50],[14,339],[-132,370],[-742,668],[-234,334],[-766,651],[-471,617],[29,601],[227,1155],[-149,313],[-16,333],[-311,900],[493,1317],[456,856],[451,480],[225,41],[485,291],[984,749],[390,723]],[[1738734,2356224],[2261,2233],[481,1401],[512,982],[1402,1279],[506,62],[303,-121],[229,-210],[52,-547],[-176,-488],[175,-299],[186,41],[447,-168],[687,104],[245,162],[548,14]],[[1746592,2360669],[641,152],[420,979],[-120,652],[214,574],[505,552],[507,814],[446,569],[250,89],[389,-64],[86,578],[713,1439],[269,229],[-26,499],[475,698],[123,662],[-90,394],[-611,552],[0,94],[199,967],[246,724],[715,1128],[-69,273],[107,494],[-234,571],[14,378],[680,498],[286,573],[1759,1265],[170,508],[413,540],[267,1000],[164,345],[465,576],[-164,148],[-57,194],[113,801],[-127,236],[-328,304],[539,898],[-300,277],[-192,433],[9,364],[150,332],[-47,281],[-933,618],[-244,359],[736,1844],[-215,470],[-188,217],[197,1000],[-70,1097],[1083,898],[962,-41],[1041,106],[240,-46],[736,-1332],[1248,-51],[235,143],[384,572],[465,502],[216,719],[-90,1092],[66,526],[47,129],[277,226],[512,914],[220,188],[835,202],[375,175],[1070,724],[591,631],[164,415],[192,212],[713,401],[197,235],[216,507],[305,221],[235,396],[431,1489],[671,-55],[267,97],[797,867]],[[1769545,2400906],[240,829],[657,1041],[643,157],[469,438],[156,346],[17,383],[145,356],[-612,514],[-513,860],[-896,287],[-963,794],[-542,930],[-861,1208],[-27,521],[138,889],[-89,376]],[[1335584,2394381],[-356,-82],[-126,160],[137,262],[312,195],[182,-153],[-68,-86],[43,-206],[-124,-90]],[[1335560,2395992],[-354,-69],[-116,75],[55,178],[262,168],[153,-352]],[[1334751,2396213],[-44,-92],[-262,-34],[-148,100],[-286,-135],[-228,104],[-32,112],[104,343],[155,158],[341,137],[341,-130],[190,-260],[-24,-212],[-107,-91]],[[1337609,2397441],[276,-28],[29,-243],[-64,-136],[-215,-109],[-38,-123],[-153,-3],[-7,-169],[-114,-131],[-86,192],[-112,-341],[88,-107],[-25,-359],[-131,-286],[-363,-234],[-416,28],[-96,70],[-48,240],[101,156],[170,1],[-100,144],[145,277],[399,509],[220,42],[-63,-147],[207,92],[7,80],[-90,-24],[-120,171],[35,295],[184,66],[254,-31],[26,114],[100,-6]],[[1335144,2397399],[165,29],[173,210],[329,-346],[-24,-265],[-176,-195],[-145,-439],[-324,-71],[-134,490],[-294,473],[138,102],[136,288],[130,-52],[26,-224]],[[1334204,2397719],[54,-18],[-8,-546],[-72,-17],[-34,-164],[-371,-223],[-115,104],[5,242],[55,101],[72,-28],[-58,321],[341,319],[168,-15],[-37,-76]],[[1336503,2397675],[35,-273],[-322,-837],[-296,-414],[-216,-56],[-114,225],[197,235],[-17,169],[63,-102],[169,78],[-48,115],[-169,-26],[98,97],[-66,142],[166,-64],[-112,209],[88,141],[216,-69],[211,190],[-84,62],[-33,-65],[-218,11],[4,244],[80,-23],[160,213],[156,63],[52,-265]],[[1328962,2397674],[-68,-17],[60,-75],[-68,-174],[-238,51],[-78,155],[59,-4],[-43,133],[138,213],[238,-282]],[[1336236,2398027],[-298,-31],[-73,143],[50,180],[334,41],[62,-196],[-75,-137]],[[1338119,2398361],[113,-175],[-2,-190],[-314,-95],[-43,-232],[-295,-144],[-177,199],[-38,209],[282,160],[157,273],[401,113],[-84,-118]],[[1332417,2398142],[-179,-64],[-312,33],[-154,-328],[-121,3],[140,367],[181,199],[-8,115],[202,152],[73,-3],[168,-310],[10,-164]],[[1339122,2397857],[109,-31],[-20,-109],[-81,56],[-194,-60],[-48,71],[-150,-3],[-48,135],[85,462],[154,297],[144,-355],[223,-231],[-174,-232]],[[1336941,2398442],[-83,0],[-66,257],[132,133],[140,17],[30,-267],[-153,-140]],[[1327935,2398040],[-300,-36],[-298,273],[92,325],[277,329],[364,-283],[-31,-501],[-104,-107]],[[1332549,2398931],[187,131],[104,-215],[-543,-163],[-38,110],[133,263],[128,-8],[29,-118]],[[1338854,2399815],[165,-107],[-7,-134],[-157,-168],[-189,140],[30,142],[-85,-15],[-7,-90],[-217,35],[173,419],[234,-26],[60,-196]],[[1338306,2400332],[-168,-177],[-180,-20],[-51,86],[108,223],[291,-112]],[[1331823,2400175],[-41,-65],[-191,24],[-42,-156],[288,-27],[6,-152],[-116,-41],[157,-86],[-15,-246],[-77,-41],[-320,121],[-114,-70],[-111,-283],[154,-117],[-21,-168],[-256,-240],[-27,-164],[-235,-136],[-214,-602],[-77,-51],[-100,118],[-127,-14],[-16,-229],[-88,-54],[-246,576],[131,73],[40,-204],[69,-7],[250,996],[322,82],[148,-66],[-93,346],[-153,-19],[-53,-144],[-164,-100],[-177,112],[6,113],[-215,-16],[44,-316],[-305,-225],[-77,150],[55,527],[-197,348],[37,-658],[-169,-315],[85,-295],[-76,-643],[-193,-71],[-182,54],[-115,263],[-208,166],[23,71],[126,2],[9,160],[93,2],[-110,322],[-135,-30],[95,111],[-178,92],[-19,-152],[-89,-35],[-62,98],[-100,-110],[-153,144],[-229,53],[-74,286],[-152,215],[76,174],[-133,289],[97,574],[342,131],[196,-54],[-177,-168],[349,-287],[117,-306],[-100,-75],[75,-32],[333,266],[2,335],[-214,105],[210,181],[596,-249],[146,92],[150,-71],[310,206],[248,-196],[-275,-181],[231,-16],[188,-253],[223,57],[144,653],[53,93],[182,33],[557,-447],[48,-131]],[[1335795,2403092],[146,-1],[216,-159],[287,32],[223,-174],[-208,-102],[-152,22],[-436,-220],[-142,10],[-134,160],[9,434],[58,53],[133,-55]],[[1324553,2404205],[-266,71],[13,259],[132,70],[105,0],[135,-130],[-119,-270]],[[1330571,2405551],[-99,-14],[-61,-125],[249,48],[99,-166],[-339,-198],[-202,-6],[-204,132],[-211,12],[-32,83],[112,281],[172,-84],[-36,236],[225,171],[284,-50],[43,-320]],[[1325069,2405458],[253,-151],[-74,-359],[-149,10],[-32,114],[-291,173],[21,186],[-172,180],[-132,475],[297,-154],[150,-370],[129,-104]],[[1328120,2406579],[347,23],[26,-184],[-65,-58],[111,8],[9,-83],[125,-49],[91,-315],[240,-247],[-6,-373],[-645,-451],[-105,-6],[-130,141],[-79,-109],[-61,95],[-70,-84],[-90,49],[-160,-364],[-232,-33],[-133,134],[13,419],[247,349],[97,-65],[23,131],[49,-49],[57,88],[268,4],[-311,230],[189,506],[-93,92],[27,109],[128,155],[133,-63]],[[1324571,2406282],[-151,-23],[-3,-91],[-74,-13],[91,-402],[-26,-415],[-168,-226],[31,-61],[-551,-246],[358,-231],[-140,-572],[53,-227],[-146,-18],[-111,134],[-401,150],[-350,7],[-111,145],[-63,325],[55,91],[-72,36],[47,48],[-132,73],[-42,433],[239,141],[-33,-165],[221,-177],[262,208],[2,84],[-106,33],[59,94],[400,92],[66,-83],[187,381],[-70,441],[100,190],[235,219],[549,291],[-102,-186],[74,-178],[-177,-302]],[[1325283,2407167],[216,-106],[188,135],[315,-150],[94,-129],[-65,-108],[120,-81],[30,-251],[-152,-95],[-144,54],[-180,-62],[-113,122],[-435,68],[-32,219],[203,140],[-146,297],[101,-53]],[[1329851,2407189],[114,-317],[-48,671],[150,190],[376,17],[357,-440],[39,-659],[-66,-209],[-262,-347],[-424,12],[109,394],[-51,145],[133,50],[-123,88],[-207,-568],[-106,-24],[-105,138],[25,-299],[-146,-234],[-267,-171],[-201,224],[-277,100],[-56,437],[46,502],[398,240],[146,5],[-61,323],[255,414],[233,-109],[19,-573]],[[1328036,2407782],[165,-35],[44,-84],[-414,-322],[-220,58],[-111,232],[82,159],[320,88],[134,-96]],[[1326333,2408565],[29,-247],[304,-161],[146,-222],[-8,-261],[523,-140],[128,-303],[-636,-121],[-45,-108],[-235,43],[-330,258],[-102,331],[69,39],[-160,234],[-326,-237],[-260,-2],[-61,-266],[-210,132],[90,410],[196,251],[204,138],[79,-27],[-18,82],[235,168],[388,9]],[[1331536,2409866],[83,-278],[-93,-79],[204,-158],[56,-414],[-192,-246],[-162,-15],[-180,99],[-50,-145],[-135,-66],[26,-204],[-98,-46],[-296,212],[46,364],[-134,111],[-5,104],[274,105],[-12,312],[104,68],[-37,306],[197,-32],[-24,419],[326,-74],[102,-343]],[[1328812,2412083],[936,-178],[152,-241],[178,-114],[28,-131],[-189,-450],[263,-531],[-89,-255],[104,-282],[-20,-166],[373,-150],[79,-73],[-5,-159],[-84,-99],[-529,-122],[-630,363],[-67,189],[-45,-180],[188,-321],[-84,-197],[-164,37],[-156,121],[-75,188],[-126,53],[-60,-124],[56,-193],[-226,-83],[-11,-97],[-130,63],[166,-135],[-170,-51],[126,-165],[68,17],[149,-249],[-22,-192],[-346,-4],[-84,-74],[-416,106],[-44,-86],[-255,-40],[-101,53],[-60,370],[140,97],[-50,252],[214,236],[-135,71],[-113,230],[-85,-146],[84,-68],[-118,3],[-83,98],[111,-196],[-98,-257],[-119,-60],[25,-520],[-245,-94],[-176,343],[88,628],[94,157],[138,26],[76,282],[-334,135],[5,126],[-143,182],[-10,226],[145,485],[116,98],[-88,217],[28,194],[266,844],[150,190],[292,42],[1147,-239]],[[1251923,2160969],[-103,345],[-282,348],[-354,303],[-676,329],[-463,367],[-389,534],[-1,306],[555,828],[525,599],[-1,291],[138,168],[1272,-26],[30,291],[-199,269],[-351,148],[-590,95],[-1368,34],[-297,88],[-453,277],[-768,226],[-1384,-386],[-374,-34],[-507,203],[-187,-136],[-684,-33],[-1447,-278],[-827,-363],[-1807,-1038],[-458,-368],[-827,-380],[-351,-313],[-216,-25],[-389,315],[110,-367],[215,-185],[-36,-93],[228,76],[2,-129],[-379,-126],[-1288,330],[-571,252],[-428,1325],[64,498],[364,725],[1432,1460],[4374,6303],[2283,2641],[4513,5647],[1825,2773],[1181,1566],[329,367],[837,547],[305,91],[354,-14],[394,-266],[143,-214],[785,353],[228,190],[35,179],[-104,203],[0,420],[714,1199],[98,285],[49,1189],[438,745],[364,-29],[669,310],[3046,1847],[1240,931],[3686,3408],[5110,5610],[276,264],[1122,690],[807,310],[570,90],[460,-84],[416,-199],[231,-450],[-98,-285],[-177,-140],[-318,108],[210,-625],[69,-764],[231,-218],[1038,-1566],[280,-82],[468,309],[93,252],[-354,802],[148,614],[1082,1446],[418,928],[335,222],[315,570],[-202,329],[-147,-68],[-94,-174],[-83,29],[-119,513],[611,2746],[1904,2537],[817,813],[1392,957],[881,933],[3942,6856],[624,1344],[925,2688],[658,1023],[1217,1445],[384,339],[335,164],[123,-121],[34,-179],[-133,-706],[-162,-309],[-30,-643],[-93,-309],[24,-725],[266,-503],[15,-817],[143,-435],[-143,-411],[-20,-387],[-497,-444],[-69,-658],[-157,-242],[-425,-283],[119,-87],[538,80],[45,-124],[-130,-435],[-8,-383],[237,-55],[107,192],[-184,297],[33,540],[81,164],[303,174],[-218,-631],[-4,-290],[152,-200],[-30,-393],[-336,-143],[-70,-160],[397,-885],[293,-398],[89,-363],[1627,-1153],[118,47],[421,417],[380,638],[240,164],[369,478],[1233,921],[151,94],[362,37],[114,-102],[22,-163],[211,-4],[206,134],[144,410],[192,152],[2181,1056],[317,184],[196,250],[22,290],[-343,320],[-358,841],[-727,776],[-203,366],[136,986],[-40,471],[166,521],[-41,799],[130,801],[-98,262],[-283,148],[-660,119],[-1351,834],[-520,172],[-480,898],[-406,130],[-192,240],[-343,7],[-26,308],[-133,105],[-490,73],[-358,380],[-528,22],[-417,163],[-336,211],[-262,395],[-259,53],[-356,309],[-338,68],[-366,207],[-1408,1367],[-393,512],[-132,310],[82,606],[494,1374],[438,763],[675,888],[3254,3295],[1393,962],[699,904],[2081,2244],[987,1008],[1006,795],[482,914],[443,1390],[4,494],[-271,561],[148,546],[649,745],[696,588],[2619,3281],[961,1085],[1885,2524],[964,1582],[1176,1608],[1570,1426],[467,368],[340,154],[674,87],[384,-140],[-20,-130],[-654,-324],[-74,-271],[133,-580],[218,-497],[264,-260],[457,-71],[985,283],[1345,567],[1153,307],[916,106],[409,-179],[369,39],[2054,1025],[865,280],[1102,121],[1119,352],[1811,1019],[461,187],[2474,614],[216,0],[72,-236],[-310,-768],[-531,-412],[-240,-331],[-72,-330],[120,-260],[241,-94],[720,94],[361,260],[1120,555],[813,657],[879,1038],[579,875],[1167,1294],[72,438],[228,175],[158,261],[295,9],[49,203],[222,116],[126,318],[415,132],[44,232],[359,237],[587,-88],[250,160],[423,1248],[15,304],[438,367],[123,34],[137,-121],[251,-29],[251,-164],[842,-304],[388,-10],[507,418],[787,1056],[315,1088],[163,1877],[10,1594],[472,2441],[398,667],[424,227],[352,15],[303,447],[50,397],[-353,645],[-354,894],[51,1677],[103,353],[409,232],[984,304],[211,40],[458,-87],[463,-334],[1162,-1242],[2311,-846],[955,-527],[249,694],[475,754],[-19,167],[-409,337],[-183,402],[-62,814],[37,946],[-175,600],[-49,2306],[-144,1440],[120,849],[264,944],[-94,826],[93,363],[-39,188],[-733,131],[-360,176],[-19,216],[-232,338],[-249,925],[-168,236],[-923,305],[-848,17],[-385,-207],[-571,-1073],[-337,-378],[-166,-127],[-293,-19],[-294,-195],[48,-326],[-121,-170],[-59,-551],[-185,-272],[-325,-149],[-251,-11],[-428,73],[-103,83],[-137,551],[68,1647],[-309,2169],[-726,2839],[-201,1914],[-232,590],[-442,769],[-54,381],[-286,590],[336,893],[-405,1548],[-295,2809],[-84,1605],[59,739],[202,726],[187,290],[487,449],[1122,218],[300,-92],[99,-131],[100,-624],[166,-193],[385,-189],[648,-94],[2186,71],[649,165],[359,309],[1088,118],[354,315],[626,1028],[579,692],[-434,1682],[-392,441],[-301,587],[-659,846],[-280,2334],[-464,2071],[-1183,3858],[-1015,2871],[61,361],[874,785],[260,41],[136,-114],[-112,-465],[29,-171],[752,-492],[404,-460],[383,-236],[1345,-441],[998,46],[646,367],[628,6],[1020,-331],[445,-363],[48,72],[390,-99],[400,131],[447,-96],[555,9],[-114,327],[58,184],[720,387],[93,206],[-202,808],[403,99],[639,-49],[369,-99],[420,-264],[919,-874],[360,-189],[552,-47],[433,236],[216,284],[144,519],[-86,1102],[81,306],[106,159],[788,604],[356,407],[414,279],[575,117],[745,47],[937,-95],[337,118],[360,284],[360,425],[743,1457],[74,525],[-110,1446],[-194,680],[287,140],[863,972],[655,1020],[71,216],[-58,624],[104,499],[223,386],[1402,413],[553,24],[384,118],[495,641],[1360,474],[297,246],[319,451],[963,366],[1076,127],[563,-170],[2097,-32],[338,-197],[204,114],[183,258],[-7,368],[118,470],[-201,237],[222,191],[353,9],[1007,-306],[572,-465],[760,110],[342,241],[1519,1529],[336,90],[202,181],[109,344],[-78,663],[318,1197],[-25,101],[-1063,8],[-570,245],[-198,12],[100,-143],[-84,-92],[-92,14],[3,-151],[-123,76],[132,-197],[-444,-373],[-57,60],[-100,-58],[-61,-82],[41,-155],[-48,83],[-259,60],[-88,-132],[-66,26],[25,107],[-70,-84],[-39,90],[-149,-45],[-156,116],[54,66],[-65,68],[-93,-36],[65,198],[-103,80],[41,62],[-139,-53],[117,98],[-101,-33],[68,87],[-185,-4],[49,152],[-289,-218],[25,98],[-158,83],[11,109],[187,189],[-82,73],[-131,15],[-243,-330],[-87,34],[90,127],[-72,54],[-100,0],[-101,-133],[-22,84],[-55,-38],[67,137],[-111,25],[179,154],[-67,100],[-204,-144],[-58,42],[64,122],[-118,70],[-109,-163],[-238,108],[224,385],[-95,58],[3,80],[88,-2],[-43,92],[-260,-174],[-54,129],[-131,-187],[-67,96],[105,168],[-75,47],[-92,-109],[-50,66],[-269,-272],[11,157],[-131,-95],[288,368],[-171,-49],[115,119],[-78,71],[-100,-107],[-90,135],[-82,-69],[67,119],[-168,82],[10,124],[119,-12],[-463,226],[24,83],[-105,11],[63,72],[-132,11],[23,70],[-96,-34],[25,192],[-120,167],[80,93],[-80,261],[-168,156],[-60,-44],[-239,264],[-251,-48],[-411,514],[218,101],[-93,-21],[-257,545],[96,87],[-270,386],[727,96],[-108,88],[-365,2316],[-163,237],[-368,49],[-912,400],[-379,405],[-2418,-1339],[-242,-249],[82,-226],[402,-386],[272,-1114],[46,-1560],[-363,-2496],[-953,-1293],[-907,-579],[-1860,-490],[-545,-45],[-1372,896],[-841,318],[-720,-10],[-1132,-189],[-577,-599],[-549,-270],[27,-222],[-60,-92],[-1879,470],[-204,-151],[-389,-556],[-1930,-1827],[-745,-496],[-382,-351],[-609,-198],[-439,-637],[-907,-335],[-473,-394],[-670,33],[-148,-54],[-350,-479],[-251,-157],[-792,-47],[-590,-129],[-177,-112],[-363,-496],[-318,-940],[-324,-485],[-347,-108],[-291,70],[44,723],[-137,184],[-138,11],[-483,-108],[-1191,-652],[-502,-88],[-71,-184],[423,-707],[0,-291],[-805,-1423],[73,-48],[-59,-96],[129,-50],[-374,-528],[-111,-382],[-291,-289],[-468,-106],[-659,31],[-497,196],[-492,310],[-1032,976],[-908,589],[-250,41],[104,-182],[-285,-133],[-137,50],[68,100],[-31,138],[-599,102],[-8,159],[-21,-90],[-213,12],[-297,141],[-86,-144],[-68,14],[8,99],[-304,-31],[-582,-369],[-165,-544],[50,-674],[-301,-203],[-490,134],[-400,-126],[-717,409],[-338,-109],[-433,202],[-379,-133],[-132,182],[-1261,201],[-239,-43],[-148,-239],[-511,142],[-297,-20],[-198,-90],[-173,-283],[458,-729],[-9,-97],[-486,-405],[-400,-28],[-416,109],[-305,348],[-396,280],[-440,546],[-721,39],[-363,342],[-178,20],[-375,-223],[-465,94],[-466,-235],[-540,65],[-292,-191],[-470,-162],[-345,-386],[-302,-592],[-290,-371],[-260,-190],[-382,-85],[-218,122],[-87,263],[17,377],[-231,227],[-157,-17],[-61,-182],[-95,4],[-219,328],[-181,57],[-301,-251],[-148,12],[-78,81],[-128,757],[-355,211],[-972,243],[-404,-77],[41,-89],[260,4],[111,-93],[-107,-207],[-256,-49],[157,-89],[-4,-238],[305,238],[189,-20],[95,-93],[8,-101],[-284,-347],[-315,61],[-346,310],[-325,124],[-411,40],[-99,86],[-103,327],[-431,198],[-280,339],[-39,197],[170,325],[-9,94],[-186,158],[-198,28],[-216,-234],[-570,-333],[-438,202],[-352,681],[-93,-52],[-37,-292],[-241,-88],[-18,-322],[-85,-30],[-1204,501],[-519,-79],[-53,419],[-315,419],[3,225],[-229,261],[-232,577],[-225,292],[7,212],[141,264],[-294,195],[-37,568],[-170,18],[-164,-349],[-139,-101],[-669,151],[-25,106],[239,167],[59,188],[-128,381],[-272,401],[-462,194],[-366,441],[28,268],[-115,174],[-647,166],[-746,514],[-1429,261],[-120,189],[0,472],[-192,378],[-144,661],[120,896],[221,606],[-122,150],[-284,30],[-191,141],[48,235],[501,-118],[120,188],[430,117],[334,-23],[895,241],[148,-105],[-140,-253],[-23,-356],[291,143],[549,447],[119,258],[287,24],[317,230],[88,211],[-49,250],[-557,154],[-89,182],[25,174],[132,228],[488,338],[108,304],[270,223],[633,1245],[40,142],[-90,212],[189,166],[525,235],[-24,1173],[-976,741],[-602,308],[-1118,402],[-161,302],[-595,209],[-163,-29],[-206,-348],[-325,-170],[-166,-228],[-133,-58],[-70,300],[-859,331],[-502,399],[-167,376],[-692,751],[-25,403],[127,351],[-111,105],[-137,-73],[-140,-242],[-243,-44],[-4,-290],[-196,-341],[-443,167],[-206,-14],[-78,-472],[-121,-101],[-344,-51],[22,-221],[-243,-91],[-188,-210],[-528,105],[-81,-189],[-262,-83],[-177,29],[-70,91],[92,199],[-85,316],[155,493],[-579,888],[18,196],[162,257],[-85,326],[93,153],[162,58],[225,-109],[247,29],[237,348],[-126,453],[118,192],[-92,131],[-24,277],[57,506],[-464,1071],[36,404],[-170,378],[144,25],[517,-149],[325,-395],[140,4],[387,239],[218,232],[203,402],[100,747],[66,84],[277,61],[262,232],[244,490],[7,460],[-74,178],[-428,246],[-52,149],[59,471],[-476,1704],[-417,417],[-18,664],[-528,750],[22,290],[163,136],[18,281],[159,18],[166,-271],[435,68],[93,-72],[129,185],[-8,424],[282,485],[229,-36],[58,-250],[716,200],[81,141],[-8,374],[-151,453],[535,-15],[325,109],[74,-156],[-174,-65],[-92,-181],[151,-207],[262,25],[469,446],[226,75],[534,375],[620,-51],[388,-163],[358,439],[-705,805],[1435,1145],[668,1218],[617,812],[199,845],[-251,464],[29,203],[96,98],[436,-105],[413,44],[133,380],[144,163],[125,-72],[115,-366],[192,58],[214,-58],[-41,-437],[-336,-310],[211,-167],[-30,-518],[59,-203],[211,-178],[340,71],[211,91],[-20,52],[-458,72],[126,138],[365,51],[-136,199],[85,323],[-52,348],[299,152],[-303,631],[22,366],[901,276],[254,-11],[59,-170],[-107,-396],[159,-362],[513,-660],[214,-65],[92,968],[-214,863],[103,150],[529,201],[63,117],[-55,106],[-368,212],[8,68],[568,247],[523,49],[922,-9],[1129,-323],[99,-214],[-214,-413],[-3,-377],[73,-62],[303,530],[358,3],[354,225],[155,-14],[85,-261],[177,-185],[-339,-370],[18,-170],[572,83],[502,192],[92,-178],[-184,-366],[62,-170],[429,174],[287,-11],[166,-174],[1610,215],[180,552],[497,328],[49,129],[-310,207],[-338,533],[-352,108],[-72,136],[70,221],[531,114],[291,239],[279,-92],[186,138],[135,-8],[363,-293],[578,-803],[128,-59],[121,76],[128,489],[246,123],[-86,119],[-448,41],[-116,98],[-78,530],[307,449],[89,22],[210,-199],[609,560],[335,-76],[637,228],[310,-114],[74,-405],[141,-90],[831,237],[108,163],[-382,571],[-9,169],[316,98],[338,348],[332,-38],[628,-615],[89,24],[61,329],[393,-116],[36,84],[-286,522],[175,701],[213,145],[232,-221],[114,3],[347,653],[212,82],[123,285],[-30,314],[291,194],[290,-29],[256,575],[231,174],[305,131],[320,24],[462,237],[355,-49],[142,-150],[222,34],[19,215],[169,215],[48,363],[-177,454],[320,329],[265,78],[276,232],[20,106],[-94,150],[-152,34],[-797,-300],[-424,5],[-374,-126],[-142,5],[-84,77],[15,111],[1300,1110],[637,385],[228,333],[231,662],[640,885],[423,309],[707,219],[167,328],[189,139],[29,276],[-531,58],[-171,148],[-185,553],[-48,445],[123,386],[369,-367],[94,0],[211,198],[222,10],[59,92],[-69,101],[-753,343],[-59,397],[335,-92],[423,53],[266,-126],[404,108],[-1,371],[-182,-68],[-192,102],[-275,-169],[-212,77],[-261,-126],[-142,140],[-10,145],[520,149],[323,335],[83,228],[321,301],[-275,190],[-72,164],[166,223],[-41,285],[282,188],[202,-158],[75,46],[19,275],[173,336],[-71,815],[-693,868],[-555,225],[-869,-262],[-866,220],[-1115,-220],[-533,73],[-275,359],[-317,1166],[-236,162],[-1305,-168],[-1334,-14],[-1241,-462],[-737,-118],[-74,1151],[-226,140],[-39,551],[-212,309],[246,252],[680,456],[211,283],[24,740],[-452,885],[-428,348],[-326,808],[-310,271],[-165,296],[-325,3],[-1159,436],[-1140,143],[-404,-104],[-675,-745],[-60,-1175],[-300,-565],[-139,-733],[-89,-137],[-841,-91],[-294,-113],[-1303,-761],[-519,-471],[-43,-184],[-376,-544],[-673,-562],[-300,-493],[-743,1174],[-763,870],[30,895],[-168,619],[15,314],[255,607],[29,258],[229,247],[-405,9],[-64,-498],[-105,3],[-176,273],[-206,54],[65,-253],[-45,-134],[-282,-114],[-146,-352],[-296,-129],[-196,-536],[-312,148],[-75,-33],[-157,-246],[23,-147],[-181,-156],[-102,-302],[-156,-46],[-829,-1299],[-73,-499],[-269,-254],[-120,12],[-249,-470],[-75,-510],[-281,-374],[-158,-39],[-59,68],[-613,-777],[75,-645],[-128,-179],[-321,-194],[-142,-333],[-182,135],[-340,-34],[-134,94],[4,-399],[-251,-7],[-380,156],[33,-189],[-210,-120],[-259,33],[-273,225],[-70,7],[-11,-87],[-111,44],[170,-203],[-77,-247],[90,-221],[-156,-239],[-254,-166],[-208,88],[-83,269],[35,241],[-143,-39],[-48,104],[-307,-59],[183,387],[-432,-224],[-145,10],[-102,127],[-484,-66],[-20,-81],[-204,-74],[185,-206],[218,88],[270,-22],[209,-192],[34,-296],[-513,-1007],[-289,-259],[-272,28],[-178,-267],[-424,-226],[-114,-4],[-112,163],[-197,0],[-102,155],[4,249],[210,216],[-129,298],[154,373],[-571,-361],[-174,-410],[-146,-71],[29,-231],[-103,-179],[137,-40],[-13,-176],[-253,-425],[-69,-404],[-134,-98],[-33,-219],[-101,-114],[-435,-196],[161,-228],[-63,-277],[214,214],[160,-141],[68,-561],[196,-422],[-142,-220],[-184,-74],[-50,-183],[-415,-121],[-337,104],[-8,149],[100,55],[-52,153],[-312,74],[-454,-273],[16,-308],[-201,-184],[64,-188],[-103,-187],[303,75],[-139,-346],[91,-259],[208,-90],[37,263],[93,-127],[256,-71],[-160,-173],[14,-160],[-110,-59],[-126,75],[-71,-86],[53,-178],[269,-21],[-150,-442],[92,-47],[10,-145],[-170,-183],[-21,-159],[-129,-41],[-174,104],[-272,-8],[46,-168],[-60,-36],[-349,67],[-164,112],[35,-177],[210,-141],[112,-232],[160,69],[247,-188],[-21,-318],[-79,-88],[-102,115],[-309,67],[-442,406],[-172,4],[45,-294],[-91,-128],[-193,-76],[222,-118],[-177,-419],[129,101],[-29,-169],[-398,-620],[-235,24],[-10,-379],[199,114],[369,-93],[152,248],[409,-312],[29,118],[-154,31],[-2,59],[349,-104],[172,-277],[-39,-370],[98,-232],[-912,-500],[-145,257],[-89,-45],[-73,72],[17,242],[-146,-122],[-108,120],[-228,-18],[-73,-130],[50,-719],[-241,-203],[65,-296],[-258,-291],[-17,-236],[100,-310],[-168,-579],[-459,-394],[109,-157],[925,178],[421,-167],[38,-86],[-16,-216],[-268,-276],[-213,-373],[38,-416],[-248,-234],[-547,-262],[-96,-147],[-27,-497],[421,319],[180,17],[181,-152],[-49,-324],[-88,-189],[-552,-411],[-22,-389],[126,-143],[-80,-130],[-175,-21],[-293,214],[-196,10],[-5,-94],[318,-308],[-1,-116],[-257,-238],[-88,-275],[-250,-249],[53,-84],[345,58],[6,-230],[94,-148],[348,-274],[-64,-1065],[-894,-292],[-237,265],[-505,12],[-165,656],[-341,112],[-354,236],[-156,-62],[-71,-516],[-496,-564],[29,-807],[-419,-502],[-76,-328],[-259,-309],[-191,-1230],[-331,-594],[-385,-1602],[-233,-284],[-170,-827],[-241,-353],[24,-429],[-132,-276],[-217,-215],[-8,-360],[-287,-337],[124,-330],[-225,-237],[93,-460],[-240,-358],[57,-738],[-78,-97],[-234,0],[-183,-459],[-65,-571],[-227,-244],[-425,-35],[-542,-427],[-433,-181],[-1153,-60],[-72,-54],[91,-65],[2,-160],[-233,-244],[-121,9],[21,-52],[-101,-39],[-278,70],[-324,375],[-347,228],[-178,-44],[-13,230],[-192,136],[59,33],[-101,85],[27,116],[-53,-37],[-101,120],[-60,227],[-368,516],[-115,-16],[-32,388],[-91,18],[52,111],[-61,51],[-19,461],[75,38],[-78,-28],[35,188],[-173,337],[-74,549],[-114,58],[-9,283],[-1257,2658],[-672,1054],[-751,878],[-396,342],[-122,-94],[-130,151],[64,64],[-324,448],[79,48],[-658,978],[-780,878],[-1155,1706],[-64,41],[-368,-167],[-341,42],[-893,634],[-1360,1232],[-2321,2358],[-1515,1253],[-1747,1136],[-3107,2266],[-1519,1398],[-457,500],[-330,626],[-204,601],[-634,876],[-305,650],[-153,651],[60,616],[-169,271],[-29,317],[-657,969],[-2189,2638]],[[1420354,2138727],[6,20]],[[1420428,2138796],[20,14]],[[1755661,2486079],[37,167]],[[1755698,2486246],[5,31]],[[1755701,2486537],[-31,170]],[[1770923,2578390],[15,-1]],[[1770998,2578365],[46,-9]],[[1754958,2478567],[-51,101]],[[1487114,2201640],[-62,568],[311,681],[209,187],[265,58],[235,268],[334,209],[222,307],[119,565],[292,163],[226,265],[23,399],[193,597],[-22,716],[-157,285],[131,662],[-15,373],[233,269],[59,460],[493,567],[-27,436],[78,455],[148,155],[302,15],[360,419],[-72,211],[-335,234],[-46,112],[169,779],[267,421],[166,682],[-59,174],[-236,190],[-310,113],[-349,13],[-437,203],[-545,134],[-293,139],[-188,222],[-169,735],[-247,153],[23,346],[-158,514],[-122,1208],[52,691],[-249,604],[-57,382],[-601,746],[-384,182],[-373,917],[-287,379],[-96,563],[-191,227],[-59,268],[-339,98]],[[1485539,2222359],[-54,479],[92,1015],[102,204],[474,401],[-200,773],[-21,1198],[295,-34],[183,117],[316,867],[717,-111],[815,118],[770,963],[647,373],[123,276],[70,584],[-46,853],[338,435],[24,566],[345,584],[608,300],[228,31],[183,218],[313,145],[1061,-356],[408,-24],[1170,521],[95,-41],[366,-601],[193,-76],[453,245],[780,166],[634,371],[454,545],[413,704],[391,-85],[1442,-61],[578,-347],[1113,34],[609,-119],[153,47],[603,446],[745,392],[221,388],[219,167],[-7,442],[229,170],[34,596],[371,644],[648,782],[651,385],[974,1103],[693,1137],[333,129],[367,-548],[312,-183],[187,54],[835,2138],[700,1300],[204,1467],[0,1018],[-72,303],[-347,191],[180,293],[146,1200],[228,518],[657,880],[362,311],[151,307],[14,981],[99,383],[-92,670],[106,297],[341,418],[720,-66],[151,124],[250,508],[608,435],[877,1411],[248,740],[562,-93],[394,135],[119,117],[369,877],[190,152],[513,79],[654,-252],[256,0],[327,356],[70,228]],[[1518574,2257167],[905,-276]],[[1519479,2256891],[526,-75],[1147,-337],[-236,-1254],[335,-1770],[-102,-1354],[1305,-1666],[346,-121],[1946,-1218],[689,-76],[41,-73],[400,110],[-174,60],[4,70],[189,-17],[41,117],[250,34],[119,-171],[145,36],[4,80],[339,16],[-33,-211],[222,-235],[-29,-124],[549,-605],[459,-841],[165,-107],[1406,-201],[452,-191],[1140,-157],[653,-370],[227,-278],[192,-679],[318,-141],[-106,-420],[150,-662],[-69,-118],[-23,-687],[204,-373],[109,12],[107,-246],[-107,-52],[115,-269],[476,-316],[157,-27],[295,283],[220,791],[811,135],[199,107],[1320,2],[295,-70],[788,-411],[291,-402],[302,226],[769,-197],[391,33],[928,-868],[3554,-1106],[320,925],[135,-38],[3327,1384],[-12,511],[312,218],[-171,295],[386,1],[125,84],[65,128],[-196,-16],[-35,78],[292,364],[61,-10],[-5,-204],[124,63],[17,201],[-123,323],[480,59],[460,170]],[[1549252,2245043],[-100,-611],[127,-1089],[88,-121],[1475,-683],[487,-487],[219,-556],[188,-1221],[396,-1011],[8,-677],[290,-485],[504,-328],[154,-1022],[638,-763],[127,-259],[20,-1076],[176,-506],[211,-333],[70,-354],[-148,-334],[-684,-792],[-130,-329],[4,-240],[184,-414],[65,-883],[225,-670],[-44,-497]],[[1553802,2229302],[18,-528],[291,-355],[81,-227],[-224,-1033],[132,-504],[314,-392],[302,-136],[305,105],[127,220],[331,-182],[528,-88],[328,-283],[423,81],[292,-333],[788,-494],[266,-520],[122,-1587],[208,-575],[-8,-516],[-349,-1075],[-73,-574],[231,-1378],[-242,-383],[-597,-238],[-333,-419],[-249,-638],[-10,-286],[350,-627],[0,-257],[-148,-270],[-462,-377],[-124,-327],[133,-690],[686,-1098],[65,-289],[-216,-1412],[363,-799],[6,-542],[-240,-527],[-476,-628],[-67,-952],[-192,-29],[-459,232],[-215,9],[-383,-156],[-318,-360],[677,-1040],[300,-931],[704,-799],[147,-608],[-122,-697],[563,-1481],[234,-332],[319,-187],[360,-40],[131,-175],[-38,-188],[-553,-706],[-256,-633],[-47,-553],[225,-897],[-354,-713],[-46,-239],[81,-354],[957,-1293],[122,-774],[-29,-320],[-212,-525],[79,-763]],[[1548815,2182178],[-198,-588],[265,-537],[10,-284],[-190,-517],[-389,-593],[175,-596],[-208,-59],[-555,151],[27,-333],[-171,-343],[-217,-55],[-118,-121],[90,-420],[-180,-312],[-123,-69],[-215,59],[-158,577],[76,331],[-356,445],[-67,299],[-328,-272],[-483,297],[-113,242],[-270,90],[-135,-67],[-384,-497],[-522,-282],[-369,32],[-534,264],[-164,-67],[-99,-217],[-188,-60],[-1167,484],[-278,538],[-382,37],[-446,482],[-162,75],[20,376],[-288,250],[-794,250],[-404,-77],[-354,256],[-86,-102],[174,-174],[-238,-131],[-64,459],[-170,72],[-484,-104],[-21,-271],[-573,32],[-358,-239],[66,-84],[183,35],[-72,-186],[130,-326],[-52,-43],[-337,117],[-267,-95],[118,-80],[-306,-201],[-140,-251],[-3,-170],[-388,-76],[-436,326],[-79,-21],[-136,-117],[-72,-234],[-567,-131],[-485,-495],[-194,-25],[-61,110],[90,205],[492,836],[-312,567],[-114,28],[-14,-78],[71,-279],[-266,-11],[-197,223],[-173,524],[-110,57],[9,-310],[-167,-458],[-122,-4],[-122,125],[-61,-103],[-79,10],[-97,217],[-251,32],[-108,504],[-786,393],[-101,-380],[-191,6],[91,-48],[-104,-63],[39,-141],[-350,87],[-87,-92],[-129,-609],[-269,39],[-205,-78],[-183,75],[-315,-64],[46,-461],[-140,-24],[-186,266],[86,258],[-39,206],[-346,600],[-398,180],[-330,303],[-331,-201],[-165,251],[24,128],[-148,122],[-32,172],[-213,282],[112,143],[-29,198],[-192,44],[215,171],[-197,146],[-142,358],[-253,216],[115,119],[147,-9],[-230,394],[319,413],[-110,475],[-345,227],[-424,-70],[-478,105],[-525,795],[-746,128],[-177,215],[-136,-148],[-307,-50],[-127,257],[-271,125],[-401,-172],[-153,52],[-174,490],[61,349],[-194,224],[9,204],[-74,73],[-215,-26],[-472,145],[-301,-183],[-903,145],[-197,-58],[-268,-440],[-194,-33],[-771,214],[-436,49],[-404,-73],[-490,222],[-907,-60],[-824,380],[-269,378],[-721,695],[-296,64],[-746,-435],[-665,-158],[-406,-257],[-560,-743],[-87,-324],[-125,-64],[-676,-124],[-686,-371],[-279,0],[-637,467],[-521,115],[-193,133],[-1044,-137],[-202,-81],[-628,-839],[-782,-562],[-801,-857],[-184,-67],[-299,96],[-193,219],[-260,29],[-602,-216],[-914,-480],[-309,-28],[-338,105],[-96,191],[48,505],[-48,305],[-125,209],[-811,392],[-1100,153],[-126,133],[-221,315],[-386,896],[-483,381],[-463,696],[-115,572],[-222,133],[-1091,230],[-618,-200],[-521,38],[-695,-267],[-1610,251],[-382,216],[-340,1],[-878,-266],[-409,-265],[-962,-125],[-566,-279],[-226,84],[-735,-112],[-368,-349],[-453,98],[-71,238],[15,600],[-283,350],[57,851],[-127,210],[-14,265],[340,964],[99,922],[212,237],[-141,503],[792,391],[-28,293],[-71,293],[-466,782],[-28,280],[170,726],[-311,265],[-29,224],[199,880],[-127,181],[-410,294],[-396,684],[-467,559],[-212,936],[156,530],[-297,294],[-192,406]],[[1745353,2580067],[-109,334],[88,546],[202,279],[580,521],[271,726],[481,887],[0,205],[-484,948],[-31,464],[-158,99],[-502,36],[-93,82],[-29,814],[-166,562],[-186,258],[-292,145],[-503,458],[-1341,719],[-708,-369],[-292,-448],[-237,-107],[-1563,-146],[-370,-158],[-420,-56],[-735,-423],[-165,64],[-55,277],[88,551],[-9,607],[-147,2023],[-535,563],[-81,311],[67,469],[-119,1385],[99,637],[-273,482],[-849,143],[-214,158],[-51,504],[222,749]],[[1736734,2595366],[337,148],[71,-202],[98,-24],[111,183],[276,39],[260,-168],[404,-88],[335,340],[137,36],[487,-166],[193,-246],[109,-16],[166,115],[217,17],[134,169],[334,1],[403,604],[357,-16],[303,-167],[447,21],[278,96],[706,565],[491,550],[328,58],[207,-383],[195,-145],[298,78],[114,-93],[613,-22],[74,-100],[-1,-163],[-210,-312],[22,-127],[-363,-408],[-236,-80],[-65,-239],[119,-172],[261,-7],[566,-352],[-109,-289],[211,-183],[67,-182],[-275,-270],[141,-434],[-97,-294],[239,-276],[-255,-277],[466,-52],[-99,-125],[52,-120],[409,300],[193,-30],[71,228],[210,-235],[126,0],[195,172],[94,363],[476,122],[145,-87],[16,-484],[212,-166],[541,69],[171,217],[205,-1],[266,146],[145,-418],[588,73],[182,-296],[256,93],[172,229],[136,-72],[249,288],[177,-266],[13,-392],[251,-41],[306,292],[84,-1],[-49,-436],[104,-172],[210,-107],[168,30],[202,314],[198,68],[87,269],[245,-154],[38,350],[271,-112],[204,56],[294,-238],[172,62],[272,-57],[428,378],[1,-77],[350,-270],[-2,-86],[471,-396],[1313,-140],[123,232],[253,90],[127,-347],[355,181],[500,-76],[-35,-364],[113,-118],[219,-13],[152,209],[355,-4],[86,-319],[399,297],[50,-425],[391,59],[79,-233],[116,-82],[370,142],[331,-7],[135,-88],[-14,-216],[60,-48],[161,69],[192,340],[134,54],[298,-315],[175,-358],[398,-172],[172,-404],[203,-184],[1170,-579],[278,-7],[260,157],[376,-94],[298,-487],[104,31],[37,276],[125,31],[75,-162],[817,-126],[297,-194],[169,-5],[93,-137],[341,46],[114,-351],[78,-2],[154,232],[99,-21],[37,-176],[-155,-161],[46,-89],[246,38],[820,-163],[478,19],[757,-420],[380,154],[215,-393],[337,124],[445,-192],[160,-172],[341,142],[815,-354],[322,7],[79,256],[142,59],[261,-163],[106,-227],[158,-101],[412,70],[219,-238],[292,71],[485,-16],[494,-265],[207,30],[178,-79],[193,-258],[115,54],[92,245],[375,-330],[111,84],[-88,203],[423,-31],[578,160],[633,-79],[234,-242],[261,75],[75,-258],[548,4],[354,128],[173,-79],[128,-223],[192,185],[138,25]],[[1673405,2413983],[115,-401],[-17,-280],[-371,-218],[-207,-228],[-238,-66],[-268,-509],[-715,-777],[-415,-939],[-956,-824],[-255,-336],[-10,-856],[-200,-624],[-209,-265],[-438,-117],[-605,19],[-548,797],[-664,638],[-1371,331],[-1105,-205],[-210,-284],[-675,-217],[-650,-415],[-837,-230],[-582,-331],[-299,0],[-291,149],[-384,535],[-397,348],[-278,553],[-496,501],[-141,352],[-909,1235],[0,170],[266,344],[-434,727],[19,170],[185,153],[-299,487],[238,189],[-78,192],[23,234],[-301,388],[4,462],[-163,101],[-31,230],[-95,33],[-194,518],[-38,245],[84,267],[-158,131],[53,143],[-198,33],[-137,130],[82,118],[-171,394],[209,157],[-161,58],[-75,344],[204,145],[-405,135],[-97,182],[82,185],[-63,85],[-179,8],[-171,253],[-480,207],[33,128],[153,102],[-37,131],[-230,-29],[-112,155],[-304,126],[-27,109],[167,185],[167,55],[36,166],[119,83],[-237,338],[-139,-90],[-160,306],[-218,-59],[-90,211],[-611,26],[-236,362],[-214,20],[71,398],[-360,32],[-101,302],[-225,-223],[-343,98],[-377,-103],[-214,371],[-263,168],[-437,-305],[-354,160],[-176,1],[-90,181],[222,192],[31,118],[-881,262],[-152,314],[183,258],[-339,167],[-134,4],[-343,-273],[-399,80],[-408,-112],[-97,-120],[-38,-310],[-132,-117],[-395,62],[-385,-51],[-308,268],[-139,-47],[-120,-305],[-244,87],[-404,-108],[-57,120],[156,306],[3,255],[-616,282],[-290,-303],[-62,-223],[-150,-82],[-357,29],[-115,263],[-162,93],[-139,-190],[-352,3],[-379,-201],[-883,-73],[-24,207],[145,321],[-380,450],[131,211],[20,246],[-342,-85],[-10,283],[-72,85],[-227,119],[-356,-97],[-35,364],[-170,-103],[-61,69],[20,355],[531,398],[-9,218],[-237,314],[61,296],[-395,109],[-131,-503],[-517,-304],[264,341],[-53,75],[-259,-91],[-114,67],[49,278],[307,413],[-19,407],[-180,195],[-359,-128],[-688,327],[-163,-90],[-308,-5],[-5,-297],[-244,19],[-255,-269],[-189,55],[-356,-152],[19,-289],[-96,-134],[-596,87],[-222,162],[-280,-120],[-703,717],[-398,-136],[-222,119],[-242,-19],[-312,232],[-130,243],[-138,-51],[-231,117],[-257,-114],[-123,55],[-159,-246],[-95,39],[-52,193],[-90,17],[-136,-238],[-155,-36],[-110,145],[76,256],[-58,79],[-327,-60],[-46,60],[75,109],[-59,62],[-579,73],[-468,155],[-240,-29],[-459,181],[-160,150],[-699,275],[-444,520],[-422,-5],[-587,430],[-312,61],[-139,118],[-232,-57],[-275,66],[-127,111],[113,237],[-289,-8],[-211,337],[-285,-9],[-375,-318],[-104,34],[-50,188],[-141,97],[-414,-52],[-213,462],[-455,282],[110,577],[-318,276],[122,141],[20,263],[-416,110],[-37,79],[120,7],[-19,141],[-117,56],[12,185],[473,286],[-120,20],[-163,258],[173,455],[-143,285],[-378,25],[-121,107],[25,138],[175,117],[-206,383],[-260,173],[-123,-27],[-188,119],[-120,-40],[-421,625],[-470,262],[-193,-51],[-535,-758],[-164,-364],[-562,-95],[-64,125],[256,293],[-471,267],[-106,144],[46,122],[255,59],[19,135],[-131,180],[183,49],[12,83],[-151,87],[-6,103],[-224,-52],[-28,239],[-134,-20],[-180,-195]],[[1621774,2437008],[-168,256],[-844,635],[-368,492],[-110,367],[17,326],[197,276],[334,166],[588,66],[447,323],[186,346],[-23,367],[-146,249],[-973,890]],[[1620911,2441767],[-59,248],[199,469],[256,224],[301,105],[380,-97],[978,-688],[366,9],[340,221],[205,339],[-146,373],[-205,196],[-962,575],[-208,298],[56,616],[425,1017],[405,279],[894,309],[464,403],[354,581],[87,856],[402,353],[484,125],[826,-235],[178,28],[168,165],[-84,329],[-2081,1605]],[[1624934,2450470],[1099,630],[882,142],[453,218],[464,-249],[-145,-708],[8,-651],[481,-120],[38,-213],[322,145],[237,-58],[19,-348],[225,-143],[342,-429],[-41,-459],[-153,-491],[193,-249],[223,60],[333,-494],[542,-461],[2463,-1451],[1266,-142],[2496,2],[2373,-942],[2021,-8],[1528,-351],[65,134],[1216,-508],[762,-450],[295,696],[1731,-1327],[763,-48],[48,-215],[336,-65],[19,-167],[124,-122],[1164,-2],[884,-435],[352,-396],[182,-338],[643,-704],[217,-501],[911,-796],[333,-576],[291,-199],[228,-282],[90,-406],[-181,-1195],[97,-729],[181,-580],[-8,-728],[105,-339],[530,-817],[662,-430],[765,-3],[89,-158],[18,-361],[202,-449],[1004,-480],[635,-707],[291,-756],[2570,-1657],[179,-363],[453,-1533],[394,-690],[221,-646],[250,-328],[805,-435],[1458,-383],[1083,-936],[1332,-791],[696,-262],[126,-197],[246,-1433],[162,-200],[390,41],[496,345],[267,49],[569,-328],[267,-66],[77,-273],[-109,-628],[159,-124],[203,-32],[85,-127],[-42,-149],[-292,-176],[-67,-166],[127,-248],[432,-377],[35,-687],[165,-172],[1501,-805],[39,-238],[-174,-366],[84,-158],[416,-155],[531,-423],[624,-161]],[[1713301,2622576],[-279,-1288],[-225,-446],[-1218,-1121],[-720,-377],[-632,242],[-737,578],[-420,654],[-360,1425],[-404,463],[-528,49],[-1076,-73],[-438,-82],[-484,-248],[-781,-1537],[-23,-337],[101,-373],[380,-665],[1120,-912],[562,-767],[763,-1787],[7,-486],[-70,-179],[-185,-112],[-593,-89],[-390,26],[-1662,446],[-1803,670],[-483,40],[-213,-237],[-279,-846],[44,-423],[131,-265],[407,-347],[306,-495],[866,-289],[132,-219],[71,-1661],[-295,-849],[-294,-570],[-394,-315],[-2461,-321],[-997,-228],[-818,-406],[-125,-617],[97,-634],[799,-1117],[810,-878],[291,-949],[-55,-472],[-164,-143],[-285,-89],[-1187,333],[-683,0],[-483,-182],[-1464,-860],[-582,-466],[-350,-570],[-59,-321],[148,-201],[833,-663],[335,-460],[390,-1228],[32,-674],[-146,-85],[-1103,-95],[-434,-155],[-824,-584],[-1420,-805],[-719,-569],[-338,-602],[-91,-1390],[-181,-671],[-671,-767],[-991,-861],[-561,-622],[-72,-489],[6,-1515]],[[1689682,2589418],[-1098,-218],[-135,50],[-462,330],[-983,988],[-286,172],[-178,19],[-804,-95],[-273,-190],[-404,-104],[-543,-528],[-682,-218],[-527,883],[206,291],[274,158],[45,229],[176,261],[-24,400],[-130,247],[-224,69],[-490,-195],[-327,43],[-337,173],[-243,-176],[-404,105],[-221,475],[318,337],[-74,184],[40,106],[-156,5],[-265,-166],[-879,394],[-341,380],[-552,998],[-643,270],[-375,381],[-192,258],[-262,668],[-292,-102],[-417,-291],[-601,-209],[-425,28],[-1497,512],[-1179,-378],[-911,-132],[45,484],[-149,275],[-74,890],[-572,1228],[85,564],[-84,281],[-133,147],[-85,-273],[-244,365],[-274,135],[-1095,160],[-689,297],[-183,159],[29,812],[-325,527],[-840,-44]],[[1668317,2601837],[-170,44],[-416,320],[-751,-54],[-1069,224],[-820,694],[-1394,382],[-359,-21],[-955,-428],[-478,-79],[-1305,162],[-677,245],[-88,332],[-486,440],[-452,810],[-436,1092],[-21,299],[-570,402],[-376,673],[-406,357],[-72,224],[-414,345],[-148,485],[-296,187],[-635,166],[-631,490],[-360,-179],[-1168,1377],[-77,165],[6,502],[-157,317],[-916,1147],[-66,180],[-411,297],[-217,283],[-227,1069],[27,315],[-407,566],[-47,521]],[[1650872,2616188],[250,346],[899,437],[371,514],[311,261],[657,221],[212,153],[437,68],[557,449],[-197,1185],[-691,1022],[-144,1397],[498,407],[774,399],[149,290],[-155,237],[65,415],[478,560],[1299,1010],[-248,280],[-468,1115],[-824,3435],[-221,290],[-486,171],[-230,200],[-129,441],[-856,1030]],[[1653652,2633221],[235,-173],[338,-873],[345,-591],[397,-409],[985,-698],[206,-245],[105,-312],[520,-204],[259,-209],[262,-50],[361,-272],[1253,-244],[253,155],[891,1128],[118,256],[0,334],[262,472],[428,69],[142,177],[345,-12],[225,138],[233,-93],[460,72],[266,-108],[274,202],[44,154],[209,69],[72,257],[954,753],[307,-72],[289,238],[532,124],[332,173],[459,77],[337,194],[326,-9],[170,-205],[183,43],[147,-69],[159,-195],[-16,-327],[283,-96],[205,-468],[347,28],[254,-75],[144,78],[658,-352],[349,-47],[292,56],[267,-159],[128,8],[116,132],[995,-178],[352,231],[191,29],[410,-326],[432,-145],[262,-181],[585,-69],[125,167],[-6,302],[134,128],[594,97],[288,136],[216,591],[183,48],[141,-60],[75,89],[109,-100],[134,157],[-27,211],[436,-169],[84,74],[7,233],[234,54],[254,-55],[277,176],[262,391],[111,498],[660,734],[493,336],[259,305],[134,303],[221,162],[177,-19],[332,-328],[241,-76],[10354,1103],[-174,99],[-209,494],[-299,75],[-216,178],[-224,519],[82,463],[380,529],[268,698],[0,351],[-161,188],[142,682],[-142,168],[-681,257],[-54,290],[-168,201],[-19,472],[-928,781],[-261,1109],[179,401],[321,247],[492,611],[204,87],[275,304],[862,-147],[712,-24],[378,-253],[850,-246],[250,-264],[599,-150],[1070,-471],[354,-235],[926,-113],[522,147],[403,-56],[220,-182],[828,-39],[339,90],[381,-55]],[[1668317,2601837],[-333,-505],[-379,-1367],[-464,-259],[-575,-745],[46,-921],[148,-387],[-897,-857],[-101,-801],[-203,-209],[319,-173],[327,-899],[-84,-725],[158,-294],[-21,-369],[298,-445],[609,-580],[-570,-681],[-422,-176],[-850,-949],[-907,-1205],[-510,-349],[-977,-1064],[-622,-421],[-694,-294],[-123,-159],[-207,-380],[-218,-1008],[21,-1378],[-341,-811],[60,-428],[-46,-328],[-351,-1185],[-362,-728],[-218,-1067],[-799,-1471],[-904,-848]],[[1658125,2577371],[-1167,303],[-491,447],[-390,93],[-323,-68],[-156,163],[-357,2],[-375,133],[-402,-110],[-270,319],[-250,-70],[-180,165],[-93,10],[-324,-215],[-418,247],[-246,18],[-793,-539],[-176,120],[-78,-66],[-122,28],[-331,530],[-257,-41],[-136,-224],[-134,-21],[-56,123],[77,215],[-202,53],[-2,414],[-861,519],[-560,141],[-96,501],[-321,347],[-347,193],[-188,-73],[-161,224],[-564,66],[-243,-50],[-794,412],[-445,55],[-227,-157],[-394,-50],[-348,-289],[-193,-27],[-652,-569],[-101,-212],[-280,-36],[-85,-89],[-379,7],[-172,-231],[-551,-121],[-416,-352],[-540,-154],[-644,-581],[-1259,-228],[-686,327],[-153,-309],[-127,-3],[-107,158],[-152,7],[-338,-221],[-124,167],[-83,-65],[-21,-193],[-324,-151],[-47,248],[-289,359],[-71,427],[-296,548],[369,247],[246,352],[282,63],[152,142],[-44,794],[-130,290],[52,384],[-519,533],[273,541],[199,637],[-25,637],[-194,430],[-572,827],[-5,418]],[[1636918,2586240],[-138,302],[258,408],[556,557],[292,439],[257,192],[1150,1392],[19,251],[304,114],[-96,199],[408,372],[152,307],[-20,64],[-233,44],[186,445],[418,221],[-22,138],[-225,185],[8,135],[279,216],[571,0],[-102,326],[231,455],[320,265],[113,686],[-340,395],[256,287],[30,251],[-390,586],[365,204],[65,199],[-163,221],[149,309],[160,-24],[53,60],[-104,440],[-309,179],[174,785],[-185,199],[112,88],[270,0],[155,340],[329,25],[-4,216],[171,17],[198,176],[257,81],[-8,149],[130,178],[445,255],[184,317],[443,338],[995,499],[816,673],[183,249],[810,288],[49,288],[133,168],[257,62],[-47,391],[298,-6],[265,102],[791,530],[331,431],[355,19],[65,232],[432,663],[382,360],[55,251],[369,391],[-72,338],[224,224],[-62,313],[83,283],[-220,531],[64,300],[-9,1403],[-373,528],[-11,526],[-181,551],[-179,259],[112,319],[-308,421],[-2,248],[565,1034],[107,668],[187,459],[215,254],[-74,930],[220,784]],[[1586579,2531309],[138,256],[137,74],[643,-24],[407,-170],[299,25],[106,-139],[323,-95],[321,77],[57,-260],[372,-204],[153,-344],[244,92],[241,-188],[598,-118],[650,93],[191,114],[180,-221],[195,-70],[595,-508],[134,-390],[297,-57],[272,-478],[304,-78],[283,-224],[215,-56],[284,178],[1007,-31],[132,-126],[158,-21],[457,-537],[424,-160],[174,65],[137,323],[153,92],[45,172],[165,118],[148,254],[283,43],[139,185],[105,24],[297,-76],[937,26],[223,-150],[205,0],[303,-152],[184,51],[260,214],[187,6],[167,-114],[249,110],[438,-101],[127,-268],[141,102],[472,27],[674,-110],[348,334],[679,220],[719,510],[160,172],[69,246],[117,8],[320,-237],[283,-49],[281,142],[231,-21],[367,539],[-94,288],[156,171],[437,32],[320,-94],[370,191],[339,36],[536,276],[130,-38],[389,133],[511,30],[370,193],[236,-110],[199,21],[585,499],[687,429],[277,299],[270,75],[450,-208],[52,-186],[326,-416],[147,-503],[242,-423],[599,-578],[1077,-675],[410,-348],[-87,-1056],[83,-529]],[[1615200,2527933],[-1983,-1431],[-217,-123],[-714,-119],[268,-547],[9,-357],[-634,-785],[-44,-224],[156,-1331],[-73,-110],[-439,-194],[-97,-176],[33,-264],[-109,-287],[157,-1108],[247,-311],[287,-39],[525,105],[473,-10],[278,-81],[278,-203],[864,-117],[228,-229],[119,-263],[45,-500],[639,-1237],[114,-565],[229,-395],[1239,-559],[1699,-240],[664,-319],[586,-623],[1250,-1678],[437,-391],[150,-643],[-5,-496],[-205,-884],[-790,-1293],[-211,-1287],[-88,-172],[-262,-270],[-386,-206],[-29,-241],[112,-326],[-650,-1071],[-552,-658],[-157,-351],[5,-110],[152,-140],[1178,-826],[1564,-691],[543,-140],[914,-518],[303,-72],[147,-394],[484,634],[75,-33],[165,327],[173,-6],[1,-318],[329,84],[103,218],[94,-66],[789,114],[613,-105],[475,105],[397,207],[1113,-414],[267,-34],[321,-174],[348,-22],[192,-248],[1161,-439],[259,-244],[182,-439],[-25,-616],[-191,-453],[346,-276],[337,-88],[501,-376],[478,-235],[908,-85],[1791,-738],[722,-113],[577,251],[152,-61],[492,-331],[171,-409],[248,-254],[731,-445],[579,-759],[466,265],[633,196],[689,-66],[523,359],[441,-243],[700,-116],[588,-459],[217,-398],[143,-88],[315,-64],[365,125],[386,-205],[407,66],[501,-290],[391,-127],[615,-386],[1673,696],[1417,417],[1212,199]],[[1650487,2496473],[-7,-1701],[-187,-872],[-517,-918],[-414,-347],[-4,-94],[231,-375],[569,-496],[453,-192],[386,8],[417,121],[553,403],[342,496],[227,601],[310,-31],[330,-133],[414,-527],[123,-836],[-76,-504],[-1217,-1911],[-250,-164],[-1193,536],[-438,117],[-910,-16],[-1209,180],[-875,31],[-465,-70],[-573,-262],[-143,-262],[103,-215],[140,-66],[1825,375],[883,-359],[258,-196],[255,-465],[115,-617],[-32,-332],[-425,-539],[-358,-188],[-855,-82],[-1348,344],[-438,-109],[-517,-352],[-139,-242],[-20,-602],[617,-1508],[43,-680],[-63,-226],[-366,-692],[-513,-653],[-1786,-1359]],[[1643743,2480492],[-407,-323],[-250,-390],[28,-321],[236,-722],[-165,-1526],[112,-449],[-344,-428],[-320,-149],[-271,45],[-49,118],[207,1370],[-126,1016],[-155,407],[-309,476],[-499,280],[-169,-141],[-165,-477],[-211,-1077],[-327,-456],[-467,-369],[-1058,-370],[-418,-449],[-81,-445],[172,-356],[155,-131],[833,-287],[175,-176],[39,-155],[-144,-242],[-851,-24],[-481,-242],[-429,-462],[-327,-732],[-682,-359],[-769,-146],[-1020,156],[-1553,-59],[-207,-34],[-246,-173],[-85,-276],[60,-152],[151,-97],[1125,321],[467,4],[412,-207],[530,-781],[49,-459],[-200,-449],[-436,-432],[-899,-355],[-1157,-232],[-246,-93],[-183,-176],[7,-117],[239,-276],[847,-543],[464,-504],[180,-331],[-11,-166],[-77,-314],[-338,-494],[-1043,-732],[-756,-784],[-750,-1303]],[[1631550,2463742],[-339,186],[-662,149],[-955,385],[-137,130],[-393,1115],[-44,344],[-83,81],[-697,165],[-821,0],[-293,272],[-544,234],[-342,753],[-310,355],[-336,116],[-1375,170],[-362,139],[-97,369],[165,321],[-7,260],[152,376],[11,558],[395,271],[0,130],[-1019,811],[-167,251],[11,299],[296,437],[-324,1003],[-149,1085],[26,912],[-80,161],[-530,443],[-572,841],[-473,329],[-612,81],[-556,-94],[-443,38],[-213,-397],[165,-596],[-237,-437],[-561,-606],[-394,-589],[-647,-345],[-49,-558],[-118,-239],[-469,-258],[-402,-66],[-602,-428],[-524,-237],[-4,-385],[-197,-514],[-1681,-1218],[-40,-299],[-502,-715],[-83,-613],[-329,-493],[-113,-97],[-469,-61],[-294,-136],[-361,186],[-684,585],[7,-126],[-83,70],[-107,-44],[42,96],[-187,189],[-100,367],[-300,-241],[-149,42],[-261,-185],[-504,-107],[-624,134],[-288,140],[-487,419],[-42,400],[-394,486],[-265,143],[-82,210],[-252,244],[35,202],[-265,543],[183,439],[-102,90],[-33,321],[-121,107],[110,126],[-152,165],[104,41],[-82,124],[2,346],[-197,26],[186,160],[148,389],[235,186],[13,158],[365,210],[-106,274],[-323,224],[-126,-161],[57,-206],[-99,-178],[-193,27],[-308,-378],[-568,131],[-215,-104],[-179,-319],[-474,39],[-456,-145],[-108,63],[-135,281],[-374,41],[-680,366],[-712,90],[-910,372],[-296,-62],[-642,534],[-2104,541],[-381,244],[-540,-1922],[-524,-668],[-496,18],[-2032,434],[-575,449],[-737,-32],[-347,287],[-359,168],[-569,-46],[-440,-430],[-133,-45],[-1430,412],[-958,136],[-599,280],[-649,704],[-272,137],[-440,69],[-1160,-82],[-456,41],[-279,101],[-480,437],[-349,-161],[-779,-126],[-485,-258],[-1421,194],[-562,0],[-179,136],[-323,-264],[-180,-286],[-391,-181],[-1014,26],[-487,-102],[-1987,-154],[-1041,209],[-827,-146],[-345,-148],[-175,-198],[-302,-730],[-37,-708],[-724,-344],[-180,-203],[64,-183],[251,-148],[422,-500],[-403,-883],[154,-1024],[-334,-1464],[-1122,-125],[-843,-404],[-211,-207],[-281,-86],[-1019,172],[-650,-190],[-1072,-604],[-1265,-1053],[-1072,-553],[-1037,-259],[-264,-189],[-105,-208],[35,-345],[509,-1215],[18,-1589],[457,-880],[-18,-794],[-386,-656],[-1301,-691],[-544,-345],[-352,-328],[-140,-225],[-36,-362],[-316,-950],[18,-569],[-64,-140],[-335,-342],[-881,-402],[-764,-539]],[[1440471,2397009],[-5,-115],[-418,-380],[-46,-471],[36,-405],[194,-416],[265,-1371],[-281,-1212],[-744,-350],[-285,-220],[-1207,-1592],[-561,-305],[-555,-626],[-968,-601],[-311,-440],[-418,-141],[-1218,-30],[-682,-380],[-428,-435],[-459,-806],[-462,-409],[21682,-34080]],[[1453600,2352224],[2777,-4365],[300,-195],[87,-241],[-18,-517],[260,-178],[135,-203],[209,-64],[242,-280],[677,-1732],[692,-613],[126,-400],[635,-172],[50,-222],[-122,-808],[407,-245],[92,61],[125,-190],[-79,-575],[220,-447],[-182,-122],[240,-198],[426,-5],[192,-149],[-37,-779],[366,-449],[99,-237],[-130,-225],[7,-167],[182,-65],[383,329],[170,7],[-83,-215],[66,-247],[-115,-432],[17,-307],[359,-259],[172,-541],[448,-107],[321,-308],[195,-841],[-184,-70],[-10,483],[-99,2],[2,-162],[-88,37],[5,-351],[106,-38],[-222,-61],[286,-457],[643,-107],[-355,-691],[562,-897],[120,-106],[91,22],[182,-254],[-126,-215],[-278,-95],[-22,-82],[150,-183],[357,-131],[115,-322],[-124,-172],[-285,-130],[-49,-158],[167,-353],[587,-610],[11,-432],[164,-757],[264,-772],[-20,-382],[1071,-1242],[95,-655],[369,-636],[279,-792],[367,-493],[-405,-837],[-321,-236],[-21,-336],[-375,-613],[-388,-1077],[-21,-286],[-317,-253],[-67,-414],[-325,-465],[-223,-149],[-624,-66],[-1118,-592],[-645,-9],[-591,-257],[-641,-920],[-641,-169],[-342,-493],[-261,-87],[-426,-978],[-342,-154],[-371,4],[-253,-136],[-700,427],[-337,-87],[-262,49],[-325,-224],[-569,-749],[-261,-141],[-927,-65],[-644,235],[-1686,-242],[-102,-211],[81,-560],[573,-273],[53,-339],[246,-360],[0,-556],[208,-654],[-84,-532],[-328,-588],[-285,-834],[-232,-255],[-208,-543],[-570,-229],[-500,-394],[-475,-242],[-176,-235],[335,-1221],[-183,-1618],[253,-422],[165,-653],[-21,-408],[-327,-871],[528,-502],[179,-422],[1264,-1265],[493,114],[542,-42],[309,-110],[359,-443],[982,374],[473,-36],[546,-152],[121,-507],[581,-868],[210,-161],[207,-4],[163,-112],[100,-568],[600,-555],[72,-663],[548,-685],[74,-823],[139,-351],[-687,-885],[-156,-280],[-62,-434],[493,-904],[58,-290],[-70,-270],[216,-499],[30,-300],[143,-222],[-250,-146],[-280,-439],[-417,-312],[-360,-397],[-243,-524],[-491,-609],[196,-894],[-99,-521],[203,-229],[-22,-113],[-1223,-723],[-759,0],[-774,-533],[-35,-269],[126,-670],[-564,-1854],[-443,-195],[-458,-551],[-717,-462],[-533,-527],[-272,-395],[-479,-261],[-363,-6],[-637,-313],[-257,-464],[-493,161],[-348,11],[-683,559],[-1036,-68],[-139,182],[-428,-149],[-424,126],[-531,-16],[-51,215],[-753,75],[-156,244],[-299,93],[-57,96],[90,317],[-46,72],[-451,-43],[-527,254],[-587,-14],[-82,-298],[-413,-208],[-184,-412],[-103,-64],[-276,91],[-251,377],[-376,8],[-282,342],[-194,-219],[-133,-21],[-247,201],[-409,-129],[-607,263],[-928,-157],[-255,-209],[-527,85],[-245,-102],[-185,122],[-121,-433],[-179,-213],[-236,52],[-588,-278],[-291,-2],[-45,-356],[-232,-319],[-263,-185],[-196,-410],[-1302,-507],[-451,-431],[-464,-261],[-128,-176],[-87,-369],[-255,-317],[-80,-454],[-453,-489],[-368,-944],[-65,-88],[-714,-274],[-296,-323],[-199,-566],[42,-110],[233,-150],[245,-49],[497,112],[268,-55],[201,-158],[208,-480],[-83,-333],[152,-673],[-58,-710],[519,-113],[1051,197],[380,186],[316,552],[554,511],[462,-32],[809,229],[385,-156],[159,-185],[208,-613],[793,-1436],[439,-25],[410,312],[422,50],[557,-406],[430,-31],[413,-132],[894,-757],[523,-243],[234,-851],[253,-262],[67,-365],[281,-406],[236,-638],[284,-329],[-31,-367],[169,-185],[-447,-975],[-495,-401],[-53,-130],[73,-768],[-467,-571],[-722,-525],[-113,-517],[-180,-367],[48,-1100],[360,-826],[-160,-475],[22,-409],[-135,-627],[-180,-262],[11,-497],[2475,270],[1046,-149],[289,-334],[315,-91],[295,-229],[568,-133],[251,-550],[275,-71],[318,-282],[408,30],[376,-171],[349,-53],[278,-395],[582,-439],[318,-113],[574,-25],[1217,-403],[472,-285],[442,-58],[613,-406],[126,42],[411,972],[171,113],[172,-96],[959,-1561],[180,-812],[278,-271],[225,-1121],[-228,-669],[264,-724],[430,-247],[203,72],[449,-87],[840,-520],[319,-361],[921,-536],[293,-857],[472,-474],[499,-736],[36,-1017],[279,-724],[236,-284],[1282,-754],[112,-434],[259,-376],[368,-1049],[568,-1166],[192,-674],[393,-732],[307,-890],[-23,-693],[-177,-456],[323,-1295],[214,-453],[-129,-782],[56,-202],[537,-276],[1265,-130],[414,-146],[435,-279],[2075,229],[622,-5],[149,-395],[273,-252],[50,-541],[-332,-370],[147,-630],[-59,-713],[407,-199],[250,-312],[414,-1094],[579,-334],[76,-116],[146,-2284],[205,-335],[484,-350],[475,-799],[39,-240],[611,-36],[315,-398],[787,56],[1451,-274],[452,69],[585,-340],[281,-315],[608,-212],[745,-11],[1130,-398],[1459,-50],[270,-284],[669,-351],[270,-470],[231,-94],[871,20],[360,199],[498,491],[585,288],[174,221]],[[1487114,2201640],[-1291,-524],[-782,4],[-372,-289],[-362,-143],[-143,-474],[-866,-1227],[-450,-1087],[-336,-193],[-940,-898],[20,-434],[-100,-169],[-347,-89],[-1183,247],[-585,23],[-348,-349],[-244,-577],[-356,-437],[-90,-561],[-444,-299],[-590,-243],[-39,-318],[-180,-292],[-27,-294],[-1157,-1389],[-134,-351],[19,-617],[305,-262],[378,-156],[200,-323],[129,-595],[-3,-1023],[-179,-304],[-1117,-532],[-528,-1082],[-227,-871],[-602,-779],[-76,-202],[-464,-434],[-98,-442],[42,-594],[306,-469],[110,-412],[-200,-472],[-396,-500],[-110,-387],[-368,-190],[-73,-343],[-203,-345],[68,-450],[-73,-238],[67,-193],[0,-807],[-244,-749],[-332,-229],[-149,-309],[-233,-152],[-819,-868],[-326,-571],[-177,-879],[-216,-116],[-369,-406],[-838,-1270],[-286,-36],[-175,-285],[-1029,11],[-157,-36],[-96,-135],[-559,105],[-717,-111],[-824,-408],[-203,-296],[-534,-94],[-340,-221],[-546,-196],[-593,-1185],[9,-177],[306,-381],[-62,-412],[144,-502],[-17,-638],[213,-663],[-171,-209],[-50,-287],[-380,-718],[114,-714]],[[1601985,2386374],[985,-1475],[519,-445],[500,-141],[249,164],[1766,-1222],[270,90],[301,329],[187,36],[161,-128],[1592,-1696],[888,-1100],[686,-1167],[498,-523],[15,-164],[292,-389],[28,-472],[191,-162],[56,-189],[411,-39],[218,-176],[215,-31],[383,-477],[32,271],[502,3],[1,-151],[312,34],[-37,-227],[107,-74],[62,71],[298,-37],[6,-155],[-118,-13],[63,-154],[84,135],[222,-243],[204,-99],[249,168],[293,-5],[87,-120],[226,-34],[-18,-144],[97,-34],[236,27],[536,369],[114,-86],[373,86],[229,-189],[386,-25],[170,160],[116,355],[456,224],[222,-127],[280,52],[144,201],[377,-360],[-212,-141],[-207,-1],[310,-308],[211,103],[156,-47],[117,203],[308,-341],[219,197],[521,-164],[565,164],[197,-133],[117,-295],[466,-83],[42,-420],[105,-82],[346,-28],[162,-225],[-19,-229],[439,-489],[289,-96],[116,-515],[151,-229],[36,-256],[-82,-370],[229,-321],[-162,-252],[168,-39],[-4,-211],[133,-43],[11,-111],[245,11],[216,-99],[328,186],[274,-113],[680,-54],[217,60],[768,-720],[1698,-279],[411,56],[154,-148],[-596,-280],[-454,-20],[-332,-126],[154,-553],[4,-303],[-60,-508],[-159,-295],[79,-387],[292,281],[380,79],[999,551],[792,646],[84,161],[423,234],[247,-4],[155,-138],[222,116],[220,-150],[176,205],[155,-255],[165,-92],[332,185],[163,-27],[439,-400],[1909,-867],[370,-298],[241,32],[601,333],[495,-98],[893,-732],[31,-735],[119,-244],[665,-246],[226,-320],[1042,-873],[544,-561],[725,-418],[341,117],[287,-64],[127,56],[762,1020],[533,437],[1287,358],[1165,-106],[866,64],[322,237],[272,38],[935,-519],[249,41],[272,248],[131,27],[287,-60],[422,79],[279,-79],[146,-279],[19,-267],[460,-497],[157,-569],[-291,-723],[19,-113],[410,-425],[307,-888],[272,-328],[233,-1664],[169,-196],[333,-109],[652,34],[406,-154],[690,-106],[904,460],[491,542],[461,356],[1275,449],[270,348],[270,193],[247,713],[163,243],[809,851],[208,26],[261,-121],[460,-579],[366,-293],[550,-58],[676,320],[122,180],[26,412],[-213,723],[-15,581],[413,1161],[-17,741],[345,441],[289,542],[74,508],[242,702],[145,285],[276,268],[108,497],[677,855],[197,547],[-57,209],[89,467],[211,353],[130,607],[263,219],[113,460],[197,142],[521,770],[473,133]],[[1664706,2375770],[40,-133],[543,-8],[342,-197],[62,-376],[247,-230],[749,-335],[972,-70],[353,-385],[137,-532],[-45,-495],[102,-1129],[158,-457],[270,-165],[68,-144],[-104,-247],[-237,-230],[-4,-119],[226,-242],[341,-23],[93,-739],[-124,-405],[-250,-263],[186,-422],[-41,-243],[130,-216],[-181,-542],[86,-199],[-598,-172],[-91,-156],[132,-608],[-207,-801],[423,-593],[-81,-672],[651,-420],[1,-606],[657,-1997],[339,-257],[260,-7],[283,-161],[699,20],[196,-255],[371,-170],[275,-423],[712,-445],[450,96],[1378,678],[388,-78],[402,-201],[454,38],[112,-227],[413,-103],[372,63],[472,245],[966,42],[162,-74],[286,-424],[407,-307],[386,128],[581,-74],[420,278],[432,-46],[279,178],[369,-11],[316,129],[346,-250],[372,-13],[608,-306],[299,78],[323,-77],[265,55],[750,-129],[221,-107],[654,317],[327,-23],[509,183],[496,-67],[257,-138],[471,48],[478,-692],[331,-141],[406,-360],[555,-64],[361,-358],[797,-52],[424,227],[332,-120],[278,238],[181,-24],[312,112],[322,-67],[252,84],[371,-120],[298,256],[438,-126],[309,-299],[424,-13],[251,-255],[847,266],[201,177],[236,9],[4,170],[104,107],[361,98],[194,189],[144,-174],[268,-29],[223,260],[478,-22],[-7,214],[476,110],[81,252],[210,49],[225,215],[-49,264],[148,301],[296,106],[7,203],[248,132],[253,432],[411,-20],[163,165],[-20,176],[808,202],[210,-125],[148,137],[225,-102],[83,96],[707,60],[77,129],[354,-199],[541,-6],[70,129],[248,5],[251,-187],[330,-17],[267,256],[266,10],[217,-144],[766,-13],[429,-143],[780,-610],[207,53],[155,-81],[235,227],[336,107],[597,-131],[165,66],[109,-156],[686,-222],[113,93],[-64,230],[486,139],[600,-190],[151,-139],[176,-31],[227,-235],[531,72],[594,-264],[178,-7],[106,165],[453,234],[-49,142],[302,277],[486,73],[104,149],[165,-50],[214,177],[1008,-719],[206,80],[78,-266],[195,-53],[313,79],[138,183],[177,46],[381,-165],[63,47],[-16,172],[259,161],[147,349],[222,168],[57,193],[705,68],[86,639],[484,51],[-22,186],[225,84],[142,185],[-81,211],[24,186],[233,235],[241,77],[66,205],[264,134],[112,290],[326,158],[229,-99],[165,27],[-171,223],[23,74],[149,22],[170,-122],[10,167],[254,-2],[147,188],[106,21],[-23,162],[374,30],[50,113],[198,98],[421,-9],[438,370],[390,67],[522,339],[567,61],[286,169],[172,-82],[401,64],[301,119],[315,279],[447,22],[106,152],[419,203],[386,-60],[212,45],[246,-189],[355,64],[123,-178],[453,-136],[329,236],[536,166],[244,246],[641,-22],[229,-123],[246,50],[498,-147],[312,3],[700,-374],[101,-372],[385,132],[377,-227],[250,-394],[75,-645],[127,-251],[1199,-1622],[1764,-1069],[-65,-525],[98,-745],[-125,-353],[99,-696],[-86,-593],[253,-500],[4,-397],[184,-348],[108,-637],[651,-724],[484,-190],[390,-295]],[[1707489,2305264],[-443,284],[-242,328],[-584,-35],[-801,142],[-134,283],[7,290],[-182,245],[-682,-318],[-556,149],[-414,-21],[-478,356],[-165,272],[-331,70],[-534,448],[-70,270],[84,176],[-123,304],[-313,89],[-408,467],[36,431],[-81,200],[-538,529],[-917,1485],[-675,621],[-274,442],[-306,663],[-260,1799],[-232,666],[-956,1002],[-650,407],[-545,135],[-552,-166],[-328,293],[-260,62],[-935,-666],[-186,-304],[-337,-187],[-499,-193],[-672,100],[-731,-76],[-1075,-915],[-777,-355],[-154,-35],[-229,107],[-706,784],[-633,-725],[-1083,-401],[-787,-183],[-598,-13],[-267,100],[-299,459],[-702,511],[-1354,766],[-267,491],[-130,649],[-344,449],[-489,452],[-313,-69],[-376,-221],[-802,-48],[-240,66],[-576,525],[-1199,-85],[-644,136],[-824,-480],[-733,342],[-760,197],[-934,573],[-647,207],[-485,352],[-598,156],[-288,314],[-133,535],[-489,231],[-274,42],[-999,511]],[[1670014,2321731],[22,967],[-101,1184],[78,354],[-4,791],[-175,747],[64,335],[-59,639],[215,567],[321,221],[82,194],[-101,1067],[-104,239],[-671,466],[-299,115],[-755,-370],[-319,-7],[-178,104],[-134,195],[-148,1203],[-532,921],[-163,817],[-324,255],[-295,506],[-735,802],[-475,294],[-371,377],[-749,131],[-179,491],[-279,182],[-233,462],[-660,7],[-577,-335],[-314,-129],[-224,2],[-622,134],[-391,535],[-468,332],[-260,87],[-845,-167],[-265,38],[-453,288],[-1732,42],[-480,253],[-581,146],[-876,1345],[-205,661],[-1149,156],[-439,315],[-271,-43],[-72,-99],[-295,-105],[-401,-380],[-410,-712],[-851,-247],[-353,-301],[-724,-187],[-716,-570],[-589,-343],[-1972,-2073],[-312,-403],[-124,-340],[-361,-417],[-797,17],[-822,-241],[-425,-267],[-479,-508],[-961,-439],[-161,-269]],[[1641776,2331763],[-779,60],[-136,87],[-951,1292],[-902,813],[-303,709],[-594,592],[-511,821],[-271,277],[-319,121],[-590,815],[-775,791],[-1546,734],[-400,471],[-336,205],[-309,411],[-845,542],[-745,275],[-1123,261],[-481,258],[-443,522],[-1010,376],[-1303,-68],[-1262,-287],[-456,57],[-199,-446],[-129,-110],[-620,-203],[-377,-264],[-450,42],[-362,-276],[-280,40],[-357,-129],[-435,-15],[-238,40],[-267,167],[-446,26],[-236,297],[-290,180],[-935,129],[-294,277],[-361,182],[21,486],[132,173],[-101,238],[22,286],[-333,363],[-127,402],[-18,410],[-270,467],[-308,245],[-108,274],[-253,104],[-477,-199],[-335,-598],[-262,-272],[-321,-42],[-160,-79],[-72,-137],[-365,76],[-563,-457],[-313,-627],[-367,-292],[-914,-1286],[-153,-36],[-200,209],[-207,22],[-592,-305],[-695,-1155],[-51,-408],[87,-526],[-187,-1226],[-479,-863],[-138,-513],[-543,-463],[-363,-499],[116,-366],[-273,-459],[-272,-737],[18,-851],[-241,-161],[-172,-337],[-283,-120],[-545,-460],[-181,-67],[-70,-293],[-269,10],[-185,-171],[-170,55],[-106,-62],[-44,-283],[-269,-376],[-223,44],[-272,246],[-557,-6],[-243,-210],[-22,-477],[-406,-36],[-197,-167],[-341,-8],[-4,59],[-120,-99],[-314,-62],[-68,199],[291,441],[-151,210],[-1107,565],[-309,-31],[-141,-201],[-209,194],[-325,39],[-288,-91],[-84,-95],[93,-185],[-468,-276],[197,-357],[-193,-596],[-408,-67],[-242,-149],[-206,-281],[-260,-88],[-220,84],[-601,458],[-242,69],[-979,-183],[-603,-7],[-511,-247],[-297,76],[-376,287],[-541,60],[-478,-252],[-415,-34],[-132,-235],[-395,-102],[-419,-254],[-281,47],[-509,392],[-742,-282],[-350,216],[-298,-300],[-180,-7],[-279,250],[-438,-38],[-158,55],[-392,494],[-462,-55],[-495,226],[-178,-128],[-706,-43],[-615,-164],[-222,12],[-72,181],[-436,-5],[-504,-329],[-151,-9],[-227,36],[-160,250],[-601,2034],[-471,1003],[-490,466],[-590,257]],[[1584358,2333723],[140,328],[-131,386],[-1119,488],[-988,1100],[-327,154],[-543,99],[-186,170],[81,367],[854,759],[347,977],[226,341],[297,100],[174,-39],[841,-601],[206,19],[141,206],[23,398],[-383,701],[-583,727],[-916,662],[-150,360],[42,334],[89,116],[1014,505],[78,96],[-13,151],[-193,113],[-762,77],[-177,276],[167,351],[730,617],[582,755],[154,476],[29,765],[154,254],[291,-22],[871,-319],[186,126],[556,1009],[275,743],[62,569],[-81,549],[-254,812],[18,397],[105,193],[644,453],[324,58],[841,-100],[363,174],[-13,392],[-153,172],[-408,145],[-1207,5],[-295,296],[6,334],[498,400],[1865,95],[555,317],[130,245],[17,507],[-425,863],[244,217],[380,-34],[691,-373],[261,-11],[430,117],[102,134],[-56,295],[-652,423],[-181,267],[379,412],[913,713],[238,434],[51,829],[-357,952],[0,290],[532,612],[238,134],[436,161],[924,112],[561,378],[79,362],[-141,373],[-216,223],[-776,317],[-130,195],[-29,306],[267,345],[266,100],[878,-27],[414,122],[74,251],[-74,122],[-312,117],[-991,-123],[-901,-751],[-306,-123],[-561,307],[-164,304],[90,280],[1400,607],[634,662],[295,134],[550,-78],[1042,6],[1457,-340],[300,223],[28,356],[-238,585],[-391,617],[-464,507],[-221,206],[-357,162],[-1213,194],[-227,128],[-181,223],[-40,329],[227,256],[1179,66],[1161,346],[675,-23],[306,73],[221,217],[28,289],[-204,440],[-748,885],[-844,735],[39,212],[289,245],[788,-6],[374,-139],[958,-540],[748,-707],[221,-89],[232,105],[-51,379],[-873,1280],[-1139,763],[-187,234],[-158,479],[447,1514],[590,913],[623,440],[1031,311],[272,340],[-73,267],[-320,294],[-768,352],[-700,148],[-259,153],[143,594],[570,840],[138,530],[-194,458],[-376,462],[-22,310],[406,80],[639,-352],[281,-72],[129,369],[-285,849],[-738,763],[-147,310],[130,246],[129,63],[635,-25],[285,-136],[380,-339],[423,-692],[151,-127],[354,-89],[285,191],[466,929],[730,712],[121,628],[-216,543],[-397,327],[-1347,309],[-580,-103],[-1234,-652],[-518,9],[-142,216],[30,132],[251,207],[733,179],[380,335],[264,615],[95,895],[194,178],[212,-170],[-65,-895],[211,-377],[203,-140],[454,-132],[737,157]],[[1683404,2462772],[493,-320],[58,-178],[-550,-286],[-226,-443],[33,-272],[498,-306],[231,-37],[112,-252],[202,37],[-18,-478],[79,-109],[487,0],[244,-86],[232,65],[109,-88],[-124,-213],[158,-76],[501,198],[418,-75],[365,90],[97,-232],[-89,-182],[161,-91],[93,54],[138,412],[305,-8],[59,-80],[-174,-277],[-1,-159],[473,-55],[700,-324],[729,-714],[120,-450],[-23,-271],[393,262],[221,-197],[123,-251],[175,-22],[165,264],[124,54],[-16,-293],[105,-30],[158,167],[99,5],[-116,-301],[324,-37],[37,-245],[373,453],[86,-484],[248,-50],[427,-572],[82,-8],[128,182],[816,-108],[177,-95],[-20,-261],[93,-184],[-207,-268],[230,-590],[741,87],[84,-62],[-91,-324],[155,-70],[481,215],[194,6],[102,-357],[489,25],[201,-83],[114,-260],[380,-68],[91,-243],[367,352],[422,-342],[388,-162],[-5,-76],[-220,-21],[292,-131],[37,-153],[300,-118],[94,-176],[-57,-247],[153,4],[153,-228],[506,-107],[422,184],[234,-245],[172,213],[100,-4],[329,-159],[274,-288],[244,344],[626,-211],[260,99],[429,-560],[-94,-126],[36,-215],[-69,-90],[123,-187],[350,4],[367,-294],[-49,-190],[467,-331],[-242,-247],[402,-55],[35,-244],[194,-46],[-180,-518],[-163,1],[-14,-208],[-299,-285],[-33,-432],[-100,-135],[73,-165],[-96,-107],[165,-121],[107,-287],[258,-138],[234,-314],[74,-368],[334,-193],[-62,-247],[167,-361],[529,-307],[57,-373],[-68,-1158],[560,-200],[232,-283],[549,-104],[422,-931],[514,-246],[-307,-909],[73,-541],[732,-910],[330,-135],[259,-211]],[[1707847,2439584],[-284,-365],[-200,-652],[32,-368],[193,-435],[-56,-304],[-137,-55],[-195,162],[-98,-41],[-173,-596],[-416,-407],[-250,8],[-93,221],[-114,66],[-232,-97],[-167,-198],[-116,-541],[-279,-449],[-211,-882],[-476,-309],[-269,14],[66,-371],[-130,-171],[-195,-21],[-465,183],[-164,-24],[-146,-297],[-21,-254],[-590,-450],[-39,-92],[120,-364],[-185,-85],[-487,36],[341,-297],[-323,-319],[-16,-100],[318,-138],[7,-104],[-601,-970],[-267,-180],[-327,-8],[88,-169],[139,-76],[1,-182],[-553,-711],[-90,-393],[-276,-277],[-515,-842],[-391,-405],[-88,-200],[-207,-558],[32,-190],[335,-347],[39,-191],[-295,-412],[-235,-890],[-397,-653],[-440,-399],[48,-927],[-136,-503],[-112,-111],[-575,40],[-615,-373],[-702,-114],[-9,-264],[363,-513],[-92,-453],[-583,-514],[-230,-388],[-162,-95],[-314,-29],[-356,-404],[-327,-50],[-247,-147],[-226,-622],[-170,-10],[-557,251],[-308,41],[-521,-325],[-329,-27],[-164,128],[25,272],[-763,149],[-30,313],[-103,31],[-698,-725],[-483,329],[-437,-584],[-272,-29],[-145,-178],[-247,-120],[-904,64],[-561,-560],[-237,71],[-65,532],[-141,108],[-220,-31],[-674,-338],[-966,-1226],[-350,-207],[-622,275],[-650,-346],[-894,189],[-257,-15],[-671,-238],[-582,-19],[-554,-217],[-393,14],[-164,-275],[-190,-102],[-215,67],[-496,604],[-63,-49],[34,-541],[-295,-402],[-114,-29],[-257,160],[-118,-9],[-85,-377],[-133,-118],[-744,-224],[-234,-375],[-470,3],[-391,-487],[-723,-185],[-782,-516],[-190,56],[-299,541],[-405,145],[-110,394],[-282,162]],[[1624934,2450470],[-78,108],[-74,596],[135,1058],[-129,522],[-576,1406],[5,434],[90,282],[326,384],[268,121],[1529,263],[1218,-75],[340,362],[66,651],[-158,404],[-980,846],[-190,439],[407,822],[46,265],[-112,788],[84,155],[316,86],[521,-321],[643,-90],[344,49],[359,152],[776,569],[517,121],[552,-155],[836,-518],[218,-3],[42,303],[-323,1375],[-650,1263],[38,270],[210,340]],[[1643743,2480492],[284,-85],[621,-626],[2204,-1469],[1018,-413],[1794,-905],[2129,-1724],[139,-570],[993,-1865],[263,-650],[2620,-2204],[1203,-873],[850,-874],[799,-58],[228,-110],[837,-613],[270,-431],[-23,-263],[67,-81],[1072,-588],[147,-15],[0,-178],[272,-410],[167,-494],[-131,-703],[160,80],[61,131],[203,-2],[76,-338],[152,-33],[31,-178],[363,-73],[-44,-310],[57,-280],[149,-164],[13,-238],[207,-19],[192,-252],[92,-626],[146,-332],[394,129],[209,-52],[118,-176],[378,-8],[225,-514],[574,-8],[88,105],[78,-435],[110,-56],[363,77],[65,-218],[295,-136],[201,-421],[415,13],[32,-361],[261,222],[217,-35],[213,72],[114,-95],[154,199],[238,20],[298,-99],[168,-325],[256,-131],[253,-4],[327,-230],[400,157],[390,-196],[340,281],[-74,203],[55,363],[471,320],[425,-71],[173,149],[193,14],[168,-113],[192,135],[198,20],[231,215],[331,-100],[411,168],[134,239],[197,-130],[300,5],[167,89],[170,342],[405,-26],[633,615],[1456,-101],[501,-341],[582,-89],[172,-236],[89,132],[101,597],[268,221],[380,57],[225,193],[311,-195],[630,19],[291,-91],[592,96],[126,-141],[428,-82],[105,49],[13,116],[157,19],[46,147],[902,-97],[559,414],[92,217]],[[1746099,2450722],[-244,-25],[-729,-456],[-522,-190],[-222,19],[-189,-142],[-581,-1282],[-1020,-1034],[-108,-829],[-448,-226],[-252,-417],[-176,46],[-167,171],[-461,-100],[-608,221],[-2154,115],[-180,276],[-585,180],[-332,199],[-708,918],[-497,317],[-380,391],[-265,843],[-91,807],[-611,1312],[122,1063],[197,565],[949,1222],[-68,809],[433,880],[8,833],[133,168],[465,221],[187,186],[-635,620],[-124,254],[-267,176],[-623,1144],[-1030,765],[-256,480],[-400,254],[-112,317],[-233,99],[-75,264],[-463,307],[-364,726],[-230,-102],[-165,215],[-307,160],[-649,1214],[-215,171],[-510,818],[-264,184],[-1017,17],[-282,393],[-543,173],[-72,315],[-300,193],[-97,553],[110,502],[-397,562],[-17,703],[-197,38],[-215,344],[169,479],[-300,298],[-184,378],[89,216],[-178,468],[150,526],[-230,475],[-250,164],[141,349],[-85,180],[-633,332],[-127,196],[-3,157],[112,111],[-4,597],[89,388],[124,201],[209,44],[71,320],[323,240],[378,46],[-137,217],[475,340],[79,200],[1143,723],[-267,768],[601,393],[304,637],[329,189],[207,301],[-42,340],[202,275],[65,230],[-68,302],[387,628],[-145,132],[17,188],[535,447],[470,165],[74,171],[-78,339],[195,-103],[249,64],[124,213],[115,39],[-1,402],[376,-145],[-23,216],[133,170],[-92,53],[68,280],[213,245],[12,293],[-94,129],[503,195],[-119,129],[303,102],[58,116],[-203,379],[105,83],[98,941],[221,152],[-75,342],[49,59],[120,-64],[303,83],[127,209],[-113,132],[151,424],[212,172],[98,375],[172,50],[-231,102],[-59,133],[0,304],[126,364],[-129,156],[38,180],[189,91],[-37,117],[126,157],[44,221],[302,415],[95,58],[146,-44],[87,79],[-192,377],[268,305],[35,303],[304,82],[-15,581],[463,365],[228,-85],[196,93],[61,218],[114,68],[289,-184],[184,702],[291,185],[-232,428],[38,145],[-104,421],[-468,-60],[0,81],[241,194],[-51,346],[-186,235],[169,308],[-249,236],[-396,1028],[261,621],[186,210],[38,209],[185,209],[-16,303],[-190,290],[141,186],[57,456],[-74,1063],[-88,236],[-511,-120],[-135,385],[-339,197],[548,304],[25,96],[-132,163],[-485,239],[-173,184],[-239,684],[-164,16],[-226,227],[-186,-67],[56,228],[196,177],[-325,-84],[-820,333],[-224,201],[238,133],[52,265],[-202,104],[-135,-155],[-154,12],[-42,264],[82,310],[319,296],[-433,241],[-301,62],[-18,210],[294,262],[368,-72],[495,76],[150,161],[-99,139],[-24,244],[-198,77],[168,413],[-20,189],[-129,107],[-296,24]],[[1751895,2503458],[160,-17]],[[1546975,2406901],[58,-413],[125,-164],[522,-266],[396,-410],[626,-1005],[480,-164],[647,-82],[320,40],[714,-179],[590,-355],[1897,-239],[1163,299],[905,26],[642,-585],[386,-244],[1035,-417],[634,23],[506,-449],[192,19],[410,263],[627,233],[464,-40],[131,-87],[74,-538],[278,-99],[1183,-98],[420,-625],[114,-8],[581,387],[179,291],[816,675],[971,519],[151,175],[658,280],[1263,-938],[269,-347],[516,-100],[564,88],[394,-232],[317,-32],[496,-223],[171,20],[646,395],[195,331],[122,591],[601,650],[1374,653],[869,-160],[108,-105],[64,-260],[-72,-551],[58,-277],[312,-273],[16,-306],[-157,-522],[-452,-457],[-197,-455],[189,-1109],[247,-835],[62,-1209],[-50,-222],[-213,-251],[-33,-483],[-274,-300],[-12,-268],[113,-363],[-179,-293],[-329,-189],[109,-333],[-371,-588],[25,-428],[-151,-754],[-363,-400],[-9,-420],[-99,-184],[-122,-120],[-380,8],[-320,-527],[287,-316],[92,-361]],[[1571566,2391209],[237,-376],[-209,-264],[53,-348],[-324,-316],[35,-474],[-93,-207],[75,-293],[-96,-411],[532,-228],[42,-115],[-110,-176],[-14,-368],[-247,-337],[9,-356],[-308,-895],[-73,-79],[-204,54],[-102,-149],[-101,-288],[59,-423],[344,-400],[442,-252],[604,-589],[324,-15],[454,170],[92,117],[292,-8],[389,176],[603,137],[535,-19],[748,-309],[139,-348],[-156,-472],[318,-533],[31,-510],[98,-133],[577,-290],[581,-428],[-182,-77],[-1173,-15],[-234,-68],[-759,-544],[-330,-391],[-1651,-985],[-480,-444],[-270,-545],[-925,-955],[-494,-936],[-735,-987],[-305,-889],[-395,-798],[-414,-175],[133,-600],[184,-345],[102,-940],[-126,-209],[-326,-73],[-169,-152],[-201,-47],[-189,-424],[73,-591],[-834,-481],[-922,-1222],[-452,-972],[-1792,-1421],[-1140,-1071],[-259,-60],[-441,-560],[-129,-459],[2,-521],[-371,-855],[11,-670],[189,-234],[155,-441],[-220,-822],[25,-188],[-2489,-4109],[7,-506],[-204,-237],[132,-186],[88,-538],[-211,-1030],[-344,-107],[48,-212],[-654,-269],[-411,-463],[274,-154],[123,-284],[-199,184],[-110,-146],[297,-153],[-66,-102],[144,-109],[64,39],[173,-1066],[-90,-377],[-13,-657],[-302,-347],[-23,-237],[-174,9],[-450,313],[-699,104],[-952,-271],[-502,-501],[-1044,228],[-446,-52],[-475,211],[-369,45]],[[1553221,2349307],[-701,257],[-549,313],[-598,160],[-1611,50],[-866,251],[-663,593],[-2382,1231],[-1073,487],[-836,148],[-387,-226],[-1258,-1162],[-712,-526],[-777,-378],[-1193,-1093],[-900,-31],[-622,-571],[-1825,-185],[-399,-150],[-274,-224],[-107,25],[-569,-311],[-570,-497],[-641,-836],[-777,-421],[-782,-225],[-1444,-673],[-1432,-816],[-625,-185]],[[1528648,2344312],[-460,62],[-1419,435],[-599,-62],[-1200,-464],[-751,-67],[-172,338],[-391,256],[-362,580],[-517,509],[-534,711],[-486,382],[-1090,580],[-845,719],[-552,317]],[[1519270,2348608],[-465,119],[-1361,-119],[-1159,39],[-1471,218],[-333,-39],[-1673,-713],[-474,-287],[-1142,-66],[-621,-336],[-1158,-1042],[-1402,-997],[-176,-442],[-471,-418],[-411,45],[-218,-328],[-787,-563],[-285,-45],[-503,62],[-211,-217],[-421,-76],[-341,-342],[-689,252],[-359,525],[-428,165],[-419,484],[-527,3],[-460,143],[-2092,1559],[-615,376],[-645,852],[-252,653],[-242,129],[-1180,208],[-1560,-36],[-201,-83],[-309,-284],[-287,-111],[-1789,1008],[-629,-373],[-148,-248],[-179,-104],[-475,94],[-443,-63],[-158,-245],[-601,-563],[-488,-162],[-215,-197],[-274,-511],[-1131,-832],[-387,-121],[-352,-259],[-583,-739],[-594,-397],[-228,-331],[-612,-383],[-197,-273],[-323,-238],[-264,-90],[-305,-290],[-440,200],[-228,235],[-520,141],[-1452,829],[-425,55],[-464,380],[-355,138],[-492,819],[-576,-21],[-668,-394],[-187,142],[-565,138],[-577,359],[-316,104],[-288,407],[-447,131],[-207,235],[-1257,534],[-672,50],[-732,172],[-906,76],[-450,-41],[-436,235],[-703,120],[-1033,-3],[-935,501],[-457,38],[-481,-76],[-341,328],[-2341,105],[-228,-128],[-643,228],[-1048,124],[-636,349],[-126,273],[154,262],[-295,515],[39,300],[-577,483],[-57,495],[-369,381],[-748,515],[-1504,353],[-412,362],[-393,39],[-1723,-463],[-1774,-28],[-656,-352]],[[1608468,2234977],[126,-55],[197,-281],[246,-80],[641,300],[79,-23],[18,-125],[169,-53],[83,291],[106,46],[47,-214],[463,-226],[-4,-352],[70,-56],[606,453],[-8384,-14285],[-319,-607],[83,-49],[-1661,-2835],[-258,-1062],[93,-36],[-151,-545],[594,-323],[-207,-789],[-781,-1876],[72,-1191],[-734,775],[-283,130],[-725,-69],[-308,-121],[-305,102],[-1136,-28],[-441,189],[-436,-93],[108,-600],[163,-77],[62,-199],[-171,-83],[46,-123],[-181,-287],[-6,-211],[557,-234],[15,-213],[276,-360],[1598,-684],[163,-152],[449,-117],[156,-336],[426,-154],[147,-293],[120,163],[230,18],[137,-184],[63,220],[108,-151],[238,28],[60,83],[73,-119],[222,152],[511,97],[89,-174],[-61,-78],[44,-199],[311,-264],[198,-380],[-170,-311],[210,-719],[8,-285],[243,-441],[948,280],[376,280],[644,-630],[26,-382],[364,18],[564,-403],[303,54]],[[1605695,2204439],[-617,-1492],[-49,27],[-60,-144],[-120,-6],[87,-106],[-106,-402],[-943,-2581],[-1362,343],[-740,-2502],[84,-464],[-163,-154],[649,-297],[-93,-1174],[-310,-616],[-326,-1102],[48,-215],[371,-655],[-432,-1270],[169,-1435],[-36,-500],[-1229,-3738],[-492,89],[-656,-297],[-172,52],[-338,335],[-597,100],[-311,-96],[-322,279],[-418,-186],[-587,-7],[-353,262],[-215,335],[-497,71],[-490,344],[-139,221],[-55,360],[-573,361],[176,157],[-26,88],[-369,158],[-313,363],[213,-2513],[-43,-337],[-2372,-3480],[1419,-1621],[507,-326],[-595,-822]],[[1553802,2229302],[270,-26],[144,160],[518,28],[348,326],[537,293],[674,-83],[53,185],[958,211],[104,-218],[615,307],[523,128],[69,-115],[-73,-202],[242,1],[190,371],[392,68],[1113,-252],[950,-744],[104,-789],[464,-6],[917,178],[1021,307],[343,-70],[573,95],[912,-123],[327,233],[320,408],[1261,1225],[735,-198],[682,74],[202,-45],[453,164],[332,242],[185,22],[798,-50],[768,-257],[174,-753],[145,-74],[1733,81],[425,-236],[1136,34],[858,-305],[650,47],[805,252],[523,-168],[1106,-691],[169,-1],[117,130],[542,6],[484,192],[682,-360],[288,92],[208,-24],[529,-190],[474,-19],[583,-321],[224,11],[109,303],[10,788],[181,288],[488,-360],[184,117],[751,193],[195,153],[363,-44],[1033,343],[790,154],[2189,-218],[1237,2238],[219,-170],[-143,-179],[275,-147],[130,273],[-189,156],[144,114],[1115,-562],[211,-199],[-36,-117],[1890,-375],[360,-257],[468,-107],[67,-212],[168,50],[195,-276],[396,181],[162,-108],[188,54],[210,-126],[86,42],[-28,177],[276,213],[336,-199],[365,54],[466,421],[-3,112],[-230,243],[390,153],[118,-7],[177,-301],[136,-6],[-7,289],[123,49],[477,-126],[110,-206],[207,76],[126,350],[490,-39],[278,646],[590,407],[-89,108],[90,271],[-171,35],[-18,112],[445,274],[558,157],[259,-28],[20,221],[201,6],[-57,328],[295,427],[193,51],[120,-125],[149,28],[116,-114],[84,22],[97,202],[-253,78],[14,142],[211,-6],[621,-410],[208,116],[628,-238],[106,-358],[234,141],[248,-124],[306,195],[67,156],[-163,314],[46,191],[340,32],[-11,-324],[94,304],[133,45],[137,-227],[256,-131],[300,8],[356,-250],[157,17],[141,143],[340,-35],[136,74]],[[1736872,2599609],[-146,-359],[185,-849],[-202,-535],[152,-510],[78,-886],[-205,-1104]],[[1734070,2566234],[-316,33],[-97,100],[-171,-20],[-203,184],[-242,-76],[-289,90],[-141,203],[-455,124],[-57,112],[-350,-93],[-175,174],[-88,743],[270,549],[264,52],[181,230],[150,829],[173,377],[-232,192],[-197,-48],[-140,164],[-212,13],[-119,249],[-193,164],[8,322],[-230,354],[-51,326],[-218,-61],[-149,156],[-234,44],[-42,152],[-427,188],[-464,152],[-166,-32],[-48,110],[-412,123],[-185,-31],[-194,186],[-108,251],[-525,324],[-316,-56],[-536,231],[-319,-26],[-364,107],[-302,-43],[-1199,151],[-250,-41],[-972,172],[-408,-105],[-299,29],[-133,88],[-809,-15],[-229,120],[-1345,307],[-308,271],[46,201],[-53,149],[-307,184],[-55,194],[-244,210],[-156,425],[-234,25],[-192,-125],[-296,404],[-188,-181],[-229,217],[-246,-175],[44,214],[-258,284],[-365,92],[-82,-62],[-284,15],[-452,358],[-143,267],[-235,84],[-145,-72],[-164,131],[-228,-43],[-179,179],[-148,1],[-98,171],[-260,42],[-183,-147],[-342,-51],[-340,459],[7,173],[-580,457],[-221,15],[-123,-104],[-559,-79],[-424,49],[-327,326],[-635,140],[-850,-235],[-292,-186],[-366,278],[-1510,507],[-2617,613],[-1301,570],[-359,265],[-695,587],[-804,946],[-13081,-444]],[[1689444,2581661],[361,969],[73,417],[-220,1796],[237,2152],[-425,1201],[212,1222]],[[1519270,2348608],[410,-1428],[807,-877],[63,-471],[310,-365],[393,-685],[610,-511],[394,-1485],[-1499,-1666],[-652,-596],[-153,-464],[-697,-580],[-23,-90],[179,-176],[5,-387],[-421,-854],[-248,-218],[31,-628],[-333,-19],[-153,-427],[-262,-31],[-308,-335],[-179,57],[-10,-283],[-352,-387],[-306,-77],[-256,184],[-151,13],[-285,-294],[-163,-48],[-85,-142],[-40,-423],[-118,-122],[-362,-92],[-272,-454],[-350,-12],[-373,-124],[-415,43],[-281,-56],[-510,221],[-526,-18],[-498,-273],[-115,-370],[-130,-151],[13,-139],[-459,-598],[-666,-61],[-430,-324],[-315,26],[-405,-257],[-218,-50],[-153,-216],[-215,-99],[-5,-111],[-448,-322],[-126,-226],[-197,-27],[-185,-148],[-33,-201],[-260,-470],[12,-195],[-214,-793],[-313,-285],[-419,-707],[-868,-520],[-187,-352],[-351,-47],[-373,-444],[-433,-73],[-318,-553],[-523,-264],[41,-265],[-276,-515],[-32,-412],[-123,-195],[49,-701],[-239,-494],[37,-302],[-201,-554],[-8,-319],[216,-301],[-171,-516],[153,-269],[-49,-87],[-170,-12],[65,-119],[-118,-162],[112,-81],[39,-178],[-232,-569],[158,-153],[372,-50],[232,-149],[279,-435],[456,-386],[291,-506],[-218,-1602],[121,-412],[101,-1027],[-45,-484],[205,-447],[-224,-870],[-464,-987],[-203,-740],[-160,-1489],[-332,-599],[-178,-953],[601,-753],[320,-577],[373,-321],[-127,-632],[-28,-1101],[155,-915],[390,-1005],[-56,-166],[-415,-445],[-468,-1051],[30,-518],[174,-465],[747,-1255],[44,-590],[-210,-594],[-854,-597],[-603,-238],[-634,-880],[-252,-781],[-388,-425],[-11,-469],[-191,-478],[-56,-647],[-177,-453],[25,-127],[185,-102],[577,-1326],[649,-525],[461,-110],[166,-304],[141,-630],[-9,-202],[-433,-994],[-14,-536],[152,-249],[-171,-129],[-422,-92],[-124,-353],[-22,-395],[123,-243],[-163,-359],[96,-252],[-70,-616],[-419,-301],[-20,-102],[166,-815],[-163,-660],[197,-837],[-54,-740],[82,-658],[838,50],[559,331],[726,216],[471,-133],[30,-108],[-62,-37],[196,-142],[-53,-166],[117,184],[150,-77],[72,71],[-199,114],[221,-32],[169,-320],[188,-173],[24,131],[-175,134],[-117,369],[-303,10],[384,219],[437,-215],[709,-8],[358,-363],[155,-355],[211,-159],[309,-81],[831,236],[390,-43],[969,754],[416,130],[506,-2],[434,149],[123,-380],[27,-644],[195,-461],[-67,-349],[212,-730],[110,-86],[307,-38],[106,-144],[-326,-638],[292,-565],[-130,-411],[5,-262],[93,-183],[368,-240],[93,-192],[-107,-1766],[-355,-870],[82,-325],[-24,-281],[105,-200],[-42,-351],[251,-590],[14,-1525],[-57,-217],[-404,-543],[808,-1944],[-3,-252],[-250,-120],[-10,-97],[207,-238],[74,-663],[1286,-926],[471,-134],[644,110],[231,-100],[907,-1057],[387,-690],[415,-539],[210,-576],[616,-684],[-11,-1153],[-169,-895],[-133,-255],[-257,-152],[-35,-587],[165,-1405],[548,-867]],[[1636918,2586240],[-699,176],[-510,28],[-558,-268],[-359,29],[-393,-426],[-890,-399],[-669,-418],[-578,-102],[-362,159],[-369,-50],[-231,97],[-892,-145],[-1143,-477],[-581,-440],[-232,237],[-290,-76],[-209,112],[-250,-43],[-283,250],[-307,-152],[-512,118],[-144,-197],[-430,15],[-485,399],[-916,375],[-170,193],[-187,-15],[-40,176],[-297,36],[-267,397],[-258,52],[-58,119],[-276,167],[-278,45],[-476,352],[-893,73],[-710,186],[-191,199],[-492,-40],[-482,299],[-824,173],[-624,258],[-335,225],[-1240,425],[-1348,756],[-565,10],[-177,113],[-392,34],[-675,364],[-281,-105],[-333,57],[-614,-50],[-384,99],[-354,-102],[-320,33],[-888,-107],[-598,250],[-295,324],[-318,616],[-193,139],[-918,172],[-1062,-42],[-334,200]],[[1706228,2302577],[-371,-230],[-163,47],[-198,385],[-33,282],[-459,748],[-853,698],[-614,302],[-525,121],[-189,151],[-510,165],[-743,660],[-527,115],[-316,230],[-254,-3],[-475,243],[-419,32],[-522,-160],[-474,-3],[-702,-188],[-1436,-578],[-492,78],[-306,311],[-499,166],[-1446,-130],[-1146,122],[-364,-128],[-462,-343],[-508,-523],[-1761,-2031],[-1294,-1005],[-896,-474],[-337,-276],[-271,-468],[0,-428],[-186,-159],[-47,-150],[-561,-551],[-863,-521],[-436,-691],[-854,-844],[-256,-804],[-92,-691],[-156,-200],[-32,-214],[-207,-201],[-1051,-468],[-380,-55],[-362,80],[-446,-142],[-360,-378],[-369,-171],[-83,-432],[-362,-561],[-510,-98],[-546,-357],[-209,-398],[-11,-305],[-184,-247],[28,-357],[-453,-506],[214,-527],[-406,-323],[-232,-537],[130,-157],[-25,-155],[-831,-197],[-307,-8],[-192,110],[-594,-259],[-135,-193],[-237,-59],[-6,-266],[-281,-228],[-60,-247],[-397,-266],[-89,-221],[-482,-469],[90,-929],[-387,-357],[-406,-171],[-237,109],[-395,-228],[-144,-335],[-130,-76],[3,-240],[-218,-40],[-160,-325],[65,-566],[-172,-143],[-40,-169],[182,-432],[-377,-212],[19,-256],[-132,-138],[46,-188],[-99,-269],[51,-213],[246,-233],[157,-323],[-148,-231],[123,-369],[-392,-308],[-140,-5],[-373,485],[-843,-22],[-79,-712],[-410,-645],[-439,-213],[-97,-162],[-176,-98],[-137,-295],[-680,-301],[-353,-3],[-383,234],[-334,-44],[-279,110],[-517,-357],[-604,-114],[-322,90],[-403,-239],[-432,-43],[-429,-551],[-116,21],[-138,190],[-552,-278],[-589,138],[-462,-195],[-167,-340],[-53,-370],[-95,-77],[-557,84],[-314,168],[-408,-382],[-529,278],[-785,-145],[-1000,62],[-148,-39],[-167,-220],[-587,-17],[-228,80],[-278,402],[-418,15],[-489,372],[-395,13],[-694,-178],[-563,10],[-697,-105],[-691,-449],[-1098,-17],[-492,-240],[-419,152],[-433,-428],[-505,-13],[-854,-314],[-344,111],[-807,-254],[-494,50],[-757,-135],[-1185,-26],[-1529,-528],[-878,394],[-216,195],[-417,38],[-242,145],[-165,266],[-211,664],[-382,392],[-669,123],[-450,-80],[-777,347],[-487,21],[-337,396],[-474,-87],[-227,40],[-329,105],[-629,366],[-140,-12],[-141,-238],[-805,-219],[-582,276],[-507,-43],[-241,117],[-533,0],[-1166,204],[-1354,-307],[-383,264],[-819,-49],[-1866,297],[-576,-262],[-454,38],[-353,-221],[-353,-57],[-1169,338],[-555,-90],[-455,151],[-383,-151],[-376,11],[-991,267],[-1758,-433],[-622,10],[-110,-151],[102,-496],[-48,-212],[-151,-7],[-318,319],[-420,-349],[-478,-759],[-265,69],[-187,-273],[-381,-33],[-276,-362],[-339,188],[-230,-544],[-255,246],[-296,-271],[-284,-90],[-641,166],[-214,-94],[-126,-163],[23,-140],[-162,-94],[-373,99],[-1255,-294],[-157,-120],[-5,-248],[-313,27],[-309,-197],[-88,-411],[-138,-135],[-385,418],[-224,49],[32,-440],[-165,-393],[-195,-126],[-520,-69],[-167,185],[-216,494],[-325,141],[-87,-60],[62,-582],[-135,-166],[-387,218],[-306,-112],[-175,184],[-167,54],[-348,-185],[-197,9],[-114,95],[-102,293],[-155,73],[-160,-121],[9,-423],[-550,-202],[-357,281],[-274,-102],[-72,63],[16,545],[-165,-22],[-243,121],[-506,-214],[-369,526],[-130,17],[-613,-302],[-898,-19],[-120,138],[95,399],[-58,345],[-483,80],[-452,216],[-302,17],[-568,-261],[-114,-134],[-401,-137],[-58,143],[120,543],[-355,186],[-271,-64],[-383,-428],[-302,-121],[-139,192],[-91,447],[-107,34],[-275,-283],[-181,-381],[-374,331],[-102,-62],[-82,-302],[-137,-43],[-118,60],[-244,670],[-218,74],[-208,-257],[-1,-597],[-72,-156],[-90,-17],[-81,264],[-327,299],[-28,183],[-121,14],[-172,-173],[-122,47],[-346,428],[-230,90],[-234,241],[-121,-32],[-53,-265],[-135,-153],[-195,-40],[-283,107],[-118,238],[18,299],[316,121],[171,169],[-280,-28],[-430,261],[-195,-9],[-194,-231],[-397,216],[-272,-81],[-21,-104],[258,-133],[46,-143],[-410,-250],[-191,-422],[-125,-88],[-197,546],[91,326],[-103,107],[-146,2],[-107,-375],[-134,-57],[-72,106],[48,340],[-260,229],[-145,273],[-135,-59],[37,-350],[-116,-238],[-93,-16],[-304,646],[-220,-250],[-91,-251],[-220,209],[2,175],[-90,88],[-690,41],[38,164],[-205,135],[84,245],[-232,129],[-956,344],[-332,-264],[-165,-16],[-102,173],[190,316],[-222,260],[-197,-29],[-463,-292],[-162,-210],[-125,1],[-100,270],[-32,659],[-88,28],[-483,-214],[-140,316],[179,69],[-5,204],[-113,170],[-279,92],[-122,199],[-166,86],[-55,378],[-186,138],[-784,90],[-231,300],[38,150],[270,61],[378,-83],[258,-212],[48,48],[-106,288],[39,251],[-379,-63],[-336,202],[218,520],[5,250],[-184,23],[-27,-233],[-65,-21],[-581,280],[-73,469],[-404,-164],[197,584],[-174,131],[-241,-129],[-14,229],[-70,57],[-302,-20],[-188,-273],[-118,14],[-67,405],[614,434],[17,81],[-334,-19],[-117,81],[-128,260],[-114,716],[-896,924],[105,332],[-44,159],[-245,114],[-383,-136],[-203,186],[-38,180],[241,369],[-59,180],[-477,17],[-30,-269],[-276,4],[-131,-112],[-35,-243],[-251,-78],[-386,109],[-217,444],[-85,35],[-261,-454],[-34,-373],[-76,-16],[-253,296],[150,301],[-454,-81],[-118,265],[23,429],[-246,62],[-194,209],[-120,25],[-64,-81],[131,-244],[-135,-116],[-86,255],[-213,68],[94,271],[232,147],[-40,77],[-466,4],[17,303],[-280,-38],[-327,147],[-51,578],[-295,-153],[-68,55],[-35,302],[-201,-90],[97,-153],[-54,-81],[-192,154],[-245,62],[30,224],[-89,95],[-6,190],[356,363],[51,232],[-154,31],[-605,-290],[-235,321],[-198,7],[-106,128],[-277,-12],[24,200],[-80,114],[-160,-83],[-150,-337],[-226,-52],[-563,493],[-276,1111],[-89,119],[-143,6],[-72,-104],[106,-271],[-230,-73],[-507,731],[16,72],[199,59],[-162,235],[-146,105],[-133,-33],[-48,-302],[-425,247],[83,243],[-104,308],[344,267],[257,68],[-46,148],[-102,35],[-506,-107],[197,430],[-141,291],[-119,0],[-81,-226],[-184,-71],[-378,209],[-253,315],[-81,-102],[111,-216],[-132,-45],[-184,66],[-371,372],[-99,-31],[-111,-240],[-397,330],[-238,-9],[-183,159],[-401,2],[17,180],[336,495],[308,107],[321,556],[219,615],[-253,410],[-243,0],[-46,78],[304,384],[-18,578],[-450,126],[-56,163],[113,203],[-269,166],[-220,353],[-332,321]],[[1568507,2299835],[234,863],[153,237],[487,407],[840,425],[191,200],[-4,912],[66,282],[613,313],[299,26],[602,-124],[341,45],[123,109],[196,513],[49,632],[-280,1579],[8,486],[108,369],[575,516],[832,358],[345,256],[-69,328],[-503,429],[-138,230],[-38,501],[150,640],[502,957],[985,531],[480,406],[225,433],[55,320]],[[1575934,2313014],[-89,689],[-407,1128],[5,1153],[-244,1493],[5,569],[188,444],[1096,381],[200,138],[242,359]],[[1576930,2319368],[428,-86],[588,-549],[237,-625],[674,-309],[291,-232],[512,-1053],[412,-1704],[103,-147],[373,-219],[-21,-351],[420,-959],[209,-249],[1488,-832],[346,-592],[652,-289],[821,-148],[540,-602],[647,-226],[220,23],[719,387],[727,-352],[262,-19],[297,-188],[234,-40],[156,-151],[177,-12],[89,-193],[310,12],[97,-145],[4,-259],[291,17],[93,-271],[413,-79],[435,-361],[63,-277],[373,-205],[392,35],[247,-294],[308,101],[544,-52],[323,-267],[189,29],[125,-72],[99,-403],[243,-280],[221,38],[176,-183],[302,-134],[347,133],[-76,-135],[40,-67],[202,214],[162,53],[19,-138],[-97,-181],[232,-337],[235,5],[166,122],[169,-61],[160,50],[46,-50],[-78,-181],[115,-139],[424,8],[518,-255],[118,-104],[-42,-162],[135,-190],[264,-7],[520,-347],[-19,-470],[546,-611],[374,622],[134,84],[104,-252],[286,-60],[86,-249],[390,-67],[-54,-51],[44,-217],[385,-105]],[[1599634,2303456],[-8,-213],[212,-13],[4,129],[656,-48],[183,109],[111,-59],[276,-609],[279,-249],[271,10],[172,-131],[50,-546],[-300,-27],[206,-352],[279,303],[310,-141],[25,168],[194,220],[208,8],[110,156],[57,-62],[-47,-244],[154,-96],[153,216],[230,87],[215,-62],[232,114],[229,-5],[291,-165],[251,-454],[-14,-312],[179,-113],[576,5],[408,-253],[280,-12],[218,-170],[63,22],[14,326],[328,-23],[194,147],[253,-263],[447,-39],[247,-151],[73,-188],[-80,-243],[266,-152],[230,45],[1358,-293],[402,179],[463,-366],[444,-103],[1128,-1116],[232,-115],[578,75],[260,180],[348,-161],[952,237],[775,41],[200,-121],[190,84],[529,18],[244,-215],[86,-426],[157,-304],[144,-84],[348,-7],[239,-216],[827,102],[675,437],[297,-239],[215,-55],[219,-281],[248,193],[218,-256],[436,-184],[622,150],[214,-74],[629,12],[41,216],[467,-90],[79,27],[-12,125],[338,-81],[133,50],[74,167],[281,250],[322,-122],[93,240],[325,-116],[870,118],[525,-296],[390,171],[155,-15],[241,-223],[51,-247],[228,-57],[355,-321],[450,-64],[413,-435],[156,-356],[355,-145],[814,-524],[513,-793],[-62,-159],[-246,-228],[-80,-371],[168,-210],[53,-515],[200,-606],[-54,-202],[67,-74],[464,-233],[258,-21],[160,-202],[522,-274],[124,-180],[164,-81],[508,10],[509,-183],[325,12],[317,-312],[284,-73],[137,-181],[324,102],[822,-269],[373,-28],[469,240],[334,22],[271,258],[440,114],[496,272],[67,335],[382,500],[198,142],[-22,282],[217,208],[169,468],[377,438],[308,851],[-8,582],[122,378],[-121,604],[83,831],[122,349],[-113,398],[169,129],[54,452],[169,464],[1276,931],[636,26],[705,-186],[918,84],[651,186],[847,703],[385,187],[208,21],[496,-229],[573,5],[226,240],[243,71],[171,214],[486,297],[198,221],[193,83],[255,-22],[805,-531],[615,96],[677,-202],[701,190],[869,-242],[322,-308],[474,-231],[1467,-958],[488,282],[353,-30],[847,-424],[402,-409],[2033,-1041],[249,577],[293,280],[821,428],[629,575],[683,158],[-51,369],[51,978],[-270,1019],[-93,1007],[68,497],[160,369],[262,2030],[135,460],[497,530],[97,220],[21,410],[359,721],[451,319],[342,443],[80,498],[-173,555],[257,365],[228,522],[363,277],[219,340],[620,1177],[312,899],[274,398],[131,373],[911,870],[658,1002],[177,527],[506,414],[219,282],[236,1425],[557,746],[245,186],[460,174],[425,54],[232,228],[165,245],[89,389],[426,635]],[[1639618,2546685],[174,-209],[900,-470],[606,-751],[478,-57],[613,-362],[359,-511],[184,-408],[-17,-202],[195,-152],[-41,-202],[157,-67],[65,-155],[-111,-227],[58,-167],[-67,-214],[88,-221],[-102,-104],[88,-202],[19,-392],[90,-65],[193,41],[99,-433],[237,-138],[21,-339],[670,-1519],[-104,-1152],[177,-205],[399,-240],[195,-366]],[[1645241,2537196],[-695,-563],[-125,-383],[55,-362],[-74,-102],[-603,-278],[-455,-506],[-445,-81],[-359,-351],[-152,-12],[-396,214],[-723,225],[-232,361],[-293,80],[-350,385],[-192,-59],[-608,247],[-258,-47],[-176,162],[-390,-202],[-197,209],[60,87],[-100,65],[31,147],[-209,-17],[-54,167],[-123,12],[-67,207],[-1109,42],[-177,-62],[-302,115],[-18,99],[-132,-26],[-46,90],[-425,-59],[-295,205],[-464,56],[-360,176],[-121,-73],[-55,142],[-126,-4],[-157,156],[11,146],[-113,127],[-399,98],[-179,-31],[-246,-421],[-397,-284],[-2,-212],[-376,-183],[-128,-212],[-236,-133],[-460,-508],[5,-390],[-172,-190],[69,-68],[370,5],[361,-680],[52,-299],[281,-320],[37,-902],[-177,-386],[47,-145],[-172,-230],[-339,-126],[-485,126],[-79,-173],[-88,19],[-90,-255],[-124,-32],[-138,-326],[-98,-46],[144,-405],[-36,-551],[-142,-181],[-320,-860],[-34,-303],[123,-372],[368,-608],[585,-606],[6,-271],[-373,-379],[587,-487],[18,-301],[-331,153],[-66,-56],[-16,166],[-118,25],[-126,281],[-168,64],[5,-54],[-192,-29],[12,-119],[-194,-28],[5,237],[-541,-595],[-1451,-874],[-192,-401],[-330,-326],[-1221,-334],[-1384,597],[-241,33],[-1238,-292],[-129,92],[-299,-146],[-149,182],[-878,305],[-194,484],[-119,-7],[-83,97],[-103,433],[-180,150],[-397,190],[-313,318],[-128,-54],[-480,271],[-367,37],[-151,162],[-15,159],[-201,185],[-124,-13],[-183,-248],[-312,136],[-194,-105],[-536,-54],[-1029,234],[-744,-116],[-997,781],[-278,-25],[-415,-266]],[[1605455,2578238],[284,-636],[-171,-392],[-44,-835],[-435,-406],[-120,-235],[18,-248],[-114,-370],[-95,-86],[-343,41],[-91,-127],[-6,-320],[92,-280],[304,-429],[-37,-159],[-332,-185],[72,-214],[198,-176],[18,-390],[483,-40],[279,-384],[358,31],[612,-201],[590,-435],[57,-511],[251,-299],[-428,-337],[40,-276],[-202,-246],[48,-500],[-120,-329],[122,-193],[-116,-298],[361,-617],[380,-224],[392,-33],[97,-454],[251,27],[-21,-611],[-251,-141],[-34,-245],[88,-126],[338,-178],[217,-562],[-139,-588],[40,-305],[344,-350],[299,13],[662,-377],[210,-336],[6,-389],[233,-160],[-80,-249],[34,-234],[293,-315],[76,-428],[264,-160],[99,-191],[-87,-596],[713,-265],[388,-616],[713,-640],[736,-219],[195,-579],[107,101],[-139,31],[23,76],[213,-154],[101,-360],[-68,-305],[346,-518],[187,-42],[193,107],[-115,381],[16,853],[123,296],[169,117],[-106,226],[174,23],[487,-301],[181,-2],[-254,579],[148,278],[-173,683],[98,178],[475,133],[7,294],[210,122],[92,298],[462,-68],[133,377],[241,130],[379,-153],[141,443],[454,199],[103,280],[860,236],[222,319],[-125,512],[380,-19],[329,203],[196,-75],[103,54],[245,408],[-40,400],[97,216],[295,195],[255,-158],[409,586],[566,-172],[251,71],[94,126],[-29,444],[181,395],[361,-345],[93,19],[72,226],[200,-4],[43,-176],[156,-71],[285,-341],[163,-655],[504,-279],[512,-142],[529,-473],[376,16],[383,243],[135,-48],[143,72],[189,-78],[236,92],[335,-159],[301,-7],[290,-193],[227,86],[268,-147],[352,78],[142,130],[23,-120],[162,-100],[-5,-438],[270,-511],[0,-143],[-464,-1035],[-676,-637],[-429,-901],[-188,-214],[-172,-397],[-30,-401],[-213,-350],[106,-389],[-192,-328],[14,-203],[-111,-80],[39,-116],[-1056,-604],[-439,-366],[-220,-321],[-258,-777],[-18,-502],[-221,-520],[-14,-374],[-200,-232],[-759,-233],[-288,-339],[-272,-695],[-791,-545],[-287,-1061],[-369,-557],[42,-139],[151,32],[820,342],[1212,-379],[520,129],[471,397],[858,396],[403,93],[1056,23],[886,211],[175,-124],[268,-473],[845,-878],[243,-377],[-115,-762],[417,-1243],[-315,-892],[-155,-760],[336,-1381],[26,-813],[213,-499],[48,-439],[198,-409],[-26,-155],[168,-589],[-35,-556],[76,-497],[170,-378],[434,621],[211,5],[185,385],[160,-29],[153,107],[430,79],[181,244],[127,17],[110,-114],[113,221],[149,-38],[199,74],[16,-122],[145,15],[157,-205],[-27,178],[299,-19],[53,67],[-137,61],[265,126],[93,-14],[37,-150],[72,127],[269,-89],[348,44],[418,154],[51,187],[216,53],[359,401],[434,186],[199,-62],[290,292],[-37,158],[504,347],[61,232],[171,45],[98,255],[-45,126],[268,233],[57,301],[520,267],[295,308],[56,181],[-75,204],[205,347],[331,181],[65,-126],[163,192],[195,79],[132,-64],[150,-261],[161,-25]],[[1605695,2204439],[242,-5],[274,-116],[-21,-304],[184,-8],[121,-347],[297,-168],[195,-307],[243,-161],[334,-590],[625,-242],[297,-530],[248,12],[185,259],[112,-193],[340,38],[71,-294],[187,-84],[671,-663],[481,-230],[224,-74],[94,64],[116,-78],[197,45],[99,121],[-71,167],[304,5],[283,132],[273,322],[88,-81],[0,-217],[734,-285],[146,152],[575,-259],[184,228],[281,-295],[216,-30],[118,35],[130,335],[124,78],[395,-109],[491,-295],[226,85],[628,44],[316,172],[536,584],[719,543],[200,690],[496,8],[352,-118],[519,302],[611,564],[13,139],[184,250],[-78,172],[71,203],[146,60],[74,147],[103,-192],[78,-11],[11,287],[75,39],[30,-104],[112,8],[345,624],[175,89],[593,17],[283,97],[508,340],[529,203],[588,497],[100,-8],[101,-178],[356,319],[319,16],[259,247],[99,-104],[36,-240],[209,-25],[137,-226],[493,-174],[479,15],[209,-328],[771,40],[456,-121],[877,-880],[1071,-682],[279,-592],[645,-222],[133,-201],[439,-346],[196,-33],[234,-170],[293,-49],[105,-168],[222,-114],[71,-236],[165,-116],[757,18],[409,-166],[1316,-256],[2185,70],[1746,412],[640,247],[810,124],[131,110],[141,344],[418,443],[137,319],[470,151],[362,394],[401,113],[454,-59],[146,48],[101,379],[387,512],[581,498],[113,588],[266,323],[569,-92],[457,-183],[156,-153],[150,27],[226,-122],[454,138],[423,418],[380,212],[267,430],[205,57],[109,269],[501,133],[297,204],[155,280],[-63,725],[149,545],[937,212],[149,354],[350,478],[375,-242],[881,-130],[383,-256],[310,122],[365,-151],[579,142],[656,-35],[1010,272],[1486,-292],[150,-118],[103,-226],[927,-121],[477,104],[362,182],[500,-101],[273,40],[1086,503],[1130,873],[712,47],[1454,422],[506,-90],[606,-431],[1542,9],[457,84],[329,-75],[762,11],[133,-101],[624,-688],[3,-471],[615,-839],[-171,-581],[-350,-555],[-130,-428],[30,-312],[473,-968],[-538,-726],[65,-499],[717,-400],[374,-47],[368,-166],[869,99],[546,348],[517,-251],[613,-122],[346,-395],[233,-533],[45,-290],[-129,-1044],[90,-334],[1346,-249],[999,67],[348,-183]],[[1599634,2303456],[-895,7937],[276,-40],[485,165],[651,366],[195,14],[79,406],[599,288],[385,717],[1660,1217],[450,72],[306,-185],[104,124],[234,-14],[388,-179],[-95,606],[347,1256],[243,2419],[135,-99],[350,-28],[209,-107],[296,36],[84,84],[350,-193],[287,30],[223,143],[152,-114],[297,172],[514,-243],[143,5],[162,137],[464,-79],[241,179],[-6,235],[320,239],[203,36],[71,-86],[167,-19],[266,47],[122,131],[334,-1],[466,374],[215,60],[739,-101],[78,-190],[267,-116],[219,-244],[545,-40],[159,92],[376,-76],[770,24],[113,201],[312,155],[115,148],[267,-41],[323,288],[181,-80],[373,46],[173,-107],[590,28],[497,189],[382,404],[356,139],[707,5],[155,-42],[58,-149],[306,49],[504,-74],[422,-141],[875,-86],[494,-170],[378,-27],[341,114],[337,-49],[2075,399],[218,197],[563,204],[577,-24],[1033,536],[432,-170],[401,141],[306,-71],[832,112],[330,154],[287,1071],[24,695],[496,1734],[903,798],[664,722],[304,149],[487,48],[279,129],[501,1409],[886,76],[485,216],[880,72],[717,258],[1873,1327],[471,-72],[731,276],[340,-200],[300,22],[1190,623],[176,439],[492,780]],[[1576930,2319368],[-112,912],[141,507],[306,197],[513,-7],[418,121],[218,218],[32,262],[-155,294],[-1466,1219],[-463,438],[-232,359],[-197,957],[98,1001],[151,162],[425,45],[696,-245],[784,-79],[664,-239],[902,-898],[371,-768],[288,-125],[300,87],[399,637],[63,691],[-176,456],[-608,804],[-112,366],[63,432],[503,801],[0,345],[-70,187],[-285,238],[-875,-86],[-113,176],[32,342],[260,341],[935,135],[292,276],[214,373],[299,149],[748,-156],[281,-424],[148,-42],[327,-24],[503,266],[344,438],[119,636],[-101,625],[-292,480],[-4,583],[313,522],[539,370]],[[1528648,2344312],[-824,-467],[-221,-297],[-766,-673],[-1118,-854],[-793,-703],[-1020,-1124],[-90,-153],[44,-1010],[136,-307],[311,-367],[170,-505],[-66,-832],[336,-322],[-407,-1123],[-339,-319],[3,-415],[-366,-436],[-451,-219],[-150,-171],[48,-485],[-98,-472],[-290,-297],[-98,-231],[-159,-51],[-169,-241],[-247,-16],[-132,-134],[-44,-194],[73,-212],[-369,-163],[-305,42],[-109,-58],[-116,-354],[-196,-143],[-63,-213],[-203,8],[-38,-133],[-106,-28],[-257,-314],[-94,-452],[-554,-1080],[-592,-388],[-153,104],[-155,-84],[-172,49],[-167,-121],[-401,-10],[-16,-312],[-231,-201],[-243,-378],[40,-236],[363,-356],[519,-192],[150,-276],[457,-306],[576,-215],[78,-151],[-8,-466],[-20,-97],[-394,-114],[-102,-166],[-293,22],[-311,-105],[-262,-585],[-469,164],[-381,-81],[-415,152],[-288,-159],[-130,-207],[-43,-239],[81,-322],[-212,-128],[-74,-149],[0,-530],[84,-333],[116,-78],[264,45],[265,-60],[399,-219],[206,-245],[-454,-629],[-30,-552],[-189,-284],[-55,-569],[-297,-779],[-156,-801],[-100,-119],[-296,38],[-374,278],[-258,388],[30,349],[-174,304],[66,169],[-42,124],[-726,344],[-727,-3],[-330,96],[58,-374],[77,-59],[169,53],[68,-98],[-488,-321],[109,-256],[305,57],[67,-248],[-67,-88],[-370,10],[191,-233],[290,-35],[-46,-770],[549,-360],[182,-373],[510,-268],[258,-257],[399,45],[201,-244],[460,-291],[439,300],[791,-425],[714,81],[448,259],[543,-86],[198,119],[304,482],[-190,345],[6,152],[295,288],[153,423],[154,64],[192,-62],[165,-309],[436,-93],[-320,-118],[86,-198],[255,-9],[387,-290],[119,289],[144,27],[178,-119],[72,-157],[-97,-337],[134,-210],[-136,-201],[188,-371],[234,154],[248,-5],[450,-403],[191,-55],[406,294],[238,-101],[439,156],[169,150],[73,418],[60,24],[146,-183],[40,-331],[896,402],[215,-168],[258,-426],[238,-172],[264,-44],[447,118],[280,545],[226,-8],[412,-241],[532,-760],[182,-93],[223,75],[186,-69],[281,-271],[297,-125],[236,-364],[261,-168],[490,147],[1145,-16],[286,68],[671,-176],[72,-218],[174,162],[471,68],[131,-257],[-110,-153],[89,-87],[322,202],[-55,258],[677,163],[267,392],[740,391],[205,309]],[[1535748,2315511],[208,-43],[412,98],[236,-161],[52,-576],[270,-141],[-95,-146],[475,-270],[-155,-576],[532,-46],[116,-802],[176,-47],[-123,-869],[56,-225],[225,-289],[-43,-489],[256,-643],[-87,-297],[101,-115],[92,100],[116,-25],[-39,-343],[151,-445],[457,-208],[-49,-536],[90,-111],[282,17],[-95,-244],[166,16],[42,-86],[-250,-227],[89,-436],[205,-94],[241,50],[-43,-301],[56,-100],[498,61],[115,-320],[294,-192],[57,-227],[206,-174],[20,-129],[320,-106],[74,-547],[83,-98],[545,-212],[286,-261],[461,-117],[203,-376],[-153,-345],[49,-152],[370,-305],[38,-383],[392,-579],[389,-216],[325,-370],[256,-631],[140,-133]],[[1544839,2301089],[-778,-165],[-1013,-617],[-501,-162],[-169,-144],[-930,-1839],[-590,-756],[-343,-1094],[-360,-332],[-444,-746],[-17,-320],[652,-1492],[14,-411],[-171,-334],[-934,-672],[-19,-124],[67,-52],[332,171],[53,-83],[-329,-323],[-135,-840],[-261,-219],[-41,119],[-100,-37],[-335,-701],[3,-243],[117,-35],[39,-191],[-109,-283],[108,-26],[-138,-378],[-8,-260],[211,-575],[-349,-527],[-152,-44],[-495,157],[-410,-193],[-245,-210],[-216,-694],[-315,-417],[-111,-393],[-253,-152],[-892,-1747],[-869,-710],[-577,-988],[-269,-26],[-923,345],[-263,321],[-138,316],[-288,233],[-949,-16],[-32,-303],[-343,-334],[-213,-1234],[-88,-1233],[-207,-672],[-80,-919],[-96,-272],[192,-1126],[-615,-473],[-250,-481],[-143,-89],[-724,-76],[-561,-564],[-473,-230],[21,-377],[-162,-219],[-14,-405],[-130,-159],[-13,-241],[162,-465],[-159,-935],[-184,-325],[-54,-1064],[-527,-1339],[161,-1009],[-99,-362],[-444,-679],[-453,-428],[-270,-619],[-284,-395],[-84,-470],[-602,-1270],[-132,-840],[-467,-514],[-781,-166],[-467,-1908],[-605,-484],[-396,-116],[-214,144],[-160,-17],[-101,-174],[-45,-652],[-73,-132],[-180,-116],[-473,-39],[-289,-110],[-90,-608],[-540,-1403],[264,-387]],[[1682855,2557615],[-202,-489],[-31,-486],[222,-616],[447,-494],[1108,-296],[503,-315],[335,-583],[-26,-784]],[[1685211,2553552],[-267,-511],[-1004,-1122],[-180,-406],[-227,-1085],[-189,-401],[-613,-724],[-1453,-1025],[-34,-552],[124,-992],[261,-685],[543,-726],[-90,-564],[-169,-218],[-407,-202],[-490,56],[-798,257],[-430,-116],[-268,-277],[12,-265],[90,-127],[320,-174],[1496,-63],[444,-191],[248,-218],[264,-484],[109,-358],[-88,-451],[-279,-543],[-335,-417],[-1136,-407],[-675,-456],[-191,-461],[-346,-1495],[-318,-666],[-362,-243],[-1263,-389],[-677,-473],[-332,-566],[-186,-610],[-56,-2000],[-106,-713],[-346,-451],[-823,-637]],[[1674984,2531401],[-6684,2849],[-381,-4],[-440,-168],[-585,155],[-1015,633],[-430,448],[-454,178],[-594,-417],[-756,-54],[-403,-369],[-618,106],[-547,-54],[-325,-307],[-1253,-349],[-411,-379],[-426,-197],[-218,-297],[-343,55],[-512,280],[-688,-251],[-640,284],[-1319,-1921],[-70,-405],[-743,-469],[-814,-1329],[-150,-5],[-475,270],[-462,54],[-454,320],[-471,29],[-403,-75],[-1970,-1944],[-651,-29],[-300,-156],[-175,-147],[-381,-602],[-172,-118],[-218,248],[-51,611],[-270,155],[-480,564],[506,1510],[-330,669],[-227,951],[-540,976],[-702,349],[-768,1166],[113,118],[296,792],[168,1195],[-98,501],[-409,375]],[[1639618,2546685],[193,137],[109,371],[175,43],[436,-87],[272,-217],[331,3],[369,-191],[376,14],[219,-157],[576,70],[165,115],[51,262],[231,108],[103,142],[55,156],[-45,219],[126,343],[324,52],[454,-134],[330,92],[264,-33],[337,281],[117,10],[46,100],[138,21],[140,273],[-77,271],[269,138],[84,195],[-1,-101],[488,391],[274,475],[147,106],[173,-72],[271,166],[209,12],[36,190],[160,102],[73,327],[-51,145],[102,96],[-76,84],[139,61],[11,214],[370,87],[71,196],[123,63],[963,169],[48,230],[376,433],[-137,497],[180,586],[-102,366],[142,96],[55,296],[107,83],[-148,223],[-45,477]],[[1649744,2555280],[1652,-1461],[-11,-118],[-297,-270],[-236,-394],[259,-1068],[1038,-596],[286,-582],[1386,-658],[399,303],[496,117],[699,824],[812,773],[429,239],[689,203],[352,214],[312,567],[383,69],[324,259],[819,83],[924,-180],[1385,763],[952,-328],[1128,-145],[443,37],[199,196],[388,189],[1217,842],[337,365],[285,164],[521,755],[734,486],[140,221],[140,70],[107,393],[252,45],[411,484],[453,161],[111,199],[170,64],[84,241],[243,88],[142,-87],[105,154],[561,15],[71,280],[189,110],[48,161],[556,-152],[528,274],[156,261],[244,164],[344,442],[62,581],[236,193],[711,23],[285,169],[695,-181],[-112,-301],[689,-99],[-44,-85],[80,-307],[376,-154],[77,-316],[117,46],[85,-66],[-102,-90],[211,-194],[-17,-126],[124,-235],[6279,-1759]],[[1725195,2512048],[-272,-115],[-168,89],[-32,-110],[90,-106],[-270,-76],[39,-211],[-474,-291],[47,-292],[-486,-236],[-145,-318],[111,-383],[-60,-359],[-344,-294],[-253,-14],[133,-155],[94,-338],[-176,-26],[-62,-380],[-152,-177],[-315,-48],[-183,254],[-221,44],[-152,-27],[-145,-238],[-277,260],[-209,-143],[-59,-160],[-254,72],[-182,-272],[-212,24],[-61,-115],[50,-138],[-291,-96],[-334,57],[73,115],[-80,22],[-198,437],[-406,-171],[-298,-256],[-435,-109],[-79,-212],[-93,82],[-132,-141],[-125,23],[-166,-117],[-512,-56],[-252,115],[-90,-174],[-478,-82],[-99,110],[-330,-41],[-194,56],[-39,-169],[-326,-114],[-192,-343],[-703,-361],[265,-542],[373,-113],[182,-443],[183,-206],[-232,-207],[-349,150],[-140,-25],[-63,155],[-268,-95],[-83,175],[-112,-157],[-464,-32],[-129,59],[-51,-139],[-301,-98],[-13,175],[-439,225],[-341,571],[-194,125],[-382,43],[-342,-438],[-287,218],[26,547],[-77,148],[81,218],[-257,159],[-554,113],[-216,1],[-206,-101],[-162,-762],[-491,-498],[-262,-104],[-104,33],[-49,-89],[-181,-52],[-5,-188],[-119,-167],[-457,-182],[-380,148],[-548,-2],[-922,137],[37,219],[-140,423],[40,706],[-132,385],[21,599],[431,1614],[19,563],[-100,309],[-1045,26],[-699,374],[-276,-34],[-288,-230],[-522,-113],[-135,203],[-161,4],[-4,-287],[-487,-1285],[-390,-250],[-85,-234],[-189,7],[-389,-160],[-101,170],[-175,-93],[-295,213],[-139,-68],[-76,132],[-209,-58],[-320,58],[-78,-68],[-396,-31],[9,-139],[-364,-197],[-130,-216],[-749,-12],[-91,-169],[-673,-73],[-144,81],[-331,-62],[-504,106],[-306,-160],[20,-463],[-299,-176],[-162,-316],[-1189,-217],[-191,274],[325,259],[70,398],[-109,468],[88,391],[-182,257],[197,479],[304,177],[16,702],[-65,307],[75,279],[-152,195],[-24,174],[-205,141],[159,82],[-354,100],[215,288],[37,219],[-29,94],[-217,9],[80,182],[-150,74],[33,-194],[-80,-4],[-293,255],[-335,-200],[-143,202],[-8,186],[364,770],[-314,712],[60,568],[-204,347],[-62,485],[-475,223],[-204,384],[-333,38],[-256,310],[-663,34],[-306,134],[-450,-57],[-328,155],[-42,285],[-365,156],[-2,327],[-110,154],[-330,197],[-642,49],[-228,185],[-35,83],[241,139],[34,101],[-85,387],[-186,295],[-650,108],[-602,293],[-437,41],[-319,-138],[-84,65],[27,208],[-643,-415],[71,398],[-51,67],[-366,132],[-407,-124],[-158,75],[19,560],[-109,11],[-83,-236],[-117,-43],[-520,126],[-396,1186],[-277,-94],[-270,258],[-149,428],[1,306],[-499,31],[7,189],[-299,456],[-54,320],[-197,244],[1,556],[-296,136],[-267,256],[-265,34],[-107,-221],[-185,-13],[-115,-214],[-248,78],[-483,-209],[-287,123],[-776,-267],[-535,134],[-355,-210],[-900,-134],[-274,-178],[-324,-69],[-79,-118],[16,-323],[-120,-505],[-419,-254],[-213,-517],[-170,-144],[-854,-3],[-1053,174],[-390,-240],[-626,-71]],[[1673805,2520693],[-186,760],[-201,314],[-1912,553],[-418,259],[-98,183],[-88,421],[63,221],[678,818],[201,466],[-63,366],[-254,390],[-365,246],[-668,76],[-418,-104],[-1009,-574],[-371,-40],[-281,223],[-73,516],[90,302],[110,72],[752,-456],[157,-17],[277,118],[1336,1901],[851,309],[604,360],[1229,1119],[251,272],[985,1634]],[[1685211,2553552],[12637,-4193],[-440,-456],[-834,-22],[-679,-753],[-323,-163],[9371,-5414],[234,154],[169,-224],[308,9],[196,304],[54,448],[252,59],[168,275],[228,-130],[171,208],[195,57],[261,-119],[169,62],[220,-195],[88,69],[18,162],[110,50],[330,-230],[226,41],[232,428],[40,240],[439,734],[31,274],[188,437],[603,269],[191,-89],[352,-6],[119,127],[486,131],[190,203],[549,-371],[99,-164],[98,20],[148,369],[33,-176],[104,142],[137,-128],[336,-35],[56,-410],[-51,-113],[72,-109],[-63,-154],[-99,30],[-56,-103],[-130,55],[-130,-264],[151,-81],[-66,-395],[203,-159],[201,-561],[-26,-371],[-94,-163],[-367,-278],[-63,-341],[377,-601],[223,-24],[184,-156],[178,24],[191,152],[145,-14],[389,-251],[122,105],[159,-85],[253,142],[193,-144],[184,214],[-40,204],[112,-52],[279,183],[-69,149],[118,263],[286,212],[408,574],[337,145],[490,-92],[275,33],[431,-147],[548,259],[863,-327],[603,252],[220,17],[480,-141],[342,-224],[456,-112],[636,100],[393,-141],[227,132],[215,-16],[523,816],[325,182],[51,257],[-106,191],[59,21],[1354,-179],[395,41],[278,-132],[780,92],[385,-46],[301,-398],[87,-648],[926,-844],[358,-55],[277,-186],[295,247],[548,-70],[438,188]],[[1682855,2557615],[498,644],[649,447],[537,263],[478,110],[551,0],[1119,-378],[549,-91],[686,229],[317,329],[223,671],[-51,674],[-507,974],[-1069,1456],[-33,591],[78,274],[400,464],[104,61],[163,-39],[481,-749],[615,-467],[602,-284],[273,-25],[382,130],[338,254],[508,218],[391,362],[-256,445],[-208,69],[-781,-30],[-498,295],[503,1345],[-45,696],[-121,296],[-393,530],[-1330,1169],[-329,66],[-745,-503],[-458,-85],[-327,182],[-210,254],[-343,238],[-521,36],[-514,-379],[-473,-533],[-202,-99],[-127,33],[-194,213],[-70,301],[141,544],[295,387],[1462,726],[352,351],[250,442],[73,442],[-104,519],[-425,613],[-576,506],[-183,284],[-22,260],[115,497],[236,459],[419,356],[368,169],[1004,33],[208,212],[-81,934],[506,1536],[160,1823],[183,362],[1094,1030],[474,904]],[[1683475,2229520],[-130,429],[-144,193],[-450,280],[-805,155],[-197,470],[-299,227],[-541,239],[-552,24],[-1008,349],[-331,-14],[-1125,-1087],[-602,-441],[-322,14],[-403,278],[-348,60],[-203,186],[-319,573],[-388,346],[-239,520],[-236,92],[-606,-64],[-830,1090],[-247,741],[330,788],[26,484],[-171,873],[-471,631],[-218,103],[-841,125],[-576,-136],[-838,-43],[-1055,179],[-1523,630],[-660,175],[-562,391],[-860,264],[-500,61],[-1338,1061],[-1110,492],[-377,338],[-177,-74],[-1415,-1351],[-322,-513],[-399,-160],[-171,-150],[-616,-801],[-232,-559],[-725,-731],[-196,-107],[-903,-163],[-2056,203],[-1666,431],[-215,169],[-348,117],[-294,-29],[-942,-442],[-405,-12],[-299,108],[-375,-38],[-920,659],[-717,112],[-480,226],[-350,288],[-367,-159],[-1441,-130],[-560,-197],[-232,145],[-273,12],[-1142,444],[-343,23],[-356,271],[-234,20],[-888,-117],[-383,-155],[-218,100],[-479,-128],[-264,-441],[-412,-268],[-406,249],[-433,61],[-732,-176],[-531,-282],[-501,-414],[-1571,-271],[-432,-6],[-393,156],[-555,-68],[-636,169],[-612,-136],[-402,107],[-164,-78],[-240,79],[-396,-79],[-813,230],[-426,-87],[-272,99],[-239,217],[-620,220],[-478,-259],[-154,-36],[-244,83],[-353,-324],[-327,-90],[-201,88],[-221,-113],[-345,245],[-780,-50],[-639,327],[-168,-33],[-76,80],[-247,-183],[-165,79],[-385,-124],[-698,14],[-435,190],[-231,320],[-403,232],[-381,76],[-155,-69],[-646,29],[-187,147],[-188,24],[-175,-68],[-254,104],[7,147],[-175,140],[-273,-163],[-220,-5],[-99,95],[-175,9],[-4,106],[-192,126],[-228,58],[-217,249],[-118,-183],[-16,-469],[-188,-237],[-60,-429],[-363,-239],[-526,127],[-71,-344],[-196,-312],[-107,56],[-160,307],[-118,7],[-174,-147],[-274,86],[-323,-23],[-343,107],[-214,389],[-278,7],[-255,179],[-324,-140],[-274,279],[-118,3],[-118,-151],[-167,26],[-166,-118],[-63,-278],[63,-100],[-185,-89],[-56,-122],[-334,62],[-172,-172],[-118,152],[-186,5],[-118,-97],[26,-247],[-75,-70],[-401,12],[-168,162],[-385,62],[-234,321],[-1014,-384],[-313,52],[-378,247],[-340,-153],[-322,-361],[59,-183],[-206,-424],[-71,47],[65,401],[-49,26],[-294,-299],[-63,50],[52,225],[-85,155],[-242,80],[-57,117],[-232,-48],[22,-243],[-283,-118],[119,-177],[-158,-333],[-279,-36],[-230,-186],[1,-102],[150,-148],[-132,-250]],[[1549252,2245043],[301,1717],[-34,296],[-341,591],[-80,430],[224,541],[616,771],[255,1541],[-97,533],[-502,988],[-80,288],[89,270],[587,796],[600,528],[456,338],[827,345],[557,25],[819,-280],[485,-430],[822,-983],[292,-105],[316,13],[140,91],[418,454],[127,517],[4,566],[-206,363],[-262,358],[-455,313],[-819,326],[-262,-54],[-1021,54],[-2443,1198],[-468,612],[-88,338],[351,2045],[338,396],[278,111],[2477,606],[1870,-4],[696,-286],[805,-587],[496,-211],[362,28],[225,217],[130,680],[-148,860],[0,477],[840,1612],[148,622],[-36,442],[-688,1298],[-50,393],[376,746],[858,826],[112,269],[-189,369],[-566,353],[-193,224],[28,894],[-92,435],[-650,705],[-123,404],[134,203],[260,80],[1205,-812],[545,-20],[573,300],[198,575],[-87,224],[-473,517],[-368,1334],[-112,967],[84,908],[-194,1205],[-453,710],[-728,679],[-84,276],[202,144],[742,69],[1187,448],[526,370],[303,381],[161,459],[45,447],[-133,594],[-402,674],[-109,323],[-12,412],[135,375],[425,542],[205,679],[234,462],[486,-3],[967,-312],[411,41],[326,232],[340,666],[675,652],[-20,262],[-1026,904],[-1411,930],[-265,738],[23,389],[1020,655],[715,64],[1276,-136],[565,249],[259,304],[140,530],[-230,1542],[143,602],[284,411],[529,467],[1604,778]],[[1568504,2295806],[395,462],[157,746],[-50,586],[-499,1282],[0,953]],[[1553221,2349307],[-560,26],[-262,-96],[-634,-319],[-521,-416],[-1070,-1145],[-528,-944],[21,-146],[372,-285],[197,49],[415,-216],[85,139],[148,-63],[70,84],[218,-35],[92,62],[84,-83],[-42,-167],[77,-21],[85,118],[126,-173],[324,55],[373,-28],[119,-84],[-35,-513],[70,-174],[-99,-556],[380,-465],[84,-597],[-99,-195],[-162,-1138],[-494,-1271],[647,-340],[1365,-175],[1812,-520],[228,-154],[138,-267]],[[1556245,2339254],[-8705,-19140],[-20,102],[-136,83],[10,111],[-256,257],[28,228],[-318,-149],[-555,520],[-178,-69],[37,-250],[-60,-123],[-332,73],[-538,-185],[-485,319],[-588,-107],[-327,-179],[-143,129],[-174,-172],[-144,122],[-131,-12],[-284,-195],[-169,-314],[-461,-48],[-36,-74],[143,-168],[-37,-62],[-326,-53],[-372,105],[-192,-64],[-310,-407],[-132,-559],[-556,-274],[-91,-592],[-874,122],[-319,-132],[-119,-189],[117,-253],[-389,76],[-468,-517],[-301,-37],[-717,-587],[-2,-227],[-445,25],[-37,-276],[-182,-187],[-263,159],[-213,-269],[-86,167],[-157,-118],[75,-211],[-279,-142]],[[1621774,2437008],[141,-493],[-68,-558],[-435,-420],[-925,-514],[-546,-594],[-275,-709],[239,-1108],[-34,-409],[81,-146],[203,5],[627,401],[320,77],[332,-182],[236,-420],[-53,-240],[-127,-116],[-998,-710],[-197,-296],[-76,-320],[69,-527],[753,-1107],[10,-498],[-141,-213],[-408,-207],[-1176,147],[-581,-196],[-228,-215],[-325,-1012],[-207,-254],[-517,-264],[-1050,-133],[-273,-266],[-374,-730],[-278,-249],[-331,-193],[-449,-13],[-238,-89],[-971,-1145],[-518,-335],[-30,-301],[306,-1408],[-164,-624],[-1088,-1158],[-349,-275],[-596,-280],[-285,8],[-160,259],[302,1086],[-73,644],[-250,382],[-1002,776],[-263,530],[64,700],[393,976],[-172,301],[-277,4],[-349,-339],[-549,-819],[-315,-288],[-1019,-573],[-764,-780],[-729,-43],[-57,-67],[0,-162],[341,-169],[1084,-153],[812,-310],[82,-161],[-100,-271],[-1049,-895],[-1018,-1311],[-1265,-971],[-1032,-636],[-1576,-390],[-168,-119],[43,-187],[293,-441],[419,-331],[74,-271],[-31,-361],[-241,-449],[-126,-446],[199,-517],[9,-327],[-173,-369],[-497,-623],[26,-255],[277,-369],[479,-326],[1105,-535],[177,-80],[181,21],[156,216],[-13,853],[190,704],[466,708],[298,242],[220,13],[238,-234],[496,-895],[1015,-1200],[280,-462],[9,-395],[-177,-174],[-1023,476],[-410,101],[-1037,51],[-323,-152],[-354,-386],[-462,-734],[-100,-416],[320,-259],[362,-97],[406,8],[325,-119]],[[1604767,2407903],[-700,-1179],[-136,-781],[-302,-20],[-782,-302],[-560,-101],[-294,187],[-448,104],[-179,-40],[-120,-147],[-172,-17],[-39,-144],[-196,-80],[-143,125],[35,263],[-107,116],[-124,-51],[-143,-282],[-400,243],[-591,-354],[-300,65],[-291,-193],[-356,155],[-182,-223],[-404,163],[-195,-154],[-134,-3],[-52,268],[-191,11],[-185,-98],[-107,-243],[-570,-140],[-52,-101],[168,-230],[-142,-198],[-207,11],[-247,205],[-328,-24],[-242,-206],[-142,288],[-90,25],[-451,-456],[-803,-79],[-131,-485],[-327,-207],[-190,47],[-448,358],[-232,-73],[-59,-188],[-207,-125],[-849,505],[-361,91],[-775,-96],[-502,-462],[-513,189],[-114,-227],[-737,-422],[23,-95],[-91,-101],[59,-97],[-96,-55],[-51,118],[-52,-76],[52,-159],[-543,-606],[-138,-303],[-358,-87],[87,-793],[-66,-234],[-192,-208],[187,-1024],[330,-143],[157,-486],[420,-399],[75,-428],[307,-480],[-3,-253],[-736,-230],[-50,-82],[166,-124],[-21,-99],[-832,-401],[-249,-204],[-200,-675],[149,-418],[-28,-102],[-812,-178],[-256,-145],[-338,-372],[-1144,-119],[-166,-457],[-368,-194],[-374,-472],[-539,-422],[-194,112],[-106,-221],[-191,-76],[-165,182],[-1007,-157],[-465,71],[-860,-40],[-305,79],[-429,-291],[-225,-372],[-824,-508],[-449,277],[-335,-157],[-76,-332],[-365,28],[-318,224],[-423,-100],[-313,-235],[-265,-354],[7,-107],[-382,-76],[-207,-137],[-177,-447],[-282,-258],[-589,111],[-101,183],[-689,550],[-320,55],[-161,303],[-289,26],[-656,288]],[[1561942,2435257],[21456,42],[350,70],[282,-49],[532,137],[1457,-157],[155,-139],[170,63],[183,-204],[626,38],[616,-166],[608,109],[266,-112],[715,-87],[460,-333],[406,145],[362,-60],[202,183],[120,-26],[116,-175],[188,154],[147,9],[57,489],[194,325],[466,201],[576,23],[209,477],[331,203],[124,358],[44,912],[169,704],[1164,-104],[470,-176],[150,131],[21,271],[390,25],[285,172],[504,-363],[1,1344],[127,326],[-11,499],[188,463],[183,233],[135,592],[172,337],[102,780],[206,326],[-16,335],[269,185],[16,824],[209,253],[2276,-1030],[504,383],[191,249],[74,264],[513,285],[408,-11],[111,-90],[14,-129],[365,143],[424,-131],[374,271],[69,352],[441,52],[270,152],[1201,-242],[149,-89],[22,-197],[344,147],[190,294],[338,-59],[817,625],[430,-126],[79,282],[389,-92],[31,67],[-170,154],[30,716],[193,83],[165,246],[696,226],[213,-252],[337,-28],[-107,-580],[297,-14],[49,-62],[-228,-314],[88,-287],[291,-273],[320,9],[327,-199],[46,-303],[204,-292],[172,-560],[610,-668],[144,-362],[181,-4],[483,-390],[712,-323],[390,85],[302,-344],[274,-93],[606,-684],[557,-312],[225,58],[351,-250],[41,-127],[146,-53],[100,-308],[702,-85],[211,-264],[105,7],[145,155],[173,-47],[61,441],[-126,199],[127,126],[139,0],[142,157],[-55,43],[44,73],[103,6],[119,179],[111,-110],[-129,-23],[-212,-242],[-210,-416],[-47,-232],[73,17],[-7,-150],[68,-34],[409,389],[446,-1],[67,281],[145,185],[486,234],[504,140],[1154,30]],[[1673805,2520693],[200,-545],[496,-570],[270,-494],[159,-604],[-123,-483],[-422,-732],[-580,-1572],[-408,-749],[-657,-728],[-415,-170],[-190,7],[-302,201],[-105,227],[-211,1054],[-243,687],[-411,645],[-558,130],[-625,-10],[-264,-83],[-32,-86],[92,-159],[667,-397],[405,-356],[263,-708],[-28,-670],[-379,-632],[-338,-331],[-313,-183],[-1845,-425],[-836,-404],[-468,-400],[-478,-1278],[155,-483],[495,-587],[211,-449],[127,-609],[-120,-501],[-253,-345],[-1184,-470],[-657,-528],[-830,-1789],[-330,-407],[-489,-252],[-506,-80],[-235,38],[-169,80],[-815,818],[-528,359],[-618,207],[-1146,132],[-1269,-7],[-708,-240],[-69,-132],[-281,-13],[15,-178],[-216,-13],[-76,-84],[-176,-552],[0,-318],[109,-884],[349,-1040],[-47,-295],[-943,-872],[-3295,-2645],[-121,-201],[255,-299],[388,-136],[1577,-53],[480,-143],[689,-765],[41,-475],[-194,-309],[-486,-204],[-609,23],[-580,211],[-1392,774],[-640,140],[-1118,-179],[-238,-223],[-192,-424]],[[1601985,2386374],[437,454],[250,611],[39,504],[-203,1099],[74,238],[310,339],[363,34],[406,-255],[160,-534],[-104,-798],[203,-207],[293,-5],[329,157],[250,284],[173,463],[-44,462],[-254,433],[-359,258],[-742,242],[-333,412],[-95,246],[-12,538],[263,760],[-4,475],[-229,509],[-808,674],[48,212],[302,199],[514,128],[363,4],[552,-161],[1032,-734],[816,-1111],[367,25],[263,301],[69,263],[9,229],[-125,382],[-639,687],[-130,721],[255,488],[419,386],[56,242],[-99,148],[-501,288],[-1244,552],[-246,416],[39,428],[510,1056],[13,305],[-104,268],[-328,318],[-415,127],[-418,-81],[-618,-280],[-159,64],[-130,216],[86,306],[432,411],[497,289],[116,284],[-21,148],[-165,178],[-617,187],[-129,127],[250,569],[376,173],[505,43],[1105,-174],[367,253]],[[1605621,2402647],[947,-167],[82,-110],[-152,-406],[99,-50],[980,46],[47,325],[250,-292],[490,-178],[5083,-1341],[162,-356],[467,-295],[183,-287],[583,-259],[630,88],[563,-545],[311,159],[229,-221],[111,34],[397,-273],[266,-51],[69,-230],[575,52],[98,76],[83,271],[335,144],[432,-336],[143,115],[132,-81],[152,-318],[155,43],[230,-149],[123,108],[686,20],[63,-224],[1128,-279],[141,315],[398,-185],[375,-59],[252,130],[221,147],[303,641],[1108,-105],[874,-289],[90,293],[1258,0],[213,335],[1002,-360],[574,429],[686,185],[240,175],[494,172],[681,160],[603,-33],[1213,87],[-164,-354],[3112,-1103],[-50,-249],[357,-58],[953,145],[168,181],[84,364],[232,-17],[252,169],[229,-140],[248,31],[977,-158],[282,107],[112,127],[347,-220],[221,95],[662,-39],[108,80],[266,-21],[189,-238],[376,-217],[335,175],[243,-180],[-18,-427],[81,-285],[286,-121],[-17,-294],[153,-109],[212,-432],[118,-994],[-75,-268],[81,-167],[-419,-695],[-397,-335],[-135,-22],[-310,183],[-179,-62],[-112,-804],[795,160],[186,-158],[809,-27],[836,-409],[666,-20],[204,222],[144,340],[16,192],[-81,142],[78,223],[-30,391],[455,615],[305,191],[233,-175],[674,-127],[186,-191],[188,-933],[360,-235],[-69,-114],[35,-148],[360,-169],[52,-342],[152,-265],[61,-462],[406,-91],[118,-126],[-98,-496],[100,-295],[198,-224],[356,-141],[116,-167],[-3,-502],[151,-736],[220,-295],[401,-232],[160,-522],[442,-72],[206,-258],[107,-305],[425,-110],[313,-292],[215,-437],[494,-537],[154,-319],[79,-506],[114,-196],[-45,-277],[175,-401],[828,-643],[92,-606],[392,-566],[-167,-994],[314,-251],[329,-50],[21,-392],[483,-184],[150,-408],[419,-42],[408,-453],[454,-49],[596,-650],[684,-107],[519,87],[508,-433],[587,-104],[222,-172],[374,-121],[329,-526],[324,-97],[582,-351],[298,-9],[269,-222],[360,-77],[307,-194],[326,18],[330,-423],[444,-121],[364,-307],[256,-66],[323,139],[199,-21],[107,-126],[-31,-239]],[[1746592,2360669],[70,357],[-176,1131],[-27,1069],[206,260],[6,579],[255,496],[243,935],[-154,1564],[269,535],[193,831],[-178,730],[170,569],[170,128],[-7,371],[199,947],[-280,322],[-170,658],[-325,209],[83,179],[-40,428],[-130,234],[-228,160],[6,448],[-412,744],[-263,211],[-1452,671],[-182,465],[-450,369],[-566,779],[-61,327],[81,195],[-73,488],[62,622],[-275,206],[-231,559],[-241,214],[104,350],[-433,419],[-270,432],[-536,609],[-241,146],[-59,374],[-162,219],[-182,132],[-288,41],[-133,230],[-24,272],[-118,122],[26,641],[-477,569],[-163,420],[-9,321],[366,894],[222,262],[-118,408],[286,136],[-49,194],[232,151],[123,238],[-29,155],[291,252],[81,349],[161,79],[79,315],[-113,176],[129,155],[-113,165],[182,204],[55,258],[202,58],[49,97],[-501,788],[-300,151],[-118,248],[-222,63],[-98,229],[-310,248],[-270,482],[-453,399],[-590,336],[-166,553],[-571,877],[-44,374],[-196,88],[-45,156],[-246,141],[-339,443],[-73,257],[54,146],[-138,88],[-122,301],[-724,176],[242,671],[227,145],[-140,248],[262,195],[-230,160],[311,442],[262,62],[167,224],[40,291],[-251,205],[-24,218],[-152,239],[25,262],[-167,137],[118,262],[-68,452],[251,174],[-34,316],[178,360],[-147,267],[251,199],[50,219],[-5,214],[-197,87],[-24,102],[335,267],[-324,336],[163,170],[-138,287],[-162,141],[-10,214],[-245,70],[-106,126],[-1,151],[254,333],[-256,100],[-239,345],[198,496],[-453,267],[-439,54],[-85,518],[-678,230],[208,466],[456,-161],[101,61],[59,191],[-168,491],[4,300],[-175,208],[137,420],[-42,272],[-150,211],[-335,70],[5,136],[-314,-41],[-526,378],[-330,597],[-265,171],[-431,535],[-262,64],[-314,309],[-301,114],[-170,204],[-88,267],[-262,284],[-279,10],[-278,152],[-587,-157],[-817,90],[-265,-185],[-489,150],[-1320,-181],[-532,240],[-246,-24],[-190,86],[-212,-52],[-294,273],[-561,9],[-270,174],[-234,45],[-170,-59],[-260,-290],[-491,19],[-513,337],[-328,386],[-194,1264],[271,458],[-30,398],[183,322],[-160,221],[-281,1108],[-471,570],[79,566],[-215,442],[-63,362],[109,603],[-37,354],[93,977],[273,1008],[-34,748],[-133,319],[-112,649],[-388,819],[-86,424],[-460,543],[-637,1401],[266,415],[392,197],[88,277],[234,317],[691,478],[102,786],[723,1582],[355,437],[407,190],[-177,773],[-506,349],[-141,188],[-379,33],[-726,477],[-1826,1848],[-162,462],[-279,321],[-316,1347],[90,198],[-163,1182],[166,423],[-48,295],[-172,309],[-480,299],[-189,3],[-419,-221],[-303,212],[-414,-19],[-469,773],[-535,627],[-320,81],[-835,5],[-953,403],[-332,-24],[-298,-125],[-830,265],[-320,14],[-191,149],[-256,398],[-279,61],[-182,-97],[-124,-270],[-219,-183],[-425,-585],[-602,49],[-604,-121],[-827,11],[-281,-561],[-866,-428],[-469,-444]],[[1683404,2462772],[-197,128],[441,990],[924,-99],[169,90],[194,273],[-177,209],[-350,54],[-241,362],[47,155],[472,389],[128,352],[-214,275],[219,502],[-213,222],[-83,234],[43,468],[433,422],[136,23],[187,-222],[27,-439],[177,-58],[42,320],[162,174],[-63,247],[171,357],[-134,252],[115,68],[419,-61],[106,52],[-65,326],[-198,173],[478,445],[9,189],[-207,156],[549,635],[-233,296],[40,91],[186,-32],[45,87],[-14,366],[-152,151],[140,204],[258,33],[47,160],[-187,224],[-188,-211],[-118,73],[-166,-57],[101,367],[-126,18],[-150,-165],[-39,151],[62,136],[267,201],[-39,432],[292,52],[-11,178],[331,143],[134,246],[138,258],[58,462],[202,532],[344,86],[140,167],[-126,801],[211,137],[-250,412],[52,85],[161,13],[281,-170],[349,351],[545,171],[9,-324],[-150,-140],[19,-131],[94,-35],[223,149],[241,-126],[-81,-164],[-300,-52],[196,-353],[677,-154],[320,198],[43,213],[96,76],[132,-274],[35,147],[105,-15],[306,-383],[493,-280],[582,272],[75,112],[245,7],[100,-318],[286,-240],[289,155],[-175,166],[-14,158],[589,-83],[151,384],[156,19],[15,-251],[176,-194],[205,191],[41,216],[590,-105],[263,354],[160,-211],[65,-314],[176,-6],[921,1077],[134,308],[-46,200],[113,210],[174,12],[132,132],[129,-150],[315,317],[156,50],[229,4],[88,-109],[179,245],[-46,207],[96,187],[-66,243],[-156,-37],[-86,223],[160,116],[228,-15],[-58,185],[48,61],[-68,57],[85,163],[-236,213],[62,208],[-89,132],[-1,416],[-444,307],[509,344],[247,574],[114,534],[230,433],[345,415],[702,203],[487,388],[390,-193],[310,-350],[419,-219],[1199,-1053],[0,-529],[824,-439],[371,174],[386,673],[479,249],[646,96],[-130,-355],[257,-535],[228,-100],[473,330],[-35,458],[279,380],[437,56],[254,-258],[130,21],[479,820],[-3,532],[155,656],[-44,212],[242,756],[42,755],[432,374],[76,220],[-56,427],[227,-7],[29,328],[251,225],[-61,284],[405,279],[104,396],[397,520],[-84,518],[39,563],[399,481],[-341,802],[67,388],[-197,196],[-123,324],[76,506],[204,380],[-92,387],[22,408],[-233,76],[-173,274],[32,151],[-207,54],[-107,153],[-173,62],[198,186],[120,273],[-212,123],[-409,45],[113,281],[-326,266],[146,214],[-98,55],[102,304],[-69,191],[62,132],[172,-110],[247,142],[72,272],[236,358],[209,-65],[-109,-264],[522,445],[520,1090],[637,426],[675,2000],[275,111],[326,278],[911,-207],[720,247],[434,21],[218,371],[836,420],[374,501],[500,186],[656,390],[385,484],[278,606],[192,190],[311,110],[-18,56],[-228,-88],[-305,-265],[-55,62],[507,355],[199,56],[-26,-154],[581,-4],[344,-650],[114,-74],[252,124],[-44,378],[349,478],[260,-91],[22,-267],[96,-148],[207,-9],[114,146],[-58,486],[-275,655],[213,451],[220,157],[289,-153],[150,3],[293,302],[64,229],[281,37],[140,200],[589,374],[281,16],[259,-156],[883,-128],[398,-228],[241,-33],[632,246],[34,273],[170,-30],[58,-92],[465,87],[681,-30],[374,508],[384,-185],[-34,-68],[271,-172],[725,140],[666,-205],[554,167],[302,-73],[64,70],[238,13],[109,96],[-20,108]],[[1649744,2555280],[-802,711],[-1215,2662],[-221,133],[-991,165],[234,1217],[659,1670],[-81,457],[-601,616],[623,289],[405,340],[384,1107],[414,436],[956,616],[730,9],[260,63],[261,197],[853,1149],[530,385],[98,206],[21,402],[192,487],[388,444],[470,369],[196,403],[649,105],[525,276],[721,772],[184,985],[584,1059],[675,825],[105,360],[-29,543],[67,274],[224,427],[447,426],[375,904],[91,602]],[[1605621,2402647],[142,383],[242,1362],[294,453],[440,391],[207,454],[-129,377],[-959,1302],[-457,322],[-634,212]],[[1568504,2295806],[-1075,596],[-415,-100],[-808,-536],[-199,-53],[-1035,355],[-525,-110],[-297,105],[-383,-210],[-840,949],[-742,523],[-548,106],[-386,244],[-428,-74],[-168,50],[-573,500],[-54,200],[155,289],[-668,593],[-666,45],[-849,-355],[-364,-14],[-698,372],[-855,747],[-1468,352],[-347,155],[-1227,72],[-277,155],[-634,127],[-2692,-540],[-1802,41],[-1423,-324],[-431,138],[-417,248],[-526,637]],[[1556245,2339254],[1346,-866],[539,-480],[763,131],[661,-101],[790,-630],[1020,-349],[508,-274],[542,38],[2745,755],[548,-63],[468,-211],[-152,-534],[-523,-912],[-190,-1090],[-695,-667],[-89,-182],[-21,-870],[257,-605],[-198,-224],[-202,-572],[-498,-601],[-110,-401],[-194,-183],[-489,75],[-190,-46],[-738,-468],[-670,-302],[-435,-336],[-957,-1570],[-317,-953],[17,-746],[334,-696],[-265,-573],[425,-994],[-211,-915],[-134,-1147],[819,-784],[317,-580],[-619,-1143],[70,-596],[59,-168],[425,-238],[385,-431],[442,-193],[258,-533],[341,-318],[126,-33],[621,138],[298,-182],[56,-678],[-468,-401],[-279,-764],[331,-182],[593,-113],[481,-567],[1173,-197],[1217,-937],[642,-311],[1074,-1274],[627,-22],[251,-159],[269,-465],[23,-549],[73,-105],[339,-118],[412,65],[182,159],[236,36],[407,-194],[250,-14],[257,389],[2801,2226],[860,460],[655,98]]]}
