{"type":"Topology","bbox":[-73.07776750108975,4.287475279734878,-69.83590825091942,6.346109820901731],"transform":{"scale":[0.000003385120954067422,0.0000034456095261769775],"translate":[-81.73562055563167,-4.229406466336059]},"objects":{"MGN_ADM_MPIO_GRAFICO":{"type":"GeometryCollection","geometries":[{"type":"Polygon","arcs":[[38,39,40,41,42,-11,-10,-9]],"bbox":[-72.58397652239898,4.903512361310533,-71.93892479899667,5.570327390473459],"properties":{"dpto_ccdgo":"85","mpio_ccdgo":"001","mpio_cdpmp":"85001","dpto_cnmbr":"CASANARE","mpio_cnmbr":"YOPAL"}},{"type":"Polygon","arcs":[[43,44,45,-12,-43]],"bbox":[-72.7563976581944,4.838435134189629,-72.3380237892393,5.373372904347656],"properties":{"dpto_ccdgo":"85","mpio_ccdgo":"010","mpio_cdpmp":"85010","dpto_cnmbr":"CASANARE","mpio_cnmbr":"AGUAZUL"}},{"type":"Polygon","arcs":[[46,-15,-14,47]],"bbox":[-72.97389167949324,5.098788835597087,-72.77626154795287,5.378172638417622],"properties":{"dpto_ccdgo":"85","mpio_ccdgo":"015","mpio_cdpmp":"85015","dpto_cnmbr":"CASANARE","mpio_cnmbr":"CHÁMEZA"}},{"type":"Polygon","arcs":[[48,49,-31,-30,-29]],"bbox":[-72.06864601907748,5.8118301621632025,-69.89189815149969,6.302729596967163],"properties":{"dpto_ccdgo":"85","mpio_ccdgo":"125","mpio_cdpmp":"85125","dpto_cnmbr":"CASANARE","mpio_cnmbr":"HATO COROZAL"}},{"type":"Polygon","arcs":[[50,-2,-1,-33]],"bbox":[-72.41894510564629,6.075181543858436,-72.2726164821648,6.346109820901731],"properties":{"dpto_ccdgo":"85","mpio_ccdgo":"136","mpio_cdpmp":"85136","dpto_cnmbr":"CASANARE","mpio_cnmbr":"LA SALINA"}},{"type":"Polygon","arcs":[[-42,51,-26,-25,52,-44]],"bbox":[-72.61495376424965,4.374297748575485,-71.6697196700035,5.073212076084275],"properties":{"dpto_ccdgo":"85","mpio_ccdgo":"139","mpio_cdpmp":"85139","dpto_cnmbr":"CASANARE","mpio_cnmbr":"MANÍ"}},{"type":"Polygon","arcs":[[53,54,-17,55]],"bbox":[-72.98964264729251,4.639819864272209,-72.69079739922553,5.067933402290173],"properties":{"dpto_ccdgo":"85","mpio_ccdgo":"162","mpio_cdpmp":"85162","dpto_cnmbr":"CASANARE","mpio_cnmbr":"MONTERREY"}},{"type":"Polygon","arcs":[[56,57,-39,-8,58]],"bbox":[-72.30089578261509,5.334840653016419,-71.83362045635754,5.728632474544135],"properties":{"dpto_ccdgo":"85","mpio_ccdgo":"225","mpio_cdpmp":"85225","dpto_cnmbr":"CASANARE","mpio_cnmbr":"NUNCHÍA"}},{"type":"Polygon","arcs":[[37,-27,-52,-41,59]],"bbox":[-72.15590089678952,4.597445758319285,-70.96718520768016,5.2245191272072855],"properties":{"dpto_ccdgo":"85","mpio_ccdgo":"230","mpio_cdpmp":"85230","dpto_cnmbr":"CASANARE","mpio_cnmbr":"OROCUÉ"}},{"type":"Polygon","arcs":[[-28,33,60,61,62,-49]],"bbox":[-72.0488498317381,5.41619838514851,-69.83590825091942,6.126975946255929],"properties":{"dpto_ccdgo":"85","mpio_ccdgo":"250","mpio_cdpmp":"85250","dpto_cnmbr":"CASANARE","mpio_cnmbr":"PAZ DE ARIPORO"}},{"type":"Polygon","arcs":[[63,64,-57,65,-62]],"bbox":[-72.11220914063537,5.529968966093348,-71.65942551718217,5.838320008200451],"properties":{"dpto_ccdgo":"85","mpio_ccdgo":"263","mpio_cdpmp":"85263","dpto_cnmbr":"CASANARE","mpio_cnmbr":"PORE"}},{"type":"Polygon","arcs":[[-46,66,-48,-13]],"bbox":[-72.83960731636634,5.171380937094584,-72.69786891689859,5.383578799764193],"properties":{"dpto_ccdgo":"85","mpio_ccdgo":"279","mpio_cdpmp":"85279","dpto_cnmbr":"CASANARE","mpio_cnmbr":"RECETOR"}},{"type":"Polygon","arcs":[[-55,67,-20,-19,-18]],"bbox":[-73.07776750108975,4.661137850410666,-72.85670894742628,5.002663221035801],"properties":{"dpto_ccdgo":"85","mpio_ccdgo":"300","mpio_cdpmp":"85300","dpto_cnmbr":"CASANARE","mpio_cnmbr":"SABANALARGA"}},{"type":"Polygon","arcs":[[-50,68,-3,-51,-32]],"bbox":[-72.3655211267492,5.968109227832485,-72.02568883417037,6.131127905734971],"properties":{"dpto_ccdgo":"85","mpio_ccdgo":"315","mpio_cdpmp":"85315","dpto_cnmbr":"CASANARE","mpio_cnmbr":"SÁCAMA"}},{"type":"Polygon","arcs":[[36,-60,-40,-58,-65,69]],"bbox":[-72.1195920894362,5.005822844971306,-70.91119530709989,5.548937046534952],"properties":{"dpto_ccdgo":"85","mpio_ccdgo":"325","mpio_cdpmp":"85325","dpto_cnmbr":"CASANARE","mpio_cnmbr":"SAN LUIS DE PALENQUE"}},{"type":"Polygon","arcs":[[-63,-66,-59,-7,-6,-5,-4,-69]],"bbox":[-72.4630667721616,5.6958716191692425,-72.0087429186743,6.066274643233269],"properties":{"dpto_ccdgo":"85","mpio_ccdgo":"400","mpio_cdpmp":"85400","dpto_cnmbr":"CASANARE","mpio_cnmbr":"TÁMARA"}},{"type":"Polygon","arcs":[[-45,-53,-24,70,-56,-16,-47,-67]],"bbox":[-72.91615167137971,4.300720202753501,-72.25784719944221,5.184908400094354],"properties":{"dpto_ccdgo":"85","mpio_ccdgo":"410","mpio_cdpmp":"85410","dpto_cnmbr":"CASANARE","mpio_cnmbr":"TAURAMENA"}},{"type":"Polygon","arcs":[[-64,-61,34,35,-70]],"bbox":[-71.90530039255991,5.140601307197246,-70.60429008604127,5.572635948855998],"properties":{"dpto_ccdgo":"85","mpio_ccdgo":"430","mpio_cdpmp":"85430","dpto_cnmbr":"CASANARE","mpio_cnmbr":"TRINIDAD"}},{"type":"Polygon","arcs":[[-71,-23,-22,-21,-68,-54]],"bbox":[-73.04034498894254,4.287475279734878,-72.61684266174203,4.718896602897971],"properties":{"dpto_ccdgo":"85","mpio_ccdgo":"440","mpio_cdpmp":"85440","dpto_cnmbr":"CASANARE","mpio_cnmbr":"VILLANUEVA"}}]}},"arcs":[[[2775996,3069111],[-318,162],[-268,-12],[-1290,-390],[-939,54],[-1136,-75],[-622,-322],[-405,-472],[-295,-476],[-256,-1238],[-895,-1304],[-822,-1448],[-548,-556],[-1126,-682],[-481,-478],[-293,-425],[-85,-682],[-347,-437],[-201,-472],[-18,-180],[353,-496],[-213,-509],[-24,-466],[-177,-413],[-706,-1017],[-451,-1962],[-365,-921],[-2009,-1807],[-591,-837],[-810,-544],[-968,-1610],[-536,-448],[-176,-257],[-106,-549]],[[2758872,3047842],[63,-241],[737,-909],[590,-1262],[506,-204],[469,-24],[140,-125],[231,-503],[-548,-772],[-426,-1082],[-122,-401],[55,-413],[-61,-215],[-207,-473],[-511,-795],[-86,-856],[-517,-933],[-725,-939],[-207,-1101],[225,-1178],[-176,-1418],[24,-891],[-103,-826],[-493,-1010],[-640,-2196],[-1138,-1226],[-43,-772],[-164,-347],[-322,-339],[-181,-629],[-864,-1004],[-169,-348],[-486,-228],[-876,-204],[-540,-560],[-64,-413],[116,-376],[253,-332],[159,-50],[339,422],[813,590],[207,67],[723,-109],[213,33],[408,126],[85,133],[621,418],[753,108],[399,-44],[439,-459],[286,34],[636,-255],[393,50],[448,-74],[513,193],[56,-400],[-281,-1167],[313,-1883],[-79,-459],[175,-619],[-158,-635],[34,-525],[-66,-352],[-291,-834],[127,-891],[91,-90],[246,-28],[253,180],[555,186],[232,0],[528,-193],[514,-379],[194,-295],[436,-321],[157,-257],[102,-549],[274,-248],[1023,-514],[888,-831],[39,-431],[137,-256],[-93,-1618],[-341,-44],[-207,-142],[-475,-945],[47,-205],[284,-182],[82,-151],[-28,-320],[-139,-305],[-218,-207],[-761,-339],[-223,-32],[-538,163],[-570,-38],[-154,-151],[-178,-419],[-312,-187],[-441,-636],[-189,-573],[-56,-623],[166,-162],[518,-1041],[353,-532],[323,-775],[173,-184],[25,-247],[858,-191],[581,-273],[388,-335],[588,-290],[326,-444],[557,-257],[430,-459],[45,-254],[149,-19],[171,-246],[279,-39],[1271,-1074],[213,-263],[-734,42],[-306,-249],[-554,-16],[-481,-431],[-697,-398],[-433,-547],[-132,-381],[304,-406],[24,-412],[196,-361],[99,-462],[392,-594],[236,-570],[561,-619],[323,-239],[268,-395],[124,-413],[158,-178],[1117,-374],[1119,110],[1026,330],[955,423],[1655,285],[925,449],[4657,1417],[1865,762]],[[2781117,2994423],[-201,-1560],[81,-361],[189,-298],[734,-543],[135,-327],[-50,-224],[-574,-493],[-118,-261],[-114,-1442],[-181,-402],[-536,-332],[-114,-339],[-468,-464],[-1455,-556],[-443,-451],[-439,-287],[-531,-615],[-695,-241],[-1336,-1126],[-664,-401],[-415,-404],[-141,-383],[-158,-193],[-425,-266],[-358,-28],[-352,-190],[-868,-818],[-566,-210],[-1008,449],[-707,-7],[-323,-141],[-218,-166],[-225,-328],[-543,-1539],[63,-555],[-64,-556],[244,-834],[934,-1343],[1284,-457],[491,-394],[532,-1087],[856,-1113],[214,-179],[219,-380],[146,-461],[454,-877],[219,-728],[-15,-348],[427,-175],[444,-641],[251,-175]],[[2774729,2969173],[710,-380],[225,-600],[-317,-1464],[-295,-795],[28,-131],[288,-269],[303,-518],[98,-477],[-16,-1376],[-101,-86],[-369,77],[-158,-394],[-167,-180],[63,-313],[-29,-533],[-262,-1131],[258,-951],[-205,-456],[28,-362],[654,-984],[569,-657],[-667,-1695],[17,-252],[573,-1319],[734,-793],[107,-587],[146,-126],[306,58],[752,-195],[397,-536],[80,-427],[127,-212],[481,-153],[259,-380],[447,-262],[184,-344],[-101,-1582],[-182,-134],[-30,-246],[1,-276],[239,-649],[-446,-483],[19,-437],[-142,-770],[-278,-203],[-150,-240],[19,-355],[-97,-327],[51,-439],[147,-363],[-23,-486],[283,-224],[268,-359],[-127,-1073],[-175,-520],[-105,-677],[-361,-394],[-350,-1025],[-451,-522],[-289,-675],[-605,-489],[6,-185],[-362,-62],[-417,217],[-380,48],[-318,271],[-1447,31],[-757,379],[-1180,11],[-414,112],[-681,39],[-443,311],[-731,-56],[-171,296],[-173,95],[-732,15],[-637,236],[-187,172],[-678,-16],[-271,80],[-410,-300],[-750,-307],[-662,-62],[-228,151],[-312,21],[-464,346],[-266,31],[-289,261],[-139,272],[-367,186],[-291,35],[-261,238],[-523,21],[-207,122],[-432,-89],[-321,127],[-90,153],[-291,-64],[-606,286],[-257,-11],[-200,-103],[-363,10],[-367,-193],[-156,79],[-192,-23],[-327,-203],[-670,-62],[-393,218],[-221,2],[-420,-108],[-379,52],[-405,-236],[-479,-56],[-261,87],[-101,226],[-426,111],[-285,197],[-546,129],[-280,314],[-236,91]],[[2753246,2940965],[-405,-406],[-557,-895],[-421,-240],[-232,-8],[-232,-295],[-515,-257],[-291,59],[-257,-166],[-443,-104],[-447,-298],[-228,-419],[-829,-430],[-215,-307],[-283,-108],[-96,-359],[-220,-42],[-177,-618],[-1177,-327],[-198,-120],[-561,-725],[-359,-257],[-388,-21],[-485,157],[-113,-41],[-342,-572],[-970,-642],[-42,-365],[-148,-286],[13,-198],[-350,-643],[63,-397],[-55,-253],[-350,-402],[-363,-613],[-223,-17],[-287,-178],[-548,-1028],[-775,-1056],[41,-674],[-131,-650],[-229,-330],[0,-513],[-212,-892],[24,-329],[341,-267]],[[2739574,2924433],[349,622],[249,281],[350,220],[2349,-41],[1328,-125],[633,-298],[607,17],[574,-373],[510,8],[477,133],[590,-25],[726,-730],[559,-699],[310,-210],[343,117],[549,-124],[590,145],[865,10],[516,-118],[1303,-686],[1142,-164],[1751,-887],[1182,-84],[732,-805],[323,-924],[1057,-1206],[243,-523],[38,-802],[121,-482],[284,-402],[449,-41],[488,-202],[1509,-85],[448,-282],[1222,-325],[1383,-1007],[1223,-124],[774,-363],[693,-83],[1020,238],[1183,157],[816,38],[833,-102],[162,-93],[77,-152],[218,-1008],[464,-505],[1054,-352],[598,-21],[695,-193],[1027,145],[794,-331],[499,89],[204,-55],[204,-262],[-21,-1036],[506,-760],[176,-165],[400,-152],[654,-401],[351,-14],[556,567],[485,75],[703,-55],[140,166],[155,48],[197,-20],[562,-477],[309,-131],[1328,-82],[98,-124],[277,-109],[156,-204],[519,-286],[577,-543],[-231,-146],[-197,-307],[-292,-121],[65,-500],[230,-288],[31,-414],[-157,-224],[-273,-66],[-28,-368],[-341,-116],[60,-270],[449,-196],[203,74],[455,-519],[515,-354],[424,-770],[245,-94],[135,-216],[304,-66],[236,-296],[8,-189],[-129,-157],[-23,-407],[213,-106],[191,-220],[-149,-147],[-74,-328],[-258,-115],[-548,-538],[0,-124],[153,-181],[-20,-220],[-232,-182],[-215,-363],[104,-456],[278,-50],[75,-226],[622,-814]],[[2788218,2897576],[271,-94],[156,116],[70,-225],[284,-107],[711,13],[449,-510],[142,-355],[188,16],[169,-142],[708,-13],[138,-442],[127,199],[160,29],[84,140],[509,-155],[284,36],[200,190],[307,-135],[-236,-330],[357,-228],[-6,-225],[357,-322],[58,-276],[203,-124],[175,-352],[228,-80],[81,-734],[-238,-793],[211,-251],[454,-184],[186,-161],[-24,-190],[-691,-453],[-123,-263],[25,-464],[602,-488],[169,-323],[128,271],[113,68],[231,1],[459,-216],[375,109],[207,-65],[2,-211],[-135,-289],[50,-136],[278,-192],[-109,-397],[684,-1055],[313,-240],[-147,-536],[99,-211],[481,-116],[231,-260],[307,-141],[68,-205],[-34,-520],[412,-260],[-223,-361],[487,-293],[155,-274],[-70,-280],[156,-188],[432,0],[143,-158],[131,-319],[8,-561],[107,-218],[541,-314],[146,-417],[581,-233],[89,-433],[287,-280],[212,-183],[487,-225]],[[2802645,2880558],[133,-150],[114,-366],[-170,-534],[166,-242],[9,-151],[-61,-126],[-456,-182],[-159,-529],[-153,-173],[48,-392],[179,-295],[621,-79],[880,107],[534,608],[803,-105],[448,-280],[229,-47],[223,183],[196,306],[144,-12],[475,-382],[354,-72],[305,-211],[81,-521],[118,-227],[353,-98],[179,-229],[429,19],[413,-714],[375,-40],[333,225],[157,-28],[-69,-299],[-256,-286],[185,-108],[269,-431],[111,6],[187,202],[136,-3],[84,-100],[29,-198],[-170,-805],[-726,-646],[-435,-788],[-759,-236],[-2731,86],[-1890,-218],[-2180,-864],[-1745,-289],[-1607,319],[-1818,67],[-949,-440],[-321,-845],[-27,-1186],[1049,-1851],[1213,-1795],[730,-1573],[148,-1073],[-652,-1361],[-1751,-1995],[-4918,-4740],[-465,-1555],[-37,-1569],[1053,-2413],[129,-3464],[-1148,-2451],[-1269,-2332],[-505,-615],[-214,-780],[-242,-1782],[501,-4739],[74,-3667],[-188,-953],[-1039,-1421],[-616,-1185]],[[2787116,2825445],[-2692,-957],[-404,-50],[-1053,-877],[-783,-422],[-1188,19],[-1021,-278],[-988,19],[-584,126],[-937,638],[-1340,281],[-403,741],[-1105,405],[-792,620],[-58,539],[-149,242],[-75,564],[-174,240],[-709,301],[-365,588],[-288,238],[-876,354],[-559,128],[-243,1090],[-928,649],[-238,532],[-115,679],[-220,82],[-664,-13],[-421,132],[-422,545],[-394,1033],[-771,350],[-275,522],[-618,77],[-198,145],[-304,634],[92,748],[203,337],[-22,169],[-817,722],[-103,616],[-139,333],[-405,502],[-425,348],[-339,515],[-79,532],[31,404],[-172,478],[-1111,1114],[-625,214],[-313,238],[-550,224],[-271,418],[-649,447],[-143,310],[-149,92],[-470,-463],[-347,-84],[-1200,451],[-110,-164],[-34,-360],[-361,-94],[-262,-458],[-628,487],[-209,-25],[-228,-330],[163,-235],[-49,-303],[-147,-179],[-312,286],[-303,44],[-214,148],[-529,-16],[-529,-289],[-401,-29],[-322,-442],[-620,-3],[-187,-355],[-260,-197],[-97,-489],[115,-145],[328,-36],[36,-275],[-120,-140],[-205,-69],[-196,-281],[-522,-38],[-235,-165],[-10,-301],[154,-478],[-45,-219],[-143,-175],[116,-241],[-176,-293],[28,-321],[-62,-79],[175,-348],[-29,-211],[-176,42],[-213,374],[-222,-9],[103,-353],[-246,-424],[-681,-517],[34,-296],[-168,-32],[-347,-267],[-184,-434],[-932,-715],[-18,-433],[-282,-266],[11,-187],[-246,-387],[-159,-107],[-208,-11],[-130,-124],[-175,6],[-218,-153],[-144,-645],[82,-188],[-331,-299],[-401,-637],[-153,-356],[-115,-850],[-98,-229]],[[2744712,2829711],[650,-186],[24,-137],[-146,-144],[-380,-69],[-1019,-712],[-482,-55],[-1319,-673],[-578,-478],[-229,-501],[-1134,-486],[-1357,-1780],[-694,-415],[-325,-313],[-377,-759],[-312,-246],[-65,-284],[-579,-148],[-170,-268],[-140,-38],[-75,-162],[-208,-146],[-271,61],[-371,-117],[-1378,-1402],[-1097,-740],[-338,-59],[-192,-336],[-855,-680],[-99,-184],[67,-347],[-249,-1164],[-32,-498],[-328,-957],[56,-393],[-63,-398],[-358,-613],[-262,-683],[0,-531],[-190,-477],[-772,-1208],[-172,-773],[-1040,-1700],[-31,-516],[-102,-274],[-1589,-1801],[-364,-328],[-279,-17],[-1072,-336],[-755,-31],[-468,-218],[-401,-226],[-1130,-926],[-1892,-1168],[-544,-663],[-428,-784],[-631,-612],[-442,-1222],[-329,-518],[-532,-79],[-670,-555],[-743,-452],[-881,-876],[-906,-460],[-1186,-224],[-1147,-613],[-540,-406],[-168,-311],[-312,-224],[-564,-603],[-765,-288],[-1194,-1096],[-256,-45],[-222,94],[-172,-277],[-77,-594],[-215,-58],[-1198,-736],[-485,-386],[-546,-605],[-1126,-617]],[[2703491,2789461],[450,-414],[303,-24],[207,-158],[487,-1],[358,-504],[359,-300],[542,-119],[199,-244],[176,-40],[554,321],[219,23],[458,-286],[322,-538],[311,-216]],[[2708436,2786961],[-1084,-2770],[-1249,-1483],[-819,-1759],[-545,-674],[-255,-78],[-327,63],[-758,474],[-286,394],[-455,64],[-487,221],[-430,449],[-270,590],[-271,56],[-128,-23],[-248,-314],[-16,-189],[-219,-419],[-1,-343],[-540,-358],[-261,18],[-291,240],[-209,-29],[-565,232],[-271,4],[-752,-485],[-656,-588],[-608,-368],[-447,-172],[-887,-116],[-606,80],[-359,182],[-813,725],[-135,71],[-248,-31],[-183,-94],[-609,-620],[-1121,-1546],[-280,-204],[-1078,-36],[-767,-242],[-1193,-1468],[-88,-243],[220,-2262],[-293,-243],[-445,-214],[-695,-164],[-431,-235],[-1576,-1073],[-153,-841],[-394,-824],[-177,-629],[-338,-1430],[19,-260],[-506,-777],[-278,-277],[-418,-138],[-722,-643],[-1653,-169],[-551,56],[-176,-117],[-185,-503],[134,-1085],[-185,-377],[-375,-172],[-631,-93],[-1031,-352],[-750,-14],[-1351,-445],[-600,-698],[-361,-731],[-1080,-1059],[-207,1],[-367,174],[-176,-24],[-168,-204],[0,-125],[-1039,-336],[-535,-66],[-352,-192],[-808,19],[-84,-231],[77,-462],[119,-122],[181,-36],[116,-334],[-347,-554]],[[2669049,2757911],[-63,260],[-550,583],[-169,311],[-168,-424],[-174,-82],[-323,301],[-299,-40],[-215,230],[-431,66],[-42,165],[276,94],[-317,431],[-484,296],[-388,125],[-341,-132],[-313,39],[-273,-71],[-372,382],[-243,669],[-316,294],[154,267],[-59,394],[-707,276],[-14,117],[111,173],[-173,174],[14,601],[102,295],[435,474],[-211,341],[125,411],[-174,254],[296,453],[-17,188],[126,224],[-245,160],[-77,324],[-120,119],[-143,389],[-319,227],[81,198],[-167,272],[67,560],[-255,272],[105,392],[-148,168],[102,232],[-358,334],[-365,107],[-69,331],[-297,138],[-57,136],[132,339],[-60,148],[-263,213],[-694,60],[-779,-240],[-299,7],[-323,289],[-928,120],[-185,189],[-318,-11],[-184,337],[-126,71],[-455,83],[-197,136],[-360,7],[-119,289],[-209,71],[-185,284],[-353,254],[-250,608],[-185,59],[-168,178],[-898,72],[-305,148],[-83,219],[-593,-70],[-323,125],[-185,248],[-281,130],[-120,171],[-53,278],[-239,142],[-60,295],[-269,195],[-239,-23],[-192,106],[-95,277],[-317,166],[-483,780],[156,353],[-347,201],[-118,372],[-246,207],[-95,189],[-777,603],[-83,295],[-216,106],[-47,195],[-424,390],[-197,637],[139,307],[-12,259],[-233,284],[-347,71],[-538,408],[-23,213],[126,400],[-232,467],[-299,142],[-119,395],[-168,189],[-153,944],[-419,125],[-137,212],[-353,243],[-155,242],[-258,130],[-651,567],[-449,54],[-78,201],[-567,497],[-593,278],[-928,155],[-179,307],[-1052,692],[-60,189],[49,118],[-90,130],[-395,1],[-455,154],[-779,-4],[-347,77],[-1058,698],[-287,71],[-486,-341],[-319,-595],[64,-633]],[[2636109,2788354],[-1492,-1241],[-521,-638],[-706,-550],[-1206,-244],[-790,-619],[-306,-125],[-1517,125],[-570,-274],[-611,-92],[-621,-579],[-431,6],[-472,-1001],[-343,-533],[-175,-883],[-154,-360],[-1198,-816],[-305,-349],[-653,-1092],[-152,-679],[-326,-201],[-193,-329],[-1282,-491],[-2164,74],[-93,382],[38,552],[415,1080],[-250,765],[19,685],[-644,83],[-1436,1178],[-656,145],[-1012,845],[-737,448],[-323,391],[-881,-1286],[-242,-1316],[139,-284],[87,-476],[336,-513],[729,194],[425,30],[630,-143],[49,-69],[-728,-410],[-315,-315],[-305,-1062],[-405,-289],[-88,-150],[-100,-604],[-364,-984],[-728,-774],[-254,-745],[30,-577],[332,-1099],[-27,-183],[-269,-474],[64,-440],[-58,-440],[227,-841],[219,-420],[-403,-260],[-159,-455],[-554,-572],[-402,-232],[-821,-1152],[-1183,-2186],[-289,-1175],[-14,-365],[176,-334],[316,-313],[1576,-858],[488,-522],[114,-455],[38,-769],[-107,-620],[-1018,-2224],[164,-1701],[-178,-924],[-530,-1162],[-248,-329],[-511,-618],[-975,-933],[-1413,-1629],[-739,-682],[-269,-424],[-1004,-1908],[-851,-2134],[-155,-573],[-98,5],[-1284,-1476],[-147,-539],[-23,-564],[87,-582],[-67,-585],[-578,-676],[-45,-278],[-252,-477],[-542,-324],[-244,-533],[-105,-74],[-644,-116],[-520,-307],[-599,-64],[-627,-408]],[[2599106,2737840],[-142,-316],[-425,-356],[-159,-648],[-296,-230],[-695,-200],[-377,-492],[-487,-295],[-110,-251],[21,-673],[-798,-553],[-40,-94],[146,-274],[18,-212],[-284,-1223],[350,-512],[-99,-392],[-363,-629],[-111,-741],[-205,-180],[-632,-82],[-194,-86],[-132,-165],[-404,-1021],[-494,-539],[-111,-839],[-143,-316],[-1156,-459],[-44,-108],[376,-245],[134,-479],[-84,-266],[-512,-338],[-52,-468],[-183,-262],[-647,-215],[-1111,-95],[-582,-345],[-158,-413],[-285,-374],[-330,-216],[117,-219],[-2,-904],[110,-180],[430,-188],[215,-601],[507,-354],[-85,-417],[465,-948],[84,-79],[489,-4],[128,-73],[-8,-298],[135,-227],[-85,-310],[121,-115],[36,-187],[143,7],[336,251],[168,11],[157,-292],[807,-153],[665,-267],[196,-594],[1135,-870],[900,-962],[643,-300],[540,-134],[303,-206],[300,14],[361,-220],[518,-725],[266,-281],[295,-162],[416,-516],[170,-1209],[276,-738],[259,-228],[200,-328],[832,-584],[372,-451],[288,-518],[179,-152],[458,-188],[370,-49],[916,18],[360,109],[683,421],[809,368],[1160,339],[941,80]],[[2607385,2708625],[256,-284],[447,-759],[327,-1379],[13,-1617],[-90,-1564],[61,-1478],[382,-1565],[61,-882],[164,-782]],[[2609006,2698315],[-1550,-965],[-394,-363],[-942,-1174],[-767,-725],[-478,-266],[-578,-185],[-295,-208],[-1346,-1304],[-177,-52],[-436,-359],[-319,-406],[-527,-1096],[-60,-581],[111,-604],[153,-302],[535,-639],[505,-866],[146,-686],[-153,-336],[-1092,-921],[-1463,-648],[-1312,-350],[-321,-473],[-849,-588],[-1419,-1312],[-1451,-1507],[-933,-1315],[-243,-470],[-53,-203],[175,-1086],[-36,-302],[-171,-325],[-921,-852],[-637,-382],[-649,-196],[-483,-290],[-443,-388],[-679,-1090],[-114,-1004],[105,-442],[-124,-377],[-1426,-1404]],[[2587895,2671273],[-704,696],[-289,683],[-230,299],[-337,-26],[-513,261],[-112,72],[-13,214],[-362,176],[-66,143],[-487,267],[-158,189],[-534,260],[-177,207],[-362,-138],[-383,-9],[-435,79],[-217,241],[-271,-97],[-204,32],[-290,215],[-316,53],[-421,357],[-290,124],[-473,930],[-343,286],[-526,832],[-151,124],[-521,14],[-309,182],[-185,-91],[-139,-207],[-329,176],[-323,52],[-72,46],[-66,370],[-177,169],[-402,137],[-217,377],[-369,-135],[-53,71],[159,247],[-53,71],[-468,150],[-185,-51],[-231,-234],[-204,169],[-237,-58],[-119,-136],[401,-449],[-21,-844],[-264,-383],[-587,-317],[-14,-598],[-397,-583],[-199,-676],[-428,-181],[-1433,-1485],[-210,-82]],[[2571579,2673464],[-92,-268],[23,-279],[315,-558],[111,-1135],[-19,-1364],[-327,-107],[-362,-404],[-311,-545],[-219,-785],[-369,9],[-235,-132],[-59,-330],[107,-835],[-244,-570],[-294,-330],[-168,25],[-117,-149],[-118,-512],[-254,-1512],[125,-223],[-35,-595],[-67,-99],[-302,-66],[-185,-247],[16,-488],[234,-678],[318,-314],[0,-174],[-84,-190],[-235,-198],[-428,141],[-327,-189],[-118,-512],[-219,-397],[-466,-496],[14,-190],[156,-214],[-426,-381],[-212,-334],[-63,-544],[-425,-636],[-138,-623],[154,-1265],[216,-507],[-25,-618],[155,-874],[-34,-316],[-236,-330],[150,-823],[-72,-567],[305,-1051],[1068,-1995],[413,-926],[122,-702],[-204,-502],[-63,-1288],[56,-292],[282,-498],[-28,-195],[-123,-261],[-496,-473],[-601,-915],[-477,-241],[-707,6],[-199,-74],[-524,-492],[-95,-451],[297,-377],[225,-688],[-62,-484],[-293,-571],[-1167,-788],[-406,-130],[-599,-55],[-406,-301],[-298,-442],[-43,-325],[245,-632],[32,-698],[-147,-283],[-600,-473],[-241,-400],[-382,-269],[-289,-469],[-147,-660],[-402,-696],[-1,-819],[103,-386],[-256,-906],[-63,-1036],[-66,-135],[-628,-162],[-118,-190],[-138,-483],[-482,-980],[-317,-335],[-834,-2541],[-14,-293],[192,-512],[156,-135],[745,-280],[1186,-1261],[52,-419],[-133,-450],[-265,-204],[-302,-497],[9,-219],[118,-214],[1022,-875],[995,-216],[193,-116],[291,-493],[117,-716],[504,-582],[207,-423],[130,-1367],[541,-708],[651,-266],[480,-498],[231,-915],[-57,-328],[50,-236],[251,-310],[496,-305],[157,-217],[307,-639],[294,-924],[138,-180],[635,-360],[75,-155],[-121,-1252],[363,-732],[-367,-1400],[-208,-595],[-855,-1359],[-595,-509],[-236,-438]],[[2565067,2602074],[555,-593],[281,-691],[412,-596],[141,-531],[-1010,-1776],[-415,-952],[-66,-283],[80,-442],[-31,-834],[-163,-1101],[-11,-904],[-248,-866],[-6,-416],[633,-972],[535,-1783],[306,-216],[557,-193],[416,-397],[174,-305],[-89,-1042],[1309,-1916],[355,-385]],[[2568782,2584880],[-107,-373],[63,-538],[633,-788],[485,-1346],[738,-643],[612,-766],[801,-1512],[316,-767],[633,-601],[464,-269],[590,-332],[1308,-435],[295,-248],[105,-352],[85,-912],[-42,-974],[-232,-290],[-85,-414],[169,-477],[232,-165],[422,-83],[927,-42],[1308,-766],[949,-1119],[169,-435],[42,-497],[126,-332],[591,-435],[1138,-1512],[414,-132],[1084,194],[506,-124],[1181,-663],[843,-829],[612,-249],[1112,-208],[764,-1390],[501,-596],[123,-138],[325,-104],[1072,-944],[694,-3391],[118,-1068],[2,-992],[1010,-2775],[1186,-1081],[1554,-929],[685,-875],[77,-365],[-492,-1679],[-282,-523],[15,-395],[138,-411],[152,-197],[1250,-349],[155,-121],[474,-1235],[1812,-2676],[285,-722],[23,-484],[-202,-1424],[222,-495],[460,-313],[571,-158],[619,-9],[1350,171],[1277,-370],[1125,-1364],[1355,-2028],[894,-945],[1330,-1039],[1436,-1646],[237,-469],[56,-516],[-20,-609],[-144,-675],[121,-1279],[133,-202],[760,-461],[180,-281],[114,-291],[93,-947],[190,-525],[1102,-283],[389,-328],[313,-563],[247,-235],[1681,-499],[209,-179],[247,-431],[342,-263],[1130,-490],[408,-319],[835,-845],[351,-797],[387,-1435],[237,-281],[304,-160],[219,-1],[904,693],[1217,419],[731,-118],[644,-261],[1239,-671],[444,-624],[1707,-3485],[632,-943]],[[2626986,2514032],[419,-374],[722,-271],[908,37],[294,87],[433,281],[477,16],[371,-195],[1013,-774],[565,-140],[719,24],[759,746],[296,189],[308,63],[655,-153],[771,-453],[360,-521],[136,-433],[-1,-511],[-186,-375],[-362,-356],[-547,-307],[-1172,-56],[-635,69],[-391,-77],[-371,-192],[-206,-240],[-108,-289],[238,-589],[585,-630],[2881,-1034],[862,-400],[500,-378],[162,-208],[150,-420],[-19,-1526],[101,-846],[86,-164],[420,-336],[356,-91],[442,84],[1964,757],[712,196],[905,-114],[253,-101],[329,-282],[215,-399],[42,-447],[-157,-659],[-290,-511],[-1149,-1170],[-1087,-417],[-849,-495],[-202,-227],[-123,-318],[-58,-695],[107,-433],[150,-220],[654,-384],[984,-313],[683,-15],[1042,-165],[1077,-640],[984,-406],[762,-58],[897,201],[613,-40],[422,-177],[860,-859],[725,-1171],[84,-1643],[-195,-320],[-495,-371],[-664,-333],[-701,117],[-832,566],[-377,39],[-286,-141],[-195,-282],[-105,-602],[206,-885],[207,-385],[338,-334],[533,-258],[467,-103],[677,166],[846,793],[391,115],[481,-27],[532,-231],[260,-283],[155,-372],[-118,-397],[-260,-320],[-1107,-806],[-443,-461],[-378,-1038],[-14,-526],[246,-333],[1767,-645],[3653,-365],[1390,-400],[1338,-733],[558,-602],[219,-912],[102,-1501],[-266,-1647]],[[2657456,2478267],[261,-224],[458,-25],[515,150],[1183,-18],[515,-215],[1197,-819],[729,-861],[1230,-1991],[814,-774],[536,-244],[536,-86],[1105,-139],[1841,-46],[1285,-670],[1447,-498],[347,28],[745,423],[502,502],[277,519],[197,1750],[-65,995],[-320,1592],[-12,875],[108,398],[216,384],[324,397],[390,291],[1211,303],[1318,223],[1210,-15],[1035,-122],[1768,179],[568,-77],[660,-213],[583,-379],[1763,-1563],[1103,-1244],[751,-562],[572,-227],[1393,774],[1789,-411],[652,-57],[564,54],[159,55],[662,854],[310,204],[346,163],[1009,203],[539,217]],[[2693782,2478320],[955,720],[1144,662],[546,155],[528,51],[422,-53],[932,-453],[1061,-273],[436,-19],[697,-326],[860,-596],[498,-621],[1255,-1157],[1178,-682],[801,-52],[568,83],[939,304],[767,602],[268,432],[190,501],[-118,1223],[-1398,2532],[19,671],[265,814],[568,876],[498,569],[856,579],[670,238],[890,112],[855,238],[1249,669],[325,558],[232,842],[-16,985],[-177,531],[-45,558],[302,1082],[221,318],[300,159],[844,158],[1039,-127],[1142,-652],[208,-274],[850,-2166],[530,-673],[692,-480],[2241,30],[1709,-118],[1210,-205],[1367,-512],[3344,-1573],[1465,-994],[427,-206],[1028,-241],[1329,270],[1223,-264],[1719,-949],[819,-731],[807,-583],[542,-354],[243,-23],[242,68],[209,170],[409,1029],[232,408],[298,270],[231,136],[439,33],[1435,450],[746,451],[304,469],[88,316],[-59,786],[165,538],[747,674],[1318,475],[868,1084],[749,1655],[365,512],[737,434],[1136,493],[823,93],[399,-147],[1453,-942],[1021,-447],[458,-599],[328,-693],[137,-735],[23,-939],[-427,-1264],[-402,-1614],[-114,-845],[42,-547],[276,-624],[216,-249],[1350,-575],[1143,-225],[866,41],[1457,689],[746,631],[1024,946],[1391,1808],[321,196],[615,178],[1889,252],[1534,466],[1613,273],[1170,772],[590,281],[303,24],[572,-120],[502,41],[695,494],[1486,1520],[1112,1376],[336,626],[128,455],[637,557],[243,364],[507,1198],[-18,270],[-449,855],[-208,832],[66,315],[302,278],[676,271],[878,-14],[3174,-793],[647,-70],[632,171],[401,257],[2428,2451],[672,1064],[360,785],[454,1685],[120,1925],[187,904],[473,695],[348,1210],[170,163],[554,237],[637,52],[658,228],[1495,1445],[755,393],[686,199],[762,-21],[478,-137],[2941,-68],[1309,-140],[832,74],[2190,490]],[[2799833,2509658],[645,141],[247,212],[1727,3281],[847,831],[802,372],[2618,285],[2404,-796],[603,-44],[1082,251],[1405,-218],[1616,204],[1776,-406],[546,-259],[1148,-782],[1058,539],[636,-266],[480,-108],[487,3],[1479,394],[601,14],[735,143],[1455,648],[104,379],[21,508],[191,269],[1397,417],[1897,186],[462,202],[392,407],[500,58],[759,-119],[1163,-331],[1543,114],[1069,-27],[712,-165],[687,-307],[1131,-668],[759,-267],[1493,-52],[1493,-197],[1126,-341],[1883,-971],[1272,-438],[635,-509],[611,-315],[2300,-948],[2933,-1770],[1711,-1212],[1655,-804],[551,-138],[289,-166],[195,-205],[418,-887],[203,-822],[-114,-826],[-123,-313],[-924,-554],[-180,-192],[-13,-990]],[[2854431,2502103],[319,-574],[25,-851],[242,-471],[469,-590],[937,-794],[756,-922],[911,-692],[573,-153],[624,-51],[832,155],[1092,617],[1742,593],[2808,1671],[1612,540],[728,104],[1249,-97],[4175,-766],[1192,-120],[1748,-363],[1645,185],[760,163],[617,264],[1479,1198],[1335,711],[986,853],[267,629],[449,2210],[267,690],[328,487],[432,244],[534,142],[1994,84],[453,142],[842,610],[185,263],[20,223],[-290,1541],[164,852],[184,264],[350,243],[966,427],[452,285],[2772,2416],[534,548],[349,426],[247,507],[327,994],[678,1014],[349,325],[432,203],[1726,509],[1665,793],[945,852],[410,589],[924,1055],[493,427],[842,974],[493,446],[267,426],[246,649],[164,731],[346,2818],[513,1136],[349,528],[514,467],[534,325],[1314,1299],[494,264],[2281,834],[2056,407],[1028,488],[884,549],[964,1582],[493,649],[513,1035],[1868,3023],[1397,1644],[1644,1279],[1213,549],[1068,670],[1028,852],[739,386],[1028,792],[1048,1015],[1294,1644],[819,2778],[678,1481],[266,791],[616,1116],[595,812],[761,588],[1316,509],[1069,163],[1049,102],[2385,-38],[782,-283],[2172,-1596],[1429,-63],[1008,41],[859,203],[662,332],[307,-17],[589,-178],[1265,-904],[802,-242],[2901,-525],[1480,-141],[1070,22],[822,223],[761,447],[1911,1604],[1624,995],[2015,1015],[1583,529],[1418,711],[1319,789],[3451,1080],[1255,549],[3176,2267]],[[2973572,2565328],[990,505],[546,131],[3993,386],[737,201],[728,332],[1645,965],[1747,1243],[1948,2305],[2821,1894],[522,248],[787,235],[1521,262],[819,262],[1481,770],[923,580],[826,1094],[434,878],[1172,1694],[1129,1457],[1780,2851],[326,322],[586,343],[674,300],[2455,795],[739,150],[1130,129],[1131,-42],[1217,215],[3216,260],[3891,45],[652,65],[673,171],[1152,622],[413,451],[580,846],[524,1304],[478,653],[570,495],[570,247],[776,248],[2554,451],[935,248],[548,203],[1664,1148],[900,331],[2976,406],[3513,1139],[3580,872],[4452,1574],[1599,680],[1021,591],[1555,1139],[2598,1972],[1620,1358],[1221,1139],[2335,2671],[376,362],[833,460],[1072,60],[714,-310],[1467,-1116],[333,-153],[555,-66],[689,110],[1510,570],[1421,351],[2045,375],[1836,117],[711,147],[563,263],[444,525],[1300,952],[1366,542],[1601,757],[555,49],[1253,-295],[474,32],[348,181],[516,428],[350,427],[449,788],[1865,2743],[450,410],[983,543],[1582,1888],[450,345],[766,362],[1083,378],[350,279],[432,1215],[567,559],[499,197],[967,-98],[350,-230],[200,-296],[566,-443],[917,-295],[450,49],[616,197],[1499,888],[3032,1281],[1000,756],[1665,1035],[1750,870],[1066,345],[849,165],[800,16],[3616,-459],[1798,-53],[968,218],[2065,1084],[2583,1101],[2349,1889],[2632,1905],[1533,591],[1516,756],[599,509],[2934,3104],[566,479],[1024,1142],[400,331],[2312,1143],[1856,704],[1593,416],[1111,171],[4047,1293],[703,440],[305,319],[253,380],[467,1339],[400,401],[2486,1217],[821,884],[1081,573],[996,243],[1308,-58],[451,122],[315,298],[527,772],[298,185]],[[3515299,2980798],[-266,-80],[-6423,-115],[-2849,314],[-1473,524],[-4084,1962],[-1445,1110]],[[3498759,2984513],[-1587,1626],[-524,805],[-261,805],[-119,732],[-756,856],[-355,639],[-59,1566],[178,1393],[531,870],[532,1393],[177,1566],[-236,349],[-473,406],[-1417,1044],[-532,232],[-709,580],[-1594,581],[-827,116],[-827,406],[-1299,870],[-237,290],[-73,-27],[-988,550],[-554,518],[-1103,3422],[-989,1783],[-1166,1324],[-1342,807],[-905,289],[-584,59],[-1169,-55],[-526,-85],[-673,-315],[-1054,-1090],[-673,-458],[-731,-257],[-521,-69],[-300,-265],[-457,-121],[-1160,17],[-633,121],[-562,173],[-1001,500],[-370,449],[-158,553],[71,967],[210,448],[36,1312],[281,380],[351,743],[404,1536],[-35,587],[-246,535],[-632,587],[-826,311],[-527,104],[-616,-18],[-597,-535],[-299,-759],[-386,-2158],[-897,-1071],[-316,-190],[-615,-207],[-1335,86],[-862,501],[-1282,950],[-1793,449],[-914,552],[-298,35],[-1125,932],[-457,242],[-1107,-52],[-703,-449],[-1072,-1157],[-562,-242],[-1178,-34],[-1581,121],[-492,155],[-1582,760],[-1054,915],[-246,397],[-88,397],[0,639],[158,673],[685,846],[299,224],[1055,363],[1950,328],[457,0],[791,259],[509,276],[457,294],[440,604],[88,328],[17,656],[-228,328],[-475,483],[-422,87],[-1388,0],[-1968,-553],[-1265,-17],[-422,121],[-720,552],[-334,1123],[-18,2935],[106,1726],[-123,639],[-686,690],[-527,294],[-527,138],[-686,380],[-790,172],[-1775,812],[-1845,1985],[-686,432],[-386,380],[-492,707],[-405,432],[-1054,794],[-351,0],[-334,-103],[-1705,17],[-1353,-311],[-861,-17],[-562,86],[-1143,1295],[-421,1122],[17,1968],[-88,1589],[-193,1346],[-334,1071],[-404,466],[-791,725],[-703,276],[-1968,1112],[-787,24],[-591,-147],[-398,-120],[-574,-355],[-530,-147],[-636,-59],[-485,122],[-714,687],[-872,1260],[-428,2300],[-105,773],[28,425],[80,425],[186,251],[609,147],[407,407],[44,286],[-122,652],[-176,321],[-670,452],[-2048,342],[-494,-16],[-362,-182],[-487,-711],[-82,-1180],[-559,-1700],[-434,-633],[-566,-606],[-1060,-580],[-450,-16],[-1077,271],[-732,357],[-670,469],[-1868,2312],[-775,834],[-847,566],[-432,61],[-310,-112],[-875,-1101],[-575,-589],[-433,-320],[-733,-181],[-407,-26],[-847,253],[-838,323],[-1102,644],[-1121,297],[-309,-52],[-407,-199],[-513,-936],[-398,-208],[-415,140],[-1384,1026],[-212,18],[-345,-364],[-36,-400],[-283,-563],[-380,-382],[-239,-77],[-618,35],[-838,436],[-547,70],[-2420,-317],[-1157,-649],[-1343,-545],[-239,-234],[-310,-581],[-177,-746],[-177,-356],[-248,-242],[-336,-147],[-1024,-251],[-538,140],[-706,557],[-828,825],[-327,209],[-1579,697],[-1332,835],[-406,131],[-371,-34],[-291,-139],[-283,-251],[-221,-347],[-275,-711],[-195,-252],[-645,-476],[-265,-34],[-697,435],[-784,1068],[-934,1086],[-273,218],[-274,96],[-273,-9],[-186,-121],[-142,-234],[493,-1320],[-195,-494],[-256,-165],[-2137,55],[-1271,-215],[-89,174],[54,468],[239,321],[151,590],[-52,842],[-149,330],[-1262,748],[-538,504],[-326,157],[-1545,176],[-1121,-85],[-882,574],[-2614,-179],[-1553,219],[-1685,914],[-653,565],[-415,252],[-617,244],[-468,-17],[-301,-112],[-238,-122],[-867,-797],[-317,-69],[-574,218],[-485,434],[-644,366],[-194,9],[-442,-182],[-513,-451],[-601,-988],[-469,-503],[-769,-546],[-265,-95],[-485,-43],[-1281,80],[-2498,-491],[-583,84],[-1207,533],[-508,83],[-488,-134],[-954,-478],[-519,-104],[-911,-30],[-1346,210],[-858,-113],[-286,-229],[-96,-177],[-117,-396],[74,-375],[275,-365],[603,-407],[328,-354],[127,-427],[-32,-386],[-181,-322],[-689,-468],[-933,-311],[-297,-219],[-996,-415],[-477,-31],[-688,303],[-2035,-643],[-1654,-1300],[-764,-437],[-752,-280],[-1463,-363],[-2118,148],[-763,-51],[-615,-166],[-318,-322],[-244,-625],[-23,-1552],[-584,-1051],[-467,-593],[-456,-343],[-339,-177],[-795,-124],[-1122,428],[-1569,-321],[-752,11],[-350,-104],[-784,-436],[-912,-801],[-1235,-799],[-628,-538],[-464,-688],[-1024,-899],[-718,-144],[-1938,-603],[-1227,-471],[-468,495],[-260,445],[-129,850],[-10,716],[-130,367],[-823,1062],[-955,512],[-667,77],[-310,-43],[-364,-379],[-769,-399],[-855,-1233],[-474,-199],[-300,-27],[-254,72],[-395,239],[-248,617],[-73,1161],[-214,245],[-384,189],[-723,-38],[-340,-161],[-1787,-1581],[-339,-156],[-633,-44],[-728,179],[-548,484],[-107,528],[86,594],[-113,616],[-756,484],[-441,-5],[-317,-255],[-328,-572],[-363,-1466],[-221,-472],[-469,-405],[-204,-83],[-604,12],[-1612,875],[-1023,117],[-427,-188],[-149,-198],[-160,-739],[-233,-334],[-667,-113],[-466,167],[-276,354],[-434,292],[-932,147],[-551,-229],[-456,-312],[-679,-927],[-349,-343],[-657,-72],[-180,31],[-413,344],[-212,63],[-307,73],[-509,-83],[-328,-291],[-828,-1478],[-742,-437],[-233,114],[-423,459],[-635,1334],[-180,219],[-614,250],[-477,42],[-508,-93],[-1431,-666],[-657,-561],[-244,-94],[-911,-62],[-1092,-311],[-1577,-93],[-1791,-787],[-1218,-98],[-248,-81],[-659,-391],[-301,-287],[-378,-558],[-471,-291],[-320,-70],[-392,-42],[-639,67],[-195,141],[-377,1055],[-618,509],[-661,329],[-322,75],[-445,-45],[-445,-166],[-1475,-941],[-1666,-628],[-352,-41],[-936,400],[-690,509],[-483,163],[-445,50],[-848,-149],[-401,-168],[-283,-231],[-338,-690]],[[3254109,3032919],[-210,-353],[-881,-756],[-597,-178],[-734,128],[-778,646],[-103,230],[-78,280],[-42,1232],[-164,620],[-121,119],[-164,68],[-683,-33],[-562,-221],[-441,-331],[-1789,-398],[-276,60],[-1106,740],[-794,960],[-562,264],[-363,60],[-1080,17],[-614,-169],[-700,-374],[-510,-458],[-579,-93],[-233,42],[-406,187],[-450,374],[-190,196],[-172,476],[-43,510],[61,263],[657,1835],[-388,637],[-294,179],[-674,9],[-778,-161],[-795,-433],[-778,119],[-129,94],[-198,1359],[-311,493],[-363,298],[-423,229],[-622,188],[-657,161],[-614,52],[-1045,306],[-1089,-161],[-1642,-827],[-363,-846],[-619,-362],[-886,917],[-598,824],[-286,136],[-755,21],[-827,-173],[-565,-1069],[-594,-395],[-502,-576],[-374,-299],[-573,-1013],[-282,-334],[-594,-138],[-325,-7],[-1235,417],[-368,0],[-756,-215],[-1003,-680],[-409,-173],[-410,-28],[-1441,418],[-840,403],[-982,118],[-586,-62],[-367,-167],[-325,-326],[-241,-333],[-92,-451],[42,-688],[240,-708],[-42,-340],[148,-1306],[-665,-631],[-692,-195],[-424,8],[-381,166],[-381,320],[-522,729],[-445,993],[-635,612],[-544,160],[-311,-118],[-495,-431],[-494,-208],[-1737,35],[-262,112],[-889,1160],[-509,458],[-218,90],[-1307,-263],[-660,-606],[-468,-258],[-526,-115],[-555,115],[-2367,949],[-1812,-258],[-1550,-574],[-847,-488],[-614,-776],[-439,-374],[-555,-229],[-1432,144],[-585,115],[-496,230],[-468,489],[-751,492],[-469,548],[-849,687],[-679,200],[-353,26],[-1369,-121],[-591,-156],[-636,-9],[-1148,235],[-1017,-4],[-613,-201],[-191,-159],[-207,-182],[-640,-902],[-745,-280],[-1116,-285],[-336,17],[-1006,391],[-1137,1085],[-701,402],[-276,271],[-163,404],[155,492],[-923,888],[-539,651],[-944,807],[-466,539],[-643,431],[-1114,986],[-406,135],[-292,-29],[-381,-202],[-1373,-27],[-497,172],[-1019,752],[-1006,1136],[-657,468],[-953,927],[-297,167],[-360,11],[-339,-344],[-21,-396],[127,-344],[678,-677],[243,-823],[-127,-385],[-403,-406],[-593,-229],[-635,-52],[-689,239],[-540,427],[-1096,18],[-1198,173],[-677,-72],[-1778,-503],[-1111,345],[-632,618],[-128,302],[-1400,1607],[-383,30],[-776,-311],[-568,197],[-169,310],[-911,401],[-375,256],[-472,452],[-1631,2276],[-345,306],[-785,328],[-469,-23],[-740,-394],[-537,-539],[-1142,-1416],[-875,-895],[-486,-428],[-966,-388],[-390,-89],[-837,-28],[-712,211],[-265,1800],[-119,383],[-254,405],[-311,167],[-531,11],[-865,-283],[-282,-145],[-334,-328],[-147,-350],[-45,-383],[182,-1276],[-141,-572],[-560,-717],[-452,-217],[-344,-83],[-413,78],[-1017,500],[-802,588],[-554,195],[-1170,144],[-491,33],[-1741,-650],[-1559,-17],[-277,134],[-175,266],[282,1089],[-108,700],[-367,422],[-362,194],[-446,161],[-311,-166],[-469,55],[-1203,467],[-871,188],[-457,217],[-1272,1027],[-1345,728],[-283,27],[-762,-800],[-560,-244],[-435,-6],[-1240,1180],[-975,614],[-349,94],[-1272,72],[-572,208],[-487,292],[-403,416],[-721,1417],[-1129,924],[-893,460],[-673,161],[-659,-116],[-707,-391],[-379,-356]],[[3104816,3054564],[-168,-434],[129,-352],[244,-333],[1324,-268],[442,-165],[441,-382],[195,-573],[-486,-512],[-697,-486],[-1713,-105],[-371,-104],[-1165,-704],[-415,-486],[-653,-1649],[124,-495],[663,-1223],[114,-417],[-105,-304],[-309,-243],[-442,-139],[-450,148],[-1104,911],[-715,442],[-1342,399],[-1078,520],[-1104,946],[-521,1493],[-194,225],[-1917,1041],[-618,243],[-583,-26],[-194,-61],[-379,-391],[-36,-243],[133,-911],[-70,-304],[-468,-417],[-71,-217],[-52,-2100],[124,-1528],[-88,-408],[-292,-270],[-370,-112],[-371,26],[-167,95],[-186,269],[9,469],[220,469],[132,607],[-70,617],[-425,868],[-574,346],[-2083,330],[-2658,-609],[-953,-339],[-1042,-591],[-589,-458],[-990,-1426],[-353,-764],[-291,-243],[-724,-964],[-679,-495],[-777,-356],[-539,0],[-3805,1066],[-186,-9],[-273,-182],[-150,-226],[-80,-547],[637,-1493],[71,-798],[-97,-339],[-106,-147],[-477,-157],[-1615,95],[-1272,-183],[-361,-521],[-44,-295],[-26,-538],[150,-877],[-123,-790],[-477,-677],[-802,-469],[-419,-67],[-424,77],[-435,211],[-548,56],[-2548,-435],[-475,27],[-265,122],[-515,467],[-390,605],[-520,611],[-548,61],[-209,-50],[-300,-278],[-282,-462],[-73,-211],[6,-833],[-180,-900],[-204,-133],[-322,-34],[-650,311],[-418,555],[152,1022],[445,1423],[-152,305],[5,772],[-204,300],[-740,211],[-898,-23],[-351,-156],[-1400,-1084],[-559,-228],[-351,-50],[-808,188],[-1837,1332],[-463,33],[-1566,349],[-955,39],[-802,-234],[-316,-856],[-95,-750],[577,-1769],[-62,-795],[-163,-552],[-130,-211],[-372,-161],[-582,16],[-1424,455],[-588,466],[-340,449],[-40,650],[-848,744],[-79,145],[-40,616],[-803,844],[-791,116],[-989,966],[-520,366],[-859,272],[-791,-51],[-356,-194],[-175,-295],[-28,-267],[136,-411],[1001,-1154],[418,-256],[763,-771],[945,-1205],[345,-1427],[100,-1123],[-220,-1163],[-370,-729],[-477,-304],[-424,-27],[-538,165],[-1890,1405],[-787,824],[-812,251],[-609,-322],[-265,-286],[-220,-486],[-61,-1476],[-202,-512],[-247,-183],[-1298,-200],[-759,260],[-592,95],[-1759,-923],[-328,-717],[-338,-406],[-1525,-762],[-1045,-312],[-147,94],[-136,245],[-754,569],[-119,265],[-217,774],[-36,1207],[-136,489],[-645,649],[-458,111],[-632,-258],[-457,-391],[-335,-599],[-145,-920],[-66,-1133],[-180,-1022],[-237,-522],[-1017,-423],[-825,-201],[-344,272],[-430,688],[-125,345],[-57,683],[-102,322],[-260,222],[-933,477],[-1265,321],[-860,555],[-786,1166],[-803,571],[-209,283],[-311,694],[135,384],[-12,189],[-254,555],[-340,283],[-536,83],[-492,-173],[-293,-228],[-204,-333],[-28,-295],[187,-350],[1301,-1593],[159,-416],[-28,-506],[-418,-461],[-1175,-246],[-661,128],[-1000,499],[-825,177],[-848,-12],[-486,-112],[-462,-600],[-61,-1183],[775,-1394],[23,-511],[-96,-200],[-277,-261],[-451,-195],[-667,-89],[-627,88],[-1091,965],[-165,439],[-193,1461],[-747,1138],[-318,201],[-699,131],[-403,-76],[-353,-91],[-861,-501],[-219,-257],[-176,-493],[107,-743],[318,-493],[594,-541],[325,-437],[326,-826],[121,-729],[-42,-312],[-163,-313],[-592,-354],[-933,75],[-388,166],[-728,555],[-629,833],[-1153,1137],[-983,1534],[-403,1034],[-382,389],[-488,249],[-819,208],[-586,-70],[-2041,-405],[-1052,-473],[-331,-56],[-297,20],[-685,389],[-177,437],[-15,583],[655,1174],[176,743],[-28,396],[-164,604],[-166,276],[-791,645],[-1152,450],[-988,163],[-513,-638],[-1002,-606],[-1540,-37],[-347,302],[-501,871],[-924,37],[-308,-75],[-77,-303],[192,-378],[501,-454],[77,-492],[-77,-76],[-308,-38],[-578,76],[-346,-38],[-578,-378],[-270,-757],[-539,-833],[0,-340],[347,-1022],[-77,-1022],[-308,-302],[-809,-492],[-154,-719],[-154,-265],[-347,-114],[-308,0],[-539,190],[-309,0],[-38,-757],[-270,-454],[-385,75],[-269,190],[-578,-38],[-1040,-606],[-154,-265],[-424,-264],[-655,-757],[-886,-341],[-1001,-151],[-1040,416],[-770,0],[-770,151],[-617,-227],[-346,-227],[-2427,-37],[-1618,491],[-885,152],[-424,189],[-655,114],[-1640,-424],[-1293,215],[-620,14],[-2852,-189],[-2010,276],[-620,0],[-1330,-203],[-1079,-407],[-753,-43],[-1300,14],[-2290,479],[-2616,29],[-428,102],[-2069,58],[-1226,-232],[-978,16],[-897,-328],[-960,-574],[-542,-82],[-1085,-123],[-897,123],[-1126,0],[-2066,-471],[-479,-21],[-1043,-225],[-689,20],[-626,185],[-667,20],[-689,-82],[-688,-102],[-1252,-574],[-980,-1066],[-1106,-799],[-969,-932],[-822,-959],[-3162,-1846],[-2467,-1009],[-2533,-587],[-2362,-281],[-7374,219],[-1578,156],[-2836,1083],[-1948,835],[-3538,969],[-945,-126],[-2212,19],[-1163,-161],[-656,-137],[-1762,-660],[-886,-454],[-7330,-4747],[-2841,-2395],[-1749,-1135],[-1886,-1929],[-460,-160],[-956,-160],[-391,-193],[-679,-511],[-625,-243],[-1640,-309],[-1838,-742],[-1088,-274],[-562,-18],[-864,313],[-381,59],[-1987,56],[-760,-154],[-509,-197],[-1070,-707],[-1214,-461]],[[2857904,3002847],[-849,-205],[-1157,-435],[-864,-61],[-1908,-547],[-328,-451],[-534,-997],[-811,-388],[-1412,-1755],[-550,-431],[-737,-1323],[-548,-349],[-548,-670],[-786,-288],[-538,-335],[-509,-642],[-742,-603],[-306,-526],[-207,-555],[-1131,-724],[-268,-325],[-217,-431],[-267,-116],[-530,-55],[-333,-212],[-1282,-493],[-647,-402],[-368,-409],[-738,-505],[-1457,-136],[-629,94],[-906,-346],[-1056,-49],[-306,92],[-132,226],[-302,128],[-386,-262],[-485,38],[-934,611],[-1159,188],[-438,377],[-651,198],[-278,-44],[-761,580],[-1076,235],[-276,169],[-234,297],[-727,610],[-1088,309],[-233,146],[-358,433],[-706,190],[-448,381],[-512,-27],[-266,64],[-538,1020],[-1221,499],[-176,233],[-233,-216],[-83,36],[-307,415],[-329,264],[-483,963],[-532,21],[-698,715],[-882,160],[-667,245],[-398,419],[-485,-141],[-478,247],[-492,42],[-675,468],[-514,120],[-693,332],[-299,39],[-703,-120],[-667,-1],[-420,124],[-1002,120],[-573,203],[-200,140],[-136,222],[-459,210],[-964,636],[-340,483],[-368,239],[-372,118],[-857,-52],[-401,63],[-1460,1115],[-470,85],[-412,190],[-780,-20],[-997,962],[-762,109],[-296,412],[-241,42],[-368,-144],[-714,181],[-617,425],[-223,276],[-1059,886],[-460,195],[-585,547],[-426,237]],[[2795470,3006880],[-172,221],[-246,734],[-642,267],[-344,326],[-34,609],[-271,522],[409,1162],[-91,194],[-230,178],[16,814],[-340,658],[25,101],[390,166],[65,269],[-179,196],[-462,1028],[-350,135],[-220,487],[-730,471],[-241,93],[-422,3],[-227,114],[-555,561],[75,513],[15,1362],[346,280],[432,589],[186,82],[463,-41],[255,136],[182,234],[50,297],[-71,591],[-205,340],[-270,236],[-19,412],[-303,186],[-169,759],[-228,519],[-81,674],[-147,218],[258,667],[21,438],[-103,243],[3,240],[98,154],[266,141],[206,477],[-106,222],[-266,239],[-173,441],[-390,329],[-595,102],[-139,233],[-368,157],[-107,404],[-456,171],[-317,25],[-215,107],[-748,9],[-525,124],[-271,-296],[-627,163],[-536,-137],[-343,228],[-350,107],[-259,-94],[-153,143],[-653,268],[-182,-108],[-744,9],[-215,132],[-200,-47],[-186,89],[-285,3],[-139,164],[-404,57],[-59,272],[-161,204],[-671,-73],[-215,74],[-328,-90],[-372,100],[-164,261],[-71,598],[142,205],[258,43],[294,535],[-208,347],[-259,17],[-23,276],[-493,465],[-358,261],[-572,253],[-350,-141],[-321,136],[-207,-166],[-198,100],[-448,-105],[-284,186],[-354,-166],[-131,68],[-186,-40],[-303,179],[-358,511],[-277,132],[-613,692],[-243,162],[106,459],[-79,334],[13,641],[-176,348],[87,210],[-25,569],[-997,1792],[0,140],[245,281],[26,191],[-403,337],[-33,439],[-448,126],[-176,370],[-350,177],[-139,955],[-648,381],[-670,757],[-176,305],[-415,171],[-188,280],[-85,312],[-676,896],[-80,529],[-162,337],[109,198],[-111,630],[25,325],[-364,388],[-53,223],[167,829],[-33,273],[77,90],[214,39],[110,159],[-46,197],[71,128],[-188,146],[77,312],[-98,293],[666,543],[-14,344],[194,128],[115,618],[-377,1100],[-588,384],[-2,634],[-455,2343],[-301,396],[-106,1042],[-335,316],[401,1088],[421,333],[349,488],[-25,107],[108,2],[17,122],[252,113],[126,-35],[233,120],[107,171],[230,27],[676,886],[634,180],[426,13],[247,206],[112,262],[-198,491],[218,549],[-128,281],[-192,128],[391,217],[83,263],[-169,408],[2,275],[-110,101],[30,261],[189,279],[317,29],[290,389],[-72,173],[332,469],[585,84],[-33,536],[98,176],[68,714],[108,160],[1440,855],[641,53],[93,246]],[[3515299,2980798],[-105,-245],[-1086,-1105],[-844,-1142],[-474,-1666],[37,-1522],[-625,-3989],[-143,-254],[-175,-790],[-176,-1290],[17,-348],[-319,-1002],[-813,-1459],[-741,-1670],[-670,-705],[-1857,-1438],[-482,-509],[-470,-279],[-582,-242],[-1411,-313],[-965,-47],[-631,184],[-854,-375],[-482,-537],[-771,-1704],[-200,-214],[-646,-1251],[-215,-825],[-195,-306],[-249,-888],[-844,-1106],[-1321,-1054],[-890,-1395],[-213,-712],[-97,-1651],[-261,-645],[-1280,-1357],[-635,-416],[-1587,-779],[-841,-630],[-315,-413],[-484,-263],[-483,-462],[-743,-1078],[-636,-1632],[-411,-1374],[-608,-1362],[-75,-389],[5,-3249],[-287,-1252],[-410,-681],[-545,-449],[-3354,-1575],[-1783,-702],[-483,-182],[-2164,-312],[-409,-194],[-817,-497],[-434,-413],[-397,-619],[-336,-912],[-88,-986],[34,-1618],[183,-619],[144,-1004],[-148,-907],[144,-860],[338,-908],[144,-1004],[-293,-907],[-974,-1335],[-1315,-2052],[-1120,-2004],[-1294,-1699],[-50,64],[-293,-348],[-587,-954],[-1378,-1832],[-2894,-2980],[-2076,-2480],[-1014,-1414],[-768,-222],[-1939,-1335],[-715,-296],[-1164,-1033],[-934,-1375],[-328,-215],[-915,-307],[-381,21],[-649,-136],[-343,-251],[-785,-369],[-684,-576],[-261,-940],[-201,-2630],[-377,-1196],[-249,-2074],[-1,-563],[-443,-1045],[-365,-541],[-469,-1161],[-1468,-2208],[-528,-512],[-935,-571],[-1684,-668],[-472,-747],[-122,-948],[-206,-383],[-287,-317],[-118,-65],[-488,30],[-488,-94],[-941,-367],[-258,-173],[-803,-1131],[-246,-671],[-1077,-856],[-1510,-1581],[-1218,-1935],[-666,-681],[-2537,-3313],[-1826,-3660],[-624,-2115],[-156,-193],[-1621,-152],[-558,-216],[-197,-247],[-9,-405],[-1185,-1888],[-873,-856],[-363,-200],[-2642,-2285],[-1577,-1012],[-2259,-1605],[-584,-248],[-1381,-304],[-1158,255],[-1059,610],[-1117,455],[-346,70],[-670,-68],[-855,-542],[-1094,-288],[-1132,-472],[-289,98],[-465,328],[-828,745],[-499,70],[-790,-55],[-1343,-573],[-1348,-923],[-372,-399],[-274,-708],[-1052,-1568],[-1072,-1071],[-681,-497],[-1951,-800],[-1090,-72],[-1166,-360],[-581,-334],[-857,-838],[-701,-382],[-631,-242],[-790,29],[-1387,-421],[-1358,-642],[-1162,-728],[-362,-112],[-347,-3],[-995,-513],[-910,-331],[-224,-21],[-785,388],[-622,65],[-747,266],[-1323,805],[-2300,688],[-4198,1783],[-608,-28],[-685,78],[-888,-83],[-736,-226],[-1031,-552],[-641,-71],[-449,-28],[-360,87],[-1027,474],[-2218,-101],[-2789,-296],[-831,326],[-1001,958],[-2482,1589],[-1503,768],[-412,67],[-488,-40],[-370,-176],[-617,-485],[-359,-462],[-356,-701],[-1697,-1497],[-993,-725],[-515,-799],[-314,-211],[-1127,-391],[-569,-505],[-364,-549],[-584,-446],[-1288,-759],[-1335,-280],[-1738,-28],[-248,-72],[-639,-346],[-523,-485],[-1053,-642],[-811,-763],[-309,-133],[-1175,-1059],[-519,-659],[-261,-804],[-68,-2199],[-124,-167],[-594,10],[-406,130],[-982,-138],[-245,-83],[-728,-622],[-1127,-341],[-2876,38],[-411,-65],[-562,-528],[-491,-752],[-684,-347],[-913,-730],[-1473,-807],[-671,-566],[-944,-417],[-378,-436],[-672,-1208],[-312,-250],[-1416,-687],[-1966,-314],[-978,-458],[-824,-516],[-1124,-1107],[-359,-155],[-868,-62],[-375,-166],[-556,-408],[-908,-838],[-311,-390],[-797,-1321],[-365,-848],[-498,-491],[-84,-768],[-886,-1258],[-219,-98],[-1024,1],[-2110,-644],[-1672,-280],[-1002,-364],[-2064,-1481],[-464,-701],[-2214,-1706],[-1955,-1814],[-736,-342],[-1102,-267],[-235,-163],[-223,-209],[-351,-651],[-338,-362],[-794,-554],[-370,-43],[-282,-218],[-125,-516],[-116,-1243],[-131,-198],[-389,-3],[-713,280],[-267,-371],[-544,34],[-542,-273],[-560,-392],[-1424,-1727],[-262,-84],[-384,37],[-485,638],[-471,-15],[-228,-170],[-351,-479],[-386,-290],[-1047,-11],[-978,-201],[-613,-357],[-317,-437]],[[3288311,2801142],[-512,-1088],[-718,-878],[-719,-1242],[-552,-681],[-1549,-1265],[-774,-1174],[-1428,-1251],[-981,-582],[-4424,-3076],[-1746,-1069],[-316,-385],[-142,-749],[-239,-619]],[[3274211,2787083],[-119,-178],[-401,-58],[-2415,343],[-706,22],[-467,-85],[-577,-353],[-1923,-1508],[-1037,-1020],[-630,-874],[-540,-1085],[116,-2567],[464,-974],[210,-1358],[216,-791],[515,-1148],[529,-1847],[280,-2407],[-40,-1038],[-282,-850],[-453,-713],[-939,-1050],[-372,-256],[-147,-440],[-456,-342],[-660,-723],[-627,-1304],[-907,-1405],[-195,-842],[-424,-641],[-238,-539],[-588,-668],[-495,-345],[-764,-279],[-991,-840],[-1029,-1111],[-1028,-616],[-732,-605],[-815,-456],[-1187,-267],[-780,-431],[-553,-682],[-388,-938],[-510,-368],[-693,-169],[-375,-298],[-861,-1030],[-964,-757],[-2412,-1261],[-966,-1059],[-529,-799],[-2685,-2388],[-1510,-1762],[-365,-177],[-1318,-1001],[-4884,-2893],[-1534,-1161],[-747,-409],[-2905,-1937],[-1315,-731],[-371,-372],[-131,-622],[-807,-943],[-407,-785],[-160,-16],[-111,283],[-231,244],[-263,31],[-478,-259],[-248,-471],[-478,-266],[-605,267],[-399,-110],[-119,-102],[-88,-251],[135,-534],[-66,-367],[-502,-304],[-1110,-1755],[-649,-537],[-634,-1140],[-324,-322],[-1101,-743],[-898,-787],[-416,-618],[-346,-357],[-317,-597],[-2141,-1581],[-1456,-841],[-822,-1068],[-350,-237],[-340,-186],[-758,0],[-1695,1115],[-942,270],[-515,-11],[-197,-54],[-1008,-701],[-943,-410],[-536,-86],[-1665,130],[-548,-140],[-723,-388],[-1107,-356],[-1649,-56],[-692,131],[-1876,-307]],[[3196976,2719405],[-325,-23],[-310,-146],[-906,-810],[-387,-126],[-682,-27],[-2375,-1463],[-1703,-824],[-629,-414],[-1165,-529],[-475,-371],[-1797,-1909],[-184,-357],[-225,-787],[-746,-812],[-87,-399],[83,-795],[-61,-1452],[-245,-1095],[-317,-570],[-406,-378],[-784,-535],[-874,-1047],[-634,-537],[-1051,-515],[-702,-908],[-197,-16],[-357,-188],[-323,-307],[-178,-299]],[[3178934,2701766],[9,-714],[300,-464],[165,-594],[208,-268],[404,-292],[320,-445],[209,-522],[559,-1867],[-166,-1087],[-296,-416],[-948,-694],[-1555,-555],[-855,-726],[-977,-1108],[-994,-741],[-66,-430],[468,-1308],[108,-816],[-206,-250],[-385,-765],[-351,-909],[-156,-841],[-1017,-2220],[-220,-874],[-318,-796],[-152,-1503],[-526,-805],[-658,-1603],[-171,-1249],[-812,-3899],[-238,-178],[-1560,-28],[-489,-106],[-573,-288],[-455,-372],[-377,-746],[-457,-1378],[-430,-783],[-847,-1074],[-455,-1452],[-307,-519],[-1326,-1253],[-644,-484],[-690,-1163],[-1073,-853],[-784,-490],[-174,-206],[-305,-816],[-269,-3156],[-261,-848],[-1967,-2209],[-2453,-3167],[-386,-277],[-631,-135],[-665,14],[-821,205],[-808,71],[-906,-134],[-917,-553],[-398,-1070],[-796,-241]],[[2787116,2825445],[1553,643],[1041,553],[399,508],[512,315],[44,260],[-84,392],[225,1116],[-87,906],[228,821],[272,236],[420,212],[454,418],[742,933],[759,173],[219,164],[617,751],[213,395],[197,152],[265,40],[205,-168],[602,-204],[640,377],[387,-90],[258,151],[192,235],[13,700],[335,723],[409,514],[647,330],[154,8],[290,-208],[368,-64],[589,237],[523,-6],[841,223],[1884,784],[341,6],[460,-241],[80,-232],[197,-174],[676,-363],[494,-624],[815,-206],[3737,-1619],[213,-294],[191,-788],[176,-271],[30,-516],[170,-516],[-203,-801],[-293,-558],[11,-467],[129,-229],[509,-401],[135,-396],[274,-290],[182,-583],[340,-668],[137,-513],[-73,-342],[-267,-284],[-231,-407],[234,-482],[52,-327],[-40,-427],[-245,-447],[-44,-303],[173,-1590],[-190,-290],[-354,-303],[-203,-297],[-64,-248],[232,-1202],[43,-1025],[463,-870],[770,-860],[359,-518],[-21,-642],[-517,-1150],[10,-176],[1202,-964],[559,-787],[243,-217],[1529,-870],[632,-643],[422,-663],[-63,-611],[-1301,-2598],[-139,-724],[-243,-507],[-1,-169],[603,-692],[348,-620],[147,-781],[275,-599],[283,-306],[1015,-679],[567,-255],[664,-1030],[515,-274],[1008,-55],[179,83],[477,474],[187,505],[203,104],[468,-58],[97,-174],[-13,-568],[-261,-497],[-515,-489],[-304,-522],[106,-601],[240,-340],[308,-198],[2009,302],[232,314],[148,877],[372,135],[429,-259],[260,-463],[123,-528],[-158,-425],[-485,-373],[-1069,-34],[-200,-228],[-3,-228],[337,-473],[936,-680],[527,-820],[583,-605],[492,-138],[822,-62],[253,-408],[-49,-600],[-140,-180],[-661,-283],[-141,-228],[-84,-1112],[-253,-442],[-49,-248],[70,-228],[148,-131],[379,41],[176,214],[1560,1105],[503,471],[148,432],[-232,766],[-11,477],[229,528],[365,347],[773,1182],[528,301],[525,20],[641,-127],[821,-1054],[436,-172],[446,96],[278,322],[101,600],[-158,542],[-404,425],[-112,245],[-7,304],[80,183],[222,259],[348,121],[457,-38],[393,-238],[426,-546],[56,-383],[-127,-1195],[-253,-611],[-928,-483],[-766,-757],[-464,-141],[-383,17],[-355,149],[-524,485],[-232,73],[-767,-18],[-467,-231],[-285,-287],[-168,-452],[66,-297],[398,-504],[555,-407],[819,-121],[724,-238],[798,-826],[298,-601],[331,-441],[225,-173],[587,-238],[414,7],[447,120],[471,359],[492,701],[70,922],[109,225],[246,224],[327,225],[432,162],[545,7],[414,-213],[271,-233],[218,-859],[-32,-867],[-151,-273],[-302,-297],[-200,-83],[-833,4],[-278,-131],[-467,-449],[-970,-622],[-1055,-1025],[-77,-366],[123,-283],[429,-442],[341,-111],[664,-90],[1522,56],[801,-225],[654,-79],[516,134],[1213,639],[618,-14],[405,-228],[158,-276],[3,-231],[-253,-715],[-921,-1529],[-688,-539],[-289,-397],[-49,-446],[109,-455],[169,-273],[474,-366],[1427,-283],[661,-446],[650,11],[784,573],[155,297],[63,580],[316,300],[643,232],[303,-63],[249,-200],[134,-445],[-81,-373],[-1202,-1530],[-1230,-970],[-162,-421],[-102,-629],[-179,-414],[-200,-235],[-355,-211],[-391,-44],[-463,124],[-341,362],[-396,228],[-409,-27],[-151,-176],[-64,-177],[116,-317],[932,-943],[154,-397],[264,-290],[436,-238],[555,-59],[1989,594],[528,269],[326,294],[218,438],[239,864],[278,369],[439,211],[246,-21],[190,-173],[61,-234]],[[2846985,2778392],[307,-1313],[-113,-522],[-296,-319],[-1370,-887],[-469,-530],[-527,-353],[-569,-91],[-426,162],[-650,74],[-742,-290],[-713,-95],[-662,-435],[-80,-464],[148,-423],[244,-269],[1894,-1504],[553,-261],[2138,-613],[519,41],[1138,278],[991,-129],[338,-149],[447,-559],[67,-208],[-76,-451],[-270,-328],[-577,-414],[-637,-215],[-316,-228],[-245,-456],[-13,-182],[38,-398],[135,-240],[329,-199],[1101,-257],[649,-13],[1751,154],[430,-187],[198,-253],[0,-364],[-295,-854],[-283,-1479],[-341,-481],[-511,-343],[-527,-38],[-514,166],[-561,692],[-456,912],[-253,223],[-240,112],[-489,33],[-291,-194],[-76,-137],[139,-1144],[329,-978],[118,-915],[569,-912],[489,-273],[190,-5],[1253,779],[599,228],[278,-4],[730,-654],[232,-510],[114,-655],[-76,-841],[-265,-547],[-77,-497],[-114,-133],[-586,-207],[-1373,-874],[-987,-209],[-274,-160],[-529,-621],[-127,-522],[55,-320],[141,-207],[466,-155],[1576,298],[1210,-153],[506,-278],[818,-725],[325,-485],[447,-360],[380,-733],[29,-208],[-194,-737],[148,-622],[472,-596],[354,-634],[836,-792],[269,-1288],[47,-667],[215,-386],[426,-103],[392,37],[570,365],[750,1035],[629,1140],[324,414],[304,67],[380,-50],[307,-182],[739,-833],[206,-431],[30,-365],[-283,-613],[-27,-375],[407,-649],[181,-447],[-156,-2221],[129,-320],[686,-726],[554,-202],[773,50],[444,257],[211,306],[641,622],[282,135],[562,-91],[587,-652],[93,-309],[3,-497],[-230,-1282],[-284,-1047],[-223,-337],[-430,-365],[-624,-486],[-1026,-527],[-290,-326],[-374,-962],[-8,-187],[295,-716],[-264,-608],[-425,-326],[-593,-312],[-962,-41],[-315,-91],[-135,-191],[12,-174],[275,-295],[911,-205],[405,-179],[782,-716],[559,-690],[481,-431],[773,-359],[1538,-545],[540,-607],[807,-398],[959,-663],[717,-271],[244,-265],[82,-268],[-231,-1619],[-303,-676],[78,-564],[391,-469],[557,-295],[152,-393],[451,-410],[335,-692],[146,-918],[259,-784],[500,-801],[281,-713],[428,-751],[635,-868],[1164,-1022],[23,-237],[-206,-1177],[-750,-1558],[-192,-580],[-78,-713],[196,-657],[456,-331],[200,-341],[-31,-549],[149,-456],[199,-135],[1314,-315],[1847,-17],[517,-138],[321,-221],[404,-613],[551,-2044],[686,-1036],[928,-218],[776,-635],[51,-536],[259,-553],[-281,-1177],[185,-817],[296,-491],[0,-787],[341,-326],[595,-70],[523,-586],[776,-458]],[[2883783,2698157],[412,-203],[219,-492],[-1423,-221],[-1062,31],[-388,-172],[-154,-160],[132,-156],[54,66],[228,-180],[-277,-382],[1237,-2152],[98,-60],[540,41],[425,-246],[1176,-1088],[602,-816],[795,-773],[2518,-1262],[479,-317],[1662,-1673],[872,44],[938,-812],[780,-269],[400,-268],[-948,50],[-3074,-1024],[-236,-97],[-290,-312],[-574,-14],[-303,-210],[-675,-141],[-875,-453],[-584,-577],[-369,-169],[-883,78],[-1017,411],[-1581,-179],[-798,309],[-427,-108],[-487,-618],[-680,-301],[-605,-119],[-463,137],[-568,-19],[-1495,-674],[-716,-428],[-352,-322],[-522,-934],[-284,-326],[-2542,-1315],[-902,-562],[-917,-966],[-518,-865],[-961,-1290],[-202,-449],[-346,-362],[-605,-235],[-1371,-102],[-255,-330],[-435,-115],[-219,-183],[-335,-123],[-1366,-978],[-602,2],[-680,-359],[-1587,-313],[-564,-286],[-758,38],[-401,-238],[-327,-612],[-225,-193],[-351,-105],[-421,62],[-779,-28],[-312,-203],[-479,-620],[-318,-192],[-1223,128],[-1366,-393],[-230,-2],[-653,205],[-972,-255],[-366,-321],[-341,-155],[-460,-501],[-397,-155],[-172,-311],[-457,-466],[-763,-404],[-320,-273],[-729,-1097],[-222,-619],[-828,-1539],[-213,-761],[-298,-574],[-317,-237],[-210,-492],[-412,-465],[-997,-155],[-889,-265],[-1228,92],[-620,-107],[-1202,-373],[-820,27],[-840,-261],[-828,-124],[-281,-189],[-835,-234],[-1676,-833],[-764,-540],[-469,-539],[-516,-940],[-91,-517],[78,-363],[-40,-498],[-132,-500],[-1151,-1419],[-542,-443],[-387,-751],[-403,-565],[-917,-895]],[[2829963,2650596],[-418,194],[-227,409],[-18,265],[-172,-1],[-156,304],[-754,301],[-648,-137],[-471,-509],[-301,-54],[-529,76],[-121,130],[73,411],[-52,151],[-437,333],[-294,384],[-295,62],[-168,-268],[-94,-10],[-152,152],[-108,417],[-881,395],[-143,345],[-209,-36],[-194,-185],[-455,110],[-321,-86],[18,-561],[-212,-365],[-161,4],[-581,297],[-332,-81],[-248,45],[-124,197],[243,477],[-29,248],[-88,85],[-672,82],[-125,183],[-41,327],[224,306],[480,1],[135,260],[425,-348],[143,47],[-111,483],[47,396],[-128,109],[-289,-1],[-311,-107],[-571,-423],[-264,-14],[-174,147],[-14,118],[264,517],[22,181],[-78,159],[-204,-28],[-403,-312],[-437,-13],[-193,197],[-286,715],[-164,82],[-115,-49],[-245,-613],[-227,-252],[-773,-90],[-263,58],[-225,643],[564,445],[166,-22],[376,-381],[280,91],[-88,511],[390,622],[35,386],[-116,25],[-597,-620],[-266,-166],[-457,-47],[-146,56],[-83,342],[-167,53],[-261,342],[-52,133],[182,151],[714,1137],[-167,76],[-967,83],[-256,529],[-97,510],[101,155],[828,242],[70,132],[-47,303],[-751,326],[-250,517],[-730,444],[-208,98],[-734,11],[-31,150],[253,566],[-78,164],[-344,-202],[-193,-550],[-446,-160],[-377,-444],[-392,-125],[-153,634],[113,228],[403,307],[57,358],[-112,107],[-363,82],[-211,376],[-941,242],[-933,801],[-269,383],[-48,237],[573,204],[113,124],[-13,111],[-831,48],[-41,454],[-386,4],[-200,128],[-37,522],[-233,98],[-473,-87],[-212,132],[-46,303],[-250,188],[-344,-43],[-431,-502],[-250,-160],[-297,-39],[-383,134],[-111,263],[-334,334],[6,148],[473,76],[858,314],[387,233],[59,153],[-70,101],[-316,55],[-234,180],[-47,668],[-705,473],[-172,0],[-478,-274],[-900,-184],[-124,17],[-117,181],[-241,143],[-744,280],[-102,-155],[164,-288],[-67,-322],[-163,-47],[-517,226],[-229,-153],[78,-603],[-86,-153],[84,-332],[-135,-252],[-388,-373],[-367,41],[-274,170],[-460,518],[-206,356],[-295,179],[-144,-17],[-1105,-684],[-949,-982],[-565,-402],[-966,-203],[-814,-352],[-322,-222],[-147,3],[308,239],[32,233],[-112,1001],[32,480],[-67,124],[-87,-7],[-182,-262],[-220,-142],[-527,95],[-174,-113],[14,-293],[337,-445],[-73,-228],[-260,-25],[-763,217],[-94,293],[119,716],[177,160],[1172,359],[168,605],[294,628],[-62,384],[173,641],[-111,962],[-174,48],[-419,-172],[-160,11],[-143,111],[-46,253],[48,113],[991,734],[110,289],[-207,88],[-714,-380],[-701,197],[-143,124],[-44,172],[60,207],[88,50],[859,-276],[191,39],[147,162],[46,271],[-471,278],[-120,346],[683,1436],[-218,408],[-210,174],[-659,-239],[-455,205],[-444,-45],[-117,-65],[-156,-305],[-209,-48],[-398,585],[-770,-18],[-186,133],[85,703],[-246,548],[-53,657],[37,93],[154,54],[535,-332],[354,249],[72,501],[-76,239],[32,296],[572,720],[-39,269],[-96,124],[-120,61],[-172,-43],[-359,-282],[-368,-122],[-1317,-110],[-92,173],[58,197],[262,165],[384,86],[138,90],[23,133],[-78,237],[-134,68],[-469,-239],[-269,40],[-98,244],[82,673],[-57,325],[-138,219],[-156,63],[-146,-57],[-210,-601],[-340,-129],[-162,99],[-121,209],[-51,906],[-710,519],[-455,599],[-141,-86],[-10,-539],[-91,-113],[-761,-69],[-195,86],[-101,142],[-142,549],[125,338],[263,132],[747,66],[101,371],[168,215],[337,215],[330,56],[175,109],[91,172],[-300,443],[-437,162],[-162,-119],[-3,-585],[-111,-215],[-745,20],[-585,248],[-415,357],[-107,298],[27,165],[340,529],[350,301],[229,17],[121,-149],[-47,-801],[44,-99],[229,-20],[266,361],[235,155],[647,-145],[410,10],[256,450],[-427,555],[-222,63],[-415,-20],[-646,-162],[-1559,156],[-485,433],[-84,367],[219,318],[226,-50],[215,-347],[158,-93],[536,397],[915,40],[475,274],[101,143],[17,225],[-263,181],[-417,4],[-226,-63],[-299,-255],[-290,-30],[-91,116],[-114,728],[-236,89],[-192,-116],[-178,-463],[-192,-228],[-1364,63],[-23,222],[282,165],[512,142],[135,146],[-14,159],[-198,162],[-738,13],[-215,132],[-44,212],[54,106],[637,524],[37,334],[-180,186],[-616,-116],[-307,66],[-90,99],[-182,1072],[-585,-14],[-439,147],[-225,-11],[-371,-92],[-497,-447],[-762,113],[-1089,-334],[-320,52],[-970,749],[-374,199],[-329,378],[-169,423],[9,215],[166,111],[472,-238],[186,11],[461,625],[11,248],[-281,428],[329,768],[-57,227],[-615,555],[-203,3],[-627,-312],[-338,48]],[[2776148,2698207],[-741,364],[-1142,339],[-109,139],[0,372],[377,489],[47,194],[-45,196],[-211,235],[-182,5],[-127,-124],[-402,-608],[-320,-8],[-265,124],[-233,268],[-318,1160],[-264,207],[-790,337],[-287,-146],[-343,-436],[-557,102],[-233,337],[-211,533],[62,911],[-118,738],[-129,442],[-214,246],[-821,-75],[-93,-237],[174,-437],[-67,-141],[-183,-176],[-180,-47],[-408,47],[-219,256],[-48,437],[110,138],[613,290],[337,456],[-137,400],[-487,418],[-84,187],[87,371],[278,320],[-11,395],[-152,119],[-154,-25],[-731,-624],[-273,-25],[-338,207],[-503,690],[-8,324],[152,152],[835,-348],[528,123],[157,110],[492,779],[14,504],[253,292],[70,281],[-380,660],[8,228],[110,212],[-35,314],[-251,78],[-162,-88],[-137,-458],[-111,-84],[-258,76],[-240,403],[-351,-235],[-222,-55],[-239,133],[171,433],[-140,395],[421,390],[14,668],[273,393],[259,911],[188,254],[546,346],[132,204],[31,815],[115,113],[374,20],[371,-321],[242,-94],[250,210],[65,414],[261,291],[130,284],[-71,204],[-202,31],[-399,-473],[-692,-290],[-301,103],[-62,257],[301,414],[-17,224],[-843,776],[-197,624],[132,108],[259,8],[368,-193],[391,-72],[264,113],[121,191],[-112,240],[-1097,450],[-149,337],[-129,1105],[472,304],[39,318],[-328,376],[-147,301],[-368,226],[-312,66],[-782,-113],[-348,113],[-183,221],[-70,713],[-130,401],[-154,190],[-661,387],[-360,417],[-627,-25],[-191,113],[3,277],[376,574],[481,1166],[605,898],[53,290],[-135,339],[-191,92],[-1004,-53],[-377,94],[-81,287],[140,373],[82,569],[-121,445],[-219,301],[-340,33],[-301,-119],[-141,-118],[-51,-390],[-269,-259],[-394,-213],[-307,61],[-30,276],[362,754],[-164,856],[62,213],[289,409],[408,141],[636,8],[216,215],[233,895],[369,481],[-42,511],[-248,307],[-385,276],[-236,116],[-447,44],[-464,-97],[-745,-384],[-585,-668],[-506,14],[-175,96],[-168,274],[-11,403],[-217,749],[-270,566],[-250,301],[-433,108],[-343,-285],[-506,-105],[-220,91],[-177,288],[0,599],[602,-25],[256,72],[143,141],[-14,163],[-371,511],[-31,483],[-261,719],[-57,588],[203,597],[104,110],[436,138],[194,340],[-439,1017],[90,290],[368,566],[26,475],[-104,152],[-422,260],[-135,265],[48,232],[509,599],[-68,459],[-166,85],[-320,-77],[-234,41],[-76,238],[31,417],[-213,279],[-169,-27],[-391,-318],[-132,-6],[-1167,249],[-424,16],[-349,157],[-202,219],[-51,207],[-3,810],[-84,199],[-211,182],[-439,124],[-523,42],[-607,-241],[-486,191],[-374,-14],[-239,-105],[-203,-585],[-273,-139],[-492,36],[-157,-218],[-447,-262],[-537,259],[-512,-168],[-379,442],[-321,-42],[-200,-279],[-213,-132],[-222,11],[-155,171],[-59,307],[-236,293],[-835,508],[-565,489],[-706,-199],[-442,179],[-539,-66],[-453,166],[-394,472],[349,389],[-70,398],[-563,119],[-1541,596],[-705,177],[-433,340],[-104,174],[-231,508],[-86,527],[-119,124],[-206,64],[-360,-279],[-284,63],[-1006,890],[-898,-8],[-171,-104],[-513,-913],[-501,-509],[-125,-403],[41,-120],[-244,-209],[-361,-54],[-303,61],[-623,263],[-1206,1763],[-261,126],[-314,377],[-118,957],[-133,340],[-291,265],[-781,367],[-965,963],[-196,305],[-203,912],[-177,319],[-652,590],[-337,184],[-732,54],[-409,158],[-479,460],[-390,679],[-111,520],[400,810],[23,203],[-240,452],[-637,555],[-282,539],[-127,501],[63,187],[494,410],[93,195],[-6,724],[-425,818],[-17,209],[29,343],[278,901],[-20,304],[-267,3],[-388,-252],[-548,-201],[-714,-75],[-442,-144],[-194,31],[-115,259],[292,321],[23,293],[-73,187],[-897,155],[-709,721],[-19,331],[236,386],[-141,735],[-90,144],[-444,221],[-529,-28],[-33,127],[714,790],[48,382],[-152,237],[-641,486],[-416,547],[-239,694],[14,317],[-171,202],[-259,602],[-121,749],[-942,-426],[-292,61],[-102,102],[-191,589],[-354,513],[-810,735],[-56,263],[93,337],[-70,174],[-197,36],[-433,-172],[-245,58],[-222,893],[31,256],[219,155],[113,265],[33,387],[-98,265],[-953,799],[-959,558],[-121,323],[-613,699],[-219,44],[-419,-207],[-332,-53],[-548,243],[-703,926],[-326,168],[-647,591],[-180,552],[-467,218],[87,370],[-112,307],[-164,113],[-493,-65],[-155,562],[-372,497]],[[2776148,2698207],[-422,-579],[-209,-182],[-305,-55],[-366,359],[-499,241],[-1282,889],[-615,280],[-358,624],[-301,63],[-455,-414],[244,-528],[-52,-733],[95,-570],[750,-1411],[102,-805],[211,-707],[352,-406],[861,-104],[58,-115],[-466,-827],[-597,-427],[-357,-586],[-232,-613],[81,-547],[272,-404],[392,-308],[1394,-451],[15,-466],[-148,-994],[44,-938],[146,-361],[859,-1280],[-608,-293],[-488,-61],[-401,-200],[-439,-400],[-209,-368],[128,-554],[668,-779],[306,-630],[78,-632],[-53,-1022],[196,-598],[530,-614],[721,-478],[-302,-60],[-1196,-916],[-544,-283],[-942,-140],[-487,216],[-504,-8],[-369,-84],[-723,-395],[-678,-132],[-772,-299],[-1023,-199],[-699,84],[-934,-220],[-897,24],[-946,431],[-617,128],[-1495,889],[-418,375],[-252,84],[-588,-108],[-1081,-423],[-1465,-283],[-49,-159],[134,-387],[909,-679],[739,-893],[49,-156],[-97,-399],[-930,-626],[-597,259],[-751,16],[-333,252],[-553,-92],[277,-1380],[316,-487],[-73,-24],[-613,415],[-650,143],[-361,-47],[-386,-212],[-227,-8],[-613,834],[-220,-239],[-174,-356],[-134,-514],[-853,-2130],[-20,-479],[-244,-479],[-24,-283],[-470,-337],[-156,-6],[-134,52],[-101,207],[-77,511],[-249,409],[-7,176],[77,207],[270,290],[1241,591],[127,445],[-127,259],[-499,62],[-394,-176],[-1040,-863],[-178,-562],[-268,-429],[-92,-90],[-232,28],[-225,235],[-187,476],[-3336,1913],[-1687,1372],[-248,238],[-1676,2252],[-511,472],[-1394,979],[-1931,2031],[-2204,1937],[-1079,611],[-667,528],[-622,-1285],[-967,-1515],[84,-572],[-492,-2309],[-316,-899],[-540,-847],[-232,-678],[112,-123],[377,-29],[82,-120],[38,-213],[-82,-445],[318,-654],[-76,-634],[160,-272],[635,-435],[157,-389],[318,-157],[-30,-102],[166,-37],[354,-380],[124,-1199],[531,-1011],[408,-293],[484,-939],[-85,-271],[104,-171],[-11,-163],[396,-171],[400,33],[202,-66],[197,-172],[264,-536],[59,-483],[404,-209],[171,-206],[203,-75],[734,7],[218,-139],[270,-346],[569,-295],[25,-136],[-262,-354],[-18,-141],[96,-182],[598,-436],[238,-848],[-110,-548],[-240,-312],[19,-573],[-322,-562],[3,-253],[270,-314],[550,-322],[228,-338],[16,-916],[198,-305],[366,-317],[-190,-461],[-32,-383],[65,-286],[241,-319],[121,-563],[204,-358],[644,-512],[571,-843],[380,-156],[194,-664],[-26,-664],[192,-555],[473,-618],[429,-315],[636,-289],[729,-691],[1010,-425],[740,-457],[80,126],[237,-63],[206,-446],[142,-128],[210,-83],[1604,60],[887,-205],[1229,-318],[604,-243],[614,-456],[659,-610],[592,-714],[258,-1133],[-43,-1716],[-366,-604],[-22,-1049],[-172,-561],[43,-498],[-97,-243],[-215,-75],[92,-381],[565,-222],[351,87],[83,-158],[754,-351],[262,-332],[198,67],[177,195],[220,-21],[320,-303],[97,-290],[177,-112],[21,-215],[118,-178],[161,-13],[156,137],[476,104],[1316,-435],[304,-154],[354,-327],[304,-493],[244,-203],[566,-116],[995,-21],[173,-74],[472,-303],[186,-688],[-131,-464],[-1573,-543],[-523,-683],[-304,-767],[-354,-381],[-219,-70],[-848,0],[-1776,-730],[-1121,-290],[-933,104],[-611,190],[-502,270],[-574,509],[-189,394],[-9,725],[409,1140],[-261,1280],[-190,423],[-738,961],[-827,563],[-1813,817],[-359,16],[-442,-269],[-549,-1156],[-333,-406],[-1666,-1401],[-789,-443],[-721,240],[-860,154],[-380,273],[-725,303],[-777,85]],[[2743951,2636481],[-868,207],[-1005,763],[-274,474],[-137,459],[-34,1414],[-123,264],[-136,92],[-957,1],[-632,161],[-1275,138],[-359,-64],[-872,-502],[-298,-69],[-331,109],[-236,199],[-100,172],[-10,2249],[221,708],[393,479],[401,850],[88,301],[-1,706],[-158,568],[-212,290],[-231,116],[-1399,-2],[-270,230],[-126,263],[-45,486],[562,1468],[-138,578],[-266,171],[-693,15],[-366,-117],[-567,-576],[-574,-235],[-2870,118],[-186,73],[-193,230],[-288,52],[-2086,-501],[-428,-1],[-361,155],[-325,730],[-77,392],[191,290],[42,265],[-388,677],[-161,447],[-184,958],[-283,248],[-696,121],[-57,116],[210,550],[-70,478],[-349,86],[-503,-435],[-346,108],[-631,418],[-455,741],[-697,521],[-199,240],[-94,267],[5,299],[153,314],[400,431],[46,236],[-351,532],[-381,244],[-412,-147],[-1494,11],[-593,142],[-203,166],[-154,574],[11,714],[-76,203],[-134,220],[-529,487],[-109,249],[-8,162],[470,1099],[-432,636],[-79,424],[-390,617],[47,323],[-210,426],[91,501],[379,502],[-11,531],[-185,253],[-780,190],[-387,294],[-163,977],[-352,244],[-296,524],[-454,402],[-747,487],[-216,423],[-511,513],[-162,687],[-699,202],[-628,496],[-450,200],[-916,117],[-590,-35],[-167,-128],[-707,-235],[-476,-337],[-450,23],[-77,52],[-36,514],[-256,190],[-934,106],[-538,364],[-597,-60],[-1066,229],[-364,913],[-730,546],[-336,422],[-303,162],[-581,19],[-345,-77],[-1024,48],[-1636,707],[-1930,-39],[-946,329],[-1054,184],[-1359,542],[-1360,1026],[-571,271],[-522,125],[-847,0],[-1576,794],[-722,155],[-537,25],[-318,198],[-475,538],[-371,136],[-808,-104],[-3310,-125],[-2148,-455],[-1382,240],[-687,-29],[-958,-175],[-1224,194],[-844,445],[-545,1167],[-300,134],[-443,35],[-501,155],[-233,248],[-290,406],[-236,857],[-501,823],[-529,562],[-794,513],[-666,605],[-522,1230],[-272,331],[-1267,1012],[-608,176],[-873,548],[-565,619],[-415,653],[-487,394],[-758,394],[-208,246],[-250,562],[-616,619],[-163,310],[-647,308],[-256,211],[-174,297],[60,779],[-301,1329],[179,906],[-332,744],[-407,460],[-67,408],[-361,1054],[-97,928],[-312,429],[-332,1225],[-257,488],[-60,706],[-309,335],[-137,292],[-9,1330],[-95,516],[-473,801],[-349,289],[-522,137],[-68,673],[47,431],[-175,157],[-97,306],[-346,401],[-180,862],[493,1035],[56,716],[-483,845],[-53,423],[148,639],[-158,809],[33,1334],[-388,2217],[85,660],[259,929],[419,449],[584,273],[508,765],[58,153],[-27,784],[186,623],[299,291],[838,273],[61,94],[-96,666],[-209,264],[-925,669],[-2014,1952],[-670,882],[-383,1070],[-146,128],[-568,202],[-639,1041],[-369,314],[-534,262],[-212,713],[-239,317],[-348,972],[-177,285]],[[2652637,2732244],[-81,806],[110,790],[743,1272],[797,762],[181,622],[-143,477],[138,482],[25,429],[-104,1011],[-220,692],[197,823],[12,1392],[966,612],[595,549],[385,13],[442,200],[110,143],[-41,372],[127,105],[265,-62],[146,-255],[154,-94],[351,-4],[172,84],[188,210],[29,164],[-203,485],[137,362],[247,121],[413,57],[1058,-284],[372,127],[658,443],[247,52],[1244,-304],[447,377],[1225,425],[961,11],[515,265],[587,630],[611,144],[433,309],[714,1356],[163,1125],[211,837],[180,315],[-141,1831],[284,1117],[529,386],[658,204],[109,229],[-25,481],[-242,782],[-93,1472],[-431,717]],[[2646441,2729164],[-517,-1213],[28,-226],[308,-420],[170,-676],[-415,-448],[-286,-839],[31,-371],[380,-1040],[292,-202],[-62,-372],[70,-296],[-112,-226],[271,-730],[89,-934],[-495,-209],[-329,-244],[-522,-149],[-286,-240],[-292,-75],[-729,-959],[-1687,-736],[-1159,-164],[-873,-605],[-666,-543],[-616,-650],[-915,-1832],[-708,166],[-722,792],[-776,360],[-598,162],[-696,29],[-789,157],[-941,373],[-889,-178],[-1181,1230],[-1852,2393],[-306,570],[-70,497],[-235,697],[116,259],[-25,111],[-235,114],[-809,45],[-379,-63],[-654,-255],[-577,-684],[-495,-286],[-460,-94],[-633,-538],[-74,-207],[-81,-4],[-309,698],[-619,228],[-734,542],[-787,303],[-320,518],[-450,363],[-28,369],[-102,163],[-464,-11],[-510,-245],[-615,-27],[-249,183],[-271,566],[-260,190],[-520,-90],[-749,-470],[-537,-221],[-475,-86],[-2295,-725],[-1371,66],[-822,-277],[-1916,-158],[-646,-974],[-42,-663],[-703,-1637],[-489,-425],[-38,-207],[-261,-203],[-52,-263],[-306,-335],[-18,-276],[85,-280],[-338,-298],[-291,-119],[-74,-89],[60,-329],[-130,-207],[-377,-487],[-478,-311],[-172,-276],[-14,-294],[162,-787],[411,-991],[446,-221],[194,-535],[277,-100],[1136,-926],[56,-428],[-660,-2004]],[[2636109,2788354],[276,-330],[24,-205],[-571,-407],[-244,-388],[1141,-1446],[-111,-789],[33,-255],[615,-776],[213,-99],[506,-714],[313,-182],[314,-368],[737,-429],[123,-406],[719,-120],[621,22],[297,-121],[521,-709],[189,-484],[316,-223],[55,-134],[-380,-776],[185,-277],[-120,-236],[109,-725],[385,-558],[144,-363],[241,-129],[70,-110],[-21,-211],[308,-372],[52,-1124],[-532,-1172],[-464,-253],[-322,-324],[22,-263],[-113,-332],[-499,-339],[-312,-109],[-125,-374],[17,-408],[-402,-459],[72,-256],[-71,-341],[-783,-917],[101,-368],[-42,-79],[-423,-376],[-137,-300],[-283,-116],[-168,-193],[-149,-691],[517,-653],[124,-272],[-141,-263],[28,-381],[-168,-206],[-180,-446],[-369,-214],[-471,-452],[-364,-709],[-232,30],[-84,-75],[109,-318],[-343,-900],[-160,-231],[46,-417],[-115,-110],[-351,-15],[-137,-123],[-32,-413],[209,-392],[-41,-258],[84,-392],[-266,-658],[27,-486],[-307,-209],[10,-250],[-139,-281],[-17,-314],[-145,-205],[-529,-268],[-52,-442],[-362,-115],[3,-696],[309,-756],[-119,-647],[86,-268],[-164,-323],[27,-333],[-332,-391],[-76,-248],[1,-193],[242,-364],[-115,-400],[65,-579],[-232,-145],[-23,-99],[145,-228],[-62,-96],[-206,-61],[-31,-119],[110,-567],[-64,-99],[-473,-219],[-190,-203],[-55,-228],[-483,-273],[-453,-561],[-41,-129],[179,-438],[-288,-562],[-105,-593],[217,-757],[356,-129],[90,-530],[436,-29],[205,-174],[55,-109],[-106,-283],[272,-375],[-2,-465],[-47,-110],[-217,-60],[-1068,134],[-330,-69],[-221,-314],[10,-711],[-397,-508],[-218,-618],[-309,-141],[-485,69],[-397,-297],[-169,-408],[-457,31],[-151,-65],[-281,-553],[-102,-766],[509,-428],[120,-197],[28,-321],[-81,-225],[-239,-186],[-1023,-55],[-383,-753],[380,-187],[293,-19],[326,-286],[478,153],[477,32],[1090,-190],[606,112],[487,-461],[629,-418],[461,-480],[495,-791],[158,-397],[1824,-1125],[313,-377],[411,-262],[85,-180],[-113,-777],[127,-352],[687,-314],[276,-34],[882,-432],[249,-573],[415,-276],[682,-135],[496,-245],[196,-142],[798,-1056],[476,-6],[449,613],[671,370],[914,-135],[161,-104],[246,-459],[115,-53],[486,112],[693,345],[365,38],[355,-65],[327,138]],[[3498759,2984513],[-215,-91],[-153,81],[-1337,24],[-316,-48],[-413,-191],[-632,-48],[-316,0],[-267,96],[-632,597],[-268,621],[-316,310],[-923,96],[-292,262],[73,215],[559,239],[298,338],[42,450],[-73,143],[-340,215],[-243,0],[-267,-191],[-584,-1313],[-48,-311],[97,-334],[462,-645],[-24,-214],[-171,-239],[-534,-48],[-559,72],[-25,382],[123,342],[48,661],[-219,334],[-778,48],[-486,286],[-316,-48],[-194,-310],[218,-525],[-152,-490],[-285,-179],[-462,-48],[-267,454],[18,330],[-153,250],[-1195,442],[-1349,1056],[-542,297],[-562,138],[-274,0],[-183,-69],[-28,-110],[576,-526],[158,-310],[-62,-420],[-113,-204],[124,-426],[-152,-381],[-202,-116],[-377,44],[-152,161],[-213,1044],[-158,315],[-208,177],[-270,38],[-326,-353],[202,-951],[-146,-585],[-107,-61],[-635,50],[-692,-138],[-73,99],[28,127],[844,624],[56,321],[-129,110],[-1176,304],[-854,-757],[-270,-105],[-450,22],[-1536,1139],[-88,286],[185,824],[-65,340],[-125,83],[-362,12],[-295,-112],[-587,-397],[-670,-253],[-494,-443],[-282,29],[-258,136],[-105,224],[375,485],[0,244],[-607,560],[-304,866],[-160,211],[-240,99],[-422,-95],[-295,-456],[-236,-157],[-367,-25],[-612,153],[-278,-49],[-182,-245],[-54,-236],[539,-742],[17,-319],[-71,-157],[-523,-422],[-194,-46],[-446,74],[-177,-85],[-84,-117],[40,-353],[-109,-352],[-318,-258],[-1374,432],[-797,-174],[-299,29],[-945,1065],[-430,33],[-388,-187],[-278,-277],[-232,-423],[-81,-257],[127,-961],[-329,-481],[-346,-74],[-287,45],[-236,174],[-135,535],[135,584],[-147,236],[-300,203],[-169,-16],[-278,-212],[-278,-965],[-148,-253],[-198,-166],[-692,-149],[-228,96],[-181,372],[114,402],[485,779],[-21,319],[-207,419],[-126,87],[-262,21],[-329,-158],[-261,8],[-156,232],[-321,1194],[-278,219],[-607,-12],[-165,149],[76,651],[-68,422],[-354,386],[-253,124],[-409,534],[-329,42],[-767,-398],[-418,-128],[-590,-9],[-776,-136],[-566,194],[-358,411],[173,700],[-139,344],[-738,567],[-684,871],[-200,95],[-141,-87],[-199,-456],[-485,62],[-109,-95],[-156,-1181],[-257,-447],[-355,-282],[-493,-108],[-224,170],[-13,262],[435,649],[30,556],[-93,377],[-519,737],[-278,294],[-490,141],[-679,-128],[-674,-414],[-350,78],[-152,357],[-93,687],[-89,104],[-847,104],[-300,186],[-704,1918],[-221,-13],[-1065,-619],[-157,-21],[-423,248],[-154,344],[17,484],[153,479],[-94,220],[-153,27],[-1243,-258],[-397,-199],[-88,-285],[42,-278],[190,-303],[667,-447],[205,-240],[86,-199],[-52,-317],[-167,-222],[-357,-92],[-291,94],[-454,316],[-625,-20],[-160,231],[-126,809],[-152,216],[-384,286],[-422,87],[-754,-33],[-435,194],[-739,46],[-797,377],[-20,225],[100,57],[498,-112],[493,-4],[177,41],[203,170],[320,767],[9,298],[-173,253],[-354,248],[-405,-182],[-422,99],[-1611,1177],[-848,406],[-190,33],[-443,-211],[-409,12],[-679,601],[-215,79],[-265,-58],[-152,-307],[17,-344],[173,-928],[248,-356],[-168,-294],[-317,-154],[-173,30],[-126,165],[139,1051],[-21,167],[-249,261],[-164,15],[-106,-77],[85,-567],[-22,-137],[-151,-153],[-776,-67],[-418,-476],[-299,-137],[-173,100],[-47,153],[59,228],[266,393],[106,390],[-300,261],[-274,120],[-405,70],[-257,-45],[-42,-327],[156,-394],[-131,-261],[-346,-220],[-114,-978],[-118,-232],[-350,-364],[-531,-183],[-346,67],[-152,141],[-80,120],[21,232],[738,124],[291,133],[228,310],[12,365],[-194,162],[-215,-4],[-717,-597],[-308,-29],[-160,137],[-29,207],[105,700],[-93,162],[-109,25],[-110,-59],[-514,-1276],[134,-799],[-434,-1227],[-245,-12],[-130,128],[-110,415],[-6,716],[-154,179],[-211,41],[-177,-62],[-283,-514],[-236,-79],[-283,42],[-577,551],[-431,-62],[-46,-916],[-143,-216],[-502,46],[-586,-174],[-190,29],[-144,232],[102,195],[921,263],[222,520],[130,684],[-219,190],[-236,17],[-144,-79],[-295,-634],[-161,-124],[-919,-21],[-227,149],[50,207],[688,684],[620,37],[55,106],[-144,184],[-603,154],[-683,451],[-106,369],[165,381],[-34,133],[-173,149],[-1231,191],[-253,199],[-110,422],[114,344],[245,33],[514,-165],[274,4],[262,141],[38,140],[-34,195],[-249,361],[-890,638],[-152,20],[-510,-335],[-730,29],[-185,-108],[-25,-236],[71,-112],[300,-141],[350,0],[164,-141],[0,-173],[-46,-162],[-144,-96],[-674,-277],[-156,-609],[-595,-721],[-451,-42],[-473,249],[-50,112],[76,170],[1037,480],[165,158],[84,319],[-51,128],[-295,232],[-510,170],[-321,-29],[-400,-646],[-5,-630],[-147,-245],[-970,224],[-161,100],[76,207],[393,244],[33,369],[-514,149],[-890,-103],[-165,-145],[7,-143],[221,-309],[59,-340],[-358,-414],[-291,-559],[-700,-328],[-431,452],[-126,257],[-40,182],[208,654],[-244,200],[-190,-17],[-76,-87],[-4,-389],[-131,-162],[-670,282],[-812,-147],[-112,-81],[4,-207],[80,-100],[671,-344],[-2,-116],[-137,-149],[-645,-79],[-502,-190],[-456,37],[-88,249],[405,321],[113,213],[43,419],[200,385],[-99,186],[-257,-37],[-452,-302],[-704,-622],[-489,-684],[-245,-49],[-323,95],[100,1011],[421,197],[665,820],[-13,133],[-97,83],[-597,105],[-299,365],[-312,203],[-431,42],[-270,-146],[-113,-252],[698,-38],[179,-116],[105,-236],[-4,-377],[-616,-696],[-14,-151],[213,-425],[-123,-99],[-519,277],[-434,444],[-687,1255],[-15,676],[-103,91],[-237,4],[-101,-2196],[-202,-373],[-401,-17],[-55,83],[131,357],[-51,244],[-628,775],[-245,124],[-653,129],[-144,-158],[21,-153],[713,-332],[148,-215],[42,-344],[-236,-361],[-186,-4],[-105,481],[-148,232],[-207,79],[-227,-87],[-144,-207],[-194,-742],[-8,-137],[249,-497],[-32,-332],[-129,-149],[-468,-16],[-198,74],[51,460],[-118,224],[-203,-128],[-160,-527],[-186,-232],[-628,-340],[-186,-16],[-599,385],[-459,54],[-468,-74],[-479,-293],[-1484,-336],[-262,41],[-270,183],[-396,37],[-481,170],[-624,460],[-405,112],[-1805,-593],[-278,8],[-435,158],[-932,83],[-371,-299],[-481,-165],[-228,-174],[-371,112],[-443,0],[-76,82],[34,158],[501,514],[-7,895],[-32,169],[-150,90],[-211,-118],[-312,-792],[-333,-273],[-1695,-692],[-1012,128],[-1683,381],[-89,183],[-21,385],[262,392],[12,259],[-556,741],[-321,66],[-240,-211],[12,-385],[-88,-257],[-194,-236],[-1038,-812],[-240,-348],[-72,-319],[181,-562],[-50,-97],[-468,-129],[-321,0],[-645,116],[-468,423],[-726,-50],[-160,71],[68,228],[417,319],[80,165],[-34,158],[-607,381],[-432,81],[-36,296],[321,286],[84,228],[-127,153],[-573,290],[-812,887],[-479,66],[-219,-87],[-68,-108],[-12,-174],[88,-111],[764,-402],[55,-216],[-60,-265],[-269,-157],[-131,45],[-308,659],[-426,54],[-245,-178],[-253,-377],[-240,-17],[-970,837],[-9,278],[249,111],[363,-406],[384,-161],[244,4],[114,145],[-33,443],[84,207],[295,199],[747,121],[185,140],[-8,199],[-1312,149],[-978,452],[-342,290],[217,423],[-6,128],[-241,158],[-210,41],[-975,-240],[-303,20],[-502,398],[-451,154],[-1135,-274],[-308,-4],[-299,-83],[-304,-249],[-253,-319],[-418,-944],[-1138,-1094],[0,-203],[381,-557],[-23,-305],[-843,-1119],[-144,-762],[-156,-381],[711,-783],[-6,-226],[-165,-52],[-236,-253],[-257,-41],[-28,97],[184,404],[-59,108],[-1190,986],[-143,8],[-169,-107],[-434,-394],[-848,-549],[-232,164],[-523,617],[-118,41],[-666,-70],[-793,174],[-456,-195],[-240,-149],[-152,-302],[397,-527],[303,-576],[861,-650],[506,-705],[0,-211],[-70,-99],[-238,-33],[-991,227],[-878,46],[-991,-41],[-582,-150],[-71,-157],[544,-1591],[-7,-169],[-128,-47],[-1396,589],[-515,456],[-194,-357],[-97,-431],[0,-1578],[-278,-456],[-211,-122],[-287,143],[-641,708],[-544,381],[-257,42],[-1455,-377],[-899,-17],[-164,108],[0,95],[169,390],[442,315],[-6,211],[-377,25],[-1025,-228],[-106,-87],[-42,-187],[135,-451],[945,-1065],[211,-514],[-359,-543],[-468,-1164],[-514,0],[-270,95],[-175,197],[200,508],[510,613],[-105,74],[-346,0],[-590,-261],[-313,-339],[38,-286],[477,-1053],[-164,-315],[-123,-8],[-139,137],[-329,597],[-342,161],[-624,-16],[-1088,-216],[-143,-190],[0,-245],[519,-899],[31,-263],[-348,-81],[-1493,369],[-250,-62],[-79,-274],[-8,-708],[150,-263],[-133,-699],[-245,-240],[-274,-17],[-434,162],[-262,336],[-536,1756],[-160,150],[-367,-120],[-1314,-1353],[-212,72],[-152,410],[33,506],[140,418],[-435,125],[-169,16],[-409,-207],[-489,-626],[-734,-348],[-580,-58],[-149,237],[-47,646],[300,1085],[-4,137],[-152,178],[-654,290],[-502,-24],[-211,-125],[-50,-613],[-173,-95],[-388,33],[-97,66],[-51,228],[300,501],[-60,203],[-590,38],[-544,-129],[-346,9],[-460,174],[-598,634],[-342,149],[-494,-25],[-291,-124],[-438,-514],[-165,-833],[97,-580],[-54,-100],[-140,-33],[-1075,547],[-536,203],[-717,145],[-421,-120],[-460,-725],[-207,-8],[-616,194],[-421,216],[-481,1023],[-367,216],[-2134,-87],[-1299,-953],[-650,-224],[-413,228],[-358,584],[-405,178],[-426,42],[-325,-373],[122,-1131],[-430,-551],[-223,-13],[-1388,315],[-915,-543],[-515,-136],[-232,87],[-88,203],[177,1338],[-274,236],[-485,149],[-662,-49],[-515,-282],[-953,-974],[-118,-41],[-215,91],[-236,277],[-367,829],[-173,145],[-1502,-663],[-487,-502],[-453,-90],[-1021,455],[-620,431],[-890,390],[-282,50],[-346,-303],[-169,-572],[-88,-683],[105,-754],[-186,-262],[-333,-82],[-164,215],[0,609],[-135,240],[-270,150],[-759,219],[-363,398],[-654,282],[-1003,886],[-687,426],[-148,304],[34,225],[413,255],[63,123],[-2,176],[-175,182],[-325,112],[-995,-66],[-899,116],[-468,194],[-308,295],[-274,397],[-38,145],[80,278],[835,725],[344,423],[-154,161],[-460,100],[-847,87],[-1063,-58],[-266,99],[-147,319],[8,468],[143,187],[528,-13],[185,104],[85,220],[-51,356],[-388,62],[-785,-393],[-404,-38],[-473,108],[-173,104],[-55,136],[55,759],[-158,316],[-124,65],[-574,-29],[-476,87],[-161,-50],[-291,-331],[-215,-659],[-363,-75],[-261,153],[-148,419],[51,659],[506,866],[-105,277],[-287,129],[-439,8],[-1510,-547],[-299,211],[-266,456],[-97,348],[-257,199],[-321,-21],[-409,-310],[-177,-315],[-438,-431],[-247,-599],[-99,-56],[-203,42],[-586,650],[-489,357],[-405,103],[-540,-124],[-481,-622],[9,-431],[202,-530],[-29,-302],[-161,-191],[-468,-286],[-202,-46],[-182,87],[13,663],[-207,187],[-1147,-294],[-1400,240],[-864,-128],[-397,-224],[-122,-812],[-169,-170],[-1375,186],[-312,-41],[-126,-178],[-76,-516],[-199,-392],[-97,-25],[-232,9],[-430,240],[-434,33],[-683,-228],[-776,-381],[-519,-4],[-266,257],[-50,161],[177,651],[-135,149],[-717,-12],[-279,-108],[-442,-323],[-397,-67],[-164,141],[-26,137],[47,170],[364,481],[110,404],[-213,311],[-378,136],[-238,-617],[-463,-382],[-675,-196],[-253,143],[-298,6],[-341,-463],[-331,-27],[-412,161],[-293,11],[-582,-271],[-270,-20],[-599,315],[-383,41],[-1147,-771],[-1157,-446],[-225,44],[-191,266],[-422,44],[-714,-370],[-1097,-22],[-219,-111],[-537,-522],[-110,64],[-298,602],[-101,38],[-630,-226],[-450,260],[223,644],[356,560],[304,271],[17,196],[-557,107],[-354,343],[-202,94],[-287,-11],[-546,-193],[-624,867],[-871,447],[22,183],[444,585],[-107,486],[-230,266],[-709,320],[-635,536],[-816,243],[-489,271],[-157,270],[11,514],[-180,293],[-214,171],[-174,812],[-129,128],[-624,-139],[-827,-386],[-174,-144],[-327,-552],[-146,-11],[-275,149],[-146,342],[236,1127],[-276,448],[-157,38],[-720,-431],[-472,-88],[-923,254],[-286,-22],[-51,-160],[439,-398],[95,-193],[-22,-194],[-180,-176],[-1434,834],[-493,50],[-158,-47],[-21,-170],[152,-638],[25,-821],[-144,-159],[-134,-19],[-545,402],[-881,-4],[-388,157],[-228,307],[0,704],[-116,197],[-128,-2],[-283,-684],[-198,-124],[-658,158],[-371,-59],[-148,-248],[-17,-874],[-211,-195],[-1079,-559],[291,-1297],[-42,-344],[-241,-232],[-152,-62],[-198,58],[-434,596],[-473,8],[-126,-136],[10,-96],[293,-530],[22,-290],[-59,-79],[-886,-261],[-662,-302],[-274,137],[-85,261],[42,982],[-362,256],[-654,17],[-485,-157],[-148,-220],[312,-1239],[-75,-104],[-844,-186],[-738,211],[-257,187],[-363,460],[-346,29],[-502,-257],[-130,-145],[-5,-286],[272,-392],[5,-281],[-251,2],[-599,605],[-186,20],[4,-592],[-206,-220],[-544,-311],[-502,-919],[-182,-191],[-517,-303],[-803,-178],[-413,-298],[-110,-186],[34,-817],[-282,-232],[-232,25],[-401,220],[-1426,518],[-253,12],[-114,-87],[-198,-514],[561,-1239],[-25,-364],[-106,-87],[-164,128],[-30,319],[-139,294],[-278,224],[-346,100],[-439,4],[-329,-91],[-316,-208],[-169,-364],[55,-1127],[-194,-249],[-337,-219],[-51,-241],[447,-932],[637,-653],[-236,-163],[-502,-42],[-110,-128],[110,-199],[346,-249],[122,-294],[-362,-650],[-173,-104],[-199,58],[-130,501],[-247,191],[-373,-66],[-312,-195],[-334,-414],[-257,-510],[156,-402],[570,-418],[75,-303],[-253,-236],[-582,-70],[-700,-407],[-375,-439],[-181,-584],[-161,-199],[-215,-95],[-232,25],[-76,199],[-25,808],[-287,174],[-126,-50],[-76,-149],[-93,-783],[-569,-303],[-270,37],[-258,174],[-261,551],[-215,104],[-270,8],[-1434,-310],[-510,286],[-1059,-129],[-282,-120],[-418,-336],[-291,-83],[-236,46],[-333,331],[-814,419],[-452,0],[-725,-178],[-405,-195],[-93,-421],[-257,-18],[-974,630],[-591,281],[-670,46],[-633,-236],[-97,33],[-190,510],[-206,91],[-730,-145],[-797,-386],[-1430,-178],[-746,0],[-920,-567],[-957,-257],[-55,-295],[80,-310],[-236,-245],[-283,-103],[-683,-75],[-55,-70],[64,-560],[-55,-219],[-1063,-742],[13,-460],[426,-547],[12,-219],[-835,20],[-472,-107],[-435,87],[-1159,-71],[-102,-385],[81,-232],[442,-406],[76,-174],[-71,-220],[-211,-149],[-270,112],[-692,746],[-818,617],[-308,352],[-118,58],[-485,-128],[-565,4],[-198,132],[-110,525],[-105,97],[-448,108],[-240,-25],[-51,-290],[-156,-282],[-527,-141],[-624,-414],[-557,-21],[-894,-352],[-1130,16],[-388,104],[-645,332],[-2189,455],[-953,323],[-753,-116],[-622,141],[-312,-18],[-338,-495],[-249,-21],[-388,323],[-215,667],[-662,265],[-299,-87],[-371,-377],[-705,-78],[-569,-328],[-211,-45],[-380,207],[-80,116],[-25,340],[-127,116],[-337,29],[-417,-220],[-367,-54],[-532,410],[-683,116],[-1358,767],[-140,7],[-126,-129],[-801,-375],[-468,-38],[-350,435],[-346,137],[-173,-286],[51,-588],[-53,-197],[-335,-60],[-629,199],[-333,-8],[-203,-195],[-194,-771],[-168,-103],[-287,12],[-455,402],[-283,54],[-742,-83],[-831,-431],[-409,8],[-595,510],[-548,-33],[-203,83],[-122,153],[-84,365],[-241,285],[-772,5],[-248,120],[-85,534],[-168,83],[-852,-87],[-458,91],[-192,-91],[-253,-325],[-131,-19],[-114,17],[-493,476],[-245,62],[-316,-8],[-434,-182],[-414,-42],[-514,535],[-211,46],[-152,-63],[-316,-613],[-114,-62],[-325,-17],[-594,237],[-979,-290],[-295,120],[-135,402],[67,404],[-67,101],[-236,79],[-144,-4],[-421,-253],[-401,-66],[-312,74],[-329,199],[-236,0],[-485,-381],[-397,-191],[-1143,125],[-759,-220],[-607,311],[-435,120],[-379,-137],[-473,-352],[-927,-91],[-228,-220],[-110,-567],[-987,-456],[-160,0],[-186,103],[-421,539],[-252,163],[-760,-196],[-675,298],[-544,406],[-431,485],[-235,121],[-213,-45],[-142,-195],[106,-481],[-85,-207],[-211,-46],[-215,63],[-177,252],[-295,829],[-485,186],[-177,-24],[-241,-228],[-80,-431],[-160,-224],[-860,149],[-515,-580],[-540,108],[-577,427],[-405,414],[-43,791],[-92,203],[-300,50],[-430,-387],[-135,-73],[-160,29],[-337,165],[-182,196],[-371,770],[-738,539],[-308,-141],[-751,-882],[-105,-17],[-207,153],[-400,680],[-1127,174],[-310,-56],[-168,74],[-449,533],[-215,4],[-561,-572],[-321,-45],[-198,78],[-177,394],[-236,236],[-157,50],[-556,-58],[-1780,157],[-839,-596],[-333,-145],[-933,174],[-130,-38],[-169,-426],[-481,-415],[-523,-45],[-818,323],[-253,25],[-257,-100],[-346,-385],[-321,-166],[-122,0],[-131,116],[-82,585],[-200,136],[-911,-174],[-633,38],[-436,-67],[-146,-58],[-245,-522],[-248,-170],[-279,46],[-333,667],[-156,153],[-540,141],[-506,-12],[-772,-655],[-999,79],[-481,-257],[-283,-58],[-1168,211],[-346,170],[-320,381],[-494,25],[-316,-132],[-84,-112],[-47,-696],[-215,-506],[-194,-120],[-228,33],[-240,149],[-105,986],[-224,170],[-953,-12],[-1202,344],[-527,-4],[-772,-270],[-489,133],[-2105,74],[-346,-281],[-392,-659],[57,-108],[496,-282],[206,-240],[131,-613],[0,-129],[-190,-265],[-430,-298],[-417,-50],[-268,189],[-304,4],[-563,-330],[-422,96],[-1354,-381],[-413,-34],[-131,21],[-438,464],[-185,96],[-979,-121],[-131,498],[-240,165],[-127,-12],[-1303,-607],[-582,-31],[-304,-323],[-257,-112],[-709,4],[-504,-313],[-377,-89],[-1025,-746],[-1666,-286],[-637,-812],[-324,-124],[-464,25],[-717,-191],[-663,232],[-898,-298],[-514,29],[-582,-531],[-1422,38],[-227,-54],[-456,-394],[-443,-41],[-490,-193],[-552,334],[-169,20],[-237,212],[-428,-40],[-291,-308],[-105,-247],[46,-927],[-186,-630],[-49,-733],[-344,-345],[-537,-128],[-321,39],[-80,182],[-485,319],[-603,-22],[-160,-182],[8,-141],[280,-472],[-1,-397],[-679,-508],[-111,-427],[-672,-956],[-221,-155],[-325,3],[-178,-225],[-328,-1096],[-102,-795],[-162,-286],[-450,-301],[-89,-257],[43,-150],[176,-100],[1388,-342],[116,-114],[0,-266],[-161,-138],[-218,-24],[-541,152],[-443,-194],[-172,-438],[214,-722],[-4,-335],[-110,-169],[-478,-210],[-190,-173],[-578,62],[-215,-166],[-260,-338],[-534,-1019],[-218,-110],[-221,14],[-577,486],[-200,80],[-264,-45],[-91,-152],[32,-1074],[-204,-224],[-292,-121],[-190,-256],[134,-321],[474,-228],[253,-307],[60,-314],[-84,-325],[-92,-69],[-260,0],[-920,394],[-108,-23],[-86,-184],[25,-544],[-109,-168],[-214,-93],[-299,0],[-816,439],[-319,20],[-503,-410],[-35,-287],[-200,-216],[-208,29],[-706,491],[-404,-24],[-605,-214],[-749,-21],[-193,-238],[278,-574],[-11,-179],[-105,-138],[-390,-207],[-719,-13],[-336,-222],[-56,-264],[46,-185],[432,-180],[179,-573],[359,-186],[270,-283],[74,-549],[-128,-59],[-135,59],[-380,386],[-190,-3],[-629,-815],[-966,-338],[-113,-784],[-882,-453],[-450,18],[-295,176],[-102,404],[63,573],[499,442],[113,255],[-162,249],[-478,104],[-337,179],[-46,221],[155,549],[-71,518],[-154,149],[-492,152],[-310,0],[-355,-163],[-105,-169],[56,-331],[394,-384],[-35,-521],[-239,-117],[-828,243],[-206,12],[-130,-97],[-73,-127],[14,-429],[-299,-414],[221,-884],[-253,-1077],[-200,-149],[-780,-100],[-735,-428],[-239,-280],[74,-214],[264,-172],[565,-90],[160,-99],[97,-322],[-4,-270],[-87,-176],[-183,-76],[-605,225],[-810,-563],[-212,-35],[-700,118],[-183,-118],[-137,-804],[-109,-245],[-126,-66],[-397,-3],[-260,355],[-338,183],[-657,90],[-295,-117],[-18,-290],[390,-366],[123,-522],[-14,-345],[-38,-128],[-190,-59],[-640,263],[-161,-42],[52,-359],[-52,-222],[-478,-313],[-95,-231],[35,-363],[-211,-542],[84,-539],[-50,-313],[-336,37],[-577,318],[-175,-79],[-422,-449],[-186,-49],[-211,121],[-352,746],[-176,97],[-105,-7],[-351,-387],[-306,-183],[-506,24],[-608,432],[-556,-87],[-137,-217],[53,-135],[872,-614],[21,-339],[-148,-531],[-313,-253],[-214,18],[-931,628],[-394,-7],[-102,-231],[415,-815],[-190,-252],[-311,-88],[-114,43],[-348,691],[-215,76],[-218,-28],[-77,-252],[436,-725],[-91,-249],[-127,-41],[-408,96],[-667,567],[-415,24],[-260,-297],[200,-566],[-17,-318],[-313,-318],[-218,21],[-563,387],[-207,34],[-313,-62],[-291,-376],[-197,-114],[-295,79],[-138,125],[-70,193],[56,487],[450,932],[-56,307],[-148,232],[-330,65],[-278,-117],[-28,-725],[-260,-311],[-130,-38],[-235,4],[-215,120],[-144,546],[-270,307],[-429,97],[-348,-97],[-95,-100],[0,-331],[664,-681],[71,-158],[-60,-261],[-201,-254],[-270,-176],[-338,-52],[-562,83],[-197,-107],[-291,-946],[200,-256],[717,-421],[0,-314],[-260,-138],[-686,286],[-973,-86],[-552,-276],[-478,-566],[-675,-211],[-274,-435],[-228,-38],[-411,128],[-341,-21],[-222,-193],[-242,-705],[-306,-348],[-144,-698],[-186,-104],[-584,-24],[-678,-348],[-338,79],[-228,311],[-211,131],[-662,-344],[-487,33],[-457,-214],[-229,28],[-446,404],[-216,96],[-540,-535],[-228,-10],[-745,390],[-260,-17],[-352,-252],[-333,0],[-176,193],[-4,218],[288,448],[61,343],[-85,195],[-200,181],[-271,103],[-264,-20],[-949,-625],[-277,-11],[-197,111],[-91,248],[442,891],[-69,279],[-145,13],[-123,-116],[-295,-466],[-225,-38],[-355,159],[-331,432],[-110,48],[-167,-71],[-42,-585],[-137,-225],[-129,-65],[-247,0],[-654,380],[-264,69],[-225,-11],[-467,-228],[-155,-207],[-28,-197],[513,-573],[21,-165],[-116,-505],[-253,-186],[-481,-35],[-260,132],[-158,200],[70,311],[376,462],[-28,266],[-218,-34],[-334,-501],[-784,-476],[-221,44],[-190,242],[-91,687],[-216,103],[-384,-120],[-411,-394],[-120,-423],[92,-211],[265,-239],[36,-187],[-197,-83],[-232,80],[-309,-76],[-159,-231],[-362,-926],[4,-250],[155,-364],[506,-577],[492,-325],[73,-269],[-182,-121],[-527,169],[-457,49],[-373,-176],[-148,-204],[39,-808],[211,-414],[253,-32],[494,196],[156,-37],[109,-127],[81,-422],[-292,-542],[-154,-103],[-1360,-387],[-155,-187],[-70,-397],[-173,-196],[-871,155],[-362,-10],[-137,-208],[35,-335],[-85,-189],[-783,51],[-99,-69],[-288,-601],[-314,-155],[-533,207],[-394,363],[-333,134],[-359,35],[-812,-90],[-151,107],[-302,532],[-222,83],[-172,-21],[-176,-210],[-144,-853],[-186,-197],[-306,31],[-362,331],[-272,503],[-325,102],[-60,-152],[67,-573],[-120,-259],[-168,-149],[-222,-17],[-548,259],[-450,17],[-179,-66],[-461,-438],[-235,0],[-366,180],[-253,27],[-622,-811],[-611,-311],[-341,62],[-526,390],[-216,-10],[-200,-259],[-134,-684],[85,-428],[379,-611],[60,-342],[-172,-449],[-225,-114],[-531,-76],[-298,104],[-166,152],[-144,242],[56,417],[-56,339],[-137,304],[-228,255],[-496,114],[-248,-396],[-165,-128],[-383,34],[-112,87],[-71,255],[-31,618],[-148,384],[-496,386],[-896,228],[-91,-14],[-77,-227],[94,-423],[202,-17],[389,253],[211,-24],[75,-107],[44,-174],[-112,-821],[116,-272],[402,-149],[230,-186],[44,-266],[-74,-114],[-820,-159],[-628,-794],[-384,48],[-457,225],[-130,138],[-144,507],[-376,256],[-236,59],[-1283,-753],[-548,-104],[-155,135],[-137,383],[99,888],[-43,196],[-175,204],[-408,124],[-794,-158],[-246,41],[-74,218],[211,569],[-144,273],[-492,259],[-598,117],[-453,-6],[-482,-221],[-59,-208],[42,-286],[183,-190],[797,-52],[633,-677],[-26,-417],[-199,-325],[-116,-573],[-376,-97],[-341,86],[-130,118],[-56,228],[355,386],[9,151],[-80,212],[-260,159],[-442,41],[-981,-72],[-320,-76],[-200,-121],[-74,-149],[11,-262],[137,-231],[277,-66],[633,117],[337,-89],[173,-360],[256,-286],[109,-356],[-211,-393],[-176,-111],[-200,111],[-292,459],[-376,69],[-530,-383],[73,-477],[-243,-214],[-298,124],[-274,518],[-274,204],[-120,0],[-355,-314],[-203,-55],[-271,298],[-193,30],[-97,-69],[47,-270],[152,-259],[-39,-105],[-397,-194],[-186,230],[-90,463],[-104,106],[-130,7],[-145,-39],[-548,-526],[-893,-499],[-162,84],[-428,587],[-396,220],[-304,-27],[-730,-582],[-216,39],[-309,395],[-224,86],[-210,-114],[-289,-384],[-782,-579],[-332,-705],[-144,-133],[-1324,-204],[-99,145],[-63,433],[-215,96],[-530,-390],[-828,-139],[-411,-462],[-343,-203],[-708,139],[-1505,1214],[-389,217],[-671,-109],[-681,-362],[-275,-231],[-612,-637],[-890,-1251],[68,-451],[134,-111],[909,-351],[114,-278],[-3,-566],[99,-355],[-51,-275],[-88,-74],[-411,-6],[-275,-192],[-371,-1078],[-210,-27],[-419,178],[-366,459],[-555,254],[-488,11],[-485,-167],[-490,-9],[-859,123],[-742,212],[-202,-87],[-17,-409],[111,-421],[1105,-1074],[213,-374],[79,-417],[-65,-304],[-178,-267],[-570,-354],[-289,-287],[-355,-643],[-325,-172],[-261,61],[-23,353],[746,994],[62,221],[-11,287],[-360,243],[-1271,-44],[-343,138],[-405,39],[-900,-802],[-326,-160],[-168,31],[-153,279],[113,519],[-180,409],[-292,281],[-282,105],[-489,0],[-281,-248],[-79,-249],[287,-1221],[-107,-259],[-208,-166],[-292,22],[-338,193],[-624,719],[-399,55],[-349,-55],[-258,77],[-152,237],[-90,520],[-203,409],[45,419],[265,315],[320,39],[703,-458],[309,-78],[355,221],[129,392],[292,315],[799,56],[692,-100],[174,100],[28,248],[-270,901],[-180,188],[-416,33],[-652,-188],[-641,72],[-220,165],[-112,199],[-366,967],[-416,111],[-725,-199],[-265,16],[-742,1127],[-489,50],[-1392,-428],[-397,36],[-576,202],[-692,-6],[-225,-235],[-48,-276],[183,-295],[703,-346],[77,-109],[-43,-357],[-174,-279],[-296,-199],[-646,-133],[-207,-215],[-533,171],[-542,-224],[-443,145],[-522,902],[-526,652],[79,323],[281,138],[-21,269],[-1165,794],[-197,282],[-33,332],[67,198],[439,431],[78,205],[-33,160],[-360,436],[-321,139],[-669,-11],[-253,71],[-180,105],[-135,227],[34,320],[473,598],[5,242],[-169,326],[-444,99],[-1327,-741],[-231,-69],[-398,52],[-284,331],[0,243],[660,747],[26,364],[-165,303],[-1236,567],[-295,655],[-240,203],[-393,21],[-565,-228],[-552,37],[-241,178],[-126,216],[-481,1114],[-523,378],[-401,49],[-202,-66],[-46,-224],[160,-555],[-17,-273],[-67,-206],[-216,-147],[-1514,17],[-388,145],[-253,302],[-17,522],[194,436],[695,986],[-62,381],[-198,174],[-316,21],[-536,-618],[-392,-95],[-262,112],[-594,683],[-334,67],[-299,-50],[-755,-878],[-299,-137],[-532,79],[-371,480],[-110,489],[-114,601],[47,323],[122,174],[316,154],[758,6],[229,127],[450,746],[896,252],[691,302],[106,153],[-17,295],[-207,265],[-297,137],[-791,4],[-228,-116],[-215,-257],[-400,-638],[-226,-178],[-272,-38],[-202,195],[-131,825],[-481,982],[2,477],[-269,251],[-290,55],[-216,-237],[-57,-478],[116,-315],[407,-442],[48,-282],[-174,-497],[-262,-94],[-229,74],[-873,724],[-332,727],[-157,1063],[557,986],[-23,219],[-191,160],[-277,-126],[-370,-823],[-383,-214],[-171,-408],[-261,-120],[-96,169],[68,812],[-228,456],[-481,356],[-362,66],[-256,-99],[-450,-434],[-324,-50],[-109,183],[93,287],[-99,381],[-727,442],[-344,-105],[-281,-491],[-343,-255],[-183,100],[-253,458],[-759,565],[-222,-45],[-248,-351],[-219,-138],[-561,0],[-648,-180],[-638,241],[-861,-28],[-194,-35],[-542,-410],[-932,42],[-390,323],[-160,204],[-84,285],[-705,758],[-346,-8],[-464,-510],[-533,-137],[-315,29],[-394,396],[-259,116],[-650,-81],[-481,39],[-484,450],[-309,138],[-434,-194],[-676,421],[-758,59],[-693,526],[-374,453],[-1371,176],[-295,109],[-142,587],[-733,472],[-388,66],[-616,-120],[-1029,311],[-899,62],[-823,154],[-447,232],[-283,246],[-419,691],[-1684,671],[-1000,-25],[-1978,859],[-1355,-130],[-624,97],[-322,142],[-681,910],[-621,292],[-388,710],[-276,866],[-334,506],[261,2806],[-124,789],[-317,645],[-361,315],[-386,10],[-255,98],[-401,540],[-866,77],[-573,332],[-135,249],[-17,375],[-259,392],[-833,281],[-455,554],[-345,134],[-283,240],[-101,516],[17,1116],[101,523],[274,509],[-13,473],[338,509],[-80,555],[151,552],[-440,590],[-70,421],[-155,293],[43,195],[-440,502],[-59,311],[-688,401],[-86,133],[-57,327],[-127,212],[-101,717],[-202,327],[25,360],[-321,493],[-358,311],[-304,671],[-417,365],[-452,667],[-354,294],[-283,473],[-362,186],[-274,361],[-401,66],[-325,406],[-382,49],[-560,841],[-599,517],[-77,392],[-404,283],[-262,-250],[-1042,124],[-347,211],[-343,-84],[-837,-20],[-84,86],[91,350],[-212,219],[-16,350],[-389,622],[-383,347],[-2,248],[-150,251],[-441,396],[-81,189],[-407,52],[-668,335],[-1103,-2],[-286,104],[-343,-105],[-531,29],[-97,-54],[-232,131],[-550,-17],[-609,298],[-463,61],[-413,392],[-250,10],[-509,336],[-421,-73],[-521,264],[-491,38],[-242,359],[-846,829],[-584,160],[-304,480],[-728,315],[93,486],[-69,227],[-264,209],[-325,109],[-223,270]],[[2868415,2983004],[-135,530],[-152,199],[-782,370],[-129,193],[50,807],[-449,83],[-124,282],[-77,192],[77,592],[-96,232],[-219,228],[-26,607],[-103,127],[-65,354],[-141,101],[-1041,225],[-1085,-208],[-1246,141],[-323,177],[-707,617],[-534,122],[-453,-42],[-628,-365],[-871,-101],[-504,-155],[-231,42],[-427,315],[-368,642],[-333,256],[-730,1926],[-265,269],[-115,298],[72,378],[543,667],[77,432],[-556,1523],[-406,399],[-81,185],[-107,789],[39,407],[401,1246],[-371,659],[243,819],[530,956],[718,869],[619,1458]],[[2795470,3006880],[-548,-261],[-485,59],[-253,-245],[-1598,-777],[-318,-81],[-204,-152],[-195,-349],[-562,-471],[-279,-570],[-751,-74],[-543,-199],[-1001,-131],[-566,-240],[-355,-403],[-432,-249],[-16,-106],[301,-288],[-78,-606],[-864,-880],[-173,-487],[-503,-764],[-241,-569],[-82,-1156],[-255,-677],[-268,-257],[-1322,-189],[-551,-961],[-673,-616],[-360,-209],[-783,-150],[-395,-399]],[[2829963,2650596],[63,-188],[-77,-226],[79,-193],[1141,-1502],[496,-272],[34,-152],[-120,-342],[136,-328],[265,-97],[376,230],[264,-42],[-281,-638],[24,-561],[344,-441],[389,-147],[37,-108],[-102,-151],[-293,-125],[-118,-181],[183,-305],[933,-82],[298,-100],[370,434],[212,20],[572,-187],[617,-82],[316,-234],[260,-68],[645,490],[399,88],[192,-127],[96,-333],[685,-628],[604,-768],[954,-91],[474,-263],[160,67],[-17,505],[87,53],[278,-50],[75,66],[38,843],[178,276],[153,92],[490,-87],[451,-303],[295,65],[450,-46],[444,169],[356,457],[328,32],[139,-54],[395,-478],[-97,-306],[76,-222],[384,-322],[410,-21],[353,52],[267,160],[103,230],[-70,470],[64,98],[675,-175],[349,-296],[420,-111],[354,30],[115,306],[-164,354],[-25,274],[413,498],[214,8],[974,-262],[154,-444],[762,-501],[185,2],[184,164],[88,599],[164,39],[165,-355],[282,-178],[193,-316],[4,-163],[-110,-137],[-462,-167],[-148,-134],[-149,-289],[-82,-480],[183,-333],[323,-179],[651,164],[628,-652],[-60,-402],[176,-378],[-62,-509],[140,-349],[-30,-418],[383,-558],[338,-708],[126,-84],[572,122],[265,-134],[139,-271],[-11,-423],[134,-89],[205,54],[206,-50],[-7,-616],[490,-201],[450,-419],[125,-385],[170,-71],[236,104],[175,300],[160,35],[46,-474],[-195,-366],[69,-62],[404,37],[161,-97],[201,-601],[-99,-266],[295,-231],[159,-615],[622,-369],[611,138],[773,-186],[81,-218],[-284,-473],[-433,-231],[-154,-194],[1121,-331],[446,-466],[151,-491],[450,-331],[190,7],[98,231],[-372,428],[274,249],[541,753],[179,24],[239,-128],[257,117],[137,228],[517,460],[348,134],[137,487],[457,604],[210,-41],[261,103],[516,-193],[450,-362],[460,-94],[644,-383],[161,35],[187,300],[200,107],[893,-45],[102,-200],[376,-314],[-50,-353],[81,-435],[229,-493],[348,-287],[330,-41],[394,-204],[783,-704],[577,-291],[84,-86],[-60,-380],[169,-369],[352,-28],[636,332],[495,-45],[292,-162],[478,-432],[35,-162],[-81,-232],[-10,-473],[-211,-628],[211,-1588],[-285,-629],[506,-342],[141,-203],[327,-94],[253,-614],[-71,-494],[134,-570],[-239,-252],[-92,-297],[109,-1008],[303,-407],[182,-415],[433,-269],[133,-249],[615,-576],[559,-757],[510,-279],[77,-491],[527,-407],[57,-117],[-46,-1692],[102,-87],[478,-86],[425,-304],[1346,-83],[232,-487],[408,-366],[95,-369],[477,-505],[317,-70],[877,157],[295,-41],[127,-617],[248,-274],[140,-418],[71,-71],[329,-25],[152,-257],[-4,-924],[430,-890],[173,-187],[620,-311],[198,-302],[181,-555],[380,-489],[477,33],[472,356],[371,415],[401,136],[367,-83],[333,-252],[861,-164],[773,161],[714,-230],[1150,-875],[200,-384],[267,-205],[84,-414],[144,-229],[444,-169],[343,116],[388,0],[242,-359],[365,-1019],[332,-301],[1290,-125],[200,-356],[-5,-329],[300,-196],[658,-248],[664,-1102],[489,-219],[194,-185],[284,-85],[37,-158],[565,-41],[362,-185],[211,-293],[34,-553],[402,-109],[208,-465],[633,-401],[28,-638],[112,-149],[256,-113],[433,-685],[498,-246],[110,-223],[-29,-429],[349,-257],[-140,-528],[39,-359],[349,-895],[303,-1779],[610,-591],[338,-790],[298,-185],[-222,-768],[28,-1094],[840,-461],[217,-610],[-141,-451],[51,-248],[174,-163],[422,-194],[413,-416],[-10,-642],[-225,-404],[104,-317],[329,-114],[84,-171],[189,-119],[1001,188],[70,-229],[-31,-287],[-357,-835],[183,-107],[551,-86],[357,-528],[1237,-218],[652,337],[220,39],[936,-414],[119,-190],[-268,-424],[42,-304],[152,-104],[475,-28],[115,-80],[-95,-456],[92,-130],[304,-132],[-132,-343],[405,-489],[228,-132],[120,41],[-16,583],[146,63],[348,-44],[180,-235],[-121,-323],[102,-168],[109,-33],[287,118],[239,-77],[410,-967],[-115,-461],[94,-471],[-115,-295],[-14,-487],[443,-627],[-51,-281],[181,-214],[-172,-182],[-5,-132],[263,-25],[107,-157],[238,-8],[311,-629],[186,-122],[204,-306],[386,-209],[322,19],[90,-119],[-21,-287],[288,90],[-37,-312],[75,-90],[347,-171],[1107,214],[390,-95],[111,62],[-4,190],[130,-45],[83,76],[89,-245],[225,-235],[-5,-224],[93,-180],[598,-248],[230,74],[-76,380],[25,252],[91,36],[251,-302],[125,0],[288,-247],[202,-22],[50,-135],[146,43],[131,-107],[197,-10],[111,150],[381,-180],[336,-493],[448,-380],[137,-370],[199,-136],[-55,-219],[93,-33],[232,97],[151,-461],[-131,-220],[84,-229],[167,-156],[258,35],[72,-133],[181,41],[-65,-155],[148,-223],[296,-56],[73,-94],[-114,-747],[-260,-567],[-396,-447],[27,-135],[367,-352],[-162,-133],[496,-58],[86,153],[-136,254],[32,64],[165,-40],[123,-390],[162,-138],[490,38],[-88,254],[176,19],[176,-233],[135,-418],[264,-230],[117,49],[2,112],[-300,226],[17,124],[780,-502],[-29,-80],[-251,16],[-114,-256],[236,-180],[180,-8],[284,-265],[3,-288],[185,-168],[222,-102],[248,-3],[185,-177],[204,-54],[196,140],[236,-80],[1113,-746],[855,-221],[1001,-506],[397,314],[-79,380],[136,283],[956,437],[2817,252],[414,-230],[434,-666],[373,-187],[566,-454],[479,-96],[770,90],[283,-51],[269,299],[413,-228],[167,190],[-7,162],[133,26],[83,235],[819,-345],[82,-228],[171,-131],[374,333],[136,262],[246,-17],[58,-152],[268,-142],[591,-127],[133,76],[-14,69],[-271,231],[454,76],[689,-352],[-7,-339],[407,-393],[-130,-846],[60,-549],[271,-373],[573,-311],[305,124],[81,-51],[113,65],[17,114],[-358,235],[-292,31],[-102,190],[-285,24],[-17,183],[457,90],[270,231],[106,-45],[52,-303],[138,-111],[386,66],[106,76],[-21,103],[-461,55],[-56,132],[748,80],[304,-70],[38,79],[-126,207],[282,340],[278,4],[313,120],[362,257],[561,-13],[236,137],[38,195],[177,50],[1709,62],[295,-120],[497,-427],[1293,-61],[1790,-243],[2634,-772],[655,-57],[713,258],[2343,1115],[1164,443],[3012,257],[1354,415],[1149,171],[1455,43],[2575,-243],[1059,124]],[[2799833,2509658],[-459,508],[-121,676],[124,1622],[-259,339],[-45,215],[208,1260],[-939,1072],[-174,83],[-1682,154],[-309,-204],[-34,-310],[107,-193],[28,-425],[-174,-498],[-416,-243],[-894,-265],[-2014,-143],[-517,-139],[-574,-298],[-382,-77],[-96,-116],[-16,-326],[-287,-216],[-529,232],[-343,-22],[69,-514],[-86,-157],[-198,-87],[-565,-33],[-500,95],[-1158,613],[-940,131],[-277,-106],[-219,-234],[-314,-91],[-401,-17],[-344,92],[-63,-90],[87,-261],[-83,-232],[-187,-194],[-184,-60],[-915,-13],[-455,124],[-100,-118],[-42,-315],[-175,-76],[-74,-241],[121,-472],[187,-302],[-10,-589],[-123,-70],[-206,47],[-350,462],[-184,27],[-245,-95],[45,-242],[221,-15],[85,-83],[-30,-170],[-297,-290],[-6,-132],[202,-224],[61,-275],[-234,109],[-223,-43],[-302,-537],[-143,100],[-129,313],[-198,16],[-479,-429],[-25,-468],[-281,182],[-46,371],[-181,251],[-279,81],[-137,-38],[-28,-87],[216,-333],[-108,-164],[-213,60],[-133,257],[-181,81],[-548,-269],[-295,-29],[-254,-394],[-122,-54],[-234,33],[-76,129],[279,377],[2,114],[-224,-108],[-234,0],[-352,-226],[-6,145],[278,433],[-485,48],[-13,93],[188,131],[-192,259],[340,466],[16,180],[-280,54],[-44,232],[-121,137],[-413,-11],[-175,205],[-198,48],[-325,-245],[-105,181],[-274,31],[-304,246],[-112,-47],[21,-384],[-88,-97],[-125,296],[-438,-20],[63,-363],[-55,-151],[-603,161],[-247,-60],[-221,56],[-188,-211],[-310,-37],[-147,136],[-199,-232],[-426,-35],[-27,-213],[164,-87],[45,-123],[-378,7],[-356,-350],[-226,27],[171,292],[-34,267],[-265,-44],[-321,139],[-145,-329],[-310,66],[-211,303],[415,799],[-278,228],[303,350],[-44,104],[-282,52],[-104,112],[112,377],[-312,341],[34,373],[-253,392],[-40,634],[-224,485],[557,772],[377,-47],[192,-247],[251,168],[266,-251],[185,91],[5,125],[-199,201],[-29,165],[164,94],[135,-226],[97,4],[348,566],[190,111],[-76,645],[97,213],[122,19],[150,-102],[137,123],[390,87],[99,122],[-6,244],[316,91],[-84,413],[325,126],[8,83],[-422,443],[70,160],[-76,279],[-202,25],[-131,-219],[-131,-17],[-97,83],[19,203],[-105,240],[-78,-60],[-17,-217],[-405,-158],[148,286],[-173,226],[-108,-25],[-84,-269],[-426,-79],[-63,52],[63,323],[-249,-81],[-266,104],[-160,-116],[-116,83],[-63,252],[-348,-132],[-222,68],[-103,129],[165,186],[-477,56],[-160,280],[-161,-234],[-246,8],[-454,414],[-14,187],[-169,219],[-95,-45],[-2,-255],[-373,66],[-7,98],[158,186],[-90,195],[154,333],[-66,110],[-259,23],[-226,184],[-208,-39],[-201,263],[-529,-2],[-943,684],[-487,207],[-120,176],[-181,17],[-412,-270],[-573,189],[-53,110],[264,244],[-2,110],[-353,151],[283,329],[-162,119],[-310,-87],[-146,480],[346,189],[318,-83],[110,74],[0,116],[-110,127],[-221,60],[-371,481],[-38,176],[247,-38],[299,133],[32,135],[-184,215],[-86,269],[-639,67],[-85,331],[-227,-6],[-258,-387],[-111,-46],[-137,178],[69,315],[-223,83],[-133,-383],[-593,-634],[-130,-42],[-64,218],[55,447],[-120,342],[-295,-83],[-106,-302],[-274,311],[-152,47],[-25,-257],[-350,-60],[80,-250],[-46,-73],[-490,416],[-411,85],[-116,520],[-164,129],[-190,18],[-84,-122],[116,-493],[-34,-193],[-226,-142],[76,368],[-137,40],[-202,-587],[-450,-339],[-307,-21],[-275,309],[-286,37],[-68,-452],[-143,-170],[-167,58],[-188,292],[-295,17],[-443,-182],[-364,-367],[-447,-58],[71,404],[-82,97],[-150,-45],[-215,114],[-466,-116],[-219,242],[-177,-64],[-188,-251],[-74,203],[82,131],[-4,253],[-177,14],[-411,-269],[-103,45],[-43,152],[-312,-21],[-114,437],[-307,87],[92,217],[-97,220],[118,245],[-44,132],[-1465,734],[-24,178],[-246,41],[-72,201],[211,187],[-188,93],[-19,137],[163,194],[-72,71],[-184,-19],[-35,110],[312,161],[65,228],[344,-39],[90,108],[-48,300],[-112,56],[-331,-307],[-209,100],[53,342],[280,-17],[64,369],[-137,499],[-190,-70],[114,-151],[-13,-110],[-200,81],[-289,-143],[-78,45],[-11,220],[-168,85],[-146,-74],[-162,-238],[-121,41],[-147,233],[-125,-203],[-231,72],[-199,-151],[-215,148],[-299,48],[-70,-173],[83,-261],[-99,-54],[-441,184],[-389,-69],[40,282],[-246,233],[-50,-34],[74,-112],[-20,-264],[-228,-196],[-215,112],[-270,-21],[88,302],[-123,278],[-11,295],[-152,-2],[-173,-177],[-7,-56],[185,-13],[44,-69],[-123,-195],[-324,271],[51,190],[-118,382],[-278,146],[-54,-36],[34,-218],[-76,-47],[-177,155],[22,-171],[-126,-172],[253,-102],[22,-97],[-405,-334],[-118,47],[183,227],[-5,119],[-203,-28],[-188,-141],[-57,86],[-208,38],[-19,53],[334,61],[-22,198],[-748,56],[-731,-166],[-354,47],[-341,417],[-98,610],[245,-19],[59,191],[194,14],[76,-125],[-62,-157],[472,-252],[93,17],[197,204],[-163,116],[16,97],[301,356],[-320,139],[-197,-67],[-110,47],[169,268],[-208,91],[-39,266],[50,44],[343,-141],[175,94],[-121,99],[53,205],[-146,193],[-59,456],[-205,130],[-138,262],[-144,83],[-81,-144],[17,-326],[-206,-30],[48,188],[-166,157],[-14,221],[-256,-240],[-61,272],[-149,197],[-270,-157],[-360,138],[31,-174],[-90,-66],[-118,80],[-298,-66],[78,303],[-329,78],[-151,-218],[-158,47],[-14,135],[382,229],[3,238],[-101,52],[-180,-273],[-135,-33],[-45,113],[158,80],[0,97],[-107,94],[-203,19],[-59,-309],[-101,-39],[-65,66],[-2,290],[-172,224],[59,168],[298,-30],[264,365],[-196,215],[-110,310],[-211,8],[-211,179],[-166,-71],[-154,121],[-228,693],[-408,318],[71,343],[-344,-23],[-160,141],[-244,-38],[-498,511],[-278,-94],[-338,226],[-346,64],[-33,210],[-138,77],[-48,147],[62,461],[261,229],[-92,147],[2,353],[-128,127],[-510,22],[-197,-398],[-182,14],[-124,301],[-79,11],[-216,-93],[8,-351],[-523,94],[-101,47],[230,301],[29,389],[-217,147],[-73,151],[-326,-49],[-138,58],[-107,204],[-292,-113],[-239,207],[-194,-80],[-155,97],[-132,-69],[-141,201],[-258,-61],[-40,249],[372,147],[-133,113],[-154,585],[115,17],[96,-240],[98,8],[214,-188],[126,19],[163,238],[-264,5],[-174,144],[5,188],[256,-111],[194,199],[11,199],[-234,260],[-367,-105],[45,229],[-82,83],[-174,-44],[-124,-246],[-112,-52],[-88,-9],[-177,213],[-166,50],[45,732],[147,163],[8,135],[-79,30],[-174,-105],[-135,53],[-70,105],[101,141],[-25,364],[-523,348],[-14,111],[149,210],[-40,577],[-168,191],[-133,30],[-244,-378],[-233,-44],[-158,176],[222,622],[-31,116],[-222,-8],[-394,-332],[-174,279],[-222,169],[-115,0],[14,-161],[-262,125],[-28,320],[287,31],[-200,207],[298,63],[76,97],[-36,265],[-349,351],[197,86],[-28,146],[-191,-102],[-194,5],[-147,94],[-56,210],[-292,72],[-65,94],[253,88],[45,166],[-416,-41],[-253,154],[-655,-152],[-301,210],[-42,279],[-239,69],[-101,312],[-279,11],[-115,155],[17,144],[208,163],[59,356],[138,240],[-14,191],[-183,307],[-253,281],[-661,263],[-379,304],[22,251],[281,254],[85,323],[-265,790],[107,790],[-430,531],[126,235],[54,477],[-144,340],[360,290],[130,299],[-96,135],[-349,171],[-379,605],[-295,224],[-31,105],[281,-3],[84,133],[-703,779],[-73,585],[155,304],[205,160],[42,395],[-152,304],[-430,277],[-44,574],[77,309],[-165,409],[227,61],[-48,162],[-230,54],[-639,-140],[-179,215],[11,334],[-413,-11],[-77,58],[-278,639],[-99,-43],[32,-304],[-109,-4],[-358,287],[-334,-59],[-57,52],[92,332],[-134,165],[-21,311],[176,131],[7,90],[-404,135],[-176,148],[-186,187],[-106,293],[-320,-45],[-94,69],[182,194],[310,107],[-67,145],[-211,76],[-39,100],[447,93],[-53,124],[-390,287],[418,290],[-21,193],[-260,322],[84,72],[257,-121],[193,35],[-274,159],[-109,500],[-583,273],[-696,811],[-60,356],[-327,59],[-60,628],[-397,352],[-88,632],[-372,38],[-348,273],[172,231],[-63,297],[362,159],[17,124],[-200,146],[-383,3],[-211,186],[11,180],[175,-3],[67,79],[-77,107],[-425,169],[24,93],[200,42],[50,86],[-292,95],[76,543],[-348,245],[95,86],[-60,366],[88,342],[-292,149],[271,90],[98,193],[-214,649],[299,608],[-369,449],[-232,-166],[-137,45],[-148,352],[306,142],[242,-249],[162,69],[-98,331],[133,187],[-228,314],[200,66],[112,131],[-63,342],[162,52],[-32,-159],[78,-7],[217,107],[-235,362],[144,377],[257,41],[21,69],[-194,128],[612,262],[169,266],[428,201],[545,421],[285,24],[17,100],[-91,484],[-281,272],[-4,207],[-270,-17],[-18,55],[81,221],[214,201],[-126,393],[-214,283],[-331,180],[4,207],[137,149],[-141,145],[-14,452],[127,24],[77,118],[-85,142],[-319,172],[207,190],[-239,248],[162,411],[-257,111],[-56,300],[-193,145],[91,259],[-358,290],[-53,200],[17,111],[376,258],[95,228],[453,386],[77,353],[-56,217],[369,480],[-14,1036],[-109,373],[81,594],[-67,352],[14,145],[295,418],[-158,186],[-335,180],[-199,355],[-200,14],[-222,577],[-267,231],[-126,283],[-190,28],[-387,-363],[-341,-186],[-203,252],[-36,356],[-502,549],[-190,590],[35,774],[439,148],[155,173],[7,701],[-133,297],[3,414],[-148,318],[-390,455],[-207,397],[-285,273],[11,114],[204,107],[-64,359],[208,373],[-14,83],[-222,124],[-63,359],[-211,232],[-17,276],[35,287],[267,359],[56,262],[-397,0],[-264,435],[-474,90],[-330,245],[-598,0],[-267,104],[-527,1118],[-176,111],[-450,-21],[-727,432],[-320,321],[-70,404],[-95,131],[-781,487],[-65,245],[38,891],[-271,168],[-28,121],[19,401],[100,238],[-181,112],[-114,219],[299,634],[-531,401],[85,396],[-71,201],[72,465],[-414,674],[-447,72],[-400,397],[-67,839],[260,418],[112,611],[-144,132],[-572,227],[-558,129],[-262,197],[-291,702],[-257,425],[-287,247],[-55,262],[-166,178],[-342,1419],[206,395],[-131,341],[-105,139],[-438,217],[-55,247],[-403,-15],[-141,193],[61,309],[-327,636],[-176,621],[461,719],[-18,538],[387,711],[-7,301],[98,41],[372,-207],[134,80],[-18,162],[106,97],[460,-52],[355,210],[113,643],[-42,338],[-239,490],[-85,66],[-337,3],[-67,114],[21,294],[215,221],[31,155],[-692,528],[-366,484],[-253,138],[-541,639],[-555,366],[-71,-100],[102,-325],[-56,-176],[-471,-325],[-355,-44],[-337,328],[-429,252],[-35,117],[169,245],[-131,311],[-583,121],[-334,373],[-657,269],[-369,494],[-453,141],[-169,387],[-485,287],[-78,-332],[-186,-48],[-235,0],[-527,186],[-412,470],[-622,411],[-348,-125],[-218,-300],[-249,45],[-471,345],[-353,542],[1092,104],[1183,-241],[517,-10],[1483,148],[1356,-211],[893,-55],[1947,121],[896,-307],[380,-42],[1866,252],[1821,-480],[787,-41],[503,-128],[482,38],[579,487],[712,275],[261,218],[481,76],[1008,-18],[757,112],[483,211],[2360,89],[902,352],[951,195],[1894,785],[1552,352],[953,-24],[1221,105],[392,-54],[997,306],[557,-3],[514,249],[782,177],[450,199],[1651,339],[-424,210],[-118,149],[202,-109],[304,4],[211,190],[404,82],[331,244],[47,207],[-179,651],[384,320],[26,403],[192,538],[421,360],[470,814],[155,72],[295,-33],[731,-831],[641,-301],[593,176],[678,760],[166,64],[219,-194],[621,42],[264,-334],[568,70],[662,-99],[521,-192],[254,6],[124,-163],[923,-273],[461,29],[355,-372],[178,58],[177,-151],[248,29],[320,-470],[325,-192],[526,139],[290,-69],[308,116],[1277,-145],[420,40],[377,233]],[[2651849,2574456],[-450,135],[-292,-173],[-221,-248],[-591,-104],[-780,432],[-278,76],[-467,27],[-766,-196],[-281,155],[5,252],[111,107],[776,-14],[320,118],[137,189],[-91,498],[-200,221],[-886,-4],[-299,69],[-151,480],[207,415],[232,238],[854,431],[447,432],[105,314],[-24,290],[-236,208],[-155,0],[-797,-646],[-422,-118],[-721,225],[-1001,-256],[-1055,-41],[-428,373],[-326,109],[-31,124],[86,78],[1613,27],[1072,598],[172,307],[-3,207],[-176,111],[-197,-11],[-446,-428],[-225,-90],[-155,45],[-246,342],[-334,180],[-172,10],[-566,-214],[-186,172],[285,663],[-25,199],[-105,112],[-116,-3],[-612,-249],[-242,180],[-71,200],[7,214],[373,404],[372,791],[109,96],[218,83],[225,-24],[123,-207],[-379,-711],[-60,-187],[70,-141],[707,-163],[298,66],[313,697],[281,366],[67,152],[-21,435],[-327,370],[-49,331],[172,359],[67,708],[-274,670],[109,363],[267,321],[116,297],[0,269],[-204,266],[-921,276],[-172,-76],[-169,-255],[-312,-225],[-159,100],[-344,496],[-717,-26],[-521,331],[-702,230],[-513,-160],[-464,-313],[-460,22],[-143,205],[21,452],[-115,119],[-162,62],[-558,-28],[-340,152],[-321,263],[-390,64],[-1296,1154],[-309,1209],[-404,422],[-807,-173],[-783,349],[-1209,-25],[-162,99],[-401,664],[-256,161],[-202,78],[-405,1],[-602,269],[-1027,228],[-2062,1169],[-1421,514],[-469,512],[-1496,485],[-261,190],[-935,297],[-674,407],[-513,482]],[[2622869,2597016],[-354,-67],[-531,25],[-568,254],[-44,209],[-190,24],[-158,263],[-330,17],[-123,214],[-278,124],[-98,142],[-313,-66],[-380,470],[-467,-90],[-443,325],[-183,-52],[-305,100],[-1160,666],[-714,21],[-569,269],[-847,145],[-264,252],[-425,-114],[-105,-265],[-187,-80],[-109,-342],[-98,0],[-411,480],[-197,111],[-116,7],[-211,-207],[-267,-32],[-418,470],[-541,242],[-432,-22],[-82,108],[-717,342],[-130,107],[-67,263],[-279,377],[-328,189],[-215,231],[-622,169],[-390,394],[-551,-89],[-929,524],[-351,394],[-190,431],[-320,83],[-1212,684],[-371,26],[-209,181],[-213,-234],[-261,-23],[-410,563],[-459,71],[-1666,824],[-190,189],[0,195],[135,140],[-4,100],[-692,385],[-278,593],[-373,271],[-334,450],[-392,-36],[-310,282],[-360,106],[-201,-42],[-379,-269],[-178,81],[-151,416],[-458,665],[-283,87],[-373,386],[-289,130],[-153,499],[436,-97],[145,95],[-145,137],[-158,392],[-452,87],[-183,369],[-392,418],[-156,17],[-110,267],[-204,-25],[-51,249],[-160,120],[-85,350],[-378,369],[-96,281],[-238,307],[-348,236],[-245,591],[-238,165],[149,398],[-284,-93],[-154,128],[164,154],[112,536],[-217,23],[-243,576],[30,251],[-137,671],[-266,-31],[-51,72],[437,425],[-4,157],[-131,152],[99,178],[-78,85],[228,79],[-144,395],[213,33],[315,290],[-114,723],[175,-87],[19,154],[-283,313],[-131,333],[-223,89],[-230,307],[108,389],[-28,487],[336,282],[97,377],[-142,68],[-257,-230],[-101,54],[-137,400],[-264,-251],[-88,17],[-209,280],[-120,23],[-91,-119],[-78,9],[204,395],[-219,235],[259,518],[-430,397],[78,249],[-111,277],[84,498],[-266,269],[188,174],[-55,131],[58,147],[-362,145],[-42,507],[-116,139],[-61,510],[127,884],[-116,471],[-288,229],[-200,418],[-285,76],[-244,366],[-238,141],[-140,214],[-401,201],[-464,393],[-885,263],[-830,-56],[-253,97],[-1547,1356],[-604,294],[-174,316],[-30,271],[591,567],[56,262],[239,421],[429,511],[611,1679],[422,566],[190,90],[84,290],[401,649],[93,1106],[457,1011],[324,1619],[232,196],[538,114],[250,498],[151,642],[-243,335],[0,355],[879,359],[274,822],[91,535],[499,439],[187,590],[799,473],[168,361],[97,663],[152,422],[996,933],[-59,140],[-654,108],[-468,464],[-584,339],[-56,172],[-295,304],[-267,1423],[77,373],[674,433],[619,843],[664,210],[383,1043],[474,366],[-28,180],[183,200],[808,207],[-56,428],[309,232],[303,542],[160,121],[611,43],[97,271],[291,217],[15,308],[355,635],[175,66],[251,911],[91,80],[316,17],[363,708],[80,396],[437,491],[69,388],[-93,1328],[157,640],[29,893],[107,194],[-210,245],[59,363],[-105,373],[-524,670],[-28,290],[-239,69],[-376,383],[-320,66],[-43,222],[-281,141],[-121,213],[-250,11],[-31,113],[-630,152],[-197,276],[-340,194],[-491,467],[-330,69],[-967,477],[-745,166],[-405,301],[-155,230],[-303,174],[-89,261],[-97,42],[-429,-62],[-327,-213],[-344,14],[-363,-188],[-1029,-286],[-346,-48],[-150,41],[-58,123]],[[2609006,2698315],[-342,-616],[-741,-662],[-197,-528],[477,-754],[29,-812],[452,-721],[59,-402],[476,-800],[-25,-244],[-202,-257],[145,-456],[-107,-423],[88,-261],[-259,-696],[116,-746],[565,-497],[527,-737],[249,-79],[394,37],[158,-70],[76,-133],[0,-418],[-173,-328],[-42,-285],[59,-328],[325,-402],[211,-795],[755,-680],[293,-628],[27,-267],[355,-228],[42,-368],[219,-187],[65,-740],[281,-341],[-34,-435],[203,-79],[626,153],[702,-282],[335,-31],[146,-105],[105,-402],[131,-75],[578,83],[238,-66],[260,116],[504,-236],[689,-75],[400,83],[393,-646],[116,-50],[403,33],[683,-95],[576,-234],[137,-291],[396,-155],[152,-153],[215,0],[382,151],[305,-312],[370,-54],[386,-474],[138,-377],[39,-646],[237,-493],[730,-501],[343,164],[65,440],[-340,399],[-323,870],[-387,453],[1022,1],[317,116],[451,307],[987,-166],[430,158],[354,20],[464,265],[274,38],[1027,-271],[1001,-388],[299,-225],[615,-699],[905,-725],[308,-950],[509,-1029],[-95,-1547],[-178,-776],[-50,-626],[320,-1921],[-100,-1209],[451,-783],[175,-885],[-112,-1138],[111,-717],[-11,-547],[-159,-1011],[255,-1124],[249,-633],[342,-203],[858,-124],[703,-321],[1065,-14],[745,-701],[172,-504],[302,-149],[762,-170],[11,-103],[394,-345],[-8,-298],[115,-144],[-23,-216],[232,-27],[192,-125],[2,-85],[321,-165],[113,-247],[101,-50],[-104,-223],[143,-210],[-17,-151],[-116,-99],[0,-131],[563,-340],[114,-240],[-6,-186],[289,-42],[76,-91],[54,-95],[-50,-344],[449,-344],[221,-58],[-88,-398],[750,-493],[68,-224],[295,-211],[863,-142],[270,186],[248,-13],[857,-994],[111,-252],[-251,-442],[-25,-199],[82,-454],[353,-396],[-93,-629],[38,-315],[198,-85],[107,-158],[460,-103],[386,-205],[411,-48],[637,350],[852,-106],[318,169],[664,-421],[309,36],[410,-276],[347,-58],[277,-405],[403,15],[585,159],[151,-227],[654,-291],[393,-58],[288,-340],[434,-225],[46,-595],[277,-236],[11,-187],[-163,-372],[-460,-186],[-59,-96],[-43,-467],[57,-272],[154,-225],[229,-128],[979,59],[430,-706],[102,-309],[-41,-154],[-342,-105],[-60,-521],[-596,-553],[2,-392],[-163,-197],[552,-944],[662,-301],[23,-96],[-284,-423],[-35,-215],[374,-694],[106,-362],[91,-86],[521,-36],[151,-98],[60,-215],[-106,-398],[6,-330],[157,-425],[193,-171],[232,-999],[170,-151],[904,-245],[289,-5],[215,175],[202,-126],[283,29],[606,-943],[218,24],[264,151],[112,-66],[49,-299],[-89,-401],[199,-597],[323,-83],[51,-349],[-134,-846],[70,-368],[99,-124],[-49,-530],[-222,-169],[-318,-68],[-91,-202],[357,-756],[-112,-1142],[26,-525],[212,-275],[281,-162],[670,-606],[95,-779],[-90,-730],[11,-1331],[355,-1050],[303,-287],[118,-226],[-118,-255],[-483,-469],[17,-678],[302,-362],[854,-168],[440,-402],[223,-531],[-126,-804],[50,-459],[380,-449],[155,-83],[572,-60],[139,-115],[86,-256],[-35,-526],[-760,-877],[-105,-282],[46,-291],[92,-73],[260,1],[874,401],[490,-149],[157,-246],[14,-318],[-200,-351],[-686,-537],[-75,-137],[22,-338],[434,-522],[820,-524],[720,-699],[64,-497],[-285,-596],[137,-326],[316,-173],[482,7],[207,-197],[-30,-504],[-114,-45],[-165,83],[-183,301],[-271,-14],[-207,-187],[35,-303],[517,-439],[49,-635],[288,-542],[-31,-201],[-201,-183],[-520,-27],[-116,-194],[46,-241],[476,-478],[528,-72],[90,-131],[-40,-323],[1093,-523],[270,-305],[548,-99],[228,-311],[419,57],[239,-98],[59,-195],[-93,-481],[-582,-478],[-183,-303],[-599,-373],[58,-416],[620,-670],[843,-464],[959,-320],[307,-61],[483,58],[281,-326],[58,-316],[-92,-134],[-511,-387],[-547,-159],[-342,-430],[38,-259],[587,-569],[118,-348],[-6,-332],[-233,-497],[-571,-218],[-357,259],[-411,-5],[-160,-50],[-126,-168],[112,-464],[579,-687],[-81,-272],[-419,-284],[-402,-37],[-149,122],[-126,319],[-132,129],[-341,-138],[-523,-484],[-107,-503],[122,-581],[200,-337],[-35,-446],[-54,-84],[-191,4],[-450,146],[-199,-30],[-107,-199],[-20,-484],[-236,-502],[-158,-158],[85,-229],[555,-51],[96,-93],[-30,-157],[-343,-246],[-607,-3],[-329,-375],[-419,-75],[-314,-432],[52,-253],[249,-70],[101,-133],[192,-23],[233,-350],[-238,-264],[126,-315],[-144,-250],[16,-134],[216,-243],[31,-143],[-114,-136],[-260,14],[-256,279],[-213,8],[-239,-444],[-290,-152],[-416,-500],[-339,40],[-287,-432],[-210,66],[-345,-246],[-607,-801],[-158,-91],[-469,25],[-406,361],[-534,-292],[-542,-36],[-262,-599],[15,-426],[-92,-226],[-822,-476],[-168,-196],[-62,-176],[138,-576],[-76,-276],[-138,-110],[-133,0],[-485,280],[-229,-7],[-62,-173],[245,-221],[41,-190],[-304,-522],[-94,-45],[-500,80],[-398,426],[-126,-6],[-158,-257],[7,-336],[-122,-148],[-784,-261],[-350,-553],[-780,97],[-518,-32],[-197,-56],[-140,-275],[-196,-144],[-493,194],[-277,-253],[-127,8],[-88,112],[-303,8],[-275,-283],[-17,-338],[235,-246],[1,-326],[-164,-352],[231,-96],[-162,-419],[53,-401],[-93,-365],[220,163],[110,-23],[-29,-106],[-416,-288],[-134,-27],[-246,230],[-84,-59],[169,-297],[-173,-294],[109,-68],[406,196],[-105,-261],[117,-351],[-96,-96],[-174,59],[-214,253],[-284,-318],[124,-141],[281,96],[100,-63],[30,-104],[-161,-183],[71,-105],[334,14],[118,-175],[-70,-87],[-266,-29],[-100,-196],[-126,45],[-173,300],[-132,-4],[-58,-260],[260,-389],[-57,-129],[77,-213],[-416,-194],[91,-68],[402,15],[93,37],[55,202],[112,3],[126,153],[116,-14],[56,-71],[-57,-225],[186,-223],[64,-216],[-95,-308],[365,-898],[-25,-79],[-198,-32],[-48,-219],[-100,-8],[-204,167],[-291,-228],[-30,-105]],[[2844930,2885726],[-164,-1938],[-173,-336],[-390,-234],[-144,-216],[-384,-908],[35,-599],[-223,-655],[-32,-641],[-577,-1060],[-22,-1260],[97,-427],[914,-1370],[271,-1106],[415,-471],[63,-371],[-56,-448],[176,-534],[933,-755],[409,-755],[1386,-573],[286,-24],[513,176],[927,-51],[265,248],[1247,769],[866,115],[597,-66],[1287,-1035],[651,-226],[951,-85],[302,-354],[420,-312],[1165,-705],[1134,-546],[4489,-1785],[1013,-623],[1137,-1168],[758,-1048],[376,-1547],[192,-384],[275,-184],[1310,-459],[1739,-995],[582,27],[252,-89],[138,-307],[-112,-821],[8,-285],[129,-335],[457,-571],[867,-852],[1099,-418],[377,-486],[723,-459],[1012,-1386],[89,-934],[489,-898],[544,-268],[1141,-909],[342,-116],[792,-545],[415,-90],[547,-713],[325,-1011],[516,-286],[369,-518],[836,-397],[77,-94],[-61,-541],[787,-1668],[971,-1025],[1096,-727],[153,-242],[16,-133],[-281,-756],[22,-130],[1211,-820],[371,-677],[821,-656],[76,-414],[-80,-896],[104,-117],[965,-307],[518,-703],[1456,-414],[756,-398]],[[2890279,2837395],[-135,-145],[-312,-81],[-798,213],[-649,-233],[-438,134],[-214,267],[-280,1],[-145,-201],[-28,-386],[84,-988],[488,-86],[397,-1661],[27,-439],[-103,-526],[-47,-995],[-164,-377],[-42,-543],[394,-458],[1976,-1201],[173,-594],[337,-425],[224,-528],[489,-435],[304,-1259],[-93,-440],[-375,-679],[-85,-314],[206,-72],[161,82],[432,-549],[883,-86],[974,-579],[318,264],[458,-68],[198,193],[-14,202],[113,28],[587,-36],[468,-330],[496,52],[341,-308],[115,-343],[476,-257],[240,213],[86,357],[230,122],[80,-278],[265,-306],[840,361],[423,-138],[420,258],[595,-98],[324,-247],[538,10],[406,-527],[195,-583],[-100,-350],[14,-269],[133,-373],[255,-299],[-100,-331],[-399,-590],[-124,-625],[460,-105],[711,142],[301,-120],[156,-290],[131,-2],[18,-126],[96,-46],[12,-228],[122,2],[276,-369],[942,-483],[34,-347],[252,-315],[223,145],[557,82],[450,-152],[371,-370],[469,-226],[1447,-529],[331,148],[74,174],[85,19],[372,-428],[223,-540],[38,-486],[68,-75],[106,13],[65,-109],[138,95],[846,-75],[800,-647],[220,7],[816,418],[389,-21],[194,-183],[42,-582],[73,-132],[966,-898],[261,-74],[78,203],[-358,479],[234,397],[-63,91],[-517,127],[-32,251],[135,124],[355,79],[347,445],[326,-7],[572,-755],[-111,-579],[112,-898],[237,-709],[-59,-682],[-158,-531],[17,-183],[123,-170],[420,-309],[300,59],[244,222],[490,252],[508,842],[759,209],[367,-162],[216,-407],[343,-297],[189,-294],[-6,-335],[-190,-11],[-128,-216],[63,-737],[90,-196],[537,-114],[442,-260],[715,115],[198,-227],[312,-681],[-205,-270],[-565,64],[-372,-51],[-1007,387],[-250,-133],[-44,-280],[165,-214],[314,-143],[540,-111],[556,31],[202,-159],[138,-448],[-184,-817],[65,-396],[-109,-270],[-585,-418],[323,-324],[357,0],[291,114],[631,597],[96,205],[-175,497],[54,271],[195,191],[101,22],[473,-338],[196,-262],[42,-149],[-81,-177],[208,-416],[57,-463],[-79,-427],[-139,-225],[23,-326],[325,-516],[74,-411],[373,-133],[223,-330],[365,-37],[85,-75],[-31,-226],[-129,-92],[-541,28],[-95,-222],[119,-325],[-51,-201],[13,-82],[192,-109],[235,265],[300,25],[70,-88],[-150,-368],[-250,60],[-107,-275],[602,-211],[58,-107],[-50,-366],[234,-495],[-555,-334],[-29,-107],[149,-461],[-642,220],[-42,-135],[226,-371],[365,-27],[81,-146],[419,-74],[-9,-364],[-148,-234],[-102,-54],[-563,325],[-385,27],[-565,-368],[-422,-102],[-2760,-82],[-416,-172],[-1047,-1064],[-120,-42],[-2585,363],[-1565,-140],[-402,134],[-225,-13],[-142,-180],[-44,-645],[-71,-97],[-339,-207],[-332,-75],[-766,377],[-169,264],[-830,385],[-428,584],[-1071,-216],[-537,62],[-494,192],[-180,-41],[-918,-519],[-727,-94],[-1308,-495],[-1519,-942],[-969,-112],[-363,65],[-347,-57],[-326,-456],[-251,-718],[-322,-385],[-924,-380],[-605,-383],[-678,-824],[-531,-1004],[-538,-505],[-160,-561],[-346,-498],[-492,-107],[-940,201],[-279,237],[-323,104],[-1258,148],[-870,11],[-713,607],[-552,279],[-586,631],[-786,490],[-601,-6],[-965,-369],[-1407,23],[-509,393],[-775,788],[-978,745],[-739,270],[-1173,-218],[-403,-164],[-784,-518],[-193,-363],[-255,-227],[-1437,-723],[-269,-41],[-762,138],[-890,-184],[-162,100],[-392,497],[-332,197],[-1163,172],[-1008,-81],[-229,97],[-444,493],[-143,26],[-1826,-883],[-565,44],[-820,393],[-232,31],[-814,-511],[-843,-169],[-412,98],[-535,-53],[-1514,204],[-903,-188],[-173,96],[-608,739],[-630,289],[-891,199],[-636,-266],[-751,-662],[-348,-206],[-1236,-636],[-1138,-382],[-671,-156],[-533,323],[-346,-4],[-255,-420],[-277,-271],[-436,-191],[-1416,239],[-105,-81],[-82,-508],[-344,-310],[-1631,-758],[-370,23],[-595,284],[-577,14],[-1468,-626],[-1082,-44],[-716,-437],[-381,-466],[-706,-1558],[-519,-478],[-421,-133],[-321,-432],[-329,-1843],[409,-298],[92,-255],[310,-279],[260,-558],[128,-526],[-5,-763],[-109,-678],[-304,-427],[-86,-297]],[[2802645,2880558],[489,266],[563,656],[427,255],[189,285],[697,531],[363,456],[610,282],[403,525],[401,182],[233,-11],[402,-171],[650,218],[304,227],[374,74],[267,-359],[286,-173],[376,-44],[379,-315],[834,380],[204,250],[55,337],[343,289],[130,391],[165,226],[398,171],[74,446],[386,398],[3,362],[387,336],[260,624],[510,855],[519,520],[676,263],[511,459],[429,210],[482,107],[90,-922],[96,-248],[579,-475],[770,-870],[444,-288],[633,353],[315,17],[1378,-27],[1307,-152],[3768,-1713],[535,-166],[674,-381],[612,-214],[506,-129],[1180,-37],[681,-116],[1184,-502],[1078,-282],[398,18],[216,138],[2359,2707],[457,266],[896,256],[1565,230],[920,372],[540,128],[1387,42],[1021,-116],[295,-125],[1434,-1305],[1188,-799]],[[2883783,2698157],[1526,295],[449,222],[435,358],[870,352],[245,280],[71,218],[175,139],[114,355],[50,359],[-607,941],[-265,207],[-263,369],[-133,291],[164,364],[-4,311],[-446,936],[58,226],[205,211],[95,265],[-24,439],[-129,249],[208,1167],[-184,674],[156,167],[440,158],[290,304],[256,1275],[-219,943],[244,144],[115,273],[-22,892],[245,901],[476,64],[271,151],[109,176],[5,270],[-220,465],[-117,819],[73,427],[157,118],[27,522],[270,605],[212,21],[313,-99],[647,-444],[368,85],[895,696],[510,-77],[451,-382],[312,-84],[3160,199],[1096,-68],[904,87],[2137,631],[708,19],[3374,-390],[2852,-501],[697,-340],[1401,-1017],[1184,-655],[908,-456],[1561,-464],[1122,-218],[2356,-77],[2688,-677],[2075,229],[557,-375],[379,-542],[560,-594],[1138,-824],[57,-549],[-477,-1026],[-162,-605],[8,-1363],[259,-290],[1091,-348],[481,39],[751,230],[221,98],[333,331],[207,1262],[-230,528],[-276,251],[42,352],[285,437],[501,124],[393,286],[318,1001],[248,185],[701,-177],[571,-333],[1114,-862],[1179,-785],[951,-773],[2669,-2596],[441,-342],[1027,-445],[515,-338],[1318,-273],[1528,-462],[279,3],[310,278],[236,939],[215,228],[759,188],[1257,-167],[1069,714],[1097,205],[1290,450],[1383,-155],[1492,221],[1706,-171],[784,-166],[1048,-25],[660,103],[1164,336],[654,0],[869,-390],[786,-1400],[614,-456],[1223,-688],[586,-493],[1225,-230],[2113,139],[605,-46],[-381,-339],[-1133,-236],[-118,-90],[-78,-242],[228,-536],[789,-684],[1248,-692],[363,-328],[158,-283],[-36,-526],[-398,-529],[-547,-1494],[-63,-689],[52,-218],[307,257],[584,1032],[141,263],[61,468],[987,671],[346,437],[-25,313],[-167,257],[-763,763],[-447,312],[-285,344],[-76,313],[38,247],[742,1027],[1540,1146],[402,777],[102,451],[-426,1094],[-563,922],[-184,568],[-907,1500],[-224,514],[-512,758],[-278,706],[-1078,1237],[597,-23],[1590,292],[709,27],[1685,-225],[835,26],[667,246],[1197,911],[1328,379],[829,-270],[974,-545],[858,-697],[301,-342],[658,-434],[442,-14],[289,91],[1060,1025],[363,163],[500,-3],[408,-99],[2154,-1047],[1498,-1221],[647,-417],[593,-221],[1280,-196],[1015,-392],[1276,-1080],[96,635],[-281,856],[-791,1064],[-686,751],[-388,658],[99,1146],[337,1026],[-171,924],[-425,459],[-1248,641],[-818,632],[-565,588],[-348,619],[-31,572],[-90,236],[-524,553],[-316,179],[-699,608],[-152,483],[-17,833],[-186,552],[-672,815],[-481,1122],[-32,439],[190,507],[1459,1633],[453,691],[42,345],[-39,342],[-267,570],[-674,652],[-408,215],[204,1018],[126,1533],[250,1053],[31,777],[-161,1506],[-412,1115],[-59,421],[81,563],[330,1084],[318,1453],[843,-474],[496,-94],[421,-338],[174,11],[67,-126],[1216,-504],[92,225],[135,3],[-4,160],[260,367],[359,211],[559,146],[262,-316],[224,-126],[237,-394],[493,-522],[1577,-1032],[219,-260],[97,-557],[379,-882],[167,-157],[-138,-244],[86,-390],[-187,-480],[-8,-245],[62,-307],[149,-231],[3,-833],[-223,-328],[116,-85],[330,-718],[410,-283],[168,102],[177,-92],[38,-232],[130,-143],[207,-114],[480,38],[332,-107],[306,276],[141,21],[263,347],[605,118],[255,-165],[570,-125],[647,174],[471,21],[611,-193],[868,-453],[219,275],[406,-31],[335,100],[814,725],[925,-348],[583,29],[186,176],[162,619],[346,120],[658,-136],[751,585],[918,531],[325,569],[582,270],[183,321],[115,-50],[109,-220],[225,-45],[645,370],[230,10],[193,-155],[-23,-230],[97,-141],[658,-116],[635,-638],[304,6],[197,256],[106,4],[197,-457],[180,-162],[267,-16],[119,79],[-131,263],[56,107],[308,338],[200,87],[812,-257],[327,-217],[320,-9],[833,-294],[312,-14],[367,462],[-102,261],[-209,21],[79,240],[262,269],[829,506],[1613,1520],[264,153],[136,-16],[1164,-425],[224,48],[8,137],[-324,410],[236,926],[125,168],[94,41],[98,-68],[40,-137],[-212,-634],[8,-149],[149,-54],[212,193],[386,826],[574,688],[50,530],[810,454],[101,136],[6,387],[332,105],[212,-25],[110,-181],[-143,-335],[79,-103],[288,-34],[264,549],[3,186],[-290,811],[-589,482],[-89,194],[33,100],[208,110],[1107,-148],[328,60],[82,130],[-150,366],[17,518],[361,462],[142,437],[170,150],[201,49],[286,-70],[413,-673],[658,-325],[811,-1051],[499,801],[283,188],[259,-63],[100,-115],[14,-248],[-268,-383],[-319,-270],[-5,-259],[466,-495],[94,385],[176,53],[156,-512],[232,-332],[316,-324],[276,-90],[513,71],[389,160],[-41,447],[469,118],[184,494],[143,101],[341,-25],[461,148],[734,-706],[341,-37],[313,527],[525,519],[108,-30],[42,-124],[-164,-498],[51,-292],[199,-108],[416,9],[95,222],[-4,484],[68,66],[182,-24],[287,-169],[148,-211],[-212,-252],[-5,-225],[327,-382],[220,-3],[577,248],[171,336],[121,60],[255,51],[607,-96],[77,191],[-49,261],[-452,452],[150,313],[141,31],[247,-126],[455,-522],[112,-59],[107,75],[-71,523],[74,334],[264,261],[221,-207],[113,-49],[80,54],[-38,564],[101,62],[154,-17],[162,-152],[-87,-397],[238,-621],[86,-63],[233,97],[312,449],[249,133],[195,-35],[130,-334],[487,-2],[204,-164],[-86,-246],[-262,-110],[-306,-268],[-170,-325],[80,-354],[173,-205],[448,28],[330,134],[268,275],[343,-58],[182,60],[150,319],[-83,485],[72,220],[825,567],[316,141],[325,-16],[164,-320],[-45,-580],[517,-99],[277,-325],[-16,-583],[-156,-253],[969,-955],[534,-148],[295,321],[296,19],[255,519],[121,-31],[146,-328],[225,-86],[369,-316],[54,87],[-40,458],[54,117],[188,41],[118,-109],[-2,-233],[132,-335],[36,-642],[223,-64],[351,267],[206,-172],[243,-742],[-93,-189],[-177,-131],[667,-583],[-60,-209],[-407,-152],[-167,-163],[26,-367],[141,-164],[349,-70],[96,-105],[50,-261],[397,-571],[411,-301],[184,-541],[-81,-470],[408,-331],[38,-745],[145,-293],[90,-495],[214,-248],[-33,-700],[1316,-200],[205,-445],[515,-460],[452,-203],[660,-87],[1428,-737],[678,-151],[562,-785],[328,-13],[734,199],[548,49],[427,-158],[588,320],[145,-15],[88,-110],[121,-970],[280,-185],[590,81],[431,271],[276,466],[51,1117],[72,128],[428,195],[295,296],[215,15],[533,-172],[589,-458],[877,-315],[865,-186],[27,-180],[-466,-339],[-4,-248],[464,-441],[199,-525],[830,-671],[358,-940],[426,-705],[-14,-141],[-200,-171],[46,-102],[586,-245],[-116,-271],[88,-321],[397,-368],[468,117],[226,-33],[826,-603],[425,-159],[93,67],[-31,154],[-426,460],[-187,332],[42,115],[590,-133],[161,179],[345,717],[247,195],[346,-106],[108,-157],[-45,-207],[-393,-468],[85,-67],[1487,214],[108,-205],[472,-378],[577,46],[77,-67],[14,-210],[-430,-1014],[129,-157],[217,-19],[759,415],[255,26],[-19,-553],[-333,-729],[333,-396],[36,-1036],[226,-182],[238,44],[143,154],[-18,217],[-182,379],[-21,487],[87,178],[232,114],[326,-48],[262,-153],[262,6],[281,113],[118,-51],[-25,-542],[-102,-44],[-330,150],[-106,-175],[330,-459],[169,-484],[1033,-827],[449,135],[238,193],[91,247],[-110,677],[82,94],[209,-53],[418,-381],[784,-45],[320,-133],[252,122],[8,135],[-331,222],[57,273],[367,230],[338,-6],[275,-107],[27,-449],[160,-180],[667,-59],[127,144],[-33,616],[147,213],[203,17],[156,-401],[96,-70],[285,54],[-47,656],[245,265],[-12,87],[-278,102],[117,232],[360,173],[103,-13],[124,-306],[197,-76],[292,40],[160,154],[305,-119],[118,287],[1,727],[83,59],[283,-535],[429,-141],[-20,-126],[-252,-137],[55,-244],[-94,-221],[33,-104],[924,-234],[181,-128],[207,-367],[719,-159],[172,-179],[68,-1046],[165,-774],[-429,-451],[235,-1080],[-625,-415],[15,-634],[-411,-362],[-407,-83],[-468,-707],[-123,-406],[-623,-474],[104,-338],[439,-403],[99,-419],[694,62],[439,-498],[110,-478],[404,-101],[59,-102],[-111,-586],[130,-309],[180,-988],[-39,-106],[-382,89],[-78,-101],[14,-365],[-172,-257],[-353,-292],[-142,-383],[211,-918],[-18,-1058],[105,-492],[282,-616],[-290,-991],[41,-408],[-179,-313],[26,-181],[72,-77],[242,-9],[508,387],[706,37],[258,-74],[237,-468],[345,79],[73,-117],[167,-669],[398,-497],[-30,-477],[866,-325],[907,-462],[788,141],[717,403],[1264,-496],[621,6],[770,-164],[78,72],[-63,411],[314,42],[470,-233],[173,-223],[-120,-510],[44,-203],[186,-80],[397,98],[129,-82],[51,-284],[135,-205],[1131,112],[244,-123],[424,-404],[228,-35],[216,147],[90,290],[176,47],[345,-382],[590,-84],[534,96],[1178,-476],[447,-96],[529,24],[783,-542],[98,-201],[-412,-327],[-80,-184],[79,-166],[488,-166],[242,-253],[-92,-393],[3,-550],[475,-632],[13,-117],[-226,-494],[178,-442],[11,-743],[816,-301],[268,-539],[227,-217],[191,-603],[-113,-688],[119,-132],[539,-165],[-39,-134],[-186,-108],[-49,-182],[463,-652],[278,-189],[42,-684],[456,28],[180,-108],[-387,-371],[44,-372],[168,-135],[290,-31],[869,349],[237,-111],[237,-287],[194,4],[895,510],[860,-166],[292,410],[161,-137],[588,-143],[568,41],[52,-416],[125,-139],[769,-166],[1,-202],[-534,-356],[-202,-262],[-453,-1144],[0,-271],[174,-863],[797,-291],[-74,-437],[63,-230],[520,-416],[-125,-667],[276,-438],[504,-434],[128,18],[355,350],[652,-163],[42,85],[-396,730],[14,292],[157,197],[489,154],[433,-185],[296,-27],[272,151],[-53,227],[-716,156],[72,325],[307,466],[828,-124],[95,-87],[58,-308],[-101,-1072],[168,-99],[184,73],[755,698],[338,91],[445,-3],[224,99],[1119,973],[200,-20],[218,-142],[299,87],[115,293],[-199,563],[98,503],[360,456],[493,347],[121,-134],[-97,-600],[51,-334],[205,-58],[399,265],[145,167],[18,181],[-247,743],[211,149],[312,-33],[635,-339],[501,-165],[-203,-775],[119,-240],[956,-702],[514,-213],[280,-289],[555,-77],[116,228],[-207,664],[59,365],[625,920],[214,10],[243,-340],[354,-183],[135,-178],[219,-8],[59,261],[-130,671],[88,170],[962,182],[303,253],[612,949],[261,50],[566,-342],[265,259],[142,6],[276,-155],[1143,-46],[438,66],[102,67],[122,310],[-215,578],[74,125],[255,72],[261,0],[1088,-605],[43,-182],[-123,-352],[53,-106],[200,0],[317,242],[118,0],[219,-116],[633,-671],[120,8],[69,125],[-166,870],[65,79],[1101,-336],[709,398],[421,-66],[220,-328],[92,-630],[-118,-658],[-350,-688],[26,-181],[118,-64],[1628,25],[295,137],[894,717],[544,153],[658,8],[696,-352],[675,-87],[223,-124],[300,-311],[472,-978],[114,-4],[95,44],[124,354],[595,58],[50,157],[-90,301],[95,89],[358,-116],[152,66],[-15,489],[74,77],[312,-121],[181,-337],[262,12],[327,174],[656,-770],[261,-108],[228,12],[502,365],[472,74],[445,423],[622,-124],[507,-383],[660,-123],[1091,149],[138,66],[189,301],[167,66],[176,-112],[175,-259],[947,-364],[484,-464],[635,-155],[259,-180],[377,-991],[87,-763],[-17,-337],[-360,-420],[-35,-107],[89,-80],[351,-22],[768,226],[101,239],[-245,407],[43,183],[590,212],[340,354],[189,-64],[115,-740],[129,-146],[425,-53],[821,191],[78,58],[48,273],[-114,659],[275,339],[222,69],[95,-42],[166,-304],[324,-248],[1419,-207],[571,-553],[352,-195],[438,869],[281,166],[335,-3],[748,-815],[135,-345],[20,-688],[123,-149],[146,33],[959,859],[332,182],[723,1034],[447,171],[194,196],[298,141],[93,469],[352,353],[-24,98],[-537,276],[-573,63],[-39,75],[213,251],[180,114],[278,38],[1179,-210],[1003,39],[391,326],[540,1086],[765,63],[576,953],[720,195],[17,121],[-156,255],[55,92],[202,-3],[596,-251],[55,276],[-429,550],[-5,102],[135,166],[514,-44],[231,157],[47,381],[-236,321],[56,163],[133,179],[636,231],[97,479],[152,199],[259,14],[301,-301],[138,-9],[59,445],[-256,531],[80,255],[162,-40],[261,-373],[111,-68],[62,69],[66,715],[-309,497],[171,392],[447,605],[-157,378],[17,246],[152,119],[269,3],[931,-169],[340,108],[70,97],[587,2146],[771,1956],[38,149],[-92,344],[67,364],[662,332],[409,576],[793,853],[647,116],[730,274],[699,513]],[[3288311,2801142],[-178,75],[-1679,1529],[-637,331],[-173,170],[-67,282],[71,224],[717,944],[5,129],[-140,224],[-1206,613],[-384,-104],[-96,-164],[33,-221],[496,-695],[27,-146],[-93,-253],[-459,-50],[-199,220],[-109,479],[-142,74],[-592,-60],[-152,128],[59,759],[-211,356],[-164,120],[-186,-16],[-114,-170],[194,-866],[-219,-195],[-194,-464],[548,-510],[105,-724],[439,-436],[-57,-404],[-116,-93],[-333,79],[-464,472],[-346,609],[-170,147],[-137,-2],[-178,-199],[131,-775],[-259,-1201],[-441,-274],[-363,96],[-31,186],[90,265],[498,315],[173,228],[17,187],[-173,157],[-544,95],[-527,624],[-844,702],[-55,207],[473,1054],[47,734],[826,368],[182,112],[31,110],[-23,114],[-160,99],[-599,0],[-129,257],[690,713],[219,1009],[241,168],[472,62],[156,145],[-15,172],[-179,172],[-725,-91],[-256,41],[-128,85],[-9,284],[321,344],[689,265],[104,319],[-312,265],[-641,265],[116,487],[-129,272],[-1029,103],[-106,-166],[21,-609],[-1758,-1541],[-371,-186],[-954,-67],[-105,42],[21,136],[164,97],[477,69],[160,139],[6,119],[-56,82],[-629,120],[-767,-162],[-321,162],[21,110],[494,466],[55,390],[-72,149],[-439,360],[-177,290],[-84,348],[-211,162],[-350,-58],[-181,-170],[-68,-943],[-118,-56],[-126,67],[-216,406],[-232,45],[-345,-182],[-599,-717],[-460,-257],[-388,-12],[-114,70],[-177,178],[-89,369],[-151,164],[-557,-218],[-464,-85],[-68,-122],[32,-205],[350,-286],[-19,-217],[-696,-245],[-691,-679],[-388,-531],[-83,-994],[-495,-120],[-1207,99],[-99,77],[558,408],[128,333],[-19,237],[-84,95],[-255,36],[-1481,-444],[-1088,-609],[-1746,-1239],[-150,107],[112,406],[-55,299],[-277,414],[-229,3],[-502,-318],[-540,-70],[-445,72],[-96,52],[-21,136],[120,323],[-16,234],[-109,37],[-627,-507],[-651,-224],[-158,-152],[-253,-489],[-291,-245],[-655,39],[-935,-192],[-295,54],[-274,216],[-237,78],[-1041,-141],[-776,67],[-234,152],[158,644],[-125,267],[-139,79],[-323,-15],[-459,-162],[-208,130],[-399,458],[-309,122],[-594,73],[-510,170],[-417,-10],[-119,-56],[132,-594],[-163,-291],[-950,-236],[-120,53],[-171,550],[-139,83],[-223,-25],[-715,-651],[-747,-406],[-637,-592],[-173,-48],[-280,122],[-491,46],[-380,-265],[-228,-381],[-227,-141],[-114,128],[152,452],[-123,969],[-128,174],[-555,13],[-217,-439],[538,-415],[-13,-476],[-257,-352],[-540,-485],[-236,-522],[-293,-106],[-618,77],[-768,-336],[-702,-103],[-284,146],[-81,218],[355,825],[19,348],[-221,352],[-195,153],[-599,1028],[-177,83],[-388,-9],[-671,-430],[-443,-568],[-88,-547],[392,-1343],[203,-215],[105,-365],[-21,-116],[-409,-460],[-203,-20],[-151,505],[-422,386],[-106,236],[-182,67],[-481,-386],[-520,-1],[-766,-225],[52,-266],[152,-245],[-2,-413],[-338,-359],[-289,-67],[-42,212],[76,321],[-302,557],[2,428],[-139,228],[-1059,397],[-452,77],[-232,-202],[-27,-191],[347,-369],[29,-190],[-774,-306],[-566,45],[-76,-307],[171,-271],[508,49],[226,-156],[128,-469],[421,-410],[69,-168],[-55,-481],[-88,-77],[-259,19],[-338,886],[-617,74],[-471,405],[-431,0],[-216,-267],[-55,-451],[96,-142],[244,-60],[615,198],[131,-165],[-24,-121],[-332,-418],[-363,-667],[-510,-306],[-253,-63],[-455,69],[-444,255],[-447,671],[-298,987],[-256,199],[-473,15],[-350,-136],[-719,-307],[-616,-493],[-164,170],[-82,734],[-176,219],[-582,334],[-581,114],[-298,159],[-61,172],[124,514],[-176,226],[-161,16],[-739,-265],[-537,387],[-465,209],[-1753,288],[-645,17],[-397,170],[-679,547],[-362,25],[-688,-133],[-217,238],[110,96],[902,64],[98,116],[-6,204],[-174,125],[-1063,205],[-901,480],[-243,28],[-682,-160],[-1299,-24],[-283,-129],[-333,-379],[-126,-43],[-418,198],[-363,479],[-729,97],[-738,498],[-473,87],[-177,-133],[-76,-522],[-346,-419],[-118,-281],[-392,-1608],[-164,-348],[-173,-191],[-270,-136],[-574,-166],[-255,18],[-538,185],[-674,376],[-1004,80],[-287,116],[-388,319],[-371,613],[-544,568],[-2046,-29],[-995,-245],[-669,-313],[-297,106],[-422,365],[-1050,352],[0,207],[363,986],[46,584],[-114,253],[-396,361],[-325,107],[-556,-49],[-190,-253],[65,-385],[-259,-295],[-253,-58],[-245,166],[-439,865],[-233,146],[-392,13],[-868,-361],[-375,-4],[-333,431],[-112,666],[-473,296],[-305,-251],[-664,-174],[-201,-177],[265,-712],[-120,-215],[-343,-56],[-340,156],[-164,-41],[-3,-117],[179,-185],[64,-228],[-170,-620],[578,-1620],[-5,-248],[-80,-162],[-164,-91],[-523,91],[-112,-19],[-40,-138],[257,-601],[877,-705],[220,-424],[-325,-147],[-396,-469],[-272,13],[-3,118],[340,284],[180,407],[-75,94],[-183,-62],[-498,-435],[-215,0],[-618,104],[-17,124],[275,314],[-81,84],[-474,-100],[-415,143],[170,599],[-215,476],[-303,311],[-9,216],[158,375],[-105,49],[-736,-221],[-194,78],[-194,539],[-93,68],[-514,-72],[-469,315],[-314,8],[28,-634],[-996,-771],[-535,-1052],[-544,-120],[-262,105],[-31,154],[145,159],[557,141],[63,145],[-42,249],[-152,231],[-250,79],[-407,-425],[-344,-152],[-534,312],[-313,516],[-47,208],[204,814],[-68,518],[-390,62],[-618,261],[-1801,-17],[-232,-108],[-189,-261],[-591,-1224],[-200,-180],[-116,107],[-458,1239],[-305,38],[-992,-257],[-455,-448],[-388,-654],[-586,-543],[-16,-349],[233,-522],[4,-310],[-96,-150],[-308,-168],[-368,-51],[-465,183],[-953,582],[-199,35],[-224,-72],[-86,-224],[25,-292],[322,-395],[-306,-467],[-48,-570],[-368,-447],[-124,5],[-268,304],[-225,-33],[-812,-428],[-104,-550],[-174,-38],[-369,340],[-656,91],[-901,928],[-213,67],[-147,-40],[-374,-246],[-54,-129],[310,-756],[-149,-73],[-166,194],[-242,99],[-188,-71],[-170,-872],[-569,-817],[-776,-211],[-453,-635],[-403,238],[-407,-29],[-354,-143],[-635,246],[-654,530],[-228,8],[-623,-194],[-184,24],[-319,535],[-551,-52],[-527,372],[-856,156],[-62,192],[208,525],[76,473],[-118,551],[-276,217],[-399,-60],[-249,-277],[-97,-286],[-76,-941],[-138,-273],[-229,78],[-328,257],[-747,734],[-860,244],[-74,118],[293,545],[51,406],[-232,1094],[-485,684],[-751,522],[-359,25],[-76,-62],[-333,-759],[-417,-178],[-991,120],[-329,145],[-15,123],[276,283],[55,220],[-76,265],[-392,319],[-127,357],[12,945],[-203,359],[-72,534],[116,1134],[-331,486],[-687,554],[-749,-31],[-553,402],[-810,435],[-569,-12],[-274,-263],[-152,-23],[-240,87],[-346,303],[-198,41],[-121,-10],[-204,-185],[-249,-656],[-105,-44],[-393,75],[-105,174],[544,286],[84,169],[61,421],[-94,77],[-116,2],[-87,-251],[-228,-191],[-576,-42],[-533,-498],[-388,-19],[-97,143],[71,87],[411,235],[296,314],[9,230],[-94,96],[-259,49],[-405,-433],[-121,-346],[-118,-87],[-315,-15],[-292,294],[-473,265],[-95,663],[-182,247],[-763,437],[-309,288],[-31,481],[-129,221],[-248,149],[-596,25],[-541,170],[-280,-26],[-301,-279],[-88,-944],[-237,-250],[-302,47],[-391,379],[-317,-53],[-127,-748],[-509,-520],[222,-290],[208,-505],[-92,-399],[-70,-149],[-115,-26],[-127,77],[-233,466],[-332,-20],[-166,-312],[270,-500],[-166,-312],[-222,-108],[-313,24],[-123,88],[-22,133],[348,352],[40,130],[-118,160],[-242,-25],[-456,-295],[-438,-50],[-205,-108],[-512,61],[-405,-198],[-472,306],[-282,-23],[-374,-157],[-330,-381],[-623,-191],[-121,34],[-25,99],[186,228],[62,247],[-145,348],[-421,80],[-380,-242],[-221,293],[-605,-84],[-506,533],[-453,-11],[-309,-177],[-708,-1118],[-321,-152],[-177,176],[216,708],[-90,292],[-118,47],[-329,-690],[-303,-69],[-293,70],[-163,104],[3,146],[158,163],[324,113],[73,239],[-102,162],[-474,195],[-1078,-248],[-232,-160],[-6,-135],[84,-87],[525,-123],[159,-211],[-71,-342],[-146,-227],[-101,-32],[-590,257],[-436,397],[-449,79],[-462,263],[-266,45],[-515,-224],[-466,-801],[50,-464],[363,-795],[42,-285],[-166,-596],[-323,-415],[-444,-88],[-842,200],[4,243],[-131,193],[-585,104],[-118,86],[-89,503],[-272,69],[-509,624],[-169,72],[-135,-148],[111,-242],[-35,-243],[-242,-243],[-126,-55],[-58,89],[52,239],[-95,82],[-605,-222],[179,-362],[-81,-225],[-124,-7],[-225,279],[-162,55],[-614,22],[-110,-57],[32,-219],[318,-105],[370,-303],[-612,-471],[-108,-9],[-288,230],[-296,3],[-233,-124],[-157,-274],[-432,45],[-332,-254],[-476,5],[-194,-232],[60,-164],[221,-128],[8,-299],[-87,-83],[-250,22],[-242,313],[-424,-205],[-211,38],[-55,199],[181,296],[-36,181],[-238,-17],[-503,-429],[-136,25],[129,546],[-92,227],[-105,55],[-790,-163],[-70,-141],[386,-135],[21,-336],[165,-371],[-134,-195],[-199,-103],[-134,-380],[-125,-54],[-290,126],[-118,187],[138,214],[359,87],[48,125],[-79,90],[-372,92],[-128,-54],[-98,-207],[-135,-23],[-332,8],[-52,93],[390,244],[-5,128],[-231,219],[157,372],[325,398],[-78,147],[-605,-338],[-235,172],[-74,150],[-327,81],[-74,-78],[39,-112],[287,-320],[-142,-298],[-92,-58],[-87,44],[-62,351],[-87,66],[-523,-13],[-214,-338],[31,-265],[-99,-157],[-932,452],[-96,-60],[10,-136],[285,-337],[-56,-450],[-186,-46],[54,379],[-40,108],[-164,12],[-474,-119],[-278,33],[-169,-339],[-211,-64],[-104,205],[68,436],[-345,236],[-424,15],[-110,57],[-35,126],[36,92],[334,101],[206,224],[-70,163],[-336,-11],[-60,112],[101,366],[-64,244],[268,279],[-21,129],[-290,-42],[-356,64],[-156,120],[-374,-72],[-11,-119],[270,-221],[-45,-225],[-630,-586],[18,-129],[338,-68],[184,-228],[17,-163],[-132,-333],[-95,-56],[-168,44],[-99,244],[-163,100],[-350,-440],[-426,-292],[-108,91],[-80,317],[-291,126],[-128,-34],[-82,-364],[-303,-102],[-296,194],[-631,-118],[-270,71],[-634,740],[-32,88],[103,188],[420,93],[233,341],[23,192],[-139,136],[-193,14],[-219,-96],[-99,-130],[-47,-299],[-245,-201],[-318,3],[-126,196],[-187,81],[-401,-112],[-219,39],[-133,52],[334,390],[129,396],[13,391],[-234,64],[-191,-210],[-222,-44],[-409,392],[-122,22],[-158,-108],[328,-400],[-66,-328],[-348,-171],[-485,131],[-143,-168],[40,-221],[514,-453],[90,-210],[-24,-278],[-333,-211],[-593,445],[-315,393],[-236,-1],[-239,-316],[-425,-32],[-256,382],[-1099,54],[-495,434],[-571,131],[-514,234],[7,134],[248,252],[-60,388],[-464,202],[-370,-29],[-35,105],[85,562],[203,0],[214,-198],[76,231],[-270,543],[-443,355],[-31,119],[99,229],[272,122],[29,101],[-71,62],[-422,178],[-104,-57],[-274,-570],[-45,-282],[64,-430],[-83,-74],[-197,184],[-49,457],[-104,-7],[-757,-606],[-126,2],[-495,522],[-532,75],[-312,214],[-7,125],[206,223],[-30,80],[-332,112],[-171,151],[-7,129],[230,263],[5,199],[-432,76],[-245,-250],[-123,-6],[-273,171],[-377,42],[-93,103],[71,652],[-97,75],[-235,-48],[-454,-395],[-215,16],[-65,111],[170,628],[-91,156],[-104,10],[-100,-448],[-187,-178],[-534,162],[-754,-493],[-537,-180],[-748,39],[-56,-224],[73,-503],[-112,-174],[-214,-105],[-202,17],[-165,124],[-181,475],[-274,17],[-61,-94],[113,-536],[-255,-359],[-209,57],[-259,291],[-177,-14],[-377,-464],[-391,-356],[-219,-94],[-866,83],[-458,-200],[-116,305],[-180,179],[-174,-107],[-124,-252],[-225,-11],[-461,793],[40,262],[334,261],[-56,98],[-1409,263],[-98,-17],[-281,-385],[-205,-26],[-85,193],[-48,611],[-236,281],[-242,120],[-126,-326],[-138,-53],[-368,63],[-186,-85],[-472,-778],[-203,70],[-170,324],[-223,82],[-225,-138],[-616,-947],[-363,-17],[-90,118],[37,101],[506,442],[127,223],[24,236],[-105,79],[-288,-55],[-682,199],[-262,-11],[272,-254],[23,-185],[-614,-398],[-199,171],[4,464],[-210,314],[-97,55],[-414,-68],[-492,249],[-90,486],[66,92],[353,113],[-56,400],[194,565],[-290,427],[-49,605],[-121,46],[-257,-129],[-290,-446],[-191,62],[-3,243],[245,425],[-427,531],[-484,35],[-188,-146],[-82,-456],[229,-583],[-119,-146],[-408,-213],[-394,11],[-300,324],[-782,-17],[-304,94],[-500,392],[-326,3],[-218,128],[-6,127],[198,313],[-52,604],[-76,129],[-122,28],[-214,-252],[34,-692],[-135,-222],[-164,0],[-145,260],[146,591],[-163,284],[-533,89],[-302,357],[-808,0],[-478,56],[-230,108],[15,233],[348,266],[264,905],[-26,216],[-269,40],[-208,-118],[-443,-86],[-323,-263],[-218,-38],[-116,49],[-137,400],[-286,475],[-104,395],[-343,201],[-281,47],[-301,-367],[0,-200],[166,-21],[438,330],[102,-81],[-26,-412],[176,-333],[-10,-123],[-230,-119],[-591,191],[-267,428],[-183,663],[9,129],[312,209],[-191,367],[-14,292],[568,517],[79,183],[-96,1059],[-90,180],[-131,13],[-417,-222],[-467,-36],[-280,-152],[68,-493],[-1245,-2087],[-625,-419],[100,-349],[-52,-147],[-764,-287],[-242,44],[-129,116],[-160,293],[-6,218],[177,318],[677,457],[36,171],[-88,103],[-630,114],[-400,268],[-478,-11],[-932,362],[-628,30],[-537,216],[-127,110],[9,134],[566,-76],[201,246],[57,384],[-163,368],[-161,88],[-393,0],[-355,265],[-591,11],[-362,210],[-205,0],[-10,-392],[-164,-25],[-273,344],[-153,516],[-204,56],[-177,374],[-250,116],[-297,-73],[-136,-267],[33,-453],[336,-530],[-146,-278],[-72,-500],[-296,-74],[-440,192],[-144,230],[-374,24],[12,196],[558,573],[-131,354],[76,228],[-54,131],[-317,56],[-169,-196],[-37,-212],[-137,-107],[-273,60],[-228,-53],[-184,195],[-197,12],[-212,-270],[-53,-410],[367,-1135],[-72,-510],[-156,-331],[-443,-207],[-345,155],[-243,-191],[-122,203],[-179,-151],[-190,-21],[-198,245],[33,104],[350,219],[-71,116],[-629,344],[-620,800],[-164,91],[-89,-95],[-190,-1003],[-206,-170],[-76,-182],[282,-460],[-80,-253],[-185,-116],[-460,-99],[-772,150],[-74,95],[63,196],[-70,87],[-742,84],[-72,453],[-135,88],[-448,-36],[-60,287],[-114,151],[-187,-134],[-13,-462],[-485,34],[-128,80],[313,306],[-68,303],[-128,22],[-162,-224],[-111,-33],[-507,171],[2,103],[497,208],[68,97],[-54,193],[-259,138],[-461,83],[-99,-59],[10,-395],[-139,-29],[-459,139],[-89,49],[53,113],[283,58],[101,116],[-41,226],[-202,162],[-453,-84],[-81,-71],[63,-224],[-106,-78],[-545,-158],[-256,50],[-334,323],[-78,209],[48,154],[219,159],[6,173],[-361,193],[26,120],[117,47],[194,-65],[233,42],[116,195],[-45,186],[-530,-95],[-525,85],[-247,-52],[-368,-274],[-318,-102],[-875,-2],[-119,-191],[-277,-138],[-254,-475],[-405,81],[64,496],[-331,153],[-1118,-341],[-405,-435],[-91,11],[-230,260],[-106,-10],[-166,-293],[-166,-96],[-301,129],[-73,342],[451,30],[72,76],[-65,155],[-347,125],[-316,317],[-416,174],[-341,-412],[-232,-76],[-414,57],[-127,-36],[-107,-152],[286,-466],[225,-34],[218,101],[73,-65],[166,-329],[-16,-123],[-101,-43],[-263,243],[-340,-272],[-574,140],[-571,167],[-355,359],[-215,13],[-130,-97],[-1,-140],[291,-244],[208,-403],[-28,-94],[-228,-365],[-193,-106],[-237,84],[-214,257],[-253,-11],[-98,-191],[20,-375],[-504,335],[23,105],[365,192],[101,177],[-336,829],[-440,138],[-201,-463],[-87,-40],[-162,138],[9,478],[-208,439],[-245,147],[-683,182],[-521,14],[-85,80],[-280,892],[62,282],[211,229],[7,112],[-372,255],[41,309],[-704,-59],[-209,-200],[15,-248],[-192,-58],[-267,71],[-319,459],[-206,-205],[-393,67],[-252,-44],[-139,110],[-93,343],[-226,-7],[-296,214],[-511,172],[-93,420],[-100,79],[-1160,-66],[-106,40],[2,306],[-80,82],[-651,-14],[-205,-152],[-187,-316],[-122,-60],[-526,20],[-243,-127],[-170,-370],[-85,-34],[-182,90],[-518,-47],[-79,209],[147,356],[-132,196],[-477,376],[105,377],[-168,239],[64,296],[-166,149],[-426,7],[140,230],[0,285],[-220,121],[-509,-95],[-80,-36],[-8,-247],[-222,-50],[-269,555],[-222,111],[-526,-115],[-45,-121],[152,-361],[-59,-117],[-132,-62],[-356,102],[-85,163],[180,254],[136,942],[-77,57],[-194,-35],[-290,-268],[-254,42],[-117,201],[202,297],[-14,112],[-441,311],[-383,103],[-209,571],[-463,204],[-225,-1],[-56,-97],[79,-231],[-211,-169],[-808,226],[-19,216],[465,357],[42,296],[-90,54],[-270,33],[-318,-232],[-110,0],[-1372,514],[-142,243],[-312,118],[-315,-268],[-417,252],[-405,-13],[-200,181],[-593,187],[-267,-32],[-360,492],[-267,-125],[-73,-151],[-141,-1216],[-284,-353],[-104,-7],[-98,366],[-439,320],[-180,260],[-49,199],[115,201],[-36,129],[-289,280],[-115,257],[-502,15],[-423,-92],[-298,-590],[-363,-195],[-188,-218],[-117,-61],[-673,142],[-267,-31],[-217,-147],[-95,-349],[-217,-33],[-413,435],[-106,509],[-582,257],[-149,222],[-189,-63],[-546,-602],[-163,130],[-287,52],[-599,293],[-95,149],[176,398],[-9,294],[-100,87],[-801,31],[-68,62],[0,247],[314,141],[183,262],[-269,442],[-74,718],[-128,39],[-204,-120],[-120,18],[-655,496],[-417,-29],[-595,-188],[-489,-475],[-177,-277],[18,-250],[-179,-307],[432,-96],[77,-87],[-39,-74],[-478,-223],[-652,-48],[33,-283],[366,-413],[-56,-296],[-897,22],[-771,522],[-28,569],[62,299],[-230,182],[-245,362],[-723,-180],[-244,-268],[-214,-109],[-706,187],[-267,160],[-185,238],[-96,745],[204,380],[86,800],[171,152],[158,27],[289,31],[163,-121],[154,17],[198,278],[232,168],[74,188],[-60,58],[-207,78],[-118,210],[-126,30],[-242,5],[-211,-121],[-319,-38],[-13,331],[-247,157],[-208,-41],[-123,-303],[-522,-220],[-507,194],[-51,189],[-262,293],[-100,472],[-755,580],[-171,-25],[-216,110],[-435,-368],[-177,-267],[-114,-29],[-73,84],[42,313],[-162,163],[-633,270],[-235,-179],[-405,287],[-284,465],[74,610],[-96,91],[-273,-21],[52,376],[-108,424],[-252,61],[-17,-441],[-94,-21],[-100,180],[-331,121],[-44,431],[-119,70],[-228,-329],[-174,-7],[-24,202],[-183,56],[-188,-78],[-216,-298],[-250,-121],[-215,127],[-548,-114],[-280,210],[-115,-11],[-42,-73],[165,-183],[-157,-142],[-88,-266],[-258,88],[-43,-326],[-267,84],[182,-401],[53,79],[148,-9],[173,-119],[36,-251],[-138,-52],[3,-114],[279,-267],[-344,-103],[-117,-327],[24,-131],[268,235],[52,-89],[-83,-239],[182,42],[138,-57],[58,-387],[-103,-93],[-422,-91],[-99,403],[-80,38],[-92,-99],[-257,-20],[-26,152],[152,263],[-30,138],[-100,90],[-325,13],[-235,140],[-620,-250],[83,-57],[331,36],[124,-199],[-87,-381],[-104,-96],[-102,27],[35,163],[-336,52],[-132,-215],[-135,38],[-73,68],[55,255],[-92,33],[-348,34],[-121,-56],[-16,-91],[396,-355],[-56,-102],[-201,-64],[-83,265],[-90,-36],[35,-299],[-169,-131],[22,-280],[-174,-71],[-166,68],[-5,-209],[-199,-28],[-319,-300],[-144,-46],[-431,113],[-341,-227],[-99,60],[102,324],[-137,111],[-185,-45]],[[2976588,2840013],[-233,203],[-235,788],[-571,-636],[-164,-25],[-447,132],[-64,72],[45,222],[-107,60],[-156,-161],[-115,-7],[-178,286],[-417,355],[-531,999],[-253,222],[-31,225],[-112,116],[-580,239],[-343,329],[-67,225],[137,571],[-578,347],[-594,168],[-481,-95],[-49,-231],[118,-442],[-32,-144],[-503,-250],[-144,53],[-835,856],[-348,158],[-1054,-52],[-278,52],[-899,-326],[-391,95],[-300,-63],[-963,410],[-64,163],[284,94],[315,431],[-120,321],[16,203],[-110,92],[-278,15],[-246,232],[-541,-6],[-99,111],[137,347],[-444,636],[-82,647],[0,94],[246,294],[-26,223],[-103,-5],[-73,94],[-112,510],[-87,64],[-195,-117],[-167,33],[-116,174],[555,314],[-21,81],[-299,63],[-256,256],[12,90],[207,91],[149,194],[-83,724],[163,218],[-155,520],[189,204],[10,252],[185,122],[60,141],[-2,419],[-279,332],[-67,505],[-246,402],[-108,847],[-294,434],[-1016,150],[-393,-223],[-123,-129],[-43,-215],[-455,-151],[-343,-218],[-709,-17],[-84,-88],[-191,60],[-923,-254],[-551,105],[-202,337],[-107,337],[-34,536],[-232,442],[85,569],[168,163],[-1,160],[-54,110],[-549,188],[-233,309],[-227,794],[409,860],[-561,565],[128,395],[-19,189],[-605,464],[-128,283],[29,476],[166,0],[276,-201],[106,1],[249,275],[109,279],[-15,353],[-38,156],[-269,204],[-479,-63],[-191,102],[-440,-49],[-467,75],[-527,351],[-230,391],[-282,146],[-188,218],[-412,235],[-859,182],[-308,195],[-294,347],[-154,53],[-850,119],[-692,204],[-974,-52],[-649,57],[-256,159],[-223,-76],[-324,85],[-296,222],[-100,-15],[-78,-241],[-653,-248],[-401,-34],[-718,405],[-132,224],[-67,379],[-239,192],[-213,-44],[-88,-225],[-217,-199],[-296,-42],[78,393],[-193,621],[-222,192],[-364,60],[-245,246],[-493,1019],[-37,706],[-161,82],[-425,-147],[-311,10],[-107,80],[124,502],[-92,96],[-420,63],[-235,303],[22,320],[821,494],[134,171],[-3,182],[-392,724],[86,898],[262,341],[-103,375],[-274,60],[-214,-70],[-625,-527],[-351,-7],[-422,111],[-949,656],[-337,318],[-231,389],[-284,200],[-229,-124],[81,-395],[-142,-256],[-96,29],[-260,-182],[-430,-117],[-521,108],[-97,-85],[-90,-476],[-647,-261],[-158,-241],[158,-612],[-294,-183],[-496,172],[-504,768],[-567,-168],[-379,45],[-229,-54],[-168,120],[-632,-53],[-278,221],[-20,919],[-500,332],[-147,248],[-4,97],[209,111],[-73,238],[-418,170],[-227,-161],[-45,-119],[114,-432],[-241,-224],[-614,129],[-209,235],[268,648],[-8,293],[-441,111],[-43,113],[248,344],[-89,246],[-128,138],[-208,-43],[-242,-275],[-231,51],[-92,104],[-18,432],[-101,245],[149,173],[176,95],[228,0],[668,-173],[207,467],[298,204],[135,342],[-6,492],[-94,191],[-772,191],[-427,328],[-501,115],[-518,-31],[-221,141],[-202,450],[0,159],[-292,369],[-87,343],[-222,184],[-332,-7],[-223,266],[189,338],[20,260],[-83,188],[-78,60],[-353,-33],[-557,348],[-502,372],[-3,187],[-439,-33],[-215,244],[-62,-104],[-139,43],[67,290],[121,41],[37,109],[-107,381],[-162,80],[-49,116],[-231,-76],[-193,96],[-112,-32],[-102,-221],[-696,-22],[-198,151],[-620,142],[-276,252],[-455,199],[-263,-66],[-221,-369],[-189,6],[-71,-80],[-460,255],[-148,-3],[-67,-217],[-95,-20],[-162,-321],[-509,-193],[-341,361],[-113,473],[86,115],[-322,36],[-42,220],[-522,480],[-192,-95],[81,-487],[187,42],[41,-221],[-27,-214],[-284,-389],[50,-439],[-354,46],[-489,135],[78,366],[192,34],[-244,505],[-247,4],[-209,163],[-155,-30],[-182,-100],[-89,-212],[-301,-168],[-445,177],[-14,251],[244,137],[130,227],[269,115],[-70,347],[-284,239],[-783,114],[-276,-389],[49,-179],[-253,-108],[-303,-382],[-59,-187],[-206,-178],[-350,299],[-315,540],[-568,364],[-170,280],[-252,107],[-416,-59],[-173,-196],[24,-141],[194,-97],[-68,-137],[298,-190],[-90,-223],[17,-294],[-161,-126],[-305,12],[-42,212],[-424,355],[-64,308],[-209,309],[-369,139],[-402,-184],[-19,-111],[154,-230],[313,-85],[108,-301],[133,-68],[29,-108],[-287,-314],[-290,-30],[-96,57],[135,181],[-247,-21],[-229,220],[-226,55],[-94,-50],[-22,-201],[-420,-74],[-34,113],[90,99],[550,273],[25,82],[-90,83],[-282,-4],[-161,120],[-69,366],[-199,349],[-285,273],[40,258],[-180,38],[-324,-286],[-162,-29],[-345,549],[-15,95],[213,319],[428,311],[-525,490],[-4,86],[241,174],[-24,137],[-136,28],[-171,-83],[-319,-612],[-149,-55],[-153,122],[115,491],[-379,213],[-58,372],[-412,-42],[-409,87],[-47,-104],[111,-357],[-812,-562],[-716,-6],[-255,-143],[-124,28],[-120,202],[7,192],[488,343],[349,432],[-67,315],[-127,116],[-604,-215],[-363,210],[-99,168],[-9,156],[119,130],[343,-41],[123,510],[-37,434],[-199,91],[-447,-172],[-118,49],[-105,239],[71,586],[-743,402],[-68,148],[194,267],[-583,555],[-152,52],[-54,-167],[303,-489],[-134,-414],[-92,-135],[-94,-4],[-156,319],[-293,274],[-19,628],[-414,179],[64,467],[-175,399],[104,489],[-388,221],[-55,111],[64,221],[-186,254],[-740,60],[-24,355],[-368,292],[88,267],[-58,196],[-652,14],[-732,313],[-666,448],[-2773,1202],[-707,214],[-655,70],[-915,401],[-1975,1012],[-761,279],[-1851,1270],[-550,847],[-170,561],[-736,1238],[135,307],[88,555],[-23,538],[-183,758],[-494,960],[29,816],[-106,220],[-229,81],[-154,208],[-465,1753],[-359,601],[-665,0],[-342,238],[-318,92],[-278,345],[-238,121],[-402,-166],[-435,364],[-241,419],[-263,135],[-1237,244],[-923,43],[-482,190],[-1531,-196],[-800,-278],[-619,40],[-871,-208],[-283,0],[-618,214],[-789,-121],[-577,144],[-942,35],[-1155,-139],[-612,156],[-202,97],[-89,535],[-159,258],[-941,578],[-327,438],[-231,111],[-724,790],[-285,425],[-300,1224],[-565,641],[-546,1028],[-313,142],[-432,367],[-822,509],[-555,996],[-586,598],[-387,179],[-729,-129]],[[2861573,2921771],[252,395],[273,217],[118,240],[-265,1065],[50,220],[443,480],[13,187],[308,588],[375,21],[278,269],[329,137],[481,-154],[89,224],[139,108],[746,87],[806,481],[333,29],[85,426],[156,228],[514,307],[-80,518],[51,335],[-140,282],[101,2116],[-134,774],[88,542],[-24,694],[362,894],[42,625],[-408,659],[-119,1492],[-155,280],[10,404],[-175,355],[-42,425],[-116,290],[-253,259],[28,204],[203,107],[169,297],[0,166],[211,110],[443,608],[67,404],[168,279],[-24,335],[274,432],[207,142],[141,531],[316,608],[190,183],[348,7],[488,376],[338,21],[713,-186],[884,-552],[216,-38],[224,512],[-49,392],[165,561],[-32,209],[385,450],[207,554],[133,750],[-145,406],[5,423],[43,187],[240,240],[-68,385],[127,534],[-81,361],[355,661],[23,610],[349,1195],[-21,268],[-281,556],[7,599],[351,1336],[-333,249],[-378,610],[97,128],[-70,98],[18,409],[334,396],[116,379],[-570,844],[-234,616],[-30,356],[-143,237],[-706,696],[-399,682],[-627,627],[-68,495],[-388,428],[-149,312],[-323,1262],[-557,923],[-205,1080],[-118,166],[22,273],[205,398],[-177,1257],[102,588],[-192,774],[-50,801],[171,301],[265,199],[694,60],[239,194],[107,284],[89,1088],[-182,766],[-157,190],[-3,166],[-100,62],[-921,-241],[-386,96],[-275,207],[92,325],[548,663],[77,414],[253,304],[-98,200],[-436,332],[-49,159],[49,159],[457,511],[-91,234],[-310,56],[-231,158],[-15,111],[239,359],[-84,242],[-401,297],[-597,165],[35,201],[527,649],[99,297],[316,338],[21,118],[-49,587],[-373,200],[-63,255],[42,290],[-260,843],[85,228],[0,490],[309,117],[0,97],[-190,187],[-274,676],[648,793]],[[2976588,2840013],[-12,-256],[-398,-249],[-297,-634],[-308,-76],[-272,149],[-45,145],[-237,70],[-477,-79],[-420,-168],[-349,305],[-331,15],[45,346],[-198,422],[-151,94],[-353,106],[-1270,-3],[-556,167],[-131,133],[-64,246],[-113,86],[-490,57],[-108,83],[-108,293],[-513,-286],[-83,164],[76,403],[-79,124],[-252,40],[-220,257],[-241,134],[-460,42],[-84,104],[12,226],[260,132],[87,153],[-38,163],[-261,171],[-295,-25],[-465,211],[-375,-56],[-315,-171],[-363,-425],[-584,-145],[-62,273],[-465,114],[-99,71],[-36,267],[-234,26],[-263,-92],[-225,-219],[-649,-63],[-266,-206],[-447,-90],[-73,66],[-48,394],[-110,-34],[-106,-192],[-95,3],[-76,75],[3,270],[-307,415],[-295,-94],[-117,45],[-117,231],[-315,149],[96,476],[-169,378],[-206,33],[-163,-213],[-854,-674],[-335,-87],[-906,-597],[-630,-983],[-1139,-877],[-561,-186],[-1048,22],[-109,-184],[59,-768],[-180,-318],[-268,-166],[-276,7],[-477,614],[-600,452],[-1856,-14],[-471,-216],[-187,-234],[-136,-372],[105,-294],[277,-168],[1655,-437],[389,-365],[82,-582],[-368,-459],[-1207,-974],[-380,-440],[-485,-765],[-297,-674],[-376,-305],[-220,-58],[-498,70],[-2041,1086],[-923,19],[-426,-219],[-83,-169],[120,-347],[836,-611],[216,-282],[163,-454],[304,-358],[-175,-563],[-220,-165],[-261,-60],[-374,63],[-677,364],[-441,881],[-569,250],[-1003,643],[-275,432],[-431,414],[-407,38],[-342,-125],[-1206,-769],[-1090,-27],[-188,138],[-234,-17],[-601,438],[-145,788],[-631,351],[-122,7],[-138,-334],[-241,-205],[-95,-452],[-354,-106],[-366,-384],[-982,-105],[-1090,-555],[-208,-18],[-319,201],[-350,-298],[-443,17],[-236,352],[253,949],[-220,911],[110,559],[-51,423],[89,261],[304,327],[8,166],[-232,783],[-396,191],[-135,0],[-241,-187],[-164,-439],[42,-344],[392,-1027],[9,-195],[-194,-377],[-418,-290],[-658,-141],[-426,199],[-152,742],[-573,1408],[-224,154],[-426,-38],[-843,-302],[-257,-186],[-376,-494],[-12,-352],[370,-673],[51,-269],[-1,-210],[-141,-142],[-757,-49],[-205,68],[-316,402],[-98,330],[34,431],[-86,395],[-276,260],[-420,30],[-737,-827],[-462,-293],[-300,-37],[-667,184],[-1039,-104],[168,-377],[509,-431],[266,-442],[11,-251],[-365,-285],[-461,-31],[-1546,777],[-641,36],[-497,-380],[-365,-493],[-384,-754],[-701,-328],[-99,442],[-705,1558],[-316,1168],[-198,419],[-776,447],[-637,518],[-421,177],[-224,-102],[-178,-220],[-84,-365],[104,-176],[872,-150],[388,-314],[90,-437],[-124,-630],[-62,-88],[-337,-72],[-326,-304],[-698,-265],[-287,-387],[-382,-259],[-337,-78],[-130,288],[45,254],[276,718],[478,624],[146,464],[17,243],[-90,172],[-108,92],[-894,-45],[-945,183],[-186,132],[-309,437],[-22,226],[39,221],[197,298],[517,547],[62,194],[-158,436],[-393,299],[-748,110],[-630,320],[-202,210],[-602,995],[-709,492],[-572,211],[-631,-108],[-531,-456],[-169,-8],[-63,88],[-680,-146],[-1541,-764],[-552,-431],[-214,-376],[-769,-929],[-116,-287],[-141,-742],[81,-608],[165,-504],[179,-228],[510,-269],[439,-97],[580,121],[334,-21],[292,-369],[-35,-245],[-153,-243],[-625,-470],[-478,-642],[-485,-242],[-977,69],[-499,-144]],[[2903979,2834581],[-589,376],[-557,-259],[-375,15],[-197,100],[-383,659],[-1059,1432],[-148,677],[-365,288],[-359,45],[-385,-121],[-1178,-977],[-483,-268],[-532,-170],[-1159,-131],[-1021,146],[-586,-127],[-782,-294],[-368,67],[-967,1010],[-468,222],[-477,175],[-302,6],[-569,-135],[-391,78]],[[2844930,2885726],[271,104],[229,354],[148,13],[145,207],[103,414],[436,292],[196,284],[168,91],[3,354],[203,409],[-45,117],[147,185],[52,437],[-267,1004],[-253,197],[-300,480],[-65,673],[129,134],[-263,350],[-290,706],[-24,203],[121,44],[-21,57],[-34,51],[-198,-53],[-25,410],[-140,145],[-274,878],[13,510],[353,1091],[-140,190],[-28,497],[137,1979],[42,286],[249,404],[32,232],[-42,535],[-222,259],[-312,100],[334,542],[91,290],[0,829],[-120,787],[123,418],[-200,728],[42,284],[274,379],[106,384],[-14,476],[144,532],[415,452],[186,128],[270,31],[816,722],[615,-62],[397,-166],[1023,224],[214,225],[179,614],[317,232],[56,131],[-327,746],[18,922],[-127,334],[120,691],[741,622],[-28,231],[151,756],[-161,736],[-436,317],[-39,104],[506,97],[858,366],[-156,378],[5,572],[71,127],[573,290],[495,130],[658,36],[318,124],[1223,818],[157,215],[180,19],[965,-234],[1701,143],[64,572],[267,533],[62,742],[168,418],[251,268],[93,252],[-24,251],[99,132],[280,97],[325,457],[216,160],[814,217],[337,640],[111,75],[297,-115],[315,3]],[[2652637,2732244],[-903,10],[-791,-463],[-284,-272],[-387,-38],[-380,-145],[-442,-477],[-127,-459],[-728,-311],[-231,-570],[-398,-41],[-829,150],[-278,-119],[-418,-345]],[[2622869,2597016],[54,-305],[-282,-298],[-463,-292],[-757,-1167],[-421,-396],[-335,-771],[-274,-292],[-737,-522],[-780,-439],[-907,-168],[-1751,-150],[-1223,-295],[-718,248],[-656,373],[-592,581],[-445,581],[-12866,-4303],[-2906,-877],[-757,-720],[-3432,-2368],[-5371,-3950],[-1943,-1233],[-1861,509],[-1681,766],[-969,-482],[-369,71],[-993,602],[-213,430],[-329,202],[-349,-23],[-788,-315],[-431,41],[-270,177],[-461,513],[-525,1356],[-987,527],[-360,-18],[-316,-214],[-392,-430],[-1134,-439],[-236,121],[-267,0],[-479,244],[-774,-68],[-542,55],[-1799,1002]],[[2868415,2983004],[-756,-206],[-451,45],[-1187,316],[-565,30],[-263,-41],[-391,-239],[-347,-507],[-496,-187],[-1023,-31],[-569,42],[-675,176],[-1876,707],[-960,121],[-738,-72],[-570,62],[-327,308],[-94,220],[-232,1109],[-127,176],[-675,414],[-200,280],[-243,673],[-1528,1606],[-496,20],[-611,-756],[-243,-83],[-907,21],[-369,-166],[-569,-72],[-1160,-352],[-432,-601],[-1128,-435],[-348,-270],[-95,-176],[-42,-507],[73,-425],[897,-1170],[42,-373],[0,-311],[-633,-2983],[-516,-1738],[-64,-976],[211,-916],[612,-690],[179,-435],[105,-1678],[156,-761],[-225,-1442],[-146,-463],[-670,-18],[-483,-188],[-1357,-125],[-263,-104],[-1265,432],[-897,86],[-1146,-131],[-659,95],[-325,155],[-202,173],[-633,941],[-264,155],[-298,596],[-132,2158],[-123,543],[-281,536],[-369,423],[-352,241],[-641,268],[-290,-52],[-1309,-1174],[-88,-561],[783,-1121],[143,-1051],[-64,-650],[-624,-742],[-835,-596],[-264,-405],[-158,-605],[9,-682],[70,-181],[615,-811],[62,-475],[334,-440],[237,-915],[-44,-1140],[-650,-354],[-503,-596],[-156,-405],[-79,-794],[-132,-173],[-2074,-613],[-465,-250],[-276,-269],[-1798,-1207],[-176,-207],[-825,-467],[-1870,169],[-527,570],[-812,207],[-253,-124],[-654,0],[-964,148],[-537,-56],[-1775,276],[-703,466],[-737,716],[-534,398],[-298,-50],[-490,-353],[-213,-17],[-394,586],[-635,513],[-293,498],[-467,1320],[-309,453],[-382,199],[-551,122],[-101,96],[-62,1489],[-124,530],[-236,343],[-298,110],[-450,349],[-163,303],[-51,614],[-270,536],[-140,82],[-1007,94],[-231,260],[-1523,696],[-866,77],[-1170,232],[-79,271],[-191,116],[-821,-259],[-844,16],[-230,72],[-146,226],[-585,83],[-298,137],[-186,265],[-365,906],[-428,415],[-674,502],[-805,116],[-382,332],[-860,1878],[-152,707],[-613,928],[-248,116],[-213,12],[-889,-332],[-405,-326],[-196,-530],[-232,-349],[-421,-154],[-1141,-790],[-298,-116],[-568,50],[-332,-83],[-416,-696],[-268,-869],[-281,-216],[-499,-995],[-246,-262],[-380,-642],[-513,55],[-527,-207],[-661,-408],[-260,-55],[-738,90],[-815,304],[-197,158],[-443,111],[-154,-83],[-345,110],[-991,-41],[-541,55],[-1118,-476],[-907,-187],[-414,-331],[-556,145],[-225,435],[-419,119],[-659,85],[-1185,-52],[-576,69],[-408,-145],[-1040,-601],[-1139,-442],[-942,-159],[-330,-324],[-949,-684],[-865,-262],[-759,-353],[-415,14],[-464,276],[-430,8]],[[2903979,2834581],[385,-1667],[400,-436],[181,-70],[432,9],[1351,337],[304,-96],[293,-255],[88,-476],[-231,-628],[9,-242],[128,-43],[201,86],[1249,741],[786,22],[272,-62],[494,-306],[269,-400],[21,-661],[-221,-347],[-659,-692],[-259,-443],[-35,-420],[197,-415],[376,-92],[449,128],[371,367],[312,779],[485,583],[625,194],[198,-75],[228,-190],[36,-353],[-551,-1606],[-20,-390],[264,-107],[1673,-50],[415,325],[355,456],[303,120],[178,-311],[17,-481],[-150,-353],[-484,-492],[-22,-276],[187,-205],[525,-167],[960,88],[397,340],[76,322],[-36,415],[-256,1060],[138,371],[173,91],[551,47],[340,-111],[327,-257],[283,-452],[232,-805],[-257,-864],[-566,-789],[-113,-314],[61,-274],[342,-422],[1361,-744],[433,-51],[613,181],[650,52],[334,-196],[162,-193],[204,-592],[-333,-773],[-50,-322],[280,-702],[-89,-1101],[48,-366],[976,-1258],[320,-184],[275,-37],[508,166],[918,1466],[265,276],[398,225],[2231,170],[692,-157],[240,-151],[110,-196],[-4,-278],[-671,-747],[-141,-270],[-309,-1777],[-144,-253],[-839,-760],[-90,-179],[62,-216],[619,-220],[2156,-160],[415,8],[1274,256],[616,-47],[1305,-620],[999,-288],[200,-292],[-5,-200],[-121,-203],[-757,-339],[-779,-788],[-638,-1207],[-1152,-717],[-542,-653],[-353,-805],[-95,-1054],[179,-470],[257,-238],[337,-101],[494,-9],[791,309],[350,390],[611,1357],[324,229],[727,217],[625,-14],[686,-145],[1369,-958],[489,-235],[532,-57],[422,170],[249,290],[34,744],[-1082,2015],[-36,521],[158,327],[181,154],[462,13],[864,-387],[718,-630],[419,-730],[339,-1059],[231,-298],[358,-245],[498,-74],[391,143],[261,543],[210,922],[329,480],[538,203],[239,15],[301,-105],[204,-342],[147,-849],[-360,-1182],[-48,-453],[253,-568],[293,-164],[398,14],[418,154],[221,174],[208,354],[98,748],[203,417],[456,178],[381,-216],[173,-345],[-5,-286],[-173,-710],[-310,-391],[-628,-469],[-1251,-356],[-432,-216],[-543,-494],[-113,-265],[-12,-614],[44,-172],[231,-217],[501,-76],[905,42],[1409,657],[615,100],[471,-108],[1539,-920],[473,-59],[551,149],[544,452],[364,70],[1059,-708],[741,-309],[238,-176],[1170,122],[177,-87],[150,-273],[-237,-1205],[145,-731],[180,-290],[339,-227],[271,-78],[304,44],[451,311],[154,291],[18,375],[93,-18],[1,452],[613,589],[530,901],[362,143],[386,6],[700,-311],[253,-292],[100,-388],[-287,-956],[46,-305],[249,-294],[264,-110],[322,-4],[763,199],[294,-37],[280,-210],[382,-1031],[370,-296],[1275,511],[500,-48],[254,-194],[34,-133],[-89,-713],[92,-411],[164,-182],[272,-120],[276,84],[285,648],[381,267],[606,-2],[331,-195],[569,-571],[416,-56],[1455,296],[377,222],[593,719],[238,99],[306,-63],[102,-277],[-201,-416],[-420,-222],[-190,-193],[-40,-267],[209,-219],[795,-98],[306,174],[719,736],[540,246],[464,-43],[571,-408],[702,-657],[1030,-328],[390,-418],[-73,-1388],[62,-266],[257,-315],[629,-439],[108,-330],[-62,-211],[-831,-51],[-233,-188],[-253,-437],[-21,-274],[310,-277],[323,6],[514,204],[467,6],[389,-151],[332,-260],[235,-471],[290,-278],[468,-156],[589,27],[1172,445],[304,-81],[945,-629],[246,-460],[228,-244],[360,-874],[185,-200],[344,-177],[586,16],[404,430],[71,226],[-366,674],[53,286],[142,98],[519,-356],[490,-847],[280,-266],[464,58],[465,525],[348,165],[1310,-219],[576,-7],[921,146],[532,-86],[719,-322],[290,-233],[265,-377],[170,-522],[116,-916],[-17,-475],[276,-418],[459,-123],[490,229],[235,251],[253,634],[456,251],[355,27],[205,-102],[260,-328],[129,-371],[99,-957],[277,-462],[1600,-425],[671,-101],[246,-19],[1029,244],[442,-22],[398,-145],[288,-309],[-124,-1193],[175,-292],[251,-152],[967,48],[1112,-248],[622,-678],[183,-1028],[193,-449],[253,-197],[580,-7],[1301,1879],[495,186],[376,-114],[201,-196],[95,-315],[-116,-711],[-306,-1053],[-366,-356],[-892,-131],[-429,-200],[-81,-197],[53,-414],[182,-225],[507,-138],[1152,245],[303,-83],[123,-114],[133,-369],[-214,-1530],[31,-183],[359,-400],[573,41],[446,308],[510,507],[443,794],[449,138],[292,-69],[208,-148],[260,-504],[-173,-1658],[85,-438],[611,-1126],[781,-684],[214,-290],[102,-549],[-186,-683],[-22,-235],[85,-142],[453,-24],[886,142],[538,-62],[611,-249],[1163,-891],[807,-257],[543,57],[1167,366],[643,-338],[728,-667],[295,59],[801,649],[309,86],[380,-48],[130,-173],[11,-286],[-559,-1167],[277,-515],[384,-190],[372,18],[503,227],[573,460],[298,76],[366,-21],[439,-263],[1083,-1011],[253,-111],[478,90],[274,211],[443,697],[558,183],[345,-76],[218,-179],[218,-767],[149,-181],[104,-5],[239,241],[105,194],[25,369],[-1072,1381],[-359,1247],[18,342],[91,93],[584,183],[365,0],[295,-107],[261,-487],[-15,-632],[-260,-784],[-28,-459],[172,-290],[257,-176],[436,-38],[358,69],[369,107],[798,473],[668,128],[313,-131],[313,-359],[323,-864],[425,-200],[1195,221],[1100,-66],[597,63],[1490,397],[974,0],[678,-94],[721,-462],[295,-404],[291,-781],[334,-369],[594,-145],[870,314],[346,14],[60,-69],[-130,-707],[56,-664],[201,-639],[358,-407],[179,-80],[429,-10],[1026,311],[946,52],[2537,-35],[443,-121],[650,-366],[468,-694],[49,-525],[-70,-611],[-229,-359],[-994,-722],[-113,-331],[109,-435],[292,-183],[1230,21],[777,-249],[404,-7],[552,314],[485,473],[464,-31],[235,-100],[246,-221],[134,-487],[-4,-780],[-228,-1088],[84,-521],[267,-297],[432,-93],[580,228],[1919,511],[454,31],[253,-104],[362,-576],[615,-532],[671,-349],[331,-66],[502,159],[882,891],[246,14],[390,-162],[243,-277],[162,-573],[-85,-590],[25,-529],[242,-497],[380,-155],[239,14],[808,431],[334,-172],[35,-522],[-295,-386],[-506,-284],[-130,-165],[-70,-370],[80,-290],[355,-587],[658,-556],[439,-159],[358,-3],[883,539],[355,-11],[348,-152],[485,7],[260,166],[325,568],[413,112],[351,-224],[243,-542],[316,-363],[1149,-400],[826,-515],[671,-124],[921,183],[285,-93],[295,-391],[39,-393],[-137,-601],[186,-335],[591,-38],[302,145],[436,370],[376,10],[488,-225],[485,-687],[327,-65],[274,259],[88,459],[-60,193],[-453,404],[-555,183],[-250,166],[-84,104],[-7,404],[200,335],[179,113],[1086,0],[355,173],[85,349],[-148,773],[11,390],[165,208],[140,41],[429,-55],[397,-276],[99,-570],[-151,-615],[63,-200],[246,-166],[1128,62],[664,-165],[285,0],[225,100],[239,283],[17,224],[-102,660],[-196,501],[119,290],[176,103],[295,38],[418,-190],[232,-421],[127,-594],[316,-148],[99,10],[217,297],[254,780],[200,163],[249,13],[250,-152],[235,-763],[531,-690],[671,-107],[352,-397],[309,-190],[408,-66],[348,38],[787,646],[1033,183],[640,487],[411,52],[422,-163],[288,-224],[306,-604],[285,-280],[242,-73],[302,31],[665,501],[189,21],[211,-166],[218,-708],[106,-86],[1152,-252],[570,-573],[344,-52],[794,221],[327,297],[67,141],[-21,435],[-204,1202],[341,325],[506,-56],[1188,-600],[678,-802],[524,-331],[612,-69],[1831,110],[281,73],[271,255],[316,739],[351,277],[528,51],[1309,-260],[286,91],[348,908],[460,556],[113,953],[281,159],[577,-55],[565,-211],[168,-274],[68,-299],[-32,-328],[-523,-514],[35,-294],[263,-159],[756,-27],[408,-97],[207,-118],[288,-452],[-14,-642],[-418,-629],[197,-511],[481,-286],[1111,-187],[306,-207],[7,-252],[-559,-753],[-32,-217],[74,-276],[548,-905],[355,-1043],[134,-155],[344,-114],[397,7],[376,138],[415,-66],[141,-231],[16,-425],[149,-131],[857,-217],[584,-484],[228,-369],[345,-995],[369,-20],[386,262],[373,860],[-70,639],[59,86],[1048,321],[444,609],[361,82],[1599,-598],[984,-604],[713,-155],[580,-694],[443,-332],[893,-259],[889,-7],[692,-646],[181,-48],[434,183],[429,-292],[1076,-336],[425,-629],[362,-307],[1075,-121],[1016,93],[390,-62],[805,-297],[183,66],[443,539],[217,131],[250,65],[373,-45],[305,-466],[35,-1191],[141,-262],[183,-87],[945,-45],[721,-435],[274,-76],[232,59],[348,587],[323,359],[302,24],[303,-259],[344,-777],[594,-462],[109,-791],[148,-366],[267,-259],[309,-93],[738,-17],[763,-270],[1022,542],[531,-155],[1322,-1112],[537,-259],[412,-411],[309,-497],[260,-124],[752,141],[844,-17],[523,76],[499,-28],[502,-229],[29,48],[309,-81],[960,117],[1001,187],[1860,497],[372,269],[243,315],[682,359],[1223,24],[1082,197],[1086,-138],[236,86],[386,318],[440,169],[365,-28],[162,-100],[147,-124],[141,-328],[200,-149],[1346,-197],[542,-214],[256,118],[517,424],[1209,-82],[365,58],[527,194],[447,345],[225,69],[211,-45],[383,-459],[277,-142],[868,45],[236,-59],[200,-1436],[429,-338],[429,38],[552,183],[573,821],[137,76],[376,97],[966,7],[373,-135],[636,-483],[703,-173],[559,-297],[165,-127],[499,-712],[302,-203],[457,-28],[836,487],[450,-14],[194,-224],[52,-211],[-91,-490],[95,-335],[1230,-73],[647,-197],[703,-24],[688,349],[654,677],[394,179],[176,0],[506,-248],[253,-259],[355,-587],[314,-182],[132,9],[112,180],[-397,966],[39,487],[91,166],[422,228],[411,21],[173,-69],[224,-180],[190,-390],[106,-715],[103,-102],[294,5],[450,919],[126,438],[137,864],[0,839],[67,83],[281,-14],[724,-294],[243,-197],[1325,-1771],[502,-566],[1136,-1026],[130,-214],[246,-991],[144,-245],[242,-162],[288,-28],[134,80],[323,887],[194,183],[312,7],[282,-187],[442,-552],[647,-480],[1099,-661],[381,-174],[219,-13],[317,209],[106,564],[260,438],[325,304],[182,92],[312,11],[353,-55],[279,-150],[237,-331],[408,-1032],[784,-949],[547,-1097],[235,-786],[47,-653],[-293,-683],[-456,-335],[-658,-135],[-1288,124],[-212,-166],[-47,-198],[1886,-1728],[261,-179],[343,-78],[896,135],[345,202],[308,329],[450,825],[410,337],[476,81],[339,-61],[417,-139],[252,-198],[109,-251],[-51,-672],[-514,-1618],[-89,-180],[-704,-729],[-120,-371],[-7,-272],[492,-1314],[330,-393]],[[2693782,2478320],[-552,553],[-243,842],[-409,667],[-191,60],[-297,-72],[-792,-524],[-238,10],[-262,206],[-61,207],[91,246],[525,293],[266,276],[120,342],[-10,323],[-125,186],[-157,59],[-1163,-354],[-118,77],[-30,189],[573,876],[442,511],[27,189],[-178,158],[-246,-64],[-758,-678],[-605,-164],[-194,306],[-35,595],[238,943],[-91,253],[-212,179],[-348,21],[-185,-211],[234,-568],[-185,-503],[96,-542],[-68,-132],[-254,-15],[-184,172],[-119,616],[-227,381],[-819,588],[-227,24],[-425,-193],[-120,-202],[32,-113],[655,-175],[128,-112],[53,-208],[-248,-222],[-624,-60],[-319,-750],[-188,-98],[-168,105],[-2,773],[-135,164],[-337,116],[-135,-116],[-108,-483],[-215,-196],[-606,162],[-560,-208],[-67,-205],[123,-504],[-110,-250],[-575,-484],[-417,-73],[-154,107],[-58,169],[165,662],[-81,400],[-265,519],[-277,322],[-320,104],[-481,-15],[124,533],[-509,735],[-115,382],[93,175],[272,-56],[619,-340],[208,73],[190,296],[45,753],[160,330],[-91,68],[-1302,-23],[-218,539],[-586,775],[-160,1322],[-183,171],[-318,-43],[-225,-159],[-752,-1308],[-196,-172],[-366,43],[-406,210],[-321,411],[89,267],[691,129],[937,888],[354,792],[459,492],[619,918],[-83,107],[-911,267],[-938,115],[-80,76],[87,874],[-175,645],[-95,812],[-295,452],[88,110],[397,121],[646,-58],[-24,252],[-387,583],[-123,1397],[345,-264],[224,65],[303,325],[787,359],[218,183],[-32,228],[-172,114],[-882,159],[-584,677],[173,341],[1012,601],[58,100],[-58,107],[-337,111],[-334,231],[-183,473],[53,321],[418,750],[10,801],[155,241],[246,80],[745,-535],[243,6],[1012,843],[457,663],[-53,193],[-355,152],[-1314,-145],[-273,50],[582,610],[221,1260],[657,860],[78,397],[-246,390],[-137,90],[-278,-28],[-313,-725],[-836,-970],[-204,-104],[-373,-34],[-298,110],[-109,156],[-32,234],[70,176],[700,221],[313,335],[-7,118],[-398,601],[-80,400],[200,508],[362,594],[17,721],[-105,180],[-351,311],[-419,58],[-295,-238],[-123,-497],[-337,-332],[-745,-131],[-303,149],[-89,177],[86,57],[418,-44],[250,189],[73,266],[-826,660],[-179,483],[28,349],[267,159],[190,-76],[317,-325],[189,-428],[148,-48],[162,110],[98,470],[-35,442],[-134,172],[-1209,532],[-681,7],[-141,-221],[-35,-355],[-270,17],[-270,364],[-411,232],[-112,-5],[-366,-326],[-168,-44],[-664,165],[-348,-27],[-771,-448],[-647,-105],[-303,354],[17,392],[264,182],[512,61],[523,542],[146,453],[0,591],[191,226],[1322,166],[146,376],[-68,359],[-236,177],[-332,33],[-382,-205],[-305,-52],[-704,157],[-313,-16],[-29,219],[401,547],[173,386],[-43,534],[-135,356],[-219,117],[-223,-29],[-266,-154],[-219,-277],[-144,-597],[-367,-257],[-194,-46],[-194,29],[-164,145],[-93,121],[-17,265],[105,170],[654,397],[101,295],[-71,302],[-439,365],[-257,352],[-257,153],[-658,-136],[-743,-411],[-894,195],[-223,-25],[-692,-286],[-493,-364],[-296,-62],[-223,244],[-338,903],[-244,145],[-607,-33],[-342,100],[-717,352],[-827,915],[-236,456],[350,659],[-17,199],[-59,207],[-253,348],[-346,183],[-1100,16],[-679,435],[-566,149],[-151,232],[-59,580],[-664,665],[-232,152],[-668,62],[-112,207],[-63,859],[-122,86],[-245,-13],[-414,-303],[-278,-8],[-274,402],[84,199],[274,257],[-84,273],[-384,141],[-742,-157],[-148,50],[-215,236],[-67,368],[88,166],[675,373],[80,439],[-181,199],[-915,0],[-245,253],[84,307],[459,771],[18,252],[-317,171],[-570,95],[-143,469],[-245,377],[38,990],[164,479],[-37,163],[-274,66],[-578,-298],[-219,37],[-110,415],[72,961],[-339,960],[491,1091],[-30,564],[455,447],[443,721],[646,79],[324,153],[80,128],[-113,808],[173,535],[16,1181],[161,543],[-135,489],[-236,364],[-81,315],[249,224],[380,0],[438,398],[633,265],[173,257],[0,199],[-143,385],[12,423],[-71,124],[-254,58],[-143,0],[-118,-129],[-164,-712],[-114,-199],[-89,-37],[-814,178],[-219,157],[-13,721],[371,630],[-211,559],[0,183],[237,377],[291,153],[362,46],[186,140],[17,112],[-224,241],[-649,493],[-447,219],[-443,-58],[-409,-464],[-205,-41],[-719,509],[-1037,398],[-203,207],[-8,87],[405,440],[97,335],[-17,299],[185,190],[203,-12],[46,-71],[4,-596],[165,-145],[1185,335],[455,912],[55,567],[-97,1032],[-320,406],[-785,-58],[-177,-66],[-401,-464],[-231,62],[160,361],[371,385],[287,79],[202,153],[144,487],[-47,105],[-447,266],[-506,-121],[-396,63],[-992,563],[-44,286],[774,555],[51,514],[341,932],[-118,195],[-573,211],[-228,419],[-25,174],[316,978],[-42,221],[-481,40],[-481,286],[-367,344],[-93,430],[30,179],[272,363],[316,76],[900,-18],[456,283],[710,180],[552,1101],[-17,491],[-157,165],[-160,0],[-168,-86],[-334,-452],[-285,-187],[-337,-117],[-552,-48],[-345,31],[-899,514],[-303,73],[-168,221],[21,172],[277,504],[8,152],[-591,857],[-105,493],[664,511],[23,130],[-301,268],[-446,55],[-197,114],[-133,121],[-53,196],[45,601],[197,135],[889,-318],[450,-62],[331,73],[151,341],[-225,380],[-1413,1119],[-169,338],[64,473],[203,97],[331,-59],[650,-732],[559,-224],[193,117],[81,152],[7,929],[141,256],[182,224],[837,597],[-42,294],[-510,566],[-32,929],[-646,1184]]]}
