{"type":"Topology","bbox":[-73.66390796452843,0.6554134852678857,-69.99510710426826,2.924988241627294],"transform":{"scale":[0.000003385120954067422,0.0000034456095261769775],"translate":[-81.73562055563167,-4.229406466336059]},"objects":{"MGN_ADM_MPIO_GRAFICO":{"type":"GeometryCollection","geometries":[{"type":"Polygon","arcs":[[12,-12,-11,17,18,-8,-7,-6,-5,-4]],"bbox":[-73.6569312302421,2.012215267657277,-70.50115222081274,2.924988241627294],"properties":{"dpto_ccdgo":"95","mpio_ccdgo":"001","mpio_cdpmp":"95001","dpto_cnmbr":"GUAVIARE","mpio_cnmbr":"SAN JOSÉ DEL GUAVIARE"}},{"type":"Polygon","arcs":[[19,-2,-1,-9,-19,20]],"bbox":[-73.66390796452843,0.8944285268797296,-72.29164763216858,2.191573025932893],"properties":{"dpto_ccdgo":"95","mpio_ccdgo":"015","mpio_cdpmp":"95015","dpto_cnmbr":"GUAVIARE","mpio_cnmbr":"CALAMAR"}},{"type":"Polygon","arcs":[[-10,13,14,21,-21,-18]],"bbox":[-72.99316317308474,1.6679161813635686,-69.99510710426826,2.431483926021544],"properties":{"dpto_ccdgo":"95","mpio_ccdgo":"025","mpio_cdpmp":"95025","dpto_cnmbr":"GUAVIARE","mpio_cnmbr":"EL RETORNO"}},{"type":"Polygon","arcs":[[15,16,-3,-20,-22]],"bbox":[-72.72623623049367,0.6554134852678857,-71.38884941420261,1.9992459934007467],"properties":{"dpto_ccdgo":"95","mpio_ccdgo":"200","mpio_cdpmp":"95200","dpto_cnmbr":"GUAVIARE","mpio_cnmbr":"MIRAFLORES"}}]}},"arcs":[[[2386607,1696982],[-216,-394],[-619,-459],[-211,-612],[141,-325],[440,-465],[59,-319],[0,-436],[-294,-696],[-59,-436],[-293,-668],[-881,-1015],[-206,-697],[0,-552],[147,-261],[704,-203],[176,-146],[177,-232],[293,-726],[117,-958],[-294,-813],[0,-348],[206,-436],[117,-812],[147,-233],[411,-203],[822,-639],[646,-842],[616,-348],[147,-581],[264,-494],[969,-1045],[616,-929],[88,-436],[-528,-609],[-59,-203],[29,-291],[235,-319],[617,-262],[205,-174],[441,-522],[352,-784],[264,-175],[440,-145],[353,-377],[646,-378],[411,-726],[440,-203],[470,145],[293,-29],[1087,-1336],[645,-639],[294,-958],[235,-116],[675,29],[440,-494],[499,-958],[147,-1422],[411,-1887],[675,-1365],[499,-552],[88,-348],[-30,-494],[176,-319],[705,-203],[264,-1],[1101,-793],[28,-307],[169,-306],[338,-334],[930,-641],[225,-278],[112,-390],[141,-167],[451,-195],[253,0],[507,-168],[591,-278],[536,55],[281,-278],[197,-474],[563,-696],[112,-2283],[1070,-1838],[1436,-1142],[423,-418],[394,-557],[816,-279],[2084,-1921],[1436,-1421],[197,-278],[591,-1894],[169,-195],[479,-84],[366,-167],[675,-557],[197,-445],[85,-947],[-57,-641],[-169,-389],[-28,-697],[84,-334],[592,-390],[112,-223],[0,-222],[-197,-474],[0,-1197],[-85,-306],[-620,-975],[-169,-752],[0,-946],[141,-307],[225,-195],[231,-430],[289,-221],[435,-512],[478,-136],[414,-294],[530,-17],[261,-145],[227,-694],[-148,27],[-93,-122],[-20,-583],[277,-401],[456,-234],[25,-95],[-129,-205],[268,-478],[242,-6],[204,127],[48,-274],[167,1],[183,149],[241,409],[350,-313],[43,-274],[63,-25],[235,232],[338,-75],[584,148],[649,4],[748,372],[200,-134],[-142,-381],[-220,-38],[-322,79],[-39,-51],[159,-196],[266,-35],[-396,-114],[218,-315],[229,-64],[219,224],[239,-214],[128,-7],[224,228],[285,88],[39,-76],[-127,-112],[76,-127],[390,15],[265,-89],[672,64],[88,-323],[301,276],[277,-51],[320,51],[-243,338],[59,93],[136,-30],[370,-187],[246,-279],[62,-365],[-260,-158],[-42,-123],[58,-83],[320,-56],[788,105],[80,-69],[-129,-299],[-354,-103],[-166,-165],[-44,-214],[372,-75],[229,144],[97,-66],[-54,-337],[-267,-57],[-211,-170],[-58,-207],[65,-155],[177,-16],[97,297],[167,116],[215,-181],[131,-555],[336,20],[87,-123],[14,-190],[-87,-36],[-389,196],[-181,-12],[123,-504],[398,-91],[76,-95],[-1,-147],[-165,-76],[-89,-246],[-75,-352],[52,-392],[115,-8],[221,203],[82,-70],[24,-250],[472,169],[315,-171],[232,-23],[112,101],[58,368],[250,357],[113,-17],[45,-220],[136,-105],[615,226],[70,-156],[-264,-288],[49,-247],[607,-129],[36,-111],[-162,-119],[73,-198],[885,-96],[202,91],[54,536],[-27,385],[-89,130],[-213,96],[27,179],[440,-86],[249,-411],[350,-108],[-28,-100],[-319,-131],[-12,-102],[78,-56],[560,81],[238,110],[256,267],[106,-11],[168,-315],[109,-592],[-339,-308],[-123,51],[-139,289],[-168,-47],[-49,-175],[-159,-155],[-8,-229],[247,-502],[643,-165],[481,208],[330,45],[129,-185],[-106,-173],[61,-100],[302,-44],[226,-150],[344,13],[165,-393],[311,89],[342,-109],[23,-171],[-454,-52],[-39,-194],[582,64],[369,-164],[50,-307],[-428,-441],[255,-416],[-103,-45],[-260,171],[-222,-28],[-85,-171],[20,-456],[168,-36],[436,323],[191,-193],[-46,-578],[138,46],[256,310],[155,-4],[93,-97],[-44,-593],[415,-561],[-98,-75],[-367,-1],[-93,-127],[387,-432],[106,-395],[-83,-130],[-564,287],[-89,-124],[75,-197],[493,-76],[288,-140],[295,68],[186,249],[82,-60],[15,-476],[-122,-23],[-264,122],[-249,-25],[-371,-381],[-6,-201],[192,-272],[989,-371],[627,-367],[-41,-125],[-384,-2],[6,-794],[-64,-101],[-240,-83],[52,-164],[265,-114],[525,151],[427,-66],[256,-860],[836,-620],[30,-173],[-225,-111],[-33,-120],[106,-82],[402,-25],[24,-821],[-103,-72],[-306,153],[-222,-2],[-75,-116],[63,-168],[173,-165],[255,-68],[648,130],[215,-224],[-18,-174],[-113,-90],[-653,7],[-43,-146],[99,-520],[-371,-389],[115,-181],[585,-269],[38,-149],[-207,-148],[-378,-85],[-369,-541],[-331,268],[-183,-122],[90,-238],[389,-423],[360,-179],[156,-538],[552,-221],[34,111],[-125,241],[39,172],[153,99],[263,-38],[378,-484],[-175,-391],[24,-148],[154,-98],[449,-32],[166,-153],[-59,-333],[-440,-136],[-134,-151],[-193,-1201],[-449,-133],[-160,-131],[85,-731],[194,-71],[850,51],[391,-409],[357,-65],[579,-460],[383,-138],[501,107],[154,128],[3,942],[68,107],[187,-145],[290,-503],[642,-55],[213,296],[214,-290],[324,-78],[211,-253],[145,-61],[103,251],[-150,333],[-5,239],[230,267],[269,2],[292,-529],[175,-21],[117,101],[-20,348],[-342,674],[23,156],[168,150],[167,-20],[374,-432],[172,-72],[138,81],[25,345],[99,35],[119,-744],[117,-141],[156,40],[202,240],[85,-9],[64,-623],[-78,-604],[421,-350],[-198,-529],[492,-285],[135,-161],[-80,-715],[-151,-334],[480,-253],[212,-451],[368,-79],[105,-139],[-699,-583],[-215,-497],[-20,-368],[310,-468],[30,-564],[-86,-486],[-306,-530],[-624,-16],[-166,-109],[37,-173],[165,-194],[641,-313],[53,-172],[-536,-396],[-381,130],[-173,-34],[-294,-702],[-115,70],[-175,419],[-124,50],[-167,-71],[-141,-415],[147,-800],[156,-296],[633,-229],[647,-365],[33,-634],[361,-298],[165,-4],[86,80],[-194,648],[32,217],[133,150],[228,-28],[244,-163],[142,-684],[79,-95],[240,85],[119,292],[134,124],[233,15],[71,-267],[-201,-480],[58,-410],[153,4],[594,427],[176,-20],[80,-142],[-42,-154],[-376,-264],[-79,-581],[428,-1319],[224,0],[436,425],[238,111],[118,-123],[247,-629],[-363,-330],[40,-240],[221,-22],[313,321],[296,107],[632,-117],[98,-186],[-88,-546],[-94,-124],[-707,213],[-296,-98],[-332,-1194],[-278,56],[-144,-100],[-36,-385],[115,-333],[744,318],[335,-20],[139,-169],[-181,-226],[-495,-67],[-195,-108],[-112,-383],[-573,-943],[254,-274],[17,-163],[-538,-95],[-565,213],[-389,6],[-147,-102],[-346,-798],[-645,127],[389,-589],[491,-304],[147,-200],[-99,-113],[-597,47],[-64,-108],[50,-157],[187,-96],[514,56],[835,-442],[211,-432],[430,-118],[-53,-125],[-332,-175],[-48,-123],[594,-430],[86,-235],[-111,-192],[-378,-137],[-163,-172],[-61,-329],[157,-376],[1166,-244],[107,259],[-51,251],[-534,-56],[-193,112],[-50,158],[98,96],[393,87],[481,5],[294,-91],[184,-197],[67,-248],[-129,-295],[52,-147],[331,-38],[500,91],[90,-156],[-249,-1335],[-463,-531],[-198,-53],[-106,143],[91,738],[115,302],[-197,92],[-496,-62],[-263,-115],[144,-669],[-58,-397],[-383,-29],[-629,164],[-195,-39],[-250,-179],[-98,-227],[-6,-333],[292,-1402],[-108,-99],[-192,-22],[-351,238],[-207,25],[-203,-205],[-75,-265],[144,-395],[173,-187],[156,85],[243,515],[328,43],[210,-127],[96,-271],[-112,-638],[90,-496],[-260,-283],[-26,-135],[316,-288],[756,-111],[298,-174],[73,-165],[-172,-404],[77,-143],[117,11],[230,226],[175,-27],[28,-318],[-206,-1363],[257,-304],[1676,-931],[864,621],[319,81],[673,-80],[301,-211],[430,-526],[170,-79],[190,95],[340,553],[208,-1],[143,-124],[40,-140],[-425,-685],[-123,-555],[23,-313],[390,-1241],[-125,-503],[105,-442],[-186,-222],[-251,-113],[-467,367],[-273,-32],[9,-862],[-142,-531],[92,-199],[186,-32],[153,363],[206,228],[1101,-30],[115,-855],[-502,-179],[-216,-155],[-83,-173],[57,-399],[397,-515],[655,18],[1302,-241],[503,-289],[1682,-376],[578,-456],[574,-221],[306,-489],[-5,-171],[-471,-305],[-480,-30],[-44,-123],[1071,-1826],[198,-176],[1447,-328],[511,-267],[1063,0],[396,-236],[196,-380],[663,446],[312,27],[106,-222],[-61,-652],[-927,-13],[-130,-127],[3,-259],[196,-234],[384,-120],[224,61],[465,340],[235,1],[68,-232],[-172,-759],[100,-144],[355,8],[684,199],[750,372],[193,-108],[98,-349],[153,-19],[938,824],[203,59],[212,-87],[39,-314],[-279,-351],[-147,-625],[14,-209],[166,-214],[724,-420],[1657,-1199],[191,-27],[125,71],[58,480],[84,143],[161,-14],[102,-268],[-79,-846],[-423,-641],[1,-445],[170,-274],[-18,-116],[-252,-37],[-378,150],[-145,236],[-119,606],[-236,107],[-378,-237],[-64,-393],[126,-180],[676,-277],[-54,-306],[-243,-108],[-641,302],[-324,-59],[16,-547],[348,-1004],[147,-7],[541,495],[806,492],[317,-55],[452,-368],[46,-188],[-78,-807],[-133,-85],[-344,55],[-95,-109],[456,-638],[-332,-193],[22,-121],[455,-299],[327,-406],[284,-209],[1800,-187],[489,-194],[1124,-762],[29,-158],[-89,-108],[-653,-90],[-656,318],[-350,-16],[-39,-355],[146,-509],[318,-609],[157,-158],[194,-89],[796,167],[948,-24],[738,-350],[298,-355],[470,-303],[156,-475],[259,-127],[347,27],[126,134],[83,493],[-129,406],[44,67],[163,-6],[307,-392],[90,-350],[177,-159],[327,-196],[435,-123],[546,21],[301,-191],[60,-307],[-271,-322],[-506,127],[-196,-123],[52,-229],[389,-461],[638,-292],[945,-217],[530,-374],[475,-127],[721,-367],[668,67],[243,-286],[166,-33],[281,174],[472,117],[595,347],[205,4],[14,-192],[-249,-413],[103,-652],[-151,-351],[163,-157],[423,-195],[215,-316],[-18,-174],[-219,-257],[-64,-274],[108,-1322],[123,-190],[503,-106],[169,-151],[20,-315],[-271,-233],[-60,-151],[126,-211],[552,-214],[728,245],[737,137],[758,33],[797,-98],[509,190],[179,-103],[174,-398],[-12,-182],[-200,-386],[74,-159],[198,-2],[358,349],[397,108],[363,-67],[309,-284],[333,-33],[323,202],[331,491],[480,-23],[88,60],[54,106],[-86,261],[146,154],[426,67],[112,-125],[24,-304],[-188,-1036],[-231,-308],[-319,-86],[-40,-164],[435,-607],[225,-184],[507,99],[574,-111],[91,121],[-129,513],[50,228],[235,133],[203,-39],[477,-371],[319,-485],[237,-206],[-42,-208],[-371,-199],[-153,-218],[72,-217],[380,-257],[-8,-460],[162,-22],[245,271],[221,23],[567,-496]],[[2509890,1527166],[114,-72],[0,-126],[-750,-815],[-724,-9],[-437,-258],[4,-175],[495,-448],[22,-380],[-525,-578],[-660,75],[-79,-120],[30,-196],[656,-779],[785,-784],[409,-303],[272,-359],[529,-340],[551,-582],[183,-85],[435,-606],[243,29],[353,296],[350,-40],[231,-549],[243,-223],[867,-348],[399,103],[234,-70],[462,-757],[183,29],[473,359],[272,-55],[67,-187],[-30,-296],[-216,-362],[168,-253],[674,549],[398,0],[160,-209],[-22,-267],[-376,-219],[-250,-308],[499,-607],[216,18],[384,406],[663,414],[864,113],[376,209],[246,673],[78,633],[190,344],[172,-22],[469,-516],[518,-1273],[164,-102],[368,-52],[589,-388],[961,483],[648,161],[748,330],[600,3],[183,-201],[197,114],[108,292],[160,84],[577,-102],[418,146],[137,-124],[0,-183],[-413,-362],[-313,-428],[56,-231],[968,22],[622,487],[306,-41],[52,-171],[-250,-498],[-41,-286],[26,-362],[131,-282],[205,-25],[413,413],[291,22],[562,-516],[93,-289],[563,-432],[-19,-431],[-205,-132],[-253,-40],[-283,62],[-183,337],[-152,124],[-269,29],[-186,-157],[75,-293],[547,-227],[816,-611],[-52,-241],[-250,-260],[-629,124],[-112,-14],[-67,-128],[74,-246],[775,-662],[-4,-219],[-692,-593],[-337,-172],[-834,-229],[-329,-220],[-635,-602],[-217,-404],[-1002,-763],[-440,0],[-232,-111],[-180,-1123],[217,-176],[322,-30],[216,125],[299,397],[1032,903],[269,29],[254,-95],[164,-301],[209,-889],[-209,-323],[-75,-851],[-485,-353],[-68,-198],[591,-323],[202,-15],[171,132],[195,617],[157,96],[373,-30],[299,-286],[0,-206],[-343,-360],[-329,-543],[-307,-257],[38,-279],[964,-235],[755,-661],[224,66],[508,419],[658,213],[321,-66],[516,-463],[172,-440],[530,-367],[97,-221],[-515,-1329],[-53,-1064],[90,-360],[142,-15],[478,345],[905,250],[702,580],[344,-81],[45,-528],[269,-155],[351,177],[516,602],[269,14],[82,-51],[8,-228],[-240,-565],[75,-162],[344,-212],[359,176],[142,690],[321,22],[105,-330],[-254,-1109],[485,-1241],[-15,-213],[-508,-220],[-523,7],[-217,169],[-261,624],[-254,162],[-382,-81],[-269,-162],[-164,-161],[-67,-309],[82,-124],[628,-140],[426,-205],[1450,-962],[523,-1080],[-135,-910],[67,-507],[120,-73],[239,59],[284,308],[112,675],[68,177],[209,191],[613,-59],[411,-213],[119,-191],[53,-316],[-202,-183],[-583,-250],[-8,-521],[68,-228],[882,-440],[403,-404],[478,-110],[808,-22],[201,66],[912,940],[1353,1182],[1136,-140],[560,-242],[419,-308],[209,-67],[157,44],[187,529],[329,360],[441,345],[433,73],[90,-168],[-434,-970],[-22,-249],[82,-272],[867,-727],[374,-220],[418,110],[269,-59],[90,-147],[-127,-418],[284,-264],[508,0],[762,235],[546,-155],[650,22],[194,-286],[60,-690],[112,-279],[247,-22],[471,139],[1039,500],[396,58],[314,-80],[164,-250],[-45,-294],[-276,-264],[-449,-213],[-74,-147],[-8,-147],[112,-154],[426,-191],[366,-29],[591,132],[336,198],[254,316],[508,-59],[0,-293],[-224,-301],[-680,-338],[-516,-345],[-67,-140],[187,-639],[419,-653],[837,-698],[328,-124],[479,22],[650,301],[897,888],[1121,1344],[710,528],[814,235],[524,-492],[508,147],[269,323],[164,757],[1338,947],[187,51],[508,-66],[187,-206],[-396,-1299],[104,-250],[142,-51],[658,59],[568,168],[897,1014],[60,411],[261,103],[150,-66],[284,-485],[164,-551],[-30,-521],[-306,-565],[37,-375],[314,-139],[336,80],[367,1146],[680,587],[74,544],[-261,682],[37,191],[254,162],[740,154],[613,675],[673,45],[119,110],[-30,242],[-373,360],[-38,213],[269,271],[329,155],[336,58],[165,-80],[643,-1080],[418,-205],[785,-118],[90,-117],[-45,-301],[-449,-500],[45,-183],[314,-37],[665,404],[314,59],[389,-213],[142,-411],[164,-177],[1002,-279],[104,81],[381,947],[531,830],[97,756],[381,264],[389,147],[164,206],[-67,198],[-486,59],[-202,176],[-22,360],[194,389],[247,184],[239,-8],[546,-521],[157,-59],[254,59],[52,147],[-30,499],[-254,360],[-284,235],[-404,-37],[-485,-250],[-225,-7],[-276,110],[-172,463],[-7,624],[74,264],[142,125],[486,51],[344,-73],[598,-191],[583,-294],[523,-66],[344,66],[792,617],[276,37],[352,-132],[59,-360],[-104,-228],[-919,-580],[-479,-646],[-217,-602],[-7,-257],[0,-205],[194,-206],[307,95],[164,147],[740,911],[277,235],[186,88],[920,88],[134,125],[90,1116],[-747,1270],[-613,1314],[-322,404],[-343,881],[-852,1358],[-8,206],[150,264],[470,37],[576,-374],[276,-375],[150,-110],[187,-15],[388,81],[546,470],[403,213],[127,301],[-239,947],[-620,448],[-127,279],[15,176],[157,154],[837,581],[149,-15],[217,-213],[60,-330],[-45,-860],[150,-381],[142,-88],[1636,396],[471,-73],[404,-206],[231,29],[187,470],[67,551],[150,242],[448,103],[516,-257],[247,15],[216,161],[419,823],[441,191],[665,36],[164,-191],[105,-675],[105,-52],[314,74],[612,1182],[598,764],[150,411],[30,1277],[89,265],[583,609],[247,742],[-52,381],[-479,581],[-30,279],[97,110],[426,124],[845,-14],[1039,-287],[224,-367],[22,-741],[310,-191],[363,66],[882,367],[366,492],[-45,374],[-740,463],[0,154],[113,103],[538,-37],[635,-382],[194,22],[284,485],[277,1212],[680,1262],[202,669],[37,470],[224,332],[466,416],[135,316],[-1267,2090],[-41,428],[104,1010],[145,326],[1131,255],[436,-31],[218,-102],[706,-764],[384,-133],[851,805],[456,276],[218,-10],[384,-306],[52,-163],[-145,-826],[156,-367],[145,-92],[1214,30],[612,-448],[457,0],[394,214],[104,153],[229,775],[685,306],[290,224],[177,296],[114,622],[342,132],[706,-102],[311,-245],[31,-173],[-186,-907],[83,-429],[103,-152],[395,152],[633,816],[228,112],[260,469],[487,541],[592,448],[477,592],[353,622],[415,122],[509,20],[477,-234],[529,-581],[447,-184],[249,0],[197,51],[301,316],[73,204],[-32,846],[301,72],[623,-31],[882,-530],[239,41],[21,326],[-291,785],[-716,1132],[-1100,642],[-93,123],[10,458],[322,541],[456,234],[571,123],[882,-41],[156,71],[384,286],[0,326],[-1650,1213],[-457,133],[-218,-51],[-322,-357],[-425,-918],[-353,-163],[-207,31],[-333,255],[-134,295],[-94,857],[83,601],[94,164],[965,897],[508,92],[1381,-806],[1297,-907],[1411,-1326],[280,-81],[281,224],[218,418],[-42,540],[-363,663],[-353,928],[-488,1825],[52,306],[426,438],[-156,1275],[-125,2223],[-103,132],[-1578,479],[-2387,143],[-716,-133],[-716,-336],[-654,-969],[-218,-51],[-280,184],[-228,530],[-21,653],[-114,407],[-21,235],[176,398],[685,367],[550,61],[364,-31],[1370,-703],[550,51],[269,265],[-72,601],[52,265],[633,1061],[10,632],[-259,326],[-1028,327],[-571,305],[-228,266],[-249,632],[-394,662],[-208,153],[-508,174],[-706,71],[-135,143],[-21,448],[156,510],[519,459],[882,51],[934,-398],[446,92],[862,337],[633,387],[218,255],[197,969],[124,132],[353,143],[343,-41],[218,-112],[415,-479],[519,-398],[394,-846],[1079,-102],[1204,41],[446,754],[312,948],[-83,296],[-1017,724],[-2387,1376],[-1941,1244],[-311,276],[-218,356],[-249,806],[-42,500],[114,978],[-259,581],[-363,541],[-63,296],[115,1131],[-42,683],[405,1142],[405,306],[301,41],[747,-82],[2874,-1101],[1402,-183],[155,10],[218,285],[104,633],[-104,1182],[-145,357],[0,1397],[-166,806],[-135,265],[-384,346],[-799,225],[-1142,142],[-145,92],[-104,398],[228,448],[509,123],[218,-82],[799,-663],[353,-203],[768,-245],[1785,41],[654,-225],[1100,-1080],[467,-255],[467,10],[903,285],[467,-71],[321,-388],[146,-346],[342,-1479],[260,-30],[467,357],[176,418],[31,1774],[104,326],[446,663],[509,408],[218,102],[726,10],[208,173],[259,1336],[-332,968],[-405,551],[-446,245],[-1152,132],[-290,184],[-104,326],[72,163],[395,377],[373,123],[2657,265],[2501,897],[685,0],[291,-153],[207,-224],[665,-1264],[384,-266],[2345,500],[405,-10],[778,-551],[405,-163],[830,500],[1692,1427],[633,153],[695,-61],[114,-82],[104,-560],[395,-857],[-218,-336],[-582,-490],[-425,-520],[-799,-1203],[-426,-1091],[83,-357],[-228,-1029],[-249,-2029],[10,-714],[229,-714],[1027,-1101],[727,-938],[996,-1009],[737,-1010],[519,-377],[269,-112],[2097,-265],[1671,-724],[705,61],[333,122],[1286,857],[291,357],[675,1488],[134,153],[125,490],[-73,224],[-508,846],[-395,377],[-124,214],[0,164],[197,336],[913,785],[986,571],[426,61],[820,-520],[1795,-815],[384,-41],[311,306],[73,224],[-41,163],[-955,744],[-540,592],[-550,744],[-301,704],[-10,265],[104,316],[1110,1794],[0,194],[-145,255],[-415,1325],[-125,908],[228,1417],[542,866]],[[2661466,1571630],[372,205],[851,275],[923,112],[934,-214],[903,-336],[1619,-245],[1028,-275],[1359,-571],[519,-317],[353,-336],[602,-836],[166,-591],[-10,-1020],[-416,-1611],[42,-449],[166,-193],[1702,-21],[2626,153],[1888,0],[758,-112],[467,-183],[332,-215],[467,-520],[166,-305],[177,-1173],[270,-826],[352,-448],[301,-113],[1017,72],[291,214],[809,1570],[250,673],[861,3956],[-73,367],[-695,1326],[-10,499],[124,204],[436,204],[623,-82],[747,-295],[291,-214],[134,-215],[73,-999],[73,-255],[270,-336],[-42,-530],[83,-1101],[218,-847],[1110,-836],[955,-887],[291,-499],[0,-531],[-332,-244],[-104,-194],[-42,-387],[83,-266],[540,-856],[3726,-3732],[477,-367],[509,-255],[1328,-224],[1941,-92],[747,-204],[706,-244],[4006,-1907],[425,-367],[218,-398],[11,-1458],[249,-448],[726,-429],[509,-112],[809,255],[737,-51],[861,-275],[976,-1723],[1640,-1224],[488,-846],[363,-418],[999,-887],[636,-699],[1563,-990],[614,-261],[1642,-469],[1295,-725],[1500,-444],[1698,-110],[783,-131],[1671,-526],[489,-293],[502,-426],[1097,-1327],[254,-1297],[285,-310],[230,-122],[855,-116],[843,213],[291,171],[880,1065],[304,189],[508,164],[365,25],[1395,-195],[1196,-597],[737,152],[353,-73],[180,43],[372,493],[861,1461],[267,262],[458,207],[354,25],[607,-25],[595,-225],[273,85],[210,225],[347,920],[261,176],[1388,-499],[1066,-487],[1096,-67],[255,-152],[18,-761],[236,-1041],[-56,-1096],[49,-207],[409,-432],[298,-615],[793,-841],[694,-365],[223,-286],[539,-225],[298,-597],[514,-627],[19,-390],[1270,-560],[1419,-1327],[193,-225],[883,-1590],[902,-1168],[164,-362],[102,-604],[82,-2275],[410,-1007],[1968,-1993],[1086,-967],[3211,-1664],[561,-392],[323,-420],[76,-383],[-71,-448],[-884,-2199],[-428,-513],[-684,-350],[-1022,-691],[-242,-383],[24,-243],[133,-256],[1482,-2022],[756,-1965],[261,-397],[302,-764],[1515,-1046],[773,-136],[414,82],[773,-488],[718,-217],[2015,135],[469,-108],[248,-299],[0,-759],[-110,-380],[-911,-2061],[-221,-1383],[-607,-1573],[-525,-1030],[-1325,-1818],[-828,-1708],[55,-895],[166,-326],[497,-81],[359,-244],[607,-81],[773,-27],[387,135],[496,0],[2071,-190],[331,271],[110,353],[359,298],[249,109],[359,380],[1877,1247],[966,868],[966,1139],[580,461],[1076,-54],[1187,-1139],[1491,-678],[525,-570],[27,-732],[-165,-868],[-304,-624],[-414,-1573],[-442,-759],[-635,-814],[-165,-515],[27,-1003],[221,-977],[221,-407],[1215,-1518],[690,-977],[248,-542],[230,-202],[769,-1069],[595,-631],[118,-512],[-111,-651],[-359,-406],[-303,-272],[-1905,-840],[-525,-353],[-110,-597],[110,-434],[846,-1494],[1639,-2157],[699,-607],[378,-491],[358,-1759],[28,-516],[304,-624],[359,-244],[800,82],[773,325],[1021,949],[414,1356],[221,1085],[-55,407],[-800,1465],[-1049,1193],[-470,651],[-193,488],[-83,515],[111,977],[138,406],[248,380],[635,434],[745,81],[1850,-461],[883,82],[332,135],[1214,1194],[773,352],[607,136],[718,-55],[745,-216],[1022,-977],[938,-1329],[304,-895],[138,-949],[0,-1329],[-635,-1383],[-414,-488],[-359,-271],[-441,-27],[-967,-245],[-496,-542],[-773,-1763],[-166,-596],[28,-814],[358,-976],[1187,-1329],[194,-461],[690,-868],[1518,-1410],[111,-353],[220,-325],[28,-787],[-745,-570],[-3065,217],[-1076,-27],[-1463,-759],[-442,-434],[-138,-542],[28,-624],[1262,-1417],[1839,-2569],[1103,-2005],[249,-582],[7,-191],[489,-1037],[213,-267],[3587,-3238],[3203,-2098],[1105,-38],[582,114],[408,286],[252,286],[174,457],[39,1868],[-39,705],[-194,686],[-614,435],[-768,799],[-1056,1571],[-260,1073],[37,481],[131,272],[354,198],[557,25],[3578,-771],[1192,-444],[713,-622],[619,-913],[567,-1472],[318,-1301],[279,-565],[1342,-1852],[440,-337],[728,-305],[2113,-1917],[239,-348],[1286,-2964],[58,-419],[-39,-706],[-175,-324],[-465,-1982],[-330,-838],[-291,-477],[-504,-590],[-446,-858],[-311,-1582],[-58,-667],[78,-591],[348,-469],[558,-443],[1618,-1735],[667,-561],[1488,-911],[1287,-545],[1599,-62],[466,114],[795,496],[892,1734],[990,3983],[271,705],[310,534],[369,305],[1187,-16],[909,-300],[1652,-783],[403,-457],[631,-1000],[1799,-1774],[596,61],[757,305],[427,286],[427,762],[38,705],[-58,362],[-230,756],[-1280,1398],[-123,293],[-25,316],[74,383],[282,386],[251,199],[381,109],[721,-42],[490,-237],[2609,-2552],[1248,-1355],[898,-454],[853,57],[1087,1086],[310,515],[252,896],[0,895],[136,705],[0,572],[194,419],[349,401],[1048,819],[640,95],[466,-228],[1668,-1430],[291,-724],[-39,-419],[-97,-324],[-330,-553],[-330,-362],[-135,-457],[77,-858],[815,-1448],[1145,-1220],[543,-1124],[911,-1068],[621,-419],[1649,-800],[873,-286],[1532,-267],[738,191],[523,247],[1242,1144],[368,190],[932,0],[426,-343],[505,-724],[1319,-1239],[524,-609],[407,-629],[194,-515],[640,-1124],[175,-572],[19,-1124],[-718,-2878],[-407,-839],[-543,-648],[-912,-438],[-912,38],[-970,-76],[-1067,-458],[-291,-362],[0,-362],[117,-248],[562,-533],[447,-210],[1532,134],[1125,-172],[1474,153],[1746,-20],[2619,-571],[698,19],[912,209],[1145,572],[2424,1410],[935,267],[35,96]],[[3148512,2063971],[-267,197],[-483,173],[-613,87],[-702,0],[-964,-217],[-1228,-779],[-1315,-1343],[-1140,-606],[-789,-303],[-1009,-130],[-920,130],[-1885,736],[-658,649],[-1622,2382],[-439,520],[-658,1342],[-1183,1386],[-1184,1732],[-570,347],[-307,0],[-438,-217],[-307,-433],[0,-1342],[131,-780],[527,-1732],[-88,-1646],[-526,-909],[-614,-650],[-1447,-1126],[-1139,-390],[-702,43],[-438,217],[-307,260],[-570,649],[-1798,1603],[-395,692],[-1096,1429],[-438,953],[-570,1732],[-702,996],[-570,347],[-789,216],[-439,217],[-657,130],[-614,-693],[-263,-693],[0,-910],[-482,-1082],[-658,-477],[-1096,-346],[-2674,346],[-614,0],[-789,-260],[-1578,-1386],[-395,-780],[-394,-1039],[-657,-3205],[-570,-563],[-526,-303],[-1535,-347],[-2192,-260],[-1841,-520],[-1271,86],[-658,217],[-702,866],[-175,563],[0,563],[219,1126],[0,563],[-351,1342],[-351,693],[-877,736],[-658,260],[-789,87],[-745,-174],[-877,-650],[-613,-606],[-833,-1126],[-614,-1126],[-1227,-1300],[-526,-346],[-1666,0],[-1491,346],[-1710,649],[-1052,693],[-439,563],[-175,563],[-176,1905],[44,1862],[232,2532],[-215,2509],[-164,606],[-643,1614],[-812,1353],[-667,670],[-846,448],[-598,218],[-1434,58],[-1106,-135],[-878,3],[-1057,-349],[-650,-459],[-402,-1025],[-358,-1373],[89,-938],[630,-1274],[837,-2048],[106,-620],[-87,-458],[-2127,-4931],[-1013,-2139],[-1274,-2000],[-766,-1015],[-570,-536],[-912,-288],[-1197,75],[-786,531],[-381,517],[-130,440],[38,638],[339,1377],[322,2179],[-106,941],[-489,1820],[-954,1068],[-1466,623],[-787,43],[-1568,-284],[-2270,-1172],[-222,-207],[-139,-289],[-79,-625],[172,-934],[252,-577],[810,-1369],[95,-443],[-764,-3713],[-468,-1504],[-339,-712],[-814,-1353],[-586,-752],[-420,-228],[-467,17],[-862,413],[-953,571],[-1016,764],[-1512,2029],[-1401,731],[-1027,993],[-784,993],[-495,398],[-1423,702],[-939,191],[-796,67],[-442,166],[-1407,751],[-2170,1603],[-2096,1698],[-1327,1360],[-1268,1125],[-137,241],[-149,878],[-187,266],[-606,78],[-447,-140],[-578,-554],[-373,-700],[-87,-615],[247,-2831],[698,-1924],[421,-1844],[111,-1097],[-34,-1261],[-655,-1600],[-499,-394],[-848,-443],[-913,-285],[-717,-9],[-1089,253],[-673,412],[-597,526],[-1290,1634],[-745,2072],[-265,380],[-432,237],[-361,47],[-769,332],[-4351,1305],[-1250,165],[-1429,448],[-2327,71],[-408,-203],[-618,-733],[-846,-1799],[-322,-494],[-882,-1001],[-454,-831],[-461,-435],[-896,-346],[-546,40],[-910,306],[-1252,694],[-1268,950],[-1882,855],[-1074,295],[-1495,547],[-777,179],[-793,57],[-1275,-99],[-439,-180],[-219,-429],[57,-617],[240,-589],[993,-1024],[1119,-613],[234,-203],[1069,-1378],[328,-719],[63,-464],[-126,-458],[-502,-990],[-429,-468],[-1035,-411],[-942,-111],[-1112,156],[-1705,406],[-746,277],[-832,464],[-463,119],[-318,6],[-1094,-220],[-1274,64],[-943,-156],[-1917,-958],[-1718,-476],[-686,-458],[-760,-649],[-845,-1072],[-208,-397],[-196,-505],[-123,-1083],[-282,-482],[-196,-132],[-793,-458],[-1369,-634],[-724,-178],[-749,-76],[-1730,-25],[-956,177],[-2195,610],[-2609,152],[-258,152],[-388,533],[-52,406],[52,812],[129,482],[1524,2335],[233,609],[1291,1471],[517,1422],[206,913],[801,1776],[78,457],[-26,1218],[-181,482],[-388,559],[-671,685],[-543,203],[-749,152],[-1446,101],[-1756,-203],[-956,-279],[-310,-279],[-517,-1446],[-25,-609],[206,-1447],[52,-1421],[-52,-634],[-206,-685],[-646,-1117],[-1266,-1522],[-1188,-838],[-956,-25],[-904,304],[-620,381],[-1678,1345],[-879,533],[-697,685],[-775,609],[-3900,2664],[-878,1422],[-362,761],[-516,1421],[-414,812],[-981,1675],[-594,786],[-1989,1929],[-726,487],[-1418,1213],[-568,127],[-1240,25],[-930,-228],[-362,-279],[-413,-838],[-51,-659],[51,-635],[78,-685],[413,-1066],[1886,-2842],[154,-533],[155,-1700],[440,-888],[-104,-609],[-26,-990],[-155,-913],[-129,-508],[-723,-1243],[-697,-761],[-594,-939],[-1111,-2868],[-723,-939],[-1705,-1827],[-827,-1116],[-361,-153],[-1395,127],[-465,279],[-336,457],[-155,482],[78,2005],[-78,1878],[1085,2461],[362,1802],[77,1040],[0,1218],[-103,812],[-181,609],[-542,1244],[-465,736],[-465,533],[-956,659],[-1265,559],[-879,279],[-2221,482],[-1808,254],[-981,76],[-930,-51],[-1008,-101],[-2169,-406],[-2454,-635],[-2635,-431],[-568,-279],[-103,-330],[0,-279],[103,-229],[258,-279],[465,-76],[465,0],[1343,305],[1602,761],[1291,203],[956,-26],[672,-152],[413,-152],[387,-254],[233,-279],[361,-533],[233,-533],[181,-1142],[310,-355],[232,-990],[-78,-558],[-206,-634],[-919,-1856],[-433,-1514],[-589,-941],[-499,-392],[-615,-131],[-945,169],[-1376,405],[-2840,1042],[-630,67],[-1759,-33],[-950,-89],[-1094,-224],[-1520,-475],[-1091,-228],[-2452,-695],[-1882,-848],[-1666,-536],[-1866,-153],[-1011,-496],[-3072,-573],[-3771,153],[-2320,1007],[-2024,434],[-2682,-365],[-1197,-10],[-469,-84],[-759,-255],[-741,-459],[-1304,-1041],[-917,-878],[-2291,-3024],[-1999,-3055],[-253,-155],[-256,33],[-213,209],[-811,1557],[-279,1226],[-600,1959],[-888,1500],[-612,489],[-855,436],[-1040,405],[-1223,360],[-1098,181],[-2075,63],[-946,-118],[-1876,-393],[-450,-149],[-827,-477],[-1195,-444],[-1478,-929],[-1295,-609],[-1327,-541],[-1247,-260],[-1353,63],[-1417,226],[-2514,997],[-3014,1029],[-714,346],[-807,508],[-3193,2354],[-573,548],[-721,857],[-232,563],[-37,1591],[-197,757],[-399,861],[-766,1192],[-2093,5280],[-313,546],[-675,881],[-1647,1488],[-673,417],[-893,355],[-2357,139],[-717,-473],[-298,-545],[-191,-772],[-223,-1720],[-32,-1415],[-98,-463],[-447,-1010],[-685,-653],[-469,-89],[-637,43],[-2044,340],[-408,159],[-747,77],[-2107,753],[-2491,1213],[-1532,460],[-1043,84],[-1980,-272],[-1256,-523],[-1575,-920],[-575,-628],[-489,-899],[-490,-1505],[-64,-900],[64,-815],[-468,-1422],[-128,-1380],[-404,-1548],[149,-1485],[553,-1840],[-213,-2740],[86,-648],[127,-293],[298,-313],[3342,-2865],[447,-293],[490,-188],[511,-460],[213,-251],[553,-1360],[277,-334],[170,-753],[-34,-975],[-188,-836],[-550,-1307],[-810,-1354],[-1022,-748],[-1647,-604],[-1112,24],[-1821,569],[-1317,571],[-679,402],[-3006,2341],[-1014,942],[-1354,2020],[-516,1653],[-575,1150],[-319,397],[-1341,1004],[-426,586],[-788,2404],[-213,335],[-361,356],[-894,543],[-980,398],[-425,104],[-894,0],[-1554,-564],[-532,-398],[-405,-355],[-1107,-1548],[-149,-564],[-64,-670],[43,-355],[192,-460],[1447,-2050],[362,-794],[106,-439],[-42,-711],[-253,-1737],[-107,-279],[-719,-654],[-1170,-1499],[-1079,-658],[-2497,-1054],[-758,-229],[-958,17],[-1239,301],[-1053,961],[-869,1505],[-539,1302],[-552,1856],[-255,377],[-894,732],[-1171,543],[-553,168],[-447,0],[-931,-187],[-1411,-441],[-3299,-230],[-766,-418],[-1639,-1108],[-1284,-1475],[-449,-69],[-884,-363],[-1119,-621],[-627,-478],[-2215,-3459],[-965,-1810],[-983,-1621],[-2101,-2771],[-2969,-3290],[-2643,-1755],[-2518,-1355],[-306,-72],[-806,-6],[-1583,1047],[-1305,1156],[-523,358],[-2830,1443],[-612,177],[-531,8]],[[2747234,2022679],[-385,-170],[-1346,-1108],[-746,-262],[-1903,-178],[-2544,151],[-2712,-43],[-465,-96],[-378,-278],[-231,-754],[30,-631],[104,-297],[543,-572],[858,-421],[236,-210],[563,-1476],[54,-464],[-83,-2362],[150,-1724],[-167,-1088],[-484,-990],[-784,-991],[-891,-662],[-451,-151],[-1258,-226],[-827,-467],[-926,-240],[-625,70],[-3275,719],[-3149,482],[-759,237],[-1339,857],[-998,1009],[-656,445],[-2967,1147],[-1098,191],[-1040,-399],[-225,-210],[-135,-265],[-45,-618],[427,-1424],[371,-1656],[79,-695],[-248,-563],[-213,-199],[-629,-431],[-394,-154],[-1011,-77],[-281,-254],[-393,-166],[-573,-55],[-870,280],[-952,-26],[-978,304],[-927,177],[-205,152],[-335,75],[-669,-75],[-541,-430],[-875,-961],[-283,-430],[-180,-455],[-77,-936],[51,-935],[129,-405],[438,-455],[694,-354],[773,-151],[1595,-51],[901,-405],[360,-328],[335,-708],[51,-481],[-77,-556],[-283,-885],[-283,-379],[-622,-427],[-1098,-437],[-776,-1],[-1729,207],[-1023,-106],[-1164,-245],[-988,-385],[-951,-628],[-775,-1047],[-281,-1046],[72,-1359],[850,-2300],[815,-2906],[178,-1324],[39,-3207],[178,-1603],[-281,-1151],[-528,-767],[-952,-489],[-1276,-140],[-1212,147],[-797,220],[-234,122],[-214,244],[-189,417],[-62,1440],[658,2732],[64,751],[-146,1335],[-442,1649],[-273,584],[-675,961],[-422,439],[-654,459],[-654,272],[-823,231],[-697,42],[-718,189],[-569,334],[-845,252],[-591,21],[-528,-145],[-444,-375],[-1269,-1668],[-1502,-2335],[-507,-583],[-2114,-1625],[-444,-521],[-254,-605],[41,-1169],[905,-2880],[168,-855],[-22,-772],[-255,-876],[-360,-688],[-697,-521],[-760,-375],[-845,-228],[-803,-41],[-1182,101],[-610,260],[-407,473],[-172,444],[-97,1082],[341,2608],[-20,939],[-252,1168],[-547,1670],[-83,1460],[-126,647],[-232,564],[-400,605],[-1160,1525],[-1202,856],[-866,335],[-823,189],[-1373,147],[-675,-41],[-2324,-581],[-760,-354],[-761,-625],[-613,-646],[-529,-751],[-614,-1668],[-360,-647],[-550,-688],[-571,-896],[-890,-2545],[-359,-792],[-698,-980],[-1078,-1042],[-1205,-833],[-1564,-1334],[-1035,-771],[-1014,-312],[-2323,24],[-1288,168],[-1499,293],[-1372,440],[-760,460],[-759,626],[-1414,962],[-4622,2195],[-507,334],[-506,523],[-422,605],[-442,1273],[-147,689],[-104,1252],[-169,543],[-253,688],[-207,324],[-657,720],[-570,377],[-633,271],[-1246,252],[-1688,100],[-1112,-134],[-504,-196],[-556,-342],[-2163,-1521],[-1785,-1056],[-1060,-507],[-2592,-1013],[-420,-269],[-399,-290],[-903,-891],[-1681,-1947],[-1564,-1201],[-515,-518],[-638,-352],[-580,-518],[-2098,-340],[-409,167],[-700,0],[-1546,-1004],[-378,-342],[-609,-217],[-860,-61],[-242,-104],[-273,-269],[-673,-1399],[-399,-404],[-556,-341],[-514,-83],[-1070,126],[-462,156],[-1056,678],[-684,255],[-568,-18],[-681,-145],[-590,-327],[-939,-854],[-443,-563],[-387,-964],[-19,-510],[110,-582],[606,-1056],[478,-1310],[73,-819],[-38,-764],[-166,-800],[-424,-782],[-1088,-1364],[-1216,-981],[-1490,-585],[-904,-13],[-1411,202]],[[2597813,1960274],[-1093,-54],[-737,-228],[-544,-370],[-726,-713],[-1186,-1659],[-321,-658],[-307,-1083],[14,-617],[-111,-987],[167,-987],[195,-246],[224,-549],[390,-425],[586,-192],[796,165],[488,795],[795,1056],[726,603],[675,56],[996,-117],[453,-139],[234,-235],[388,-779],[585,-816],[570,-1247],[80,-1213],[215,-882],[434,-1321],[193,-301],[2,-1182],[-317,-1372],[-340,-574],[-1483,-1371],[-150,-85],[-745,170],[-1646,1292],[-496,601],[-710,407],[-751,640],[-204,435],[-529,736],[-482,448],[-367,144],[-747,111],[-896,-59],[-710,-308],[-616,-424],[-571,-488],[-485,-572],[-447,-834],[-363,-1662],[-40,-759],[145,-660],[429,-460],[1472,-916],[452,-693],[78,-533],[-498,-885],[-273,-206],[-560,117],[-308,141],[-273,267],[-517,324],[-970,440],[-523,117],[-588,-17],[-471,-304],[-402,96],[-833,-39],[-645,-181],[-617,-531],[-661,-1141],[-665,-582],[-1725,-850],[-3839,-2194],[-2321,-2238],[-499,-328],[-833,-821],[-569,-732],[-497,-922],[-285,-370],[-923,-581],[-599,-70],[-274,111],[-111,220],[-222,1223],[-326,3209],[-258,1127],[-782,985],[-744,484],[-632,-10],[-308,-189],[-206,-212],[-753,-1588],[-491,-539],[-741,-539],[-626,-292],[-463,-34],[-542,36],[-790,227],[-1373,-46],[-894,-557]],[[2560045,1931289],[-434,-645],[-423,-1520],[-382,-685],[-918,-618],[-1322,-543],[-632,-477],[-421,-471],[-1074,-1748],[-1437,-1685],[-1298,-1161],[-2461,-1741],[-643,-1078],[-373,-293],[-292,-123],[-316,-17],[-614,165],[-270,372],[-142,613],[18,314],[239,741],[-544,2452],[-335,1050],[-277,2024],[-248,401],[-224,223],[-680,409],[-606,171],[-1092,-217],[-553,-308],[-763,-219],[-476,-260],[-1215,-1015],[-701,-853],[-183,-435],[-108,-620],[141,-769],[187,-249],[655,-446],[2644,-1098],[962,-549],[519,-592],[276,-737],[41,-310],[-155,-608],[-282,-378],[-398,-260],[-1077,-270],[-555,6],[-910,285],[-784,133],[-1261,-153],[-409,-240],[-2201,-1815],[-1003,-1008],[-683,-401],[-764,-213],[-556,-22],[-1082,241],[-615,498],[-494,804],[-35,1571],[234,1715],[156,611],[615,1621],[135,614],[-43,1571],[-245,578],[-224,222],[-866,390],[-1428,82],[-461,-115],[-1476,-610],[-775,-542],[-236,-583],[-209,-919],[-464,-823],[-126,-96],[-724,-321],[-1246,-255],[-1030,-424],[-929,-599],[-624,-102],[-1478,565],[-2142,17],[-743,280],[-391,267],[-129,605],[137,611],[371,510],[927,862],[500,803],[104,295],[-82,621],[-420,663],[-597,514],[-467,63],[-390,-257],[-1072,-2622],[-952,-1637],[-369,-290],[-1072,-288],[-2051,270],[-1113,-27],[-1038,-399],[-1016,-873],[-1719,-825],[-489,-135],[-1036,58],[-1016,-154],[-1680,173],[-156,-134],[-137,-500],[78,-787],[274,-441],[390,-422],[723,-442],[1192,-77],[1192,192],[977,384],[1290,58],[625,-19],[469,-116],[449,-249],[372,-346],[586,-1055],[176,-500],[117,-1036],[19,-2150],[-19,-326],[-352,-1018],[-488,-633],[-430,-250],[-848,-44],[-587,230],[-1810,1769],[-1033,734],[-2142,603],[-951,27],[-1078,-269],[-2634,-1471],[-694,-648],[-795,-978],[-1390,-1055],[-1320,-1139],[-1440,-985],[-462,-65],[-361,155],[-831,952],[-1236,988],[-1288,1600],[-719,1401],[-1295,1587],[-710,355],[-612,170],[-1741,-137],[-1177,-469],[-403,-481],[-147,-446],[16,-470],[117,-292],[1346,-1550],[289,-559],[126,-454],[-344,-1853],[-637,-1265],[-513,-602],[-597,-520],[-972,-530],[-792,-235],[-1684,-86],[-1121,-296],[-1041,-395],[-235,-21],[-276,155],[-468,630],[-274,1229],[41,781],[584,922],[775,551],[1024,428],[908,632],[940,1631],[134,615],[44,721],[-232,1873],[-159,445],[-327,539],[-337,332],[-1821,1273],[-615,132],[-1110,-87],[-2834,-1049],[-705,-106],[-402,-247],[-178,-259],[-75,-463],[63,-1101],[188,-1245],[27,-1101],[158,-605],[-269,-2028],[64,-1256],[-57,-1101],[-134,-614],[-219,-419],[-513,-600],[-521,-358],[-757,-231],[-1591,-44],[-1656,547],[-799,517],[-317,346],[-131,929],[218,585],[302,365],[1231,994],[815,964],[65,940],[-100,620],[-230,585],[-412,478],[-666,425],[-1186,458],[-3356,524],[-1236,289],[-623,-108],[-1879,-856],[-601,-516],[-423,-665],[-158,-445],[-20,-470],[455,-1994],[22,-785],[-214,-1718],[-159,-444],[-262,-394],[-691,-648],[-588,-230],[-1269,43],[-860,400],[-650,688],[-496,983],[-116,617],[8,1100],[711,1748],[466,637],[993,1021],[279,566],[548,1477],[36,470],[-86,782],[-336,1213],[-873,2197],[-227,918],[-643,1609],[-452,831],[-351,316],[-446,160],[-1207,-91]],[[2448724,1919939],[-1987,-531],[-581,-254],[-175,-253],[-30,-628],[103,-621],[414,-1356],[356,-703],[261,-743],[98,-1087],[348,-1047],[1062,-2284],[251,-742],[69,-466],[-128,-1091],[-239,-582],[-277,-384],[-830,-734],[-595,-222],[-778,-166],[-1185,87],[-427,208],[-220,227],[-345,700],[-87,2990],[-258,740],[-713,1042],[-455,437],[-711,347],[-949,105],[-767,-194],[-1432,-690],[-1482,-566],[-1191,84],[-1026,-55],[-783,144],[-741,269],[-1414,-227],[-724,-318],[-340,-329],[-381,-690],[-106,-932],[116,-455],[695,-1236],[227,-587],[78,-1097],[-84,-301],[-467,-631],[-410,-242],[-598,-214],[-785,-91],[-615,165],[-426,212],[-593,519],[-113,446],[245,910],[734,1216],[342,881],[55,467],[-94,1097],[-348,703],[-1042,1186],[-1006,2142],[-336,1856],[-119,2827],[-502,797],[-532,344],[-604,189],[-620,-98],[-626,-481],[-365,-514],[-221,-589],[-418,-670],[-521,-602],[-390,-275],[-2500,-1022],[-1222,-340],[-1367,-816],[-226,-217],[-1037,-1589],[-963,-1253],[-702,-637],[-1026,-432],[-870,-73],[-1720,330],[-1053,360],[-378,290],[-273,383],[-751,1912],[-6,469],[233,583],[1274,1619],[116,285],[18,476],[-576,2775],[-447,647],[-453,138],[-473,-52],[-1249,-1637],[-1586,-1049],[-2759,-774],[-2228,-70],[-749,-258],[-593,-524],[-1395,-1511],[-901,-648],[-1191,-1273],[-293,-730],[-40,-625],[162,-932],[393,-685],[891,-902],[272,-162],[585,-249],[1843,-496],[848,-442],[529,-784],[133,-451],[-109,-623],[-263,-572],[-378,-506],[-807,-764],[-1196,-420],[-1515,38],[-470,-67],[-406,-249],[-578,-544],[-312,-360],[-225,-414],[-111,-459],[-43,-788],[413,-1517],[499,-3428],[1043,-1391],[67,-301],[-292,-1063],[-1007,-1789],[-294,-372],[-359,-313],[-1284,-621],[-943,-149],[-709,70],[-287,138],[-357,312],[-1186,1852],[-814,576],[-804,180],[29,-66994]],[[2386558,1826394],[49,-129412]],[[3434447,1831158],[224,58],[80,152],[-49,189],[-842,304],[-180,211],[-200,423],[82,661],[156,349],[279,286],[766,371],[351,690],[150,120],[707,92],[179,130],[4,146],[-111,166],[-1617,1086],[-264,102],[-1216,166],[-155,393],[33,246],[141,204],[793,446],[79,492],[-398,603],[-200,84],[-811,13],[-744,195],[-110,172],[-3,226],[219,314],[723,463],[504,142],[919,423],[661,149],[167,121],[0,236],[-222,485],[35,305],[395,287],[660,111],[235,-83],[170,-83],[307,-575],[223,-184],[186,0],[153,70],[480,848],[319,229],[1878,141],[111,161],[-96,276],[-206,172],[-236,84],[-952,-121],[-483,289],[-186,202],[-430,698],[-41,265],[85,212],[273,204],[1235,-74],[414,-694],[226,-102],[547,-9],[452,268],[556,685],[189,102],[640,-111],[330,65],[231,196],[86,220],[-67,515],[52,263],[612,472],[28,361],[349,306],[923,342],[255,-55],[509,-278],[254,-9],[886,768],[847,108],[469,151],[832,472],[1310,482],[273,231],[302,463],[91,914],[138,489],[1024,976],[85,213],[-66,213],[-971,509],[-152,356],[49,218],[141,111],[443,74],[1046,-148],[1140,315],[377,-10],[190,-122],[111,-516],[104,-222],[132,-56],[160,111],[177,495],[168,206],[710,262],[462,-19],[226,-101],[142,-241],[226,-972],[254,-167],[339,130],[405,407],[801,1528],[208,1629],[169,407],[321,445],[9,240],[-94,148],[-236,-37],[-565,-601],[-226,-130],[-245,37],[-198,157],[-123,417],[48,481],[94,195],[801,694],[103,176],[-9,222],[-288,249],[-720,-434],[-688,-102],[-255,111],[-95,166],[-97,228],[89,168],[1502,253],[227,121],[579,814],[143,133],[186,19],[416,-198],[446,-703],[308,-239],[725,-19],[569,194],[267,-29],[149,-111],[127,-158],[-9,-222],[-170,-232],[-311,-83],[-1121,74],[-142,-120],[-51,-231],[431,-467],[553,-135],[396,0],[292,83],[292,333],[456,882],[279,92],[372,-110],[260,-177],[390,-44],[1183,320],[207,176],[29,250],[-358,713],[-76,379],[-198,130],[-188,27],[-151,-83],[-292,-703],[-273,-306],[-387,-65],[-273,148],[-160,269],[-57,287],[234,898],[67,874],[189,255],[217,130],[876,111],[255,139],[273,509],[113,379],[-9,260],[-471,601],[-48,167],[123,120],[349,56],[989,537],[-20,342],[-149,191],[-580,221],[-133,176],[25,116],[103,102],[697,-102],[500,176],[385,-21],[260,-214],[386,-668],[498,-185],[141,199],[291,1146],[-59,441],[-416,1168],[75,713],[313,720],[112,595],[-111,742],[-156,177],[-1248,603],[-2604,825],[-1276,595],[-409,64],[-899,-48],[-589,129],[-757,401],[-519,595],[-409,997],[-131,610],[-148,1093],[-16,1093],[131,499],[164,192],[245,97],[343,0],[311,225],[-441,771],[16,306],[311,193],[114,241],[-147,225],[-294,64],[-491,-48],[-1227,-386],[-376,177],[-115,321],[98,209],[867,884],[409,820],[229,964],[-114,1206],[-164,161],[-229,80],[-474,-16],[-393,-434],[-949,-1431],[-442,-209],[-343,49],[-393,144],[-245,322],[-622,1318],[-540,594],[-687,258],[-1685,321],[-736,482],[-278,643],[-17,322],[115,321],[458,370],[802,289],[785,418],[507,627],[115,353],[-50,724],[-98,289],[-311,225],[-229,96],[-539,0],[-835,-241],[-1145,-176],[-507,144],[-1129,531],[-785,128],[-818,-80],[-802,-354],[-556,-610],[-98,-386],[-17,-916],[-196,-1945],[-311,-1222],[-949,-1575],[-621,-739],[-1146,-1093],[-804,-454],[-536,-65],[-557,88],[-1137,596],[-491,111],[-513,-66],[-1971,-976],[-253,59],[-185,235],[-312,926],[-223,302],[-223,228],[-357,103],[-758,-169],[-1071,-660],[-1406,-551],[-580,-176],[-580,89],[-847,375],[-758,640],[-691,794],[-736,486],[-847,375],[-1583,1235],[-691,243],[-878,-7],[-996,-476],[-447,-353],[-335,-507],[-156,-485],[-45,-462],[89,-530],[201,-352],[267,-221],[290,-110],[1026,-111],[1762,43],[714,-221],[223,-243],[111,-331],[-23,-551],[-893,-2270],[-313,-506],[-826,-771],[-468,-22],[-625,199],[-178,176],[-223,551],[-133,1058],[-245,706],[-646,1037],[-579,771],[-201,155],[-357,154],[-825,1],[-275,-184],[-186,-315],[-53,-405],[134,-683],[556,-1477],[133,-1477],[312,-618],[312,-904],[21,-970],[-96,-272],[-216,-249],[-290,-103],[-401,272],[-424,596],[-312,272],[-416,73],[-655,-278],[-1071,-970],[-402,-220],[-334,-110],[-714,1],[-245,66],[-513,353],[-1025,2249],[-869,904],[-602,375],[-937,420],[-423,88],[-380,-66],[-625,-418],[-134,-375],[89,-286],[290,-221],[335,-110],[870,-89],[349,-125],[409,-155],[409,-272],[275,-301],[215,-463],[81,-794],[-335,-1176],[-796,-815],[-722,-528],[-1606,-484],[-900,0],[-371,103],[-231,162],[-237,573],[-267,1389],[-156,375],[-297,551],[-587,361],[-305,7],[-193,-146],[-403,-1301],[-156,-330],[-491,-639],[-692,-184],[-691,295],[-580,617],[-1961,2867],[-565,419],[-260,30],[-297,-118],[-782,-1579],[-193,-250],[-424,-264],[-290,-44],[-781,89],[-1650,684],[-1004,1],[-855,250],[-624,559],[-193,345],[-82,346],[328,837],[565,485],[729,330],[1829,65],[379,132],[268,154],[335,397],[67,353],[67,418],[-89,441],[-564,736],[-394,257],[-1494,552],[-491,88],[-647,-65],[-1205,-441],[-535,-418],[-1637,-1682],[-305,-448],[-45,-419],[111,-1043],[-179,-529],[-201,-133],[-1695,97],[-357,-162],[-290,-484],[-470,-1698],[-513,-550],[-424,-221],[-580,-43],[-379,88],[-268,154],[-1560,1567],[-491,286],[-1181,905],[-848,750],[-1211,713],[-1286,258],[-1116,-65],[-513,-110],[-647,-485],[-246,-595],[67,-419],[513,-618],[357,-154],[1226,-265],[409,-191],[825,-699],[639,-1117],[549,-1500],[52,-1036],[-239,-948],[-223,-433],[-528,-551],[-2313,-1645],[-916,-1513],[-870,-639],[-1205,-198],[-520,126],[-453,1528],[-899,971],[-602,926],[-735,860],[-803,397],[-1331,280],[-765,375],[-1316,1111],[-602,713],[-111,397],[0,418],[179,1095],[23,1411],[-111,684],[-201,242],[-624,199],[-491,-66],[-424,-264],[-1971,-1814],[-573,-963],[-491,-624],[-387,-191],[-796,-183],[-1293,316],[-1539,618],[-401,243],[-201,198],[-201,397],[-267,1059],[-312,286],[-624,199],[-1443,-212],[-543,228],[-468,389],[-624,1294],[-1620,1235],[-186,346],[-89,448],[134,1367],[-111,573],[-178,243],[-691,389],[-402,74],[-982,-154],[-394,-301],[-156,-242],[-37,-360],[252,-1250],[0,-382],[-157,-308],[-297,-287],[-350,-227],[-528,-132],[-1108,-147],[-1152,-21],[-424,95],[-468,250],[-186,272],[8,522],[736,1242],[45,771],[-245,397],[-557,375],[-447,133],[-936,-66],[-1071,-396],[-714,-478],[-625,-778],[-484,-426],[-312,-206],[-878,-272],[-1918,16],[-1287,-132],[-2238,-337],[-580,-198],[-1584,-1473],[-298,-467],[26,-375],[73,-149],[444,-287],[1123,-195],[884,-324],[386,-441],[45,-294],[-97,-280],[-178,-110],[-1250,-352],[-513,-330],[-290,-618],[-90,-661],[-320,-477],[-297,-111],[-364,170],[-892,1969],[-498,603],[-728,228],[-469,-66],[-446,-330],[-1451,-1653],[-848,-551],[-1353,-301],[-1257,-87],[-1174,110],[-476,184],[-758,471],[-625,595],[-1137,728],[-580,464],[-446,264],[-981,375],[-171,214],[15,426],[357,970],[45,374],[-223,1500],[179,507],[268,264],[290,132],[379,110],[491,-22],[513,-132],[870,-442],[446,-514],[423,-919],[669,-595],[1026,-243],[625,-23],[780,243],[380,345],[74,272],[-118,749],[-223,243],[-491,265],[-2008,331],[-401,110],[-446,243],[-825,574],[-1160,1014],[-1070,1279],[-260,397],[-141,816],[179,441],[870,749],[245,397],[-44,441],[-178,220],[-558,419],[-892,420],[-848,22],[-290,-220],[-268,-243],[-89,-661],[490,-1588],[-134,-881],[-625,-551],[-1718,-507],[-1160,1],[-736,220],[-847,750],[-468,816],[-647,728],[-439,360],[-981,461]],[[3306213,1889126],[204,342],[-590,439],[-137,273],[-192,-106],[-345,427],[-43,540],[-63,11],[-75,-210],[-480,282],[-190,234],[-56,-50],[20,-319],[-120,-33],[-192,503],[-621,46],[-177,254],[-318,-272],[-95,515],[-575,-293],[-24,-465],[-102,-214],[-137,12],[1,235],[-369,400],[-179,772],[-430,-166],[-131,70],[160,347],[-80,222],[-132,78],[-448,-134],[-235,-204],[-538,37],[-276,-157],[-468,-82],[-256,-171],[-205,113],[-56,142],[224,307],[-40,141],[-230,-176],[-280,122],[-465,-50],[-101,112],[44,384],[-142,50],[-161,-160],[-54,-465],[-206,-335],[-500,-219],[-287,-371],[-212,39],[-273,480],[-141,70],[-112,-96],[24,-313],[-160,-358],[-147,3],[-185,151],[-362,506],[-532,54],[-144,-47],[-225,-504],[-121,-37],[18,311],[-91,118],[-539,-18],[5,150],[284,380],[31,153],[-85,219],[-458,470],[-359,-291],[-600,-188],[-156,-10],[-285,255],[-152,-35],[-215,-226],[-252,255],[-753,220],[-150,-158],[-75,24],[-77,215],[-148,61],[-936,175],[-248,196],[-216,313],[-269,-154],[-630,52],[-88,115],[125,203],[-53,134],[-127,90],[-280,-75],[138,253],[-30,73],[-307,249],[-664,235],[53,137],[218,98],[13,223],[-140,54],[-297,-47],[-216,93],[-286,645],[-71,2],[-139,-250],[-549,61],[-169,153],[64,365],[-271,-107],[-491,375],[-316,33],[-280,138],[-458,-52],[-140,186],[-282,125],[-96,291],[-510,373],[-754,255],[-77,841],[-358,70],[260,372],[-11,152],[-66,26],[-229,-197],[-159,158],[32,707],[185,514],[-94,301],[-51,62],[-125,-78],[-49,-382],[-375,-120],[-181,111],[110,207],[-81,298],[79,217],[341,180],[343,-179],[173,253],[-119,277],[-375,121],[-91,123],[234,303],[83,779],[-105,88],[-60,-298],[-211,-232],[-215,54],[-8,382],[177,256],[146,600],[-275,47],[-126,283],[-462,9],[-8,76],[153,43],[64,125],[-214,101],[-125,364],[-357,140],[93,379],[198,317],[-61,145],[-193,114],[27,229],[-263,288],[-60,624],[58,144],[70,-10],[124,-291],[127,33],[77,221],[-116,374],[66,227],[112,94],[297,-241],[154,16],[118,195],[-153,235]],[[3279164,1908994],[-1022,165],[-41,64],[102,278],[-381,282],[-436,189],[-160,175],[-64,142],[59,225],[370,290],[-38,150],[-186,129],[248,297],[1,153],[-109,107],[-271,-149],[-136,72],[-62,137],[85,215],[-34,154],[-574,536],[-157,41],[-32,-265],[-233,-9],[-172,169],[-109,207],[66,371],[-231,204],[109,270],[-346,320],[-222,75],[-17,387],[-402,673],[81,115],[275,-115],[-96,329],[-612,326],[-243,493],[-202,-19],[-112,112],[84,201],[-463,406],[-144,34],[40,298],[296,222],[-211,330],[111,354],[-440,-232],[4,225],[210,228],[14,138],[-316,28],[-612,304],[170,155],[232,43],[170,353],[289,269],[-25,64],[-486,-216],[-559,8],[-535,149],[-227,218],[10,231],[307,50],[39,68],[-76,120],[205,118],[-3,148],[-183,129],[79,206],[-370,41],[-444,313],[-104,292],[-145,158],[240,293],[-120,285],[-300,-233],[-236,-39],[-211,325],[22,232],[380,504],[-21,234],[-286,128],[3,156],[-114,98],[-215,-101],[-303,91],[-23,153],[101,213],[-64,222],[266,272],[-303,242],[60,303],[-204,235],[-15,225],[-88,-138],[-249,178],[8,149],[176,232],[-155,-7],[-209,-219],[-354,146],[-16,232],[108,199],[-65,303],[187,140],[-24,298],[-356,161],[-859,-105],[-153,41],[-49,209],[276,248],[-245,21],[-257,-132],[-349,178],[13,148],[399,242],[-426,135],[23,148],[152,35],[-9,149],[-382,391],[-245,385],[-582,176],[-32,229],[328,115],[6,316],[117,291],[-65,225],[115,200],[-362,279],[-23,308],[-174,432],[-113,101],[-12,153],[314,342],[767,143],[258,396],[103,379],[-48,499],[-236,205],[-60,224],[-128,97],[-310,3],[-221,216],[100,1243],[-763,60],[-46,67],[178,244],[-193,242],[-79,20],[-221,-215],[-238,-18],[-224,73],[-344,428],[-228,-25],[-216,-222],[-467,84],[-279,146],[-477,518],[-121,450],[-427,207],[-305,254],[0,357],[-418,574],[-991,252],[-469,517],[103,422],[-231,398],[587,242],[86,129],[-33,549],[-292,976],[-242,305],[-521,170],[-297,359],[-291,98],[-1,624],[-334,334],[-68,296],[-156,1],[-308,-165],[-302,47],[-216,-311],[-119,119],[-66,300],[-284,119],[-124,201],[-1101,444],[-168,339],[-201,118],[-75,223],[-211,110],[-310,31],[-186,256],[149,338],[-59,143],[-548,-108],[-398,251],[-116,-180],[-149,-53],[-140,197],[-31,-414],[74,-370],[-223,96],[-344,425],[-387,38],[-387,854],[-238,196],[-65,461],[-153,-19],[-55,176],[-437,298],[-330,-291],[-269,-16],[22,237],[-248,310],[156,330],[-69,142],[-291,145],[178,506],[-192,750],[-66,33],[-87,-131],[-145,-32],[-401,485],[-208,107],[-539,577],[-23,394],[-119,185],[-529,171],[-274,-100],[-160,63],[-59,441],[-363,415],[-285,658],[266,67],[-235,570],[78,134],[201,105],[-256,384],[-99,455],[31,153],[255,290],[-35,394],[116,106],[467,102],[79,133],[-64,304],[-306,38],[-32,67],[273,809],[-202,69],[-54,-212],[-218,17],[-5,1099],[-366,301],[173,329],[-247,913],[47,395],[-193,97],[-130,211],[-82,-109],[-134,21],[-61,287],[-449,147],[-18,296],[-155,159],[35,376],[-146,-9],[-302,-247],[-83,15],[-114,278],[-238,10],[-148,-63],[-68,-206],[-84,13],[-388,269],[156,155],[145,360],[132,90],[-4,227],[-192,-7],[-270,131],[-310,-48],[-122,278],[-153,9],[-120,-102],[-713,349],[-388,82],[-1194,59],[-932,-184],[-286,130],[-158,-262],[-437,-191],[-111,-212],[-297,36],[-143,-245],[-619,-112],[-266,-162],[-148,-383],[-585,194],[-61,-140],[69,-223],[-45,-131],[-474,279],[-337,-424],[-567,-234],[-103,-785],[-367,-93],[-156,-179],[-51,-307],[-297,-60],[-29,-365],[-377,-400],[-274,-144],[-401,-853],[-588,-211],[-113,203],[-532,320],[-346,524],[-538,326],[-306,64],[-133,189],[-152,-7],[-95,129],[157,8],[96,105],[-177,154],[-298,-101],[-279,-369],[-395,48],[-227,-64],[-303,86],[-249,-386],[-233,-33],[-562,399],[115,340],[-240,200],[-19,394],[-114,105],[-906,-231],[-717,-16],[-289,115],[-377,503],[-30,624],[-146,175],[-232,55],[-213,-90],[-32,-623],[-264,-151],[-521,342],[-463,-109],[-310,60],[-335,-184],[-199,133],[-81,286],[-389,6],[-282,145],[-301,364],[-39,393],[-239,172],[96,365],[-224,216],[393,-2],[110,103],[52,759],[-1044,1291],[-652,1774],[-743,1417],[-630,473],[-392,50],[-438,338],[-268,479],[-63,541],[-308,225],[47,307],[-873,28],[-57,304],[97,455],[-66,224],[-227,-10],[-145,-150],[-324,443],[-720,333],[-237,-3],[-686,-380],[-117,-530],[-502,-381],[-1096,134],[-833,264],[-466,-66],[-549,77],[-308,-78],[-460,-301],[-117,-204],[-18,-313],[-107,-118],[-1221,-295],[-91,-128],[4,-393],[-99,-111],[-556,25],[-902,306],[-122,-185],[-559,-302],[-218,-320],[-545,-3],[-740,-453],[-492,247],[-949,60],[-1490,745],[-407,373],[-235,665],[-341,532],[-199,114],[-315,-37],[-209,-113],[-510,-875],[-905,-282],[-268,-170],[-177,-242],[-800,-280],[-1056,45],[-740,638],[-348,535],[0,612],[-155,229],[-734,535],[-928,153],[-271,115],[-727,1020],[-494,1846],[-109,1170],[-366,1136],[-1352,2156],[-1002,2138],[-353,1256],[130376,52627]],[[3148512,2063971],[188,71],[310,-82],[679,-304],[1013,-854],[1334,-1370],[143,-959],[-92,-2396],[215,-867],[275,-404],[392,-366],[1294,-1002],[981,-308],[2333,-154],[2099,-289],[1196,-366],[1451,-675],[490,-96],[490,19],[373,39],[333,135],[491,346],[764,848],[1157,1676],[589,174],[353,0],[921,-193],[647,-366],[844,-829],[862,-1387],[883,-1849],[667,-559],[274,-327],[255,-366],[294,-655],[765,-925],[529,-540],[510,-231],[1491,-77],[1706,347],[784,289],[667,501],[765,732],[1392,1580],[314,212],[392,134],[765,174],[823,38],[922,-154],[372,-250],[844,-655],[451,-636],[333,-867],[137,-1984],[-176,-2626],[-318,-630],[-608,-865],[-1804,-1403],[-941,-924],[-439,-740],[-47,-509],[156,-478],[330,-431],[1035,-971],[1302,-1557],[722,-524],[580,-293],[691,-107],[925,61],[1836,663],[1459,1973],[470,832],[518,1418],[769,3113],[94,632],[-47,1403],[-47,339],[-173,323],[-267,370],[-831,832],[-910,617],[-612,277],[-925,694],[-581,817],[-361,832],[-125,524],[-141,1665],[125,1048],[267,1094],[612,1140],[408,324],[564,108],[691,0],[643,-170],[2071,-924],[2933,-817],[596,-308],[189,-185],[486,-725],[675,-2111],[439,-1988],[345,-925],[47,-1187],[110,-508],[392,-1434],[753,-2188],[831,-1742],[550,-909],[1066,-1172],[141,-570],[157,-246],[832,-602],[423,-154],[926,-169],[816,-31],[345,46],[1427,509],[816,169],[173,201],[157,1063],[-236,694],[259,1664],[-16,555],[-141,524],[-345,863],[-1004,1942],[-533,817],[-1020,1218],[-314,524],[-188,554],[-157,1126],[16,801],[63,586],[219,832],[283,693],[533,478],[298,124],[518,0],[502,-124],[1929,-1618],[2416,-1264],[769,-755],[502,-848],[204,-555],[361,-1525],[47,-925],[-345,-817],[-1020,-986],[-973,-663],[-502,-570],[-360,-771],[-110,-832],[-424,-879],[-769,-847],[-298,-509],[110,-401],[424,-493],[94,-277],[47,-247],[-94,-570],[-408,-524],[-1381,-1095],[-282,-570],[47,-293],[220,-462],[345,-416],[1412,-848],[549,-139],[737,47],[565,185],[784,647],[691,956],[909,1726],[1679,1957],[690,1464],[361,386],[330,215],[768,278],[1851,277],[1146,940],[721,709],[894,586],[989,416],[1412,93],[1459,-108],[878,-185],[486,-293],[1428,-1125],[628,-725],[392,-570],[891,-1905],[234,-1687],[508,-2143],[-1390,-2167],[-972,-571],[-2508,-573],[-554,-316],[-496,-401],[-291,-401],[-29,-831],[116,-429],[175,-402],[409,-372],[495,-258],[1079,-172],[1167,0],[1166,229],[1488,688],[1314,486],[1681,433],[1755,650],[1390,-1],[1389,-217],[2120,0],[2267,866],[2413,1661],[1317,1227],[1795,2043],[320,790],[1184,1011],[896,474],[831,31],[352,-190],[1088,-948],[511,-1138],[407,-1858],[0,-2023],[-220,-2167],[-879,-3033],[0,-1806],[1237,-2591],[309,-319],[641,-401],[671,-286],[496,-86],[520,28],[559,172],[729,573],[612,803],[992,1547],[1808,1748],[729,1031],[963,2006],[291,1174],[234,1662],[349,659],[321,401],[438,344],[1020,430],[1225,143],[3004,-229],[963,29],[408,200],[554,688],[526,1155],[640,979],[2111,1720],[813,792],[501,964],[288,916],[65,2339],[0,1137],[-305,1093],[-706,1118],[-1866,1772],[-2201,1403],[-1157,1098],[-918,1216],[-320,784],[-186,947],[27,701],[838,1098],[639,274],[1756,-78],[2808,-729],[2023,-927],[692,-776],[427,-790],[291,-1373],[403,-3638],[-297,-3807],[0,-1098],[79,-588],[160,-549],[878,-902],[280,-902],[479,-902],[1038,-1255],[718,-509],[599,-236],[587,232],[1733,980],[608,409],[505,458],[359,627],[918,3059],[465,2426],[303,705],[185,689],[285,2485],[289,853],[448,411],[1056,600],[1408,220],[1183,-158],[640,-474],[320,-443],[402,-281],[1119,-327],[1477,-588],[1397,-902],[399,-549],[280,-628],[958,-941],[1756,-1490],[854,-560],[440,-154],[672,-63],[2015,-854],[2879,-1708],[895,-601],[698,-691],[4101,-3421],[583,-295],[477,-87],[866,-69],[1047,40]],[[3434447,1831158],[-1083,102],[-539,-113],[-216,-96],[-952,-822],[-1156,-506],[-1023,-1080],[-838,-577],[-408,-209],[-506,-13],[-509,-176],[-382,21],[-435,-99],[-168,-150],[-231,-540],[-8,-473],[-132,-268],[-236,-167],[-226,427],[-7,496],[-112,309],[-192,120],[-443,-6],[-651,-643],[-204,-91],[-223,18],[-168,110],[-36,882],[-279,680],[-464,441],[-353,111],[-194,-132],[-151,-398],[65,-628],[-111,-679],[-576,-507],[-207,-297],[-179,-83],[-698,56],[-254,-93],[-358,-417],[-443,-999],[-141,-574],[10,-354],[371,-779],[-14,-302],[-394,-614],[-357,-981],[-730,-709],[-357,-215],[-343,93],[-496,838],[-204,208],[-175,107],[-306,-43],[-146,-293],[-7,-323],[452,-1053],[-66,-509],[-255,57],[-241,717],[-211,186],[-401,-71],[-423,-445],[-102,-580],[379,-459],[-7,-508],[-766,-473],[-474,-566],[-161,-330],[-29,-1325],[-36,-129],[-183,-129],[-364,100],[-489,566],[-263,65],[-233,-79],[-124,-143],[-386,-638],[-489,-215],[-496,-50],[-102,122],[-15,258],[372,429],[22,294],[-277,366],[-729,558],[-270,65],[-117,-57],[7,-129],[533,-724],[-117,-552],[-270,-172],[-1174,-229],[-605,57],[-255,237],[-219,623],[-117,115],[-430,0],[-496,-1039],[22,-265],[423,-516],[109,-444],[-270,-258],[-452,-58],[-416,65],[-386,394],[-124,301],[-29,1082],[-336,236],[-415,7],[-95,-64],[-73,-229],[51,-273],[314,-580],[-44,-380],[-365,-136],[-1014,100],[-189,330],[240,588],[-29,386],[-102,101],[-321,0],[-904,-394],[-438,107],[37,358],[678,466],[44,351],[-190,315],[-722,416],[-1174,301],[-1087,623],[-313,-28],[-729,-617],[-701,-42],[-379,-172],[-219,-409],[-124,-1490],[-152,-129],[-1109,14],[-627,-279],[-336,50],[-248,301],[-80,394],[44,201],[350,523],[-8,336],[-328,115],[-1218,-179],[-692,-251],[-365,-322],[-204,-373],[138,-415],[379,-473],[81,-495],[-95,-458],[-474,-588],[-1765,-1060],[-306,28],[-248,194],[-467,609],[-7,724],[116,902],[-29,144],[-357,121],[-482,-157],[-1392,-753],[-241,-279],[-540,-1017],[-678,-402],[-284,51],[-59,330],[146,357],[518,523],[-29,137],[-124,50],[-256,-58],[-962,-845],[-941,-423],[-1189,36],[-1422,-380],[-547,15],[-197,28],[-408,530],[-197,144],[-357,57],[-402,-136],[-291,-695],[-102,-86],[-307,-7],[-547,258],[-663,-22],[-241,-179],[-182,-444],[14,-451],[307,-645],[-124,-387],[-248,157],[-1065,1089],[-146,58],[-1006,-72],[-518,459],[-153,79],[-212,-15],[-153,-179],[-15,-430],[307,-587],[43,-688],[190,-272],[15,-223],[-190,-129],[-306,79],[-839,659],[-211,-7],[-161,-136],[-168,-903],[-182,-437],[44,-487],[197,-372],[-15,-244],[-204,-86],[-423,14],[-890,473],[-423,79],[-313,-107],[-190,-223],[-7,-530],[459,-458],[95,-230],[-95,-172],[-153,-35],[-211,100],[-227,466],[-269,258],[-474,21],[-591,-172],[-365,143],[-168,237],[-80,788],[-87,107],[-328,51],[-854,-774],[-175,-358],[-22,-180],[372,-730],[270,-1018],[-22,-380],[-102,-136],[-197,-36],[-423,-14],[-466,108],[-372,394],[-226,745],[-168,100],[-161,-50],[-124,-1060],[-350,-552],[-481,-1075],[-241,258],[-226,760],[-328,573],[-241,279],[-175,36],[-175,-157],[-138,-703],[-336,-408],[-1852,-79],[-190,29],[-138,143],[-37,351],[88,165],[379,186],[365,65],[58,114],[-182,237],[-489,207],[-350,294],[-29,366],[343,702],[58,473],[-182,394],[-227,265],[-452,301],[-138,179],[0,802],[-183,122],[-802,-308],[-211,0],[-394,72],[-883,487],[-393,122],[-205,-7],[-357,-172],[-335,-402],[-358,-838],[-102,-544],[15,-652],[218,-230],[1073,-723],[313,-323],[-14,-852],[-263,-473],[-284,-244],[-679,-43],[-598,251],[-204,7],[-496,-150],[-481,-301],[-576,43],[-482,222],[30,1032],[-66,143],[-642,401],[-87,186],[14,416],[234,430],[-73,243],[-401,151],[-438,-136],[-335,71],[-453,624],[-313,136],[-467,-36],[-372,-150],[-489,-452],[-459,-1003],[-262,-953],[-212,14],[-146,538],[-87,136],[-227,64],[-678,-343],[-656,-51],[-343,-172],[-124,-129],[-95,-816],[-197,-251],[-867,122],[-846,-101],[-380,86],[-510,717],[-409,322],[-306,122],[-1065,-43],[-444,115],[-708,1906],[-44,473],[-153,157],[-102,-14],[-186,-118],[-806,-1000],[-962,-415],[-51,-330],[153,-817],[-29,-738],[-117,-358],[-175,-100],[-212,28],[-262,237],[-168,50],[-109,-79],[-146,-430],[-255,-193],[-978,-344],[-817,-22],[-459,337],[-335,781],[-504,107],[-539,-207],[-693,-136],[-533,-552],[-955,-595],[-117,-165],[-94,-394],[87,-587],[131,-65],[248,36],[285,480],[167,143],[168,108],[255,-7],[-7,-344],[-488,-831],[-37,-323],[1130,-709],[387,-373],[131,-262],[-43,-289],[-927,-796],[-481,-193],[-131,251],[-29,566],[-139,401],[-314,330],[-131,21],[-160,-57],[-139,-179],[-613,-1061],[190,-208],[926,-257],[203,-313],[45,-232],[-51,-394],[-95,-72],[-226,-79],[-437,36],[-576,287],[-1437,344],[-1357,480],[-539,-50],[-146,-79],[-481,-638],[-963,-272],[-182,-237],[-15,-444],[73,-122],[233,-14],[591,552],[416,200],[175,8],[233,-165],[73,-881],[-15,-144],[-175,-150],[-167,14],[-460,251],[-233,-14],[-80,-108],[21,-122],[219,-351],[66,-473],[-7,-122],[-263,-243],[-554,-57],[-533,78],[-386,-78],[-124,-151],[22,-372],[532,-595],[197,-358],[95,-767],[-146,-165],[-452,108],[-963,752],[-1466,-108],[-306,58],[-780,351],[-642,50],[-204,-79],[-168,-301],[-66,-1397],[-160,-344],[-1007,-200],[-590,-480],[-431,35],[-335,301],[-131,323],[131,222],[503,222],[212,344],[22,1490],[-183,222],[-992,36],[-102,86],[-80,337],[146,516],[-36,709],[-219,65],[-321,-43],[-307,-380],[-313,-165],[-1065,-79],[-547,-208],[-80,-243],[95,-93],[700,-201],[109,-165],[8,-229],[-15,-122],[-401,-365],[-234,-459],[-196,-143],[-132,0],[-175,29],[-525,329],[-569,523],[-73,208],[-14,1540],[-241,237],[-481,7],[-897,-358],[-562,-409],[-131,-179],[-430,-1175],[-832,-985],[-321,-20],[-623,346],[-422,-99],[-191,-257],[-156,-1367],[-226,-420],[-613,-548],[-252,-108],[-216,24],[-382,538],[-577,109],[-438,238],[-376,63],[-257,-49],[-251,-183],[-186,-642],[-226,-98],[-131,103],[-120,706],[-136,99],[-201,-25],[-120,-182],[-61,-780],[-125,-188],[-523,-360],[-286,-830],[-684,-197],[-553,94],[-185,246],[-201,632],[-307,129],[-201,-188],[-10,-533],[-115,-153],[-398,-54],[-618,98],[-402,-88],[-125,-282],[40,-805],[-226,-153],[-317,60],[-804,607],[-115,286],[45,958],[-1005,5],[-799,958],[-311,103],[-237,-108],[-130,-341],[-196,-133],[-231,-10],[-448,321],[-231,0],[-156,-89],[-108,-302],[-52,-784],[-81,-89],[-130,-10],[-156,104],[-282,533],[-286,-20],[-859,-1027],[10,-597],[146,-568],[-46,-335],[-698,-331],[-427,-509],[-249,-21],[-143,100],[-50,746],[-196,335],[-91,40],[-231,-109],[-65,-128],[286,-528],[15,-612],[-110,-341],[-292,-133],[-362,-5],[-110,113],[-60,1047],[-392,518],[-835,267],[-929,469],[-623,-25],[-377,-252],[-171,-212],[-45,-247],[60,-266],[618,-869],[1025,-440],[81,-108],[-25,-282],[-407,-355],[-270,-69],[-972,84],[-462,-341],[-206,-54],[-377,222],[-326,612],[-297,25],[-462,-163],[-714,-420],[-678,-133],[-236,-365],[-40,-326],[-292,-780],[-35,-449],[106,-183],[221,-143],[814,-168],[80,-276],[-136,-183],[-196,-54],[-834,93],[-417,-29],[-241,-168],[-85,-242],[206,-247],[598,-99],[271,-232],[-10,-424],[-266,-203],[-453,55],[-769,419],[-954,35],[-171,173],[-126,449],[-216,163],[-261,-15],[-156,-128],[-35,-662],[-80,-128],[-568,-30],[-347,188],[-322,390],[-417,1372],[-236,193],[-628,94],[-703,-307],[-508,-9],[-382,246],[-231,539],[-251,44],[-171,-202],[-136,-376],[15,-182],[201,-296],[-145,-529],[-15,-375],[-252,-227],[-356,-35],[-422,-320],[-126,-519],[-206,-212],[-342,-25],[-371,469],[-1217,440],[-713,582],[-432,15],[-186,-89],[-101,-370],[76,-168],[507,-351],[20,-246],[-683,-568],[-437,-79],[-101,222],[-10,726],[261,587],[41,306],[-262,336],[-457,104],[-241,-99],[-5,-820],[-181,-296],[-477,-464],[-181,-607],[-493,-360],[-522,-622],[-292,-65],[-226,129],[-201,321],[25,651],[-80,242],[-563,59],[-85,84],[10,311],[472,198],[65,247],[-452,508],[-296,469],[-171,25],[-86,-133],[116,-410],[5,-361],[-588,-439],[-533,-281],[-140,24],[-86,134],[36,780],[-131,172],[-447,109],[-503,-336],[-261,45],[-60,202],[75,953],[126,326],[376,168],[227,-99],[321,-306],[337,-64],[151,84],[85,167],[-5,311],[-111,109],[-939,237],[-357,-20],[-382,-168],[-256,20],[-156,133],[20,479],[-151,435],[-231,168],[-367,39],[-331,-104],[-116,-211],[106,-939],[-196,-74],[-342,35],[-502,266],[-156,341],[-81,785],[-296,321],[-201,39],[-186,-59],[-50,-217],[336,-958],[-5,-336],[-482,-893],[-281,-114],[-317,55],[-322,222],[1,439],[764,738],[-41,225],[-337,-30],[-673,-306],[-522,49],[-186,213],[25,143],[120,99],[669,217],[117,209],[-22,284],[-151,109],[-1693,301],[-111,128],[-135,484],[-251,252],[-207,5],[-175,-94],[-10,-666],[-121,-114],[-196,15],[-75,173],[-15,587],[-136,183],[-231,94],[-282,-25],[-663,-449],[-633,-267],[-377,0],[-1070,208],[-372,-109],[-211,-158],[-171,-449],[45,-242],[387,-208],[407,-14],[317,-459],[-50,-1990],[-56,-276],[-191,-139],[-683,-118],[-432,232],[-106,355],[201,736],[-55,104],[-171,44],[-337,-69],[-467,-607],[-462,-163],[-618,49],[-181,133],[-347,484],[-296,69],[-382,-143],[-442,-385],[-548,-182],[-201,83],[-362,697],[-502,202],[-66,252],[136,340],[251,297],[362,271],[618,197],[75,173],[-934,435],[-824,1362],[-432,346],[-895,464],[-266,-25],[-292,-143],[-482,-528],[-30,-242],[80,-158],[498,-252],[145,-210],[-55,-363],[-417,-291],[-246,-79],[-251,30],[-925,770],[-442,39],[-523,-148],[-110,-217],[55,-183],[789,-296],[347,-306],[171,-291],[-26,-222],[-618,-701],[-35,-405],[-166,-227],[-316,-54],[-488,380],[-990,350],[-1487,69],[-683,716],[-704,25],[-357,-272],[-140,-365],[50,-272],[583,-355],[25,-227],[-186,-464],[-45,-454],[-302,-183],[-487,79],[-206,-64],[-201,-267],[-95,-365],[-206,-232],[-352,10],[-322,257],[-79,831],[-242,161],[-372,-138],[-578,-613],[-337,50],[-216,469],[-211,1190],[-181,158],[-266,-75],[-382,-671],[-382,-281],[-1060,19],[-186,-79],[-307,-315],[-231,-25],[-417,331],[-1105,592],[-211,291],[-352,914],[-477,488],[-518,232],[-1035,94],[-176,-89],[-95,-178],[65,-404],[367,-598],[743,-834],[-20,-227],[-256,-138],[-121,29],[-829,435],[-1005,360],[-598,306],[-1412,1220],[-115,113],[-146,430],[-156,34],[-176,-34],[-281,-218],[-1146,-1175],[71,-1056],[-101,-217],[-628,-30],[-914,232],[-232,311],[-20,519],[-115,399],[-221,223],[-216,-10],[-231,-109],[-181,-296],[-126,-1195],[-156,-355],[-633,-385],[-352,-30],[-150,50],[-601,588],[-218,359],[-146,667],[75,1382],[-115,415],[-196,148],[-226,10],[-1046,-183],[-467,281],[-211,228],[-131,355],[0,691],[523,894],[45,399],[-251,603],[-116,113],[-392,134],[-366,-50],[-201,-163],[-51,-148],[25,-563],[-80,-315],[-472,-627],[-10,-524],[-141,-498],[-307,-346],[-261,-163],[-558,-15],[-713,459],[-482,553],[-16,603],[-70,143],[-965,34],[-140,-64],[-5,-227],[492,-543],[226,-558],[302,-197],[407,-20],[45,-375],[-75,-222],[-608,-672],[-322,79],[-186,375],[-151,60],[-206,-15],[-316,-449],[-220,-482],[126,-207],[193,-121],[367,135],[110,-181],[-297,-366],[-582,-233],[-28,-148],[182,-128],[444,151],[151,-28],[-31,-468],[-387,-381],[-501,242],[-203,-88],[349,-618],[17,-235],[-85,-121],[-353,147],[-147,-46],[21,-414],[93,-214],[308,-19],[129,-89],[-44,-309],[-621,-995],[-543,-39],[-177,-151],[-200,-1207],[-220,-58],[-109,111],[85,455],[-150,183],[125,189],[22,233],[-220,214],[-246,-295],[-5,-462],[-954,-525],[44,-221],[398,-259],[181,-257],[-150,-664],[171,-348],[277,-117],[339,325],[220,81],[209,-112],[80,-136],[15,-156],[-131,-195],[-349,-187],[-221,-325],[-259,291],[-230,44],[-23,-70],[216,-217],[-77,-219],[-2043,-1041],[-157,13],[-143,185],[-11,235],[114,206],[270,164],[689,181],[148,174],[-96,212],[-387,386],[-80,2],[-381,-492],[-516,-206],[-394,-15],[-198,-221],[-145,67],[-153,-35],[-270,-407],[-313,-239],[-81,-368],[-163,160],[-18,307],[-218,21],[-326,-437],[95,-296],[-112,-198],[-421,-208],[-187,145],[-157,-2],[-248,-176],[-5,-78],[386,-88],[132,-161],[-274,-304],[-80,-221],[67,-134],[298,-74],[11,-155],[-130,-198],[-242,-203],[-145,-16],[-223,404],[-451,309],[-105,-108],[164,-357],[-77,-297],[-325,-345],[-695,-524],[-155,0],[-137,185],[211,217],[-49,65],[-377,79],[-344,426],[-150,33],[-70,-127],[240,-314],[65,-306],[-136,-184],[-377,89],[-114,-109],[-16,-155],[200,-334],[-11,-385],[-511,-209],[-336,-518],[-218,411],[-13,393],[-204,99],[-140,-77],[-239,-321],[-140,-759],[-302,-353],[-148,37],[-117,537],[-66,42],[-128,-80],[-22,-393],[89,-541],[877,-799],[-33,-147],[-873,-50],[-363,-148],[-252,-304],[-1143,-843],[-162,-517],[-296,-334],[-593,-210],[-261,-175],[-317,-452],[-261,-563],[-453,-142],[-730,-608],[-149,-29],[-112,101],[-83,613],[-150,49],[-292,-118],[-86,-213],[48,-149],[499,-374],[-18,-78],[-160,-170],[-436,-191],[-316,-351],[-315,27],[-271,128],[-618,-318],[-255,383],[-38,468],[-62,49],[-334,-169],[-238,12],[-660,238],[-123,-90],[-82,-301],[-123,-95],[21,-127],[233,-106],[546,-37],[92,-112],[-33,-146],[-758,-336],[-280,151],[-473,23],[-368,400],[-156,18],[-188,-430],[-27,-627],[-440,-1413],[-381,40],[-428,-329],[-391,59],[-377,-96],[-167,162],[-22,548],[-96,213],[-285,129],[-227,-52],[-61,-137],[142,-689],[754,-1006],[6,-938],[-553,-303],[-450,144],[-372,-130],[-634,120],[-444,-109],[-448,-743],[-294,-730],[-318,-346],[-439,-739],[-218,-93],[-284,22],[-296,115],[-157,173],[-112,454],[100,460],[-23,1022],[-248,480],[-217,84],[-932,-579],[-157,16],[-332,212],[-217,-288],[-375,110],[-212,-86],[-38,-224],[185,-251],[744,-419],[110,-615],[-132,-272],[-894,-648],[-287,94],[-1234,1829],[-335,203],[-303,-56],[-4,-222],[169,-266],[-30,-380],[411,-568],[-100,-614],[-674,-541],[-484,-268],[-667,-234],[-395,-10],[-242,195],[-772,182],[-1028,-110],[-1181,-1],[-182,153],[-310,723],[-350,322],[-428,567],[-232,-29],[-227,-214],[-280,-641],[-138,-1242],[-584,-365],[-54,-614],[-377,-278],[-345,175],[-136,-74],[26,-228],[265,-161],[-51,-210],[-790,-60],[-570,-404],[-110,189],[168,426],[-215,317],[-304,-15],[-210,-564],[-146,50],[-335,332],[-536,130],[-361,-298],[-154,34],[-142,-67],[-129,-446],[-351,-525],[-458,-437],[-175,-349],[-287,101],[-353,425],[-166,524],[-83,857],[-231,317],[-273,153],[-391,-60],[-203,-122],[-1137,-1292],[-497,-242],[-541,-92],[-405,-210],[-551,-468],[-831,390],[-387,77],[-368,211],[-1162,421],[-388,115],[-213,-19],[-58,-192],[58,-191],[639,-441],[581,-593],[814,-1130],[-20,-191],[-406,-402],[-368,-230],[-213,-307],[-388,-19],[-155,115],[-97,369],[-174,-62],[-58,-958],[-97,-172],[-193,-96],[-59,-191],[59,-192],[217,-185],[-24,-159],[-155,-115],[465,-613],[-135,-134],[-930,325],[-271,288],[-175,76],[-2943,19],[-1046,326],[-601,-96],[-155,115],[-193,19],[-117,-153],[0,-383],[-116,-153],[-368,-96],[-368,-440],[-387,0],[-368,115],[-233,536],[-329,191],[-213,-38],[-232,-326],[-194,-57],[-39,191],[-155,115],[-387,0],[-116,-153],[-97,-383],[136,-364],[-136,-134],[-194,0],[-155,-115],[39,-191],[329,-460],[39,-383],[-19,-402],[-97,-249],[-174,-172],[-175,-364],[-523,-249],[-813,39],[-426,-115],[-298,-297],[-1894,-1009],[-533,-514],[-14,-507],[-183,-544],[-184,-91],[-183,-30],[-245,303],[-184,-333],[-183,-30],[-337,483],[-336,242],[-92,182],[-142,112],[-133,-22],[-214,-786],[-452,-163],[-290,0],[-741,-679],[-578,-89],[-777,-625],[-723,125],[-596,-72],[-976,-1089],[-1716,-894],[-416,-375],[-217,-536],[-217,-214],[-903,-411],[-470,-304],[-922,-1054],[-1517,-1036],[-723,-697],[-470,-590],[-650,-357],[-603,-647],[-51,-877],[153,-362],[-61,-182],[-459,-665],[-92,-363],[-122,-151],[-100,-79],[-512,109],[-214,-91],[-122,-151],[-92,-181],[31,-605],[-520,-635],[-31,-393],[-183,-91],[-490,302],[-30,-393],[91,-363],[-214,0],[-367,152],[-397,-61],[-61,-181],[30,-363],[-386,-37],[-73,-145],[0,-423],[-214,-333],[-30,-181],[-248,-202],[-36,-144],[-279,-53],[-1085,-967],[-183,-12],[-363,183],[-177,-3],[-287,-839],[-446,-278],[-136,-473],[-467,-154],[-144,-253],[-371,-274],[-349,-617],[-438,-467],[-411,-218],[-564,-5],[-479,-534],[-777,-177],[-224,-134],[-45,-177],[201,-342],[-449,-145],[-47,-79],[319,-377],[55,-235],[-548,-885],[-647,-227],[-124,-461],[-337,-267],[-301,-383],[-444,232],[-265,29],[-692,-334],[-280,52],[-313,-52],[-352,-357]],[[3096501,1712349],[-186,-116],[-479,-90],[-901,-596],[-706,434],[-147,397],[-257,337],[-290,217],[-62,366],[-242,264],[-683,1147],[-906,304],[-491,505],[-466,-92],[-996,-12],[-538,204],[-277,463],[-426,-130],[-375,157],[-493,63],[-895,566],[-432,566],[-1031,392],[-298,308],[-248,661],[-408,624],[-198,543],[-523,569],[-211,101],[-316,1],[-247,391],[-415,-198],[-362,155],[-188,249],[-553,-32],[-222,80],[-32,591],[-103,296],[-519,362],[-395,585],[-513,200],[-200,336],[-109,774],[-270,480],[-203,124],[-366,153],[-650,-789],[-1327,-1243],[-2548,-672],[-450,211],[-214,529],[-250,282],[-713,335],[-856,281],[-231,529],[-357,441],[-1195,546],[-321,687],[-160,582],[-749,652],[-464,670],[-196,529],[-143,141],[-321,229],[-392,52],[-374,-88],[-499,-317],[-428,0],[-553,264],[-303,247],[-375,476],[-142,352],[-357,194],[-624,35],[-357,159],[-142,141],[0,194],[410,670],[71,370],[-18,194],[-339,229],[-196,0],[-695,-653],[-392,-211],[-428,-53],[-678,176],[-695,-124],[-1176,-669],[-197,17],[-534,282],[-803,-18],[-356,-141],[-196,35],[-847,353]],[[3055563,1731154],[-491,-36],[-891,-458],[-392,-18],[-234,-772],[-99,-935],[-531,-524],[-583,-998],[-106,-1049],[531,-2098],[-13,-3193],[120,-907],[280,-1655],[518,-1853],[80,-1183],[479,-2601],[877,-1104],[439,-709],[359,-789],[638,-1852],[-199,-828],[-638,-631],[-358,-631],[-120,-1183],[-359,-985],[-557,-1971],[-80,-749],[-478,-1144],[40,-551],[558,-1183],[1117,-1931],[40,-710],[-478,-906],[-479,-395],[319,-434],[837,-472],[293,-254],[149,-2148],[-1563,-1486],[-130,-218],[-145,-569],[-1314,-1291],[-358,-790],[-1509,-1428],[-857,-1111],[-118,-303],[-128,-104],[-81,-346],[-241,-355],[-1384,-650],[-356,-36],[-337,124],[-421,0],[-451,-88],[-542,-329],[-410,-804],[-373,-1686],[-735,-708],[-361,-491],[-862,-531],[-232,-279],[-383,-803],[-1022,-816],[-251,-342],[-35,-378],[464,-1549],[127,-697],[-62,-981],[-444,-1257],[65,-284],[278,-276],[24,-249],[-629,-1240],[-80,-757],[-564,-1219],[177,-784],[23,-478],[110,-146],[357,-194],[53,-250],[-221,-255],[-535,-247],[-32,-522],[-382,-331],[-82,-801],[-387,-395],[-175,-325],[-316,-209],[-576,-124],[-177,-163],[50,-244],[373,-409],[251,-435],[6,-357],[-222,-111],[-544,76],[-162,-49],[-68,-131],[130,-717],[-115,-406],[-201,-151],[-564,20],[-204,-194],[-18,-218],[195,-508],[-328,-380],[-41,-168],[139,-381],[62,-621],[-328,-426],[275,-546],[-21,-299],[-269,-490],[254,-430],[24,-177],[-296,-850],[-23,-549],[-892,-511],[-243,38],[-334,296],[-295,-305],[-360,-110],[-192,-615],[-142,-192],[-567,-319],[-429,-389],[-564,-348],[-351,-595],[-257,-235],[-698,-290],[-815,-479],[-523,-862],[-472,-508],[-163,-1199],[-594,-818],[-183,-990],[239,-310],[163,-888],[183,-99],[505,-55],[166,-198],[-54,-148],[-384,-296],[-360,-716],[74,-250],[343,-525],[511,-328],[79,-145],[-130,-523],[-177,-337],[278,-246],[18,-157],[-603,-1733],[68,-287],[215,-305],[36,-1439],[-130,-285],[-476,-618],[-127,-818],[-440,-467],[-213,-421],[-97,-375],[47,-667],[-77,-256],[-644,-708],[-428,-313],[-162,-250],[38,-200],[251,-250],[-3,-139],[-632,-212],[-165,-174],[8,-162],[178,-238],[-172,-241],[-32,-209],[319,-511],[272,-943],[56,-589],[-56,-328],[-319,-282],[-464,-52],[-201,96],[-369,447],[-266,11],[-494,-519],[104,-505],[-74,-502],[89,-488],[-145,-418],[-372,-183],[-1433,-127],[-331,-131],[-195,-180],[-201,-827],[-425,-540],[80,-148],[348,-96],[39,-194],[-198,-218],[-638,-354],[-163,-218],[112,-188],[432,-229],[29,-305],[-136,-180],[-617,-418],[-228,-543],[42,-206],[130,-87],[537,244],[234,-84],[33,-178],[-140,-397],[166,-508],[-6,-264],[-130,-226],[-269,-157],[-830,-49],[-213,-97],[157,-484],[530,-755],[39,-310],[-84,-342],[-299,-291],[-400,4],[-124,244],[117,493],[-42,215],[-229,160],[-263,-91],[-127,-383],[205,-550],[7,-220],[-361,-477],[-86,-424],[-269,-369],[249,-381],[-13,-234],[-320,-275],[-689,-183],[-275,-148],[-351,-375],[-234,-400],[-25,-204],[130,-224],[917,-703],[75,-201],[-50,-161],[-482,-250],[-410,27],[-146,322],[125,531],[-163,118],[-573,-308],[-229,-291],[-39,-319],[113,-285],[612,-775],[670,-591],[89,-776],[-140,-478],[-137,-109],[-166,7],[-457,475],[-325,877],[-159,47],[-172,-171],[-98,-338],[35,-395],[505,-966],[79,-416],[-26,-483],[-201,-294],[-227,47],[-376,360],[-117,246],[-49,460],[-106,140],[-285,-12],[-565,-319],[-8,-125],[299,-658],[-59,-698],[112,-459],[123,-190],[185,-105],[163,37],[272,222],[178,-47],[136,-340],[-32,-550],[-209,-198],[-289,12],[-510,577],[-657,202],[-412,478],[-141,-5],[-103,-127],[-23,-175],[135,-484],[-47,-585],[-145,-221],[-464,-280],[-78,-121],[486,-694],[53,-418],[-47,-639],[62,-211],[335,-234],[478,-52],[291,169],[495,714],[261,-37],[175,-221],[-28,-169],[-522,-830],[-174,-683],[-147,-156],[-256,-66],[-811,205],[-384,-29],[-1300,-825],[-971,-183],[-617,26],[-676,277],[-292,251],[-284,554],[-362,153],[-239,-47],[-184,-189],[-83,-258],[56,-523],[-65,-84],[-144,17],[-141,158],[-73,262],[188,684],[-132,249],[-524,-276],[-273,-523],[60,-338],[246,-405],[1270,-1190],[441,-744],[-33,-267],[-367,-246],[-110,-193],[163,-907],[-277,-581],[41,-278],[198,-141],[311,20],[1080,660],[191,-53],[114,-207],[22,-490],[-225,-413],[-1228,-787],[-927,-306],[-342,-364],[-114,-377],[88,-183],[241,-69],[887,242],[315,10],[292,-107],[217,-219],[102,-293],[9,-650],[401,-302],[-87,-167],[-478,-272],[-165,-203],[71,-1225],[133,-220],[230,-62],[191,108],[327,395],[246,36],[105,-202],[-68,-510],[230,-571],[-136,-371],[-263,-98],[-485,63],[-119,-88],[46,-252],[397,-408],[-63,-138],[-374,-240],[-44,-183],[136,-137],[398,-66],[436,610],[208,-6],[83,-172],[-402,-1096],[-248,-239],[-616,-353],[-322,-586],[-992,-456],[-331,141],[-379,-28],[-430,-410],[-35,-171],[194,-408],[88,-546],[-127,-235],[-606,-421],[53,-232],[300,-342],[75,-213],[-68,-308],[-367,-340],[60,-403],[441,-554],[326,-155],[340,-45],[708,120],[217,196],[164,409],[150,57],[174,-43],[248,-247],[218,-503],[-4,-264],[-269,-437],[50,-142],[151,-57],[240,81],[433,382],[547,-70],[162,93],[1,386],[-456,629],[90,174],[491,31],[980,-410],[157,-502],[271,-358],[179,-464],[364,-332],[102,-236],[-31,-262],[-545,-1135],[-19,-406],[200,-127],[394,251],[213,13],[118,-115],[162,-428],[471,-38],[135,-212],[-335,-801],[-35,-1394],[-252,-342],[-663,-438],[-88,-154],[14,-164],[1050,-498],[207,-167],[109,-279],[-166,-481],[83,-161],[334,96],[424,362],[226,52],[679,-485],[272,-25],[387,133],[209,-56],[189,-185],[271,-524],[180,-122],[424,10],[518,347],[175,-51],[30,-198],[-91,-238],[-639,-748],[10,-162],[197,-279],[-18,-110],[-132,-88],[-583,-92],[-91,-162],[-20,-343],[80,-504],[212,-138],[173,79],[245,524],[270,210],[548,-25],[288,-123],[113,-135],[2,-247],[-251,-545],[271,-1144],[56,-857],[179,-276],[622,161],[140,-311],[-155,-225],[-616,-344],[-420,-130],[-66,-183],[149,-120],[308,-76],[960,-5],[789,-111],[740,-271],[-20,-282],[-747,-141],[-862,-508],[-258,-536],[-87,-508],[-28,-621],[201,-479],[287,-254],[431,-170],[1235,-56],[1292,-311],[575,-282],[661,-677],[344,-847],[173,-790],[804,-1749],[1034,-1270],[402,-621],[29,-282],[-201,-452],[-288,-479],[-430,-396],[-604,-282],[-1579,-536],[-1954,-451],[-632,56],[-1378,536],[-1609,819],[-1149,733],[-1694,734],[-460,282],[-1178,1383],[-2240,1552],[-230,423],[-57,282],[115,1073],[344,1524],[1322,3160],[28,1101],[-115,395],[58,734],[143,508],[-201,874],[-258,424],[-1149,649],[-575,84],[-545,-84],[-2011,-621],[-2987,-1411],[-345,-960],[-86,-649],[0,-620],[201,-1016],[1666,-2822],[661,-819],[1005,-1580],[373,-452],[891,-705],[373,-564],[115,-1214],[-57,-480],[-173,-451],[-287,-226],[-345,-84],[-1177,-113],[-509,27],[-583,57],[-574,254],[-402,762],[-604,734],[-316,254],[-833,1072],[-660,1552],[-431,790],[-236,-109],[-430,-989],[-255,-287],[-102,-22],[41,-120],[-718,-192],[-635,-459],[-289,159],[-213,595],[-196,289],[-824,373],[-492,106],[-569,-18],[-460,-139],[-299,-241],[-17,-315],[302,-403],[249,-74],[569,152],[258,-29],[555,-366],[704,-223],[160,-213],[52,-300],[-197,-362],[-449,-104],[-500,112],[-573,444],[-401,48],[-383,-191],[-237,-349],[28,-253],[180,-136],[547,310],[372,-25],[152,-176],[-90,-404],[97,-169],[200,-69],[552,21],[281,-170],[25,-317],[-319,-651],[154,-800],[-17,-271],[-111,-179],[-284,4],[-462,580],[-408,230],[-1315,334],[-426,-3],[-176,-153],[-78,-614],[249,-372],[506,-253],[1332,-105],[267,-208],[128,-280],[-46,-295],[-249,-233],[-265,-63],[-718,46],[-265,-183],[-46,-245],[141,-347],[603,-461],[97,-215],[-252,-300],[-650,-202],[-94,-272],[436,-582],[134,-592],[316,-144],[532,239],[298,596],[435,170],[270,410],[176,22],[191,-201],[92,-458],[301,-730],[-73,-166],[-159,-52],[-507,171],[-225,-18],[-842,-425],[-101,-121],[94,-262],[287,-136],[541,305],[507,-26],[259,-160],[96,-282],[-70,-252],[-170,-131],[-262,3],[-520,206],[-274,24],[-419,-122],[-305,-277],[92,-266],[490,-244],[602,-497],[421,-135],[101,-215],[-116,-576],[-306,-251],[-1126,535],[-346,37],[-149,-94],[29,-123],[394,-174],[145,-210],[69,-663],[177,-557],[-119,-355],[-275,-263],[-230,20],[-215,266],[-233,589],[-171,127],[-170,-2],[-1017,-635],[-572,-1160],[12,-347],[173,-156],[208,18],[462,232],[342,-77],[85,-195],[43,-588],[155,-192],[297,-56],[641,79],[247,-78],[118,-214],[-74,-335],[-183,-187],[-257,-34],[-568,149],[-767,575],[-855,-34],[-245,-229],[-284,-815],[-491,-616],[-128,-286],[-14,-263],[109,-175],[683,-106],[148,-158],[-303,-923],[-144,-29],[-166,129],[-69,-112],[-95,-340],[40,-270],[266,-206],[786,-221],[189,78],[332,388],[267,8],[117,-177],[130,-533],[-79,-390],[-142,-255],[-292,-196],[-643,97],[-584,327],[-249,59],[-202,-64],[-212,-246],[-451,175],[-222,-128],[-594,498],[-515,-298],[-215,-44],[-194,93],[-400,433],[-188,49],[-321,-303],[-84,-224],[242,-244],[399,-6],[-33,-359],[-525,-80],[-407,-508],[-584,27],[-553,-298],[-80,-181],[82,-554],[-150,-29],[-343,194],[-172,-41],[-234,-862],[-174,82],[-412,432],[-554,51],[-190,-61],[-335,-971],[-280,118],[-310,-182],[-60,-769],[-602,-1109],[-194,-650],[-354,-164],[-213,-343],[-128,9],[-179,161],[-220,-30],[-183,-555],[-220,-232],[-248,121],[-358,-11],[-38,-121],[151,-204],[34,-722],[-273,-333],[-486,-46],[-256,-353],[71,-177],[373,-144],[13,-337],[-108,-70],[-277,240],[-274,10],[-47,-188],[213,-236],[-456,-248],[-43,-537],[-171,-100],[-524,-4],[-289,-263],[64,-140],[278,-86],[83,-127],[-35,-378],[-245,-498],[111,-262],[283,-226],[-88,-129],[-323,-81],[-97,-317],[-256,-154],[-124,-288],[132,-225],[-164,-276],[-91,-85],[-179,-8],[-141,244],[-197,-3],[-148,-115],[-45,-167],[143,-422],[-54,-140],[-498,-72],[-96,-321],[-304,171],[-200,-41],[33,-227],[241,-211],[-345,-459],[-162,-30],[-325,252],[-255,-60],[-3,-228],[333,-258],[4,-194],[-435,-162],[-99,-301],[-249,132],[-214,-170],[125,-290],[-174,-526],[-115,-6],[-178,144],[-310,-150],[-79,-315],[-581,-93],[35,-137],[330,-204],[-76,-208],[-190,-107],[-462,121],[-228,-113],[-320,28],[-265,-331],[53,-321],[-125,-136],[-442,-285],[-410,-468],[-1353,-722],[-1001,-166],[-712,68],[-790,206],[-1154,-64],[-1094,-607],[-486,-177],[-815,-112],[-691,100],[-195,205],[-297,123],[-493,419],[-352,180],[-108,203],[43,269],[518,530],[-79,246],[-181,113],[12,143],[491,173],[-358,349],[-2,426],[-97,187],[-485,89],[-267,420],[-332,60],[-432,-158],[-328,15],[-104,-114],[-76,-308],[-130,-129],[-166,-59],[-250,42],[-180,290],[308,316],[2,216],[-782,151],[-441,-294],[-188,-30],[-295,373],[45,141],[196,137],[-40,122],[-384,97],[-174,203],[-239,-100],[-317,39],[-76,181],[190,298],[-409,282],[-514,-343],[-864,-126],[-377,-287],[-547,-264],[-852,-122],[-485,-302],[-413,-145],[-290,-295],[-129,22],[-113,183],[-152,59],[-134,-40],[-257,-263],[-205,-34],[-659,377],[-599,-184],[-558,340],[-1079,-206],[-360,75],[-291,-85],[-712,-876],[-106,-426],[-340,-550],[-331,-430],[-408,-334],[-349,-649],[-316,-267],[-332,-31],[-211,114],[-235,-47],[-151,-378],[-384,-312],[-50,-245],[184,-650],[-369,-456],[-253,-494],[-232,-83],[-339,76],[-177,-221],[-88,-272],[-157,-104],[-256,32],[-300,167],[-800,-391],[-299,45],[-286,238],[-204,-172],[-103,-604],[-270,-448],[71,-645],[-46,-361],[-207,-265],[-487,-208],[-184,-427],[184,-1027],[218,-482],[-332,-448],[48,-586],[-205,-263],[7,-245],[-105,-247],[192,-375],[-9,-410],[94,-399],[501,-1051],[92,-556],[-314,-748],[-61,-499],[-215,-488],[102,-730],[-64,-907],[-348,-1284],[-1046,-2441],[-2092,-1927],[-1700,-1156],[-3007,-642],[-1444,-1163],[-307,-109],[-92,-228]],[[2934096,1485212],[-67898,-64945]],[[3306213,1889126],[-554,225],[-473,41],[-566,-408],[-49,-221],[66,-277],[158,-196],[1030,-702],[649,-645],[415,-719],[150,-424],[41,-416],[-249,-2376],[-582,-1331],[-889,-1200],[-708,-1668],[-115,-193],[-482,-310],[-590,-17],[-307,196],[-349,768],[-449,1518],[-108,229],[-357,318],[-939,0],[-1221,-637],[-325,-49],[-573,-16],[-490,98],[-399,229],[-848,1012],[-1304,2465],[-58,2229],[-308,792],[-424,449],[-515,228],[-922,-40],[-432,-237],[-1205,-433],[-1620,-490],[-649,-432],[-432,-580],[-166,-1592],[141,-702],[624,-1053],[831,-1020],[257,-670],[17,-579],[-75,-270],[-349,-506],[-208,-188],[-939,-449],[-1562,-237],[-490,-179],[-864,-163],[-831,-237],[-2327,-890],[-1595,-890],[-258,-196],[-814,-1037],[-457,-302],[-781,-351],[-1006,-196],[-1305,-81],[-1437,-253],[-1853,24],[-407,106],[-707,343],[-1080,613],[-748,546],[-1130,1045],[-141,213],[-33,457],[207,302],[241,155],[491,82],[407,-139],[141,-123],[283,-424],[182,-727],[142,-269],[291,-433],[199,-139],[258,-89],[415,8],[366,122],[1678,-49],[515,147],[266,523],[391,530],[615,327],[299,424],[41,637],[-116,270],[-183,24],[-399,-24],[-922,-319],[-224,-16],[-382,114],[-125,155],[-150,572],[-50,645],[-432,1045],[-432,245],[-307,73],[-2186,33],[-149,65],[-507,465],[-814,1160],[-565,391],[-474,-16],[-515,-245],[-283,-441],[-448,-1420],[-374,-629],[-374,-367],[-499,-245],[-382,-57],[-540,228],[-175,172],[-291,547],[-515,539],[-266,171],[-448,25],[-532,-115],[-2186,-1641],[-274,-326],[-33,-678],[125,-620],[166,-302],[316,-188],[589,-180],[674,-16],[482,-114],[349,-351],[157,-376],[-8,-204],[-133,-229],[-224,-130],[-250,8],[-216,8],[-1105,441],[-947,8],[-615,-269],[-631,-449],[-973,-1151],[-1005,-1739],[-316,-1184],[-58,-1094],[-83,-188],[-158,-114],[-191,-65],[-341,57],[-415,212],[-732,523],[-274,392],[-33,236],[565,890],[291,727],[33,310],[-174,620],[-557,735],[-981,555],[-1096,327],[-1139,49],[-465,-139],[-249,-433],[-75,-653],[399,-677],[357,-278],[1388,-563],[664,-702],[108,-784],[-83,-1061],[-390,-1070],[-407,-587],[-914,-964],[-1962,-1469],[-465,-645],[-133,-490],[-141,-196],[-216,-188],[-623,-253],[-200,0],[-440,172],[-249,302],[-84,196],[-83,1298],[-282,408],[-374,237],[-407,130],[-848,8],[-498,172],[-324,16],[-1131,-245],[-1180,-49],[-664,286],[-383,24],[-357,-138],[-216,-237],[-374,-841],[-449,-612],[-531,-539],[-399,-743],[-806,-784],[-1089,-514],[-216,-57],[-590,33],[-249,49],[-233,155],[-158,236],[-332,1356],[-357,645],[-441,514],[-540,326],[-507,196],[-274,25],[-739,-57],[-914,-262],[-607,-16],[-590,163],[-1537,809],[-407,8],[-366,-221],[-166,-220],[-225,-776],[25,-481],[274,-866],[325,-555],[739,-596],[249,-351],[25,-359],[-141,-204],[-100,-82],[-1271,33],[-1080,-114],[-956,-278],[-1637,-286],[-482,-293],[-316,-82],[-706,-57],[-232,81],[-175,180],[-307,645],[-25,588],[-266,939],[50,595],[332,368],[1130,686],[781,767],[565,890],[108,522],[-25,490],[-183,669],[-199,164],[-249,57],[-1288,-16],[-1405,-294],[-1030,-490],[-1462,-841],[-2020,-498],[-315,-114],[-549,-376],[-282,-473],[-92,-376],[-41,-343],[83,-743],[282,-1330],[1147,-2057],[108,-335],[67,-792],[-100,-947],[-283,-229],[-631,-57],[-1695,531],[-1039,-82],[-1811,-751],[-1770,-939],[-524,-359],[-191,-522],[33,-711],[308,-1314],[141,-1494],[-42,-375],[-307,-760],[-249,-244],[-183,-33],[-549,-8],[-382,106],[-1570,947],[-914,392],[-216,122],[-532,719],[-158,644],[33,302],[225,482],[598,784],[124,286],[34,612],[-225,637],[-764,987],[-682,1290],[-182,1127],[-482,1143],[-158,196],[-490,204],[-557,0],[-249,-57],[-325,-482],[-58,-351],[50,-604],[191,-514],[374,-523],[233,-571],[-25,-539],[-349,-1061],[-166,-294],[-366,-74],[-482,139],[-390,245],[-848,1045],[-266,547],[-108,530],[133,939],[922,1551],[75,694],[-183,449],[-382,245],[-515,98],[-731,-16],[-1346,-180],[-574,-579],[-266,-498],[-232,-262],[-790,-449],[-623,-212],[-1388,-65],[-1529,588],[-698,530],[-265,310],[-682,1249],[-316,1429],[9,841],[-117,873],[-124,605],[-233,595],[-490,686],[-1172,841],[-465,98],[-1097,-163],[-4479,90],[-2169,-441],[-947,-90],[-573,-171],[-1197,-580],[-399,-270],[-698,-138],[-947,130],[-881,539],[-490,139],[-1695,-74],[-283,58],[-1005,293],[-640,466],[-565,286],[-806,220],[-931,82],[-241,106],[-116,163],[17,555],[390,580],[540,400],[840,302],[905,204],[233,163],[523,865],[291,727],[75,351],[-33,718],[-316,401],[-648,457],[-1030,228],[-865,-57],[-648,-196],[-208,-139],[-357,-555],[-474,-1232],[-606,-572],[-607,-408],[-1213,-596],[-1105,-841],[-972,-604],[-2319,-833],[-440,-294],[-100,-195],[-16,-270],[124,-392],[1105,-1069],[433,-710],[473,-539],[1097,-2115],[274,-236],[2385,-1233],[1446,-1225],[1828,-702],[175,-155],[91,-555],[-158,-775],[-258,-286],[-1113,-563],[-324,-262],[-316,-579],[-108,-678],[-116,-253],[-166,-286],[-258,-220],[-266,-106],[-1429,-123],[-598,131],[-200,155],[-216,474],[-33,498],[332,1224],[-16,449],[-333,318],[-299,107],[-1379,171],[-532,302],[-540,653],[-141,1453],[-349,792],[-275,286],[-556,375],[-673,58],[-607,-229],[-1355,-800],[-756,-759],[-748,-392],[-448,-16],[-1047,146],[-258,-32],[-440,-253],[-358,-539],[-282,-678],[-158,-612],[-41,-743],[423,-686],[798,-726],[208,-310],[91,-547],[-58,-278],[-366,-359],[-1229,-245],[-674,-294],[-722,-710],[-649,-376],[-596,-158],[-289,91],[-927,515],[-497,819],[67,713],[148,422],[457,1004],[645,792],[175,859],[-54,554],[-497,1598],[-390,2192],[67,1928],[-121,2021],[67,977],[-161,805],[-296,489],[-201,40],[-215,-66],[-216,-581],[-107,-383],[-54,-806],[188,-1598],[-80,-356],[-175,-317],[-390,-212],[-645,80],[-497,237],[-834,885],[-793,1743],[-13,674],[175,1056],[-81,317],[-161,198],[-350,132],[-672,-39],[-1263,-397],[-968,106],[-1250,726],[-605,66],[-242,-79],[-121,-185],[-94,-568],[430,-488],[363,-594],[0,-489],[-739,-832],[-377,-238],[-1761,-449],[-1048,-66],[-1277,185],[-430,225],[-309,66],[-928,-66],[-752,264],[-565,436],[-618,581],[-417,924],[-188,185],[-1774,1096],[-713,607],[-134,225],[-188,1003],[-511,555],[-605,264],[-2648,344],[-511,-146],[-699,-541],[-483,-542],[-41,-501],[81,-251],[202,-198],[228,-80],[1290,0],[336,-118],[121,-238],[0,-343],[-255,-806],[-40,-700],[188,-766],[-94,-277],[-457,-277],[-941,-132],[-242,-106],[-134,-119],[67,-502],[1102,-647],[1344,-1413],[968,-726],[336,-687],[94,-581],[-161,-1505],[-982,-1241],[-725,-383],[-283,-225],[-201,-290],[-41,-1453],[-121,-291],[-201,-224],[-229,-66],[-2594,0],[-1478,317],[-2783,79],[-578,251],[-282,357],[-67,1082],[-215,1162],[40,766],[148,264],[255,172],[215,53],[565,-291],[1021,-1650],[753,-713],[430,-264],[390,-27],[753,132],[282,145],[1640,1308],[309,462],[27,528],[-81,330],[-228,185],[-565,211],[-1707,-118],[-981,317],[-914,1003],[-618,277],[-444,106],[-497,277],[-766,621],[-484,581],[-484,343],[-1989,661],[-968,541],[-766,581],[-740,991],[-699,290],[-725,132],[-861,0],[-699,-132],[-470,-238],[-121,-158],[13,-370],[215,-145],[1129,53],[457,-238],[982,-779],[672,-1004],[13,-422],[-94,-344],[-134,-211],[-323,-198],[-1599,-753],[-269,-224],[-309,-436],[-162,-436],[-268,-1598],[-242,-937],[-511,-1202],[-498,-449],[-483,-832],[-189,-132],[-228,-39],[-323,171],[81,238],[578,779],[242,462],[67,304],[-107,1070],[-323,700],[-1116,1346],[-53,357],[80,673],[121,212],[672,634],[309,409],[94,264],[-80,502],[-659,383],[-1814,594],[-511,370],[-135,224],[-241,1440],[-484,1069],[-753,793],[-1116,818],[-376,119],[-390,383],[256,476],[672,607],[1250,1585],[712,700],[484,317],[2231,858],[430,304],[81,237],[-67,264],[-188,251],[-1425,1030],[-256,278],[-551,845],[-228,766],[-390,567],[-1828,1823],[-1882,2786],[-1882,1796],[-134,159],[-27,211],[148,185],[242,119],[860,184],[363,159],[753,726],[336,1057],[416,713],[901,871],[686,766],[752,1070],[1936,2060],[175,594],[-148,1321],[-94,369],[-834,1096],[-107,304],[0,211],[107,159],[471,224],[1330,0],[619,449],[148,251],[53,674],[-53,317],[-310,647],[-1371,1399],[-443,304],[-282,344],[-646,1254],[-685,515],[-471,185],[-927,132],[-941,-238],[-1653,-805],[-699,-238],[-793,-449],[-1317,-528],[-1560,-357],[-1236,-92],[-645,-660],[-1533,-1136],[-40,-594],[175,-396],[685,-766],[41,-198],[-81,-265],[-390,-448],[-1089,-449],[-672,-185],[-3360,290],[-833,172],[-1197,79],[-510,225],[-363,39],[-310,-119],[-215,-185],[-107,-264],[201,-396],[525,-594],[27,-304],[-135,-290],[-497,-436],[-229,-106],[-484,-53],[-403,133],[-255,250],[27,1083],[-323,396],[-685,93],[-1022,-93],[-148,-158],[-54,-225],[95,-211],[618,-449],[322,-449],[-67,-832],[-134,-396],[-632,-858],[-1263,-1123],[-646,-964],[-981,-766],[-255,-396],[-202,-422],[-175,-700],[202,-1017],[81,-1109],[-242,-2047],[-175,-396],[-739,-911],[-632,-581],[-255,-133],[-189,-39],[-174,106],[-188,647],[26,1465],[336,1545],[-94,608],[-470,990],[-565,845],[-282,846],[-564,475],[-417,119],[-296,-93],[-67,-171],[-81,-1123],[-349,-766],[-81,-884],[-188,-172],[-161,0],[-296,317],[-323,1056],[-376,449],[-726,344],[-672,-93],[-403,-198],[-255,-264],[-296,-568],[-565,-1532],[-282,-383],[-282,-277],[-1035,-713],[-1035,-343],[-1519,-370],[-1277,-106],[-1183,-396],[-1062,-92],[-752,-185],[-162,-225],[-53,-304],[322,-1082],[81,-925],[363,-845],[349,-304],[81,-171],[-67,-489],[-323,-449],[-927,-436],[-619,-686],[-1102,-832],[-874,26],[-484,-264],[-497,13],[-296,-92],[-241,-225],[-269,-528],[13,-594],[175,-713],[753,-1308],[215,-250],[524,-278],[161,-343],[14,-475],[-121,-317],[-484,-476],[-619,-251],[-1371,-119],[-1035,-1016],[-470,-93],[-269,436],[-296,885],[-914,792],[-618,225],[-591,13],[-269,-66],[-807,-568],[-3306,-1109],[-511,-489],[-107,-858],[-269,-396],[-941,-687],[-377,-159],[-604,-39],[-1331,396],[-2299,475],[-833,53],[-927,-105],[-1318,-27],[-2325,357],[-753,26],[-1465,304],[-1976,739],[-510,27],[-847,-159],[-1506,594],[-887,251],[-3024,-224],[-1465,-13],[-417,237],[-107,278],[40,607],[-202,476],[-497,356],[-632,93],[-726,-185],[-349,-317],[-417,-1387],[-349,-383],[-215,13],[-390,331],[-457,39],[-712,-343],[-592,-423],[-390,-713],[-53,-383],[53,-343],[592,-1162],[1129,-1519],[282,-634],[376,-1598],[-40,-713],[-242,-515],[-645,-871],[-94,-278],[67,-290],[121,-251],[860,-713],[578,-277],[1035,-278],[861,-673],[0,-1175],[-296,-859],[-108,-818],[14,-780],[-135,-726],[-295,-898],[0,-541],[255,-1426],[605,-1717],[-135,-634],[-161,-317],[-954,-911],[-726,-1215],[-484,-211],[-497,0],[-793,884],[-296,951],[-699,1611],[-255,212],[-982,1215],[-228,145],[-1694,449],[-699,26],[-430,-317],[-887,-1267],[-27,-172],[-699,-1136],[-13,-185],[215,-449],[564,-647],[632,-528],[1196,-700],[2259,-990],[2137,-581],[188,-159],[121,-237],[-67,-529],[-699,-1888],[-282,-1822],[-202,-542],[-471,-356],[-578,-198],[-551,-80],[-578,185],[-1075,991],[-282,171],[-1116,529],[-2150,1228],[-699,105],[-1613,-237],[-350,118],[-148,344],[377,1175],[-67,621],[-417,884],[-390,608],[-161,79],[-309,-13],[-1385,-885],[-511,-39],[-363,145],[-198,183],[-86,212],[-11,496],[473,909],[183,940],[-65,697],[-290,423],[-484,10],[-258,-190],[-118,-591],[32,-677],[-355,-876],[-581,-539],[-247,-116],[-323,-22],[-774,53],[-365,148],[-1194,1078],[-817,1077],[-742,497],[-1043,338],[-97,106],[-86,359],[21,517],[173,539],[258,264],[483,21],[1484,-750],[592,-211],[355,106],[387,348],[236,402],[43,253],[-107,338],[-291,190],[-1494,-52],[-613,148],[-839,591],[-290,666],[64,1003],[592,1321],[312,1257],[21,338],[-215,930],[0,1172],[387,1965],[0,708],[-419,222],[-340,-93],[-784,-788],[-1207,-923],[-719,-968],[-248,-647],[-795,-681],[-364,-510],[-380,-267],[-632,-7],[-760,154],[-1032,383],[-842,588],[-766,701],[-426,1021],[-205,924],[-447,957],[33,1211],[-219,611],[-274,211],[-665,201],[-1285,143],[-926,263],[-266,233],[-13,284],[197,258],[240,846],[-284,896],[-408,560],[-246,890],[7,984],[273,1010],[-55,1880],[324,1277],[-63,288],[-265,300],[-539,219],[-1148,136],[-1198,489],[-1179,287],[-1924,46],[-624,-148],[-1543,-174],[-1111,135],[-756,237],[-1450,126],[-2464,-236],[-1263,-219],[-1101,-339],[-670,-347],[-982,-1263],[-467,-103],[-383,95],[-581,448],[-1244,1588],[-510,784],[-1415,1810],[-990,1764],[-719,731],[-801,344],[-2691,767],[-531,353],[-842,840],[-812,601],[-1261,249],[-1759,630],[-613,-109],[-581,10],[-710,145],[-519,-70],[-278,149],[-637,1768],[-20,575],[-194,883],[-173,2123],[-626,1140],[-369,1077],[0,260],[185,518],[-344,1940],[-252,671],[-558,388],[-1232,-56],[-601,-330],[-726,-840],[-597,-508],[-119,-255],[50,-814],[1221,-2157],[373,-1175],[655,-968],[441,-924],[39,-886],[-77,-289],[-356,-460],[-638,-387],[-1908,-636],[-798,-556],[-423,-441],[-1157,-661],[-1095,-882],[-399,-453],[-226,-480],[-300,-354],[-358,-1012],[-467,-461],[-723,-87],[-1122,234],[-885,389],[-896,788],[-229,273],[-1137,2332],[-1556,1587],[-427,811],[-322,388],[-592,271],[-825,8],[-514,-123],[-367,-304],[-102,-282],[22,-235],[540,-892],[488,-370],[333,-134],[1192,27],[258,-90],[1037,-1397],[283,-907],[285,-357],[410,-798],[303,-350],[349,-790],[263,-392],[130,-563],[689,-1503],[662,-1057],[86,-782],[-102,-313],[-297,-342],[-476,-487],[-602,-395],[-280,-472],[-65,-477],[-351,-399],[-94,-678],[-320,-186],[-739,9],[-903,269],[-1467,694],[-992,697],[-817,922],[-1129,974],[-1028,331],[-860,-9],[-465,-233],[-873,-1059],[-130,-727],[-295,-279],[-284,-458],[-882,-400],[-667,-139],[-720,-341],[-110,-415],[113,-565],[317,-413],[493,-354],[1053,-568],[1164,-283],[693,-58],[321,-382],[528,-914],[534,-1527],[-55,-845],[-443,-1816],[400,-829],[45,-287],[-242,-538],[-380,-84],[-450,209],[-270,375],[-143,1665],[-259,447],[-1077,1054],[-711,519],[-1011,900],[-757,943],[-422,687],[-285,209],[-614,-28],[-475,-470],[-142,-599],[123,-1105],[-5,-566],[-106,-181],[-1020,-505],[-2592,-55],[-789,-197],[-291,-209],[-359,-540],[-643,-556],[-260,-98],[-1546,181],[-1883,732],[-964,510],[-607,491],[-352,128],[-1223,801],[-1034,568],[-409,52],[-681,-291],[-647,-7],[-1212,512],[-857,906],[-1489,1945],[-451,378],[-1865,1934],[-408,1001],[-584,1055],[-1068,1409],[-893,838],[-1048,760],[-803,327],[-166,139],[-275,668],[-193,1206],[-195,594],[-350,579],[-501,1297],[-655,1206],[-1286,1082],[-2612,1570],[-1866,36],[-981,273],[-499,224],[-973,91],[-928,-6],[-1219,-335],[-604,233],[-350,434],[-336,850],[-17,1059],[-195,1675],[-430,1181],[-267,430],[-835,599],[-476,56],[-382,-70],[-826,-624],[-1071,-620],[-1851,64],[-551,-102],[-600,-286],[-786,-182],[-1088,106],[-365,-164],[-462,-81],[-114,-348],[98,-564],[312,-399],[747,-660],[406,-170],[549,-70],[696,42],[526,154],[244,-194],[115,-366],[-254,-283],[-823,-230],[-925,-434],[-558,-513],[-246,-133],[-393,-69],[-691,174],[-1596,1968],[-467,1602],[-274,524],[-391,1181],[-57,1692],[-115,284],[-1370,1519],[-401,19],[-616,-351],[-464,664],[9,283],[474,317],[98,202],[-71,303],[-422,261],[-44,128],[301,233],[420,797],[-529,360],[-214,479],[-557,120],[-183,151],[0,147],[395,629],[-68,79],[-327,-40],[-219,296],[35,276],[318,536],[-156,962],[-492,280],[-316,-14],[-65,-165],[64,-193],[396,32],[88,-57],[-536,-622],[-38,-455],[-152,-46],[-343,297],[-304,-385],[-196,-44],[-277,271],[-140,529],[-205,-13],[-236,-219],[-186,132],[-26,270],[435,258],[-130,278],[-418,266],[-497,-96],[-1106,449],[-89,-61],[4,-216],[-192,-222],[118,-414],[226,-340],[-44,-155],[-240,-74],[-202,128],[-161,329],[45,425],[-122,109],[-428,-317],[85,-326],[-174,-348],[-262,-69],[-290,253],[-172,597],[149,141],[536,79],[222,219],[51,214],[-156,135],[-419,60],[-549,-7],[-270,-111],[-156,58],[-36,300],[-177,271],[186,493],[-199,237],[-132,340],[-117,-56],[-128,-337],[-241,-99],[-323,19],[-368,313],[-355,-3],[-120,-99],[-60,-327],[-90,-90],[-173,95],[-330,464],[-262,30],[-131,-155],[375,-344],[11,-146],[-96,-104],[-328,-75],[-508,268],[-94,-395],[-521,-4],[-422,-220],[-282,67],[-272,251],[-432,144],[-79,122],[-25,379],[-151,43],[-226,-193],[95,-402],[-263,-244],[-594,-127],[-469,524],[-160,-91],[-41,-354],[-170,-148],[-246,30],[-354,325],[-222,-155],[-125,-375],[-258,249],[-243,18],[-366,-448],[69,-307],[-361,-160],[-243,-303],[-191,78],[-116,289],[345,509],[-305,168],[-70,204],[117,263],[355,281],[-405,393],[-103,-66],[-88,-451],[-370,-70],[111,-341],[-44,-120],[-128,-7],[-409,203],[-162,-54],[-29,-183],[149,-297],[-372,-129],[146,-336],[-85,-144],[-395,81],[-301,-137],[-253,-3],[-129,94],[-152,304],[-323,-257],[-583,-137],[-155,128],[-209,493],[-207,114],[-516,-226],[-644,-104],[-508,-214],[-229,40],[-91,287],[-226,138],[-495,-34],[-273,-176],[-470,3],[-185,-101],[-944,443],[-386,274],[246,547],[-161,171],[-284,135],[-762,136],[-198,-251],[-129,0],[-708,485],[-193,316],[-580,232],[-150,211],[0,147],[311,507],[-199,167],[-1121,148],[-257,-527],[-322,-84],[-64,379],[-644,506],[-86,169],[236,190],[322,-274],[172,105],[-22,591],[-107,189],[-494,-21],[-408,-485],[-236,0],[-171,169],[-22,274],[-135,226],[-871,-148],[-316,-236],[-124,-589],[-149,-270],[-745,-319],[-397,102],[-138,-136],[-537,21],[-300,168],[-215,21],[-515,-42],[-258,-126],[-472,0],[-279,190],[-236,674],[0,675],[301,422],[-646,704],[-121,413],[659,21],[258,127],[129,316],[-408,358],[-279,0],[-322,211],[258,527],[-151,211],[-300,190],[-107,0],[-129,-127],[-22,-295],[-407,-337],[-571,265],[-1083,0],[-85,-645],[-128,-21],[-344,738],[-150,0],[-107,-295],[-150,0],[-151,485],[-450,-21],[-301,-274],[-472,189],[-193,-84],[-215,-274],[0,-148],[-236,-105],[-171,190],[-80,393],[-1013,244],[-355,253],[-71130,1199],[-1001,807],[-849,937],[-199,427],[-164,689],[-31,1089],[-889,647],[-337,621],[-537,466],[-302,79],[-563,-429],[-232,-35],[-1170,491],[-391,38],[-290,-122],[-600,-513],[-622,-100],[-472,70],[-1318,426],[-60,587],[-178,265],[-565,-89],[-179,58],[-89,177],[-565,-1],[-208,117],[-1071,-60],[-416,88],[-238,-235],[-59,-235],[-328,117],[-416,-1],[-205,-180],[113,592],[0,524],[-533,466],[-949,1048],[-889,1630],[-415,291],[-888,350],[-429,28],[7,-58],[-147,-8],[-43,135],[-422,38],[28,-180],[-228,20],[-8,136],[-418,63],[-237,-524],[-948,-931],[-593,-233],[-1422,582],[-1660,873],[-1363,1281],[-533,-349],[-356,-757],[237,-1572],[38,-998],[-839,38],[-325,145],[-711,757],[-948,1281],[-2726,291],[-7468,1805],[-1067,116],[-475,-59],[-1759,776],[-3906,1362],[-4826,-123],[-1903,-158],[-1101,-167],[-689,-350],[-1757,58],[-1600,699],[-533,117],[-1660,116],[-2608,0],[-3022,-116],[-2845,-233],[-652,-135],[-1496,-70],[-2386,67],[-1,191],[-1029,0],[-1489,861],[-1051,774],[-2715,344],[-1664,-172],[-1489,-1119],[-701,-774],[-438,-1325],[-167,-295],[326,-1815],[-543,-1600],[-652,-1067],[-1629,-2028],[-1521,-2241],[217,-1494],[-760,-1707],[-217,-1601],[-1412,-2027],[-652,-1388],[-217,-2561],[0,-2774],[-326,-1708],[37,-1920],[-72,-463],[-441,-439],[-113,-291],[-508,-598],[-20,-156],[137,-235],[-60,-144],[-421,-358],[-785,-5],[-345,-190],[-656,-788],[-663,-495],[0,-1708],[-218,-2027],[109,-2028],[-2172,-3948],[-2173,-3415],[-1303,-1387],[-1629,-107],[-1956,2135],[-3041,1814],[-3910,1067],[-4888,1067],[-2824,213],[-1521,-747],[-1629,-1707],[-652,-2134],[-760,-1814],[-1412,-1281],[-1412,-320],[-2173,0],[-1520,427],[-1521,-640],[-1412,-747],[-1412,-534],[-2172,427],[-1412,107],[-1412,-1068],[-129,-505],[-127,-2349],[-789,-688],[-788,-430],[-263,-861],[-701,-1549],[-1664,-2840],[-438,-1548],[88,-1377],[-526,-947],[-175,-946],[-350,-861],[-526,-430],[-700,-775],[-876,-516],[-789,-258],[-613,-430],[-700,-345],[-1139,-172],[-876,-1032],[-350,-861],[-964,-1205],[0,-3528],[442,-1183],[530,-2075]],[[2583585,1853309],[-1174,-1418],[-1632,-2406],[-2037,-2236],[-2222,-3374],[-2082,-1501],[-568,-750],[-283,-702],[0,-468],[381,-1264],[1329,-1731],[854,-1684],[49,-890],[-189,-702],[-331,-375],[-852,-189],[-853,93],[-1089,-844],[-425,-562],[-1844,-3093],[-2742,-3795],[-2224,-1829],[-1893,-1266],[-2604,-1127],[-994,-704],[-615,-609],[-1183,-751],[-2510,-705],[-2035,-939],[-2130,-1313],[-1941,-565],[-994,-703],[-899,-469],[-569,-1],[-805,327],[-1043,981],[-807,1076],[-191,1264],[-522,842],[-712,842],[-1042,560],[-2227,-49],[-1088,-376],[-1374,-2],[-995,139],[-995,561],[-617,982],[-286,983],[-1,983],[721,1260],[0,312],[149,329],[465,724],[-134,460],[50,214],[448,641],[99,559],[-200,280],[-432,180],[-533,788],[-736,433],[-2085,559],[-757,-1],[-1089,-330],[-1515,-1125],[-850,-1921],[-809,-2782],[-700,-1620],[-615,-563],[-1610,-423],[-1279,-49],[-1421,186],[-1042,-2],[-378,-328],[-616,-235],[-473,-281],[-1894,-49],[-1138,419],[-616,608],[-900,327],[-1137,232],[-948,46],[-663,-142],[-1940,-892],[-1468,-236],[-1088,-844],[-803,-1405],[-1041,-704],[-758,-48],[-1137,233],[-853,-48],[-2176,-1267],[-2936,-472],[-804,-469],[-993,-1406],[-379,93],[-664,468],[-427,467],[-331,234],[-568,-235],[-237,-375],[-473,-235],[-426,0],[-521,186],[-190,421],[-239,1311],[-285,280],[-615,140],[-380,187],[-947,-95],[-237,140],[-427,514],[46,1124],[236,936],[-96,609],[425,609],[189,421],[-48,421],[284,656],[-96,749],[-1612,840],[-2179,700],[-2653,464],[-3439,127],[-1821,415],[-10308,128],[-2951,567],[-331,-328],[-520,-141],[-474,0],[-1706,793],[-1420,-49],[-475,327],[-426,140],[-805,45],[-3313,-1034],[-1184,-236],[-1184,-49],[-1043,607],[-522,983],[-332,327],[-1042,-49],[-1372,-563],[-615,-469],[1,-422],[427,-1029],[48,-421],[-93,-702],[-947,-236],[-663,-281],[-685,-623],[-544,-830],[-473,-94],[-757,-610],[-426,-235],[-899,-1],[-1373,-142],[-663,-329],[-567,-469],[-331,-422],[-568,-141],[-1468,138],[-475,655],[-426,46],[-284,-188],[-3549,-1503],[-1372,-1031],[-188,-843],[96,-515],[665,-1777],[381,-1498],[3,-1544],[-568,-609],[-946,-142],[-1280,560],[-1185,840],[-901,841],[-474,749],[-475,467],[-284,140],[-284,-1],[-237,281],[93,749],[236,468],[47,562],[-97,1638],[-191,889],[-806,373],[-805,186],[-1089,-1],[-1184,-143],[-3030,43],[-1090,232],[-663,233],[-1089,45],[-947,279],[-854,748],[-190,702],[-50,1123],[709,1124],[141,656],[-285,608],[-759,560],[-710,327],[-569,46],[-2367,-144],[-3220,275],[-1373,-189],[-1182,-798],[-1468,-49],[-1421,279],[-2038,886],[-1469,887],[-1468,278],[-1799,-49],[-2463,230],[-2840,-613],[-1088,-142],[-2111,-1252]],[[2747221,1765781],[28,-485],[163,-242],[514,-107],[164,252],[171,29],[228,-42],[513,-338],[114,-211],[14,-394],[-28,-197],[-213,-254],[438,11],[-15,-121],[-472,-527],[-243,-422],[0,-241],[194,-405],[539,-482],[603,-384],[240,-63],[-43,-617],[143,-169],[85,-84],[171,42],[863,500],[272,27],[901,-708],[1,-197],[-299,-268],[-342,-141],[-441,14],[-143,-85],[57,-126],[338,-184],[383,-447],[46,-181],[-244,-301],[0,-211],[159,-164],[403,-353],[512,-101],[413,-225],[669,-210],[257,-380],[157,-746],[242,-352],[257,99],[269,476],[-78,863],[354,215],[272,-80],[382,-269],[572,-54],[272,55],[145,73],[-410,355],[-85,183],[185,99],[171,-57],[513,-436],[325,-731],[288,-434],[552,311],[67,-29],[51,-763],[142,-225],[385,0],[171,-225],[427,-323],[499,-70],[156,-113],[-113,-295],[28,-310],[621,-314],[596,49],[1008,-80],[409,-350],[312,-627],[261,-325],[312,-766],[304,-37],[904,285],[523,28],[-7,-450],[228,-267],[-29,-84],[-171,-1],[-620,334],[-218,-54],[-55,-296],[191,-269],[-136,-350],[-190,-135],[-218,134],[-191,0],[0,-188],[256,-176],[741,-42],[470,-168],[611,-372],[51,-156],[-51,-109],[-451,-49],[-120,-131],[260,-450],[285,71],[56,309],[143,85],[114,0],[99,-169],[-42,-591],[-156,-268],[-285,-28],[-142,-169],[-228,-662],[72,-450],[228,-271],[386,-260],[239,73],[127,317],[-350,300],[-65,121],[22,281],[161,144],[408,28],[1370,-963],[270,-371],[-690,-72],[-27,-242],[191,-269],[-136,-350],[-517,-324],[-409,-377],[-1171,-507],[12,-227],[587,-497],[-2,-546],[-205,-228],[-472,-43],[-197,295],[-211,8],[-106,-176],[39,-592],[-238,-109],[-844,-4],[-1793,361],[-408,-162],[-191,-242],[0,-269],[308,-559],[-29,-183],[-782,-747],[-1040,-142],[-34,-520],[-891,590],[-556,169],[-142,-113],[-71,-254],[57,-197],[328,-450],[-128,-70],[-243,42],[-527,196],[-99,-98],[-14,-535],[-227,-648],[-34,-714],[380,-173],[94,-125],[-213,-211],[-327,-81],[-517,-404],[-164,-404],[1,-226],[326,-449],[-28,-198],[-257,-338],[-199,-28],[-92,63],[-126,-179],[0,-281],[-102,-241],[-243,-101],[-467,-382],[-20,-195],[-198,-347],[80,-289],[395,-156],[123,-395],[310,-257],[418,310],[354,108],[708,-53],[-54,-296],[-163,-81],[-681,-55],[-245,-242],[28,-377],[190,-54],[327,108],[303,129],[282,251],[328,-28],[171,-182],[43,-662],[-797,-930],[-57,-325],[-135,-218],[-572,-512],[-470,-699],[-239,162],[163,527],[-61,200],[-244,0],[-142,-201],[-230,-1197],[711,-618],[495,190],[122,-41],[227,-1390],[156,-227],[343,-76],[47,208],[203,261],[264,81],[203,-101],[244,-381],[82,-843],[-121,-1285],[51,-1205],[-141,-549],[621,-339],[260,-674],[622,-370],[167,-15],[178,-214],[-273,-161],[-680,21],[-100,-1154],[-121,-71],[-494,64],[-72,-135],[29,-375],[151,-134],[615,-226],[94,-453],[773,-261],[0,-213],[-1380,-1543],[-114,-545],[14,-573],[-164,-234],[-451,-92],[-107,-92],[-207,-708],[-229,-227],[-930,-552],[-315,-397],[7,-127],[115,-85],[508,-70],[279,-319],[29,-205],[-343,-594],[-200,-616],[-315,-135],[-200,64],[-215,481],[-824,119],[-952,-21],[-193,-177],[-56,-772],[78,-233],[208,-177],[1038,-226],[401,1],[215,-184],[-21,-319],[143,-247],[200,-57],[902,50],[466,-240],[21,-113],[-21,-170],[-379,-319],[-179,-431],[36,-467],[150,-57],[265,-332],[-64,-291],[-279,-318],[-601,-270],[-272,-21],[-129,28],[-236,319],[-186,70],[-122,-474],[-128,-127],[-279,-8],[-215,120],[-452,892],[-343,141],[-286,-319],[-93,-452],[14,-269],[258,-283],[445,-906],[0,-120],[-465,-630],[-272,-743],[0,-255],[187,-354],[465,-14],[408,227],[57,170],[-330,417],[15,121],[472,389],[422,-155],[115,212],[49,672],[151,64],[150,-148],[287,-694],[286,-382],[38,-439],[-280,-728],[100,-71],[508,156],[365,0],[93,-134],[-343,-1069],[237,-283],[-79,-276],[-121,-184],[-559,-220],[-486,-304],[-186,-227],[-114,-269],[222,-403],[-14,-488],[-179,-269],[-243,-92],[-43,-255],[193,-127],[301,-29],[594,312],[508,-410],[351,-537],[144,-50],[622,376],[143,14],[129,-99],[-7,-170],[136,-212],[651,821],[193,135],[136,0],[902,-318],[151,-191],[143,-446],[1016,560],[1403,114],[100,184],[121,899],[150,35],[165,-757],[452,-587],[229,-1054],[373,-163],[672,100],[8,-510],[272,-275],[351,99],[500,970],[64,276],[201,127],[193,-354],[44,-615],[-72,-227],[-315,-375],[-143,-318],[-163,-1388],[57,-367],[351,-673],[44,-403],[143,-56],[207,276],[358,233],[121,468],[86,35],[594,-339],[43,-198],[-85,-559],[-129,-64],[-558,-1],[-265,-127],[-372,-425],[-136,-382],[187,-276],[279,-99],[988,-91],[-43,-531],[115,-78],[880,531],[1016,320],[72,-284],[-301,-658],[115,-148],[387,-127],[314,28],[115,142],[43,353],[93,85],[207,-49],[358,-283],[1618,185],[14,-85],[-343,-226],[7,-114],[122,-99],[186,-28],[322,121],[644,85],[501,241],[479,559],[451,-537],[573,-184],[186,43],[264,679],[29,460],[-100,135],[-609,20],[-329,319],[-15,141],[79,290],[372,347],[722,418],[323,43],[114,212],[-72,453],[272,-85],[602,-488],[1510,-27],[207,78],[365,588],[186,49],[150,-63],[287,-814],[-35,-545],[623,-268],[522,120],[222,-106],[72,-134],[64,-170],[-57,-396],[-758,-29],[-86,-85],[172,-467],[222,-325],[186,-92],[494,-42],[487,-170],[164,99],[29,304],[-94,559],[50,828],[150,177],[136,36],[430,-262],[659,-820],[36,-241],[-501,-64],[-387,-191],[-128,-177],[35,-184],[151,-78],[522,22],[79,-71],[165,-750],[100,0],[229,198],[43,368],[415,100],[72,-977],[-21,-191],[-129,-113],[-544,-135],[-372,-269],[7,-170],[215,-354],[-71,-269],[-157,-63],[-574,171],[-293,-66],[72,-247],[344,-347],[72,-311],[-272,-559],[-393,-234],[895,-1111],[222,-113],[93,36],[114,226],[57,319],[372,290],[279,21],[15,-403],[-86,-290],[-493,-637],[-788,20],[-372,-78],[-343,-311],[7,-142],[408,-191],[287,36],[400,262],[236,64],[179,-50],[337,-488],[29,-162],[-50,-99],[-465,-156],[-215,-277],[-78,-438],[-244,-284],[-272,-14],[-129,142],[-536,-71],[-7,-482],[114,-141],[917,-240],[501,-233],[637,-14],[401,106],[479,15],[251,-128],[29,-247],[-651,-595],[-286,-687],[50,-417],[251,-219],[157,-7],[315,226],[193,-56],[180,-658],[265,-404],[28,-106],[-128,-127],[-645,-78],[-28,-142],[107,-156],[731,-325],[1259,-70],[494,-98],[738,-241],[143,-141],[22,-347],[-393,-703],[-253,356],[-641,554],[-201,431],[-224,-8],[-346,-313],[347,-265],[178,0],[179,-188],[57,-1470],[101,-486],[196,-329],[-39,-390],[-1550,-1176],[-797,-461],[-425,-144],[-805,-45],[-201,144],[-23,210],[313,177],[559,133],[313,321],[23,132],[-202,630],[-336,332],[0,575],[-123,187],[-157,11],[-346,-442],[-179,-564],[-33,-663],[-134,-144],[-201,55],[-403,531],[-693,530],[-325,33],[-704,243],[-380,10],[-682,-298],[-447,-520],[-492,-188],[-324,88],[-67,-144],[-11,-752],[-391,-398],[-11,-121],[136,-191],[304,-130],[-149,-110],[-515,220],[-167,0],[-168,-199],[-11,-807],[-134,-88],[-212,77],[-313,442],[-34,254],[167,310],[-101,464],[-178,77],[-302,-11],[-190,-166],[-269,-44],[-268,132],[-526,542],[-134,-22],[-357,-830],[-201,-309],[-257,-177],[-11,-166],[302,-122],[872,-54],[367,-117],[147,-369],[72,-1286],[-55,-217],[-118,-108],[-258,-18],[-543,272],[-79,-224],[21,-730],[191,-663],[0,-288],[415,-517],[43,-168],[12,-398],[-89,-232],[-213,-22],[-268,99],[-1163,773],[-805,-22],[-984,-233],[-213,77],[-201,531],[0,243],[123,99],[369,-22],[380,89],[190,100],[33,254],[-168,99],[-1420,199],[-782,-78],[-358,-122],[-145,-321],[0,-939],[-89,-210],[-145,-100],[-213,99],[-447,464],[-123,365],[100,210],[369,210],[-313,277],[-515,265],[-167,-100],[-201,-365],[-358,-332],[-391,-99],[-537,10],[-335,-133],[-615,-431],[-156,-243],[0,-232],[392,-288],[528,-59],[136,-204],[-1201,-24],[-302,-133],[-525,-564],[-223,-431],[-246,-277],[-391,-265],[-45,-244],[56,-99],[392,22],[573,301],[216,1],[80,-70],[-120,-309],[-369,-243],[-224,-376],[364,-760],[-598,-445],[-1263,-642],[-111,-166],[56,-155],[123,-121],[609,-258],[6,-294],[-235,-78],[-391,110],[-380,-33],[-44,-719],[-157,-221],[-167,-121],[-448,-111],[-212,-188],[23,-553],[123,-265],[257,-100],[268,56],[201,520],[168,210],[447,55],[145,-110],[-33,-708],[-100,-66],[-313,77],[-246,-100],[-212,-707],[-11,-310],[11,-541],[168,-299],[649,-342],[89,-188],[-78,-155],[-1889,32],[-336,89],[-44,110],[469,476],[-34,155],[-246,265],[-335,77],[-257,-67],[-224,-143],[-112,-277],[-11,-265],[614,-666],[518,-345],[435,-691],[480,56],[514,288],[269,-22],[190,-111],[157,-497],[-157,-287],[-89,-78],[-637,121],[-548,332],[-895,121],[-783,10],[-447,111],[-928,917],[-347,21],[-246,-110],[-67,-144],[727,-574],[146,-166],[45,-287],[0,-343],[-112,-243],[-698,-793],[32,-500],[114,-138],[198,57],[171,356],[179,69],[222,-569],[610,-140],[202,-133],[345,-573],[-221,-1071],[-159,-144],[-93,121],[-100,932],[-162,240],[-108,36],[-88,-102],[-81,-765],[-216,-174],[-532,182],[-89,250],[-142,140],[-266,38],[-104,-69],[-28,-665],[82,-259],[204,-125],[294,-15],[280,-133],[268,-264],[146,-321],[-827,231],[-258,-66],[-111,-199],[11,-476],[-89,-88],[-380,320],[-448,122],[-167,-67],[-45,-641],[-122,-332],[-716,-707],[-760,-189],[-335,133],[33,552],[-928,365],[-134,276],[156,520],[-157,44],[-704,-23],[-145,-199],[11,-431],[-111,-155],[-135,22],[-414,519],[-89,0],[-167,-508],[-392,110],[-436,11],[-894,-410],[-414,-66],[90,-298],[-45,-177],[-760,508],[-738,276],[-324,-12],[-336,-155],[-603,-497],[-335,44],[-504,497],[-89,0],[-134,-642],[-279,89],[-34,210],[-463,769],[-253,258],[-380,22],[-313,-88],[-235,-177],[-22,-166],[123,-221],[447,-155],[157,-143],[-11,-619],[-157,-133],[-245,-33],[-425,375],[-314,564],[-235,121],[-201,-144],[-200,-961],[-179,-476],[-816,287],[56,-431],[-56,-122],[-179,-154],[-480,-56],[-202,-122],[-301,-508],[-369,-343],[-123,55],[-436,563],[-190,-66],[-246,-276],[-22,-177],[123,-929],[-212,-55],[-492,121],[-190,-88],[-67,-155],[94,-639],[-90,-148],[-447,147],[-313,339],[-239,486],[-253,-15],[-358,-383],[-239,88],[-149,310],[0,368],[60,162],[447,163],[44,221],[-59,103],[-388,191],[-254,310],[-179,294],[-105,619],[-223,206],[-358,162],[-268,59],[-224,-44],[-164,-192],[194,-442],[612,-958],[149,-442],[-402,-221],[-417,-89],[-463,280],[-164,221],[-75,531],[74,1017],[-238,574],[-194,192],[-194,59],[-239,-222],[15,-162],[90,-265],[358,-250],[-119,-177],[-581,-281],[-224,0],[-134,221],[-224,973],[-522,383],[-746,73],[-536,-15],[-745,-1253],[-223,-148],[-373,-59],[-760,-281],[-104,295],[327,649],[566,811],[0,191],[-910,619],[-268,73],[-194,-44],[-179,-162],[-536,-693],[-640,-546],[-691,-747],[-464,-311],[-248,24],[-139,114],[1,230],[-109,246],[151,572],[-156,145],[-1064,-2],[-553,184],[-617,-47],[-311,161],[-98,203],[-184,62],[-1121,-367],[-79,137],[7,325],[208,257],[32,213],[-970,172],[-672,-49],[-454,59],[-298,351],[-347,1029],[-27,378],[173,456],[242,95],[494,-4],[190,94],[122,590],[-81,251],[-683,-77],[-312,151],[-1129,-22],[-387,-204],[-58,140],[42,293],[-694,423],[-132,254],[87,225],[501,260],[62,140],[-398,299],[-247,422],[-241,128],[-274,-71],[-348,-567],[-367,-1137],[-93,-70],[-188,25],[-321,338],[-33,255],[82,305],[595,601],[-164,639],[-153,54],[-613,-110],[-40,-143],[229,-306],[-61,-268],[-387,-53],[-396,48],[-198,220],[-155,364],[556,214],[12,113],[-106,117],[-427,82],[-215,121],[-191,528],[-457,-43],[-60,-276],[-402,-164],[-836,-622],[-528,-230],[-276,3],[-480,318],[-318,75],[-824,-127],[-572,-349],[-489,21],[-251,309],[-35,208],[62,160],[794,65],[801,281],[210,177],[18,204],[-196,83],[-381,-176],[-1288,519],[-453,105],[-1995,41],[-277,100],[-200,541],[99,426],[196,2],[221,-326],[195,-131],[161,-10],[121,116],[-99,1204],[-126,181],[-205,10],[-721,-541],[-256,532],[-65,385],[222,274],[787,338],[319,219],[178,329],[-18,530],[-164,308],[-400,181],[-735,74],[-388,-143],[-384,-327],[-43820,-86888]],[[2583585,1853309],[742,897],[63,326],[-176,362],[5,166],[107,163],[247,148],[110,208],[27,312],[325,251],[678,160],[389,535],[405,393],[48,255],[-208,394],[98,208],[1221,15],[952,-382],[433,-29],[574,256],[903,23],[397,264],[1282,392],[2175,21],[486,199],[522,97],[439,-14],[712,-277],[842,73],[1134,-50],[685,-382],[565,-49],[305,47],[728,509],[275,98],[1207,68],[679,-228],[485,-23],[182,67],[369,351],[632,318],[184,3],[286,-146],[340,-15],[550,160],[530,7],[393,-166],[329,-260],[139,-319],[216,-129],[1289,133],[692,-43],[223,-192],[141,-422],[427,-530],[529,-447],[126,-250],[429,-150],[806,373],[625,148],[719,651],[690,213],[312,458],[-68,241],[-282,351],[18,361],[111,140],[278,134],[326,361],[544,301],[567,-437],[384,-93],[258,39],[673,751],[346,976],[409,141],[442,293],[827,854],[643,88],[442,243],[355,22],[164,145],[1028,86],[929,-31],[552,-112],[973,69],[740,-449],[690,-267],[569,-440],[629,-630],[664,-254],[920,143],[668,-194],[659,585],[448,102],[282,-45],[317,-360],[111,-267],[141,-1252],[678,-841],[493,-427],[941,-609],[308,74],[533,813],[916,966],[424,229],[483,9],[393,-160],[560,-17],[593,-280],[616,-122],[381,-494],[144,-573],[-64,-480],[-383,-289],[-73,-524],[98,-658],[526,-1341],[68,-884],[412,-464],[645,-295],[482,-361],[584,-527],[155,-307],[1581,-1222],[393,-93],[299,260],[230,-4],[259,-811],[290,-502],[9,-410],[-464,-573],[-239,-1067],[-547,-612],[-27,-423],[90,-318],[548,-628],[1805,-1471],[96,-489],[284,-416],[648,-767],[588,-535],[317,-528],[470,-104],[203,372],[309,62],[970,-982],[251,-1302],[222,-606],[310,-491],[104,-513],[-277,-609],[79,-501],[0,-1023],[-197,-410],[-13,-504],[-170,-462],[4,-417],[138,-292],[1070,-1205],[951,-123],[420,-246],[489,-513],[237,-374],[85,-894],[120,-668],[141,-305],[6,-453],[152,-776],[884,-942],[508,-426],[250,-399],[236,-71],[612,45],[191,-120],[77,-294],[-112,-787],[-204,-99],[-476,-16],[-84,-137],[21,-225],[367,-111],[395,155],[259,-6],[118,-105],[124,-364],[447,-110],[71,-385],[105,-122],[1321,16],[90,-405],[540,-351],[245,-456],[772,-39],[807,-194],[-54,-539],[282,-518],[289,-297],[336,-537],[-160,-962],[-220,-343],[-1,-513],[-199,-59],[-371,59],[-59,-154],[50,-412],[128,-220],[584,114],[230,-192],[123,-976],[-66,-130],[-861,-693],[-49,-385],[126,-292],[508,-225],[189,-503],[174,-33],[291,82],[85,-69],[276,-862],[-1,-384],[128,-411],[-32,-340],[291,226],[723,285],[391,380],[222,101],[966,25],[370,113],[325,276],[183,413],[141,963],[69,2035],[-255,1303],[-43,1822],[98,294],[439,446],[-136,740],[-194,504],[-51,953],[-256,405],[-809,420],[-424,318],[-450,742],[-585,748],[-73,222],[28,175],[555,435],[184,283],[-17,229],[-175,222],[-37,1474],[445,780],[101,2241],[360,545],[492,209],[132,281],[-16,537],[271,407],[1230,1120],[313,379],[5,962],[171,286],[603,338],[640,63],[599,444],[404,391],[235,688],[291,402],[912,847],[471,305],[518,120],[457,-1],[853,-362],[1203,-61],[484,229],[531,431],[491,127],[-99,416],[-693,598],[-343,423],[-48,371],[339,818],[497,621],[577,531],[310,517],[124,71],[237,-156],[34,-622],[140,-186],[499,48],[284,257],[633,-41],[147,-145],[22,-456],[126,-394],[359,-725],[421,-580],[2004,-1036],[1518,-331],[1750,-643],[1561,-124],[696,0],[97,58],[-6,-83],[2110,645],[1065,578],[1065,974],[1687,1126],[578,-28],[380,129],[309,-35],[231,-129],[922,-915],[160,-645],[759,-1022],[54,-1793],[555,-632],[205,-365],[10,-887],[131,-282],[13,-441],[150,-267],[63,-1076],[-96,-335],[-264,-301],[-63,-252],[-31,-2057],[81,-294],[553,-595],[552,-207],[690,-529],[941,-982],[138,-325],[563,-750],[8,-320],[-151,-464],[265,-556],[490,-250],[768,-570],[559,-174],[148,-223],[336,-254],[366,-56],[1392,32],[520,-123],[1310,28],[961,-314],[696,-550],[238,-448],[516,-601],[269,-640],[644,-628],[1608,-837],[486,-460],[121,-349],[7,-1615],[-487,-768],[-63,-642],[843,-912],[422,-911],[148,-539],[442,-601],[-189,-207],[-717,-476],[-1034,-1098],[757,168],[406,218],[406,36],[3542,-73],[333,-36],[885,-725],[701,-290],[1616,-44],[338,145],[334,370],[775,580],[554,37],[295,-109],[1867,-2386],[3060,-2663],[147,-446],[1136,-1351],[225,-382],[350,-85],[317,-245],[634,-146],[416,1],[641,-671],[709,-388],[551,-577],[235,-470],[12,-1595],[379,-329],[518,-739],[242,-162],[410,-19],[734,-236],[223,-443],[-167,-429],[33,-168],[334,-156],[531,-477],[688,-313],[1980,-2063],[489,-407],[658,-278],[660,-742],[93,-284],[-43,-849],[172,-575],[-74,-1725],[66,-1292],[239,-431],[689,-462],[643,-659],[613,-116],[141,-108],[61,-778],[-240,-503],[-7,-772],[341,-544],[135,-519],[365,-270],[650,-144],[1309,61],[1097,-896],[1249,-20],[199,-158],[188,-526],[369,-289],[563,-935],[262,-752],[-44,-674],[-126,-454],[-412,-812],[-434,-297],[-393,-398],[-356,-161],[-357,-670],[-432,-581],[-1376,-1429],[-211,-93],[-527,-15],[-102,-140],[52,-947],[546,-642],[147,-289],[55,-973],[-58,-241],[-222,-339],[-12,-494],[76,-273],[372,-531],[75,-246],[-35,-162],[-391,-302],[-141,-286],[99,-1673],[453,-557],[210,-843],[23,-398],[259,-656],[87,-150],[269,21]],[[3055563,1731154],[-15064,5969],[-11056,4127],[-9944,3372],[-5012,1540],[-4736,1341],[-5231,1339],[-4806,1086],[-3285,619],[-4739,698],[-3026,977],[-3656,256],[-779,-114],[-1399,-384],[-6283,556],[-675,438],[-758,20],[-380,438],[-189,83],[-380,0],[-241,187],[-756,41],[-1490,1604],[-485,333],[-780,83],[-484,354],[-1019,-92],[-225,134],[-379,41],[-569,-125],[-316,250],[-295,520],[-612,479],[-379,63],[-569,-146],[-569,83],[-1286,958],[-337,1020],[-106,584],[0,958],[84,167],[21,625],[-611,479],[-253,541],[-1,375],[148,375],[147,833],[-42,563],[-1392,1874],[-527,250],[-672,-23],[-508,-671],[-948,-63],[-485,-708],[-210,-63],[-590,42],[-148,-125],[-21,-188],[-463,-646],[-464,-375],[-569,-125],[-653,-875],[-1032,-1001],[-548,-291],[-764,-1],[-163,420],[-632,472],[-323,458],[-92,605],[140,541],[28,584],[-211,319],[-337,180],[-196,-41],[-295,-251],[-703,320],[-183,-70],[-379,56],[-183,83],[-379,472],[-745,236],[-492,583],[-182,97],[-998,-14],[-660,402],[-506,861],[-282,750],[-168,97],[-1208,-42],[-563,500],[-800,-1],[-464,320],[-450,652],[-393,55],[-998,-250],[-182,42],[-380,416],[-155,347],[-196,28],[-625,-42],[-200,-222],[-843,-63],[-274,-153],[-344,229],[-197,-125],[-77,35],[-134,298],[-210,111],[-372,-715],[-254,611],[-133,90],[-703,20],[-319,114],[-38,92],[-275,-4],[-374,-150],[-147,-188],[-98,-1190],[-118,-105],[-224,-132],[-260,-14],[-127,84],[-105,243],[-85,14],[-196,-355],[-169,-14],[-232,118],[-63,160],[449,604],[-28,167],[-154,69],[-948,-1194],[-169,166],[0,250],[56,63],[246,-35],[70,229],[-218,243],[-161,35],[-127,-104],[-119,-382],[43,-702],[-106,-139],[-154,-41],[-218,132],[-850,1145],[-106,-104],[99,-222],[-35,-77],[-415,49],[-260,-209],[-63,229],[168,493],[162,181],[-63,125],[-260,-21],[-372,-202],[-373,327],[-168,-49],[21,-236],[780,-396],[-485,-326],[-583,479],[-253,347],[-85,7],[-196,-264],[63,-139],[253,-28],[21,-76],[-70,-132],[-162,-21],[-161,42],[-176,180],[-162,556],[-259,-299],[-422,618],[-134,-56],[-49,-243],[-126,-111],[-77,28],[-296,777],[0,84],[204,104],[-42,69],[-380,188],[-161,-21],[-176,-285],[-147,-77],[-176,14],[-161,174],[21,319],[456,354],[7,167],[-70,42],[-523,-218],[-459,2],[-655,490],[-243,-42],[-52,-406],[-74,-32],[-516,0],[-359,198],[-253,31],[-10,-177],[285,-312],[-11,-84],[-537,-31],[-275,-181],[-162,-10],[-232,52],[-875,645],[26,337],[-432,20],[-253,-31],[-210,-135],[-74,-157],[32,-250],[-158,-31],[-433,437],[-63,448],[-200,250],[31,73],[264,0],[31,125],[-326,42],[-232,333],[-116,-94],[-105,-573],[-254,-199],[-97,85],[-33,369],[-123,174],[-230,66],[-353,-73],[-107,116],[143,268],[445,-51],[89,152],[-46,136],[-235,61],[-233,-56],[-505,-345],[-177,311],[-571,235],[0,83],[295,105],[-43,218],[-295,-114],[-147,-188],[-243,62],[-63,240],[74,510],[160,155],[516,94],[456,428],[-342,84],[-430,-137],[-512,-426],[-344,94],[-200,166],[-21,167],[706,667],[52,73],[-84,135],[-506,-167],[-569,-62],[-548,-313],[-210,-261],[-158,-31],[0,500],[431,406],[42,157],[-221,62],[-558,-625],[-158,-52],[-11,166],[200,355],[0,166],[-168,281],[-221,167],[-148,10],[-421,-906],[-169,21],[53,333],[388,657],[-357,749],[10,897],[400,646],[737,322],[32,73],[-495,0],[-632,-145],[-211,125],[-106,365],[-95,20],[-147,-125],[42,-699],[-263,10],[-127,104],[10,1438],[200,354],[422,42],[21,416],[-317,136],[-294,-594],[-222,-29],[-316,416],[-75,751],[-136,299],[-95,21],[-158,-480],[-253,-10],[-52,62],[105,302],[-21,500],[84,136],[242,73],[-11,167],[-410,219],[-276,576],[-105,-11],[-150,-237],[2,425],[180,338],[0,241],[-80,131],[-436,275],[-485,-73],[42,500],[474,354],[52,146],[-284,312],[-95,11],[-200,-261],[-264,-21],[-147,94],[-158,312],[-624,47],[-116,83],[-286,938],[-274,584],[-116,83],[-411,-84],[-158,136],[81,840],[-310,80],[-85,136],[95,104],[601,0],[31,73],[-781,583],[-1284,10],[-180,354],[-390,135],[-21,250],[-169,354],[159,31],[558,-155],[21,666],[305,125],[21,157],[-916,-74],[-74,146],[31,406],[-711,123],[-215,16],[20,-254],[-163,-75],[-764,-9],[-148,656],[811,-72],[137,162],[-152,55],[-190,323],[21,615],[168,282],[342,271],[21,148],[-332,154],[-190,364],[0,386],[157,342],[-46,64],[-928,41],[-705,-802],[-348,187],[-594,-280],[-238,207],[-169,21],[-137,-198],[95,-375],[-295,125],[-284,10],[126,292],[-137,198],[-601,41],[-74,-313],[141,-221],[101,-526],[-146,18],[-232,104],[-85,584],[-105,135],[-158,73],[-601,20],[-725,-94],[-126,73],[10,511],[-243,-94],[-252,-605],[-127,261],[0,396],[-127,10],[-105,-125],[-42,-344],[-422,-31],[-42,396],[74,-21],[-412,719],[-105,-11],[-74,-260],[-95,-63],[-316,-146],[-95,42],[-232,1031],[179,302],[-158,63],[-412,-73],[-179,93],[-106,344],[200,319],[-236,28],[-426,-395],[-321,-94],[-169,638],[-168,0],[-242,-222],[-84,11],[-23,161],[174,172],[-78,134],[-135,-78],[-202,-361],[-343,211],[-79,-23],[23,-161],[461,-355],[0,-89],[-34,-72],[-447,-96],[-10,-187],[182,-273],[309,-122],[51,-150],[-320,-67],[-428,83],[-311,-170],[-116,125],[179,500],[11,303],[-116,52],[-253,-365],[-264,-188],[-864,187],[-106,125],[32,177],[179,178],[411,208],[169,188],[-53,271],[-338,583],[-21,178],[337,239],[53,157],[-253,135],[-570,10],[-189,-146],[274,-187],[10,-115],[-126,-73],[-485,187],[-211,188],[-53,260],[42,230],[464,719],[158,407],[356,183],[674,39],[1040,-538],[175,-10],[137,139],[42,323],[-749,1000],[-32,469],[-864,469],[-116,0],[-696,-699],[-359,427],[-126,698],[-254,240],[-537,125],[-728,-345],[-495,-406],[-611,-303],[-485,177],[-338,458],[-327,-73],[-305,-260],[-180,-11],[-84,31],[-232,490],[-106,21],[-105,-32],[-137,-239],[-485,-74],[-611,442],[-359,16],[-274,396],[-675,10],[-21,282],[147,125],[390,63],[41,68],[-1053,-142],[-1001,-344],[-1961,19],[-411,146],[-384,-46],[-883,64],[-196,150],[-253,527],[-366,328],[-68,489],[-157,38],[-337,-233],[-500,72],[-545,-162],[-169,267],[62,406],[-74,144],[-151,55],[-343,-16],[-90,-145],[461,-555],[6,-167],[-73,-33],[-321,66],[-534,256],[-741,-106],[-780,523],[-359,-42],[-28,-163],[155,-197],[464,-131],[-79,-273],[-275,-201],[-1110,110],[-522,650],[-415,122],[-276,-54],[69,-355],[346,-205],[55,-164],[-55,-123],[-444,1],[-806,-326],[-311,-181],[-304,-533],[-562,-150],[-95,-217],[28,-744],[-84,-317],[-152,11],[-27,660],[-316,112],[-236,-44],[-11,-228],[183,-170],[-52,-552],[-304,-218],[-85,-155],[231,-77],[126,-151],[-1018,-28],[-1021,-1090],[-222,243],[17,856],[-335,-64],[-193,-178],[-96,-560],[-166,-259],[-180,-137],[-538,-123],[-111,-191],[139,-300],[323,-164],[598,-15],[-9,-121],[-760,-301],[-649,-656],[28,-273],[180,-191],[55,-191],[-10,-241],[-78,-39],[-202,102],[-138,328],[-42,423],[-97,123],[-110,-55],[-111,-505],[-328,-157],[-259,179],[-209,355],[11,834],[-354,644],[-85,-6],[-147,-224],[-702,108],[-138,-55],[284,-531],[-207,-336],[-255,-206],[-141,-18],[-302,149],[-193,-55],[-71,-328],[151,-270],[-314,-235],[-375,-92],[-330,105],[56,324],[-125,390],[28,156],[272,-34],[105,34],[73,145],[-23,161],[-151,61],[-253,-12],[-304,-144],[-163,5],[-66,120],[229,498],[-38,166],[198,366],[-111,147],[-191,-194],[-283,-75],[-216,-662],[-529,-383],[-235,-456],[14,-368],[167,-292],[-483,144],[-226,337],[65,448],[76,140],[273,187],[-13,230],[-171,46],[-196,-233],[-691,299],[-399,-277],[22,-145],[684,-415],[48,-159],[-113,-289],[-274,-242],[-264,-19],[-249,-126],[-117,-916],[-298,-106],[-90,122],[118,739],[-130,194],[-371,189],[-95,128],[-18,176],[221,504],[-151,432],[8,213],[-159,203],[-104,0],[-864,-859],[169,-370],[555,-600],[-28,-250],[-297,-266],[-310,99],[-517,511],[-416,-17],[-309,-278],[-117,-739],[-107,-116],[-18963,-5866],[-81546,-26239],[-1180,-459]]]}
